# Blender 5.1.1
# www.blender.org
mtllib Helix2.mtl
o balloon.001
v -0.350972 3.125391 0.348982
v -0.337392 3.731816 0.251024
v -0.669999 3.125392 -0.234150
v -0.634921 3.729825 -0.123716
v -0.242465 3.125391 0.289507
v -0.318869 3.728754 0.193176
v -0.615483 3.125392 -0.282497
v -0.623999 3.729825 -0.167835
v -0.438861 1.135025 0.253248
v -0.593833 1.184762 -0.167075
v -0.372967 1.135025 0.253248
v -0.551785 1.184762 -0.167075
v -0.469289 0.780557 0.122047
v -0.549716 0.772396 -0.077841
v -0.431493 0.779089 0.122474
v -0.526696 0.780268 -0.074781
v -0.517523 3.114231 0.167738
v -0.591601 3.125392 0.043924
v -0.535636 3.725009 0.038668
v -0.466031 3.733359 0.137621
v -0.443070 3.125392 -0.037487
v -0.368994 3.114230 0.086325
v -0.398301 3.728251 0.064201
v -0.493813 3.729825 -0.024300
v -0.522141 1.157065 0.095016
v -0.583810 1.172744 -0.033808
v -0.486172 1.172744 -0.033808
v -0.438044 1.171275 0.085241
v -0.543332 0.781177 -0.022852
v -0.490954 0.777543 0.071321
v -0.503680 0.777473 -0.020281
v -0.461734 0.776734 0.047763
v -0.339850 3.419244 0.330359
v -0.650466 3.427640 -0.216801
v -0.614745 3.427640 -0.255381
v -0.259043 3.422307 0.271292
v -0.355838 3.421142 0.091055
v -0.449490 3.427641 -0.035429
v -0.587125 3.427640 0.040011
v -0.493474 3.421142 0.166494
v -0.481034 0.691911 -0.117879
v -0.578681 0.687993 -0.090432
v -0.516455 0.685205 0.161861
v -0.418807 0.689122 0.134412
v -0.629502 0.684407 0.002871
v -0.603728 0.683251 0.107377
v -0.393759 0.693866 -0.063393
v -0.367985 0.692710 0.041110
v -0.474679 0.477320 -0.121677
v -0.572283 0.473395 -0.094454
v -0.510562 0.470662 0.157731
v -0.412959 0.474587 0.130506
v -0.623219 0.469821 -0.001339
v -0.597655 0.468688 0.103119
v -0.387585 0.479296 -0.067067
v -0.362019 0.478163 0.037391
v -0.409983 0.938001 0.189933
v -0.548297 0.933165 -0.142181
v -0.575450 0.933165 -0.140084
v -0.462653 0.938001 0.189933
v -0.567229 0.959605 -0.042784
v -0.505147 0.949046 0.085937
v -0.447594 0.960339 0.070024
v -0.496663 0.959605 -0.042784
v -0.311763 2.129664 0.268955
v -0.581233 2.146032 -0.229157
v -0.421502 2.129665 0.305248
v -0.622191 2.146031 -0.188450
v -0.586146 2.141631 0.013458
v -0.519831 2.135648 0.131376
v -0.403519 2.142753 0.085783
v -0.463063 2.141632 -0.027249
v -0.409356 3.910476 0.135033
v -0.537404 3.910476 -0.024567
v -0.399554 3.910476 0.098906
v -0.532794 3.910476 -0.043188
v -0.493308 3.939521 0.035174
v -0.451853 3.938757 0.086378
v -0.442054 3.938757 0.050251
v -0.482365 3.939422 0.012898
v -0.432963 0.721038 0.040651
v -0.435956 0.717140 0.104068
v -0.484414 0.717803 0.115385
v -0.552899 0.716876 -0.068941
v -0.567719 0.716332 -0.007225
v -0.466063 0.723874 -0.028584
v -0.532729 0.716872 0.077356
v -0.505089 0.721266 -0.074305
v -0.447159 0.749195 0.044740
v -0.548312 0.748505 -0.019831
v -0.488093 0.751900 -0.022795
v -0.511841 0.747207 0.074339
v -0.515021 0.749072 -0.071555
v -0.437911 0.744663 0.109047
v -0.476849 0.749181 0.118715
v -0.551308 0.744635 -0.073391
v -0.480046 0.392050 -0.064395
v -0.536668 0.389774 -0.048603
v -0.500863 0.388188 0.097696
v -0.444239 0.390465 0.081902
v -0.566218 0.387700 0.005415
v -0.551387 0.387044 0.066013
v -0.429520 0.393197 -0.032715
v -0.414689 0.392540 0.027883
v -0.478970 0.212489 -0.065081
v -0.535592 0.210211 -0.049285
v -0.499785 0.208626 0.097012
v -0.443164 0.210904 0.081218
v -0.565142 0.208138 0.004730
v -0.550311 0.207481 0.065330
v -0.428446 0.213635 -0.033400
v -0.413613 0.212979 0.027198
v -0.488089 3.834623 -0.005701
v -0.578398 3.820148 -0.105511
v -0.420176 3.833505 0.057224
v -0.458943 3.836059 0.112000
v -0.514472 3.832263 0.036921
v -0.359212 3.819613 0.146042
v -0.373374 3.821146 0.193030
v -0.586163 3.820149 -0.074142
v -2.634516 0.269994 0.184577
v -2.646744 0.300612 -0.123065
v -1.880784 0.216006 0.238007
v -1.922602 0.251606 -0.162333
v -2.645560 0.323894 0.062768
v -1.898873 0.273933 0.053688
v -2.642562 -0.066137 0.268521
v -2.654742 0.210140 0.239347
v -1.891837 -0.167579 0.265847
v -1.910868 0.233332 0.218989
v -2.648452 0.064427 0.296503
v -1.901150 0.025302 0.284988
v -2.644437 -0.309596 0.023749
v -2.672282 -0.188779 0.272658
v -1.895720 -0.245904 -0.072432
v -1.938012 -0.066554 0.287196
v -2.652709 -0.291358 0.155900
v -1.911214 -0.198400 0.115078
v -2.602233 -0.070459 -0.312305
v -2.633559 -0.277337 -0.129142
v -1.853162 0.033894 -0.268836
v -1.900527 -0.263692 0.000394
v -2.611966 -0.192723 -0.259192
v -1.870913 -0.133725 -0.172689
v -2.665917 0.301888 -0.215390
v -2.703414 0.069692 -0.317832
v -1.965474 0.201426 -0.111269
v -1.968756 -0.036269 -0.259927
v -2.683127 0.222929 -0.292432
v -1.940816 0.174620 -0.210221
v -1.853060 -0.000437 -0.400082
v -1.277356 -0.000437 -0.400082
v -1.853060 -0.129248 -0.379681
v -1.277356 -0.129248 -0.379681
v -1.853060 -0.245446 -0.320475
v -1.277358 -0.245446 -0.320474
v -1.853060 -0.337665 -0.228257
v -1.277356 -0.337665 -0.228257
v -1.853060 -0.396873 -0.112056
v -1.277356 -0.396873 -0.112056
v -1.853060 -0.417274 0.016753
v -1.277356 -0.417274 0.016756
v -1.853060 -0.396873 0.145565
v -1.277356 -0.396873 0.145565
v -1.853060 -0.337665 0.261766
v -1.277356 -0.337665 0.261766
v -1.853060 -0.245446 0.353984
v -1.277356 -0.245446 0.353982
v -1.853060 -0.129247 0.413192
v -1.277358 -0.129245 0.413192
v -1.853060 -0.000436 0.433593
v -1.277358 -0.000436 0.433593
v -1.853060 0.128375 0.413192
v -1.277356 0.128375 0.413192
v -1.853059 0.244576 0.353982
v -1.277356 0.244575 0.353984
v -1.853060 0.336793 0.261766
v -1.277356 0.336793 0.261766
v -1.853060 0.396002 0.145565
v -1.277356 0.396001 0.145565
v -1.853060 0.416403 0.016756
v -1.277356 0.416402 0.016756
v -1.853059 0.396001 -0.112056
v -1.277356 0.396001 -0.112056
v -1.853060 0.336793 -0.228257
v -1.277358 0.336793 -0.228257
v -1.853060 0.244574 -0.320475
v -1.277356 0.244574 -0.320475
v -1.853060 0.128373 -0.379681
v -1.277356 0.128373 -0.379683
v -1.200709 -0.000441 -0.657130
v -1.200711 -0.208685 -0.624146
v -1.200709 -0.396542 -0.528428
v -1.200709 -0.545625 -0.379343
v -1.200711 -0.641347 -0.191484
v -1.200709 -0.674329 0.016756
v -1.200711 -0.641347 0.225000
v -1.200711 -0.545625 0.412857
v -1.200709 -0.396541 0.561943
v -1.200709 -0.208682 0.657661
v -1.200709 -0.000440 0.690642
v -1.200709 0.207802 0.657661
v -1.200711 0.395661 0.561943
v -1.200709 0.544745 0.412857
v -1.200709 0.640464 0.225000
v -1.200711 0.673445 0.016756
v -1.200709 0.640464 -0.191487
v -1.200709 0.544745 -0.379344
v -1.200711 0.395660 -0.528428
v -1.200711 0.207800 -0.624147
v -0.831395 -0.000443 -0.630075
v -0.831393 -0.200325 -0.598418
v -0.831393 -0.380642 -0.506543
v -0.831395 -0.523744 -0.363441
v -0.831393 -0.615617 -0.183124
v -0.831395 -0.647275 0.016758
v -0.831393 -0.615617 0.216641
v -0.831395 -0.523744 0.396957
v -0.831393 -0.380641 0.540056
v -0.831393 -0.200324 0.631933
v -0.831393 -0.000442 0.663591
v -0.831393 0.199442 0.631933
v -0.831395 0.379758 0.540056
v -0.831393 0.522858 0.396955
v -0.831395 0.614733 0.216640
v -0.831393 0.646392 0.016758
v -0.831393 0.614734 -0.183126
v -0.831393 0.522858 -0.363441
v -0.831395 0.379758 -0.506541
v -0.831393 0.199440 -0.598420
v -0.733836 -0.000443 -0.556485
v -0.733836 -0.177586 -0.528429
v -0.733836 -0.337386 -0.447007
v -0.733836 -0.464208 -0.320187
v -0.733836 -0.545629 -0.160386
v -0.733838 -0.573686 0.016758
v -0.733836 -0.545629 0.193899
v -0.733836 -0.464208 0.353700
v -0.733836 -0.337386 0.480520
v -0.733836 -0.177583 0.561945
v -0.733838 -0.000442 0.590000
v -0.733836 0.176699 0.561945
v -0.733836 0.336501 0.480520
v -0.733838 0.463321 0.353700
v -0.733836 0.544745 0.193899
v -0.733836 0.572800 0.016758
v -0.733836 0.544745 -0.160387
v -0.733836 0.463322 -0.320187
v -0.733838 0.336501 -0.447007
v -0.733836 0.176698 -0.528429
v -0.754742 -0.000442 -0.420676
v -0.754742 -0.135615 -0.399266
v -0.754744 -0.257558 -0.337133
v -0.754742 -0.354334 -0.240359
v -0.754742 -0.416465 -0.118416
v -0.754744 -0.437875 0.016758
v -0.754744 -0.416465 0.151933
v -0.754744 -0.354333 0.273874
v -0.754742 -0.257558 0.370649
v -0.754742 -0.135616 0.432784
v -0.754742 -0.000442 0.454191
v -0.754742 0.134732 0.432781
v -0.754744 0.256674 0.370647
v -0.754742 0.353449 0.273874
v -0.754742 0.415581 0.151931
v -0.754742 0.436991 0.016758
v -0.754744 0.415581 -0.118416
v -0.754744 0.353449 -0.240359
v -0.754742 0.256674 -0.337132
v -0.754742 0.134732 -0.399266
v -0.935916 -0.000440 -0.337641
v -0.935916 -0.109956 -0.320293
v -0.935916 -0.208751 -0.269955
v -0.935916 -0.287154 -0.191552
v -0.935916 -0.337493 -0.092757
v -0.935916 -0.354839 0.016758
v -0.935914 -0.337493 0.126275
v -0.935916 -0.287154 0.225070
v -0.935914 -0.208749 0.303473
v -0.935916 -0.109956 0.353811
v -0.935916 -0.000440 0.371156
v -0.935916 0.109074 0.353811
v -0.935916 0.207869 0.303472
v -0.935916 0.286273 0.225067
v -0.935916 0.336612 0.126275
v -0.935916 0.353957 0.016758
v -0.935916 0.336612 -0.092759
v -0.935916 0.286274 -0.191552
v -0.935916 0.207869 -0.269955
v -0.935916 0.109074 -0.320293
v -0.926514 -0.000436 -0.250309
v -0.926514 -0.082963 -0.237237
v -0.926514 -0.157413 -0.199303
v -0.926514 -0.216497 -0.140221
v -0.926514 -0.254430 -0.065770
v -0.926514 -0.267501 0.016758
v -0.926514 -0.254430 0.099286
v -0.926514 -0.216497 0.173732
v -0.926514 -0.157413 0.232816
v -0.926514 -0.082963 0.270752
v -0.926514 -0.000436 0.283823
v -0.926516 0.082091 0.270752
v -0.926516 0.156541 0.232816
v -0.926514 0.215625 0.173732
v -0.926514 0.253558 0.099286
v -0.926514 0.266630 0.016758
v -0.926516 0.253558 -0.065773
v -0.926514 0.215625 -0.140221
v -0.926516 0.156542 -0.199303
v -0.926514 0.082091 -0.237237
v -0.596167 -0.000436 -0.250309
v -0.596165 -0.082963 -0.237237
v -0.596165 -0.157413 -0.199303
v -0.596165 -0.216497 -0.140221
v -0.596167 -0.254430 -0.065770
v -0.596167 -0.267503 0.016758
v -0.596165 -0.254430 0.099286
v -0.596165 -0.216497 0.173732
v -0.596165 -0.157413 0.232816
v -0.596167 -0.082963 0.270752
v -0.596167 -0.000436 0.283823
v -0.596165 0.082092 0.270752
v -0.596165 0.156541 0.232816
v -0.596167 0.215625 0.173732
v -0.596165 0.253558 0.099286
v -0.596165 0.266630 0.016758
v -0.596167 0.253558 -0.065773
v -0.596165 0.215625 -0.140221
v -0.596165 0.156542 -0.199303
v -0.596165 0.082091 -0.237237
v -0.530909 -0.000432 -0.214199
v -0.530909 -0.071801 -0.202896
v -0.530911 -0.136186 -0.170090
v -0.530909 -0.187282 -0.118994
v -0.530909 -0.220086 -0.054612
v -0.530909 -0.231391 0.016759
v -0.530911 -0.220086 0.088130
v -0.530909 -0.187282 0.152514
v -0.530909 -0.136186 0.203608
v -0.530909 -0.071801 0.236414
v -0.530911 -0.000432 0.247718
v -0.530911 0.070939 0.236414
v -0.530909 0.135322 0.203608
v -0.530909 0.186418 0.152512
v -0.530909 0.219224 0.088130
v -0.530909 0.230527 0.016758
v -0.530909 0.219224 -0.054613
v -0.530909 0.186418 -0.118994
v -0.530909 0.135323 -0.170090
v -0.530909 0.070939 -0.202896
v -0.367777 -0.000431 -0.214199
v -0.367777 -0.071801 -0.202896
v -0.367777 -0.136186 -0.170090
v -0.367777 -0.187282 -0.118994
v -0.367777 -0.220086 -0.054612
v -0.367777 -0.231389 0.016759
v -0.367776 -0.220086 0.088130
v -0.367778 -0.187282 0.152514
v -0.367778 -0.136186 0.203608
v -0.367776 -0.071801 0.236414
v -0.367776 -0.000431 0.247718
v -0.367778 0.070939 0.236414
v -0.367778 0.135322 0.203608
v -0.367778 0.186418 0.152512
v -0.367778 0.219224 0.088130
v -0.367777 0.230528 0.016758
v -0.367777 0.219224 -0.054613
v -0.367777 0.186418 -0.118996
v -0.367777 0.135323 -0.170090
v -0.367777 0.070939 -0.202898
v -0.330395 -0.000432 -0.133036
v -0.330395 -0.046720 -0.125704
v -0.330397 -0.088477 -0.104428
v -0.330395 -0.121616 -0.071289
v -0.330395 -0.142892 -0.029531
v -0.330395 -0.150224 0.016757
v -0.330395 -0.142892 0.063044
v -0.330397 -0.121618 0.104801
v -0.330395 -0.088477 0.137941
v -0.330395 -0.046720 0.159216
v -0.330395 -0.000432 0.166549
v -0.330397 0.045855 0.159216
v -0.330397 0.087613 0.137941
v -0.330395 0.120751 0.104804
v -0.330397 0.142028 0.063045
v -0.330395 0.149359 0.016757
v -0.330397 0.142028 -0.029531
v -0.330397 0.120751 -0.071288
v -0.330395 0.087612 -0.104428
v -0.330395 0.045855 -0.125704
v -0.248826 -0.000432 -0.133036
v -0.248828 -0.046720 -0.125704
v -0.248828 -0.088477 -0.104428
v -0.248828 -0.121618 -0.071289
v -0.248826 -0.142892 -0.029531
v -0.248828 -0.150224 0.016757
v -0.248828 -0.142892 0.063044
v -0.248828 -0.121618 0.104801
v -0.248828 -0.088477 0.137941
v -0.248828 -0.046720 0.159216
v -0.248828 -0.000432 0.166547
v -0.248828 0.045855 0.159216
v -0.248828 0.087613 0.137941
v -0.248828 0.120751 0.104804
v -0.248828 0.142028 0.063045
v -0.248828 0.149359 0.016757
v -0.248828 0.142028 -0.029531
v -0.248828 0.120751 -0.071289
v -0.248826 0.087612 -0.104428
v -0.248828 0.045855 -0.125704
v -2.128325 0.016044 -0.249871
v -2.128325 -0.066350 -0.236821
v -2.128325 -0.140678 -0.198951
v -2.128325 -0.199662 -0.139964
v -2.128325 -0.237535 -0.065637
v -2.128325 -0.250585 0.016758
v -2.128325 -0.237535 0.099149
v -2.128325 -0.199664 0.173476
v -2.128325 -0.140676 0.232463
v -2.128325 -0.066350 0.270335
v -2.128325 0.016043 0.283385
v -2.128325 0.098435 0.270335
v -2.128325 0.172763 0.232463
v -2.128325 0.231749 0.173476
v -2.128325 0.269623 0.099149
v -2.128325 0.282672 0.016757
v -2.128325 0.269623 -0.065637
v -2.128325 0.231749 -0.139964
v -2.128325 0.172763 -0.198951
v -2.128325 0.098435 -0.236821
v -3.292994 0.016040 0.016759
v -2.101704 -0.342157 0.127786
v -2.101706 -0.359744 0.016753
v -2.101702 0.110598 0.358479
v -2.101706 -0.000434 0.376062
v -2.101704 0.341288 -0.094279
v -2.101704 0.358874 0.016756
v -2.101706 -0.342157 -0.094276
v -2.101704 -0.291122 -0.194442
v -2.101704 -0.111467 0.358479
v -2.101704 -0.211631 0.307441
v -2.101706 0.341288 0.127786
v -2.101704 0.290252 0.227951
v -2.101704 0.110597 -0.324966
v -2.101704 0.210761 -0.273932
v -2.101704 -0.211631 -0.273931
v -2.101704 -0.111467 -0.324966
v -2.101704 -0.291122 0.227951
v -2.101704 0.210761 0.307441
v -2.101704 0.290252 -0.194444
v -2.101704 -0.000434 -0.342555
v -2.339776 -0.181165 -0.047317
v -2.339776 -0.151712 -0.105121
v -2.339776 0.080113 -0.180446
v -2.339776 0.137916 -0.150991
v -2.339774 0.137915 0.184507
v -2.339774 0.080114 0.213960
v -2.339776 -0.191312 0.016758
v -2.339776 0.016038 -0.190595
v -2.339776 0.183789 0.138635
v -2.339774 -0.181163 0.080833
v -2.339778 0.213240 0.080833
v -2.339778 -0.151712 0.138635
v -2.339776 0.223389 0.016757
v -2.339778 -0.105840 0.184507
v -2.339776 -0.048036 -0.180446
v -2.339776 0.213240 -0.047318
v -2.339776 -0.048036 0.213960
v -2.339776 -0.105840 -0.150991
v -2.339776 0.183789 -0.105121
v -2.339774 0.016039 0.224109
v -1.601887 -0.000437 -0.400082
v -1.601886 -0.129245 -0.379681
v -1.601887 -0.245446 -0.320475
v -1.601887 -0.337665 -0.228257
v -1.601887 -0.396873 -0.112056
v -1.601887 -0.417274 0.016753
v -1.601886 -0.396873 0.145565
v -1.601887 -0.337665 0.261766
v -1.601887 -0.245446 0.353984
v -1.601887 -0.129247 0.413190
v -1.601887 -0.000436 0.433593
v -1.601887 0.128375 0.413190
v -1.601887 0.244575 0.353982
v -1.601887 0.336793 0.261766
v -1.601886 0.396001 0.145565
v -1.601887 0.416403 0.016756
v -1.601887 0.396001 -0.112056
v -1.601887 0.336793 -0.228257
v -1.601887 0.244574 -0.320475
v -1.601887 0.128373 -0.379681
v -1.676743 -0.093824 -0.270675
v -1.676743 -0.178075 -0.227747
v -1.676743 -0.244935 -0.160888
v -1.676743 -0.287864 -0.076638
v -1.676743 -0.302655 0.016756
v -1.676743 -0.287864 0.110147
v -1.676743 -0.244935 0.194397
v -1.676743 -0.178075 0.261259
v -1.676743 -0.093824 0.304185
v -1.676743 -0.000432 0.318978
v -1.676743 0.092959 0.304185
v -1.676743 0.177210 0.261259
v -1.676743 0.244071 0.194396
v -1.676743 0.286998 0.110147
v -1.676743 0.301789 0.016756
v -1.676743 0.286998 -0.076638
v -1.676743 0.244069 -0.160888
v -1.676743 0.177209 -0.227747
v -1.676743 0.092957 -0.270675
v -1.676743 -0.000433 -0.285468
v -1.749102 -0.093824 -0.270677
v -1.749102 -0.178075 -0.227747
v -1.749102 -0.244935 -0.160888
v -1.749102 -0.287864 -0.076638
v -1.749102 -0.302655 0.016753
v -1.749102 -0.287864 0.110147
v -1.749102 -0.244935 0.194397
v -1.749102 -0.178075 0.261256
v -1.749102 -0.093824 0.304185
v -1.749104 -0.000432 0.318977
v -1.749104 0.092959 0.304185
v -1.749104 0.177210 0.261256
v -1.749102 0.244070 0.194396
v -1.749102 0.286998 0.110147
v -1.749102 0.301789 0.016756
v -1.749102 0.286998 -0.076638
v -1.749102 0.244069 -0.160888
v -1.749102 0.177209 -0.227747
v -1.749102 0.092958 -0.270675
v -1.749102 -0.000433 -0.285468
v -0.142661 -0.000459 -0.263859
v -0.142661 -0.087175 -0.250124
v -0.142663 -0.165403 -0.210266
v -0.142661 -0.227485 -0.148181
v -0.142661 -0.267343 -0.069956
v -0.142661 -0.281078 0.016761
v -0.142661 -0.267343 0.103476
v -0.142663 -0.227485 0.181705
v -0.142663 -0.165403 0.243785
v -0.142661 -0.087175 0.283643
v -0.142661 -0.000459 0.297379
v -0.142661 0.086257 0.283643
v -0.142661 0.164485 0.243785
v -0.142661 0.226567 0.181705
v -0.142663 0.266425 0.103476
v -0.142663 0.280160 0.016761
v -0.142663 0.266425 -0.069956
v -0.142661 0.226567 -0.148181
v -0.142661 0.164485 -0.210266
v -0.142661 0.086257 -0.250124
v -0.007439 -0.000459 -0.263859
v -0.007439 -0.087175 -0.250122
v -0.007439 -0.165403 -0.210266
v -0.007439 -0.227485 -0.148181
v -0.007439 -0.267343 -0.069956
v -0.007439 -0.281080 0.016761
v -0.007439 -0.267343 0.103476
v -0.007439 -0.227485 0.181705
v -0.007439 -0.165403 0.243785
v -0.007439 -0.087175 0.283643
v -0.007437 -0.000459 0.297379
v -0.007439 0.086257 0.283643
v -0.007439 0.164485 0.243785
v -0.007439 0.226567 0.181704
v -0.007439 0.266425 0.103476
v -0.007439 0.280160 0.016761
v -0.007439 0.266425 -0.069958
v -0.007439 0.226567 -0.148181
v -0.007439 0.164485 -0.210266
v -0.007439 0.086257 -0.250124
v -0.350972 -0.332657 3.142574
v -0.337392 -0.234699 3.749001
v -0.669999 0.250474 3.142576
v -0.634921 0.140040 3.747009
v -0.242465 -0.273184 3.142575
v -0.318870 -0.176853 3.745937
v -0.615482 0.298823 3.142576
v -0.624002 0.184159 3.747009
v -0.438861 -0.236923 1.152210
v -0.593835 0.183398 1.201946
v -0.372968 -0.236923 1.152209
v -0.551787 0.183398 1.201946
v -0.469289 -0.105722 0.797742
v -0.549718 0.094166 0.789579
v -0.431493 -0.106149 0.796274
v -0.526696 0.091105 0.797453
v -0.517522 -0.151413 3.131415
v -0.591602 -0.027599 3.142575
v -0.535636 -0.022342 3.742191
v -0.466031 -0.121296 3.750544
v -0.443071 0.053813 3.142575
v -0.368995 -0.069999 3.131414
v -0.398301 -0.047876 3.745436
v -0.493814 0.040625 3.747009
v -0.522141 -0.078693 1.174249
v -0.583810 0.050132 1.189928
v -0.486173 0.050131 1.189928
v -0.438045 -0.068916 1.188459
v -0.543332 0.039177 0.798360
v -0.490954 -0.054996 0.794727
v -0.503682 0.036606 0.794658
v -0.461734 -0.031438 0.793919
v -0.339851 -0.314031 3.436426
v -0.650464 0.233125 3.444824
v -0.614747 0.271704 3.444824
v -0.259044 -0.254968 3.439491
v -0.355840 -0.074730 3.438324
v -0.449491 0.051754 3.444824
v -0.587123 -0.023687 3.444824
v -0.493474 -0.150171 3.438327
v -0.481032 0.134205 0.709097
v -0.578681 0.106757 0.705177
v -0.516455 -0.145536 0.702388
v -0.418807 -0.118089 0.706306
v -0.629500 0.013454 0.701591
v -0.603728 -0.091051 0.700435
v -0.393759 0.079718 0.711051
v -0.367986 -0.024785 0.709894
v -0.474679 0.138003 0.494505
v -0.572282 0.110778 0.490580
v -0.510560 -0.141406 0.487848
v -0.412957 -0.114181 0.491771
v -0.623219 0.017663 0.487003
v -0.597653 -0.086795 0.485872
v -0.387585 0.083392 0.496481
v -0.362021 -0.021066 0.495348
v -0.409983 -0.173608 0.955185
v -0.548295 0.158507 0.950348
v -0.575452 0.156407 0.950348
v -0.462655 -0.173608 0.955185
v -0.567229 0.059109 0.976789
v -0.505147 -0.069612 0.966230
v -0.447594 -0.053699 0.977523
v -0.496663 0.059109 0.976789
v -0.311763 -0.252630 2.146849
v -0.581233 0.245481 2.163216
v -0.421500 -0.288923 2.146849
v -0.622189 0.204775 2.163216
v -0.586146 0.002865 2.158817
v -0.519832 -0.115053 2.152832
v -0.403520 -0.069458 2.159937
v -0.463065 0.043572 2.158815
v -0.409356 -0.118707 3.927658
v -0.537404 0.040892 3.927660
v -0.399555 -0.082582 3.927658
v -0.532794 0.059511 3.927658
v -0.493306 -0.018848 3.956703
v -0.451854 -0.070051 3.955940
v -0.442054 -0.033926 3.955940
v -0.482364 0.003427 3.956604
v -0.432963 -0.024326 0.738223
v -0.435958 -0.087745 0.734324
v -0.484412 -0.099060 0.734987
v -0.552899 0.085267 0.734060
v -0.567717 0.023551 0.733516
v -0.466063 0.044907 0.741056
v -0.532729 -0.061031 0.734056
v -0.505089 0.090628 0.738451
v -0.447159 -0.028417 0.766378
v -0.548312 0.036156 0.765689
v -0.488093 0.039120 0.769086
v -0.511841 -0.058013 0.764391
v -0.515021 0.087879 0.766256
v -0.437909 -0.092721 0.761848
v -0.476849 -0.102390 0.766366
v -0.551308 0.089716 0.761819
v -0.480046 0.080722 0.409237
v -0.536668 0.064928 0.406960
v -0.500861 -0.081369 0.405372
v -0.444239 -0.065576 0.407650
v -0.566218 0.010911 0.404884
v -0.551387 -0.049690 0.404228
v -0.429520 0.049040 0.410381
v -0.414689 -0.011558 0.409723
v -0.478970 0.081406 0.229673
v -0.535592 0.065612 0.227396
v -0.499785 -0.080686 0.225811
v -0.443164 -0.064891 0.228088
v -0.565142 0.011594 0.225322
v -0.550309 -0.049005 0.224664
v -0.428445 0.049724 0.230819
v -0.413613 -0.010873 0.230164
v -0.488090 0.022026 3.851807
v -0.578399 0.121836 3.837334
v -0.420179 -0.040901 3.850689
v -0.458944 -0.095674 3.853244
v -0.514472 -0.020595 3.849449
v -0.359212 -0.129717 3.836798
v -0.373374 -0.176704 3.838329
v -0.586164 0.090466 3.837334
v -0.350971 0.331797 -3.109066
v -0.337391 0.233839 -3.715490
v -0.669998 -0.251335 -3.109066
v -0.634920 -0.140901 -3.713499
v -0.242466 0.272322 -3.109066
v -0.318869 0.175991 -3.712428
v -0.615481 -0.299684 -3.109067
v -0.624001 -0.185020 -3.713499
v -0.438860 0.236063 -1.118700
v -0.593832 -0.184260 -1.168436
v -0.372967 0.236063 -1.118700
v -0.551785 -0.184260 -1.168436
v -0.469288 0.104862 -0.764233
v -0.549715 -0.095026 -0.756071
v -0.431492 0.105289 -0.762764
v -0.526696 -0.091967 -0.763945
v -0.517523 0.150551 -3.097905
v -0.591599 0.026739 -3.109066
v -0.535635 0.021482 -3.708683
v -0.466030 0.120436 -3.717034
v -0.443070 -0.054674 -3.109066
v -0.368992 0.069140 -3.097905
v -0.398300 0.047016 -3.711926
v -0.493813 -0.041487 -3.713499
v -0.522139 0.077831 -1.140739
v -0.583807 -0.050993 -1.156418
v -0.486172 -0.050993 -1.156418
v -0.438042 0.068055 -1.154950
v -0.543332 -0.040037 -0.764853
v -0.490952 0.054136 -0.761217
v -0.503680 -0.037466 -0.761148
v -0.461731 0.030578 -0.760408
v -0.339850 0.313172 -3.402918
v -0.650463 -0.233984 -3.411315
v -0.614744 -0.272566 -3.411316
v -0.259043 0.254107 -3.405981
v -0.355839 0.073870 -3.404816
v -0.449488 -0.052614 -3.411316
v -0.587122 0.022826 -3.411316
v -0.493473 0.149309 -3.404816
v -0.481032 -0.135065 -0.675587
v -0.578681 -0.107619 -0.671669
v -0.516455 0.144676 -0.668880
v -0.418807 0.117227 -0.672799
v -0.629500 -0.014315 -0.668082
v -0.603724 0.090190 -0.666925
v -0.393759 -0.080578 -0.677540
v -0.367985 0.023926 -0.676383
v -0.474677 -0.138864 -0.460995
v -0.572281 -0.111639 -0.457069
v -0.510560 0.140548 -0.454338
v -0.412957 0.113320 -0.458261
v -0.623219 -0.018524 -0.453495
v -0.597653 0.085935 -0.452362
v -0.387585 -0.084252 -0.462969
v -0.362021 0.020207 -0.461838
v -0.409983 0.172747 -0.921677
v -0.548295 -0.159367 -0.916840
v -0.575451 -0.157269 -0.916840
v -0.462653 0.172747 -0.921677
v -0.567227 -0.059969 -0.943280
v -0.505146 0.068751 -0.932722
v -0.447594 0.052839 -0.944014
v -0.496663 -0.059969 -0.943280
v -0.311760 0.251771 -2.113338
v -0.581232 -0.246342 -2.129707
v -0.421500 0.288063 -2.113338
v -0.622191 -0.205637 -2.129705
v -0.586146 -0.003727 -2.125307
v -0.519831 0.114191 -2.119322
v -0.403517 0.068598 -2.126428
v -0.463063 -0.044434 -2.125306
v -0.409355 0.117848 -3.894150
v -0.537403 -0.041752 -3.894150
v -0.399553 0.081721 -3.894150
v -0.532793 -0.060373 -3.894150
v -0.493305 0.017987 -3.923195
v -0.451853 0.069191 -3.922432
v -0.442051 0.033064 -3.922432
v -0.482363 -0.004288 -3.923096
v -0.432963 0.023465 -0.704711
v -0.435957 0.086884 -0.700816
v -0.484412 0.098199 -0.701477
v -0.552899 -0.086127 -0.700550
v -0.567717 -0.024412 -0.700008
v -0.466063 -0.045769 -0.707549
v -0.532729 0.060170 -0.700547
v -0.505089 -0.091490 -0.704941
v -0.447159 0.027555 -0.732869
v -0.548312 -0.037018 -0.732180
v -0.488093 -0.039980 -0.735577
v -0.511841 0.057153 -0.730883
v -0.515021 -0.088740 -0.732748
v -0.437909 0.091862 -0.728339
v -0.476849 0.101530 -0.732855
v -0.551306 -0.090576 -0.728312
v -0.480046 -0.081582 -0.375727
v -0.536667 -0.065788 -0.373450
v -0.500861 0.080510 -0.371865
v -0.444239 0.064717 -0.374140
v -0.566218 -0.011770 -0.371375
v -0.551386 0.048830 -0.370718
v -0.429518 -0.049899 -0.376871
v -0.414689 0.010699 -0.376215
v -0.478970 -0.082265 -0.196164
v -0.535592 -0.066472 -0.193888
v -0.499785 0.079827 -0.192301
v -0.443164 0.064032 -0.194579
v -0.565140 -0.012453 -0.191813
v -0.550311 0.048146 -0.191157
v -0.428445 -0.050584 -0.197309
v -0.413613 0.010014 -0.196651
v -0.488087 -0.022886 -3.818298
v -0.578398 -0.122698 -3.803825
v -0.420176 0.040040 -3.817179
v -0.458942 0.094813 -3.819733
v -0.514469 0.019734 -3.815938
v -0.359209 0.128857 -3.803288
v -0.373373 0.175842 -3.804820
v -0.586163 -0.091327 -3.803825
v -0.350972 -3.126252 -0.315471
v -0.337392 -3.732679 -0.217514
v -0.669997 -3.126252 0.267659
v -0.634921 -3.730687 0.157227
v -0.242465 -3.126252 -0.255997
v -0.318867 -3.729615 -0.159666
v -0.615481 -3.126256 0.316010
v -0.623999 -3.730687 0.201346
v -0.438861 -1.135886 -0.219738
v -0.593835 -1.185622 0.200583
v -0.372967 -1.135886 -0.219738
v -0.551785 -1.185622 0.200583
v -0.469287 -0.781419 -0.088538
v -0.549716 -0.773256 0.111352
v -0.431493 -0.779950 -0.088964
v -0.526696 -0.781129 0.108289
v -0.517523 -3.115094 -0.134228
v -0.591599 -3.126252 -0.010414
v -0.535636 -3.725869 -0.005157
v -0.466031 -3.734223 -0.104111
v -0.443070 -3.126252 0.070998
v -0.368994 -3.115094 -0.052814
v -0.398301 -3.729112 -0.030691
v -0.493813 -3.730687 0.057810
v -0.522139 -1.157924 -0.061507
v -0.583808 -1.173602 0.067318
v -0.486172 -1.173602 0.067316
v -0.438044 -1.172137 -0.051731
v -0.543330 -0.782037 0.056362
v -0.490954 -0.778402 -0.037812
v -0.503680 -0.778333 0.053792
v -0.461732 -0.777593 -0.014254
v -0.339850 -3.420106 -0.296846
v -0.650464 -3.428502 0.250309
v -0.614745 -3.428502 0.288891
v -0.259043 -3.423169 -0.237781
v -0.355837 -3.422002 -0.057545
v -0.449490 -3.428502 0.068939
v -0.587123 -3.428502 -0.006502
v -0.493472 -3.422002 -0.132984
v -0.481032 -0.692773 0.151391
v -0.578679 -0.688855 0.123941
v -0.516455 -0.686067 -0.128352
v -0.418807 -0.689985 -0.100904
v -0.629500 -0.685266 0.030639
v -0.603726 -0.684110 -0.073865
v -0.393759 -0.694726 0.096902
v -0.367985 -0.693570 -0.007601
v -0.474677 -0.478181 0.155188
v -0.572282 -0.474256 0.127963
v -0.510560 -0.471521 -0.124222
v -0.412957 -0.475446 -0.096997
v -0.623219 -0.470681 0.034847
v -0.597653 -0.469548 -0.069609
v -0.387585 -0.480157 0.100576
v -0.362019 -0.479024 -0.003881
v -0.409981 -0.938863 -0.156423
v -0.548295 -0.934026 0.175692
v -0.575452 -0.934026 0.173594
v -0.462653 -0.938863 -0.156423
v -0.567227 -0.960469 0.076294
v -0.505145 -0.949910 -0.052428
v -0.447594 -0.961202 -0.036515
v -0.496661 -0.960469 0.076294
v -0.311761 -2.130529 -0.235445
v -0.581231 -2.146894 0.262664
v -0.421500 -2.130525 -0.271738
v -0.622191 -2.146894 0.221960
v -0.586146 -2.142495 0.020050
v -0.519831 -2.136510 -0.097868
v -0.403519 -2.143613 -0.052274
v -0.463063 -2.142493 0.060756
v -0.409354 -3.911336 -0.101522
v -0.537404 -3.911336 0.058077
v -0.399554 -3.911336 -0.065396
v -0.532794 -3.911336 0.076698
v -0.493306 -3.940381 -0.001663
v -0.451853 -3.939618 -0.052866
v -0.442054 -3.939618 -0.016740
v -0.482365 -3.940282 0.020613
v -0.432961 -0.721898 -0.007141
v -0.435956 -0.718000 -0.070558
v -0.484412 -0.718663 -0.081875
v -0.552899 -0.717736 0.102451
v -0.567717 -0.717195 0.040735
v -0.466063 -0.724733 0.062091
v -0.532727 -0.717733 -0.043847
v -0.505089 -0.722127 0.107813
v -0.447159 -0.750055 -0.011230
v -0.548314 -0.749368 0.053342
v -0.488093 -0.752763 0.056305
v -0.511841 -0.748067 -0.040829
v -0.515021 -0.749933 0.105063
v -0.437909 -0.745523 -0.075537
v -0.476849 -0.750039 -0.085206
v -0.551306 -0.745496 0.106901
v -0.480046 -0.392911 0.097907
v -0.536668 -0.390634 0.082111
v -0.500861 -0.389047 -0.064185
v -0.444239 -0.391324 -0.048392
v -0.566216 -0.388559 0.028095
v -0.551385 -0.387902 -0.032505
v -0.429520 -0.394056 0.066226
v -0.414689 -0.393399 0.005626
v -0.478970 -0.213348 0.098590
v -0.535592 -0.211072 0.082797
v -0.499785 -0.209485 -0.063502
v -0.443164 -0.211763 -0.047707
v -0.565142 -0.208997 0.028780
v -0.550309 -0.208341 -0.031821
v -0.428445 -0.214494 0.066909
v -0.413613 -0.213838 0.006311
v -0.488087 -3.835485 0.039211
v -0.578398 -3.821012 0.139021
v -0.420178 -3.834367 -0.023716
v -0.458943 -3.836919 -0.078487
v -0.514470 -3.833127 -0.003411
v -0.359210 -3.820478 -0.112532
v -0.373374 -3.822007 -0.159519
v -0.586161 -3.821012 0.107652
vn -0.8155 0.1760 0.5513
vn -0.7274 0.2011 0.6561
vn -0.7384 0.1957 0.6453
vn -0.5686 0.7634 0.3064
vn -0.9754 0.0919 -0.2002
vn -0.9602 0.2779 0.0279
vn -0.8667 0.3133 -0.3880
vn -0.7766 0.1125 -0.6199
vn -0.5463 -0.2585 0.7967
vn -0.9034 -0.0884 0.4196
vn -0.8871 0.1449 0.4383
vn -0.5181 -0.1536 0.8414
vn 0.6469 0.1468 0.7483
vn 0.8183 0.3881 0.4240
vn 0.8031 0.3467 0.4846
vn 0.6354 0.1376 0.7598
vn 0.8569 -0.0113 -0.5153
vn 0.8743 -0.0187 -0.4850
vn 0.9008 -0.0218 -0.4338
vn 0.8843 -0.0190 -0.4666
vn 0.7908 0.0967 -0.6044
vn 0.7561 0.1416 -0.6390
vn 0.7348 0.1101 -0.6693
vn 0.7902 0.0732 -0.6084
vn -0.6758 0.7361 0.0385
vn -0.5340 0.6168 -0.5782
vn -0.4048 0.8141 -0.4163
vn -0.4665 0.8845 -0.0003
vn 0.3069 -0.0501 0.9504
vn 0.3016 -0.0496 0.9521
vn -0.4471 -0.1362 0.8841
vn 0.1106 -0.1655 0.9800
vn -0.9263 -0.0479 -0.3737
vn -0.5677 -0.0595 -0.8211
vn -0.2374 -0.0802 -0.9681
vn -0.2473 -0.0789 -0.9657
vn -0.8410 -0.0035 0.5410
vn -0.8600 -0.0114 0.5101
vn -0.8931 -0.0462 0.4475
vn 0.2085 0.4031 0.8911
vn -0.1783 0.5947 0.7839
vn -0.1403 0.8657 0.4805
vn 0.1502 0.7618 0.6302
vn 0.8977 -0.0515 -0.4375
vn 0.9024 -0.0431 -0.4288
vn 0.8752 0.1899 -0.4449
vn 0.8973 0.1093 -0.4276
vn -0.0049 -0.3455 0.9384
vn 0.0383 -0.3346 0.9416
vn 0.0200 -0.2320 -0.9725
vn 0.0249 -0.2444 -0.9694
vn 0.0907 -0.2464 -0.9649
vn 0.0931 -0.2249 -0.9699
vn -0.9604 -0.0916 0.2633
vn -0.9903 -0.0936 0.1024
vn -0.9951 -0.0067 0.0989
vn -0.9581 0.0671 0.2783
vn -0.8948 0.0646 0.4418
vn -0.8485 0.1343 0.5119
vn 0.9261 -0.0312 -0.3759
vn 0.9409 -0.0284 -0.3376
vn 0.9491 0.0629 -0.3085
vn 0.9055 0.1651 -0.3910
vn 0.7540 0.0998 -0.6492
vn 0.7044 0.0907 -0.7040
vn 0.6964 0.0921 -0.7118
vn 0.7277 0.0945 -0.6794
vn 0.8345 0.0338 -0.5500
vn 0.7905 0.0922 -0.6054
vn 0.8576 0.0802 -0.5080
vn 0.8659 0.0226 -0.4997
vn 0.8896 -0.0334 -0.4555
vn 0.8911 -0.0408 -0.4519
vn 0.9250 -0.0410 -0.3778
vn 0.9192 -0.0325 -0.3924
vn -0.9411 -0.0204 0.3374
vn -0.9928 -0.0418 0.1120
vn -0.9591 -0.0499 0.2785
vn 0.6732 0.7353 -0.0787
vn 0.7460 0.6551 0.1195
vn 0.4979 0.8411 0.2111
vn 0.4338 0.9000 0.0419
vn 0.7336 0.0866 -0.6741
vn 0.7264 0.0914 -0.6812
vn 0.8596 -0.0197 -0.5106
vn 0.8374 -0.0011 -0.5467
vn -0.9191 0.0092 0.3940
vn -0.8113 0.0227 0.5842
vn -0.7665 0.0993 0.6345
vn -0.7143 0.1072 0.6916
vn -0.6760 0.1785 0.7150
vn -0.7373 0.1748 0.6525
vn -0.7667 0.0368 0.6409
vn 0.8671 -0.0231 -0.4976
vn -0.9573 0.0053 -0.2890
vn 0.8240 0.0121 -0.5665
vn 0.4678 0.0006 0.8838
vn 0.4650 -0.0019 0.8853
vn -0.6879 0.0042 -0.7258
vn 0.2700 -0.0106 0.9628
vn -0.1401 -0.0229 0.9899
vn -0.1438 -0.0230 0.9893
vn 0.8099 0.0333 -0.5857
vn 0.9914 0.0253 0.1288
vn 0.9912 0.0253 0.1301
vn 0.8094 0.0333 -0.5863
vn -0.9912 -0.0265 -0.1296
vn -0.6217 -0.0039 -0.7833
vn -0.6233 -0.0039 -0.7819
vn -0.9912 -0.0265 -0.1294
vn 0.5364 0.7650 -0.3565
vn 0.3222 0.9212 -0.2180
vn -0.5436 0.7494 0.3779
vn -0.3574 0.9027 0.2395
vn 0.4912 0.7397 -0.4600
vn 0.2561 0.8957 -0.3635
vn -0.1431 0.4762 -0.8676
vn -0.1890 0.7342 -0.6521
vn 0.8427 -0.5293 0.0986
vn 0.7615 -0.5125 0.3969
vn 0.8464 -0.2812 0.4522
vn 0.9492 -0.2931 0.1144
vn -0.4879 -0.5702 -0.6609
vn -0.2066 -0.5366 -0.8181
vn -0.2450 -0.3007 -0.9217
vn -0.5801 -0.3221 -0.7481
vn -0.6512 -0.5874 0.4805
vn -0.8106 -0.5727 -0.1219
vn -0.9375 -0.3225 -0.1310
vn -0.7660 -0.3332 0.5498
vn 0.5297 0.0302 -0.8477
vn -0.8091 -0.0345 0.5867
vn -0.8102 -0.0345 0.5851
vn -0.2700 0.0095 -0.9628
vn 0.8774 0.0156 0.4795
vn -0.6914 0.6971 -0.1896
vn -0.7787 0.6086 0.1524
vn -0.2281 0.9696 -0.0889
vn 0.1642 0.9854 0.0442
vn 0.3219 0.9427 0.0872
vn 0.7328 0.6497 0.2024
vn 0.6180 0.7676 0.1697
vn 0.8304 0.1129 -0.5456
vn 0.8093 0.0969 -0.5794
vn 0.8373 0.4928 0.2367
vn 0.8380 0.4923 0.2354
vn -0.9025 0.3934 0.1751
vn -0.8117 0.5484 -0.2009
vn -0.6493 0.2194 0.7282
vn -0.6581 0.2152 0.7215
vn -0.3624 0.0837 0.9282
vn -0.7767 0.4066 0.4811
vn 0.0257 -0.0698 -0.9972
vn 0.0229 -0.0683 -0.9974
vn 0.7744 0.4365 -0.4580
vn 0.7590 0.4761 -0.4441
vn -0.9224 0.3496 0.1642
vn 0.8767 0.3864 -0.2864
vn 0.9582 0.2351 -0.1627
vn 0.1636 -0.2075 0.9645
vn -0.9785 0.2061 -0.0123
vn 0.5144 -0.2811 -0.8102
vn 0.7780 -0.2954 -0.5545
vn 0.8101 0.0071 -0.5862
vn 0.5311 0.0064 -0.8473
vn 0.2670 -0.3091 0.9128
vn -0.1237 -0.3392 0.9325
vn -0.1501 -0.0047 0.9887
vn 0.2688 -0.0021 0.9632
vn 0.9909 0.0054 0.1343
vn 0.6851 -0.5322 -0.4974
vn 0.2446 -0.5517 0.7974
vn -0.0943 -0.5931 0.7996
vn 0.4641 -0.5139 -0.7215
vn -0.8113 -0.0071 0.5846
vn -0.9921 -0.0055 -0.1256
vn -0.2688 0.0021 -0.9632
vn -0.6281 -0.0008 -0.7782
vn 0.8773 0.0034 0.4800
vn 0.0603 0.9899 0.1279
vn 0.0607 0.9924 0.1073
vn 0.0551 0.9395 0.3380
vn 0.0629 0.9912 -0.1164
vn 0.0092 0.0806 0.9967
vn 0.0109 0.1096 0.9939
vn -0.0042 -0.1444 0.9895
vn 0.0237 0.3297 0.9438
vn 0.1253 -0.8979 0.4220
vn 0.1254 -0.8851 0.4482
vn 0.1212 -0.9705 0.2086
vn 0.1223 -0.7610 0.6372
vn 0.1287 -0.6495 -0.7494
vn 0.1284 -0.6713 -0.7300
vn 0.1273 -0.4636 -0.8769
vn 0.1224 -0.8197 -0.5596
vn 0.1446 0.5604 -0.8155
vn 0.1429 0.5351 -0.8326
vn 0.1528 0.8499 -0.5043
vn 0.1121 0.1865 -0.9760
vn -0.4572 -0.0000 -0.8894
vn -0.0000 -0.0000 -1.0000
vn -0.0000 -0.3090 -0.9511
vn -0.4572 -0.2748 -0.8458
vn -0.0000 -0.5878 -0.8090
vn -0.4572 -0.5227 -0.7195
vn -0.0000 -0.8090 -0.5878
vn -0.4572 -0.7195 -0.5228
vn -0.0000 -0.9511 -0.3090
vn -0.4572 -0.8458 -0.2748
vn -0.0000 -1.0000 -0.0000
vn -0.4572 -0.8894 -0.0000
vn -0.0000 -0.9511 0.3090
vn -0.4572 -0.8458 0.2748
vn -0.0000 -0.8090 0.5878
vn -0.4572 -0.7195 0.5228
vn -0.0000 -0.5878 0.8090
vn -0.4572 -0.5228 0.7195
vn -0.0000 -0.3090 0.9511
vn -0.4572 -0.2748 0.8458
vn -0.0000 -0.0000 1.0000
vn -0.4572 -0.0000 0.8894
vn -0.0000 0.3090 0.9511
vn -0.4572 0.2748 0.8458
vn -0.0000 0.5878 0.8090
vn -0.4572 0.5228 0.7195
vn -0.0000 0.8090 0.5878
vn -0.4572 0.7195 0.5228
vn -0.0000 0.9511 0.3090
vn -0.4572 0.8458 0.2748
vn -0.0000 1.0000 -0.0000
vn -0.4572 0.8894 -0.0000
vn -0.0000 0.9511 -0.3090
vn -0.4572 0.8458 -0.2748
vn -0.0000 0.8090 -0.5878
vn -0.4572 0.7195 -0.5228
vn -0.0000 0.5878 -0.8090
vn -0.4572 0.5227 -0.7195
vn -0.9583 -0.2312 -0.1680
vn -0.9583 -0.1680 -0.2312
vn -0.0000 0.3090 -0.9511
vn -0.4572 0.2748 -0.8458
vn -0.9715 -0.2369 -0.0000
vn -0.9711 -0.2272 0.0728
vn -0.9711 -0.2266 0.0750
vn 0.0731 -0.3082 -0.9485
vn 0.0731 -0.0000 -0.9973
vn -0.9583 -0.1680 0.2312
vn -0.9583 -0.2312 0.1680
vn -0.9583 -0.0883 -0.2718
vn -0.9583 -0.0000 -0.2857
vn -0.9583 0.2312 0.1680
vn -0.9583 0.1680 0.2312
vn -0.9583 0.1680 -0.2312
vn -0.9583 0.2312 -0.1680
vn -0.9583 -0.2718 0.0883
vn -0.9583 -0.2857 -0.0000
vn -0.9583 0.0883 0.2718
vn -0.9583 -0.0000 0.2858
vn -0.9583 0.2718 -0.0883
vn -0.9583 0.2857 -0.0000
vn -0.9583 -0.2718 -0.0883
vn -0.9583 -0.0883 0.2718
vn -0.9583 0.2718 0.0883
vn -0.9583 0.0883 -0.2718
vn 0.6022 -0.0000 -0.7983
vn 0.6022 0.2467 -0.7593
vn 0.9081 0.1294 -0.3982
vn 0.9081 -0.0000 -0.4187
vn 0.0731 0.9485 -0.3082
vn 0.0731 0.9973 -0.0000
vn 0.0731 -0.3082 0.9485
vn 0.0731 -0.5862 0.8069
vn 0.0731 -0.5862 -0.8069
vn 0.0731 0.8069 -0.5862
vn 0.0731 -0.0000 0.9973
vn 0.0731 -0.8069 -0.5862
vn 0.0731 0.5862 -0.8069
vn 0.0731 0.3082 0.9485
vn 0.0731 -0.9485 -0.3082
vn 0.0731 0.3082 -0.9485
vn 0.0731 0.5862 0.8069
vn 0.0731 -0.9973 -0.0000
vn 0.0731 0.8069 0.5862
vn 0.0731 -0.9485 0.3082
vn 0.0731 0.9485 0.3082
vn 0.0730 -0.8069 0.5862
vn 0.9081 0.3387 -0.2461
vn 0.9081 0.3982 -0.1294
vn 0.8211 -0.5429 0.1764
vn 0.8211 -0.4618 0.3355
vn 0.6022 0.6459 0.4692
vn 0.6022 0.4693 0.6459
vn 0.9081 0.2461 0.3387
vn 0.9081 0.3387 0.2461
vn 0.6022 -0.7593 0.2467
vn 0.6022 -0.7983 -0.0000
vn 0.9081 -0.4187 -0.0000
vn 0.9081 -0.3982 0.1294
vn 0.6022 0.7593 0.2467
vn 0.9081 0.3982 0.1294
vn 0.6022 -0.6459 0.4693
vn 0.9081 -0.3387 0.2461
vn 0.6022 0.7983 -0.0000
vn 0.9081 0.4187 -0.0000
vn 0.6022 -0.4693 0.6459
vn 0.9081 -0.2461 0.3387
vn 0.6022 -0.2467 -0.7593
vn 0.9081 -0.1294 -0.3982
vn 0.6022 0.7593 -0.2467
vn 0.6022 -0.2467 0.7593
vn 0.9081 -0.1294 0.3982
vn 0.6022 -0.4693 -0.6459
vn 0.9081 -0.2461 -0.3387
vn 0.6022 0.6459 -0.4693
vn 0.6022 -0.0000 0.7983
vn 0.9081 -0.0000 0.4187
vn 0.6022 -0.6459 -0.4693
vn 0.9081 -0.3387 -0.2461
vn 0.6022 0.4693 -0.6459
vn 0.9081 0.2461 -0.3387
vn 0.6022 0.2467 0.7593
vn 0.9081 0.1294 0.3982
vn 0.6022 -0.7593 -0.2467
vn 0.9081 -0.3982 -0.1294
vn 0.8211 -0.5429 -0.1764
vn 0.8211 -0.4618 -0.3355
vn 0.4166 -0.7355 -0.5343
vn 0.4166 -0.8646 -0.2809
vn 0.8211 0.1764 -0.5429
vn 0.8211 -0.0000 -0.5708
vn 0.8211 0.3355 0.4618
vn 0.8211 0.4618 0.3355
vn 0.8211 -0.3355 0.4618
vn 0.8211 -0.1764 -0.5429
vn 0.8211 0.5429 0.1764
vn 0.8211 -0.1764 0.5429
vn 0.8211 -0.3355 -0.4618
vn 0.8211 0.5708 -0.0000
vn 0.8211 -0.0000 0.5708
vn 0.8211 0.5429 -0.1764
vn 0.8211 0.4618 -0.3355
vn 0.8211 -0.5708 -0.0000
vn 0.8211 0.3355 -0.4618
vn 0.8211 0.1764 0.5429
vn 0.9943 0.0331 0.1018
vn 0.9943 -0.0000 0.1070
vn 0.4167 0.8646 -0.2809
vn 0.4167 0.7354 -0.5343
vn 0.4166 -0.9091 -0.0000
vn 0.4166 0.5343 -0.7355
vn 0.4166 -0.0000 0.9091
vn 0.4166 0.2809 0.8646
vn 0.4166 -0.8646 0.2809
vn 0.4166 0.2809 -0.8646
vn 0.4167 0.5343 0.7355
vn 0.4166 -0.7355 0.5343
vn 0.4166 -0.0000 -0.9091
vn 0.4166 0.7355 0.5343
vn 0.4166 -0.5343 0.7355
vn 0.4166 -0.2809 -0.8646
vn 0.4166 0.8646 0.2809
vn 0.4166 -0.2809 0.8646
vn 0.4166 -0.5343 -0.7355
vn 0.4167 0.9091 -0.0000
vn 0.9943 -0.1018 -0.0331
vn 0.9943 -0.0866 -0.0629
vn 0.9943 0.0331 -0.1018
vn 0.9943 0.0629 -0.0866
vn 0.9943 0.0629 0.0866
vn 0.9943 -0.1070 -0.0000
vn 0.9943 -0.0000 -0.1070
vn 0.9943 0.0866 0.0629
vn 0.9943 -0.1018 0.0331
vn 0.9943 0.1018 0.0331
vn 0.9943 -0.0866 0.0629
vn 0.9943 0.1070 -0.0000
vn 0.9943 -0.0629 0.0866
vn 0.9943 -0.0331 -0.1018
vn 0.9943 0.1018 -0.0331
vn 0.9943 -0.0331 0.1018
vn 0.9943 -0.0629 -0.0866
vn 0.9943 0.0866 -0.0629
vn 0.4842 -0.8750 -0.0000
vn 0.4842 -0.8321 -0.2704
vn 0.4842 -0.0000 -0.8750
vn 0.4841 0.2704 -0.8322
vn 0.4841 0.7079 0.5143
vn 0.4841 0.5143 0.7079
vn 0.4842 -0.8321 0.2704
vn 0.4841 0.8322 0.2704
vn 0.4842 -0.7079 0.5143
vn 0.4841 0.8750 -0.0000
vn 0.4841 -0.5143 0.7079
vn 0.4842 -0.2704 -0.8321
vn 0.4841 0.8322 -0.2704
vn 0.4841 -0.2704 0.8322
vn 0.4842 -0.5143 -0.7079
vn 0.4841 0.7079 -0.5143
vn 0.4841 -0.0000 0.8750
vn 0.4842 -0.7079 -0.5143
vn 0.4841 0.5143 -0.7079
vn 0.4841 0.2704 0.8322
vn 0.9083 0.3978 0.1293
vn 0.9083 0.3384 0.2459
vn 0.9083 -0.3384 0.2459
vn 0.9083 -0.3978 0.1293
vn 0.9083 0.4183 -0.0000
vn 0.9083 -0.2459 0.3384
vn 0.9083 -0.1293 -0.3979
vn 0.9083 -0.0000 -0.4183
vn 0.9083 0.3978 -0.1293
vn 0.9083 -0.1293 0.3978
vn 0.9083 -0.2459 -0.3384
vn 0.9083 0.3384 -0.2459
vn 0.9083 -0.0000 0.4183
vn 0.9083 -0.3384 -0.2459
vn 0.9083 0.2459 -0.3384
vn 0.9083 0.1293 0.3978
vn 0.9083 -0.3979 -0.1293
vn 0.9083 0.1293 -0.3979
vn 0.9083 0.2459 0.3384
vn 0.9083 -0.4183 -0.0000
vn -0.7765 -0.3703 0.5098
vn -0.7765 -0.3703 0.5097
vn -0.7765 -0.1947 0.5993
vn -0.7765 -0.1947 -0.5993
vn -0.7765 -0.3704 -0.5097
vn -0.7765 -0.3703 -0.5098
vn -0.7764 0.5994 -0.1947
vn -0.7764 0.5994 -0.1948
vn -0.7764 0.5098 -0.3704
vn -0.7765 -0.0000 0.6301
vn -0.7765 -0.5098 -0.3703
vn -0.7765 -0.5097 -0.3703
vn -0.7765 0.3704 -0.5098
vn -0.7765 0.1947 0.5993
vn -0.7765 -0.5992 -0.1947
vn -0.7765 0.1947 -0.5993
vn -0.7765 0.3704 0.5098
vn -0.7766 -0.6300 -0.0000
vn -0.7765 -0.0000 -0.6301
vn -0.7764 0.5098 0.3704
vn -0.7766 -0.5992 0.1947
vn -0.7764 0.5993 0.1947
vn -0.7766 -0.5097 0.3703
vn -0.7764 0.6302 -0.0000
vn -0.2420 -0.7850 -0.5703
vn -0.2420 -0.9228 -0.2998
vn -1.0000 -0.0000 -0.0000
vn -0.9613 -0.0041 0.2754
vn -0.9570 0.0856 0.2772
vn -0.9565 0.0956 0.2757
vn -0.9609 0.0054 0.2770
vn -0.9441 0.3298 -0.0000
vn -0.9452 0.3101 -0.1026
vn -0.9451 0.3116 -0.0988
vn -0.9699 -0.1980 -0.1415
vn -0.9711 -0.2272 -0.0728
vn -0.9711 -0.2266 -0.0750
vn -0.9698 -0.1957 -0.1453
vn -0.9679 -0.1500 0.2017
vn -0.9650 -0.0844 0.2483
vn -0.9647 -0.0769 0.2520
vn -0.9677 -0.1452 0.2061
vn -0.9482 0.2551 0.1893
vn -0.9452 0.3101 0.1026
vn -0.9451 0.3116 0.0988
vn -0.9479 0.2602 0.1838
vn -0.9524 0.1759 -0.2490
vn -0.9570 0.0856 -0.2772
vn -0.9565 0.0956 -0.2757
vn -0.9520 0.1843 -0.2446
vn -0.9650 -0.0844 -0.2483
vn -0.9679 -0.1500 -0.2017
vn -0.9677 -0.1452 -0.2061
vn -0.9647 -0.0769 -0.2520
vn -0.9699 -0.1980 0.1415
vn -0.9698 -0.1957 0.1453
vn -0.9524 0.1759 0.2490
vn -0.9519 0.1843 0.2446
vn -0.9482 0.2551 -0.1893
vn -0.9479 0.2602 -0.1838
vn -0.9613 -0.0041 -0.2754
vn -0.9609 0.0054 -0.2770
vn -0.2420 0.5703 -0.7850
vn -0.2420 0.2998 -0.9228
vn -0.2420 0.2998 0.9228
vn -0.2420 0.5703 0.7850
vn -0.2420 -0.9703 -0.0000
vn -0.2420 -0.0000 -0.9703
vn -0.2420 0.7850 0.5703
vn -0.2420 -0.9228 0.2998
vn -0.2420 0.9228 0.2998
vn -0.2420 -0.7850 0.5703
vn -0.2421 0.9703 -0.0000
vn -0.2420 -0.5703 0.7850
vn -0.2420 -0.2998 -0.9228
vn -0.2421 0.9228 -0.2998
vn -0.2420 -0.2998 0.9228
vn -0.2420 -0.5703 -0.7850
vn -0.2421 0.7850 -0.5703
vn -0.2420 -0.0000 0.9703
vn -0.2254 0.7882 -0.5727
vn -0.2254 0.5726 -0.7882
vn -0.2254 0.5727 0.7882
vn -0.2254 0.7882 0.5727
vn -0.2254 -0.0000 -0.9743
vn -0.2254 -0.3011 -0.9266
vn -0.2254 -0.7882 0.5727
vn -0.2254 -0.5727 0.7882
vn -0.2254 -0.5727 -0.7882
vn -0.2254 -0.7882 -0.5727
vn -0.2254 0.3011 -0.9266
vn -0.2254 0.9266 0.3011
vn -0.2254 0.9743 -0.0000
vn -0.2254 -0.3011 0.9266
vn -0.2254 -0.0000 0.9743
vn -0.2254 -0.9266 -0.3011
vn -0.2254 -0.9743 -0.0000
vn -0.2254 0.9266 -0.3011
vn -0.2254 0.3011 0.9266
vn -0.2254 -0.9266 0.3011
vn -0.2699 -0.0000 0.9629
vn -0.2699 0.2976 0.9157
vn -0.2699 0.7790 -0.5660
vn -0.2699 0.5660 -0.7790
vn -0.2699 -0.5660 -0.7790
vn -0.2699 -0.7790 -0.5660
vn -0.2699 -0.2975 0.9158
vn -0.2700 0.9157 -0.2975
vn -0.2699 -0.2975 -0.9158
vn -0.2699 -0.5660 0.7790
vn -0.2700 0.9629 -0.0000
vn -0.2699 -0.0000 -0.9629
vn -0.2699 -0.7790 0.5660
vn -0.2700 0.9157 0.2975
vn -0.2699 -0.9158 0.2975
vn -0.2699 0.7790 0.5660
vn -0.2699 -0.9629 -0.0000
vn -0.2699 0.5660 0.7790
vn -0.2699 0.2976 -0.9158
vn -0.2699 -0.9158 -0.2976
vn -0.4970 0.2681 -0.8253
vn -0.4970 -0.0000 -0.8677
vn -0.4970 0.5100 -0.7020
vn -0.4970 0.7020 -0.5100
vn -0.4970 0.8253 -0.2681
vn -0.4970 0.8677 -0.0000
vn -0.4970 0.8253 0.2681
vn -0.4970 0.7020 0.5100
vn -0.4970 0.5100 0.7020
vn -0.4970 0.2681 0.8253
vn -0.4970 -0.0000 0.8677
vn -0.4970 -0.2681 0.8253
vn -0.4970 -0.5100 0.7020
vn -0.4970 -0.7020 0.5100
vn -0.4970 -0.8253 0.2681
vn -0.4970 -0.8677 -0.0000
vn -0.4970 -0.8253 -0.2681
vn -0.4970 -0.7020 -0.5100
vn -0.4970 -0.5100 -0.7020
vn -0.4970 -0.2681 -0.8253
vn 0.4208 -0.0000 -0.9071
vn 0.4208 -0.2803 -0.8627
vn 0.4208 -0.5332 -0.7339
vn 0.4208 -0.7339 -0.5332
vn 0.4208 -0.8627 -0.2803
vn 0.4208 -0.9071 -0.0000
vn 0.4208 -0.8627 0.2803
vn 0.4208 -0.7339 0.5332
vn 0.4208 -0.5332 0.7339
vn 0.4208 -0.2803 0.8627
vn 0.4208 -0.0000 0.9071
vn 0.4208 0.2803 0.8627
vn 0.4208 0.5332 0.7339
vn 0.4208 0.7339 0.5332
vn 0.4208 0.8628 0.2803
vn 0.4208 0.9071 -0.0000
vn 0.4208 0.8627 -0.2803
vn 0.4208 0.7339 -0.5332
vn 0.4208 0.5332 -0.7339
vn 0.4208 0.2803 -0.8627
vn 0.7407 0.2076 -0.6390
vn 0.7407 -0.0000 -0.6718
vn 0.7407 0.3949 -0.5435
vn 0.7407 0.5435 -0.3949
vn 0.7407 0.6390 -0.2076
vn 0.7407 0.6718 -0.0000
vn 0.7407 0.6390 0.2076
vn 0.7407 0.5435 0.3949
vn 0.7407 0.3949 0.5435
vn 0.7407 0.2076 0.6389
vn 0.7407 -0.0000 0.6718
vn 0.7407 -0.2076 0.6389
vn 0.7407 -0.3949 0.5435
vn 0.7407 -0.5435 0.3949
vn 0.7407 -0.6389 0.2076
vn 0.7407 -0.6718 -0.0000
vn 0.7407 -0.6389 -0.2076
vn 0.7407 -0.5435 -0.3949
vn 0.7407 -0.3949 -0.5435
vn 0.7407 -0.2076 -0.6389
vn -0.8155 -0.5513 0.1760
vn -0.7274 -0.6561 0.2011
vn -0.7384 -0.6453 0.1957
vn -0.5686 -0.3064 0.7634
vn -0.9754 0.2002 0.0919
vn -0.9602 -0.0279 0.2778
vn -0.8668 0.3880 0.3133
vn -0.7766 0.6199 0.1125
vn -0.5463 -0.7967 -0.2585
vn -0.9034 -0.4196 -0.0884
vn -0.8871 -0.4383 0.1449
vn -0.5181 -0.8414 -0.1536
vn 0.6469 -0.7484 0.1468
vn 0.8183 -0.4240 0.3881
vn 0.8031 -0.4846 0.3467
vn 0.6354 -0.7599 0.1376
vn 0.8569 0.5153 -0.0113
vn 0.8743 0.4850 -0.0187
vn 0.9007 0.4338 -0.0218
vn 0.8843 0.4666 -0.0190
vn 0.7908 0.6044 0.0967
vn 0.7561 0.6390 0.1416
vn 0.7348 0.6693 0.1101
vn 0.7902 0.6084 0.0732
vn -0.6758 -0.0385 0.7361
vn -0.5340 0.5782 0.6169
vn -0.4048 0.4163 0.8141
vn -0.4665 0.0003 0.8845
vn 0.3069 -0.9504 -0.0501
vn 0.3016 -0.9521 -0.0496
vn -0.4471 -0.8841 -0.1362
vn 0.1106 -0.9800 -0.1655
vn -0.9263 0.3737 -0.0479
vn -0.5678 0.8210 -0.0595
vn -0.2374 0.9681 -0.0802
vn -0.2473 0.9657 -0.0789
vn -0.8410 -0.5410 -0.0035
vn -0.8600 -0.5101 -0.0114
vn -0.8931 -0.4475 -0.0462
vn 0.2085 -0.8911 0.4031
vn -0.1783 -0.7839 0.5947
vn -0.1403 -0.4805 0.8657
vn 0.1502 -0.6302 0.7618
vn 0.8977 0.4375 -0.0515
vn 0.9024 0.4288 -0.0431
vn 0.8752 0.4449 0.1899
vn 0.8973 0.4276 0.1093
vn -0.0049 -0.9384 -0.3455
vn 0.0383 -0.9416 -0.3346
vn 0.0199 0.9725 -0.2320
vn 0.0249 0.9694 -0.2444
vn 0.0908 0.9649 -0.2464
vn 0.0931 0.9699 -0.2248
vn -0.9604 -0.2633 -0.0916
vn -0.9903 -0.1024 -0.0936
vn -0.9951 -0.0989 -0.0067
vn -0.9581 -0.2783 0.0671
vn -0.8948 -0.4418 0.0646
vn -0.8485 -0.5119 0.1343
vn 0.9261 0.3759 -0.0312
vn 0.9409 0.3376 -0.0284
vn 0.9491 0.3085 0.0629
vn 0.9055 0.3910 0.1651
vn 0.7541 0.6492 0.0998
vn 0.7044 0.7040 0.0907
vn 0.6964 0.7118 0.0921
vn 0.7277 0.6794 0.0945
vn 0.8345 0.5500 0.0338
vn 0.7905 0.6054 0.0922
vn 0.8576 0.5080 0.0802
vn 0.8659 0.4997 0.0226
vn 0.8896 0.4555 -0.0334
vn 0.8911 0.4519 -0.0408
vn 0.9250 0.3778 -0.0410
vn 0.9192 0.3924 -0.0325
vn -0.9411 -0.3374 -0.0204
vn -0.9928 -0.1120 -0.0418
vn -0.9591 -0.2785 -0.0499
vn 0.6732 0.0787 0.7353
vn 0.7460 -0.1195 0.6551
vn 0.4979 -0.2111 0.8411
vn 0.4338 -0.0419 0.9000
vn 0.7335 0.6741 0.0866
vn 0.7264 0.6812 0.0914
vn 0.8596 0.5106 -0.0197
vn 0.8374 0.5466 -0.0011
vn -0.9191 -0.3940 0.0092
vn -0.8113 -0.5842 0.0227
vn -0.7665 -0.6345 0.0993
vn -0.7142 -0.6916 0.1072
vn -0.6760 -0.7150 0.1785
vn -0.7373 -0.6525 0.1748
vn -0.7667 -0.6409 0.0368
vn 0.8671 0.4976 -0.0231
vn -0.9573 0.2890 0.0053
vn 0.8240 0.5665 0.0121
vn 0.4678 -0.8838 0.0006
vn 0.4650 -0.8853 -0.0019
vn -0.6879 0.7258 0.0042
vn 0.2700 -0.9628 -0.0106
vn -0.1401 -0.9899 -0.0229
vn -0.1438 -0.9893 -0.0230
vn 0.8099 0.5857 0.0333
vn 0.9914 -0.1288 0.0253
vn 0.9912 -0.1301 0.0253
vn 0.8094 0.5863 0.0333
vn -0.9912 0.1296 -0.0265
vn -0.6217 0.7833 -0.0039
vn -0.6234 0.7819 -0.0039
vn -0.9912 0.1294 -0.0265
vn 0.5364 0.3565 0.7650
vn 0.3222 0.2180 0.9212
vn -0.5436 -0.3779 0.7494
vn -0.3574 -0.2395 0.9027
vn 0.4912 0.4600 0.7397
vn 0.2561 0.3635 0.8957
vn -0.1431 0.8676 0.4762
vn -0.1890 0.6521 0.7342
vn 0.8427 -0.0986 -0.5293
vn 0.7615 -0.3969 -0.5125
vn 0.8464 -0.4522 -0.2812
vn 0.9492 -0.1144 -0.2931
vn -0.4879 0.6609 -0.5702
vn -0.2066 0.8181 -0.5366
vn -0.2450 0.9217 -0.3007
vn -0.5801 0.7481 -0.3221
vn -0.6512 -0.4805 -0.5874
vn -0.8106 0.1219 -0.5727
vn -0.9375 0.1310 -0.3225
vn -0.7659 -0.5498 -0.3332
vn 0.5297 0.8477 0.0302
vn -0.8091 -0.5867 -0.0345
vn -0.8102 -0.5851 -0.0345
vn -0.2700 0.9628 0.0095
vn 0.8774 -0.4795 0.0156
vn -0.6914 0.1897 0.6971
vn -0.7787 -0.1524 0.6086
vn -0.2281 0.0890 0.9696
vn 0.1641 -0.0442 0.9854
vn 0.3219 -0.0872 0.9427
vn 0.7327 -0.2024 0.6497
vn 0.6180 -0.1697 0.7676
vn 0.8304 0.5456 0.1129
vn 0.8093 0.5794 0.0969
vn 0.8373 -0.2367 0.4928
vn 0.8380 -0.2354 0.4923
vn -0.9025 -0.1751 0.3934
vn -0.8117 0.2009 0.5484
vn -0.6493 -0.7282 0.2194
vn -0.6581 -0.7215 0.2152
vn -0.3624 -0.9282 0.0837
vn -0.7767 -0.4811 0.4066
vn 0.0257 0.9972 -0.0698
vn 0.0229 0.9974 -0.0683
vn 0.7744 0.4580 0.4365
vn 0.7590 0.4441 0.4761
vn -0.9224 -0.1642 0.3496
vn 0.8767 0.2864 0.3864
vn 0.9583 0.1627 0.2351
vn 0.1636 -0.9645 -0.2075
vn -0.9785 0.0123 0.2060
vn 0.5144 0.8102 -0.2811
vn 0.7780 0.5545 -0.2954
vn 0.8101 0.5862 0.0071
vn 0.5311 0.8473 0.0064
vn 0.2670 -0.9128 -0.3091
vn -0.1236 -0.9325 -0.3392
vn -0.1501 -0.9887 -0.0047
vn 0.2688 -0.9632 -0.0021
vn 0.9909 -0.1343 0.0054
vn 0.6851 0.4974 -0.5321
vn 0.2446 -0.7974 -0.5517
vn -0.0943 -0.7996 -0.5931
vn 0.4641 0.7215 -0.5139
vn -0.8113 -0.5846 -0.0071
vn -0.9921 0.1256 -0.0055
vn -0.2688 0.9632 0.0021
vn -0.6281 0.7782 -0.0008
vn 0.8772 -0.4800 0.0034
vn -0.8155 0.5513 -0.1760
vn -0.7274 0.6561 -0.2011
vn -0.7384 0.6453 -0.1957
vn -0.5686 0.3064 -0.7634
vn -0.9754 -0.2002 -0.0919
vn -0.9602 0.0279 -0.2778
vn -0.8668 -0.3880 -0.3133
vn -0.7766 -0.6199 -0.1125
vn -0.5463 0.7967 0.2585
vn -0.9034 0.4196 0.0884
vn -0.8871 0.4383 -0.1450
vn -0.5181 0.8414 0.1536
vn 0.6469 0.7483 -0.1468
vn 0.8183 0.4240 -0.3881
vn 0.8031 0.4846 -0.3467
vn 0.6354 0.7598 -0.1376
vn 0.8569 -0.5153 0.0113
vn 0.8743 -0.4850 0.0187
vn 0.9007 -0.4338 0.0218
vn 0.8843 -0.4666 0.0190
vn 0.7908 -0.6044 -0.0967
vn 0.7561 -0.6390 -0.1416
vn 0.7348 -0.6693 -0.1101
vn 0.7902 -0.6084 -0.0732
vn -0.6758 0.0385 -0.7361
vn -0.5340 -0.5782 -0.6169
vn -0.4048 -0.4163 -0.8141
vn -0.4665 -0.0003 -0.8845
vn 0.3069 0.9504 0.0501
vn 0.3016 0.9521 0.0496
vn -0.4471 0.8841 0.1362
vn 0.1106 0.9800 0.1655
vn -0.9263 -0.3737 0.0479
vn -0.5677 -0.8211 0.0595
vn -0.2374 -0.9681 0.0802
vn -0.2473 -0.9657 0.0789
vn -0.8410 0.5410 0.0035
vn -0.8600 0.5101 0.0114
vn -0.8931 0.4475 0.0462
vn 0.2085 0.8911 -0.4030
vn -0.1783 0.7839 -0.5947
vn -0.1403 0.4804 -0.8657
vn 0.1502 0.6302 -0.7618
vn 0.8977 -0.4375 0.0515
vn 0.9024 -0.4288 0.0431
vn 0.8752 -0.4449 -0.1899
vn 0.8973 -0.4276 -0.1093
vn -0.0049 0.9384 0.3455
vn 0.0383 0.9416 0.3346
vn 0.0200 -0.9725 0.2320
vn 0.0249 -0.9694 0.2444
vn 0.0907 -0.9649 0.2464
vn 0.0931 -0.9699 0.2249
vn -0.9604 0.2633 0.0916
vn -0.9903 0.1024 0.0936
vn -0.9951 0.0989 0.0067
vn -0.9581 0.2783 -0.0671
vn -0.8948 0.4418 -0.0646
vn -0.8485 0.5119 -0.1343
vn 0.9261 -0.3759 0.0312
vn 0.9409 -0.3376 0.0284
vn 0.9491 -0.3085 -0.0629
vn 0.9055 -0.3910 -0.1651
vn 0.7541 -0.6492 -0.0998
vn 0.7044 -0.7040 -0.0907
vn 0.6964 -0.7118 -0.0921
vn 0.7277 -0.6794 -0.0945
vn 0.8345 -0.5500 -0.0338
vn 0.7905 -0.6054 -0.0922
vn 0.8576 -0.5080 -0.0802
vn 0.8659 -0.4997 -0.0226
vn 0.8896 -0.4555 0.0334
vn 0.8911 -0.4519 0.0408
vn 0.9250 -0.3778 0.0410
vn 0.9192 -0.3924 0.0325
vn -0.9411 0.3374 0.0204
vn -0.9928 0.1120 0.0418
vn -0.9591 0.2785 0.0499
vn 0.6732 -0.0787 -0.7353
vn 0.7460 0.1195 -0.6551
vn 0.4979 0.2111 -0.8411
vn 0.4338 0.0419 -0.9000
vn 0.7335 -0.6741 -0.0866
vn 0.7264 -0.6812 -0.0914
vn 0.8596 -0.5106 0.0197
vn 0.8374 -0.5466 0.0011
vn -0.9191 0.3940 -0.0092
vn -0.8113 0.5842 -0.0227
vn -0.7665 0.6345 -0.0993
vn -0.7143 0.6916 -0.1072
vn -0.6760 0.7150 -0.1785
vn -0.7373 0.6525 -0.1748
vn -0.7667 0.6409 -0.0368
vn 0.8671 -0.4976 0.0231
vn -0.9573 -0.2890 -0.0053
vn 0.8240 -0.5665 -0.0121
vn 0.4678 0.8838 -0.0006
vn 0.4650 0.8853 0.0019
vn -0.6879 -0.7258 -0.0042
vn 0.2700 0.9628 0.0106
vn -0.1401 0.9899 0.0229
vn -0.1438 0.9893 0.0230
vn 0.8099 -0.5857 -0.0333
vn 0.9914 0.1288 -0.0253
vn 0.9912 0.1301 -0.0253
vn 0.8094 -0.5863 -0.0333
vn -0.9912 -0.1296 0.0265
vn -0.6217 -0.7833 0.0039
vn -0.6233 -0.7819 0.0039
vn -0.9912 -0.1294 0.0265
vn 0.5364 -0.3565 -0.7650
vn 0.3222 -0.2180 -0.9212
vn -0.5436 0.3779 -0.7494
vn -0.3574 0.2395 -0.9027
vn 0.4912 -0.4600 -0.7397
vn 0.2561 -0.3635 -0.8957
vn -0.1431 -0.8676 -0.4763
vn -0.1890 -0.6521 -0.7342
vn 0.8427 0.0986 0.5293
vn 0.7615 0.3969 0.5125
vn 0.8464 0.4522 0.2812
vn 0.9492 0.1144 0.2931
vn -0.4879 -0.6609 0.5702
vn -0.2066 -0.8181 0.5366
vn -0.2450 -0.9217 0.3007
vn -0.5801 -0.7481 0.3221
vn -0.6512 0.4805 0.5874
vn -0.8106 -0.1219 0.5727
vn -0.9375 -0.1310 0.3225
vn -0.7660 0.5498 0.3332
vn 0.5297 -0.8477 -0.0302
vn -0.8091 0.5867 0.0345
vn -0.8102 0.5851 0.0345
vn -0.2700 -0.9628 -0.0095
vn 0.8774 0.4795 -0.0156
vn -0.6914 -0.1896 -0.6971
vn -0.7787 0.1524 -0.6086
vn -0.2281 -0.0889 -0.9696
vn 0.1641 0.0442 -0.9854
vn 0.3219 0.0872 -0.9428
vn 0.7327 0.2024 -0.6497
vn 0.6180 0.1697 -0.7676
vn 0.8304 -0.5456 -0.1129
vn 0.8093 -0.5794 -0.0969
vn 0.8373 0.2368 -0.4928
vn 0.8380 0.2355 -0.4923
vn -0.9025 0.1751 -0.3934
vn -0.8117 -0.2009 -0.5484
vn -0.6493 0.7282 -0.2194
vn -0.6581 0.7215 -0.2152
vn -0.3625 0.9282 -0.0837
vn -0.7767 0.4811 -0.4066
vn 0.0257 -0.9972 0.0698
vn 0.0229 -0.9974 0.0683
vn 0.7744 -0.4580 -0.4365
vn 0.7591 -0.4441 -0.4761
vn -0.9224 0.1642 -0.3496
vn 0.8767 -0.2864 -0.3864
vn 0.9583 -0.1627 -0.2351
vn 0.1636 0.9645 0.2075
vn -0.9785 -0.0123 -0.2060
vn 0.5144 -0.8102 0.2811
vn 0.7780 -0.5545 0.2954
vn 0.8101 -0.5862 -0.0071
vn 0.5311 -0.8473 -0.0064
vn 0.2670 0.9128 0.3091
vn -0.1236 0.9325 0.3393
vn -0.1501 0.9887 0.0047
vn 0.2688 0.9632 0.0021
vn 0.9909 0.1343 -0.0054
vn 0.6851 -0.4974 0.5322
vn 0.2446 0.7974 0.5517
vn -0.0943 0.7996 0.5931
vn 0.4641 -0.7215 0.5139
vn -0.8113 0.5846 0.0071
vn -0.9921 -0.1256 0.0055
vn -0.2688 -0.9632 -0.0021
vn -0.6281 -0.7781 0.0008
vn 0.8772 0.4800 -0.0034
vn -0.8155 -0.1760 -0.5513
vn -0.7274 -0.2011 -0.6561
vn -0.7384 -0.1957 -0.6453
vn -0.5686 -0.7634 -0.3065
vn -0.9754 -0.0919 0.2002
vn -0.9602 -0.2778 -0.0279
vn -0.8668 -0.3133 0.3880
vn -0.7766 -0.1125 0.6199
vn -0.5463 0.2585 -0.7967
vn -0.9034 0.0884 -0.4196
vn -0.8870 -0.1450 -0.4383
vn -0.5181 0.1536 -0.8414
vn 0.6469 -0.1468 -0.7483
vn 0.8182 -0.3881 -0.4241
vn 0.8031 -0.3467 -0.4846
vn 0.6354 -0.1376 -0.7598
vn 0.8569 0.0113 0.5153
vn 0.8743 0.0187 0.4850
vn 0.9008 0.0218 0.4338
vn 0.8843 0.0190 0.4666
vn 0.7908 -0.0967 0.6044
vn 0.7561 -0.1416 0.6390
vn 0.7348 -0.1101 0.6693
vn 0.7902 -0.0732 0.6084
vn -0.6758 -0.7361 -0.0385
vn -0.5340 -0.6169 0.5782
vn -0.4048 -0.8141 0.4163
vn -0.4665 -0.8845 0.0003
vn 0.3069 0.0501 -0.9504
vn 0.3016 0.0496 -0.9521
vn -0.4471 0.1362 -0.8841
vn 0.1106 0.1655 -0.9800
vn -0.9263 0.0479 0.3737
vn -0.5677 0.0595 0.8211
vn -0.2374 0.0802 0.9681
vn -0.2473 0.0789 0.9657
vn -0.8410 0.0035 -0.5410
vn -0.8600 0.0114 -0.5101
vn -0.8931 0.0462 -0.4475
vn 0.2085 -0.4031 -0.8911
vn -0.1783 -0.5947 -0.7839
vn -0.1403 -0.8657 -0.4804
vn 0.1502 -0.7618 -0.6302
vn 0.8977 0.0515 0.4375
vn 0.9024 0.0431 0.4288
vn 0.8752 -0.1899 0.4449
vn 0.8973 -0.1093 0.4276
vn -0.0049 0.3455 -0.9384
vn 0.0383 0.3346 -0.9416
vn 0.0200 0.2320 0.9725
vn 0.0249 0.2444 0.9694
vn 0.0908 0.2464 0.9649
vn 0.0932 0.2248 0.9699
vn -0.9604 0.0916 -0.2633
vn -0.9903 0.0936 -0.1025
vn -0.9951 0.0067 -0.0989
vn -0.9581 -0.0672 -0.2783
vn -0.8948 -0.0646 -0.4418
vn -0.8485 -0.1343 -0.5119
vn 0.9261 0.0312 0.3759
vn 0.9409 0.0284 0.3376
vn 0.9491 -0.0629 0.3085
vn 0.9055 -0.1651 0.3910
vn 0.7540 -0.0998 0.6492
vn 0.7044 -0.0907 0.7040
vn 0.6964 -0.0921 0.7118
vn 0.7277 -0.0945 0.6794
vn 0.8345 -0.0338 0.5500
vn 0.7905 -0.0922 0.6054
vn 0.8576 -0.0802 0.5080
vn 0.8659 -0.0226 0.4997
vn 0.8896 0.0334 0.4555
vn 0.8911 0.0408 0.4519
vn 0.9250 0.0410 0.3778
vn 0.9192 0.0325 0.3924
vn -0.9411 0.0204 -0.3374
vn -0.9928 0.0418 -0.1120
vn -0.9591 0.0499 -0.2785
vn 0.6732 -0.7353 0.0787
vn 0.7460 -0.6551 -0.1195
vn 0.4979 -0.8412 -0.2111
vn 0.4338 -0.9000 -0.0419
vn 0.7335 -0.0866 0.6741
vn 0.7264 -0.0914 0.6812
vn 0.8596 0.0197 0.5106
vn 0.8374 0.0011 0.5466
vn -0.9191 -0.0092 -0.3940
vn -0.8113 -0.0227 -0.5842
vn -0.7665 -0.0993 -0.6345
vn -0.7142 -0.1072 -0.6916
vn -0.6760 -0.1785 -0.7150
vn -0.7373 -0.1748 -0.6525
vn -0.7667 -0.0368 -0.6409
vn 0.8671 0.0231 0.4976
vn -0.9573 -0.0053 0.2890
vn 0.8240 -0.0121 0.5665
vn 0.4678 -0.0006 -0.8838
vn 0.4650 0.0019 -0.8853
vn -0.6879 -0.0042 0.7258
vn 0.2700 0.0106 -0.9628
vn -0.1401 0.0229 -0.9899
vn -0.1438 0.0230 -0.9893
vn 0.8099 -0.0333 0.5857
vn 0.9914 -0.0253 -0.1288
vn 0.9912 -0.0253 -0.1301
vn 0.8094 -0.0333 0.5863
vn -0.9912 0.0265 0.1296
vn -0.6217 0.0039 0.7833
vn -0.6233 0.0039 0.7819
vn -0.9912 0.0265 0.1294
vn 0.5364 -0.7650 0.3565
vn 0.3222 -0.9212 0.2180
vn -0.5437 -0.7494 -0.3779
vn -0.3574 -0.9027 -0.2395
vn 0.4912 -0.7397 0.4600
vn 0.2561 -0.8957 0.3635
vn -0.1431 -0.4763 0.8676
vn -0.1890 -0.7342 0.6521
vn 0.8427 0.5293 -0.0986
vn 0.7615 0.5125 -0.3969
vn 0.8464 0.2812 -0.4522
vn 0.9492 0.2931 -0.1144
vn -0.4879 0.5702 0.6609
vn -0.2066 0.5366 0.8181
vn -0.2450 0.3007 0.9217
vn -0.5801 0.3221 0.7481
vn 0.5297 -0.0302 0.8477
vn -0.8091 0.0345 -0.5867
vn -0.8102 0.0345 -0.5851
vn -0.2700 -0.0095 0.9628
vn 0.8774 -0.0156 -0.4795
vn -0.6915 -0.6971 0.1896
vn -0.7787 -0.6086 -0.1524
vn -0.2282 -0.9696 0.0889
vn 0.1642 -0.9854 -0.0442
vn 0.3219 -0.9427 -0.0871
vn 0.7327 -0.6497 -0.2024
vn 0.6180 -0.7676 -0.1697
vn 0.8304 -0.1129 0.5456
vn 0.8093 -0.0969 0.5794
vn 0.8373 -0.4928 -0.2368
vn 0.8380 -0.4923 -0.2355
vn -0.9025 -0.3934 -0.1751
vn -0.8117 -0.5484 0.2009
vn -0.6493 -0.2194 -0.7282
vn -0.6581 -0.2152 -0.7215
vn -0.3624 -0.0837 -0.9282
vn -0.7767 -0.4066 -0.4811
vn 0.0258 0.0697 0.9972
vn 0.0230 0.0683 0.9974
vn 0.7744 -0.4365 0.4580
vn 0.7590 -0.4761 0.4441
vn -0.9224 -0.3496 -0.1642
vn 0.8767 -0.3864 0.2864
vn 0.9582 -0.2351 0.1627
vn 0.1636 0.2075 -0.9645
vn -0.9785 -0.2061 0.0124
vn 0.5144 0.2811 0.8102
vn 0.7780 0.2954 0.5545
vn 0.8101 -0.0071 0.5862
vn 0.5311 -0.0064 0.8473
vn 0.2670 0.3091 -0.9128
vn -0.1237 0.3393 -0.9325
vn -0.1501 0.0047 -0.9887
vn 0.2688 0.0021 -0.9632
vn 0.9909 -0.0054 -0.1343
vn -0.8106 0.5727 0.1219
vn -0.9375 0.3225 0.1310
vn 0.6851 0.5321 0.4974
vn 0.2446 0.5517 -0.7974
vn -0.0943 0.5931 -0.7996
vn 0.4641 0.5139 0.7215
vn -0.6512 0.5874 -0.4805
vn -0.7660 0.3332 -0.5498
vn -0.8113 0.0071 -0.5846
vn -0.9921 0.0055 0.1256
vn -0.2688 -0.0021 0.9632
vn -0.6281 0.0008 0.7781
vn 0.8772 -0.0034 -0.4800
vt 0.517837 0.057776
vt 0.516103 0.058521
vt 0.515551 0.056666
vt 0.516761 0.056089
vt 0.538728 0.148200
vt 0.539915 0.153262
vt 0.539136 0.153025
vt 0.537725 0.148406
vt 0.537915 0.106390
vt 0.539855 0.105252
vt 0.541309 0.108047
vt 0.540291 0.108456
vt 0.527729 0.154850
vt 0.532326 0.158079
vt 0.531633 0.159073
vt 0.526248 0.156317
vt 0.525266 0.129560
vt 0.521243 0.132020
vt 0.512129 0.117199
vt 0.514693 0.115749
vt 0.536485 0.154933
vt 0.533406 0.151102
vt 0.543753 0.108428
vt 0.544765 0.107677
vt 0.545499 0.108186
vt 0.544240 0.109561
vt 0.515527 0.135400
vt 0.513277 0.136483
vt 0.505645 0.120468
vt 0.506963 0.120108
vt 0.526216 0.128841
vt 0.515397 0.115215
vt 0.526352 0.087975
vt 0.529911 0.086140
vt 0.538188 0.101836
vt 0.535150 0.103755
vt 0.504097 0.111707
vt 0.503163 0.112645
vt 0.501684 0.112549
vt 0.503359 0.111011
vt 0.511757 0.112255
vt 0.510121 0.113833
vt 0.507884 0.110944
vt 0.509037 0.110209
vt 0.505738 0.116524
vt 0.504599 0.116674
vt 0.503988 0.113418
vt 0.504792 0.113167
vt 0.512195 0.111853
vt 0.509434 0.109784
vt 0.542333 0.103826
vt 0.544308 0.103452
vt 0.544407 0.106713
vt 0.543324 0.107098
vt 0.521806 0.064105
vt 0.518912 0.059463
vt 0.522316 0.057704
vt 0.526472 0.061778
vt 0.508041 0.115278
vt 0.506279 0.111881
vt 0.535906 0.157396
vt 0.537266 0.156431
vt 0.538047 0.157928
vt 0.537256 0.158493
vt 0.530902 0.152630
vt 0.534557 0.156298
vt 0.519113 0.133404
vt 0.510054 0.118601
vt 0.532309 0.084863
vt 0.535931 0.083057
vt 0.542915 0.099039
vt 0.540613 0.100336
vt 0.505471 0.110801
vt 0.504684 0.109691
vt 0.538955 0.154854
vt 0.538775 0.156682
vt 0.528192 0.148145
vt 0.530619 0.146798
vt 0.524160 0.069017
vt 0.521653 0.070455
vt 0.519002 0.065565
vt 0.514874 0.067502
vt 0.513442 0.061783
vt 0.516655 0.060376
vt 0.517046 0.072401
vt 0.524523 0.150894
vt 0.529292 0.066523
vt 0.535532 0.143803
vt 0.522420 0.152311
vt 0.536852 0.143092
vt 0.499301 0.109088
vt 0.501448 0.108180
vt 0.505954 0.108854
vt 0.503067 0.107231
vt 0.504479 0.106396
vt 0.547304 0.111130
vt 0.545671 0.111793
vt 0.506910 0.110006
vt 0.542172 0.109144
vt 0.542987 0.110218
vt 0.508015 0.109227
vt 0.507443 0.108327
vt 0.509074 0.108801
vt 0.509366 0.107983
vt 0.540968 0.109423
vt 0.541277 0.110667
vt 0.500537 0.106079
vt 0.502005 0.105412
vt 0.507854 0.104210
vt 0.505999 0.105513
vt 0.504737 0.103749
vt 0.505912 0.102744
vt 0.544294 0.112569
vt 0.546360 0.113351
vt 0.545245 0.113896
vt 0.542924 0.113608
vt 0.539016 0.156938
vt 0.538301 0.158350
vt 0.537247 0.159209
vt 0.535851 0.159577
vt 0.536100 0.158907
vt 0.534213 0.158493
vt 0.533742 0.159325
vt 0.520331 0.056808
vt 0.518346 0.055912
vt 0.539466 0.155100
vt 0.513998 0.059727
vt 0.514555 0.057670
vt 0.540648 0.108930
vt 0.541743 0.108605
vt 0.509220 0.109305
vt 0.508459 0.109719
vt 0.507432 0.110507
vt 0.543582 0.107679
vt 0.505837 0.111355
vt 0.504436 0.112348
vt 0.503625 0.112988
vt 0.544578 0.107198
vt 0.503446 0.104701
vt 0.501312 0.101099
vt 0.502496 0.100331
vt 0.499059 0.106679
vt 0.497333 0.102989
vt 0.498746 0.102372
vt 0.500062 0.101765
vt 0.547478 0.112964
vt 0.544348 0.114647
vt 0.546810 0.116575
vt 0.545908 0.117105
vt 0.547735 0.116066
vt 0.503714 0.099467
vt 0.548667 0.115595
vt 0.799352 0.043474
vt 0.812800 0.039262
vt 0.813313 0.041726
vt 0.800081 0.047054
vt 0.798479 0.039454
vt 0.811699 0.035911
vt 0.861485 0.222570
vt 0.869514 0.234151
vt 0.867315 0.235375
vt 0.858285 0.224333
vt 0.865062 0.220538
vt 0.872071 0.232680
vt 0.886645 0.020425
vt 0.898225 0.012395
vt 0.899449 0.014594
vt 0.888408 0.023626
vt 0.884613 0.016848
vt 0.896753 0.009839
vt 0.903850 0.006035
vt 0.917717 0.008545
vt 0.917027 0.010966
vt 0.902834 0.009544
vt 0.904943 0.002069
vt 0.918484 0.005697
vt 0.178930 0.373069
vt 0.186958 0.384651
vt 0.185040 0.385512
vt 0.177447 0.374389
vt 0.182507 0.371037
vt 0.189514 0.383179
vt 0.907703 0.319116
vt 0.903838 0.323538
vt 0.901941 0.321925
vt 0.905975 0.317525
vt 0.900076 0.320243
vt 0.904245 0.315905
vt 0.898208 0.318480
vt 0.902558 0.314211
vt 0.896400 0.316629
vt 0.900875 0.312496
vt 0.894656 0.314705
vt 0.899219 0.310731
vt 0.892997 0.312719
vt 0.897654 0.308897
vt 0.891432 0.310696
vt 0.896156 0.307057
vt 0.889962 0.308655
vt 0.894730 0.305212
vt 0.888584 0.306604
vt 0.893377 0.303367
vt 0.887296 0.304550
vt 0.892104 0.301524
vt 0.886093 0.302496
vt 0.890920 0.299680
vt 0.884969 0.300445
vt 0.889840 0.297813
vt 0.883918 0.298453
vt 0.888873 0.295839
vt 0.920361 0.328468
vt 0.917269 0.333354
vt 0.915266 0.332060
vt 0.918367 0.327332
vt 0.913314 0.330739
vt 0.916552 0.326101
vt 0.911397 0.329389
vt 0.914768 0.324843
vt 0.909496 0.328000
vt 0.912992 0.323501
vt 0.907604 0.326564
vt 0.911224 0.322096
vt 0.022034 0.015570
vt 0.022032 0.013137
vt 0.027013 0.012361
vt 0.027009 0.016369
vt 0.905718 0.325077
vt 0.909462 0.320634
vt 0.637045 0.002885
vt 0.638681 0.003641
vt 0.637799 0.005466
vt 0.636283 0.004828
vt 0.555086 0.198820
vt 0.552311 0.195981
vt 0.557353 0.191164
vt 0.560017 0.193890
vt 0.013151 0.022051
vt 0.015583 0.022047
vt 0.016389 0.027013
vt 0.012388 0.027027
vt 0.021278 0.010823
vt 0.019847 0.008855
vt 0.023424 0.005298
vt 0.025778 0.008546
vt 0.006682 0.013165
vt 0.006683 0.015600
vt 0.001705 0.016413
vt 0.001692 0.012402
vt 0.015562 0.006677
vt 0.013128 0.006682
vt 0.012341 0.001691
vt 0.016361 0.001692
vt 0.017896 0.021293
vt 0.019859 0.019857
vt 0.023417 0.023416
vt 0.020186 0.025767
vt 0.007436 0.017913
vt 0.008868 0.019878
vt 0.005323 0.023459
vt 0.002956 0.020223
vt 0.010816 0.007440
vt 0.008851 0.008874
vt 0.005261 0.005320
vt 0.008510 0.002940
vt 0.021285 0.017886
vt 0.025769 0.020179
vt 0.010837 0.021304
vt 0.008574 0.025803
vt 0.007426 0.010847
vt 0.002915 0.008581
vt 0.017877 0.007426
vt 0.020180 0.002936
vt 0.680918 0.507692
vt 0.680905 0.503303
vt 0.683432 0.503693
vt 0.683466 0.507304
vt 0.541882 0.184013
vt 0.539449 0.180876
vt 0.545007 0.176666
vt 0.547342 0.179677
vt 0.579467 0.219106
vt 0.576222 0.216819
vt 0.580304 0.211166
vt 0.583419 0.213362
vt 0.557925 0.201595
vt 0.562742 0.196553
vt 0.544386 0.187093
vt 0.549746 0.182634
vt 0.582763 0.221319
vt 0.586583 0.215485
vt 0.560827 0.204305
vt 0.565527 0.199154
vt 0.546960 0.190116
vt 0.552217 0.185535
vt 0.586109 0.223455
vt 0.589794 0.217536
vt 0.563790 0.206947
vt 0.568371 0.201690
vt 0.549602 0.193079
vt 0.554753 0.188379
vt 0.532589 0.171142
vt 0.530452 0.167796
vt 0.536372 0.164111
vt 0.538422 0.167323
vt 0.566812 0.209521
vt 0.571272 0.204161
vt 0.534801 0.174439
vt 0.540546 0.170487
vt 0.569893 0.212025
vt 0.574229 0.206565
vt 0.537088 0.177684
vt 0.542741 0.173602
vt 0.573030 0.214458
vt 0.577240 0.208900
vt 0.686742 0.497315
vt 0.689729 0.495208
vt 0.690931 0.497709
vt 0.688672 0.499309
vt 0.701509 0.493271
vt 0.704970 0.496004
vt 0.703100 0.497768
vt 0.700272 0.495541
vt 0.700755 0.517871
vt 0.696751 0.519119
vt 0.696360 0.516678
vt 0.699655 0.515666
vt 0.697348 0.491739
vt 0.696879 0.494282
vt 0.704214 0.515496
vt 0.702501 0.513710
vt 0.692905 0.491597
vt 0.693229 0.494138
vt 0.706840 0.512175
vt 0.704653 0.510986
vt 0.682297 0.511902
vt 0.684619 0.510696
vt 0.688623 0.492845
vt 0.708334 0.508167
vt 0.705866 0.507699
vt 0.684968 0.515404
vt 0.686714 0.513570
vt 0.684931 0.495409
vt 0.708529 0.503866
vt 0.706014 0.504177
vt 0.688489 0.517827
vt 0.689581 0.515616
vt 0.682234 0.499036
vt 0.684594 0.500258
vt 0.707392 0.499668
vt 0.705083 0.500752
vt 0.692519 0.519119
vt 0.692909 0.516631
vt 0.696355 0.496987
vt 0.698950 0.497923
vt 0.697241 0.500958
vt 0.695687 0.500425
vt 0.703235 0.507181
vt 0.703351 0.504494
vt 0.688628 0.511632
vt 0.690794 0.513212
vt 0.687033 0.501531
vt 0.702599 0.501893
vt 0.693326 0.514038
vt 0.686167 0.504139
vt 0.701096 0.499626
vt 0.695973 0.514026
vt 0.686173 0.506874
vt 0.698504 0.513285
vt 0.700692 0.511798
vt 0.693583 0.496887
vt 0.702308 0.509686
vt 0.687028 0.509456
vt 0.699481 0.503302
vt 0.699949 0.504868
vt 0.698667 0.505032
vt 0.698309 0.503855
vt 0.697068 0.510274
vt 0.698397 0.509332
vt 0.694058 0.500411
vt 0.699375 0.508034
vt 0.689572 0.506302
vt 0.690060 0.507871
vt 0.692491 0.500856
vt 0.699911 0.506498
vt 0.691006 0.509207
vt 0.691136 0.501791
vt 0.692315 0.510188
vt 0.690133 0.503100
vt 0.693861 0.510726
vt 0.689596 0.504657
vt 0.698549 0.501953
vt 0.695507 0.510781
vt 0.973825 0.733370
vt 0.972953 0.732091
vt 0.977740 0.728966
vt 0.978534 0.730091
vt 0.692914 0.509039
vt 0.694082 0.509444
vt 0.691284 0.503705
vt 0.690880 0.504872
vt 0.697604 0.502845
vt 0.695324 0.509471
vt 0.690857 0.506109
vt 0.696619 0.502103
vt 0.696505 0.509108
vt 0.695452 0.501702
vt 0.697509 0.508401
vt 0.694219 0.501679
vt 0.698245 0.507420
vt 0.691217 0.507290
vt 0.693041 0.502027
vt 0.698645 0.506260
vt 0.691927 0.508297
vt 0.692030 0.502726
vt 0.976316 0.726655
vt 0.975682 0.725464
vt 0.976824 0.724887
vt 0.977426 0.726028
vt 0.968616 0.723710
vt 0.968072 0.722190
vt 0.973690 0.720400
vt 0.974107 0.721710
vt 0.966452 0.715776
vt 0.966185 0.714096
vt 0.972445 0.713335
vt 0.972578 0.714823
vt 0.974726 0.734624
vt 0.979388 0.731204
vt 0.969215 0.725196
vt 0.974575 0.722989
vt 0.966773 0.717427
vt 0.972771 0.716271
vt 0.975651 0.735859
vt 0.980313 0.732310
vt 0.969867 0.726647
vt 0.975095 0.724245
vt 0.967150 0.719047
vt 0.973021 0.717682
vt 0.976571 0.737064
vt 0.981336 0.733427
vt 0.970571 0.728061
vt 0.967583 0.720635
vt 0.973328 0.719058
vt 0.965672 0.708904
vt 0.965577 0.707134
vt 0.972450 0.706818
vt 0.972366 0.708582
vt 0.971322 0.729439
vt 0.965801 0.710658
vt 0.972343 0.710235
vt 0.972118 0.730781
vt 0.977002 0.727822
vt 0.965970 0.712390
vt 0.972378 0.711809
vt 0.975777 0.722524
vt 0.975333 0.721302
vt 0.977984 0.720442
vt 0.978361 0.721529
vt 0.974613 0.718759
vt 0.974945 0.720047
vt 0.973961 0.708688
vt 0.973853 0.710268
vt 0.978085 0.727143
vt 0.973807 0.711791
vt 0.978801 0.728235
vt 0.973857 0.713263
vt 0.979576 0.729305
vt 0.973959 0.714692
vt 0.980413 0.730357
vt 0.974119 0.716083
vt 0.981314 0.731393
vt 0.976283 0.723714
vt 0.974338 0.717438
vt 0.982270 0.732376
vt 0.974147 0.707058
vt 0.976999 0.711894
vt 0.977131 0.710536
vt 0.979197 0.710861
vt 0.979027 0.712043
vt 0.976968 0.714488
vt 0.977053 0.715739
vt 0.982561 0.728439
vt 0.983442 0.729324
vt 0.978779 0.722594
vt 0.977199 0.716960
vt 0.984500 0.730185
vt 0.979263 0.723638
vt 0.977404 0.718152
vt 0.977802 0.707608
vt 0.977397 0.709137
vt 0.979804 0.724655
vt 0.977666 0.719314
vt 0.980403 0.725644
vt 0.981058 0.726604
vt 0.976948 0.713207
vt 0.981774 0.727535
vt 0.985404 0.728557
vt 0.984633 0.727912
vt 0.985839 0.726687
vt 0.986526 0.727331
vt 0.981920 0.724714
vt 0.982524 0.725581
vt 0.978935 0.713224
vt 0.983178 0.726412
vt 0.979421 0.718849
vt 0.979681 0.719904
vt 0.978913 0.714392
vt 0.983882 0.727194
vt 0.979981 0.720942
vt 0.978954 0.715541
vt 0.980404 0.721928
vt 0.979055 0.716668
vt 0.980862 0.722885
vt 0.979211 0.717771
vt 0.979728 0.708566
vt 0.979387 0.709669
vt 0.981366 0.723814
vt 0.352865 0.524368
vt 0.349555 0.524520
vt 0.349545 0.522998
vt 0.352857 0.523351
vt 0.982044 0.721237
vt 0.982449 0.722099
vt 0.980930 0.716495
vt 0.981045 0.717501
vt 0.981648 0.709021
vt 0.981386 0.710124
vt 0.982906 0.722938
vt 0.981211 0.718482
vt 0.981173 0.711205
vt 0.983410 0.723753
vt 0.981012 0.712288
vt 0.983957 0.724538
vt 0.980906 0.713361
vt 0.984547 0.725291
vt 0.981429 0.719434
vt 0.980857 0.714421
vt 0.985176 0.726008
vt 0.981702 0.720353
vt 0.980866 0.715467
vt 0.356154 0.530733
vt 0.354013 0.533244
vt 0.352995 0.532273
vt 0.355420 0.530006
vt 0.360741 0.532796
vt 0.360433 0.536067
vt 0.359003 0.535814
vt 0.359739 0.532622
vt 0.349751 0.521405
vt 0.353024 0.522348
vt 0.352086 0.531192
vt 0.354771 0.529195
vt 0.357637 0.535392
vt 0.358767 0.532319
vt 0.350221 0.519679
vt 0.353396 0.521413
vt 0.351291 0.530016
vt 0.354216 0.528306
vt 0.356344 0.534815
vt 0.357837 0.531897
vt 0.365606 0.531175
vt 0.368313 0.534079
vt 0.366618 0.535026
vt 0.364727 0.531845
vt 0.350655 0.528737
vt 0.353762 0.527347
vt 0.355132 0.534095
vt 0.356963 0.531366
vt 0.365012 0.535647
vt 0.363768 0.532337
vt 0.350129 0.527392
vt 0.353331 0.526378
vt 0.363444 0.536008
vt 0.362768 0.532663
vt 0.349756 0.525985
vt 0.353028 0.525381
vt 0.361915 0.536133
vt 0.361757 0.532832
vt 0.632204 0.008154
vt 0.633440 0.008482
vt 0.628019 0.026225
vt 0.644100 0.008014
vt 0.645193 0.009422
vt 0.644025 0.010551
vt 0.642995 0.009331
vt 0.620067 0.003852
vt 0.621710 0.003165
vt 0.622139 0.004520
vt 0.620666 0.005096
vt 0.633637 0.001978
vt 0.635337 0.002338
vt 0.634741 0.004267
vt 0.633160 0.003862
vt 0.641590 0.005582
vt 0.642893 0.006736
vt 0.641841 0.008204
vt 0.640583 0.007179
vt 0.616976 0.005913
vt 0.618460 0.004716
vt 0.619313 0.005867
vt 0.618132 0.006753
vt 0.625122 0.002199
vt 0.626837 0.001911
vt 0.626785 0.003516
vt 0.625211 0.003728
vt 0.630246 0.001695
vt 0.631942 0.001770
vt 0.631565 0.003593
vt 0.629967 0.003449
vt 0.640190 0.004548
vt 0.639233 0.006261
vt 0.646134 0.010972
vt 0.644896 0.011849
vt 0.623406 0.002615
vt 0.623658 0.004062
vt 0.628546 0.001743
vt 0.628372 0.003424
vt 0.646828 0.012673
vt 0.645553 0.013188
vt 0.625923 0.007940
vt 0.627164 0.007796
vt 0.640780 0.013175
vt 0.641541 0.014099
vt 0.634650 0.008905
vt 0.628421 0.007744
vt 0.642213 0.015050
vt 0.635824 0.009418
vt 0.620241 0.009930
vt 0.621287 0.009378
vt 0.636946 0.010023
vt 0.622382 0.008897
vt 0.638010 0.010709
vt 0.629686 0.007786
vt 0.623522 0.008493
vt 0.639009 0.011468
vt 0.630949 0.007922
vt 0.624705 0.008173
vt 0.639935 0.012294
vt 0.917758 0.317678
vt 0.916181 0.316260
vt 0.919094 0.313094
vt 0.920570 0.314443
vt 0.895308 0.293954
vt 0.893894 0.292373
vt 0.897318 0.289794
vt 0.898507 0.291262
vt 0.913012 0.313325
vt 0.911441 0.311787
vt 0.914719 0.308621
vt 0.916183 0.310173
vt 0.902181 0.301946
vt 0.900725 0.300304
vt 0.904034 0.297254
vt 0.905542 0.298814
vt 0.909874 0.310207
vt 0.908309 0.308600
vt 0.911739 0.305357
vt 0.913241 0.307014
vt 0.914590 0.314817
vt 0.917639 0.311665
vt 0.922546 0.321740
vt 0.920910 0.320399
vt 0.923627 0.317017
vt 0.925231 0.318261
vt 0.899317 0.298681
vt 0.897955 0.297081
vt 0.901164 0.294221
vt 0.902574 0.295725
vt 0.906781 0.306934
vt 0.905225 0.305262
vt 0.908670 0.302038
vt 0.910196 0.303722
vt 0.919337 0.319050
vt 0.922079 0.315748
vt 0.896630 0.295508
vt 0.899807 0.292738
vt 0.903681 0.303601
vt 0.907092 0.300407
vt 0.924258 0.323243
vt 0.926900 0.319486
vt 0.911305 0.318400
vt 0.909621 0.316890
vt 0.912996 0.319858
vt 0.914691 0.321265
vt 0.916385 0.322623
vt 0.918071 0.323949
vt 0.919740 0.325118
vt 0.921261 0.326109
vt 0.892065 0.296646
vt 0.891128 0.295081
vt 0.893180 0.298302
vt 0.894395 0.300007
vt 0.895689 0.301740
vt 0.897053 0.303490
vt 0.898477 0.305243
vt 0.899947 0.306985
vt 0.901510 0.308669
vt 0.903041 0.310397
vt 0.904665 0.312057
vt 0.906296 0.313721
vt 0.907951 0.315329
vt 0.910760 0.315609
vt 0.909125 0.314058
vt 0.907505 0.312464
vt 0.905912 0.310837
vt 0.904311 0.309196
vt 0.902756 0.307534
vt 0.901247 0.305841
vt 0.899774 0.304114
vt 0.898346 0.302400
vt 0.896973 0.300699
vt 0.895663 0.299017
vt 0.894422 0.297370
vt 0.893258 0.295785
vt 0.892180 0.294378
vt 0.922028 0.325093
vt 0.920608 0.323910
vt 0.919037 0.322629
vt 0.917372 0.321331
vt 0.915714 0.319975
vt 0.914058 0.318567
vt 0.912405 0.317112
vt 0.350188 0.532612
vt 0.349268 0.531214
vt 0.356752 0.537649
vt 0.355217 0.536934
vt 0.369627 0.537077
vt 0.367656 0.537858
vt 0.348467 0.529731
vt 0.353782 0.536063
vt 0.365684 0.538399
vt 0.347815 0.528160
vt 0.363754 0.538720
vt 0.347330 0.526495
vt 0.361882 0.538734
vt 0.347028 0.524746
vt 0.352459 0.535045
vt 0.360093 0.538562
vt 0.346924 0.522923
vt 0.351256 0.533891
vt 0.358380 0.538196
vt 0.347035 0.521041
vt 0.347370 0.519183
vt 0.525266 0.129559
vt 0.508014 0.109227
vt 0.539854 0.105252
vt 0.533406 0.151103
s 1
usemtl airship
f 117/1/1 116/2/2 78/3/3 77/4/4
f 34/5/5 4/6/6 8/7/7 35/8/8
f 60/9/9 62/10/10 30/11/11 13/12/12
f 36/13/13 6/14/14 2/15/15 33/16/16
f 66/17/17 72/18/18 27/19/19 12/20/20
f 35/8/21 8/7/22 24/21/23 38/22/24
f 85/23/25 84/24/26 42/25/27 45/26/28
f 65/27/29 67/28/30 9/29/31 11/30/32
f 68/31/33 66/17/34 12/20/35 10/32/36
f 67/33/37 70/34/38 25/35/39 9/36/31
f 82/37/40 83/38/41 43/39/42 44/40/43
f 58/41/44 64/42/45 31/43/46 16/44/47
f 57/45/48 60/46/9 13/47/12 15/48/49
f 59/49/50 58/41/51 16/44/52 14/50/53
f 61/51/54 59/52/55 14/53/56 29/54/57
f 39/55/58 19/56/59 4/57/6 34/58/5
f 63/59/60 57/45/61 15/48/62 32/60/63
f 115/61/64 113/62/65 80/63/66 79/64/67
f 37/65/68 23/66/69 6/14/70 36/13/71
f 71/67/72 65/27/73 11/30/74 28/68/75
f 69/69/76 68/70/33 10/71/77 26/72/78
f 61/51/54 29/54/57 30/11/11 62/10/10
f 81/73/79 82/37/80 44/40/81 48/74/82
f 69/69/76 26/72/78 25/35/39 70/34/38
f 63/59/60 32/60/63 31/43/46 64/42/45
f 113/62/65 114/75/83 76/76/84 80/63/66
f 71/67/72 28/68/75 27/19/19 72/18/18
f 37/65/68 22/77/85 21/78/86 38/22/24
f 39/55/58 18/79/87 17/80/88 40/81/89
f 33/82/90 2/83/91 20/84/92 40/81/89
f 1/85/93 33/82/90 40/81/89 17/80/88
f 19/56/59 39/55/58 40/81/89 20/84/92
f 23/66/69 37/65/68 38/22/24 24/21/23
f 22/77/85 37/65/68 36/13/71 5/86/94
f 18/79/87 39/55/58 34/58/5 3/87/95
f 7/88/96 35/8/21 38/22/24 21/78/86
f 5/86/97 36/13/13 33/16/16 1/89/98
f 3/90/95 34/5/5 35/8/8 7/88/99
f 44/40/100 43/39/101 51/91/102 52/92/100
f 47/93/103 48/74/104 56/94/105 55/95/106
f 45/26/107 42/25/108 50/96/109 53/97/110
f 86/98/111 81/73/79 48/74/82 47/93/112
f 87/99/113 85/23/25 45/26/28 46/100/114
f 88/101/115 86/98/111 47/93/112 41/102/116
f 84/103/26 88/101/117 41/102/118 42/104/27
f 83/105/41 87/99/113 46/100/114 43/106/42
f 56/94/119 52/92/120 100/107/121 104/108/122
f 50/109/123 49/110/124 97/111/125 98/112/126
f 54/113/127 53/97/128 101/114/129 102/115/130
f 41/102/131 47/93/103 55/95/106 49/110/131
f 43/106/101 46/100/132 54/113/133 51/116/102
f 46/100/132 45/26/107 53/97/110 54/113/133
f 42/104/108 41/102/134 49/110/134 50/109/109
f 48/74/104 44/40/135 52/92/135 56/94/105
f 28/68/75 63/59/60 64/42/45 27/19/19
f 26/72/78 61/51/54 62/10/10 25/35/39
f 28/68/75 11/30/74 57/45/61 63/59/60
f 26/72/78 10/71/77 59/52/55 61/51/54
f 10/32/36 12/20/35 58/41/51 59/49/50
f 11/30/32 9/29/31 60/46/9 57/45/48
f 12/20/20 27/19/19 64/42/45 58/41/44
f 9/36/31 25/35/39 62/10/10 60/9/9
f 22/77/85 71/67/72 72/18/18 21/78/86
f 18/79/87 69/69/76 70/34/38 17/80/88
f 18/79/87 3/87/95 68/70/33 69/69/76
f 22/77/85 5/86/94 65/27/73 71/67/72
f 1/85/93 17/80/88 70/34/38 67/33/37
f 3/90/95 7/88/99 66/17/34 68/31/33
f 5/86/97 1/89/98 67/28/30 65/27/29
f 7/88/96 21/78/86 72/18/18 66/17/17
f 76/76/136 74/117/137 77/118/4 80/63/138
f 79/64/139 78/119/140 73/120/141 75/121/142
f 78/119/140 79/64/139 80/63/138 77/118/4
f 118/122/143 115/61/64 79/64/67 75/121/144
f 119/123/145 118/122/146 75/121/142 73/120/141
f 120/124/147 117/1/1 77/4/4 74/125/137
f 114/75/148 120/126/147 74/117/137 76/76/136
f 116/2/2 119/127/149 73/128/150 78/3/3
f 95/129/151 92/130/152 87/99/113 83/105/41
f 96/131/153 93/132/154 88/101/117 84/103/26
f 93/132/155 91/133/156 86/98/111 88/101/115
f 92/130/152 90/134/157 85/23/25 87/99/113
f 91/133/156 89/135/158 81/73/79 86/98/111
f 89/135/158 94/136/159 82/37/80 81/73/79
f 94/136/160 95/137/151 83/38/41 82/37/40
f 90/134/157 96/138/161 84/24/26 85/23/25
f 29/54/57 14/53/56 96/138/161 90/134/157
f 15/48/49 13/47/12 95/137/151 94/136/160
f 32/60/63 15/48/62 94/136/159 89/135/158
f 31/43/46 32/60/63 89/135/158 91/133/156
f 30/11/11 29/54/57 90/134/157 92/130/152
f 16/44/47 31/43/46 91/133/156 93/132/155
f 14/50/53 16/44/52 93/132/154 96/131/153
f 13/12/12 30/11/11 92/130/152 95/129/151
f 97/111/162 103/139/163 111/140/164 105/141/165
f 100/107/166 99/142/167 107/143/168 108/144/169
f 103/139/163 104/108/122 112/145/170 111/140/164
f 53/97/128 50/96/123 98/146/126 101/114/129
f 55/95/171 56/94/119 104/108/122 103/139/163
f 52/92/172 51/91/173 99/142/167 100/107/166
f 49/110/174 55/95/171 103/139/163 97/111/162
f 51/116/173 54/113/127 102/115/130 99/147/167
f 99/147/167 102/115/130 110/148/175 107/149/168
f 102/115/130 101/114/129 109/150/176 110/148/175
f 98/112/126 97/111/125 105/141/177 106/151/178
f 104/108/122 100/107/121 108/144/179 112/145/170
f 101/114/129 98/146/126 106/152/178 109/150/176
f 20/84/92 2/83/91 119/127/149 116/2/2
f 8/7/7 4/6/6 120/126/147 114/75/148
f 4/57/6 19/56/59 117/1/1 120/124/147
f 2/15/15 6/14/14 118/122/146 119/123/145
f 6/14/70 23/66/69 115/61/64 118/122/143
f 24/21/23 8/7/22 114/75/83 113/62/65
f 23/66/69 24/21/23 113/62/65 115/61/64
f 19/56/59 20/84/92 116/2/2 117/1/1
f 126/153/180 125/154/181 121/155/182 123/156/182
f 124/157/183 122/158/183 125/154/181 126/153/180
f 132/159/184 131/160/185 127/161/186 129/162/186
f 130/163/187 128/164/187 131/160/185 132/159/184
f 138/165/188 137/166/189 133/167/190 135/168/190
f 136/169/191 134/170/191 137/166/189 138/165/188
f 144/171/192 143/172/193 139/173/194 141/174/194
f 142/175/195 140/176/195 143/172/193 144/171/192
f 150/177/196 149/178/197 145/179/198 147/180/198
f 148/181/199 146/182/199 149/178/197 150/177/196
f 472/183/200 152/184/201 154/185/202 473/186/203
f 473/186/203 154/185/202 156/187/204 474/188/205
f 474/188/205 156/187/204 158/189/206 475/190/207
f 475/190/207 158/189/206 160/191/208 476/192/209
f 476/192/209 160/191/208 162/193/210 477/194/211
f 477/194/211 162/193/210 164/195/212 478/196/213
f 478/196/213 164/195/212 166/197/214 479/198/215
f 479/198/215 166/197/214 168/199/216 480/200/217
f 480/200/217 168/199/216 170/201/218 481/202/219
f 481/202/219 170/201/218 172/203/220 482/204/221
f 482/204/221 172/203/220 174/205/222 483/206/223
f 483/206/223 174/205/222 176/207/224 484/208/225
f 484/208/225 176/207/224 178/209/226 485/210/227
f 485/211/227 178/212/226 180/213/228 486/214/229
f 486/214/229 180/213/228 182/215/230 487/216/231
f 487/216/231 182/215/230 184/217/232 488/218/233
f 488/218/233 184/217/232 186/219/234 489/220/235
f 489/220/235 186/219/234 188/221/236 490/222/237
f 158/223/238 156/224/239 193/225/239 194/226/238
f 490/222/237 188/221/236 190/227/240 491/228/241
f 491/228/241 190/227/240 152/184/201 472/183/200
f 433/229/242 432/230/243 417/231/244 416/232/242
f 192/233/245 191/234/246 211/235/246 212/236/245
f 168/237/247 166/238/248 198/239/248 199/240/247
f 154/241/249 152/242/250 191/243/250 192/244/249
f 178/245/251 176/246/252 203/247/252 204/248/251
f 188/249/253 186/250/254 208/251/254 209/252/253
f 164/253/255 162/254/256 196/255/256 197/256/255
f 174/257/257 172/258/258 201/259/258 202/260/257
f 184/261/259 182/262/260 206/263/260 207/264/259
f 160/265/261 158/223/238 194/226/238 195/266/261
f 170/267/262 168/237/247 199/240/247 200/268/262
f 180/269/263 178/245/251 204/248/251 205/270/263
f 190/271/264 188/249/253 209/252/253 210/272/264
f 156/224/239 154/241/249 192/244/249 193/225/239
f 166/238/248 164/253/255 197/256/255 198/239/248
f 176/246/252 174/257/257 202/260/257 203/247/252
f 186/250/254 184/261/259 207/264/259 208/251/254
f 162/254/256 160/265/261 195/266/261 196/255/256
f 172/258/258 170/267/262 200/268/262 201/259/258
f 182/262/260 180/269/263 205/270/263 206/263/260
f 152/242/250 190/271/264 210/272/264 191/243/250
f 211/273/265 230/274/266 250/275/267 231/276/268
f 207/277/269 206/278/270 226/279/270 227/280/269
f 200/281/271 199/282/272 219/283/272 220/284/271
f 193/285/273 192/233/245 212/236/245 213/286/273
f 208/287/274 207/277/269 227/280/269 228/288/274
f 201/289/275 200/281/271 220/284/271 221/290/275
f 194/291/276 193/285/273 213/286/273 214/292/276
f 209/293/277 208/287/274 228/288/274 229/294/277
f 202/295/278 201/289/275 221/290/275 222/296/278
f 195/297/279 194/291/276 214/292/276 215/298/279
f 210/299/280 209/293/277 229/294/277 230/300/280
f 203/301/281 202/302/278 222/303/278 223/304/281
f 196/305/282 195/297/279 215/298/279 216/306/282
f 191/234/246 210/299/280 230/300/280 211/235/246
f 204/307/283 203/301/281 223/304/281 224/308/283
f 197/309/284 196/305/282 216/306/282 217/310/284
f 205/311/285 204/307/283 224/308/283 225/312/285
f 198/313/286 197/309/284 217/310/284 218/314/286
f 206/278/270 205/311/285 225/312/285 226/279/270
f 199/282/272 198/313/286 218/314/286 219/283/272
f 248/315/287 247/316/288 267/317/289 268/318/290
f 224/319/291 223/320/292 243/321/293 244/322/294
f 217/323/295 216/324/296 236/325/297 237/326/298
f 225/327/299 224/319/291 244/322/294 245/328/300
f 218/329/301 217/323/295 237/326/298 238/330/302
f 226/331/303 225/327/299 245/328/300 246/332/304
f 219/333/305 218/329/301 238/330/302 239/334/306
f 212/335/307 211/273/265 231/276/268 232/336/308
f 227/337/309 226/331/303 246/332/304 247/316/288
f 220/338/310 219/333/305 239/334/306 240/339/311
f 213/340/312 212/335/307 232/336/308 233/341/313
f 228/342/314 227/337/309 247/316/288 248/315/287
f 221/343/315 220/338/310 240/339/311 241/344/316
f 214/345/317 213/340/312 233/341/313 234/346/318
f 229/347/319 228/342/314 248/315/287 249/348/320
f 222/349/321 221/343/315 241/344/316 242/350/322
f 215/351/323 214/345/317 234/346/318 235/352/324
f 230/274/266 229/347/319 249/348/320 250/275/267
f 223/320/292 222/349/321 242/350/322 243/321/293
f 216/324/296 215/351/323 235/352/324 236/325/297
f 265/353/325 264/354/326 284/355/327 285/356/328
f 241/344/316 240/339/311 260/357/329 261/358/330
f 234/346/318 233/341/313 253/359/331 254/360/332
f 249/348/320 248/315/287 268/318/290 269/361/333
f 242/350/322 241/344/316 261/358/330 262/362/334
f 235/352/324 234/346/318 254/360/332 255/363/335
f 250/275/267 249/348/320 269/361/333 270/364/336
f 243/321/293 242/350/322 262/362/334 263/365/337
f 236/325/297 235/352/324 255/363/335 256/366/338
f 231/276/268 250/275/267 270/364/336 251/367/339
f 244/322/294 243/321/293 263/365/337 264/354/326
f 237/326/298 236/325/297 256/366/338 257/368/340
f 245/328/300 244/322/294 264/354/326 265/353/325
f 238/330/302 237/326/298 257/368/340 258/369/341
f 246/332/304 245/328/300 265/353/325 266/370/342
f 239/334/306 238/330/302 258/369/341 259/371/343
f 232/336/308 231/276/268 251/367/339 252/372/344
f 247/316/288 246/332/304 266/370/342 267/317/289
f 240/339/311 239/334/306 259/371/343 260/357/329
f 233/341/313 232/336/308 252/372/344 253/359/331
f 282/373/345 281/374/346 301/375/346 302/376/345
f 258/369/341 257/368/340 277/377/347 278/378/348
f 266/370/342 265/353/325 285/356/328 286/379/349
f 259/371/343 258/369/341 278/378/348 279/380/350
f 252/372/344 251/367/339 271/381/351 272/382/352
f 267/317/289 266/370/342 286/379/349 287/383/353
f 260/357/329 259/371/343 279/380/350 280/384/354
f 253/359/331 252/372/344 272/382/352 273/385/355
f 268/318/290 267/317/289 287/383/353 288/386/356
f 261/358/330 260/357/329 280/384/354 281/374/357
f 254/360/332 253/359/331 273/385/355 274/387/358
f 269/361/333 268/318/290 288/386/356 289/388/359
f 262/362/334 261/358/330 281/374/357 282/373/360
f 255/363/335 254/360/332 274/387/358 275/389/361
f 270/364/336 269/361/333 289/388/359 290/390/362
f 263/365/337 262/362/334 282/373/360 283/391/363
f 256/366/338 255/363/335 275/389/361 276/392/364
f 251/367/339 270/364/336 290/390/362 271/381/351
f 264/354/326 263/365/337 283/391/363 284/355/327
f 257/368/340 256/366/338 276/392/364 277/377/347
f 299/393/216 298/394/214 318/395/214 319/396/216
f 275/389/365 274/387/366 294/397/366 295/398/365
f 290/390/367 289/388/368 309/399/368 310/400/367
f 283/391/369 282/373/345 302/376/345 303/401/369
f 276/392/370 275/389/365 295/398/365 296/402/370
f 271/381/371 290/390/367 310/400/367 291/403/371
f 284/355/372 283/391/369 303/401/369 304/404/372
f 277/377/373 276/392/370 296/402/370 297/405/373
f 285/356/374 284/355/372 304/404/372 305/406/374
f 278/378/375 277/377/373 297/405/373 298/407/375
f 286/379/376 285/356/374 305/406/374 306/408/376
f 279/380/377 278/378/375 298/407/375 299/409/377
f 272/382/378 271/381/371 291/403/371 292/410/378
f 287/383/379 286/379/376 306/408/376 307/411/379
f 280/384/380 279/380/377 299/409/377 300/412/380
f 273/385/381 272/382/378 292/410/378 293/413/381
f 288/386/382 287/383/379 307/411/379 308/414/382
f 281/374/346 280/384/380 300/412/380 301/375/346
f 274/387/366 273/385/381 293/413/381 294/397/366
f 289/388/368 288/386/382 308/414/382 309/399/368
f 316/415/383 315/416/384 335/417/384 336/418/383
f 292/419/202 291/420/201 311/421/201 312/422/202
f 307/423/232 306/424/230 326/425/230 327/426/232
f 300/427/218 299/393/216 319/396/216 320/428/218
f 293/429/204 292/419/202 312/422/202 313/430/204
f 308/431/234 307/423/232 327/426/232 328/432/234
f 301/433/220 300/427/218 320/428/218 321/434/220
f 294/435/206 293/429/204 313/430/204 314/436/206
f 309/437/236 308/431/234 328/432/234 329/438/236
f 302/439/222 301/433/220 321/434/220 322/440/222
f 295/441/208 294/435/206 314/436/206 315/416/208
f 310/442/240 309/437/236 329/438/236 330/443/240
f 303/444/224 302/445/222 322/446/222 323/447/224
f 296/448/210 295/441/208 315/416/208 316/415/210
f 291/420/201 310/442/240 330/443/240 311/421/201
f 304/449/226 303/444/224 323/447/224 324/450/226
f 297/451/212 296/448/210 316/415/210 317/452/212
f 305/453/228 304/449/226 324/450/226 325/454/228
f 298/394/214 297/451/212 317/452/212 318/395/214
f 306/424/230 305/453/228 325/454/228 326/425/230
f 333/455/204 332/456/202 352/457/202 353/458/204
f 311/421/385 330/443/386 350/459/386 331/460/385
f 324/450/387 323/447/388 343/461/388 344/462/387
f 317/452/389 316/415/383 336/418/383 337/463/389
f 325/454/390 324/450/387 344/462/387 345/464/390
f 318/395/391 317/452/389 337/463/389 338/465/391
f 326/425/392 325/454/390 345/464/390 346/466/392
f 319/396/393 318/395/391 338/465/391 339/467/393
f 312/422/394 311/421/385 331/460/385 332/456/394
f 327/426/395 326/425/392 346/466/392 347/468/395
f 320/428/396 319/396/393 339/467/393 340/469/396
f 313/430/397 312/422/394 332/456/394 333/455/397
f 328/432/398 327/426/395 347/468/395 348/470/398
f 321/434/399 320/428/396 340/469/396 341/471/399
f 314/436/400 313/430/397 333/455/397 334/472/400
f 329/438/401 328/432/398 348/470/398 349/473/401
f 322/440/402 321/434/399 341/471/399 342/474/402
f 315/416/384 314/436/400 334/472/400 335/417/384
f 330/443/386 329/438/401 349/473/401 350/459/386
f 323/447/388 322/446/402 342/475/402 343/461/388
f 365/476/403 364/477/404 384/478/404 385/479/403
f 348/470/234 347/468/232 367/480/232 368/481/234
f 341/471/220 340/469/218 360/482/218 361/483/220
f 334/472/206 333/455/204 353/458/204 354/484/206
f 349/473/236 348/470/234 368/481/234 369/485/236
f 342/474/222 341/471/220 361/483/220 362/486/222
f 335/417/208 334/472/206 354/484/206 355/487/208
f 350/459/240 349/473/236 369/485/236 370/488/240
f 343/461/224 342/475/222 362/489/222 363/490/224
f 336/418/210 335/417/208 355/487/208 356/491/210
f 331/460/201 350/459/240 370/488/240 351/492/201
f 344/462/226 343/461/224 363/490/224 364/477/226
f 337/463/212 336/418/210 356/491/210 357/493/212
f 345/464/228 344/462/226 364/477/226 365/476/228
f 338/465/214 337/463/212 357/493/212 358/494/214
f 346/466/230 345/464/228 365/476/228 366/495/230
f 339/467/216 338/465/214 358/494/214 359/496/216
f 332/456/202 331/460/201 351/492/201 352/457/202
f 347/468/232 346/466/230 366/495/230 367/480/232
f 340/469/218 339/467/216 359/496/216 360/482/218
f 382/497/222 381/498/220 401/499/220 402/500/222
f 358/494/405 357/493/406 377/501/406 378/502/405
f 366/495/407 365/476/403 385/479/403 386/503/407
f 359/496/408 358/494/405 378/502/405 379/504/408
f 352/457/409 351/492/410 371/505/410 372/506/409
f 367/480/411 366/495/407 386/503/407 387/507/411
f 360/482/412 359/496/408 379/504/408 380/508/412
f 353/458/413 352/457/409 372/506/409 373/509/413
f 368/481/414 367/480/411 387/507/411 388/510/414
f 361/483/415 360/482/412 380/508/412 381/498/415
f 354/484/416 353/458/413 373/509/413 374/511/416
f 369/485/417 368/481/414 388/510/414 389/512/417
f 362/486/418 361/483/415 381/498/415 382/497/418
f 355/487/419 354/484/416 374/511/416 375/513/419
f 370/488/420 369/485/417 389/512/417 390/514/420
f 363/490/421 362/489/418 382/515/418 383/516/421
f 356/491/422 355/487/419 375/513/419 376/517/422
f 351/492/410 370/488/420 390/514/420 371/505/410
f 364/477/404 363/490/421 383/516/421 384/478/404
f 357/493/406 356/491/422 376/517/422 377/501/406
f 399/518/423 540/519/424 541/520/425 400/521/425
f 375/513/208 374/511/206 394/522/206 395/523/208
f 390/514/240 389/512/236 409/524/236 410/525/240
f 383/516/224 382/515/222 402/526/222 403/527/224
f 376/517/210 375/513/208 395/523/208 396/528/210
f 371/505/201 390/514/240 410/525/240 391/529/201
f 384/478/226 383/516/224 403/527/224 404/530/226
f 377/501/212 376/517/210 396/528/210 397/531/212
f 385/479/228 384/478/226 404/530/226 405/532/228
f 378/502/214 377/501/212 397/531/212 398/533/214
f 386/503/230 385/479/228 405/532/228 406/534/230
f 379/504/216 378/502/214 398/533/214 399/535/216
f 372/506/202 371/505/201 391/529/201 392/536/202
f 387/507/232 386/503/230 406/534/230 407/537/232
f 380/508/218 379/504/216 399/535/216 400/538/218
f 373/509/204 372/506/202 392/536/202 393/539/204
f 388/510/234 387/507/232 407/537/232 408/540/234
f 381/498/220 380/508/218 400/538/218 401/499/220
f 374/511/206 373/509/204 393/539/204 394/522/206
f 389/512/236 388/510/234 408/540/234 409/524/236
f 392/541/426 533/542/426 534/543/427 393/544/428
f 407/545/429 548/546/430 549/547/431 408/548/431
f 400/521/425 541/520/425 542/549/432 401/550/432
f 393/544/428 534/543/427 535/551/433 394/552/434
f 408/548/431 549/547/431 550/553/435 409/554/435
f 401/550/432 542/549/432 543/555/436 402/556/436
f 394/552/434 535/551/433 536/557/437 395/558/437
f 409/554/435 550/553/435 551/559/438 410/560/438
f 402/561/436 543/562/436 544/563/439 403/564/439
f 395/558/437 536/557/437 537/565/440 396/566/440
f 410/560/438 551/559/438 532/567/441 391/568/441
f 403/564/439 544/563/439 545/569/442 404/570/442
f 396/566/440 537/565/440 538/571/443 397/572/443
f 404/570/442 545/569/442 546/573/444 405/574/444
f 397/572/443 538/571/443 539/575/445 398/576/445
f 405/574/444 546/573/444 547/577/446 406/578/446
f 398/576/445 539/575/445 540/519/424 399/518/423
f 406/578/446 547/577/446 548/546/430 407/545/429
f 453/579/447 452/580/448 431/581/449
f 435/582/450 434/583/451 422/584/452 421/585/453
f 437/586/454 436/587/455 427/588/456 426/589/454
f 439/590/457 438/591/458 415/592/459 414/593/460
f 441/594/461 440/595/462 420/596/463 419/597/464
f 443/598/465 442/599/466 425/600/467 424/601/468
f 445/602/469 444/603/470 430/604/471 429/605/472
f 447/606/473 446/607/474 413/608/475 412/609/476
f 432/230/243 448/610/477 418/611/478 417/231/244
f 434/583/451 449/612/479 423/613/480 422/584/452
f 436/587/455 450/614/481 428/615/482 427/588/456
f 438/591/458 433/229/242 416/232/242 415/592/459
f 440/595/462 435/582/450 421/585/453 420/596/463
f 442/599/466 437/586/454 426/589/454 425/600/467
f 444/603/470 451/616/483 411/617/484 430/604/471
f 446/607/474 439/590/457 414/593/460 413/608/475
f 448/610/477 441/594/461 419/597/464 418/611/478
f 451/616/483 447/606/473 412/609/476 411/617/484
f 449/612/479 443/618/465 424/619/468 423/613/480
f 450/614/481 445/602/469 429/605/472 428/615/482
f 455/620/485 454/621/486 431/581/449
f 457/622/487 456/623/488 431/581/449
f 452/580/448 458/624/489 431/581/449
f 454/621/486 459/625/490 431/581/449
f 456/623/488 460/626/491 431/581/449
f 458/624/489 461/627/492 431/581/449
f 460/628/491 462/629/493 431/581/449
f 461/627/492 463/630/494 431/581/449
f 462/629/493 464/631/495 431/581/449
f 463/630/494 465/632/496 431/581/449
f 459/625/490 466/633/497 431/581/449
f 464/631/495 467/634/498 431/581/449
f 465/632/496 468/635/499 431/581/449
f 466/633/497 469/636/500 431/581/449
f 467/634/498 470/637/501 431/581/449
f 468/635/499 471/638/502 431/581/449
f 469/636/500 453/579/447 431/581/449
f 470/637/501 455/620/485 431/581/449
f 471/638/502 457/622/487 431/581/449
f 185/639/503 187/640/504 445/641/504 450/642/503
f 175/643/505 177/644/506 443/645/506 449/646/505
f 151/647/507 153/648/508 447/649/508 451/650/507
f 165/651/509 167/652/510 441/653/510 448/654/509
f 155/655/511 157/656/512 439/657/512 446/658/511
f 189/659/513 151/647/507 451/650/507 444/660/513
f 179/661/514 181/662/515 437/663/515 442/664/514
f 169/665/516 171/666/517 435/667/517 440/668/516
f 159/669/518 161/670/519 433/671/519 438/672/518
f 183/673/520 185/639/503 450/642/503 436/674/520
f 173/675/521 175/643/505 449/646/505 434/676/521
f 163/677/522 165/651/509 448/654/509 432/678/522
f 153/648/508 155/655/511 446/658/511 447/649/508
f 187/640/504 189/659/513 444/660/513 445/641/504
f 177/679/506 179/661/514 442/664/514 443/680/506
f 167/652/510 169/665/516 440/668/516 441/653/510
f 157/656/512 159/669/518 438/672/518 439/657/512
f 181/662/515 183/673/520 436/674/520 437/663/515
f 171/666/517 173/675/521 434/676/521 435/667/517
f 161/670/519 163/677/522 432/678/522 433/671/519
f 421/585/523 422/584/524 457/622/487 471/638/502
f 428/615/525 429/605/526 455/620/485 470/637/501
f 413/608/527 414/593/528 453/579/447 469/636/500
f 420/596/529 421/585/523 471/638/502 468/635/499
f 427/588/530 428/615/525 470/637/501 467/634/498
f 412/609/531 413/608/527 469/636/500 466/633/497
f 419/597/532 420/596/529 468/635/499 465/632/496
f 426/589/533 427/588/530 467/634/498 464/631/495
f 411/617/534 412/609/531 466/633/497 459/625/490
f 418/611/535 419/597/532 465/632/496 463/630/494
f 425/600/536 426/589/533 464/631/495 462/629/493
f 417/231/537 418/611/535 463/630/494 461/627/492
f 424/601/538 425/600/536 462/629/493 460/628/491
f 416/232/539 417/231/537 461/627/492 458/624/489
f 423/613/540 424/619/538 460/626/491 456/623/488
f 430/604/541 411/617/534 459/625/490 454/621/486
f 415/592/542 416/232/539 458/624/489 452/580/448
f 422/584/524 423/613/540 456/623/488 457/622/487
f 429/605/526 430/604/541 454/621/486 455/620/485
f 414/593/528 415/592/542 452/580/448 453/579/447
f 510/681/543 491/228/241 472/183/200 511/682/544
f 509/683/545 490/222/237 491/228/241 510/681/543
f 508/684/546 489/220/235 490/222/237 509/683/545
f 507/685/547 488/218/233 489/220/235 508/684/546
f 506/686/548 487/216/231 488/218/233 507/685/547
f 505/687/549 486/214/229 487/216/231 506/686/548
f 504/688/550 485/211/227 486/214/229 505/687/549
f 503/689/551 484/208/225 485/210/227 504/690/550
f 502/691/552 483/206/223 484/208/225 503/689/551
f 501/692/553 482/204/221 483/206/223 502/691/552
f 500/693/554 481/202/219 482/204/221 501/692/553
f 499/694/555 480/200/217 481/202/219 500/693/554
f 498/695/556 479/198/215 480/200/217 499/694/555
f 497/696/557 478/196/213 479/198/215 498/695/556
f 496/697/558 477/194/211 478/196/213 497/696/557
f 495/698/559 476/192/209 477/194/211 496/697/558
f 494/699/560 475/190/207 476/192/209 495/698/559
f 493/700/561 474/188/205 475/190/207 494/699/560
f 492/701/562 473/186/203 474/188/205 493/700/561
f 511/682/544 472/183/200 473/186/203 492/701/562
f 531/702/563 511/682/544 492/701/562 512/703/564
f 512/703/564 492/701/562 493/700/561 513/704/565
f 513/704/565 493/700/561 494/699/560 514/705/566
f 514/705/566 494/699/560 495/698/559 515/706/567
f 515/706/567 495/698/559 496/697/558 516/707/568
f 516/707/568 496/697/558 497/696/557 517/708/569
f 517/708/569 497/696/557 498/695/556 518/709/570
f 518/709/570 498/695/556 499/694/555 519/710/571
f 519/710/571 499/694/555 500/693/554 520/711/572
f 520/711/572 500/693/554 501/692/553 521/712/573
f 521/712/573 501/692/553 502/691/552 522/713/574
f 522/713/574 502/691/552 503/689/551 523/714/575
f 523/714/575 503/689/551 504/690/550 524/715/576
f 524/716/576 504/688/550 505/687/549 525/717/577
f 525/717/577 505/687/549 506/686/548 526/718/578
f 526/718/578 506/686/548 507/685/547 527/719/579
f 527/719/579 507/685/547 508/684/546 528/720/580
f 528/720/580 508/684/546 509/683/545 529/721/581
f 529/721/581 509/683/545 510/681/543 530/722/582
f 530/722/582 510/681/543 511/682/544 531/702/563
f 189/659/583 530/722/582 531/702/563 151/647/584
f 187/640/585 529/721/581 530/722/582 189/659/583
f 185/639/586 528/720/580 529/721/581 187/640/585
f 183/673/587 527/719/579 528/720/580 185/639/586
f 181/662/588 526/718/578 527/719/579 183/673/587
f 179/661/589 525/717/577 526/718/578 181/662/588
f 177/679/590 524/716/576 525/717/577 179/661/589
f 175/643/591 523/714/575 524/715/576 177/644/590
f 173/675/592 522/713/574 523/714/575 175/643/591
f 171/666/593 521/712/573 522/713/574 173/675/592
f 169/665/594 520/711/572 521/712/573 171/666/593
f 167/652/595 519/710/571 520/711/572 169/665/594
f 165/651/596 518/709/570 519/710/571 167/652/595
f 163/677/597 517/708/569 518/709/570 165/651/596
f 161/670/598 516/707/568 517/708/569 163/677/597
f 159/669/599 515/706/567 516/707/568 161/670/598
f 157/656/600 514/705/566 515/706/567 159/669/599
f 155/655/601 513/704/565 514/705/566 157/656/600
f 153/648/602 512/703/564 513/704/565 155/655/601
f 151/647/584 531/702/563 512/703/564 153/648/602
f 535/551/206 555/723/206 556/724/208 536/557/208
f 550/553/236 570/725/236 571/726/240 551/559/240
f 543/562/222 563/727/222 564/728/224 544/563/224
f 537/565/210 536/557/208 556/724/208 557/729/210
f 551/559/240 571/726/240 552/730/201 532/567/201
f 544/563/224 564/728/224 565/731/226 545/569/226
f 537/565/210 557/729/210 558/732/212 538/571/212
f 545/569/226 565/731/226 566/733/228 546/573/228
f 538/571/212 558/732/212 559/734/214 539/575/214
f 546/573/228 566/733/228 567/735/230 547/577/230
f 539/575/214 559/734/214 560/736/216 540/519/216
f 532/567/201 552/730/201 553/737/202 533/542/202
f 547/577/230 567/735/230 568/738/232 548/546/232
f 540/519/216 560/736/216 561/739/218 541/520/218
f 533/542/202 553/737/202 554/740/204 534/543/204
f 548/546/232 568/738/232 569/741/234 549/547/234
f 541/520/218 561/739/218 562/742/220 542/549/220
f 534/543/204 554/740/204 555/723/206 535/551/206
f 549/547/234 569/741/234 570/725/236 550/553/236
f 542/549/220 562/742/220 563/743/222 543/555/222
f 391/568/441 532/567/441 533/542/426 392/541/426
f 688/1/603 687/2/604 649/3/605 648/4/606
f 605/5/607 575/6/608 579/7/609 606/8/610
f 631/9/611 633/10/612 601/11/613 584/12/614
f 607/13/615 577/14/616 573/15/617 604/16/618
f 637/744/619 643/18/620 598/19/621 583/20/622
f 606/8/623 579/7/624 595/21/625 609/22/626
f 656/23/627 655/24/628 613/25/629 616/26/630
f 636/27/631 638/28/632 580/29/633 582/30/634
f 639/31/635 637/744/636 583/20/637 581/32/638
f 638/33/639 641/34/640 596/35/641 580/36/633
f 653/37/642 654/38/643 614/39/644 615/40/645
f 629/41/646 635/42/647 602/43/648 587/44/649
f 628/45/650 631/46/611 584/47/614 586/48/651
f 630/49/652 629/41/653 587/44/654 585/50/655
f 632/51/656 630/52/657 585/53/658 600/54/659
f 610/55/660 590/56/661 575/57/608 605/58/607
f 634/59/662 628/45/663 586/48/664 603/60/665
f 686/61/666 684/62/667 651/63/668 650/64/669
f 608/65/670 594/66/671 577/14/672 607/13/673
f 642/67/674 636/27/675 582/30/676 599/68/677
f 640/69/678 639/70/635 581/71/679 597/72/680
f 632/51/656 600/54/659 601/11/613 633/10/612
f 652/73/681 653/37/682 615/40/683 619/74/684
f 640/69/678 597/72/680 596/35/641 641/34/640
f 634/59/662 603/60/665 602/43/648 635/42/647
f 684/62/667 685/75/685 647/76/686 651/63/668
f 642/67/674 599/68/677 598/19/621 643/18/620
f 608/65/670 593/77/687 592/78/688 609/22/626
f 610/55/660 589/79/689 588/80/690 611/81/691
f 604/82/692 573/83/693 591/84/694 611/81/691
f 572/85/695 604/82/692 611/81/691 588/80/690
f 590/56/661 610/55/660 611/81/691 591/84/694
f 594/66/671 608/65/670 609/22/626 595/21/625
f 593/77/687 608/65/670 607/13/673 576/86/696
f 589/79/689 610/55/660 605/58/607 574/87/697
f 578/88/698 606/8/623 609/22/626 592/78/688
f 576/86/699 607/13/615 604/16/618 572/89/700
f 574/90/697 605/5/607 606/8/610 578/88/701
f 615/40/702 614/39/703 622/91/704 623/92/702
f 618/93/705 619/74/706 627/94/707 626/95/708
f 616/26/709 613/25/710 621/96/711 624/97/712
f 657/98/713 652/73/681 619/74/684 618/93/714
f 658/99/715 656/23/627 616/26/630 617/100/716
f 659/745/717 657/98/713 618/93/714 612/102/718
f 655/103/628 659/745/719 612/102/720 613/104/629
f 654/105/643 658/99/715 617/100/716 614/106/644
f 627/94/721 623/92/722 671/107/723 675/108/724
f 621/109/725 620/110/726 668/111/727 669/112/728
f 625/113/729 624/97/730 672/114/731 673/115/732
f 612/102/733 618/93/705 626/95/708 620/110/733
f 614/106/703 617/100/734 625/113/735 622/116/704
f 617/100/734 616/26/709 624/97/712 625/113/735
f 613/104/710 612/102/736 620/110/736 621/109/711
f 619/74/706 615/40/737 623/92/737 627/94/707
f 599/68/677 634/59/662 635/42/647 598/19/621
f 597/72/680 632/51/656 633/10/612 596/35/641
f 599/68/677 582/30/676 628/45/663 634/59/662
f 597/72/680 581/71/679 630/52/657 632/51/656
f 581/32/638 583/20/637 629/41/653 630/49/652
f 582/30/634 580/29/633 631/46/611 628/45/650
f 583/20/622 598/19/621 635/42/647 629/41/646
f 580/36/633 596/35/641 633/10/612 631/9/611
f 593/77/687 642/67/674 643/18/620 592/78/688
f 589/79/689 640/69/678 641/34/640 588/80/690
f 589/79/689 574/87/697 639/70/635 640/69/678
f 593/77/687 576/86/696 636/27/675 642/67/674
f 572/85/695 588/80/690 641/34/640 638/33/639
f 574/90/697 578/88/701 637/744/636 639/31/635
f 576/86/699 572/89/700 638/28/632 636/27/631
f 578/88/698 592/78/688 643/18/620 637/744/619
f 647/76/738 645/117/739 648/118/606 651/63/740
f 650/64/741 649/119/742 644/120/743 646/121/744
f 649/119/742 650/64/741 651/63/740 648/118/606
f 689/122/745 686/61/666 650/64/669 646/121/746
f 690/123/747 689/122/748 646/121/744 644/120/743
f 691/124/749 688/1/603 648/4/606 645/125/739
f 685/75/750 691/126/749 645/117/739 647/76/738
f 687/2/604 690/127/751 644/128/752 649/3/605
f 666/129/753 663/130/754 658/99/715 654/105/643
f 667/131/755 664/132/756 659/745/719 655/103/628
f 664/132/757 662/133/758 657/98/713 659/745/717
f 663/130/754 661/134/759 656/23/627 658/99/715
f 662/133/758 660/135/760 652/73/681 657/98/713
f 660/135/760 665/136/761 653/37/682 652/73/681
f 665/136/762 666/137/753 654/38/643 653/37/642
f 661/134/759 667/138/763 655/24/628 656/23/627
f 600/54/659 585/53/658 667/138/763 661/134/759
f 586/48/651 584/47/614 666/137/753 665/136/762
f 603/60/665 586/48/664 665/136/761 660/135/760
f 602/43/648 603/60/665 660/135/760 662/133/758
f 601/11/613 600/54/659 661/134/759 663/130/754
f 587/44/649 602/43/648 662/133/758 664/132/757
f 585/50/655 587/44/654 664/132/756 667/131/755
f 584/12/614 601/11/613 663/130/754 666/129/753
f 668/111/764 674/139/765 682/140/766 676/141/767
f 671/107/768 670/142/769 678/143/770 679/144/771
f 674/139/765 675/108/724 683/145/772 682/140/766
f 624/97/730 621/96/725 669/146/728 672/114/731
f 626/95/773 627/94/721 675/108/724 674/139/765
f 623/92/774 622/91/775 670/142/769 671/107/768
f 620/110/776 626/95/773 674/139/765 668/111/764
f 622/116/775 625/113/729 673/115/732 670/147/769
f 670/147/769 673/115/732 681/148/777 678/149/770
f 673/115/732 672/114/731 680/150/778 681/148/777
f 669/112/728 668/111/727 676/141/779 677/151/780
f 675/108/724 671/107/723 679/144/781 683/145/772
f 672/114/731 669/146/728 677/152/780 680/150/778
f 591/84/694 573/83/693 690/127/751 687/2/604
f 579/7/609 575/6/608 691/126/749 685/75/750
f 575/57/608 590/56/661 688/1/603 691/124/749
f 573/15/617 577/14/616 689/122/748 690/123/747
f 577/14/672 594/66/671 686/61/666 689/122/745
f 595/21/625 579/7/624 685/75/685 684/62/667
f 594/66/671 595/21/625 684/62/667 686/61/666
f 590/56/661 591/84/694 687/2/604 688/1/603
f 808/1/782 807/2/783 769/3/784 768/4/785
f 725/5/786 695/6/787 699/7/788 726/8/789
f 751/9/790 753/746/791 721/11/792 704/12/793
f 727/13/794 697/14/795 693/15/796 724/16/797
f 757/17/798 763/18/799 718/19/800 703/20/801
f 726/8/802 699/7/803 715/21/804 729/747/805
f 776/23/806 775/24/807 733/25/808 736/26/809
f 756/27/810 758/28/811 700/29/812 702/30/813
f 759/31/814 757/17/815 703/20/816 701/32/817
f 758/33/818 761/34/819 716/35/820 700/36/812
f 773/37/821 774/38/822 734/39/823 735/40/824
f 749/41/825 755/42/826 722/43/827 707/44/828
f 748/45/829 751/46/790 704/47/793 706/48/830
f 750/49/831 749/41/832 707/44/833 705/50/834
f 752/51/835 750/52/836 705/53/837 720/54/838
f 730/55/839 710/56/840 695/57/787 725/58/786
f 754/59/841 748/45/842 706/48/843 723/60/844
f 806/61/845 804/62/846 771/63/847 770/64/848
f 728/65/849 714/66/850 697/14/851 727/13/852
f 762/67/853 756/27/854 702/30/855 719/68/856
f 760/69/857 759/70/814 701/71/858 717/72/859
f 752/51/835 720/54/838 721/11/792 753/746/791
f 772/73/860 773/37/861 735/40/862 739/74/863
f 760/69/857 717/72/859 716/35/820 761/34/819
f 754/59/841 723/60/844 722/43/827 755/42/826
f 804/62/846 805/75/864 767/76/865 771/63/847
f 762/67/853 719/68/856 718/19/800 763/18/799
f 728/65/849 713/77/866 712/78/867 729/747/805
f 730/55/839 709/79/868 708/80/869 731/81/870
f 724/82/871 693/83/872 711/84/873 731/81/870
f 692/85/874 724/82/871 731/81/870 708/80/869
f 710/56/840 730/55/839 731/81/870 711/84/873
f 714/66/850 728/65/849 729/747/805 715/21/804
f 713/77/866 728/65/849 727/13/852 696/86/875
f 709/79/868 730/55/839 725/58/786 694/87/876
f 698/88/877 726/8/802 729/747/805 712/78/867
f 696/86/878 727/13/794 724/16/797 692/89/879
f 694/90/876 725/5/786 726/8/789 698/88/880
f 735/40/881 734/39/882 742/91/883 743/92/881
f 738/93/884 739/74/885 747/94/886 746/95/887
f 736/26/888 733/25/889 741/96/890 744/97/891
f 777/98/892 772/73/860 739/74/863 738/93/893
f 778/99/894 776/23/806 736/26/809 737/100/895
f 779/745/896 777/98/892 738/93/893 732/102/897
f 775/103/807 779/745/898 732/102/899 733/104/808
f 774/105/822 778/99/894 737/100/895 734/106/823
f 747/94/900 743/92/901 791/107/902 795/108/903
f 741/109/904 740/110/905 788/111/906 789/112/907
f 745/113/908 744/97/909 792/114/910 793/115/911
f 732/102/912 738/93/884 746/95/887 740/110/912
f 734/106/882 737/100/913 745/113/914 742/116/883
f 737/100/913 736/26/888 744/97/891 745/113/914
f 733/104/889 732/102/915 740/110/915 741/109/890
f 739/74/885 735/40/916 743/92/916 747/94/886
f 719/68/856 754/59/841 755/42/826 718/19/800
f 717/72/859 752/51/835 753/746/791 716/35/820
f 719/68/856 702/30/855 748/45/842 754/59/841
f 717/72/859 701/71/858 750/52/836 752/51/835
f 701/32/817 703/20/816 749/41/832 750/49/831
f 702/30/813 700/29/812 751/46/790 748/45/829
f 703/20/801 718/19/800 755/42/826 749/41/825
f 700/36/812 716/35/820 753/746/791 751/9/790
f 713/77/866 762/67/853 763/18/799 712/78/867
f 709/79/868 760/69/857 761/34/819 708/80/869
f 709/79/868 694/87/876 759/70/814 760/69/857
f 713/77/866 696/86/875 756/27/854 762/67/853
f 692/85/874 708/80/869 761/34/819 758/33/818
f 694/90/876 698/88/880 757/17/815 759/31/814
f 696/86/878 692/89/879 758/28/811 756/27/810
f 698/88/877 712/78/867 763/18/799 757/17/798
f 767/76/917 765/117/918 768/118/785 771/63/919
f 770/64/920 769/119/921 764/120/922 766/121/923
f 769/119/921 770/64/920 771/63/919 768/118/785
f 809/122/924 806/61/845 770/64/848 766/121/925
f 810/123/926 809/122/927 766/121/923 764/120/922
f 811/124/928 808/1/782 768/4/785 765/125/918
f 805/75/929 811/126/928 765/117/918 767/76/917
f 807/2/783 810/127/930 764/128/931 769/3/784
f 786/129/932 783/130/933 778/99/894 774/105/822
f 787/131/934 784/132/935 779/745/898 775/103/807
f 784/132/936 782/133/937 777/98/892 779/745/896
f 783/130/933 781/134/938 776/23/806 778/99/894
f 782/133/937 780/135/939 772/73/860 777/98/892
f 780/135/939 785/136/940 773/37/861 772/73/860
f 785/136/941 786/137/932 774/38/822 773/37/821
f 781/134/938 787/138/942 775/24/807 776/23/806
f 720/54/838 705/53/837 787/138/942 781/134/938
f 706/48/830 704/47/793 786/137/932 785/136/941
f 723/60/844 706/48/843 785/136/940 780/135/939
f 722/43/827 723/60/844 780/135/939 782/133/937
f 721/11/792 720/54/838 781/134/938 783/130/933
f 707/44/828 722/43/827 782/133/937 784/132/936
f 705/50/834 707/44/833 784/132/935 787/131/934
f 704/12/793 721/11/792 783/130/933 786/129/932
f 788/111/943 794/139/944 802/140/945 796/141/946
f 791/107/947 790/142/948 798/143/949 799/144/950
f 794/139/944 795/108/903 803/145/951 802/140/945
f 744/97/909 741/96/904 789/146/907 792/114/910
f 746/95/952 747/94/900 795/108/903 794/139/944
f 743/92/953 742/91/954 790/142/948 791/107/947
f 740/110/955 746/95/952 794/139/944 788/111/943
f 742/116/954 745/113/908 793/115/911 790/147/948
f 790/147/948 793/115/911 801/148/956 798/149/949
f 793/115/911 792/114/910 800/150/957 801/148/956
f 789/112/907 788/111/906 796/141/958 797/151/959
f 795/108/903 791/107/902 799/144/960 803/145/951
f 792/114/910 789/146/907 797/152/959 800/150/957
f 711/84/873 693/83/872 810/127/930 807/2/783
f 699/7/788 695/6/787 811/126/928 805/75/929
f 695/57/787 710/56/840 808/1/782 811/124/928
f 693/15/796 697/14/795 809/122/927 810/123/926
f 697/14/851 714/66/850 806/61/845 809/122/924
f 715/21/804 699/7/803 805/75/864 804/62/846
f 714/66/850 715/21/804 804/62/846 806/61/845
f 710/56/840 711/84/873 807/2/783 808/1/782
f 928/1/961 927/2/962 889/3/963 888/4/964
f 845/5/965 815/6/966 819/7/967 846/8/968
f 871/9/969 873/10/970 841/11/971 824/12/972
f 847/13/973 817/14/974 813/15/975 844/16/976
f 877/744/977 883/18/978 838/19/979 823/20/980
f 846/8/981 819/7/982 835/21/983 849/22/984
f 896/23/985 895/24/986 853/25/987 856/26/988
f 876/27/989 878/28/990 820/29/991 822/30/992
f 879/31/993 877/744/994 823/20/995 821/32/996
f 878/33/997 881/34/998 836/35/999 820/36/991
f 893/37/1000 894/38/1001 854/39/1002 855/40/1003
f 869/41/1004 875/42/1005 842/43/1006 827/44/1007
f 868/45/1008 871/46/969 824/47/972 826/48/1009
f 870/49/1010 869/41/1011 827/44/1012 825/50/1013
f 872/51/1014 870/52/1015 825/53/1016 840/54/1017
f 850/55/1018 830/56/1019 815/57/966 845/58/965
f 874/59/1020 868/45/1021 826/48/1022 843/60/1023
f 926/61/1024 924/62/1025 891/63/1026 890/64/1027
f 848/65/1028 834/66/1029 817/14/1030 847/13/1031
f 882/67/1032 876/27/1033 822/30/1034 839/68/1035
f 880/69/1036 879/70/993 821/71/1037 837/72/1038
f 872/51/1014 840/54/1017 841/11/971 873/10/970
f 892/73/1039 893/37/1040 855/40/1041 859/74/1042
f 880/69/1036 837/72/1038 836/35/999 881/34/998
f 874/59/1020 843/60/1023 842/43/1006 875/42/1005
f 924/62/1025 925/75/1043 887/76/1044 891/63/1026
f 882/67/1032 839/68/1035 838/19/979 883/18/978
f 848/65/1028 833/77/1045 832/78/1046 849/22/984
f 850/55/1018 829/79/1047 828/80/1048 851/81/1049
f 844/82/1050 813/83/1051 831/84/1052 851/81/1049
f 812/85/1053 844/82/1050 851/81/1049 828/80/1048
f 830/56/1019 850/55/1018 851/81/1049 831/84/1052
f 834/66/1029 848/65/1028 849/22/984 835/21/983
f 833/77/1045 848/65/1028 847/13/1031 816/86/1054
f 829/79/1047 850/55/1018 845/58/965 814/87/1055
f 818/88/1056 846/8/981 849/22/984 832/78/1046
f 816/86/1057 847/13/973 844/16/976 812/89/1058
f 814/90/1055 845/5/965 846/8/968 818/88/1059
f 855/40/1060 854/39/1061 862/91/1062 863/92/1060
f 858/93/1063 859/74/1064 867/94/1065 866/95/1066
f 856/26/1067 853/25/1068 861/96/1069 864/97/1070
f 897/98/1071 892/73/1039 859/74/1042 858/93/1072
f 898/99/1073 896/23/985 856/26/988 857/100/1074
f 899/745/1075 897/98/1071 858/93/1072 852/102/1076
f 895/103/986 899/745/1077 852/102/1078 853/104/987
f 894/105/1001 898/99/1073 857/100/1074 854/106/1002
f 867/94/1079 863/92/1080 911/107/1081 915/108/1082
f 861/109/1083 860/110/1084 908/111/1085 909/112/1086
f 852/102/1087 858/93/1063 866/95/1066 860/110/1087
f 854/106/1061 857/100/1088 865/113/1089 862/116/1062
f 857/100/1088 856/26/1067 864/97/1070 865/113/1089
f 853/104/1068 852/102/1090 860/110/1090 861/109/1069
f 859/74/1064 855/40/1091 863/92/1091 867/94/1065
f 839/68/1035 874/59/1020 875/42/1005 838/19/979
f 837/72/1038 872/51/1014 873/10/970 836/35/999
f 839/68/1035 822/30/1034 868/45/1021 874/59/1020
f 837/72/1038 821/71/1037 870/52/1015 872/51/1014
f 821/32/996 823/20/995 869/41/1011 870/49/1010
f 822/30/992 820/29/991 871/46/969 868/45/1008
f 823/20/980 838/19/979 875/42/1005 869/41/1004
f 820/36/991 836/35/999 873/10/970 871/9/969
f 833/77/1045 882/67/1032 883/18/978 832/78/1046
f 829/79/1047 880/69/1036 881/34/998 828/80/1048
f 829/79/1047 814/87/1055 879/70/993 880/69/1036
f 833/77/1045 816/86/1054 876/27/1033 882/67/1032
f 812/85/1053 828/80/1048 881/34/998 878/33/997
f 814/90/1055 818/88/1059 877/744/994 879/31/993
f 816/86/1057 812/89/1058 878/28/990 876/27/989
f 818/88/1056 832/78/1046 883/18/978 877/744/977
f 887/76/1092 885/117/1093 888/118/964 891/63/1094
f 890/64/1095 889/119/1096 884/120/1097 886/121/1098
f 929/122/1099 926/61/1024 890/64/1027 886/121/1100
f 930/123/1101 929/122/1102 886/121/1098 884/120/1097
f 931/124/1103 928/1/961 888/4/964 885/125/1093
f 925/75/1104 931/126/1103 885/117/1093 887/76/1092
f 927/2/962 930/127/1105 884/128/1106 889/3/963
f 906/129/1107 903/130/1108 898/99/1073 894/105/1001
f 907/131/1109 904/132/1110 899/745/1077 895/103/986
f 904/132/1111 902/133/1112 897/98/1071 899/745/1075
f 903/130/1108 901/134/1113 896/23/985 898/99/1073
f 902/133/1112 900/135/1114 892/73/1039 897/98/1071
f 900/135/1114 905/136/1115 893/37/1040 892/73/1039
f 905/136/1116 906/137/1107 894/38/1001 893/37/1000
f 901/134/1113 907/138/1117 895/24/986 896/23/985
f 840/54/1017 825/53/1016 907/138/1117 901/134/1113
f 826/48/1009 824/47/972 906/137/1107 905/136/1116
f 843/60/1023 826/48/1022 905/136/1115 900/135/1114
f 842/43/1006 843/60/1023 900/135/1114 902/133/1112
f 841/11/971 840/54/1017 901/134/1113 903/130/1108
f 827/44/1007 842/43/1006 902/133/1112 904/132/1111
f 825/50/1013 827/44/1012 904/132/1110 907/131/1109
f 824/12/972 841/11/971 903/130/1108 906/129/1107
f 908/111/1118 914/139/1119 922/140/1120 916/141/1121
f 911/107/1122 910/142/1123 918/143/1124 919/144/1125
f 914/139/1119 915/108/1082 923/145/1126 922/140/1120
f 864/97/1127 861/96/1083 909/146/1086 912/114/1128
f 866/95/1129 867/94/1079 915/108/1082 914/139/1119
f 863/92/1130 862/91/1131 910/142/1123 911/107/1122
f 860/110/1132 866/95/1129 914/139/1119 908/111/1118
f 862/116/1131 865/113/1133 913/115/1134 910/147/1123
f 910/147/1123 913/115/1134 921/148/1135 918/149/1124
f 913/115/1134 912/114/1128 920/150/1136 921/148/1135
f 909/112/1086 908/111/1085 916/141/1137 917/151/1138
f 915/108/1082 911/107/1081 919/144/1139 923/145/1126
f 912/114/1128 909/146/1086 917/152/1138 920/150/1136
f 831/84/1052 813/83/1051 930/127/1105 927/2/962
f 819/7/967 815/6/966 931/126/1103 925/75/1104
f 815/57/966 830/56/1019 928/1/961 931/124/1103
f 813/15/975 817/14/974 929/122/1102 930/123/1101
f 817/14/1030 834/66/1029 926/61/1024 929/122/1099
f 835/21/983 819/7/982 925/75/1043 924/62/1025
f 834/66/1029 835/21/983 924/62/1025 926/61/1024
f 830/56/1019 831/84/1052 927/2/962 928/1/961
