# Blender 5.1.1
# www.blender.org
mtllib SteampunkRobotLeftLeg.mtl
o Sphere.006
v 0.601549 -0.710875 -0.196918
v 0.555973 -0.701468 -0.145909
v 0.555973 0.219347 -0.313434
v 0.601548 0.209951 -0.364381
v 1.149869 -0.701468 -0.145909
v 1.104294 -0.710875 -0.196918
v 1.104293 0.209951 -0.364381
v 1.149869 0.219347 -0.313434
v 0.556113 -0.608229 0.359220
v 0.601546 -0.599692 0.405547
v 1.104370 -0.599718 0.405621
v 1.149739 -0.608232 0.359230
v 0.555973 0.318705 -0.227570
v 0.601549 0.359782 -0.256131
v 1.149869 0.318705 -0.227569
v 1.104293 0.359782 -0.256131
v 0.601548 0.326506 0.168486
v 0.601549 0.360010 0.105435
v 0.555973 0.316858 0.122743
v 1.149869 0.316858 0.122743
v 1.104293 0.360010 0.105435
v 1.104293 0.326506 0.168486
v 0.555973 -0.723871 -0.093212
v 0.601549 -0.764405 -0.045989
v 1.149869 -0.723872 -0.093212
v 1.104294 -0.764405 -0.045989
v 0.602215 -0.710663 0.366775
v 0.556465 -0.716714 0.321453
v 1.149379 -0.716714 0.321455
v 1.104265 -0.710652 0.366740
v 0.805676 -0.710875 -0.196918
v 0.900166 -0.710875 -0.196918
v 0.805676 0.209951 -0.364381
v 0.900166 0.209951 -0.364381
v 1.002230 -0.710875 -0.196918
v 1.002230 0.209951 -0.364381
v 0.703613 -0.710875 -0.196918
v 0.703612 0.209951 -0.364381
v 1.104293 0.196107 0.256432
v 1.149869 0.195851 0.209493
v 0.555973 0.195851 0.209493
v 0.601549 0.196107 0.256432
v 0.900166 0.255772 -0.334216
v 0.805676 0.255772 -0.334216
v 1.002230 0.255772 -0.334216
v 0.703612 0.255772 -0.334216
v 0.805676 -0.738592 -0.134047
v 0.900166 -0.738592 -0.134047
v 1.002230 -0.738592 -0.134047
v 0.703613 -0.738592 -0.134047
v 0.557644 -2.669567 -0.569946
v 0.560960 -2.445250 -0.595444
v 1.147693 -2.669755 -0.569996
v 1.144515 -2.445436 -0.595493
v 0.613768 -2.708038 -0.846217
v 0.607547 -2.719793 -0.814950
v 0.621871 -2.617991 -0.889977
v 0.623109 -2.643695 -0.895068
v 1.097717 -2.719948 -0.814991
v 1.091498 -2.708189 -0.846258
v 1.082189 -2.643841 -0.895107
v 1.083445 -2.618138 -0.890016
v 0.497177 -2.381397 -0.282283
v 0.501240 -2.364272 -0.303087
v 1.204336 -2.364495 -0.303146
v 1.208392 -2.381623 -0.282342
v 0.507239 -2.720218 -0.318373
v 0.505029 -2.712191 -0.307761
v 1.200325 -2.712412 -0.307820
v 1.198108 -2.720438 -0.318431
v 0.478229 -2.682698 0.804759
v 0.478322 -2.399056 0.838317
v 0.790917 -2.682797 0.804733
v 0.791010 -2.399154 0.838290
v 0.478215 -2.685240 0.654440
v 0.790904 -2.685338 0.654414
v 0.478255 -2.634737 0.939201
v 0.478272 -2.592166 0.978698
v 0.478341 -2.391541 1.033742
v 0.478347 -2.366127 1.010250
v 0.790961 -2.592266 0.978672
v 0.790944 -2.634837 0.939175
v 0.791035 -2.366226 1.010224
v 0.791029 -2.391640 1.033716
v 0.478320 -2.354319 0.654551
v 0.478310 -2.379171 0.625793
v 0.790999 -2.379271 0.625767
v 0.791009 -2.354419 0.654525
v 1.227399 -2.682760 0.804696
v 1.227359 -2.399118 0.838253
v 0.914711 -2.682808 0.804723
v 0.914671 -2.399166 0.838280
v 1.227387 -2.685302 0.654377
v 0.914698 -2.685349 0.654403
v 1.227403 -2.634800 0.939138
v 1.227400 -2.592229 0.978635
v 1.227375 -2.391603 1.033679
v 1.227369 -2.366190 1.010187
v 0.914712 -2.592276 0.978661
v 0.914715 -2.634847 0.939165
v 0.914680 -2.366237 1.010213
v 0.914686 -2.391650 1.033705
v 1.227337 -2.354382 0.654488
v 1.227338 -2.379234 0.625730
v 0.914650 -2.379281 0.625756
v 0.914648 -2.354429 0.654515
v 0.478270 -2.678355 1.230475
v 0.478323 -2.522141 1.277924
v 0.790958 -2.678454 1.230449
v 0.791012 -2.522241 1.277897
v 0.478277 -2.608040 1.056869
v 0.790966 -2.608139 1.056843
v 0.478272 -2.715744 1.403229
v 0.478282 -2.699200 1.458051
v 0.478290 -2.680760 1.475983
v 0.478302 -2.640204 1.470882
v 0.790971 -2.699299 1.458025
v 0.790961 -2.715843 1.403203
v 0.790990 -2.640304 1.470856
v 0.790978 -2.680860 1.475957
v 0.478353 -2.380713 1.100985
v 0.478347 -2.392919 1.072969
v 0.791035 -2.393019 1.072942
v 0.791042 -2.380813 1.100958
v 1.227431 -2.678417 1.230412
v 1.227412 -2.522204 1.277860
v 0.914743 -2.678465 1.230438
v 0.914723 -2.522251 1.277887
v 1.227405 -2.608103 1.056806
v 0.914717 -2.608150 1.056832
v 1.227451 -2.715807 1.403166
v 1.227453 -2.699263 1.457987
v 1.227452 -2.680823 1.475920
v 1.227446 -2.640267 1.470818
v 0.914765 -2.699310 1.458014
v 0.914763 -2.715854 1.403192
v 0.914757 -2.640314 1.470845
v 0.914764 -2.680870 1.475946
v 1.227375 -2.380776 1.100921
v 1.227375 -2.392982 1.072905
v 0.914686 -2.393029 1.072932
v 0.914687 -2.380823 1.100948
v -0.423545 -0.015848 -0.179013
v 0.530367 -0.015848 -0.179014
v -0.423545 -0.062240 -0.172906
v 0.530367 -0.062240 -0.172906
v -0.423544 -0.105471 -0.154999
v 0.530367 -0.105471 -0.154999
v -0.423545 -0.142594 -0.126513
v 0.530367 -0.142594 -0.126514
v -0.423544 -0.171079 -0.089391
v 0.530367 -0.171079 -0.089391
v -0.423544 -0.188986 -0.046160
v 0.530367 -0.188986 -0.046160
v -0.423544 -0.195094 0.000232
v 0.530367 -0.195094 0.000232
v -0.423544 -0.188986 0.046624
v 0.530367 -0.188986 0.046624
v -0.423544 -0.171079 0.089855
v 0.530367 -0.171079 0.089855
v -0.423544 -0.142594 0.126978
v 0.530367 -0.142594 0.126978
v -0.423544 -0.105471 0.155464
v 0.530367 -0.105471 0.155463
v -0.423544 -0.062240 0.173370
v 0.530367 -0.062240 0.173370
v -0.423544 -0.015848 0.179478
v 0.530367 -0.015848 0.179478
v -0.423544 0.030544 0.173370
v 0.530367 0.030544 0.173370
v -0.423544 0.073775 0.155464
v 0.530367 0.073775 0.155463
v -0.423544 0.110897 0.126978
v 0.530367 0.110898 0.126978
v -0.423545 0.139383 0.089855
v 0.530367 0.139383 0.089855
v -0.423545 0.157290 0.046624
v 0.530367 0.157290 0.046624
v -0.423545 0.163397 0.000232
v 0.530367 0.163398 0.000232
v -0.423545 0.157290 -0.046160
v 0.530367 0.157290 -0.046160
v -0.423545 0.139383 -0.089391
v 0.530367 0.139383 -0.089391
v -0.423545 0.110898 -0.126513
v 0.530367 0.110898 -0.126514
v -0.423545 0.073775 -0.154999
v 0.530367 0.073775 -0.154999
v -0.423545 0.030544 -0.172906
v 0.530367 0.030544 -0.172906
v 0.377256 -0.015848 -0.179014
v 0.126093 -0.015848 -0.179014
v 0.126093 -0.062240 -0.172906
v 0.377256 -0.062240 -0.172906
v 0.126093 -0.105471 -0.154999
v 0.377256 -0.105471 -0.154999
v 0.126093 -0.142594 -0.126514
v 0.377256 -0.142594 -0.126514
v 0.126093 -0.171079 -0.089391
v 0.377256 -0.171079 -0.089391
v 0.126093 -0.188986 -0.046160
v 0.377256 -0.188986 -0.046160
v 0.126093 -0.195094 0.000232
v 0.377256 -0.195094 0.000232
v 0.126093 -0.188986 0.046624
v 0.377256 -0.188986 0.046624
v 0.126093 -0.171079 0.089855
v 0.377256 -0.171079 0.089855
v 0.126093 -0.142594 0.126978
v 0.377256 -0.142594 0.126978
v 0.126093 -0.105471 0.155463
v 0.377256 -0.105471 0.155463
v 0.126093 -0.062240 0.173370
v 0.377256 -0.062240 0.173370
v 0.126093 -0.015848 0.179478
v 0.377256 -0.015848 0.179478
v 0.126093 0.030544 0.173370
v 0.377256 0.030544 0.173370
v 0.126093 0.073775 0.155463
v 0.377256 0.073775 0.155463
v 0.126093 0.110898 0.126978
v 0.377256 0.110898 0.126978
v 0.126093 0.139383 0.089855
v 0.377256 0.139383 0.089855
v 0.126093 0.157290 0.046624
v 0.377256 0.157290 0.046624
v 0.126093 0.163398 0.000232
v 0.377256 0.163398 0.000232
v 0.126093 0.157290 -0.046160
v 0.377256 0.157290 -0.046160
v 0.126093 0.139383 -0.089391
v 0.377256 0.139383 -0.089391
v 0.126093 0.110898 -0.126514
v 0.377256 0.110898 -0.126514
v 0.126093 0.073774 -0.154999
v 0.377256 0.073775 -0.154999
v 0.126093 0.030544 -0.172906
v 0.377256 0.030544 -0.172906
v 0.363578 0.041353 0.213709
v 0.377256 0.037782 0.200384
v 0.139771 0.041353 0.213709
v 0.126093 0.037782 0.200384
v 0.363578 0.094656 0.191630
v 0.377256 0.087758 0.179683
v 0.139771 0.094656 0.191630
v 0.126093 0.087758 0.179683
v 0.363578 0.140428 0.156508
v 0.377256 0.130673 0.146753
v 0.139771 0.140428 0.156508
v 0.126093 0.130673 0.146753
v 0.363578 0.175550 0.110736
v 0.377256 0.163603 0.103838
v 0.139771 0.175550 0.110736
v 0.126093 0.163603 0.103838
v 0.363578 0.197629 0.057433
v 0.377256 0.184304 0.053863
v 0.139771 0.197629 0.057433
v 0.126093 0.184303 0.053863
v 0.363578 0.205160 0.000232
v 0.377256 0.191364 0.000232
v 0.139771 0.205160 0.000232
v 0.126093 0.191364 0.000232
v 0.363578 0.197629 -0.056969
v 0.377256 0.184304 -0.053398
v 0.139771 0.197629 -0.056969
v 0.126093 0.184303 -0.053398
v 0.363578 0.175550 -0.110272
v 0.377256 0.163603 -0.103374
v 0.139771 0.175550 -0.110272
v 0.126093 0.163603 -0.103374
v 0.363578 0.140428 -0.156044
v 0.377256 0.130673 -0.146289
v 0.139771 0.140428 -0.156044
v 0.126093 0.130673 -0.146289
v 0.363578 0.094656 -0.191166
v 0.377256 0.087758 -0.179219
v 0.139771 0.094656 -0.191166
v 0.126093 0.087758 -0.179219
v 0.126093 -0.015848 -0.206980
v 0.139771 -0.015848 -0.220776
v 0.377256 -0.015848 -0.206980
v 0.363578 -0.015848 -0.220776
v 0.363578 0.041353 -0.213245
v 0.377256 0.037782 -0.199919
v 0.139771 0.041353 -0.213245
v 0.126093 0.037782 -0.199919
v 0.139771 -0.015848 0.221240
v 0.126093 -0.015848 0.207444
v 0.363578 -0.015848 0.221240
v 0.377256 -0.015848 0.207444
v 0.139771 -0.073049 0.213709
v 0.126093 -0.069479 0.200384
v 0.363578 -0.073049 0.213709
v 0.377256 -0.069479 0.200384
v 0.139771 -0.126352 0.191630
v 0.126093 -0.119454 0.179683
v 0.363578 -0.126352 0.191630
v 0.377256 -0.119454 0.179683
v 0.139771 -0.172124 0.156508
v 0.126093 -0.162369 0.146753
v 0.363579 -0.172124 0.156508
v 0.377256 -0.162369 0.146753
v 0.139771 -0.207247 0.110736
v 0.126093 -0.195299 0.103838
v 0.363578 -0.207247 0.110736
v 0.377256 -0.195299 0.103838
v 0.139771 -0.229325 0.057433
v 0.126093 -0.216000 0.053863
v 0.363578 -0.229325 0.057433
v 0.377256 -0.216000 0.053862
v 0.139771 -0.236856 0.000232
v 0.126093 -0.223060 0.000232
v 0.363578 -0.236856 0.000232
v 0.377256 -0.223060 0.000232
v 0.139771 -0.229325 -0.056969
v 0.126093 -0.216000 -0.053398
v 0.363578 -0.229325 -0.056969
v 0.377256 -0.216000 -0.053398
v 0.139771 -0.207247 -0.110272
v 0.126093 -0.195299 -0.103374
v 0.363578 -0.207246 -0.110272
v 0.377256 -0.195299 -0.103374
v 0.139771 -0.172124 -0.156044
v 0.126093 -0.162369 -0.146289
v 0.363578 -0.172124 -0.156044
v 0.377256 -0.162369 -0.146289
v 0.126093 -0.119454 -0.179219
v 0.139771 -0.126352 -0.191166
v 0.363578 -0.126352 -0.191166
v 0.377256 -0.119454 -0.179219
v 0.139771 -0.073049 -0.213245
v 0.126093 -0.069479 -0.199919
v 0.377256 -0.069479 -0.199919
v 0.363578 -0.073049 -0.213245
v 0.530367 -0.015848 -0.193354
v 0.530367 -0.065952 -0.186757
v 0.530367 -0.112641 -0.167418
v 0.530367 -0.152734 -0.136654
v 0.530367 -0.183499 -0.096561
v 0.530367 -0.202838 -0.049872
v 0.530367 -0.209434 0.000232
v 0.530367 -0.202838 0.050336
v 0.530367 -0.183499 0.097025
v 0.530367 -0.152734 0.137118
v 0.530367 -0.112641 0.167882
v 0.530367 -0.065952 0.187222
v 0.530367 -0.015848 0.193818
v 0.530367 0.034256 0.187222
v 0.530367 0.080945 0.167882
v 0.530367 0.121038 0.137118
v 0.530367 0.151802 0.097025
v 0.530367 0.171142 0.050336
v 0.530367 0.177738 0.000232
v 0.530367 0.171142 -0.049872
v 0.530367 0.151802 -0.096561
v 0.530367 0.121038 -0.136654
v 0.530367 0.080945 -0.167418
v 0.530367 0.034255 -0.186758
v 0.578104 -0.015848 -0.193354
v 0.578104 -0.065952 -0.186758
v 0.578104 -0.112641 -0.167418
v 0.578104 -0.152734 -0.136654
v 0.578104 -0.183499 -0.096561
v 0.578104 -0.202838 -0.049872
v 0.578104 -0.209434 0.000232
v 0.578104 -0.202838 0.050336
v 0.578104 -0.183499 0.097025
v 0.578104 -0.152734 0.137118
v 0.578104 -0.112641 0.167882
v 0.578104 -0.065952 0.187222
v 0.578104 -0.015848 0.193818
v 0.578104 0.034256 0.187222
v 0.578104 0.080945 0.167882
v 0.578104 0.121038 0.137118
v 0.578104 0.151802 0.097025
v 0.578104 0.171142 0.050336
v 0.578104 0.177738 0.000232
v 0.578104 0.171142 -0.049872
v 0.578104 0.151802 -0.096561
v 0.578104 0.121038 -0.136654
v 0.578104 0.080945 -0.167418
v 0.578104 0.034255 -0.186758
v -0.377499 -0.369566 -0.086961
v 0.542507 -0.403942 -0.086962
v -0.378342 -0.392126 -0.083990
v 0.541664 -0.426502 -0.083991
v -0.379128 -0.413149 -0.075280
v 0.540878 -0.447525 -0.075280
v -0.379802 -0.431201 -0.061423
v 0.540204 -0.465578 -0.061423
v -0.380320 -0.445054 -0.043365
v 0.539687 -0.479430 -0.043365
v -0.380645 -0.453762 -0.022335
v 0.539361 -0.488138 -0.022335
v -0.380756 -0.456732 0.000232
v 0.539250 -0.491108 0.000232
v -0.380645 -0.453762 0.022800
v 0.539361 -0.488138 0.022800
v -0.380320 -0.445054 0.043829
v 0.539686 -0.479430 0.043829
v -0.379802 -0.431201 0.061888
v 0.540204 -0.465578 0.061888
v -0.379128 -0.413149 0.075744
v 0.540878 -0.447525 0.075744
v -0.378342 -0.392126 0.084455
v 0.541664 -0.426502 0.084455
v -0.377499 -0.369566 0.087426
v 0.542507 -0.403942 0.087426
v -0.376656 -0.347005 0.084455
v 0.543350 -0.381382 0.084455
v -0.375871 -0.325982 0.075744
v 0.544136 -0.360359 0.075744
v -0.375196 -0.307930 0.061888
v 0.544810 -0.342306 0.061888
v -0.374678 -0.294077 0.043829
v 0.545328 -0.328453 0.043829
v -0.374353 -0.285369 0.022800
v 0.545653 -0.319746 0.022800
v -0.374242 -0.282399 0.000232
v 0.545764 -0.316776 0.000232
v -0.374353 -0.285369 -0.022335
v 0.545653 -0.319746 -0.022335
v -0.374678 -0.294077 -0.043365
v 0.545328 -0.328453 -0.043365
v -0.375196 -0.307930 -0.061423
v 0.544810 -0.342306 -0.061423
v -0.375871 -0.325982 -0.075280
v 0.544136 -0.360359 -0.075280
v -0.376656 -0.347005 -0.083990
v 0.543350 -0.381382 -0.083991
v 0.487586 -0.401890 -0.086962
v 0.342967 -0.396486 -0.086962
v 0.342124 -0.419046 -0.083991
v 0.486743 -0.424450 -0.083991
v 0.341338 -0.440069 -0.075280
v 0.485958 -0.445473 -0.075280
v 0.340664 -0.458122 -0.061423
v 0.485283 -0.463525 -0.061423
v 0.340146 -0.471974 -0.043365
v 0.484766 -0.477378 -0.043365
v 0.339821 -0.480682 -0.022335
v 0.484440 -0.486086 -0.022335
v 0.339710 -0.483652 0.000232
v 0.484329 -0.489056 0.000232
v 0.339821 -0.480682 0.022800
v 0.484440 -0.486086 0.022800
v 0.340146 -0.471974 0.043829
v 0.484766 -0.477378 0.043829
v 0.340664 -0.458122 0.061888
v 0.485283 -0.463525 0.061887
v 0.341338 -0.440069 0.075744
v 0.485958 -0.445473 0.075744
v 0.342124 -0.419046 0.084455
v 0.486743 -0.424450 0.084455
v 0.342967 -0.396486 0.087426
v 0.487586 -0.401890 0.087426
v 0.343810 -0.373925 0.084455
v 0.488429 -0.379330 0.084455
v 0.344595 -0.352903 0.075744
v 0.489215 -0.358306 0.075744
v 0.345270 -0.334850 0.061888
v 0.489889 -0.340254 0.061888
v 0.345787 -0.320998 0.043829
v 0.490407 -0.326401 0.043829
v 0.346113 -0.312290 0.022800
v 0.490732 -0.317694 0.022800
v 0.346224 -0.309320 0.000232
v 0.490843 -0.314724 0.000232
v 0.346113 -0.312290 -0.022335
v 0.490732 -0.317694 -0.022335
v 0.345787 -0.320998 -0.043365
v 0.490407 -0.326401 -0.043365
v 0.345270 -0.334850 -0.061423
v 0.489890 -0.340254 -0.061423
v 0.344595 -0.352903 -0.075280
v 0.489215 -0.358306 -0.075280
v 0.343810 -0.373925 -0.083991
v 0.488429 -0.379330 -0.083991
v 0.478043 -0.372965 0.106737
v 0.488579 -0.375318 0.099431
v 0.354643 -0.368353 0.106737
v 0.343960 -0.369914 0.099431
v 0.479036 -0.346380 0.095721
v 0.489504 -0.350557 0.089171
v 0.355636 -0.341769 0.095722
v 0.344885 -0.345153 0.089171
v 0.479889 -0.323551 0.078199
v 0.490299 -0.329294 0.072851
v 0.356489 -0.318940 0.078199
v 0.345679 -0.323890 0.072851
v 0.480544 -0.306034 0.055363
v 0.490909 -0.312979 0.051581
v 0.357143 -0.301423 0.055363
v 0.346289 -0.307575 0.051581
v 0.480955 -0.295023 0.028770
v 0.491292 -0.302722 0.026812
v 0.357555 -0.290412 0.028770
v 0.346672 -0.297319 0.026812
v 0.481095 -0.291267 0.000232
v 0.491423 -0.299224 0.000232
v 0.357695 -0.286656 0.000232
v 0.346803 -0.293821 0.000232
v 0.480955 -0.295023 -0.028306
v 0.491292 -0.302722 -0.026348
v 0.357555 -0.290412 -0.028306
v 0.346672 -0.297319 -0.026348
v 0.480544 -0.306034 -0.054899
v 0.490909 -0.312979 -0.051117
v 0.357143 -0.301423 -0.054899
v 0.346289 -0.307575 -0.051117
v 0.479889 -0.323551 -0.077734
v 0.490299 -0.329294 -0.072386
v 0.356489 -0.318940 -0.077734
v 0.345679 -0.323890 -0.072386
v 0.479036 -0.346380 -0.095257
v 0.489505 -0.350557 -0.088707
v 0.355636 -0.341769 -0.095257
v 0.344885 -0.345153 -0.088707
v 0.342967 -0.396486 -0.102466
v 0.353576 -0.396882 -0.110029
v 0.487586 -0.401890 -0.102466
v 0.476977 -0.401493 -0.110029
v 0.478043 -0.372965 -0.106272
v 0.488579 -0.375318 -0.098966
v 0.354642 -0.368353 -0.106272
v 0.343960 -0.369914 -0.098966
v 0.353576 -0.396882 0.110494
v 0.342967 -0.396486 0.102930
v 0.476977 -0.401493 0.110494
v 0.487586 -0.401890 0.102930
v 0.352510 -0.425411 0.106737
v 0.341974 -0.423058 0.099431
v 0.475911 -0.430022 0.106737
v 0.486594 -0.428461 0.099431
v 0.351517 -0.451996 0.095721
v 0.341049 -0.447819 0.089171
v 0.474917 -0.456607 0.095721
v 0.485668 -0.453222 0.089171
v 0.350664 -0.474824 0.078199
v 0.340254 -0.469081 0.072851
v 0.474064 -0.479435 0.078199
v 0.484874 -0.474485 0.072851
v 0.350010 -0.492341 0.055363
v 0.339645 -0.485397 0.051581
v 0.473410 -0.496952 0.055363
v 0.484264 -0.490800 0.051581
v 0.349598 -0.503353 0.028770
v 0.339261 -0.495653 0.026812
v 0.472998 -0.507964 0.028770
v 0.483881 -0.501057 0.026812
v 0.349458 -0.507109 0.000232
v 0.339131 -0.499151 0.000232
v 0.472858 -0.511720 0.000232
v 0.483750 -0.504555 0.000232
v 0.349598 -0.503353 -0.028305
v 0.339261 -0.495653 -0.026348
v 0.472998 -0.507964 -0.028306
v 0.483881 -0.501057 -0.026348
v 0.350010 -0.492341 -0.054898
v 0.339645 -0.485397 -0.051117
v 0.473410 -0.496952 -0.054898
v 0.484264 -0.490800 -0.051117
v 0.350664 -0.474824 -0.077734
v 0.340254 -0.469081 -0.072386
v 0.474064 -0.479435 -0.077734
v 0.484874 -0.474485 -0.072386
v 0.341049 -0.447819 -0.088707
v 0.351517 -0.451996 -0.095257
v 0.474917 -0.456607 -0.095257
v 0.485668 -0.453222 -0.088707
v 0.352510 -0.425411 -0.106272
v 0.341974 -0.423058 -0.098966
v 0.486593 -0.428461 -0.098966
v 0.475911 -0.430022 -0.106272
v 0.542507 -0.403942 -0.096768
v 0.541569 -0.429039 -0.093463
v 0.540695 -0.452427 -0.083773
v 0.539945 -0.472510 -0.068357
v 0.539369 -0.487920 -0.048268
v 0.539007 -0.497607 -0.024873
v 0.538884 -0.500911 0.000232
v 0.539007 -0.497607 0.025338
v 0.539369 -0.487920 0.048732
v 0.539945 -0.472510 0.068822
v 0.540695 -0.452427 0.084237
v 0.541569 -0.429039 0.093927
v 0.542507 -0.403942 0.097233
v 0.543445 -0.378844 0.093927
v 0.544319 -0.355457 0.084237
v 0.545069 -0.335374 0.068822
v 0.545645 -0.319964 0.048732
v 0.546007 -0.310276 0.025338
v 0.546130 -0.306972 0.000232
v 0.546007 -0.310276 -0.024873
v 0.545645 -0.319964 -0.048268
v 0.545069 -0.335374 -0.068357
v 0.544319 -0.355457 -0.083773
v 0.543445 -0.378844 -0.093463
v 0.563500 -0.404726 -0.096768
v 0.562563 -0.429824 -0.093463
v 0.561689 -0.453211 -0.083773
v 0.560938 -0.473294 -0.068357
v 0.560362 -0.488704 -0.048268
v 0.560000 -0.498392 -0.024873
v 0.559877 -0.501696 0.000232
v 0.560000 -0.498392 0.025338
v 0.560362 -0.488704 0.048732
v 0.560938 -0.473294 0.068822
v 0.561689 -0.453211 0.084237
v 0.562562 -0.429824 0.093927
v 0.563500 -0.404726 0.097232
v 0.564438 -0.379629 0.093927
v 0.565312 -0.356242 0.084237
v 0.566062 -0.336158 0.068822
v 0.566638 -0.320748 0.048732
v 0.567000 -0.311061 0.025338
v 0.567124 -0.307757 0.000232
v 0.567000 -0.311061 -0.024873
v 0.566638 -0.320748 -0.048268
v 0.566062 -0.336158 -0.068357
v 0.565312 -0.356242 -0.083773
v 0.564438 -0.379629 -0.093463
v 0.454962 0.476992 -0.049489
v 0.454962 0.468460 -0.006594
v 0.454963 0.444162 0.029771
v 0.454962 0.407797 0.054069
v 0.454962 0.364902 0.062601
v 0.454962 0.322007 0.054069
v 0.454963 0.285642 0.029771
v 0.454963 0.261343 -0.006594
v 0.454962 0.252811 -0.049489
v 0.454962 0.261343 -0.092384
v 0.454962 0.285642 -0.128749
v 0.454962 0.322007 -0.153047
v 0.454962 0.364902 -0.161580
v 0.454962 0.407797 -0.153047
v 0.454962 0.444162 -0.128749
v 0.454962 0.468460 -0.092384
v 0.428991 0.444727 -0.049489
v 0.428991 0.438651 -0.018941
v 0.428991 0.421347 0.006956
v 0.428991 0.395450 0.024260
v 0.428991 0.364902 0.030337
v 0.428991 0.334354 0.024260
v 0.428991 0.308456 0.006956
v 0.428991 0.291152 -0.018941
v 0.428991 0.285076 -0.049489
v 0.428991 0.291152 -0.080037
v 0.428991 0.308456 -0.105935
v 0.428991 0.334354 -0.123239
v 0.428991 0.364902 -0.129315
v 0.428991 0.395450 -0.123239
v 0.428991 0.421347 -0.105935
v 0.428991 0.438651 -0.080037
v 1.180739 0.557972 -0.049489
v 1.216153 0.537126 -0.049489
v 1.201185 0.552387 -0.049489
v 1.180739 0.543276 0.024396
v 1.201185 0.538115 0.022258
v 1.216153 0.524016 0.016418
v 1.180739 0.501423 0.087032
v 1.201185 0.497473 0.083083
v 1.216153 0.486683 0.072291
v 1.180739 0.438787 0.128885
v 1.201185 0.436649 0.123724
v 1.216153 0.430809 0.109625
v 1.216153 0.364902 0.122735
v 1.216153 0.298995 0.109625
v 1.201186 0.232330 0.083083
v 1.216153 0.243121 0.072291
v 1.216153 0.205788 0.016418
v 1.180739 0.171831 -0.049489
v 1.201185 0.177417 -0.049489
v 1.216154 0.192678 -0.049489
v 1.180739 0.186528 -0.123374
v 1.201186 0.191689 -0.121236
v 1.216153 0.205788 -0.115396
v 1.180739 0.228380 -0.186011
v 1.201185 0.232330 -0.182061
v 1.216154 0.243121 -0.171270
v 1.180739 0.291017 -0.227863
v 1.201185 0.293155 -0.222703
v 1.216154 0.298995 -0.208603
v 1.180739 0.364902 -0.242560
v 1.201185 0.364902 -0.236974
v 1.216153 0.364902 -0.221713
v 1.180739 0.438787 -0.227863
v 1.201185 0.436649 -0.222703
v 1.216154 0.430809 -0.208603
v 1.180739 0.501423 -0.186011
v 1.201185 0.497473 -0.182061
v 1.216153 0.486683 -0.171270
v 1.180739 0.543276 -0.123374
v 1.201185 0.538115 -0.121237
v 1.216153 0.524016 -0.115396
v 0.552867 0.543276 -0.123374
v 0.552867 0.557972 -0.049489
v 0.552867 0.543276 0.024396
v 0.552867 0.501423 0.087032
v 0.552867 0.438786 0.128885
v 0.552867 0.364902 0.143582
v 0.552867 0.291017 0.128885
v 0.552867 0.228380 0.087032
v 0.552867 0.186528 0.024396
v 0.552867 0.171831 -0.049489
v 0.552867 0.186528 -0.123374
v 0.552867 0.228380 -0.186011
v 0.552867 0.291017 -0.227863
v 0.552867 0.364902 -0.242560
v 0.552867 0.438787 -0.227863
v 0.552867 0.501423 -0.186011
v 0.645666 0.557972 -0.049489
v 0.645666 0.543276 0.024396
v 0.645666 0.501423 0.087032
v 0.645666 0.438787 0.128885
v 0.645666 0.364902 0.143582
v 0.645666 0.291017 0.128885
v 0.645666 0.228380 0.087032
v 0.645666 0.171831 -0.049489
v 0.645666 0.186528 -0.123374
v 0.645666 0.228380 -0.186011
v 0.645666 0.291017 -0.227863
v 0.645666 0.364902 -0.242560
v 0.645666 0.438787 -0.227863
v 0.645666 0.501423 -0.186011
v 0.645666 0.543276 -0.123374
v 0.739452 0.557972 -0.049489
v 0.739452 0.543276 0.024396
v 0.739452 0.501423 0.087032
v 0.739452 0.438787 0.128885
v 0.739452 0.364902 0.143581
v 0.739452 0.291017 0.128885
v 0.739452 0.228380 0.087032
v 0.739452 0.186528 0.024396
v 0.739452 0.291017 -0.227863
v 0.739452 0.364902 -0.242560
v 0.739452 0.438787 -0.227863
v 0.739452 0.501423 -0.186011
v 0.739452 0.543276 -0.123374
v 0.834998 0.557972 -0.049489
v 0.834998 0.543276 0.024396
v 0.834998 0.501423 0.087032
v 0.834998 0.438787 0.128885
v 0.834998 0.364902 0.143581
v 0.834998 0.291017 0.128885
v 0.834998 0.228380 0.087032
v 0.834998 0.186528 0.024396
v 0.834998 0.291017 -0.227863
v 0.834998 0.364902 -0.242560
v 0.834998 0.438787 -0.227863
v 0.834998 0.501423 -0.186011
v 0.834998 0.543276 -0.123374
v 0.929830 0.557972 -0.049489
v 0.929830 0.543276 0.024396
v 0.929830 0.501423 0.087032
v 0.929830 0.438787 0.128885
v 0.929830 0.364902 0.143581
v 0.929830 0.228380 0.087032
v 0.929830 0.186528 0.024396
v 0.929830 0.291017 -0.227863
v 0.929830 0.364902 -0.242560
v 0.929830 0.438787 -0.227863
v 0.929830 0.501423 -0.186011
v 0.929830 0.543276 -0.123374
v 1.021698 0.557972 -0.049489
v 1.021698 0.543276 0.024396
v 1.021698 0.501423 0.087032
v 1.021698 0.438787 0.128885
v 1.021698 0.364902 0.143581
v 1.021698 0.186528 0.024396
v 1.021698 0.291017 -0.227863
v 1.021698 0.364902 -0.242560
v 1.021698 0.438787 -0.227863
v 1.021698 0.501423 -0.186011
v 1.021698 0.543276 -0.123374
v 1.115945 0.557972 -0.049489
v 1.115945 0.543276 0.024396
v 1.115945 0.501423 0.087032
v 1.115945 0.438787 0.128885
v 1.115945 0.364902 0.143581
v 1.115945 0.171831 -0.049489
v 1.115945 0.186528 -0.123374
v 1.115945 0.228380 -0.186011
v 1.115945 0.291017 -0.227863
v 1.115945 0.364902 -0.242560
v 1.115945 0.438787 -0.227863
v 1.115945 0.501423 -0.186011
v 1.115945 0.543276 -0.123374
v 0.512979 0.533101 0.020181
v 0.512980 0.546959 -0.049489
v 0.512980 0.493636 0.079245
v 0.512980 0.434572 0.118710
v 0.512979 0.364902 0.132569
v 0.512980 0.295231 0.118710
v 0.512980 0.236167 0.079245
v 0.512980 0.196702 0.020181
v 0.512980 0.182844 -0.049489
v 0.512979 0.196702 -0.119160
v 0.512980 0.236167 -0.178223
v 0.512979 0.295231 -0.217689
v 0.512980 0.364902 -0.231547
v 0.512979 0.434572 -0.217689
v 0.512979 0.493636 -0.178223
v 0.512979 0.533101 -0.119160
v 0.508432 0.490256 -0.049489
v 0.508432 0.480714 -0.001518
v 0.508432 0.453541 0.039150
v 0.508432 0.276262 0.039150
v 0.508432 0.249089 -0.001518
v 0.508432 0.239547 -0.049489
v 0.508432 0.249089 -0.097460
v 0.508432 0.276262 -0.138128
v 0.508432 0.316931 -0.165302
v 0.508432 0.364902 -0.174844
v 0.508432 0.412873 -0.165302
v 0.508432 0.453541 -0.138128
v 0.508432 0.480714 -0.097460
v 0.508803 0.476992 -0.049489
v 0.508803 0.468460 -0.006594
v 0.508803 0.444162 0.029771
v 0.508803 0.407797 0.054069
v 0.508803 0.364902 0.062601
v 0.508803 0.322007 0.054069
v 0.508803 0.285642 0.029771
v 0.508803 0.261343 -0.006594
v 0.508803 0.252811 -0.049489
v 0.508803 0.261343 -0.092384
v 0.508803 0.285642 -0.128749
v 0.508803 0.322007 -0.153047
v 0.508803 0.364902 -0.161580
v 0.508803 0.407797 -0.153047
v 0.508803 0.444162 -0.128749
v 0.508803 0.468460 -0.092384
v 0.501689 0.534642 -0.049489
v 0.489073 0.508015 -0.049489
v 0.489073 0.497121 0.005278
v 0.501689 0.521721 0.015468
v 0.489073 0.466098 0.051708
v 0.501689 0.484926 0.070535
v 0.489074 0.419669 0.082731
v 0.501689 0.429859 0.107331
v 0.489073 0.364902 0.093625
v 0.501689 0.364902 0.120251
v 0.489074 0.310135 0.082731
v 0.501689 0.299945 0.107331
v 0.489073 0.263705 0.051708
v 0.501689 0.244877 0.070536
v 0.489073 0.232682 0.005278
v 0.501689 0.208082 0.015468
v 0.489073 0.221788 -0.049489
v 0.501689 0.195161 -0.049489
v 0.489073 0.232682 -0.104256
v 0.501689 0.208082 -0.114446
v 0.489073 0.263705 -0.150686
v 0.501689 0.244877 -0.169514
v 0.489073 0.310135 -0.181709
v 0.501689 0.299945 -0.206309
v 0.489073 0.364902 -0.192603
v 0.501689 0.364902 -0.219230
v 0.489073 0.419669 -0.181709
v 0.501689 0.429859 -0.206309
v 0.489073 0.466098 -0.150686
v 0.501689 0.484926 -0.169514
v 0.489073 0.497121 -0.104256
v 0.501689 0.521722 -0.114446
v 0.552867 0.532319 -0.118836
v 0.552867 0.546113 -0.049489
v 0.552867 0.532319 0.019858
v 0.552867 0.493038 0.078647
v 0.552867 0.434248 0.117928
v 0.552867 0.364902 0.131722
v 0.552867 0.295555 0.117928
v 0.552867 0.236766 0.078647
v 0.552867 0.197484 0.019858
v 0.552867 0.183690 -0.049489
v 0.552867 0.197484 -0.118836
v 0.552867 0.236766 -0.177625
v 0.552867 0.295555 -0.216907
v 0.552867 0.364902 -0.230701
v 0.552867 0.434248 -0.216907
v 0.552867 0.493038 -0.177625
v 0.739452 0.532319 -0.118836
v 0.645666 0.532319 -0.118836
v 0.645666 0.546113 -0.049489
v 0.645666 0.532319 0.019857
v 0.645666 0.434248 0.117928
v 0.645666 0.364902 0.131722
v 0.645666 0.295555 0.117928
v 0.645666 0.295555 -0.216907
v 0.645666 0.364902 -0.230701
v 0.645666 0.434248 -0.216907
v 0.645666 0.493038 -0.177625
v 0.645666 0.493038 0.078647
v 0.739452 0.546113 -0.049489
v 0.739452 0.532319 0.019857
v 0.739452 0.493038 0.078647
v 0.739452 0.434248 0.117928
v 0.739452 0.364902 0.131722
v 0.739452 0.295555 0.117929
v 0.739452 0.295555 -0.216907
v 0.739452 0.364902 -0.230701
v 0.739452 0.434248 -0.216907
v 0.739452 0.493038 -0.177625
v 0.929830 0.532319 -0.118836
v 0.834998 0.532319 -0.118836
v 0.834998 0.546113 -0.049489
v 0.834998 0.532319 0.019858
v 0.834998 0.434248 0.117928
v 0.834998 0.364902 0.131722
v 0.834998 0.236766 0.078647
v 0.834998 0.197484 0.019858
v 0.834998 0.364902 -0.230701
v 0.834998 0.434248 -0.216907
v 0.834998 0.493038 -0.177625
v 0.834998 0.493038 0.078647
v 0.929830 0.546113 -0.049489
v 0.929830 0.532319 0.019858
v 0.929830 0.493038 0.078647
v 0.929830 0.434248 0.117928
v 0.929830 0.364902 0.131722
v 0.929830 0.236766 0.078647
v 0.929830 0.197484 0.019858
v 0.929830 0.295555 -0.216907
v 0.929830 0.364902 -0.230701
v 0.929830 0.434249 -0.216907
v 0.929830 0.493038 -0.177625
v 1.115945 0.532319 -0.118836
v 1.021698 0.532319 -0.118836
v 1.021698 0.546113 -0.049489
v 1.021698 0.532319 0.019857
v 1.021698 0.434248 0.117928
v 1.021698 0.364902 0.131722
v 1.021698 0.295555 -0.216907
v 1.021698 0.364902 -0.230701
v 1.021698 0.434249 -0.216907
v 1.021698 0.493038 -0.177625
v 1.021698 0.493038 0.078647
v 1.115945 0.546113 -0.049489
v 1.115945 0.532319 0.019857
v 1.115945 0.493038 0.078647
v 1.115945 0.434248 0.117928
v 1.115945 0.364902 0.131722
v 1.115945 0.295555 -0.216907
v 1.115945 0.364902 -0.230701
v 1.115945 0.434249 -0.216907
v 1.115945 0.493038 -0.177625
v 1.227669 0.364902 -0.049489
v 0.428991 0.364902 -0.049489
v 0.454974 -0.644203 0.159911
v 0.454978 -0.654781 0.212917
v 0.454979 -0.684838 0.257840
v 0.454978 -0.729799 0.287841
v 0.454975 -0.782819 0.298353
v 0.454969 -0.835825 0.287774
v 0.454963 -0.880748 0.257717
v 0.454956 -0.910749 0.212756
v 0.454951 -0.921261 0.159737
v 0.454948 -0.910683 0.106731
v 0.454946 -0.880625 0.061807
v 0.454948 -0.835664 0.031806
v 0.454951 -0.782645 0.021295
v 0.454956 -0.729639 0.031873
v 0.454963 -0.684716 0.061930
v 0.454969 -0.654714 0.106891
v 0.429000 -0.684075 0.159888
v 0.429002 -0.745034 0.250994
v 0.428991 -0.852532 0.229541
v 0.428983 -0.881384 0.159764
v 0.428981 -0.873850 0.122015
v 0.428980 -0.852445 0.090023
v 0.428983 -0.782668 0.061172
v 0.428987 -0.744919 0.068705
v 0.428991 -0.712927 0.090110
v 0.428996 -0.691561 0.122130
v 1.180759 -0.544183 0.159912
v 1.216171 -0.569950 0.159893
v 1.201205 -0.551088 0.159906
v 1.180765 -0.562403 0.251213
v 1.201211 -0.568781 0.248565
v 1.216177 -0.586203 0.241335
v 1.180768 -0.614176 0.328591
v 1.201213 -0.619056 0.323704
v 1.216178 -0.632385 0.310358
v 1.180765 -0.691619 0.380266
v 1.201211 -0.694258 0.373885
v 1.216177 -0.701466 0.356454
v 1.180759 -0.782942 0.398372
v 1.201205 -0.782939 0.391467
v 1.216171 -0.782929 0.372605
v 1.180750 -0.874243 0.380151
v 1.201196 -0.871598 0.373774
v 1.216163 -0.864371 0.356352
v 1.180740 -0.951621 0.328379
v 1.201185 -0.946738 0.323499
v 1.216154 -0.933394 0.310170
v 1.180729 -1.003296 0.250936
v 1.201175 -0.996918 0.248296
v 1.216144 -0.979490 0.241088
v 1.180719 -1.021402 0.159612
v 1.201166 -1.014500 0.159615
v 1.216136 -0.995641 0.159626
v 1.180713 -1.003181 0.068312
v 1.201160 -0.996807 0.070956
v 1.216130 -0.979388 0.078183
v 1.180711 -0.951409 -0.009066
v 1.201158 -0.946532 -0.004183
v 1.216128 -0.933206 0.009160
v 1.180713 -0.873966 -0.060742
v 1.201160 -0.871330 -0.054364
v 1.216130 -0.864125 -0.036936
v 1.180719 -0.782643 -0.078847
v 1.201166 -0.782649 -0.071946
v 1.216135 -0.782662 -0.053086
v 1.180728 -0.691342 -0.060627
v 1.201175 -0.693990 -0.054252
v 1.216143 -0.701220 -0.036833
v 1.180739 -0.613964 -0.008854
v 1.201185 -0.618850 -0.003978
v 1.216153 -0.632196 0.009349
v 1.180750 -0.562289 0.068589
v 0.428992 -0.782730 0.159826
v 1.201196 -0.568670 0.071225
v 1.216163 -0.586100 0.078430
v 0.552878 -0.562236 0.068642
v 0.552887 -0.544130 0.159965
v 0.552893 -0.562351 0.251266
v 0.552895 -0.614123 0.328644
v 0.552894 -0.691566 0.380319
v 0.552887 -0.782890 0.398425
v 0.552878 -0.874190 0.380205
v 0.552867 -0.951568 0.328432
v 0.552857 -1.003244 0.250989
v 0.552847 -1.021350 0.159666
v 0.552841 -1.003129 0.068365
v 0.552839 -0.951357 -0.009013
v 0.552841 -0.873914 -0.060688
v 0.552847 -0.782590 -0.078794
v 0.552856 -0.691290 -0.060574
v 0.552867 -0.613912 -0.008801
v 0.645686 -0.544138 0.159957
v 0.645694 -0.614131 0.328636
v 0.645692 -0.691574 0.380311
v 0.645686 -0.782897 0.398417
v 0.645677 -0.874198 0.380197
v 0.645666 -0.951576 0.328424
v 0.645655 -1.003252 0.250981
v 0.645640 -1.003137 0.068357
v 0.645638 -0.951364 -0.009021
v 0.645640 -0.873921 -0.060696
v 0.645646 -0.782598 -0.078802
v 0.645655 -0.691297 -0.060582
v 0.645666 -0.613919 -0.008809
v 0.645677 -0.562244 0.068634
v 0.739480 -0.614139 0.328628
v 0.739478 -0.691582 0.380303
v 0.739472 -0.782905 0.398409
v 0.739426 -0.873929 -0.060704
v 0.739432 -0.782606 -0.078810
v 0.739441 -0.691305 -0.060590
v 0.835027 -0.614147 0.328620
v 0.835025 -0.691590 0.380295
v 0.835019 -0.782913 0.398401
v 0.834972 -0.873937 -0.060712
v 0.834978 -0.782614 -0.078818
v 0.834988 -0.691313 -0.060598
v 0.929859 -0.614155 0.328612
v 0.929857 -0.691598 0.380287
v 0.929850 -0.782921 0.398393
v 0.929841 -0.874222 0.380173
v 0.929804 -0.873945 -0.060720
v 0.929810 -0.782622 -0.078826
v 0.929819 -0.691321 -0.060606
v 1.021727 -0.614163 0.328604
v 1.021725 -0.691606 0.380280
v 1.021719 -0.782929 0.398385
v 1.021710 -0.874229 0.380165
v 1.021672 -0.873953 -0.060728
v 1.021679 -0.782630 -0.078834
v 1.021688 -0.691329 -0.060613
v 1.115971 -0.562398 0.251218
v 1.115973 -0.614170 0.328596
v 1.115971 -0.691613 0.380272
v 1.115965 -0.782937 0.398377
v 1.115956 -0.874237 0.380157
v 1.115945 -0.951615 0.328384
v 1.115934 -1.003291 0.250941
v 1.115925 -1.021396 0.159618
v 1.115919 -1.003176 0.068317
v 1.115917 -0.951403 -0.009061
v 1.115919 -0.873961 -0.060736
v 1.115925 -0.782637 -0.078842
v 1.115934 -0.691337 -0.060622
v 1.115945 -0.613959 -0.008849
v 1.115956 -0.562283 0.068594
v 0.513004 -0.574919 0.246053
v 0.512998 -0.557737 0.159960
v 0.513006 -0.623738 0.319017
v 0.513004 -0.696764 0.367745
v 0.512999 -0.782878 0.384818
v 0.512990 -0.868971 0.367637
v 0.512980 -0.941935 0.318817
v 0.512970 -0.990663 0.245792
v 0.512961 -1.007736 0.159677
v 0.512955 -0.990555 0.073585
v 0.512953 -0.941735 0.000621
v 0.512955 -0.868710 -0.048107
v 0.512961 -0.782595 -0.065180
v 0.512969 -0.696503 -0.047999
v 0.512980 -0.623538 0.000820
v 0.512990 -0.574811 0.073846
v 0.508445 -0.627815 0.159916
v 0.508449 -0.639644 0.219195
v 0.508450 -0.673259 0.269434
v 0.508449 -0.723540 0.302985
v 0.508445 -0.782834 0.314741
v 0.508439 -0.842112 0.302911
v 0.508432 -0.892351 0.269297
v 0.508425 -0.925902 0.219015
v 0.508419 -0.937658 0.159722
v 0.508415 -0.925828 0.100443
v 0.508413 -0.892214 0.050204
v 0.508415 -0.841932 0.016653
v 0.508419 -0.782639 0.004898
v 0.508425 -0.723360 0.016727
v 0.508432 -0.673121 0.050342
v 0.508439 -0.639570 0.100623
v 0.508815 -0.644207 0.159906
v 0.508818 -0.654785 0.212912
v 0.508819 -0.684843 0.257835
v 0.508818 -0.729804 0.287837
v 0.508815 -0.782823 0.298348
v 0.508809 -0.835829 0.287770
v 0.508803 -0.880753 0.257712
v 0.508797 -0.910754 0.212752
v 0.508791 -0.921265 0.159732
v 0.508788 -0.910687 0.106726
v 0.508786 -0.880630 0.061803
v 0.508788 -0.835669 0.031802
v 0.508791 -0.782649 0.021290
v 0.508797 -0.729643 0.031868
v 0.508803 -0.684720 0.061926
v 0.508809 -0.654719 0.106887
v 0.501706 -0.572959 0.159951
v 0.489088 -0.605865 0.159932
v 0.489093 -0.619371 0.227608
v 0.501712 -0.588978 0.240219
v 0.489095 -0.657748 0.284965
v 0.501714 -0.634494 0.308247
v 0.489093 -0.715152 0.323269
v 0.501712 -0.702579 0.353678
v 0.489089 -0.782846 0.336690
v 0.501707 -0.782867 0.369596
v 0.489082 -0.850522 0.323184
v 0.501699 -0.863135 0.353578
v 0.489074 -0.907879 0.284808
v 0.501689 -0.931163 0.308061
v 0.489066 -0.946183 0.227403
v 0.501680 -0.976594 0.239976
v 0.489059 -0.959604 0.159710
v 0.501671 -0.992512 0.159688
v 0.489054 -0.946098 0.092033
v 0.501666 -0.976494 0.079420
v 0.489053 -0.907722 0.034677
v 0.501664 -0.930977 0.011392
v 0.489054 -0.850317 -0.003628
v 0.501666 -0.862892 -0.034039
v 0.489059 -0.782624 -0.017049
v 0.501671 -0.782604 -0.049957
v 0.489065 -0.714947 -0.003543
v 0.501679 -0.702336 -0.033938
v 0.489073 -0.657591 0.034834
v 0.501689 -0.634308 0.011578
v 0.489081 -0.619286 0.092238
v 0.501698 -0.588877 0.079663
v 0.552877 -0.575780 0.074242
v 0.552886 -0.558787 0.159956
v 0.552892 -0.575888 0.245648
v 0.552894 -0.624481 0.318274
v 0.552892 -0.697167 0.366775
v 0.552886 -0.782881 0.383769
v 0.552878 -0.868573 0.366668
v 0.552867 -0.941198 0.318075
v 0.552857 -0.989700 0.245389
v 0.552849 -1.006693 0.159675
v 0.552843 -0.989592 0.073982
v 0.552841 -0.941000 0.001357
v 0.552843 -0.868313 -0.047144
v 0.552848 -0.782599 -0.064138
v 0.552857 -0.696907 -0.047037
v 0.552867 -0.624282 0.001556
v 0.645691 -0.697174 0.366767
v 0.645685 -0.782888 0.383761
v 0.645676 -0.868581 0.366660
v 0.645641 -0.868321 -0.047152
v 0.645647 -0.782607 -0.064146
v 0.645656 -0.696915 -0.047045
v 0.739476 -0.697182 0.366759
v 0.739471 -0.782896 0.383753
v 0.739462 -0.868589 0.366652
v 0.739427 -0.868329 -0.047160
v 0.739433 -0.782615 -0.064154
v 0.739442 -0.696922 -0.047053
v 0.835023 -0.697190 0.366751
v 0.835017 -0.782904 0.383745
v 0.835009 -0.868596 0.366644
v 0.834974 -0.868337 -0.047168
v 0.834980 -0.782623 -0.064162
v 0.834988 -0.696930 -0.047061
v 0.835025 -0.624504 0.318250
v 0.929857 -0.624512 0.318242
v 0.929855 -0.697198 0.366743
v 0.929849 -0.782912 0.383737
v 0.929841 -0.868605 0.366636
v 0.929806 -0.868345 -0.047176
v 0.929811 -0.782631 -0.064170
v 0.929820 -0.696938 -0.047069
v 1.021723 -0.697206 0.366735
v 1.021718 -0.782920 0.383729
v 1.021709 -0.868612 0.366628
v 1.021674 -0.868352 -0.047184
v 1.021680 -0.782639 -0.064178
v 1.021688 -0.696946 -0.047076
v 1.115970 -0.697214 0.366727
v 1.115964 -0.782927 0.383721
v 1.115955 -0.868620 0.366620
v 1.115921 -0.868361 -0.047192
v 1.115926 -0.782647 -0.064186
v 1.115935 -0.696954 -0.047084
v 0.429002 -0.691609 0.197636
v 0.429003 -0.713014 0.229629
v 0.429000 -0.782791 0.258480
v 0.428996 -0.820540 0.250947
v 0.428987 -0.873898 0.197522
v 0.428980 -0.820426 0.068657
v 1.224668 -0.782796 0.159759
v 0.993170 -2.129863 0.126920
v 0.993624 -2.129910 0.202263
v 0.956346 -2.129948 0.267739
v 0.891324 -2.129967 0.305803
v 0.815982 -2.129960 0.306257
v 0.750506 -2.129932 0.268979
v 0.712442 -2.129887 0.203957
v 0.711988 -2.129840 0.128614
v 0.749266 -2.129802 0.063139
v 0.814288 -2.129784 0.025074
v 0.889630 -2.129790 0.024621
v 0.955106 -2.129819 0.061899
v 0.958836 -2.190571 0.136303
v 0.959179 -2.190607 0.193219
v 0.931018 -2.190635 0.242681
v 0.881898 -2.190649 0.271435
v 0.824983 -2.190645 0.271778
v 0.775521 -2.190623 0.243617
v 0.746766 -2.190589 0.194498
v 0.746423 -2.190554 0.137583
v 0.774584 -2.190525 0.088121
v 0.823703 -2.190511 0.059366
v 0.880619 -2.190516 0.059023
v 0.930081 -2.190538 0.087184
v 0.958833 -2.218769 0.136285
v 0.959176 -2.218805 0.193201
v 0.931015 -2.218833 0.242663
v 0.881896 -2.218848 0.271418
v 0.824980 -2.218843 0.271761
v 0.775518 -2.218821 0.243600
v 0.746763 -2.218788 0.194481
v 0.746421 -2.218752 0.137565
v 0.774582 -2.218724 0.088103
v 0.823701 -2.218709 0.059348
v 0.880617 -2.218714 0.059005
v 0.930079 -2.218736 0.087166
v 0.984418 -2.175238 0.129293
v 0.993168 -2.159784 0.126902
v 0.993622 -2.159831 0.202244
v 0.984844 -2.175283 0.199940
v 0.956343 -2.159869 0.267720
v 0.949889 -2.175318 0.261334
v 0.891322 -2.159888 0.305784
v 0.888920 -2.175335 0.297026
v 0.815979 -2.159882 0.306238
v 0.818273 -2.175330 0.297452
v 0.750503 -2.159853 0.268960
v 0.756878 -2.175303 0.262497
v 0.712439 -2.159809 0.203938
v 0.721186 -2.175262 0.201528
v 0.711985 -2.159762 0.128596
v 0.720760 -2.175217 0.130881
v 0.749264 -2.159724 0.063120
v 0.755715 -2.175181 0.069486
v 0.814285 -2.159705 0.025056
v 0.816684 -2.175164 0.033794
v 0.889628 -2.159711 0.024602
v 0.887331 -2.175170 0.033368
v 0.955103 -2.159740 0.061880
v 0.948726 -2.175197 0.068323
v 1.033106 -2.249154 0.115884
v 1.033689 -2.249214 0.212668
v 0.985802 -2.249263 0.296777
v 0.902276 -2.249287 0.345674
v 0.805492 -2.249279 0.346257
v 0.721383 -2.249242 0.298370
v 0.672486 -2.249185 0.214844
v 0.671903 -2.249125 0.118060
v 0.719790 -2.249076 0.033951
v 0.803316 -2.249052 -0.014946
v 0.900100 -2.249060 -0.015529
v 0.984209 -2.249097 0.032358
v 1.108856 -2.293973 0.095068
v 1.109684 -2.294060 0.232514
v 1.041678 -2.294129 0.351959
v 0.923060 -2.294162 0.421400
v 0.785614 -2.294151 0.422227
v 0.666168 -2.294098 0.354222
v 0.596728 -2.294018 0.235604
v 0.595900 -2.293932 0.098158
v 0.663906 -2.293863 -0.021288
v 0.782524 -2.293829 -0.090728
v 0.919970 -2.293840 -0.091556
v 1.039416 -2.293893 -0.023550
v 1.154616 -2.332896 0.082485
v 1.155592 -2.332998 0.244495
v 0.935615 -2.333119 0.467139
v 0.773605 -2.333106 0.468115
v 0.632812 -2.333044 0.387955
v 0.550962 -2.332949 0.248138
v 0.549985 -2.332847 0.086127
v 0.539588 -1.079257 0.160032
v 0.481519 -1.079252 0.160056
v 0.539639 -1.048422 0.277638
v 0.481570 -1.048417 0.277662
v 0.539687 -0.949947 0.374100
v 0.481618 -0.949943 0.374124
v 0.539504 -1.082460 -0.042774
v 0.481435 -1.082455 -0.042750
v 0.539452 -1.186338 -0.146782
v 0.481384 -1.186333 -0.146758
v 0.539481 -1.096353 -0.094755
v 0.481413 -1.096349 -0.094731
v 0.539463 -1.134375 -0.132824
v 0.481394 -1.134370 -0.132800
v 0.539416 -2.134414 -0.043434
v 0.481347 -2.134410 -0.043410
v 0.539382 -2.030407 -0.147312
v 0.481313 -2.030402 -0.147288
v 0.539396 -2.120456 -0.095397
v 0.481327 -2.120451 -0.095373
v 0.539383 -2.082387 -0.133419
v 0.481314 -2.082382 -0.133395
v 0.613156 -0.830855 0.443243
v 0.612877 -0.824301 0.500679
v 0.612914 -2.134726 0.442120
v 0.612938 -2.134762 0.500189
v 0.678146 -2.055028 0.442143
v 0.678170 -2.055064 0.500212
v 0.674598 -0.753615 0.442961
v 0.674622 -0.753652 0.501030
v 0.481554 -2.134724 0.457946
v 0.481801 -0.835629 0.459168
v 0.539713 -0.854330 0.416441
v 0.481644 -0.854326 0.416465
v 0.539702 -0.877828 0.395286
v 0.481633 -0.877823 0.395310
v 0.539325 -0.835312 0.436683
v 0.481400 -0.838180 0.437036
v 0.538650 -0.827999 0.500933
v 0.539993 -0.834542 0.443124
v 0.489402 -0.832852 0.480122
v 0.510212 -0.830059 0.495409
v 0.538571 -2.134755 0.500220
v 0.510071 -2.134749 0.494566
v 0.539691 -2.134719 0.441841
v 0.489200 -2.134738 0.479092
v 1.166133 -1.079310 0.159773
v 1.224202 -1.079314 0.159749
v 1.166185 -1.048474 0.277379
v 1.224253 -1.048479 0.277355
v 1.166233 -0.950000 0.373841
v 1.224302 -0.950005 0.373818
v 1.166049 -1.082512 -0.043033
v 1.224118 -1.082518 -0.043057
v 1.165998 -1.186390 -0.147041
v 1.224067 -1.186395 -0.147065
v 1.166027 -1.096406 -0.095013
v 1.224096 -1.096411 -0.095037
v 1.166008 -1.134427 -0.133082
v 1.224077 -1.134432 -0.133107
v 1.165962 -2.134467 -0.043693
v 1.224030 -2.134472 -0.043717
v 1.165927 -2.030459 -0.147570
v 1.223996 -2.030464 -0.147594
v 1.165941 -2.120509 -0.095655
v 1.224010 -2.120513 -0.095679
v 1.165929 -2.082439 -0.133677
v 1.223998 -2.082444 -0.133701
v 1.092841 -0.830895 0.443045
v 1.093169 -0.824341 0.500481
v 1.092865 -2.134765 0.441922
v 1.092889 -2.134802 0.499991
v 1.027646 -2.055057 0.441999
v 1.027670 -2.055094 0.500068
v 1.031411 -0.753645 0.442814
v 1.031435 -0.753682 0.500883
v 1.224237 -2.134786 0.457640
v 1.224208 -0.835691 0.458861
v 1.166258 -0.854383 0.416182
v 1.224327 -0.854387 0.416159
v 1.166247 -0.877880 0.395027
v 1.224316 -0.877885 0.395003
v 1.166666 -0.835364 0.436425
v 1.224590 -0.838242 0.436729
v 1.167395 -0.828052 0.500673
v 1.166003 -0.834594 0.442866
v 1.216624 -0.832912 0.479822
v 1.195827 -0.830116 0.495126
v 1.167256 -2.134808 0.499960
v 1.195750 -2.134807 0.494283
v 1.166087 -2.134771 0.441582
v 1.216609 -2.134799 0.478792
v 0.613079 0.169097 0.281199
v 0.612775 0.185826 0.336534
v 0.612946 -0.682243 0.435238
v 0.612946 -0.671884 0.492376
v 0.678171 -0.603819 0.421020
v 0.678171 -0.593460 0.478157
v 0.481580 -0.679430 0.450757
v 0.481717 0.139922 0.302621
v 0.538548 0.154914 0.342368
v 0.539916 0.138129 0.286665
v 0.489310 0.146407 0.322743
v 0.510113 0.151894 0.337291
v 0.538578 -0.671884 0.492376
v 0.510082 -0.672895 0.486801
v 0.539724 -0.682299 0.434934
v 0.489217 -0.675657 0.471567
v 1.166194 -0.515277 0.152060
v 1.224263 -0.515277 0.152060
v 1.166194 0.184474 0.024609
v 1.224263 0.184474 0.024609
v 1.166194 -0.532198 0.244165
v 1.224263 -0.532198 0.244166
v 1.166194 0.257583 0.100214
v 1.224263 0.257583 0.100214
v 1.166194 -0.547183 0.277971
v 1.224262 -0.547183 0.277971
v 1.166194 0.355275 0.128167
v 1.224263 0.355275 0.128167
v 1.166194 0.147322 -0.116860
v 1.224263 0.147322 -0.116860
v 1.166194 -0.554383 0.010359
v 1.224262 -0.554383 0.010359
v 1.166194 0.127075 -0.204993
v 1.224263 0.127075 -0.204993
v 1.166194 0.006257 -0.288725
v 1.224263 0.006257 -0.288725
v 1.166194 0.104102 -0.253646
v 1.224263 0.104102 -0.253646
v 1.166194 0.059879 -0.284294
v 1.224263 0.059879 -0.284294
v 1.166194 -0.578199 -0.077126
v 1.224262 -0.578199 -0.077126
v 1.166194 -0.494466 -0.197944
v 1.224262 -0.494466 -0.197944
v 1.166194 -0.573767 -0.130748
v 1.224263 -0.573767 -0.130748
v 1.166194 -0.543119 -0.174970
v 1.224263 -0.543119 -0.174970
v 1.092764 0.577152 0.207218
v 1.093067 0.587398 0.263729
v 1.092897 -0.682243 0.435239
v 1.092897 -0.671884 0.492376
v 1.027671 -0.603819 0.421020
v 1.027671 -0.593460 0.478157
v 1.031328 0.576769 0.206978
v 1.031328 0.587128 0.264116
v 1.224263 -0.679430 0.450757
v 1.224125 0.579984 0.222838
v 1.166194 0.566061 0.159558
v 1.224263 0.566061 0.159558
v 1.166194 0.537505 0.114927
v 1.224263 0.537505 0.114927
v 1.166194 -0.626942 0.371064
v 1.224263 -0.626942 0.371064
v 1.224263 -0.683201 0.429952
v 1.224516 0.576036 0.201063
v 1.167294 0.587438 0.263951
v 1.165926 0.577126 0.207075
v 1.216532 0.583723 0.243457
v 1.195729 0.586451 0.258506
v 1.167264 -0.671884 0.492376
v 1.195761 -0.672895 0.486801
v 1.166119 -0.682299 0.434934
v 1.216625 -0.675657 0.471567
v 0.643796 0.207073 0.274159
v 0.643645 0.220617 0.330396
v 0.578818 0.149768 0.284809
v 0.575662 0.166359 0.340178
v 0.724585 0.587118 0.264062
v 0.656367 0.522712 0.275695
v 0.691469 0.578488 0.265610
v 0.666499 0.554913 0.269868
v 0.656480 0.512384 0.218742
v 0.724661 0.576778 0.207028
v 0.666593 0.544583 0.212895
v 0.691550 0.568153 0.208607
v 0.539648 0.094642 0.245959
v 0.539313 0.135130 0.274018
v 0.539603 0.112612 0.247444
v 0.539481 0.127431 0.257714
v 0.481368 0.135130 0.274018
v 0.481579 0.094642 0.245959
v 0.481474 0.127431 0.257714
v 0.481551 0.112612 0.247443
v 0.539648 -0.684530 0.422624
v 0.539648 -0.656471 0.382136
v 0.539648 -0.683045 0.404654
v 0.539648 -0.672775 0.389835
v 0.481580 -0.656471 0.382136
v 0.481579 -0.684530 0.422624
v 0.481580 -0.672775 0.389835
v 0.481580 -0.683045 0.404654
v 1.166194 0.492806 0.100356
v 1.224263 0.492806 0.100356
v 1.166194 -0.580018 0.324167
v 1.224263 -0.580018 0.324167
v 1.166194 -0.685234 0.417431
v 1.166194 -0.671107 0.391720
v 1.166194 -0.681822 0.404890
v 1.224262 -0.685234 0.417431
v 1.224263 -0.681822 0.404890
v 1.224263 -0.671107 0.391720
v 1.166194 -0.526463 0.083041
v 1.224263 -0.526463 0.083041
v 1.166194 0.162477 -0.061533
v 1.224263 0.162477 -0.061533
v 1.166194 0.221028 0.062412
v 1.224263 0.221028 0.062412
v 1.166194 -0.517900 0.198226
v 1.224263 -0.517900 0.198226
v 0.811882 -2.393905 1.030256
v 0.795810 -2.377263 1.030268
v 0.807175 -2.382138 1.030264
v 0.457436 -2.393876 1.030286
v 0.473511 -2.377236 1.030295
v 0.462145 -2.382109 1.030293
v 0.811885 -2.408418 1.084285
v 0.795814 -2.394011 1.092616
v 0.807179 -2.398232 1.090175
v 0.457440 -2.408389 1.084315
v 0.473515 -2.393985 1.092643
v 0.462149 -2.398203 1.090205
v 0.811885 -2.448002 1.123819
v 0.795814 -2.439689 1.138237
v 0.807179 -2.442124 1.134013
v 0.457440 -2.447972 1.123849
v 0.473515 -2.439662 1.138264
v 0.462149 -2.442096 1.134043
v 0.811882 -2.502049 1.138265
v 0.795810 -2.502058 1.154907
v 0.807175 -2.502056 1.150032
v 0.457437 -2.502019 1.138295
v 0.473512 -2.502031 1.154934
v 0.462145 -2.502028 1.150061
v 0.811876 -2.556078 1.123751
v 0.795803 -2.564406 1.138158
v 0.807169 -2.561967 1.133938
v 0.457431 -2.556048 1.123781
v 0.473505 -2.564379 1.138186
v 0.462139 -2.561939 1.133968
v 0.811870 -2.595613 1.084168
v 0.795796 -2.610027 1.092481
v 0.807162 -2.605805 1.090045
v 0.457424 -2.595583 1.084198
v 0.473497 -2.610001 1.092508
v 0.462132 -2.605777 1.090074
v 0.811864 -2.610058 1.030121
v 0.795789 -2.626697 1.030112
v 0.807155 -2.621824 1.030114
v 0.457418 -2.610028 1.030151
v 0.473490 -2.626670 1.030139
v 0.462125 -2.621795 1.030143
v 0.811861 -2.595544 0.976092
v 0.795785 -2.609949 0.967764
v 0.807152 -2.605731 0.970202
v 0.457415 -2.595515 0.976122
v 0.473487 -2.609922 0.967791
v 0.462121 -2.605702 0.970231
v 0.811861 -2.555961 0.936558
v 0.795785 -2.564270 0.922143
v 0.807151 -2.561837 0.926364
v 0.457415 -2.555931 0.936588
v 0.473486 -2.564244 0.922170
v 0.462121 -2.561809 0.926393
v 0.811864 -2.501913 0.922112
v 0.795789 -2.501901 0.905473
v 0.807155 -2.501906 0.910346
v 0.457418 -2.501884 0.922142
v 0.473490 -2.501874 0.905500
v 0.462125 -2.501877 0.910375
v 0.811870 -2.447885 0.936626
v 0.795796 -2.439554 0.922221
v 0.807161 -2.441994 0.926439
v 0.457424 -2.447855 0.936656
v 0.473497 -2.439527 0.922248
v 0.462131 -2.441966 0.926469
v 0.811876 -2.408351 0.976209
v 0.795803 -2.393933 0.967899
v 0.807169 -2.398156 0.970333
v 0.457431 -2.408321 0.976239
v 0.473505 -2.393906 0.967926
v 0.462139 -2.398128 0.970362
v 0.457427 -2.501952 1.030218
v 0.811873 -2.501981 1.030188
v 0.893832 -2.393912 1.030249
v 0.909907 -2.377272 1.030259
v 0.898541 -2.382146 1.030257
v 1.248278 -2.393941 1.030219
v 1.232206 -2.377300 1.030231
v 1.243571 -2.382174 1.030227
v 0.893835 -2.408426 1.084279
v 0.909911 -2.394021 1.092606
v 0.898544 -2.398239 1.090168
v 1.248281 -2.408455 1.084248
v 1.232209 -2.394047 1.092579
v 1.243574 -2.398268 1.090139
v 0.893835 -2.448009 1.123812
v 0.909911 -2.439699 1.138227
v 0.898544 -2.442132 1.134006
v 1.248281 -2.448039 1.123782
v 1.232209 -2.439726 1.138200
v 1.243574 -2.442161 1.133976
v 0.893832 -2.502056 1.138258
v 0.909907 -2.502067 1.154897
v 0.898541 -2.502064 1.150024
v 1.248278 -2.502086 1.138228
v 1.232206 -2.502095 1.154870
v 1.243571 -2.502093 1.149995
v 0.893826 -2.556085 1.123744
v 0.909900 -2.564416 1.138149
v 0.898534 -2.561975 1.133930
v 1.248272 -2.556115 1.123714
v 1.232199 -2.564443 1.138122
v 1.243565 -2.562004 1.133901
v 0.893820 -2.595619 1.084161
v 0.909893 -2.610037 1.092471
v 0.898527 -2.605814 1.090037
v 1.248265 -2.595648 1.084131
v 1.232191 -2.610063 1.092444
v 1.243557 -2.605842 1.090008
v 0.893814 -2.610064 1.030114
v 0.909886 -2.626706 1.030102
v 0.898520 -2.621831 1.030106
v 1.248260 -2.610095 1.030084
v 1.232184 -2.626733 1.030075
v 1.243551 -2.621861 1.030077
v 0.893810 -2.595551 0.976085
v 0.909882 -2.609958 0.967754
v 0.898517 -2.605738 0.970195
v 1.248256 -2.595581 0.976055
v 1.232181 -2.609986 0.967727
v 1.243547 -2.605767 0.970165
v 0.893810 -2.555968 0.936551
v 0.909882 -2.564280 0.922133
v 0.898517 -2.561845 0.926357
v 1.248256 -2.555998 0.936521
v 1.232181 -2.564307 0.922106
v 1.243547 -2.561874 0.926327
v 0.893814 -2.501921 0.922105
v 0.909886 -2.501911 0.905463
v 0.898521 -2.501913 0.910338
v 1.248259 -2.501950 0.922075
v 1.232184 -2.501938 0.905436
v 1.243550 -2.501943 0.910309
v 0.893819 -2.447892 0.936619
v 0.909892 -2.439564 0.922211
v 0.898527 -2.442003 0.926432
v 1.248265 -2.447921 0.936589
v 1.232191 -2.439590 0.922184
v 1.243557 -2.442031 0.926402
v 0.893826 -2.408357 0.976202
v 0.909900 -2.393942 0.967890
v 0.898534 -2.398165 0.970325
v 1.248272 -2.408388 0.976172
v 1.232199 -2.393970 0.967862
v 1.243564 -2.398193 0.970296
v 1.248268 -2.502017 1.030151
v 0.893823 -2.501988 1.030182
v 0.405021 -2.410668 -0.297803
v 0.436187 -2.378896 -0.297786
v 0.414150 -2.388201 -0.297790
v 0.405024 -2.421236 -0.244845
v 0.436192 -2.391890 -0.232670
v 0.414155 -2.400484 -0.236235
v 0.405026 -2.451266 -0.199963
v 0.436193 -2.428815 -0.177484
v 0.414156 -2.435390 -0.184067
v 0.405025 -2.496185 -0.169989
v 0.436192 -2.484048 -0.140629
v 0.414155 -2.487602 -0.149227
v 0.405021 -2.549157 -0.159487
v 0.436188 -2.549179 -0.127716
v 0.414151 -2.549172 -0.137020
v 0.405016 -2.602114 -0.170056
v 0.436181 -2.614295 -0.140710
v 0.414144 -2.610726 -0.149304
v 0.405009 -2.646997 -0.200086
v 0.436173 -2.669481 -0.177635
v 0.414137 -2.662894 -0.184210
v 0.405003 -2.676970 -0.245006
v 0.436165 -2.706336 -0.232867
v 0.414130 -2.697734 -0.236421
v 0.404998 -2.687472 -0.297977
v 0.436159 -2.719249 -0.297999
v 0.414123 -2.709941 -0.297991
v 0.404994 -2.676903 -0.350934
v 0.436154 -2.706254 -0.363115
v 0.414119 -2.697656 -0.359546
v 0.404993 -2.646873 -0.395816
v 0.436153 -2.669330 -0.418301
v 0.414118 -2.662751 -0.411714
v 0.404994 -2.601954 -0.425790
v 0.436154 -2.614097 -0.455156
v 0.414119 -2.610539 -0.446554
v 0.404998 -2.548983 -0.436292
v 0.436159 -2.548966 -0.468069
v 0.414123 -2.548970 -0.458761
v 0.405003 -2.496025 -0.425724
v 0.436165 -2.483850 -0.455074
v 0.414130 -2.487414 -0.446476
v 0.405009 -2.451143 -0.395694
v 0.436173 -2.428663 -0.418150
v 0.414137 -2.435247 -0.411572
v 0.405016 -2.421170 -0.350774
v 0.436181 -2.391809 -0.362918
v 0.414144 -2.400408 -0.359360
v 0.468759 -2.378898 -0.297788
v 0.468763 -2.391893 -0.232673
v 0.468752 -2.391812 -0.362920
v 0.468765 -2.428818 -0.177486
v 0.468763 -2.484051 -0.140632
v 0.468759 -2.549182 -0.127719
v 0.468752 -2.614297 -0.140713
v 0.468745 -2.669483 -0.177638
v 0.468737 -2.706338 -0.232870
v 0.468730 -2.719252 -0.298002
v 0.468726 -2.706257 -0.363118
v 0.468724 -2.669333 -0.418304
v 0.468726 -2.614100 -0.455159
v 0.468730 -2.548969 -0.468072
v 0.468737 -2.483853 -0.455077
v 0.468744 -2.428666 -0.418153
v 0.405101 -2.411264 0.653049
v 0.436268 -2.379492 0.653067
v 0.414231 -2.388797 0.653063
v 0.405096 -2.421767 0.600078
v 0.436261 -2.392405 0.587935
v 0.414225 -2.401004 0.591492
v 0.405090 -2.451739 0.555159
v 0.436253 -2.429260 0.532702
v 0.414217 -2.435844 0.539281
v 0.405083 -2.496622 0.525128
v 0.436246 -2.484446 0.495778
v 0.414210 -2.488011 0.504376
v 0.405078 -2.549579 0.514560
v 0.436239 -2.549562 0.482783
v 0.414204 -2.549567 0.492092
v 0.405075 -2.602551 0.525062
v 0.436235 -2.614694 0.495696
v 0.414200 -2.611136 0.504298
v 0.405073 -2.647470 0.555036
v 0.436233 -2.669926 0.532551
v 0.414198 -2.663348 0.539138
v 0.405075 -2.677500 0.599918
v 0.436235 -2.706851 0.587737
v 0.414200 -2.698253 0.591306
v 0.405078 -2.688069 0.652876
v 0.436239 -2.719846 0.652853
v 0.414204 -2.710538 0.652861
v 0.405083 -2.677567 0.705846
v 0.436246 -2.706933 0.717985
v 0.414210 -2.698331 0.714431
v 0.405090 -2.647593 0.750766
v 0.436254 -2.670078 0.773217
v 0.414218 -2.663491 0.766643
v 0.405096 -2.602710 0.780797
v 0.436261 -2.614892 0.810142
v 0.414225 -2.611323 0.801548
v 0.405101 -2.549753 0.791365
v 0.436268 -2.549776 0.823137
v 0.414231 -2.549769 0.813832
v 0.405105 -2.496782 0.780863
v 0.436272 -2.484644 0.810223
v 0.414235 -2.488198 0.801625
v 0.405106 -2.451863 0.750889
v 0.436274 -2.429412 0.773368
v 0.414237 -2.435987 0.766785
v 0.405105 -2.421833 0.706007
v 0.436272 -2.392487 0.718182
v 0.414235 -2.401081 0.714617
v 0.468839 -2.379495 0.653064
v 0.468833 -2.392408 0.587932
v 0.468843 -2.392490 0.718179
v 0.468825 -2.429263 0.532700
v 0.468817 -2.484449 0.495775
v 0.468810 -2.549565 0.482781
v 0.468806 -2.614697 0.495694
v 0.468805 -2.669929 0.532549
v 0.468806 -2.706853 0.587735
v 0.468811 -2.719848 0.652850
v 0.468817 -2.706935 0.717982
v 0.468825 -2.670080 0.773215
v 0.468833 -2.614894 0.810139
v 0.468839 -2.549779 0.823134
v 0.468843 -2.484647 0.810221
v 0.468845 -2.429415 0.773366
v 1.300466 -2.410742 -0.297879
v 1.269305 -2.378966 -0.297856
v 1.291340 -2.388273 -0.297864
v 1.300470 -2.421311 -0.244921
v 1.269309 -2.391960 -0.232741
v 1.291344 -2.400558 -0.236309
v 1.300470 -2.451341 -0.200039
v 1.269310 -2.428885 -0.177554
v 1.291346 -2.435462 -0.184141
v 1.300470 -2.496261 -0.170065
v 1.269309 -2.484117 -0.140699
v 1.291344 -2.487675 -0.149302
v 1.300466 -2.549232 -0.159563
v 1.269305 -2.549249 -0.127786
v 1.291340 -2.549244 -0.137095
v 1.300460 -2.602189 -0.170132
v 1.269298 -2.614365 -0.140781
v 1.291334 -2.610800 -0.149379
v 1.300454 -2.647072 -0.200162
v 1.269291 -2.669551 -0.177705
v 1.291327 -2.662967 -0.184284
v 1.300448 -2.677046 -0.245082
v 1.269283 -2.706406 -0.232938
v 1.291319 -2.697808 -0.236496
v 1.300443 -2.687547 -0.298052
v 1.269276 -2.719319 -0.298070
v 1.291313 -2.710014 -0.298066
v 1.300439 -2.676979 -0.351010
v 1.269272 -2.706324 -0.363185
v 1.291309 -2.697730 -0.359620
v 1.300438 -2.646949 -0.395892
v 1.269270 -2.669399 -0.418371
v 1.291307 -2.662825 -0.411788
v 1.300439 -2.602029 -0.425866
v 1.269272 -2.614167 -0.455226
v 1.291309 -2.610613 -0.446628
v 1.300442 -2.549058 -0.436368
v 1.269276 -2.549035 -0.468139
v 1.291313 -2.549043 -0.458835
v 1.300448 -2.496100 -0.425799
v 1.269282 -2.483919 -0.455145
v 1.291319 -2.487488 -0.446551
v 1.300454 -2.451218 -0.395769
v 1.269290 -2.428734 -0.418221
v 1.291326 -2.435320 -0.411646
v 1.300460 -2.421244 -0.350850
v 1.269298 -2.391878 -0.362988
v 1.291334 -2.400480 -0.359434
v 1.236733 -2.378963 -0.297853
v 1.236737 -2.391958 -0.232738
v 1.236727 -2.391876 -0.362985
v 1.236739 -2.428882 -0.177551
v 1.236738 -2.484114 -0.140697
v 1.236733 -2.549246 -0.127783
v 1.236727 -2.614362 -0.140778
v 1.236719 -2.669548 -0.177703
v 1.236712 -2.706403 -0.232935
v 1.236705 -2.719316 -0.298067
v 1.236700 -2.706321 -0.363183
v 1.236699 -2.669397 -0.418369
v 1.236700 -2.614165 -0.455224
v 1.236705 -2.549032 -0.468137
v 1.236711 -2.483917 -0.455142
v 1.236719 -2.428731 -0.418218
v 1.300546 -2.411339 0.652973
v 1.269385 -2.379563 0.652996
v 1.291420 -2.388870 0.652988
v 1.300541 -2.421841 0.600003
v 1.269379 -2.392475 0.587864
v 1.291414 -2.401077 0.591418
v 1.300535 -2.451815 0.555083
v 1.269370 -2.429330 0.532632
v 1.291407 -2.435916 0.539207
v 1.300528 -2.496696 0.525053
v 1.269363 -2.484516 0.495707
v 1.291400 -2.488085 0.504301
v 1.300523 -2.549654 0.514484
v 1.269357 -2.549632 0.482712
v 1.291394 -2.549639 0.492017
v 1.300519 -2.602626 0.524986
v 1.269352 -2.614764 0.495626
v 1.291389 -2.611210 0.504224
v 1.300518 -2.647545 0.554960
v 1.269351 -2.669996 0.532481
v 1.291388 -2.663421 0.539064
v 1.300519 -2.677575 0.599842
v 1.269352 -2.706921 0.587667
v 1.291389 -2.698327 0.591232
v 1.300523 -2.688143 0.652800
v 1.269357 -2.719916 0.652782
v 1.291393 -2.710610 0.652786
v 1.300528 -2.677642 0.705771
v 1.269363 -2.707003 0.717914
v 1.291400 -2.698404 0.714357
v 1.300535 -2.647668 0.750691
v 1.269371 -2.670148 0.773147
v 1.291407 -2.663564 0.766568
v 1.300541 -2.602786 0.780721
v 1.269378 -2.614961 0.810071
v 1.291414 -2.611397 0.801473
v 1.300547 -2.549829 0.791289
v 1.269385 -2.549845 0.823066
v 1.291420 -2.549841 0.813758
v 1.300550 -2.496857 0.780787
v 1.269390 -2.484714 0.810153
v 1.291425 -2.488272 0.801551
v 1.300551 -2.451938 0.750813
v 1.269391 -2.429481 0.773298
v 1.291426 -2.436059 0.766711
v 1.300549 -2.421908 0.705931
v 1.269390 -2.392557 0.718112
v 1.291425 -2.401155 0.714543
v 1.236814 -2.379560 0.652999
v 1.236807 -2.392473 0.587867
v 1.236818 -2.392555 0.718115
v 1.236799 -2.429328 0.532634
v 1.236791 -2.484514 0.495710
v 1.236785 -2.549629 0.482715
v 1.236781 -2.614762 0.495629
v 1.236779 -2.669994 0.532484
v 1.236781 -2.706918 0.587670
v 1.236785 -2.719913 0.652785
v 1.236792 -2.707000 0.717917
v 1.236800 -2.670145 0.773150
v 1.236807 -2.614959 0.810074
v 1.236814 -2.549842 0.823069
v 1.236818 -2.484711 0.810156
v 1.236820 -2.429478 0.773301
v 0.468789 -2.354593 0.055960
v 0.468809 -2.352397 0.281737
v 0.468789 -2.370362 0.055960
v 0.468809 -2.370758 0.281737
v 0.468786 -2.411807 0.055960
v 0.468805 -2.412041 0.281737
v 0.468781 -2.722186 0.281737
v 0.468759 -2.722055 0.055960
v 0.468781 -2.708177 0.281737
v 0.468761 -2.708038 0.055960
v 0.468783 -2.669576 0.281737
v 0.468765 -2.669444 0.055960
v 0.468788 -2.610702 0.281737
v 0.468770 -2.610575 0.055960
v 0.468793 -2.541708 0.281737
v 0.468776 -2.541613 0.055960
v 0.468799 -2.472143 0.281737
v 0.468782 -2.472025 0.055960
v 1.236784 -2.352462 0.281737
v 1.236764 -2.354658 0.055960
v 1.236784 -2.370823 0.281737
v 1.236763 -2.370426 0.055960
v 1.236779 -2.412105 0.281737
v 1.236761 -2.411872 0.055960
v 1.236733 -2.722120 0.055960
v 1.236755 -2.722250 0.281737
v 1.236735 -2.708103 0.055960
v 1.236755 -2.708241 0.281737
v 1.236739 -2.669508 0.055960
v 1.236758 -2.669641 0.281737
v 1.236745 -2.610640 0.055960
v 1.236762 -2.610766 0.281737
v 1.236751 -2.541677 0.055960
v 1.236768 -2.541772 0.281737
v 1.236756 -2.472090 0.055960
v 1.236774 -2.472208 0.281737
v 0.852793 -2.330004 0.165050
v 0.921677 -2.379740 0.654450
v 0.786565 -2.379665 0.654018
v 0.915505 -2.392652 0.718993
v 0.791700 -2.392603 0.718738
v 0.790321 -2.719975 0.653513
v 0.917099 -2.720032 0.653814
v 0.795170 -2.707009 0.718271
v 0.911276 -2.707040 0.718405
v 0.798995 -2.670112 0.773210
v 0.906688 -2.670122 0.773211
v 0.801214 -2.614901 0.809963
v 0.539170 -2.330080 0.084921
v 0.799776 -2.484668 0.810157
v 0.905786 -2.484675 0.810131
v 0.796339 -2.429475 0.773567
v 0.909925 -2.429499 0.773660
v 0.541123 -2.329781 0.252467
v 0.582109 -2.333179 0.442368
v 0.756898 -2.333041 0.540585
v 0.957379 -2.333088 0.538248
v 1.129831 -2.333308 0.435985
v 0.479845 -2.333466 0.269916
v 1.228048 -2.333641 0.261195
v 0.477508 -2.333824 0.069436
v 1.225711 -2.334000 0.060715
v 0.575725 -2.334158 -0.105354
v 0.748178 -2.334378 -0.207617
v 0.948658 -2.334425 -0.209954
v 1.123447 -2.334286 -0.111737
v 1.123466 -2.250556 -0.111893
v 0.948676 -2.250695 -0.210109
v 0.748196 -2.250647 -0.207773
v 0.575743 -2.250427 -0.105509
v 1.225729 -2.250269 0.060560
v 0.477526 -2.250093 0.069280
v 1.228066 -2.249911 0.261040
v 0.479863 -2.249736 0.269760
v 1.129850 -2.249577 0.435829
v 0.957397 -2.249358 0.538092
v 0.756917 -2.249311 0.540429
v 0.582127 -2.249449 0.442213
v 0.636409 -2.269307 0.386583
v 0.776147 -2.269163 0.465099
v 0.936421 -2.269206 0.463232
v 1.074291 -2.269423 0.381480
v 0.554647 -2.269599 0.248716
v 1.152819 -2.269758 0.241744
v 0.631290 -2.270296 -0.051313
v 0.552771 -2.269961 0.088435
v 1.150958 -2.270120 0.081462
v 0.622029 -2.223995 0.401342
v 0.588833 -2.235100 0.435353
v 0.598360 -2.224008 0.425593
v 0.771056 -2.224060 0.485075
v 0.759295 -2.234957 0.531130
v 0.762671 -2.224080 0.517912
v 0.941982 -2.224073 0.483084
v 0.954806 -2.235005 0.528852
v 0.951126 -2.224094 0.515717
v 1.122991 -2.235228 0.429129
v 1.089018 -2.224031 0.395900
v 1.113243 -2.224047 0.419595
v 0.489090 -2.235393 0.267175
v 0.534829 -2.223895 0.254312
v 0.502213 -2.223898 0.263486
v 1.172769 -2.223944 0.246878
v 1.218788 -2.235567 0.258671
v 1.205587 -2.223952 0.255289
v 0.616561 -2.223701 -0.065669
v 0.582577 -2.236098 -0.098831
v 0.592322 -2.223684 -0.089321
v 0.750775 -2.236321 -0.198581
v 0.763608 -2.223659 -0.152875
v 0.754454 -2.223638 -0.185476
v 0.486796 -2.235758 0.071650
v 0.532824 -2.223788 0.083375
v 0.499998 -2.223780 0.075015
v 0.946316 -2.236368 -0.200861
v 0.934559 -2.223672 -0.154868
v 0.942946 -2.223652 -0.187674
v 1.083599 -2.223737 -0.071114
v 1.116794 -2.236226 -0.105060
v 1.107278 -2.223724 -0.095325
v 1.216524 -2.235933 0.063144
v 1.170789 -2.223837 0.075938
v 1.203409 -2.223834 0.066815
v 0.801290 -2.549783 0.820361
v 0.903956 -2.549781 0.820283
v 0.405009 -2.549070 -0.297890
v 0.930178 -2.345433 0.567961
v 0.779707 -2.345453 0.570041
v 0.791494 -2.286222 0.731453
v 0.915775 -2.286270 0.731703
v 0.930552 -2.285868 0.572671
v 0.779407 -2.285911 0.574752
v 0.831191 -2.242862 0.666329
v 0.876440 -2.242865 0.666325
v 0.892187 -2.242825 0.599984
v 0.818098 -2.242819 0.600707
v 0.800000 -2.719947 0.779037
v 0.802712 -2.678627 0.820170
v 0.802107 -2.707842 0.808097
v 0.902222 -2.678619 0.820042
v 0.905471 -2.719953 0.779003
v 0.902944 -2.707835 0.807990
v 0.799275 -2.367107 0.820653
v 0.798084 -2.343247 0.808660
v 0.798858 -2.353919 0.817160
v 0.907850 -2.343242 0.808657
v 0.906412 -2.367116 0.820640
v 0.906916 -2.353923 0.817149
v 0.405090 -2.549666 0.652963
v 1.300454 -2.549145 -0.297966
v 1.300535 -2.549742 0.652887
v 0.601290 -1.969110 -0.180890
v 0.555719 -1.969129 -0.129017
v 0.556026 -1.005141 -0.128475
v 0.601597 -1.005123 -0.180285
v 1.149615 -1.969318 -0.129067
v 1.104035 -1.969270 -0.180932
v 1.104342 -1.005283 -0.180327
v 1.149922 -1.005330 -0.128525
v 0.555762 -1.969451 0.384780
v 0.601342 -1.969495 0.431870
v 0.601649 -1.005507 0.432475
v 0.556069 -1.005463 0.385459
v 1.104087 -1.969655 0.431828
v 1.149659 -1.969640 0.384730
v 1.149965 -1.005652 0.385409
v 0.556068 -0.892631 -0.050963
v 0.601656 -0.847057 -0.071576
v 1.149964 -0.892821 -0.051013
v 1.104401 -0.847218 -0.071618
v 0.601682 -0.891741 0.406013
v 0.601692 -0.847322 0.350112
v 0.556103 -0.892889 0.359282
v 1.104437 -0.847482 0.350070
v 1.104427 -0.891901 0.405971
v 0.601258 -2.077117 -0.162866
v 0.555686 -2.077136 -0.110443
v 1.149582 -2.077325 -0.110493
v 1.104003 -2.077277 -0.162909
v 0.555685 -2.087725 -0.085866
v 0.601250 -2.133342 -0.043521
v 1.149581 -2.087914 -0.085916
v 1.103995 -2.133502 -0.043564
v 0.601300 -2.090679 0.392195
v 0.555721 -2.087996 0.345884
v 0.601281 -2.133577 0.331305
v 1.149617 -2.088185 0.345834
v 1.104045 -2.090840 0.392152
v 1.104026 -2.133737 0.331263
v 0.805418 -1.969176 -0.180907
v 0.899907 -1.969206 -0.180915
v 0.899875 -2.077213 -0.162891
v 0.805385 -2.077183 -0.162883
v 0.805724 -1.005188 -0.180302
v 0.900214 -1.005218 -0.180310
v 1.001971 -1.969238 -0.180923
v 1.002278 -1.005250 -0.180319
v 1.001939 -2.077245 -0.162900
v 0.703321 -2.077150 -0.162875
v 0.703354 -1.969143 -0.180898
v 0.703661 -1.005155 -0.180293
v 0.900231 -0.959770 -0.146449
v 0.805742 -0.959740 -0.146441
v 1.002295 -0.959803 -0.146457
v 0.703678 -0.959708 -0.146432
v 0.805382 -2.097692 -0.126606
v 0.899871 -2.097723 -0.126614
v 1.001935 -2.097755 -0.126623
v 0.703318 -2.097659 -0.126598
v 0.703360 -1.965643 -0.129405
v 0.805424 -1.965675 -0.129414
v 0.703665 -1.002011 -0.145532
v 0.805728 -1.002043 -0.145541
v 0.899913 -1.965706 -0.129421
v 0.900218 -1.002074 -0.145549
v 1.001977 -1.965738 -0.129430
v 1.002282 -1.002106 -0.145558
v 0.520605 -2.281505 0.156349
v 0.520610 -2.298272 0.240366
v 0.520597 -2.585233 0.359018
v 0.520587 -2.656439 0.311376
v 0.520577 -2.703991 0.240111
v 0.520568 -2.720653 0.156073
v 0.520562 -2.703886 0.072056
v 0.520560 -2.656244 0.000851
v 0.520562 -2.584979 -0.046702
v 0.370161 -2.325407 0.156334
v 0.413236 -2.281496 0.156358
v 0.382779 -2.294356 0.156352
v 0.370166 -2.338820 0.223547
v 0.413241 -2.298263 0.240375
v 0.382784 -2.310141 0.235448
v 0.370167 -2.376935 0.280512
v 0.413244 -2.345905 0.311580
v 0.382786 -2.354992 0.302482
v 0.370166 -2.433947 0.318554
v 0.413242 -2.417170 0.359133
v 0.382785 -2.422082 0.347249
v 0.370161 -2.501177 0.331883
v 0.413236 -2.501208 0.375794
v 0.382779 -2.501197 0.362934
v 0.370155 -2.568390 0.318470
v 0.413228 -2.585225 0.359027
v 0.382771 -2.580292 0.347150
v 0.370147 -2.625355 0.280356
v 0.413218 -2.656429 0.311385
v 0.382762 -2.647326 0.302298
v 0.370139 -2.663396 0.223344
v 0.413208 -2.703983 0.240120
v 0.382752 -2.692094 0.235208
v 0.370132 -2.676725 0.156113
v 0.413199 -2.720644 0.156082
v 0.382744 -2.707779 0.156093
v 0.413193 -2.703877 0.072065
v 0.413191 -2.656235 0.000860
v 0.382737 -2.647143 0.009964
v 0.413193 -2.584970 -0.046693
v 0.382739 -2.580052 -0.034804
v 0.413199 -2.500932 -0.063354
v 0.382744 -2.500938 -0.050489
v 0.413207 -2.416915 -0.046587
v 0.382752 -2.421842 -0.034704
v 0.413217 -2.345710 0.001055
v 0.382762 -2.354808 0.010147
v 0.370154 -2.338736 0.089104
v 0.413227 -2.298157 0.072320
v 0.382771 -2.310041 0.077237
v 0.370147 -2.501066 0.156224
v 0.520596 -2.298166 0.072311
v 0.520586 -2.345719 0.001046
v 0.520576 -2.416924 -0.046596
v 0.520568 -2.500941 -0.063363
v 0.520562 -2.584979 -0.046702
v 0.520560 -2.656244 0.000851
v 0.520562 -2.703886 0.072056
v 0.520577 -2.703991 0.240111
v 0.520587 -2.656439 0.311376
v 0.520597 -2.585233 0.359018
v 0.520605 -2.501217 0.375785
v 0.520611 -2.417179 0.359124
v 0.520612 -2.345914 0.311571
v 0.520610 -2.298272 0.240366
v 0.370154 -2.338736 0.089104
v 0.413227 -2.298157 0.072320
v 0.382771 -2.310041 0.077237
v 0.370146 -2.376779 0.032092
v 0.413217 -2.345710 0.001055
v 0.382762 -2.354808 0.010147
v 0.370139 -2.433743 -0.006022
v 0.413207 -2.416915 -0.046587
v 0.382752 -2.421842 -0.034705
v 0.370132 -2.500957 -0.019436
v 0.413199 -2.500932 -0.063354
v 0.382744 -2.500938 -0.050489
v 0.370127 -2.568187 -0.006107
v 0.413193 -2.584970 -0.046693
v 0.382739 -2.580052 -0.034804
v 0.370126 -2.625199 0.031936
v 0.413191 -2.656235 0.000860
v 0.382737 -2.647143 0.009964
v 0.370127 -2.663312 0.088900
v 0.413193 -2.703877 0.072065
v 0.382739 -2.691995 0.076998
v 0.370139 -2.663396 0.223344
v 0.413208 -2.703983 0.240120
v 0.382752 -2.692094 0.235208
v 0.370147 -2.625355 0.280356
v 0.413218 -2.656429 0.311385
v 0.382762 -2.647326 0.302298
v 0.370155 -2.568390 0.318470
v 0.413228 -2.585225 0.359027
v 0.382771 -2.580292 0.347150
v 0.370161 -2.501177 0.331883
v 0.413236 -2.501208 0.375794
v 0.382779 -2.501197 0.362934
v 0.370166 -2.433947 0.318554
v 0.413242 -2.417170 0.359133
v 0.382785 -2.422082 0.347249
v 0.370167 -2.376935 0.280512
v 0.413244 -2.345905 0.311580
v 0.382786 -2.354992 0.302482
v 0.370166 -2.338820 0.223547
v 0.413241 -2.298263 0.240375
v 0.382784 -2.310141 0.235448
v 1.187245 -2.281505 0.156349
v 1.187237 -2.345914 0.311571
v 1.187263 -2.656439 0.311376
v 1.187273 -2.703991 0.240111
v 1.187282 -2.720653 0.156073
v 1.187287 -2.703886 0.072056
v 1.187287 -2.584979 -0.046702
v 1.187282 -2.500941 -0.063363
v 1.187273 -2.416924 -0.046596
v 1.187254 -2.298166 0.072311
v 1.337688 -2.325407 0.156334
v 1.294614 -2.281496 0.156358
v 1.325071 -2.294356 0.156352
v 1.337684 -2.338820 0.223547
v 1.294608 -2.298263 0.240375
v 1.325065 -2.310141 0.235448
v 1.337682 -2.376935 0.280512
v 1.294606 -2.345905 0.311580
v 1.325063 -2.354992 0.302482
v 1.337684 -2.433947 0.318554
v 1.294614 -2.501208 0.375794
v 1.325070 -2.501197 0.362934
v 1.337695 -2.568390 0.318470
v 1.325078 -2.580292 0.347150
v 1.294632 -2.656429 0.311385
v 1.325088 -2.647326 0.302298
v 1.337711 -2.663396 0.223344
v 1.325097 -2.692094 0.235208
v 1.337718 -2.676725 0.156113
v 1.294651 -2.720644 0.156082
v 1.325105 -2.707779 0.156093
v 1.294656 -2.703877 0.072065
v 1.325110 -2.691995 0.076998
v 1.294658 -2.656235 0.000860
v 1.294656 -2.584970 -0.046693
v 1.337718 -2.500957 -0.019436
v 1.294651 -2.500932 -0.063354
v 1.337711 -2.433743 -0.006022
v 1.294642 -2.416915 -0.046587
v 1.294632 -2.345710 0.001055
v 1.294623 -2.298157 0.072320
v 1.337703 -2.501066 0.156224
v 1.187263 -2.345719 0.001046
v 1.187289 -2.656244 0.000851
v 1.187253 -2.585233 0.359018
v 1.187245 -2.501217 0.375785
v 1.187239 -2.417179 0.359124
v 1.187239 -2.298272 0.240366
v 1.337695 -2.338736 0.089104
v 1.325078 -2.310041 0.077237
v 1.337703 -2.376779 0.032092
v 1.325088 -2.354808 0.010147
v 1.325097 -2.421842 -0.034705
v 1.325105 -2.500938 -0.050489
v 1.337722 -2.568187 -0.006107
v 1.325111 -2.580052 -0.034804
v 1.337724 -2.625199 0.031936
v 1.325113 -2.647143 0.009964
v 1.337722 -2.663312 0.088900
v 1.294642 -2.703983 0.240120
v 1.337703 -2.625355 0.280356
v 1.294622 -2.585225 0.359027
v 1.337688 -2.501177 0.331883
v 1.294608 -2.417170 0.359133
v 1.325065 -2.422082 0.347249
vn -1.0000 -0.0000 0.0001
vn -1.0000 -0.0007 0.0004
vn -1.0000 -0.0014 0.0007
vn -0.0000 -0.1789 -0.9839
vn -1.0000 -0.0000 -0.0000
vn 1.0000 -0.0007 0.0003
vn 1.0000 -0.0000 0.0001
vn 1.0000 -0.0015 0.0006
vn -0.0069 0.5846 -0.8113
vn -0.0160 0.5744 -0.8184
vn -0.0099 0.5941 -0.8043
vn 1.0000 -0.0000 -0.0000
vn -0.6382 0.5441 0.5447
vn -0.6456 0.7504 0.1414
vn -0.6657 0.6603 0.3477
vn -0.7512 -0.1181 -0.6494
vn -0.7511 -0.1181 -0.6495
vn 0.7512 -0.1181 -0.6494
vn 0.7508 -0.1182 -0.6498
vn 0.7508 -0.1182 -0.6499
vn -0.7014 -0.0808 0.7082
vn -0.7045 0.2515 0.6636
vn -0.6961 0.3040 0.6504
vn 0.6457 0.7504 0.1412
vn 0.6782 0.7349 0.0017
vn 0.6697 0.4564 -0.5859
vn -0.6697 0.4564 -0.5859
vn -0.6988 -0.7152 0.0071
vn -0.4668 -0.8286 -0.3090
vn 0.0069 0.5846 -0.8113
vn -0.0000 0.5838 -0.8119
vn 0.0099 0.5941 -0.8043
vn -0.0000 0.3795 0.9252
vn -0.0001 -0.0749 0.9972
vn -0.0001 -0.0757 0.9971
vn -0.0000 1.0000 -0.0006
vn -0.0000 0.9705 0.2410
vn -0.0171 -0.9481 -0.3175
vn -0.0000 -0.9465 -0.3226
vn -0.0187 -0.9469 -0.3210
vn 0.0187 -0.9469 -0.3210
vn -0.0000 0.7429 0.6694
vn 0.0160 0.5744 -0.8184
vn 0.0171 -0.9481 -0.3175
vn -0.0000 0.5499 -0.8353
vn -0.0350 -0.9342 -0.3550
vn -0.0000 -0.9150 -0.4034
vn -0.0001 -0.5204 0.8539
vn 0.0001 -0.5204 0.8539
vn 0.4668 -0.8286 -0.3090
vn -0.6308 -0.3660 0.6842
vn -0.7071 -0.0364 0.7062
vn 1.0000 -0.0026 0.0010
vn -1.0000 -0.0016 0.0007
vn -1.0000 -0.0025 0.0010
vn 0.0350 -0.9342 -0.3550
vn -0.0000 -0.1973 -0.9803
vn 0.9801 -0.0086 -0.1982
vn -0.9802 -0.0080 -0.1980
vn -0.0003 -0.9621 0.2727
vn -0.0003 -0.9997 -0.0236
vn -0.0002 -0.2339 -0.9723
vn -0.0003 -0.8175 -0.5759
vn 0.0003 0.9268 -0.3755
vn 0.0001 0.6042 -0.7968
vn -0.0003 -0.9360 -0.3520
vn -0.0003 -0.9360 -0.3519
vn -0.0003 -0.9796 0.2008
vn 0.0003 0.9646 0.2638
vn 0.0003 0.7721 0.6356
vn -0.0002 -0.7976 0.6033
vn -0.0003 -0.9621 0.2728
vn -1.0000 0.0003 0.0001
vn 0.0003 0.9997 0.0248
vn 0.0003 0.9822 -0.1881
vn 1.0000 -0.0003 -0.0001
vn 0.0003 0.9716 0.2365
vn -0.0003 -0.9839 0.1788
vn -0.0003 -0.9999 0.0169
vn -0.0002 -0.8350 0.5503
vn -0.0001 -0.4864 0.8737
vn -0.0000 -0.4864 0.8737
vn 0.0003 0.6788 0.7343
vn 0.0001 0.2369 0.9715
vn 0.0002 0.7566 -0.6539
vn -0.0002 -0.8349 0.5503
vn 1.0000 0.0002 -0.0001
vn -0.0002 0.9822 -0.1881
vn -0.0001 0.9997 0.0248
vn -1.0000 -0.0002 0.0001
vn -1.0000 -0.0001 0.0001
vn -0.0001 0.9716 0.2365
vn 0.0002 -0.9999 0.0169
vn 0.0002 -0.9839 0.1788
vn 0.0001 -0.4864 0.8737
vn 0.0002 -0.8350 0.5503
vn 0.0002 -0.8349 0.5503
vn -0.0000 0.6788 0.7343
vn -0.0002 0.7566 -0.6539
vn 0.0003 0.8187 0.5743
vn 0.0002 0.5425 0.8401
vn -0.0002 -0.8545 0.5195
vn -0.0000 -0.3176 0.9482
vn 0.0003 0.9913 0.1313
vn -0.0003 -0.9556 -0.2946
vn -0.0003 -0.9269 -0.3754
vn -0.0003 -0.9992 0.0400
vn 0.0003 0.9168 -0.3994
vn 1.0000 0.0001 -0.0001
vn -0.0000 0.5425 0.8401
vn -0.0001 0.8187 0.5743
vn 0.0002 -0.8545 0.5195
vn 0.0001 -0.3176 0.9482
vn -0.0001 0.9913 0.1313
vn 0.0001 -0.9556 -0.2946
vn 0.0001 -0.9269 -0.3754
vn 0.0002 -0.9992 0.0400
vn -0.0002 0.9168 -0.3994
vn -0.7377 0.1747 -0.6521
vn -0.0000 -0.0000 -1.0000
vn -0.0000 0.2588 -0.9659
vn -0.0000 -0.5000 -0.8660
vn -0.7377 -0.4774 -0.4774
vn -0.0000 -0.7071 -0.7071
vn -0.0000 -0.8660 -0.5000
vn -0.7377 -0.6521 -0.1747
vn -0.0000 -0.9659 -0.2588
vn -0.0000 -1.0000 -0.0000
vn -0.7377 -0.6751 -0.0000
vn -0.0000 -0.9659 0.2588
vn -0.7377 -0.6521 0.1747
vn -0.0000 -0.8660 0.5000
vn -0.7377 -0.5847 0.3376
vn -0.0000 -0.7071 0.7071
vn -0.7377 -0.4774 0.4774
vn -0.0000 -0.5000 0.8660
vn -0.7377 -0.1747 0.6521
vn -0.0000 -0.2588 0.9659
vn -0.0000 -0.0000 1.0000
vn -0.7377 0.1747 0.6521
vn -0.0000 0.2588 0.9659
vn -0.0000 0.5000 0.8660
vn -0.7377 0.3376 0.5847
vn -0.0000 0.7071 0.7071
vn -0.7377 0.5847 0.3376
vn -0.0000 0.8660 0.5000
vn -0.0000 0.9659 0.2588
vn -0.7377 0.6521 0.1747
vn -0.0000 1.0000 -0.0000
vn -0.7377 0.6521 -0.1747
vn -0.0000 0.9659 -0.2588
vn -0.0000 0.8660 -0.5000
vn -0.7377 0.5847 -0.3376
vn -0.0000 0.7071 -0.7071
vn -0.7377 0.3376 -0.5847
vn -0.0000 0.5000 -0.8660
vn 0.7377 0.1747 -0.6521
vn 0.9134 -0.0000 -0.4072
vn 0.9134 0.1054 -0.3933
vn -0.7377 -0.1747 -0.6521
vn -0.0000 -0.2588 -0.9659
vn 0.7377 0.3376 -0.5847
vn -0.7377 0.4774 -0.4774
vn 0.7377 0.4774 -0.4774
vn 0.7377 0.5847 -0.3376
vn 0.7377 0.6521 -0.1747
vn -0.7377 0.6751 -0.0000
vn 0.7377 0.6751 -0.0000
vn 0.7377 0.6521 0.1747
vn 0.7376 0.5847 0.3376
vn 0.7376 0.4774 0.4774
vn 0.7377 0.3376 0.5847
vn 0.7377 0.1747 0.6522
vn -0.7377 -0.0000 0.6751
vn 0.7378 -0.0000 0.6751
vn 0.7377 -0.1747 0.6521
vn 0.7377 -0.3376 0.5847
vn 0.7377 -0.4774 0.4774
vn 0.7377 -0.5847 0.3376
vn 0.7377 -0.6521 0.1747
vn 0.7377 -0.6751 -0.0000
vn 0.7377 -0.6521 -0.1747
vn -0.7377 -0.5847 -0.3376
vn 0.7377 -0.5847 -0.3376
vn 0.7377 -0.4774 -0.4774
vn -0.7377 -0.3376 -0.5847
vn 0.7377 -0.3376 -0.5847
vn 0.7377 -0.1747 -0.6521
vn 0.7377 -0.0000 -0.6751
vn -0.9134 0.2879 -0.2879
vn 0.9134 -0.3526 0.2036
vn 0.9134 -0.3933 0.1054
vn 0.3738 0.9275 -0.0000
vn -0.3738 0.8959 0.2401
vn 0.3738 0.8959 0.2401
vn 0.3738 -0.9275 -0.0000
vn -0.3738 -0.8959 0.2401
vn -0.3738 -0.9275 -0.0000
vn -0.9134 0.3933 0.1054
vn 0.9134 -0.2879 -0.2879
vn -0.9134 0.1054 0.3933
vn -0.9134 0.2036 0.3526
vn 0.3738 0.2401 -0.8959
vn -0.3738 0.4638 -0.8033
vn 0.3738 0.4638 -0.8033
vn 0.3738 -0.6559 -0.6559
vn -0.3738 -0.4638 -0.8033
vn 0.3738 -0.4638 -0.8033
vn 0.9133 0.1054 0.3934
vn -0.9134 0.2036 -0.3526
vn 0.9134 -0.2879 0.2879
vn 0.3738 0.8959 -0.2401
vn -0.3738 0.9275 -0.0000
vn 0.3738 -0.8033 0.4638
vn 0.3738 -0.8959 0.2401
vn -0.9134 0.4072 -0.0000
vn 0.9134 -0.3933 -0.1054
vn 0.9134 -0.3526 -0.2036
vn 0.3738 0.4638 0.8033
vn -0.3738 0.6559 0.6559
vn -0.3738 0.4638 0.8033
vn 0.3738 -0.0000 -0.9275
vn -0.3738 -0.2401 -0.8959
vn -0.3738 -0.0000 -0.9275
vn 0.3737 -0.8033 -0.4638
vn -0.3738 -0.6559 -0.6559
vn -0.9134 -0.0000 0.4072
vn -0.9134 0.1054 -0.3933
vn 0.9134 -0.2036 0.3526
vn -0.3738 0.8033 -0.4638
vn -0.3738 0.8959 -0.2401
vn -0.3738 0.2401 -0.8959
vn 0.9134 0.2036 -0.3526
vn 0.9134 0.2879 -0.2879
vn 0.9134 0.3526 -0.2036
vn 0.9134 0.3933 -0.1054
vn 0.9134 0.4072 -0.0000
vn 0.9134 0.3933 0.1054
vn 0.9133 0.3527 0.2036
vn 0.9134 0.2879 0.2879
vn 0.9134 0.2036 0.3526
vn -0.3738 0.2401 0.8959
vn 0.3737 0.2401 0.8959
vn -0.7377 -0.3376 0.5847
vn -0.9134 -0.1054 0.3933
vn -0.9134 -0.2036 0.3526
vn -0.9134 -0.2879 0.2879
vn -0.9134 -0.3526 0.2036
vn -0.9134 -0.4072 -0.0000
vn -0.9134 -0.3933 0.1054
vn -0.9134 -0.3526 -0.2036
vn -0.9134 -0.3933 -0.1054
vn -0.9134 -0.2879 -0.2879
vn -0.9134 -0.2036 -0.3526
vn -0.9134 -0.1054 -0.3933
vn -0.9134 -0.0000 -0.4072
vn -0.7377 -0.0000 -0.6751
vn 0.3738 -0.2401 0.8959
vn -0.3738 -0.4638 0.8033
vn 0.3738 -0.4638 0.8033
vn 0.3738 -0.2401 -0.8959
vn -0.3738 0.6559 -0.6559
vn 0.3738 0.6559 -0.6559
vn 0.9133 -0.0000 0.4073
vn 0.9134 -0.1054 0.3933
vn 0.9134 -0.2036 -0.3526
vn -0.7377 0.4774 0.4774
vn -0.9134 0.3526 0.2036
vn -0.3738 -0.8959 -0.2401
vn 0.3738 -0.8959 -0.2401
vn 0.3738 0.8033 0.4638
vn -0.3738 0.8033 0.4638
vn 0.9134 -0.4072 -0.0000
vn -0.9134 0.3933 -0.1054
vn -0.9134 0.3526 -0.2036
vn -0.3738 -0.6559 0.6559
vn 0.3738 -0.6559 0.6559
vn 0.3738 0.8033 -0.4638
vn 0.9134 -0.1054 -0.3933
vn -0.9134 0.2879 0.2879
vn -0.3738 -0.8033 -0.4638
vn 0.3738 -0.0000 0.9275
vn -0.3738 -0.2401 0.8959
vn 0.3738 0.6559 0.6559
vn -0.3738 -0.8033 0.4638
vn -0.3738 -0.0000 0.9275
vn 0.9133 0.2879 0.2880
vn -0.6789 0.3671 0.6359
vn -0.6788 -0.5192 -0.5192
vn -0.6789 0.7093 0.1900
vn -0.6789 0.7343 -0.0000
vn -0.6789 -0.7093 0.1900
vn -0.6788 0.3671 -0.6359
vn -0.6789 -0.1900 0.7092
vn -0.6789 0.5192 0.5192
vn -0.6789 -0.6359 -0.3671
vn -0.6789 0.7092 -0.1900
vn -0.6789 -0.6359 0.3671
vn -0.6789 0.1900 -0.7092
vn -0.6788 -0.0000 0.7343
vn -0.6788 -0.1900 -0.7093
vn -0.6788 0.6359 0.3671
vn -0.6789 -0.7092 -0.1900
vn -0.6789 0.6359 -0.3671
vn -0.6789 -0.5192 0.5192
vn -0.6789 -0.0000 -0.7342
vn -0.6789 0.1900 0.7092
vn -0.6789 -0.3671 -0.6359
vn -0.6789 -0.7343 -0.0000
vn -0.6789 0.5192 -0.5192
vn -0.6789 -0.3671 0.6359
vn 0.0097 0.2585 -0.9660
vn -0.0187 -0.4995 -0.8661
vn -0.0264 -0.7065 -0.7072
vn -0.0323 -0.8653 -0.5001
vn -0.0361 -0.9652 -0.2589
vn -0.0373 -0.9993 -0.0000
vn -0.0361 -0.9652 0.2589
vn -0.0323 -0.8653 0.5001
vn -0.0264 -0.7065 0.7072
vn -0.0187 -0.4995 0.8661
vn -0.0097 -0.2586 0.9659
vn -0.0097 -0.2585 0.9660
vn 0.0097 0.2585 0.9659
vn 0.0187 0.4995 0.8661
vn 0.0264 0.7065 0.7072
vn 0.0323 0.8653 0.5001
vn 0.0361 0.9652 0.2589
vn 0.0373 0.9993 -0.0000
vn 0.0361 0.9652 -0.2589
vn 0.0323 0.8653 -0.5001
vn 0.0264 0.7065 -0.7072
vn 0.0187 0.4995 -0.8661
vn 0.0097 0.2586 -0.9659
vn 0.2973 -0.0111 -0.9547
vn -0.3065 -0.2357 -0.9222
vn -0.2973 0.0111 -0.9547
vn -0.0097 -0.2585 -0.9659
vn 0.0097 0.2585 -0.9659
vn 0.0097 0.2585 0.9660
vn -0.0097 -0.2585 0.9659
vn -0.0097 -0.2585 -0.9660
vn -0.9993 0.0373 -0.0000
vn 0.3282 0.8150 0.4775
vn -0.2721 0.6856 0.6752
vn 0.3225 0.6634 0.6752
vn 0.9993 -0.0373 -0.0000
vn 0.2973 -0.0111 0.9547
vn -0.3065 -0.2357 0.9222
vn 0.2881 -0.2580 0.9222
vn 0.2629 -0.9326 -0.2472
vn -0.3282 -0.8150 -0.4775
vn 0.2665 -0.8373 -0.4775
vn 0.3282 0.8150 -0.4775
vn -0.2721 0.6856 -0.6752
vn -0.2665 0.8373 -0.4775
vn 0.2795 -0.4880 0.8269
vn -0.3225 -0.6634 0.6752
vn 0.2721 -0.6856 0.6752
vn -0.2629 0.9326 0.2472
vn -0.2665 0.8373 0.4775
vn -0.3330 -0.9429 -0.0000
vn -0.3318 -0.9104 -0.2472
vn 0.3225 0.6634 -0.6752
vn -0.2795 0.4880 -0.8269
vn 0.2795 -0.4880 -0.8269
vn 0.2881 -0.2580 -0.9222
vn -0.3151 -0.4658 0.8269
vn 0.9993 -0.0374 -0.0000
vn 0.3151 0.4658 0.8269
vn -0.2881 0.2580 0.9222
vn 0.3065 0.2357 0.9222
vn -0.3282 -0.8150 0.4775
vn 0.2665 -0.8373 0.4775
vn -0.2881 0.2580 -0.9222
vn 0.3065 0.2357 -0.9222
vn 0.3318 0.9104 -0.2472
vn -0.2629 0.9326 -0.2472
vn 0.2721 -0.6856 -0.6752
vn -0.3225 -0.6634 -0.6752
vn -0.2795 0.4880 0.8269
vn 0.2629 -0.9326 0.2472
vn -0.3318 -0.9104 0.2472
vn 0.3330 0.9429 -0.0000
vn -0.2617 0.9651 -0.0000
vn -0.3151 -0.4658 -0.8269
vn 0.3151 0.4658 -0.8269
vn 0.2617 -0.9651 -0.0000
vn 0.3318 0.9104 0.2472
vn -0.5877 -0.1889 -0.7867
vn 0.5877 0.1889 -0.7867
vn 0.5720 -0.2322 -0.7867
vn 0.5798 -0.0217 -0.8145
vn -0.6014 -0.5537 -0.5760
vn -0.6063 -0.6830 -0.4073
vn -0.6093 -0.7644 -0.2109
vn -0.6104 -0.7921 -0.0000
vn -0.6093 -0.7644 0.2109
vn -0.6063 -0.6830 0.4073
vn -0.6014 -0.5537 0.5760
vn -0.5951 -0.3851 0.7054
vn -0.5877 -0.1889 0.7867
vn -0.2973 0.0111 0.9547
vn -0.5798 0.0217 0.8145
vn -0.5720 0.2322 0.7867
vn -0.5647 0.4285 0.7054
vn -0.5584 0.5970 0.5760
vn -0.5536 0.7264 0.4073
vn -0.5506 0.8077 0.2109
vn -0.5495 0.8355 -0.0000
vn -0.5506 0.8077 -0.2109
vn -0.5536 0.7264 -0.4073
vn -0.5584 0.5970 -0.5760
vn -0.5647 0.4285 -0.7054
vn -0.5720 0.2322 -0.7867
vn -0.5798 0.0217 -0.8145
vn -0.5951 -0.3851 -0.7054
vn 0.5951 0.3851 -0.7054
vn 0.6014 0.5537 -0.5760
vn 0.6063 0.6830 -0.4073
vn 0.6093 0.7644 -0.2109
vn 0.6104 0.7921 -0.0000
vn 0.6093 0.7644 0.2109
vn 0.6062 0.6830 0.4073
vn 0.6014 0.5537 0.5760
vn 0.5950 0.3851 0.7054
vn 0.5877 0.1889 0.7867
vn 0.5798 -0.0217 0.8145
vn 0.5720 -0.2322 0.7867
vn 0.5647 -0.4285 0.7054
vn 0.5584 -0.5970 0.5760
vn 0.5536 -0.7264 0.4073
vn 0.5506 -0.8077 0.2109
vn 0.5496 -0.8355 -0.0000
vn 0.5506 -0.8077 -0.2109
vn 0.5536 -0.7264 -0.4073
vn 0.5584 -0.5970 -0.5760
vn 0.5646 -0.4285 -0.7054
vn -0.9993 0.0374 -0.0000
vn -0.0097 -0.2586 -0.9659
vn 0.0097 0.2586 0.9659
vn -0.0000 0.3827 0.9239
vn -0.0000 0.9239 -0.3827
vn -0.0000 0.3827 -0.9239
vn -0.0000 -0.3827 -0.9239
vn -0.0000 -0.9239 -0.3827
vn -0.7790 -0.4434 0.4434
vn -0.7790 -0.5793 0.2400
vn -0.0000 -0.3827 0.9239
vn -0.0000 -0.9239 0.3827
vn -0.0000 0.9239 0.3827
vn -0.7790 0.4434 -0.4434
vn -0.7790 0.5793 -0.2400
vn -0.7790 -0.6270 -0.0000
vn -0.7790 0.5793 0.2400
vn -0.7790 0.6270 -0.0000
vn -0.7790 -0.5793 -0.2400
vn -0.7790 0.4434 0.4434
vn -0.7790 -0.4434 -0.4434
vn -0.7790 0.2400 0.5793
vn -0.7790 -0.2400 -0.5793
vn -0.7790 -0.0000 0.6270
vn -0.7790 -0.0000 -0.6270
vn -0.7790 -0.2400 0.5793
vn -0.7790 0.2400 -0.5793
vn 0.1308 0.9914 -0.0000
vn 0.4926 0.8040 0.3330
vn 0.4926 0.8702 -0.0000
vn 0.8962 0.4437 -0.0000
vn 0.1308 0.7010 0.7010
vn 0.1308 0.9159 0.3794
vn 0.8962 0.3138 0.3138
vn 0.8962 0.4099 0.1698
vn 0.1308 0.3795 0.9159
vn 0.4926 0.6154 0.6154
vn 0.8962 0.1698 0.4098
vn 0.1308 -0.9159 -0.3794
vn 0.4926 -0.8702 -0.0001
vn 0.1308 -0.9914 -0.0001
vn 0.4926 -0.8040 -0.3330
vn 0.8962 -0.4436 -0.0000
vn 0.4926 -0.6154 -0.6154
vn 0.8962 -0.4099 -0.1698
vn 0.1308 -0.7010 -0.7010
vn 0.4926 -0.3330 -0.8040
vn 0.8962 -0.1698 -0.4099
vn 0.8962 -0.3138 -0.3137
vn 0.1308 -0.0000 -0.9914
vn 0.1308 -0.3794 -0.9159
vn 0.4926 -0.0000 -0.8702
vn 0.4926 0.3330 -0.8040
vn 0.8962 -0.0000 -0.4437
vn 0.1308 0.3794 -0.9159
vn 0.4926 0.6154 -0.6154
vn 0.8962 0.1698 -0.4099
vn 0.1308 0.7010 -0.7010
vn 0.4926 0.8040 -0.3330
vn 0.8962 0.3138 -0.3138
vn 0.1308 0.9159 -0.3794
vn 0.8962 0.4099 -0.1698
vn 0.0001 -0.7070 -0.7072
vn -0.0000 -0.7070 -0.7072
vn -0.0000 -0.3826 0.9239
vn -0.0000 -0.3826 -0.9239
vn -0.0000 -0.7072 0.7070
vn -0.0000 -0.9238 0.3828
vn -0.0000 0.3831 0.9237
vn -0.0001 0.3831 0.9237
vn 0.0212 0.9998 -0.0000
vn 0.0212 0.9237 0.3826
vn 0.0212 0.3826 0.9237
vn 0.0212 -0.0000 0.9998
vn 0.0212 -0.3826 0.9237
vn 0.0212 -0.7069 0.7069
vn 0.0212 -0.9237 0.3826
vn 0.0212 -0.9998 -0.0000
vn 0.0212 -0.9237 -0.3826
vn 0.0212 -0.7069 -0.7069
vn 0.0212 -0.3826 -0.9237
vn 0.0212 -0.0000 -0.9998
vn 0.0212 0.3826 -0.9237
vn 0.0212 0.7069 -0.7069
vn 0.0212 0.9237 -0.3826
vn 0.0212 0.7069 0.7069
vn -0.6760 -0.6808 0.2820
vn -0.6760 -0.7369 -0.0000
vn -0.6760 -0.5211 -0.5210
vn -0.6760 -0.6808 -0.2820
vn -0.6760 0.5211 -0.5210
vn -0.6760 0.6808 -0.2820
vn -0.6760 0.7369 -0.0000
vn -0.6760 0.6808 0.2820
vn -0.6760 0.5211 0.5211
vn -0.6760 0.2820 0.6808
vn -0.6760 -0.0000 0.7369
vn -0.6760 -0.2820 0.6808
vn -0.6760 -0.5211 0.5211
vn -0.7372 0.6243 0.2586
vn -0.8211 0.5707 -0.0000
vn -0.8211 0.5273 0.2184
vn -0.8211 0.4036 0.4036
vn -0.7372 0.4778 0.4778
vn -0.8211 0.2184 0.5273
vn -0.7372 0.2586 0.6243
vn -0.7372 -0.0000 0.6757
vn -0.8211 -0.0000 0.5707
vn -0.7372 -0.2586 0.6243
vn -0.8211 -0.2184 0.5273
vn -0.7372 -0.4778 0.4778
vn -0.8211 -0.4036 0.4036
vn -0.7372 -0.6243 0.2586
vn -0.8211 -0.5273 0.2184
vn -0.8211 -0.5707 -0.0000
vn -0.7372 -0.6757 -0.0000
vn -0.8211 -0.5273 -0.2184
vn -0.7372 -0.6243 -0.2586
vn -0.8211 -0.4036 -0.4036
vn -0.7372 -0.4778 -0.4778
vn -0.8211 -0.2184 -0.5273
vn -0.7372 -0.2586 -0.6243
vn -0.8211 -0.0000 -0.5707
vn -0.7372 -0.0000 -0.6757
vn -0.7372 0.2586 -0.6243
vn -0.8211 0.2184 -0.5273
vn -0.7372 0.4778 -0.4778
vn -0.8211 0.4036 -0.4036
vn -0.7372 0.6243 -0.2586
vn -0.8211 0.5273 -0.2184
vn -0.9996 -0.0258 -0.0107
vn -0.9996 -0.0280 -0.0000
vn -0.9996 -0.0198 -0.0198
vn -0.9996 -0.0259 -0.0106
vn -0.9996 0.0258 0.0107
vn -0.9996 0.0280 -0.0000
vn -0.9996 0.0280 0.0005
vn -0.9996 0.0198 0.0198
vn -0.9996 0.0107 0.0258
vn -0.9996 -0.0000 0.0280
vn -0.9996 -0.0107 0.0258
vn -0.9996 -0.0198 0.0198
vn -0.9996 -0.0258 0.0107
vn -0.9037 0.4282 -0.0000
vn -0.9037 0.3028 0.3028
vn -0.9037 0.3956 0.1639
vn -0.9037 0.1638 0.3956
vn -0.9037 -0.0000 0.4282
vn -0.9037 -0.1638 0.3956
vn -0.9037 -0.3028 0.3028
vn -0.9037 -0.4282 -0.0000
vn -0.9037 -0.3956 0.1639
vn -0.9037 -0.3028 -0.3028
vn -0.9037 -0.3956 -0.1638
vn -0.9037 -0.1638 -0.3956
vn -0.9037 -0.0000 -0.4282
vn -0.9037 0.1638 -0.3956
vn -0.9037 0.3956 -0.1638
vn -0.9037 0.3028 -0.3028
vn -0.7372 0.6757 -0.0000
vn 0.0001 -0.0000 -1.0000
vn -0.0000 0.0001 1.0000
vn 0.8962 -0.4099 0.1698
vn 0.8962 -0.3137 0.3137
vn 0.8962 -0.1698 0.4098
vn 0.8962 -0.0000 0.4437
vn -1.0000 0.0001 0.0001
vn 1.0000 -0.0001 -0.0001
vn 0.0001 0.3821 0.9241
vn 0.0001 0.7067 0.7076
vn 0.0001 0.7067 0.7075
vn -0.0000 0.9241 -0.3821
vn 0.0001 1.0000 0.0006
vn -0.0000 0.7076 -0.7067
vn -0.0000 0.3833 -0.9236
vn -0.0001 0.0006 -1.0000
vn -0.0001 -0.3821 -0.9241
vn -0.0001 -0.7067 -0.7076
vn -0.0001 -0.7067 -0.7075
vn -0.0001 -0.9236 -0.3833
vn -0.8379 -0.3861 0.3857
vn -0.8380 -0.5043 0.2086
vn 0.0001 -0.0006 1.0000
vn -0.0000 -0.3833 0.9236
vn -0.0000 -0.7075 0.7067
vn -0.0000 -0.9241 0.3821
vn -0.0001 -1.0000 -0.0006
vn 0.0001 0.9236 0.3833
vn -0.8379 0.3862 -0.3856
vn -0.8379 0.5044 -0.2085
vn -0.8380 -0.5457 -0.0003
vn -0.8379 0.5042 0.2092
vn -0.8379 0.5458 0.0004
vn -0.8380 -0.5040 -0.2091
vn -0.8379 0.3857 0.3862
vn -0.8380 -0.3856 -0.3861
vn -0.8379 0.2086 0.5044
vn -0.8380 -0.2085 -0.5043
vn -0.8379 -0.0003 0.5458
vn -0.8380 0.0004 -0.5457
vn -0.8379 -0.2091 0.5042
vn -0.8380 0.2092 -0.5040
vn 0.1591 0.9873 0.0007
vn 0.5592 0.7657 0.3177
vn 0.5592 0.8290 0.0005
vn 0.9246 0.3519 0.1460
vn 0.9246 0.3810 0.0002
vn 0.1591 0.6977 0.6985
vn 0.1591 0.9119 0.3784
vn 0.9246 0.2692 0.2696
vn 0.1591 0.3772 0.9124
vn 0.5592 0.5858 0.5866
vn 0.9246 0.1455 0.3521
vn 0.5592 -0.0006 0.8290
vn 0.5592 0.3167 0.7661
vn 0.1590 -0.0006 0.9873
vn 0.5592 -0.3178 0.7657
vn 0.9246 -0.0003 0.3810
vn 0.1590 -0.3784 0.9119
vn 0.5591 -0.5867 0.5858
vn 0.9245 -0.2697 0.2692
vn 0.9245 -0.1461 0.3519
vn 0.1589 -0.9124 0.3772
vn 0.1590 -0.6986 0.6977
vn 0.9245 -0.3523 0.1455
vn 0.5591 -0.8291 -0.0006
vn 0.5591 -0.7662 0.3167
vn 0.1589 -0.9873 -0.0006
vn 0.5590 -0.7658 -0.3178
vn 0.9245 -0.3812 -0.0003
vn 0.1588 -0.6977 -0.6986
vn 0.1589 -0.9119 -0.3784
vn 0.9245 -0.2694 -0.2697
vn 0.9245 -0.3521 -0.1461
vn 0.5590 -0.3168 -0.7662
vn 0.5591 -0.5859 -0.5867
vn 0.1589 0.0006 -0.9873
vn 0.1589 -0.3773 -0.9124
vn 0.9245 0.0002 -0.3812
vn 0.9245 -0.1457 -0.3523
vn 0.1589 0.3784 -0.9119
vn 0.5591 0.0005 -0.8291
vn 0.9245 0.1460 -0.3521
vn 0.1590 0.6985 -0.6977
vn 0.5591 0.3177 -0.7658
vn 0.9245 0.2696 -0.2694
vn 0.5592 0.7661 -0.3168
vn 0.5591 0.5866 -0.5859
vn 0.9246 0.3521 -0.1457
vn 0.1591 0.9124 -0.3772
vn 0.0001 0.9242 -0.3820
vn -0.0000 0.9242 -0.3820
vn 0.0001 0.7066 0.7076
vn -0.0000 0.7075 -0.7067
vn -0.0000 -0.7076 0.7066
vn -0.0000 -0.3832 0.9237
vn -0.0000 0.3832 -0.9237
vn -0.0001 0.3832 -0.9237
vn -0.0001 -0.3820 -0.9242
vn 0.0001 -0.0005 1.0000
vn 0.0263 0.9997 0.0006
vn 0.0263 0.9233 0.3831
vn 0.0263 0.3820 0.9238
vn 0.0263 -0.0006 0.9997
vn 0.0263 -0.3831 0.9233
vn 0.0262 -0.7073 0.7064
vn 0.0262 -0.9238 0.3820
vn 0.0261 -0.9997 -0.0006
vn 0.0261 -0.9233 -0.3831
vn 0.0261 -0.7064 -0.7073
vn 0.0261 -0.3820 -0.9238
vn 0.0261 0.0006 -0.9997
vn 0.0262 0.3831 -0.9233
vn 0.0262 0.7073 -0.7064
vn 0.0263 0.9238 -0.3820
vn 0.0263 0.7064 0.7073
vn -0.7500 -0.6112 0.2528
vn -0.7500 -0.6614 -0.0004
vn -0.7500 -0.6109 -0.2535
vn -0.7500 -0.4674 -0.4680
vn -0.7500 -0.2527 -0.6112
vn -0.7500 0.0005 -0.6614
vn -0.7500 0.2536 -0.6109
vn -0.7500 0.4681 -0.4674
vn -0.7499 0.6113 -0.2527
vn -0.7499 0.6615 0.0005
vn -0.7499 0.6110 0.2536
vn -0.7499 0.4675 0.4681
vn -0.7499 0.2528 0.6114
vn -0.7499 -0.0004 0.6615
vn -0.7499 -0.2535 0.6110
vn -0.7499 -0.0003 0.6615
vn -0.7500 -0.4680 0.4675
vn -0.8031 0.5503 0.2284
vn -0.8694 0.4942 0.0004
vn -0.8694 0.4564 0.1894
vn -0.8031 0.4210 0.4216
vn -0.8694 0.3492 0.3497
vn -0.8694 0.1889 0.4567
vn -0.8031 0.2277 0.5506
vn -0.8031 -0.0003 0.5958
vn -0.8694 -0.0002 0.4942
vn -0.8032 -0.2283 0.5503
vn -0.8694 -0.1893 0.4564
vn -0.8694 -0.3495 0.3492
vn -0.8032 -0.4214 0.4210
vn -0.8032 -0.5505 0.2277
vn -0.8694 -0.4565 0.1889
vn -0.8032 -0.5957 -0.0003
vn -0.8695 -0.4940 -0.0002
vn -0.8695 -0.4563 -0.1893
vn -0.8032 -0.5502 -0.2282
vn -0.8695 -0.3491 -0.3495
vn -0.8033 -0.4209 -0.4214
vn -0.8033 -0.2276 -0.5505
vn -0.8695 -0.1887 -0.4565
vn -0.8032 0.0004 -0.5957
vn -0.8695 0.0004 -0.4940
vn -0.8032 0.2284 -0.5502
vn -0.8694 0.1894 -0.4563
vn -0.8032 0.4216 -0.4209
vn -0.8694 0.3497 -0.3491
vn -0.8032 0.5506 -0.2276
vn -0.8694 0.4567 -0.1887
vn -0.9997 -0.0225 0.0001
vn -0.9997 -0.0208 -0.0086
vn -0.9997 -0.0226 0.0001
vn -0.9997 -0.0159 -0.0159
vn -0.9997 -0.0086 -0.0208
vn -0.9997 0.0001 -0.0225
vn -0.9997 0.0088 -0.0208
vn -0.9997 0.0161 -0.0159
vn -0.9997 0.0210 -0.0086
vn -0.9997 0.0227 0.0001
vn -0.9997 0.0210 0.0088
vn -0.9997 0.0161 0.0161
vn -0.9997 0.0087 0.0210
vn -0.9997 0.0001 0.0227
vn -0.9997 -0.0086 0.0210
vn -0.9997 -0.0159 0.0161
vn -0.9997 -0.0208 0.0087
vn -0.9337 0.3307 0.1373
vn -0.9337 0.3580 0.0003
vn -0.9337 0.1369 0.3309
vn -0.9337 0.2530 0.2533
vn -0.9337 -0.0001 0.3580
vn -0.9337 -0.1371 0.3307
vn -0.9338 -0.3307 0.1369
vn -0.9337 -0.2532 0.2530
vn -0.9338 -0.3579 -0.0001
vn -0.9338 -0.3305 -0.1371
vn -0.9338 -0.2529 -0.2532
vn -0.9338 0.0003 -0.3579
vn -0.9338 -0.1367 -0.3307
vn -0.9338 0.1373 -0.3305
vn -0.9337 0.2534 -0.2529
vn -0.9337 0.3309 -0.1367
vn -0.8031 0.5958 0.0004
vn 0.0001 0.3820 0.9242
vn 0.0001 -0.3832 0.9237
vn 0.6801 -0.2516 -0.6886
vn 0.9643 0.0001 -0.2646
vn 0.9332 -0.2519 -0.2562
vn 0.7011 -0.6892 0.1829
vn 0.5990 -0.5396 0.5916
vn 0.8147 -0.5394 0.2127
vn 0.1917 -0.6894 0.6985
vn 0.5155 -0.6893 0.5090
vn -0.1833 -0.6894 0.7008
vn 0.2228 -0.5397 0.8118
vn -0.7013 -0.6888 -0.1838
vn -0.8123 -0.5392 0.2225
vn -0.6990 -0.6890 0.1914
vn -0.5991 -0.5388 -0.5922
vn -0.8148 -0.5390 -0.2134
vn -0.1919 -0.6885 -0.6994
vn -0.5156 -0.6886 -0.5098
vn 0.1833 -0.6886 -0.7016
vn -0.2229 -0.5387 -0.8125
vn 0.5919 -0.5389 -0.5994
vn 0.2130 -0.5387 -0.8151
vn 0.6989 -0.6889 -0.1922
vn 0.5093 -0.6887 -0.5160
vn -0.7114 0.0005 -0.7028
vn -0.2561 -0.2514 -0.9334
vn -0.6884 -0.2515 -0.6803
vn -0.9675 0.0002 -0.2530
vn -0.9363 -0.2517 -0.2450
vn -0.9333 -0.2521 0.2559
vn -0.7029 -0.0004 0.7113
vn -0.9332 -0.2520 0.2560
vn -0.6802 -0.2523 0.6882
vn 0.9362 -0.2522 0.2447
vn 0.7114 -0.0005 0.7028
vn 0.6884 -0.2524 0.6800
vn 0.2561 -0.2526 0.9331
vn -0.2529 -0.0006 0.9675
vn -0.2448 -0.2525 0.9361
vn 0.2646 -0.0006 0.9644
vn 0.2530 0.0006 -0.9675
vn 0.2448 -0.2514 -0.9364
vn -0.2131 -0.5396 0.8145
vn 0.2097 0.6098 0.7643
vn 0.2005 0.6107 -0.7660
vn 0.8121 -0.5391 -0.2232
vn 0.7665 0.6101 0.2008
vn 0.7640 0.6103 -0.2093
vn -0.5635 0.6107 -0.5564
vn -0.7664 0.6105 -0.2000
vn -0.5920 -0.5395 0.5987
vn -0.2004 0.6098 0.7668
vn 0.5568 0.6106 -0.5631
vn -0.2096 0.6108 -0.7636
vn -0.5567 0.6100 0.5639
vn 0.5636 0.6099 0.5572
vn -0.7639 0.6102 0.2100
vn -0.4261 0.8970 0.1175
vn -0.3106 0.8969 0.3150
vn 0.1170 0.8968 0.4268
vn 0.3145 0.8968 0.3112
vn 0.1119 0.8973 -0.4270
vn -0.1169 0.8973 -0.4257
vn -0.1117 0.8968 0.4282
vn 0.3107 0.8972 -0.3138
vn 0.4277 0.8969 0.1124
vn 0.4263 0.8971 -0.1164
vn -0.3143 0.8972 -0.3101
vn -0.4275 0.8971 -0.1113
vn -0.5556 0.8172 0.1530
vn -0.4049 0.8170 0.4104
vn 0.1526 0.8169 0.5562
vn 0.4100 0.8170 0.4055
vn -0.1524 0.8177 -0.5552
vn 0.1459 0.8176 -0.5570
vn 0.5576 0.8171 0.1463
vn 0.5558 0.8173 -0.1520
vn -0.4099 0.8176 -0.4045
vn -0.5574 0.8174 -0.1453
vn -0.1457 0.8169 0.5580
vn 0.4051 0.8175 -0.4094
vn 0.8856 0.4023 0.2319
vn -0.8827 0.4025 0.2425
vn -0.2316 0.4020 0.8859
vn 0.2422 0.4020 0.8830
vn 0.8828 0.4026 -0.2420
vn -0.8856 0.4028 -0.2314
vn -0.6434 0.4022 0.6514
vn -0.0001 0.8648 -0.5021
vn -0.0000 0.9908 -0.1357
vn -0.0003 0.5059 -0.8626
vn -0.0003 0.4876 -0.8731
vn -0.0000 0.9904 -0.1380
vn -0.0001 0.8663 -0.4995
vn -0.0003 0.5005 -0.8657
vn -0.0004 0.1312 -0.9914
vn -0.0004 0.1311 -0.9914
vn -0.0004 -0.1299 -0.9915
vn -0.0004 -0.4994 -0.8663
vn -0.0004 -0.4995 -0.8663
vn -0.0003 -0.8657 -0.5005
vn -0.0001 -0.9914 -0.1311
vn -0.4235 0.9056 -0.0205
vn -0.4565 0.8860 -0.0815
vn -0.4235 0.9057 -0.0205
vn 0.4281 -0.9037 -0.0007
vn 0.4275 -0.9040 -0.0007
vn -0.0105 0.7144 -0.6996
vn -0.0368 0.9140 -0.4039
vn -0.0375 0.9198 -0.3906
vn -0.0106 0.7148 -0.6993
vn -0.0001 -0.9914 -0.1312
vn -0.0498 0.9923 -0.1135
vn -0.4354 0.8963 -0.0837
vn 1.0000 -0.0001 -0.0004
vn -1.0000 0.0001 0.0004
vn 1.0000 -0.0000 -0.0006
vn -0.9850 -0.0000 0.1728
vn -0.0009 -0.0005 1.0000
vn -0.0013 -0.0006 1.0000
vn -0.0018 0.0007 -1.0000
vn -0.0011 0.0008 -1.0000
vn -0.0016 0.0006 -1.0000
vn -1.0000 -0.0000 0.0075
vn -1.0000 -0.0002 -0.0085
vn 1.0000 -0.0000 -0.0005
vn 0.9999 0.0003 0.0140
vn -0.9809 -0.0000 0.1945
vn -0.8016 -0.0003 0.5979
vn -0.7874 -0.0003 0.6165
vn -0.4030 -0.0005 0.9152
vn -0.3892 -0.0005 0.9212
vn -0.0958 -0.0005 0.9954
vn -0.0919 -0.0005 0.9958
vn 0.0004 -0.0005 1.0000
vn 0.0016 0.0009 -1.0000
vn 0.0027 0.0009 -1.0000
vn -0.0012 0.0008 -1.0000
vn 0.4237 0.9056 -0.0209
vn 0.4236 0.9056 -0.0208
vn 0.0021 -0.0006 1.0000
vn -0.4282 -0.9037 -0.0004
vn -0.0003 -0.8657 -0.5006
vn 0.4566 0.8859 -0.0819
vn 0.4355 0.8962 -0.0841
vn 0.0366 0.9140 -0.4040
vn 0.0100 0.7144 -0.6996
vn 0.0374 0.9198 -0.3906
vn 0.0101 0.7148 -0.6993
vn 0.0499 0.9923 -0.1135
vn -0.4276 -0.9039 -0.0004
vn 0.9851 -0.0002 0.1720
vn -1.0000 0.0001 0.0003
vn 0.0013 -0.0005 1.0000
vn 0.0015 -0.0006 1.0000
vn 0.0002 0.0008 -1.0000
vn 0.0013 0.0007 -1.0000
vn 0.0007 0.0006 -1.0000
vn 1.0000 -0.0004 -0.0093
vn 1.0000 -0.0002 0.0067
vn -0.9980 0.0002 -0.0625
vn -0.9999 0.0004 0.0149
vn 0.9811 -0.0002 0.1937
vn 0.8019 -0.0005 0.5975
vn 0.7881 -0.0005 0.6156
vn 0.4057 -0.0007 0.9140
vn 0.3914 -0.0006 0.9202
vn 0.0967 -0.0005 0.9953
vn 0.0927 -0.0005 0.9957
vn -0.0035 0.0009 -1.0000
vn -0.0019 0.0009 -1.0000
vn 0.0001 0.0008 -1.0000
vn -0.9920 0.1214 -0.0333
vn -0.6469 0.7305 -0.2185
vn -0.9921 0.1214 -0.0333
vn -0.0000 -0.6715 -0.7410
vn -0.0000 -0.6022 -0.7983
vn -0.0000 -0.6716 -0.7409
vn -1.0000 -0.0005 -0.0029
vn -1.0000 -0.0006 -0.0030
vn -1.0000 0.0002 0.0017
vn -0.9880 0.0279 0.1520
vn -1.0000 0.0003 0.0021
vn -0.1390 0.9531 -0.2686
vn -0.0245 0.9746 -0.2226
vn -0.0499 0.9559 -0.2893
vn -0.0000 -0.9840 0.1784
vn -0.2295 0.9295 -0.2887
vn -0.3897 0.8781 -0.2776
vn -0.3898 0.8780 -0.2776
vn 0.0003 -0.1784 -0.9840
vn 0.0005 -0.1784 -0.9840
vn -0.0002 -0.1785 -0.9839
vn -0.0026 0.1785 0.9839
vn -0.0046 0.1784 0.9839
vn -0.0012 0.1786 0.9839
vn 0.0001 0.1787 0.9839
vn -0.0000 -0.9984 0.0571
vn 0.0001 -0.9984 0.0571
vn -0.0056 0.9542 -0.2991
vn -1.0000 -0.0007 -0.0030
vn -0.7879 0.1098 0.6059
vn -0.7878 0.1098 0.6060
vn -0.3914 0.1641 0.9055
vn -0.3914 0.1642 0.9055
vn -0.0527 0.1783 0.9826
vn -0.1170 0.1772 0.9772
vn 0.0018 0.1787 0.9839
vn 0.0023 -0.1779 -0.9840
vn 0.1703 -0.1756 -0.9696
vn 0.5455 -0.1490 -0.8248
vn 0.4282 -0.8892 0.1612
vn -0.9977 0.0662 -0.0140
vn -0.9977 0.0660 -0.0153
vn -0.0000 -0.9640 0.2660
vn -0.0000 -0.9973 0.0741
vn -0.0000 0.7189 -0.6951
vn -0.0000 0.9042 -0.4271
vn -0.0000 -0.9836 -0.1805
vn -0.0000 -0.9387 -0.3448
vn -0.0000 -0.9836 -0.1804
vn -0.0000 0.0006 -1.0000
vn -0.0000 0.4406 -0.8977
vn -0.0000 0.4403 -0.8979
vn -0.0000 -0.8584 -0.5130
vn -0.0000 -0.8584 -0.5131
vn -0.0001 -0.0715 -0.9974
vn -0.0000 0.9672 -0.2541
vn -0.0000 0.9709 -0.2396
vn -0.0000 -0.9907 0.1361
vn -0.0000 -0.9516 0.3075
vn -0.0000 0.9535 -0.3013
vn -0.0000 0.7629 -0.6465
vn -0.0000 0.3375 -0.9413
vn -0.0000 -0.1530 -0.9882
vn 0.0001 -0.2037 -0.9790
vn -0.0000 -0.2037 -0.9790
vn -0.0000 -0.6465 -0.7629
vn -0.0000 -0.9413 -0.3375
vn -0.0027 0.9840 -0.1784
vn -0.0021 0.9840 -0.1784
vn -0.7739 -0.6232 0.1130
vn -0.0001 -0.9843 0.1767
vn -0.0005 -0.9855 0.1697
vn -0.0022 0.9755 -0.2200
vn -0.0013 0.9160 -0.4011
vn -0.0008 0.9813 -0.1924
vn -0.0000 0.6286 -0.7778
vn -0.0000 0.6285 -0.7778
vn -0.0000 -0.7594 -0.6506
vn -0.0000 0.9840 -0.1784
vn 0.0002 0.1786 0.9839
vn 0.0011 0.1784 0.9840
vn 0.0006 0.1784 0.9840
vn -0.0003 -0.1782 -0.9840
vn -0.0004 -0.9994 -0.0336
vn 1.0000 -0.0007 -0.0033
vn 1.0000 0.0001 0.0014
vn 1.0000 -0.0008 -0.0035
vn 0.9837 0.0321 0.1770
vn 0.9837 0.0321 0.1771
vn 0.7882 0.1098 0.6055
vn 0.3917 0.1641 0.9053
vn 0.0533 0.1782 0.9826
vn 0.0533 0.1782 0.9825
vn -0.0030 -0.1781 -0.9840
vn -0.0005 -0.1782 -0.9840
vn -0.0004 -0.1782 -0.9840
vn -0.0003 0.1783 0.9840
vn 0.7739 -0.6232 0.1130
vn 0.0007 -0.1779 -0.9840
vn 0.0004 -0.1780 -0.9840
vn -0.0267 0.9836 -0.1784
vn -0.0264 0.9836 -0.1785
vn -0.6469 0.7306 -0.2185
vn -0.0001 0.1787 0.9839
vn 1.0000 0.0009 0.0046
vn 1.0000 0.0010 0.0047
vn -0.8503 0.5176 -0.0953
vn -0.8506 0.5172 -0.0952
vn -0.4899 0.8577 -0.1563
vn -0.4904 0.8574 -0.1562
vn -0.0000 0.3380 -0.9411
vn -0.0000 0.7626 -0.6469
vn -0.0000 0.3368 -0.9416
vn -0.0000 0.7635 -0.6458
vn -0.0000 -0.1852 -0.9827
vn -0.0000 -0.1717 -0.9851
vn -0.0000 -0.8764 -0.4815
vn -0.0000 -0.8764 -0.4817
vn -0.0000 0.9672 -0.2540
vn 1.0000 -0.0013 -0.0085
vn 1.0000 0.0011 0.0047
vn 1.0000 -0.0013 -0.0084
vn 0.1949 0.8497 -0.4899
vn -0.1948 0.9808 0.0006
vn 0.1950 0.9808 0.0006
vn -0.1948 0.4899 0.8497
vn 0.1950 -0.0006 0.9808
vn 0.1950 0.4899 0.8497
vn -0.1949 -0.4910 0.8491
vn 0.1950 -0.4910 0.8491
vn 0.1949 -0.8497 0.4899
vn -0.1950 -0.9808 -0.0006
vn 0.1949 -0.9808 -0.0006
vn 0.1948 -0.8491 -0.4910
vn -0.1950 -0.4899 -0.8497
vn 0.1948 -0.4900 -0.8497
vn -0.1950 0.0006 -0.9808
vn 0.1949 0.4909 -0.8491
vn 0.1948 0.0007 -0.9808
vn -0.1949 0.8497 -0.4899
vn 0.1950 0.8491 0.4909
vn -0.9757 0.1095 0.1899
vn -0.9757 0.1898 0.1098
vn 0.6854 0.7281 0.0004
vn 0.9757 0.1896 0.1096
vn 0.9757 0.2191 0.0001
vn -0.6853 0.6305 0.3645
vn -0.1948 0.8491 0.4910
vn -0.9757 0.2192 0.0002
vn 0.6854 0.3637 0.6308
vn 0.6854 0.6304 0.3644
vn 0.9757 0.1094 0.1898
vn -0.6853 0.3638 0.6309
vn 0.6854 -0.0005 0.7281
vn 0.9757 -0.0002 0.2191
vn -0.1949 -0.0005 0.9808
vn -0.6853 -0.0004 0.7283
vn -0.9757 -0.0001 0.2192
vn 0.9757 -0.1098 0.1896
vn -0.6854 -0.3644 0.6305
vn -0.9757 -0.1096 0.1898
vn 0.6853 -0.6310 0.3637
vn 0.6854 -0.3645 0.6303
vn -0.6854 -0.6308 0.3638
vn -0.1950 -0.8497 0.4899
vn -0.9757 -0.1898 0.1095
vn 0.6853 -0.7283 -0.0005
vn -0.6854 -0.7281 -0.0004
vn -0.9757 -0.2191 -0.0001
vn -0.6855 -0.6304 -0.3644
vn -0.1950 -0.8491 -0.4909
vn -0.9757 -0.1896 -0.1096
vn 0.6852 -0.3638 -0.6310
vn 0.6852 -0.6305 -0.3646
vn -0.6855 -0.3636 -0.6308
vn -0.9757 -0.1094 -0.1898
vn 0.6854 0.0004 -0.7282
vn 0.9757 -0.1095 -0.1899
vn 0.6853 -0.3638 -0.6309
vn -0.6854 0.0005 -0.7281
vn -0.9757 0.0002 -0.2191
vn 0.6853 0.3644 -0.6305
vn 0.9757 0.0001 -0.2192
vn -0.6854 0.3646 -0.6304
vn -0.1950 0.4910 -0.8491
vn -0.9757 0.1098 -0.1896
vn 0.9757 0.1898 -0.1095
vn 0.9757 0.1096 -0.1898
vn -0.6854 0.6309 -0.3636
vn -0.9757 0.1899 -0.1094
vn 0.6854 0.6308 -0.3638
vn -0.6853 0.7283 0.0005
vn 0.9757 -0.1897 -0.1097
vn 0.9757 -0.2191 -0.0002
vn 0.9757 -0.1899 0.1093
vn -0.1949 0.9808 0.0006
vn 0.1950 0.8497 -0.4899
vn -0.1950 0.8498 -0.4898
vn -0.1948 -0.0006 0.9808
vn 0.1949 -0.4910 0.8491
vn -0.1949 -0.4909 0.8491
vn 0.1948 -0.9808 -0.0006
vn 0.1949 -0.8498 0.4898
vn -0.1951 -0.4899 -0.8497
vn 0.1949 0.0006 -0.9808
vn 0.1948 -0.4899 -0.8497
vn -0.1949 0.4909 -0.8491
vn -0.6853 0.7282 0.0005
vn 0.6855 0.6304 0.3644
vn 0.6854 0.7282 0.0004
vn 0.6854 0.3636 0.6308
vn 0.9757 -0.1899 0.1094
vn 0.6853 -0.6309 0.3636
vn 0.9757 -0.2192 -0.0002
vn -0.6854 -0.6304 -0.3644
vn 0.6853 -0.6305 -0.3645
vn 0.9757 -0.1898 -0.1098
vn -0.1950 0.0005 -0.9808
vn -0.6855 0.0005 -0.7281
vn 0.6853 0.0004 -0.7283
vn -0.9757 0.1099 -0.1897
vn -0.6854 0.3646 -0.6303
vn -0.9757 0.1097 -0.1895
vn -0.1938 0.9066 -0.3748
vn -0.9767 -0.0001 0.2147
vn -0.9767 0.0821 0.1984
vn -0.1938 0.9061 0.3760
vn -0.3890 0.9212 0.0006
vn -0.3889 0.8509 0.3531
vn -0.9264 0.3765 0.0003
vn -0.9767 0.1983 0.0823
vn -0.9264 0.3477 0.1443
vn -0.1938 0.6933 0.6941
vn -0.3890 0.6510 0.6518
vn -0.9264 0.2661 0.2664
vn -0.9767 0.1517 0.1519
vn -0.1938 0.3749 0.9066
vn -0.3889 0.3521 0.8513
vn -0.9264 0.1439 0.3479
vn -0.9264 -0.0002 0.3765
vn -0.1938 -0.3760 0.9061
vn -0.3890 -0.0006 0.9213
vn -0.3890 -0.3530 0.8509
vn -0.9264 -0.1442 0.3477
vn -0.9767 -0.0822 0.1983
vn -0.1938 -0.6941 0.6933
vn -0.3890 -0.6518 0.6510
vn -0.9265 -0.2662 0.2661
vn -0.9767 -0.1518 0.1517
vn -0.1939 -0.9066 0.3749
vn -0.3891 -0.8513 0.3520
vn -0.9265 -0.3477 0.1439
vn -0.9767 -0.1982 0.0821
vn -0.3891 -0.9212 -0.0005
vn -0.1939 -0.9810 -0.0006
vn -0.9767 -0.2145 -0.0001
vn -0.9265 -0.3763 -0.0002
vn -0.1940 -0.9061 -0.3760
vn -0.3892 -0.8508 -0.3530
vn -0.9265 -0.3476 -0.1442
vn -0.9767 -0.1981 -0.0822
vn -0.1940 -0.6932 -0.6941
vn -0.3892 -0.6510 -0.6518
vn -0.9767 -0.1516 -0.1518
vn -0.9265 -0.2659 -0.2662
vn -0.1940 -0.3748 -0.9066
vn -0.3892 -0.3520 -0.8513
vn -0.9767 -0.0819 -0.1982
vn -0.9265 -0.1437 -0.3477
vn -0.1939 0.0006 -0.9810
vn -0.3891 0.0006 -0.9212
vn -0.9767 0.0002 -0.2145
vn -0.9265 0.0003 -0.3763
vn -0.1939 0.3760 -0.9061
vn -0.3891 0.3531 -0.8508
vn -0.9767 0.0823 -0.1981
vn -0.9265 0.1443 -0.3476
vn -0.1938 0.6942 -0.6932
vn -0.3891 0.6518 -0.6510
vn -0.9767 0.1519 -0.1516
vn -0.9265 0.2664 -0.2659
vn -0.3890 0.8513 -0.3520
vn -0.9264 0.3479 -0.1437
vn -0.9767 0.1984 -0.0819
vn -0.1938 0.9810 0.0006
vn -0.9767 0.2147 0.0002
vn -0.0406 0.9938 -0.1037
vn -0.0001 -0.9987 -0.0519
vn -0.0001 -0.9241 0.3821
vn 0.0001 0.9237 0.3832
vn -0.0002 0.7066 0.7076
vn -0.1937 0.9061 0.3760
vn -0.1937 0.6933 0.6941
vn 0.9767 0.2145 0.0001
vn 0.9767 0.1981 0.0822
vn -0.1937 0.9811 0.0006
vn -0.9265 0.3479 -0.1437
vn -0.1938 0.6941 -0.6932
vn -0.1939 -0.3748 -0.9066
vn -0.1939 -0.9061 -0.3760
vn -0.3891 -0.8508 -0.3530
vn -0.3891 -0.6518 0.6510
vn -0.3890 -0.0005 0.9212
vn -0.1938 -0.0006 0.9810
vn -0.3889 0.3520 0.8513
vn -0.1937 0.3749 0.9066
vn -0.0001 0.9235 0.3835
vn 0.0011 0.3771 0.9262
vn 0.0024 -0.0019 1.0000
vn 0.0012 -0.3787 0.9255
vn -0.0000 -0.7069 0.7074
vn -0.0003 -0.9239 0.3826
vn -0.0003 -0.9987 0.0505
vn -0.0350 0.9940 0.1034
vn 0.1939 0.9066 -0.3749
vn 0.1938 0.6941 -0.6933
vn 0.9767 -0.1519 0.1516
vn 0.9767 -0.1984 0.0819
vn 0.3891 0.8508 0.3530
vn 0.1939 0.9810 0.0006
vn 0.1939 0.9061 0.3760
vn 0.9265 0.3476 0.1442
vn 0.9265 0.3763 0.0002
vn 0.3891 0.6510 0.6518
vn 0.1940 0.6932 0.6941
vn 0.9767 0.1516 0.1518
vn 0.9265 0.2659 0.2662
vn 0.3892 0.3520 0.8513
vn 0.1939 0.3748 0.9066
vn 0.9265 0.1437 0.3477
vn 0.3891 -0.0006 0.9212
vn 0.1939 -0.0006 0.9810
vn 0.9265 -0.0003 0.3763
vn 0.9767 0.0819 0.1982
vn 0.3891 -0.3531 0.8508
vn 0.1939 -0.3760 0.9061
vn 0.9265 -0.1443 0.3476
vn 0.9767 -0.0002 0.2145
vn 0.3891 -0.6518 0.6510
vn 0.1938 -0.6941 0.6932
vn 0.9265 -0.2664 0.2659
vn 0.9767 -0.0823 0.1981
vn 0.3890 -0.8513 0.3520
vn 0.1938 -0.9066 0.3748
vn 0.9265 -0.3479 0.1437
vn 0.1937 -0.9811 -0.0006
vn 0.9264 -0.3765 -0.0003
vn 0.3890 -0.8509 -0.3531
vn 0.1937 -0.9061 -0.3760
vn 0.9767 -0.1983 -0.0823
vn 0.9264 -0.3477 -0.1443
vn 0.3889 -0.6510 -0.6518
vn 0.1937 -0.6933 -0.6941
vn 0.9767 -0.1517 -0.1519
vn 0.9264 -0.2661 -0.2664
vn 0.3889 -0.3520 -0.8513
vn 0.1937 -0.3749 -0.9066
vn 0.9264 -0.1439 -0.3479
vn 0.3890 0.0005 -0.9212
vn 0.1938 0.0006 -0.9810
vn 0.9264 0.0002 -0.3765
vn 0.9767 -0.0821 -0.1984
vn 0.3890 0.3530 -0.8509
vn 0.1938 0.3760 -0.9061
vn 0.9767 0.0822 -0.1983
vn 0.9264 0.1442 -0.3477
vn 0.3891 0.6518 -0.6510
vn 0.9767 0.1518 -0.1517
vn 0.9265 0.2662 -0.2661
vn 0.3891 0.8513 -0.3520
vn 0.9767 0.1982 -0.0821
vn 0.9265 0.3477 -0.1439
vn 0.0410 0.9938 -0.1031
vn 0.0004 0.7061 0.7082
vn 0.1940 0.9061 0.3760
vn 0.0005 0.9237 0.3831
vn 0.3891 0.9212 0.0005
vn 0.9265 0.3478 -0.1439
vn 0.3890 0.6518 -0.6510
vn 0.9265 0.2662 -0.2660
vn 0.9767 0.0001 -0.2147
vn 0.3890 -0.3520 -0.8513
vn 0.1938 -0.3748 -0.9066
vn 0.3890 -0.6510 -0.6518
vn 0.1938 -0.6933 -0.6941
vn 0.3890 -0.9212 -0.0006
vn 0.1938 -0.9810 -0.0006
vn 0.9767 -0.2147 -0.0002
vn 0.1940 0.3748 0.9066
vn 0.3892 0.6510 0.6518
vn 0.3892 0.8508 0.3530
vn 0.0347 0.9940 0.1033
vn -0.0009 0.3769 0.9263
vn -0.0021 -0.0009 1.0000
vn -0.0012 -0.3786 0.9256
vn 0.0001 -0.7070 0.7072
vn 0.0003 -0.9239 0.3827
vn 0.0003 -0.9987 0.0505
vn -0.0001 0.0007 -1.0000
vn 0.2213 0.9641 0.1468
vn 0.0214 0.9404 0.3393
vn -0.2112 0.9657 0.1507
vn -0.5455 0.8346 0.0760
vn -0.2405 0.9612 -0.1352
vn -0.5527 0.8298 -0.0771
vn -0.7364 0.6752 -0.0421
vn 0.9435 -0.2275 0.2409
vn 0.9379 -0.2271 -0.2622
vn 0.9433 -0.2276 0.2417
vn -0.2456 0.4152 -0.8759
vn 0.2253 0.4155 -0.8812
vn 0.2252 0.4157 -0.8812
vn 0.4898 0.8681 0.0809
vn 0.7639 0.6447 0.0299
vn 0.2286 0.9636 -0.1385
vn 0.6153 0.7851 -0.0706
vn 1.0000 -0.0000 -0.0001
vn -0.6512 0.4132 -0.6365
vn -0.2457 0.4153 -0.8759
vn -0.0002 0.9196 0.3929
vn 0.0005 0.9184 0.3957
vn -0.0000 0.6993 0.7148
vn 0.0006 0.6984 0.7157
vn 0.0021 0.3675 0.9300
vn -0.0020 0.3661 0.9306
vn -0.9970 -0.0111 0.0769
vn -0.0004 -0.9202 0.3915
vn -0.0000 -0.7024 0.7118
vn -0.0003 -0.9985 0.0547
vn -0.0001 -0.9825 0.1861
vn 0.0002 -0.9823 0.1874
vn 0.0003 -0.9189 0.3946
vn 0.0001 -0.7012 0.7130
vn -0.0001 -0.9985 0.0553
vn -0.0003 0.9590 0.2834
vn 0.0007 0.9605 0.2783
vn 0.0214 0.9208 -0.3894
vn -0.0247 0.9223 -0.3858
vn 0.2475 -0.0019 -0.9689
vn -0.2701 -0.0017 -0.9628
vn 0.7153 0.0011 0.6988
vn 0.2701 0.0017 0.9628
vn -0.7153 -0.0011 -0.6988
vn 0.9689 0.0003 0.2475
vn -0.2475 0.0019 0.9689
vn 0.9628 -0.0007 -0.2701
vn -0.9628 0.0007 0.2701
vn -0.6988 0.0015 0.7153
vn -0.9689 -0.0003 -0.2475
vn 0.6988 -0.0015 -0.7153
vn -0.0550 0.9644 0.2587
vn -0.0174 0.9404 0.3395
vn 0.0002 1.0000 -0.0018
vn -0.0001 -1.0000 -0.0042
vn -0.0002 -1.0000 0.0028
vn -0.6515 0.4132 -0.6363
vn -0.8835 0.4104 -0.2259
vn -0.8838 0.4098 -0.2258
vn 0.8849 0.4074 0.2259
vn 0.8780 0.4105 -0.2461
vn 0.8851 0.4068 0.2261
vn -0.2059 0.5559 0.8053
vn -0.5252 0.6607 0.5363
vn -0.5815 0.5558 0.5941
vn -0.8056 0.5551 -0.2070
vn -0.5473 0.6425 -0.5363
vn -0.5945 0.5548 -0.5821
vn -0.8797 0.4067 0.2465
vn -0.8799 0.4061 0.2467
vn 0.5810 0.5546 -0.5957
vn 0.1906 0.6376 -0.7464
vn 0.5356 0.6412 -0.5495
vn -0.2072 0.6389 -0.7408
vn -0.2243 0.5545 -0.8014
vn 0.8061 0.5552 0.2047
vn 0.7343 0.6464 -0.2071
vn 0.7339 0.6532 0.1861
vn 0.2058 0.5545 -0.8064
vn 0.8007 0.5549 -0.2257
vn 0.6545 0.4041 0.6390
vn 0.6542 0.4041 0.6393
vn 0.2249 0.5558 0.8003
vn 0.5385 0.6594 0.5246
vn 0.2023 0.6640 0.7198
vn 0.5954 0.5556 0.5804
vn -0.8009 0.5555 0.2235
vn -0.7373 0.6483 -0.1897
vn -0.1854 0.6636 0.7247
vn -0.7278 0.6551 0.2028
vn 0.6360 0.4141 -0.6512
vn 0.6362 0.4137 -0.6512
vn 0.1682 0.7323 -0.6599
vn 0.4708 0.7377 -0.4838
vn -0.4812 0.7393 -0.4710
vn 0.6383 0.7482 -0.1811
vn 0.6294 0.7608 0.1583
vn -0.1829 0.7332 -0.6550
vn 0.1701 0.7794 0.6031
vn 0.4559 0.7722 0.4426
vn -0.6219 0.7640 0.1720
vn -0.6387 0.7514 -0.1656
vn -0.1553 0.7802 0.6060
vn -0.4429 0.7747 0.4513
vn 0.0002 0.1299 0.9915
vn 0.0007 -0.0018 1.0000
vn 0.0001 0.1301 0.9915
vn 0.0009 -0.0016 1.0000
vn 0.0011 -0.1958 0.9806
vn 0.9956 -0.0136 0.0925
vn -0.7194 0.6897 0.0826
vn -0.7199 0.6891 0.0831
vn -0.0006 0.8164 0.5775
vn -0.0003 0.7237 0.6901
vn -0.0007 0.8164 0.5775
vn -0.0005 0.8328 0.5536
vn -0.0127 0.2507 -0.9680
vn -0.0107 0.5261 -0.8504
vn -0.0131 0.2510 -0.9679
vn 0.7181 0.6889 0.0986
vn 0.0006 -0.7150 0.6991
vn 0.0009 -0.7138 0.7003
vn 0.0008 -0.1957 0.9807
vn -0.0000 0.7235 0.6904
vn 0.0001 0.4548 0.8906
vn 0.0001 0.4542 0.8909
vn -0.0000 -1.0000 0.0028
vn -0.0001 -0.0823 -0.9966
vn 0.5348 -0.6909 0.4866
vn -0.7509 0.0007 -0.6604
vn -0.7506 -0.0525 -0.6587
vn -0.7507 -0.0570 -0.6582
vn 0.7508 0.0002 -0.6606
vn 0.7507 -0.0531 -0.6586
vn 0.7073 0.7069 0.0004
vn -0.7086 0.1600 0.6872
vn 0.7505 -0.0575 -0.6583
vn 0.7481 -0.1110 -0.6543
vn -0.7488 -0.1110 -0.6534
vn -0.7483 -0.1106 -0.6540
vn 0.7069 -0.7073 -0.0005
vn -0.7073 -0.7069 -0.0004
vn -0.4475 -0.8111 -0.3766
vn -0.0001 -0.1646 -0.9864
vn -0.0002 -0.8175 0.5759
vn -0.0085 0.5643 -0.8255
vn 0.0001 0.5683 -0.8228
vn -0.0066 0.5619 -0.8272
vn -0.0003 -1.0000 -0.0006
vn -0.0067 -0.9765 -0.2156
vn 0.0060 -0.9765 -0.2156
vn 0.0003 1.0000 0.0006
vn -0.0115 -0.9083 -0.4181
vn -0.0003 -0.9038 -0.4279
vn -0.0001 -0.0190 -0.9998
vn -0.0001 -0.0213 -0.9998
vn 0.0109 -0.9083 -0.4181
vn 0.0087 0.5643 -0.8256
vn 0.0068 0.5619 -0.8272
vn -0.0160 0.5738 -0.8188
vn 0.0001 0.1138 0.9935
vn 0.0002 0.2266 0.9740
vn 0.0001 0.5975 -0.8019
vn -0.6839 0.4137 -0.6010
vn -0.6844 0.4137 -0.6004
vn -0.6841 0.4137 -0.6007
vn 0.6846 0.4132 -0.6005
vn 0.6843 0.4132 -0.6007
vn 0.6842 0.4133 -0.6009
vn 0.0163 0.5738 -0.8189
vn 0.0164 0.5737 -0.8189
vn -0.0232 -0.8964 -0.4426
vn -0.0003 -0.8705 -0.4922
vn -0.0003 -0.8705 -0.4921
vn 0.4469 -0.8114 -0.3767
vn 0.0227 -0.8966 -0.4422
vn 0.0228 -0.8967 -0.4422
vn -0.1938 0.9061 0.3761
vn -0.6887 0.5124 0.5130
vn -0.6889 -0.5128 0.5123
vn -0.9767 -0.1983 0.0821
vn -0.6889 -0.6698 0.2770
vn -0.1940 0.0007 -0.9810
vn -0.6888 0.2779 -0.6695
vn -0.1940 0.3760 -0.9061
vn -0.1937 0.6942 -0.6933
vn -0.1937 -0.0005 0.9811
vn -0.1936 0.3749 0.9066
vn -0.6888 0.7249 0.0005
vn -0.6889 0.5129 -0.5122
vn -0.6888 0.6700 -0.2770
vn -0.6890 0.2778 -0.6694
vn -0.6889 0.0005 -0.7248
vn -0.6890 -0.2769 -0.6698
vn -0.6890 -0.5122 -0.5128
vn -0.6890 -0.6695 -0.2778
vn -0.6890 -0.7248 -0.0009
vn -0.6889 -0.6698 0.2771
vn -0.6890 -0.5128 0.5122
vn -0.1939 -0.3760 0.9061
vn -0.6888 -0.5128 0.5124
vn -0.1939 -0.6941 0.6933
vn -0.6887 0.6696 0.2779
vn -0.9767 -0.0000 0.2147
vn 0.1974 0.9603 -0.1970
vn 0.1938 0.9066 -0.3748
vn -0.0001 0.7067 0.7076
vn 0.1937 0.3749 0.9066
vn 0.1937 0.6933 0.6941
vn -0.0001 0.3821 0.9241
vn 0.1938 -0.0006 0.9810
vn -0.0001 -0.0006 1.0000
vn -0.0000 -0.7076 0.7067
vn 0.1938 -0.3760 0.9061
vn 0.1939 -0.9066 0.3749
vn 0.1938 -0.6941 0.6933
vn -0.2101 -0.9777 -0.0006
vn 0.1939 -0.9061 -0.3760
vn 0.1976 -0.9603 0.1971
vn 0.0001 -0.9236 -0.3833
vn 0.1940 -0.6932 -0.6941
vn 0.0001 -0.7067 -0.7076
vn 0.1939 -0.3748 -0.9066
vn 0.0001 -0.3821 -0.9241
vn 0.1939 0.0006 -0.9810
vn 0.0001 0.0006 -1.0000
vn 0.1939 0.3760 -0.9061
vn 0.1938 0.6941 -0.6932
vn -0.0001 0.9236 0.3833
vn -0.2102 0.9777 0.0006
vn 0.1937 0.9061 0.3760
vn 0.6888 0.6696 0.2779
vn 0.9767 0.1983 0.0823
vn 0.5787 0.8156 0.0006
vn 0.6888 0.5123 0.5129
vn 0.6888 0.2770 0.6699
vn 0.9767 0.1517 0.1519
vn 0.6888 -0.0004 0.7249
vn 0.9767 0.0821 0.1984
vn 0.6888 -0.2778 0.6696
vn 0.9767 -0.0001 0.2147
vn 0.6889 -0.5128 0.5123
vn 0.9767 -0.0822 0.1983
vn 0.6889 -0.6698 0.2770
vn 0.9767 -0.1982 0.0821
vn 0.6959 -0.7042 0.1406
vn 0.6890 -0.6695 -0.2778
vn 0.9767 -0.1981 -0.0822
vn 0.6890 -0.5122 -0.5128
vn 0.9767 -0.1516 -0.1518
vn 0.6890 -0.2769 -0.6698
vn 0.9767 0.0002 -0.2145
vn 0.6889 0.0005 -0.7248
vn 0.9767 0.0823 -0.1981
vn 0.6889 0.2779 -0.6695
vn 0.9767 0.1519 -0.1516
vn 0.6889 0.5129 -0.5122
vn 1.0000 0.0001 0.0001
vn 0.9767 -0.1518 0.1517
vn 0.9767 -0.0819 -0.1982
vn 0.9776 -0.2065 0.0416
vn 0.9667 0.2559 0.0002
vn 0.9767 0.1984 -0.0819
vn 0.6888 0.6699 -0.2769
vn 0.7509 -0.1182 -0.6498
vn -0.6457 0.7504 0.1412
vn -0.6782 0.7349 0.0017
vn 0.6697 0.4563 -0.5859
vn 0.6988 -0.7152 0.0071
vn 0.7032 -0.0797 0.7065
vn 0.7087 -0.0353 0.7046
vn 0.6345 -0.3655 0.6810
vn -0.4668 -0.8286 -0.3091
vn -0.6117 -0.4166 0.6725
vn 1.0000 -0.0038 0.0012
vn -0.0003 -0.9618 0.2736
vn -0.0002 -0.7976 0.6032
vn 0.0002 0.2369 0.9715
vn 0.0002 -0.4864 0.8737
vn -0.0000 0.2369 0.9715
vn 0.4926 0.3331 0.8040
vn 0.4927 -0.6153 0.6154
vn -0.0000 -0.9238 -0.3828
vn -0.0000 -0.7072 -0.7070
vn -0.0000 -0.9239 -0.3826
vn -0.0000 -0.9239 0.3826
vn -0.0000 -0.3828 0.9238
vn -0.0000 -1.0000 -0.0001
vn -0.9996 0.0258 -0.0107
vn 0.0001 -0.3826 -0.9239
vn 0.0001 0.9241 -0.3822
vn -0.0001 -1.0000 -0.0007
vn -0.0001 -1.0000 -0.0005
vn 0.0002 0.3820 0.9242
vn 0.7028 0.0004 -0.7114
vn -0.2646 0.0006 -0.9643
vn -0.9644 -0.0001 0.2645
vn 0.9675 -0.0002 0.2530
vn -0.5095 -0.6892 0.5151
vn -0.9880 0.0275 0.1521
vn -0.0004 -0.1786 -0.9839
vn -0.0002 -0.1789 -0.9839
vn -0.0007 -0.1782 -0.9840
vn -0.0000 -0.9972 0.0741
vn -0.0000 -0.0715 -0.9974
vn -0.0014 0.9160 -0.4011
vn 0.0001 0.1786 0.9839
vn -0.0003 -0.9994 -0.0335
vn 1.0000 0.0002 0.0015
vn -0.0031 -0.1781 -0.9840
vn -0.0001 0.1785 0.9839
vn -0.0004 0.1782 0.9840
vn 1.0000 0.0009 0.0047
vn -0.0003 -0.9994 -0.0337
vn -0.1938 -0.0007 0.9810
vn -0.3890 0.9213 0.0006
vn 0.3890 -0.9213 -0.0006
vn 0.0603 0.9662 0.2506
vn -0.7134 0.6992 0.0478
vn 0.9377 -0.2271 -0.2630
vn 0.6733 0.7369 -0.0606
vn 0.0044 -0.0022 1.0000
vn -0.0044 -0.0027 1.0000
vn -0.6396 0.4036 0.6543
vn -0.6514 0.4132 -0.6364
vn 0.0001 0.8331 0.5531
vn -0.0107 0.5260 -0.8504
vn 0.7186 0.6883 0.0991
vn -0.7509 0.0007 -0.6605
vn -0.7069 0.7073 0.0005
vn -0.7087 0.1600 0.6872
vn 0.7481 -0.1110 -0.6542
vn -0.0000 -0.1579 0.9875
vn -0.0000 -0.3111 0.9504
vn -0.0161 0.5737 -0.8189
vn -0.6840 0.4137 -0.6009
vn -0.0233 -0.8967 -0.4421
vn 0.4469 -0.8114 -0.3766
vn -0.1937 -0.3759 0.9062
vn -0.1937 -0.3761 0.9061
vn -0.1938 -0.6942 0.6932
vn -0.1938 -0.9066 0.3750
vn -0.0000 -0.9241 0.3822
vn -0.1939 -0.9066 0.3748
vn -0.1939 -0.9810 -0.0003
vn -0.1940 -0.9810 -0.0010
vn -0.1939 -0.6933 -0.6941
vn -0.1939 0.0005 -0.9810
vn -0.1937 0.9811 0.0016
vn -0.1936 0.9062 0.3760
vn -0.6888 0.6695 0.2779
vn -0.9767 0.1984 0.0824
vn -0.6888 0.2770 0.6699
vn -0.6888 0.5123 0.5129
vn -0.9767 0.1518 0.1520
vn -0.1938 -0.0005 0.9810
vn -0.1938 0.3748 0.9066
vn -0.6888 0.2770 0.6700
vn -0.6888 -0.0004 0.7249
vn -0.9767 0.0821 0.1985
vn -0.6888 -0.0005 0.7250
vn -0.6889 -0.2778 0.6696
vn -0.9767 -0.0001 0.2148
vn -0.9767 -0.0822 0.1984
vn -0.6888 -0.5129 0.5123
vn -0.9767 -0.1519 0.1518
vn -0.6889 -0.6699 0.2770
vn -0.6889 -0.7248 0.0006
vn -0.6889 -0.7249 -0.0004
vn -0.1940 -0.3749 -0.9065
vn -0.6889 -0.5122 -0.5129
vn -0.6889 -0.2769 -0.6699
vn -0.6889 0.0005 -0.7249
vn -0.1939 0.6941 -0.6933
vn -0.1939 0.9066 -0.3749
vn -0.1939 0.6942 -0.6932
vn -0.6888 0.5130 -0.5122
vn -0.6888 0.7249 -0.0005
vn -0.6889 0.6699 -0.2769
vn -0.9767 0.1985 -0.0819
vn -0.0001 -0.9237 -0.3832
vn -0.0001 -1.0000 0.0003
vn -0.0000 -0.9242 0.3820
vn -0.1938 -0.9066 0.3748
vn 0.0001 -0.7075 0.7067
vn -0.6888 -0.6699 0.2771
vn -0.1939 -0.9065 0.3749
vn -0.6888 -0.2778 0.6697
vn -0.6888 -0.0004 0.7250
vn -0.6889 -0.2777 0.6696
vn -0.6888 -0.0003 0.7249
vn -0.6888 0.5123 0.5130
vn -0.6888 0.2771 0.6700
vn -0.6888 0.2771 0.6699
vt 0.049571 0.827589
vt 0.004019 0.743079
vt 0.049571 0.743079
vt 0.643975 0.350356
vt 0.653606 0.441353
vt 0.643975 0.441353
vt 0.004019 0.827589
vt 0.049571 0.838207
vt 0.004019 0.838207
vt 0.762043 0.612402
vt 0.807595 0.527891
vt 0.807595 0.612402
vt 0.958679 0.701410
vt 0.953550 0.691852
vt 0.970855 0.691855
vt 0.762043 0.527891
vt 0.807595 0.517272
vt 0.719182 0.034340
vt 0.721650 0.028128
vt 0.725168 0.033105
vt 0.582511 0.441353
vt 0.588283 0.350356
vt 0.588283 0.441353
vt 0.659378 0.441353
vt 0.653606 0.350356
vt 0.659378 0.350356
vt 0.740015 0.121850
vt 0.718157 0.049029
vt 0.723932 0.046989
vt 0.518174 0.116064
vt 0.542386 0.136529
vt 0.539637 0.142238
vt 0.653606 0.335454
vt 0.582511 0.350356
vt 0.588283 0.335454
vt 0.525391 0.900894
vt 0.490750 0.894816
vt 0.525391 0.894816
vt 0.582511 0.451606
vt 0.588283 0.451606
vt 0.958679 0.729366
vt 0.958679 0.719811
vt 0.970855 0.738921
vt 0.617608 0.276208
vt 0.570543 0.200411
vt 0.617615 0.200407
vt 0.617607 0.331465
vt 0.570542 0.297616
vt 0.617607 0.297616
vt 0.966123 0.182988
vt 0.966123 0.192542
vt 0.957533 0.173433
vt 0.957533 0.220498
vt 0.639504 0.441353
vt 0.639504 0.350356
vt 0.616487 0.441353
vt 0.625402 0.350356
vt 0.625402 0.441353
vt 0.570542 0.276207
vt 0.617607 0.290932
vt 0.570542 0.290932
vt 0.953550 0.738925
vt 0.966123 0.201388
vt 0.966123 0.210943
vt 0.597914 0.350356
vt 0.597914 0.441353
vt 0.958679 0.710965
vt 0.953543 0.729370
vt 0.953543 0.710965
vt 0.953543 0.719811
vt 0.953543 0.701407
vt 0.972525 0.173384
vt 0.972556 0.192542
vt 0.570605 0.189406
vt 0.617605 0.189403
vt 0.659378 0.451606
vt 0.739997 0.132389
vt 0.734027 0.123145
vt 0.762043 0.618749
vt 0.004019 0.736731
vt 0.049571 0.736731
vt 0.972525 0.220519
vt 0.972556 0.210964
vt 0.602385 0.441353
vt 0.612015 0.350356
vt 0.612015 0.441353
vt 0.629874 0.441353
vt 0.616487 0.350356
vt 0.620752 0.882569
vt 0.627785 0.879653
vt 0.629979 0.880757
vt 0.636145 0.942606
vt 0.606908 0.932098
vt 0.638212 0.912166
vt 0.131686 0.913114
vt 0.152582 0.909931
vt 0.162990 0.933046
vt 0.715413 0.897397
vt 0.739437 0.837439
vt 0.739437 0.892677
vt 0.150990 0.886110
vt 0.139919 0.881705
vt 0.149146 0.883517
vt 0.789970 0.825510
vt 0.842018 0.833239
vt 0.789970 0.833239
vt 0.842018 0.790568
vt 0.789970 0.823019
vt 0.789970 0.790568
vt 0.789970 0.836414
vt 0.842018 0.836414
vt 0.842018 0.823019
vt 0.762850 0.888002
vt 0.789970 0.761736
vt 0.842018 0.759175
vt 0.842018 0.761736
vt 0.714167 0.832513
vt 0.715413 0.832720
vt 0.398615 0.474592
vt 0.397414 0.454646
vt 0.425963 0.458277
vt 0.397304 0.492854
vt 0.395000 0.490577
vt 0.642355 0.685937
vt 0.671628 0.702325
vt 0.642355 0.702325
vt 0.440185 0.626734
vt 0.444290 0.630297
vt 0.422552 0.640469
vt 0.671628 0.685937
vt 0.642355 0.668231
vt 0.671628 0.668231
vt 0.421352 0.660415
vt 0.449900 0.656784
vt 0.921626 0.461701
vt 0.950899 0.475775
vt 0.921626 0.475775
vt 0.950899 0.448338
vt 0.921626 0.442902
vt 0.950899 0.442902
vt 0.950899 0.420186
vt 0.921626 0.423426
vt 0.921626 0.420186
vt 0.147645 0.976305
vt 0.176917 0.972747
vt 0.176917 0.976305
vt 0.921626 0.448338
vt 0.950899 0.461701
vt 0.395000 0.457259
vt 0.416247 0.488327
vt 0.421242 0.622207
vt 0.418937 0.624484
vt 0.147645 0.972747
vt 0.706188 0.905461
vt 0.708630 0.903970
vt 0.725982 0.914302
vt 0.706188 0.947761
vt 0.707514 0.926625
vt 0.715615 0.946638
vt 0.075832 0.786744
vt 0.105105 0.807921
vt 0.075832 0.807921
vt 0.075832 0.814156
vt 0.105105 0.811748
vt 0.105105 0.814156
vt 0.117175 0.927639
vt 0.107749 0.926515
vt 0.112960 0.924327
vt 0.105105 0.786744
vt 0.075832 0.765538
vt 0.105105 0.765538
vt 0.127542 0.959974
vt 0.110190 0.970306
vt 0.107749 0.968815
vt 0.075832 0.836064
vt 0.105105 0.853599
vt 0.075832 0.853599
vt 0.075832 0.819517
vt 0.105105 0.819517
vt 0.075832 0.811748
vt 0.075832 0.762678
vt 0.105105 0.762678
vt 0.105105 0.836064
vt 0.709022 0.950332
vt 0.711399 0.949950
vt 0.109074 0.947651
vt 0.515874 0.340952
vt 0.566465 0.336215
vt 0.566465 0.340952
vt 0.566465 0.326741
vt 0.515874 0.322005
vt 0.566465 0.322005
vt 0.566465 0.317268
vt 0.515874 0.312531
vt 0.566465 0.312531
vt 0.566465 0.307794
vt 0.515874 0.421477
vt 0.566465 0.416740
vt 0.566465 0.421477
vt 0.515874 0.416740
vt 0.566465 0.412003
vt 0.515874 0.412003
vt 0.566465 0.407267
vt 0.515874 0.407267
vt 0.566465 0.402530
vt 0.515874 0.397793
vt 0.566465 0.397793
vt 0.566465 0.393056
vt 0.515874 0.388319
vt 0.566465 0.388319
vt 0.566465 0.383583
vt 0.515874 0.383583
vt 0.566465 0.378846
vt 0.515874 0.374109
vt 0.566465 0.374109
vt 0.566465 0.369372
vt 0.515874 0.369372
vt 0.566465 0.364636
vt 0.515874 0.359899
vt 0.566465 0.359899
vt 0.566465 0.355162
vt 0.515874 0.355162
vt 0.566465 0.350425
vt 0.515874 0.345689
vt 0.566465 0.345689
vt 0.486608 0.340952
vt 0.489160 0.336215
vt 0.489160 0.340952
vt 0.515874 0.331478
vt 0.566465 0.331478
vt 0.472515 0.345689
vt 0.486608 0.345689
vt 0.472515 0.350425
vt 0.486608 0.350425
vt 0.472515 0.355162
vt 0.486608 0.355162
vt 0.486608 0.359899
vt 0.472515 0.364636
vt 0.486608 0.364636
vt 0.472515 0.369372
vt 0.486608 0.369372
vt 0.486608 0.374109
vt 0.486608 0.378846
vt 0.472515 0.374109
vt 0.472515 0.383583
vt 0.486608 0.383583
vt 0.472515 0.388319
vt 0.486608 0.388319
vt 0.472515 0.393056
vt 0.486608 0.393056
vt 0.486608 0.397793
vt 0.486608 0.402530
vt 0.472515 0.397793
vt 0.472515 0.407267
vt 0.486608 0.407267
vt 0.472515 0.412003
vt 0.486608 0.412003
vt 0.486608 0.416740
vt 0.472515 0.421477
vt 0.486608 0.421477
vt 0.472515 0.312531
vt 0.486608 0.307794
vt 0.486608 0.312531
vt 0.472515 0.317268
vt 0.486608 0.317268
vt 0.486608 0.322005
vt 0.472515 0.326741
vt 0.486608 0.326741
vt 0.472515 0.331478
vt 0.486608 0.331478
vt 0.486608 0.336215
vt 0.513321 0.350425
vt 0.515874 0.350425
vt 0.489160 0.412003
vt 0.489160 0.416740
vt 0.490941 0.364636
vt 0.511541 0.369372
vt 0.490941 0.369372
vt 0.490941 0.421477
vt 0.511541 0.416740
vt 0.511541 0.421477
vt 0.513321 0.369372
vt 0.489160 0.322005
vt 0.513321 0.388319
vt 0.513321 0.383583
vt 0.490941 0.340952
vt 0.511541 0.345689
vt 0.490941 0.345689
vt 0.490941 0.322005
vt 0.511541 0.326741
vt 0.490941 0.326741
vt 0.489160 0.388319
vt 0.513321 0.345689
vt 0.489160 0.407267
vt 0.490941 0.359899
vt 0.511541 0.364636
vt 0.490941 0.412003
vt 0.490941 0.416740
vt 0.515874 0.364636
vt 0.513321 0.364636
vt 0.489160 0.312531
vt 0.489160 0.317268
vt 0.490941 0.383583
vt 0.511541 0.378846
vt 0.511541 0.383583
vt 0.490941 0.336215
vt 0.511541 0.331478
vt 0.511541 0.336215
vt 0.490941 0.317268
vt 0.511541 0.322005
vt 0.513321 0.393056
vt 0.513321 0.340952
vt 0.489160 0.402530
vt 0.511541 0.355162
vt 0.511541 0.359899
vt 0.511541 0.340952
vt 0.472515 0.340952
vt 0.489160 0.345689
vt 0.489160 0.350425
vt 0.489160 0.355162
vt 0.489160 0.359899
vt 0.489160 0.364636
vt 0.489160 0.369372
vt 0.489160 0.374109
vt 0.489160 0.378846
vt 0.489160 0.383583
vt 0.511541 0.388319
vt 0.490941 0.388319
vt 0.515874 0.393056
vt 0.515874 0.402530
vt 0.513321 0.397793
vt 0.513321 0.402530
vt 0.513321 0.407267
vt 0.513321 0.412003
vt 0.513321 0.421477
vt 0.513321 0.416740
vt 0.513321 0.307794
vt 0.515874 0.307794
vt 0.513321 0.317268
vt 0.513321 0.312531
vt 0.515874 0.317268
vt 0.513321 0.322005
vt 0.513321 0.326741
vt 0.515874 0.326741
vt 0.513321 0.331478
vt 0.513321 0.336215
vt 0.515874 0.336215
vt 0.490941 0.397793
vt 0.511541 0.402530
vt 0.490941 0.402530
vt 0.490941 0.331478
vt 0.511541 0.350425
vt 0.490941 0.350425
vt 0.489160 0.393056
vt 0.489160 0.397793
vt 0.489160 0.326741
vt 0.515874 0.378846
vt 0.513321 0.374109
vt 0.490941 0.307794
vt 0.511541 0.312531
vt 0.490941 0.312531
vt 0.490941 0.374109
vt 0.511541 0.374109
vt 0.489160 0.421477
vt 0.513321 0.359899
vt 0.513321 0.355162
vt 0.511541 0.407267
vt 0.490941 0.407267
vt 0.490941 0.355162
vt 0.489160 0.331478
vt 0.513321 0.378846
vt 0.511541 0.317268
vt 0.490941 0.393056
vt 0.511541 0.397793
vt 0.490941 0.378846
vt 0.511541 0.412003
vt 0.511541 0.307794
vt 0.511541 0.393056
vt 0.489160 0.307794
vt 0.471206 0.383583
vt 0.471206 0.322005
vt 0.472515 0.322005
vt 0.471206 0.369372
vt 0.471206 0.364636
vt 0.471206 0.416740
vt 0.472515 0.416740
vt 0.471206 0.345689
vt 0.472515 0.402530
vt 0.471206 0.397793
vt 0.471206 0.378846
vt 0.472515 0.378846
vt 0.471206 0.317268
vt 0.472515 0.359899
vt 0.471206 0.359899
vt 0.471206 0.412003
vt 0.471206 0.340952
vt 0.471206 0.393056
vt 0.472515 0.336215
vt 0.471206 0.331478
vt 0.471206 0.374109
vt 0.471206 0.312531
vt 0.471206 0.355162
vt 0.471206 0.407267
vt 0.471206 0.336215
vt 0.471206 0.388319
vt 0.471206 0.326741
vt 0.471206 0.307794
vt 0.472515 0.307794
vt 0.471206 0.350425
vt 0.471206 0.402530
vt 0.466812 0.340952
vt 0.466812 0.336215
vt 0.466812 0.331478
vt 0.466812 0.374109
vt 0.466812 0.412003
vt 0.466812 0.407267
vt 0.466812 0.326741
vt 0.466812 0.369372
vt 0.466812 0.402530
vt 0.466812 0.322005
vt 0.466812 0.364636
vt 0.466812 0.397793
vt 0.466812 0.317268
vt 0.466812 0.359899
vt 0.466812 0.393056
vt 0.466812 0.312531
vt 0.466812 0.355162
vt 0.466812 0.388319
vt 0.466812 0.307794
vt 0.466812 0.350425
vt 0.466812 0.383583
vt 0.466812 0.421477
vt 0.466812 0.416740
vt 0.466812 0.345689
vt 0.466812 0.378846
vt 0.698809 0.832531
vt 0.696677 0.900025
vt 0.696677 0.832531
vt 0.692414 0.900025
vt 0.690282 0.832531
vt 0.692414 0.832531
vt 0.688151 0.900025
vt 0.688151 0.832531
vt 0.686020 0.900025
vt 0.686020 0.832531
vt 0.683889 0.832531
vt 0.681758 0.900025
vt 0.681758 0.832531
vt 0.679627 0.832531
vt 0.677496 0.900025
vt 0.677496 0.832531
vt 0.675364 0.900025
vt 0.675364 0.832531
vt 0.673233 0.832531
vt 0.673233 0.900025
vt 0.671101 0.832531
vt 0.671101 0.900025
vt 0.668969 0.832531
vt 0.666838 0.900025
vt 0.666838 0.832531
vt 0.664706 0.900025
vt 0.664706 0.832531
vt 0.662575 0.832531
vt 0.662575 0.900025
vt 0.660444 0.832531
vt 0.658313 0.900025
vt 0.658313 0.832531
vt 0.709465 0.900025
vt 0.707334 0.832531
vt 0.709465 0.832531
vt 0.707334 0.900025
vt 0.705203 0.832531
vt 0.705203 0.900025
vt 0.703072 0.832531
vt 0.703072 0.900025
vt 0.700940 0.832531
vt 0.698809 0.900025
vt 0.934823 0.739664
vt 0.946483 0.737007
vt 0.946483 0.739664
vt 0.694545 0.832531
vt 0.982626 0.099335
vt 0.977481 0.097203
vt 0.982626 0.097203
vt 0.977481 0.101466
vt 0.982626 0.101466
vt 0.982626 0.103597
vt 0.977481 0.105728
vt 0.982626 0.105728
vt 0.982626 0.107859
vt 0.977481 0.058838
vt 0.982626 0.056707
vt 0.982626 0.058838
vt 0.982626 0.060969
vt 0.977481 0.063101
vt 0.982626 0.063101
vt 0.982626 0.065232
vt 0.977481 0.067364
vt 0.982626 0.067364
vt 0.977481 0.069495
vt 0.982626 0.069495
vt 0.982626 0.071627
vt 0.977481 0.073759
vt 0.982626 0.073759
vt 0.982626 0.075890
vt 0.982626 0.078021
vt 0.977481 0.075890
vt 0.982626 0.080152
vt 0.977481 0.078021
vt 0.982626 0.082283
vt 0.977481 0.080152
vt 0.977481 0.084414
vt 0.982626 0.084414
vt 0.977481 0.086545
vt 0.982626 0.086545
vt 0.977481 0.088676
vt 0.982626 0.088676
vt 0.977481 0.090808
vt 0.982626 0.090808
vt 0.977481 0.092939
vt 0.982626 0.092939
vt 0.982626 0.095071
vt 0.436335 0.227828
vt 0.434896 0.225508
vt 0.436335 0.225508
vt 0.934823 0.697163
vt 0.946483 0.699820
vt 0.934823 0.699820
vt 0.450854 0.221006
vt 0.452294 0.218685
vt 0.452294 0.221006
vt 0.934823 0.707789
vt 0.946483 0.710446
vt 0.934823 0.710446
vt 0.934823 0.726382
vt 0.946483 0.729038
vt 0.934823 0.729038
vt 0.436335 0.179099
vt 0.434896 0.181419
vt 0.434896 0.179099
vt 0.450854 0.214043
vt 0.452294 0.216364
vt 0.450854 0.216364
vt 0.934823 0.750290
vt 0.946483 0.747634
vt 0.946483 0.750290
vt 0.450854 0.218685
vt 0.934823 0.713103
vt 0.946483 0.715759
vt 0.934823 0.715759
vt 0.434896 0.223188
vt 0.436335 0.223188
vt 0.946483 0.694508
vt 0.946483 0.697163
vt 0.946483 0.723727
vt 0.946483 0.726382
vt 0.436335 0.176778
vt 0.434896 0.176778
vt 0.450854 0.211723
vt 0.452294 0.214043
vt 0.450854 0.193161
vt 0.452294 0.190840
vt 0.452294 0.193161
vt 0.934823 0.747634
vt 0.946483 0.744977
vt 0.934823 0.734351
vt 0.934823 0.737007
vt 0.946483 0.713103
vt 0.434896 0.220868
vt 0.436335 0.220868
vt 0.450854 0.223326
vt 0.452294 0.223326
vt 0.450854 0.225647
vt 0.452294 0.225647
vt 0.450854 0.188519
vt 0.450854 0.190840
vt 0.934823 0.702476
vt 0.946483 0.705132
vt 0.934823 0.705132
vt 0.436335 0.188382
vt 0.434896 0.186061
vt 0.436335 0.186061
vt 0.436335 0.190702
vt 0.434896 0.188382
vt 0.436335 0.193023
vt 0.434896 0.190702
vt 0.436335 0.195343
vt 0.434896 0.193023
vt 0.436335 0.197663
vt 0.434896 0.195343
vt 0.436335 0.199983
vt 0.434896 0.197663
vt 0.434896 0.202303
vt 0.434896 0.199983
vt 0.436335 0.202303
vt 0.434896 0.204623
vt 0.436335 0.204623
vt 0.434896 0.206943
vt 0.436335 0.206943
vt 0.434896 0.209264
vt 0.436335 0.209264
vt 0.434896 0.211585
vt 0.436335 0.216226
vt 0.434896 0.213905
vt 0.436335 0.213905
vt 0.946483 0.718415
vt 0.934823 0.718415
vt 0.946483 0.742321
vt 0.934823 0.742321
vt 0.934823 0.752946
vt 0.946483 0.752946
vt 0.436335 0.218547
vt 0.434896 0.216226
vt 0.436335 0.183740
vt 0.434896 0.183740
vt 0.934823 0.731694
vt 0.946483 0.731694
vt 0.436335 0.211585
vt 0.946483 0.702476
vt 0.436335 0.172138
vt 0.434896 0.174458
vt 0.434896 0.172138
vt 0.934823 0.721071
vt 0.946483 0.721071
vt 0.934823 0.755601
vt 0.946483 0.755601
vt 0.434896 0.218547
vt 0.450854 0.186199
vt 0.452294 0.188519
vt 0.946483 0.734351
vt 0.934823 0.744977
vt 0.436335 0.181419
vt 0.450854 0.209402
vt 0.452294 0.211723
vt 0.436335 0.174458
vt 0.934823 0.723727
vt 0.934823 0.691852
vt 0.934823 0.694508
vt 0.947710 0.737007
vt 0.933595 0.742321
vt 0.933595 0.737007
vt 0.933595 0.739664
vt 0.947710 0.731694
vt 0.947710 0.729038
vt 0.947710 0.726382
vt 0.947710 0.723727
vt 0.947710 0.721071
vt 0.947710 0.718415
vt 0.947710 0.715759
vt 0.947710 0.713103
vt 0.947710 0.710446
vt 0.946483 0.707789
vt 0.947710 0.707789
vt 0.947710 0.705132
vt 0.947710 0.702476
vt 0.947710 0.699820
vt 0.947710 0.697163
vt 0.947710 0.694508
vt 0.947710 0.691852
vt 0.946483 0.691852
vt 0.947710 0.755601
vt 0.947710 0.752946
vt 0.947710 0.750290
vt 0.947710 0.747634
vt 0.947710 0.744977
vt 0.947710 0.742321
vt 0.947710 0.739664
vt 0.947710 0.734351
vt 0.933595 0.744977
vt 0.933595 0.747634
vt 0.933595 0.750290
vt 0.933595 0.752946
vt 0.933595 0.755601
vt 0.933595 0.691852
vt 0.933595 0.694508
vt 0.933595 0.697163
vt 0.933595 0.699820
vt 0.933595 0.702476
vt 0.933595 0.705132
vt 0.933595 0.707789
vt 0.933595 0.710446
vt 0.933595 0.713103
vt 0.933595 0.715759
vt 0.933595 0.718415
vt 0.933595 0.721071
vt 0.933595 0.723727
vt 0.933595 0.726382
vt 0.933595 0.729038
vt 0.933595 0.731694
vt 0.933595 0.734351
vt 0.091790 0.689168
vt 0.092701 0.691419
vt 0.091790 0.691419
vt 0.091790 0.718428
vt 0.092701 0.720679
vt 0.091790 0.720679
vt 0.091790 0.729683
vt 0.092701 0.727432
vt 0.092701 0.729683
vt 0.091790 0.704925
vt 0.092701 0.702674
vt 0.092701 0.704925
vt 0.091790 0.738686
vt 0.092701 0.736435
vt 0.092701 0.738686
vt 0.091790 0.711676
vt 0.092701 0.713927
vt 0.091790 0.713927
vt 0.092701 0.693669
vt 0.091790 0.693669
vt 0.092701 0.722930
vt 0.091790 0.722930
vt 0.091790 0.731934
vt 0.092701 0.731934
vt 0.091790 0.707175
vt 0.092701 0.707175
vt 0.091790 0.684667
vt 0.092701 0.686917
vt 0.091790 0.686917
vt 0.092701 0.716177
vt 0.091790 0.716177
vt 0.092701 0.695920
vt 0.091790 0.695920
vt 0.092701 0.725181
vt 0.091790 0.725181
vt 0.091790 0.700423
vt 0.092701 0.698172
vt 0.092701 0.700423
vt 0.091790 0.734185
vt 0.092701 0.734185
vt 0.091790 0.709426
vt 0.092701 0.709426
vt 0.092701 0.689168
vt 0.092701 0.718428
vt 0.091790 0.698172
vt 0.091790 0.727432
vt 0.091790 0.702674
vt 0.091790 0.736435
vt 0.092701 0.711676
vt 0.434896 0.161037
vt 0.436862 0.158665
vt 0.436862 0.161037
vt 0.434896 0.144438
vt 0.436862 0.142067
vt 0.436862 0.144438
vt 0.434896 0.123099
vt 0.436862 0.120727
vt 0.436862 0.123099
vt 0.434896 0.127842
vt 0.436862 0.125470
vt 0.436862 0.127842
vt 0.436862 0.163408
vt 0.434896 0.163408
vt 0.434896 0.146809
vt 0.436862 0.146809
vt 0.434896 0.125470
vt 0.436862 0.130213
vt 0.434896 0.130213
vt 0.434896 0.165778
vt 0.436862 0.165778
vt 0.436862 0.149180
vt 0.434896 0.149180
vt 0.434896 0.132584
vt 0.436862 0.132584
vt 0.436862 0.168149
vt 0.434896 0.168149
vt 0.434896 0.151551
vt 0.436862 0.151551
vt 0.436862 0.134955
vt 0.434896 0.134955
vt 0.434896 0.111244
vt 0.436862 0.113615
vt 0.434896 0.113615
vt 0.434896 0.153923
vt 0.436862 0.153923
vt 0.434896 0.137326
vt 0.436862 0.137326
vt 0.436862 0.115985
vt 0.434896 0.115985
vt 0.434896 0.156294
vt 0.436862 0.156294
vt 0.434896 0.139696
vt 0.436862 0.139696
vt 0.434896 0.118356
vt 0.436862 0.118356
vt 0.434896 0.158665
vt 0.434896 0.142067
vt 0.434896 0.120727
vt 0.885720 0.474699
vt 0.886810 0.481531
vt 0.885720 0.481531
vt 0.885720 0.502025
vt 0.886810 0.508857
vt 0.885720 0.508857
vt 0.886810 0.515689
vt 0.885720 0.515689
vt 0.886810 0.522520
vt 0.885720 0.522520
vt 0.893699 0.505353
vt 0.894789 0.498522
vt 0.894789 0.505353
vt 0.893699 0.519016
vt 0.894789 0.525848
vt 0.893699 0.525848
vt 0.961522 0.120325
vt 0.966563 0.116230
vt 0.966563 0.120325
vt 0.893699 0.532680
vt 0.894789 0.532680
vt 0.893699 0.539511
vt 0.894789 0.539511
vt 0.894789 0.546343
vt 0.893699 0.546343
vt 0.894789 0.553174
vt 0.893699 0.553174
vt 0.893699 0.450700
vt 0.894789 0.443869
vt 0.894789 0.450700
vt 0.901679 0.505353
vt 0.902768 0.498522
vt 0.902768 0.505353
vt 0.893699 0.457532
vt 0.894789 0.457532
vt 0.901679 0.484858
vt 0.902768 0.491690
vt 0.901679 0.491690
vt 0.893699 0.464364
vt 0.894789 0.464364
vt 0.885720 0.467867
vt 0.886810 0.474699
vt 0.901679 0.478027
vt 0.902768 0.484858
vt 0.894789 0.471195
vt 0.893699 0.471195
vt 0.885720 0.488362
vt 0.886810 0.495194
vt 0.885720 0.495194
vt 0.901679 0.512185
vt 0.902768 0.512185
vt 0.894789 0.478027
vt 0.893699 0.478027
vt 0.901679 0.519016
vt 0.902768 0.519016
vt 0.894789 0.484858
vt 0.893699 0.484858
vt 0.901679 0.525848
vt 0.902768 0.525848
vt 0.893699 0.491690
vt 0.894789 0.491690
vt 0.966563 0.103947
vt 0.961522 0.108041
vt 0.961522 0.103947
vt 0.894789 0.512185
vt 0.894789 0.519016
vt 0.966563 0.099853
vt 0.961522 0.099853
vt 0.893699 0.512185
vt 0.961522 0.095758
vt 0.966563 0.095758
vt 0.893699 0.498522
vt 0.961522 0.091664
vt 0.966563 0.091664
vt 0.966563 0.087570
vt 0.961522 0.087570
vt 0.966563 0.083475
vt 0.961522 0.083475
vt 0.966563 0.079381
vt 0.961522 0.079381
vt 0.434896 0.100247
vt 0.438729 0.103751
vt 0.434896 0.103751
vt 0.961522 0.124419
vt 0.966563 0.124419
vt 0.961522 0.128513
vt 0.966563 0.128513
vt 0.966563 0.132608
vt 0.961522 0.136702
vt 0.966563 0.136702
vt 0.961522 0.140796
vt 0.966563 0.140796
vt 0.961522 0.075286
vt 0.966563 0.075286
vt 0.961522 0.116230
vt 0.966563 0.112136
vt 0.517865 0.151791
vt 0.515803 0.149729
vt 0.522017 0.145577
vt 0.434896 0.072216
vt 0.438729 0.075720
vt 0.434896 0.075720
vt 0.438729 0.107255
vt 0.434896 0.107255
vt 0.434896 0.082728
vt 0.438729 0.079224
vt 0.438729 0.082728
vt 0.434896 0.079224
vt 0.434896 0.051193
vt 0.438729 0.054697
vt 0.434896 0.054697
vt 0.434896 0.086232
vt 0.438729 0.086232
vt 0.434896 0.058201
vt 0.438729 0.058201
vt 0.434896 0.089735
vt 0.438729 0.089735
vt 0.434896 0.061705
vt 0.438729 0.061705
vt 0.438729 0.093239
vt 0.434896 0.093239
vt 0.434896 0.065209
vt 0.438729 0.065209
vt 0.434896 0.096743
vt 0.438729 0.096743
vt 0.438729 0.068712
vt 0.434896 0.068712
vt 0.438729 0.100247
vt 0.438729 0.072216
vt 0.866862 0.598413
vt 0.865772 0.591582
vt 0.866862 0.591582
vt 0.866862 0.605245
vt 0.865772 0.612076
vt 0.865772 0.605245
vt 0.901679 0.471195
vt 0.902768 0.478027
vt 0.866862 0.618908
vt 0.866862 0.612076
vt 0.901679 0.498522
vt 0.865772 0.584750
vt 0.866862 0.584750
vt 0.853800 0.181406
vt 0.851807 0.188303
vt 0.851807 0.181406
vt 0.849814 0.181406
vt 0.853800 0.195200
vt 0.853800 0.188303
vt 0.849814 0.195200
vt 0.849814 0.188303
vt 0.853800 0.202097
vt 0.851807 0.195200
vt 0.849814 0.202097
vt 0.853800 0.133127
vt 0.851807 0.126230
vt 0.853800 0.126230
vt 0.851807 0.133127
vt 0.849814 0.126230
vt 0.851807 0.140024
vt 0.849814 0.133127
vt 0.853800 0.140024
vt 0.851807 0.146921
vt 0.849814 0.146921
vt 0.849814 0.140024
vt 0.853800 0.153818
vt 0.853800 0.146921
vt 0.851807 0.153818
vt 0.851807 0.160715
vt 0.849814 0.153818
vt 0.853800 0.160715
vt 0.851807 0.167612
vt 0.849814 0.160715
vt 0.853800 0.167612
vt 0.851807 0.174509
vt 0.849814 0.167612
vt 0.853800 0.174509
vt 0.849814 0.174509
vt 0.259100 0.456803
vt 0.256689 0.462622
vt 0.243268 0.453654
vt 0.841835 0.429317
vt 0.850522 0.436369
vt 0.841835 0.436369
vt 0.850522 0.443421
vt 0.841835 0.450474
vt 0.841835 0.443421
vt 0.850522 0.450474
vt 0.841835 0.457526
vt 0.850522 0.422264
vt 0.841835 0.422264
vt 0.850522 0.415212
vt 0.841835 0.415212
vt 0.841835 0.408160
vt 0.850522 0.401107
vt 0.841835 0.401107
vt 0.850522 0.394055
vt 0.841835 0.394055
vt 0.841835 0.464579
vt 0.850522 0.471631
vt 0.841835 0.471631
vt 0.850522 0.457526
vt 0.866862 0.577918
vt 0.865772 0.577918
vt 0.866862 0.571087
vt 0.865772 0.571087
vt 0.878830 0.457792
vt 0.877741 0.464623
vt 0.877741 0.457792
vt 0.841835 0.312489
vt 0.850779 0.319542
vt 0.841835 0.319542
vt 0.841835 0.326594
vt 0.850779 0.333646
vt 0.841835 0.333646
vt 0.841835 0.340699
vt 0.850779 0.305437
vt 0.841835 0.305437
vt 0.850779 0.298384
vt 0.841835 0.298384
vt 0.841835 0.291332
vt 0.850779 0.284280
vt 0.841835 0.284280
vt 0.841835 0.361856
vt 0.850779 0.368908
vt 0.841835 0.368908
vt 0.841835 0.347751
vt 0.850779 0.354803
vt 0.841835 0.354803
vt 0.850779 0.340699
vt 0.878830 0.444129
vt 0.877741 0.437297
vt 0.878830 0.437297
vt 0.866862 0.625740
vt 0.865772 0.618908
vt 0.865772 0.598413
vt 0.850435 0.670695
vt 0.841835 0.663643
vt 0.850435 0.663643
vt 0.841835 0.656591
vt 0.850435 0.649538
vt 0.850435 0.656591
vt 0.841835 0.642486
vt 0.850435 0.642486
vt 0.841835 0.677748
vt 0.850435 0.677748
vt 0.841835 0.684800
vt 0.850435 0.684800
vt 0.850435 0.691853
vt 0.858882 0.568210
vt 0.857793 0.575042
vt 0.857793 0.568210
vt 0.858882 0.561379
vt 0.857793 0.561379
vt 0.886810 0.502025
vt 0.886810 0.488362
vt 0.859901 0.181406
vt 0.859901 0.188303
vt 0.859901 0.195200
vt 0.859901 0.174509
vt 0.859901 0.167612
vt 0.859901 0.153818
vt 0.859901 0.146921
vt 0.859901 0.140024
vt 0.859901 0.133127
vt 0.893445 0.699759
vt 0.889710 0.706393
vt 0.889710 0.699759
vt 0.889710 0.719663
vt 0.893445 0.726297
vt 0.889710 0.726297
vt 0.893445 0.732932
vt 0.889710 0.732932
vt 0.893445 0.739567
vt 0.889710 0.739567
vt 0.893445 0.746201
vt 0.889710 0.746201
vt 0.893445 0.752836
vt 0.889710 0.752836
vt 0.893445 0.646682
vt 0.889710 0.653316
vt 0.889710 0.646682
vt 0.893445 0.653316
vt 0.889710 0.659951
vt 0.893445 0.659951
vt 0.889710 0.666586
vt 0.893445 0.673220
vt 0.889710 0.673220
vt 0.889710 0.679855
vt 0.893445 0.679855
vt 0.889710 0.686489
vt 0.893445 0.693124
vt 0.889710 0.693124
vt 0.893445 0.713028
vt 0.889710 0.713028
vt 0.893445 0.706393
vt 0.929606 0.606602
vt 0.932044 0.601700
vt 0.932044 0.606602
vt 0.929606 0.591896
vt 0.932044 0.596798
vt 0.929606 0.596798
vt 0.929606 0.572288
vt 0.932044 0.567387
vt 0.932044 0.572288
vt 0.929606 0.567387
vt 0.932044 0.562485
vt 0.929606 0.640915
vt 0.932044 0.636013
vt 0.932044 0.640915
vt 0.929606 0.631111
vt 0.929606 0.636013
vt 0.932044 0.626209
vt 0.932044 0.631111
vt 0.929606 0.621307
vt 0.929606 0.626209
vt 0.929606 0.616405
vt 0.932044 0.621307
vt 0.929606 0.611503
vt 0.932044 0.616405
vt 0.932044 0.611503
vt 0.921866 0.044092
vt 0.920330 0.050112
vt 0.920330 0.044092
vt 0.920330 0.038073
vt 0.921866 0.038073
vt 0.920330 0.032053
vt 0.921866 0.032053
vt 0.921866 0.026033
vt 0.920330 0.026033
vt 0.921866 0.020013
vt 0.920330 0.020013
vt 0.921866 0.013993
vt 0.920330 0.013993
vt 0.921866 0.007973
vt 0.920330 0.007973
vt 0.920330 0.001953
vt 0.921866 0.001953
vt 0.921866 0.098272
vt 0.920330 0.092252
vt 0.921866 0.092252
vt 0.920330 0.086232
vt 0.921866 0.086232
vt 0.920330 0.080212
vt 0.921866 0.080212
vt 0.920330 0.074192
vt 0.921866 0.074192
vt 0.921866 0.068172
vt 0.920330 0.068172
vt 0.921866 0.062152
vt 0.920330 0.062152
vt 0.921866 0.056132
vt 0.920330 0.056132
vt 0.929606 0.601700
vt 0.958752 0.040959
vt 0.957533 0.036625
vt 0.958752 0.036625
vt 0.958752 0.045293
vt 0.957533 0.040959
vt 0.958752 0.006287
vt 0.957533 0.001953
vt 0.958752 0.001953
vt 0.958752 0.010621
vt 0.957533 0.006287
vt 0.957533 0.014955
vt 0.957533 0.010621
vt 0.958752 0.014955
vt 0.957533 0.019289
vt 0.958752 0.019289
vt 0.957533 0.023623
vt 0.958752 0.023623
vt 0.957533 0.027957
vt 0.958752 0.027957
vt 0.957533 0.032291
vt 0.958752 0.032291
vt 0.917637 0.050112
vt 0.917637 0.038073
vt 0.917637 0.044092
vt 0.917637 0.032053
vt 0.917637 0.026033
vt 0.917637 0.020013
vt 0.917637 0.013993
vt 0.917637 0.001953
vt 0.917637 0.007973
vt 0.917637 0.098272
vt 0.920330 0.098272
vt 0.917637 0.086232
vt 0.917637 0.092252
vt 0.917637 0.080212
vt 0.917637 0.074192
vt 0.917637 0.068172
vt 0.917637 0.056132
vt 0.917637 0.062152
vt 0.921866 0.050112
vt 0.866573 0.373096
vt 0.857793 0.379715
vt 0.857793 0.373096
vt 0.866573 0.392954
vt 0.857793 0.399573
vt 0.857793 0.392954
vt 0.866573 0.406192
vt 0.857793 0.406192
vt 0.857793 0.340000
vt 0.866573 0.346619
vt 0.857793 0.346619
vt 0.857793 0.353239
vt 0.866573 0.353239
vt 0.857793 0.359858
vt 0.866573 0.366477
vt 0.857793 0.366477
vt 0.866573 0.386335
vt 0.857793 0.386335
vt 0.865772 0.263200
vt 0.874650 0.269819
vt 0.865772 0.269819
vt 0.865772 0.302915
vt 0.874650 0.309534
vt 0.865772 0.309534
vt 0.865772 0.230104
vt 0.874650 0.236723
vt 0.865772 0.236723
vt 0.874650 0.243342
vt 0.865772 0.243342
vt 0.874650 0.249961
vt 0.865772 0.249961
vt 0.865772 0.256580
vt 0.865772 0.276438
vt 0.874650 0.283057
vt 0.865772 0.283057
vt 0.874650 0.263200
vt 0.881731 0.273275
vt 0.890554 0.279894
vt 0.881731 0.279894
vt 0.890554 0.293133
vt 0.881731 0.299752
vt 0.881731 0.293133
vt 0.881731 0.240179
vt 0.890554 0.246798
vt 0.881731 0.246798
vt 0.881731 0.253418
vt 0.890554 0.260037
vt 0.881731 0.260037
vt 0.881731 0.266656
vt 0.881731 0.286514
vt 0.890554 0.266656
vt 0.966563 0.108041
vt 0.528231 0.141425
vt 0.529346 0.144119
vt 0.259100 0.450505
vt 0.256689 0.444686
vt 0.252236 0.440232
vt 0.246417 0.437822
vt 0.229847 0.462622
vt 0.227437 0.456803
vt 0.240119 0.437822
vt 0.234300 0.440232
vt 0.229847 0.444686
vt 0.227437 0.450505
vt 0.234300 0.467075
vt 0.240119 0.469485
vt 0.246417 0.469485
vt 0.252236 0.467075
vt 0.514688 0.147035
vt 0.514688 0.144119
vt 0.529346 0.147035
vt 0.515803 0.141425
vt 0.528231 0.149729
vt 0.517865 0.139364
vt 0.526169 0.151791
vt 0.520559 0.138248
vt 0.523475 0.152907
vt 0.520559 0.152907
vt 0.523475 0.138248
vt 0.526169 0.139364
vt 0.388367 0.794078
vt 0.387020 0.785635
vt 0.388367 0.785635
vt 0.387020 0.777192
vt 0.388367 0.777192
vt 0.829866 0.358600
vt 0.831212 0.367043
vt 0.829866 0.367043
vt 0.355104 0.754670
vt 0.356450 0.763113
vt 0.355104 0.763113
vt 0.831212 0.375486
vt 0.829866 0.375486
vt 0.388367 0.734977
vt 0.387020 0.726534
vt 0.388367 0.726534
vt 0.355104 0.779999
vt 0.356450 0.788442
vt 0.355104 0.788442
vt 0.946615 0.143793
vt 0.941574 0.138733
vt 0.946615 0.138733
vt 0.356450 0.796885
vt 0.355104 0.796885
vt 0.356450 0.805328
vt 0.355104 0.805328
vt 0.355104 0.813771
vt 0.356450 0.813771
vt 0.356450 0.822214
vt 0.355104 0.822214
vt 0.355104 0.687127
vt 0.356450 0.695570
vt 0.355104 0.695570
vt 0.356450 0.704013
vt 0.355104 0.704013
vt 0.829866 0.299500
vt 0.831212 0.291057
vt 0.831212 0.299500
vt 0.356450 0.712456
vt 0.355104 0.712456
vt 0.829866 0.307943
vt 0.831212 0.307943
vt 0.356450 0.720899
vt 0.355104 0.720899
vt 0.356450 0.729342
vt 0.355104 0.729342
vt 0.356450 0.737784
vt 0.355104 0.737784
vt 0.395000 0.772885
vt 0.396346 0.781328
vt 0.395000 0.781328
vt 0.356450 0.746227
vt 0.355104 0.746227
vt 0.946615 0.123553
vt 0.941574 0.128613
vt 0.941574 0.123553
vt 0.395000 0.789771
vt 0.396346 0.789771
vt 0.356450 0.771556
vt 0.356450 0.779999
vt 0.946615 0.118493
vt 0.941574 0.118493
vt 0.355104 0.771556
vt 0.941574 0.113433
vt 0.946615 0.113433
vt 0.223447 0.397027
vt 0.224793 0.405470
vt 0.223447 0.405470
vt 0.356450 0.754670
vt 0.946615 0.108373
vt 0.941574 0.108373
vt 0.224793 0.413913
vt 0.223447 0.413913
vt 0.946615 0.103313
vt 0.941574 0.103313
vt 0.946615 0.098252
vt 0.941574 0.098252
vt 0.946615 0.093192
vt 0.941574 0.093192
vt 0.949554 0.871005
vt 0.953951 0.875335
vt 0.949554 0.875335
vt 0.946615 0.148853
vt 0.941574 0.143793
vt 0.941574 0.153914
vt 0.946615 0.153914
vt 0.946615 0.158974
vt 0.941574 0.164034
vt 0.946615 0.164034
vt 0.941574 0.169094
vt 0.946615 0.169094
vt 0.941574 0.088132
vt 0.946615 0.088132
vt 0.941574 0.133673
vt 0.946615 0.133673
vt 0.949554 0.836365
vt 0.953951 0.840695
vt 0.949554 0.840695
vt 0.953951 0.879665
vt 0.949554 0.879665
vt 0.949554 0.849355
vt 0.953951 0.845025
vt 0.953951 0.849355
vt 0.949554 0.845025
vt 0.949554 0.810385
vt 0.953951 0.814715
vt 0.949554 0.814715
vt 0.953951 0.853685
vt 0.949554 0.853685
vt 0.949554 0.819045
vt 0.953951 0.819045
vt 0.949554 0.858015
vt 0.953951 0.858015
vt 0.949554 0.823375
vt 0.953951 0.823375
vt 0.953951 0.862345
vt 0.949554 0.862345
vt 0.949554 0.827705
vt 0.953951 0.827705
vt 0.949554 0.866675
vt 0.953951 0.866675
vt 0.949554 0.832035
vt 0.953951 0.832035
vt 0.953951 0.871005
vt 0.953951 0.836365
vt 0.395000 0.722228
vt 0.396346 0.713785
vt 0.396346 0.722228
vt 0.223447 0.337926
vt 0.224793 0.329483
vt 0.224793 0.337926
vt 0.812025 0.070100
vt 0.814052 0.061582
vt 0.814052 0.070100
vt 0.816291 0.061582
vt 0.816291 0.070100
vt 0.812025 0.053063
vt 0.812025 0.061582
vt 0.816291 0.053063
vt 0.812025 0.044545
vt 0.814052 0.053063
vt 0.816291 0.044545
vt 0.814052 0.036026
vt 0.814052 0.044545
vt 0.812025 0.036026
vt 0.814052 0.027508
vt 0.816291 0.036026
vt 0.812025 0.027508
vt 0.814052 0.018990
vt 0.816291 0.018990
vt 0.816291 0.027508
vt 0.812025 0.010471
vt 0.812025 0.018990
vt 0.816291 0.010471
vt 0.814052 0.001953
vt 0.814052 0.010471
vt 0.812025 0.138247
vt 0.814052 0.129728
vt 0.814052 0.138247
vt 0.816291 0.138247
vt 0.812025 0.121210
vt 0.812025 0.129728
vt 0.816291 0.121210
vt 0.816291 0.129728
vt 0.814052 0.112692
vt 0.814052 0.121210
vt 0.812025 0.104173
vt 0.812025 0.112692
vt 0.816291 0.104173
vt 0.816291 0.112692
vt 0.812025 0.095655
vt 0.814052 0.104173
vt 0.816291 0.095655
vt 0.812025 0.087137
vt 0.814052 0.095655
vt 0.816291 0.087137
vt 0.814052 0.078618
vt 0.814052 0.087137
vt 0.816291 0.078618
vt 0.812025 0.078618
vt 0.778709 0.206406
vt 0.770022 0.215122
vt 0.770022 0.206406
vt 0.770022 0.232553
vt 0.778709 0.241269
vt 0.770022 0.241269
vt 0.770022 0.188974
vt 0.778709 0.197690
vt 0.770022 0.197690
vt 0.770022 0.180259
vt 0.778709 0.188974
vt 0.778709 0.171543
vt 0.770022 0.171543
vt 0.778709 0.162827
vt 0.770022 0.162827
vt 0.778709 0.154111
vt 0.770022 0.154111
vt 0.770022 0.267417
vt 0.778709 0.276132
vt 0.770022 0.276132
vt 0.778709 0.249985
vt 0.770022 0.258701
vt 0.770022 0.249985
vt 0.224793 0.346369
vt 0.223447 0.346369
vt 0.395000 0.394133
vt 0.396346 0.385690
vt 0.396346 0.394133
vt 0.396346 0.402575
vt 0.395000 0.402575
vt 0.223447 0.388584
vt 0.224793 0.397027
vt 0.823233 0.299500
vt 0.821887 0.307943
vt 0.821887 0.299500
vt 0.778967 0.089111
vt 0.770022 0.097827
vt 0.770022 0.089111
vt 0.770022 0.036816
vt 0.778967 0.045532
vt 0.770022 0.045532
vt 0.770022 0.028100
vt 0.778967 0.036816
vt 0.778967 0.097827
vt 0.770022 0.106543
vt 0.395000 0.326589
vt 0.396346 0.318146
vt 0.396346 0.326589
vt 0.823233 0.375486
vt 0.821887 0.367043
vt 0.823233 0.367043
vt 0.778622 0.341132
vt 0.770022 0.332417
vt 0.778622 0.332417
vt 0.770022 0.393427
vt 0.778622 0.384711
vt 0.778622 0.393427
vt 0.770022 0.402143
vt 0.778622 0.402143
vt 0.770022 0.323701
vt 0.778622 0.314985
vt 0.778622 0.323701
vt 0.821887 0.358600
vt 0.823233 0.358600
vt 0.823233 0.307943
vt 0.821887 0.316386
vt 0.387020 0.718091
vt 0.388367 0.718091
vt 0.805928 0.053063
vt 0.805928 0.095655
vt 0.805928 0.104173
vt 0.805928 0.121210
vt 0.805928 0.129728
vt 0.805928 0.010471
vt 0.812025 0.001953
vt 0.805928 0.018990
vt 0.805928 0.036026
vt 0.785980 0.345475
vt 0.789716 0.353674
vt 0.785980 0.353674
vt 0.785980 0.370074
vt 0.789716 0.378273
vt 0.785980 0.378273
vt 0.785980 0.386473
vt 0.789716 0.386473
vt 0.785980 0.394672
vt 0.789716 0.394672
vt 0.785980 0.402872
vt 0.789716 0.402872
vt 0.785980 0.411071
vt 0.789716 0.279879
vt 0.785980 0.288078
vt 0.785980 0.279879
vt 0.789716 0.288078
vt 0.785980 0.296278
vt 0.789716 0.296278
vt 0.785980 0.304477
vt 0.789716 0.312677
vt 0.785980 0.312677
vt 0.785980 0.320876
vt 0.789716 0.320876
vt 0.785980 0.329076
vt 0.789716 0.329076
vt 0.785980 0.337275
vt 0.785980 0.361874
vt 0.789716 0.370074
vt 0.789716 0.361874
vt 0.692941 0.170082
vt 0.690230 0.176140
vt 0.690230 0.170082
vt 0.692941 0.182198
vt 0.690230 0.188255
vt 0.690230 0.182198
vt 0.692941 0.194313
vt 0.692941 0.188255
vt 0.690230 0.200371
vt 0.690230 0.194313
vt 0.692941 0.206428
vt 0.692941 0.200371
vt 0.692941 0.212486
vt 0.690230 0.206428
vt 0.692941 0.218544
vt 0.690230 0.212486
vt 0.690230 0.224602
vt 0.690230 0.218544
vt 0.692941 0.127679
vt 0.690230 0.133736
vt 0.690230 0.127679
vt 0.692941 0.133736
vt 0.690230 0.139794
vt 0.692941 0.139794
vt 0.690230 0.145852
vt 0.692941 0.151909
vt 0.692941 0.145852
vt 0.692941 0.157967
vt 0.690230 0.151909
vt 0.690230 0.164025
vt 0.690230 0.157967
vt 0.692941 0.164025
vt 0.167593 0.772105
vt 0.169331 0.764671
vt 0.169331 0.772105
vt 0.789716 0.345475
vt 0.167593 0.779539
vt 0.169331 0.779539
vt 0.169331 0.786973
vt 0.167593 0.786973
vt 0.167593 0.794407
vt 0.169331 0.794407
vt 0.167593 0.801842
vt 0.169331 0.801842
vt 0.169331 0.809276
vt 0.167593 0.809276
vt 0.167593 0.816710
vt 0.169331 0.816710
vt 0.167593 0.824144
vt 0.169331 0.824144
vt 0.167593 0.705197
vt 0.169331 0.712631
vt 0.167593 0.712631
vt 0.169331 0.720065
vt 0.167593 0.720065
vt 0.167593 0.727500
vt 0.169331 0.727500
vt 0.167593 0.734934
vt 0.169331 0.734934
vt 0.167593 0.742368
vt 0.169331 0.742368
vt 0.167593 0.749802
vt 0.169331 0.749802
vt 0.167593 0.757236
vt 0.169331 0.757236
vt 0.692941 0.176140
vt 0.699715 0.169841
vt 0.698209 0.175197
vt 0.698209 0.169841
vt 0.699715 0.175197
vt 0.698209 0.180553
vt 0.699715 0.180553
vt 0.698209 0.185910
vt 0.699715 0.185910
vt 0.698209 0.191266
vt 0.699715 0.191266
vt 0.698209 0.196622
vt 0.699715 0.196622
vt 0.698209 0.201978
vt 0.699715 0.201978
vt 0.698209 0.207335
vt 0.699715 0.212691
vt 0.699715 0.207335
vt 0.699715 0.132347
vt 0.698209 0.126991
vt 0.699715 0.126991
vt 0.699715 0.137704
vt 0.698209 0.132347
vt 0.699715 0.143060
vt 0.698209 0.137704
vt 0.699715 0.148416
vt 0.698209 0.143060
vt 0.699715 0.153772
vt 0.698209 0.148416
vt 0.699715 0.159129
vt 0.698209 0.153772
vt 0.699715 0.164485
vt 0.698209 0.159129
vt 0.698209 0.164485
vt 0.172546 0.772105
vt 0.172546 0.764671
vt 0.172546 0.786973
vt 0.172546 0.779539
vt 0.172546 0.794407
vt 0.172546 0.801842
vt 0.172546 0.816710
vt 0.172546 0.809276
vt 0.172546 0.824144
vt 0.172546 0.705197
vt 0.169331 0.705197
vt 0.172546 0.712631
vt 0.172546 0.720065
vt 0.172546 0.734934
vt 0.172546 0.727500
vt 0.172546 0.742368
vt 0.172546 0.749802
vt 0.172546 0.757236
vt 0.167593 0.764671
vt 0.339145 0.775338
vt 0.347925 0.783518
vt 0.339145 0.783518
vt 0.347925 0.791699
vt 0.339145 0.791699
vt 0.347925 0.709894
vt 0.339145 0.718075
vt 0.339145 0.709894
vt 0.347925 0.718075
vt 0.339145 0.726255
vt 0.059873 0.757288
vt 0.068751 0.765468
vt 0.059873 0.765468
vt 0.068751 0.773648
vt 0.059873 0.773648
vt 0.068751 0.691844
vt 0.059873 0.700024
vt 0.059873 0.691844
vt 0.068751 0.700024
vt 0.059873 0.708205
vt 0.523511 0.725712
vt 0.514688 0.733892
vt 0.514688 0.725712
vt 0.523511 0.733892
vt 0.514688 0.742073
vt 0.523511 0.660268
vt 0.514688 0.668449
vt 0.514688 0.660268
vt 0.523511 0.668449
vt 0.514688 0.676629
vt 0.946615 0.128613
vt 0.197678 0.775183
vt 0.196299 0.778513
vt 0.188619 0.773382
vt 0.693722 0.466169
vt 0.685944 0.466169
vt 0.689833 0.446618
vt 0.197678 0.771580
vt 0.183488 0.765702
vt 0.186818 0.764323
vt 0.180940 0.778513
vt 0.179561 0.775183
vt 0.179561 0.771580
vt 0.180940 0.768250
vt 0.193751 0.781061
vt 0.190421 0.782440
vt 0.190421 0.764323
vt 0.183488 0.781061
vt 0.193751 0.765702
vt 0.186818 0.782440
vt 0.196299 0.768250
vt 0.693722 0.427067
vt 0.700908 0.430044
vt 0.678758 0.463193
vt 0.706408 0.435543
vt 0.673258 0.457693
vt 0.709384 0.442729
vt 0.670282 0.450507
vt 0.670282 0.442729
vt 0.709384 0.450507
vt 0.673258 0.435543
vt 0.706408 0.457693
vt 0.678758 0.430044
vt 0.700908 0.463193
vt 0.685944 0.427067
vt 0.924417 0.366007
vt 0.921626 0.359733
vt 0.924417 0.359733
vt 0.926075 0.353459
vt 0.928860 0.347185
vt 0.928860 0.353459
vt 0.926075 0.340912
vt 0.926075 0.347185
vt 0.926075 0.409923
vt 0.928860 0.416196
vt 0.926075 0.416196
vt 0.926075 0.391101
vt 0.928860 0.397375
vt 0.926075 0.397375
vt 0.928860 0.384828
vt 0.928860 0.391101
vt 0.926075 0.378554
vt 0.926075 0.384828
vt 0.926075 0.372280
vt 0.928860 0.378554
vt 0.928860 0.366007
vt 0.928860 0.372280
vt 0.926075 0.359733
vt 0.926075 0.366007
vt 0.921626 0.384828
vt 0.924417 0.378554
vt 0.924417 0.384828
vt 0.921626 0.391101
vt 0.924417 0.391101
vt 0.924417 0.397375
vt 0.921626 0.403649
vt 0.924417 0.403649
vt 0.924417 0.353459
vt 0.921626 0.347185
vt 0.924417 0.347185
vt 0.924417 0.416196
vt 0.921626 0.409923
vt 0.924417 0.409923
vt 0.921626 0.340912
vt 0.924417 0.340912
vt 0.921626 0.372280
vt 0.924417 0.372280
vt 0.928860 0.409923
vt 0.931490 0.416196
vt 0.931490 0.372280
vt 0.928860 0.359733
vt 0.931490 0.353459
vt 0.931490 0.359733
vt 0.931490 0.384828
vt 0.931490 0.391101
vt 0.928860 0.403649
vt 0.931490 0.409923
vt 0.931490 0.366007
vt 0.931490 0.378554
vt 0.931490 0.403649
vt 0.928860 0.340912
vt 0.931490 0.347185
vt 0.931490 0.397375
vt 0.735313 0.544276
vt 0.728168 0.555489
vt 0.728168 0.544276
vt 0.735313 0.645194
vt 0.728168 0.656407
vt 0.728168 0.645194
vt 0.735313 0.589128
vt 0.728168 0.600341
vt 0.728168 0.589128
vt 0.735313 0.566702
vt 0.735313 0.555489
vt 0.735313 0.521849
vt 0.728168 0.533063
vt 0.728168 0.521849
vt 0.735313 0.600341
vt 0.728168 0.611555
vt 0.735313 0.622768
vt 0.728168 0.633981
vt 0.728168 0.622768
vt 0.728168 0.577915
vt 0.728168 0.566702
vt 0.735313 0.533063
vt 0.735313 0.611555
vt 0.735313 0.633981
vt 0.735313 0.577915
vt 0.720351 0.555489
vt 0.720351 0.544276
vt 0.720351 0.656407
vt 0.720351 0.645194
vt 0.720351 0.589128
vt 0.720351 0.521849
vt 0.720351 0.600341
vt 0.720351 0.633981
vt 0.720351 0.622768
vt 0.720351 0.577915
vt 0.720351 0.566702
vt 0.720351 0.533063
vt 0.720351 0.611555
vt 0.715018 0.633981
vt 0.715018 0.555489
vt 0.715018 0.533063
vt 0.715018 0.521849
vt 0.715018 0.622768
vt 0.715018 0.566702
vt 0.715018 0.544276
vt 0.711663 0.029390
vt 0.706223 0.040771
vt 0.706226 0.029389
vt 0.706230 0.016484
vt 0.711666 0.016485
vt 0.706232 0.009447
vt 0.711668 0.009448
vt 0.711654 0.059761
vt 0.711659 0.040772
vt 0.711653 0.064798
vt 0.706218 0.059759
vt 0.711651 0.069835
vt 0.706217 0.064796
vt 0.706214 0.074870
vt 0.706215 0.069833
vt 0.711650 0.074872
vt 0.706192 0.153889
vt 0.711629 0.153891
vt 0.706191 0.158926
vt 0.711627 0.158928
vt 0.706190 0.163963
vt 0.711624 0.169002
vt 0.711626 0.163965
vt 0.971025 0.051435
vt 0.965512 0.060162
vt 0.965589 0.051378
vt 0.973520 0.144568
vt 0.978956 0.154209
vt 0.973520 0.154209
vt 0.711669 0.006489
vt 0.706209 0.004039
vt 0.711637 0.003888
vt 0.706233 0.006487
vt 0.983007 0.047319
vt 0.977481 0.001970
vt 0.983011 0.001953
vt 0.711682 0.003279
vt 0.706188 0.001953
vt 0.941574 0.178488
vt 0.943067 0.173037
vt 0.945044 0.173754
vt 0.978344 0.050785
vt 0.977623 0.048058
vt 0.946491 0.175708
vt 0.980295 0.052230
vt 0.947021 0.178375
vt 0.983011 0.052750
vt 0.947021 0.185332
vt 0.941609 0.185346
vt 0.973491 0.161064
vt 0.978956 0.161171
vt 0.359846 0.473445
vt 0.267534 0.469883
vt 0.363407 0.469883
vt 0.364711 0.297777
vt 0.263025 0.327771
vt 0.265919 0.316763
vt 0.253801 0.336795
vt 0.173368 0.701208
vt 0.203323 0.599510
vt 0.212344 0.590282
vt 0.364711 0.344712
vt 0.218798 0.701190
vt 0.266231 0.297777
vt 0.163634 0.691481
vt 0.164905 0.607596
vt 0.164939 0.696345
vt 0.242030 0.358915
vt 0.357250 0.365038
vt 0.235416 0.364695
vt 0.603450 0.570046
vt 0.597339 0.455445
vt 0.603089 0.448212
vt 0.243334 0.342679
vt 0.244847 0.340754
vt 0.247048 0.338775
vt 0.214320 0.583528
vt 0.216298 0.581327
vt 0.243094 0.344751
vt 0.364711 0.346817
vt 0.242833 0.346837
vt 0.364711 0.349249
vt 0.242570 0.349254
vt 0.364711 0.351969
vt 0.242377 0.351966
vt 0.364711 0.358931
vt 0.597345 0.577509
vt 0.590490 0.455791
vt 0.971373 0.018033
vt 0.965937 0.017976
vt 0.357250 0.397757
vt 0.978956 0.111849
vt 0.978956 0.144568
vt 0.610476 0.141566
vt 0.615909 0.130183
vt 0.615912 0.141565
vt 0.615916 0.154470
vt 0.610481 0.161508
vt 0.615918 0.161506
vt 0.610473 0.130184
vt 0.615904 0.111194
vt 0.610468 0.111196
vt 0.615902 0.106157
vt 0.610466 0.106159
vt 0.615901 0.101120
vt 0.610464 0.096085
vt 0.615900 0.096083
vt 0.610442 0.017066
vt 0.615878 0.017064
vt 0.610441 0.012029
vt 0.615877 0.012027
vt 0.610439 0.006992
vt 0.615875 0.006990
vt 0.610438 0.001955
vt 0.615874 0.001953
vt 0.966043 0.009193
vt 0.971441 0.008794
vt 0.610459 0.166916
vt 0.615918 0.164466
vt 0.615886 0.167067
vt 0.610482 0.164468
vt 0.135676 0.642277
vt 0.141119 0.596847
vt 0.141112 0.642277
vt 0.615932 0.167675
vt 0.611094 0.171000
vt 0.610438 0.169002
vt 0.723557 0.135119
vt 0.722810 0.140472
vt 0.720100 0.139755
vt 0.613003 0.172505
vt 0.718665 0.137815
vt 0.615653 0.173116
vt 0.970951 0.001953
vt 0.718157 0.128266
vt 0.723557 0.128266
vt 0.691774 0.123689
vt 0.696677 0.026514
vt 0.696640 0.122387
vt 0.364711 0.465017
vt 0.265919 0.446031
vt 0.263025 0.435023
vt 0.661820 0.021992
vt 0.672827 0.024890
vt 0.253801 0.425999
vt 0.364711 0.418082
vt 0.646344 0.123671
vt 0.652799 0.012764
vt 0.266231 0.465017
vt 0.691813 0.025209
vt 0.354980 0.474748
vt 0.271096 0.473444
vt 0.242030 0.403879
vt 0.235416 0.398099
vt 0.642246 0.455438
vt 0.636169 0.570041
vt 0.636493 0.448207
vt 0.244847 0.422040
vt 0.243334 0.420116
vt 0.646950 0.002026
vt 0.648844 0.003808
vt 0.247048 0.424020
vt 0.243094 0.418043
vt 0.364711 0.415977
vt 0.242833 0.415957
vt 0.364711 0.413545
vt 0.242570 0.413540
vt 0.364711 0.410825
vt 0.242377 0.410828
vt 0.364711 0.403863
vt 0.649095 0.455783
vt 0.642276 0.577502
vt 0.701509 0.113962
vt 0.700238 0.030077
vt 0.701539 0.034943
vt 0.363407 0.292911
vt 0.267534 0.292911
vt 0.700203 0.118827
vt 0.359846 0.289350
vt 0.271096 0.289350
vt 0.354980 0.288046
vt 0.275961 0.288046
vt 0.168502 0.699906
vt 0.168465 0.604033
vt 0.564159 0.212198
vt 0.559467 0.207247
vt 0.563835 0.206793
vt 0.917644 0.628294
vt 0.923080 0.623730
vt 0.923080 0.628294
vt 0.007280 0.440128
vt 0.080374 0.439691
vt 0.078743 0.440128
vt 0.004019 0.436868
vt 0.081968 0.434152
vt 0.082004 0.436867
vt 0.552072 0.213090
vt 0.546604 0.211658
vt 0.547299 0.209673
vt 0.553064 0.297063
vt 0.548378 0.300605
vt 0.547639 0.298634
vt 0.549237 0.208204
vt 0.550349 0.302031
vt 0.551898 0.207645
vt 0.553023 0.302529
vt 0.555537 0.207498
vt 0.555873 0.212907
vt 0.559984 0.302445
vt 0.635007 0.311745
vt 0.635367 0.199421
vt 0.669153 0.308687
vt 0.117678 0.415906
vt 0.088937 0.417097
vt 0.011481 0.413865
vt 0.085630 0.419987
vt 0.547607 0.295958
vt 0.553043 0.295892
vt 0.546604 0.214373
vt 0.004456 0.438498
vt 0.005650 0.439692
vt 0.004019 0.432086
vt 0.082229 0.432065
vt 0.004019 0.429653
vt 0.082492 0.429648
vt 0.004019 0.426933
vt 0.082685 0.426936
vt 0.083776 0.423462
vt 0.677376 0.271119
vt 0.681048 0.191966
vt 0.681018 0.270016
vt 0.203499 0.390521
vt 0.208935 0.357802
vt 0.208935 0.390521
vt 0.949578 0.295132
vt 0.954960 0.266360
vt 0.954997 0.295126
vt 0.923080 0.593373
vt 0.917644 0.599918
vt 0.917644 0.593373
vt 0.791448 0.229025
vt 0.786013 0.224101
vt 0.791449 0.224102
vt 0.923080 0.604247
vt 0.917644 0.608752
vt 0.917644 0.604247
vt 0.791445 0.243461
vt 0.786011 0.233947
vt 0.791447 0.233948
vt 0.923080 0.612213
vt 0.917644 0.612213
vt 0.791443 0.256597
vt 0.786009 0.243460
vt 0.791451 0.215779
vt 0.786015 0.210408
vt 0.791451 0.210409
vt 0.917643 0.577596
vt 0.923080 0.586084
vt 0.917643 0.586084
vt 0.786017 0.201942
vt 0.791453 0.201943
vt 0.786018 0.196905
vt 0.791454 0.196906
vt 0.791455 0.191869
vt 0.786020 0.186831
vt 0.791456 0.186832
vt 0.786029 0.139191
vt 0.791465 0.139192
vt 0.923079 0.562485
vt 0.917643 0.567522
vt 0.917643 0.562485
vt 0.923079 0.572559
vt 0.917643 0.572559
vt 0.923080 0.577596
vt 0.954990 0.333496
vt 0.949579 0.339244
vt 0.949554 0.333493
vt 0.594479 0.345096
vt 0.599916 0.335454
vt 0.599916 0.345096
vt 0.917637 0.632762
vt 0.923080 0.632288
vt 0.923080 0.634267
vt 0.785980 0.269953
vt 0.791441 0.265958
vt 0.791465 0.270525
vt 0.786006 0.260997
vt 0.791442 0.260998
vt 0.923080 0.617519
vt 0.917644 0.623730
vt 0.917644 0.617519
vt 0.786017 0.272025
vt 0.786727 0.273987
vt 0.922365 0.636247
vt 0.788675 0.275419
vt 0.920412 0.637697
vt 0.791337 0.275937
vt 0.917744 0.638227
vt 0.954956 0.339276
vt 0.949562 0.346094
vt 0.611913 0.342309
vt 0.606448 0.335454
vt 0.611884 0.335454
vt 0.093450 0.340086
vt 0.021031 0.344249
vt 0.023116 0.340256
vt 0.096186 0.344179
vt 0.019086 0.347113
vt 0.015290 0.350820
vt 0.121725 0.350209
vt 0.010185 0.354356
vt 0.090127 0.327691
vt 0.024128 0.336048
vt 0.024251 0.329503
vt 0.031891 0.304155
vt 0.084396 0.305458
vt 0.027025 0.305458
vt 0.011481 0.381146
vt 0.123836 0.375023
vt 0.123805 0.380803
vt 0.629256 0.311776
vt 0.917644 0.631100
vt 0.123611 0.354797
vt 0.004019 0.358841
vt 0.004041 0.357654
vt 0.123836 0.360859
vt 0.004019 0.360821
vt 0.004019 0.362926
vt 0.123836 0.362945
vt 0.004019 0.365358
vt 0.123836 0.365363
vt 0.123836 0.368075
vt 0.004019 0.368078
vt 0.622407 0.311775
vt 0.629261 0.191958
vt 0.120742 0.414957
vt 0.203499 0.400163
vt 0.208935 0.400163
vt 0.674193 0.191965
vt 0.674168 0.272959
vt 0.949574 0.304784
vt 0.955000 0.304780
vt 0.559562 0.212658
vt 0.004019 0.419971
vt 0.685481 0.195226
vt 0.685058 0.268320
vt 0.685043 0.193596
vt 0.023463 0.309020
vt 0.089261 0.313885
vt 0.022160 0.313885
vt 0.954999 0.298333
vt 0.949579 0.298339
vt 0.955000 0.301573
vt 0.949577 0.301577
vt 0.546662 0.217748
vt 0.552065 0.215995
vt 0.552096 0.217683
vt 0.546635 0.216061
vt 0.552029 0.214308
vt 0.547587 0.294270
vt 0.553023 0.294204
vt 0.547566 0.292582
vt 0.553002 0.292516
vt 0.552982 0.290829
vt 0.547546 0.290894
vt 0.552121 0.219371
vt 0.104718 0.348385
vt 0.005772 0.355521
vt 0.004565 0.356556
vt 0.923080 0.629884
vt 0.917644 0.629884
vt 0.089655 0.322342
vt 0.022892 0.322342
vt 0.786014 0.215778
vt 0.090714 0.335993
vt 0.087958 0.309020
vt 0.704626 0.555981
vt 0.708210 0.495049
vt 0.708189 0.552420
vt 0.709494 0.547555
vt 0.709512 0.499915
vt 0.081567 0.438497
vt 0.682235 0.269951
vt 0.683850 0.192403
vt 0.682219 0.191966
vt 0.683865 0.269514
vt 0.774172 0.867853
vt 0.801668 0.873361
vt 0.774172 0.873361
vt 0.801668 0.884376
vt 0.774172 0.889884
vt 0.774172 0.884376
vt 0.801668 0.895391
vt 0.774172 0.895391
vt 0.774172 0.900899
vt 0.801668 0.906407
vt 0.774172 0.906407
vt 0.801668 0.840315
vt 0.774172 0.845823
vt 0.774172 0.840315
vt 0.801668 0.851331
vt 0.774172 0.851331
vt 0.801668 0.856838
vt 0.774172 0.862346
vt 0.774172 0.856838
vt 0.801668 0.867853
vt 0.774172 0.878869
vt 0.819074 0.857731
vt 0.814986 0.860079
vt 0.812648 0.851278
vt 0.823610 0.870283
vt 0.819879 0.866015
vt 0.820673 0.865195
vt 0.821449 0.870882
vt 0.819101 0.866795
vt 0.809710 0.862241
vt 0.815272 0.861143
vt 0.815585 0.862241
vt 0.810272 0.860070
vt 0.822504 0.875880
vt 0.822513 0.870596
vt 0.821439 0.875596
vt 0.819853 0.858509
vt 0.820673 0.859303
vt 0.823610 0.876158
vt 0.819853 0.880452
vt 0.819074 0.879674
vt 0.823610 0.854216
vt 0.822504 0.853938
vt 0.821439 0.853653
vt 0.815585 0.884183
vt 0.820673 0.881246
vt 0.814986 0.882022
vt 0.823610 0.848341
vt 0.822513 0.848653
vt 0.821449 0.848940
vt 0.809988 0.883077
vt 0.815272 0.883086
vt 0.819879 0.844072
vt 0.820673 0.843253
vt 0.819101 0.844852
vt 0.809710 0.884183
vt 0.805416 0.880426
vt 0.815585 0.840315
vt 0.815307 0.841422
vt 0.815023 0.842487
vt 0.801685 0.876158
vt 0.804623 0.881246
vt 0.810023 0.841413
vt 0.809710 0.840315
vt 0.810309 0.842477
vt 0.802792 0.870561
vt 0.802782 0.875845
vt 0.805442 0.844047
vt 0.804623 0.843253
vt 0.806222 0.844825
vt 0.805442 0.865989
vt 0.803856 0.870845
vt 0.802792 0.848618
vt 0.801685 0.848341
vt 0.803856 0.848903
vt 0.804623 0.865195
vt 0.810023 0.863355
vt 0.806222 0.866768
vt 0.802782 0.853903
vt 0.801685 0.854215
vt 0.803846 0.853617
vt 0.815585 0.862258
vt 0.809710 0.862258
vt 0.815023 0.864429
vt 0.810309 0.864419
vt 0.804623 0.859303
vt 0.805416 0.858484
vt 0.806195 0.857704
vt 0.815307 0.863365
vt 0.809988 0.861134
vt 0.812648 0.873221
vt 0.803846 0.875559
vt 0.806195 0.879646
vt 0.810272 0.882012
vt 0.801668 0.900899
vt 0.801668 0.845823
vt 0.801668 0.862346
vt 0.801668 0.878869
vt 0.801685 0.870283
vt 0.460149 0.594688
vt 0.457086 0.588513
vt 0.460149 0.588513
vt 0.351550 0.957125
vt 0.346882 0.955193
vt 0.354073 0.944425
vt 0.457086 0.674842
vt 0.454844 0.681000
vt 0.454844 0.674842
vt 0.283291 0.962658
vt 0.287451 0.966880
vt 0.285563 0.968145
vt 0.457086 0.668684
vt 0.454844 0.668684
vt 0.289763 0.972344
vt 0.291023 0.970453
vt 0.457086 0.662526
vt 0.454844 0.662526
vt 0.295690 0.972388
vt 0.295249 0.974617
vt 0.300742 0.972389
vt 0.301188 0.974617
vt 0.457086 0.650211
vt 0.454844 0.656369
vt 0.454844 0.650211
vt 0.306675 0.972344
vt 0.305410 0.970457
vt 0.457086 0.644053
vt 0.454844 0.644053
vt 0.310874 0.968145
vt 0.308983 0.966885
vt 0.457086 0.637895
vt 0.454844 0.637895
vt 0.313147 0.962658
vt 0.310918 0.962218
vt 0.454844 0.631737
vt 0.457086 0.631737
vt 0.310919 0.957166
vt 0.313147 0.956719
vt 0.457086 0.625562
vt 0.454844 0.625562
vt 0.310874 0.951233
vt 0.308987 0.952497
vt 0.457086 0.619388
vt 0.454844 0.619388
vt 0.305415 0.948924
vt 0.306675 0.947033
vt 0.457086 0.613213
vt 0.454844 0.613213
vt 0.300748 0.946990
vt 0.301188 0.944761
vt 0.457086 0.607038
vt 0.454844 0.607038
vt 0.295696 0.946988
vt 0.295249 0.944761
vt 0.457086 0.600863
vt 0.454844 0.600863
vt 0.291028 0.948921
vt 0.289763 0.947033
vt 0.457086 0.594688
vt 0.454844 0.594688
vt 0.287454 0.952492
vt 0.285563 0.951233
vt 0.454844 0.588513
vt 0.283291 0.956719
vt 0.285520 0.957159
vt 0.454844 0.582338
vt 0.457086 0.582338
vt 0.285519 0.962212
vt 0.460149 0.582338
vt 0.460149 0.600863
vt 0.460149 0.607038
vt 0.460149 0.613213
vt 0.460149 0.619388
vt 0.460149 0.625562
vt 0.460149 0.631737
vt 0.460149 0.637895
vt 0.460149 0.644053
vt 0.460149 0.650211
vt 0.460149 0.681000
vt 0.460149 0.674842
vt 0.353959 0.491083
vt 0.357017 0.484910
vt 0.357017 0.491083
vt 0.211179 0.961419
vt 0.209247 0.966088
vt 0.198479 0.958896
vt 0.359256 0.571156
vt 0.357017 0.577305
vt 0.357017 0.571156
vt 0.341418 0.935969
vt 0.341373 0.941902
vt 0.339145 0.941455
vt 0.357017 0.565008
vt 0.345617 0.931769
vt 0.343305 0.937233
vt 0.357017 0.558860
vt 0.359256 0.565008
vt 0.351544 0.931726
vt 0.351104 0.929497
vt 0.357017 0.552711
vt 0.359256 0.558860
vt 0.356596 0.931724
vt 0.357043 0.929497
vt 0.357017 0.546563
vt 0.359256 0.552711
vt 0.361264 0.933657
vt 0.362529 0.931769
vt 0.357017 0.540415
vt 0.359256 0.546563
vt 0.366729 0.935969
vt 0.357017 0.534266
vt 0.359256 0.540415
vt 0.369001 0.941455
vt 0.364838 0.937228
vt 0.357017 0.528118
vt 0.359256 0.534266
vt 0.369001 0.947394
vt 0.366772 0.941895
vt 0.359256 0.521945
vt 0.357017 0.521945
vt 0.364841 0.951616
vt 0.366729 0.952881
vt 0.357017 0.515771
vt 0.362529 0.957080
vt 0.357017 0.509595
vt 0.359256 0.515771
vt 0.357043 0.959353
vt 0.361270 0.955189
vt 0.359256 0.503426
vt 0.357017 0.503426
vt 0.351104 0.959353
vt 0.356602 0.957124
vt 0.359256 0.497257
vt 0.357017 0.497257
vt 0.345617 0.957080
vt 0.359256 0.491083
vt 0.341418 0.952881
vt 0.341374 0.946954
vt 0.339145 0.947394
vt 0.357017 0.478738
vt 0.359256 0.484910
vt 0.353959 0.484910
vt 0.353959 0.565008
vt 0.353959 0.571156
vt 0.353959 0.497257
vt 0.353959 0.503426
vt 0.353959 0.509595
vt 0.353959 0.515771
vt 0.353959 0.521945
vt 0.353959 0.528118
vt 0.353959 0.534266
vt 0.353959 0.540415
vt 0.353959 0.546563
vt 0.353959 0.552711
vt 0.353959 0.558860
vt 0.353959 0.577305
vt 0.532357 0.594688
vt 0.535419 0.588513
vt 0.535419 0.594688
vt 0.614180 0.970706
vt 0.610608 0.967133
vt 0.621376 0.959942
vt 0.537662 0.674842
vt 0.535419 0.681000
vt 0.535419 0.674842
vt 0.211134 0.967352
vt 0.213407 0.961866
vt 0.537662 0.668684
vt 0.535419 0.668684
vt 0.205675 0.969661
vt 0.206935 0.971552
vt 0.537662 0.662526
vt 0.535419 0.662526
vt 0.201448 0.973824
vt 0.537662 0.656369
vt 0.535419 0.656369
vt 0.195510 0.973824
vt 0.201008 0.971595
vt 0.537662 0.650211
vt 0.535419 0.650211
vt 0.190023 0.971552
vt 0.195956 0.971597
vt 0.537662 0.644053
vt 0.535419 0.644053
vt 0.185824 0.967352
vt 0.191288 0.969664
vt 0.537662 0.637895
vt 0.535419 0.637895
vt 0.183551 0.961866
vt 0.187714 0.966093
vt 0.535419 0.631737
vt 0.183551 0.955927
vt 0.185780 0.961425
vt 0.537662 0.625562
vt 0.535419 0.625562
vt 0.187711 0.951705
vt 0.185824 0.950440
vt 0.537662 0.619388
vt 0.535419 0.619388
vt 0.191283 0.948132
vt 0.190023 0.946241
vt 0.537662 0.613213
vt 0.535419 0.613213
vt 0.195510 0.943968
vt 0.537662 0.607038
vt 0.535419 0.607038
vt 0.201448 0.943968
vt 0.195950 0.946197
vt 0.537662 0.600863
vt 0.535419 0.600863
vt 0.205670 0.948128
vt 0.206935 0.946241
vt 0.537662 0.594688
vt 0.209243 0.951700
vt 0.211134 0.950440
vt 0.537662 0.588513
vt 0.211178 0.956367
vt 0.213407 0.955927
vt 0.535419 0.582338
vt 0.532357 0.582338
vt 0.532357 0.588513
vt 0.532357 0.674842
vt 0.532357 0.600863
vt 0.532357 0.607038
vt 0.532357 0.613213
vt 0.532357 0.619388
vt 0.532357 0.625562
vt 0.532357 0.631737
vt 0.532357 0.637895
vt 0.532357 0.644053
vt 0.532357 0.650211
vt 0.532357 0.656369
vt 0.532357 0.662526
vt 0.532357 0.668684
vt 0.532357 0.681000
vt 0.783297 0.718162
vt 0.780240 0.711992
vt 0.783297 0.711992
vt 0.298219 0.959689
vt 0.780240 0.798216
vt 0.778001 0.804363
vt 0.778001 0.798216
vt 0.636304 0.956972
vt 0.632144 0.952751
vt 0.634032 0.951486
vt 0.778001 0.792069
vt 0.780240 0.792069
vt 0.629832 0.947286
vt 0.628573 0.949177
vt 0.778001 0.785921
vt 0.780240 0.785921
vt 0.623905 0.947243
vt 0.624346 0.945014
vt 0.780240 0.779774
vt 0.778001 0.779774
vt 0.618853 0.947242
vt 0.618407 0.945014
vt 0.778001 0.773627
vt 0.780240 0.773627
vt 0.614185 0.949174
vt 0.612920 0.947286
vt 0.778001 0.767480
vt 0.780240 0.767480
vt 0.610612 0.952745
vt 0.608721 0.951486
vt 0.778001 0.761333
vt 0.780240 0.761333
vt 0.608677 0.957413
vt 0.606448 0.956972
vt 0.778001 0.755185
vt 0.780240 0.755185
vt 0.606448 0.962911
vt 0.608676 0.962465
vt 0.780240 0.749016
vt 0.778001 0.749016
vt 0.608721 0.968398
vt 0.780240 0.742844
vt 0.778001 0.742844
vt 0.612920 0.972597
vt 0.778001 0.736670
vt 0.780240 0.736670
vt 0.618407 0.974870
vt 0.618847 0.972641
vt 0.778001 0.730502
vt 0.780240 0.730502
vt 0.623899 0.972642
vt 0.624346 0.974870
vt 0.778001 0.724334
vt 0.780240 0.724334
vt 0.629832 0.972597
vt 0.628567 0.970710
vt 0.778001 0.718162
vt 0.780240 0.718162
vt 0.634032 0.968398
vt 0.632141 0.967138
vt 0.778001 0.711992
vt 0.636304 0.962911
vt 0.634075 0.962471
vt 0.780240 0.705823
vt 0.778001 0.705823
vt 0.634076 0.957419
vt 0.783297 0.705823
vt 0.783297 0.798216
vt 0.783297 0.792069
vt 0.783297 0.724334
vt 0.783297 0.730502
vt 0.783297 0.736670
vt 0.783297 0.742844
vt 0.783297 0.749016
vt 0.783297 0.755185
vt 0.783297 0.761333
vt 0.783297 0.767480
vt 0.783297 0.779774
vt 0.783297 0.785921
vt 0.573255 0.741809
vt 0.591701 0.754530
vt 0.562563 0.762263
vt 0.783297 0.804363
vt 0.624343 0.742998
vt 0.635970 0.728087
vt 0.635298 0.763054
vt 0.625806 0.691508
vt 0.636191 0.706486
vt 0.634196 0.707957
vt 0.634375 0.155403
vt 0.640148 0.140058
vt 0.640148 0.155403
vt 0.880439 0.857175
vt 0.877741 0.878400
vt 0.877741 0.857175
vt 0.877741 0.897785
vt 0.880439 0.920501
vt 0.877741 0.920501
vt 0.884364 0.857175
vt 0.880439 0.878400
vt 0.880439 0.897785
vt 0.884364 0.920501
vt 0.627099 0.094959
vt 0.622407 0.079459
vt 0.627099 0.079459
vt 0.910144 0.857175
vt 0.912562 0.878400
vt 0.910144 0.878400
vt 0.910144 0.897785
vt 0.912562 0.897785
vt 0.910144 0.920501
vt 0.906363 0.857175
vt 0.906363 0.878400
vt 0.906363 0.897785
vt 0.906363 0.920501
vt 0.901246 0.857175
vt 0.901246 0.878400
vt 0.901246 0.920501
vt 0.901246 0.897785
vt 0.895416 0.857175
vt 0.895416 0.878400
vt 0.895416 0.920501
vt 0.895416 0.897785
vt 0.889552 0.878400
vt 0.889552 0.857175
vt 0.889552 0.897785
vt 0.889552 0.920501
vt 0.884364 0.878400
vt 0.884364 0.897785
vt 0.563195 0.727214
vt 0.565001 0.725189
vt 0.574624 0.690489
vt 0.562563 0.705788
vt 0.564068 0.672387
vt 0.170312 0.876672
vt 0.167593 0.899375
vt 0.167593 0.876672
vt 0.167593 0.918755
vt 0.170312 0.939979
vt 0.167593 0.939979
vt 0.174235 0.876672
vt 0.170312 0.899375
vt 0.170312 0.918755
vt 0.174235 0.939979
vt 0.627099 0.110460
vt 0.622407 0.094959
vt 0.200007 0.876672
vt 0.202425 0.899375
vt 0.200007 0.899375
vt 0.202425 0.918755
vt 0.200007 0.918755
vt 0.200007 0.939979
vt 0.196227 0.876672
vt 0.196227 0.899375
vt 0.196227 0.918755
vt 0.196227 0.939979
vt 0.191112 0.876672
vt 0.191112 0.899375
vt 0.191112 0.939979
vt 0.191112 0.918755
vt 0.185284 0.876672
vt 0.185284 0.899375
vt 0.185284 0.939979
vt 0.185284 0.918755
vt 0.179422 0.899375
vt 0.179422 0.876672
vt 0.179422 0.918755
vt 0.179422 0.939979
vt 0.174235 0.899375
vt 0.174235 0.918755
vt 0.323187 0.484910
vt 0.814012 0.711992
vt 0.323187 0.491083
vt 0.814012 0.718162
vt 0.323187 0.497257
vt 0.814012 0.724334
vt 0.534225 0.088949
vt 0.535389 0.082847
vt 0.539094 0.085368
vt 0.323187 0.521945
vt 0.323187 0.515771
vt 0.919499 0.849399
vt 0.909658 0.837592
vt 0.919499 0.837592
vt 0.814012 0.749016
vt 0.814012 0.742844
vt 0.323187 0.528118
vt 0.236814 0.320751
vt 0.237386 0.314576
vt 0.244702 0.314835
vt 0.814012 0.755185
vt 0.323187 0.478738
vt 0.353959 0.478738
vt 0.539052 0.079905
vt 0.814012 0.705823
vt 0.636090 0.672984
vt 0.591069 0.681800
vt 0.609757 0.682128
vt 0.371062 0.311587
vt 0.378901 0.292817
vt 0.378901 0.311587
vt 0.371062 0.386665
vt 0.378901 0.405435
vt 0.371062 0.405435
vt 0.371062 0.518052
vt 0.378901 0.499283
vt 0.378901 0.518052
vt 0.371062 0.367895
vt 0.378901 0.386665
vt 0.378901 0.424204
vt 0.371062 0.424204
vt 0.371062 0.349126
vt 0.378901 0.367895
vt 0.371062 0.461743
vt 0.378901 0.442974
vt 0.378901 0.461743
vt 0.371062 0.480513
vt 0.378901 0.480513
vt 0.371062 0.330356
vt 0.378901 0.349126
vt 0.608021 0.752261
vt 0.605884 0.755245
vt 0.203499 0.863774
vt 0.203499 0.848088
vt 0.232770 0.855931
vt 0.323269 0.694280
vt 0.251374 0.715411
vt 0.251374 0.694274
vt 0.622407 0.110460
vt 0.627099 0.125961
vt 0.622407 0.125961
vt 0.323269 0.661137
vt 0.251374 0.661136
vt 0.627099 0.032957
vt 0.622407 0.048458
vt 0.622407 0.032957
vt 0.371062 0.499283
vt 0.218721 0.395406
vt 0.217122 0.377156
vt 0.218721 0.377156
vt 0.378901 0.330356
vt 0.371062 0.442974
vt 0.218721 0.340656
vt 0.217122 0.322406
vt 0.218721 0.322406
vt 0.627099 0.141462
vt 0.622407 0.141462
vt 0.218721 0.486655
vt 0.217122 0.504907
vt 0.217122 0.486655
vt 0.217122 0.304154
vt 0.218721 0.304154
vt 0.218721 0.450154
vt 0.217122 0.468404
vt 0.217122 0.450154
vt 0.218721 0.523158
vt 0.218721 0.504907
vt 0.218721 0.468404
vt 0.627099 0.017455
vt 0.622407 0.017455
vt 0.218721 0.413655
vt 0.217122 0.431904
vt 0.217122 0.413655
vt 0.218721 0.431904
vt 0.218721 0.358907
vt 0.217122 0.340656
vt 0.217122 0.395406
vt 0.217122 0.358907
vt 0.627099 0.063959
vt 0.622407 0.063959
vt 0.215468 0.504907
vt 0.215468 0.486655
vt 0.546604 0.018754
vt 0.549672 0.035556
vt 0.546604 0.035556
vt 0.215468 0.322406
vt 0.546604 0.186751
vt 0.549672 0.169950
vt 0.549672 0.186751
vt 0.215468 0.468404
vt 0.215468 0.450154
vt 0.546604 0.052356
vt 0.549672 0.069156
vt 0.546604 0.069156
vt 0.217122 0.523158
vt 0.549672 0.001953
vt 0.549672 0.018754
vt 0.549672 0.052356
vt 0.215468 0.304154
vt 0.546604 0.203552
vt 0.549672 0.203552
vt 0.215468 0.413655
vt 0.546604 0.085956
vt 0.549672 0.102754
vt 0.546604 0.102754
vt 0.215468 0.431904
vt 0.549672 0.085956
vt 0.215468 0.358907
vt 0.215468 0.340656
vt 0.546604 0.169950
vt 0.549672 0.153151
vt 0.215468 0.395406
vt 0.549672 0.119553
vt 0.546604 0.119553
vt 0.215468 0.377156
vt 0.546604 0.136351
vt 0.549672 0.136351
vt 0.546604 0.153151
vt 0.919499 0.802438
vt 0.909658 0.819582
vt 0.909658 0.802438
vt 0.919499 0.819582
vt 0.909658 0.831674
vt 0.775581 0.808158
vt 0.772098 0.813277
vt 0.767183 0.816404
vt 0.235548 0.308647
vt 0.231426 0.304053
vt 0.770842 0.819350
vt 0.938493 0.828586
vt 0.941360 0.834071
vt 0.930638 0.822646
vt 0.937952 0.822416
vt 0.943963 0.811926
vt 0.939820 0.816500
vt 0.605420 0.763748
vt 0.233918 0.326230
vt 0.236027 0.337549
vt 0.231426 0.334371
vt 0.592267 0.763253
vt 0.563284 0.200058
vt 0.554584 0.193295
vt 0.563284 0.193295
vt 0.919499 0.790880
vt 0.909658 0.799877
vt 0.909658 0.790880
vt 0.939347 0.845581
vt 0.929995 0.833914
vt 0.929606 0.824928
vt 0.554584 0.187957
vt 0.919499 0.783526
vt 0.990209 0.614717
vt 0.985460 0.604192
vt 0.990206 0.600566
vt 0.563284 0.182486
vt 0.554584 0.182486
vt 0.540203 0.082625
vt 0.767141 0.821865
vt 0.766032 0.819121
vt 0.909658 0.834640
vt 0.919499 0.834640
vt 0.919499 0.831674
vt 0.534132 0.076770
vt 0.530646 0.071643
vt 0.919499 0.799877
vt 0.909658 0.801158
vt 0.919499 0.801158
vt 0.366773 0.946948
vt 0.201002 0.946196
vt 0.346877 0.933660
vt 0.343309 0.951621
vt 0.185779 0.956373
vt 0.245452 0.315869
vt 0.245723 0.317119
vt 0.245288 0.326116
vt 0.929883 0.823678
vt 0.293341 0.750248
vt 0.323269 0.715417
vt 0.323269 0.750154
vt 0.281473 0.750218
vt 0.251374 0.750154
vt 0.762280 0.301202
vt 0.714167 0.391443
vt 0.714180 0.301198
vt 0.762267 0.417074
vt 0.717801 0.405977
vt 0.760521 0.406964
vt 0.873751 0.646682
vt 0.883306 0.736927
vt 0.873751 0.736927
vt 0.762280 0.507319
vt 0.714167 0.417077
vt 0.789382 0.690041
vt 0.785981 0.684991
vt 0.792954 0.684991
vt 0.912134 0.102346
vt 0.905668 0.012197
vt 0.912134 0.012197
vt 0.905330 0.646764
vt 0.897689 0.736917
vt 0.898871 0.646679
vt 0.248329 0.815383
vt 0.210678 0.823158
vt 0.208179 0.817170
vt 0.258006 0.757762
vt 0.253658 0.768714
vt 0.248989 0.763828
vt 0.904152 0.737001
vt 0.898828 0.747104
vt 0.905668 0.001953
vt 0.912134 0.001953
vt 0.825360 0.698451
vt 0.825358 0.624464
vt 0.789381 0.632876
vt 0.826707 0.617370
vt 0.835132 0.616913
vt 0.883306 0.747178
vt 0.873751 0.747178
vt 0.877114 0.424571
vt 0.873801 0.414187
vt 0.878626 0.414432
vt 0.857793 0.667307
vt 0.866639 0.657056
vt 0.866639 0.667307
vt 0.785980 0.637926
vt 0.792953 0.637926
vt 0.846514 0.936837
vt 0.846514 0.946392
vt 0.833855 0.927282
vt 0.846514 0.955238
vt 0.051084 0.950873
vt 0.004034 0.915763
vt 0.051099 0.915783
vt 0.247187 0.769567
vt 0.013592 0.907302
vt 0.023147 0.907306
vt 0.031993 0.907310
vt 0.877010 0.324201
vt 0.873751 0.323963
vt 0.866639 0.757552
vt 0.889710 0.104540
vt 0.899265 0.108501
vt 0.889710 0.108501
vt 0.041548 0.907314
vt 0.889083 0.332123
vt 0.885769 0.342507
vt 0.885720 0.330145
vt 0.514688 0.770604
vt 0.524242 0.860849
vt 0.514688 0.860849
vt 0.514688 0.871100
vt 0.846514 0.964792
vt 0.833855 0.974347
vt 0.851815 0.927272
vt 0.761233 0.183926
vt 0.714167 0.172991
vt 0.761233 0.172991
vt 0.851820 0.946392
vt 0.201576 0.753656
vt 0.208448 0.768556
vt 0.195520 0.755943
vt 0.201607 0.832218
vt 0.195520 0.830023
vt 0.851815 0.974350
vt 0.851820 0.964796
vt 0.762280 0.391447
vt 0.721416 0.401981
vt 0.004019 0.903412
vt 0.031995 0.903409
vt 0.023149 0.903405
vt 0.826709 0.705545
vt 0.835132 0.706004
vt 0.828713 0.707048
vt 0.051111 0.903433
vt 0.041556 0.903413
vt 0.899265 0.014315
vt 0.889710 0.001953
vt 0.899265 0.001953
vt 0.899265 0.104540
vt 0.889710 0.014315
vt 0.865772 0.193895
vt 0.875327 0.206256
vt 0.865772 0.206256
vt 0.865772 0.103670
vt 0.875327 0.193895
vt 0.899201 0.327063
vt 0.902514 0.316680
vt 0.902564 0.329042
vt 0.900948 0.116549
vt 0.897738 0.206535
vt 0.897689 0.116311
vt 0.899305 0.226694
vt 0.897689 0.316925
vt 0.875327 0.099709
vt 0.875327 0.103670
vt 0.901051 0.216918
vt 0.902564 0.206779
vt 0.888979 0.432493
vt 0.890595 0.342262
vt 0.873767 0.320002
vt 0.897705 0.112349
vt 0.885736 0.436692
vt 0.885720 0.432731
vt 0.902548 0.222494
vt 0.902564 0.226456
vt 0.319710 0.937298
vt 0.332823 0.934125
vt 0.328277 0.942193
vt 0.591003 0.919321
vt 0.592200 0.911744
vt 0.595006 0.912816
vt 0.588365 0.886804
vt 0.581250 0.885095
vt 0.583004 0.882458
vt 0.325846 0.916191
vt 0.320906 0.910308
vt 0.323629 0.909088
vt 0.909658 0.683339
vt 0.919829 0.691026
vt 0.909658 0.691026
vt 0.909658 0.675652
vt 0.919829 0.683339
vt 0.909658 0.667965
vt 0.919829 0.675652
vt 0.909658 0.660278
vt 0.919829 0.667965
vt 0.909658 0.652591
vt 0.919829 0.660278
vt 0.323187 0.555169
vt 0.333358 0.562855
vt 0.323187 0.562855
vt 0.323187 0.547482
vt 0.333358 0.555169
vt 0.323187 0.539795
vt 0.333358 0.547482
vt 0.909658 0.698713
vt 0.919829 0.706400
vt 0.909658 0.706400
vt 0.919829 0.698713
vt 0.922952 0.706400
vt 0.922952 0.691026
vt 0.926075 0.698713
vt 0.922952 0.698713
vt 0.922952 0.683339
vt 0.926075 0.691026
vt 0.922952 0.675652
vt 0.926075 0.683339
vt 0.922952 0.667965
vt 0.926075 0.675652
vt 0.922952 0.660278
vt 0.926075 0.667965
vt 0.919829 0.652591
vt 0.922952 0.652591
vt 0.926075 0.660278
vt 0.922952 0.644904
vt 0.926075 0.652591
vt 0.339604 0.578229
vt 0.336481 0.585916
vt 0.336481 0.578229
vt 0.333358 0.570542
vt 0.333358 0.578229
vt 0.336481 0.539795
vt 0.333358 0.539795
vt 0.333358 0.532108
vt 0.336481 0.532108
vt 0.339604 0.539795
vt 0.319197 0.976707
vt 0.335854 0.973652
vt 0.320957 0.982342
vt 0.324376 0.960598
vt 0.320966 0.965391
vt 0.755231 0.992483
vt 0.766731 0.978748
vt 0.760144 0.996402
vt 0.750074 0.976003
vt 0.750074 0.981803
vt 0.760070 0.962022
vt 0.755253 0.965694
vt 0.324354 0.987387
vt 0.319197 0.970907
vt 0.335143 0.954822
vt 0.329194 0.956926
vt 0.751834 0.987437
vt 0.751842 0.970487
vt 0.766019 0.959918
vt 0.329268 0.991306
vt 0.320733 0.890587
vt 0.306780 0.894184
vt 0.313594 0.897963
vt 0.604116 0.916147
vt 0.597149 0.905646
vt 0.606732 0.906851
vt 0.597138 0.898214
vt 0.603965 0.887503
vt 0.606732 0.897000
vt 0.598790 0.879206
vt 0.594921 0.891111
vt 0.584887 0.879986
vt 0.590699 0.884912
vt 0.584874 0.867534
vt 0.592026 0.872610
vt 0.323188 0.948934
vt 0.314302 0.943219
vt 0.323713 0.930793
vt 0.325856 0.923623
vt 0.335440 0.924828
vt 0.335440 0.914978
vt 0.332672 0.905480
vt 0.319406 0.902889
vt 0.327497 0.897183
vt 0.599569 0.924216
vt 0.585594 0.925242
vt 0.594481 0.930957
vt 0.588442 0.917566
vt 0.585995 0.915593
vt 0.583109 0.922604
vt 0.594182 0.905311
vt 0.589411 0.910555
vt 0.594192 0.898668
vt 0.591190 0.904922
vt 0.592199 0.892331
vt 0.591208 0.899118
vt 0.589456 0.893593
vt 0.578072 0.876206
vt 0.576414 0.879394
vt 0.317150 0.935543
vt 0.314703 0.933571
vt 0.311816 0.940581
vt 0.320907 0.929721
vt 0.318118 0.928532
vt 0.322889 0.923288
vt 0.319916 0.917096
vt 0.322899 0.916646
vt 0.318164 0.911570
vt 0.314766 0.906763
vt 0.317072 0.904781
vt 0.305122 0.897371
vt 0.574532 0.901812
vt 0.586059 0.888785
vt 0.303239 0.919789
vt 0.319897 0.922899
vt 0.575303 0.882971
vt 0.581066 0.919499
vt 0.762043 0.517272
vt 0.743111 0.001953
vt 0.745861 0.007661
vt 0.659378 0.335454
vt 0.582511 0.335454
vt 0.525391 0.946783
vt 0.525391 0.953308
vt 0.490750 0.953308
vt 0.536537 0.022339
vt 0.530549 0.021041
vt 0.536563 0.011825
vt 0.570542 0.331464
vt 0.972556 0.182939
vt 0.972556 0.201388
vt 0.653606 0.451606
vt 0.745861 0.130876
vt 0.807595 0.618749
vt 0.602385 0.350356
vt 0.629874 0.350356
vt 0.618909 0.885161
vt 0.617316 0.908983
vt 0.606448 0.930922
vt 0.638212 0.941111
vt 0.163450 0.931870
vt 0.133753 0.943555
vt 0.131686 0.942059
vt 0.142113 0.880602
vt 0.842018 0.825510
vt 0.762850 0.842114
vt 0.714167 0.897604
vt 0.425258 0.472334
vt 0.420353 0.484764
vt 0.449195 0.642727
vt 0.418937 0.657802
vt 0.950899 0.423426
vt 0.722037 0.931388
vt 0.123598 0.942888
vt 0.110582 0.923944
vt 0.471206 0.421477
vt 0.690282 0.900025
vt 0.683889 0.900025
vt 0.679627 0.900025
vt 0.668969 0.900025
vt 0.660444 0.900025
vt 0.700940 0.900025
vt 0.694545 0.900025
vt 0.977481 0.099335
vt 0.977481 0.103597
vt 0.977481 0.107859
vt 0.977481 0.056707
vt 0.977481 0.060969
vt 0.977481 0.065232
vt 0.977481 0.071627
vt 0.977481 0.082283
vt 0.977481 0.095071
vt 0.434896 0.227828
vt 0.452294 0.186199
vt 0.452294 0.209402
vt 0.092701 0.684667
vt 0.436862 0.111244
vt 0.885720 0.529352
vt 0.858882 0.588705
vt 0.857793 0.588705
vt 0.857793 0.581873
vt 0.893699 0.443869
vt 0.886810 0.467867
vt 0.901679 0.532680
vt 0.961522 0.132608
vt 0.961522 0.112136
vt 0.438729 0.051193
vt 0.902768 0.471195
vt 0.851807 0.202097
vt 0.851807 0.222788
vt 0.849814 0.222788
vt 0.849814 0.215891
vt 0.850522 0.429317
vt 0.850522 0.408160
vt 0.841835 0.387002
vt 0.850522 0.387002
vt 0.841835 0.379950
vt 0.850522 0.379950
vt 0.850522 0.485736
vt 0.850522 0.492788
vt 0.841835 0.492788
vt 0.841835 0.478683
vt 0.850522 0.478683
vt 0.850522 0.464579
vt 0.866862 0.564255
vt 0.878830 0.464623
vt 0.850779 0.312489
vt 0.850779 0.326594
vt 0.850779 0.291332
vt 0.850779 0.361856
vt 0.850779 0.347751
vt 0.877741 0.444129
vt 0.865772 0.625740
vt 0.841835 0.670695
vt 0.841835 0.649538
vt 0.841835 0.691853
vt 0.841835 0.698905
vt 0.841835 0.621329
vt 0.841835 0.614276
vt 0.850435 0.614276
vt 0.858882 0.575042
vt 0.878830 0.485118
vt 0.878830 0.491950
vt 0.877741 0.491950
vt 0.859901 0.202097
vt 0.859901 0.160715
vt 0.859901 0.126230
vt 0.859901 0.208994
vt 0.893445 0.719663
vt 0.893445 0.666586
vt 0.893445 0.686489
vt 0.932044 0.591896
vt 0.929606 0.562485
vt 0.958752 0.071297
vt 0.957533 0.071297
vt 0.957533 0.066963
vt 0.866573 0.379715
vt 0.866573 0.399573
vt 0.866573 0.340000
vt 0.866573 0.359858
vt 0.874650 0.302915
vt 0.874650 0.256580
vt 0.874650 0.276438
vt 0.890554 0.273275
vt 0.890554 0.299752
vt 0.890554 0.240179
vt 0.890554 0.253418
vt 0.890554 0.286514
vt 0.829866 0.316386
vt 0.387020 0.794078
vt 0.356450 0.687127
vt 0.829866 0.291057
vt 0.396346 0.730671
vt 0.396346 0.772885
vt 0.941574 0.148853
vt 0.941574 0.158974
vt 0.953951 0.810385
vt 0.395000 0.713785
vt 0.223447 0.329483
vt 0.816291 0.001953
vt 0.778709 0.215122
vt 0.778709 0.223838
vt 0.778709 0.232553
vt 0.778709 0.180259
vt 0.778709 0.145395
vt 0.778709 0.284848
vt 0.778709 0.267417
vt 0.778709 0.258701
vt 0.395000 0.385690
vt 0.778967 0.028100
vt 0.778967 0.106543
vt 0.821887 0.291057
vt 0.821887 0.375486
vt 0.770022 0.341132
vt 0.770022 0.384711
vt 0.770022 0.314985
vt 0.387020 0.709648
vt 0.805928 0.061582
vt 0.805928 0.044545
vt 0.805928 0.087137
vt 0.805928 0.078618
vt 0.805928 0.112692
vt 0.805928 0.001953
vt 0.805928 0.027508
vt 0.789716 0.411071
vt 0.789716 0.304477
vt 0.789716 0.337275
vt 0.692941 0.224602
vt 0.698209 0.212691
vt 0.347925 0.775338
vt 0.347925 0.726255
vt 0.068751 0.757288
vt 0.068751 0.708205
vt 0.523511 0.742073
vt 0.523511 0.676629
vt 0.921626 0.366007
vt 0.921626 0.378554
vt 0.921626 0.397375
vt 0.921626 0.353459
vt 0.921626 0.416196
vt 0.931490 0.340912
vt 0.926075 0.403649
vt 0.735313 0.656407
vt 0.706188 0.169000
vt 0.970900 0.060674
vt 0.163603 0.612462
vt 0.610479 0.154471
vt 0.610465 0.101122
vt 0.135676 0.595342
vt 0.965512 0.002256
vt 0.718157 0.135119
vt 0.275961 0.474748
vt 0.004019 0.434191
vt 0.559919 0.297010
vt 0.666816 0.310929
vt 0.663717 0.311750
vt 0.668086 0.199426
vt 0.203499 0.357802
vt 0.949554 0.266058
vt 0.923080 0.599918
vt 0.786012 0.229024
vt 0.923080 0.608751
vt 0.786006 0.256595
vt 0.786019 0.191868
vt 0.923079 0.567522
vt 0.594479 0.335454
vt 0.786005 0.265957
vt 0.954973 0.346225
vt 0.606448 0.342416
vt 0.117851 0.348120
vt 0.079531 0.304154
vt 0.004019 0.375040
vt 0.923080 0.631100
vt 0.123836 0.358787
vt 0.622407 0.191957
vt 0.123805 0.409520
vt 0.122984 0.412620
vt 0.685495 0.266689
vt 0.546685 0.219436
vt 0.801668 0.889884
vt 0.457086 0.681000
vt 0.457086 0.656369
vt 0.359256 0.577305
vt 0.359256 0.528118
vt 0.359256 0.509595
vt 0.359256 0.478738
vt 0.537662 0.681000
vt 0.537662 0.631737
vt 0.537662 0.582338
vt 0.780240 0.804363
vt 0.589387 0.751355
vt 0.633980 0.726880
vt 0.634375 0.140058
vt 0.912562 0.857175
vt 0.912562 0.920501
vt 0.564723 0.706391
vt 0.202425 0.876672
vt 0.202425 0.939979
vt 0.323187 0.503426
vt 0.814012 0.730502
vt 0.909658 0.849399
vt 0.371062 0.292817
vt 0.627099 0.156964
vt 0.215468 0.523158
vt 0.546604 0.001953
vt 0.554584 0.200058
vt 0.943963 0.842422
vt 0.563284 0.187957
vt 0.909658 0.783526
vt 0.985474 0.611128
vt 0.715926 0.291088
vt 0.758647 0.290102
vt 0.883306 0.646682
vt 0.714167 0.507323
vt 0.905668 0.102346
vt 0.210781 0.762582
vt 0.262406 0.762122
vt 0.905330 0.747193
vt 0.828713 0.615869
vt 0.873751 0.426549
vt 0.857793 0.657056
vt 0.004019 0.950853
vt 0.714167 0.274171
vt 0.761233 0.274171
vt 0.761233 0.286109
vt 0.857793 0.757552
vt 0.524242 0.770604
vt 0.524242 0.871100
vt 0.851820 0.936827
vt 0.851820 0.955238
vt 0.755031 0.517857
vt 0.759822 0.401984
vt 0.013574 0.903401
vt 0.865772 0.099709
vt 0.897689 0.218897
vt 0.311711 0.900435
vt 0.309957 0.903073
vt 0.323187 0.532108
vt 0.909658 0.644904
vt 0.919829 0.644904
vt 0.323187 0.593603
vt 0.323187 0.585916
vt 0.333358 0.585916
vt 0.323187 0.578229
vt 0.323187 0.570542
vt 0.926075 0.706400
vt 0.926075 0.644904
vt 0.336481 0.593603
vt 0.333358 0.593603
vt 0.339604 0.585916
vt 0.339604 0.593603
vt 0.336481 0.570542
vt 0.339604 0.570542
vt 0.336481 0.562855
vt 0.339604 0.562855
vt 0.336481 0.555169
vt 0.339604 0.555169
vt 0.336481 0.547482
vt 0.339604 0.547482
vt 0.339604 0.532108
vt 0.313582 0.885511
vt 0.309773 0.937476
s 1
usemtl Material.003
f 41/1/1 2/2/2 9/3/3
f 36/4/4 6/5/4 35/6/4
f 3/7/5 19/8/5 13/9/5
f 5/10/6 40/11/7 12/12/8
f 46/13/9 4/14/10 14/15/11
f 8/16/12 20/17/12 40/11/7
f 17/18/13 18/19/14 19/20/15
f 2/21/16 4/22/17 1/23/16
f 5/24/18 7/25/19 8/26/20
f 9/27/21 42/28/22 41/29/23
f 21/30/24 15/31/25 16/32/25
f 16/33/26 8/26/26 7/25/26
f 3/34/27 14/35/27 4/22/27
f 24/36/28 28/37/28 23/38/28
f 23/39/29 1/23/29 24/40/29
f 45/41/30 43/42/31 16/43/32
f 43/42/31 14/15/11 16/43/32
f 39/44/33 10/45/34 11/46/35
f 16/47/36 18/48/37 21/49/37
f 50/50/38 47/51/39 24/52/40
f 47/51/39 26/53/41 24/52/40
f 36/4/5 49/54/5 45/55/5
f 31/56/4 34/57/4 32/58/4
f 42/59/33 22/60/42 17/61/42
f 7/62/43 45/41/30 16/43/32
f 48/63/39 49/64/44 26/53/41
f 1/23/4 38/65/4 37/66/4
f 44/67/31 46/13/9 14/15/11
f 7/62/43 36/68/45 45/41/30
f 33/69/45 43/42/31 34/70/45
f 41/29/23 17/18/13 19/20/15
f 38/71/45 4/14/10 46/13/9
f 1/72/46 50/50/38 24/52/40
f 31/73/47 48/63/39 47/51/39
f 11/46/35 27/74/48 30/75/49
f 25/76/50 6/5/50 5/24/50
f 9/27/21 27/77/51 10/78/52
f 12/12/8 25/79/53 5/10/6
f 9/3/3 23/80/54 28/81/55
f 6/82/56 49/64/44 35/83/56
f 50/84/57 44/85/57 47/86/57
f 48/87/57 45/55/57 49/54/57
f 33/88/5 47/86/5 44/85/5
f 38/65/12 50/84/12 37/66/12
f 34/57/12 48/87/12 32/58/12
f 60/89/58 61/90/58 62/91/58
f 66/92/58 69/93/58 54/94/58
f 52/95/59 51/96/59 68/97/59
f 70/98/60 51/99/61 53/100/61
f 56/101/59 57/102/59 55/103/59
f 58/104/62 60/105/63 55/106/63
f 54/107/64 57/108/65 52/109/64
f 56/110/66 60/105/63 59/111/67
f 62/112/65 58/104/62 57/108/65
f 51/99/61 59/113/68 53/100/61
f 64/114/69 66/115/70 65/116/69
f 54/107/64 64/114/69 65/116/69
f 70/98/60 68/117/71 67/118/72
f 72/119/73 86/120/73 75/121/73
f 79/122/73 80/123/73 72/119/73
f 74/124/74 80/125/75 83/126/75
f 81/127/76 82/128/76 74/129/76
f 72/130/74 88/131/77 85/132/77
f 87/133/76 74/129/76 76/134/76
f 73/135/78 75/136/79 76/137/79
f 77/138/80 81/139/81 78/140/82
f 80/141/83 84/142/84 83/143/83
f 88/144/85 86/145/85 85/146/85
f 82/147/86 71/148/78 73/135/78
f 104/120/87 103/149/87 90/119/87
f 96/150/87 90/119/87 97/122/87
f 98/125/88 92/124/89 101/126/88
f 102/151/90 101/152/91 92/129/90
f 103/132/92 92/124/89 90/130/89
f 94/134/90 92/129/90 105/133/90
f 94/137/93 89/148/94 91/135/94
f 96/140/95 100/147/96 95/138/97
f 102/142/84 98/141/98 101/143/98
f 103/146/99 105/153/99 106/144/99
f 91/135/94 95/138/97 100/147/96
f 121/154/73 122/155/73 111/156/73
f 116/157/73 108/158/73 113/159/73
f 110/160/100 116/161/101 119/162/101
f 117/163/102 115/164/103 114/165/102
f 118/166/76 119/167/76 117/168/76
f 108/169/100 124/170/104 121/171/104
f 112/172/76 123/173/76 124/174/76
f 109/175/105 111/176/106 112/177/106
f 118/178/107 114/165/102 113/179/107
f 119/162/101 115/164/103 120/180/103
f 121/171/104 123/181/108 122/182/108
f 109/175/105 113/179/107 107/183/105
f 129/156/87 139/154/87 126/158/87
f 134/157/87 133/184/109 132/185/87
f 137/162/110 126/169/111 128/160/111
f 135/163/112 133/164/113 138/180/113
f 137/167/91 128/186/90 136/166/91
f 126/169/111 142/170/114 128/160/111
f 142/174/91 141/173/91 130/172/90
f 127/175/115 129/176/116 125/183/115
f 131/179/117 135/163/112 136/178/117
f 137/162/110 133/164/113 134/161/110
f 139/171/114 141/181/118 142/170/114
f 127/175/115 131/179/117 136/178/117
f 237/187/119 143/188/120 189/189/121
f 147/190/122 197/191/123 149/192/124
f 197/191/123 151/193/125 149/192/124
f 151/193/125 201/194/126 153/195/127
f 201/194/126 155/196/128 153/195/127
f 203/197/129 157/198/130 155/199/128
f 205/200/131 159/201/132 157/198/130
f 207/202/133 161/203/134 159/201/132
f 209/204/135 163/205/136 161/203/134
f 163/205/136 213/206/137 165/207/138
f 213/206/137 167/208/139 165/207/138
f 167/208/139 217/209/140 169/210/141
f 217/209/140 171/211/142 169/210/141
f 219/212/143 173/213/144 171/211/142
f 173/213/144 223/214/145 175/215/146
f 223/214/145 177/216/147 175/215/146
f 225/217/148 179/218/149 177/216/147
f 179/218/149 229/219/150 181/220/151
f 229/219/150 183/221/152 181/220/151
f 231/222/153 185/223/154 183/221/152
f 185/223/154 235/224/155 187/225/156
f 235/224/155 189/189/121 187/225/156
f 238/226/157 281/227/158 284/228/159
f 143/188/120 193/229/160 145/230/161
f 193/229/160 147/190/122 145/230/161
f 188/231/155 238/226/157 236/232/162
f 186/233/163 236/232/162 234/234/164
f 184/235/153 234/234/164 232/236/165
f 230/237/166 184/235/153 232/236/165
f 180/238/167 230/237/166 228/239/168
f 178/240/148 228/239/168 226/241/169
f 224/242/170 178/240/148 226/241/169
f 222/243/171 176/244/145 224/242/170
f 172/245/143 222/243/171 220/246/172
f 170/247/140 220/246/172 218/248/173
f 168/249/174 218/248/173 216/250/175
f 214/251/176 168/249/174 216/250/175
f 212/252/177 166/253/137 214/251/176
f 162/254/135 212/252/177 210/255/178
f 160/256/133 210/255/178 208/257/179
f 206/258/180 160/256/133 208/257/179
f 156/259/129 206/258/180 204/260/181
f 154/261/126 204/262/181 202/263/182
f 152/264/183 202/263/182 200/265/184
f 198/266/185 152/264/183 200/265/184
f 148/267/186 198/266/185 196/268/187
f 146/269/160 196/268/187 194/270/188
f 191/271/189 146/269/160 194/270/188
f 231/222/153 274/272/190 233/273/163
f 206/258/180 306/274/191 310/275/192
f 259/276/193 257/277/194 255/278/195
f 313/279/196 307/280/197 311/281/198
f 223/214/145 258/282/199 225/217/148
f 200/265/184 326/283/200 198/266/185
f 219/212/143 242/284/201 246/285/202
f 283/286/203 277/287/204 275/288/205
f 325/289/206 328/290/207 329/291/208
f 220/246/172 240/292/209 218/248/173
f 233/273/163 278/293/210 235/224/155
f 208/257/179 302/294/211 306/274/191
f 263/295/212 261/296/213 259/276/193
f 305/297/214 307/280/197 309/298/215
f 227/299/167 258/282/199 262/300/216
f 200/265/184 318/301/217 322/302/218
f 243/303/219 249/304/220 245/305/221
f 282/306/222 331/307/223 280/308/224
f 321/309/225 323/310/226 325/289/206
f 217/209/140 288/311/227 242/284/201
f 235/224/155 286/312/228 237/187/119
f 210/255/178 298/313/229 302/294/211
f 263/295/212 269/314/230 265/315/231
f 282/306/222 285/316/232 283/286/203
f 190/317/119 191/271/189 238/226/157
f 238/226/157 276/318/233 236/232/162
f 236/232/162 272/319/234 234/234/164
f 232/236/165 272/319/234 268/320/235
f 232/236/165 264/321/236 230/237/166
f 230/237/166 260/322/237 228/239/168
f 226/241/169 260/322/237 256/323/238
f 224/242/170 256/323/238 252/324/239
f 224/242/170 248/325/240 222/243/171
f 222/243/171 244/326/241 220/246/172
f 243/303/219 241/327/242 239/328/243
f 213/206/137 288/311/227 215/329/174
f 211/330/244 292/331/245 213/206/137
f 209/204/135 296/332/246 211/330/244
f 207/202/133 300/333/247 209/204/135
f 205/200/131 304/334/248 207/202/133
f 205/200/131 312/335/249 308/336/250
f 201/194/126 312/337/249 203/338/129
f 201/194/126 320/339/251 316/340/252
f 199/341/183 324/342/253 320/339/251
f 197/191/123 327/343/254 324/342/253
f 195/344/186 332/345/255 327/343/254
f 237/187/119 279/346/256 192/347/257
f 293/348/258 295/349/259 297/350/260
f 329/291/208 331/307/223 334/351/261
f 275/288/205 273/352/262 271/353/263
f 214/251/176 290/354/264 294/355/265
f 198/266/185 330/356/266 196/268/187
f 221/357/267 254/358/268 223/214/145
f 313/359/196 315/360/269 317/361/270
f 251/362/271 257/277/194 253/363/272
f 204/260/181 310/275/192 314/364/273
f 231/222/153 266/365/274 270/366/275
f 297/350/260 299/367/276 301/368/277
f 194/270/188 281/227/158 191/271/189
f 267/369/278 273/352/262 269/314/230
f 212/252/177 294/355/265 298/313/229
f 196/268/187 333/370/279 194/270/188
f 221/357/267 246/285/202 250/371/280
f 317/361/270 319/372/281 321/309/225
f 289/373/282 291/374/283 293/348/258
f 193/229/160 279/346/256 332/345/255
f 251/362/271 249/304/220 247/375/284
f 204/262/181 318/301/217 202/263/182
f 227/299/167 266/365/274 229/219/150
f 305/297/214 299/367/276 303/376/285
f 332/345/255 280/308/224 331/307/223
f 281/227/158 283/286/203 284/228/159
f 333/370/279 282/306/222 281/227/158
f 327/343/254 323/310/226 324/342/253
f 320/339/251 323/310/226 319/372/281
f 320/339/251 315/360/269 316/340/252
f 316/340/252 311/377/198 312/337/249
f 312/335/249 307/280/197 308/336/250
f 304/334/248 307/280/197 303/376/285
f 300/333/247 303/376/285 299/367/276
f 296/332/246 299/367/276 295/349/259
f 292/331/245 295/349/259 291/374/283
f 288/311/227 291/374/283 287/378/286
f 288/311/227 241/327/242 242/284/201
f 242/284/201 245/305/221 246/285/202
f 246/285/202 249/304/220 250/371/280
f 254/358/268 249/304/220 253/363/272
f 258/282/199 253/363/272 257/277/194
f 262/300/216 257/277/194 261/296/213
f 262/300/216 265/315/231 266/365/274
f 270/366/275 265/315/231 269/314/230
f 274/272/190 269/314/230 273/352/262
f 278/293/210 273/352/262 277/287/204
f 286/312/228 277/287/204 285/316/232
f 279/346/256 285/316/232 280/308/224
f 327/343/254 331/307/223 328/290/207
f 284/228/159 275/288/205 276/318/233
f 272/319/234 275/288/205 271/353/263
f 268/320/235 271/353/263 267/369/278
f 268/320/235 263/295/212 264/321/236
f 264/321/236 259/276/193 260/322/237
f 256/323/238 259/276/193 255/278/195
f 252/324/239 255/278/195 251/362/271
f 248/325/287 251/362/271 247/375/284
f 244/326/241 247/375/284 243/303/219
f 244/326/241 239/328/243 240/292/209
f 290/354/264 239/328/243 289/373/282
f 290/354/264 293/348/258 294/355/265
f 294/355/265 297/350/260 298/313/229
f 298/313/229 301/368/277 302/294/211
f 306/274/191 301/368/277 305/297/214
f 310/275/192 305/297/214 309/298/215
f 310/275/192 313/279/196 314/364/273
f 314/379/273 317/361/270 318/301/217
f 318/301/217 321/309/225 322/302/218
f 326/283/200 321/309/225 325/289/206
f 326/283/200 329/291/208 330/356/266
f 330/356/266 334/351/261 333/370/279
f 289/373/282 241/327/242 287/378/286
f 170/247/140 349/380/288 172/245/143
f 148/267/186 338/381/289 150/382/123
f 180/238/167 352/383/290 353/384/291
f 156/259/129 342/385/292 158/386/131
f 186/233/163 357/387/293 188/231/155
f 164/388/244 346/389/294 166/253/137
f 172/245/143 350/390/295 174/391/267
f 152/264/183 338/381/289 339/392/296
f 182/393/150 353/384/291 354/394/297
f 158/386/131 343/395/298 160/256/133
f 190/317/119 357/387/293 358/396/299
f 166/253/137 347/397/300 168/249/174
f 144/398/257 336/399/301 146/269/160
f 174/391/267 351/400/302 176/244/145
f 154/261/126 339/392/296 340/401/303
f 184/235/153 354/394/297 355/402/304
f 160/256/133 344/403/305 162/254/135
f 144/398/257 358/396/299 335/404/306
f 170/247/140 347/397/300 348/405/307
f 146/269/160 337/406/308 148/267/186
f 178/240/148 351/400/302 352/383/290
f 154/261/126 341/407/309 156/408/129
f 186/233/163 355/402/304 356/409/310
f 162/254/135 345/410/311 164/388/244
f 357/387/293 382/411/121 358/396/299
f 336/399/301 359/412/120 360/413/161
f 350/390/295 375/414/146 351/400/302
f 344/403/305 367/415/132 368/416/134
f 358/396/299 359/412/120 335/404/306
f 336/399/301 361/417/122 337/406/308
f 351/400/302 376/418/147 352/383/290
f 344/403/305 369/419/136 345/410/311
f 338/381/289 361/417/122 362/420/124
f 352/383/290 377/421/149 353/384/291
f 345/410/311 370/422/138 346/389/294
f 338/381/289 363/423/125 339/392/296
f 353/384/291 378/424/151 354/394/297
f 347/397/300 370/422/138 371/425/139
f 340/401/303 363/423/125 364/426/127
f 354/394/297 379/427/152 355/402/304
f 347/397/300 372/428/141 348/405/307
f 341/407/309 364/426/127 365/429/128
f 355/402/304 380/430/154 356/409/310
f 349/380/288 372/428/141 373/431/142
f 342/385/292 365/432/128 366/433/130
f 357/387/293 380/430/154 381/434/156
f 350/390/295 373/431/142 374/435/144
f 343/395/298 366/433/130 367/415/132
f 429/436/312 432/437/120 383/438/120
f 435/439/313 389/440/314 387/441/313
f 389/440/314 439/442/315 391/443/315
f 391/443/315 441/444/316 393/445/316
f 441/444/316 395/446/317 393/445/316
f 395/446/317 445/447/318 397/448/318
f 445/447/318 399/449/319 397/448/318
f 399/449/319 449/450/320 401/451/320
f 401/451/320 451/452/321 403/453/321
f 451/452/321 405/454/322 403/453/321
f 453/455/323 407/456/139 405/454/322
f 455/457/139 409/458/324 407/456/139
f 409/458/324 459/459/325 411/460/325
f 411/460/325 461/461/326 413/462/326
f 461/461/326 415/463/327 413/462/326
f 463/464/327 417/465/328 415/463/327
f 417/465/328 467/466/329 419/467/329
f 467/468/329 421/469/330 419/470/329
f 469/471/330 423/472/331 421/469/330
f 471/473/331 425/474/332 423/472/331
f 473/475/332 427/476/333 425/474/332
f 427/476/333 477/477/334 429/436/312
f 522/478/335 571/479/336 520/480/337
f 432/437/120 385/481/338 383/438/120
f 385/481/338 435/439/313 387/441/313
f 476/482/333 430/483/312 478/484/339
f 426/485/332 476/482/333 474/486/332
f 472/487/331 426/485/332 474/486/332
f 422/488/330 472/487/331 470/489/330
f 468/490/329 422/488/330 470/489/330
f 418/491/328 468/492/329 466/493/328
f 464/494/327 418/491/328 466/493/328
f 414/495/326 464/494/327 462/496/326
f 460/497/325 414/495/326 462/496/326
f 410/498/340 460/497/325 458/499/324
f 408/500/139 458/499/324 456/501/139
f 454/502/341 408/500/139 456/501/139
f 404/503/321 454/502/341 452/504/321
f 450/505/320 404/503/321 452/504/321
f 448/506/319 402/507/320 450/505/320
f 446/508/318 400/509/319 448/506/319
f 444/510/317 398/511/318 446/508/318
f 394/512/316 444/510/317 442/513/316
f 392/514/315 442/513/316 440/515/315
f 390/516/314 440/515/315 438/517/314
f 388/518/313 438/517/314 436/519/313
f 386/520/342 436/519/313 434/521/342
f 431/522/120 386/520/342 434/521/342
f 467/523/343 506/524/343 469/525/343
f 491/526/344 489/527/345 487/528/346
f 478/529/347 521/530/347 524/531/347
f 529/532/348 531/533/349 533/534/350
f 557/535/351 559/536/352 561/537/353
f 461/538/343 486/539/343 490/540/343
f 436/541/347 573/542/347 434/543/347
f 507/544/354 513/545/355 509/546/356
f 434/543/347 521/530/347 431/547/347
f 537/548/357 539/549/358 541/550/359
f 469/525/343 510/551/343 471/552/343
f 491/526/344 497/553/360 493/554/361
f 557/535/351 551/555/362 555/556/363
f 463/557/343 490/540/343 494/558/343
f 438/559/347 570/560/347 436/541/347
f 454/561/347 530/562/347 534/563/347
f 511/564/364 517/565/365 513/545/355
f 569/566/366 571/479/336 574/567/367
f 533/534/350 535/568/368 537/548/357
f 471/552/343 514/569/343 473/570/343
f 430/483/312 431/522/120 478/484/339
f 476/571/347 524/531/347 516/572/369
f 474/573/347 516/572/347 512/574/347
f 458/575/347 530/562/347 456/576/347
f 483/577/370 481/578/371 479/579/372
f 453/580/343 528/581/343 455/582/343
f 451/583/343 532/584/343 453/580/343
f 449/585/343 536/586/343 451/583/343
f 447/587/343 540/588/343 449/585/343
f 445/589/343 544/590/343 447/587/343
f 443/591/343 548/592/343 445/589/343
f 443/591/343 556/593/343 552/594/343
f 441/595/343 560/596/343 556/593/343
f 439/597/343 564/598/343 560/596/343
f 437/599/343 567/600/343 564/598/343
f 435/601/343 572/602/343 567/600/343
f 477/603/343 519/604/343 432/605/343
f 541/550/359 543/606/373 545/607/374
f 522/478/335 525/608/375 523/609/376
f 503/610/377 509/546/356 505/611/378
f 475/612/343 526/613/343 477/603/343
f 457/614/343 528/581/343 482/615/343
f 565/616/379 559/536/352 563/617/380
f 433/618/343 519/604/343 572/602/343
f 487/528/346 485/619/381 483/577/370
f 467/620/343 498/621/343 502/622/343
f 549/623/382 543/606/373 547/624/383
f 499/625/384 505/611/378 501/626/385
f 473/570/343 518/627/343 475/612/343
f 460/628/347 480/629/347 458/575/347
f 569/566/366 563/617/380 568/630/386
f 523/609/376 517/565/365 515/631/387
f 459/632/343 482/615/343 486/539/343
f 440/633/347 566/634/347 438/559/347
f 465/635/343 494/558/343 498/621/343
f 549/623/382 551/555/362 553/636/388
f 499/637/384 497/553/360 495/638/389
f 572/639/390 520/480/337 571/479/336
f 524/640/391 522/478/335 523/609/376
f 573/641/392 522/478/335 521/642/393
f 564/643/394 568/630/386 563/617/380
f 560/644/395 563/617/380 559/536/352
f 556/645/396 559/536/352 555/556/363
f 552/646/397 555/556/363 551/555/362
f 552/646/397 547/624/383 548/647/398
f 548/647/398 543/606/373 544/648/399
f 544/648/399 539/549/358 540/649/400
f 540/649/400 535/568/368 536/650/401
f 536/650/401 531/533/349 532/651/402
f 532/651/402 527/652/403 528/653/404
f 482/654/405 527/652/403 481/578/371
f 486/655/406 481/578/371 485/619/381
f 490/656/407 485/619/381 489/527/345
f 494/657/408 489/527/345 493/554/361
f 498/658/409 493/554/361 497/553/360
f 502/659/410 497/553/360 501/660/385
f 502/661/410 505/611/378 506/662/411
f 506/662/411 509/546/356 510/663/412
f 510/663/412 513/545/355 514/664/413
f 514/664/413 517/565/365 518/665/414
f 518/665/414 525/608/375 526/666/415
f 526/666/415 520/480/337 519/667/416
f 567/668/417 571/479/336 568/630/386
f 516/669/418 523/609/376 515/631/387
f 512/670/419 515/631/387 511/564/364
f 508/671/420 511/564/364 507/544/354
f 504/672/421 507/544/354 503/610/377
f 500/673/422 503/610/377 499/625/384
f 500/674/422 495/638/389 496/675/423
f 496/675/423 491/526/344 492/676/424
f 492/676/424 487/528/346 488/677/425
f 488/677/425 483/577/370 484/678/426
f 484/678/426 479/579/372 480/679/427
f 480/679/427 529/532/348 530/680/428
f 534/681/429 529/532/348 533/534/350
f 538/682/430 533/534/350 537/548/357
f 542/683/431 537/548/357 541/550/359
f 546/684/432 541/550/359 545/607/374
f 550/685/433 545/607/374 549/623/382
f 554/686/434 549/623/382 553/636/388
f 554/686/434 557/535/351 558/687/435
f 558/687/435 561/537/353 562/688/436
f 562/688/436 565/616/379 566/689/437
f 566/689/437 569/566/366 570/690/438
f 570/690/438 574/567/367 573/641/392
f 529/532/348 481/578/371 527/652/403
f 424/691/343 596/692/439 426/693/439
f 402/694/343 585/695/343 404/696/343
f 412/697/343 588/698/343 589/699/343
f 390/700/343 577/701/343 578/702/343
f 420/703/343 592/704/439 593/705/343
f 396/706/343 582/707/343 398/708/343
f 426/693/439 597/709/343 428/710/343
f 404/696/343 586/711/343 406/712/343
f 414/713/439 589/699/343 590/714/343
f 392/715/439 578/702/343 579/716/439
f 420/717/343 594/718/343 422/719/343
f 398/708/343 583/720/343 400/721/343
f 428/710/343 598/722/343 430/723/343
f 406/712/343 587/724/343 408/725/343
f 386/726/343 575/727/343 576/728/343
f 416/729/343 590/714/343 591/730/343
f 394/731/343 579/716/439 580/732/343
f 422/719/343 595/733/343 424/691/343
f 400/721/343 584/734/343 402/694/343
f 430/723/343 575/727/343 384/735/343
f 410/736/343 587/724/343 588/698/343
f 388/737/343 576/728/343 577/701/343
f 418/738/439 591/730/343 592/704/439
f 396/706/343 580/732/343 581/739/343
f 590/740/326 613/741/325 614/742/326
f 583/743/319 606/744/318 607/745/319
f 598/746/312 621/747/333 622/748/334
f 576/749/338 599/750/120 600/751/440
f 590/740/326 615/752/327 591/753/327
f 584/754/320 607/745/319 608/755/320
f 598/746/312 599/750/120 575/756/120
f 576/749/338 601/757/313 577/758/313
f 592/759/328 615/752/327 616/760/328
f 584/754/320 609/761/321 585/762/321
f 578/763/314 601/757/313 602/764/314
f 592/759/328 617/765/329 593/766/329
f 586/767/322 609/761/321 610/768/323
f 578/763/314 603/769/315 579/770/315
f 593/771/329 618/772/330 594/773/330
f 587/774/139 610/768/323 611/775/139
f 580/776/316 603/769/315 604/777/316
f 594/773/330 619/778/331 595/779/331
f 588/780/324 611/775/139 612/781/441
f 581/782/317 604/777/316 605/783/317
f 596/784/332 619/778/331 620/785/332
f 588/780/324 613/741/325 589/786/325
f 581/782/317 606/744/318 582/787/318
f 597/788/333 620/785/332 621/747/333
f 768/789/12 937/790/12 767/791/12
f 775/792/12 936/793/12 774/794/12
f 774/794/12 935/795/12 773/796/12
f 773/796/12 934/797/12 772/798/12
f 698/799/5 867/800/5 868/801/5
f 700/802/5 871/803/5 701/804/5
f 821/805/442 625/806/144 626/807/442
f 702/808/5 871/803/5 872/809/5
f 703/810/5 872/809/5 873/811/5
f 703/810/5 874/812/5 704/813/5
f 704/813/5 875/814/5 705/815/5
f 706/816/5 875/817/5 876/818/5
f 752/819/12 906/820/12 905/821/12
f 707/822/5 876/818/5 877/823/5
f 742/824/12 907/825/12 741/826/12
f 708/827/5 877/823/5 878/828/5
f 769/829/12 931/830/12 768/789/12
f 743/831/12 915/832/12 742/824/12
f 708/827/5 879/833/5 709/834/5
f 766/835/12 929/836/12 765/837/12
f 751/838/12 905/821/12 914/839/12
f 709/834/5 880/840/5 710/841/5
f 750/842/12 914/839/12 913/843/12
f 710/841/5 881/844/5 711/845/5
f 749/846/12 913/843/12 912/847/12
f 696/848/5 881/844/5 866/849/5
f 638/850/443 818/851/149 833/852/443
f 700/802/5 869/853/5 870/854/5
f 637/855/154 833/852/443 832/856/154
f 699/857/5 868/801/5 869/853/5
f 637/855/154 831/858/444 636/859/444
f 696/848/5 867/800/5 697/860/5
f 636/859/444 830/861/120 635/862/120
f 634/863/445 830/861/120 829/864/445
f 633/865/124 829/864/445 828/866/124
f 632/867/446 828/866/124 827/868/446
f 629/869/447 646/870/448 630/871/448
f 822/872/139 626/807/442 627/873/139
f 823/874/449 627/873/139 628/875/449
f 629/876/134 823/874/449 628/875/449
f 825/877/450 629/876/134 630/878/450
f 826/879/128 630/878/450 631/880/128
f 632/867/446 826/881/128 631/882/128
f 820/883/144 624/884/451 625/806/144
f 653/885/5 652/886/5 948/887/5
f 637/888/452 654/889/453 638/890/453
f 630/871/448 647/891/454 631/892/454
f 624/893/455 639/894/456 640/895/455
f 623/896/456 654/889/453 639/894/456
f 631/897/454 648/898/457 632/899/457
f 625/900/458 640/895/455 641/901/458
f 633/902/459 648/898/457 649/903/459
f 626/904/460 641/901/458 642/905/460
f 634/906/461 649/903/459 650/907/461
f 626/904/460 643/908/462 627/909/462
f 635/910/463 650/907/461 651/911/463
f 628/912/464 643/908/462 644/913/464
f 635/910/463 652/914/465 636/915/465
f 628/912/464 645/916/447 629/869/447
f 636/915/465 653/917/452 637/888/452
f 712/918/12 883/919/12 726/920/12
f 713/921/12 893/922/12 885/923/12
f 744/924/12 908/925/12 743/831/12
f 715/926/12 893/922/12 714/927/12
f 741/826/12 906/820/12 740/928/12
f 726/920/12 892/929/12 725/930/12
f 655/931/466 659/932/467 657/933/468
f 659/932/467 656/934/469 657/933/468
f 661/935/470 659/932/467 658/936/471
f 659/932/467 663/937/472 660/938/473
f 664/939/474 662/940/475 661/935/470
f 662/940/475 666/941/476 663/937/472
f 675/942/477 673/943/478 672/944/479
f 676/945/480 674/946/481 673/943/478
f 675/942/477 679/947/482 676/945/480
f 679/947/482 677/948/483 676/945/480
f 678/949/484 682/950/485 679/947/482
f 679/947/482 683/951/486 680/952/487
f 684/953/488 682/950/485 681/954/489
f 685/955/490 683/951/486 682/950/485
f 684/953/488 688/956/491 685/955/490
f 688/956/491 686/957/492 685/955/490
f 687/958/493 691/959/494 688/956/491
f 691/959/494 689/960/495 688/956/491
f 690/961/496 694/962/497 691/959/494
f 694/962/497 692/963/498 691/959/494
f 693/964/499 657/933/468 694/962/497
f 657/933/468 695/965/500 694/962/497
f 677/966/483 680/967/487 947/968/12
f 726/969/443 697/970/149 712/971/149
f 698/972/451 714/973/144 713/974/451
f 699/975/144 715/976/442 714/973/144
f 711/977/154 726/969/443 725/978/154
f 710/979/444 725/978/154 724/980/444
f 723/981/120 710/979/444 724/980/444
f 708/982/445 723/981/120 722/983/445
f 707/984/501 722/983/445 721/985/502
f 716/986/139 702/987/503 717/988/503
f 700/989/442 716/986/139 715/976/442
f 697/970/149 713/974/451 712/971/149
f 724/990/12 892/929/12 891/991/12
f 723/992/12 891/991/12 890/993/12
f 757/994/5 919/995/5 920/996/5
f 752/997/443 727/998/149 740/999/149
f 741/1000/451 729/1001/144 742/1002/144
f 729/1001/144 743/1003/442 742/1002/144
f 738/1004/154 752/997/443 751/1005/154
f 737/1006/444 751/1005/154 750/1007/444
f 749/1008/120 737/1006/444 750/1007/444
f 735/1009/504 749/1008/120 748/1010/504
f 746/1011/505 734/1012/506 747/1013/506
f 744/1014/139 732/1015/503 745/1016/503
f 730/1017/442 744/1014/139 743/1003/442
f 727/998/149 741/1000/451 740/999/149
f 758/1018/5 922/1019/5 759/1020/5
f 716/1021/12 886/1022/12 715/926/12
f 712/918/12 885/923/12 884/1023/12
f 775/1024/443 753/1025/149 765/1026/149
f 754/1027/451 767/1028/144 766/1029/451
f 767/1028/144 756/1030/507 768/1031/508
f 763/1032/154 775/1024/443 774/1033/154
f 762/1034/444 774/1033/154 773/1035/444
f 772/1036/120 762/1034/444 773/1035/444
f 753/1025/149 766/1029/451 765/1026/149
f 731/1037/5 897/1038/5 898/1039/5
f 732/1040/5 898/1039/5 899/1041/5
f 765/837/12 928/1042/12 775/792/12
f 767/791/12 930/1043/12 766/835/12
f 693/964/499 776/1044/149 655/931/466
f 777/1045/451 661/935/470 658/936/471
f 778/1046/144 664/939/474 661/935/470
f 690/961/496 788/1047/443 693/964/499
f 687/958/493 787/1048/154 690/961/496
f 785/1049/120 687/958/493 684/953/488
f 784/1050/445 684/953/488 681/954/489
f 783/1051/124 681/954/489 678/949/484
f 675/942/477 783/1051/124 678/949/484
f 672/944/479 782/1052/446 675/942/477
f 776/1044/149 658/936/471 655/931/466
f 790/1053/509 868/1054/510 867/1055/509
f 870/1056/511 793/1057/512 871/1058/512
f 871/1058/512 794/1059/513 872/1060/513
f 872/1060/513 795/1061/514 873/1062/514
f 873/1062/514 796/1063/515 874/1064/515
f 874/1064/515 797/1065/516 875/1066/516
f 797/1067/516 876/1068/517 875/1069/516
f 798/1070/517 877/1071/518 876/1068/517
f 799/1072/518 878/1073/519 877/1071/518
f 878/1073/519 801/1074/520 879/1075/520
f 801/1074/520 880/1076/521 879/1075/520
f 802/1077/521 881/1078/522 880/1076/521
f 881/1078/522 804/1079/523 866/1080/523
f 791/1081/524 870/1056/511 869/1082/524
f 789/1083/510 869/1082/524 868/1054/510
f 817/1084/525 835/1085/526 864/1086/525
f 807/1087/527 836/1088/528 806/1089/528
f 808/1090/529 848/1091/530 846/1092/529
f 809/1093/530 850/1094/531 848/1091/530
f 810/1095/531 852/1096/532 850/1097/531
f 812/1098/533 852/1096/532 811/1099/532
f 812/1098/533 856/1100/534 854/1101/533
f 814/1102/535 856/1100/534 813/1103/534
f 815/1104/536 858/1105/535 814/1102/535
f 816/1106/537 860/1107/536 815/1104/536
f 816/1106/537 864/1086/525 862/1108/537
f 789/1109/538 834/1110/539 837/1111/540
f 866/1080/523 790/1053/509 867/1055/509
f 789/1109/538 839/1112/541 791/1113/542
f 791/1113/542 841/1114/543 792/1115/544
f 793/1116/545 841/1114/543 843/1117/546
f 794/1118/547 843/1117/546 845/1119/548
f 795/1120/549 845/1119/548 847/1121/550
f 796/1122/551 847/1121/550 849/1123/552
f 796/1122/551 851/1124/553 797/1125/554
f 797/1126/554 853/1127/555 798/1128/556
f 798/1128/556 855/1129/557 799/1130/558
f 799/1130/558 857/1131/559 800/1132/560
f 800/1132/560 859/1133/561 801/1134/562
f 802/1135/563 859/1133/561 861/1136/564
f 803/1137/565 861/1136/564 863/1138/566
f 804/1139/567 863/1138/566 865/1140/568
f 806/1089/528 835/1085/526 805/1141/526
f 819/1142/569 805/1143/570 818/1144/570
f 820/1145/571 806/1146/572 819/1142/569
f 827/1147/573 810/1148/574 826/1149/575
f 828/1150/576 811/1151/573 827/1147/573
f 828/1150/576 813/1152/577 812/1153/576
f 829/1154/577 814/1155/578 813/1152/577
f 830/1156/578 815/1157/579 814/1155/578
f 831/1158/579 816/1159/580 815/1157/579
f 832/1160/580 817/1161/581 816/1159/580
f 818/1144/570 817/1161/581 833/1162/581
f 835/1163/582 837/1111/540 834/1110/539
f 838/1164/583 837/1111/540 836/1165/584
f 840/1166/585 839/1112/541 838/1164/583
f 842/1167/586 841/1114/543 840/1166/585
f 844/1168/587 843/1117/546 842/1167/586
f 846/1169/588 845/1119/548 844/1168/587
f 846/1169/588 849/1123/552 847/1121/550
f 850/1170/589 849/1123/552 848/1171/590
f 850/1172/589 853/1127/555 851/1173/553
f 854/1174/591 853/1127/555 852/1175/592
f 854/1174/591 857/1131/559 855/1129/557
f 856/1176/593 859/1133/561 857/1131/559
f 858/1177/594 861/1136/564 859/1133/561
f 860/1178/595 863/1138/566 861/1136/564
f 864/1179/596 863/1138/566 862/1180/597
f 835/1163/582 865/1140/568 864/1179/596
f 790/1181/598 865/1140/568 834/1110/539
f 884/1182/149 895/1183/451 894/1184/149
f 886/1185/442 898/1186/139 897/1187/442
f 898/1186/139 888/1188/503 899/1189/503
f 900/1190/504 890/1191/120 901/1192/120
f 890/1191/120 902/1193/444 901/1192/120
f 891/1194/444 903/1195/154 902/1193/444
f 903/1195/154 883/1196/443 882/1197/443
f 893/1198/144 897/1187/442 896/1199/144
f 895/1183/451 893/1198/144 896/1199/144
f 883/1196/443 894/1184/149 882/1197/443
f 916/1200/149 907/1201/451 917/1202/451
f 921/1203/505 911/1204/506 922/1205/506
f 923/1206/504 912/1207/599 924/1208/120
f 924/1208/120 913/1209/444 925/1210/444
f 925/1210/444 914/1211/154 926/1212/154
f 914/1211/154 904/1213/443 926/1212/154
f 918/1214/144 908/1215/507 919/1216/507
f 907/1201/451 918/1214/144 917/1202/451
f 904/1213/443 906/1217/149 916/1200/149
f 938/1218/149 930/1219/451 939/1220/451
f 931/1221/442 942/1222/600 941/1223/442
f 943/1224/504 934/1225/120 944/1226/120
f 934/1225/120 945/1227/444 944/1226/120
f 945/1227/444 936/1228/154 946/1229/154
f 936/1228/154 927/1230/443 946/1229/154
f 940/1231/144 931/1221/442 941/1223/442
f 930/1219/451 940/1231/144 939/1220/451
f 928/1232/443 938/1218/149 927/1230/443
f 624/884/451 818/851/149 623/1233/149
f 644/1234/5 643/1235/5 948/887/5
f 674/1236/481 677/966/483 947/968/12
f 671/1237/601 674/1236/481 947/968/12
f 670/1238/602 671/1237/601 947/968/12
f 668/1239/603 670/1238/602 947/968/12
f 695/1240/500 656/1241/469 947/968/12
f 667/1242/604 668/1239/603 947/968/12
f 666/1243/476 667/1242/604 947/968/12
f 663/1244/472 666/1243/476 947/968/12
f 660/1245/473 663/1244/472 947/968/12
f 656/1241/469 660/1245/473 947/968/12
f 692/1246/498 695/1240/500 947/968/12
f 689/1247/495 692/1246/498 947/968/12
f 686/1248/492 689/1247/495 947/968/12
f 683/1249/486 686/1248/492 947/968/12
f 680/967/487 683/1249/486 947/968/12
f 651/1250/5 650/1251/5 948/887/5
f 643/1235/5 642/1252/5 948/887/5
f 650/1251/5 649/1253/5 948/887/5
f 642/1252/5 641/1254/5 948/887/5
f 649/1253/5 648/1255/5 948/887/5
f 641/1254/5 640/1256/5 948/887/5
f 648/1255/5 647/1257/5 948/887/5
f 639/1258/5 654/1259/5 948/887/5
f 640/1256/5 639/1258/5 948/887/5
f 647/1257/5 646/1260/5 948/887/5
f 654/1259/5 653/885/5 948/887/5
f 646/1260/5 645/1261/5 948/887/5
f 652/886/5 651/1250/5 948/887/5
f 645/1261/5 644/1234/5 948/887/5
f 1057/1262/605 1201/1263/605 1058/1264/605
f 1058/1264/605 1202/1265/605 1059/1266/605
f 1079/1267/606 1221/1268/606 1078/1269/606
f 1025/1270/605 1177/1271/605 1026/1272/605
f 1078/1269/606 1220/1273/606 1077/1274/606
f 1054/1275/605 1197/1276/605 1055/1277/605
f 1028/1278/605 1180/1279/605 1029/1280/605
f 952/1281/607 1129/1282/608 951/1283/609
f 1029/1280/605 1181/1284/605 1030/1285/605
f 1030/1285/605 1182/1286/605 1031/1287/605
f 1032/1288/605 1182/1286/605 1183/1289/605
f 1032/1288/605 1184/1290/605 1033/1291/605
f 1033/1292/605 1185/1293/605 1034/1294/605
f 1034/1294/605 1186/1295/605 1035/1296/605
f 1075/1297/606 1219/1298/606 1218/1299/606
f 1035/1296/605 1187/1300/605 1036/1301/605
f 1074/1302/606 1218/1299/606 1217/1303/606
f 1036/1301/605 1188/1304/605 1037/1305/605
f 1037/1305/605 1189/1306/605 1038/1307/605
f 1038/1307/605 1190/1308/605 1039/1309/605
f 1065/1310/606 1207/1311/606 1064/1312/606
f 1039/1309/605 1175/1313/605 1024/1314/605
f 964/1315/610 1127/1316/611 1142/1317/610
f 1063/1318/606 1207/1311/606 1206/1319/606
f 1028/1278/605 1178/1320/605 1179/1321/605
f 963/1322/612 1142/1317/610 1141/1323/612
f 1027/1324/605 1177/1271/605 1178/1320/605
f 963/1322/612 1140/1325/613 962/1326/613
f 1082/1327/605 1224/1328/605 1083/1329/605
f 1024/1314/605 1176/1330/605 1025/1270/605
f 961/1331/614 1140/1325/613 1139/1332/614
f 1083/1329/605 1225/1333/605 1084/1334/605
f 960/1335/615 1139/1332/614 1138/1336/615
f 959/1337/616 1138/1336/615 1137/1338/617
f 958/1339/618 1137/1338/617 1136/1340/618
f 955/1341/619 1233/1342/620 956/1343/620
f 953/1344/621 1130/1345/607 952/1281/607
f 1132/1346/622 953/1344/621 954/1347/622
f 955/1348/623 1132/1346/622 954/1347/622
f 1134/1349/624 955/1348/623 956/1350/624
f 1135/1351/625 956/1350/624 957/1352/625
f 958/1339/618 1135/1353/625 957/1354/625
f 951/1283/609 1128/1355/626 950/1356/626
f 963/1357/627 974/1358/628 964/1359/628
f 956/1343/620 968/1360/629 957/1361/629
f 950/1362/630 965/1363/631 1229/1364/630
f 949/1365/631 974/1358/628 965/1363/631
f 957/1366/629 969/1367/632 958/1368/632
f 950/1362/630 1230/1369/633 951/1370/633
f 959/1371/634 969/1367/632 970/1372/634
f 952/1373/635 1230/1369/633 966/1374/635
f 960/1375/636 970/1372/634 1234/1376/636
f 952/1373/635 1231/1377/637 953/1378/637
f 961/1379/638 1234/1376/636 971/1380/638
f 954/1381/639 1231/1377/637 1232/1382/639
f 962/1383/640 971/1380/638 972/1384/640
f 954/1381/639 967/1385/619 955/1341/619
f 963/1357/627 972/1384/640 973/1386/627
f 1061/1387/606 1204/1388/606 1203/1389/606
f 1091/1390/605 1226/1391/605 1227/1392/605
f 975/1393/641 979/1394/642 977/1395/643
f 977/1395/643 980/1396/644 976/1397/645
f 981/1398/646 979/1394/642 978/1399/647
f 979/1394/642 983/1400/648 980/1396/644
f 984/1401/649 982/1402/650 981/1398/646
f 982/1402/650 986/1403/651 983/1400/648
f 984/1401/649 988/1404/652 985/1405/653
f 988/1404/652 986/1403/651 985/1405/653
f 987/1406/654 991/1407/655 988/1404/652
f 991/1407/655 989/1408/656 988/1404/652
f 990/1409/657 994/1410/658 991/1407/655
f 991/1407/655 995/1411/659 992/1412/660
f 996/1413/661 994/1410/658 993/1414/662
f 994/1410/658 998/1415/663 995/1411/659
f 996/1413/661 1000/1416/664 997/1417/665
f 1000/1416/664 998/1415/663 997/1417/665
f 999/1418/666 1003/1419/667 1000/1420/664
f 1003/1419/667 1001/1421/668 1000/1420/664
f 1005/1422/669 1003/1419/667 1002/1423/670
f 1003/1419/667 1007/1424/671 1004/1425/672
f 1005/1422/669 1009/1426/673 1006/1427/674
f 1009/1426/673 1007/1424/671 1006/1427/674
f 1011/1428/675 1009/1426/673 1008/1429/676
f 1009/1426/673 1013/1430/677 1010/1431/678
f 1014/1432/679 1012/1433/680 1011/1428/675
f 1012/1433/680 1016/1434/681 1013/1430/677
f 1017/1435/682 1015/1436/683 1014/1432/679
f 1015/1436/683 1019/1437/684 1016/1434/681
f 1017/1435/682 1022/1438/685 1018/1439/686
f 1018/1439/686 1023/1440/687 1019/1437/684
f 1020/1441/688 977/1395/643 1022/1438/685
f 977/1395/643 1023/1440/687 1022/1438/685
f 1024/1442/689 1040/1443/611 1053/1444/690
f 1041/1445/691 1028/1446/607 1042/1447/607
f 1051/1448/613 1039/1449/692 1052/1450/612
f 1050/1451/614 1038/1452/613 1051/1448/613
f 1036/1453/615 1050/1451/614 1049/1454/615
f 1035/1455/616 1049/1454/615 1048/1456/617
f 1034/1457/618 1048/1456/617 1047/1458/618
f 1045/1459/693 1032/1460/624 1046/1461/624
f 1029/1462/621 1044/1463/694 1043/1464/621
f 1042/1447/607 1029/1462/621 1043/1464/621
f 1091/1390/605 1228/1465/605 1092/1466/605
f 1050/1467/606 1196/1468/606 1195/1469/606
f 1050/1467/606 1194/1470/606 1049/1471/606
f 1081/1472/605 1223/1473/605 1082/1327/605
f 1068/1474/605 1211/1475/605 1212/1476/605
f 1054/1477/691 1061/1478/607 1060/1479/691
f 1064/1480/614 1059/1481/695 1065/1482/696
f 1063/1483/697 1058/1484/614 1064/1480/614
f 1055/1485/607 1062/1486/698 1061/1478/607
f 1043/1487/606 1193/1488/606 1192/1489/606
f 1070/1490/605 1215/1491/605 1071/1492/605
f 1073/1493/691 1067/1494/607 1074/1495/607
f 1071/1496/614 1079/1497/696 1078/1498/614
f 1070/1499/697 1078/1498/614 1077/1500/697
f 1068/1501/621 1076/1502/694 1075/1503/621
f 1074/1495/607 1068/1501/621 1075/1503/621
f 1071/1492/605 1216/1504/605 1072/1505/605
f 1067/1506/605 1210/1507/605 1211/1475/605
f 1055/1277/605 1198/1508/605 1056/1509/605
f 978/1399/647 1081/1510/608 981/1398/646
f 1081/1510/608 984/1401/649 981/1398/646
f 1092/1511/613 1017/1435/682 1014/1432/679
f 1091/1512/614 1014/1432/679 1011/1428/675
f 1008/1429/676 1091/1512/614 1011/1428/675
f 1089/1513/616 1008/1429/676 1005/1422/669
f 1088/1514/618 1005/1422/669 1002/1423/670
f 1086/1515/624 999/1516/666 996/1413/661
f 993/1414/662 1086/1515/624 996/1413/661
f 990/1409/657 1085/1517/623 993/1414/662
f 1083/1518/621 990/1409/657 987/1406/654
f 984/1401/649 1083/1518/621 987/1406/654
f 1176/1519/699 1095/1520/700 1177/1521/700
f 1179/1522/701 1099/1523/702 1180/1524/702
f 1099/1523/702 1181/1525/703 1180/1524/702
f 1100/1526/703 1182/1527/704 1181/1525/703
f 1101/1528/704 1183/1529/705 1182/1527/704
f 1102/1530/705 1184/1531/706 1183/1529/705
f 1103/1532/706 1185/1533/707 1184/1534/706
f 1104/1535/707 1186/1536/708 1185/1533/707
f 1105/1537/708 1187/1538/709 1186/1536/708
f 1187/1538/709 1107/1539/710 1188/1540/710
f 1107/1539/710 1189/1541/711 1188/1540/710
f 1108/1542/711 1190/1543/712 1189/1541/711
f 1109/1544/712 1175/1545/713 1190/1543/712
f 1178/1546/714 1098/1547/701 1179/1522/701
f 1177/1521/700 1097/1548/714 1178/1546/714
f 1126/1549/715 1144/1550/716 1173/1551/715
f 1112/1552/717 1147/1553/718 1145/1554/717
f 1114/1555/719 1147/1553/718 1113/1556/718
f 1114/1555/719 1151/1557/720 1149/1558/719
f 1116/1559/721 1151/1557/720 1115/1560/720
f 1117/1561/722 1153/1562/721 1116/1559/721
f 1118/1563/723 1155/1564/722 1117/1561/722
f 1118/1563/723 1159/1565/724 1157/1566/723
f 1119/1567/724 1161/1568/725 1159/1569/724
f 1120/1570/725 1163/1571/726 1161/1568/725
f 1121/1572/726 1165/1573/727 1163/1571/726
f 1123/1574/728 1165/1573/727 1122/1575/727
f 1124/1576/729 1167/1577/730 1123/1574/728
f 1124/1576/729 1171/1578/731 1169/1579/729
f 1125/1580/731 1173/1551/715 1171/1578/731
f 1095/1581/732 1143/1582/733 1146/1583/734
f 1175/1545/713 1096/1584/699 1176/1519/699
f 1097/1585/735 1146/1583/734 1148/1586/736
f 1097/1585/735 1150/1587/737 1098/1588/738
f 1099/1589/739 1150/1587/737 1152/1590/740
f 1100/1591/741 1152/1590/740 1154/1592/742
f 1100/1591/741 1156/1593/743 1101/1594/744
f 1102/1595/745 1156/1593/743 1158/1596/746
f 1103/1597/747 1158/1596/746 1160/1598/748
f 1103/1599/747 1162/1600/749 1104/1601/750
f 1104/1601/750 1164/1602/751 1105/1603/752
f 1106/1604/753 1164/1602/751 1166/1605/754
f 1107/1606/755 1166/1605/754 1168/1607/756
f 1108/1608/757 1168/1607/756 1170/1609/758
f 1109/1610/759 1170/1609/758 1172/1611/760
f 1110/1612/761 1172/1611/760 1174/1613/762
f 1111/1614/716 1145/1554/717 1144/1550/716
f 1127/1615/763 1112/1616/764 1111/1617/765
f 1128/1618/764 1113/1619/766 1112/1616/764
f 1129/1620/766 1114/1621/767 1113/1619/766
f 1130/1622/767 1115/1623/768 1114/1621/767
f 1131/1624/768 1116/1625/769 1115/1623/768
f 1132/1626/769 1117/1627/770 1116/1625/769
f 1133/1628/770 1118/1629/771 1117/1627/770
f 1135/1630/772 1118/1629/771 1134/1631/771
f 1136/1632/773 1119/1633/772 1135/1634/772
f 1137/1635/774 1120/1636/773 1136/1632/773
f 1138/1637/775 1121/1638/774 1137/1635/774
f 1139/1639/776 1122/1640/775 1138/1637/775
f 1140/1641/777 1123/1642/776 1139/1639/776
f 1141/1643/778 1124/1644/777 1140/1641/777
f 1142/1645/779 1125/1646/778 1141/1643/778
f 1127/1615/763 1126/1647/779 1142/1645/779
f 1145/1648/780 1143/1582/733 1144/1649/781
f 1145/1648/780 1148/1586/736 1146/1583/734
f 1149/1650/782 1148/1586/736 1147/1651/783
f 1151/1652/784 1150/1587/737 1149/1650/782
f 1151/1652/784 1154/1592/742 1152/1590/740
f 1153/1653/785 1156/1593/743 1154/1592/742
f 1157/1654/786 1156/1593/743 1155/1655/787
f 1159/1656/788 1158/1596/746 1157/1654/786
f 1159/1657/788 1162/1600/749 1160/1658/748
f 1161/1659/789 1164/1602/751 1162/1600/749
f 1163/1660/790 1166/1605/754 1164/1602/751
f 1167/1661/791 1166/1605/754 1165/1662/792
f 1169/1663/793 1168/1607/756 1167/1661/791
f 1171/1664/794 1170/1609/758 1169/1663/793
f 1171/1664/794 1174/1613/762 1172/1611/760
f 1173/1665/795 1143/1582/733 1174/1613/762
f 1110/1612/761 1143/1582/733 1096/1666/796
f 1197/1667/797 1192/1668/621 1198/1669/621
f 1198/1669/621 1193/1670/798 1199/1671/694
f 1194/1672/697 1201/1673/614 1200/1674/697
f 1195/1675/614 1202/1676/696 1201/1673/614
f 1211/1677/797 1204/1678/621 1212/1679/621
f 1212/1679/621 1205/1680/798 1213/1681/694
f 1206/1682/697 1215/1683/614 1214/1684/697
f 1207/1685/614 1216/1686/696 1215/1683/614
f 1217/1687/797 1224/1688/621 1223/1689/797
f 1218/1690/621 1225/1691/694 1224/1688/621
f 1220/1692/697 1227/1693/614 1226/1694/697
f 1221/1695/614 1228/1696/696 1227/1693/614
f 1128/1355/626 949/1697/611 950/1356/626
f 1234/1698/605 970/1699/605 1021/1700/605
f 1013/1701/677 1016/1702/681 1235/1703/606
f 971/1704/605 1234/1698/605 1021/1700/605
f 1229/1705/605 965/1706/605 1021/1700/605
f 1232/1707/605 1231/1708/605 1021/1700/605
f 966/1709/605 1230/1710/605 1021/1700/605
f 970/1699/605 969/1711/605 1021/1700/605
f 1231/1708/605 966/1709/605 1021/1700/605
f 969/1711/605 968/1712/605 1021/1700/605
f 965/1706/605 974/1713/605 1021/1700/605
f 967/1714/605 1232/1707/605 1021/1700/605
f 1230/1710/605 1229/1705/605 1021/1700/605
f 974/1713/605 973/1715/605 1021/1700/605
f 1233/1716/605 967/1714/605 1021/1700/605
f 973/1715/605 972/1717/605 1021/1700/605
f 968/1712/605 1233/1716/605 1021/1700/605
f 972/1717/605 971/1704/605 1021/1700/605
f 992/1718/660 995/1719/659 1235/1703/606
f 1016/1702/681 1019/1720/684 1235/1703/606
f 995/1719/659 998/1721/663 1235/1703/606
f 1019/1720/684 1023/1722/687 1235/1703/606
f 998/1721/663 1001/1723/668 1235/1703/606
f 976/1724/645 980/1725/644 1235/1703/606
f 1023/1722/687 976/1724/645 1235/1703/606
f 1001/1723/668 1004/1726/672 1235/1703/606
f 980/1725/644 983/1727/648 1235/1703/606
f 1004/1726/672 1007/1728/671 1235/1703/606
f 983/1727/648 986/1729/651 1235/1703/606
f 1007/1728/671 1010/1730/678 1235/1703/606
f 986/1729/651 989/1731/656 1235/1703/606
f 1010/1730/678 1013/1701/677 1235/1703/606
f 989/1731/656 992/1718/660 1235/1703/606
f 1294/1732/799 1236/1733/800 1273/1734/801
f 1275/1735/802 1250/1736/803 1249/1737/804
f 1279/1738/805 1250/1736/803 1277/1739/806
f 1281/1740/807 1251/1741/808 1279/1742/805
f 1287/1743/809 1254/1744/810 1285/1745/811
f 1287/1743/809 1256/1746/812 1255/1747/813
f 1291/1748/814 1256/1746/812 1289/1749/815
f 1293/1750/816 1257/1751/817 1291/1748/814
f 1293/1750/816 1259/1752/818 1258/1753/819
f 1272/1754/820 1259/1752/818 1295/1755/821
f 1244/1756/822 1290/1757/823 1288/1758/824
f 1243/1759/825 1288/1758/824 1286/1760/826
f 1284/1761/827 1243/1759/825 1286/1760/826
f 1241/1762/828 1284/1761/829 1282/1763/830
f 1274/1764/831 1238/1765/832 1276/1766/833
f 1236/1733/800 1274/1764/831 1273/1734/801
f 1278/1767/834 1240/1768/835 1280/1769/836
f 1276/1766/833 1239/1770/837 1278/1771/834
f 1246/1772/838 1294/1732/799 1292/1773/839
f 1290/1757/823 1246/1772/838 1292/1773/839
f 1252/1774/840 1263/1775/841 1251/1741/808
f 1259/1752/818 1270/1776/842 1258/1753/819
f 1248/1777/843 1261/1778/844 1260/1779/845
f 1255/1747/813 1268/1780/846 1267/1781/847
f 1253/1782/848 1264/1783/849 1252/1774/840
f 1248/1777/843 1271/1784/850 1259/1752/818
f 1250/1736/803 1261/1778/844 1249/1737/804
f 1256/1746/812 1269/1785/851 1268/1780/846
f 1254/1744/810 1265/1786/852 1253/1782/848
f 1251/1787/808 1262/1788/853 1250/1736/803
f 1258/1753/819 1269/1785/851 1257/1751/817
f 1255/1747/813 1266/1789/854 1254/1744/810
f 1274/1764/831 1272/1754/820 1273/1734/801
f 1276/1766/833 1275/1735/802 1274/1764/831
f 1276/1766/833 1279/1738/805 1277/1739/806
f 1280/1769/836 1279/1742/805 1278/1767/834
f 1284/1761/827 1287/1743/809 1285/1745/811
f 1286/1760/826 1289/1749/815 1287/1743/809
f 1288/1758/824 1291/1748/814 1289/1749/815
f 1290/1757/823 1293/1750/816 1291/1748/814
f 1294/1732/799 1293/1750/816 1292/1773/839
f 1273/1734/801 1295/1755/821 1294/1732/799
f 1272/1754/820 1249/1737/804 1248/1777/843
f 1265/1790/852 1302/1791/855 1301/1792/856
f 1262/1793/853 1299/1794/857 1298/1795/858
f 1269/1796/851 1306/1797/859 1305/1798/860
f 1267/1799/847 1302/1791/855 1266/1800/854
f 1263/1801/841 1300/1802/861 1299/1803/857
f 1270/1804/842 1307/1805/862 1306/1797/859
f 1260/1806/845 1297/1807/863 1296/1808/864
f 1267/1799/847 1304/1809/865 1303/1810/866
f 1264/1811/849 1301/1792/856 1300/1802/861
f 1271/1812/850 1296/1808/864 1307/1805/862
f 1261/1813/844 1298/1795/858 1297/1807/863
f 1268/1814/846 1305/1798/860 1304/1809/865
f 1301/1792/856 1314/1815/867 1313/1816/868
f 1298/1795/858 1311/1817/869 1310/1818/870
f 1306/1797/859 1317/1819/871 1305/1798/860
f 1303/1810/866 1314/1815/867 1302/1791/855
f 1300/1802/861 1311/1820/869 1299/1803/857
f 1307/1805/862 1318/1821/872 1306/1797/859
f 1296/1808/864 1309/1822/873 1308/1823/874
f 1303/1810/866 1316/1824/875 1315/1825/876
f 1301/1792/856 1312/1826/877 1300/1802/861
f 1296/1808/864 1319/1827/878 1307/1805/862
f 1298/1795/858 1309/1822/873 1297/1807/863
f 1305/1798/860 1316/1824/875 1304/1809/865
f 1310/1818/870 1321/1828/879 1309/1822/873
f 1315/1825/876 1325/1829/880 1314/1815/867
f 1311/1820/869 1323/1830/881 1322/1831/882
f 1309/1822/873 1320/1832/883 1308/1823/874
f 1316/1824/875 1326/1833/884 1315/1825/876
f 1312/1826/877 1324/1834/885 1323/1830/881
f 1329/1835/886 1328/1836/887 1330/1837/886
f 1329/1835/886 1332/1838/888 1331/1839/888
f 1331/1839/888 1362/1840/889 1361/1841/889
f 1333/1842/890 1328/1836/887 1327/1843/887
f 1337/1844/891 1334/1845/890 1333/1842/890
f 1339/1846/892 1338/1847/891 1337/1844/891
f 1339/1846/892 1336/1848/893 1340/1849/892
f 1335/1850/894 1344/1851/895 1336/1848/893
f 1343/1852/895 1348/1853/896 1344/1851/895
f 1347/1854/897 1346/1855/898 1348/1853/896
f 1341/1856/899 1346/1855/898 1345/1857/898
f 1355/1858/900 1350/1859/901 1356/1860/902
f 1353/1861/903 1352/1862/903 1351/1863/904
f 1359/1864/905 1364/1865/906 1363/1866/907
f 1361/1841/889 1360/1867/908 1359/1864/905
f 1371/1868/625 1342/1869/909 1341/1870/899
f 1366/1871/910 1364/1865/906 1358/1872/910
f 1366/1873/910 1358/1874/910 1367/1875/910
f 1371/1868/625 1372/1876/625 1357/1877/625
f 1366/1873/910 1367/1875/910 1368/1878/910
f 1371/1868/625 1370/1879/625 1372/1876/625
f 1366/1873/910 1368/1878/910 1365/1880/910
f 1371/1868/625 1369/1881/625 1370/1879/625
f 1366/1873/910 1350/1882/901 1349/1883/911
f 1371/1884/625 1352/1862/903 1369/1885/625
f 1394/1886/912 1384/1887/912 1392/1888/912
f 1342/1889/913 1330/1890/913 1328/1891/913
f 1342/1889/913 1332/1892/913 1330/1890/913
f 1341/1893/914 1329/1894/912 1331/1895/914
f 1357/1896/915 1332/1892/913 1342/1889/913
f 1331/1895/914 1371/1897/914 1341/1893/914
f 1342/1889/913 1328/1891/913 1334/1898/913
f 1343/1899/912 1339/1900/912 1347/1901/912
f 1350/1902/916 1354/1903/917 1356/1904/917
f 1353/1905/918 1349/1906/919 1355/1907/920
f 1357/1896/915 1364/1908/921 1360/1909/922
f 1357/1896/915 1360/1909/922 1362/1910/913
f 1371/1897/914 1361/1911/923 1359/1912/924
f 1357/1896/915 1358/1913/925 1364/1908/921
f 1358/1913/925 1372/1914/926 1367/1915/927
f 1367/1915/927 1370/1916/928 1368/1917/929
f 1368/1917/929 1369/1918/930 1365/1919/931
f 1365/1919/931 1352/1920/932 1350/1902/916
f 1351/1921/933 1366/1922/934 1349/1906/935
f 1401/1923/936 1356/1860/902 1402/1924/937
f 1400/1925/938 1356/1904/917 1354/1903/917
f 1353/1861/903 1400/1926/939 1354/1927/903
f 1376/1928/886 1373/1929/887 1375/1930/886
f 1377/1931/888 1376/1928/886 1375/1930/886
f 1408/1932/889 1377/1931/888 1407/1933/889
f 1374/1934/887 1379/1935/890 1373/1929/887
f 1380/1936/890 1383/1937/891 1379/1935/890
f 1384/1938/891 1385/1939/892 1383/1937/891
f 1385/1939/892 1382/1940/893 1381/1941/894
f 1381/1941/894 1390/1942/895 1389/1943/895
f 1389/1943/895 1394/1944/896 1393/1945/897
f 1393/1945/897 1392/1946/940 1391/1947/898
f 1391/1947/898 1388/1948/909 1387/1949/899
f 1401/1923/936 1396/1950/941 1395/1951/942
f 1410/1952/943 1405/1953/944 1409/1954/945
f 1406/1955/946 1407/1933/889 1405/1953/944
f 1388/1956/909 1417/1957/625 1387/1958/899
f 1412/1959/947 1410/1952/943 1409/1954/945
f 1412/1959/947 1413/1960/947 1404/1961/947
f 1417/1962/625 1403/1963/625 1418/1964/625
f 1412/1959/947 1414/1965/947 1413/1960/947
f 1417/1962/625 1418/1964/625 1416/1966/625
f 1412/1959/947 1411/1967/947 1414/1965/947
f 1396/1950/941 1412/1968/947 1395/1951/942
f 1417/1962/625 1398/1969/939 1397/1970/948
f 1387/1971/913 1383/1972/913 1391/1973/913
f 1388/1974/912 1374/1975/912 1376/1976/912
f 1387/1971/913 1375/1977/913 1373/1978/913
f 1388/1974/912 1376/1976/912 1378/1979/912
f 1378/1979/912 1403/1980/949 1388/1974/912
f 1417/1981/950 1377/1982/950 1387/1971/950
f 1388/1974/912 1380/1983/912 1374/1975/912
f 1387/1971/913 1373/1978/913 1379/1984/913
f 1390/1985/912 1386/1986/912 1394/1886/912
f 1400/1925/938 1396/1987/951 1402/1988/952
f 1395/1989/953 1399/1990/954 1401/1991/955
f 1403/1980/949 1406/1992/956 1410/1993/957
f 1417/1981/605 1409/1994/958 1405/1995/959
f 1403/1980/949 1408/1996/912 1406/1992/956
f 1403/1980/949 1410/1993/957 1404/1997/960
f 1418/1998/961 1404/1997/960 1413/1999/962
f 1416/2000/963 1413/1999/962 1414/2001/964
f 1415/2002/965 1414/2001/964 1411/2003/966
f 1392/1888/912 1380/1983/912 1388/1974/912
f 1398/2004/932 1411/2003/966 1396/1987/951
f 1412/2005/967 1397/2006/968 1395/1989/969
f 1389/2007/913 1385/2008/913 1381/2009/913
f 1346/2010/913 1334/1898/913 1338/2011/913
f 1391/1973/913 1385/2008/913 1393/2012/913
f 1348/2013/913 1338/2011/913 1340/2014/913
f 1344/2015/913 1340/2014/913 1336/2016/913
f 1345/2017/912 1339/1900/912 1337/2018/912
f 1493/2019/970 1420/2020/971 1494/2021/972
f 1526/2022/973 1482/2023/974 1530/2024/975
f 1517/2025/976 1512/2026/977 1510/2027/977
f 1518/2028/978 1426/2029/979 1509/2030/980
f 1428/2031/981 1426/2032/982 1429/2033/983
f 1433/2034/984 1434/2035/984 1425/2036/984
f 1428/2031/981 1429/2033/983 1430/2037/983
f 1433/2034/984 1432/2038/984 1434/2035/984
f 1428/2031/981 1430/2037/983 1427/2039/985
f 1433/2034/984 1431/2040/984 1432/2038/984
f 1428/2031/981 1496/2041/986 1495/2042/987
f 1433/2034/984 1422/2043/984 1431/2040/984
f 1473/2044/988 1471/2045/989 1503/2046/990
f 1498/2047/991 1494/2048/992 1424/2049/993
f 1420/2050/994 1424/2049/993 1494/2048/992
f 1433/2034/984 1518/2051/995 1513/2052/996
f 1428/2031/981 1509/2053/997 1426/2032/982
f 1520/2054/998 1512/2026/977 1519/2055/977
f 1426/2029/979 1434/2056/999 1429/2057/1000
f 1429/2057/1000 1432/2058/1001 1430/2059/1002
f 1430/2059/1002 1431/2060/1003 1427/2061/1004
f 1496/2062/1005 1427/2061/1004 1431/2060/1003
f 1495/2063/1006 1433/2064/1007 1428/2065/1008
f 1423/2066/1009 1472/2067/984 1424/2068/1009
f 1501/2069/1010 1494/2070/972 1498/2071/1011
f 1532/2072/1012 1435/2073/1013 1531/2074/1012
f 1535/2075/1014 1438/2076/1015 1437/2077/1015
f 1538/2078/1016 1439/2079/1017 1537/2080/1018
f 1445/2081/1019 1442/2082/1020 1441/2083/1021
f 1439/2079/1017 1444/2084/1022 1443/2085/1023
f 1521/2086/1024 1446/2087/1019 1445/2081/1019
f 1533/2088/1025 1448/2089/1026 1447/2090/1026
f 1459/2091/1027 1450/2092/1028 1449/2093/1028
f 1447/2090/1026 1452/2094/1029 1451/2095/1029
f 1451/2095/1029 1456/2096/1030 1455/2097/1030
f 1456/2096/1030 1457/2098/1031 1455/2097/1030
f 1457/2098/1031 1454/2099/1032 1453/2100/1032
f 1453/2100/1032 1462/2101/1033 1461/2102/1034
f 1462/2103/1033 1465/2104/1035 1461/2105/1034
f 1465/2104/1035 1464/2106/1036 1463/2107/1036
f 1463/2107/1036 1460/2108/1027 1459/2091/1027
f 1474/2109/1037 1467/2110/1037 1473/2111/1038
f 1470/2112/1039 1471/2113/1039 1469/2114/1039
f 1491/2115/1040 1483/2116/1041 1475/2117/984
f 1484/2118/1042 1477/2119/1043 1486/2120/1044
f 1477/2119/1043 1480/2121/1045 1479/2122/1046
f 1524/2123/1047 1481/2124/974 1523/2125/1047
f 1486/2120/1044 1476/2126/1048 1484/2118/1042
f 1486/2120/1044 1487/2127/1048 1476/2126/1048
f 1491/2115/1040 1475/2117/984 1492/2128/984
f 1486/2120/1044 1488/2129/1048 1487/2127/1048
f 1491/2115/1040 1492/2128/984 1490/2130/984
f 1486/2120/1044 1485/2131/1048 1488/2129/1048
f 1491/2115/1040 1490/2130/984 1489/2132/984
f 1468/2133/1037 1486/2134/1044 1467/2110/1037
f 1491/2135/1040 1470/2136/984 1469/2137/984
f 1536/2138/12 1440/2139/12 1538/2140/12
f 1442/2141/12 1444/2142/12 1440/2139/12
f 1524/2143/12 1480/2144/12 1482/2145/12
f 1534/2146/12 1436/2147/12 1532/2148/12
f 1462/2149/12 1458/2150/12 1466/2151/12
f 1472/2152/1049 1468/2153/1050 1474/2154/1051
f 1467/2155/1052 1471/2045/989 1473/2044/988
f 1525/2156/1053 1483/2116/1041 1491/2115/1040
f 1478/2157/1054 1483/2158/1055 1528/2159/1056
f 1483/2158/1055 1476/2160/1057 1475/2161/1058
f 1492/2162/1059 1476/2160/1057 1487/2163/1059
f 1490/2164/1060 1487/2163/1059 1488/2165/1060
f 1485/2166/1061 1490/2164/1060 1488/2165/1060
f 1468/2153/1050 1489/2167/1062 1485/2166/1061
f 1486/2168/1063 1469/2169/1064 1467/2155/1065
f 1500/2170/1066 1424/2049/993 1472/2152/1049
f 1421/2171/1067 1424/2068/1009 1422/2172/1067
f 1421/2173/1068 1495/2063/1006 1419/2174/1069
f 1474/2109/1037 1502/2175/1070 1497/2176/1071
f 1419/2177/1072 1496/2041/986 1420/2020/971
f 1496/2062/1005 1422/2178/1073 1420/2050/994
f 1514/2179/1074 1507/2180/1075 1516/2181/1075
f 1424/2049/993 1500/2170/1066 1498/2047/991
f 1464/2182/12 1452/2183/12 1460/2184/12
f 1501/2069/1010 1500/2185/1076 1503/2186/1077
f 1503/2186/1077 1499/2187/1078 1504/2188/1079
f 1504/2188/1079 1497/2176/1071 1502/2175/1070
f 1512/2189/1080 1508/2190/1081 1507/2191/1082
f 1511/2192/1083 1506/2193/997 1508/2190/1081
f 1513/2052/996 1520/2194/1036 1515/2195/1036
f 1515/2195/1036 1519/2196/1035 1516/2197/1035
f 1519/2196/1035 1514/2198/1084 1516/2197/1035
f 1517/2199/1084 1505/2200/1085 1514/2198/1084
f 1446/2201/12 1524/2143/12 1444/2142/12
f 1444/2084/1022 1523/2125/1047 1443/2085/1023
f 1480/2121/1045 1521/2086/1024 1479/2122/1046
f 1482/2145/12 1478/2157/1054 1530/2202/12
f 1528/2159/1056 1529/2203/12 1478/2157/1054
f 1529/2203/12 1530/2202/12 1478/2157/1054
f 1526/2022/973 1529/2204/1086 1527/2205/1087
f 1448/2206/12 1532/2148/12 1450/2207/12
f 1437/2077/1015 1534/2208/1088 1533/2088/1025
f 1450/2092/1028 1531/2074/1012 1449/2093/1028
f 1438/2209/12 1538/2140/12 1436/2147/12
f 1435/2073/1013 1538/2078/1016 1537/2080/1018
f 1442/2082/1020 1535/2075/1014 1441/2083/1021
f 1450/2207/12 1452/2183/12 1448/2206/12
f 1464/2182/12 1458/2150/12 1456/2210/12
f 1463/2211/5 1457/2212/5 1465/2213/5
f 1461/2214/5 1457/2212/5 1453/2215/5
f 1520/2054/998 1509/2030/980 1511/2216/998
f 1433/2064/1007 1506/2217/1089 1428/2065/1008
f 1515/2218/1090 1506/2217/1089 1513/2219/1091
f 1515/2218/1090 1507/2180/1075 1508/2220/1090
f 1606/2221/1092 1543/2222/1093 1540/2223/1094
f 1555/2224/1095 1558/2225/1096 1552/2226/1097
f 1558/2225/1096 1567/2227/1098 1564/2228/1099
f 1567/2227/1098 1570/2229/1100 1564/2228/1099
f 1570/2229/1100 1579/2230/1101 1576/2231/1102
f 1579/2232/1101 1582/2233/1103 1576/2234/1102
f 1582/2233/1103 1591/2235/1104 1588/2236/1105
f 1597/2237/1106 1600/2238/1107 1594/2239/1108
f 1600/2238/1107 1609/2240/1109 1606/2221/1092
f 1546/2241/1110 1555/2224/1095 1552/2226/1097
f 1554/2242/1111 1548/2243/1112 1611/2244/605
f 1543/2222/1093 1546/2241/1110 1540/2223/1094
f 1546/2245/1110 1541/2246/1113 1540/2247/1094
f 1541/2246/1113 1545/2248/1114 1539/2249/1115
f 1543/2250/1093 1550/2251/1116 1549/2252/1117
f 1550/2251/1116 1542/2253/1118 1548/2243/1112
f 1546/2245/1110 1553/2254/1119 1547/2255/1120
f 1547/2255/1120 1551/2256/1121 1545/2248/1114
f 1549/2252/1117 1556/2257/1122 1555/2258/1095
f 1550/2251/1116 1554/2242/1111 1556/2257/1122
f 1552/2259/1097 1559/2260/1123 1553/2254/1119
f 1553/2254/1119 1557/2261/1124 1551/2256/1121
f 1561/2262/1125 1556/2257/1122 1562/2263/1126
f 1556/2257/1122 1560/2264/1127 1562/2263/1126
f 1564/2265/1099 1559/2260/1123 1558/2266/1096
f 1559/2260/1123 1563/2267/1128 1557/2261/1124
f 1567/2268/1098 1562/2263/1126 1568/2269/1129
f 1562/2263/1126 1566/2270/1130 1568/2269/1129
f 1564/2265/1099 1571/2271/1131 1565/2272/1132
f 1571/2271/1131 1563/2267/1128 1565/2272/1132
f 1567/2268/1098 1574/2273/1133 1573/2274/1134
f 1574/2273/1133 1566/2270/1130 1572/2275/1135
f 1570/2276/1100 1577/2277/1136 1571/2271/1131
f 1579/2278/1101 1574/2273/1133 1580/2279/1137
f 1580/2279/1137 1572/2275/1135 1578/2280/1138
f 1582/2281/1103 1577/2277/1136 1576/2282/1102
f 1579/2278/1101 1586/2283/1139 1585/2284/1140
f 1580/2279/1137 1584/2285/1141 1586/2283/1139
f 1582/2281/1103 1589/2286/1142 1583/2287/1143
f 1585/2284/1140 1592/2288/1144 1591/2289/1104
f 1592/2288/1144 1584/2285/1141 1590/2290/1145
f 1595/2291/1146 1587/2292/1147 1589/2286/1148
f 1591/2289/1104 1598/2293/1149 1597/2294/1106
f 1598/2293/1149 1590/2290/1145 1596/2295/1150
f 1594/2296/1108 1601/2297/1151 1595/2291/1146
f 1601/2297/1151 1593/2298/1152 1595/2291/1146
f 1597/2294/1106 1604/2299/1153 1603/2300/1154
f 1604/2299/1153 1596/2295/1150 1602/2301/1155
f 1606/2302/1092 1601/2297/1151 1600/2303/1107
f 1601/2297/1151 1605/2304/1156 1599/2305/1157
f 1609/2306/1109 1604/2299/1153 1610/2307/1158
f 1604/2299/1153 1608/2308/1159 1610/2307/1158
f 1540/2247/1094 1607/2309/1160 1606/2302/1092
f 1607/2309/1160 1539/2249/1115 1605/2304/1156
f 1543/2250/1093 1610/2307/1158 1544/2310/1161
f 1544/2310/1161 1608/2308/1159 1542/2253/1118
f 1599/2305/1157 1605/2304/1156 1612/2311/606
f 1572/2275/1135 1566/2270/1130 1611/2244/605
f 1539/2249/1115 1545/2248/1114 1612/2311/606
f 1593/2298/1152 1599/2305/1157 1612/2311/606
f 1587/2292/1147 1593/2298/1152 1612/2311/606
f 1581/2312/1162 1587/2292/1147 1612/2311/606
f 1575/2313/1163 1581/2312/1162 1612/2311/606
f 1569/2314/1164 1575/2313/1163 1612/2311/606
f 1605/2304/1156 1539/2249/1115 1612/2311/606
f 1563/2267/1128 1569/2314/1164 1612/2311/606
f 1557/2261/1124 1563/2267/1128 1612/2311/606
f 1551/2256/1121 1557/2261/1124 1612/2311/606
f 1545/2248/1114 1551/2256/1121 1612/2311/606
f 1578/2280/1138 1572/2275/1135 1611/2244/605
f 1584/2285/1141 1578/2280/1138 1611/2244/605
f 1590/2290/1145 1584/2285/1141 1611/2244/605
f 1596/2295/1150 1590/2290/1145 1611/2244/605
f 1602/2301/1155 1596/2295/1150 1611/2244/605
f 1608/2308/1159 1602/2301/1155 1611/2244/605
f 1542/2253/1118 1608/2308/1159 1611/2244/605
f 1548/2243/1112 1542/2253/1118 1611/2244/605
f 1566/2270/1130 1560/2264/1127 1611/2244/605
f 1560/2264/1127 1554/2242/1111 1611/2244/605
f 1614/2223/1165 1683/2240/1166 1680/2221/1167
f 1632/2225/1168 1629/2224/1097 1626/2226/1095
f 1644/2229/1134 1641/2227/1169 1638/2228/1170
f 1644/2229/1134 1653/2230/1171 1647/2315/1172
f 1656/2233/1140 1653/2232/1171 1650/2234/1101
f 1662/2236/1173 1659/2316/1103 1656/2233/1140
f 1662/2236/1173 1671/2237/1174 1665/2235/1175
f 1674/2238/1176 1683/2240/1166 1677/2317/1107
f 1626/2226/1095 1623/2318/1110 1620/2241/1117
f 1628/2242/1121 1685/2244/606 1622/2243/1114
f 1614/2223/1165 1623/2318/1110 1617/2222/1094
f 1615/2246/1177 1620/2245/1117 1614/2247/1165
f 1613/2249/1118 1621/2255/1116 1615/2246/1177
f 1624/2251/1178 1617/2250/1094 1623/2252/1110
f 1622/2243/1114 1618/2310/1179 1624/2251/1178
f 1620/2245/1117 1627/2254/1122 1626/2259/1095
f 1619/2248/1112 1627/2254/1122 1621/2255/1116
f 1630/2257/1180 1623/2252/1110 1629/2258/1097
f 1630/2257/1180 1622/2243/1114 1624/2251/1178
f 1627/2254/1122 1632/2266/1168 1626/2259/1095
f 1625/2256/1111 1633/2260/1126 1627/2254/1122
f 1635/2262/1096 1630/2257/1180 1629/2258/1097
f 1634/2264/1124 1630/2257/1180 1636/2263/1123
f 1633/2260/1126 1638/2265/1170 1632/2266/1168
f 1631/2261/1127 1639/2272/1129 1633/2260/1126
f 1641/2268/1099 1636/2263/1123 1635/2262/1096
f 1640/2270/1128 1636/2263/1123 1642/2269/1132
f 1639/2272/1129 1644/2276/1134 1638/2265/1170
f 1639/2272/1129 1643/2314/1135 1645/2271/1133
f 1647/2274/1172 1642/2269/1132 1641/2268/1099
f 1646/2275/1181 1642/2269/1132 1648/2273/1182
f 1645/2271/1133 1650/2282/1101 1644/2276/1134
f 1643/2314/1135 1651/2277/1137 1645/2271/1133
f 1653/2278/1171 1648/2273/1182 1647/2274/1172
f 1652/2280/1183 1648/2273/1182 1654/2279/1136
f 1651/2277/1137 1656/2281/1140 1650/2282/1101
f 1651/2277/1137 1655/2312/1141 1657/2287/1184
f 1660/2283/1185 1653/2278/1171 1659/2284/1103
f 1658/2285/1186 1654/2279/1136 1660/2283/1185
f 1657/2287/1184 1662/2319/1173 1656/2281/1140
f 1657/2287/1184 1661/2292/1145 1663/2286/1144
f 1666/2288/1148 1659/2284/1103 1665/2289/1175
f 1666/2288/1148 1658/2285/1186 1660/2283/1185
f 1663/2286/1144 1668/2296/1187 1662/2319/1173
f 1663/2286/1144 1667/2298/1150 1669/2291/1188
f 1672/2293/1189 1665/2289/1175 1671/2294/1174
f 1672/2293/1189 1664/2290/1147 1666/2288/1148
f 1678/2299/1151 1671/2294/1174 1677/2300/1107
f 1678/2299/1151 1670/2295/1152 1672/2293/1189
f 1674/2303/1154 1681/2309/1158 1680/2302/1167
f 1673/2305/1190 1681/2309/1158 1675/2297/1191
f 1683/2306/1166 1678/2299/1151 1677/2300/1107
f 1682/2308/1156 1678/2299/1151 1684/2307/1160
f 1680/2302/1167 1615/2246/1177 1614/2247/1165
f 1679/2304/1159 1615/2246/1177 1681/2309/1158
f 1617/2250/1094 1684/2307/1160 1683/2306/1166
f 1616/2253/1115 1684/2307/1160 1618/2310/1179
f 1673/2305/1192 1686/2311/605 1679/2304/1159
f 1646/2275/1181 1685/2244/606 1640/2270/1128
f 1613/2249/1118 1686/2311/605 1619/2248/1112
f 1667/2298/1150 1686/2311/605 1673/2305/1192
f 1661/2292/1145 1686/2311/605 1667/2298/1150
f 1655/2312/1141 1686/2311/605 1661/2292/1145
f 1649/2313/1138 1686/2311/605 1655/2312/1141
f 1643/2314/1135 1686/2311/605 1649/2313/1138
f 1679/2304/1159 1686/2311/605 1613/2249/1118
f 1637/2267/1130 1686/2311/605 1643/2314/1135
f 1631/2261/1127 1686/2311/605 1637/2267/1130
f 1625/2256/1111 1686/2311/605 1631/2261/1127
f 1619/2248/1112 1686/2311/605 1625/2256/1111
f 1652/2280/1183 1685/2244/606 1646/2275/1181
f 1658/2285/1186 1685/2244/606 1652/2280/1183
f 1664/2290/1147 1685/2244/606 1658/2285/1186
f 1670/2295/1152 1685/2244/606 1664/2290/1147
f 1676/2301/1157 1685/2244/606 1670/2295/1152
f 1682/2308/1156 1685/2244/606 1676/2301/1157
f 1616/2253/1115 1685/2244/606 1682/2308/1156
f 1622/2243/1114 1685/2244/606 1616/2253/1115
f 1640/2270/1128 1685/2244/606 1634/2264/1124
f 1634/2264/1124 1685/2244/606 1628/2242/1121
f 1750/2320/612 1733/2321/1193 1737/2322/610
f 1787/2323/1194 1790/2324/1195 2091/2325/605
f 1691/2326/1196 1689/2327/1197 1692/2328/1198
f 1689/2329/1199 1690/2330/1200 1692/2331/1201
f 1694/2332/1202 1692/2328/1198 1695/2333/1203
f 1695/2334/1204 1690/2330/1200 1693/2335/1205
f 1697/2336/1206 1695/2333/1203 1698/2337/1207
f 1695/2334/1204 1696/2338/1195 1698/2339/1208
f 1698/2339/1208 1699/2340/1194 1701/2341/1209
f 1703/2342/1210 1701/2343/1211 1704/2344/1212
f 1704/2345/1213 1699/2340/1194 1702/2346/1214
f 1706/2347/1215 1704/2344/1212 1707/2348/1216
f 1707/2349/1217 1702/2346/1214 1705/2350/1218
f 1709/2351/1219 1707/2348/1216 1710/2352/1220
f 1710/2353/1221 1705/2350/1218 1708/2354/1222
f 1709/2351/1219 1713/2355/1223 1712/2356/1224
f 1710/2353/1221 1711/2357/1225 1713/2358/1226
f 1715/2359/1227 1713/2355/1223 1716/2360/1228
f 1716/2361/1229 1711/2357/1225 1714/2362/1230
f 1718/2363/1231 1716/2360/1228 1719/2364/1232
f 1716/2361/1229 1717/2365/1233 1719/2366/1234
f 1721/2367/1235 1719/2364/1232 1722/2368/1236
f 1719/2366/1234 1720/2369/1237 1722/2370/1238
f 1724/2371/1239 1722/2368/1236 1725/2372/1240
f 1722/2370/1238 1723/2373/1241 1725/2374/1242
f 1727/2375/1243 1725/2372/1240 1728/2376/1244
f 1725/2374/1242 1726/2377/1245 1728/2378/1246
f 1730/2379/1247 1728/2376/1244 1731/2380/1248
f 1728/2378/1246 1729/2381/1249 1731/2382/1250
f 1733/2321/1193 1731/2380/1248 1734/2383/1251
f 1734/2384/1252 1729/2381/1249 1732/2385/1253
f 1733/2321/1193 1689/2386/1197 1688/2387/1254
f 1689/2329/1199 1732/2385/1253 1687/2388/1255
f 1737/2322/610 1688/2387/1254 1735/2389/1256
f 1727/2375/1243 1750/2320/612 1749/2390/613
f 1724/2371/1239 1749/2390/613 1748/2391/614
f 1721/2367/1235 1748/2391/614 1747/2392/615
f 1746/2393/616 1721/2367/1235 1747/2392/615
f 1715/2359/1227 1746/2393/616 1745/2394/618
f 1744/2395/1257 1715/2359/1227 1745/2394/618
f 1743/2396/1258 1712/2356/1224 1744/2395/1257
f 1706/2347/1215 1743/2396/1258 1742/2397/623
f 1741/2398/622 1706/2347/1215 1742/2397/623
f 1735/2399/1256 1691/2326/1196 1736/2400/1259
f 1814/2401/1260 1797/2402/1261 1794/2403/1262
f 1815/2404/1263 1818/2405/1264 2092/2406/606
f 1756/2407/1251 1752/2408/1265 1755/2409/1193
f 1756/2410/1266 1751/2411/1255 1753/2412/1199
f 1758/2413/1267 1756/2407/1251 1755/2409/1193
f 1759/2414/1250 1754/2415/1253 1756/2410/1266
f 1761/2416/1243 1759/2417/1248 1758/2413/1267
f 1760/2418/1245 1759/2414/1250 1762/2419/1246
f 1764/2420/1239 1762/2421/1244 1761/2416/1243
f 1763/2422/1241 1762/2419/1246 1765/2423/1242
f 1767/2424/1268 1765/2425/1240 1764/2420/1239
f 1766/2426/1237 1765/2423/1242 1768/2427/1238
f 1770/2428/1231 1768/2429/1236 1767/2424/1268
f 1771/2430/1234 1766/2426/1237 1768/2427/1238
f 1773/2431/1269 1771/2432/1232 1770/2428/1231
f 1774/2433/1229 1769/2434/1233 1771/2430/1234
f 1776/2435/1224 1774/2436/1270 1773/2431/1269
f 1777/2437/1226 1772/2438/1230 1774/2433/1229
f 1780/2439/1220 1776/2435/1224 1779/2440/1219
f 1778/2441/1222 1777/2437/1226 1780/2442/1221
f 1782/2443/1215 1780/2439/1220 1779/2440/1219
f 1783/2444/1217 1778/2441/1222 1780/2442/1221
f 1785/2445/1210 1783/2446/1271 1782/2443/1215
f 1786/2447/1213 1781/2448/1218 1783/2444/1217
f 1789/2449/1272 1785/2445/1210 1788/2450/1273
f 1789/2451/1209 1784/2452/1214 1786/2447/1213
f 1792/2453/1274 1788/2450/1273 1791/2454/1275
f 1792/2455/1208 1787/2323/1194 1789/2451/1209
f 1795/2456/1203 1791/2454/1275 1794/2403/1262
f 1795/2457/1204 1790/2324/1195 1792/2455/1208
f 1797/2402/1261 1795/2456/1203 1794/2403/1262
f 1796/2458/1200 1795/2457/1204 1798/2459/1201
f 1752/2460/1265 1798/2461/1198 1797/2402/1261
f 1751/2411/1255 1798/2459/1201 1753/2412/1199
f 1801/2462/1276 1752/2460/1265 1797/2402/1261
f 1802/2463/692 1755/2409/1193 1800/2464/610
f 1814/2401/1260 1791/2454/1275 1813/2465/1277
f 1813/2465/1277 1788/2450/1273 1812/2466/1278
f 1811/2467/1279 1782/2443/1215 1810/2468/1280
f 1809/2469/1281 1782/2443/1215 1779/2440/1219
f 1808/2470/1282 1779/2440/1219 1776/2435/1224
f 1807/2471/618 1776/2435/1224 1773/2431/1269
f 1806/2472/616 1773/2431/1269 1770/2428/1231
f 1805/2473/615 1770/2428/1231 1767/2424/1268
f 1804/2474/614 1767/2424/1268 1764/2420/1239
f 1803/2475/613 1764/2420/1239 1761/2416/1243
f 1803/2475/613 1758/2413/1267 1802/2463/692
f 1800/2464/610 1752/2408/1265 1799/2476/1283
f 1878/2477/692 1861/2478/1284 1858/2479/1285
f 1909/2480/1286 1906/2481/1287 2093/2482/606
f 1820/2483/1288 1816/2484/1289 1819/2485/1290
f 1820/2486/1291 1815/2404/1263 1817/2487/1292
f 1823/2488/1293 1819/2485/1290 1822/2489/1294
f 1821/2490/1295 1820/2486/1291 1823/2491/1296
f 1826/2492/1297 1822/2489/1294 1825/2493/1298
f 1826/2494/1299 1821/2490/1295 1823/2491/1296
f 1829/2495/1300 1825/2493/1298 1828/2496/1301
f 1829/2497/1302 1824/2498/1303 1826/2494/1299
f 1832/2499/1304 1828/2496/1301 1831/2500/1305
f 1832/2501/1306 1827/2502/1307 1829/2497/1302
f 1835/2503/1308 1831/2500/1305 1834/2504/1309
f 1835/2505/1310 1830/2506/1311 1832/2501/1306
f 1838/2507/1312 1834/2504/1309 1837/2508/1313
f 1838/2509/1314 1833/2510/1286 1835/2505/1310
f 1840/2511/1315 1838/2507/1312 1837/2508/1313
f 1841/2512/1316 1836/2513/1287 1838/2509/1314
f 1844/2514/1317 1840/2511/1315 1843/2515/1318
f 1842/2516/1319 1841/2512/1316 1844/2517/1320
f 1847/2518/1321 1843/2515/1318 1846/2519/1322
f 1845/2520/1323 1844/2517/1320 1847/2521/1324
f 1850/2522/1325 1846/2519/1322 1849/2523/1326
f 1850/2524/1327 1845/2520/1323 1847/2521/1324
f 1853/2525/1328 1849/2523/1326 1852/2526/1329
f 1853/2527/1330 1848/2528/1331 1850/2524/1327
f 1856/2529/1332 1852/2526/1329 1855/2530/1333
f 1854/2531/1334 1853/2527/1330 1856/2532/1335
f 1859/2533/1336 1855/2530/1333 1858/2479/1285
f 1857/2534/1337 1856/2532/1335 1859/2535/1338
f 1862/2536/1339 1858/2479/1285 1861/2478/1284
f 1860/2537/1340 1859/2535/1338 1862/2538/1341
f 1816/2539/1289 1862/2536/1339 1861/2478/1284
f 1815/2404/1263 1862/2538/1341 1817/2487/1292
f 1863/2540/1342 1861/2478/1284 1865/2541/610
f 1864/2542/626 1822/2489/1294 1819/2485/1290
f 1877/2543/613 1858/2479/1285 1855/2530/1333
f 1876/2544/614 1855/2530/1333 1852/2526/1329
f 1876/2544/614 1849/2523/1326 1875/2545/615
f 1874/2546/617 1849/2523/1326 1846/2519/1322
f 1873/2547/618 1846/2519/1322 1843/2515/1318
f 1872/2548/1257 1843/2515/1318 1840/2511/1315
f 1871/2549/624 1840/2511/1315 1837/2508/1313
f 1871/2549/624 1834/2504/1309 1870/2550/623
f 1869/2551/622 1834/2504/1309 1831/2500/1305
f 1869/2551/622 1828/2496/1301 1868/2552/621
f 1868/2552/621 1825/2493/1298 1867/2553/607
f 1867/2553/607 1822/2489/1294 1866/2554/608
f 1863/2555/1342 1819/2485/1290 1816/2484/1289
f 1942/2556/1343 1925/2557/1344 1929/2558/1345
f 1714/2362/1230 1711/2357/1225 2068/2559/605
f 1883/2560/1284 1881/2561/1346 1884/2562/1339
f 1881/2563/1292 1882/2564/1340 1884/2565/1347
f 1883/2560/1284 1887/2566/1348 1886/2567/1285
f 1887/2568/1349 1882/2564/1340 1885/2569/1337
f 1886/2567/1285 1890/2570/1332 1889/2571/1333
f 1887/2568/1349 1888/2572/1334 1890/2573/1335
f 1892/2574/1329 1890/2570/1332 1893/2575/1328
f 1890/2573/1335 1891/2576/1350 1893/2577/1330
f 1892/2574/1329 1896/2578/1351 1895/2579/1352
f 1893/2577/1330 1894/2580/1331 1896/2581/1327
f 1895/2579/1352 1899/2582/1353 1898/2583/1354
f 1896/2581/1327 1897/2584/1323 1899/2585/1324
f 1898/2583/1354 1902/2586/1317 1901/2587/1318
f 1899/2585/1324 1900/2588/1319 1902/2589/1320
f 1901/2587/1318 1905/2590/1355 1904/2591/1356
f 1905/2592/1316 1900/2588/1319 1903/2593/1357
f 1907/2594/1313 1905/2590/1355 1908/2595/1312
f 1908/2596/1314 1903/2593/1357 1906/2481/1287
f 1910/2597/1309 1908/2595/1312 1911/2598/1308
f 1911/2599/1310 1906/2481/1287 1909/2480/1286
f 1910/2597/1309 1914/2600/1304 1913/2601/1305
f 1914/2602/1306 1909/2480/1286 1912/2603/1311
f 1913/2601/1305 1917/2604/1300 1916/2605/1301
f 1914/2602/1306 1915/2606/1307 1917/2607/1302
f 1916/2605/1301 1920/2608/1297 1919/2609/1358
f 1920/2610/1299 1915/2606/1307 1918/2611/1303
f 1919/2609/1358 1923/2612/1359 1922/2613/1294
f 1923/2614/1296 1918/2611/1303 1921/2615/1295
f 1925/2557/1344 1923/2612/1359 1926/2616/1360
f 1926/2617/1291 1921/2615/1295 1924/2618/1264
f 1880/2619/1289 1926/2616/1360 1881/2620/1346
f 1926/2617/1291 1879/2621/1263 1881/2563/1292
f 1929/2558/1345 1880/2619/1289 1927/2622/1361
f 1928/2623/610 1886/2567/1285 1930/2624/612
f 1919/2609/1358 1942/2556/1343 1941/2625/1362
f 1916/2605/1301 1941/2625/1362 1940/2626/1363
f 1910/2597/1309 1939/2627/1364 1938/2628/1365
f 1907/2594/1313 1938/2628/1365 1937/2629/1366
f 1904/2591/1356 1937/2629/1366 1936/2630/1367
f 1935/2631/618 1904/2591/1356 1936/2630/1367
f 1934/2632/617 1901/2587/1318 1935/2631/618
f 1889/2571/1333 1932/2633/1368 1931/2634/613
f 1930/2624/612 1889/2571/1333 1931/2634/613
f 2000/2635/1369 2069/2636/1370 1927/2637/1361
f 1927/2638/1361 1883/2560/1284 1928/2623/610
f 1997/2639/1371 1944/2640/1372 1799/2641/1283
f 2005/2642/1373 1943/2643/1374 2003/2644/1375
f 2028/2645/1376 1996/2646/1377 1991/2647/1378
f 1736/2648/605 1943/2649/1 1735/2650/605
f 1944/2651/1 1800/2652/605 1799/2653/605
f 1738/2654/605 1945/2655/1 1736/2648/605
f 1946/2656/1 1802/2657/605 1800/2652/605
f 2036/2658/1379 2022/2659/1380 2033/2660/1381
f 1743/2661/605 1950/2662/605 1952/2663/605
f 1950/2662/605 1951/2664/1 1952/2663/605
f 1949/2665/1 1807/2666/605 1951/2664/1
f 1742/2667/605 1952/2663/605 1954/2668/605
f 1952/2663/605 1953/2669/605 1954/2668/605
f 1951/2664/1 1806/2670/605 1953/2669/605
f 1741/2671/605 1954/2668/605 1956/2672/605
f 1953/2669/605 1805/2673/605 1955/2674/605
f 1740/2675/605 1956/2672/605 1958/2676/605
f 1955/2674/605 1804/2677/605 1957/2678/605
f 1740/2675/605 1960/2679/605 1739/2680/605
f 1959/2681/605 1804/2677/605 1803/2682/605
f 1739/2680/605 1947/2683/605 1738/2654/605
f 1948/2684/605 1803/2682/605 1802/2657/605
f 2000/2635/1369 1961/2685/1382 2002/2686/1383
f 2008/2687/1384 1962/2688/1385 1863/2689/1342
f 1928/2690/606 1961/2691/1386 1927/2692/606
f 1962/2693/1386 1864/2694/606 1863/2695/606
f 1930/2696/606 1963/2697/1386 1928/2690/606
f 1964/2698/1386 1866/2699/606 1864/2694/606
f 2040/2700/1387 2023/2701/1388 2036/2658/1379
f 1935/2702/606 1968/2703/1386 1970/2704/1386
f 1970/2704/1386 1967/2705/606 1969/2706/606
f 1967/2705/606 1871/2707/606 1969/2706/606
f 1934/2708/606 1970/2704/1386 1972/2709/606
f 1972/2709/606 1969/2706/606 1971/2710/606
f 1969/2706/606 1870/2711/606 1971/2710/606
f 1933/2712/606 1972/2709/606 1974/2713/606
f 1971/2710/606 1869/2714/606 1973/2715/606
f 1932/2716/606 1974/2713/606 1976/2717/606
f 1973/2715/606 1868/2718/606 1975/2719/606
f 1932/2716/606 1978/2720/606 1931/2721/606
f 1977/2722/606 1868/2718/606 1867/2723/606
f 1931/2721/606 1965/2724/606 1930/2696/606
f 1966/2725/606 1867/2723/606 1866/2699/606
f 1878/2477/692 1737/2322/610 1865/2541/610
f 1877/2543/613 1750/2320/612 1878/2477/692
f 1876/2544/614 1749/2390/613 1877/2543/613
f 1875/2545/615 1748/2391/614 1876/2544/614
f 1874/2546/617 1747/2392/615 1875/2545/615
f 1873/2547/618 1746/2393/616 1874/2546/617
f 1873/2547/618 1744/2395/1257 1745/2394/618
f 1863/2540/1342 1737/2322/610 1735/2389/1256
f 1814/2401/1260 1983/2726/1389 1801/2462/1276
f 1982/2727/1390 1942/2556/1343 1929/2558/1345
f 1813/2465/1277 1994/2728/1391 1814/2401/1260
f 1995/2729/1392 1941/2625/1362 1942/2556/1343
f 1812/2466/1278 1992/2730/1393 1813/2465/1277
f 1993/2731/1394 1940/2626/1363 1941/2625/1362
f 1990/2732/1395 1988/2733/1395 2080/2734/1395
f 1810/2468/1280 1986/2735/1396 1988/2736/1397
f 1984/2737/1398 2083/2738/1399 2079/2739/1400
f 1987/2740/1401 1938/2628/1365 1989/2741/1402
f 1809/2469/1281 1984/2742/1398 1986/2735/1396
f 1983/2743/1395 1994/2744/1395 2085/2745/1395
f 1985/2746/1403 1937/2629/1366 1987/2740/1401
f 1801/2462/1276 1981/2747/1404 1799/2748/1283
f 1988/2733/1395 2079/2749/1395 2080/2734/1395
f 1980/2750/1405 1929/2558/1345 1927/2622/1361
f 1735/2751/1256 2007/2752/1406 1863/2689/1342
f 1735/2751/1256 2005/2642/1373 2006/2753/1407
f 2007/2754/1408 2011/2755/1409 2010/2756/1408
f 2000/2757/1410 2018/2758/1411 1999/2759/1411
f 2006/2760/1409 2012/2761/1412 2011/2762/1409
f 2002/2763/1413 2017/2764/1410 2000/2757/1410
f 1999/2759/1411 2019/2765/1414 1998/2766/1414
f 2004/2767/1415 2015/2768/1413 2002/2763/1413
f 2001/2769/1416 2020/2770/1417 2016/2771/1416
f 2003/2772/1418 2016/2771/1416 2014/2773/1418
f 2008/2774/1419 2013/2775/1415 2004/2767/1415
f 2069/2636/1370 1998/2776/1420 2070/2777/1421
f 2070/2777/1421 1997/2639/1371 1799/2641/1283
f 1991/2778/1422 1996/2779/1422 1979/2780/1422
f 1967/2781/1423 1949/2782/1424 1950/2783/1423
f 2024/2784/1425 2045/2785/1426 2026/2786/1427
f 1872/2787/1257 1950/2783/1423 1744/2788/1257
f 2055/2789/1428 2025/2790/1429 2028/2791/1430
f 2005/2792/1412 2014/2773/1418 2012/2761/1412
f 1863/2689/1342 2007/2752/1406 2008/2687/1384
f 2019/2793/1431 2031/2794/1432 2020/2795/1433
f 2007/2754/1408 2009/2796/1419 2008/2774/1419
f 1997/2797/1417 2019/2765/1414 2020/2770/1417
f 2014/2798/1434 2049/2799/1435 2012/2800/1436
f 2026/2786/1427 2064/2801/1437 2029/2802/1438
f 2009/2803/1439 2057/2804/1440 2061/2805/1441
f 2012/2800/1436 2051/2806/1442 2011/2807/1443
f 2015/2808/1444 2063/2809/1445 2046/2810/1446
f 2011/2811/1443 2057/2804/1440 2010/2812/1447
f 2013/2813/1448 2061/2805/1441 2063/2809/1445
f 2048/2814/1449 2028/2791/1430 2027/2815/1450
f 2018/2816/1451 2039/2817/1452 2037/2818/1453
f 2017/2819/1454 2046/2810/1446 2039/2817/1452
f 2016/2820/1455 2054/2821/1456 2014/2798/1434
f 2019/2793/1431 2037/2818/1453 2034/2822/1457
f 2020/2795/1433 2042/2823/1458 2016/2820/1455
f 2030/2824/1459 2022/2659/1380 2021/2825/1460
f 2061/2805/1441 2059/2826/1461 2062/2827/1462
f 2059/2828/611 2060/2829/611 2062/2830/611
f 2054/2821/1456 2050/2831/1463 2049/2799/1435
f 2050/2832/611 2055/2833/611 2048/2834/611
f 2046/2810/1446 2065/2835/1464 2047/2836/1465
f 2065/2837/611 2045/2838/611 2047/2839/611
f 2051/2840/1442 2059/2826/1461 2057/2804/1440
f 2059/2828/611 2052/2841/611 2058/2842/611
f 2063/2809/1445 2062/2827/1462 2065/2835/1464
f 2062/2830/611 2064/2843/611 2065/2837/611
f 2049/2799/1435 2053/2844/1466 2051/2806/1442
f 2053/2845/611 2048/2834/611 2052/2846/611
f 2039/2817/1452 2038/2847/1467 2037/2818/1453
f 2041/2848/611 2036/2849/611 2038/2850/611
f 2046/2810/1446 2041/2851/1468 2039/2817/1452
f 2047/2839/611 2040/2852/611 2041/2848/611
f 2054/2821/1456 2044/2853/1469 2056/2854/1470
f 2056/2855/611 2043/2856/611 2055/2833/611
f 2037/2818/1453 2035/2857/1471 2034/2822/1457
f 2038/2850/611 2033/2858/611 2035/2859/611
f 2031/2794/1432 2035/2857/1471 2032/2860/1472
f 2032/2861/611 2033/2858/611 2030/2862/611
f 2042/2823/1458 2032/2860/1472 2044/2853/1469
f 2044/2863/611 2030/2862/611 2043/2856/611
f 1699/2340/1194 1696/2338/1195 2068/2559/605
f 2085/2864/1473 2067/2865/1474 2089/2866/1475
f 2066/2867/1476 2082/2868/1477 2067/2865/1474
f 1985/2869/1478 1987/2870/1478 2083/2871/1478
f 1992/2872/1395 2066/2873/1395 2085/2745/1395
f 1989/2874/1478 2083/2871/1478 1987/2870/1478
f 1994/2744/1395 1992/2872/1395 2085/2745/1395
f 1982/2875/1478 1980/2876/1478 2089/2877/1478
f 1995/2878/1478 1982/2875/1478 2089/2877/1478
f 2067/2879/1478 1993/2880/1478 2089/2877/1478
f 1993/2880/1478 1995/2878/1478 2089/2877/1478
f 1981/2881/1404 2070/2777/1421 1799/2641/1283
f 1981/2882/1395 2074/2883/1395 2070/2884/1395
f 1927/2637/1361 2069/2636/1370 1980/2885/1405
f 2074/2886/1479 2075/2887/1479 2078/2888/1480
f 2071/2889/1481 2088/2890/1482 2072/2891/1483
f 1980/2876/1478 2073/2892/1478 2072/2893/1478
f 1980/2876/1478 2072/2893/1478 2088/2894/1478
f 2076/2895/611 2078/2888/611 2075/2887/611
f 2072/2891/1483 2075/2896/1484 2071/2889/1481
f 2074/2897/1485 2077/2898/1486 2073/2899/1487
f 2073/2900/1488 2076/2895/1488 2072/2901/1488
f 2081/2902/1395 2080/2734/1395 2079/2749/1395
f 2082/2903/1478 2084/2904/1478 2083/2871/1478
f 2079/2739/1400 2084/2905/1489 2081/2906/1490
f 2081/2906/1490 2082/2868/1477 2080/2907/1491
f 1986/2908/1395 1984/2909/1395 2079/2749/1395
f 2086/2910/1492 2090/2911/1493 2088/2890/1482
f 2087/2912/1494 2089/2866/1475 2090/2911/1493
f 1894/2580/1331 1891/2576/1350 2093/2482/606
f 1879/2621/1263 1924/2618/1264 2093/2482/606
f 1772/2438/1230 1775/2913/1225 2091/2325/605
f 1848/2528/1331 1851/2914/1350 2092/2406/606
f 1757/2915/1249 1760/2418/1245 2091/2325/605
f 1732/2385/1253 1729/2381/1249 2068/2559/605
f 1833/2510/1286 1836/2513/1287 2092/2406/606
f 1717/2365/1233 1714/2362/1230 2068/2559/605
f 1912/2603/1311 1909/2480/1286 2093/2482/606
f 1818/2405/1264 1821/2490/1295 2092/2406/606
f 1790/2324/1195 1793/2916/1205 2091/2325/605
f 1702/2346/1214 1699/2340/1194 2068/2559/605
f 1897/2584/1323 1894/2580/1331 2093/2482/606
f 1687/2388/1255 1732/2385/1253 2068/2559/605
f 1775/2913/1225 1778/2441/1222 2091/2325/605
f 1882/2564/1340 1879/2621/1263 2093/2482/606
f 1851/2914/1350 1854/2531/1334 2092/2406/606
f 1760/2418/1245 1763/2422/1241 2091/2325/605
f 1836/2513/1287 1839/2917/1357 2092/2406/606
f 1720/2369/1237 1717/2365/1233 2068/2559/605
f 1915/2606/1307 1912/2603/1311 2093/2482/606
f 1821/2490/1295 1824/2498/1303 2092/2406/606
f 1793/2916/1205 1796/2458/1200 2091/2325/605
f 1705/2350/1218 1702/2346/1214 2068/2559/605
f 1900/2588/1319 1897/2584/1323 2093/2482/606
f 1778/2441/1222 1781/2448/1218 2091/2325/605
f 1690/2330/1200 1687/2388/1255 2068/2559/605
f 1885/2569/1337 1882/2564/1340 2093/2482/606
f 1854/2531/1334 1857/2534/1337 2092/2406/606
f 1763/2422/1241 1766/2426/1237 2091/2325/605
f 1796/2458/1200 1751/2411/1255 2091/2325/605
f 1839/2917/1357 1842/2516/1319 2092/2406/606
f 1723/2373/1241 1720/2369/1237 2068/2559/605
f 1918/2611/1303 1915/2606/1307 2093/2482/606
f 1824/2498/1303 1827/2502/1307 2092/2406/606
f 1708/2354/1222 1705/2350/1218 2068/2559/605
f 1903/2593/1357 1900/2588/1319 2093/2482/606
f 1781/2448/1218 1784/2452/1214 2091/2325/605
f 1693/2335/1205 1690/2330/1200 2068/2559/605
f 1888/2572/1334 1885/2569/1337 2093/2482/606
f 1857/2534/1337 1860/2537/1340 2092/2406/606
f 1766/2426/1237 1769/2434/1233 2091/2325/605
f 1842/2516/1319 1845/2520/1323 2092/2406/606
f 1751/2411/1255 1754/2415/1253 2091/2325/605
f 1726/2377/1245 1723/2373/1241 2068/2559/605
f 1921/2615/1295 1918/2611/1303 2093/2482/606
f 1827/2502/1307 1830/2506/1311 2092/2406/606
f 1860/2537/1340 1815/2404/1263 2092/2406/606
f 1711/2357/1225 1708/2354/1222 2068/2559/605
f 1906/2481/1287 1903/2593/1357 2093/2482/606
f 1784/2452/1214 1787/2323/1194 2091/2325/605
f 1696/2338/1195 1693/2335/1205 2068/2559/605
f 1891/2576/1350 1888/2572/1334 2093/2482/606
f 1769/2434/1233 1772/2438/1230 2091/2325/605
f 1845/2520/1323 1848/2528/1331 2092/2406/606
f 1754/2415/1253 1757/2915/1249 2091/2325/605
f 1729/2381/1249 1726/2377/1245 2068/2559/605
f 1924/2618/1264 1921/2615/1295 2093/2482/606
f 1830/2506/1311 1833/2510/1286 2092/2406/606
f 1981/2882/1395 2085/2745/1395 2087/2918/1395
f 1981/2882/1395 2087/2918/1395 2086/2919/1395
f 2071/2920/1395 1981/2882/1395 2086/2919/1395
f 1980/2876/1478 2090/2921/1478 2089/2877/1478
f 2090/2921/1478 1980/2876/1478 2088/2894/1478
f 1981/2882/1395 1983/2743/1395 2085/2745/1395
f 1985/2922/1403 1968/2923/1495 1936/2924/1367
f 1984/2925/1398 1808/2926/1282 1949/2782/1424
f 1984/2925/1398 1968/2923/1495 1985/2922/1403
f 2102/2927/73 2096/2928/73 2095/2929/73
f 2098/2930/76 2129/2931/76 2120/2932/76
f 2139/2933/614 2099/2934/1496 2138/2935/1496
f 2101/2936/76 2107/2937/76 2098/2930/76
f 2129/2938/1497 2130/2939/1497 2131/2940/1497
f 2096/2941/1498 2094/2942/1499 2095/2943/1500
f 2101/2944/1501 2099/2945/1502 2100/2946/1501
f 2116/2947/1503 2111/2948/1503 2112/2949/1503
f 2105/2950/1504 2113/2951/1504 2115/2952/1504
f 2098/2953/1505 2121/2954/1506 2099/2945/1502
f 2095/2943/1500 2118/2955/1507 2119/2956/1508
f 2125/2957/1509 2129/2938/1509 2131/2940/1509
f 2123/2958/1510 2127/2959/1510 2122/2960/1510
f 2122/2960/1511 2118/2961/1511 2123/2958/1511
f 2138/2935/1496 2121/2962/1512 2140/2963/1512
f 2140/2964/73 2158/2965/73 2138/2966/73
f 2133/2967/1496 2135/2968/1512 2132/2969/1496
f 2131/2940/1513 2126/2970/1513 2128/2971/1513
f 2146/2972/1514 2144/2973/1515 2112/2974/1516
f 2145/2975/1515 2112/2974/1516 2144/2973/1515
f 2131/2976/1517 2123/2977/1518 2125/2978/1519
f 2112/2949/1520 2114/2979/1520 2116/2947/1520
f 2151/2980/1521 2148/2981/1522 2123/2977/1518
f 2149/2982/1522 2123/2977/1518 2148/2981/1522
f 2139/2983/73 2158/2965/73 2159/2984/73
f 2136/2985/614 2133/2967/1496 2132/2969/1496
f 2155/2986/1523 2147/2987/1524 2145/2988/1524
f 2149/2982/1522 2150/2989/1525 2125/2978/1519
f 2134/2990/76 2156/2991/76 2149/2992/76
f 2097/2993/614 2142/2994/1496 2094/2995/1496
f 2142/2994/1496 2118/2996/1512 2094/2995/1496
f 2145/2975/1515 2147/2997/1526 2110/2998/1527
f 2100/2999/1528 2146/2972/1514 2112/2974/1516
f 2104/3000/1529 2117/3001/1530 2113/3002/1530
f 2137/3003/1531 2145/2975/1515 2144/2973/1515
f 2096/3004/1532 2110/3005/1533 2097/3006/1534
f 2112/2949/1535 2101/3007/1536 2100/3008/1537
f 2097/3009/1538 2147/2997/1526 2143/3010/1539
f 2105/3011/73 2109/3012/73 2096/2928/73
f 2118/3013/1540 2151/2980/1521 2123/2977/1518
f 2134/3014/1541 2148/2981/1522 2135/3015/1542
f 2124/3016/1543 2121/3017/1543 2120/3018/1543
f 2121/3019/1544 2150/2989/1525 2140/3020/1545
f 2152/3021/1523 2148/3022/1524 2151/3023/1524
f 2154/3024/1523 2153/3025/1523 2152/3021/1523
f 2156/3026/1523 2150/3027/1524 2149/3028/1524
f 2157/3029/1523 2158/3030/1523 2156/3026/1523
f 2141/3031/76 2152/3032/76 2151/3033/76
f 2136/3034/73 2153/3035/73 2155/3036/73
f 2143/3037/76 2152/3032/76 2142/3038/76
f 2157/3029/1523 2146/3039/1524 2159/3040/1523
f 2135/3041/73 2153/3035/73 2132/3042/73
f 2137/3043/76 2156/2991/76 2133/3044/76
f 2146/3045/73 2139/2983/73 2159/2984/73
f 2145/3046/73 2136/3034/73 2155/3036/73
f 2144/3047/76 2157/3048/76 2137/3043/76
f 2143/3037/76 2147/3049/76 2154/3050/76
f 2196/3051/1269 2167/3052/617 2166/3053/618
f 2173/3054/1546 2177/3055/1547 2176/3056/1202
f 2189/3057/1548 2190/3058/1549 2192/3059/1550
f 2201/3060/1551 2204/3061/1552 2203/3062/1553
f 2213/3063/613 2229/3064/1554 2212/3065/612
f 2214/3066/614 2232/3067/1243 2213/3063/613
f 2215/3068/615 2235/3069/1239 2214/3066/614
f 2216/3070/616 2238/3071/1268 2215/3068/615
f 2217/3072/618 2241/3073/1231 2216/3070/616
f 2222/3074/607 2256/3075/1555 2221/3076/621
f 2223/3077/608 2259/3078/1556 2222/3074/607
f 2224/3079/626 2262/3080/1262 2223/3077/608
f 2211/3081/610 2170/3082/1254 2160/3083/611
f 2212/3065/612 2226/3084/1193 2211/3081/610
f 2226/3084/1193 2171/3085/1557 2170/3082/1254
f 2230/3086/1558 2225/3087/1253 2227/3088/1559
f 2233/3089/1560 2228/3090/1249 2230/3086/1558
f 2236/3091/1561 2232/3067/1243 2235/3069/1239
f 2236/3091/1561 2231/3092/1245 2233/3089/1560
f 2239/3093/1562 2235/3069/1239 2238/3071/1268
f 2239/3093/1562 2234/3094/1241 2236/3091/1561
f 2242/3095/1563 2238/3071/1268 2241/3073/1231
f 2242/3095/1563 2237/3096/1237 2239/3093/1562
f 2244/3097/1227 2242/3095/1563 2241/3073/1231
f 2245/3098/1564 2240/3099/1233 2242/3095/1563
f 2195/3100/1565 2243/3101/1230 2245/3098/1564
f 2249/3102/1218 2248/3103/1566 2251/3104/1567
f 2253/3105/1568 2251/3104/1569 2250/3106/1570
f 2266/3107/1571 2262/3080/1262 2265/3108/1261
f 2170/3109/1254 2266/3107/1571 2265/3108/1261
f 2171/3110/1557 2264/3111/1200 2266/3107/1571
f 2231/3112/1245 2210/3113/605 2228/3114/1249
f 2240/3115/1233 2210/3113/605 2237/3116/1237
f 2246/3117/1222 2210/3118/605 2193/3119/1225
f 2255/3120/1572 2210/3118/605 2252/3121/1214
f 2264/3122/1200 2210/3118/605 2261/3123/1205
f 2228/3114/1249 2210/3113/605 2225/3124/1253
f 2237/3116/1237 2210/3113/605 2234/3125/1241
f 2193/3126/1225 2210/3113/605 2243/3127/1230
f 2252/3121/1214 2210/3118/605 2249/3128/1218
f 2261/3123/1205 2210/3118/605 2258/3129/1195
f 2169/3130/1255 2210/3118/605 2264/3122/1200
f 2225/3124/1253 2210/3113/605 2169/3131/1255
f 2234/3125/1241 2210/3113/605 2231/3112/1245
f 2243/3127/1230 2210/3113/605 2240/3115/1233
f 2249/3128/1218 2210/3118/605 2246/3117/1222
f 2258/3129/1195 2210/3118/605 2255/3120/1572
f 2276/3132/610 2278/3133/1573 2307/3134/1574
f 2268/3135/1575 2330/3136/1576 2284/3056/1577
f 2313/3137/1578 2287/3138/1579 2330/3136/1576
f 2311/3139/622 2287/3138/1579 2312/3140/1580
f 2269/3141/1581 2328/3142/1582 2311/3139/622
f 2269/3141/1581 2326/3143/1583 2291/3144/1584
f 2271/3145/1585 2326/3143/1583 2270/3146/624
f 2271/3147/1585 2298/3051/1586 2296/3148/1587
f 2272/3053/1588 2300/3149/1589 2298/3051/1586
f 2310/3052/1590 2301/3150/1591 2300/3149/1589
f 2273/3151/1592 2303/3060/1593 2301/3150/1591
f 2274/3152/1594 2305/3062/1595 2303/3060/1593
f 2275/3153/613 2306/3154/1596 2305/3062/1595
f 2276/3132/610 2306/3154/1596 2309/3155/692
f 2314/3156/1597 2278/3157/1573 2267/3158/1598
f 2314/3156/1597 2284/3056/1577 2281/3054/1599
f 2282/3159/1600 2278/3157/1573 2281/3054/1599
f 2280/3160/1601 2279/3161/1602 2282/3159/1600
f 2285/3055/1603 2281/3054/1599 2284/3056/1577
f 2285/3055/1603 2280/3160/1601 2282/3159/1600
f 2330/3136/1576 2285/3055/1603 2284/3056/1577
f 2331/3162/1604 2283/3163/1605 2285/3055/1603
f 2287/3138/1579 2331/3162/1604 2330/3136/1576
f 2288/3164/1606 2286/3165/1607 2331/3162/1604
f 2328/3142/1582 2288/3164/1606 2287/3138/1579
f 2290/3166/1608 2329/3167/1609 2288/3164/1606
f 2292/3057/1610 2328/3142/1582 2291/3144/1584
f 2292/3057/1610 2289/3168/1611 2290/3166/1608
f 2294/3059/1612 2291/3144/1584 2326/3143/1583
f 2293/3058/1613 2292/3057/1610 2294/3059/1612
f 2296/3169/1587 2294/3059/1612 2326/3143/1583
f 2297/3170/1614 2293/3058/1613 2294/3059/1612
f 2299/3171/1615 2296/3148/1587 2298/3051/1586
f 2325/3172/1616 2297/3173/1614 2299/3171/1615
f 2324/3174/1617 2298/3051/1586 2300/3149/1589
f 2323/3175/1618 2299/3171/1615 2324/3174/1617
f 2301/3150/1591 2324/3174/1617 2300/3149/1589
f 2303/3060/1593 2322/3176/1619 2301/3150/1591
f 2302/3177/1620 2322/3176/1619 2320/3178/1621
f 2305/3062/1595 2320/3178/1621 2303/3060/1593
f 2304/3179/1622 2320/3178/1621 2319/3061/1623
f 2306/3154/1596 2319/3061/1623 2305/3062/1595
f 2317/3180/1624 2319/3061/1623 2318/3181/1625
f 2307/3134/1574 2318/3181/1625 2306/3154/1596
f 2279/3182/1602 2307/3134/1574 2278/3133/1573
f 2286/3165/1607 2308/3183/1626 2283/3163/1605
f 2327/3184/1627 2308/3183/1626 2289/3168/1611
f 2302/3177/1620 2308/3185/1626 2321/3186/1628
f 2283/3163/1605 2308/3183/1626 2280/3160/1601
f 2289/3168/1611 2308/3183/1626 2329/3167/1609
f 2295/3187/1629 2308/3183/1626 2293/3058/1613
f 2317/3180/1624 2308/3185/1626 2304/3179/1622
f 2280/3160/1601 2308/3183/1626 2277/3188/1630
f 2329/3167/1609 2308/3183/1626 2286/3165/1607
f 2293/3058/1613 2308/3183/1626 2327/3184/1627
f 2304/3179/1622 2308/3185/1626 2302/3177/1620
f 2279/3085/1602 2315/3087/1631 2316/3088/1632
f 2318/3086/1625 2315/3087/1631 2317/3090/1624
f 2324/3095/1617 2321/3096/1628 2323/3099/1618
f 2323/3115/1618 2321/3116/1628 2308/3113/1626
f 2317/3114/1624 2315/3124/1631 2308/3113/1626
f 2295/3126/1629 2325/3127/1616 2308/3113/1626
f 2315/3124/1631 2277/3131/1630 2308/3113/1626
f 2325/3127/1616 2323/3115/1618 2308/3113/1626
f 41/1/1 3/7/5 2/2/2
f 36/4/4 7/25/4 6/5/4
f 3/7/5 41/1/1 19/8/5
f 5/10/6 8/16/12 40/11/7
f 8/16/12 15/3189/12 20/17/12
f 2/21/16 3/34/16 4/22/17
f 5/24/18 6/5/1633 7/25/19
f 9/27/21 10/78/52 42/28/22
f 18/19/1634 14/3190/1635 13/3191/1635
f 16/33/26 15/3192/1636 8/26/26
f 3/34/27 13/3193/27 14/35/27
f 26/3194/1637 25/3195/1637 29/3196/1637
f 12/3197/1638 11/3198/1639 30/3199/1640
f 23/39/29 2/21/1641 1/23/29
f 43/42/31 44/67/31 14/15/11
f 39/44/33 42/59/33 10/45/34
f 16/47/36 14/3200/36 18/48/37
f 47/51/39 48/63/39 26/53/41
f 36/4/5 35/6/5 49/54/5
f 31/56/4 33/88/4 34/57/4
f 42/59/33 39/44/33 22/60/42
f 1/23/4 4/22/4 38/65/4
f 33/69/45 44/67/31 43/42/31
f 41/29/23 42/28/22 17/18/13
f 1/72/46 37/3201/46 50/50/38
f 31/73/47 32/3202/47 48/63/39
f 11/46/35 10/45/34 27/74/48
f 25/76/50 26/3203/50 6/5/50
f 9/27/21 28/3204/1642 27/77/51
f 12/12/8 29/3205/1643 25/79/53
f 9/3/3 2/2/2 23/80/54
f 6/82/56 26/53/41 49/64/44
f 50/84/57 46/3206/57 44/85/57
f 48/87/57 43/3207/57 45/55/57
f 33/88/5 31/56/5 47/86/5
f 38/65/12 46/3206/12 50/84/12
f 34/57/12 43/3207/12 48/87/12
f 62/91/58 54/94/58 59/3208/58
f 54/94/58 53/3209/58 59/3208/58
f 59/3208/58 60/89/58 62/91/58
f 70/3210/58 53/3209/58 69/93/58
f 53/3209/58 54/94/58 69/93/58
f 54/94/58 65/3211/58 66/92/58
f 51/96/59 67/3212/59 68/97/59
f 68/97/59 63/3213/59 52/95/59
f 63/3213/59 64/3214/59 52/95/59
f 70/98/60 67/118/72 51/99/61
f 56/101/59 51/96/59 52/95/59
f 52/95/59 57/102/59 56/101/59
f 57/102/59 58/3215/59 55/103/59
f 58/104/62 61/3216/62 60/105/63
f 54/107/64 62/112/65 57/108/65
f 56/110/66 55/106/63 60/105/63
f 62/112/65 61/3216/62 58/104/62
f 51/99/61 56/3217/68 59/113/68
f 54/107/64 52/109/64 64/114/69
f 70/98/1644 69/3218/1645 68/117/1645
f 75/121/73 71/3219/73 72/119/73
f 72/119/73 85/149/73 86/120/73
f 71/3219/73 77/3220/73 72/119/73
f 77/3220/73 78/150/73 72/119/73
f 78/150/73 79/122/73 72/119/73
f 74/124/74 72/130/74 80/125/75
f 82/128/76 73/3221/76 74/129/76
f 74/129/76 83/152/76 84/151/76
f 84/151/76 81/127/76 74/129/76
f 72/130/74 74/124/74 88/131/77
f 88/3222/76 74/129/76 87/133/76
f 74/129/76 73/3221/76 76/134/76
f 73/135/78 71/148/78 75/136/79
f 77/138/80 82/147/86 81/139/81
f 80/141/83 79/3223/1646 84/142/84
f 88/144/85 87/153/85 86/145/85
f 82/147/86 77/138/80 71/148/78
f 90/119/87 89/3219/109 93/121/87
f 93/121/87 104/120/87 90/119/87
f 96/150/87 95/3220/87 90/119/87
f 95/3220/87 89/3219/109 90/119/87
f 90/119/87 98/123/87 97/122/87
f 98/125/88 90/130/89 92/124/89
f 92/129/90 91/3221/91 100/128/91
f 100/128/91 99/127/91 92/129/90
f 99/127/91 102/151/90 92/129/90
f 103/132/92 106/131/92 92/124/89
f 91/3221/91 92/129/90 94/134/90
f 94/137/93 93/136/93 89/148/94
f 96/140/95 99/139/1647 100/147/96
f 102/142/84 97/3223/1648 98/141/98
f 103/146/99 104/145/99 105/153/99
f 91/135/94 89/148/94 95/138/97
f 111/156/73 107/3224/73 108/158/73
f 108/158/73 121/154/73 111/156/73
f 107/3224/73 113/159/73 108/158/73
f 113/159/73 114/185/73 116/157/73
f 114/185/73 115/184/73 116/157/73
f 110/160/100 108/169/100 116/161/101
f 117/163/102 120/180/103 115/164/103
f 118/166/76 109/3225/76 110/186/76
f 110/186/76 119/167/76 118/166/76
f 119/167/76 120/3226/76 117/168/76
f 108/169/100 110/160/100 124/170/104
f 124/174/76 110/186/76 112/172/76
f 110/186/76 109/3225/76 112/172/76
f 109/175/105 107/183/105 111/176/106
f 118/178/107 117/163/102 114/165/102
f 119/162/101 116/161/101 115/164/103
f 121/171/104 124/170/104 123/181/108
f 109/175/105 118/178/107 113/179/107
f 126/158/87 125/3224/109 129/156/87
f 129/156/87 140/155/109 139/154/87
f 132/185/87 131/159/87 134/157/87
f 131/159/87 125/3224/109 126/158/87
f 134/157/87 131/159/87 126/158/87
f 137/162/110 134/161/110 126/169/111
f 135/163/112 132/165/112 133/164/113
f 128/186/90 127/3225/90 136/166/91
f 136/166/91 135/168/91 137/167/91
f 135/168/91 138/3226/91 137/167/91
f 126/169/111 139/171/114 142/170/114
f 127/3225/90 128/186/90 130/172/90
f 128/186/90 142/174/91 130/172/90
f 127/175/115 130/177/116 129/176/116
f 131/179/117 132/165/112 135/163/112
f 137/162/110 138/180/113 133/164/113
f 139/171/114 140/182/118 141/181/118
f 127/175/115 125/183/115 131/179/117
f 237/187/119 192/347/257 143/188/120
f 147/190/122 195/344/186 197/191/123
f 197/191/123 199/341/183 151/193/125
f 151/193/125 199/341/183 201/194/126
f 201/194/126 203/338/129 155/196/128
f 203/197/129 205/200/131 157/198/130
f 205/200/131 207/202/133 159/201/132
f 207/202/133 209/204/135 161/203/134
f 209/204/135 211/330/244 163/205/136
f 163/205/136 211/330/244 213/206/137
f 213/206/137 215/329/174 167/208/139
f 167/208/139 215/329/174 217/209/140
f 217/209/140 219/212/143 171/211/142
f 219/212/143 221/357/267 173/213/144
f 173/213/144 221/357/267 223/214/145
f 223/214/145 225/217/148 177/216/147
f 225/217/148 227/299/167 179/218/149
f 179/218/149 227/299/167 229/219/150
f 229/219/150 231/222/153 183/221/152
f 231/222/153 233/273/163 185/223/154
f 185/223/154 233/273/163 235/224/155
f 235/224/155 237/187/119 189/189/121
f 238/226/157 191/271/189 281/227/158
f 143/188/120 192/347/257 193/229/160
f 193/229/160 195/344/186 147/190/122
f 188/231/155 190/317/119 238/226/157
f 186/233/163 188/231/155 236/232/162
f 184/235/153 186/233/163 234/234/164
f 230/237/166 182/393/150 184/235/153
f 180/238/167 182/393/150 230/237/166
f 178/240/148 180/238/167 228/239/168
f 224/242/170 176/244/145 178/240/148
f 222/243/171 174/391/267 176/244/145
f 172/245/143 174/391/267 222/243/171
f 170/247/140 172/245/143 220/246/172
f 168/249/174 170/247/140 218/248/173
f 214/251/176 166/253/137 168/249/174
f 212/252/177 164/388/244 166/253/137
f 162/254/135 164/388/244 212/252/177
f 160/256/133 162/254/135 210/255/178
f 206/258/180 158/386/131 160/256/133
f 156/259/129 158/386/131 206/258/180
f 154/261/126 156/408/129 204/262/181
f 152/264/183 154/261/126 202/263/182
f 198/266/185 150/382/123 152/264/183
f 148/267/186 150/382/123 198/266/185
f 146/269/160 148/267/186 196/268/187
f 191/271/189 144/398/257 146/269/160
f 231/222/153 270/366/275 274/272/190
f 206/258/180 208/257/179 306/274/191
f 259/276/193 261/296/213 257/277/194
f 313/279/196 309/298/215 307/280/197
f 223/214/145 254/358/268 258/282/199
f 200/265/184 322/302/218 326/283/200
f 219/212/143 217/209/140 242/284/201
f 283/286/203 285/316/232 277/287/204
f 325/289/206 323/310/226 328/290/207
f 220/246/172 244/326/241 240/292/209
f 233/273/163 274/272/190 278/293/210
f 208/257/179 210/255/178 302/294/211
f 263/295/212 265/315/231 261/296/213
f 305/297/214 303/376/285 307/280/197
f 227/299/167 225/217/148 258/282/199
f 200/265/184 202/263/182 318/301/217
f 243/303/219 247/375/284 249/304/220
f 282/306/222 334/351/261 331/307/223
f 321/309/225 319/372/281 323/310/226
f 217/209/140 215/329/174 288/311/227
f 235/224/155 278/293/210 286/312/228
f 210/255/178 212/252/177 298/313/229
f 263/295/212 267/369/278 269/314/230
f 282/306/222 280/308/224 285/316/232
f 190/317/119 144/398/257 191/271/189
f 238/226/157 284/228/159 276/318/233
f 236/232/162 276/318/233 272/319/234
f 232/236/165 234/234/164 272/319/234
f 232/236/165 268/320/235 264/321/236
f 230/237/166 264/321/236 260/322/237
f 226/241/169 228/239/168 260/322/237
f 224/242/170 226/241/169 256/323/238
f 243/303/219 245/305/221 241/327/242
f 213/206/137 292/331/245 288/311/227
f 211/330/244 296/332/246 292/331/245
f 209/204/135 300/333/247 296/332/246
f 207/202/133 304/334/248 300/333/247
f 205/200/131 308/336/250 304/334/248
f 205/200/131 203/197/129 312/335/249
f 201/194/126 316/340/252 312/337/249
f 201/194/126 199/341/183 320/339/251
f 199/341/183 197/191/123 324/342/253
f 197/191/123 195/344/186 327/343/254
f 195/344/186 193/229/160 332/345/255
f 237/187/119 286/312/228 279/346/256
f 293/348/258 291/374/283 295/349/259
f 329/291/208 328/290/207 331/307/223
f 275/288/205 277/287/204 273/352/262
f 198/266/185 326/283/200 330/356/266
f 221/357/267 250/371/280 254/358/268
f 313/359/196 311/377/198 315/360/269
f 251/362/271 255/278/195 257/277/194
f 204/260/181 206/258/180 310/275/192
f 231/222/153 229/219/150 266/365/274
f 297/350/260 295/349/259 299/367/276
f 194/270/188 333/370/279 281/227/158
f 267/369/278 271/353/263 273/352/262
f 212/252/177 214/251/176 294/355/265
f 196/268/187 330/356/266 333/370/279
f 221/357/267 219/212/143 246/285/202
f 317/361/270 315/360/269 319/372/281
f 289/373/282 287/378/286 291/374/283
f 193/229/160 192/347/257 279/346/256
f 251/362/271 253/363/272 249/304/220
f 204/262/181 314/379/273 318/301/217
f 227/299/167 262/300/216 266/365/274
f 305/297/214 301/368/277 299/367/276
f 332/345/255 279/346/256 280/308/224
f 281/227/158 282/306/222 283/286/203
f 333/370/279 334/351/261 282/306/222
f 327/343/254 328/290/207 323/310/226
f 320/339/251 324/342/253 323/310/226
f 320/339/251 319/372/281 315/360/269
f 316/340/252 315/360/269 311/377/198
f 312/335/249 311/281/198 307/280/197
f 304/334/248 308/336/250 307/280/197
f 300/333/247 304/334/248 303/376/285
f 296/332/246 300/333/247 299/367/276
f 292/331/245 296/332/246 295/349/259
f 288/311/227 292/331/245 291/374/283
f 288/311/227 287/378/286 241/327/242
f 242/284/201 241/327/242 245/305/221
f 246/285/202 245/305/221 249/304/220
f 254/358/268 250/371/280 249/304/220
f 258/282/199 254/358/268 253/363/272
f 262/300/216 258/282/199 257/277/194
f 262/300/216 261/296/213 265/315/231
f 270/366/275 266/365/274 265/315/231
f 274/272/190 270/366/275 269/314/230
f 278/293/210 274/272/190 273/352/262
f 286/312/228 278/293/210 277/287/204
f 279/346/256 286/312/228 285/316/232
f 327/343/254 332/345/255 331/307/223
f 284/228/159 283/286/203 275/288/205
f 272/319/234 276/318/233 275/288/205
f 268/320/235 272/319/234 271/353/263
f 268/320/235 267/369/278 263/295/212
f 264/321/236 263/295/212 259/276/193
f 256/323/238 260/322/237 259/276/193
f 252/324/239 256/323/238 255/278/195
f 248/325/287 252/324/239 251/362/271
f 244/326/241 248/325/287 247/375/284
f 244/326/241 243/303/219 239/328/243
f 290/354/264 240/292/209 239/328/243
f 290/354/264 289/373/282 293/348/258
f 294/355/265 293/348/258 297/350/260
f 298/313/229 297/350/260 301/368/277
f 306/274/191 302/294/211 301/368/277
f 310/275/192 306/274/191 305/297/214
f 310/275/192 309/298/215 313/279/196
f 314/379/273 313/359/196 317/361/270
f 318/301/217 317/361/270 321/309/225
f 326/283/200 322/302/218 321/309/225
f 326/283/200 325/289/206 329/291/208
f 330/356/266 329/291/208 334/351/261
f 289/373/282 239/328/243 241/327/242
f 170/247/140 348/405/307 349/380/288
f 148/267/186 337/406/308 338/381/289
f 180/238/167 178/240/148 352/383/290
f 156/259/129 341/3227/309 342/385/292
f 186/233/163 356/409/310 357/387/293
f 164/388/244 345/410/311 346/389/294
f 172/245/143 349/380/288 350/390/295
f 152/264/183 150/382/123 338/381/289
f 182/393/150 180/238/167 353/384/291
f 158/386/131 342/385/292 343/395/298
f 190/317/119 188/231/155 357/387/293
f 166/253/137 346/389/294 347/397/300
f 144/398/257 335/404/306 336/399/301
f 174/391/267 350/390/295 351/400/302
f 154/261/126 152/264/183 339/392/296
f 184/235/153 182/393/150 354/394/297
f 160/256/133 343/395/298 344/403/305
f 144/398/257 190/317/119 358/396/299
f 170/247/140 168/249/174 347/397/300
f 146/269/160 336/399/301 337/406/308
f 178/240/148 176/244/145 351/400/302
f 154/261/126 340/401/303 341/407/309
f 186/233/163 184/235/153 355/402/304
f 162/254/135 344/403/305 345/410/311
f 357/387/293 381/434/156 382/411/121
f 336/399/301 335/404/306 359/412/120
f 350/390/295 374/435/144 375/414/146
f 344/403/305 343/395/298 367/415/132
f 358/396/299 382/411/121 359/412/120
f 336/399/301 360/413/161 361/417/122
f 351/400/302 375/414/146 376/418/147
f 344/403/305 368/416/134 369/419/136
f 338/381/289 337/406/308 361/417/122
f 352/383/290 376/418/147 377/421/149
f 345/410/311 369/419/136 370/422/138
f 338/381/289 362/420/124 363/423/125
f 353/384/291 377/421/149 378/424/151
f 347/397/300 346/389/294 370/422/138
f 340/401/303 339/392/296 363/423/125
f 354/394/297 378/424/151 379/427/152
f 347/397/300 371/425/139 372/428/141
f 341/407/309 340/401/303 364/426/127
f 355/402/304 379/427/152 380/430/154
f 349/380/288 348/405/307 372/428/141
f 342/385/292 341/3227/309 365/432/128
f 357/387/293 356/409/310 380/430/154
f 350/390/295 349/380/288 373/431/142
f 343/395/298 342/385/292 366/433/130
f 429/436/312 477/477/334 432/437/120
f 435/439/313 437/3228/314 389/440/314
f 389/440/314 437/3228/314 439/442/315
f 391/443/315 439/442/315 441/444/316
f 441/444/316 443/3229/317 395/446/317
f 395/446/317 443/3229/317 445/447/318
f 445/447/318 447/3230/319 399/449/319
f 399/449/319 447/3230/319 449/450/320
f 401/451/320 449/450/320 451/452/321
f 451/452/321 453/455/323 405/454/322
f 453/455/323 455/457/139 407/456/139
f 455/457/139 457/3231/324 409/458/324
f 409/458/324 457/3231/324 459/459/325
f 411/460/325 459/459/325 461/461/326
f 461/461/326 463/464/327 415/463/327
f 463/464/327 465/3232/328 417/465/328
f 417/465/328 465/3232/328 467/466/329
f 467/468/329 469/471/330 421/469/330
f 469/471/330 471/473/331 423/472/331
f 471/473/331 473/475/332 425/474/332
f 473/475/332 475/3233/333 427/476/333
f 427/476/333 475/3233/333 477/477/334
f 522/478/335 574/567/367 571/479/336
f 432/437/120 433/3234/440 385/481/338
f 385/481/338 433/3234/440 435/439/313
f 476/482/333 428/3235/333 430/483/312
f 426/485/332 428/3235/333 476/482/333
f 472/487/331 424/3236/331 426/485/332
f 422/488/330 424/3236/331 472/487/331
f 468/490/329 420/3237/329 422/488/330
f 418/491/328 420/3238/329 468/492/329
f 464/494/327 416/3239/327 418/491/328
f 414/495/326 416/3239/327 464/494/327
f 460/497/325 412/3240/325 414/495/326
f 410/498/340 412/3240/325 460/497/325
f 408/500/139 410/498/340 458/499/324
f 454/502/341 406/3241/322 408/500/139
f 404/503/321 406/3241/322 454/502/341
f 450/505/320 402/507/320 404/503/321
f 448/506/319 400/509/319 402/507/320
f 446/508/318 398/511/318 400/509/319
f 444/510/317 396/3242/317 398/511/318
f 394/512/316 396/3242/317 444/510/317
f 392/514/315 394/512/316 442/513/316
f 390/516/314 392/514/315 440/515/315
f 388/518/313 390/516/314 438/517/314
f 386/520/342 388/518/313 436/519/313
f 431/522/120 384/3243/120 386/520/342
f 467/523/343 502/3244/343 506/524/343
f 491/526/344 493/554/361 489/527/345
f 478/529/347 431/547/347 521/530/347
f 529/532/348 527/652/403 531/533/349
f 557/535/351 555/556/363 559/536/352
f 461/538/343 459/632/343 486/539/343
f 436/541/347 570/560/347 573/542/347
f 507/544/354 511/564/364 513/545/355
f 434/543/347 573/542/347 521/530/347
f 537/548/357 535/568/368 539/549/358
f 469/525/343 506/524/343 510/551/343
f 491/526/344 495/638/389 497/553/360
f 557/535/351 553/636/388 551/555/362
f 463/557/343 461/538/343 490/540/343
f 438/559/347 566/634/347 570/560/347
f 511/564/364 515/631/387 517/565/365
f 569/566/366 568/630/386 571/479/336
f 533/534/350 531/533/349 535/568/368
f 471/552/343 510/551/343 514/569/343
f 430/483/312 384/3243/120 431/522/120
f 476/571/347 478/529/347 524/531/347
f 458/575/347 480/629/347 530/562/347
f 483/577/370 485/619/381 481/578/371
f 453/580/343 532/584/343 528/581/343
f 451/583/343 536/586/343 532/584/343
f 449/585/343 540/588/343 536/586/343
f 447/587/343 544/590/343 540/588/343
f 445/589/343 548/592/343 544/590/343
f 443/591/343 552/594/343 548/592/343
f 443/591/343 441/595/343 556/593/343
f 441/595/343 439/597/343 560/596/343
f 439/597/343 437/599/343 564/598/343
f 437/599/343 435/601/343 567/600/343
f 435/601/343 433/618/343 572/602/343
f 477/603/343 526/613/343 519/604/343
f 541/550/359 539/549/358 543/606/373
f 522/478/335 520/480/337 525/608/375
f 503/610/377 507/544/354 509/546/356
f 475/612/343 518/627/343 526/613/343
f 457/614/343 455/582/343 528/581/343
f 565/616/379 561/537/353 559/536/352
f 433/618/343 432/605/343 519/604/343
f 487/528/346 489/527/345 485/619/381
f 467/620/343 465/635/343 498/621/343
f 549/623/382 545/607/374 543/606/373
f 499/625/384 503/610/377 505/611/378
f 473/570/343 514/569/343 518/627/343
f 460/628/347 484/3245/347 480/629/347
f 569/566/366 565/616/379 563/617/380
f 523/609/376 525/608/375 517/565/365
f 459/632/343 457/614/343 482/615/343
f 440/633/347 562/3246/347 566/634/347
f 465/635/343 463/557/343 494/558/343
f 549/623/382 547/624/383 551/555/362
f 499/637/384 501/660/385 497/553/360
f 572/639/390 519/667/416 520/480/337
f 524/640/391 521/642/393 522/478/335
f 573/641/392 574/567/367 522/478/335
f 564/643/394 567/668/417 568/630/386
f 560/644/395 564/643/394 563/617/380
f 556/645/396 560/644/395 559/536/352
f 552/646/397 556/645/396 555/556/363
f 552/646/397 551/555/362 547/624/383
f 548/647/398 547/624/383 543/606/373
f 544/648/399 543/606/373 539/549/358
f 540/649/400 539/549/358 535/568/368
f 536/650/401 535/568/368 531/533/349
f 532/651/402 531/533/349 527/652/403
f 482/654/405 528/653/404 527/652/403
f 486/655/406 482/654/405 481/578/371
f 490/656/407 486/655/406 485/619/381
f 494/657/408 490/656/407 489/527/345
f 498/658/409 494/657/408 493/554/361
f 502/659/410 498/658/409 497/553/360
f 502/661/410 501/626/385 505/611/378
f 506/662/411 505/611/378 509/546/356
f 510/663/412 509/546/356 513/545/355
f 514/664/413 513/545/355 517/565/365
f 518/665/414 517/565/365 525/608/375
f 526/666/415 525/608/375 520/480/337
f 567/668/417 572/639/390 571/479/336
f 516/669/418 524/640/391 523/609/376
f 512/670/419 516/669/418 515/631/387
f 508/671/420 512/670/419 511/564/364
f 504/672/421 508/671/420 507/544/354
f 500/673/422 504/672/421 503/610/377
f 500/674/422 499/637/384 495/638/389
f 496/675/423 495/638/389 491/526/344
f 492/676/424 491/526/344 487/528/346
f 488/677/425 487/528/346 483/577/370
f 484/678/426 483/577/370 479/579/372
f 480/679/427 479/579/372 529/532/348
f 534/681/429 530/680/428 529/532/348
f 538/682/430 534/681/429 533/534/350
f 542/683/431 538/682/430 537/548/357
f 546/684/432 542/683/431 541/550/359
f 550/685/433 546/684/432 545/607/374
f 554/686/434 550/685/433 549/623/382
f 554/686/434 553/636/388 557/535/351
f 558/687/435 557/535/351 561/537/353
f 562/688/436 561/537/353 565/616/379
f 566/689/437 565/616/379 569/566/366
f 570/690/438 569/566/366 574/567/367
f 529/532/348 479/579/372 481/578/371
f 424/691/343 595/733/343 596/692/439
f 402/694/343 584/734/343 585/695/343
f 412/697/343 410/736/343 588/698/343
f 390/700/343 388/737/343 577/701/343
f 420/703/343 418/738/439 592/704/439
f 396/706/343 581/739/343 582/707/343
f 426/693/439 596/692/439 597/709/343
f 404/696/343 585/695/343 586/711/343
f 414/713/439 412/697/343 589/699/343
f 392/715/439 390/700/343 578/702/343
f 420/717/343 593/3247/343 594/718/343
f 398/708/343 582/707/343 583/720/343
f 428/710/343 597/709/343 598/722/343
f 406/712/343 586/711/343 587/724/343
f 386/726/343 384/735/343 575/727/343
f 416/729/343 414/713/439 590/714/343
f 394/731/343 392/715/439 579/716/439
f 422/719/343 594/718/343 595/733/343
f 400/721/343 583/720/343 584/734/343
f 430/723/343 598/722/343 575/727/343
f 410/736/343 408/725/343 587/724/343
f 388/737/343 386/726/343 576/728/343
f 418/738/439 416/729/343 591/730/343
f 396/706/343 394/731/343 580/732/343
f 590/740/326 589/786/325 613/741/325
f 583/743/319 582/787/318 606/744/318
f 598/746/312 597/788/333 621/747/333
f 576/749/338 575/756/120 599/750/120
f 590/740/326 614/742/326 615/752/327
f 584/754/320 583/743/319 607/745/319
f 598/746/312 622/748/334 599/750/120
f 576/749/338 600/751/440 601/757/313
f 592/759/328 591/753/327 615/752/327
f 584/754/320 608/755/320 609/761/321
f 578/763/314 577/758/313 601/757/313
f 592/759/328 616/760/328 617/765/329
f 586/767/322 585/762/321 609/761/321
f 578/763/314 602/764/314 603/769/315
f 593/771/329 617/3248/329 618/772/330
f 587/774/139 586/767/322 610/768/323
f 580/776/316 579/770/315 603/769/315
f 594/773/330 618/772/330 619/778/331
f 588/780/324 587/774/139 611/775/139
f 581/782/317 580/776/316 604/777/316
f 596/784/332 595/779/331 619/778/331
f 588/780/324 612/781/441 613/741/325
f 581/782/317 605/783/317 606/744/318
f 597/788/333 596/784/332 620/785/332
f 768/789/12 931/830/12 937/790/12
f 775/792/12 928/1042/12 936/793/12
f 774/794/12 936/793/12 935/795/12
f 773/796/12 935/795/12 934/797/12
f 698/799/5 697/860/5 867/800/5
f 771/3249/12 772/798/12 934/797/12
f 700/802/5 870/854/5 871/803/5
f 821/805/442 820/883/144 625/806/144
f 728/3250/5 895/3251/5 896/3252/5
f 702/808/5 701/804/5 871/803/5
f 703/810/5 702/808/5 872/809/5
f 703/810/5 873/811/5 874/812/5
f 704/813/5 874/812/5 875/814/5
f 706/816/5 705/3253/5 875/817/5
f 752/819/12 740/928/12 906/820/12
f 707/822/5 706/816/5 876/818/5
f 742/824/12 915/832/12 907/825/12
f 708/827/5 707/822/5 877/823/5
f 769/829/12 932/3254/12 931/830/12
f 743/831/12 908/925/12 915/832/12
f 708/827/5 878/828/5 879/833/5
f 766/835/12 930/1043/12 929/836/12
f 751/838/12 752/819/12 905/821/12
f 709/834/5 879/833/5 880/840/5
f 750/842/12 751/838/12 914/839/12
f 710/841/5 880/840/5 881/844/5
f 749/846/12 750/842/12 913/843/12
f 696/848/5 711/845/5 881/844/5
f 638/850/443 623/1233/149 818/851/149
f 748/3255/12 749/846/12 912/847/12
f 700/802/5 699/857/5 869/853/5
f 637/855/154 638/850/443 833/852/443
f 699/857/5 698/799/5 868/801/5
f 637/855/154 832/856/154 831/858/444
f 696/848/5 866/849/5 867/800/5
f 636/859/444 831/858/444 830/861/120
f 634/863/445 635/862/120 830/861/120
f 633/865/124 634/863/445 829/864/445
f 632/867/446 633/865/124 828/866/124
f 629/869/447 645/916/447 646/870/448
f 822/872/139 821/805/442 626/807/442
f 823/874/449 822/872/139 627/873/139
f 629/876/134 824/3256/134 823/874/449
f 825/877/450 824/3256/134 629/876/134
f 826/879/128 825/877/450 630/878/450
f 632/867/446 827/868/446 826/881/128
f 820/883/144 819/3257/451 624/884/451
f 637/888/452 653/917/452 654/889/453
f 630/871/448 646/870/448 647/891/454
f 624/893/455 623/896/456 639/894/456
f 623/896/456 638/890/453 654/889/453
f 631/897/454 647/3258/454 648/898/457
f 625/900/458 624/893/455 640/895/455
f 633/902/459 632/899/457 648/898/457
f 626/904/460 625/900/458 641/901/458
f 634/906/461 633/902/459 649/903/459
f 626/904/460 642/905/460 643/908/462
f 635/910/463 634/906/461 650/907/461
f 628/912/464 627/909/462 643/908/462
f 635/910/463 651/911/463 652/914/465
f 628/912/464 644/913/464 645/916/447
f 636/915/465 652/914/465 653/917/452
f 712/918/12 884/1023/12 883/919/12
f 713/921/12 714/927/12 893/922/12
f 744/924/12 909/3259/12 908/925/12
f 715/926/12 886/1022/12 893/922/12
f 741/826/12 907/825/12 906/820/12
f 726/920/12 883/919/12 892/929/12
f 655/931/466 658/936/471 659/932/467
f 659/932/467 660/938/473 656/934/469
f 661/935/470 662/940/475 659/932/467
f 659/932/467 662/940/475 663/937/472
f 664/939/474 665/3260/1649 662/940/475
f 662/940/475 665/3260/1649 666/941/476
f 669/3261/1650 670/3262/602 668/3263/603
f 675/942/477 676/945/480 673/943/478
f 676/945/480 677/948/483 674/946/481
f 675/942/477 678/949/484 679/947/482
f 679/947/482 680/952/487 677/948/483
f 678/949/484 681/954/489 682/950/485
f 679/947/482 682/950/485 683/951/486
f 684/953/488 685/955/490 682/950/485
f 685/955/490 686/957/492 683/951/486
f 684/953/488 687/958/493 688/956/491
f 688/956/491 689/960/495 686/957/492
f 687/958/493 690/961/496 691/959/494
f 691/959/494 692/963/498 689/960/495
f 690/961/496 693/964/499 694/962/497
f 694/962/497 695/965/500 692/963/498
f 693/964/499 655/931/466 657/933/468
f 657/933/468 656/934/469 695/965/500
f 726/969/443 696/3264/443 697/970/149
f 698/972/451 699/975/144 714/973/144
f 699/975/144 700/989/442 715/976/442
f 711/977/154 696/3264/443 726/969/443
f 710/979/444 711/977/154 725/978/154
f 723/981/120 709/3265/120 710/979/444
f 708/982/445 709/3265/120 723/981/120
f 707/984/501 708/982/445 722/983/445
f 720/3266/1651 706/3267/1651 707/984/1652
f 719/3268/128 705/3269/128 706/3267/1653
f 704/3270/1654 705/3271/128 719/3272/128
f 718/3273/134 703/3274/134 704/3270/506
f 702/987/1655 703/3274/134 718/3273/134
f 716/986/139 701/3275/139 702/987/503
f 700/989/442 701/3275/139 716/986/139
f 697/970/149 698/972/451 713/974/451
f 724/990/12 725/930/12 892/929/12
f 723/992/12 724/990/12 891/991/12
f 722/3276/12 723/992/12 890/993/12
f 757/994/5 756/3277/5 919/995/5
f 752/997/443 739/3278/443 727/998/149
f 741/1000/451 728/3279/451 729/1001/144
f 729/1001/144 730/1017/442 743/1003/442
f 738/1004/154 739/3278/443 752/997/443
f 737/1006/444 738/1004/154 751/1005/154
f 749/1008/120 736/3280/120 737/1006/444
f 735/1009/504 736/3280/120 749/1008/120
f 746/1011/505 733/3281/505 734/1012/506
f 744/1014/139 731/3282/139 732/1015/503
f 730/1017/442 731/3282/139 744/1014/139
f 727/998/149 728/3279/451 741/1000/451
f 758/1018/5 921/3283/5 922/1019/5
f 716/1021/12 887/3284/12 886/1022/12
f 712/918/12 713/921/12 885/923/12
f 775/1024/443 764/3285/443 753/1025/149
f 754/1027/451 755/3286/144 767/1028/144
f 767/1028/144 755/3286/144 756/1030/507
f 763/1032/154 764/3285/443 775/1024/443
f 762/1034/444 763/1032/154 774/1033/154
f 772/1036/120 761/3287/120 762/1034/444
f 760/3288/504 761/3287/120 772/1036/120
f 758/3289/505 759/3290/506 770/3291/506
f 753/1025/149 754/1027/451 766/1029/451
f 731/1037/5 730/3292/5 897/1038/5
f 732/1040/5 731/1037/5 898/1039/5
f 753/3293/5 764/3294/5 904/3295/5
f 765/837/12 929/836/12 928/1042/12
f 767/791/12 937/790/12 930/1043/12
f 693/964/499 788/1047/443 776/1044/149
f 777/1045/451 778/1046/144 661/935/470
f 778/1046/144 779/3296/442 664/939/474
f 690/961/496 787/1048/154 788/1047/443
f 687/958/493 786/3297/444 787/1048/154
f 785/1049/120 786/3297/444 687/958/493
f 784/1050/445 785/1049/120 684/953/488
f 783/1051/124 784/1050/445 681/954/489
f 675/942/477 782/1052/446 783/1051/124
f 672/944/479 781/3298/1656 782/1052/446
f 664/939/474 779/3296/442 780/3299/600
f 776/1044/149 777/1045/451 658/936/471
f 790/1053/509 789/1083/510 868/1054/510
f 870/1056/511 792/3300/511 793/1057/512
f 871/1058/512 793/1057/512 794/1059/513
f 872/1060/513 794/1059/513 795/1061/514
f 873/1062/514 795/1061/514 796/1063/515
f 874/1064/515 796/1063/515 797/1065/516
f 797/1067/516 798/1070/517 876/1068/517
f 798/1070/517 799/1072/518 877/1071/518
f 799/1072/518 800/3301/519 878/1073/519
f 878/1073/519 800/3301/519 801/1074/520
f 801/1074/520 802/1077/521 880/1076/521
f 802/1077/521 803/3302/522 881/1078/522
f 881/1078/522 803/3302/522 804/1079/523
f 791/1081/524 792/3300/511 870/1056/511
f 789/1083/510 791/1081/524 869/1082/524
f 817/1084/525 805/1141/526 835/1085/526
f 807/1087/527 838/3303/527 836/1088/528
f 808/1090/529 809/1093/530 848/1091/530
f 809/1093/530 810/3304/531 850/1094/531
f 810/1095/531 811/1099/532 852/1096/532
f 812/1098/533 854/1101/533 852/1096/532
f 812/1098/533 813/1103/534 856/1100/534
f 814/1102/535 858/1105/535 856/1100/534
f 815/1104/536 860/1107/536 858/1105/535
f 816/1106/537 862/1108/537 860/1107/536
f 816/1106/537 817/1084/525 864/1086/525
f 789/1109/538 790/1181/598 834/1110/539
f 866/1080/523 804/1079/523 790/1053/509
f 789/1109/538 837/1111/540 839/1112/541
f 791/1113/542 839/1112/541 841/1114/543
f 793/1116/545 792/1115/544 841/1114/543
f 794/1118/547 793/1116/545 843/1117/546
f 795/1120/549 794/1118/547 845/1119/548
f 796/1122/551 795/1120/549 847/1121/550
f 796/1122/551 849/1123/552 851/1124/553
f 797/1126/554 851/1173/553 853/1127/555
f 798/1128/556 853/1127/555 855/1129/557
f 799/1130/558 855/1129/557 857/1131/559
f 800/1132/560 857/1131/559 859/1133/561
f 802/1135/563 801/1134/562 859/1133/561
f 803/1137/565 802/1135/563 861/1136/564
f 804/1139/567 803/1137/565 863/1138/566
f 806/1089/528 836/1088/528 835/1085/526
f 819/1142/569 806/1146/572 805/1143/570
f 826/3305/575 810/3306/574 809/3307/1657
f 827/1147/573 811/1151/573 810/1148/574
f 828/1150/576 812/1153/576 811/1151/573
f 828/1150/576 829/1154/577 813/1152/577
f 829/1154/577 830/1156/578 814/1155/578
f 830/1156/578 831/1158/579 815/1157/579
f 831/1158/579 832/1160/580 816/1159/580
f 832/1160/580 833/1162/581 817/1161/581
f 818/1144/570 805/1143/570 817/1161/581
f 835/1163/582 836/1165/584 837/1111/540
f 838/1164/583 839/1112/541 837/1111/540
f 840/1166/585 841/1114/543 839/1112/541
f 842/1167/586 843/1117/546 841/1114/543
f 844/1168/587 845/1119/548 843/1117/546
f 846/1169/588 847/1121/550 845/1119/548
f 846/1169/588 848/1171/590 849/1123/552
f 850/1170/589 851/1124/553 849/1123/552
f 850/1172/589 852/1175/592 853/1127/555
f 854/1174/591 855/1129/557 853/1127/555
f 854/1174/591 856/1176/593 857/1131/559
f 856/1176/593 858/1177/594 859/1133/561
f 858/1177/594 860/1178/595 861/1136/564
f 860/1178/595 862/1180/597 863/1138/566
f 864/1179/596 865/1140/568 863/1138/566
f 835/1163/582 834/1110/539 865/1140/568
f 790/1181/598 804/1139/567 865/1140/568
f 884/1182/149 885/3308/451 895/1183/451
f 886/1185/442 887/3309/139 898/1186/139
f 898/1186/139 887/3309/139 888/1188/503
f 900/1190/504 889/3310/504 890/1191/120
f 890/1191/120 891/1194/444 902/1193/444
f 891/1194/444 892/3311/154 903/1195/154
f 903/1195/154 892/3311/154 883/1196/443
f 893/1198/144 886/1185/442 897/1187/442
f 895/1183/451 885/3308/451 893/1198/144
f 883/1196/443 884/1182/149 894/1184/149
f 916/1200/149 906/1217/149 907/1201/451
f 921/1203/505 910/3312/505 911/1204/506
f 924/1208/120 912/1207/599 913/1209/444
f 925/1210/444 913/1209/444 914/1211/154
f 914/1211/154 905/3313/443 904/1213/443
f 918/1214/144 915/3314/144 908/1215/507
f 907/1201/451 915/3314/144 918/1214/144
f 904/1213/443 905/3313/443 906/1217/149
f 938/1218/149 929/3315/149 930/1219/451
f 931/1221/442 932/3316/600 942/1222/600
f 943/1224/504 933/3317/1658 934/1225/120
f 934/1225/120 935/3318/444 945/1227/444
f 945/1227/444 935/3318/444 936/1228/154
f 936/1228/154 928/1232/443 927/1230/443
f 940/1231/144 937/3319/144 931/1221/442
f 930/1219/451 937/3319/144 940/1231/144
f 928/1232/443 929/3315/149 938/1218/149
f 624/884/451 819/3257/451 818/851/149
f 1073/3320/606 1074/1302/606 1217/1303/606
f 1057/1262/605 1200/3321/605 1201/1263/605
f 1058/1264/605 1201/1263/605 1202/1265/605
f 1025/1270/605 1176/1330/605 1177/1271/605
f 1078/1269/606 1221/1268/606 1220/1273/606
f 1028/1278/605 1179/1321/605 1180/1279/605
f 952/1281/607 1130/1345/607 1129/1282/608
f 1029/1280/605 1180/1279/605 1181/1284/605
f 1030/1285/605 1181/1284/605 1182/1286/605
f 1032/1288/605 1031/1287/605 1182/1286/605
f 1032/1288/605 1183/1289/605 1184/1290/605
f 1033/1292/605 1184/3322/605 1185/1293/605
f 1034/1294/605 1185/1293/605 1186/1295/605
f 1075/1297/606 1076/3323/606 1219/1298/606
f 1035/1296/605 1186/1295/605 1187/1300/605
f 1074/1302/606 1075/1297/606 1218/1299/606
f 1061/1387/606 1203/1389/606 1209/3324/606
f 1036/1301/605 1187/1300/605 1188/1304/605
f 1037/1305/605 1188/1304/605 1189/1306/605
f 1038/1307/605 1189/1306/605 1190/1308/605
f 1065/1310/606 1208/3325/606 1207/1311/606
f 1039/1309/605 1190/1308/605 1175/1313/605
f 964/1315/610 949/1697/611 1127/1316/611
f 1063/1318/606 1064/1312/606 1207/1311/606
f 1028/1278/605 1027/1324/605 1178/1320/605
f 963/1322/612 964/1315/610 1142/1317/610
f 1027/1324/605 1026/1272/605 1177/1271/605
f 963/1322/612 1141/1323/612 1140/1325/613
f 1082/1327/605 1223/1473/605 1224/1328/605
f 1024/1314/605 1175/1313/605 1176/1330/605
f 961/1331/614 962/1326/613 1140/1325/613
f 1083/1329/605 1224/1328/605 1225/1333/605
f 960/1335/615 961/1331/614 1139/1332/614
f 959/1337/616 960/1335/615 1138/1336/615
f 958/1339/618 959/1337/616 1137/1338/617
f 955/1341/619 967/1385/619 1233/1342/620
f 953/1344/621 1131/3326/621 1130/1345/607
f 1132/1346/622 1131/3326/621 953/1344/621
f 955/1348/623 1133/3327/623 1132/1346/622
f 1134/1349/624 1133/3327/623 955/1348/623
f 1135/1351/625 1134/1349/624 956/1350/624
f 958/1339/618 1136/1340/618 1135/1353/625
f 951/1283/609 1129/1282/608 1128/1355/626
f 963/1357/627 973/1386/627 974/1358/628
f 956/1343/620 1233/1342/620 968/1360/629
f 950/1362/630 949/1365/631 965/1363/631
f 949/1365/631 964/1359/628 974/1358/628
f 957/1366/629 968/3328/629 969/1367/632
f 950/1362/630 1229/1364/630 1230/1369/633
f 959/1371/634 958/1368/632 969/1367/632
f 952/1373/635 951/1370/633 1230/1369/633
f 960/1375/636 959/1371/634 970/1372/634
f 952/1373/635 966/1374/635 1231/1377/637
f 961/1379/638 960/1375/636 1234/1376/636
f 954/1381/639 953/1378/637 1231/1377/637
f 962/1383/640 961/1379/638 971/1380/638
f 954/1381/639 1232/1382/639 967/1385/619
f 963/1357/627 962/1383/640 972/1384/640
f 1061/1387/606 1062/3329/606 1204/1388/606
f 1091/1390/605 1090/3330/605 1226/1391/605
f 975/1393/641 978/1399/647 979/1394/642
f 977/1395/643 979/1394/642 980/1396/644
f 981/1398/646 982/1402/650 979/1394/642
f 979/1394/642 982/1402/650 983/1400/648
f 984/1401/649 985/1405/653 982/1402/650
f 982/1402/650 985/1405/653 986/1403/651
f 984/1401/649 987/1406/654 988/1404/652
f 988/1404/652 989/1408/656 986/1403/651
f 987/1406/654 990/1409/657 991/1407/655
f 991/1407/655 992/1412/660 989/1408/656
f 990/1409/657 993/1414/662 994/1410/658
f 991/1407/655 994/1410/658 995/1411/659
f 996/1413/661 997/1417/665 994/1410/658
f 994/1410/658 997/1417/665 998/1415/663
f 996/1413/661 999/1516/666 1000/1416/664
f 1000/1416/664 1001/3331/668 998/1415/663
f 999/1418/666 1002/1423/670 1003/1419/667
f 1003/1419/667 1004/1425/672 1001/1421/668
f 1005/1422/669 1006/1427/674 1003/1419/667
f 1003/1419/667 1006/1427/674 1007/1424/671
f 1005/1422/669 1008/1429/676 1009/1426/673
f 1009/1426/673 1010/1431/678 1007/1424/671
f 1011/1428/675 1012/1433/680 1009/1426/673
f 1009/1426/673 1012/1433/680 1013/1430/677
f 1014/1432/679 1015/1436/683 1012/1433/680
f 1012/1433/680 1015/1436/683 1016/1434/681
f 1017/1435/682 1018/1439/686 1015/1436/683
f 1015/1436/683 1018/1439/686 1019/1437/684
f 1018/1439/686 1022/1438/685 1023/1440/687
f 977/1395/643 976/1397/645 1023/1440/687
f 1024/1442/689 1025/3332/611 1040/1443/611
f 1026/3333/626 1027/3334/609 1041/1445/691
f 1041/1445/691 1027/3334/609 1028/1446/607
f 1052/1450/612 1039/1449/692 1024/1442/1659
f 1051/1448/613 1038/1452/613 1039/1449/692
f 1050/1451/614 1037/3335/614 1038/1452/613
f 1036/1453/615 1037/3335/614 1050/1451/614
f 1035/1455/616 1036/1453/615 1049/1454/615
f 1034/1457/618 1035/1455/616 1048/1456/617
f 1033/3336/1660 1034/1457/618 1047/1458/618
f 1046/1461/624 1032/1460/624 1033/3337/1661
f 1045/1459/693 1031/3338/693 1032/1460/624
f 1029/1462/621 1030/3339/798 1044/1463/694
f 1042/1447/607 1028/1446/607 1029/1462/621
f 1040/1443/611 1025/3332/611 1026/3333/1259
f 1091/1390/605 1227/1392/605 1228/1465/605
f 1050/1467/606 1051/3340/606 1196/1468/606
f 1050/1467/606 1195/1469/606 1194/1470/606
f 1068/1474/605 1067/1506/605 1211/1475/605
f 1054/1477/691 1055/1485/607 1061/1478/607
f 1064/1480/614 1058/1484/614 1059/1481/695
f 1063/1483/697 1057/3341/697 1058/1484/614
f 1055/1485/607 1056/3342/698 1062/1486/698
f 1068/1474/605 1212/1476/605 1213/3343/605
f 1070/1490/605 1214/3344/605 1215/1491/605
f 1073/1493/691 1066/3345/691 1067/1494/607
f 1071/1496/614 1072/3346/695 1079/1497/696
f 1070/1499/697 1071/1496/614 1078/1498/614
f 1068/1501/621 1069/3347/798 1076/1502/694
f 1074/1495/607 1067/1494/607 1068/1501/621
f 1071/1492/605 1215/1491/605 1216/1504/605
f 1055/1277/605 1197/1276/605 1198/1508/605
f 1056/1509/605 1198/1508/605 1199/3348/605
f 978/1399/647 1080/3349/626 1081/1510/608
f 1081/1510/608 1082/3350/607 984/1401/649
f 1017/1435/682 1093/3351/612 1094/3352/1659
f 1092/1511/613 1093/3351/612 1017/1435/682
f 1091/1512/614 1092/1511/613 1014/1432/679
f 1008/1429/676 1090/3353/615 1091/1512/614
f 1089/1513/616 1090/3353/615 1008/1429/676
f 1088/1514/618 1089/1513/616 1005/1422/669
f 1086/1515/624 1087/3354/1661 999/1516/666
f 993/1414/662 1085/1517/623 1086/1515/624
f 990/1409/657 1084/3355/622 1085/1517/623
f 1083/1518/621 1084/3355/622 990/1409/657
f 984/1401/649 1082/3350/607 1083/1518/621
f 1176/1519/699 1096/1584/699 1095/1520/700
f 1179/1522/701 1098/1547/701 1099/1523/702
f 1099/1523/702 1100/1526/703 1181/1525/703
f 1100/1526/703 1101/1528/704 1182/1527/704
f 1101/1528/704 1102/1530/705 1183/1529/705
f 1102/1530/705 1103/3356/706 1184/1531/706
f 1103/1532/706 1104/1535/707 1185/1533/707
f 1104/1535/707 1105/1537/708 1186/1536/708
f 1105/1537/708 1106/3357/709 1187/1538/709
f 1187/1538/709 1106/3357/709 1107/1539/710
f 1107/1539/710 1108/1542/711 1189/1541/711
f 1108/1542/711 1109/1544/712 1190/1543/712
f 1109/1544/712 1110/3358/713 1175/1545/713
f 1178/1546/714 1097/1548/714 1098/1547/701
f 1177/1521/700 1095/1520/700 1097/1548/714
f 1126/1549/715 1111/1614/716 1144/1550/716
f 1112/1552/717 1113/1556/718 1147/1553/718
f 1114/1555/719 1149/1558/719 1147/1553/718
f 1114/1555/719 1115/1560/720 1151/1557/720
f 1116/1559/721 1153/1562/721 1151/1557/720
f 1117/1561/722 1155/1564/722 1153/1562/721
f 1118/1563/723 1157/1566/723 1155/1564/722
f 1118/1563/723 1119/3359/724 1159/1565/724
f 1119/1567/724 1120/1570/725 1161/1568/725
f 1120/1570/725 1121/1572/726 1163/1571/726
f 1121/1572/726 1122/1575/727 1165/1573/727
f 1123/1574/728 1167/1577/730 1165/1573/727
f 1124/1576/729 1169/1579/729 1167/1577/730
f 1124/1576/729 1125/1580/731 1171/1578/731
f 1125/1580/731 1126/1549/715 1173/1551/715
f 1095/1581/732 1096/1666/796 1143/1582/733
f 1175/1545/713 1110/3358/713 1096/1584/699
f 1097/1585/735 1095/1581/732 1146/1583/734
f 1097/1585/735 1148/1586/736 1150/1587/737
f 1099/1589/739 1098/1588/738 1150/1587/737
f 1100/1591/741 1099/1589/739 1152/1590/740
f 1100/1591/741 1154/1592/742 1156/1593/743
f 1102/1595/745 1101/1594/744 1156/1593/743
f 1103/1597/747 1102/1595/745 1158/1596/746
f 1103/1599/747 1160/1658/748 1162/1600/749
f 1104/1601/750 1162/1600/749 1164/1602/751
f 1106/1604/753 1105/1603/752 1164/1602/751
f 1107/1606/755 1106/1604/753 1166/1605/754
f 1108/1608/757 1107/1606/755 1168/1607/756
f 1109/1610/759 1108/1608/757 1170/1609/758
f 1110/1612/761 1109/1610/759 1172/1611/760
f 1111/1614/716 1112/1552/717 1145/1554/717
f 1127/1615/763 1128/1618/764 1112/1616/764
f 1128/1618/764 1129/1620/766 1113/1619/766
f 1129/1620/766 1130/1622/767 1114/1621/767
f 1130/1622/767 1131/1624/768 1115/1623/768
f 1131/1624/768 1132/1626/769 1116/1625/769
f 1132/1626/769 1133/1628/770 1117/1627/770
f 1133/1628/770 1134/1631/771 1118/1629/771
f 1135/1630/772 1119/3360/772 1118/1629/771
f 1136/1632/773 1120/1636/773 1119/1633/772
f 1137/1635/774 1121/1638/774 1120/1636/773
f 1138/1637/775 1122/1640/775 1121/1638/774
f 1139/1639/776 1123/1642/776 1122/1640/775
f 1140/1641/777 1124/1644/777 1123/1642/776
f 1141/1643/778 1125/1646/778 1124/1644/777
f 1142/1645/779 1126/1647/779 1125/1646/778
f 1127/1615/763 1111/1617/765 1126/1647/779
f 1145/1648/780 1146/1583/734 1143/1582/733
f 1145/1648/780 1147/1651/783 1148/1586/736
f 1149/1650/782 1150/1587/737 1148/1586/736
f 1151/1652/784 1152/1590/740 1150/1587/737
f 1151/1652/784 1153/1653/785 1154/1592/742
f 1153/1653/785 1155/1655/787 1156/1593/743
f 1157/1654/786 1158/1596/746 1156/1593/743
f 1159/1656/788 1160/1598/748 1158/1596/746
f 1159/1657/788 1161/1659/789 1162/1600/749
f 1161/1659/789 1163/1660/790 1164/1602/751
f 1163/1660/790 1165/1662/792 1166/1605/754
f 1167/1661/791 1168/1607/756 1166/1605/754
f 1169/1663/793 1170/1609/758 1168/1607/756
f 1171/1664/794 1172/1611/760 1170/1609/758
f 1171/1664/794 1173/1665/795 1174/1613/762
f 1173/1665/795 1144/1649/781 1143/1582/733
f 1110/1612/761 1174/1613/762 1143/1582/733
f 1197/1667/797 1191/3361/1662 1192/1668/621
f 1198/1669/621 1192/1668/621 1193/1670/798
f 1194/1672/697 1195/1675/614 1201/1673/614
f 1195/1675/614 1196/3362/695 1202/1676/696
f 1211/1677/797 1203/3363/797 1204/1678/621
f 1212/1679/621 1204/1678/621 1205/1680/798
f 1206/1682/697 1207/1685/614 1215/1683/614
f 1207/1685/614 1208/3364/695 1216/1686/696
f 1217/1687/797 1218/1690/621 1224/1688/621
f 1218/1690/621 1219/3365/798 1225/1691/694
f 1220/1692/697 1221/1695/614 1227/1693/614
f 1221/1695/614 1222/3366/695 1228/1696/696
f 1128/1355/626 1127/1316/611 949/1697/611
f 1294/1732/799 1247/3367/1663 1236/1733/800
f 1275/1735/802 1277/1739/806 1250/1736/803
f 1279/1738/805 1251/1787/808 1250/1736/803
f 1281/1740/807 1252/1774/840 1251/1741/808
f 1287/1743/809 1255/1747/813 1254/1744/810
f 1287/1743/809 1289/1749/815 1256/1746/812
f 1291/1748/814 1257/1751/817 1256/1746/812
f 1293/1750/816 1258/1753/819 1257/1751/817
f 1293/1750/816 1295/1755/821 1259/1752/818
f 1272/1754/820 1248/1777/843 1259/1752/818
f 1244/1756/822 1245/3368/1664 1290/1757/823
f 1243/1759/825 1244/1756/822 1288/1758/824
f 1284/1761/827 1242/3369/1665 1243/1759/825
f 1274/1764/831 1237/3370/1666 1238/1765/832
f 1236/1733/800 1237/3370/1666 1274/1764/831
f 1278/1767/834 1239/3371/837 1240/1768/835
f 1276/1766/833 1238/1765/832 1239/1770/837
f 1246/1772/838 1247/3367/1663 1294/1732/799
f 1290/1757/823 1245/3368/1664 1246/1772/838
f 1252/1774/840 1264/1783/849 1263/1775/841
f 1259/1752/818 1271/1784/850 1270/1776/842
f 1248/1777/843 1249/1737/804 1261/1778/844
f 1255/1747/813 1256/1746/812 1268/1780/846
f 1253/1782/848 1265/1786/852 1264/1783/849
f 1248/1777/843 1260/1779/845 1271/1784/850
f 1250/1736/803 1262/1788/853 1261/1778/844
f 1256/1746/812 1257/1751/817 1269/1785/851
f 1254/1744/810 1266/1789/854 1265/1786/852
f 1251/1787/808 1263/3372/841 1262/1788/853
f 1258/1753/819 1270/1776/842 1269/1785/851
f 1255/1747/813 1267/1781/847 1266/1789/854
f 1274/1764/831 1275/1735/802 1272/1754/820
f 1276/1766/833 1277/1739/806 1275/1735/802
f 1276/1766/833 1278/1771/834 1279/1738/805
f 1280/1769/836 1281/1740/807 1279/1742/805
f 1284/1761/827 1285/1745/811 1283/3373/1667
f 1284/1761/827 1286/1760/826 1287/1743/809
f 1286/1760/826 1288/1758/824 1289/1749/815
f 1288/1758/824 1290/1757/823 1291/1748/814
f 1290/1757/823 1292/1773/839 1293/1750/816
f 1294/1732/799 1295/1755/821 1293/1750/816
f 1273/1734/801 1272/1754/820 1295/1755/821
f 1272/1754/820 1275/1735/802 1249/1737/804
f 1265/1790/852 1266/1800/854 1302/1791/855
f 1262/1793/853 1263/3374/841 1299/1794/857
f 1269/1796/851 1270/1804/842 1306/1797/859
f 1267/1799/847 1303/1810/866 1302/1791/855
f 1263/1801/841 1264/1811/849 1300/1802/861
f 1270/1804/842 1271/1812/850 1307/1805/862
f 1260/1806/845 1261/1813/844 1297/1807/863
f 1267/1799/847 1268/1814/846 1304/1809/865
f 1264/1811/849 1265/1790/852 1301/1792/856
f 1271/1812/850 1260/1806/845 1296/1808/864
f 1261/1813/844 1262/1793/853 1298/1795/858
f 1268/1814/846 1269/1796/851 1305/1798/860
f 1301/1792/856 1302/1791/855 1314/1815/867
f 1298/1795/858 1299/1794/857 1311/1817/869
f 1306/1797/859 1318/1821/872 1317/1819/871
f 1303/1810/866 1315/1825/876 1314/1815/867
f 1300/1802/861 1312/1826/877 1311/1820/869
f 1307/1805/862 1319/1827/878 1318/1821/872
f 1296/1808/864 1297/1807/863 1309/1822/873
f 1303/1810/866 1304/1809/865 1316/1824/875
f 1301/1792/856 1313/1816/868 1312/1826/877
f 1296/1808/864 1308/1823/874 1319/1827/878
f 1298/1795/858 1310/1818/870 1309/1822/873
f 1305/1798/860 1317/1819/871 1316/1824/875
f 1313/1816/868 1314/1815/867 1325/1829/880
f 1315/1825/876 1326/1833/884 1325/1829/880
f 1311/1820/869 1312/1826/877 1323/1830/881
f 1329/1835/886 1327/1843/887 1328/1836/887
f 1329/1835/886 1330/1837/886 1332/1838/888
f 1331/1839/888 1332/1838/888 1362/1840/889
f 1333/1842/890 1334/1845/890 1328/1836/887
f 1337/1844/891 1338/1847/891 1334/1845/890
f 1339/1846/892 1340/1849/892 1338/1847/891
f 1339/1846/892 1335/1850/894 1336/1848/893
f 1335/1850/894 1343/1852/895 1344/1851/895
f 1343/1852/895 1347/1854/897 1348/1853/896
f 1347/1854/897 1345/1857/898 1346/1855/898
f 1341/1856/899 1342/3375/909 1346/1855/898
f 1355/1858/900 1349/3376/911 1350/1859/901
f 1353/1861/903 1354/1927/903 1352/1862/903
f 1359/1864/905 1360/1867/908 1364/1865/906
f 1361/1841/889 1362/1840/889 1360/1867/908
f 1371/1868/625 1357/1877/625 1342/1869/909
f 1366/1871/910 1363/1866/907 1364/1865/906
f 1366/1873/910 1365/1880/910 1350/1882/901
f 1371/1884/625 1351/1863/904 1352/1862/903
f 1394/1886/912 1386/1986/912 1384/1887/912
f 1357/1896/915 1362/1910/913 1332/1892/913
f 1331/1895/914 1361/1911/923 1371/1897/914
f 1343/1899/912 1335/3377/912 1339/1900/912
f 1350/1902/916 1352/1920/932 1354/1903/917
f 1358/1913/925 1357/1896/915 1372/1914/926
f 1367/1915/927 1372/1914/926 1370/1916/928
f 1368/1917/929 1370/1916/928 1369/1918/930
f 1365/1919/931 1369/1918/930 1352/1920/932
f 1401/1923/936 1355/1858/900 1356/1860/902
f 1400/1925/938 1402/1988/952 1356/1904/917
f 1376/1928/886 1374/1934/887 1373/1929/887
f 1377/1931/888 1378/3378/888 1376/1928/886
f 1408/1932/889 1378/3378/888 1377/1931/888
f 1374/1934/887 1380/1936/890 1379/1935/890
f 1380/1936/890 1384/1938/891 1383/1937/891
f 1384/1938/891 1386/3379/892 1385/1939/892
f 1385/1939/892 1386/3379/892 1382/1940/893
f 1381/1941/894 1382/1940/893 1390/1942/895
f 1389/1943/895 1390/1942/895 1394/1944/896
f 1393/1945/897 1394/1944/896 1392/1946/940
f 1391/1947/898 1392/1946/940 1388/1948/909
f 1401/1923/936 1402/1924/937 1396/1950/941
f 1410/1952/943 1406/1955/946 1405/1953/944
f 1406/1955/946 1408/1932/889 1407/1933/889
f 1388/1956/909 1403/3380/625 1417/1957/625
f 1412/1959/947 1404/1961/947 1410/1952/943
f 1396/1950/941 1411/3381/947 1412/1968/947
f 1417/1962/625 1415/3382/625 1398/1969/939
f 1378/1979/912 1408/1996/912 1403/1980/949
f 1390/1985/912 1382/3383/912 1386/1986/912
f 1400/1925/938 1398/2004/932 1396/1987/951
f 1418/1998/961 1403/1980/949 1404/1997/960
f 1416/2000/963 1418/1998/961 1413/1999/962
f 1415/2002/965 1416/2000/963 1414/2001/964
f 1392/1888/912 1384/1887/912 1380/1983/912
f 1398/2004/932 1415/2002/965 1411/2003/966
f 1389/2007/913 1393/2012/913 1385/2008/913
f 1346/2010/913 1342/1889/913 1334/1898/913
f 1391/1973/913 1383/1972/913 1385/2008/913
f 1348/2013/913 1346/2010/913 1338/2011/913
f 1344/2015/913 1348/2013/913 1340/2014/913
f 1341/1893/912 1345/2017/912 1337/2018/912
f 1345/2017/912 1347/1901/912 1339/1900/912
f 1493/2019/970 1419/2177/1072 1420/2020/971
f 1526/2022/973 1481/2124/974 1482/2023/974
f 1517/2025/976 1519/2055/977 1512/2026/977
f 1518/2028/978 1425/3384/1668 1426/2029/979
f 1428/2031/981 1427/2039/985 1496/2041/986
f 1433/2034/984 1421/3385/984 1422/2043/984
f 1503/2046/990 1504/3386/1669 1502/3387/1670
f 1473/2044/988 1503/2046/990 1502/3387/1670
f 1420/2050/994 1422/2178/1073 1424/2049/993
f 1423/3388/1671 1421/2173/1068 1419/2174/1069
f 1433/2034/984 1425/2036/984 1518/2051/995
f 1428/2031/981 1506/2193/997 1509/2053/997
f 1520/2054/998 1511/2216/998 1512/2026/977
f 1426/2029/979 1425/3384/1668 1434/2056/999
f 1429/2057/1000 1434/2056/999 1432/2058/1001
f 1430/2059/1002 1432/2058/1001 1431/2060/1003
f 1423/2066/1009 1471/3389/984 1472/2067/984
f 1501/2069/1010 1493/3390/970 1494/2070/972
f 1532/2072/1012 1436/3391/1672 1435/2073/1013
f 1535/2075/1014 1536/3392/1014 1438/2076/1015
f 1538/2078/1016 1440/3393/1017 1439/2079/1017
f 1445/2081/1019 1446/2087/1019 1442/2082/1020
f 1439/2079/1017 1440/3393/1017 1444/2084/1022
f 1521/2086/1024 1522/3394/1673 1446/2087/1019
f 1533/2088/1025 1534/2208/1088 1448/2089/1026
f 1459/2091/1027 1460/2108/1027 1450/2092/1028
f 1447/2090/1026 1448/2089/1026 1452/2094/1029
f 1451/2095/1029 1452/2094/1029 1456/2096/1030
f 1456/2096/1030 1458/3395/1031 1457/2098/1031
f 1457/2098/1031 1458/3395/1031 1454/2099/1032
f 1453/2100/1032 1454/2099/1032 1462/2101/1033
f 1462/2103/1033 1466/3396/1035 1465/2104/1035
f 1465/2104/1035 1466/3396/1035 1464/2106/1036
f 1463/2107/1036 1464/2106/1036 1460/2108/1027
f 1474/2109/1037 1468/2133/1037 1467/2110/1037
f 1470/2112/1039 1472/3397/1039 1471/2113/1039
f 1484/2118/1042 1478/3398/1674 1477/2119/1043
f 1477/2119/1043 1478/3398/1674 1480/2121/1045
f 1524/2123/1047 1482/2023/974 1481/2124/974
f 1468/2133/1037 1485/3399/1048 1486/2134/1044
f 1491/2135/1040 1489/3400/984 1470/2136/984
f 1536/2138/12 1442/2141/12 1440/2139/12
f 1442/2141/12 1446/2201/12 1444/2142/12
f 1524/2143/12 1522/3401/12 1480/2144/12
f 1534/2146/12 1438/2209/12 1436/2147/12
f 1462/2149/12 1454/3402/12 1458/2150/12
f 1472/2152/1049 1470/3403/1675 1468/2153/1050
f 1525/2156/1053 1528/3404/1676 1483/2116/1041
f 1478/2157/1054 1484/3405/1677 1483/2158/1055
f 1483/2158/1055 1484/3405/1677 1476/2160/1057
f 1492/2162/1059 1475/2161/1058 1476/2160/1057
f 1490/2164/1060 1492/2162/1059 1487/2163/1059
f 1485/2166/1061 1489/2167/1062 1490/2164/1060
f 1468/2153/1050 1470/3403/1675 1489/2167/1062
f 1486/2168/1063 1491/3406/1678 1469/2169/1064
f 1472/2152/1049 1474/2154/1051 1500/2170/1066
f 1474/2154/1051 1497/3407/1679 1500/2170/1066
f 1497/3407/1679 1499/3408/1680 1500/2170/1066
f 1421/2171/1067 1423/2066/1009 1424/2068/1009
f 1421/2173/1068 1433/2064/1007 1495/2063/1006
f 1474/2109/1037 1473/2111/1038 1502/2175/1070
f 1419/2177/1072 1495/2042/987 1496/2041/986
f 1496/2062/1005 1431/2060/1003 1422/2178/1073
f 1514/2179/1074 1505/3409/1681 1507/2180/1075
f 1464/2182/12 1456/2210/12 1452/2183/12
f 1501/2069/1010 1498/2071/1011 1500/2185/1076
f 1503/2186/1077 1500/2185/1076 1499/2187/1078
f 1504/2188/1079 1499/2187/1078 1497/2176/1071
f 1512/2189/1080 1511/2192/1083 1508/2190/1081
f 1511/2192/1083 1509/2053/997 1506/2193/997
f 1513/2052/996 1518/2051/995 1520/2194/1036
f 1515/2195/1036 1520/2194/1036 1519/2196/1035
f 1519/2196/1035 1517/2199/1084 1514/2198/1084
f 1517/2199/1084 1510/3410/1085 1505/2200/1085
f 1446/2201/12 1522/3401/12 1524/2143/12
f 1444/2084/1022 1524/2123/1047 1523/2125/1047
f 1480/2121/1045 1522/3394/1673 1521/2086/1024
f 1482/2145/12 1480/2144/12 1478/2157/1054
f 1526/2022/973 1530/2024/975 1529/2204/1086
f 1527/2205/1087 1529/2204/1086 1528/3404/1682
f 1448/2206/12 1534/2146/12 1532/2148/12
f 1437/2077/1015 1438/2076/1015 1534/2208/1088
f 1450/2092/1028 1532/2072/1012 1531/2074/1012
f 1438/2209/12 1536/2138/12 1538/2140/12
f 1435/2073/1013 1436/3391/1672 1538/2078/1016
f 1442/2082/1020 1536/3392/1014 1535/2075/1014
f 1450/2207/12 1460/2184/12 1452/2183/12
f 1464/2182/12 1466/2151/12 1458/2150/12
f 1461/2214/5 1465/2213/5 1457/2212/5
f 1520/2054/998 1518/2028/978 1509/2030/980
f 1433/2064/1007 1513/2219/1091 1506/2217/1089
f 1515/2218/1090 1508/2220/1090 1506/2217/1089
f 1515/2218/1090 1516/2181/1075 1507/2180/1075
f 1606/2221/1092 1609/2240/1109 1543/2222/1093
f 1555/2224/1095 1561/3411/1125 1558/2225/1096
f 1567/2227/1098 1573/2315/1134 1570/2229/1100
f 1570/2229/1100 1573/2315/1134 1579/2230/1101
f 1579/2232/1101 1585/2316/1140 1582/2233/1103
f 1582/2233/1103 1585/2316/1140 1591/2235/1104
f 1588/2236/1105 1591/2235/1104 1597/2237/1106
f 1597/2237/1106 1603/2317/1154 1600/2238/1107
f 1600/2238/1107 1603/2317/1154 1609/2240/1109
f 1546/2241/1110 1549/2318/1117 1555/2224/1095
f 1543/2222/1093 1549/2318/1117 1546/2241/1110
f 1546/2245/1110 1547/2255/1120 1541/2246/1113
f 1541/2246/1113 1547/2255/1120 1545/2248/1114
f 1543/2250/1093 1544/2310/1161 1550/2251/1116
f 1550/2251/1116 1544/2310/1161 1542/2253/1118
f 1546/2245/1110 1552/2259/1097 1553/2254/1119
f 1547/2255/1120 1553/2254/1119 1551/2256/1121
f 1549/2252/1117 1550/2251/1116 1556/2257/1122
f 1550/2251/1116 1548/2243/1112 1554/2242/1111
f 1552/2259/1097 1558/2266/1096 1559/2260/1123
f 1553/2254/1119 1559/2260/1123 1557/2261/1124
f 1561/2262/1125 1555/2258/1095 1556/2257/1122
f 1556/2257/1122 1554/2242/1111 1560/2264/1127
f 1564/2265/1099 1565/2272/1132 1559/2260/1123
f 1559/2260/1123 1565/2272/1132 1563/2267/1128
f 1567/2268/1098 1561/2262/1125 1562/2263/1126
f 1562/2263/1126 1560/2264/1127 1566/2270/1130
f 1564/2265/1099 1570/2276/1100 1571/2271/1131
f 1567/2268/1098 1568/2269/1129 1574/2273/1133
f 1574/2273/1133 1568/2269/1129 1566/2270/1130
f 1570/2276/1100 1576/2282/1102 1577/2277/1136
f 1579/2278/1101 1573/2274/1134 1574/2273/1133
f 1580/2279/1137 1574/2273/1133 1572/2275/1135
f 1582/2281/1103 1583/2287/1143 1577/2277/1136
f 1579/2278/1101 1580/2279/1137 1586/2283/1139
f 1580/2279/1137 1578/2280/1138 1584/2285/1141
f 1585/2284/1140 1586/2283/1139 1592/2288/1144
f 1592/2288/1144 1586/2283/1139 1584/2285/1141
f 1595/2291/1146 1593/2298/1152 1587/2292/1147
f 1591/2289/1104 1592/2288/1144 1598/2293/1149
f 1598/2293/1149 1592/2288/1144 1590/2290/1145
f 1594/2296/1108 1600/2303/1107 1601/2297/1151
f 1601/2297/1151 1599/2305/1157 1593/2298/1152
f 1597/2294/1106 1598/2293/1149 1604/2299/1153
f 1604/2299/1153 1598/2293/1149 1596/2295/1150
f 1606/2302/1092 1607/2309/1160 1601/2297/1151
f 1601/2297/1151 1607/2309/1160 1605/2304/1156
f 1609/2306/1109 1603/2300/1154 1604/2299/1153
f 1604/2299/1153 1602/2301/1155 1608/2308/1159
f 1540/2247/1094 1541/2246/1113 1607/2309/1160
f 1607/2309/1160 1541/2246/1113 1539/2249/1115
f 1543/2250/1093 1609/2306/1109 1610/2307/1158
f 1544/2310/1161 1610/2307/1158 1608/2308/1159
f 1614/2223/1165 1617/2222/1094 1683/2240/1166
f 1632/2225/1168 1635/3411/1096 1629/2224/1097
f 1632/2225/1168 1638/2228/1170 1641/2227/1169
f 1644/2229/1134 1650/2231/1101 1653/2230/1171
f 1656/2233/1140 1659/2316/1103 1653/2232/1171
f 1662/2236/1173 1665/2235/1175 1659/2316/1103
f 1662/2236/1173 1668/2239/1187 1671/2237/1174
f 1674/2238/1176 1677/2317/1107 1671/2237/1174
f 1626/2226/1095 1629/2224/1097 1623/2318/1110
f 1614/2223/1165 1620/2241/1117 1623/2318/1110
f 1615/2246/1177 1621/2255/1116 1620/2245/1117
f 1613/2249/1118 1619/2248/1112 1621/2255/1116
f 1624/2251/1178 1618/2310/1179 1617/2250/1094
f 1622/2243/1114 1616/2253/1115 1618/2310/1179
f 1620/2245/1117 1621/2255/1116 1627/2254/1122
f 1619/2248/1112 1625/2256/1111 1627/2254/1122
f 1630/2257/1180 1624/2251/1178 1623/2252/1110
f 1630/2257/1180 1628/2242/1121 1622/2243/1114
f 1627/2254/1122 1633/2260/1126 1632/2266/1168
f 1625/2256/1111 1631/2261/1127 1633/2260/1126
f 1635/2262/1096 1636/2263/1123 1630/2257/1180
f 1634/2264/1124 1628/2242/1121 1630/2257/1180
f 1633/2260/1126 1639/2272/1129 1638/2265/1170
f 1631/2261/1127 1637/2267/1130 1639/2272/1129
f 1641/2268/1099 1642/2269/1132 1636/2263/1123
f 1640/2270/1128 1634/2264/1124 1636/2263/1123
f 1639/2272/1129 1645/2271/1133 1644/2276/1134
f 1639/2272/1129 1637/2267/1130 1643/2314/1135
f 1647/2274/1172 1648/2273/1182 1642/2269/1132
f 1646/2275/1181 1640/2270/1128 1642/2269/1132
f 1645/2271/1133 1651/2277/1137 1650/2282/1101
f 1643/2314/1135 1649/2313/1138 1651/2277/1137
f 1653/2278/1171 1654/2279/1136 1648/2273/1182
f 1652/2280/1183 1646/2275/1181 1648/2273/1182
f 1651/2277/1137 1657/2287/1184 1656/2281/1140
f 1651/2277/1137 1649/2313/1138 1655/2312/1141
f 1660/2283/1185 1654/2279/1136 1653/2278/1171
f 1658/2285/1186 1652/2280/1183 1654/2279/1136
f 1657/2287/1184 1663/2286/1144 1662/2319/1173
f 1657/2287/1184 1655/2312/1141 1661/2292/1145
f 1666/2288/1148 1660/2283/1185 1659/2284/1103
f 1666/2288/1148 1664/2290/1147 1658/2285/1186
f 1663/2286/1144 1669/2291/1188 1668/2296/1187
f 1663/2286/1144 1661/2292/1145 1667/2298/1150
f 1672/2293/1189 1666/2288/1148 1665/2289/1175
f 1672/2293/1189 1670/2295/1152 1664/2290/1147
f 1669/2291/1188 1667/2298/1150 1673/2305/1192
f 1678/2299/1151 1672/2293/1189 1671/2294/1174
f 1678/2299/1151 1676/2301/1157 1670/2295/1152
f 1674/2303/1154 1675/2297/1191 1681/2309/1158
f 1683/2306/1166 1684/2307/1160 1678/2299/1151
f 1682/2308/1156 1676/2301/1157 1678/2299/1151
f 1680/2302/1167 1681/2309/1158 1615/2246/1177
f 1679/2304/1159 1613/2249/1118 1615/2246/1177
f 1617/2250/1094 1618/2310/1179 1684/2307/1160
f 1616/2253/1115 1682/2308/1156 1684/2307/1160
f 1750/2320/612 1730/2379/1247 1733/2321/1193
f 1691/2326/1196 1688/3412/1254 1689/2327/1197
f 1689/2329/1199 1687/2388/1255 1690/2330/1200
f 1694/2332/1202 1691/2326/1196 1692/2328/1198
f 1695/2334/1204 1692/2331/1201 1690/2330/1200
f 1697/2336/1206 1694/2332/1202 1695/2333/1203
f 1695/2334/1204 1693/2335/1205 1696/2338/1195
f 1698/2339/1208 1696/2338/1195 1699/2340/1194
f 1703/2342/1210 1700/3413/1683 1701/2343/1211
f 1704/2345/1213 1701/2341/1209 1699/2340/1194
f 1706/2347/1215 1703/2342/1210 1704/2344/1212
f 1707/2349/1217 1704/2345/1213 1702/2346/1214
f 1709/2351/1219 1706/2347/1215 1707/2348/1216
f 1710/2353/1221 1707/2349/1217 1705/2350/1218
f 1709/2351/1219 1710/2352/1220 1713/2355/1223
f 1710/2353/1221 1708/2354/1222 1711/2357/1225
f 1715/2359/1227 1712/2356/1224 1713/2355/1223
f 1716/2361/1229 1713/2358/1226 1711/2357/1225
f 1718/2363/1231 1715/2359/1227 1716/2360/1228
f 1716/2361/1229 1714/2362/1230 1717/2365/1233
f 1721/2367/1235 1718/2363/1231 1719/2364/1232
f 1719/2366/1234 1717/2365/1233 1720/2369/1237
f 1724/2371/1239 1721/2367/1235 1722/2368/1236
f 1722/2370/1238 1720/2369/1237 1723/2373/1241
f 1727/2375/1243 1724/2371/1239 1725/2372/1240
f 1725/2374/1242 1723/2373/1241 1726/2377/1245
f 1730/2379/1247 1727/2375/1243 1728/2376/1244
f 1728/2378/1246 1726/2377/1245 1729/2381/1249
f 1733/2321/1193 1730/2379/1247 1731/2380/1248
f 1734/2384/1252 1731/2382/1250 1729/2381/1249
f 1733/2321/1193 1734/2383/1251 1689/2386/1197
f 1689/2329/1199 1734/2384/1252 1732/2385/1253
f 1737/2322/610 1733/2321/1193 1688/2387/1254
f 1727/2375/1243 1730/2379/1247 1750/2320/612
f 1724/2371/1239 1727/2375/1243 1749/2390/613
f 1721/2367/1235 1724/2371/1239 1748/2391/614
f 1746/2393/616 1718/2363/1231 1721/2367/1235
f 1715/2359/1227 1718/2363/1231 1746/2393/616
f 1744/2395/1257 1712/2356/1224 1715/2359/1227
f 1743/2396/1258 1709/2351/1219 1712/2356/1224
f 1706/2347/1215 1709/2351/1219 1743/2396/1258
f 1741/2398/622 1703/2342/1210 1706/2347/1215
f 1735/2399/1256 1688/3412/1254 1691/2326/1196
f 1814/2401/1260 1801/2462/1276 1797/2402/1261
f 1756/2407/1251 1753/3414/1684 1752/2408/1265
f 1756/2410/1266 1754/2415/1253 1751/2411/1255
f 1758/2413/1267 1759/2417/1248 1756/2407/1251
f 1759/2414/1250 1757/2915/1249 1754/2415/1253
f 1761/2416/1243 1762/2421/1244 1759/2417/1248
f 1760/2418/1245 1757/2915/1249 1759/2414/1250
f 1764/2420/1239 1765/2425/1240 1762/2421/1244
f 1763/2422/1241 1760/2418/1245 1762/2419/1246
f 1767/2424/1268 1768/2429/1236 1765/2425/1240
f 1766/2426/1237 1763/2422/1241 1765/2423/1242
f 1770/2428/1231 1771/2432/1232 1768/2429/1236
f 1771/2430/1234 1769/2434/1233 1766/2426/1237
f 1773/2431/1269 1774/2436/1270 1771/2432/1232
f 1774/2433/1229 1772/2438/1230 1769/2434/1233
f 1776/2435/1224 1777/3415/1223 1774/2436/1270
f 1777/2437/1226 1775/2913/1225 1772/2438/1230
f 1780/2439/1220 1777/3415/1223 1776/2435/1224
f 1778/2441/1222 1775/2913/1225 1777/2437/1226
f 1782/2443/1215 1783/2446/1271 1780/2439/1220
f 1783/2444/1217 1781/2448/1218 1778/2441/1222
f 1785/2445/1210 1786/3416/1212 1783/2446/1271
f 1786/2447/1213 1784/2452/1214 1781/2448/1218
f 1789/2449/1272 1786/3416/1212 1785/2445/1210
f 1789/2451/1209 1787/2323/1194 1784/2452/1214
f 1792/2453/1274 1789/2449/1272 1788/2450/1273
f 1792/2455/1208 1790/2324/1195 1787/2323/1194
f 1795/2456/1203 1792/2453/1274 1791/2454/1275
f 1795/2457/1204 1793/2916/1205 1790/2324/1195
f 1797/2402/1261 1798/2461/1198 1795/2456/1203
f 1796/2458/1200 1793/2916/1205 1795/2457/1204
f 1752/2460/1265 1753/3417/1684 1798/2461/1198
f 1751/2411/1255 1796/2458/1200 1798/2459/1201
f 1801/2462/1276 1799/2748/1283 1752/2460/1265
f 1802/2463/692 1758/2413/1267 1755/2409/1193
f 1814/2401/1260 1794/2403/1262 1791/2454/1275
f 1813/2465/1277 1791/2454/1275 1788/2450/1273
f 1812/2466/1278 1788/2450/1273 1785/2445/1210
f 1811/2467/1279 1785/2445/1210 1782/2443/1215
f 1809/2469/1281 1810/2468/1280 1782/2443/1215
f 1808/2470/1282 1809/2469/1281 1779/2440/1219
f 1807/2471/618 1808/2470/1282 1776/2435/1224
f 1806/2472/616 1807/2471/618 1773/2431/1269
f 1805/2473/615 1806/2472/616 1770/2428/1231
f 1804/2474/614 1805/2473/615 1767/2424/1268
f 1803/2475/613 1804/2474/614 1764/2420/1239
f 1803/2475/613 1761/2416/1243 1758/2413/1267
f 1800/2464/610 1755/2409/1193 1752/2408/1265
f 1878/2477/692 1865/2541/610 1861/2478/1284
f 1820/2483/1288 1817/3418/1346 1816/2484/1289
f 1820/2486/1291 1818/2405/1264 1815/2404/1263
f 1823/2488/1293 1820/2483/1288 1819/2485/1290
f 1821/2490/1295 1818/2405/1264 1820/2486/1291
f 1826/2492/1297 1823/2488/1293 1822/2489/1294
f 1826/2494/1299 1824/2498/1303 1821/2490/1295
f 1829/2495/1300 1826/2492/1297 1825/2493/1298
f 1829/2497/1302 1827/2502/1307 1824/2498/1303
f 1832/2499/1304 1829/2495/1300 1828/2496/1301
f 1832/2501/1306 1830/2506/1311 1827/2502/1307
f 1835/2503/1308 1832/2499/1304 1831/2500/1305
f 1835/2505/1310 1833/2510/1286 1830/2506/1311
f 1838/2507/1312 1835/2503/1308 1834/2504/1309
f 1838/2509/1314 1836/2513/1287 1833/2510/1286
f 1840/2511/1315 1841/3419/1685 1838/2507/1312
f 1841/2512/1316 1839/2917/1357 1836/2513/1287
f 1844/2514/1317 1841/3419/1685 1840/2511/1315
f 1842/2516/1319 1839/2917/1357 1841/2512/1316
f 1847/2518/1321 1844/2514/1317 1843/2515/1318
f 1845/2520/1323 1842/2516/1319 1844/2517/1320
f 1850/2522/1325 1847/2518/1321 1846/2519/1322
f 1850/2524/1327 1848/2528/1331 1845/2520/1323
f 1853/2525/1328 1850/2522/1325 1849/2523/1326
f 1853/2527/1330 1851/2914/1350 1848/2528/1331
f 1856/2529/1332 1853/2525/1328 1852/2526/1329
f 1854/2531/1334 1851/2914/1350 1853/2527/1330
f 1859/2533/1336 1856/2529/1332 1855/2530/1333
f 1857/2534/1337 1854/2531/1334 1856/2532/1335
f 1862/2536/1339 1859/2533/1336 1858/2479/1285
f 1860/2537/1340 1857/2534/1337 1859/2535/1338
f 1816/2539/1289 1817/3420/1346 1862/2536/1339
f 1815/2404/1263 1860/2537/1340 1862/2538/1341
f 1863/2540/1342 1816/2539/1289 1861/2478/1284
f 1864/2542/626 1866/2554/608 1822/2489/1294
f 1877/2543/613 1878/2477/692 1858/2479/1285
f 1876/2544/614 1877/2543/613 1855/2530/1333
f 1876/2544/614 1852/2526/1329 1849/2523/1326
f 1874/2546/617 1875/2545/615 1849/2523/1326
f 1873/2547/618 1874/2546/617 1846/2519/1322
f 1872/2548/1257 1873/2547/618 1843/2515/1318
f 1871/2549/624 1872/2548/1257 1840/2511/1315
f 1871/2549/624 1837/2508/1313 1834/2504/1309
f 1869/2551/622 1870/2550/623 1834/2504/1309
f 1869/2551/622 1831/2500/1305 1828/2496/1301
f 1868/2552/621 1828/2496/1301 1825/2493/1298
f 1867/2553/607 1825/2493/1298 1822/2489/1294
f 1863/2555/1342 1864/2542/626 1819/2485/1290
f 1942/2556/1343 1922/2613/1294 1925/2557/1344
f 1883/2560/1284 1880/3421/1289 1881/2561/1346
f 1881/2563/1292 1879/2621/1263 1882/2564/1340
f 1883/2560/1284 1884/2562/1339 1887/2566/1348
f 1887/2568/1349 1884/2565/1347 1882/2564/1340
f 1886/2567/1285 1887/2566/1348 1890/2570/1332
f 1887/2568/1349 1885/2569/1337 1888/2572/1334
f 1892/2574/1329 1889/2571/1333 1890/2570/1332
f 1890/2573/1335 1888/2572/1334 1891/2576/1350
f 1892/2574/1329 1893/2575/1328 1896/2578/1351
f 1893/2577/1330 1891/2576/1350 1894/2580/1331
f 1895/2579/1352 1896/2578/1351 1899/2582/1353
f 1896/2581/1327 1894/2580/1331 1897/2584/1323
f 1898/2583/1354 1899/2582/1353 1902/2586/1317
f 1899/2585/1324 1897/2584/1323 1900/2588/1319
f 1901/2587/1318 1902/2586/1317 1905/2590/1355
f 1905/2592/1316 1902/2589/1320 1900/2588/1319
f 1907/2594/1313 1904/2591/1356 1905/2590/1355
f 1908/2596/1314 1905/2592/1316 1903/2593/1357
f 1910/2597/1309 1907/2594/1313 1908/2595/1312
f 1911/2599/1310 1908/2596/1314 1906/2481/1287
f 1910/2597/1309 1911/2598/1308 1914/2600/1304
f 1914/2602/1306 1911/2599/1310 1909/2480/1286
f 1913/2601/1305 1914/2600/1304 1917/2604/1300
f 1914/2602/1306 1912/2603/1311 1915/2606/1307
f 1916/2605/1301 1917/2604/1300 1920/2608/1297
f 1920/2610/1299 1917/2607/1302 1915/2606/1307
f 1919/2609/1358 1920/2608/1297 1923/2612/1359
f 1923/2614/1296 1920/2610/1299 1918/2611/1303
f 1925/2557/1344 1922/2613/1294 1923/2612/1359
f 1926/2617/1291 1923/2614/1296 1921/2615/1295
f 1880/2619/1289 1925/2557/1344 1926/2616/1360
f 1926/2617/1291 1924/2618/1264 1879/2621/1263
f 1929/2558/1345 1925/2557/1344 1880/2619/1289
f 1928/2623/610 1883/2560/1284 1886/2567/1285
f 1919/2609/1358 1922/2613/1294 1942/2556/1343
f 1916/2605/1301 1919/2609/1358 1941/2625/1362
f 1913/2601/1305 1916/2605/1301 1940/2626/1363
f 1910/2597/1309 1913/2601/1305 1939/2627/1364
f 1907/2594/1313 1910/2597/1309 1938/2628/1365
f 1904/2591/1356 1907/2594/1313 1937/2629/1366
f 1935/2631/618 1901/2587/1318 1904/2591/1356
f 1934/2632/617 1898/2583/1354 1901/2587/1318
f 1889/2571/1333 1892/2574/1329 1932/2633/1368
f 1930/2624/612 1886/2567/1285 1889/2571/1333
f 2000/2635/1369 1999/3422/1686 2069/2636/1370
f 1927/2638/1361 1880/3421/1289 1883/2560/1284
f 1997/2639/1371 2001/3423/1687 1944/2640/1372
f 2005/2642/1373 1735/2751/1256 1943/2643/1374
f 2028/2645/1376 2025/3424/1688 1996/2646/1377
f 1736/2648/605 1945/2655/1 1943/2649/1
f 1944/2651/1 1946/2656/1 1800/2652/605
f 1738/2654/605 1947/2683/605 1945/2655/1
f 1946/2656/1 1948/2684/605 1802/2657/605
f 2036/2658/1379 2023/2701/1388 2022/2659/1380
f 1743/2661/605 1744/3425/605 1950/2662/605
f 1950/2662/605 1949/2665/1 1951/2664/1
f 1949/2665/1 1808/3426/605 1807/2666/605
f 1742/2667/605 1743/2661/605 1952/2663/605
f 1952/2663/605 1951/2664/1 1953/2669/605
f 1951/2664/1 1807/2666/605 1806/2670/605
f 1741/2671/605 1742/2667/605 1954/2668/605
f 1953/2669/605 1806/2670/605 1805/2673/605
f 1740/2675/605 1741/2671/605 1956/2672/605
f 1955/2674/605 1805/2673/605 1804/2677/605
f 1740/2675/605 1958/2676/605 1960/2679/605
f 1959/2681/605 1957/2678/605 1804/2677/605
f 1739/2680/605 1960/2679/605 1947/2683/605
f 1948/2684/605 1959/2681/605 1803/2682/605
f 2000/2635/1369 1927/2637/1361 1961/2685/1382
f 2008/2687/1384 2004/3427/1689 1962/2688/1385
f 1928/2690/606 1963/2697/1386 1961/2691/1386
f 1962/2693/1386 1964/2698/1386 1864/2694/606
f 1930/2696/606 1965/2724/606 1963/2697/1386
f 1964/2698/1386 1966/2725/606 1866/2699/606
f 1935/2702/606 1936/3428/606 1968/2703/1386
f 1970/2704/1386 1968/2703/1386 1967/2705/606
f 1967/2705/606 1872/3429/606 1871/2707/606
f 1934/2708/606 1935/2702/606 1970/2704/1386
f 1972/2709/606 1970/2704/1386 1969/2706/606
f 1969/2706/606 1871/2707/606 1870/2711/606
f 1933/2712/606 1934/2708/606 1972/2709/606
f 1971/2710/606 1870/2711/606 1869/2714/606
f 1932/2716/606 1933/2712/606 1974/2713/606
f 1973/2715/606 1869/2714/606 1868/2718/606
f 1932/2716/606 1976/2717/606 1978/2720/606
f 1977/2722/606 1975/2719/606 1868/2718/606
f 1931/2721/606 1978/2720/606 1965/2724/606
f 1966/2725/606 1977/2722/606 1867/2723/606
f 1878/2477/692 1750/2320/612 1737/2322/610
f 1877/2543/613 1749/2390/613 1750/2320/612
f 1876/2544/614 1748/2391/614 1749/2390/613
f 1875/2545/615 1747/2392/615 1748/2391/614
f 1874/2546/617 1746/2393/616 1747/2392/615
f 1873/2547/618 1745/2394/618 1746/2393/616
f 1873/2547/618 1872/2548/1257 1744/2395/1257
f 1863/2540/1342 1865/2541/610 1737/2322/610
f 1814/2401/1260 1994/2728/1391 1983/2726/1389
f 1982/2727/1390 1995/2729/1392 1942/2556/1343
f 1813/2465/1277 1992/2730/1393 1994/2728/1391
f 1995/2729/1392 1993/2731/1394 1941/2625/1362
f 1812/2466/1278 2066/3430/1690 1992/2730/1393
f 1993/2731/1394 2067/3431/1691 1940/2626/1363
f 1811/2467/1279 1810/2468/1280 1988/2736/1397
f 1810/2468/1280 1809/2469/1281 1986/2735/1396
f 1984/2737/1398 1985/3432/1403 2083/2738/1399
f 1987/2740/1401 1937/2629/1366 1938/2628/1365
f 1809/2469/1281 1808/2470/1282 1984/2742/1398
f 1985/2746/1403 1936/2630/1367 1937/2629/1366
f 1988/2733/1395 1986/2908/1395 2079/2749/1395
f 1980/2750/1405 1982/2727/1390 1929/2558/1345
f 1735/2751/1256 2006/2753/1407 2007/2752/1406
f 2007/2754/1408 2006/3433/1409 2011/2755/1409
f 2000/2757/1410 2017/2764/1410 2018/2758/1411
f 2006/2760/1409 2005/2792/1412 2012/2761/1412
f 2002/2763/1413 2015/2768/1413 2017/2764/1410
f 1999/2759/1411 2018/2758/1411 2019/2765/1414
f 2004/2767/1415 2013/2775/1415 2015/2768/1413
f 2001/2769/1416 1997/2797/1417 2020/2770/1417
f 2003/2772/1418 2001/2769/1416 2016/2771/1416
f 2008/2774/1419 2009/2796/1419 2013/2775/1415
f 2069/2636/1370 1999/3422/1686 1998/2776/1420
f 2070/2777/1421 1998/2776/1420 1997/2639/1371
f 2029/2802/1438 2064/2801/1437 2060/3434/1692
f 1967/2781/1423 1968/2923/1495 1949/2782/1424
f 2024/2784/1425 2040/2700/1693 2045/2785/1426
f 1872/2787/1257 1967/2781/1423 1950/2783/1423
f 2005/2792/1412 2003/2772/1418 2014/2773/1418
f 2019/2793/1431 2034/2822/1457 2031/2794/1432
f 2007/2754/1408 2010/2756/1408 2009/2796/1419
f 1997/2797/1417 1998/2766/1414 2019/2765/1414
f 2014/2798/1434 2054/2821/1456 2049/2799/1435
f 2026/2786/1427 2045/2785/1426 2064/2801/1437
f 2009/2803/1439 2010/2812/1447 2057/2804/1440
f 2012/2800/1436 2049/2799/1435 2051/2806/1442
f 2015/2808/1444 2013/2813/1448 2063/2809/1445
f 2011/2811/1443 2051/2840/1442 2057/2804/1440
f 2013/2813/1448 2009/2803/1439 2061/2805/1441
f 2048/2814/1449 2055/2789/1428 2028/2791/1430
f 2018/2816/1451 2017/2819/1454 2039/2817/1452
f 2017/2819/1454 2015/2808/1444 2046/2810/1446
f 2016/2820/1455 2042/2823/1458 2054/2821/1456
f 2019/2793/1431 2018/2816/1451 2037/2818/1453
f 2020/2795/1433 2031/2794/1432 2042/2823/1458
f 2030/2824/1459 2033/2660/1381 2022/2659/1380
f 2061/2805/1441 2057/2804/1440 2059/2826/1461
f 2059/2828/611 2058/2842/611 2060/2829/611
f 2054/2821/1456 2056/2854/1470 2050/2831/1463
f 2050/2832/611 2056/2855/611 2055/2833/611
f 2046/2810/1446 2063/2809/1445 2065/2835/1464
f 2065/2837/611 2064/2843/611 2045/2838/611
f 2051/2840/1442 2053/3435/1466 2059/2826/1461
f 2059/2828/611 2053/3436/611 2052/2841/611
f 2063/2809/1445 2061/2805/1441 2062/2827/1462
f 2062/2830/611 2060/2829/611 2064/2843/611
f 2049/2799/1435 2050/2831/1463 2053/2844/1466
f 2053/2845/611 2050/2832/611 2048/2834/611
f 2039/2817/1452 2041/2851/1468 2038/2847/1467
f 2041/2848/611 2040/2852/611 2036/2849/611
f 2046/2810/1446 2047/2836/1465 2041/2851/1468
f 2047/2839/611 2045/2838/611 2040/2852/611
f 2054/2821/1456 2042/2823/1458 2044/2853/1469
f 2056/2855/611 2044/2863/611 2043/2856/611
f 2037/2818/1453 2038/2847/1467 2035/2857/1471
f 2038/2850/611 2036/2849/611 2033/2858/611
f 2031/2794/1432 2034/2822/1457 2035/2857/1471
f 2032/2861/611 2035/2859/611 2033/2858/611
f 2042/2823/1458 2031/2794/1432 2032/2860/1472
f 2044/2863/611 2032/2861/611 2030/2862/611
f 2085/2864/1473 2066/2867/1476 2067/2865/1474
f 2066/2867/1476 2080/2907/1491 2082/2868/1477
f 1989/2874/1478 2082/2903/1478 2083/2871/1478
f 1981/2882/1395 2071/2920/1395 2074/2883/1395
f 2074/2886/1479 2071/3437/1479 2075/2887/1479
f 2071/2889/1481 2086/2910/1492 2088/2890/1482
f 1980/2876/1478 2069/3438/1478 2073/2892/1478
f 2076/2895/611 2077/3439/611 2078/2888/611
f 2072/2891/1483 2076/3440/1694 2075/2896/1484
f 2074/2897/1485 2078/3441/1695 2077/2898/1486
f 2073/2900/1488 2077/3439/1696 2076/2895/1488
f 2079/2739/1400 2083/2738/1399 2084/2905/1489
f 2081/2906/1490 2084/2905/1489 2082/2868/1477
f 2086/2910/1492 2087/2912/1494 2090/2911/1493
f 2087/2912/1494 2085/2864/1473 2089/2866/1475
f 1984/2925/1398 1949/2782/1424 1968/2923/1495
f 2102/2927/73 2105/3011/73 2096/2928/73
f 2098/2930/76 2107/2937/76 2129/2931/76
f 2095/2929/73 2119/3442/73 2127/3443/73
f 2139/2933/614 2100/3444/614 2099/2934/1496
f 2101/2936/76 2108/3445/76 2107/2937/76
f 2096/2941/1498 2097/3446/1697 2094/2942/1499
f 2101/2944/1501 2098/2953/1505 2099/2945/1502
f 2114/2979/1698 2110/3005/1698 2109/3447/1698
f 2105/2950/1504 2104/3448/1699 2113/2951/1504
f 2098/2953/1505 2120/3449/1700 2121/2954/1506
f 2095/2943/1500 2094/2942/1499 2118/2955/1507
f 2125/2957/1509 2124/3016/1509 2129/2938/1509
f 2123/2958/1510 2128/2971/1510 2127/2959/1510
f 2122/2960/1511 2119/3450/1511 2118/2961/1511
f 2138/2935/1496 2099/2934/1496 2121/2962/1512
f 2140/2964/73 2150/3451/73 2158/2965/73
f 2133/2967/1496 2134/3452/1512 2135/2968/1512
f 2131/2940/1513 2130/2939/1513 2126/2970/1513
f 2145/2975/1515 2110/2998/1527 2112/2974/1516
f 2131/2976/1517 2128/3453/1517 2123/2977/1518
f 2112/2949/1520 2110/3005/1520 2114/2979/1520
f 2149/2982/1522 2125/2978/1519 2123/2977/1518
f 2106/3454/1701 2103/3455/1701 2126/3456/1702
f 2139/2983/73 2138/2966/73 2158/2965/73
f 2136/2985/614 2137/3457/614 2133/2967/1496
f 2155/2986/1523 2154/3024/1523 2147/2987/1524
f 2134/2990/76 2133/3044/76 2156/2991/76
f 2097/2993/614 2143/3458/614 2142/2994/1496
f 2142/2994/1496 2141/3459/1512 2118/2996/1512
f 2100/2999/1528 2139/3460/1703 2146/2972/1514
f 2137/3003/1531 2136/3461/1531 2145/2975/1515
f 2096/3004/1532 2109/3447/1704 2110/3005/1533
f 2112/2949/1535 2111/2948/1536 2101/3007/1536
f 2108/3445/76 2101/2936/76 2111/3462/76
f 2097/3009/1538 2110/2998/1527 2147/2997/1526
f 2105/3011/73 2115/3463/73 2109/3012/73
f 2118/3013/1540 2141/3464/1705 2151/2980/1521
f 2134/3014/1541 2149/2982/1522 2148/2981/1522
f 2124/3016/1543 2125/2957/1706 2121/3017/1543
f 2121/3019/1544 2125/2978/1519 2150/2989/1525
f 2152/3021/1523 2153/3025/1523 2148/3022/1524
f 2154/3024/1523 2155/2986/1523 2153/3025/1523
f 2156/3026/1523 2158/3030/1523 2150/3027/1524
f 2157/3029/1523 2159/3040/1523 2158/3030/1523
f 2141/3031/76 2142/3038/76 2152/3032/76
f 2136/3034/73 2132/3042/73 2153/3035/73
f 2143/3037/76 2154/3050/76 2152/3032/76
f 2157/3029/1523 2144/3465/1524 2146/3039/1524
f 2135/3041/73 2148/3466/73 2153/3035/73
f 2137/3043/76 2157/3048/76 2156/2991/76
f 2182/3138/1683 2185/3142/1707 2162/3139/694
f 2185/3142/1708 2188/3144/1215 2163/3141/623
f 2188/3144/1709 2191/3143/1710 2164/3146/1711
f 2191/3143/1712 2194/3169/1713 2165/3145/625
f 2194/3148/1714 2196/3051/1269 2166/3053/618
f 2196/3051/1269 2197/3149/1715 2167/3052/617
f 2168/3151/697 2199/3150/1235 2201/3060/1716
f 2170/3157/1717 2173/3054/1718 2161/3156/1259
f 2173/3054/1546 2174/3159/1719 2177/3055/1547
f 2177/3055/1547 2174/3159/1719 2172/3160/1720
f 2179/3136/1206 2176/3056/1202 2177/3055/1547
f 2180/3162/1721 2177/3055/1722 2175/3163/1723
f 2182/3138/1724 2179/3136/1725 2180/3162/1726
f 2183/3164/1727 2180/3162/1721 2178/3165/1728
f 2185/3142/1707 2182/3138/1683 2183/3164/1729
f 2186/3166/1730 2183/3164/1727 2181/3167/1731
f 2189/3057/1548 2186/3166/1730 2184/3168/1732
f 2191/3143/1710 2188/3144/1709 2189/3057/1733
f 2189/3057/1548 2187/3184/1734 2190/3058/1549
f 2194/3169/1713 2191/3143/1712 2192/3059/1735
f 2195/3170/1736 2192/3059/1550 2190/3058/1549
f 2196/3051/1269 2194/3148/1714 2195/3173/1737
f 2199/3150/1738 2197/3149/1231 2198/3174/1739
f 2201/3060/1716 2199/3150/1235 2200/3176/1740
f 2201/3060/1551 2202/3178/1741 2204/3061/1552
f 2205/3154/1742 2203/3062/1553 2204/3061/1552
f 2208/3134/1743 2205/3154/1744 2206/3181/1745
f 2171/3182/1746 2209/3467/1747 2207/3468/1748
f 2224/3079/1259 2160/3469/611 2170/3109/1254
f 2213/3063/613 2232/3067/1243 2229/3064/1554
f 2214/3066/614 2235/3069/1239 2232/3067/1243
f 2215/3068/615 2238/3071/1268 2235/3069/1239
f 2216/3070/616 2241/3073/1231 2238/3071/1268
f 2217/3072/618 2244/3097/1227 2241/3073/1231
f 2217/3072/1749 2165/3470/625 2194/3471/1713
f 2165/3472/1750 2218/3473/1751 2247/3474/1752
f 2218/3473/1711 2219/3475/693 2250/3106/1709
f 2219/3475/1753 2220/3476/622 2253/3105/1708
f 2220/3476/798 2221/3076/621 2256/3075/1555
f 2222/3074/607 2259/3078/1556 2256/3075/1555
f 2223/3077/608 2262/3080/1262 2259/3078/1556
f 2224/3079/626 2265/3108/1261 2262/3080/1262
f 2211/3081/610 2226/3084/1193 2170/3082/1254
f 2212/3065/612 2229/3064/1554 2226/3084/1193
f 2226/3084/1193 2227/3088/1559 2171/3085/1557
f 2225/3087/1253 2169/3477/1255 2171/3085/1557
f 2230/3086/1558 2227/3088/1559 2226/3084/1193
f 2230/3086/1558 2228/3090/1249 2225/3087/1253
f 2233/3089/1560 2230/3086/1558 2229/3064/1742
f 2233/3089/1560 2231/3092/1245 2228/3090/1249
f 2236/3091/1561 2233/3089/1560 2232/3067/1243
f 2236/3091/1561 2234/3094/1241 2231/3092/1245
f 2239/3093/1562 2236/3091/1561 2235/3069/1239
f 2239/3093/1562 2237/3096/1237 2234/3094/1241
f 2242/3095/1563 2239/3093/1562 2238/3071/1268
f 2242/3095/1563 2240/3099/1233 2237/3096/1237
f 2244/3097/1227 2245/3098/1564 2242/3095/1563
f 2245/3098/1564 2243/3101/1230 2240/3099/1233
f 2195/3100/1565 2245/3098/1564 2244/3097/1227
f 2195/3100/1565 2193/3478/1225 2243/3101/1230
f 2248/3103/1754 2195/3479/1737 2194/3480/1714
f 2246/3481/1222 2193/3482/1225 2195/3479/1565
f 2251/3104/1567 2248/3103/1566 2247/3474/1755
f 2249/3102/1218 2246/3481/1222 2248/3103/1566
f 2253/3105/1568 2254/3483/1756 2251/3104/1569
f 2252/3484/1214 2249/3102/1218 2251/3104/1567
f 2257/3485/1757 2254/3483/1756 2253/3105/1568
f 2255/3486/1572 2252/3484/1214 2254/3483/1758
f 2260/3487/1726 2257/3485/1757 2256/3075/1724
f 2258/3488/1195 2255/3486/1572 2257/3485/1759
f 2263/3489/1760 2260/3487/1761 2259/3078/1206
f 2261/3490/1205 2258/3488/1195 2260/3487/1762
f 2266/3107/1571 2263/3489/1547 2262/3080/1262
f 2264/3111/1200 2261/3490/1205 2263/3489/1722
f 2170/3109/1254 2171/3110/1557 2266/3107/1571
f 2171/3110/1557 2169/3491/1255 2264/3111/1200
f 2276/3132/610 2267/3492/1598 2278/3133/1573
f 2268/3135/1575 2313/3137/1578 2330/3136/1576
f 2313/3137/1578 2312/3140/1580 2287/3138/1579
f 2311/3139/622 2328/3142/1582 2287/3138/1579
f 2269/3141/1581 2291/3144/1584 2328/3142/1582
f 2269/3141/1581 2270/3146/624 2326/3143/1583
f 2271/3145/1585 2296/3169/1587 2326/3143/1583
f 2271/3147/1585 2272/3053/1588 2298/3051/1586
f 2272/3053/1588 2310/3052/1590 2300/3149/1589
f 2310/3052/1590 2273/3151/1592 2301/3150/1591
f 2273/3151/1592 2274/3152/1594 2303/3060/1593
f 2274/3152/1594 2275/3153/613 2305/3062/1595
f 2275/3153/613 2309/3155/692 2306/3154/1596
f 2276/3132/610 2307/3134/1574 2306/3154/1596
f 2314/3156/1597 2281/3054/1599 2278/3157/1573
f 2314/3156/1597 2268/3135/1575 2284/3056/1577
f 2282/3159/1600 2279/3161/1602 2278/3157/1573
f 2280/3160/1601 2277/3188/1630 2279/3161/1602
f 2285/3055/1603 2282/3159/1600 2281/3054/1599
f 2285/3055/1603 2283/3163/1605 2280/3160/1601
f 2330/3136/1576 2331/3162/1604 2285/3055/1603
f 2331/3162/1604 2286/3165/1607 2283/3163/1605
f 2287/3138/1579 2288/3164/1606 2331/3162/1604
f 2288/3164/1606 2329/3167/1609 2286/3165/1607
f 2328/3142/1582 2290/3166/1608 2288/3164/1606
f 2290/3166/1608 2289/3168/1611 2329/3167/1609
f 2292/3057/1610 2290/3166/1608 2328/3142/1582
f 2292/3057/1610 2327/3184/1627 2289/3168/1611
f 2294/3059/1612 2292/3057/1610 2291/3144/1584
f 2293/3058/1613 2327/3184/1627 2292/3057/1610
f 2296/3169/1587 2297/3170/1614 2294/3059/1612
f 2297/3170/1614 2295/3187/1629 2293/3058/1613
f 2299/3171/1615 2297/3173/1614 2296/3148/1587
f 2325/3172/1616 2295/3493/1629 2297/3173/1614
f 2324/3174/1617 2299/3171/1615 2298/3051/1586
f 2323/3175/1618 2325/3172/1616 2299/3171/1615
f 2301/3150/1591 2322/3176/1619 2324/3174/1617
f 2303/3060/1593 2320/3178/1621 2322/3176/1619
f 2302/3177/1620 2321/3186/1628 2322/3176/1619
f 2305/3062/1595 2319/3061/1623 2320/3178/1621
f 2304/3179/1622 2302/3177/1620 2320/3178/1621
f 2306/3154/1596 2318/3181/1625 2319/3061/1623
f 2317/3180/1624 2304/3179/1622 2319/3061/1623
f 2307/3134/1574 2316/3467/1632 2318/3181/1625
f 2279/3182/1602 2316/3467/1632 2307/3134/1574
f 2279/3085/1602 2277/3477/1630 2315/3087/1631
f 2318/3086/1625 2316/3088/1632 2315/3087/1631
f 2324/3095/1617 2322/3093/1619 2321/3096/1628
