# Blender 5.1.1
# www.blender.org
mtllib SteamPunkHammer.mtl
o Cylinder.063
v 0.006857 -0.387663 -0.176615
v 0.006857 0.032048 -0.176694
v 0.201296 -0.136066 -0.120444
v 0.074389 -0.387663 -0.163074
v 0.074130 0.032048 -0.163416
v 0.201296 -0.184912 -0.110728
v 0.131775 -0.387663 -0.124907
v 0.131354 0.032049 -0.125357
v 0.201296 -0.225530 -0.083588
v 0.170046 -0.387663 -0.067575
v 0.172277 0.032047 -0.057511
v 0.201296 -0.251675 -0.044459
v 0.183492 -0.387663 0.000020
v 0.182492 0.032048 -0.001060
v 0.201296 -0.260522 0.000020
v 0.170046 -0.387663 0.067615
v 0.172567 0.032043 0.055563
v 0.201296 -0.251675 0.044499
v 0.132054 -0.387662 0.125367
v 0.131827 0.032054 0.124040
v 0.201296 -0.225530 0.083628
v 0.074631 -0.387662 0.163548
v 0.074606 0.032051 0.162076
v 0.201296 -0.184912 0.110768
v 0.006789 -0.387662 0.176985
v 0.006705 0.032051 0.175524
v 0.201296 -0.136066 0.120484
v 0.201296 -0.087220 0.110768
v 0.201296 -0.046602 0.083628
v 0.201296 -0.020457 0.044499
v 0.201296 -0.011609 0.000020
v 0.201296 -0.020457 -0.044459
v 0.201296 -0.046602 -0.083588
v 0.201296 -0.087220 -0.110728
v 0.104574 -0.136066 -0.143100
v 0.120907 -0.081312 -0.132259
v 0.120887 -0.190820 -0.132228
v 0.147610 -0.237239 -0.101153
v 0.146623 -0.034895 -0.100560
v 0.172600 -0.268255 -0.054734
v 0.183492 -0.279146 0.000020
v 0.173670 -0.003875 -0.055377
v 0.183492 0.007014 0.000020
v 0.172601 -0.268255 0.054775
v 0.173433 -0.003866 0.055281
v 0.147610 -0.237239 0.101193
v 0.146506 -0.034907 0.100521
v 0.120799 -0.190821 0.132136
v 0.120622 -0.081312 0.131869
v 0.104371 -0.136066 0.142835
v 0.201296 -0.136066 -0.143060
v 0.201296 -0.190820 -0.132169
v 0.201296 -0.237239 -0.101153
v 0.201296 -0.268255 -0.054734
v 0.201296 -0.279146 0.000020
v 0.201296 -0.268255 0.054775
v 0.201296 -0.237239 0.101193
v 0.201296 -0.190820 0.132209
v 0.201296 -0.136066 0.143100
v 0.201296 -0.081311 0.132209
v 0.201296 -0.034893 0.101193
v 0.201296 -0.003877 0.054775
v 0.201296 0.007015 0.000020
v 0.201296 -0.003877 -0.054734
v 0.201296 -0.034893 -0.101153
v 0.201296 -0.081311 -0.132169
v 0.231725 -0.136066 -0.097019
v 0.231725 -0.175413 -0.089192
v 0.231725 -0.208133 -0.067330
v 0.231725 -0.229194 -0.035810
v 0.231725 -0.236321 0.000020
v 0.231725 -0.229194 0.035850
v 0.231725 -0.208133 0.067370
v 0.231725 -0.175413 0.089233
v 0.231725 -0.136066 0.097059
v 0.231725 -0.096718 0.089233
v 0.231725 -0.063999 0.067370
v 0.231725 -0.042938 0.035850
v 0.231725 -0.035811 0.000020
v 0.231725 -0.042938 -0.035810
v 0.231725 -0.063999 -0.067330
v 0.231725 -0.096718 -0.089193
v 0.231725 -0.136066 -0.079436
v 0.231725 -0.170826 -0.072546
v 0.231725 -0.199082 -0.053753
v 0.231725 -0.216465 -0.027921
v 0.231725 -0.222078 0.000020
v 0.231725 -0.216465 0.027961
v 0.231725 -0.199082 0.053793
v 0.231725 -0.170826 0.072586
v 0.231725 -0.136066 0.079476
v 0.231725 -0.101306 0.072586
v 0.231725 -0.073050 0.053793
v 0.231725 -0.055667 0.027961
v 0.231725 -0.050054 0.000020
v 0.231725 -0.055667 -0.027921
v 0.231725 -0.073050 -0.053753
v 0.231725 -0.101306 -0.072546
v 0.380040 -0.135898 -0.079437
v 0.379426 -0.170698 -0.072613
v 0.378895 -0.199016 -0.053873
v 0.378491 -0.216485 -0.028031
v 0.378333 -0.222148 0.000020
v 0.378491 -0.216485 0.028072
v 0.378895 -0.199016 0.053913
v 0.379426 -0.170699 0.072653
v 0.380039 -0.135898 0.079477
v 0.380774 -0.101102 0.072518
v 0.381673 -0.072820 0.053657
v 0.382599 -0.055444 0.027823
v 0.383039 -0.049850 0.000020
v 0.382599 -0.055444 -0.027782
v 0.381673 -0.072820 -0.053617
v 0.380774 -0.101102 -0.072477
v 0.421690 -0.127853 -0.079438
v 0.428464 -0.161835 -0.072664
v 0.433983 -0.189539 -0.054001
v 0.437320 -0.206709 -0.028162
v 0.438377 -0.212305 0.000020
v 0.437320 -0.206709 0.028202
v 0.433983 -0.189539 0.054041
v 0.428464 -0.161835 0.072704
v 0.421690 -0.127853 0.079478
v 0.415162 -0.093855 0.072560
v 0.410364 -0.066074 0.053847
v 0.407960 -0.048733 0.028086
v 0.407363 -0.043022 0.000020
v 0.407960 -0.048733 -0.028046
v 0.410364 -0.066074 -0.053808
v 0.415162 -0.093855 -0.072521
v 0.460513 -0.110773 -0.079438
v 0.474195 -0.142270 -0.072731
v 0.485360 -0.168025 -0.054191
v 0.492217 -0.184102 -0.028357
v 0.494431 -0.189384 0.000020
v 0.492217 -0.184102 0.028397
v 0.485360 -0.168025 0.054231
v 0.474195 -0.142270 0.072770
v 0.460513 -0.110773 0.079477
v 0.447073 -0.079225 0.072633
v 0.436582 -0.053276 0.054079
v 0.430520 -0.036854 0.028344
v 0.428669 -0.031366 0.000020
v 0.430520 -0.036854 -0.028304
v 0.436582 -0.053276 -0.054040
v 0.447074 -0.079225 -0.072593
v 0.494580 -0.085476 -0.079438
v 0.514509 -0.112906 -0.072816
v 0.530858 -0.135415 -0.054431
v 0.541046 -0.149581 -0.028600
v 0.544386 -0.154275 0.000020
v 0.541046 -0.149581 0.028639
v 0.530858 -0.135415 0.054470
v 0.514509 -0.112906 0.072855
v 0.494580 -0.085476 0.079477
v 0.474877 -0.057960 0.072722
v 0.459112 -0.035162 0.054346
v 0.449534 -0.020551 0.028619
v 0.446447 -0.015613 0.000020
v 0.449534 -0.020551 -0.028580
v 0.459112 -0.035162 -0.054307
v 0.474877 -0.057960 -0.072683
v 0.522176 -0.053220 -0.079438
v 0.547369 -0.075199 -0.072902
v 0.568149 -0.093286 -0.054669
v 0.581256 -0.104749 -0.028835
v 0.585603 -0.108574 0.000019
v 0.581256 -0.104749 0.028874
v 0.568149 -0.093286 0.054708
v 0.547369 -0.075199 0.072941
v 0.522176 -0.053221 0.079477
v 0.497178 -0.031127 0.072811
v 0.476865 -0.012685 0.054593
v 0.464193 -0.000737 0.028856
v 0.460007 0.003335 0.000019
v 0.464193 -0.000737 -0.028817
v 0.476865 -0.012685 -0.054554
v 0.497178 -0.031127 -0.072773
v 0.541907 -0.015623 -0.079438
v 0.571105 -0.031032 -0.072972
v 0.595287 -0.043727 -0.054862
v 0.610668 -0.051810 -0.029021
v 0.615810 -0.054520 0.000019
v 0.610668 -0.051810 0.029060
v 0.595287 -0.043727 0.054901
v 0.571105 -0.031032 0.073011
v 0.541907 -0.015623 0.079477
v 0.512861 -0.000077 0.072883
v 0.489023 0.013012 0.054776
v 0.473929 0.021587 0.029022
v 0.468884 0.024533 0.000019
v 0.473929 0.021587 -0.028983
v 0.489023 0.013012 -0.054738
v 0.512861 -0.000077 -0.072844
v 0.552772 0.025431 -0.079438
v 0.584502 0.017377 -0.073015
v 0.610833 0.010762 -0.054979
v 0.627659 0.006547 -0.029132
v 0.633307 0.005132 0.000019
v 0.627660 0.006548 0.029170
v 0.610833 0.010762 0.055017
v 0.584502 0.017377 0.073053
v 0.552772 0.025431 0.079476
v 0.521147 0.033634 0.072923
v 0.495039 0.040658 0.054871
v 0.478385 0.045359 0.029100
v 0.472789 0.047002 0.000019
v 0.478385 0.045359 -0.029062
v 0.495039 0.040658 -0.054832
v 0.521147 0.033634 -0.072884
v 0.558097 0.058405 -0.081554
v 0.591395 0.058478 -0.074877
v 0.618989 0.058564 -0.056372
v 0.636638 0.058629 -0.029887
v 0.642573 0.058653 0.000019
v 0.636638 0.058629 0.029925
v 0.618989 0.058564 0.056410
v 0.591395 0.058478 0.074915
v 0.558097 0.058405 0.081592
v 0.524793 0.058386 0.074987
v 0.497200 0.058442 0.056506
v 0.479567 0.058542 0.029991
v 0.473643 0.058593 0.000019
v 0.479567 0.058542 -0.029953
v 0.497200 0.058442 -0.056469
v 0.524793 0.058386 -0.074949
v 0.558047 0.128679 -0.081554
v 0.591345 0.128751 -0.074877
v 0.618939 0.128837 -0.056372
v 0.636588 0.128902 -0.029887
v 0.642522 0.128926 0.000019
v 0.636588 0.128902 0.029925
v 0.618939 0.128837 0.056410
v 0.591345 0.128751 0.074915
v 0.558047 0.128679 0.081592
v 0.524743 0.128659 0.074987
v 0.497150 0.128716 0.056506
v 0.479517 0.128815 0.029991
v 0.473592 0.128866 0.000019
v 0.479517 0.128815 -0.029953
v 0.497150 0.128716 -0.056469
v 0.524743 0.128659 -0.074949
v 0.558046 0.135594 -0.100982
v 0.599276 0.135679 -0.092715
v 0.633441 0.135779 -0.069803
v 0.655293 0.135855 -0.037010
v 0.662641 0.135883 0.000019
v 0.655294 0.135855 0.037048
v 0.633441 0.135779 0.069841
v 0.599276 0.135679 0.092753
v 0.558046 0.135594 0.101020
v 0.516810 0.135571 0.092843
v 0.482645 0.135637 0.069960
v 0.460813 0.135753 0.037129
v 0.453477 0.135813 0.000019
v 0.460813 0.135753 -0.037091
v 0.482645 0.135637 -0.069922
v 0.516810 0.135571 -0.092805
v 0.558031 0.179666 -0.080387
v 0.591226 0.179747 -0.073731
v 0.618638 0.179844 -0.055348
v 0.636039 0.179917 -0.029234
v 0.641844 0.179945 0.000019
v 0.636039 0.179918 0.029272
v 0.618638 0.179844 0.055386
v 0.591226 0.179747 0.073769
v 0.558031 0.179666 0.080425
v 0.524843 0.179647 0.073844
v 0.497453 0.179717 0.055499
v 0.480071 0.179835 0.029360
v 0.474271 0.179896 0.000019
v 0.480071 0.179835 -0.029322
v 0.497453 0.179717 -0.055461
v 0.524843 0.179647 -0.073806
v 0.558046 0.173784 -0.100982
v 0.599276 0.173869 -0.092715
v 0.633441 0.173969 -0.069803
v 0.655293 0.174045 -0.037010
v 0.662641 0.174073 0.000019
v 0.655294 0.174045 0.037048
v 0.633441 0.173969 0.069841
v 0.599276 0.173869 0.092753
v 0.558046 0.173784 0.101020
v 0.516810 0.173761 0.092843
v 0.482645 0.173827 0.069960
v 0.460813 0.173944 0.037129
v 0.453477 0.174004 0.000019
v 0.460813 0.173944 -0.037091
v 0.482645 0.173827 -0.069922
v 0.516810 0.173761 -0.092805
v 0.558001 0.215684 -0.106682
v 0.602052 0.215792 -0.097849
v 0.638428 0.215920 -0.073454
v 0.661520 0.216017 -0.038800
v 0.669224 0.216054 0.000019
v 0.661520 0.216018 0.038838
v 0.638428 0.215920 0.073492
v 0.602052 0.215792 0.097887
v 0.558001 0.215684 0.106720
v 0.513961 0.215659 0.097986
v 0.477614 0.215751 0.073642
v 0.454547 0.215908 0.038955
v 0.446851 0.215989 0.000019
v 0.454547 0.215908 -0.038917
v 0.477613 0.215751 -0.073604
v 0.513961 0.215659 -0.097948
v 0.557986 0.235130 -0.120570
v 0.607769 0.235252 -0.110587
v 0.648881 0.235397 -0.083017
v 0.674979 0.235507 -0.043853
v 0.683685 0.235548 0.000019
v 0.674979 0.235507 0.043891
v 0.648881 0.235397 0.083055
v 0.607769 0.235252 0.110625
v 0.557985 0.235130 0.120608
v 0.508213 0.235101 0.110737
v 0.467134 0.235206 0.083225
v 0.441065 0.235384 0.044023
v 0.432367 0.235474 0.000019
v 0.441065 0.235384 -0.043985
v 0.467134 0.235206 -0.083187
v 0.508213 0.235101 -0.110699
v 0.557968 0.259158 -0.127496
v 0.610611 0.259287 -0.116940
v 0.654083 0.259440 -0.087786
v 0.681680 0.259557 -0.046373
v 0.690886 0.259600 0.000019
v 0.681681 0.259557 0.046411
v 0.654084 0.259440 0.087824
v 0.610611 0.259287 0.116978
v 0.557968 0.259158 0.127534
v 0.505337 0.259128 0.117096
v 0.461899 0.259238 0.088003
v 0.434333 0.259426 0.046551
v 0.425135 0.259522 0.000019
v 0.434333 0.259426 -0.046513
v 0.461899 0.259238 -0.087966
v 0.505337 0.259128 -0.117058
v 0.557949 0.286394 -0.127496
v 0.610592 0.286394 -0.116940
v 0.654064 0.286394 -0.087786
v 0.681661 0.286394 -0.046373
v 0.690867 0.286394 0.000019
v 0.681661 0.286394 0.046411
v 0.654065 0.286394 0.087824
v 0.610592 0.286394 0.116978
v 0.557949 0.286394 0.127534
v 0.505318 0.286394 0.117096
v 0.461880 0.286394 0.088003
v 0.434314 0.286394 0.046551
v 0.425116 0.286394 0.000019
v 0.434314 0.286394 -0.046513
v 0.461879 0.286394 -0.087966
v 0.505318 0.286394 -0.117058
v -0.187582 -0.136066 -0.120444
v -0.060675 -0.387663 -0.163074
v -0.060416 0.032048 -0.163416
v -0.187582 -0.184912 -0.110728
v -0.118061 -0.387663 -0.124907
v -0.117640 0.032049 -0.125357
v -0.187582 -0.225530 -0.083588
v -0.156332 -0.387663 -0.067575
v -0.158562 0.032047 -0.057511
v -0.187582 -0.251675 -0.044459
v -0.169778 -0.387663 0.000020
v -0.168777 0.032048 -0.001060
v -0.187582 -0.260522 0.000020
v -0.156332 -0.387663 0.067615
v -0.158853 0.032043 0.055563
v -0.187582 -0.251675 0.044499
v -0.118339 -0.387662 0.125367
v -0.118113 0.032054 0.124040
v -0.187582 -0.225530 0.083628
v -0.060923 -0.387662 0.163580
v -0.060887 0.032050 0.162049
v -0.187582 -0.184912 0.110768
v -0.187582 -0.136066 0.120484
v -0.187582 -0.087220 0.110768
v -0.187582 -0.046602 0.083628
v -0.187582 -0.020457 0.044499
v -0.187582 -0.011609 0.000020
v -0.187582 -0.020457 -0.044459
v -0.187582 -0.046602 -0.083588
v -0.187582 -0.087220 -0.110728
v -0.090860 -0.136066 -0.143100
v -0.107193 -0.081312 -0.132259
v -0.107173 -0.190820 -0.132228
v -0.133896 -0.237239 -0.101153
v -0.132909 -0.034895 -0.100560
v -0.158886 -0.268255 -0.054734
v -0.169778 -0.279146 0.000020
v -0.159956 -0.003875 -0.055377
v -0.169778 0.007014 0.000020
v -0.158886 -0.268255 0.054775
v -0.159719 -0.003866 0.055281
v -0.133896 -0.237239 0.101193
v -0.132792 -0.034907 0.100521
v -0.107085 -0.190821 0.132136
v -0.106907 -0.081312 0.131869
v -0.090657 -0.136066 0.142835
v -0.187582 -0.136066 -0.143060
v -0.187582 -0.190820 -0.132169
v -0.187582 -0.237239 -0.101153
v -0.187582 -0.268255 -0.054734
v -0.187582 -0.279146 0.000020
v -0.187582 -0.268255 0.054775
v -0.187582 -0.237239 0.101193
v -0.187582 -0.190820 0.132209
v -0.187582 -0.136066 0.143100
v -0.187582 -0.081311 0.132209
v -0.187582 -0.034893 0.101193
v -0.187582 -0.003877 0.054775
v -0.187582 0.007015 0.000020
v -0.187582 -0.003877 -0.054734
v -0.187582 -0.034893 -0.101153
v -0.187582 -0.081311 -0.132169
v -0.218010 -0.136066 -0.097019
v -0.218010 -0.175413 -0.089192
v -0.218010 -0.208133 -0.067330
v -0.218010 -0.229194 -0.035810
v -0.218010 -0.236321 0.000020
v -0.218010 -0.229194 0.035850
v -0.218010 -0.208133 0.067370
v -0.218010 -0.175413 0.089233
v -0.218010 -0.136066 0.097059
v -0.218010 -0.096718 0.089233
v -0.218010 -0.063999 0.067370
v -0.218010 -0.042938 0.035850
v -0.218010 -0.035811 0.000020
v -0.218010 -0.042938 -0.035810
v -0.218010 -0.063999 -0.067330
v -0.218010 -0.096718 -0.089193
v -0.218010 -0.136066 -0.079436
v -0.218010 -0.170826 -0.072546
v -0.218010 -0.199082 -0.053753
v -0.218010 -0.216465 -0.027921
v -0.218010 -0.222078 0.000020
v -0.218010 -0.216465 0.027961
v -0.218010 -0.199082 0.053793
v -0.218010 -0.170826 0.072586
v -0.218010 -0.136066 0.079476
v -0.218010 -0.101306 0.072586
v -0.218010 -0.073050 0.053793
v -0.218010 -0.055667 0.027961
v -0.218010 -0.050054 0.000020
v -0.218010 -0.055667 -0.027921
v -0.218010 -0.073050 -0.053753
v -0.218010 -0.101306 -0.072546
v -0.366325 -0.135898 -0.079437
v -0.365712 -0.170698 -0.072613
v -0.365181 -0.199016 -0.053873
v -0.364777 -0.216485 -0.028031
v -0.364619 -0.222148 0.000020
v -0.364777 -0.216485 0.028072
v -0.365181 -0.199016 0.053913
v -0.365712 -0.170699 0.072653
v -0.366325 -0.135898 0.079477
v -0.367059 -0.101102 0.072518
v -0.367958 -0.072820 0.053657
v -0.368885 -0.055444 0.027823
v -0.369325 -0.049850 0.000020
v -0.368885 -0.055444 -0.027782
v -0.367959 -0.072820 -0.053617
v -0.367060 -0.101102 -0.072477
v -0.407975 -0.127853 -0.079438
v -0.414750 -0.161835 -0.072664
v -0.420269 -0.189539 -0.054001
v -0.423605 -0.206709 -0.028162
v -0.424662 -0.212305 0.000020
v -0.423605 -0.206709 0.028202
v -0.420269 -0.189539 0.054041
v -0.414750 -0.161835 0.072704
v -0.407975 -0.127853 0.079478
v -0.401448 -0.093855 0.072560
v -0.396650 -0.066074 0.053847
v -0.394246 -0.048733 0.028086
v -0.393649 -0.043022 0.000020
v -0.394246 -0.048733 -0.028046
v -0.396650 -0.066074 -0.053808
v -0.401448 -0.093855 -0.072521
v -0.446799 -0.110773 -0.079438
v -0.460481 -0.142270 -0.072731
v -0.471645 -0.168025 -0.054191
v -0.478503 -0.184102 -0.028357
v -0.480716 -0.189384 0.000020
v -0.478503 -0.184102 0.028397
v -0.471645 -0.168025 0.054231
v -0.460481 -0.142270 0.072770
v -0.446798 -0.110773 0.079477
v -0.433359 -0.079225 0.072633
v -0.422868 -0.053276 0.054079
v -0.416806 -0.036854 0.028344
v -0.414955 -0.031366 0.000020
v -0.416806 -0.036854 -0.028304
v -0.422868 -0.053276 -0.054040
v -0.433359 -0.079225 -0.072593
v -0.480866 -0.085476 -0.079438
v -0.500795 -0.112906 -0.072816
v -0.517143 -0.135415 -0.054431
v -0.527332 -0.149581 -0.028600
v -0.530672 -0.154275 0.000020
v -0.527332 -0.149581 0.028639
v -0.517143 -0.135415 0.054470
v -0.500795 -0.112906 0.072855
v -0.480866 -0.085476 0.079477
v -0.461163 -0.057960 0.072722
v -0.445397 -0.035162 0.054346
v -0.435820 -0.020551 0.028619
v -0.432732 -0.015613 0.000020
v -0.435820 -0.020551 -0.028580
v -0.445397 -0.035162 -0.054307
v -0.461163 -0.057960 -0.072683
v -0.508462 -0.053220 -0.079438
v -0.533655 -0.075199 -0.072902
v -0.554435 -0.093286 -0.054669
v -0.567542 -0.104749 -0.028835
v -0.571889 -0.108574 0.000019
v -0.567542 -0.104749 0.028874
v -0.554435 -0.093286 0.054708
v -0.533655 -0.075199 0.072941
v -0.508462 -0.053221 0.079477
v -0.483464 -0.031127 0.072811
v -0.463151 -0.012685 0.054593
v -0.450479 -0.000737 0.028856
v -0.446292 0.003335 0.000019
v -0.450479 -0.000737 -0.028817
v -0.463151 -0.012685 -0.054554
v -0.483464 -0.031127 -0.072773
v -0.528192 -0.015623 -0.079438
v -0.557391 -0.031032 -0.072972
v -0.581572 -0.043727 -0.054862
v -0.596954 -0.051810 -0.029021
v -0.602095 -0.054520 0.000019
v -0.596954 -0.051810 0.029060
v -0.581572 -0.043727 0.054901
v -0.557391 -0.031032 0.073011
v -0.528192 -0.015623 0.079477
v -0.499147 -0.000077 0.072883
v -0.475308 0.013012 0.054776
v -0.460215 0.021587 0.029022
v -0.455170 0.024533 0.000019
v -0.460215 0.021587 -0.028983
v -0.475308 0.013012 -0.054738
v -0.499147 -0.000077 -0.072844
v -0.539058 0.025431 -0.079438
v -0.570787 0.017377 -0.073015
v -0.597119 0.010762 -0.054979
v -0.613945 0.006547 -0.029132
v -0.619593 0.005132 0.000019
v -0.613945 0.006548 0.029170
v -0.597119 0.010762 0.055017
v -0.570787 0.017377 0.073053
v -0.539058 0.025431 0.079476
v -0.507433 0.033634 0.072923
v -0.481324 0.040658 0.054871
v -0.464671 0.045359 0.029100
v -0.459075 0.047002 0.000019
v -0.464671 0.045359 -0.029062
v -0.481324 0.040658 -0.054832
v -0.507433 0.033634 -0.072884
v -0.544383 0.058405 -0.081554
v -0.577681 0.058478 -0.074877
v -0.605275 0.058564 -0.056372
v -0.622924 0.058629 -0.029887
v -0.628858 0.058653 0.000019
v -0.622924 0.058629 0.029925
v -0.605275 0.058564 0.056410
v -0.577681 0.058478 0.074915
v -0.544383 0.058405 0.081592
v -0.511079 0.058386 0.074987
v -0.483486 0.058442 0.056506
v -0.465853 0.058542 0.029991
v -0.459929 0.058593 0.000019
v -0.465853 0.058542 -0.029953
v -0.483486 0.058442 -0.056469
v -0.511079 0.058386 -0.074949
v -0.544332 0.128679 -0.081554
v -0.577631 0.128751 -0.074877
v -0.605225 0.128837 -0.056372
v -0.622873 0.128902 -0.029887
v -0.628808 0.128926 0.000019
v -0.622873 0.128902 0.029925
v -0.605225 0.128837 0.056410
v -0.577631 0.128751 0.074915
v -0.544332 0.128679 0.081592
v -0.511029 0.128659 0.074987
v -0.483435 0.128716 0.056506
v -0.465802 0.128815 0.029991
v -0.459878 0.128866 0.000019
v -0.465802 0.128815 -0.029953
v -0.483435 0.128716 -0.056469
v -0.511029 0.128659 -0.074949
v -0.544332 0.135594 -0.100982
v -0.585561 0.135679 -0.092715
v -0.619727 0.135779 -0.069803
v -0.641579 0.135855 -0.037010
v -0.648927 0.135883 0.000019
v -0.641579 0.135855 0.037048
v -0.619727 0.135779 0.069841
v -0.585561 0.135679 0.092753
v -0.544332 0.135594 0.101020
v -0.503096 0.135571 0.092843
v -0.468931 0.135637 0.069960
v -0.447098 0.135753 0.037129
v -0.439763 0.135813 0.000019
v -0.447098 0.135753 -0.037091
v -0.468931 0.135637 -0.069922
v -0.503096 0.135571 -0.092805
v -0.544316 0.179666 -0.080387
v -0.577511 0.179747 -0.073731
v -0.604924 0.179844 -0.055348
v -0.622325 0.179917 -0.029234
v -0.628130 0.179945 0.000019
v -0.622325 0.179918 0.029272
v -0.604924 0.179844 0.055386
v -0.577511 0.179747 0.073769
v -0.544316 0.179666 0.080425
v -0.511129 0.179647 0.073844
v -0.483739 0.179717 0.055499
v -0.466356 0.179835 0.029360
v -0.460557 0.179896 0.000019
v -0.466356 0.179835 -0.029322
v -0.483739 0.179717 -0.055461
v -0.511129 0.179647 -0.073806
v -0.544332 0.173784 -0.100982
v -0.585561 0.173869 -0.092715
v -0.619727 0.173969 -0.069803
v -0.641579 0.174045 -0.037010
v -0.648927 0.174073 0.000019
v -0.641579 0.174045 0.037048
v -0.619727 0.173969 0.069841
v -0.585561 0.173869 0.092753
v -0.544332 0.173784 0.101020
v -0.503096 0.173761 0.092843
v -0.468931 0.173827 0.069960
v -0.447098 0.173944 0.037129
v -0.439763 0.174004 0.000019
v -0.447098 0.173944 -0.037091
v -0.468931 0.173827 -0.069922
v -0.503096 0.173761 -0.092805
v -0.544287 0.215684 -0.106682
v -0.588337 0.215792 -0.097849
v -0.624714 0.215920 -0.073454
v -0.647806 0.216017 -0.038800
v -0.655509 0.216054 0.000019
v -0.647806 0.216018 0.038838
v -0.624714 0.215920 0.073492
v -0.588337 0.215792 0.097887
v -0.544287 0.215684 0.106720
v -0.500247 0.215659 0.097986
v -0.463899 0.215751 0.073642
v -0.440833 0.215908 0.038955
v -0.433137 0.215989 0.000019
v -0.440833 0.215908 -0.038917
v -0.463899 0.215751 -0.073604
v -0.500247 0.215659 -0.097948
v -0.544271 0.235130 -0.120570
v -0.594055 0.235252 -0.110587
v -0.635167 0.235397 -0.083017
v -0.661265 0.235507 -0.043853
v -0.669971 0.235548 0.000019
v -0.661265 0.235507 0.043891
v -0.635167 0.235397 0.083055
v -0.594055 0.235252 0.110625
v -0.544271 0.235130 0.120608
v -0.494499 0.235101 0.110737
v -0.453420 0.235206 0.083225
v -0.427351 0.235384 0.044023
v -0.418653 0.235474 0.000019
v -0.427351 0.235384 -0.043985
v -0.453420 0.235206 -0.083187
v -0.494499 0.235101 -0.110699
v -0.544254 0.259158 -0.127496
v -0.596897 0.259287 -0.116940
v -0.640369 0.259440 -0.087786
v -0.667966 0.259557 -0.046373
v -0.677172 0.259600 0.000019
v -0.667966 0.259557 0.046411
v -0.640369 0.259440 0.087824
v -0.596897 0.259287 0.116978
v -0.544254 0.259158 0.127534
v -0.491623 0.259128 0.117096
v -0.448184 0.259238 0.088003
v -0.420618 0.259426 0.046551
v -0.411421 0.259522 0.000019
v -0.420618 0.259426 -0.046513
v -0.448184 0.259238 -0.087966
v -0.491623 0.259128 -0.117058
v -0.544235 0.286394 -0.127496
v -0.596878 0.286394 -0.116940
v -0.640350 0.286394 -0.087786
v -0.667947 0.286394 -0.046373
v -0.677153 0.286394 0.000019
v -0.667947 0.286394 0.046411
v -0.640350 0.286394 0.087824
v -0.596878 0.286394 0.116978
v -0.544234 0.286394 0.127534
v -0.491603 0.286394 0.117096
v -0.448165 0.286394 0.088003
v -0.420599 0.286394 0.046551
v -0.411402 0.286394 0.000019
v -0.420599 0.286394 -0.046513
v -0.448165 0.286394 -0.087966
v -0.491603 0.286394 -0.117058
v 0.007636 0.032048 -0.152019
v 0.063824 0.032048 -0.140842
v 0.110633 0.032048 -0.104864
v 0.146780 0.032048 -0.049195
v 0.158402 0.032048 -0.002187
v 0.147585 0.032048 0.046974
v 0.115469 0.032048 0.105465
v 0.062999 0.032048 0.134610
v 0.006810 0.032048 0.145787
v -0.049378 0.032048 -0.136693
v -0.097013 0.032048 -0.104864
v -0.132099 0.032048 -0.048607
v -0.140018 0.032048 -0.001041
v -0.133965 0.032048 0.046974
v -0.097013 0.032048 0.102782
v -0.049378 0.032048 0.134610
v 0.087293 0.095104 -0.081663
v 0.115268 0.095104 -0.038579
v 0.124263 0.095104 -0.002198
v 0.115891 0.095104 0.035850
v 0.091036 0.095104 0.081118
v 0.050427 0.095104 0.103675
v 0.006941 0.095104 0.112325
v -0.036546 0.095104 -0.106296
v -0.049819 -4.844634 0.136849
v -0.100567 0.095104 -0.038124
v -0.097867 -4.844634 0.104744
v -0.102010 0.095104 0.035850
v -0.129971 -4.844634 0.056696
v -0.036546 0.095104 0.103675
v 0.008092 0.095104 -0.102679
v 0.044668 0.095104 -0.095403
v 0.076979 0.095104 -0.070569
v 0.101142 0.095104 -0.032878
v 0.108777 0.095104 -0.001998
v 0.101623 0.095104 0.030514
v 0.079941 0.095104 0.070029
v 0.045168 0.095104 0.089344
v 0.006941 0.095104 0.096948
v -0.030232 0.095104 -0.092376
v -0.063767 0.095104 -0.069969
v -0.086086 0.095104 -0.033268
v -0.091456 0.095104 -0.001009
v -0.087404 0.095104 0.031134
v -0.063306 0.095104 0.067657
v -0.030661 0.095104 0.089469
v 0.007579 0.095104 -0.118157
v 0.051066 0.095104 -0.109507
v -0.141245 -4.844634 0.000020
v -0.129971 -4.844634 -0.056656
v -0.097867 -4.844634 -0.104704
v -0.049819 -4.844634 -0.136809
v 0.006857 -4.844634 0.148122
v 0.063534 -4.844634 0.136849
v 0.111581 -4.844634 0.104744
v 0.143686 -4.844634 0.056696
v -0.073412 0.095104 -0.081663
v 0.154960 -4.844634 0.000020
v 0.143686 -4.844634 -0.056656
v -0.106695 0.095104 -0.001310
v 0.111581 -4.844634 -0.104704
v 0.063534 -4.844634 -0.136809
v -0.073412 0.095104 0.079042
v 0.006857 -4.844634 -0.148082
v 0.008092 0.168187 -0.102679
v 0.044668 0.168187 -0.095403
v 0.076979 0.168187 -0.070569
v 0.101142 0.168187 -0.032878
v 0.108777 0.168187 -0.001998
v 0.101623 0.168187 0.030514
v 0.079941 0.168187 0.070029
v 0.045168 0.168187 0.089344
v 0.006941 0.168187 0.096948
v -0.030232 0.168187 -0.092376
v -0.063767 0.168187 -0.069969
v -0.086086 0.168187 -0.033268
v -0.091456 0.168187 -0.001009
v -0.087404 0.168187 0.031134
v -0.063306 0.168187 0.067657
v -0.030661 0.168187 0.089469
v 0.008192 0.193877 -0.115999
v 0.049611 0.193877 -0.107760
v 0.086200 0.193877 -0.079637
v 0.113563 0.193877 -0.036955
v 0.122209 0.193877 -0.001986
v 0.114108 0.193877 0.034831
v 0.089554 0.193877 0.079579
v 0.050177 0.193877 0.101451
v 0.006887 0.193877 0.110062
v -0.035208 0.193877 -0.104332
v -0.073183 0.193877 -0.078958
v -0.098458 0.193877 -0.037396
v -0.104539 0.193877 -0.000866
v -0.099950 0.193877 0.035533
v -0.072661 0.193877 0.076892
v -0.035694 0.193877 0.101592
v 0.008253 0.214208 -0.124233
v 0.052666 0.214208 -0.115399
v 0.091901 0.214208 -0.085243
v 0.121241 0.214208 -0.039476
v 0.130512 0.214208 -0.001979
v 0.121825 0.214208 0.037500
v 0.095496 0.214208 0.085482
v 0.053273 0.214208 0.108936
v 0.006854 0.214208 0.118169
v -0.038284 0.214208 -0.111723
v -0.079004 0.214208 -0.084515
v -0.106106 0.214208 -0.039949
v -0.112626 0.214208 -0.000778
v -0.107706 0.214208 0.038253
v -0.078444 0.214208 0.082601
v -0.038805 0.214208 0.109087
v 0.008305 0.233441 -0.131297
v 0.055287 0.233441 -0.121952
v 0.096791 0.233441 -0.090052
v 0.127828 0.233441 -0.041638
v 0.137635 0.233441 -0.001973
v 0.128446 0.233441 0.039789
v 0.100595 0.233441 0.090546
v 0.055930 0.233441 0.115356
v 0.006826 0.233441 0.125124
v -0.040923 0.233441 -0.118064
v -0.083998 0.233441 -0.089282
v -0.112667 0.233441 -0.042139
v -0.119565 0.233441 -0.000703
v -0.114360 0.233441 0.040586
v -0.083405 0.233441 0.087499
v -0.041474 0.233441 0.115516
v 0.008352 0.258237 -0.137581
v 0.057619 0.258237 -0.127781
v 0.101141 0.258237 -0.094330
v 0.133687 0.258237 -0.043561
v 0.143971 0.258237 -0.001967
v 0.134335 0.258237 0.041825
v 0.105130 0.258237 0.095051
v 0.058292 0.258237 0.121068
v 0.006801 0.258237 0.131310
v -0.043270 0.258237 -0.123704
v -0.088440 0.258237 -0.093522
v -0.118503 0.258237 -0.044086
v -0.125737 0.258237 -0.000635
v -0.120278 0.258237 0.042661
v -0.087819 0.258237 0.091855
v -0.043848 0.258237 0.121235
v 0.008343 0.286394 -0.136321
v 0.057151 0.286394 -0.126612
v 0.100269 0.286394 -0.093472
v 0.132512 0.286394 -0.043176
v 0.142701 0.286394 -0.001968
v 0.133154 0.286394 0.041417
v 0.104220 0.286394 0.094148
v 0.057819 0.286394 0.119922
v 0.006806 0.286394 0.130069
v -0.042799 0.286394 -0.122573
v -0.087549 0.286394 -0.092672
v -0.117333 0.286394 -0.043696
v -0.124499 0.286394 -0.000649
v -0.119091 0.286394 0.042245
v -0.086933 0.286394 0.090981
v -0.043372 0.286394 0.120089
v 0.006857 -0.387663 -0.193526
v 0.080924 -0.387663 -0.178793
v 0.143715 -0.387663 -0.136837
v 0.185670 -0.387663 -0.074047
v 0.200403 -0.387663 0.000020
v 0.185670 -0.387663 0.074087
v 0.143715 -0.387663 0.136878
v 0.080924 -0.387663 0.178833
v 0.006857 -0.387663 0.193566
v -0.067210 -0.387663 -0.178793
v -0.130000 -0.387663 -0.136837
v -0.171956 -0.387663 -0.074047
v -0.186689 -0.387663 0.000020
v -0.171956 -0.387663 0.074087
v -0.130000 -0.387663 0.136878
v -0.067210 -0.387663 0.178833
v 0.006857 -0.443449 -0.193526
v 0.080924 -0.443449 -0.178793
v 0.143715 -0.443449 -0.136837
v 0.185670 -0.443449 -0.074047
v 0.200403 -0.443449 0.000020
v 0.185670 -0.443449 0.074087
v 0.143715 -0.443449 0.136878
v 0.080924 -0.443449 0.178833
v 0.006857 -0.443449 0.193566
v -0.067210 -0.443449 -0.178793
v -0.130000 -0.443449 -0.136837
v -0.171956 -0.443449 -0.074047
v -0.186689 -0.443449 0.000020
v -0.171956 -0.443449 0.074087
v -0.130000 -0.443449 0.136878
v -0.067210 -0.443449 0.178833
v -0.183180 -0.415556 -0.078696
v -0.198837 -0.415556 0.000020
v 0.196894 -0.415556 0.078736
v 0.212551 -0.415556 0.000020
v -0.183180 -0.415556 0.078736
v 0.152305 -0.415556 0.145468
v -0.138591 -0.415556 0.145468
v 0.085573 -0.415556 0.190057
v -0.071859 -0.415556 0.190057
v 0.006857 -0.415556 0.205714
v 0.085573 -0.415556 -0.190017
v 0.006857 -0.415556 -0.205674
v -0.071859 -0.415556 -0.190017
v 0.152305 -0.415556 -0.145428
v -0.138591 -0.415556 -0.145428
v 0.196894 -0.415556 -0.078696
v 0.006857 -0.659469 -0.148082
v 0.063534 -0.659469 -0.136809
v 0.111581 -0.659469 -0.104704
v 0.143686 -0.659469 -0.056656
v 0.154960 -0.659469 0.000020
v 0.143686 -0.659469 0.056696
v 0.111581 -0.659469 0.104744
v 0.063534 -0.659469 0.136849
v 0.006857 -0.659469 0.148122
v -0.049819 -0.659469 -0.136809
v -0.097867 -0.659469 -0.104704
v -0.129971 -0.659469 -0.056656
v -0.141245 -0.659469 0.000020
v -0.129971 -0.659469 0.056696
v -0.097867 -0.659469 0.104744
v -0.049819 -0.659469 0.136849
v -0.178067 -0.551459 -0.076578
v -0.193303 -0.551459 0.000020
v 0.191781 -0.551459 0.076618
v 0.207017 -0.551459 0.000020
v -0.178067 -0.551459 0.076618
v 0.148392 -0.551459 0.141555
v -0.134677 -0.551459 0.141555
v 0.083455 -0.551459 0.184944
v -0.069741 -0.551459 0.184944
v 0.006857 -0.551459 0.200180
v 0.083455 -0.551459 -0.184904
v 0.006857 -0.551459 -0.200140
v -0.069741 -0.551459 -0.184904
v 0.148392 -0.551459 -0.141514
v -0.134677 -0.551459 -0.141514
v 0.191781 -0.551459 -0.076578
v -0.208202 -0.497454 0.000020
v 0.221917 -0.497454 0.000020
v -0.191832 -0.497454 0.082320
v -0.145213 -0.497454 0.152090
v -0.075443 -0.497454 0.198709
v 0.006857 -0.497454 -0.215039
v -0.075443 -0.497454 -0.198669
v -0.145213 -0.497454 -0.152050
v -0.191832 -0.497454 -0.082280
v 0.205546 -0.497454 0.082320
v 0.158927 -0.497454 0.152090
v 0.089157 -0.497454 0.198709
v 0.006857 -0.497454 0.215080
v 0.089157 -0.497454 -0.198669
v 0.158927 -0.497454 -0.152050
v 0.205546 -0.497454 -0.082280
v -0.156928 -0.605464 -0.067822
v 0.170642 -0.605464 0.067862
v 0.132213 -0.605464 0.125376
v 0.074699 -0.605464 0.163805
v 0.006857 -0.605464 0.177300
v 0.074699 -0.605464 -0.163765
v 0.132213 -0.605464 -0.125335
v 0.170642 -0.605464 -0.067822
v -0.170422 -0.605464 0.000020
v 0.184137 -0.605464 0.000020
v -0.156928 -0.605464 0.067862
v -0.118498 -0.605464 0.125376
v -0.060985 -0.605464 0.163805
v 0.006857 -0.605464 -0.177259
v -0.060985 -0.605464 -0.163765
v -0.118498 -0.605464 -0.125335
v 0.006857 -1.745658 -0.148082
v 0.063534 -1.745658 -0.136809
v 0.111581 -1.745658 -0.104704
v 0.143686 -1.745658 -0.056656
v 0.154960 -1.745658 0.000020
v 0.143686 -1.745658 0.056696
v 0.111581 -1.745658 0.104744
v 0.063534 -1.745658 0.136849
v 0.006857 -1.745658 0.148122
v -0.049819 -1.745658 -0.136809
v -0.097867 -1.745658 -0.104704
v -0.129971 -1.745658 -0.056656
v -0.141245 -1.745658 0.000020
v -0.129971 -1.745658 0.056696
v -0.097867 -1.745658 0.104744
v -0.049819 -1.745658 0.136849
v 0.122288 -0.748936 0.115451
v 0.122288 -0.819697 0.115451
v -0.143960 -0.819697 0.062491
v -0.143960 -0.748936 0.062491
v 0.157675 -0.748936 0.062491
v 0.157675 -0.819697 0.062491
v -0.156386 -0.819697 0.000020
v -0.156386 -0.748936 0.000020
v 0.157675 -0.819697 -0.062450
v 0.157675 -0.748936 -0.062450
v 0.170101 -0.748936 0.000020
v 0.170101 -0.819697 0.000020
v -0.143960 -0.819697 -0.062450
v -0.143960 -0.748936 -0.062450
v -0.108573 -0.748936 -0.115410
v -0.108573 -0.819697 -0.115410
v -0.097867 -0.819697 -0.104704
v -0.097867 -0.748936 -0.104704
v -0.129971 -0.748936 -0.056656
v -0.129971 -0.819697 -0.056656
v 0.154960 -0.819697 0.000020
v 0.154960 -0.748936 0.000020
v 0.143686 -0.748936 -0.056656
v 0.143686 -0.819697 -0.056656
v -0.141245 -0.748936 0.000020
v -0.141245 -0.819697 0.000020
v 0.143686 -0.819697 0.056696
v 0.143686 -0.748936 0.056696
v -0.129971 -0.748936 0.056696
v -0.129971 -0.819697 0.056696
v 0.111581 -0.819697 0.104744
v 0.111581 -0.748936 0.104744
v -0.097867 -0.748936 0.104744
v -0.097867 -0.819697 0.104744
v 0.063534 -0.819697 0.136849
v 0.063534 -0.748936 0.136849
v -0.049819 -0.748936 0.136849
v -0.049819 -0.819697 0.136849
v 0.006857 -0.819697 0.148122
v 0.006857 -0.748936 0.148122
v 0.063534 -0.819697 -0.136809
v 0.063534 -0.748936 -0.136809
v 0.006857 -0.748936 -0.148082
v 0.006857 -0.819697 -0.148082
v -0.049819 -0.748936 -0.136809
v -0.049819 -0.819697 -0.136809
v 0.111581 -0.819697 -0.104704
v 0.111581 -0.748936 -0.104704
v -0.108573 -0.748936 0.115451
v -0.108573 -0.819697 0.115451
v 0.069328 -0.819697 0.150837
v 0.069328 -0.748936 0.150837
v -0.055613 -0.748936 0.150837
v -0.055613 -0.819697 0.150837
v 0.006857 -0.819697 0.163264
v 0.006857 -0.748936 0.163264
v 0.069328 -0.819697 -0.150797
v 0.069328 -0.748936 -0.150797
v 0.006857 -0.748936 -0.163223
v 0.006857 -0.819697 -0.163223
v -0.055613 -0.748936 -0.150797
v -0.055613 -0.819697 -0.150797
v 0.122288 -0.819697 -0.115410
v 0.122288 -0.748936 -0.115410
v 0.006857 -1.931174 -0.166373
v 0.070533 -1.931174 -0.153707
v 0.124515 -1.931174 -0.117638
v 0.160584 -1.931174 -0.063656
v 0.173250 -1.931174 0.000020
v 0.160584 -1.931174 0.063696
v 0.124515 -1.931174 0.117678
v 0.070533 -1.931174 0.153747
v 0.006857 -1.931174 0.166413
v -0.056819 -1.931174 -0.153707
v -0.110800 -1.931174 -0.117638
v -0.146870 -1.931174 -0.063656
v -0.159536 -1.931174 0.000020
v -0.146870 -1.931174 0.063696
v -0.110800 -1.931174 0.117678
v -0.056819 -1.931174 0.153747
v 0.188833 -1.838416 -0.075357
v 0.146135 -1.838416 -0.139258
v -0.132421 -1.838416 -0.139258
v -0.175118 -1.838416 -0.075357
v 0.203826 -1.838416 0.000020
v -0.190112 -1.838416 0.000020
v 0.188833 -1.838416 0.075397
v -0.175118 -1.838416 0.075397
v 0.146135 -1.838416 0.139298
v -0.132421 -1.838416 0.139298
v 0.082234 -1.838416 0.181996
v -0.068520 -1.838416 0.181996
v 0.006857 -1.838416 0.196989
v 0.082234 -1.838416 -0.181956
v 0.006857 -1.838416 -0.196949
v -0.068520 -1.838416 -0.181956
v 0.155548 -1.792037 -0.148671
v -0.187417 -1.792037 -0.080451
v -0.203423 -1.792037 0.000020
v -0.187417 -1.792037 0.080491
v -0.141834 -1.792037 0.148711
v -0.073614 -1.792037 0.194294
v 0.006857 -1.792037 -0.210261
v -0.073614 -1.792037 -0.194254
v 0.201131 -1.792037 -0.080451
v -0.141834 -1.792037 -0.148671
v 0.217138 -1.792037 0.000020
v 0.201131 -1.792037 0.080491
v 0.155548 -1.792037 0.148711
v 0.087328 -1.792037 0.194294
v 0.006857 -1.792037 0.210301
v 0.087328 -1.792037 -0.194254
v 0.177234 -1.884795 -0.070552
v -0.123544 -1.884795 -0.130381
v 0.191272 -1.884795 0.000020
v 0.177234 -1.884795 0.070593
v 0.137258 -1.884795 0.130421
v 0.077430 -1.884795 0.170397
v 0.006857 -1.884795 0.184435
v 0.077430 -1.884795 -0.170357
v 0.137258 -1.884795 -0.130381
v -0.163520 -1.884795 -0.070552
v -0.177557 -1.884795 0.000020
v -0.163520 -1.884795 0.070593
v -0.123544 -1.884795 0.130421
v -0.063715 -1.884795 0.170397
v 0.006857 -1.884795 -0.184395
v -0.063715 -1.884795 -0.170357
v 0.002343 -1.930703 0.148054
v -0.053963 -1.930703 0.135058
v -0.101010 -1.930703 0.101504
v -0.131635 -1.930703 0.052500
v -0.141176 -1.930703 -0.004494
v -0.128181 -1.930703 -0.060800
v -0.094626 -1.930703 -0.107847
v -0.045622 -1.930703 -0.138472
v 0.011371 -1.930703 -0.148013
v 0.059337 -1.930703 0.138513
v 0.108341 -1.930703 0.107888
v 0.141895 -1.930703 0.060840
v 0.154891 -1.930703 0.004534
v 0.145350 -1.930703 -0.052459
v 0.114725 -1.930703 -0.101464
v 0.067678 -1.930703 -0.135018
v 0.006857 -3.020813 0.195246
v 0.006857 -2.952136 0.195246
v -0.067852 -2.952136 0.180385
v -0.067852 -3.020813 0.180385
v 0.081567 -3.020813 0.180385
v 0.081567 -2.952136 0.180385
v -0.131188 -2.952136 0.138066
v -0.131188 -3.020813 0.138066
v 0.187222 -2.952136 0.074730
v 0.187222 -3.020813 0.074730
v 0.144903 -3.020813 0.138066
v 0.144903 -2.952136 0.138066
v -0.173508 -2.952136 0.074730
v -0.173508 -3.020813 0.074730
v -0.188368 -3.020813 0.000020
v -0.188368 -2.952136 0.000020
v -0.141176 -2.952136 -0.004494
v 0.154960 -3.020813 0.000020
v -0.129971 -3.020813 -0.056656
v 0.141895 -2.952136 0.060840
v -0.131635 -2.952136 0.052499
v 0.143686 -3.020813 -0.056656
v -0.097867 -3.020813 -0.104704
v 0.108341 -2.952136 0.107887
v -0.101010 -2.952136 0.101503
v 0.111581 -3.020813 -0.104704
v -0.049819 -3.020813 -0.136809
v 0.059337 -2.952136 0.138512
v -0.053963 -2.952136 0.135057
v 0.063534 -3.020813 -0.136809
v 0.006857 -3.020813 -0.148082
v 0.002343 -2.952136 0.148053
v 0.011371 -2.952136 -0.148014
v 0.006857 -3.020813 0.148122
v -0.049819 -3.020813 0.136849
v 0.067678 -2.952136 -0.135018
v -0.045622 -2.952136 -0.138473
v 0.063534 -3.020813 0.136849
v -0.097867 -3.020813 0.104744
v 0.114725 -2.952136 -0.101464
v -0.094626 -2.952136 -0.107848
v 0.111581 -3.020813 0.104744
v 0.143686 -3.020813 0.056696
v -0.128181 -2.952136 -0.060801
v 0.154891 -2.952136 0.004534
v -0.141245 -3.020813 0.000020
v -0.129971 -3.020813 0.056696
v 0.145350 -2.952136 -0.052460
v 0.081567 -2.952136 -0.180345
v 0.081567 -3.020813 -0.180345
v 0.006857 -3.020813 -0.195206
v 0.006857 -2.952136 -0.195206
v -0.067852 -3.020813 -0.180345
v -0.067852 -2.952136 -0.180345
v 0.144903 -2.952136 -0.138025
v 0.144903 -3.020813 -0.138025
v -0.131188 -3.020813 -0.138025
v -0.131188 -2.952136 -0.138025
v 0.187222 -2.952136 -0.074690
v 0.187222 -3.020813 -0.074690
v -0.173508 -3.020813 -0.074690
v -0.173508 -2.952136 -0.074690
v 0.202083 -2.952136 0.000020
v 0.202083 -3.020813 0.000020
v -0.182980 -2.986474 -0.078613
v -0.138438 -2.986474 -0.145275
v -0.071776 -2.986474 -0.189817
v 0.006857 -2.986474 -0.205459
v -0.071776 -2.986474 0.189858
v -0.138438 -2.986474 0.145316
v 0.196695 -2.986474 0.078653
v 0.152153 -2.986474 0.145316
v 0.196695 -2.986474 -0.078613
v 0.152153 -2.986474 -0.145275
v 0.006857 -2.986474 0.205499
v 0.085491 -2.986474 0.189858
v -0.198622 -2.986474 0.000020
v -0.182980 -2.986474 0.078653
v 0.085491 -2.986474 -0.189817
v 0.212336 -2.986474 0.000020
v 0.006857 -4.770183 -0.185801
v 0.006857 -4.625664 -0.185801
v -0.124538 -4.625664 -0.131376
v -0.124538 -4.770183 -0.131376
v -0.064254 -4.770183 -0.171657
v -0.064254 -4.625664 -0.171657
v -0.178964 -4.625664 0.000020
v -0.178964 -4.770183 0.000020
v -0.164820 -4.770183 -0.071091
v -0.164820 -4.625664 -0.071091
v 0.178534 -4.770183 0.071131
v 0.178534 -4.625664 0.071131
v 0.178534 -4.625664 -0.071091
v 0.178534 -4.770183 -0.071091
v 0.192679 -4.770183 0.000020
v 0.192679 -4.625664 0.000020
v 0.143686 -4.779335 -0.056656
v 0.143686 -4.616511 -0.056656
v 0.154960 -4.616511 0.000020
v 0.154960 -4.779335 0.000020
v 0.143686 -4.616511 0.056696
v 0.143686 -4.779335 0.056696
v -0.141245 -4.779335 0.000020
v -0.141245 -4.616511 0.000020
v -0.129971 -4.616511 -0.056656
v -0.129971 -4.779335 -0.056656
v -0.097867 -4.779335 -0.104704
v -0.097867 -4.616511 -0.104704
v 0.111581 -4.616511 -0.104704
v 0.111581 -4.779335 -0.104704
v -0.049819 -4.616511 -0.136809
v -0.049819 -4.779335 -0.136809
v 0.063534 -4.616511 -0.136809
v 0.063534 -4.779335 -0.136809
v 0.006857 -4.616511 -0.148082
v 0.006857 -4.779335 -0.148082
v 0.063534 -4.779335 0.136849
v 0.063534 -4.616511 0.136849
v 0.006857 -4.616511 0.148122
v 0.006857 -4.779335 0.148122
v -0.049819 -4.616511 0.136849
v -0.049819 -4.779335 0.136849
v -0.097867 -4.616511 0.104744
v -0.097867 -4.779335 0.104744
v 0.111581 -4.616511 0.104744
v 0.111581 -4.779335 0.104744
v -0.129971 -4.616511 0.056696
v -0.129971 -4.779335 0.056696
v 0.006857 -4.625664 0.185842
v 0.006857 -4.770183 0.185842
v 0.077968 -4.770183 0.171697
v 0.077968 -4.625664 0.171697
v -0.064254 -4.625664 0.171697
v -0.064254 -4.770183 0.171697
v -0.124538 -4.625664 0.131416
v -0.124538 -4.770183 0.131416
v -0.164820 -4.625664 0.071131
v -0.164820 -4.770183 0.071131
v 0.138253 -4.625664 0.131416
v 0.138253 -4.770183 0.131416
v 0.077968 -4.625664 -0.171657
v 0.077968 -4.770183 -0.171657
v 0.138253 -4.625664 -0.131376
v 0.138253 -4.770183 -0.131376
v 0.154897 -4.670786 0.148059
v 0.154897 -4.725061 0.148059
v 0.006857 -4.670786 0.209379
v 0.006857 -4.725061 0.209379
v -0.202502 -4.725061 0.000020
v -0.202502 -4.670786 0.000020
v 0.086976 -4.725061 0.193443
v 0.086976 -4.670786 0.193443
v 0.006857 -4.670786 -0.209339
v 0.006857 -4.725061 -0.209339
v -0.073261 -4.670786 -0.193402
v -0.073261 -4.725061 -0.193402
v 0.200280 -4.725061 -0.080098
v 0.200280 -4.670786 -0.080098
v 0.216216 -4.670786 0.000020
v 0.216216 -4.725061 0.000020
v 0.154897 -4.670786 -0.148019
v 0.154897 -4.725061 -0.148019
v -0.186565 -4.670786 0.080138
v -0.186565 -4.725061 0.080138
v -0.073261 -4.670786 0.193443
v -0.073261 -4.725061 0.193443
v -0.186565 -4.670786 -0.080098
v -0.186565 -4.725061 -0.080098
v 0.200280 -4.670786 0.080138
v 0.200280 -4.725061 0.080138
v 0.086976 -4.670786 -0.193402
v 0.086976 -4.725061 -0.193402
v -0.141182 -4.725061 -0.148019
v -0.141182 -4.670786 -0.148019
v -0.141182 -4.670786 0.148059
v -0.141182 -4.725061 0.148059
v -0.066812 -4.844634 0.154760
v -0.129266 -4.844634 0.118453
v -0.170997 -4.844634 0.064115
v -0.185650 -4.844634 0.000020
v -0.170997 -4.844634 -0.064075
v -0.129266 -4.844634 -0.118413
v -0.066812 -4.844634 -0.154720
v 0.006857 -4.844634 0.167509
v 0.080527 -4.844634 0.154760
v 0.142981 -4.844634 0.118453
v 0.184711 -4.844634 0.064115
v 0.199365 -4.844634 0.000020
v 0.184711 -4.844634 -0.064075
v 0.142981 -4.844634 -0.118413
v 0.080527 -4.844634 -0.154720
v 0.006857 -4.844634 -0.167469
v 0.103890 -5.263319 -0.081492
v -0.090176 -5.263319 0.081532
v -0.119941 -5.263231 0.044147
v -0.130397 -5.263195 0.000020
v -0.119941 -5.263231 -0.044106
v -0.090134 -5.263306 -0.081421
v 0.103848 -5.263306 0.081462
v 0.133655 -5.263231 0.044147
v 0.144111 -5.263195 0.000020
v 0.133655 -5.263231 -0.044106
v 0.137284 -4.990973 -0.116788
v 0.142981 -4.929027 -0.118413
v 0.080527 -4.929027 -0.154720
v 0.006857 -4.929027 -0.167469
v -0.066812 -4.929027 -0.154720
v -0.066812 -4.929027 0.154760
v 0.006857 -4.929027 0.167509
v 0.080527 -4.929027 0.154760
v -0.123567 -4.990879 0.116807
v -0.129266 -4.929027 0.118453
v 0.142981 -4.929027 0.118453
v 0.137426 -4.991019 0.117173
v -0.163265 -4.991216 0.062973
v -0.170997 -4.929027 0.064115
v 0.184711 -4.929027 0.064115
v 0.176968 -4.991307 0.062971
v -0.177246 -4.991346 0.000020
v -0.185650 -4.929027 0.000020
v 0.199365 -4.929027 0.000020
v 0.190948 -4.991437 0.000020
v -0.163265 -4.991216 -0.062932
v -0.170997 -4.929027 -0.064075
v 0.184711 -4.929027 -0.064075
v 0.176968 -4.991307 -0.062931
v -0.123707 -4.990923 -0.117103
v -0.129266 -4.929027 -0.118413
v -0.038301 -5.331082 0.092775
v -0.018841 -5.406812 0.018887
v -0.033137 -5.374103 0.072879
v -0.025706 -5.401183 0.044689
v -0.076629 -5.330810 0.071083
v -0.066756 -5.373876 0.055366
v -0.051780 -5.401125 0.031953
v -0.102283 -5.330530 0.038519
v -0.029547 -5.406812 0.000020
v -0.088737 -5.373641 0.029628
v -0.068143 -5.401057 0.000020
v -0.111303 -5.330411 0.000020
v 0.125012 -5.135960 -0.093903
v -0.096236 -5.373543 0.000020
v -0.102283 -5.330530 -0.038479
v -0.088737 -5.373641 -0.029587
v -0.076495 -5.330768 -0.070818
v -0.066756 -5.373876 -0.055326
v -0.051780 -5.401125 -0.031912
v -0.038633 -5.331185 -0.093290
v -0.018841 -5.406812 -0.018847
v -0.033137 -5.374103 -0.072839
v -0.025706 -5.401183 -0.044648
v 0.032555 -5.406812 0.018887
v 0.052348 -5.331186 0.093332
v 0.039420 -5.401183 0.044689
v 0.046851 -5.374103 0.072879
v 0.090209 -5.330768 0.070859
v 0.065494 -5.401125 0.031953
v 0.080470 -5.373876 0.055366
v 0.043261 -5.406812 0.000020
v 0.115997 -5.330530 0.038519
v 0.081857 -5.401057 0.000020
v 0.102451 -5.373641 0.029628
v 0.125017 -5.330411 0.000020
v 0.109950 -5.373543 0.000020
v 0.115997 -5.330530 -0.038479
v 0.102451 -5.373641 -0.029587
v 0.090343 -5.330810 -0.071043
v 0.065494 -5.401125 -0.031912
v 0.080470 -5.373876 -0.055326
v 0.032555 -5.406812 -0.018847
v 0.052015 -5.331082 -0.092734
v 0.039420 -5.401183 -0.044648
v 0.046851 -5.374103 -0.072839
v 0.160572 -5.136049 -0.050213
v -0.110979 -5.135872 -0.093204
v -0.111296 -5.135959 0.093937
v 0.124695 -5.135873 0.093250
v -0.146857 -5.136049 0.050253
v 0.160572 -5.136049 0.050253
v -0.159501 -5.136126 0.000020
v 0.173215 -5.136126 0.000020
v -0.146857 -5.136049 -0.050213
v -0.118852 -5.038400 -0.109571
v -0.118843 -5.038407 0.109630
v -0.171360 -5.038999 0.000020
v -0.157825 -5.038877 0.059767
v -0.157825 -5.038877 -0.059726
v 0.132557 -5.038527 -0.109596
v 0.132567 -5.038520 0.109621
v 0.185060 -5.039116 0.000020
v 0.171526 -5.038995 0.059759
v 0.171526 -5.038995 -0.059719
v 0.006861 -4.987226 -0.157952
v 0.006858 -4.994965 -0.152657
v 0.006854 -4.987226 0.157992
v 0.006856 -4.994965 0.152698
v 0.070434 -4.987975 0.146544
v 0.068535 -4.996017 0.141833
v 0.059620 -5.306861 -0.094858
v 0.056901 -5.299150 -0.094392
v 0.038828 -5.312527 -0.098938
v 0.037361 -5.304857 -0.096895
v -0.110569 -5.053252 0.110435
v -0.100727 -5.053142 0.108137
v -0.091442 -5.012713 0.126934
v -0.084722 -5.017182 0.124458
v 0.059167 -5.306176 0.096337
v 0.056886 -5.299003 0.094968
v 0.038847 -5.312545 0.099150
v 0.037374 -5.304867 0.097052
v -0.103210 -5.135820 0.097588
v -0.094831 -5.135682 0.098176
v 0.103744 -5.233485 0.089531
v 0.095438 -5.232837 0.090369
v 0.090829 -5.279882 0.084882
v 0.083175 -5.276362 0.085778
v 0.105097 -5.012551 0.126680
v 0.098390 -5.017118 0.124410
v -0.045907 -5.306861 0.094898
v -0.043187 -5.299150 0.094432
v 0.116631 -5.135779 0.096730
v 0.108345 -5.135641 0.097680
v 0.124006 -5.053242 0.110309
v 0.114403 -5.053140 0.108273
v -0.025113 -5.312527 0.098978
v -0.023646 -5.304857 0.096935
v -0.091381 -5.012550 -0.126635
v -0.084680 -5.017118 -0.124378
v -0.077117 -5.279882 -0.084845
v -0.069461 -5.276362 -0.085738
v -0.090030 -5.233485 -0.089491
v -0.081724 -5.232837 -0.090329
v -0.045453 -5.306176 -0.096297
v -0.043172 -5.299003 -0.094928
v -0.102918 -5.135779 -0.096693
v -0.094630 -5.135641 -0.097639
v -0.110288 -5.053206 -0.110256
v -0.100688 -5.053131 -0.108233
v 0.090632 -5.279825 -0.084342
v 0.083118 -5.276349 -0.085483
v 0.103748 -5.233463 -0.089540
v 0.095439 -5.232832 -0.090347
v -0.056715 -4.988491 0.147232
v -0.054794 -4.996171 0.141861
v -0.056732 -4.987978 -0.146530
v -0.054820 -4.996017 -0.141793
v 0.070418 -4.988488 -0.147168
v 0.068508 -4.996171 -0.141821
v -0.025133 -5.312545 -0.099110
v -0.023660 -5.304867 -0.097011
v -0.090034 -5.233463 0.089580
v -0.081725 -5.232832 0.090388
v 0.124294 -5.053287 -0.110402
v 0.114445 -5.053152 -0.108097
v 0.116925 -5.135819 -0.097546
v 0.108545 -5.135682 -0.098135
v -0.076918 -5.279825 0.084382
v -0.069404 -5.276349 0.085523
v 0.105157 -5.012716 -0.126896
v 0.098432 -5.017182 -0.124409
v 0.006857 -1.762089 -0.212988
v 0.006857 -1.745658 -0.193749
v 0.081010 -1.745658 -0.178999
v 0.088372 -1.762089 -0.196774
v 0.143873 -1.745658 -0.136995
v 0.157477 -1.762089 -0.150599
v 0.185877 -1.745658 -0.074132
v 0.203651 -1.762089 -0.081495
v 0.200626 -1.745658 0.000020
v 0.219866 -1.762089 0.000020
v 0.185877 -1.745658 0.074172
v 0.203651 -1.762089 0.081535
v 0.143873 -1.745658 0.137036
v 0.157477 -1.762089 0.150640
v 0.081010 -1.745658 0.179039
v 0.088372 -1.762089 0.196814
v 0.006857 -1.762089 0.213028
v 0.006857 -1.745658 0.193789
v -0.074657 -1.762089 -0.196774
v -0.067295 -1.745658 -0.178999
v -0.143762 -1.762089 -0.150599
v -0.130158 -1.745658 -0.136995
v -0.189937 -1.762089 -0.081495
v -0.172162 -1.745658 -0.074132
v -0.206151 -1.762089 0.000020
v -0.186912 -1.745658 0.000020
v -0.189937 -1.762089 0.081535
v -0.172162 -1.745658 0.074172
v -0.143762 -1.762089 0.150640
v -0.130158 -1.745658 0.137036
v -0.067295 -1.745658 0.179039
v -0.074657 -1.762089 0.196814
v 0.006953 -5.410468 0.000135
v 0.006857 -0.443449 -0.210848
v 0.006857 -0.452949 -0.221506
v 0.087553 -0.443449 -0.194797
v 0.091631 -0.452949 -0.204643
v 0.155964 -0.443449 -0.149086
v 0.163499 -0.452949 -0.156622
v 0.201674 -0.443449 -0.080676
v 0.211520 -0.452949 -0.084754
v 0.217726 -0.443449 0.000020
v 0.228383 -0.452949 0.000020
v 0.201674 -0.443449 0.080716
v 0.211520 -0.452949 0.084794
v 0.155964 -0.443449 0.149127
v 0.163499 -0.452949 0.156662
v 0.087553 -0.443449 0.194837
v 0.091631 -0.452949 0.204683
v 0.006857 -0.452949 0.221546
v 0.006857 -0.443449 0.210889
v -0.077917 -0.452949 -0.204643
v -0.073839 -0.443449 -0.194797
v -0.149785 -0.452949 -0.156622
v -0.142249 -0.443449 -0.149086
v -0.197806 -0.452949 -0.084754
v -0.187960 -0.443449 -0.080676
v -0.214668 -0.452949 0.000020
v -0.204011 -0.443449 0.000020
v -0.197806 -0.452949 0.084794
v -0.187960 -0.443449 0.080716
v -0.149785 -0.452949 0.156662
v -0.142249 -0.443449 0.149127
v -0.073839 -0.443449 0.194837
v -0.077917 -0.452949 0.204683
v -0.060655 -0.061992 0.162440
v 0.006847 -0.061979 0.175827
v 0.074372 -0.061992 0.162453
v -0.060587 -0.062014 -0.163264
v 0.006857 -0.062016 -0.176650
v 0.074301 -0.062014 -0.163264
v 0.189801 -1.672247 0.000020
v 0.175875 -1.672247 0.070030
v 0.136217 -1.672247 0.129381
v 0.076866 -1.672247 0.169038
v 0.006857 -1.672247 0.182964
v -0.122504 -1.672247 0.129381
v -0.063153 -1.672247 0.169038
v 0.189801 -1.743501 0.000020
v 0.175875 -1.743501 0.070030
v 0.136217 -1.743501 0.129381
v -0.122504 -1.743501 0.129381
v 0.076866 -1.743501 0.169038
v -0.063153 -1.743501 0.169038
v 0.006857 -1.743501 0.182964
v -0.211640 -1.743501 0.053367
v -0.211640 -1.672247 0.053367
v 0.149258 -1.672247 0.000020
v 0.107641 -1.672247 0.100494
v 0.007167 -1.672247 0.142112
v -0.134925 -1.672247 0.000020
v -0.093307 -1.672247 0.100494
v 0.149550 -1.743501 0.000020
v -0.135216 -1.743501 0.000020
v 0.107847 -1.743501 0.100700
v -0.093513 -1.743501 0.100700
v 0.007167 -1.743501 0.142403
v 0.194033 -0.729927 0.000020
v 0.185082 -0.729927 0.033540
v 0.136217 -0.736427 0.129381
v 0.076866 -0.736427 0.169038
v 0.006857 -0.736427 0.182964
v -0.122504 -0.736427 0.129381
v -0.063153 -0.736427 0.169038
v 0.189801 -0.665173 0.000020
v 0.185082 -0.671673 0.033540
v 0.136217 -0.665173 0.129381
v -0.122504 -0.665173 0.129381
v 0.076866 -0.665173 0.169038
v -0.063153 -0.665173 0.169038
v 0.006857 -0.665173 0.182964
v -0.211640 -0.665173 0.053367
v -0.211640 -0.736427 0.053367
v 0.149258 -0.736427 0.000020
v 0.107641 -0.736427 0.100494
v 0.007167 -0.736427 0.142112
v -0.134925 -0.736427 0.000020
v -0.093307 -0.736427 0.100494
v 0.149550 -0.665173 0.000020
v -0.135216 -0.665173 0.000020
v 0.107847 -0.665173 0.100700
v -0.093513 -0.665173 0.100700
v 0.007167 -0.665173 0.142403
v -0.350993 -1.672247 0.053367
v -0.429316 -1.608803 0.053367
v -0.390154 -1.663747 0.053367
v -0.418823 -1.640525 0.053367
v -0.516489 -1.646644 0.053367
v -0.396917 -1.743501 0.053367
v -0.500469 -1.695073 0.053367
v -0.456703 -1.730525 0.053367
v -0.429316 -0.811193 0.053367
v -0.337016 -0.736427 0.053367
v -0.416950 -0.773810 0.053367
v -0.383166 -0.746444 0.053367
v 0.189801 -0.736427 0.000020
v 0.175875 -0.736427 0.070030
v 0.175875 -0.665173 0.070030
v 0.194033 -0.671673 0.000020
v 0.225046 -0.729927 0.033540
v 0.225046 -0.671673 0.033540
v 0.252021 -0.722787 0.033540
v 0.231863 -0.666396 0.033540
v 0.286163 -0.701110 0.033540
v 0.279344 -0.641100 0.000020
v 0.302492 -0.668018 0.033540
v 0.302745 -0.658739 0.033540
v 0.297331 -0.650126 0.033540
v 0.245488 -0.646561 0.033540
v 0.260111 -0.635891 0.033540
v 0.250778 -0.639130 0.033540
v -0.330516 -0.665173 0.053367
v -0.516489 -0.819223 0.053367
v -0.387985 -0.672713 0.053367
v -0.507387 -0.771619 0.053367
v -0.578785 -0.687254 0.053367
v -0.564362 -0.637463 0.053367
v -0.503086 -0.590583 0.053367
v -0.457908 -0.585509 0.053367
v -0.484468 -0.586827 0.053367
v -0.574115 -0.660952 0.053367
v -0.542567 -0.753634 0.053367
v -0.576164 -0.711593 0.053367
v -0.563030 -0.735891 0.053367
v -0.398681 -0.633215 0.053367
v -0.433768 -0.592537 0.053367
v -0.411936 -0.610303 0.053367
v -0.532374 -0.664567 0.053367
v -0.516466 -0.703573 0.053367
v -0.529646 -0.686201 0.053367
v -0.451634 -0.654387 0.053367
v -0.484913 -0.628560 0.053367
v -0.464813 -0.637015 0.053367
v -0.548629 -0.617828 0.053367
v -0.530872 -0.602860 0.053367
v -0.506547 -0.631288 0.053367
v -0.523919 -0.644468 0.053367
v -0.393333 -0.652964 0.053367
v -0.524977 -0.762627 0.053367
v -0.496367 -0.712028 0.053367
v -0.448906 -0.676021 0.053367
v -0.474733 -0.709300 0.053367
v -0.457361 -0.696121 0.053367
v 0.175875 -1.672247 -0.069989
v 0.136217 -1.672247 -0.129341
v 0.076866 -1.672247 -0.168998
v 0.006857 -1.672247 -0.182924
v -0.122504 -1.672247 -0.129341
v -0.063153 -1.672247 -0.168998
v 0.175875 -1.743501 -0.069989
v 0.136217 -1.743501 -0.129341
v -0.122504 -1.743501 -0.129341
v 0.076866 -1.743501 -0.168998
v -0.063153 -1.743501 -0.168998
v 0.006857 -1.743501 -0.182924
v -0.211640 -1.743501 -0.053327
v -0.211640 -1.672247 -0.053327
v 0.107641 -1.672247 -0.100454
v 0.007167 -1.672247 -0.142072
v -0.093307 -1.672247 -0.100454
v 0.107847 -1.743501 -0.100660
v -0.093513 -1.743501 -0.100660
v 0.007167 -1.743501 -0.142363
v 0.185082 -0.729927 -0.033499
v 0.136217 -0.736427 -0.129341
v 0.076866 -0.736427 -0.168998
v 0.006857 -0.736427 -0.182924
v -0.122504 -0.736427 -0.129341
v -0.063153 -0.736427 -0.168998
v 0.185082 -0.671673 -0.033499
v 0.136217 -0.665173 -0.129341
v -0.122504 -0.665173 -0.129341
v 0.076866 -0.665173 -0.168998
v -0.063153 -0.665173 -0.168998
v 0.006857 -0.665173 -0.182924
v -0.211640 -0.665173 -0.053327
v -0.211640 -0.736427 -0.053327
v 0.107641 -0.736427 -0.100454
v 0.007167 -0.736427 -0.142072
v -0.093307 -0.736427 -0.100454
v 0.107847 -0.665173 -0.100660
v -0.093513 -0.665173 -0.100660
v 0.007167 -0.665173 -0.142363
v -0.350993 -1.672247 -0.053327
v -0.429316 -1.608803 -0.053327
v -0.390154 -1.663747 -0.053327
v -0.418823 -1.640525 -0.053327
v -0.516489 -1.646644 -0.053327
v -0.396917 -1.743501 -0.053327
v -0.500469 -1.695073 -0.053327
v -0.456703 -1.730525 -0.053327
v -0.429316 -0.811193 -0.053327
v -0.337016 -0.736427 -0.053327
v -0.416950 -0.773810 -0.053327
v -0.383166 -0.746444 -0.053327
v 0.175875 -0.736427 -0.069989
v 0.175875 -0.665173 -0.069989
v 0.225046 -0.729927 -0.033499
v 0.225046 -0.671673 -0.033499
v 0.252021 -0.722787 -0.033499
v 0.231863 -0.666396 -0.033499
v 0.286163 -0.701110 -0.033499
v 0.302492 -0.668018 -0.033499
v 0.302745 -0.658739 -0.033499
v 0.297331 -0.650126 -0.033499
v 0.245488 -0.646561 -0.033499
v 0.260111 -0.635891 -0.033499
v 0.250778 -0.639130 -0.033499
v -0.330516 -0.665173 -0.053327
v -0.516489 -0.819223 -0.053327
v -0.387985 -0.672713 -0.053327
v -0.507387 -0.771619 -0.053327
v -0.578785 -0.687254 -0.053327
v -0.564362 -0.637463 -0.053327
v -0.503086 -0.590583 -0.053327
v -0.457908 -0.585509 -0.053327
v -0.484468 -0.586827 -0.053327
v -0.574115 -0.660952 -0.053327
v -0.542567 -0.753634 -0.053327
v -0.576164 -0.711593 -0.053327
v -0.563030 -0.735891 -0.053327
v -0.398681 -0.633215 -0.053327
v -0.433768 -0.592537 -0.053327
v -0.411936 -0.610303 -0.053327
v -0.532374 -0.664567 -0.053327
v -0.516466 -0.703573 -0.053327
v -0.529646 -0.686201 -0.053327
v -0.451634 -0.654387 -0.053327
v -0.484913 -0.628560 -0.053327
v -0.464813 -0.637015 -0.053327
v -0.548629 -0.617828 -0.053327
v -0.530872 -0.602860 -0.053327
v -0.506547 -0.631288 -0.053327
v -0.523919 -0.644468 -0.053327
v -0.393333 -0.652964 -0.053327
v -0.524977 -0.762627 -0.053327
v -0.496367 -0.712028 -0.053327
v -0.448906 -0.676021 -0.053327
v -0.474733 -0.709300 -0.053327
v -0.457361 -0.696121 -0.053327
v 0.191999 -0.729004 -0.027259
v 0.191999 -0.729004 0.027299
v 0.214088 -0.729004 -0.027259
v 0.214088 -0.729004 0.027299
v 0.205273 -0.763668 -0.034106
v 0.205273 -0.763668 0.034147
v 0.207922 -0.771716 -0.034106
v 0.207922 -0.771716 0.034146
v 0.206526 -0.780074 -0.034106
v 0.206526 -0.780074 0.034146
v 0.201407 -0.786825 -0.034106
v 0.201407 -0.786825 0.034146
v 0.193737 -0.790425 -0.034106
v 0.193737 -0.790425 0.034146
v 0.185272 -0.790047 -0.034106
v 0.185272 -0.790047 0.034146
v 0.177953 -0.785779 -0.034106
v 0.177952 -0.785779 0.034146
v 0.173455 -0.778598 -0.034106
v 0.173455 -0.778598 0.034146
v 0.172810 -0.770150 -0.034106
v 0.172810 -0.770150 0.034146
v 0.144963 -0.729004 -0.027259
v 0.144963 -0.729004 0.027299
v 0.167052 -0.729004 -0.027259
v 0.167052 -0.729004 0.027299
v 0.191060 -0.755380 -0.034106
v 0.199188 -0.757772 -0.034106
v 0.199188 -0.757772 0.034147
v 0.191060 -0.755380 0.034147
v 0.234749 -0.743319 -0.027259
v 0.234749 -0.743319 0.027299
v 0.243860 -0.767343 -0.027259
v 0.243860 -0.767343 0.027299
v 0.240763 -0.792849 -0.027259
v 0.240763 -0.792849 0.027299
v 0.226167 -0.813995 -0.027259
v 0.226167 -0.813995 0.027299
v 0.203417 -0.825935 -0.027259
v 0.203417 -0.825935 0.027299
v 0.177723 -0.825935 -0.027259
v 0.177723 -0.825935 0.027299
v 0.154973 -0.813995 -0.027259
v 0.154973 -0.813995 0.027299
v 0.140377 -0.792849 -0.027259
v 0.140377 -0.792849 0.027299
v 0.137280 -0.767343 -0.027259
v 0.137280 -0.767343 0.027299
v 0.182751 -0.757039 -0.034106
v 0.176164 -0.762369 -0.034106
v 0.176164 -0.762369 0.034147
v 0.182751 -0.757039 0.034147
v 0.191797 -0.738859 -0.034106
v 0.207518 -0.743487 -0.034106
v 0.207518 -0.743487 0.034147
v 0.191797 -0.738859 0.034147
v 0.162987 -0.752378 -0.034106
v 0.175726 -0.742068 -0.034106
v 0.175726 -0.742068 0.034147
v 0.162987 -0.752378 0.034147
v 0.219288 -0.754890 -0.034106
v 0.219288 -0.754890 0.034147
v 0.224411 -0.770457 -0.034106
v 0.224411 -0.770457 0.034146
v 0.221712 -0.786621 -0.034106
v 0.221712 -0.786621 0.034146
v 0.211810 -0.799680 -0.034106
v 0.211811 -0.799680 0.034146
v 0.196974 -0.806642 -0.034106
v 0.196974 -0.806642 0.034146
v 0.180603 -0.805911 -0.034106
v 0.180603 -0.805911 0.034146
v 0.166446 -0.797656 -0.034106
v 0.166446 -0.797656 0.034146
v 0.157746 -0.783767 -0.034106
v 0.157746 -0.783767 0.034146
v 0.156498 -0.767427 -0.034106
v 0.156498 -0.767427 0.034147
v 0.197229 -0.764130 -0.030404
v 0.197229 -0.764130 0.030445
v 0.187819 -0.762725 -0.030404
v 0.187819 -0.762725 0.030445
v 0.201998 -0.772363 -0.030404
v 0.201998 -0.772363 0.030445
v 0.198535 -0.781224 -0.030404
v 0.198535 -0.781224 0.030445
v 0.189448 -0.784041 -0.030404
v 0.189448 -0.784041 0.030445
v 0.181579 -0.778693 -0.030404
v 0.181579 -0.778693 0.030445
v 0.180854 -0.769207 -0.030404
v 0.180854 -0.769207 0.030445
v 0.190974 -0.757298 -0.030404
v 0.198221 -0.759431 -0.030404
v 0.198221 -0.759431 0.030445
v 0.190974 -0.757298 0.030445
v 0.177694 -0.763529 -0.030404
v 0.183566 -0.758777 -0.030404
v 0.183566 -0.758777 0.030445
v 0.177694 -0.763529 0.030445
v 0.203646 -0.764687 -0.030404
v 0.203646 -0.764687 0.030445
v 0.206007 -0.771863 -0.030404
v 0.206007 -0.771863 0.030445
v 0.204763 -0.779314 -0.030404
v 0.204763 -0.779314 0.030445
v 0.200199 -0.785333 -0.030404
v 0.200199 -0.785333 0.030445
v 0.193361 -0.788542 -0.030404
v 0.193361 -0.788542 0.030445
v 0.185814 -0.788205 -0.030404
v 0.185814 -0.788205 0.030445
v 0.179289 -0.784400 -0.030404
v 0.179289 -0.784400 0.030445
v 0.175279 -0.777998 -0.030404
v 0.175279 -0.777998 0.030445
v 0.174704 -0.770466 -0.030404
v 0.174704 -0.770466 0.030445
v 0.197229 -0.764130 -0.039639
v 0.197229 -0.764130 0.039679
v 0.187819 -0.762725 -0.039639
v 0.187819 -0.762725 0.039679
v 0.201998 -0.772363 -0.039639
v 0.201998 -0.772363 0.039679
v 0.198535 -0.781224 -0.039639
v 0.198535 -0.781224 0.039679
v 0.189448 -0.784041 -0.039639
v 0.189448 -0.784041 0.039679
v 0.181579 -0.778693 -0.039639
v 0.181579 -0.778693 0.039679
v 0.180854 -0.769207 -0.039639
v 0.180854 -0.769207 0.039679
v 0.191065 -0.773197 0.039679
v 0.191065 -0.773197 -0.039639
v -0.178165 -0.729004 -0.027259
v -0.178165 -0.729004 0.027299
v -0.200254 -0.729004 -0.027259
v -0.200254 -0.729004 0.027299
v -0.191439 -0.763668 -0.034106
v -0.191439 -0.763668 0.034147
v -0.194088 -0.771716 -0.034106
v -0.194088 -0.771716 0.034146
v -0.192692 -0.780074 -0.034106
v -0.192692 -0.780074 0.034146
v -0.187573 -0.786825 -0.034106
v -0.187573 -0.786825 0.034146
v -0.179903 -0.790425 -0.034106
v -0.179903 -0.790425 0.034146
v -0.171438 -0.790047 -0.034106
v -0.171438 -0.790047 0.034146
v -0.164119 -0.785779 -0.034106
v -0.164119 -0.785779 0.034146
v -0.159621 -0.778598 -0.034106
v -0.159621 -0.778598 0.034146
v -0.158976 -0.770150 -0.034106
v -0.158976 -0.770150 0.034146
v -0.131129 -0.729004 -0.027259
v -0.131129 -0.729004 0.027299
v -0.153218 -0.729004 -0.027259
v -0.153218 -0.729004 0.027299
v -0.177226 -0.755380 -0.034106
v -0.185354 -0.757772 -0.034106
v -0.185354 -0.757772 0.034147
v -0.177226 -0.755380 0.034147
v -0.220915 -0.743319 -0.027259
v -0.220915 -0.743319 0.027299
v -0.230026 -0.767343 -0.027259
v -0.230026 -0.767343 0.027299
v -0.226929 -0.792849 -0.027259
v -0.226929 -0.792849 0.027299
v -0.212333 -0.813995 -0.027259
v -0.212333 -0.813995 0.027299
v -0.189583 -0.825935 -0.027259
v -0.189583 -0.825935 0.027299
v -0.163889 -0.825935 -0.027259
v -0.163889 -0.825935 0.027299
v -0.141139 -0.813995 -0.027259
v -0.141139 -0.813995 0.027299
v -0.126543 -0.792849 -0.027259
v -0.126543 -0.792849 0.027299
v -0.123446 -0.767343 -0.027259
v -0.123446 -0.767343 0.027299
v -0.168917 -0.757039 -0.034106
v -0.162330 -0.762369 -0.034106
v -0.162330 -0.762369 0.034147
v -0.168917 -0.757039 0.034147
v -0.177963 -0.738859 -0.034106
v -0.193684 -0.743487 -0.034106
v -0.193684 -0.743487 0.034147
v -0.177963 -0.738859 0.034147
v -0.149153 -0.752378 -0.034106
v -0.161892 -0.742068 -0.034106
v -0.161892 -0.742068 0.034147
v -0.149153 -0.752378 0.034147
v -0.205454 -0.754890 -0.034106
v -0.205454 -0.754890 0.034147
v -0.210577 -0.770457 -0.034106
v -0.210577 -0.770457 0.034146
v -0.207878 -0.786621 -0.034106
v -0.207878 -0.786621 0.034146
v -0.197977 -0.799680 -0.034106
v -0.197977 -0.799680 0.034146
v -0.183141 -0.806642 -0.034106
v -0.183141 -0.806642 0.034146
v -0.166769 -0.805911 -0.034106
v -0.166769 -0.805911 0.034146
v -0.152612 -0.797656 -0.034106
v -0.152612 -0.797656 0.034146
v -0.143913 -0.783767 -0.034106
v -0.143913 -0.783767 0.034146
v -0.142664 -0.767427 -0.034106
v -0.142664 -0.767427 0.034147
v -0.183395 -0.764130 -0.030404
v -0.183395 -0.764130 0.030445
v -0.173985 -0.762725 -0.030404
v -0.173985 -0.762725 0.030445
v -0.188164 -0.772363 -0.030404
v -0.188164 -0.772363 0.030445
v -0.184701 -0.781224 -0.030404
v -0.184701 -0.781224 0.030445
v -0.175614 -0.784041 -0.030404
v -0.175614 -0.784041 0.030445
v -0.167745 -0.778693 -0.030404
v -0.167745 -0.778693 0.030445
v -0.167020 -0.769207 -0.030404
v -0.167020 -0.769207 0.030445
v -0.177140 -0.757298 -0.030404
v -0.184387 -0.759431 -0.030404
v -0.184387 -0.759431 0.030445
v -0.177140 -0.757298 0.030445
v -0.163861 -0.763529 -0.030404
v -0.169732 -0.758777 -0.030404
v -0.169732 -0.758777 0.030445
v -0.163860 -0.763529 0.030445
v -0.189812 -0.764687 -0.030404
v -0.189812 -0.764687 0.030445
v -0.192173 -0.771863 -0.030404
v -0.192173 -0.771863 0.030445
v -0.190929 -0.779314 -0.030404
v -0.190929 -0.779314 0.030445
v -0.186365 -0.785333 -0.030404
v -0.186365 -0.785333 0.030445
v -0.179527 -0.788542 -0.030404
v -0.179527 -0.788542 0.030445
v -0.171980 -0.788205 -0.030404
v -0.171980 -0.788205 0.030445
v -0.165455 -0.784400 -0.030404
v -0.165455 -0.784400 0.030445
v -0.161445 -0.777998 -0.030404
v -0.161445 -0.777998 0.030445
v -0.160870 -0.770466 -0.030404
v -0.160870 -0.770466 0.030445
v -0.183395 -0.764130 -0.039639
v -0.183395 -0.764130 0.039679
v -0.173985 -0.762725 -0.039639
v -0.173985 -0.762725 0.039679
v -0.188164 -0.772363 -0.039639
v -0.188164 -0.772363 0.039679
v -0.184701 -0.781224 -0.039639
v -0.184701 -0.781224 0.039679
v -0.175614 -0.784041 -0.039639
v -0.175614 -0.784041 0.039679
v -0.167745 -0.778693 -0.039639
v -0.167745 -0.778693 0.039679
v -0.167020 -0.769207 -0.039639
v -0.167020 -0.769207 0.039679
v -0.177231 -0.773197 0.039679
v -0.177231 -0.773197 -0.039639
v 0.037755 -0.146598 0.175125
v -0.027978 -0.141097 0.222425
v 0.041692 -0.141097 0.222425
v 0.006857 -0.227189 0.175125
v 0.016511 -0.180619 0.175125
v -0.044533 -0.208484 0.175125
v 0.006857 -0.229931 0.177109
v -0.040885 -0.229931 0.185313
v -0.007240 -0.227189 0.222425
v -0.005241 -0.180479 0.222425
v -0.033734 -0.217546 0.222425
v -0.007724 -0.229931 0.220441
v -0.040885 -0.229931 0.212236
v 0.058247 -0.208484 0.175125
v 0.054599 -0.229931 0.185313
v 0.018955 -0.180479 0.222425
v 0.020954 -0.227189 0.222425
v 0.047448 -0.217546 0.222425
v 0.021438 -0.229931 0.220441
v 0.054599 -0.229931 0.212236
v 0.078470 -0.188585 0.177109
v 0.069046 -0.199423 0.222425
v 0.037491 -0.164926 0.222425
v 0.071180 -0.201213 0.220441
v 0.085592 -0.161123 0.175125
v 0.102341 -0.147240 0.185314
v 0.083144 -0.175006 0.222425
v 0.088039 -0.147240 0.222425
v 0.085760 -0.175958 0.220441
v 0.102341 -0.147240 0.212236
v 0.076095 -0.107265 0.175125
v 0.078470 -0.105894 0.177109
v 0.083144 -0.119474 0.222425
v 0.085760 -0.118521 0.220441
v 0.011964 -0.115881 0.175125
v 0.034201 -0.072112 0.175125
v 0.054599 -0.064548 0.185314
v 0.029594 -0.120143 0.222425
v 0.069046 -0.095057 0.222425
v 0.047448 -0.076934 0.222425
v 0.071180 -0.093267 0.220441
v 0.054599 -0.064548 0.212237
v 0.006857 -0.064548 0.177109
v 0.020954 -0.067290 0.222425
v 0.006857 -0.111867 0.222425
v 0.021438 -0.064548 0.220441
v -0.020487 -0.072112 0.175125
v -0.025220 -0.130918 0.175125
v -0.040885 -0.064548 0.185314
v -0.007240 -0.067290 0.222425
v -0.015880 -0.120143 0.222425
v -0.033734 -0.076934 0.222425
v -0.007724 -0.064548 0.220441
v -0.040885 -0.064548 0.212237
v -0.062381 -0.107265 0.175125
v -0.064756 -0.105894 0.177109
v -0.055332 -0.095057 0.222425
v -0.057466 -0.093267 0.220441
v -0.071877 -0.161123 0.175125
v -0.088627 -0.147240 0.185314
v -0.069430 -0.119474 0.222425
v -0.074325 -0.147240 0.222425
v -0.072046 -0.118521 0.220441
v -0.088627 -0.147240 0.212236
v -0.022410 -0.170928 0.175125
v -0.064756 -0.188585 0.177109
v -0.069430 -0.175006 0.222425
v -0.023776 -0.164926 0.222425
v -0.072046 -0.175958 0.220441
v -0.055332 -0.199423 0.222425
v -0.057466 -0.201213 0.220441
v -0.022410 -0.170928 0.157900
v -0.025220 -0.130918 0.157900
v 0.011964 -0.115881 0.157900
v 0.016511 -0.180619 0.157900
v 0.037755 -0.146598 0.157900
v 0.037755 -0.146598 -0.175611
v -0.027978 -0.141097 -0.222911
v 0.041692 -0.141097 -0.222911
v 0.006857 -0.227189 -0.175611
v 0.016511 -0.180619 -0.175611
v -0.044533 -0.208484 -0.175611
v 0.006857 -0.229931 -0.177595
v -0.040885 -0.229931 -0.185800
v -0.007240 -0.227189 -0.222911
v -0.005241 -0.180479 -0.222911
v -0.033734 -0.217546 -0.222911
v -0.007724 -0.229931 -0.220927
v -0.040885 -0.229931 -0.212723
v 0.058247 -0.208484 -0.175611
v 0.054599 -0.229931 -0.185800
v 0.018955 -0.180479 -0.222911
v 0.020954 -0.227189 -0.222911
v 0.047448 -0.217546 -0.222911
v 0.021438 -0.229931 -0.220927
v 0.054599 -0.229931 -0.212723
v 0.078470 -0.188585 -0.177595
v 0.069046 -0.199423 -0.222911
v 0.037491 -0.164926 -0.222911
v 0.071180 -0.201213 -0.220927
v 0.085592 -0.161123 -0.175611
v 0.102341 -0.147240 -0.185800
v 0.083144 -0.175006 -0.222911
v 0.088039 -0.147240 -0.222911
v 0.085760 -0.175958 -0.220927
v 0.102341 -0.147240 -0.212723
v 0.076095 -0.107265 -0.175611
v 0.078470 -0.105894 -0.177595
v 0.083144 -0.119474 -0.222911
v 0.085760 -0.118521 -0.220927
v 0.011964 -0.115881 -0.175611
v 0.034201 -0.072112 -0.175611
v 0.054599 -0.064548 -0.185800
v 0.029594 -0.120143 -0.222911
v 0.069046 -0.095057 -0.222911
v 0.047448 -0.076934 -0.222911
v 0.071180 -0.093267 -0.220927
v 0.054599 -0.064548 -0.212723
v 0.006857 -0.064548 -0.177595
v 0.020954 -0.067290 -0.222911
v 0.006857 -0.111867 -0.222911
v 0.021438 -0.064548 -0.220927
v -0.020487 -0.072112 -0.175611
v -0.025220 -0.130918 -0.175611
v -0.040885 -0.064548 -0.185800
v -0.007240 -0.067290 -0.222911
v -0.015880 -0.120143 -0.222911
v -0.033734 -0.076934 -0.222911
v -0.007724 -0.064548 -0.220927
v -0.040885 -0.064548 -0.212723
v -0.062381 -0.107265 -0.175611
v -0.064756 -0.105894 -0.177595
v -0.055332 -0.095057 -0.222911
v -0.057466 -0.093267 -0.220927
v -0.071877 -0.161123 -0.175611
v -0.088627 -0.147240 -0.185800
v -0.069430 -0.119474 -0.222911
v -0.074325 -0.147240 -0.222911
v -0.072046 -0.118521 -0.220927
v -0.088627 -0.147240 -0.212723
v -0.022410 -0.170928 -0.175611
v -0.064756 -0.188585 -0.177595
v -0.069430 -0.175006 -0.222911
v -0.023776 -0.164926 -0.222911
v -0.072046 -0.175958 -0.220927
v -0.055332 -0.199423 -0.222911
v -0.057466 -0.201213 -0.220927
v -0.022410 -0.170928 -0.158386
v -0.025220 -0.130918 -0.158386
v 0.011964 -0.115881 -0.158386
v 0.016511 -0.180619 -0.158386
v 0.037755 -0.146598 -0.158386
v -0.028188 -0.124243 0.245350
v -0.035138 -0.137777 0.245350
v -0.028949 -0.123665 0.244610
v -0.041917 -0.135681 0.239859
v -0.041917 -0.135681 0.220966
v -0.017027 -0.113902 0.245350
v -0.003003 -0.108002 0.245350
v -0.017545 -0.113099 0.244610
v -0.004577 -0.101083 0.239859
v -0.004577 -0.101083 0.220966
v 0.012193 -0.107254 0.245350
v 0.012312 -0.106306 0.244610
v 0.026728 -0.111749 0.245350
v 0.038850 -0.120944 0.245350
v 0.027165 -0.110899 0.244610
v 0.044054 -0.116122 0.239859
v 0.044054 -0.116122 0.220966
v 0.047095 -0.133731 0.245350
v 0.047976 -0.133360 0.244610
v 0.050470 -0.148566 0.245350
v 0.048568 -0.163661 0.245350
v 0.051425 -0.148519 0.244610
v 0.055347 -0.165757 0.239859
v 0.055347 -0.165757 0.220966
v 0.041617 -0.177195 0.245350
v 0.042379 -0.177773 0.244610
v 0.030457 -0.187536 0.245350
v 0.016433 -0.193436 0.245350
v 0.030975 -0.188339 0.244610
v 0.018007 -0.200355 0.239859
v 0.018007 -0.200355 0.220966
v 0.001237 -0.194184 0.245350
v 0.001118 -0.195132 0.244610
v -0.013298 -0.189689 0.245350
v -0.025420 -0.180494 0.245350
v -0.013735 -0.190539 0.244610
v -0.030625 -0.185316 0.239859
v -0.030625 -0.185316 0.220966
v -0.033666 -0.167707 0.245350
v -0.034546 -0.168078 0.244610
v -0.037041 -0.152872 0.245350
v -0.037995 -0.152919 0.244610
v 0.006714 -0.150719 0.245350
v -0.028188 -0.124243 -0.245836
v -0.035138 -0.137777 -0.245836
v -0.028949 -0.123665 -0.245096
v -0.041917 -0.135681 -0.240345
v -0.041917 -0.135681 -0.221452
v -0.017027 -0.113902 -0.245836
v -0.003003 -0.108002 -0.245836
v -0.017545 -0.113099 -0.245096
v -0.004577 -0.101083 -0.240345
v -0.004577 -0.101083 -0.221452
v 0.012193 -0.107254 -0.245836
v 0.012312 -0.106306 -0.245096
v 0.026728 -0.111749 -0.245836
v 0.038850 -0.120944 -0.245836
v 0.027165 -0.110899 -0.245096
v 0.044054 -0.116122 -0.240345
v 0.044054 -0.116122 -0.221452
v 0.047095 -0.133731 -0.245836
v 0.047976 -0.133360 -0.245096
v 0.050470 -0.148566 -0.245836
v 0.048568 -0.163661 -0.245836
v 0.051425 -0.148519 -0.245096
v 0.055347 -0.165757 -0.240345
v 0.055347 -0.165757 -0.221452
v 0.041617 -0.177195 -0.245836
v 0.042379 -0.177773 -0.245096
v 0.030457 -0.187536 -0.245836
v 0.016433 -0.193436 -0.245836
v 0.030975 -0.188339 -0.245096
v 0.018007 -0.200355 -0.240345
v 0.018007 -0.200355 -0.221452
v 0.001237 -0.194184 -0.245836
v 0.001118 -0.195132 -0.245096
v -0.013298 -0.189689 -0.245836
v -0.025420 -0.180494 -0.245836
v -0.013735 -0.190539 -0.245096
v -0.030625 -0.185316 -0.240345
v -0.030625 -0.185316 -0.221452
v -0.033666 -0.167707 -0.245836
v -0.034546 -0.168078 -0.245096
v -0.037041 -0.152872 -0.245836
v -0.037995 -0.152919 -0.245096
v 0.006714 -0.150719 -0.245836
v 0.699937 0.271478 -0.267212
v 0.699937 0.413354 -0.409088
v 0.699937 0.278422 -0.311054
v 0.699937 0.298574 -0.350605
v 0.699937 0.329961 -0.381992
v 0.699937 0.369512 -0.402144
v 0.699937 1.301249 -0.497759
v 0.699937 1.442903 -0.356105
v 0.699937 1.345022 -0.490826
v 0.699937 1.384511 -0.470706
v 0.699937 1.415850 -0.439367
v 0.699937 1.435970 -0.399878
v 0.754641 1.442903 -0.356339
v 0.754641 1.301483 -0.497759
v 0.754641 1.435982 -0.400040
v 0.754641 1.415894 -0.439464
v 0.754641 1.384608 -0.470750
v 0.754641 1.345184 -0.490838
v 0.699937 1.212356 -0.409088
v 0.699937 1.354232 -0.267212
v 0.699937 1.256198 -0.402144
v 0.699937 1.295749 -0.381992
v 0.699937 1.327136 -0.350605
v 0.699937 1.347288 -0.311054
v 0.754641 1.301483 0.497801
v 0.754641 1.442903 0.356381
v 0.754641 1.345184 0.490879
v 0.754641 1.384608 0.470792
v 0.754641 1.415894 0.439505
v 0.754641 1.435982 0.400082
v 0.699937 0.413354 0.409130
v 0.699937 0.271478 0.267254
v 0.699937 0.369512 0.402186
v 0.699937 0.329961 0.382034
v 0.699937 0.298574 0.350646
v 0.699937 0.278422 0.311096
v 0.699937 1.354232 0.267254
v 0.699937 1.212356 0.409130
v 0.699937 1.347288 0.311096
v 0.699937 1.327136 0.350646
v 0.699937 1.295749 0.382034
v 0.699937 1.256198 0.402186
v 0.699937 1.442903 0.356147
v 0.699937 1.301249 0.497801
v 0.699937 1.435970 0.399920
v 0.699937 1.415850 0.439409
v 0.699937 1.384511 0.470748
v 0.699937 1.345022 0.490868
v 0.418583 1.212356 0.409130
v 0.418583 1.354232 0.267254
v 0.418583 1.256198 0.402186
v 0.418583 1.295749 0.382034
v 0.418583 1.327136 0.350646
v 0.418583 1.347288 0.311096
v 0.361165 1.213554 0.409130
v 0.361165 1.354232 0.268452
v 0.361165 1.257026 0.402244
v 0.361165 1.296242 0.382263
v 0.361165 1.327365 0.351140
v 0.361165 1.347346 0.311924
v 0.361165 0.412156 0.409130
v 0.361165 0.271478 0.268452
v 0.361165 0.368684 0.402244
v 0.361165 0.329468 0.382263
v 0.361165 0.298345 0.351140
v 0.361165 0.278364 0.311924
v 0.418583 0.271478 0.267254
v 0.418583 0.413354 0.409130
v 0.418583 0.278422 0.311096
v 0.418583 0.298574 0.350646
v 0.418583 0.329961 0.382034
v 0.418583 0.369512 0.402186
v 0.418583 0.271478 -0.267212
v 0.418583 0.413354 -0.409088
v 0.418583 0.278422 -0.311054
v 0.418583 0.298574 -0.350605
v 0.418583 0.329961 -0.381992
v 0.418583 0.369512 -0.402144
v 0.361165 0.271478 -0.268410
v 0.361165 0.412156 -0.409088
v 0.361165 0.278364 -0.311882
v 0.361165 0.298345 -0.351098
v 0.361165 0.329468 -0.382221
v 0.361165 0.368684 -0.402202
v 0.418583 1.212356 -0.409088
v 0.418583 1.354232 -0.267212
v 0.418583 1.256198 -0.402144
v 0.418583 1.295749 -0.381992
v 0.418583 1.327136 -0.350605
v 0.418583 1.347288 -0.311054
v 0.361165 1.354232 -0.268410
v 0.361165 1.213554 -0.409088
v 0.361165 1.347346 -0.311882
v 0.361165 1.327365 -0.351098
v 0.361165 1.296242 -0.382221
v 0.361165 1.257026 -0.402202
v 0.361165 0.251098 0.288089
v 0.361165 0.392519 0.429509
v 0.361165 0.258020 0.331790
v 0.361165 0.278107 0.371214
v 0.361165 0.309394 0.402501
v 0.361165 0.348818 0.422588
v 0.418583 0.392753 0.429509
v 0.418583 0.251098 0.287855
v 0.418583 0.348979 0.422576
v 0.418583 0.309491 0.402456
v 0.418583 0.278152 0.371117
v 0.418583 0.258032 0.331629
v 0.418583 1.374611 0.287855
v 0.418583 1.232957 0.429509
v 0.418583 1.367678 0.331629
v 0.418583 1.347558 0.371117
v 0.418583 1.316219 0.402456
v 0.418583 1.276731 0.422576
v 0.361165 1.374611 0.288089
v 0.361165 1.233191 0.429509
v 0.361165 1.367690 0.331790
v 0.361165 1.347603 0.371214
v 0.361165 1.316316 0.402501
v 0.361165 1.276892 0.422588
v 0.418583 1.374611 -0.287813
v 0.418583 1.232957 -0.429468
v 0.418583 1.367678 -0.331587
v 0.418583 1.347558 -0.371075
v 0.418583 1.316219 -0.402414
v 0.418583 1.276731 -0.422534
v 0.361165 1.233191 -0.429468
v 0.361165 1.374611 -0.288047
v 0.361165 1.276892 -0.422546
v 0.361165 1.316316 -0.402459
v 0.361165 1.347603 -0.371172
v 0.361165 1.367690 -0.331748
v 0.418583 0.392753 -0.429468
v 0.418583 0.251098 -0.287813
v 0.418583 0.348979 -0.422534
v 0.418583 0.309491 -0.402414
v 0.418583 0.278152 -0.371075
v 0.418583 0.258032 -0.331587
v 0.361165 0.392519 -0.429468
v 0.361165 0.251098 -0.288047
v 0.361165 0.348818 -0.422546
v 0.361165 0.309394 -0.402459
v 0.361165 0.278107 -0.371172
v 0.361165 0.258020 -0.331748
v 0.754641 1.412196 0.326417
v 0.754641 1.271519 0.467094
v 0.754641 1.405311 0.369889
v 0.754641 1.385329 0.409105
v 0.754641 1.354207 0.440227
v 0.754641 1.314991 0.460209
v 0.754641 1.271519 -0.467052
v 0.754641 1.412196 -0.326375
v 0.754641 1.314991 -0.460167
v 0.754641 1.354207 -0.440185
v 0.754641 1.385329 -0.409063
v 0.754641 1.405311 -0.369847
v 0.754641 0.213514 -0.326375
v 0.754641 0.354191 -0.467052
v 0.754641 0.220399 -0.369847
v 0.754641 0.240381 -0.409063
v 0.754641 0.271503 -0.440185
v 0.754641 0.310719 -0.460167
v 0.754641 0.213514 0.326417
v 0.754641 0.354191 0.467094
v 0.754641 0.220399 0.369889
v 0.754641 0.240381 0.409105
v 0.754641 0.271503 0.440227
v 0.754641 0.310719 0.460209
v 0.699937 0.324461 -0.497759
v 0.699937 0.182807 -0.356105
v 0.699937 0.280688 -0.490826
v 0.699937 0.241199 -0.470706
v 0.699937 0.209860 -0.439367
v 0.699937 0.189740 -0.399878
v 0.754641 0.324227 -0.497759
v 0.754641 0.182807 -0.356339
v 0.754641 0.280526 -0.490838
v 0.754641 0.241102 -0.470750
v 0.754641 0.209816 -0.439464
v 0.754641 0.189728 -0.400040
v 0.754641 0.324227 0.497801
v 0.754641 0.182807 0.356381
v 0.754641 0.280526 0.490879
v 0.754641 0.241102 0.470792
v 0.754641 0.209816 0.439505
v 0.754641 0.189728 0.400082
v 0.699937 0.182807 0.356147
v 0.699937 0.324461 0.497801
v 0.699937 0.189740 0.399920
v 0.699937 0.209860 0.439409
v 0.699937 0.241199 0.470748
v 0.699937 0.280688 0.490868
v 1.139540 1.262771 -0.348857
v 1.021345 1.271903 -0.467052
v 1.133755 1.265637 -0.385381
v 1.116967 1.268206 -0.418331
v 1.090818 1.270226 -0.444479
v 1.057869 1.271500 -0.461268
v 1.139540 1.294001 -0.317627
v 1.021345 1.412196 -0.326759
v 1.133755 1.330525 -0.320493
v 1.116967 1.363475 -0.323062
v 1.090818 1.389623 -0.325082
v 1.057869 1.406412 -0.326356
v 1.139540 1.278394 -0.346383
v 1.021345 1.315256 -0.460186
v 1.133755 1.289815 -0.381552
v 1.116967 1.300107 -0.413278
v 1.090818 1.308262 -0.438455
v 1.057869 1.313482 -0.454618
v 1.021345 1.354365 -0.440259
v 1.133755 1.305828 -0.373393
v 1.116967 1.325427 -0.400377
v 1.090818 1.340973 -0.421788
v 1.057869 1.350944 -0.435530
v 1.021345 1.385403 -0.409221
v 1.133755 1.318537 -0.360685
v 1.116967 1.345521 -0.380283
v 1.090818 1.366932 -0.395829
v 1.057869 1.380674 -0.405800
v 1.139540 1.291527 -0.333250
v 1.021345 1.405330 -0.370112
v 1.133755 1.326696 -0.344671
v 1.116967 1.358422 -0.354963
v 1.090818 1.383599 -0.363118
v 1.057869 1.399762 -0.368338
v 1.139540 0.331709 -0.317627
v 1.021345 0.213514 -0.326759
v 1.133755 0.295185 -0.320493
v 1.116967 0.262235 -0.323062
v 1.090818 0.236087 -0.325082
v 1.057869 0.219298 -0.326356
v 1.139540 0.362939 -0.348857
v 1.021345 0.353807 -0.467052
v 1.133755 0.360073 -0.385381
v 1.116967 0.357504 -0.418331
v 1.090818 0.355484 -0.444479
v 1.057869 0.354210 -0.461268
v 1.139540 0.334183 -0.333250
v 1.021345 0.220380 -0.370112
v 1.133755 0.299014 -0.344671
v 1.116967 0.267288 -0.354963
v 1.090818 0.242111 -0.363118
v 1.057869 0.225948 -0.368338
v 1.021345 0.240307 -0.409221
v 1.133755 0.307173 -0.360685
v 1.116967 0.280189 -0.380283
v 1.090818 0.258778 -0.395829
v 1.057869 0.245036 -0.405800
v 1.021345 0.271345 -0.440259
v 1.133755 0.319881 -0.373393
v 1.116967 0.300283 -0.400377
v 1.090818 0.284737 -0.421788
v 1.057869 0.274766 -0.435530
v 1.139540 0.347316 -0.346383
v 1.021345 0.310454 -0.460186
v 1.133755 0.335895 -0.381552
v 1.116967 0.325603 -0.413278
v 1.090818 0.317447 -0.438455
v 1.057869 0.312228 -0.454618
v 1.139540 0.362939 0.348899
v 1.021345 0.353807 0.467094
v 1.133755 0.360073 0.385423
v 1.116967 0.357504 0.418372
v 1.090818 0.355484 0.444521
v 1.057869 0.354210 0.461309
v 1.139540 0.331709 0.317669
v 1.021345 0.213514 0.326801
v 1.133755 0.295185 0.320535
v 1.116967 0.262235 0.323104
v 1.090818 0.236087 0.325124
v 1.057869 0.219298 0.326398
v 1.139540 0.347316 0.346425
v 1.021345 0.310454 0.460228
v 1.133755 0.335895 0.381594
v 1.116967 0.325603 0.413320
v 1.090818 0.317448 0.438497
v 1.057869 0.312228 0.454660
v 1.021345 0.271345 0.440301
v 1.133755 0.319881 0.373435
v 1.116967 0.300283 0.400419
v 1.090818 0.284737 0.421830
v 1.057869 0.274766 0.435572
v 1.021345 0.240307 0.409263
v 1.133755 0.307173 0.360727
v 1.116967 0.280189 0.380325
v 1.090818 0.258778 0.395871
v 1.057869 0.245036 0.405842
v 1.139540 0.334183 0.333292
v 1.021345 0.220380 0.370154
v 1.133755 0.299014 0.344713
v 1.116967 0.267288 0.355005
v 1.090818 0.242111 0.363160
v 1.057869 0.225948 0.368380
v 1.139540 1.294001 0.317669
v 1.021345 1.412196 0.326801
v 1.133755 1.330525 0.320535
v 1.116967 1.363475 0.323104
v 1.090818 1.389623 0.325124
v 1.057869 1.406412 0.326398
v 1.139540 1.262771 0.348899
v 1.021345 1.271903 0.467094
v 1.133755 1.265637 0.385423
v 1.116967 1.268206 0.418372
v 1.090818 1.270226 0.444521
v 1.057869 1.271500 0.461309
v 1.139540 1.291527 0.333292
v 1.021345 1.405330 0.370154
v 1.133755 1.326696 0.344713
v 1.116967 1.358422 0.355005
v 1.090818 1.383599 0.363160
v 1.057869 1.399762 0.368380
v 1.021345 1.385403 0.409263
v 1.133755 1.318537 0.360727
v 1.116967 1.345521 0.380325
v 1.090818 1.366932 0.395871
v 1.057869 1.380674 0.405842
v 1.021345 1.354365 0.440301
v 1.133755 1.305828 0.373435
v 1.116967 1.325427 0.400419
v 1.090818 1.340973 0.421830
v 1.057869 1.350944 0.435572
v 1.139540 1.278394 0.346425
v 1.021345 1.315256 0.460228
v 1.133755 1.289816 0.381594
v 1.116967 1.300107 0.413320
v 1.090818 1.308262 0.438497
v 1.057869 1.313482 0.454660
v -0.686223 0.271478 -0.267212
v -0.686223 0.413354 -0.409088
v -0.686223 0.278422 -0.311054
v -0.686223 0.298574 -0.350605
v -0.686223 0.329961 -0.381992
v -0.686223 0.369512 -0.402144
v -0.686223 1.301249 -0.497759
v -0.686223 1.442903 -0.356105
v -0.686223 1.345022 -0.490826
v -0.686223 1.384511 -0.470706
v -0.686223 1.415850 -0.439367
v -0.686223 1.435970 -0.399878
v -0.740927 1.442903 -0.356339
v -0.740927 1.301483 -0.497759
v -0.740927 1.435982 -0.400040
v -0.740927 1.415894 -0.439464
v -0.740927 1.384608 -0.470750
v -0.740927 1.345184 -0.490838
v -0.686223 1.212356 -0.409088
v -0.686223 1.354232 -0.267212
v -0.686223 1.256198 -0.402144
v -0.686223 1.295749 -0.381992
v -0.686223 1.327136 -0.350605
v -0.686223 1.347288 -0.311054
v -0.740927 1.301483 0.497801
v -0.740927 1.442903 0.356381
v -0.740927 1.345184 0.490879
v -0.740927 1.384608 0.470792
v -0.740927 1.415894 0.439505
v -0.740927 1.435982 0.400082
v -0.686223 0.413354 0.409130
v -0.686223 0.271478 0.267254
v -0.686223 0.369512 0.402186
v -0.686223 0.329961 0.382034
v -0.686223 0.298574 0.350646
v -0.686223 0.278422 0.311096
v -0.686223 1.354232 0.267254
v -0.686223 1.212356 0.409130
v -0.686223 1.347288 0.311096
v -0.686223 1.327136 0.350646
v -0.686223 1.295749 0.382034
v -0.686223 1.256198 0.402186
v -0.686223 1.442903 0.356147
v -0.686223 1.301249 0.497801
v -0.686223 1.435970 0.399920
v -0.686223 1.415850 0.439409
v -0.686223 1.384511 0.470748
v -0.686223 1.345022 0.490868
v -0.404869 1.212356 0.409130
v -0.404869 1.354232 0.267254
v -0.404869 1.256198 0.402186
v -0.404869 1.295749 0.382034
v -0.404869 1.327136 0.350646
v -0.404869 1.347288 0.311096
v -0.347451 1.213554 0.409130
v -0.347451 1.354232 0.268452
v -0.347451 1.257026 0.402244
v -0.347451 1.296242 0.382263
v -0.347451 1.327365 0.351140
v -0.347451 1.347346 0.311924
v -0.347451 0.412156 0.409130
v -0.347451 0.271478 0.268452
v -0.347451 0.368684 0.402244
v -0.347451 0.329468 0.382263
v -0.347451 0.298345 0.351140
v -0.347451 0.278364 0.311924
v -0.404869 0.271478 0.267254
v -0.404869 0.413354 0.409130
v -0.404869 0.278422 0.311096
v -0.404869 0.298574 0.350646
v -0.404869 0.329961 0.382034
v -0.404869 0.369512 0.402186
v -0.404869 0.271478 -0.267212
v -0.404869 0.413354 -0.409088
v -0.404869 0.278422 -0.311054
v -0.404869 0.298574 -0.350605
v -0.404869 0.329961 -0.381992
v -0.404869 0.369512 -0.402144
v -0.347451 0.271478 -0.268410
v -0.347451 0.412156 -0.409088
v -0.347451 0.278364 -0.311882
v -0.347451 0.298345 -0.351098
v -0.347451 0.329468 -0.382221
v -0.347451 0.368684 -0.402202
v -0.404869 1.212356 -0.409088
v -0.404869 1.354232 -0.267212
v -0.404869 1.256198 -0.402144
v -0.404869 1.295749 -0.381992
v -0.404869 1.327136 -0.350605
v -0.404869 1.347288 -0.311054
v -0.347451 1.354232 -0.268410
v -0.347451 1.213554 -0.409088
v -0.347451 1.347346 -0.311882
v -0.347451 1.327365 -0.351098
v -0.347451 1.296242 -0.382221
v -0.347451 1.257026 -0.402202
v -0.347451 0.251098 0.288089
v -0.347451 0.392519 0.429509
v -0.347451 0.258020 0.331790
v -0.347451 0.278107 0.371214
v -0.347451 0.309394 0.402501
v -0.347451 0.348818 0.422588
v -0.404869 0.392753 0.429509
v -0.404869 0.251098 0.287855
v -0.404869 0.348979 0.422576
v -0.404869 0.309491 0.402456
v -0.404869 0.278152 0.371117
v -0.404869 0.258032 0.331629
v -0.404869 1.374611 0.287855
v -0.404869 1.232957 0.429509
v -0.404869 1.367678 0.331629
v -0.404869 1.347558 0.371117
v -0.404869 1.316219 0.402456
v -0.404869 1.276731 0.422576
v -0.347451 1.374611 0.288089
v -0.347451 1.233191 0.429509
v -0.347451 1.367690 0.331790
v -0.347451 1.347603 0.371214
v -0.347451 1.316316 0.402501
v -0.347451 1.276892 0.422588
v -0.404869 1.374611 -0.287813
v -0.404869 1.232957 -0.429468
v -0.404869 1.367678 -0.331587
v -0.404869 1.347558 -0.371075
v -0.404869 1.316219 -0.402414
v -0.404869 1.276731 -0.422534
v -0.347451 1.233191 -0.429468
v -0.347451 1.374611 -0.288047
v -0.347451 1.276892 -0.422546
v -0.347451 1.316316 -0.402459
v -0.347451 1.347603 -0.371172
v -0.347451 1.367690 -0.331748
v -0.404869 0.392753 -0.429468
v -0.404869 0.251098 -0.287813
v -0.404869 0.348979 -0.422534
v -0.404869 0.309491 -0.402414
v -0.404869 0.278152 -0.371075
v -0.404869 0.258032 -0.331587
v -0.347451 0.392519 -0.429468
v -0.347451 0.251098 -0.288047
v -0.347451 0.348818 -0.422546
v -0.347451 0.309394 -0.402459
v -0.347451 0.278107 -0.371172
v -0.347451 0.258020 -0.331748
v -0.740927 1.412196 0.326417
v -0.740927 1.271519 0.467094
v -0.740927 1.405311 0.369889
v -0.740927 1.385329 0.409105
v -0.740927 1.354207 0.440227
v -0.740927 1.314991 0.460209
v -0.740927 1.271519 -0.467052
v -0.740927 1.412196 -0.326375
v -0.740927 1.314991 -0.460167
v -0.740927 1.354207 -0.440185
v -0.740927 1.385329 -0.409063
v -0.740927 1.405311 -0.369847
v -0.740927 0.213514 -0.326375
v -0.740927 0.354191 -0.467052
v -0.740927 0.220399 -0.369847
v -0.740927 0.240381 -0.409063
v -0.740927 0.271503 -0.440185
v -0.740927 0.310719 -0.460167
v -0.740927 0.213514 0.326417
v -0.740927 0.354191 0.467094
v -0.740927 0.220399 0.369889
v -0.740927 0.240381 0.409105
v -0.740927 0.271503 0.440227
v -0.740927 0.310719 0.460209
v -0.686223 0.324461 -0.497759
v -0.686223 0.182807 -0.356105
v -0.686223 0.280688 -0.490826
v -0.686223 0.241199 -0.470706
v -0.686223 0.209860 -0.439367
v -0.686223 0.189740 -0.399878
v -0.740927 0.324227 -0.497759
v -0.740927 0.182807 -0.356339
v -0.740927 0.280526 -0.490838
v -0.740927 0.241102 -0.470750
v -0.740927 0.209816 -0.439464
v -0.740927 0.189728 -0.400040
v -0.740927 0.324227 0.497801
v -0.740927 0.182807 0.356381
v -0.740927 0.280526 0.490879
v -0.740927 0.241102 0.470792
v -0.740927 0.209816 0.439505
v -0.740927 0.189728 0.400082
v -0.686223 0.182807 0.356147
v -0.686223 0.324461 0.497801
v -0.686223 0.189740 0.399920
v -0.686223 0.209860 0.439409
v -0.686223 0.241199 0.470748
v -0.686223 0.280688 0.490868
v -1.125826 1.262771 -0.348857
v -1.007631 1.271903 -0.467052
v -1.120041 1.265637 -0.385381
v -1.103253 1.268206 -0.418331
v -1.077104 1.270226 -0.444479
v -1.044155 1.271500 -0.461268
v -1.125826 1.294001 -0.317627
v -1.007631 1.412196 -0.326759
v -1.120041 1.330525 -0.320493
v -1.103253 1.363475 -0.323062
v -1.077104 1.389623 -0.325082
v -1.044155 1.406412 -0.326356
v -1.125826 1.278394 -0.346383
v -1.007631 1.315256 -0.460186
v -1.120041 1.289815 -0.381552
v -1.103253 1.300107 -0.413278
v -1.077104 1.308262 -0.438455
v -1.044155 1.313482 -0.454618
v -1.007631 1.354365 -0.440259
v -1.120041 1.305828 -0.373393
v -1.103253 1.325427 -0.400377
v -1.077104 1.340973 -0.421788
v -1.044155 1.350944 -0.435530
v -1.007631 1.385403 -0.409221
v -1.120041 1.318537 -0.360685
v -1.103253 1.345521 -0.380283
v -1.077104 1.366932 -0.395829
v -1.044155 1.380674 -0.405800
v -1.125826 1.291527 -0.333250
v -1.007631 1.405330 -0.370112
v -1.120041 1.326696 -0.344671
v -1.103253 1.358422 -0.354963
v -1.077104 1.383599 -0.363118
v -1.044155 1.399762 -0.368338
v -1.125826 0.331709 -0.317627
v -1.007631 0.213514 -0.326759
v -1.120041 0.295185 -0.320493
v -1.103253 0.262235 -0.323062
v -1.077104 0.236087 -0.325082
v -1.044155 0.219298 -0.326356
v -1.125826 0.362939 -0.348857
v -1.007631 0.353807 -0.467052
v -1.120041 0.360073 -0.385381
v -1.103253 0.357504 -0.418331
v -1.077104 0.355484 -0.444479
v -1.044155 0.354210 -0.461268
v -1.125826 0.334183 -0.333250
v -1.007631 0.220380 -0.370112
v -1.120041 0.299014 -0.344671
v -1.103253 0.267288 -0.354963
v -1.077104 0.242111 -0.363118
v -1.044155 0.225948 -0.368338
v -1.007631 0.240307 -0.409221
v -1.120041 0.307173 -0.360685
v -1.103253 0.280189 -0.380283
v -1.077104 0.258778 -0.395829
v -1.044155 0.245036 -0.405800
v -1.007631 0.271345 -0.440259
v -1.120041 0.319881 -0.373393
v -1.103253 0.300283 -0.400377
v -1.077104 0.284737 -0.421788
v -1.044155 0.274766 -0.435530
v -1.125826 0.347316 -0.346383
v -1.007631 0.310454 -0.460186
v -1.120041 0.335895 -0.381552
v -1.103253 0.325603 -0.413278
v -1.077104 0.317447 -0.438455
v -1.044155 0.312228 -0.454618
v -1.125826 0.362939 0.348899
v -1.007631 0.353807 0.467094
v -1.120041 0.360073 0.385423
v -1.103253 0.357504 0.418372
v -1.077104 0.355484 0.444521
v -1.044155 0.354210 0.461309
v -1.125826 0.331709 0.317669
v -1.007631 0.213514 0.326801
v -1.120041 0.295185 0.320535
v -1.103253 0.262235 0.323104
v -1.077104 0.236087 0.325124
v -1.044155 0.219298 0.326398
v -1.125826 0.347316 0.346425
v -1.007631 0.310454 0.460228
v -1.120041 0.335895 0.381594
v -1.103253 0.325603 0.413320
v -1.077104 0.317448 0.438497
v -1.044155 0.312228 0.454660
v -1.007631 0.271345 0.440301
v -1.120041 0.319881 0.373435
v -1.103253 0.300283 0.400419
v -1.077104 0.284737 0.421830
v -1.044155 0.274766 0.435572
v -1.007631 0.240307 0.409263
v -1.120041 0.307173 0.360727
v -1.103253 0.280189 0.380325
v -1.077104 0.258778 0.395871
v -1.044155 0.245036 0.405842
v -1.125826 0.334183 0.333292
v -1.007631 0.220380 0.370154
v -1.120041 0.299014 0.344713
v -1.103253 0.267288 0.355005
v -1.077104 0.242111 0.363160
v -1.044155 0.225948 0.368380
v -1.125826 1.294001 0.317669
v -1.007631 1.412196 0.326801
v -1.120041 1.330525 0.320535
v -1.103253 1.363475 0.323104
v -1.077104 1.389623 0.325124
v -1.044155 1.406412 0.326398
v -1.125826 1.262771 0.348899
v -1.007631 1.271903 0.467094
v -1.120041 1.265637 0.385423
v -1.103253 1.268206 0.418372
v -1.077104 1.270226 0.444521
v -1.044155 1.271500 0.461309
v -1.125826 1.291527 0.333292
v -1.007631 1.405330 0.370154
v -1.120041 1.326696 0.344713
v -1.103253 1.358422 0.355005
v -1.077104 1.383599 0.363160
v -1.044155 1.399762 0.368380
v -1.007631 1.385403 0.409263
v -1.120041 1.318537 0.360727
v -1.103253 1.345521 0.380325
v -1.077104 1.366932 0.395871
v -1.044155 1.380674 0.405842
v -1.007631 1.354365 0.440301
v -1.120041 1.305828 0.373435
v -1.103253 1.325427 0.400419
v -1.077104 1.340973 0.421830
v -1.044155 1.350944 0.435572
v -1.125826 1.278394 0.346425
v -1.007631 1.315256 0.460228
v -1.120041 1.289816 0.381594
v -1.103253 1.300107 0.413320
v -1.077104 1.308262 0.438497
v -1.044155 1.313482 0.454660
v 0.006857 1.353664 0.000021
v 0.006857 1.472156 0.000021
v -0.037302 1.353664 0.121347
v 0.006857 1.355648 0.133562
v -0.070243 1.363852 0.133562
v -0.015909 1.472156 0.129133
v -0.058695 1.472156 0.113560
v -0.016690 1.470172 0.133562
v -0.070243 1.461967 0.133562
v 0.051016 1.353664 0.121347
v 0.083957 1.363852 0.133562
v 0.029623 1.472156 0.129133
v 0.072409 1.472156 0.113560
v 0.030404 1.470172 0.133562
v 0.083957 1.461967 0.133562
v 0.118672 1.353664 0.064577
v 0.122507 1.355648 0.066791
v 0.107289 1.472156 0.084293
v 0.110734 1.470172 0.087184
v 0.134008 1.353664 -0.022400
v 0.161057 1.363853 0.000021
v 0.130055 1.472156 0.044861
v 0.137961 1.472156 0.000021
v 0.134281 1.470172 0.046399
v 0.161057 1.461967 0.000021
v 0.122507 1.355648 -0.066750
v 0.130055 1.472156 -0.044820
v 0.134281 1.470172 -0.046358
v 0.089849 1.353664 -0.098885
v 0.083957 1.363853 -0.133521
v 0.107289 1.472156 -0.084252
v 0.072409 1.472156 -0.113519
v 0.110734 1.470172 -0.087142
v 0.083957 1.461967 -0.133521
v 0.006857 1.353664 -0.129092
v 0.006857 1.355648 -0.133521
v 0.029623 1.472156 -0.129092
v 0.030404 1.470172 -0.133521
v -0.076135 1.353664 -0.098886
v -0.070243 1.363853 -0.133521
v -0.015909 1.472156 -0.129092
v -0.058695 1.472156 -0.113519
v -0.016690 1.470172 -0.133521
v -0.070243 1.461967 -0.133521
v -0.108793 1.355648 -0.066750
v -0.093575 1.472156 -0.084252
v -0.097020 1.470172 -0.087142
v -0.120294 1.353664 -0.022400
v -0.147343 1.363853 0.000021
v -0.116341 1.472156 -0.044820
v -0.124247 1.472156 0.000021
v -0.120567 1.470172 -0.046358
v -0.147343 1.461967 0.000021
v -0.104958 1.353664 0.064577
v -0.108793 1.355648 0.066791
v -0.116341 1.472156 0.044861
v -0.120567 1.470172 0.046399
v -0.093575 1.472156 0.084293
v -0.097020 1.470172 0.087184
v 0.088531 1.467460 -0.016217
v 0.053105 1.470631 -0.069236
v -0.009435 1.473802 -0.081676
v 0.081279 1.472375 0.000036
v 0.075611 1.473960 -0.028458
v 0.059470 1.475546 -0.052615
v 0.035313 1.477131 -0.068756
v 0.006819 1.478717 -0.074424
v -0.033754 1.466446 0.060758
v 0.021066 1.469616 0.071662
v 0.067540 1.472787 0.040609
v 0.081279 1.475165 0.000036
v 0.075611 1.476751 -0.028458
v 0.059470 1.478336 -0.052615
v 0.035313 1.479922 -0.068756
v 0.006819 1.481507 -0.074424
v -0.062454 1.476973 -0.046250
v -0.074893 1.480143 0.016290
v -0.053247 1.477131 0.060101
v -0.025688 1.478716 0.078515
v 0.023072 1.481094 0.081748
v 0.076091 1.484265 0.046322
v 0.091764 1.486643 0.000036
v 0.085298 1.488228 -0.032471
v 0.066884 1.489814 -0.060029
v 0.039326 1.491399 -0.078443
v 0.006819 1.492985 -0.084909
v -0.021676 1.480302 -0.068756
v -0.045833 1.481888 -0.052615
v -0.061973 1.483473 -0.028458
v -0.067641 1.485058 0.000036
v -0.061973 1.486644 0.028531
v -0.045833 1.488229 0.052687
v -0.021676 1.489814 0.068828
v 0.006819 1.491400 0.074496
v 0.035313 1.492985 0.068828
v 0.059470 1.494571 0.052687
v 0.075611 1.496156 0.028531
v 0.081279 1.497741 0.000036
v 0.075611 1.499327 -0.028458
v 0.059470 1.500912 -0.052615
v 0.035313 1.502498 -0.068756
v 0.006819 1.504083 -0.074424
v -0.021676 1.483092 -0.068756
v -0.045833 1.484678 -0.052615
v -0.061973 1.486263 -0.028458
v -0.067641 1.487849 0.000036
v -0.061973 1.489434 0.028531
v -0.045833 1.491019 0.052687
v -0.021676 1.492605 0.068828
v 0.006819 1.494190 0.074496
v 0.035313 1.495775 0.068828
v 0.059470 1.497361 0.052687
v 0.075611 1.498946 0.028531
v 0.081279 1.500532 0.000036
v 0.075611 1.502117 -0.028458
v 0.059470 1.503703 -0.052615
v 0.035313 1.505288 -0.068756
v 0.006819 1.506873 -0.074424
v -0.025688 1.494570 -0.078443
v -0.053247 1.496156 -0.060029
v -0.071660 1.497741 -0.032471
v -0.078126 1.499326 0.000036
v -0.071660 1.500912 0.032543
v -0.053247 1.502497 0.060101
v -0.025688 1.504083 0.078515
v 0.006819 1.505668 0.084981
v 0.039326 1.507253 0.078515
v 0.066884 1.508839 0.060101
v 0.085298 1.510424 0.032543
v 0.091764 1.512010 0.000036
v 0.085298 1.513595 -0.032471
v 0.066884 1.515180 -0.060029
v 0.039326 1.516766 -0.078443
v 0.006819 1.518351 -0.084909
v -0.021676 1.505668 -0.068756
v -0.045833 1.507254 -0.052615
v -0.061973 1.508839 -0.028458
v -0.067641 1.510425 0.000036
v -0.061973 1.512010 0.028531
v -0.045833 1.513596 0.052687
v -0.021676 1.515181 0.068828
v 0.006819 1.516766 0.074496
v 0.035313 1.518351 0.068828
v 0.059470 1.519937 0.052687
v 0.075611 1.521522 0.028531
v 0.081279 1.523108 0.000036
v 0.075611 1.524693 -0.028458
v 0.059470 1.526279 -0.052615
v 0.035313 1.527864 -0.068756
v 0.006819 1.529449 -0.074424
v -0.021676 1.508459 -0.068756
v -0.045833 1.510044 -0.052615
v -0.061973 1.511630 -0.028458
v -0.067641 1.513215 0.000036
v -0.061973 1.514800 0.028531
v -0.045833 1.516386 0.052687
v -0.021676 1.517971 0.068828
v 0.006819 1.519557 0.074496
v 0.035313 1.521142 0.068828
v 0.059470 1.522727 0.052687
v 0.075611 1.524313 0.028531
v 0.081279 1.525898 0.000036
v 0.075611 1.527483 -0.028458
v 0.059470 1.529069 -0.052615
v 0.035313 1.530654 -0.068756
v 0.006819 1.532240 -0.074424
v -0.025688 1.519937 -0.078443
v -0.053247 1.521522 -0.060029
v -0.071660 1.523107 -0.032471
v -0.078126 1.524693 0.000036
v -0.071660 1.526278 0.032543
v -0.053247 1.527864 0.060101
v -0.025688 1.529449 0.078515
v 0.006819 1.531034 0.084981
v 0.039326 1.532620 0.078515
v 0.066884 1.534205 0.060101
v 0.085298 1.535790 0.032543
v 0.091764 1.537376 0.000036
v 0.085298 1.538961 -0.032471
v 0.066884 1.540547 -0.060029
v 0.039326 1.542132 -0.078443
v 0.006819 1.543718 -0.084909
v -0.021676 1.531035 -0.068756
v -0.045833 1.532620 -0.052615
v -0.061973 1.534206 -0.028458
v -0.067641 1.535791 0.000036
v -0.061973 1.537377 0.028531
v -0.045833 1.538962 0.052687
v -0.021676 1.540547 0.068828
v 0.006819 1.542133 0.074496
v 0.035313 1.543718 0.068828
v 0.059470 1.545303 0.052687
v 0.075611 1.546889 0.028531
v 0.081279 1.548474 0.000036
v 0.075611 1.550060 -0.028458
v 0.059470 1.551645 -0.052615
v 0.035313 1.553231 -0.068756
v 0.006819 1.554816 -0.074424
v -0.021676 1.533825 -0.068756
v -0.045833 1.535411 -0.052615
v -0.061973 1.536996 -0.028458
v -0.067641 1.538581 0.000036
v -0.061973 1.540167 0.028531
v -0.045833 1.541752 0.052687
v -0.021676 1.543338 0.068828
v 0.006819 1.544923 0.074496
v 0.035313 1.546508 0.068828
v 0.059470 1.548094 0.052687
v 0.075611 1.549679 0.028531
v 0.081279 1.551265 0.000036
v 0.075611 1.552850 -0.028458
v 0.059470 1.554435 -0.052615
v 0.035313 1.556021 -0.068756
v 0.006819 1.557606 -0.074424
v -0.025688 1.545303 -0.078443
v -0.053247 1.546889 -0.060029
v -0.071660 1.548474 -0.032471
v -0.078126 1.550059 0.000036
v -0.071660 1.551645 0.032543
v -0.053247 1.553230 0.060102
v -0.025688 1.554815 0.078515
v 0.006819 1.556401 0.084981
v 0.039326 1.557986 0.078515
v 0.066884 1.559571 0.060102
v 0.085298 1.561157 0.032543
v 0.091764 1.562742 0.000036
v 0.085298 1.564328 -0.032471
v 0.066884 1.565913 -0.060029
v 0.039326 1.567498 -0.078443
v 0.006819 1.569084 -0.084909
v -0.021676 1.556401 -0.068756
v -0.045832 1.557987 -0.052615
v -0.061973 1.559572 -0.028458
v -0.067641 1.561158 0.000036
v -0.061973 1.562743 0.028531
v -0.045832 1.564328 0.052687
v -0.021676 1.565914 0.068828
v 0.006819 1.567499 0.074496
v 0.035313 1.569084 0.068828
v 0.059470 1.570670 0.052687
v 0.075611 1.572255 0.028531
v 0.081279 1.573841 0.000036
v 0.075611 1.575426 -0.028458
v 0.059470 1.577011 -0.052615
v 0.035313 1.578597 -0.068756
v 0.006819 1.580182 -0.074424
v -0.021676 1.559192 -0.068756
v -0.045832 1.560777 -0.052615
v -0.061973 1.562362 -0.028458
v -0.067641 1.563948 0.000036
v -0.061973 1.565533 0.028531
v -0.045832 1.567119 0.052687
v -0.021676 1.568704 0.068828
v 0.006819 1.570289 0.074496
v 0.035313 1.571875 0.068828
v 0.059470 1.573460 0.052687
v 0.075611 1.575045 0.028531
v 0.081279 1.576631 0.000036
v 0.075611 1.578216 -0.028458
v 0.059470 1.579802 -0.052615
v 0.035313 1.581387 -0.068756
v 0.006819 1.582973 -0.074424
v -0.025688 1.570670 -0.078443
v -0.053247 1.572255 -0.060029
v -0.071660 1.573840 -0.032471
v -0.078126 1.575426 0.000036
v -0.071660 1.577011 0.032543
v -0.053247 1.578596 0.060102
v -0.025688 1.580182 0.078515
v 0.006819 1.581767 0.084981
v 0.039326 1.583353 0.078515
v 0.066884 1.584938 0.060102
v 0.085298 1.586523 0.032543
v 0.091764 1.588109 0.000036
v 0.085298 1.589694 -0.032471
v 0.066884 1.591280 -0.060029
v 0.039326 1.592865 -0.078443
v 0.006819 1.594450 -0.084909
v -0.021676 1.581768 -0.068756
v -0.045832 1.583353 -0.052615
v -0.061973 1.584939 -0.028458
v -0.067641 1.586524 0.000036
v -0.061973 1.588109 0.028531
v -0.045832 1.589695 0.052687
v -0.021676 1.591280 0.068828
v 0.006819 1.592865 0.074496
v 0.035313 1.594451 0.068828
v 0.059470 1.596036 0.052687
v 0.075611 1.597622 0.028531
v 0.081279 1.599207 0.000036
v 0.075611 1.600792 -0.028458
v 0.059470 1.602378 -0.052615
v 0.035313 1.603963 -0.068756
v 0.006819 1.605549 -0.074424
v -0.021676 1.584558 -0.068756
v -0.045832 1.586144 -0.052615
v -0.061973 1.587729 -0.028458
v -0.067641 1.589314 0.000036
v -0.061973 1.590900 0.028531
v -0.045832 1.592485 0.052687
v -0.021676 1.594071 0.068828
v 0.006819 1.595656 0.074496
v 0.035313 1.597241 0.068828
v 0.059470 1.598827 0.052687
v 0.075611 1.600412 0.028531
v 0.081279 1.601997 0.000036
v 0.078598 1.604671 -0.031121
v 0.059678 1.605271 -0.052785
v 0.035313 1.606754 -0.068756
v 0.006819 1.608339 -0.074424
v -0.025688 1.596036 -0.078443
v -0.053247 1.597621 -0.060029
v -0.071660 1.599207 -0.032471
v -0.078126 1.600792 0.000036
v -0.071660 1.602378 0.032543
v -0.053247 1.603963 0.060102
v -0.025688 1.605548 0.078515
v 0.006819 1.607134 0.084981
v 0.039305 1.608719 0.078466
v 0.065903 1.610304 0.059121
v 0.082784 1.611890 0.031502
v 0.087709 1.613475 0.000036
v 0.077262 1.613635 -0.027833
v -0.021676 1.607134 -0.068756
v -0.045832 1.608719 -0.052615
v -0.061973 1.610305 -0.028458
v -0.067641 1.611891 0.000036
v -0.061973 1.613476 0.028531
v -0.045832 1.615061 0.052687
v -0.021676 1.616647 0.068828
v 0.006819 1.618232 0.074496
v 0.035313 1.619817 0.068828
v 0.059470 1.621403 0.052687
v 0.075611 1.622988 0.028531
v 0.081279 1.624574 0.000036
v 0.073183 1.625148 -0.026357
v -0.021676 1.609925 -0.068756
v -0.045832 1.611510 -0.052615
v -0.061973 1.613095 -0.028458
v -0.067641 1.614681 0.000036
v -0.061973 1.616266 0.028531
v -0.045832 1.617851 0.052687
v -0.021676 1.619437 0.068828
v 0.006819 1.621022 0.074496
v 0.035313 1.622608 0.068828
v 0.059470 1.624193 0.052687
v 0.075611 1.625778 0.028531
v 0.080559 1.627364 0.000036
v 0.071944 1.628172 -0.026163
v 0.065176 1.639586 0.024541
v 0.007181 1.639547 -0.063706
v 0.030548 1.639479 0.058644
v 0.051254 1.639536 0.045037
v 0.070195 1.639620 0.000278
v 0.067037 1.640255 -0.025341
v 0.051256 1.639340 -0.044176
v 0.031444 1.639594 -0.058687
v -0.038548 1.639345 0.044350
v -0.018052 1.639376 0.058273
v 0.006211 1.639423 0.063292
v -0.056803 1.639350 -0.000692
v -0.052155 1.639336 0.023645
v -0.017156 1.639491 -0.059058
v -0.037862 1.639433 -0.045451
v -0.051784 1.639384 -0.024955
v 0.088531 1.461622 -0.016217
v 0.053105 1.461622 -0.069236
v -0.009435 1.461622 -0.081676
v -0.062454 1.461622 -0.046250
v 0.021066 1.461622 0.071662
v 0.067540 1.461622 0.040609
v 0.081279 1.461622 0.000036
v -0.033754 1.461622 0.060758
v -0.074893 1.461622 0.016290
v -0.053247 1.461622 0.060101
v 0.231453 0.841674 0.406354
v 0.279072 0.832926 0.406354
v 0.276451 0.859544 0.406354
v 0.311645 0.834526 0.406354
v 0.308710 0.864329 0.406354
v 0.338717 0.848373 0.406354
v 0.337963 0.856030 0.406354
v 0.231453 0.841674 0.429572
v 0.279072 0.832926 0.429572
v 0.276451 0.859544 0.429572
v 0.311645 0.834526 0.429572
v 0.308710 0.864329 0.429572
v 0.338717 0.848373 0.429572
v 0.337963 0.856030 0.429572
v 0.222822 0.885065 0.406354
v 0.271233 0.885776 0.406354
v 0.263469 0.911370 0.406354
v 0.302868 0.893700 0.406354
v 0.294175 0.922357 0.406354
v 0.326718 0.912561 0.406354
v 0.324484 0.919925 0.406354
v 0.222822 0.885065 0.429572
v 0.271233 0.885776 0.429572
v 0.263469 0.911370 0.429572
v 0.302868 0.893700 0.429572
v 0.294175 0.922357 0.429572
v 0.326718 0.912561 0.429572
v 0.324484 0.919925 0.429572
v 0.205892 0.925939 0.406354
v 0.253234 0.936081 0.406354
v 0.240626 0.959669 0.406354
v 0.282715 0.950024 0.406354
v 0.268598 0.976434 0.406354
v 0.302427 0.973176 0.406354
v 0.298800 0.979962 0.406354
v 0.205892 0.925939 0.429572
v 0.253234 0.936081 0.429572
v 0.240626 0.959669 0.429572
v 0.282715 0.950024 0.429572
v 0.268598 0.976434 0.429572
v 0.302427 0.973176 0.429572
v 0.298800 0.979962 0.429572
v 0.181312 0.962725 0.406354
v 0.225766 0.981907 0.406354
v 0.208799 1.002582 0.406354
v 0.251960 1.001334 0.406354
v 0.232963 1.024483 0.406354
v 0.266777 1.027887 0.406354
v 0.261896 1.033835 0.406354
v 0.181312 0.962725 0.429572
v 0.225766 0.981907 0.429572
v 0.208799 1.002582 0.429572
v 0.251960 1.001334 0.429572
v 0.232963 1.024483 0.429572
v 0.266777 1.027887 0.429572
v 0.261896 1.033835 0.429572
v 0.150029 0.994008 0.406354
v 0.189886 1.021495 0.406354
v 0.169211 1.038462 0.406354
v 0.211787 1.045659 0.406354
v 0.188638 1.064656 0.406354
v 0.221139 1.074592 0.406354
v 0.215191 1.079473 0.406354
v 0.150029 0.994008 0.429572
v 0.189886 1.021495 0.429572
v 0.169211 1.038462 0.429572
v 0.211787 1.045659 0.429572
v 0.188638 1.064656 0.429572
v 0.221139 1.074592 0.429572
v 0.215191 1.079473 0.429572
v 0.113243 1.018588 0.406354
v 0.146972 1.053322 0.406354
v 0.123384 1.065930 0.406354
v 0.163738 1.081294 0.406354
v 0.137328 1.095411 0.406354
v 0.167266 1.111496 0.406354
v 0.160480 1.115123 0.406354
v 0.113243 1.018588 0.429572
v 0.146972 1.053322 0.429572
v 0.123384 1.065930 0.429572
v 0.163738 1.081294 0.429572
v 0.137328 1.095411 0.429572
v 0.167266 1.111496 0.429572
v 0.160480 1.115123 0.429572
v 0.072369 1.035518 0.406354
v 0.098674 1.076165 0.406354
v 0.073080 1.083929 0.406354
v 0.109661 1.106871 0.406354
v 0.081004 1.115564 0.406354
v 0.107229 1.137180 0.406354
v 0.099865 1.139414 0.406354
v 0.072369 1.035518 0.429572
v 0.098674 1.076165 0.429572
v 0.073080 1.083929 0.429572
v 0.109661 1.106871 0.429572
v 0.081004 1.115564 0.429572
v 0.107229 1.137180 0.429572
v 0.099865 1.139414 0.429572
v 0.028978 1.044149 0.406354
v 0.046847 1.089147 0.406354
v 0.020230 1.091769 0.406354
v 0.051633 1.121406 0.406354
v 0.021830 1.124341 0.406354
v 0.043334 1.150659 0.406354
v 0.035676 1.151413 0.406354
v 0.028978 1.044149 0.429572
v 0.046847 1.089147 0.429572
v 0.020230 1.091769 0.429572
v 0.051633 1.121406 0.429572
v 0.021830 1.124341 0.429572
v 0.043334 1.150659 0.429572
v 0.035676 1.151413 0.429572
v -0.015264 1.044149 0.406354
v -0.006516 1.091769 0.406354
v -0.033133 1.089147 0.406354
v -0.008116 1.124341 0.406354
v -0.037919 1.121406 0.406354
v -0.021962 1.151413 0.406354
v -0.029620 1.150659 0.406354
v -0.015264 1.044149 0.429572
v -0.006516 1.091769 0.429572
v -0.033133 1.089147 0.429572
v -0.008116 1.124341 0.429572
v -0.037919 1.121406 0.429572
v -0.021962 1.151413 0.429572
v -0.029620 1.150659 0.429572
v -0.058655 1.035518 0.406354
v -0.059366 1.083929 0.406354
v -0.084960 1.076165 0.406354
v -0.067290 1.115564 0.406354
v -0.095947 1.106871 0.406354
v -0.086151 1.139414 0.406354
v -0.093515 1.137180 0.406354
v -0.058655 1.035518 0.429572
v -0.059366 1.083929 0.429572
v -0.084960 1.076165 0.429572
v -0.067290 1.115564 0.429572
v -0.095947 1.106871 0.429572
v -0.086151 1.139414 0.429572
v -0.093515 1.137180 0.429572
v -0.099529 1.018588 0.406354
v -0.109670 1.065930 0.406354
v -0.133258 1.053322 0.406354
v -0.123614 1.095411 0.406354
v -0.150024 1.081294 0.406354
v -0.146766 1.115123 0.406354
v -0.153552 1.111496 0.406354
v -0.099529 1.018588 0.429572
v -0.109670 1.065930 0.429572
v -0.133258 1.053322 0.429572
v -0.123614 1.095411 0.429572
v -0.150024 1.081294 0.429572
v -0.146766 1.115123 0.429572
v -0.153552 1.111496 0.429572
v -0.136315 0.994008 0.406354
v -0.155497 1.038462 0.406354
v -0.176172 1.021495 0.406354
v -0.174924 1.064656 0.406354
v -0.198073 1.045659 0.406354
v -0.201477 1.079473 0.406354
v -0.207425 1.074592 0.406354
v -0.136315 0.994008 0.429572
v -0.155497 1.038462 0.429572
v -0.176172 1.021495 0.429572
v -0.174924 1.064656 0.429572
v -0.198073 1.045659 0.429572
v -0.201477 1.079473 0.429572
v -0.207425 1.074592 0.429572
v -0.167598 0.962725 0.406354
v -0.195085 1.002582 0.406354
v -0.212052 0.981907 0.406354
v -0.219249 1.024483 0.406354
v -0.238246 1.001334 0.406354
v -0.248182 1.033835 0.406354
v -0.253063 1.027887 0.406354
v -0.167598 0.962725 0.429572
v -0.195085 1.002582 0.429572
v -0.212052 0.981907 0.429572
v -0.219249 1.024483 0.429572
v -0.238246 1.001334 0.429572
v -0.248182 1.033835 0.429572
v -0.253063 1.027887 0.429572
v -0.192178 0.925939 0.406354
v -0.226912 0.959669 0.406354
v -0.239520 0.936081 0.406354
v -0.254884 0.976434 0.406354
v -0.269001 0.950024 0.406354
v -0.285086 0.979962 0.406354
v -0.288713 0.973176 0.406354
v -0.192178 0.925939 0.429572
v -0.226912 0.959669 0.429572
v -0.239520 0.936081 0.429572
v -0.254884 0.976434 0.429572
v -0.269001 0.950024 0.429572
v -0.285086 0.979962 0.429572
v -0.288713 0.973176 0.429572
v -0.209108 0.885065 0.406354
v -0.249755 0.911370 0.406354
v -0.257519 0.885776 0.406354
v -0.280461 0.922357 0.406354
v -0.289154 0.893700 0.406354
v -0.310770 0.919925 0.406354
v -0.313004 0.912561 0.406354
v -0.209108 0.885065 0.429572
v -0.249755 0.911370 0.429572
v -0.257519 0.885776 0.429572
v -0.280461 0.922357 0.429572
v -0.289154 0.893700 0.429572
v -0.310770 0.919925 0.429572
v -0.313004 0.912561 0.429572
v -0.217739 0.841674 0.406354
v -0.262737 0.859544 0.406354
v -0.265358 0.832926 0.406354
v -0.294996 0.864329 0.406354
v -0.297931 0.834526 0.406354
v -0.324249 0.856030 0.406354
v -0.325003 0.848373 0.406354
v -0.217739 0.841674 0.429572
v -0.262737 0.859544 0.429572
v -0.265358 0.832926 0.429572
v -0.294996 0.864329 0.429572
v -0.297931 0.834526 0.429572
v -0.324249 0.856030 0.429572
v -0.325003 0.848373 0.429572
v -0.217739 0.797432 0.406354
v -0.265358 0.806180 0.406354
v -0.262737 0.779563 0.406354
v -0.297931 0.804580 0.406354
v -0.294996 0.774778 0.406354
v -0.325003 0.790734 0.406354
v -0.324249 0.783076 0.406354
v -0.217739 0.797432 0.429572
v -0.265358 0.806180 0.429572
v -0.262737 0.779563 0.429572
v -0.297931 0.804580 0.429572
v -0.294996 0.774778 0.429572
v -0.325003 0.790734 0.429572
v -0.324249 0.783076 0.429572
v -0.209108 0.754041 0.406354
v -0.257519 0.753331 0.406354
v -0.249755 0.727736 0.406354
v -0.289154 0.745406 0.406354
v -0.280461 0.716749 0.406354
v -0.313004 0.726545 0.406354
v -0.310770 0.719182 0.406354
v -0.209108 0.754041 0.429572
v -0.257519 0.753331 0.429572
v -0.249755 0.727736 0.429572
v -0.289154 0.745406 0.429572
v -0.280461 0.716749 0.429572
v -0.313004 0.726545 0.429572
v -0.310770 0.719182 0.429572
v -0.192178 0.713167 0.406354
v -0.239520 0.703026 0.406354
v -0.226912 0.679438 0.406354
v -0.269001 0.689082 0.406354
v -0.254884 0.662672 0.406354
v -0.288713 0.665930 0.406354
v -0.285086 0.659144 0.406354
v -0.192178 0.713167 0.429572
v -0.239520 0.703026 0.429572
v -0.226912 0.679438 0.429572
v -0.269001 0.689082 0.429572
v -0.254884 0.662672 0.429572
v -0.288713 0.665930 0.429572
v -0.285086 0.659144 0.429572
v -0.167598 0.676381 0.406354
v -0.212052 0.657199 0.406354
v -0.195085 0.636524 0.406354
v -0.238246 0.637772 0.406354
v -0.219249 0.614623 0.406354
v -0.253063 0.611219 0.406354
v -0.248182 0.605271 0.406354
v -0.167598 0.676381 0.429572
v -0.212052 0.657199 0.429572
v -0.195085 0.636524 0.429572
v -0.238246 0.637772 0.429572
v -0.219249 0.614623 0.429572
v -0.253063 0.611219 0.429572
v -0.248182 0.605271 0.429572
v -0.136315 0.645098 0.406354
v -0.176172 0.617612 0.406354
v -0.155497 0.600644 0.406354
v -0.198073 0.593448 0.406354
v -0.174924 0.574450 0.406354
v -0.207425 0.564514 0.406354
v -0.201477 0.559633 0.406354
v -0.136315 0.645098 0.429572
v -0.176172 0.617612 0.429572
v -0.155497 0.600644 0.429572
v -0.198073 0.593448 0.429572
v -0.174924 0.574450 0.429572
v -0.207425 0.564514 0.429572
v -0.201477 0.559633 0.429572
v -0.099529 0.620519 0.406354
v -0.133258 0.585784 0.406354
v -0.109670 0.573176 0.406354
v -0.150024 0.557812 0.406354
v -0.123614 0.543696 0.406354
v -0.153552 0.527610 0.406354
v -0.146766 0.523983 0.406354
v -0.099529 0.620519 0.429572
v -0.133258 0.585784 0.429572
v -0.109670 0.573176 0.429572
v -0.150024 0.557812 0.429572
v -0.123614 0.543696 0.429572
v -0.153552 0.527610 0.429572
v -0.146766 0.523983 0.429572
v -0.058655 0.603588 0.406354
v -0.084960 0.562941 0.406354
v -0.059366 0.555177 0.406354
v -0.095947 0.532235 0.406354
v -0.067290 0.523542 0.406354
v -0.093515 0.501926 0.406354
v -0.086151 0.499692 0.406354
v -0.058655 0.603588 0.429572
v -0.084960 0.562941 0.429572
v -0.059366 0.555177 0.429572
v -0.095947 0.532235 0.429572
v -0.067290 0.523542 0.429572
v -0.093515 0.501926 0.429572
v -0.086151 0.499692 0.429572
v -0.015264 0.594957 0.406354
v -0.033133 0.549959 0.406354
v -0.006516 0.547338 0.406354
v -0.037919 0.517700 0.406354
v -0.008116 0.514765 0.406354
v -0.029620 0.488447 0.406354
v -0.021962 0.487693 0.406354
v -0.015264 0.594957 0.429572
v -0.033133 0.549959 0.429572
v -0.006516 0.547338 0.429572
v -0.037919 0.517700 0.429572
v -0.008116 0.514765 0.429572
v -0.029620 0.488447 0.429572
v -0.021962 0.487693 0.429572
v 0.028978 0.594957 0.406354
v 0.020230 0.547338 0.406354
v 0.046847 0.549959 0.406354
v 0.021830 0.514765 0.406354
v 0.051633 0.517700 0.406354
v 0.035676 0.487693 0.406354
v 0.043334 0.488447 0.406354
v 0.028978 0.594957 0.429572
v 0.020230 0.547338 0.429572
v 0.046847 0.549959 0.429572
v 0.021830 0.514765 0.429572
v 0.051633 0.517700 0.429572
v 0.035676 0.487693 0.429572
v 0.043334 0.488447 0.429572
v 0.072369 0.603588 0.406354
v 0.073080 0.555177 0.406354
v 0.098674 0.562941 0.406354
v 0.081004 0.523542 0.406354
v 0.109661 0.532235 0.406354
v 0.099865 0.499692 0.406354
v 0.107229 0.501926 0.406354
v 0.072369 0.603588 0.429572
v 0.073080 0.555177 0.429572
v 0.098674 0.562941 0.429572
v 0.081004 0.523542 0.429572
v 0.109661 0.532235 0.429572
v 0.099865 0.499692 0.429572
v 0.107229 0.501926 0.429572
v 0.113243 0.620519 0.406354
v 0.123384 0.573176 0.406354
v 0.146972 0.585784 0.406354
v 0.137328 0.543696 0.406354
v 0.163738 0.557812 0.406354
v 0.160480 0.523983 0.406354
v 0.167266 0.527610 0.406354
v 0.113243 0.620519 0.429572
v 0.123384 0.573176 0.429572
v 0.146972 0.585784 0.429572
v 0.137328 0.543696 0.429572
v 0.163738 0.557812 0.429572
v 0.160480 0.523983 0.429572
v 0.167266 0.527610 0.429572
v 0.150029 0.645098 0.406354
v 0.169211 0.600644 0.406354
v 0.189886 0.617612 0.406354
v 0.188638 0.574450 0.406354
v 0.211787 0.593448 0.406354
v 0.215191 0.559633 0.406354
v 0.221139 0.564514 0.406354
v 0.150029 0.645098 0.429572
v 0.169211 0.600644 0.429572
v 0.189886 0.617612 0.429572
v 0.188638 0.574450 0.429572
v 0.211787 0.593448 0.429572
v 0.215191 0.559633 0.429572
v 0.221139 0.564514 0.429572
v 0.181312 0.676381 0.406354
v 0.208799 0.636524 0.406354
v 0.225766 0.657199 0.406354
v 0.232963 0.614623 0.406354
v 0.251960 0.637772 0.406354
v 0.261896 0.605271 0.406354
v 0.266777 0.611219 0.406354
v 0.181312 0.676381 0.429572
v 0.208799 0.636524 0.429572
v 0.225766 0.657199 0.429572
v 0.232963 0.614623 0.429572
v 0.251960 0.637772 0.429572
v 0.261896 0.605271 0.429572
v 0.266777 0.611219 0.429572
v 0.205892 0.713167 0.406354
v 0.240626 0.679438 0.406354
v 0.253234 0.703026 0.406354
v 0.268598 0.662672 0.406354
v 0.282715 0.689082 0.406354
v 0.298800 0.659144 0.406354
v 0.302427 0.665930 0.406354
v 0.205892 0.713167 0.429572
v 0.240626 0.679438 0.429572
v 0.253234 0.703026 0.429572
v 0.268598 0.662672 0.429572
v 0.282715 0.689082 0.429572
v 0.298800 0.659144 0.429572
v 0.302427 0.665930 0.429572
v 0.222822 0.754041 0.406354
v 0.263469 0.727736 0.406354
v 0.271233 0.753331 0.406354
v 0.294175 0.716749 0.406354
v 0.302868 0.745406 0.406354
v 0.324484 0.719182 0.406354
v 0.326718 0.726545 0.406354
v 0.222822 0.754041 0.429572
v 0.263469 0.727736 0.429572
v 0.271233 0.753331 0.429572
v 0.294175 0.716749 0.429572
v 0.302868 0.745406 0.429572
v 0.324484 0.719182 0.429572
v 0.326718 0.726545 0.429572
v 0.231453 0.797432 0.406354
v 0.276451 0.779563 0.406354
v 0.279072 0.806180 0.406354
v 0.308710 0.774778 0.406354
v 0.311645 0.804580 0.406354
v 0.337963 0.783076 0.406354
v 0.338717 0.790734 0.406354
v 0.231453 0.797432 0.429572
v 0.276451 0.779563 0.429572
v 0.279072 0.806180 0.429572
v 0.308710 0.774778 0.429572
v 0.311645 0.804580 0.429572
v 0.337963 0.783076 0.429572
v 0.338717 0.790734 0.429572
v 0.063395 0.950077 0.409651
v 0.091625 0.933778 0.409651
v 0.065553 0.921218 0.435425
v 0.148162 0.835852 0.409651
v 0.148162 0.803254 0.409651
v 0.124249 0.819553 0.435425
v 0.091625 0.705329 0.409651
v 0.063394 0.689030 0.409651
v 0.065553 0.717889 0.435425
v -0.049681 0.689030 0.409651
v -0.077911 0.705329 0.409651
v -0.051839 0.717889 0.435425
v -0.134448 0.803255 0.409651
v -0.134448 0.835852 0.409651
v -0.110535 0.819553 0.435425
v -0.077911 0.933778 0.409651
v -0.049680 0.950077 0.409651
v -0.051839 0.921218 0.435425
v 0.134920 1.008767 0.409651
v 0.106689 1.025065 0.409651
v 0.106689 1.025065 0.426275
v 0.134920 1.008767 0.426275
v 0.234752 0.835852 0.426275
v 0.234752 0.803255 0.426275
v 0.234752 0.803255 0.409651
v 0.234752 0.835852 0.409651
v 0.134920 0.630340 0.426275
v 0.106689 0.614041 0.426275
v 0.106689 0.614041 0.409651
v 0.134920 0.630340 0.409651
v -0.092975 0.614041 0.426275
v -0.121206 0.630340 0.426275
v -0.121206 0.630340 0.409651
v -0.092975 0.614041 0.409651
v -0.221038 0.803255 0.426275
v -0.221038 0.835852 0.426275
v -0.221038 0.835852 0.409651
v -0.221038 0.803255 0.409651
v -0.121206 1.008767 0.426275
v -0.092975 1.025065 0.426275
v -0.092975 1.025065 0.409651
v -0.121206 1.008767 0.409651
v 0.063395 0.950077 0.426275
v 0.091625 0.933778 0.426275
v 0.148162 0.835852 0.426275
v 0.148162 0.803254 0.426275
v 0.091625 0.705329 0.426275
v 0.063394 0.689030 0.426275
v -0.049681 0.689030 0.426275
v -0.077911 0.705329 0.426275
v -0.134448 0.803255 0.426275
v -0.134448 0.835852 0.426275
v -0.077911 0.933778 0.426275
v -0.049680 0.950077 0.426275
v 0.231453 0.841674 -0.406312
v 0.279072 0.832926 -0.406312
v 0.276451 0.859544 -0.406312
v 0.311645 0.834526 -0.406312
v 0.308710 0.864329 -0.406312
v 0.338717 0.848373 -0.406312
v 0.337963 0.856030 -0.406312
v 0.231453 0.841674 -0.429530
v 0.279072 0.832926 -0.429530
v 0.276451 0.859544 -0.429530
v 0.311645 0.834526 -0.429530
v 0.308710 0.864329 -0.429530
v 0.338717 0.848373 -0.429530
v 0.337963 0.856030 -0.429530
v 0.222822 0.885065 -0.406312
v 0.271233 0.885776 -0.406312
v 0.263469 0.911370 -0.406312
v 0.302868 0.893700 -0.406312
v 0.294175 0.922357 -0.406312
v 0.326718 0.912561 -0.406312
v 0.324484 0.919925 -0.406312
v 0.222822 0.885065 -0.429530
v 0.271233 0.885776 -0.429530
v 0.263469 0.911370 -0.429530
v 0.302868 0.893700 -0.429530
v 0.294175 0.922357 -0.429530
v 0.326718 0.912561 -0.429530
v 0.324484 0.919925 -0.429530
v 0.205892 0.925939 -0.406312
v 0.253234 0.936081 -0.406312
v 0.240626 0.959669 -0.406312
v 0.282715 0.950024 -0.406312
v 0.268598 0.976435 -0.406312
v 0.302427 0.973176 -0.406312
v 0.298800 0.979962 -0.406312
v 0.205892 0.925939 -0.429530
v 0.253234 0.936081 -0.429530
v 0.240626 0.959669 -0.429530
v 0.282715 0.950024 -0.429530
v 0.268598 0.976434 -0.429530
v 0.302427 0.973176 -0.429530
v 0.298800 0.979962 -0.429530
v 0.181312 0.962725 -0.406312
v 0.225766 0.981907 -0.406312
v 0.208799 1.002582 -0.406312
v 0.251960 1.001334 -0.406312
v 0.232963 1.024483 -0.406312
v 0.266777 1.027887 -0.406312
v 0.261896 1.033835 -0.406312
v 0.181312 0.962725 -0.429530
v 0.225766 0.981907 -0.429530
v 0.208799 1.002582 -0.429530
v 0.251960 1.001334 -0.429530
v 0.232963 1.024483 -0.429530
v 0.266777 1.027887 -0.429530
v 0.261896 1.033835 -0.429530
v 0.150029 0.994008 -0.406312
v 0.189886 1.021495 -0.406312
v 0.169211 1.038462 -0.406312
v 0.211787 1.045659 -0.406312
v 0.188638 1.064656 -0.406312
v 0.221139 1.074592 -0.406312
v 0.215191 1.079473 -0.406312
v 0.150029 0.994008 -0.429530
v 0.189886 1.021495 -0.429530
v 0.169211 1.038462 -0.429530
v 0.211787 1.045658 -0.429530
v 0.188638 1.064656 -0.429530
v 0.221139 1.074592 -0.429530
v 0.215191 1.079473 -0.429530
v 0.113243 1.018588 -0.406312
v 0.146972 1.053322 -0.406312
v 0.123384 1.065930 -0.406312
v 0.163738 1.081294 -0.406312
v 0.137328 1.095411 -0.406312
v 0.167266 1.111496 -0.406312
v 0.160480 1.115123 -0.406312
v 0.113243 1.018588 -0.429530
v 0.146972 1.053321 -0.429530
v 0.123384 1.065930 -0.429530
v 0.163738 1.081294 -0.429530
v 0.137328 1.095411 -0.429530
v 0.167266 1.111496 -0.429530
v 0.160480 1.115123 -0.429530
v 0.072369 1.035518 -0.406312
v 0.098674 1.076165 -0.406312
v 0.073080 1.083929 -0.406312
v 0.109661 1.106871 -0.406312
v 0.081004 1.115564 -0.406312
v 0.107229 1.137180 -0.406312
v 0.099865 1.139414 -0.406312
v 0.072369 1.035518 -0.429530
v 0.098674 1.076165 -0.429530
v 0.073080 1.083929 -0.429530
v 0.109661 1.106871 -0.429530
v 0.081004 1.115564 -0.429530
v 0.107229 1.137181 -0.429530
v 0.099865 1.139414 -0.429530
v 0.028978 1.044149 -0.406312
v 0.046847 1.089147 -0.406312
v 0.020230 1.091769 -0.406312
v 0.051633 1.121406 -0.406312
v 0.021830 1.124341 -0.406312
v 0.043334 1.150659 -0.406312
v 0.035676 1.151413 -0.406312
v 0.028978 1.044149 -0.429530
v 0.046847 1.089147 -0.429530
v 0.020230 1.091769 -0.429530
v 0.051633 1.121406 -0.429530
v 0.021830 1.124341 -0.429530
v 0.043334 1.150659 -0.429530
v 0.035676 1.151413 -0.429530
v -0.015264 1.044149 -0.406312
v -0.006516 1.091769 -0.406312
v -0.033133 1.089147 -0.406312
v -0.008116 1.124341 -0.406312
v -0.037919 1.121406 -0.406312
v -0.021962 1.151413 -0.406312
v -0.029620 1.150659 -0.406312
v -0.015264 1.044149 -0.429530
v -0.006516 1.091769 -0.429530
v -0.033133 1.089147 -0.429530
v -0.008116 1.124341 -0.429530
v -0.037919 1.121406 -0.429530
v -0.021962 1.151413 -0.429530
v -0.029620 1.150659 -0.429530
v -0.058655 1.035518 -0.406312
v -0.059366 1.083929 -0.406312
v -0.084960 1.076165 -0.406312
v -0.067290 1.115564 -0.406312
v -0.095947 1.106871 -0.406312
v -0.086151 1.139414 -0.406312
v -0.093515 1.137180 -0.406312
v -0.058655 1.035518 -0.429530
v -0.059366 1.083929 -0.429530
v -0.084960 1.076165 -0.429530
v -0.067290 1.115564 -0.429530
v -0.095947 1.106871 -0.429530
v -0.086151 1.139414 -0.429530
v -0.093515 1.137181 -0.429530
v -0.099529 1.018588 -0.406312
v -0.109670 1.065930 -0.406312
v -0.133258 1.053322 -0.406312
v -0.123614 1.095411 -0.406312
v -0.150024 1.081294 -0.406312
v -0.146766 1.115123 -0.406312
v -0.153552 1.111496 -0.406312
v -0.099529 1.018588 -0.429530
v -0.109670 1.065930 -0.429530
v -0.133258 1.053321 -0.429530
v -0.123614 1.095411 -0.429530
v -0.150024 1.081294 -0.429530
v -0.146766 1.115123 -0.429530
v -0.153552 1.111496 -0.429530
v -0.136315 0.994008 -0.406312
v -0.155497 1.038462 -0.406312
v -0.176172 1.021495 -0.406312
v -0.174924 1.064656 -0.406312
v -0.198073 1.045659 -0.406312
v -0.201477 1.079473 -0.406312
v -0.207425 1.074592 -0.406312
v -0.136315 0.994008 -0.429530
v -0.155497 1.038462 -0.429530
v -0.176172 1.021495 -0.429530
v -0.174924 1.064656 -0.429530
v -0.198073 1.045658 -0.429530
v -0.201477 1.079473 -0.429530
v -0.207425 1.074592 -0.429530
v -0.167598 0.962725 -0.406312
v -0.195085 1.002582 -0.406312
v -0.212052 0.981907 -0.406312
v -0.219249 1.024483 -0.406312
v -0.238246 1.001334 -0.406312
v -0.248182 1.033835 -0.406312
v -0.253063 1.027887 -0.406312
v -0.167598 0.962725 -0.429530
v -0.195085 1.002582 -0.429530
v -0.212052 0.981907 -0.429530
v -0.219249 1.024483 -0.429530
v -0.238246 1.001334 -0.429530
v -0.248182 1.033835 -0.429530
v -0.253063 1.027887 -0.429530
v -0.192178 0.925939 -0.406312
v -0.226912 0.959669 -0.406312
v -0.239520 0.936081 -0.406312
v -0.254884 0.976435 -0.406312
v -0.269001 0.950024 -0.406312
v -0.285086 0.979962 -0.406312
v -0.288713 0.973176 -0.406312
v -0.192178 0.925939 -0.429530
v -0.226912 0.959669 -0.429530
v -0.239520 0.936081 -0.429530
v -0.254884 0.976434 -0.429530
v -0.269001 0.950024 -0.429530
v -0.285086 0.979962 -0.429530
v -0.288713 0.973176 -0.429530
v -0.209108 0.885065 -0.406312
v -0.249755 0.911370 -0.406312
v -0.257519 0.885776 -0.406312
v -0.280461 0.922357 -0.406312
v -0.289154 0.893700 -0.406312
v -0.310770 0.919925 -0.406312
v -0.313004 0.912561 -0.406312
v -0.209108 0.885065 -0.429530
v -0.249755 0.911370 -0.429530
v -0.257519 0.885776 -0.429530
v -0.280461 0.922357 -0.429530
v -0.289154 0.893700 -0.429530
v -0.310770 0.919925 -0.429530
v -0.313004 0.912561 -0.429530
v -0.217739 0.841674 -0.406312
v -0.262737 0.859544 -0.406312
v -0.265358 0.832926 -0.406312
v -0.294996 0.864329 -0.406312
v -0.297931 0.834526 -0.406312
v -0.324249 0.856030 -0.406312
v -0.325003 0.848373 -0.406312
v -0.217739 0.841674 -0.429530
v -0.262737 0.859544 -0.429530
v -0.265358 0.832926 -0.429530
v -0.294996 0.864329 -0.429530
v -0.297931 0.834526 -0.429530
v -0.324249 0.856030 -0.429530
v -0.325003 0.848373 -0.429530
v -0.217739 0.797432 -0.406312
v -0.265358 0.806180 -0.406312
v -0.262737 0.779563 -0.406312
v -0.297931 0.804580 -0.406312
v -0.294996 0.774778 -0.406312
v -0.325003 0.790734 -0.406312
v -0.324249 0.783076 -0.406312
v -0.217739 0.797432 -0.429530
v -0.265358 0.806180 -0.429530
v -0.262737 0.779563 -0.429530
v -0.297931 0.804580 -0.429530
v -0.294996 0.774778 -0.429530
v -0.325003 0.790734 -0.429530
v -0.324249 0.783076 -0.429530
v -0.209108 0.754041 -0.406312
v -0.257519 0.753331 -0.406312
v -0.249755 0.727736 -0.406312
v -0.289154 0.745406 -0.406312
v -0.280461 0.716749 -0.406312
v -0.313004 0.726545 -0.406312
v -0.310770 0.719182 -0.406312
v -0.209108 0.754041 -0.429530
v -0.257519 0.753331 -0.429530
v -0.249755 0.727736 -0.429530
v -0.289154 0.745406 -0.429530
v -0.280461 0.716749 -0.429530
v -0.313004 0.726545 -0.429530
v -0.310770 0.719182 -0.429530
v -0.192178 0.713167 -0.406312
v -0.239520 0.703026 -0.406312
v -0.226912 0.679438 -0.406312
v -0.269001 0.689082 -0.406312
v -0.254884 0.662672 -0.406312
v -0.288713 0.665930 -0.406312
v -0.285086 0.659144 -0.406312
v -0.192178 0.713167 -0.429530
v -0.239520 0.703026 -0.429530
v -0.226912 0.679438 -0.429530
v -0.269001 0.689082 -0.429530
v -0.254884 0.662672 -0.429530
v -0.288713 0.665930 -0.429530
v -0.285086 0.659144 -0.429530
v -0.167598 0.676381 -0.406312
v -0.212052 0.657199 -0.406312
v -0.195085 0.636524 -0.406312
v -0.238246 0.637772 -0.406312
v -0.219249 0.614623 -0.406312
v -0.253063 0.611219 -0.406312
v -0.248182 0.605271 -0.406312
v -0.167598 0.676381 -0.429530
v -0.212052 0.657199 -0.429530
v -0.195085 0.636524 -0.429530
v -0.238246 0.637772 -0.429530
v -0.219249 0.614623 -0.429530
v -0.253063 0.611219 -0.429530
v -0.248182 0.605271 -0.429530
v -0.136315 0.645098 -0.406312
v -0.176172 0.617612 -0.406312
v -0.155497 0.600644 -0.406312
v -0.198073 0.593448 -0.406312
v -0.174924 0.574450 -0.406312
v -0.207425 0.564514 -0.406312
v -0.201477 0.559633 -0.406312
v -0.136315 0.645098 -0.429530
v -0.176172 0.617612 -0.429530
v -0.155497 0.600644 -0.429530
v -0.198073 0.593448 -0.429530
v -0.174924 0.574450 -0.429530
v -0.207425 0.564514 -0.429530
v -0.201477 0.559633 -0.429530
v -0.099529 0.620519 -0.406312
v -0.133258 0.585785 -0.406312
v -0.109670 0.573176 -0.406312
v -0.150024 0.557812 -0.406312
v -0.123614 0.543696 -0.406312
v -0.153552 0.527610 -0.406312
v -0.146766 0.523983 -0.406312
v -0.099529 0.620519 -0.429530
v -0.133258 0.585784 -0.429530
v -0.109670 0.573177 -0.429530
v -0.150024 0.557812 -0.429530
v -0.123614 0.543696 -0.429530
v -0.153552 0.527611 -0.429530
v -0.146766 0.523983 -0.429530
v -0.058655 0.603588 -0.406312
v -0.084960 0.562941 -0.406312
v -0.059366 0.555177 -0.406312
v -0.095947 0.532235 -0.406312
v -0.067290 0.523542 -0.406312
v -0.093515 0.501926 -0.406312
v -0.086151 0.499692 -0.406312
v -0.058655 0.603588 -0.429530
v -0.084960 0.562941 -0.429530
v -0.059366 0.555177 -0.429530
v -0.095947 0.532236 -0.429530
v -0.067290 0.523542 -0.429530
v -0.093515 0.501926 -0.429530
v -0.086151 0.499692 -0.429530
v -0.015264 0.594957 -0.406312
v -0.033133 0.549959 -0.406312
v -0.006516 0.547338 -0.406312
v -0.037919 0.517700 -0.406312
v -0.008116 0.514765 -0.406312
v -0.029620 0.488447 -0.406312
v -0.021962 0.487693 -0.406312
v -0.015264 0.594957 -0.429530
v -0.033133 0.549959 -0.429530
v -0.006516 0.547338 -0.429530
v -0.037919 0.517700 -0.429530
v -0.008116 0.514765 -0.429530
v -0.029620 0.488447 -0.429530
v -0.021962 0.487693 -0.429530
v 0.028978 0.594957 -0.406312
v 0.020230 0.547338 -0.406312
v 0.046847 0.549959 -0.406312
v 0.021830 0.514765 -0.406312
v 0.051633 0.517700 -0.406312
v 0.035676 0.487693 -0.406312
v 0.043334 0.488447 -0.406312
v 0.028978 0.594957 -0.429530
v 0.020230 0.547338 -0.429530
v 0.046847 0.549959 -0.429530
v 0.021830 0.514765 -0.429530
v 0.051633 0.517700 -0.429530
v 0.035676 0.487693 -0.429530
v 0.043334 0.488447 -0.429530
v 0.072369 0.603588 -0.406312
v 0.073080 0.555177 -0.406312
v 0.098674 0.562941 -0.406312
v 0.081004 0.523542 -0.406312
v 0.109661 0.532235 -0.406312
v 0.099865 0.499692 -0.406312
v 0.107229 0.501926 -0.406312
v 0.072369 0.603588 -0.429530
v 0.073080 0.555177 -0.429530
v 0.098674 0.562941 -0.429530
v 0.081004 0.523542 -0.429530
v 0.109661 0.532236 -0.429530
v 0.099865 0.499692 -0.429530
v 0.107229 0.501926 -0.429530
v 0.113243 0.620519 -0.406312
v 0.123384 0.573176 -0.406312
v 0.146972 0.585785 -0.406312
v 0.137328 0.543696 -0.406312
v 0.163738 0.557812 -0.406312
v 0.160480 0.523983 -0.406312
v 0.167266 0.527610 -0.406312
v 0.113243 0.620519 -0.429530
v 0.123384 0.573177 -0.429530
v 0.146972 0.585784 -0.429530
v 0.137328 0.543696 -0.429530
v 0.163738 0.557812 -0.429530
v 0.160480 0.523983 -0.429530
v 0.167266 0.527611 -0.429530
v 0.150029 0.645098 -0.406312
v 0.169211 0.600644 -0.406312
v 0.189886 0.617612 -0.406312
v 0.188638 0.574450 -0.406312
v 0.211787 0.593448 -0.406312
v 0.215191 0.559633 -0.406312
v 0.221139 0.564514 -0.406312
v 0.150029 0.645098 -0.429530
v 0.169211 0.600644 -0.429530
v 0.189886 0.617612 -0.429530
v 0.188638 0.574450 -0.429530
v 0.211787 0.593448 -0.429530
v 0.215191 0.559633 -0.429530
v 0.221139 0.564514 -0.429530
v 0.181312 0.676381 -0.406312
v 0.208799 0.636524 -0.406312
v 0.225766 0.657199 -0.406312
v 0.232963 0.614623 -0.406312
v 0.251960 0.637772 -0.406312
v 0.261896 0.605271 -0.406312
v 0.266777 0.611219 -0.406312
v 0.181312 0.676381 -0.429530
v 0.208799 0.636524 -0.429530
v 0.225766 0.657199 -0.429530
v 0.232963 0.614623 -0.429530
v 0.251960 0.637772 -0.429530
v 0.261896 0.605271 -0.429530
v 0.266777 0.611219 -0.429530
v 0.205892 0.713167 -0.406312
v 0.240626 0.679438 -0.406312
v 0.253234 0.703026 -0.406312
v 0.268598 0.662672 -0.406312
v 0.282715 0.689082 -0.406312
v 0.298800 0.659144 -0.406312
v 0.302427 0.665930 -0.406312
v 0.205892 0.713167 -0.429530
v 0.240626 0.679438 -0.429530
v 0.253234 0.703026 -0.429530
v 0.268598 0.662672 -0.429530
v 0.282715 0.689082 -0.429530
v 0.298800 0.659144 -0.429530
v 0.302427 0.665930 -0.429530
v 0.222822 0.754041 -0.406312
v 0.263469 0.727736 -0.406312
v 0.271233 0.753331 -0.406312
v 0.294175 0.716749 -0.406312
v 0.302868 0.745406 -0.406312
v 0.324484 0.719182 -0.406312
v 0.326718 0.726545 -0.406312
v 0.222822 0.754041 -0.429530
v 0.263469 0.727736 -0.429530
v 0.271233 0.753331 -0.429530
v 0.294175 0.716749 -0.429530
v 0.302868 0.745406 -0.429530
v 0.324484 0.719182 -0.429530
v 0.326718 0.726545 -0.429530
v 0.231453 0.797432 -0.406312
v 0.276451 0.779563 -0.406312
v 0.279072 0.806180 -0.406312
v 0.308710 0.774778 -0.406312
v 0.311645 0.804580 -0.406312
v 0.337963 0.783076 -0.406312
v 0.338717 0.790734 -0.406312
v 0.231453 0.797432 -0.429530
v 0.276451 0.779563 -0.429530
v 0.279072 0.806180 -0.429530
v 0.308710 0.774778 -0.429530
v 0.311645 0.804580 -0.429530
v 0.337963 0.783076 -0.429530
v 0.338717 0.790734 -0.429530
v 0.063395 0.950077 -0.409609
v 0.091625 0.933778 -0.409609
v 0.065553 0.921218 -0.435383
v 0.148162 0.835852 -0.409609
v 0.148162 0.803254 -0.409609
v 0.124249 0.819553 -0.435383
v 0.091625 0.705329 -0.409609
v 0.063394 0.689030 -0.409609
v 0.065553 0.717889 -0.435383
v -0.049681 0.689030 -0.409609
v -0.077911 0.705329 -0.409609
v -0.051839 0.717889 -0.435383
v -0.134448 0.803255 -0.409609
v -0.134448 0.835852 -0.409609
v -0.110535 0.819553 -0.435383
v -0.077911 0.933778 -0.409609
v -0.049680 0.950077 -0.409609
v -0.051839 0.921218 -0.435383
v 0.134920 1.008767 -0.409609
v 0.106689 1.025065 -0.409609
v 0.106689 1.025065 -0.426234
v 0.134920 1.008767 -0.426234
v 0.234752 0.835852 -0.426233
v 0.234752 0.803255 -0.426233
v 0.234752 0.803255 -0.409609
v 0.234752 0.835852 -0.409609
v 0.134920 0.630340 -0.426233
v 0.106689 0.614041 -0.426233
v 0.106689 0.614041 -0.409609
v 0.134920 0.630340 -0.409609
v -0.092975 0.614041 -0.426233
v -0.121206 0.630340 -0.426233
v -0.121206 0.630340 -0.409609
v -0.092975 0.614041 -0.409609
v -0.221038 0.803255 -0.426233
v -0.221038 0.835852 -0.426233
v -0.221038 0.835852 -0.409609
v -0.221038 0.803255 -0.409609
v -0.121206 1.008767 -0.426234
v -0.092975 1.025065 -0.426234
v -0.092975 1.025065 -0.409609
v -0.121206 1.008767 -0.409609
v 0.063395 0.950077 -0.426233
v 0.091625 0.933778 -0.426233
v 0.148162 0.835852 -0.426233
v 0.148162 0.803254 -0.426233
v 0.091625 0.705329 -0.426233
v 0.063394 0.689030 -0.426233
v -0.049681 0.689030 -0.426233
v -0.077911 0.705329 -0.426233
v -0.134448 0.803255 -0.426233
v -0.134448 0.835852 -0.426233
v -0.077911 0.933778 -0.426233
v -0.049680 0.950077 -0.426233
v 0.925447 0.527991 0.478993
v 0.940376 0.461350 0.522973
v 0.955304 0.498134 0.506875
v 0.966232 0.517063 0.478993
v 0.977160 0.476278 0.506875
v 0.996089 0.487206 0.478993
v 0.998581 0.488645 0.462895
v 0.945840 0.440957 0.522973
v 0.985160 0.446421 0.506875
v 1.007017 0.446421 0.478993
v 1.009894 0.446421 0.462895
v 0.977160 0.416565 0.506875
v 0.996089 0.405637 0.478993
v 0.930911 0.426029 0.522973
v 0.955304 0.394708 0.506875
v 0.966232 0.375780 0.478993
v 0.967671 0.373288 0.462895
v 0.925447 0.386708 0.506875
v 0.925447 0.364852 0.478993
v 0.925447 0.361974 0.462895
v 0.910519 0.431493 0.522973
v 0.895591 0.394708 0.506875
v 0.884662 0.375780 0.478993
v 0.925447 0.446421 0.525093
v 0.873734 0.416565 0.506875
v 0.854806 0.405637 0.478993
v 0.852314 0.404198 0.462895
v 0.905055 0.451886 0.522973
v 0.865734 0.446421 0.506875
v 0.843878 0.446421 0.478993
v 0.841000 0.446421 0.462895
v 0.873734 0.476278 0.506875
v 0.854806 0.487206 0.478993
v 0.852314 0.488645 0.462895
v 0.919983 0.466814 0.522973
v 0.895591 0.498134 0.506875
v 0.884662 0.517063 0.478993
v 0.883224 0.519555 0.462895
v 0.925447 0.506135 0.506875
v 0.925447 0.530868 0.462895
v 0.967671 0.519555 0.462895
v 0.998581 0.404198 0.462895
v 0.883224 0.373288 0.462895
v 0.925447 0.772888 0.478993
v 0.940376 0.706246 0.522973
v 0.955304 0.743031 0.506875
v 0.966232 0.761960 0.478993
v 0.977160 0.721175 0.506875
v 0.996089 0.732103 0.478993
v 0.998581 0.733542 0.462895
v 0.945840 0.685854 0.522973
v 0.985160 0.691318 0.506875
v 1.007017 0.691318 0.478993
v 1.009894 0.691318 0.462895
v 0.977160 0.661462 0.506875
v 0.996089 0.650533 0.478993
v 0.930911 0.670926 0.522973
v 0.955304 0.639605 0.506875
v 0.966232 0.620677 0.478993
v 0.967671 0.618185 0.462895
v 0.925447 0.631605 0.506875
v 0.925447 0.609748 0.478993
v 0.925447 0.606871 0.462895
v 0.910519 0.676390 0.522973
v 0.895591 0.639605 0.506875
v 0.884662 0.620677 0.478993
v 0.925447 0.691318 0.525093
v 0.873734 0.661462 0.506875
v 0.854806 0.650533 0.478993
v 0.852314 0.649095 0.462895
v 0.905055 0.696782 0.522973
v 0.865734 0.691318 0.506875
v 0.843878 0.691318 0.478993
v 0.841000 0.691318 0.462895
v 0.873734 0.721175 0.506875
v 0.854806 0.732103 0.478993
v 0.852314 0.733542 0.462895
v 0.919983 0.711710 0.522973
v 0.895591 0.743031 0.506875
v 0.884662 0.761960 0.478993
v 0.883224 0.764451 0.462895
v 0.925447 0.751031 0.506875
v 0.925447 0.775765 0.462895
v 0.967671 0.764451 0.462895
v 0.998581 0.649095 0.462895
v 0.883224 0.618185 0.462895
v 0.925447 1.017784 0.478993
v 0.940376 0.951143 0.522973
v 0.955304 0.987928 0.506875
v 0.966232 1.006856 0.478993
v 0.977160 0.966071 0.506875
v 0.996089 0.977000 0.478993
v 0.998581 0.978438 0.462895
v 0.945840 0.930750 0.522973
v 0.985160 0.936215 0.506875
v 1.007017 0.936215 0.478993
v 1.009894 0.936215 0.462895
v 0.977160 0.906358 0.506875
v 0.996089 0.895430 0.478993
v 0.930911 0.915822 0.522973
v 0.955304 0.884502 0.506875
v 0.966232 0.865573 0.478993
v 0.967671 0.863081 0.462895
v 0.925447 0.876502 0.506875
v 0.925447 0.854645 0.478993
v 0.925447 0.851768 0.462895
v 0.910519 0.921286 0.522973
v 0.895591 0.884502 0.506875
v 0.884662 0.865573 0.478993
v 0.925447 0.936215 0.525093
v 0.873734 0.906358 0.506875
v 0.854806 0.895430 0.478993
v 0.852314 0.893991 0.462895
v 0.905055 0.941679 0.522973
v 0.865734 0.936215 0.506875
v 0.843878 0.936215 0.478993
v 0.841000 0.936215 0.462895
v 0.873734 0.966071 0.506875
v 0.854806 0.977000 0.478993
v 0.852314 0.978438 0.462895
v 0.919983 0.956607 0.522973
v 0.895591 0.987928 0.506875
v 0.884662 1.006856 0.478993
v 0.883224 1.009348 0.462895
v 0.925447 0.995928 0.506875
v 0.925447 1.020662 0.462895
v 0.967671 1.009348 0.462895
v 0.998581 0.893991 0.462895
v 0.883224 0.863081 0.462895
v 0.925447 1.262681 0.478993
v 0.940376 1.196039 0.522973
v 0.955304 1.232824 0.506876
v 0.966232 1.251753 0.478993
v 0.977160 1.210968 0.506876
v 0.996089 1.221896 0.478993
v 0.998581 1.223335 0.462895
v 0.945840 1.175647 0.522973
v 0.985160 1.181111 0.506876
v 1.007017 1.181111 0.478993
v 1.009894 1.181111 0.462895
v 0.977160 1.151255 0.506876
v 0.996089 1.140326 0.478993
v 0.930911 1.160719 0.522973
v 0.955304 1.129398 0.506876
v 0.966232 1.110470 0.478993
v 0.967671 1.107978 0.462895
v 0.925447 1.121398 0.506876
v 0.925447 1.099542 0.478993
v 0.925447 1.096664 0.462895
v 0.910519 1.166183 0.522973
v 0.895591 1.129398 0.506876
v 0.884662 1.110470 0.478993
v 0.925447 1.181111 0.525093
v 0.873734 1.151255 0.506876
v 0.854806 1.140326 0.478993
v 0.852314 1.138888 0.462895
v 0.905055 1.186575 0.522973
v 0.865734 1.181111 0.506876
v 0.843878 1.181111 0.478993
v 0.841000 1.181111 0.462895
v 0.873734 1.210968 0.506876
v 0.854806 1.221896 0.478993
v 0.852314 1.223335 0.462895
v 0.919983 1.201504 0.522973
v 0.895591 1.232824 0.506876
v 0.884662 1.251753 0.478993
v 0.883224 1.254244 0.462895
v 0.925447 1.240824 0.506876
v 0.925447 1.265558 0.462895
v 0.967671 1.254244 0.462895
v 0.998581 1.138888 0.462895
v 0.883224 1.107978 0.462895
v -0.911733 0.527991 0.478993
v -0.926661 0.461350 0.522973
v -0.941590 0.498134 0.506875
v -0.952518 0.517063 0.478993
v -0.963446 0.476278 0.506875
v -0.982374 0.487206 0.478993
v -0.984866 0.488645 0.462895
v -0.932126 0.440957 0.522973
v -0.971446 0.446421 0.506875
v -0.993303 0.446421 0.478993
v -0.996180 0.446421 0.462895
v -0.963446 0.416565 0.506875
v -0.982374 0.405637 0.478993
v -0.917197 0.426029 0.522973
v -0.941590 0.394708 0.506875
v -0.952518 0.375780 0.478993
v -0.953957 0.373288 0.462895
v -0.911733 0.386708 0.506875
v -0.911733 0.364852 0.478993
v -0.911733 0.361974 0.462895
v -0.896805 0.431493 0.522973
v -0.881877 0.394708 0.506875
v -0.870948 0.375780 0.478993
v -0.911733 0.446421 0.525093
v -0.860020 0.416565 0.506875
v -0.841092 0.405637 0.478993
v -0.838600 0.404198 0.462895
v -0.891341 0.451886 0.522973
v -0.852020 0.446421 0.506875
v -0.830164 0.446421 0.478993
v -0.827286 0.446421 0.462895
v -0.860020 0.476278 0.506875
v -0.841092 0.487206 0.478993
v -0.838600 0.488645 0.462895
v -0.906269 0.466814 0.522973
v -0.881877 0.498134 0.506875
v -0.870948 0.517063 0.478993
v -0.869510 0.519555 0.462895
v -0.911733 0.506135 0.506875
v -0.911733 0.530868 0.462895
v -0.953957 0.519555 0.462895
v -0.984866 0.404198 0.462895
v -0.869510 0.373288 0.462895
v -0.911733 0.772888 0.478993
v -0.926661 0.706246 0.522973
v -0.941590 0.743031 0.506875
v -0.952518 0.761960 0.478993
v -0.963446 0.721175 0.506875
v -0.982374 0.732103 0.478993
v -0.984866 0.733542 0.462895
v -0.932126 0.685854 0.522973
v -0.971446 0.691318 0.506875
v -0.993303 0.691318 0.478993
v -0.996180 0.691318 0.462895
v -0.963446 0.661462 0.506875
v -0.982374 0.650533 0.478993
v -0.917197 0.670926 0.522973
v -0.941590 0.639605 0.506875
v -0.952518 0.620677 0.478993
v -0.953957 0.618185 0.462895
v -0.911733 0.631605 0.506875
v -0.911733 0.609748 0.478993
v -0.911733 0.606871 0.462895
v -0.896805 0.676390 0.522973
v -0.881877 0.639605 0.506875
v -0.870948 0.620677 0.478993
v -0.911733 0.691318 0.525093
v -0.860020 0.661462 0.506875
v -0.841092 0.650533 0.478993
v -0.838600 0.649095 0.462895
v -0.891341 0.696782 0.522973
v -0.852020 0.691318 0.506875
v -0.830164 0.691318 0.478993
v -0.827286 0.691318 0.462895
v -0.860020 0.721175 0.506875
v -0.841092 0.732103 0.478993
v -0.838600 0.733542 0.462895
v -0.906269 0.711710 0.522973
v -0.881877 0.743031 0.506875
v -0.870948 0.761960 0.478993
v -0.869510 0.764451 0.462895
v -0.911733 0.751031 0.506875
v -0.911733 0.775765 0.462895
v -0.953957 0.764451 0.462895
v -0.984866 0.649095 0.462895
v -0.869510 0.618185 0.462895
v -0.911733 1.017784 0.478993
v -0.926661 0.951143 0.522973
v -0.941590 0.987928 0.506875
v -0.952518 1.006856 0.478993
v -0.963446 0.966071 0.506875
v -0.982374 0.977000 0.478993
v -0.984866 0.978438 0.462895
v -0.932126 0.930750 0.522973
v -0.971446 0.936215 0.506875
v -0.993303 0.936215 0.478993
v -0.996180 0.936215 0.462895
v -0.963446 0.906358 0.506875
v -0.982374 0.895430 0.478993
v -0.917197 0.915822 0.522973
v -0.941590 0.884502 0.506875
v -0.952518 0.865573 0.478993
v -0.953957 0.863081 0.462895
v -0.911733 0.876502 0.506875
v -0.911733 0.854645 0.478993
v -0.911733 0.851768 0.462895
v -0.896805 0.921286 0.522973
v -0.881877 0.884502 0.506875
v -0.870948 0.865573 0.478993
v -0.911733 0.936215 0.525093
v -0.860020 0.906358 0.506875
v -0.841092 0.895430 0.478993
v -0.838600 0.893991 0.462895
v -0.891341 0.941679 0.522973
v -0.852020 0.936215 0.506875
v -0.830164 0.936215 0.478993
v -0.827286 0.936215 0.462895
v -0.860020 0.966071 0.506875
v -0.841092 0.977000 0.478993
v -0.838600 0.978438 0.462895
v -0.906269 0.956607 0.522973
v -0.881877 0.987928 0.506875
v -0.870948 1.006856 0.478993
v -0.869510 1.009348 0.462895
v -0.911733 0.995928 0.506875
v -0.911733 1.020662 0.462895
v -0.953957 1.009348 0.462895
v -0.984866 0.893991 0.462895
v -0.869510 0.863081 0.462895
v -0.911733 1.262681 0.478993
v -0.926661 1.196039 0.522973
v -0.941590 1.232824 0.506876
v -0.952518 1.251753 0.478993
v -0.963446 1.210968 0.506876
v -0.982374 1.221896 0.478993
v -0.984866 1.223335 0.462895
v -0.932126 1.175647 0.522973
v -0.971446 1.181111 0.506876
v -0.993303 1.181111 0.478993
v -0.996180 1.181111 0.462895
v -0.963446 1.151255 0.506876
v -0.982374 1.140326 0.478993
v -0.917197 1.160719 0.522973
v -0.941590 1.129398 0.506876
v -0.952518 1.110470 0.478993
v -0.953957 1.107978 0.462895
v -0.911733 1.121398 0.506876
v -0.911733 1.099542 0.478993
v -0.911733 1.096664 0.462895
v -0.896805 1.166183 0.522973
v -0.881877 1.129398 0.506876
v -0.870948 1.110470 0.478993
v -0.911733 1.181111 0.525093
v -0.860020 1.151255 0.506876
v -0.841092 1.140326 0.478993
v -0.838600 1.138888 0.462895
v -0.891341 1.186575 0.522973
v -0.852020 1.181111 0.506876
v -0.830164 1.181111 0.478993
v -0.827286 1.181111 0.462895
v -0.860020 1.210968 0.506876
v -0.841092 1.221896 0.478993
v -0.838600 1.223335 0.462895
v -0.906269 1.201504 0.522973
v -0.881877 1.232824 0.506876
v -0.870948 1.251753 0.478993
v -0.869510 1.254244 0.462895
v -0.911733 1.240824 0.506876
v -0.911733 1.265558 0.462895
v -0.953957 1.254244 0.462895
v -0.984866 1.138888 0.462895
v -0.869510 1.107978 0.462895
v 0.925447 0.527991 -0.478951
v 0.940376 0.461350 -0.522931
v 0.955304 0.498134 -0.506833
v 0.966232 0.517063 -0.478951
v 0.977160 0.476278 -0.506833
v 0.996089 0.487206 -0.478951
v 0.998581 0.488645 -0.462853
v 0.945840 0.440957 -0.522931
v 0.985160 0.446421 -0.506833
v 1.007017 0.446421 -0.478951
v 1.009894 0.446421 -0.462853
v 0.977160 0.416565 -0.506833
v 0.996089 0.405637 -0.478951
v 0.930911 0.426029 -0.522931
v 0.955304 0.394708 -0.506833
v 0.966232 0.375780 -0.478951
v 0.967671 0.373288 -0.462853
v 0.925447 0.386708 -0.506833
v 0.925447 0.364852 -0.478951
v 0.925447 0.361974 -0.462853
v 0.910519 0.431493 -0.522931
v 0.895591 0.394708 -0.506833
v 0.884662 0.375780 -0.478951
v 0.925447 0.446421 -0.525051
v 0.873734 0.416565 -0.506833
v 0.854806 0.405637 -0.478951
v 0.852314 0.404198 -0.462853
v 0.905055 0.451886 -0.522931
v 0.865734 0.446421 -0.506833
v 0.843878 0.446421 -0.478951
v 0.841000 0.446421 -0.462853
v 0.873734 0.476278 -0.506833
v 0.854806 0.487206 -0.478951
v 0.852314 0.488645 -0.462853
v 0.919983 0.466814 -0.522931
v 0.895591 0.498134 -0.506833
v 0.884662 0.517063 -0.478951
v 0.883224 0.519555 -0.462853
v 0.925447 0.506135 -0.506833
v 0.925447 0.530868 -0.462853
v 0.967671 0.519555 -0.462853
v 0.998581 0.404198 -0.462853
v 0.883224 0.373288 -0.462853
v 0.925447 0.772888 -0.478951
v 0.940376 0.706246 -0.522931
v 0.955304 0.743031 -0.506833
v 0.966232 0.761960 -0.478951
v 0.977160 0.721175 -0.506833
v 0.996089 0.732103 -0.478951
v 0.998581 0.733542 -0.462853
v 0.945840 0.685854 -0.522931
v 0.985160 0.691318 -0.506833
v 1.007017 0.691318 -0.478951
v 1.009894 0.691318 -0.462853
v 0.977160 0.661462 -0.506833
v 0.996089 0.650533 -0.478951
v 0.930911 0.670926 -0.522931
v 0.955304 0.639605 -0.506833
v 0.966232 0.620677 -0.478951
v 0.967671 0.618185 -0.462853
v 0.925447 0.631605 -0.506833
v 0.925447 0.609748 -0.478951
v 0.925447 0.606871 -0.462853
v 0.910519 0.676390 -0.522931
v 0.895591 0.639605 -0.506833
v 0.884662 0.620677 -0.478951
v 0.925447 0.691318 -0.525051
v 0.873734 0.661462 -0.506833
v 0.854806 0.650533 -0.478951
v 0.852314 0.649095 -0.462853
v 0.905055 0.696782 -0.522931
v 0.865734 0.691318 -0.506833
v 0.843878 0.691318 -0.478951
v 0.841000 0.691318 -0.462853
v 0.873734 0.721175 -0.506833
v 0.854806 0.732103 -0.478951
v 0.852314 0.733542 -0.462853
v 0.919983 0.711710 -0.522931
v 0.895591 0.743031 -0.506833
v 0.884662 0.761960 -0.478951
v 0.883224 0.764451 -0.462853
v 0.925447 0.751031 -0.506833
v 0.925447 0.775765 -0.462853
v 0.967671 0.764451 -0.462853
v 0.998581 0.649095 -0.462853
v 0.883224 0.618185 -0.462853
v 0.925447 1.017784 -0.478951
v 0.940376 0.951143 -0.522931
v 0.955304 0.987928 -0.506833
v 0.966232 1.006856 -0.478951
v 0.977160 0.966071 -0.506834
v 0.996089 0.977000 -0.478951
v 0.998581 0.978438 -0.462853
v 0.945840 0.930750 -0.522931
v 0.985160 0.936215 -0.506834
v 1.007017 0.936215 -0.478951
v 1.009894 0.936215 -0.462853
v 0.977160 0.906358 -0.506834
v 0.996089 0.895430 -0.478951
v 0.930911 0.915822 -0.522931
v 0.955304 0.884502 -0.506833
v 0.966232 0.865573 -0.478951
v 0.967671 0.863081 -0.462853
v 0.925447 0.876502 -0.506833
v 0.925447 0.854645 -0.478951
v 0.925447 0.851768 -0.462853
v 0.910519 0.921286 -0.522931
v 0.895591 0.884502 -0.506833
v 0.884662 0.865573 -0.478951
v 0.925447 0.936215 -0.525051
v 0.873734 0.906358 -0.506834
v 0.854806 0.895430 -0.478951
v 0.852314 0.893991 -0.462853
v 0.905055 0.941679 -0.522931
v 0.865734 0.936215 -0.506834
v 0.843878 0.936215 -0.478951
v 0.841000 0.936215 -0.462853
v 0.873734 0.966071 -0.506834
v 0.854806 0.977000 -0.478951
v 0.852314 0.978438 -0.462853
v 0.919983 0.956607 -0.522931
v 0.895591 0.987928 -0.506833
v 0.884662 1.006856 -0.478951
v 0.883224 1.009348 -0.462853
v 0.925447 0.995928 -0.506833
v 0.925447 1.020662 -0.462853
v 0.967671 1.009348 -0.462853
v 0.998581 0.893991 -0.462853
v 0.883224 0.863081 -0.462853
v 0.925447 1.262681 -0.478951
v 0.940376 1.196039 -0.522932
v 0.955304 1.232824 -0.506834
v 0.966232 1.251753 -0.478951
v 0.977160 1.210968 -0.506834
v 0.996089 1.221896 -0.478951
v 0.998581 1.223335 -0.462853
v 0.945840 1.175647 -0.522932
v 0.985160 1.181111 -0.506834
v 1.007017 1.181111 -0.478951
v 1.009894 1.181111 -0.462853
v 0.977160 1.151255 -0.506834
v 0.996089 1.140326 -0.478951
v 0.930911 1.160719 -0.522932
v 0.955304 1.129398 -0.506834
v 0.966232 1.110470 -0.478951
v 0.967671 1.107978 -0.462853
v 0.925447 1.121398 -0.506834
v 0.925447 1.099542 -0.478951
v 0.925447 1.096664 -0.462853
v 0.910519 1.166183 -0.522932
v 0.895591 1.129398 -0.506834
v 0.884662 1.110470 -0.478951
v 0.925447 1.181111 -0.525051
v 0.873734 1.151255 -0.506834
v 0.854806 1.140326 -0.478951
v 0.852314 1.138888 -0.462853
v 0.905055 1.186575 -0.522932
v 0.865734 1.181111 -0.506834
v 0.843878 1.181111 -0.478951
v 0.841000 1.181111 -0.462853
v 0.873734 1.210968 -0.506834
v 0.854806 1.221896 -0.478951
v 0.852314 1.223335 -0.462853
v 0.919983 1.201504 -0.522932
v 0.895591 1.232824 -0.506834
v 0.884662 1.251753 -0.478951
v 0.883224 1.254244 -0.462853
v 0.925447 1.240824 -0.506834
v 0.925447 1.265558 -0.462853
v 0.967671 1.254244 -0.462853
v 0.998581 1.138888 -0.462853
v 0.883224 1.107978 -0.462853
v -0.911733 0.527991 -0.478951
v -0.926661 0.461350 -0.522931
v -0.941590 0.498135 -0.506833
v -0.952518 0.517063 -0.478951
v -0.963446 0.476278 -0.506833
v -0.982374 0.487206 -0.478951
v -0.984866 0.488645 -0.462853
v -0.932126 0.440957 -0.522931
v -0.971446 0.446421 -0.506833
v -0.993303 0.446421 -0.478951
v -0.996180 0.446421 -0.462853
v -0.963446 0.416565 -0.506833
v -0.982374 0.405637 -0.478951
v -0.917197 0.426029 -0.522931
v -0.941590 0.394708 -0.506833
v -0.952518 0.375780 -0.478951
v -0.953957 0.373288 -0.462853
v -0.911733 0.386708 -0.506833
v -0.911733 0.364852 -0.478951
v -0.911733 0.361974 -0.462853
v -0.896805 0.431493 -0.522931
v -0.881877 0.394708 -0.506833
v -0.870948 0.375780 -0.478951
v -0.911733 0.446421 -0.525051
v -0.860020 0.416565 -0.506833
v -0.841092 0.405637 -0.478951
v -0.838600 0.404198 -0.462853
v -0.891341 0.451886 -0.522931
v -0.852020 0.446421 -0.506833
v -0.830164 0.446421 -0.478951
v -0.827286 0.446421 -0.462853
v -0.860020 0.476278 -0.506833
v -0.841092 0.487206 -0.478951
v -0.838600 0.488645 -0.462853
v -0.906269 0.466814 -0.522931
v -0.881877 0.498135 -0.506833
v -0.870948 0.517063 -0.478951
v -0.869510 0.519555 -0.462853
v -0.911733 0.506135 -0.506833
v -0.911733 0.530868 -0.462853
v -0.953957 0.519555 -0.462853
v -0.984866 0.404198 -0.462853
v -0.869510 0.373288 -0.462853
v -0.911733 0.772888 -0.478951
v -0.926661 0.706246 -0.522931
v -0.941590 0.743031 -0.506833
v -0.952518 0.761960 -0.478951
v -0.963446 0.721175 -0.506833
v -0.982374 0.732103 -0.478951
v -0.984866 0.733542 -0.462853
v -0.932126 0.685854 -0.522931
v -0.971446 0.691318 -0.506833
v -0.993303 0.691318 -0.478951
v -0.996180 0.691318 -0.462853
v -0.963446 0.661462 -0.506833
v -0.982374 0.650533 -0.478951
v -0.917197 0.670926 -0.522931
v -0.941590 0.639605 -0.506833
v -0.952518 0.620677 -0.478951
v -0.953957 0.618185 -0.462853
v -0.911733 0.631605 -0.506833
v -0.911733 0.609748 -0.478951
v -0.911733 0.606871 -0.462853
v -0.896805 0.676390 -0.522931
v -0.881877 0.639605 -0.506833
v -0.870948 0.620677 -0.478951
v -0.911733 0.691318 -0.525051
v -0.860020 0.661462 -0.506833
v -0.841092 0.650533 -0.478951
v -0.838600 0.649095 -0.462853
v -0.891341 0.696782 -0.522931
v -0.852020 0.691318 -0.506833
v -0.830164 0.691318 -0.478951
v -0.827286 0.691318 -0.462853
v -0.860020 0.721175 -0.506833
v -0.841092 0.732103 -0.478951
v -0.838600 0.733542 -0.462853
v -0.906269 0.711710 -0.522931
v -0.881877 0.743031 -0.506833
v -0.870948 0.761960 -0.478951
v -0.869510 0.764451 -0.462853
v -0.911733 0.751031 -0.506833
v -0.911733 0.775765 -0.462853
v -0.953957 0.764451 -0.462853
v -0.984866 0.649095 -0.462853
v -0.869510 0.618185 -0.462853
v -0.911733 1.017784 -0.478951
v -0.926661 0.951143 -0.522931
v -0.941590 0.987928 -0.506833
v -0.952518 1.006856 -0.478951
v -0.963446 0.966071 -0.506834
v -0.982374 0.977000 -0.478951
v -0.984866 0.978438 -0.462853
v -0.932126 0.930750 -0.522931
v -0.971446 0.936215 -0.506834
v -0.993303 0.936215 -0.478951
v -0.996180 0.936215 -0.462853
v -0.963446 0.906358 -0.506834
v -0.982374 0.895430 -0.478951
v -0.917197 0.915822 -0.522931
v -0.941590 0.884502 -0.506833
v -0.952518 0.865573 -0.478951
v -0.953957 0.863081 -0.462853
v -0.911733 0.876502 -0.506833
v -0.911733 0.854645 -0.478951
v -0.911733 0.851768 -0.462853
v -0.896805 0.921286 -0.522931
v -0.881877 0.884502 -0.506833
v -0.870948 0.865573 -0.478951
v -0.911733 0.936215 -0.525051
v -0.860020 0.906358 -0.506834
v -0.841092 0.895430 -0.478951
v -0.838600 0.893991 -0.462853
v -0.891341 0.941679 -0.522931
v -0.852020 0.936215 -0.506834
v -0.830164 0.936215 -0.478951
v -0.827286 0.936215 -0.462853
v -0.860020 0.966071 -0.506834
v -0.841092 0.977000 -0.478951
v -0.838600 0.978438 -0.462853
v -0.906269 0.956607 -0.522931
v -0.881877 0.987928 -0.506833
v -0.870948 1.006856 -0.478951
v -0.869510 1.009348 -0.462853
v -0.911733 0.995928 -0.506833
v -0.911733 1.020662 -0.462853
v -0.953957 1.009348 -0.462853
v -0.984866 0.893991 -0.462853
v -0.869510 0.863081 -0.462853
v -0.911733 1.262681 -0.478951
v -0.926661 1.196039 -0.522932
v -0.941590 1.232824 -0.506834
v -0.952518 1.251753 -0.478951
v -0.963446 1.210968 -0.506834
v -0.982374 1.221896 -0.478951
v -0.984866 1.223335 -0.462853
v -0.932126 1.175647 -0.522932
v -0.971446 1.181111 -0.506834
v -0.993303 1.181111 -0.478951
v -0.996180 1.181111 -0.462853
v -0.963446 1.151255 -0.506834
v -0.982374 1.140326 -0.478951
v -0.917197 1.160719 -0.522932
v -0.941590 1.129398 -0.506834
v -0.952518 1.110470 -0.478951
v -0.953957 1.107978 -0.462853
v -0.911733 1.121398 -0.506834
v -0.911733 1.099542 -0.478951
v -0.911733 1.096664 -0.462853
v -0.896805 1.166183 -0.522932
v -0.881877 1.129398 -0.506834
v -0.870948 1.110470 -0.478951
v -0.911733 1.181111 -0.525051
v -0.860020 1.151255 -0.506834
v -0.841092 1.140326 -0.478951
v -0.838600 1.138888 -0.462853
v -0.891341 1.186575 -0.522932
v -0.852020 1.181111 -0.506834
v -0.830164 1.181111 -0.478951
v -0.827286 1.181111 -0.462853
v -0.860020 1.210968 -0.506834
v -0.841092 1.221896 -0.478951
v -0.838600 1.223335 -0.462853
v -0.906269 1.201504 -0.522932
v -0.881877 1.232824 -0.506834
v -0.870948 1.251753 -0.478951
v -0.869510 1.254244 -0.462853
v -0.911733 1.240824 -0.506834
v -0.911733 1.265558 -0.462853
v -0.953957 1.254244 -0.462853
v -0.984866 1.138888 -0.462853
v -0.869510 1.107978 -0.462853
vn -0.0000 1.0000 -0.0001
vn 0.0001 1.0000 -0.0001
vn 0.0001 1.0000 -0.0002
vn 0.7624 -0.0291 -0.6465
vn 0.4001 0.0180 -0.9163
vn 0.6013 -0.0168 -0.7989
vn 0.9325 0.0157 -0.3607
vn 0.9994 0.0350 0.0031
vn 0.9242 0.0132 -0.3817
vn 1.0000 -0.0000 -0.0000
vn 0.9269 -0.0010 -0.3752
vn 0.9346 0.0207 0.3550
vn 0.9201 0.0191 0.3912
vn 0.9275 0.0001 0.3737
vn 0.6987 0.0549 0.7133
vn 0.7628 -0.0260 0.6461
vn 0.3987 0.0218 0.9168
vn 0.6008 -0.0134 0.7993
vn 0.4076 0.0196 0.9130
vn -0.0006 0.0034 1.0000
vn -0.0000 0.0034 1.0000
vn 0.6161 0.5583 0.5557
vn 0.6205 0.7238 0.3017
vn 0.6206 0.7250 0.2988
vn 0.0007 -0.0001 -1.0000
vn 0.0006 -0.3372 -0.9414
vn 0.0004 -0.0003 -1.0000
vn 0.0005 -0.3829 -0.9238
vn 0.0002 -0.6678 -0.7444
vn -0.0000 -0.7071 -0.7071
vn -0.0000 -0.9094 -0.4159
vn -0.0000 -0.9239 -0.3827
vn -0.0000 -1.0000 -0.0000
vn -0.0000 -0.9239 0.3827
vn -0.0000 -0.9094 0.4159
vn -0.0000 -0.7071 0.7071
vn -0.0006 -0.3825 0.9240
vn -0.0003 -0.6673 0.7448
vn -0.0016 -0.3357 0.9420
vn -0.0026 0.0009 1.0000
vn -0.0027 0.0026 1.0000
vn -0.0034 0.3417 0.9398
vn -0.0056 0.3841 0.9233
vn -0.0066 0.6663 0.7456
vn -0.0062 0.7042 0.7100
vn 0.0031 0.9076 0.4199
vn 0.0069 0.9248 0.3803
vn 0.0012 1.0000 0.0003
vn 0.0084 0.9251 -0.3797
vn 0.0045 0.9074 -0.4203
vn -0.0049 0.7041 -0.7101
vn -0.0042 0.6669 -0.7451
vn -0.0015 0.3850 -0.9229
vn 0.0008 0.3415 -0.9399
vn 0.6972 0.0528 -0.7149
vn 0.9200 0.0224 0.3913
vn 0.9186 0.0228 -0.3946
vn -0.0000 0.0036 1.0000
vn 0.4013 0.0069 -0.9159
vn -0.0000 -0.0005 -1.0000
vn 0.7508 -0.0134 -0.6603
vn 0.5817 0.1102 -0.8059
vn 0.7253 0.0093 0.6884
vn 0.4156 -0.0323 0.9090
vn 0.5796 0.1089 0.8076
vn 0.7192 -0.0370 -0.6938
vn 0.3809 -0.0006 -0.9246
vn -0.0000 1.0000 -0.0000
vn -0.3989 0.0219 0.9168
vn 0.6161 -0.5583 -0.5557
vn 0.6205 -0.7238 -0.3017
vn 0.6206 -0.7250 -0.2988
vn 0.6225 0.7826 -0.0000
vn 0.6225 -0.7826 -0.0000
vn 0.6161 0.5583 -0.5557
vn 0.6205 0.7238 -0.3017
vn 0.6160 0.5554 -0.5586
vn 0.6206 -0.7250 0.2988
vn 0.6205 -0.7238 0.3017
vn 0.6100 -0.0000 -0.7924
vn 0.6117 0.3013 -0.7314
vn 0.6118 -0.3039 0.7304
vn 0.6160 -0.5554 0.5586
vn 0.6117 -0.3013 0.7314
vn 0.6118 0.3039 -0.7304
vn 0.6100 -0.0000 0.7924
vn 0.6161 -0.5583 0.5557
vn 0.6117 0.3013 0.7314
vn 0.6118 0.3039 0.7304
vn 0.6117 -0.3013 -0.7314
vn 0.6118 -0.3039 -0.7304
vn 0.6206 0.7250 -0.2988
vn 0.6160 0.5554 0.5586
vn 0.6160 -0.5554 -0.5586
vn -0.0003 -0.3813 -0.9244
vn 0.0590 -0.7077 -0.7041
vn -0.0005 -0.7052 -0.7090
vn -0.0809 0.6961 -0.7134
vn -0.1186 0.3550 -0.9273
vn -0.0376 0.3716 -0.9276
vn -0.0010 0.9228 0.3852
vn -0.0809 0.6961 0.7134
vn -0.1201 0.9137 0.3883
vn 0.0746 -0.9214 -0.3814
vn -0.0005 -0.9229 -0.3850
vn -0.0013 1.0000 -0.0000
vn -0.1376 0.9905 -0.0000
vn 0.0799 -0.9968 -0.0000
vn -0.0005 -1.0000 -0.0000
vn -0.0010 0.9228 -0.3852
vn -0.0006 0.7051 -0.7091
vn -0.0005 -0.9229 0.3850
vn 0.0746 -0.9214 0.3814
vn -0.0003 0.3813 -0.9244
vn 0.0017 -0.0094 -1.0000
vn -0.0002 -0.0000 -1.0000
vn -0.0003 -0.3813 0.9244
vn 0.0590 -0.7077 0.7041
vn 0.0344 -0.3882 0.9210
vn -0.0002 -0.0000 1.0000
vn 0.0017 -0.0094 1.0000
vn -0.0005 -0.7052 0.7090
vn -0.0003 0.3813 0.9244
vn -0.0376 0.3716 0.9276
vn 0.0343 -0.3882 -0.9210
vn -0.1201 0.9137 -0.3883
vn -0.0006 0.7051 0.7091
vn 0.2523 -0.8897 -0.3804
vn 0.4791 -0.8778 -0.0000
vn 0.2713 -0.9625 -0.0000
vn 0.1120 -0.3751 0.9202
vn 0.0035 -0.0101 0.9999
vn 0.2523 -0.8897 0.3804
vn 0.1973 -0.6834 0.7028
vn -0.1186 0.3550 0.9273
vn 0.1120 -0.3751 -0.9202
vn -0.3389 0.8579 -0.3862
vn -0.2409 0.6604 0.7113
vn 0.1973 -0.6834 -0.7028
vn -0.3388 0.8579 0.3862
vn -0.3782 0.9257 -0.0000
vn -0.2409 0.6604 -0.7113
vn 0.0035 -0.0101 -0.9999
vn -0.3821 0.5904 0.7109
vn -0.2612 0.2687 0.9271
vn -0.5042 0.4906 0.7107
vn -0.3821 0.5904 -0.7109
vn 0.4444 -0.8113 0.3799
vn 0.0057 -0.0090 -0.9999
vn 0.3449 -0.6225 0.7025
vn 0.1928 -0.3408 0.9201
vn -0.1947 0.3199 -0.9272
vn 0.0057 -0.0090 0.9999
vn -0.1947 0.3199 0.9272
vn 0.1928 -0.3408 -0.9201
vn -0.5221 0.7607 -0.3857
vn 0.3449 -0.6225 -0.7025
vn -0.5221 0.7607 0.3857
vn 0.4444 -0.8113 -0.3799
vn -0.5758 0.8176 -0.0000
vn -0.5042 0.4906 -0.7107
vn -0.3147 0.2039 -0.9271
vn -0.2612 0.2687 -0.9271
vn 0.4752 -0.5305 -0.7020
vn -0.6785 0.6254 0.3853
vn 0.6140 -0.6922 -0.3792
vn -0.7434 0.6689 -0.0000
vn 0.6624 -0.7492 -0.0000
vn 0.6140 -0.6922 0.3792
vn 0.0076 -0.0074 -0.9999
vn 0.4752 -0.5305 0.7020
vn 0.2641 -0.2895 0.9200
vn 0.0076 -0.0074 0.9999
vn 0.2641 -0.2895 -0.9200
vn -0.6785 0.6254 -0.3853
vn -0.8008 0.4587 -0.3850
vn -0.6677 0.2232 -0.7102
vn -0.6010 0.3662 -0.7104
vn 0.3222 -0.2237 0.9199
vn 0.0091 -0.0056 0.9999
vn 0.7529 -0.5384 0.3786
vn 0.5817 -0.4117 0.7015
vn -0.3146 0.2039 0.9271
vn 0.3222 -0.2237 -0.9199
vn -0.6010 0.3662 0.7104
vn 0.5817 -0.4117 -0.7015
vn -0.8008 0.4587 0.3850
vn 0.7529 -0.5384 -0.3786
vn -0.8736 0.4866 -0.0000
vn 0.8125 -0.5830 -0.0000
vn 0.0091 -0.0056 -0.9999
vn 0.3642 -0.1465 -0.9197
vn 0.6909 -0.1687 -0.7030
vn 0.6591 -0.2721 -0.7011
vn 0.9218 -0.3876 -0.0000
vn 0.8539 -0.3574 0.3782
vn 0.0102 -0.0035 -0.9999
vn 0.6591 -0.2721 0.7011
vn 0.3642 -0.1465 0.9197
vn -0.3523 0.1287 -0.9270
vn 0.0102 -0.0035 0.9999
vn -0.3523 0.1287 0.9270
vn -0.8830 0.2689 -0.3848
vn -0.6677 0.2232 0.7102
vn -0.8830 0.2689 0.3848
vn 0.8539 -0.3574 -0.3782
vn -0.9600 0.2799 -0.0000
vn 0.3744 -0.1058 0.9212
vn 0.0085 -0.0305 0.9995
vn -0.0029 -0.0343 0.9994
vn -0.7066 0.0817 0.7029
vn -0.9191 0.1111 0.3781
vn 0.9007 -0.2115 -0.3794
vn -0.9926 0.1215 -0.0000
vn 0.9740 -0.2266 -0.0000
vn -0.7066 0.0817 -0.7029
vn 0.9007 -0.2115 0.3794
vn -0.0029 -0.0343 -0.9994
vn 0.6909 -0.1687 0.7030
vn -0.3837 0.0321 -0.9229
vn -0.3837 0.0321 0.9229
vn 0.3744 -0.1058 -0.9212
vn -0.9191 0.1111 -0.3781
vn -0.3760 -0.0087 -0.9266
vn 0.0011 -0.0000 -1.0000
vn 0.0085 -0.0305 -0.9995
vn 0.7101 -0.0687 0.7008
vn -0.3760 -0.0087 0.9266
vn 0.3898 -0.0514 -0.9195
vn -0.9993 0.0369 -0.0000
vn -0.9223 0.0290 -0.3854
vn -0.7034 0.0118 0.7107
vn 0.7101 -0.0687 -0.7008
vn -0.9223 0.0290 0.3854
vn 0.9223 -0.0802 -0.3780
vn 0.9964 -0.0843 -0.0000
vn -0.7034 0.0118 -0.7107
vn 0.9223 -0.0802 0.3780
vn 0.3898 -0.0514 0.9195
vn 0.3268 -0.9451 -0.0000
vn 0.3041 -0.9446 -0.1233
vn 0.3844 0.0003 0.9232
vn -0.3831 -0.0003 -0.9237
vn 0.0011 -0.0000 1.0000
vn 0.7083 0.0005 0.7059
vn -0.3831 -0.0003 0.9237
vn 0.3844 0.0003 -0.9232
vn -0.9247 -0.0007 -0.3808
vn -0.7085 -0.0005 0.7057
vn 0.7083 0.0005 -0.7059
vn -0.9247 -0.0007 0.3808
vn 0.9243 0.0007 -0.3818
vn -1.0000 -0.0007 -0.0000
vn 1.0000 0.0007 -0.0000
vn -0.7085 -0.0005 -0.7057
vn 0.9243 0.0007 0.3818
vn -0.7081 -0.0000 0.7062
vn -0.3830 -0.0000 0.9238
vn -0.7085 -0.0000 0.7057
vn -0.3032 -0.9448 -0.1239
vn -0.2364 -0.9439 -0.2307
vn -0.2344 -0.9438 -0.2329
vn 0.3041 -0.9446 0.1233
vn 0.3034 -0.9446 0.1254
vn -0.1271 -0.9427 -0.3084
vn 0.0016 -0.9421 -0.3353
vn 0.0017 -0.9421 -0.3353
vn 0.2351 -0.9434 0.2338
vn 0.1313 -0.9424 0.3076
vn 0.1295 -0.9424 0.3085
vn -0.1290 -0.9427 -0.3076
vn 0.0016 -0.9421 0.3353
vn 0.0017 -0.9421 0.3353
vn 0.2371 -0.9435 0.2316
vn -0.1271 -0.9427 0.3084
vn -0.1290 -0.9427 0.3076
vn 0.1295 -0.9424 -0.3085
vn 0.1313 -0.9424 -0.3076
vn -0.3265 -0.9452 -0.0000
vn -0.3039 -0.9449 -0.1219
vn -0.2344 -0.9438 0.2329
vn -0.2364 -0.9439 0.2307
vn 0.2351 -0.9434 -0.2338
vn 0.2371 -0.9435 -0.2316
vn -0.3032 -0.9448 0.1239
vn -0.3039 -0.9449 0.1219
vn 0.3034 -0.9446 -0.1254
vn -0.3264 -0.9452 -0.0000
vn 0.7968 -0.6042 -0.0000
vn 0.7415 -0.5973 -0.3057
vn 0.8002 -0.5997 -0.0000
vn 0.7079 -0.0000 -0.7063
vn 0.3844 -0.0000 -0.9231
vn 0.7083 -0.0000 -0.7059
vn -0.9244 -0.0000 0.3814
vn -0.9246 -0.0000 0.3808
vn 0.9241 -0.0000 -0.3821
vn 0.9243 -0.0000 -0.3817
vn -1.0000 -0.0000 -0.0000
vn -0.9244 -0.0000 -0.3814
vn -0.7085 -0.0000 -0.7057
vn -0.7081 -0.0000 -0.7062
vn 0.9243 -0.0000 0.3817
vn 0.9241 -0.0000 0.3821
vn 0.0009 -0.0000 -1.0000
vn -0.3830 -0.0000 -0.9238
vn 0.0012 -0.0000 -1.0000
vn 0.7079 -0.0000 0.7063
vn 0.3844 -0.0000 0.9231
vn 0.3839 -0.0000 0.9234
vn -0.3829 -0.0000 -0.9238
vn 0.0012 -0.0000 1.0000
vn 0.0009 -0.0000 1.0000
vn 0.7083 -0.0000 0.7059
vn -0.3829 -0.0000 0.9238
vn 0.3839 -0.0000 -0.9234
vn -0.9246 -0.0000 -0.3808
vn 0.1028 0.9617 -0.2541
vn -0.0011 0.9615 -0.2747
vn -0.0011 0.9616 -0.2746
vn 0.1914 0.9620 -0.1948
vn 0.1034 0.9616 -0.2541
vn 0.2508 0.9623 -0.1055
vn 0.1921 0.9619 -0.1944
vn 0.2716 0.9624 -0.0000
vn 0.2511 0.9622 -0.1050
vn 0.2511 0.9622 0.1050
vn 0.2717 0.9624 -0.0000
vn 0.1914 0.9620 0.1948
vn 0.1034 0.9616 0.2541
vn 0.1921 0.9619 0.1944
vn 0.1028 0.9617 0.2541
vn -0.0011 0.9615 0.2747
vn -0.1041 0.9616 0.2539
vn -0.0011 0.9616 0.2746
vn -0.1916 0.9618 0.1953
vn -0.1047 0.9616 0.2538
vn -0.2511 0.9621 0.1065
vn -0.1925 0.9617 0.1949
vn -0.2724 0.9622 -0.0000
vn -0.2516 0.9620 0.1060
vn -0.2511 0.9621 -0.1065
vn -0.1925 0.9617 -0.1949
vn -0.2517 0.9620 -0.1060
vn -0.1041 0.9616 -0.2539
vn -0.1047 0.9616 -0.2538
vn -0.1916 0.9618 -0.1953
vn 0.2508 0.9623 0.1055
vn -0.2726 0.9621 -0.0000
vn -0.7374 -0.6028 -0.3046
vn -0.5711 -0.5931 -0.5675
vn -0.5669 -0.5976 -0.5670
vn 0.7415 -0.5973 0.3057
vn 0.7376 -0.6018 0.3062
vn -0.3070 -0.5922 -0.7450
vn 0.0017 -0.5851 -0.8110
vn 0.0018 -0.5896 -0.8077
vn 0.5674 -0.5963 0.5679
vn 0.3123 -0.5868 0.7471
vn 0.3094 -0.5913 0.7448
vn -0.3099 -0.5877 -0.7473
vn 0.0017 -0.5851 0.8110
vn 0.0018 -0.5896 0.8077
vn 0.5716 -0.5918 0.5684
vn -0.3070 -0.5922 0.7450
vn -0.3099 -0.5877 0.7473
vn 0.3094 -0.5913 -0.7448
vn 0.3123 -0.5868 -0.7471
vn -0.7963 -0.6049 -0.0000
vn -0.7413 -0.5983 -0.3041
vn -0.5669 -0.5976 0.5670
vn -0.5711 -0.5931 0.5675
vn 0.5674 -0.5963 -0.5679
vn 0.5716 -0.5918 -0.5684
vn -0.7374 -0.6028 0.3046
vn -0.7413 -0.5983 0.3041
vn 0.7376 -0.6018 -0.3062
vn -0.7997 -0.6004 -0.0000
vn -0.3462 -0.4297 -0.8340
vn -0.8313 -0.4387 -0.3412
vn -0.7020 -0.1407 -0.6982
vn -0.6390 -0.4343 -0.6348
vn 0.0016 -0.4274 0.9041
vn 0.6393 -0.4330 0.6355
vn -0.3462 -0.4297 0.8340
vn 0.0016 -0.4274 -0.9041
vn 0.3483 -0.4287 -0.8336
vn -0.6390 -0.4343 0.6348
vn 0.6393 -0.4330 -0.6355
vn -0.8313 -0.4387 0.3412
vn 0.8314 -0.4376 -0.3426
vn -0.8978 -0.4405 -0.0000
vn 0.8982 -0.4396 -0.0000
vn 0.8314 -0.4376 0.3426
vn 0.3483 -0.4287 0.8336
vn 0.7020 -0.1395 -0.6984
vn 0.3841 0.0003 -0.9233
vn 0.7081 0.0005 -0.7061
vn 0.9152 -0.1412 0.3774
vn 0.0012 -0.1376 -0.9905
vn 0.3812 -0.1379 0.9141
vn -0.3797 -0.1387 -0.9146
vn 0.0012 -0.1376 0.9905
vn 0.7020 -0.1395 0.6984
vn -0.3797 -0.1387 0.9146
vn 0.3812 -0.1379 -0.9141
vn -0.9154 -0.1425 -0.3764
vn -0.7020 -0.1407 0.6982
vn -0.9154 -0.1425 0.3764
vn 0.9152 -0.1412 -0.3774
vn -0.9897 -0.1432 -0.0000
vn 0.9899 -0.1420 -0.0000
vn -0.7083 -0.0005 0.7059
vn -0.9245 -0.0007 0.3811
vn 0.9242 0.0007 -0.3819
vn -0.7083 -0.0005 -0.7059
vn 0.9242 0.0007 0.3819
vn 0.0010 -0.0000 -1.0000
vn 0.3841 0.0003 0.9233
vn -0.3830 -0.0003 -0.9238
vn 0.0010 -0.0000 1.0000
vn 0.7081 0.0005 0.7061
vn -0.3830 -0.0003 0.9238
vn -0.9245 -0.0007 -0.3811
vn -0.0001 1.0000 -0.0001
vn -0.4001 0.0180 -0.9163
vn -0.7624 -0.0291 -0.6465
vn -0.6013 -0.0168 -0.7989
vn -0.9994 0.0350 0.0031
vn -0.9325 0.0157 -0.3607
vn -0.9242 0.0132 -0.3817
vn -0.9269 -0.0010 -0.3752
vn -0.9346 0.0207 0.3550
vn -0.9992 0.0396 -0.0076
vn -0.9275 0.0001 0.3737
vn -0.6988 0.0549 0.7132
vn -0.9200 0.0224 0.3913
vn -0.7629 -0.0260 0.6460
vn -0.6008 -0.0133 0.7993
vn -0.4093 0.0247 0.9121
vn -0.6205 0.7238 0.3017
vn -0.6161 0.5583 0.5557
vn -0.6206 0.7250 0.2988
vn -0.0006 -0.3372 -0.9414
vn -0.0007 -0.0001 -1.0000
vn -0.0004 -0.0003 -1.0000
vn -0.0005 -0.3829 -0.9238
vn -0.0002 -0.6678 -0.7444
vn 0.0003 -0.6673 0.7448
vn 0.0006 -0.3825 0.9240
vn 0.0016 -0.3357 0.9420
vn 0.0026 0.0009 1.0000
vn 0.0034 0.3417 0.9398
vn 0.0056 0.3841 0.9233
vn 0.0066 0.6663 0.7456
vn 0.0062 0.7042 0.7100
vn -0.0031 0.9076 0.4199
vn -0.0069 0.9248 0.3803
vn -0.0012 1.0000 0.0003
vn -0.0084 0.9251 -0.3797
vn -0.0045 0.9074 -0.4203
vn 0.0049 0.7041 -0.7101
vn 0.0042 0.6669 -0.7451
vn 0.0015 0.3850 -0.9229
vn -0.0008 0.3415 -0.9399
vn -0.6972 0.0528 -0.7149
vn -0.9186 0.0228 -0.3946
vn 0.5520 0.0027 0.8339
vn -0.4064 0.0052 -0.9137
vn 0.5538 -0.0003 -0.8327
vn -0.7508 -0.0134 -0.6603
vn -0.5817 0.1102 -0.8059
vn -0.7252 0.0093 0.6885
vn -0.4160 -0.0322 0.9088
vn -0.6829 -0.1042 0.7230
vn -0.5794 0.1090 0.8077
vn -0.7192 -0.0370 -0.6938
vn -0.3809 -0.0006 -0.9246
vn -0.9201 0.0191 0.3912
vn 0.0002 1.0000 0.0001
vn -0.5510 0.0023 0.8345
vn -0.6205 -0.7238 -0.3017
vn -0.6161 -0.5583 -0.5557
vn -0.6206 -0.7250 -0.2988
vn -0.6225 0.7826 -0.0000
vn -0.6225 -0.7826 -0.0000
vn -0.6161 0.5583 -0.5557
vn -0.6205 0.7238 -0.3017
vn -0.6206 0.7250 -0.2988
vn -0.6206 -0.7250 0.2988
vn -0.6100 -0.0000 -0.7924
vn -0.6117 0.3013 -0.7314
vn -0.6118 0.3039 -0.7304
vn -0.6118 -0.3039 0.7304
vn -0.6160 -0.5554 0.5586
vn -0.6161 -0.5583 0.5557
vn -0.6160 0.5554 -0.5586
vn -0.6100 -0.0000 0.7924
vn -0.6117 -0.3013 0.7314
vn -0.6205 -0.7238 0.3017
vn -0.6117 0.3013 0.7314
vn -0.6118 0.3039 0.7304
vn -0.6117 -0.3013 -0.7314
vn -0.6118 -0.3039 -0.7304
vn -0.6160 0.5554 0.5586
vn -0.6160 -0.5554 -0.5586
vn -0.0590 -0.7077 -0.7041
vn 0.0003 -0.3813 -0.9244
vn 0.0005 -0.7052 -0.7090
vn 0.1186 0.3550 -0.9273
vn 0.0809 0.6961 -0.7134
vn 0.0376 0.3716 -0.9276
vn 0.0010 0.9228 0.3852
vn 0.0809 0.6961 0.7134
vn 0.0006 0.7051 0.7091
vn -0.0746 -0.9214 -0.3814
vn 0.0005 -0.9229 -0.3850
vn 0.0013 1.0000 -0.0000
vn 0.1201 0.9137 0.3883
vn -0.0799 -0.9968 -0.0000
vn 0.0005 -1.0000 -0.0000
vn 0.0010 0.9228 -0.3852
vn 0.0006 0.7051 -0.7091
vn 0.0005 -0.9229 0.3850
vn -0.0017 -0.0094 -1.0000
vn 0.0003 0.3813 -0.9244
vn 0.0002 -0.0000 -1.0000
vn 0.0003 -0.3813 0.9244
vn -0.0590 -0.7077 0.7041
vn 0.0005 -0.7052 0.7090
vn 0.0002 -0.0000 1.0000
vn -0.0344 -0.3882 0.9210
vn -0.0746 -0.9214 0.3814
vn 0.0003 0.3813 0.9244
vn -0.0017 -0.0094 1.0000
vn -0.0343 -0.3882 -0.9210
vn 0.1201 0.9137 -0.3883
vn 0.0376 0.3716 0.9276
vn -0.4791 -0.8778 -0.0000
vn -0.2523 -0.8897 -0.3804
vn -0.2713 -0.9625 -0.0000
vn -0.1120 -0.3751 0.9202
vn -0.2523 -0.8897 0.3804
vn -0.0035 -0.0101 0.9999
vn -0.1120 -0.3751 -0.9202
vn 0.3389 0.8579 -0.3862
vn 0.1376 0.9905 -0.0000
vn 0.1186 0.3550 0.9273
vn -0.1973 -0.6834 -0.7028
vn 0.2409 0.6604 0.7113
vn 0.3388 0.8579 0.3862
vn 0.2409 0.6604 -0.7113
vn -0.0035 -0.0101 -0.9999
vn -0.1973 -0.6834 0.7028
vn 0.3821 0.5904 0.7109
vn 0.2612 0.2687 0.9271
vn 0.1947 0.3199 0.9272
vn 0.3821 0.5904 -0.7109
vn -0.0057 -0.0090 -0.9999
vn -0.3449 -0.6225 0.7025
vn 0.1947 0.3199 -0.9272
vn -0.1928 -0.3408 0.9201
vn -0.4444 -0.8113 0.3799
vn -0.0057 -0.0090 0.9999
vn -0.1928 -0.3408 -0.9201
vn 0.5221 0.7607 -0.3857
vn 0.3782 0.9257 -0.0000
vn -0.3449 -0.6225 -0.7025
vn -0.4444 -0.8113 -0.3799
vn 0.5221 0.7607 0.3857
vn 0.3147 0.2039 -0.9271
vn 0.5042 0.4906 -0.7107
vn 0.2612 0.2687 -0.9271
vn -0.4752 -0.5305 -0.7020
vn 0.5042 0.4906 0.7107
vn -0.6140 -0.6922 -0.3792
vn 0.5758 0.8176 -0.0000
vn 0.6785 0.6254 0.3853
vn -0.6624 -0.7492 -0.0000
vn -0.0076 -0.0074 -0.9999
vn -0.4752 -0.5305 0.7020
vn -0.2641 -0.2895 0.9200
vn -0.6140 -0.6922 0.3792
vn -0.0076 -0.0074 0.9999
vn -0.2641 -0.2895 -0.9200
vn 0.6785 0.6254 -0.3853
vn 0.6677 0.2232 -0.7102
vn 0.8008 0.4587 -0.3850
vn 0.6010 0.3662 -0.7104
vn -0.3222 -0.2237 0.9199
vn -0.7529 -0.5384 0.3786
vn -0.0091 -0.0056 0.9999
vn -0.3222 -0.2237 -0.9199
vn 0.7434 0.6689 -0.0000
vn 0.3146 0.2039 0.9271
vn -0.5817 -0.4117 -0.7015
vn 0.6010 0.3662 0.7104
vn -0.7529 -0.5384 -0.3786
vn 0.8008 0.4587 0.3850
vn -0.8125 -0.5830 -0.0000
vn -0.0091 -0.0056 -0.9999
vn -0.5817 -0.4117 0.7015
vn -0.6909 -0.1687 -0.7030
vn -0.3642 -0.1465 -0.9197
vn -0.6591 -0.2721 -0.7011
vn -0.9218 -0.3876 -0.0000
vn -0.0102 -0.0035 -0.9999
vn -0.6591 -0.2721 0.7011
vn 0.3523 0.1287 -0.9270
vn -0.3642 -0.1465 0.9197
vn -0.8539 -0.3574 0.3782
vn -0.0102 -0.0035 0.9999
vn 0.8830 0.2689 -0.3848
vn 0.8736 0.4866 -0.0000
vn 0.3523 0.1287 0.9270
vn 0.6677 0.2232 0.7102
vn -0.8539 -0.3574 -0.3782
vn 0.8830 0.2689 0.3848
vn -0.0085 -0.0305 0.9995
vn -0.3744 -0.1058 0.9212
vn 0.0029 -0.0343 0.9994
vn 0.7066 0.0817 0.7029
vn -0.9007 -0.2115 -0.3794
vn 0.9600 0.2799 -0.0000
vn 0.9191 0.1111 0.3781
vn -0.9740 -0.2266 -0.0000
vn 0.7066 0.0817 -0.7029
vn 0.0029 -0.0343 -0.9994
vn -0.6909 -0.1687 0.7030
vn 0.3837 0.0321 -0.9229
vn -0.9007 -0.2115 0.3794
vn -0.3744 -0.1058 -0.9212
vn 0.9191 0.1111 -0.3781
vn 0.3837 0.0321 0.9229
vn -0.0011 -0.0000 -1.0000
vn 0.3760 -0.0087 -0.9266
vn -0.0085 -0.0305 -0.9995
vn -0.7101 -0.0687 0.7008
vn 0.3760 -0.0087 0.9266
vn 0.9993 0.0369 -0.0000
vn 0.9926 0.1215 -0.0000
vn 0.7034 0.0118 0.7107
vn -0.3898 -0.0514 -0.9195
vn 0.9223 0.0290 0.3854
vn -0.7101 -0.0687 -0.7008
vn -0.9223 -0.0802 -0.3780
vn 0.9223 0.0290 -0.3854
vn -0.9223 -0.0802 0.3780
vn -0.3898 -0.0514 0.9195
vn 0.7034 0.0118 -0.7107
vn -0.3268 -0.9451 -0.0000
vn -0.3041 -0.9446 -0.1233
vn -0.3034 -0.9446 -0.1254
vn -0.3844 0.0003 0.9232
vn 0.3831 -0.0003 -0.9237
vn -0.0011 -0.0000 1.0000
vn -0.7083 0.0005 0.7059
vn 0.9247 -0.0007 -0.3808
vn 0.3831 -0.0003 0.9237
vn -0.3844 0.0003 -0.9232
vn 0.7085 -0.0005 0.7057
vn -0.7083 0.0005 -0.7059
vn 0.9247 -0.0007 0.3808
vn -0.9964 -0.0843 -0.0000
vn -0.9243 0.0007 -0.3818
vn 0.7085 -0.0005 -0.7057
vn -0.9243 0.0007 0.3818
vn 0.7081 -0.0000 0.7062
vn 0.3830 -0.0000 0.9238
vn 0.3829 -0.0000 0.9238
vn 0.2364 -0.9439 -0.2307
vn 0.3032 -0.9448 -0.1239
vn 0.2344 -0.9438 -0.2329
vn -0.3041 -0.9446 0.1233
vn -0.3034 -0.9446 0.1254
vn -0.0016 -0.9421 -0.3353
vn 0.1271 -0.9427 -0.3084
vn -0.0017 -0.9421 -0.3353
vn -0.1313 -0.9424 0.3076
vn -0.2351 -0.9434 0.2338
vn -0.1295 -0.9424 0.3085
vn 0.1290 -0.9427 -0.3076
vn -0.0016 -0.9421 0.3353
vn -0.0017 -0.9421 0.3353
vn -0.2371 -0.9435 0.2316
vn 0.1271 -0.9427 0.3084
vn -0.1295 -0.9424 -0.3085
vn 0.3039 -0.9449 -0.1219
vn 0.3265 -0.9452 -0.0000
vn 0.2344 -0.9438 0.2329
vn 0.1290 -0.9427 0.3076
vn -0.2351 -0.9434 -0.2338
vn -0.1313 -0.9424 -0.3076
vn 0.3032 -0.9448 0.1239
vn 0.2364 -0.9439 0.2307
vn -0.2371 -0.9435 -0.2316
vn 0.3039 -0.9449 0.1219
vn -0.7968 -0.6042 -0.0000
vn -0.7415 -0.5973 -0.3057
vn -0.7376 -0.6018 -0.3062
vn -0.7079 -0.0000 -0.7063
vn -0.3844 -0.0000 -0.9231
vn -0.3839 -0.0000 -0.9234
vn 0.9244 -0.0000 0.3814
vn 0.7085 -0.0000 0.7057
vn -0.9241 -0.0000 -0.3821
vn -0.7083 -0.0000 -0.7059
vn 0.9246 -0.0000 0.3808
vn -0.9243 -0.0000 -0.3817
vn 0.7085 -0.0000 -0.7057
vn 0.9244 -0.0000 -0.3814
vn 0.7081 -0.0000 -0.7062
vn -0.9243 -0.0000 0.3817
vn -0.9241 -0.0000 0.3821
vn -0.0009 -0.0000 -1.0000
vn 0.3830 -0.0000 -0.9238
vn 0.3829 -0.0000 -0.9238
vn -0.3844 -0.0000 0.9231
vn -0.7079 -0.0000 0.7063
vn -0.3839 -0.0000 0.9234
vn -0.0012 -0.0000 1.0000
vn -0.0009 -0.0000 1.0000
vn -0.7083 -0.0000 0.7059
vn -0.0012 -0.0000 -1.0000
vn 0.9246 -0.0000 -0.3808
vn 0.0011 0.9615 -0.2747
vn -0.1028 0.9617 -0.2541
vn 0.0011 0.9616 -0.2746
vn -0.1034 0.9616 -0.2541
vn -0.1914 0.9620 -0.1948
vn -0.1921 0.9619 -0.1944
vn -0.2508 0.9623 -0.1055
vn -0.2511 0.9622 -0.1050
vn -0.2716 0.9624 -0.0000
vn -0.2511 0.9622 0.1050
vn -0.2508 0.9623 0.1055
vn -0.1914 0.9620 0.1948
vn -0.1034 0.9616 0.2541
vn -0.1028 0.9617 0.2541
vn 0.0011 0.9615 0.2747
vn 0.0011 0.9616 0.2746
vn 0.1041 0.9616 0.2539
vn 0.1047 0.9616 0.2538
vn 0.1916 0.9618 0.1953
vn 0.1925 0.9617 0.1949
vn 0.2511 0.9621 0.1065
vn 0.2516 0.9620 0.1060
vn 0.2724 0.9622 -0.0000
vn 0.2511 0.9621 -0.1065
vn 0.1925 0.9617 -0.1949
vn 0.1916 0.9618 -0.1953
vn 0.1041 0.9616 -0.2539
vn 0.1047 0.9616 -0.2538
vn -0.1921 0.9619 0.1944
vn 0.2517 0.9620 -0.1060
vn 0.5711 -0.5931 -0.5675
vn 0.7374 -0.6028 -0.3046
vn 0.5669 -0.5976 -0.5670
vn -0.7415 -0.5973 0.3057
vn -0.7376 -0.6018 0.3062
vn -0.0017 -0.5851 -0.8110
vn 0.3070 -0.5922 -0.7450
vn -0.0018 -0.5896 -0.8077
vn -0.3123 -0.5868 0.7471
vn -0.5674 -0.5963 0.5679
vn -0.3094 -0.5913 0.7448
vn 0.3099 -0.5877 -0.7473
vn -0.0017 -0.5851 0.8110
vn -0.0018 -0.5896 0.8077
vn -0.5716 -0.5918 0.5684
vn 0.3070 -0.5922 0.7450
vn -0.3094 -0.5913 -0.7448
vn 0.7413 -0.5983 -0.3041
vn 0.7963 -0.6049 -0.0000
vn 0.5669 -0.5976 0.5670
vn 0.3099 -0.5877 0.7473
vn -0.5674 -0.5963 -0.5679
vn -0.3123 -0.5868 -0.7471
vn 0.7374 -0.6028 0.3046
vn 0.5711 -0.5931 0.5675
vn -0.5716 -0.5918 -0.5684
vn 0.7413 -0.5983 0.3041
vn 0.3462 -0.4297 -0.8340
vn 0.7020 -0.1407 -0.6982
vn 0.8313 -0.4387 -0.3412
vn 0.6390 -0.4343 -0.6348
vn -0.0016 -0.4274 0.9041
vn -0.6393 -0.4330 0.6355
vn -0.0016 -0.4274 -0.9041
vn 0.7997 -0.6004 -0.0000
vn 0.3462 -0.4297 0.8340
vn -0.3483 -0.4287 -0.8336
vn 0.6390 -0.4343 0.6348
vn -0.6393 -0.4330 -0.6355
vn 0.8313 -0.4387 0.3412
vn -0.8002 -0.5997 -0.0000
vn -0.8314 -0.4376 -0.3426
vn -0.8314 -0.4376 0.3426
vn -0.3483 -0.4287 0.8336
vn -0.7020 -0.1395 -0.6984
vn -0.3841 0.0003 -0.9233
vn -0.3812 -0.1379 -0.9141
vn -0.9152 -0.1412 0.3774
vn -0.8982 -0.4396 -0.0000
vn -0.0012 -0.1376 -0.9905
vn -0.3812 -0.1379 0.9141
vn 0.3797 -0.1387 -0.9146
vn -0.0012 -0.1376 0.9905
vn -0.7020 -0.1395 0.6984
vn 0.9154 -0.1425 -0.3764
vn 0.8978 -0.4405 -0.0000
vn 0.3797 -0.1387 0.9146
vn 0.7020 -0.1407 0.6982
vn 0.9154 -0.1425 0.3764
vn -0.9152 -0.1412 -0.3774
vn 0.7083 -0.0005 0.7059
vn -0.7081 0.0005 -0.7061
vn 0.9897 -0.1432 -0.0000
vn 0.9245 -0.0007 0.3811
vn -0.9899 -0.1420 -0.0000
vn -0.9242 0.0007 -0.3819
vn 0.7083 -0.0005 -0.7059
vn -0.9242 0.0007 0.3819
vn -0.0010 -0.0000 -1.0000
vn -0.3841 0.0003 0.9233
vn 0.3830 -0.0003 -0.9238
vn -0.0010 -0.0000 1.0000
vn -0.7081 0.0005 0.7061
vn 0.9245 -0.0007 -0.3811
vn 0.3830 -0.0003 0.9238
vn -0.0002 1.0000 0.0001
vn -0.0001 1.0000 -0.0002
vn -0.0001 1.0000 0.0001
vn 0.3057 0.4678 0.8293
vn 0.0002 0.4688 0.8833
vn -0.0002 0.4688 0.8833
vn -0.3379 0.4691 0.8159
vn -0.3380 0.4691 0.8159
vn 0.3621 0.4725 -0.8035
vn -0.0315 0.4729 -0.8806
vn 0.3665 0.4725 -0.8015
vn -0.3651 0.4635 -0.8074
vn -0.0273 0.4729 -0.8807
vn 0.6503 0.4625 -0.6027
vn 0.6525 0.4624 -0.6003
vn -0.6362 0.4647 -0.6159
vn -0.6356 0.4647 -0.6165
vn 0.8106 0.4650 -0.3558
vn 0.8135 0.4653 -0.3490
vn -0.8269 0.4659 -0.3149
vn -0.6257 0.4689 0.6234
vn -0.8257 0.4727 0.3077
vn -0.8266 0.4728 0.3054
vn 0.8793 0.4761 -0.0122
vn 0.8793 0.4761 -0.0106
vn -0.8840 0.4671 -0.0186
vn -0.8284 0.4660 -0.3110
vn -0.8840 0.4671 -0.0165
vn 0.8265 0.4701 0.3097
vn 0.6219 0.4799 0.6188
vn 0.6218 0.4799 0.6189
vn 0.3031 0.4678 0.8303
vn 0.9118 -0.0000 0.4107
vn 0.9995 -0.0000 0.0305
vn -0.7071 -0.0000 -0.7071
vn -0.9239 -0.0000 -0.3827
vn -0.9118 -0.0000 -0.4107
vn -0.9995 -0.0000 -0.0305
vn 0.9239 -0.0000 -0.3827
vn -0.9351 -0.0000 0.3543
vn -0.7283 -0.0000 0.6852
vn -0.0000 -0.0000 -1.0000
vn -0.3827 -0.0000 -0.9239
vn -0.4107 -0.0000 0.9118
vn 0.3827 -0.0000 0.9239
vn 0.7071 -0.0000 0.7071
vn 0.7283 -0.0000 -0.6852
vn 0.4107 -0.0000 -0.9118
vn -0.0305 -0.0000 0.9995
vn 0.0305 -0.0000 -0.9995
vn -0.0000 -0.0000 1.0000
vn -0.3543 -0.0000 -0.9351
vn -0.6852 -0.0000 -0.7283
vn 0.9239 -0.0000 0.3827
vn 0.9351 -0.0000 -0.3543
vn 0.3445 -0.0000 0.9388
vn 0.6862 -0.2508 0.6827
vn 0.3337 -0.2389 0.9119
vn 0.9689 -0.2470 -0.0130
vn 0.8383 -0.4088 -0.3607
vn 0.9081 -0.4186 -0.0118
vn -0.9998 -0.0000 -0.0198
vn -0.9091 -0.2447 0.3370
vn -0.9710 -0.2383 -0.0198
vn 0.0001 -0.2407 0.9706
vn -0.0331 -0.0000 -0.9995
vn 0.4020 -0.2448 -0.8823
vn 0.4131 -0.0000 -0.9107
vn 0.7162 -0.2368 -0.6565
vn 0.7366 -0.0000 -0.6763
vn -0.7092 -0.0000 0.7051
vn -0.3714 -0.2409 0.8967
vn -0.6881 -0.2413 0.6843
vn 0.7089 -0.0000 0.7053
vn 0.9086 -0.2402 0.3418
vn 0.8914 -0.2380 -0.3857
vn 0.9186 -0.0000 -0.3952
vn -0.3827 -0.0000 0.9239
vn -0.4131 -0.0000 -0.9107
vn -0.0335 -0.2450 -0.9689
vn 0.9999 -0.0000 -0.0129
vn -0.7220 -0.0000 -0.6919
vn -0.4020 -0.2368 -0.8845
vn 0.9362 -0.0000 0.3515
vn -0.9379 -0.0000 0.3470
vn -0.9374 -0.0000 -0.3482
vn -0.7009 -0.2399 -0.6717
vn -0.9099 -0.2392 -0.3390
vn -0.3774 -0.4068 -0.8319
vn 0.8523 -0.4137 0.3201
vn -0.6463 -0.4116 0.6426
vn -0.8533 -0.4151 0.3157
vn -0.6592 -0.4081 -0.6316
vn -0.8555 -0.4088 -0.3178
vn 0.3141 -0.4107 0.8560
vn -0.9117 -0.4104 -0.0180
vn -0.0000 -0.4108 0.9117
vn 0.3760 -0.4151 -0.8285
vn 0.6731 -0.4062 -0.6180
vn -0.3488 -0.4111 0.8422
vn 0.6430 -0.4210 0.6397
vn -0.0303 -0.4155 -0.9091
vn -0.6629 -0.3553 0.6591
vn -0.8754 -0.3587 0.3239
vn -0.3662 -0.2899 0.8842
vn -0.6786 -0.2903 0.6747
vn -0.6757 -0.3523 -0.6475
vn -0.8771 -0.3528 -0.3259
vn 0.3221 -0.3542 0.8779
vn -0.9351 -0.3539 -0.0185
vn -0.0000 -0.3546 0.9350
vn 0.3858 -0.3587 -0.8500
vn 0.6900 -0.3502 -0.6335
vn -0.3578 -0.3549 0.8637
vn 0.8745 -0.3569 0.3284
vn 0.6602 -0.3645 0.6568
vn 0.8596 -0.3525 -0.3699
vn -0.3869 -0.3507 -0.8528
vn -0.0311 -0.3591 -0.9328
vn 0.9321 -0.3619 -0.0121
vn -0.9570 -0.2894 -0.0189
vn -0.9331 -0.0978 -0.3460
vn -0.8977 -0.2882 -0.3334
vn 0.8954 -0.2920 0.3362
vn 0.6768 -0.2976 0.6733
vn 0.7057 -0.2861 -0.6481
vn 0.8797 -0.2881 -0.3782
vn -0.0000 -0.2897 0.9571
vn -0.3957 -0.2866 -0.8725
vn -0.0316 -0.2933 -0.9555
vn 0.9552 -0.2957 -0.0123
vn -0.8967 -0.2930 0.3317
vn -0.6915 -0.2876 -0.6626
vn 0.3298 -0.2896 0.8985
vn 0.3949 -0.2930 -0.8708
vn -0.4107 -0.0974 -0.9065
vn -0.0334 0.0447 -0.9984
vn -0.0322 -0.0994 -0.9945
vn 0.3433 -0.0985 0.9340
vn -0.9949 -0.0985 -0.0193
vn -0.0001 -0.0983 0.9952
vn 0.4102 -0.0993 -0.9066
vn 0.7328 -0.0972 -0.6735
vn -0.3808 -0.0984 0.9194
vn -0.7057 -0.0985 0.7016
vn 0.9316 -0.0994 0.3495
vn 0.7053 -0.1006 0.7017
vn 0.9147 -0.0980 -0.3921
vn 0.9949 -0.1002 -0.0126
vn -0.9334 -0.0993 0.3449
vn -0.7186 -0.0975 -0.6885
vn 0.9989 0.0451 -0.0130
vn -0.7213 0.0437 -0.6912
vn -0.4128 0.0434 -0.9098
vn 0.9352 0.0443 0.3513
vn -0.9369 0.0446 0.3467
vn -0.9365 0.0438 -0.3480
vn -0.9988 0.0439 -0.0199
vn 0.7082 0.0455 0.7046
vn 0.3440 0.0439 0.9379
vn -0.0000 0.0440 0.9990
vn 0.4129 0.0446 -0.9097
vn 0.7360 0.0434 -0.6756
vn -0.7084 0.0441 0.7044
vn 0.9176 0.0437 -0.3951
vn -0.3823 0.0441 0.9230
vn -0.0000 1.0000 0.0001
vn -0.9168 -0.3993 -0.0000
vn -0.8470 -0.3993 -0.3509
vn 0.8470 -0.3993 0.3509
vn 0.9168 -0.3993 -0.0000
vn -0.8470 -0.3993 0.3509
vn -0.8470 -0.3993 0.3508
vn 0.6483 -0.3993 0.6483
vn 0.8470 -0.3993 0.3508
vn -0.6483 -0.3993 0.6483
vn 0.3508 -0.3993 0.8470
vn -0.3508 -0.3993 0.8470
vn -0.3509 -0.3993 0.8470
vn -0.0000 -0.3993 0.9168
vn 0.3509 -0.3993 0.8470
vn 0.3509 -0.3993 -0.8470
vn -0.0000 -0.3993 -0.9168
vn -0.3509 -0.3993 -0.8470
vn -0.3508 -0.3993 -0.8470
vn 0.6483 -0.3993 -0.6483
vn 0.3508 -0.3993 -0.8470
vn -0.6483 -0.3993 -0.6483
vn 0.8470 -0.3993 -0.3508
vn -0.8470 -0.3993 -0.3508
vn 0.8470 -0.3993 -0.3509
vn 0.8470 0.3993 -0.3509
vn 0.9168 0.3993 -0.0000
vn 0.8470 0.3993 -0.3508
vn -0.6483 0.3993 -0.6483
vn -0.8470 0.3993 -0.3508
vn -0.8470 0.3993 -0.3509
vn 0.6483 0.3993 -0.6483
vn -0.3509 0.3993 -0.8470
vn 0.3509 0.3993 -0.8470
vn -0.0000 0.3993 -0.9168
vn -0.3509 0.3993 0.8470
vn -0.0000 0.3993 0.9168
vn 0.3509 0.3993 0.8470
vn 0.3508 0.3993 0.8470
vn -0.6483 0.3993 0.6483
vn -0.3508 0.3993 0.8470
vn 0.6483 0.3993 0.6483
vn -0.8470 0.3993 0.3508
vn 0.8470 0.3993 0.3508
vn 0.8470 0.3993 0.3509
vn -0.9168 0.3993 -0.0000
vn -0.8470 0.3993 0.3509
vn 0.6998 -0.1438 -0.6998
vn 0.3747 -0.2037 -0.9045
vn 0.3787 -0.1438 -0.9143
vn -0.3787 -0.1438 -0.9143
vn -0.6923 -0.2037 -0.6923
vn -0.6998 -0.1438 -0.6998
vn 0.9143 -0.1438 -0.3787
vn 0.6923 -0.2037 -0.6923
vn -0.9045 -0.2037 -0.3747
vn -0.9143 -0.1438 -0.3787
vn 0.9896 -0.1438 -0.0000
vn 0.9045 -0.2037 0.3747
vn 0.9790 -0.2037 -0.0000
vn -0.9143 -0.1438 0.3787
vn -0.9790 -0.2037 -0.0000
vn -0.9045 -0.2037 0.3747
vn 0.9143 -0.1438 0.3787
vn 0.6923 -0.2037 0.6923
vn -0.6998 -0.1438 0.6998
vn -0.6923 -0.2037 0.6923
vn 0.6998 -0.1438 0.6998
vn 0.3747 -0.2037 0.9045
vn -0.0000 -0.1438 0.9896
vn -0.3747 -0.2037 0.9045
vn -0.0000 -0.2037 0.9790
vn -0.0000 -0.2037 -0.9790
vn -0.0000 -0.1438 -0.9896
vn -0.8337 -0.4309 -0.3453
vn -0.9675 -0.2527 -0.0000
vn -0.9024 -0.4309 -0.0000
vn 0.9024 -0.4309 -0.0000
vn 0.8939 -0.2527 0.3703
vn 0.9675 -0.2527 -0.0000
vn -0.8939 -0.2527 0.3703
vn -0.8337 -0.4309 0.3453
vn 0.6381 -0.4309 0.6381
vn 0.8337 -0.4309 0.3453
vn -0.6381 -0.4309 0.6381
vn -0.6842 -0.2527 0.6842
vn 0.3703 -0.2527 0.8939
vn 0.6842 -0.2527 0.6842
vn -0.3453 -0.4309 0.8337
vn -0.3703 -0.2527 0.8939
vn 0.3453 -0.4309 0.8337
vn -0.0000 -0.2527 0.9675
vn 0.3453 -0.4309 -0.8337
vn -0.0000 -0.2527 -0.9675
vn -0.0000 -0.4309 -0.9024
vn -0.0000 -0.4309 0.9024
vn -0.3703 -0.2527 -0.8939
vn -0.3453 -0.4309 -0.8337
vn 0.6381 -0.4309 -0.6381
vn 0.3703 -0.2527 -0.8939
vn -0.6842 -0.2527 -0.6842
vn -0.6381 -0.4309 -0.6381
vn 0.8337 -0.4309 -0.3453
vn 0.6842 -0.2527 -0.6842
vn -0.8939 -0.2527 -0.3703
vn 0.8939 -0.2527 -0.3703
vn 0.8733 -0.3262 -0.3617
vn 0.9045 -0.2037 -0.3747
vn -0.8733 -0.3262 -0.3617
vn 0.6684 -0.3262 -0.6684
vn -0.3747 -0.2037 -0.9045
vn -0.6684 -0.3262 -0.6684
vn 0.3617 -0.3262 -0.8733
vn -0.3617 -0.3262 -0.8733
vn -0.3617 -0.3262 0.8733
vn -0.0000 -0.3262 0.9453
vn -0.0000 -0.3262 -0.9453
vn 0.3617 -0.3262 0.8733
vn -0.6684 -0.3262 0.6684
vn 0.6684 -0.3262 0.6684
vn -0.8733 -0.3262 0.3617
vn 0.8733 -0.3262 0.3617
vn -0.9453 -0.3262 -0.0000
vn 0.9453 -0.3262 -0.0000
vn -0.3787 -0.1438 0.9143
vn 0.3787 -0.1438 0.9143
vn -0.9896 -0.1438 -0.0000
vn 0.3827 -0.0000 -0.9239
vn 0.7071 -0.0000 -0.7071
vn -0.9239 -0.0000 0.3827
vn -0.7071 -0.0000 0.7071
vn -0.6601 0.3584 0.6601
vn -0.3763 -0.1820 0.9084
vn -0.3573 0.3584 0.8625
vn -0.0000 -0.1820 0.9833
vn -0.0000 0.3584 0.9336
vn 0.6601 0.3584 -0.6601
vn 0.3763 -0.1820 -0.9084
vn 0.3573 0.3584 -0.8625
vn -0.6601 0.3584 -0.6601
vn -0.3763 -0.1820 -0.9084
vn -0.6953 -0.1820 -0.6953
vn 0.9084 -0.1820 -0.3763
vn 0.6953 -0.1820 -0.6953
vn -0.8625 0.3584 -0.3573
vn -0.9833 -0.1820 -0.0000
vn -0.9336 0.3584 -0.0000
vn 0.8625 0.3585 0.3573
vn 0.9833 -0.1820 -0.0000
vn 0.9336 0.3584 -0.0000
vn -0.8625 0.3584 0.3573
vn -0.9084 -0.1820 0.3763
vn 0.6953 -0.1820 0.6953
vn 0.9084 -0.1820 0.3763
vn -0.6953 -0.1820 0.6953
vn 0.6601 0.3584 0.6601
vn 0.3763 -0.1820 0.9084
vn 0.8783 -0.3102 -0.3638
vn 0.6591 -0.3622 -0.6591
vn 0.6722 -0.3102 -0.6722
vn -0.6722 -0.3102 -0.6722
vn -0.8612 -0.3622 -0.3567
vn -0.8783 -0.3102 -0.3638
vn 0.9507 -0.3102 -0.0000
vn 0.8612 -0.3622 -0.3567
vn -0.9321 -0.3622 -0.0000
vn -0.9507 -0.3102 -0.0000
vn 0.8783 -0.3102 0.3638
vn 0.9321 -0.3622 -0.0000
vn -0.8783 -0.3102 0.3638
vn -0.8612 -0.3622 0.3567
vn 0.6722 -0.3102 0.6722
vn 0.8611 -0.3622 0.3567
vn -0.6722 -0.3102 0.6722
vn -0.6591 -0.3622 0.6591
vn 0.3567 -0.3622 0.8612
vn 0.6591 -0.3622 0.6591
vn -0.3638 -0.3102 0.8783
vn -0.3567 -0.3622 0.8612
vn 0.3638 -0.3102 0.8783
vn -0.0000 -0.3622 0.9321
vn 0.3638 -0.3102 -0.8783
vn -0.0000 -0.3622 -0.9321
vn -0.0000 -0.3102 -0.9507
vn -0.0000 -0.3102 0.9507
vn -0.3567 -0.3622 -0.8612
vn -0.3638 -0.3102 -0.8783
vn 0.3567 -0.3622 -0.8612
vn -0.6591 -0.3622 -0.6591
vn -0.6811 -0.2688 -0.6811
vn 0.3686 -0.2688 -0.8899
vn -0.0000 -0.1820 -0.9833
vn -0.3686 -0.2688 -0.8899
vn -0.3686 -0.2688 0.8899
vn -0.0000 -0.2688 0.9632
vn -0.0000 -0.2688 -0.9632
vn 0.3686 -0.2688 0.8899
vn -0.6811 -0.2688 0.6811
vn 0.6811 -0.2688 0.6811
vn -0.8899 -0.2688 0.3686
vn 0.8899 -0.2688 0.3686
vn -0.9632 -0.2688 -0.0000
vn 0.9632 -0.2688 -0.0000
vn -0.9084 -0.1820 -0.3763
vn 0.8899 -0.2688 -0.3686
vn -0.8899 -0.2688 -0.3686
vn 0.6811 -0.2688 -0.6811
vn 0.8625 0.3584 -0.3573
vn 0.3573 0.3584 0.8625
vn -0.0000 0.3584 -0.9336
vn -0.0014 -1.0000 -0.0006
vn 0.0015 1.0000 -0.0000
vn -0.0015 -1.0000 -0.0000
vn 0.0015 -1.0000 -0.0000
vn -0.0014 1.0000 0.0005
vn 0.0014 -1.0000 -0.0006
vn -0.0011 -1.0000 -0.0011
vn 0.0014 1.0000 0.0006
vn -0.0011 1.0000 0.0010
vn 0.0011 -1.0000 -0.0011
vn -0.0006 -1.0000 -0.0014
vn 0.0010 1.0000 0.0011
vn -0.0006 1.0000 0.0014
vn 0.0006 -1.0000 -0.0014
vn -0.0000 -1.0000 -0.0015
vn 0.0005 1.0000 0.0014
vn -0.0000 -1.0000 0.0015
vn 0.0006 1.0000 -0.0014
vn -0.0000 1.0000 -0.0015
vn -0.0000 1.0000 0.0015
vn 0.0006 -1.0000 0.0014
vn -0.0005 1.0000 -0.0014
vn -0.0006 -1.0000 0.0014
vn 0.0011 1.0000 -0.0010
vn 0.0011 -1.0000 0.0011
vn -0.0010 1.0000 -0.0011
vn -0.0011 -1.0000 0.0011
vn 0.0014 1.0000 -0.0005
vn 0.0014 -1.0000 0.0006
vn -0.0014 1.0000 -0.0006
vn -0.0014 -1.0000 0.0006
vn -0.0015 1.0000 -0.0000
vn -0.9582 0.2861 -0.0000
vn 0.3543 -0.0000 0.9351
vn 0.6852 -0.0000 0.7283
vn 0.6775 0.2861 0.6775
vn -0.8853 0.2861 0.3667
vn 0.3667 0.2861 0.8853
vn -0.6775 0.2861 0.6775
vn -0.0000 0.2861 0.9582
vn -0.0000 0.2861 -0.9582
vn 0.3667 0.2861 -0.8853
vn -0.3667 0.2861 0.8853
vn -0.3667 0.2861 -0.8853
vn 0.6775 0.2861 -0.6775
vn -0.6775 0.2861 -0.6775
vn 0.8853 0.2861 -0.3667
vn -0.8853 0.2861 -0.3667
vn 0.9582 0.2861 -0.0000
vn 0.8853 0.2861 0.3667
vn 0.8853 -0.2861 0.3667
vn -0.9582 -0.2861 -0.0000
vn -0.8853 -0.2861 -0.3667
vn 0.8853 -0.2861 -0.3667
vn 0.9582 -0.2861 -0.0000
vn -0.6775 -0.2861 -0.6775
vn 0.6775 -0.2861 -0.6776
vn -0.3667 -0.2861 -0.8853
vn 0.3667 -0.2861 -0.8853
vn -0.0000 -0.2861 -0.9582
vn -0.3667 -0.2861 0.8853
vn -0.0000 -0.2861 0.9582
vn -0.6775 -0.2861 0.6775
vn 0.3667 -0.2861 0.8853
vn -0.8853 -0.2861 0.3667
vn 0.6775 -0.2861 0.6776
vn 0.8988 0.2315 -0.3723
vn 0.8866 0.4625 -0.0000
vn 0.9728 0.2315 -0.0000
vn 0.0902 0.9718 0.2179
vn 0.1667 0.9718 0.1667
vn -0.2358 0.9718 -0.0000
vn -0.2179 0.9718 -0.0902
vn -0.0902 -0.9718 0.2179
vn -0.0000 -0.9718 0.2358
vn 0.0902 -0.9718 0.2179
vn 0.1667 -0.9718 0.1667
vn 0.2179 0.9718 0.0902
vn -0.2358 -0.9718 -0.0000
vn -0.2179 -0.9718 -0.0902
vn -0.0000 0.9718 0.2358
vn 0.2179 -0.9718 0.0902
vn -0.1667 0.9718 -0.1667
vn 0.2358 0.9718 -0.0000
vn -0.1667 -0.9718 -0.1667
vn -0.1668 -0.9718 -0.1667
vn -0.2179 0.9718 0.0902
vn 0.2358 -0.9718 -0.0000
vn 0.1667 0.9718 -0.1667
vn 0.2179 0.9718 -0.0902
vn -0.2179 -0.9718 0.0902
vn 0.8988 0.2315 0.3723
vn 0.8191 0.4625 0.3393
vn -0.9728 0.2315 -0.0000
vn -0.8191 0.4625 -0.3393
vn -0.8988 0.2315 -0.3723
vn -0.6879 0.2315 -0.6879
vn -0.3393 0.4625 -0.8191
vn -0.3723 0.2315 -0.8988
vn -0.0000 0.4625 -0.8866
vn -0.0000 0.2315 -0.9728
vn -0.0000 0.2315 0.9728
vn 0.3393 0.4625 0.8191
vn -0.0000 0.4625 0.8866
vn -0.3723 0.2315 0.8988
vn -0.3393 0.4625 0.8191
vn -0.6879 0.2315 0.6879
vn -0.6269 0.4625 0.6269
vn -0.8988 0.2315 0.3723
vn -0.8191 0.4625 0.3393
vn -0.8866 0.4625 -0.0000
vn 0.6879 0.2315 0.6879
vn 0.6269 0.4625 0.6269
vn 0.3723 0.2315 0.8988
vn 0.3393 0.4625 -0.8191
vn 0.3723 0.2315 -0.8988
vn 0.6269 0.4625 -0.6269
vn 0.6879 0.2315 -0.6879
vn 0.8191 0.4625 -0.3393
vn -0.6269 0.4625 -0.6269
vn -0.0902 0.9718 0.2179
vn -0.0902 -0.9718 -0.2179
vn -0.0000 -0.9718 -0.2358
vn 0.0902 -0.9718 -0.2179
vn -0.1667 -0.9718 0.1667
vn -0.0000 0.9718 -0.2358
vn 0.0902 0.9718 -0.2179
vn -0.1668 0.9718 0.1667
vn -0.1668 0.9718 -0.1667
vn -0.0902 0.9718 -0.2179
vn 0.2179 -0.9718 -0.0902
vn 0.1667 -0.9718 -0.1667
vn -0.1667 0.9718 0.1667
vn -0.6269 -0.4625 -0.6269
vn -0.8988 -0.2315 -0.3723
vn -0.6879 -0.2315 -0.6879
vn 0.8191 -0.4625 -0.3393
vn 0.6879 -0.2315 -0.6879
vn 0.8988 -0.2315 -0.3723
vn 0.6269 -0.4625 -0.6269
vn 0.3723 -0.2315 -0.8988
vn 0.3393 -0.4625 -0.8191
vn -0.0000 -0.2315 -0.9728
vn 0.6269 -0.4625 0.6269
vn 0.3723 -0.2315 0.8988
vn 0.3393 -0.4625 0.8191
vn 0.6879 -0.2315 0.6879
vn 0.8191 -0.4625 0.3393
vn 0.8988 -0.2315 0.3723
vn -0.8191 -0.4625 0.3393
vn -0.9728 -0.2315 -0.0000
vn -0.8866 -0.4625 -0.0000
vn -0.8988 -0.2315 0.3723
vn -0.6269 -0.4625 0.6269
vn -0.6879 -0.2315 0.6879
vn -0.3393 -0.4625 0.8191
vn -0.3723 -0.2315 0.8988
vn -0.0000 -0.4625 0.8866
vn -0.0000 -0.2315 0.9728
vn -0.0000 -0.4625 -0.8866
vn -0.3723 -0.2315 -0.8988
vn -0.3393 -0.4625 -0.8191
vn -0.8191 -0.4625 -0.3393
vn 0.8866 -0.4625 -0.0000
vn 0.9728 -0.2315 -0.0000
vn 0.2548 -0.3317 -0.9083
vn -0.0470 -0.0188 -0.9987
vn 0.0750 -0.0185 -0.9970
vn 0.3685 -0.1406 0.9189
vn 0.2777 -0.0241 0.9604
vn 0.6163 -0.3203 0.7194
vn -0.9949 0.1007 -0.0004
vn -0.9800 0.1991 -0.0004
vn -0.9802 0.1981 0.0001
vn 0.2559 -0.3393 0.9052
vn -0.4269 -0.1540 -0.8911
vn -0.6025 -0.1670 -0.7805
vn -0.2510 -0.1335 -0.9587
vn -0.2776 -0.0241 -0.9604
vn -0.2559 -0.3394 -0.9052
vn -0.6163 -0.3204 -0.7194
vn 0.6109 -0.1671 -0.7739
vn 0.8739 -0.2333 -0.4265
vn 0.6353 -0.2253 -0.7386
vn -0.8734 -0.2323 -0.4280
vn -0.8816 -0.1725 -0.4393
vn 0.8843 -0.1726 -0.4339
vn 0.9695 -0.2452 -0.0000
vn -0.9695 -0.2452 -0.0000
vn -0.9852 -0.1712 -0.0000
vn 0.8816 -0.1725 0.4393
vn 0.9852 -0.1712 -0.0000
vn -0.8842 -0.1725 0.4340
vn -0.8739 -0.2333 0.4265
vn 0.6021 -0.1671 0.7807
vn 0.8734 -0.2323 0.4280
vn -0.6112 -0.1671 0.7737
vn -0.6353 -0.2253 0.7386
vn 0.6512 -0.2224 0.7256
vn 0.4268 -0.1540 0.8911
vn 0.9800 0.1991 0.0004
vn 0.9949 0.1007 0.0004
vn 0.9949 0.1005 0.0010
vn -0.6284 -0.1420 0.7649
vn -0.3328 -0.0711 0.9403
vn -0.6639 -0.0429 0.7466
vn 0.1466 -0.2354 0.9608
vn 0.2507 -0.1335 0.9588
vn -0.3419 -0.0000 0.9397
vn 0.0015 -0.0800 0.9968
vn 0.3419 -0.0000 -0.9397
vn -0.0014 -0.0800 -0.9968
vn -0.6603 -0.0000 -0.7510
vn -0.9045 -0.0602 -0.4222
vn -0.9048 -0.0000 -0.4258
vn 0.9045 -0.0602 -0.4222
vn 0.9048 -0.0000 -0.4258
vn -0.9978 -0.0664 -0.0000
vn 0.9048 -0.0000 0.4258
vn 0.9978 -0.0664 -0.0000
vn -0.9045 -0.0602 0.4222
vn -0.9048 -0.0000 0.4258
vn 0.6603 -0.0000 0.7510
vn 0.9045 -0.0602 0.4222
vn -0.6603 -0.0000 0.7510
vn 0.3305 -0.0746 0.9409
vn 0.3419 -0.0000 0.9397
vn 0.6646 -0.0407 0.7461
vn -0.3306 -0.0746 -0.9408
vn -0.3419 -0.0000 -0.9397
vn -0.6645 -0.0408 -0.7462
vn 0.6639 -0.0428 -0.7466
vn 0.6603 -0.0000 -0.7510
vn 0.6282 -0.1420 -0.7650
vn 0.3327 -0.0712 -0.9404
vn 0.8987 -0.1264 -0.4200
vn -0.8990 -0.1264 -0.4192
vn -0.6256 -0.1448 -0.7666
vn 0.9918 -0.1278 -0.0000
vn -0.9918 -0.1278 -0.0000
vn 0.8991 -0.1264 0.4191
vn 0.6254 -0.1448 0.7667
vn -0.8986 -0.1264 0.4202
vn -0.2295 -0.3255 -0.9173
vn 0.2294 -0.3248 0.9176
vn 0.0062 -0.3621 0.9321
vn 0.2243 -0.3478 -0.9104
vn 0.0691 -0.9876 0.1409
vn -0.1138 -0.8706 0.4785
vn -0.0690 -0.9876 0.1407
vn 0.2013 -0.5786 0.7903
vn -0.2005 -0.5760 0.7925
vn -0.2548 -0.3318 0.9083
vn -0.3342 -0.8746 0.3512
vn -0.5251 -0.5506 0.6489
vn -0.6116 -0.3174 0.7247
vn -0.1285 -0.9917 -0.0000
vn -0.4764 -0.8792 -0.0000
vn -0.7546 -0.5347 0.3805
vn -0.8538 -0.3078 0.4199
vn -0.8540 -0.5203 -0.0000
vn -0.9530 -0.3030 -0.0000
vn -0.7546 -0.5346 -0.3805
vn -0.8529 -0.3077 -0.4217
vn -0.3342 -0.8746 -0.3512
vn -0.0688 -0.9877 -0.1406
vn -0.5251 -0.5489 -0.6503
vn -0.1138 -0.8706 -0.4786
vn -0.2013 -0.5786 -0.7904
vn 0.3342 -0.8746 0.3512
vn 0.1138 -0.8706 0.4786
vn 0.5251 -0.5489 0.6503
vn 0.1287 -0.9917 -0.0000
vn 0.7546 -0.5346 0.3805
vn 0.8529 -0.3077 0.4217
vn 0.4764 -0.8792 -0.0000
vn 0.8540 -0.5203 -0.0000
vn 0.9530 -0.3030 -0.0000
vn 0.7546 -0.5346 -0.3805
vn 0.3342 -0.8746 -0.3512
vn 0.5251 -0.5506 -0.6489
vn 0.8538 -0.3078 -0.4199
vn 0.0689 -0.9876 -0.1407
vn 0.1138 -0.8706 -0.4786
vn 0.2005 -0.5760 -0.7925
vn 0.6116 -0.3174 -0.7247
vn 0.0002 -1.0000 0.0011
vn -0.4117 -0.1592 0.8973
vn -0.3478 -0.1448 0.9263
vn -0.6095 -0.1706 0.7743
vn -0.2310 -0.3331 0.9141
vn 0.3060 -0.0586 -0.9502
vn -0.8934 -0.1379 0.4276
vn 0.8928 -0.1392 0.4283
vn -0.9920 -0.1262 -0.0000
vn 0.9920 -0.1262 -0.0000
vn 0.8934 -0.1380 -0.4275
vn -0.8928 -0.1392 -0.4285
vn 0.6092 -0.1708 -0.7744
vn 0.8378 0.5460 -0.0002
vn 0.9802 0.1981 -0.0001
vn -0.2243 -0.3484 0.9101
vn -0.8378 0.5460 0.0002
vn -0.8362 0.5484 -0.0001
vn 0.9778 -0.2095 0.0004
vn 0.7256 -0.6881 -0.0003
vn 0.7241 -0.6897 -0.0001
vn -0.2343 -0.3276 -0.9153
vn -0.6036 -0.1774 -0.7773
vn -0.3060 -0.0585 0.9502
vn -0.3685 -0.1405 -0.9189
vn -0.1483 -0.2318 0.9614
vn -0.2377 -0.1330 0.9622
vn 0.3478 -0.1448 -0.9263
vn 0.2332 -0.3281 0.9154
vn 0.6033 -0.1777 0.7775
vn -0.0750 -0.0185 0.9970
vn -0.0058 -0.3621 -0.9321
vn -0.1480 -0.2352 -0.9606
vn 0.2368 -0.9715 0.0062
vn 0.2365 -0.9716 -0.0067
vn 0.4116 -0.1592 -0.8974
vn 0.1474 -0.2318 -0.9615
vn 0.2374 -0.1330 -0.9623
vn 0.2311 -0.3351 -0.9134
vn -0.2368 -0.9715 -0.0062
vn -0.7256 -0.6881 0.0003
vn -0.2364 -0.9716 0.0067
vn -0.9778 -0.2095 -0.0004
vn -0.9779 -0.2089 -0.0002
vn -0.9949 0.1005 -0.0010
vn -0.0013 -0.9946 -0.1034
vn -0.6513 -0.2224 -0.7255
vn 0.0470 -0.0188 0.9987
vn -0.4554 0.8903 0.0001
vn -0.4582 0.8889 -0.0007
vn 0.8362 0.5484 0.0001
vn 0.4554 0.8903 -0.0001
vn 0.4582 0.8889 0.0007
vn 0.1404 0.9901 0.0003
vn -0.1404 0.9901 -0.0003
vn 0.2033 -0.3035 0.9309
vn -0.0219 0.2600 -0.9654
vn -0.0980 0.2166 -0.9713
vn -0.0945 -0.5855 0.8051
vn 0.0219 0.2600 0.9654
vn -0.1234 -0.5269 -0.8409
vn -0.0358 -0.4844 -0.8741
vn -0.2044 -0.3038 -0.9306
vn 0.1816 -0.3027 -0.9356
vn -0.1105 -0.1100 -0.9878
vn 0.0549 0.2478 -0.9673
vn 0.1616 0.1162 -0.9800
vn 0.1242 -0.5248 0.8421
vn -0.0900 -0.1067 -0.9902
vn -0.1324 0.0448 -0.9902
vn -0.0061 -0.5645 -0.8254
vn 0.0981 0.2166 0.9713
vn -0.0875 -0.1149 0.9895
vn 0.1549 0.0102 -0.9879
vn -0.1833 -0.3030 0.9352
vn 0.0345 -0.4851 0.8738
vn -0.0549 0.2478 0.9673
vn -0.1616 0.1162 0.9800
vn 0.0065 -0.5645 0.8254
vn -0.1549 0.0102 0.9879
vn 0.1328 0.0446 0.9901
vn 0.0875 -0.1149 -0.9895
vn 0.1109 -0.1101 0.9877
vn 0.0013 -0.9946 0.1035
vn 0.0951 -0.5839 -0.8062
vn 0.0899 -0.1067 0.9902
vn 0.0685 -0.1067 -0.9919
vn -0.0684 -0.1067 0.9919
vn -0.0000 0.7604 0.6494
vn 0.2485 0.7604 -0.6000
vn -0.0000 0.7604 -0.6494
vn -0.3573 0.3584 -0.8625
vn -0.2485 0.7604 -0.6000
vn 0.4592 0.7604 -0.4592
vn 0.6000 0.7604 -0.2485
vn -0.4592 0.7604 -0.4592
vn -0.6000 0.7604 -0.2485
vn 0.6000 0.7604 0.2485
vn 0.6494 0.7604 -0.0000
vn -0.6000 0.7604 0.2485
vn -0.6494 0.7604 -0.0000
vn -0.4592 0.7604 0.4592
vn -0.2485 0.7604 0.6000
vn 0.4592 0.7604 0.4592
vn 0.2485 0.7604 0.6000
vn -0.2547 0.7465 -0.6148
vn -0.0000 0.7465 -0.6654
vn -0.0000 0.7465 0.6654
vn -0.2547 0.7465 0.6148
vn 0.2547 0.7465 -0.6148
vn 0.4705 0.7465 -0.4705
vn 0.2546 0.7465 -0.6148
vn -0.4705 0.7465 -0.4705
vn 0.6148 0.7465 -0.2547
vn -0.6148 0.7465 -0.2546
vn 0.6654 0.7465 -0.0000
vn -0.6654 0.7465 -0.0000
vn 0.6148 0.7465 0.2547
vn -0.6148 0.7465 0.2546
vn 0.4705 0.7465 0.4705
vn -0.4705 0.7465 0.4705
vn 0.2546 0.7465 0.6148
vn -0.2546 0.7465 0.6148
vn 0.1358 0.9907 -0.0000
vn -0.1358 0.9907 -0.0000
vn -0.5538 -0.0003 -0.8327
vn 0.9992 0.0396 -0.0076
vn 0.6831 -0.1042 0.7229
vn 0.0027 0.0026 1.0000
vn 1.0000 -0.0007 -0.0000
vn -1.0000 0.0007 -0.0000
vn 0.3264 -0.9452 -0.0000
vn -0.2717 0.9624 -0.0000
vn 0.2726 0.9621 -0.0000
vn -0.3671 0.4635 -0.8065
vn -0.6261 0.4689 0.6230
vn 0.8259 0.4701 0.3112
vn 0.9779 -0.2090 0.0002
vn -0.7241 -0.6897 0.0001
vn -0.0140 -0.5006 0.8656
vn 0.0128 -0.5012 -0.8652
vn -0.6033 -0.0000 0.7975
vn -0.6489 -0.0000 0.7609
vn -0.9955 0.0943 -0.0000
vn -0.9873 -0.1590 -0.0000
vn 0.6294 -0.7770 -0.0000
vn 0.4325 -0.9016 -0.0000
vn 0.6294 -0.7771 -0.0000
vn -0.3235 0.9462 -0.0000
vn 0.9149 0.0163 0.4035
vn 0.9149 -0.0163 0.4035
vn -0.4325 -0.9016 -0.0000
vn -0.1067 -0.9943 -0.0000
vn 0.8227 0.5685 -0.0000
vn 0.9873 0.1590 -0.0000
vn 0.7609 0.6489 -0.0000
vn 0.4646 0.8855 -0.0000
vn -0.8227 -0.5685 -0.0000
vn 0.1067 0.9943 -0.0000
vn 0.4325 0.9016 -0.0000
vn 0.1067 -0.9943 -0.0000
vn -0.9822 0.1878 -0.0000
vn 0.9873 -0.1590 -0.0000
vn 0.9494 -0.3141 -0.0000
vn 0.9580 -0.1926 0.2125
vn 0.8558 -0.5173 -0.0000
vn 0.8380 -0.5456 -0.0000
vn 0.9580 0.1926 0.2125
vn 0.8558 0.5173 -0.0000
vn -0.8195 0.5731 -0.0000
vn -0.7269 0.6867 -0.0000
vn 0.1290 -0.9916 -0.0000
vn 0.7440 -0.6682 -0.0000
vn 0.4006 -0.9162 -0.0000
vn 0.3568 0.9342 -0.0000
vn -0.0016 0.9998 0.0209
vn 0.6476 0.7617 0.0206
vn 0.9646 0.2638 -0.0000
vn 0.9707 -0.2405 -0.0000
vn -0.0016 0.9998 -0.0209
vn -0.5997 0.8003 -0.0000
vn -0.1240 0.9923 -0.0000
vn -0.3027 0.9531 -0.0000
vn -0.4552 -0.8904 -0.0000
vn -0.5297 0.8482 -0.0000
vn -0.7158 0.6983 -0.0000
vn -0.9598 0.2808 -0.0000
vn -0.8605 0.5094 -0.0000
vn 0.1166 0.9932 -0.0000
vn -0.9994 0.0342 -0.0000
vn -0.9549 -0.2969 -0.0000
vn 0.9232 0.3843 -0.0000
vn -0.7801 -0.6257 -0.0000
vn -0.5592 -0.8290 -0.0000
vn 0.9652 0.2614 -0.0000
vn 0.7900 -0.6131 -0.0000
vn 0.9907 -0.1359 -0.0000
vn -0.1360 -0.9907 -0.0000
vn 0.3776 -0.9260 -0.0000
vn -0.1359 -0.9907 -0.0000
vn 0.6131 0.7900 -0.0000
vn 0.1359 0.9907 -0.0000
vn 0.9907 -0.1360 -0.0000
vn 0.9260 0.3776 -0.0000
vn 0.1360 0.9907 -0.0000
vn -0.3776 0.9260 -0.0000
vn -0.9260 -0.3776 -0.0000
vn -0.6131 -0.7900 -0.0000
vn -0.7900 0.6131 -0.0000
vn -0.9907 0.1359 -0.0000
vn -0.9907 0.1360 -0.0000
vn -0.0652 0.9979 -0.0000
vn -0.1301 0.9915 -0.0000
vn -0.6033 -0.0000 -0.7975
vn -0.6489 -0.0000 -0.7609
vn 0.9149 0.0163 -0.4035
vn 0.9149 -0.0163 -0.4035
vn 0.9580 -0.1926 -0.2125
vn 0.9580 0.1926 -0.2125
vn 0.8380 0.5456 -0.0000
vn 0.6476 0.7617 -0.0206
vn 0.5695 0.8220 -0.0000
vn 0.7877 0.6160 -0.0000
vn 0.9927 0.1205 -0.0000
vn 0.9350 -0.3546 -0.0000
vn 0.6631 -0.7485 -0.0000
vn 0.2393 -0.9709 -0.0000
vn -0.2393 -0.9709 -0.0000
vn -0.6631 -0.7485 -0.0000
vn -0.9350 -0.3546 -0.0000
vn -0.9993 0.0385 -0.0000
vn -0.9805 0.1965 -0.0000
vn -0.8151 0.3515 -0.4605
vn -0.5584 0.6900 -0.4605
vn 0.2506 0.8516 0.4605
vn 0.6177 0.6375 0.4605
vn 0.1051 0.2258 -0.9685
vn 0.0122 0.5104 -0.8598
vn 0.1308 0.3577 -0.9246
vn 0.1051 0.2258 0.9685
vn 0.0122 0.5104 0.8598
vn 0.0164 0.3393 0.9405
vn 0.1632 0.1168 -0.9797
vn 0.1309 0.3576 -0.9246
vn 0.2639 0.2051 -0.9425
vn 0.1632 0.1168 0.9797
vn 0.2076 0.4514 0.8679
vn 0.3296 0.0389 -0.9433
vn 0.1889 0.0148 -0.9819
vn 0.3296 0.0389 0.9433
vn 0.2639 0.2051 0.9425
vn 0.3054 -0.1166 -0.9451
vn 0.1714 -0.0738 -0.9824
vn 0.1889 0.0148 0.9819
vn 0.3054 -0.1166 0.9451
vn 0.2146 -0.2424 -0.9461
vn 0.1160 -0.1440 -0.9827
vn 0.1714 -0.0738 0.9824
vn 0.2146 -0.2424 0.9461
vn 0.0779 -0.3137 -0.9463
vn 0.0352 -0.1814 -0.9828
vn 0.1160 -0.1440 0.9827
vn 0.0779 -0.3137 0.9463
vn -0.0766 -0.3161 -0.9456
vn -0.0541 -0.1782 -0.9825
vn 0.0352 -0.1814 0.9828
vn -0.0766 -0.3161 0.9456
vn -0.2172 -0.2478 -0.9442
vn -0.1329 -0.1342 -0.9820
vn -0.0541 -0.1782 0.9825
vn -0.2172 -0.2478 0.9442
vn -0.3127 -0.1208 -0.9422
vn -0.1833 -0.0580 -0.9813
vn -0.1329 -0.1342 0.9820
vn -0.3127 -0.1208 0.9422
vn -0.3246 0.0262 -0.9455
vn -0.1950 0.0385 -0.9801
vn -0.1833 -0.0580 0.9813
vn -0.3246 0.0262 0.9455
vn -0.1324 0.1037 -0.9858
vn -0.2476 0.2805 -0.9274
vn -0.1324 0.1037 0.9858
vn -0.1950 0.0385 0.9801
vn -0.0582 0.3517 -0.9343
vn -0.0799 0.2437 -0.9666
vn -0.0582 0.3517 0.9343
vn -0.1420 0.1759 0.9741
vn 0.0164 0.3393 -0.9405
vn -0.0799 0.2437 0.9666
vn -0.0396 -0.8868 0.4605
vn 0.3771 -0.8036 0.4605
vn 0.8432 0.2775 -0.4605
vn 0.6177 0.6375 -0.4605
vn -0.8151 0.3515 0.4605
vn -0.5584 0.6900 0.4605
vn -0.7523 -0.4712 -0.4605
vn -0.4471 -0.7668 -0.4605
vn -0.4472 -0.7668 -0.4605
vn 0.8432 0.2775 0.4605
vn -0.1738 0.8705 -0.4605
vn -0.7523 -0.4712 0.4605
vn -0.4471 -0.7668 0.4605
vn 0.8756 -0.1462 -0.4605
vn -0.0396 -0.8868 -0.4605
vn -0.1738 0.8705 0.4605
vn -0.8851 -0.0676 -0.4605
vn 0.8756 -0.1462 0.4605
vn -0.4472 -0.7668 0.4605
vn 0.2506 0.8516 -0.4605
vn -0.8851 -0.0676 0.4605
vn 0.7073 -0.5363 -0.4605
vn 0.3771 -0.8036 -0.4605
vn 0.7073 -0.5363 0.4605
vn 0.2961 -0.9551 -0.0000
vn -0.9971 -0.0762 -0.0000
vn 0.1476 0.9890 -0.0000
vn 0.2961 -0.9552 -0.0000
vn 0.8653 0.5012 -0.0000
vn -0.6812 0.7321 -0.0000
vn 0.9314 -0.3640 -0.0000
vn -0.5621 -0.8270 -0.0000
vn -0.5621 -0.8271 -0.0000
vn -0.9993 0.0385 0.0001
vn -0.5695 0.8220 -0.0000
vn -0.7877 0.6160 -0.0000
vn -0.7878 0.6160 -0.0000
vn -0.9927 0.1205 -0.0000
vn 0.9993 0.0385 -0.0000
vn 0.9805 0.1965 -0.0000
vn 0.8151 0.3515 -0.4605
vn 0.5584 0.6900 -0.4605
vn -0.2506 0.8516 0.4605
vn -0.6177 0.6375 0.4605
vn -0.1051 0.2258 -0.9685
vn -0.1309 0.3577 -0.9246
vn -0.0122 0.5104 -0.8598
vn -0.1051 0.2258 0.9685
vn -0.0164 0.3393 0.9405
vn -0.0122 0.5104 0.8598
vn -0.1632 0.1168 -0.9797
vn -0.2639 0.2051 -0.9425
vn -0.1632 0.1168 0.9797
vn -0.2077 0.4514 0.8678
vn -0.1889 0.0148 -0.9819
vn -0.3296 0.0389 -0.9433
vn -0.2639 0.2051 0.9425
vn -0.3296 0.0389 0.9433
vn -0.1714 -0.0738 -0.9824
vn -0.3054 -0.1166 -0.9451
vn -0.1889 0.0148 0.9819
vn -0.3054 -0.1166 0.9451
vn -0.1160 -0.1440 -0.9827
vn -0.2146 -0.2424 -0.9461
vn -0.1714 -0.0738 0.9824
vn -0.2146 -0.2424 0.9461
vn -0.0352 -0.1814 -0.9828
vn -0.0779 -0.3137 -0.9463
vn -0.1160 -0.1440 0.9827
vn -0.0779 -0.3137 0.9463
vn 0.0541 -0.1782 -0.9825
vn 0.0766 -0.3161 -0.9456
vn -0.0352 -0.1814 0.9828
vn 0.0766 -0.3161 0.9456
vn 0.1329 -0.1342 -0.9820
vn 0.2172 -0.2478 -0.9442
vn 0.0541 -0.1782 0.9825
vn 0.2172 -0.2478 0.9442
vn 0.1833 -0.0580 -0.9813
vn 0.3127 -0.1208 -0.9422
vn 0.1329 -0.1342 0.9820
vn 0.3127 -0.1208 0.9422
vn 0.1950 0.0385 -0.9801
vn 0.3246 0.0262 -0.9455
vn 0.1833 -0.0580 0.9813
vn 0.3246 0.0262 0.9455
vn 0.1324 0.1037 -0.9858
vn 0.2477 0.2805 -0.9274
vn 0.1324 0.1037 0.9858
vn 0.1950 0.0385 0.9801
vn 0.0799 0.2437 -0.9666
vn 0.0582 0.3517 -0.9343
vn 0.1420 0.1759 0.9741
vn 0.0582 0.3517 0.9343
vn -0.0164 0.3393 -0.9405
vn 0.0799 0.2437 0.9666
vn 0.0396 -0.8868 0.4605
vn -0.3771 -0.8036 0.4605
vn -0.8432 0.2775 -0.4605
vn -0.6177 0.6375 -0.4605
vn 0.8151 0.3515 0.4605
vn 0.5584 0.6900 0.4605
vn 0.7523 -0.4712 -0.4605
vn 0.4472 -0.7668 -0.4605
vn 0.4471 -0.7668 -0.4605
vn -0.8432 0.2775 0.4605
vn 0.1738 0.8705 -0.4605
vn 0.7523 -0.4712 0.4605
vn 0.4471 -0.7668 0.4605
vn -0.8756 -0.1462 -0.4605
vn 0.0396 -0.8868 -0.4605
vn 0.1738 0.8705 0.4605
vn 0.8851 -0.0676 -0.4605
vn -0.8756 -0.1462 0.4605
vn 0.4472 -0.7668 0.4605
vn -0.2506 0.8516 -0.4605
vn 0.8851 -0.0676 0.4605
vn -0.7073 -0.5363 -0.4605
vn -0.3771 -0.8036 -0.4605
vn -0.7073 -0.5363 0.4605
vn -0.2961 -0.9551 -0.0000
vn 0.9971 -0.0762 -0.0000
vn -0.1476 0.9890 -0.0000
vn -0.2961 -0.9552 -0.0000
vn -0.8653 0.5012 -0.0000
vn 0.6812 0.7321 -0.0000
vn -0.9314 -0.3640 -0.0000
vn 0.5621 -0.8270 -0.0000
vn 0.5621 -0.8271 -0.0000
vn -0.2076 0.4514 0.8678
vn 0.2476 0.2805 -0.9274
vn -0.0225 -0.0130 -0.9997
vn -0.0000 -0.5546 -0.8321
vn -0.2351 -0.4541 -0.8594
vn -0.4012 -0.4478 -0.7990
vn 0.8660 0.5000 -0.0000
vn -0.1008 -0.5714 0.8145
vn 0.1137 -0.5691 0.8144
vn 0.1008 -0.5714 0.8145
vn -0.2901 -0.5025 0.8145
vn -0.1137 -0.5691 0.8144
vn 0.0225 -0.0130 -0.9997
vn 0.2351 -0.4541 -0.8594
vn -0.0000 -0.5861 -0.8102
vn 0.2901 -0.5025 0.8145
vn 0.2197 -0.1268 -0.9673
vn 0.4012 -0.4478 -0.7990
vn 0.5049 -0.4390 -0.7433
vn -0.8660 0.5000 -0.0000
vn 0.5452 -0.1985 0.8145
vn 0.4360 -0.3830 0.8144
vn 0.5497 -0.1861 0.8144
vn 0.4445 -0.3730 0.8145
vn 0.5884 -0.1235 -0.7990
vn 0.5108 0.0234 -0.8594
vn 0.6326 -0.2177 -0.7433
vn 0.8660 -0.5000 -0.0000
vn 0.5802 -0.0000 0.8145
vn 0.4803 0.2773 -0.8321
vn -0.8660 -0.5000 -0.0000
vn 0.5452 0.1985 0.8145
vn 0.4360 0.3830 0.8144
vn 0.4445 0.3730 0.8145
vn 0.5497 0.1861 0.8144
vn -0.0000 0.0260 -0.9997
vn 0.2757 0.4307 -0.8594
vn 0.5076 0.2931 -0.8102
vn 0.2901 0.5025 0.8145
vn -0.0000 0.2537 -0.9673
vn 0.1872 0.5714 -0.7990
vn 0.1277 0.6567 -0.7433
vn 0.1008 0.5714 0.8145
vn -0.1137 0.5691 0.8144
vn -0.1008 0.5714 0.8145
vn 0.1137 0.5691 0.8144
vn -0.1872 0.5714 -0.7990
vn -0.2757 0.4307 -0.8594
vn -0.1277 0.6567 -0.7433
vn -0.2901 0.5025 0.8145
vn -0.4803 0.2773 -0.8321
vn -0.5452 0.1985 0.8145
vn -0.4360 0.3830 0.8144
vn -0.5497 0.1861 0.8144
vn -0.4445 0.3730 0.8145
vn -0.5108 0.0234 -0.8594
vn -0.5076 0.2931 -0.8102
vn -0.5802 -0.0000 0.8145
vn -0.2197 -0.1268 -0.9673
vn -0.5884 -0.1235 -0.7990
vn -0.6326 -0.2177 -0.7433
vn -0.5452 -0.1985 0.8145
vn -0.4360 -0.3830 0.8144
vn -0.4445 -0.3730 0.8145
vn -0.5497 -0.1861 0.8144
vn -0.5049 -0.4390 -0.7433
vn -0.7659 -0.6430 -0.0000
vn 0.3749 -0.9271 -0.0000
vn -0.7658 -0.6430 -0.0000
vn 0.2416 0.9704 -0.0000
vn -0.8482 0.5296 -0.0000
vn 0.9975 0.0701 -0.0000
vn -0.8482 0.5297 -0.0000
vn -0.0225 -0.0130 0.9997
vn -0.0000 -0.5546 0.8321
vn -0.4012 -0.4478 0.7990
vn -0.2351 -0.4541 0.8594
vn -0.1008 -0.5714 -0.8145
vn 0.1008 -0.5714 -0.8145
vn 0.1137 -0.5691 -0.8144
vn -0.2901 -0.5025 -0.8145
vn -0.1137 -0.5691 -0.8144
vn 0.0225 -0.0130 0.9997
vn -0.0000 -0.5861 0.8102
vn 0.2351 -0.4541 0.8594
vn 0.2901 -0.5025 -0.8145
vn 0.2197 -0.1268 0.9673
vn 0.4012 -0.4478 0.7990
vn 0.5049 -0.4390 0.7433
vn 0.5452 -0.1984 -0.8145
vn 0.5497 -0.1861 -0.8144
vn 0.4360 -0.3830 -0.8144
vn 0.4445 -0.3730 -0.8145
vn 0.5884 -0.1235 0.7990
vn 0.6326 -0.2177 0.7433
vn 0.5108 0.0234 0.8594
vn 0.5802 -0.0000 -0.8145
vn 0.4803 0.2773 0.8321
vn 0.5452 0.1984 -0.8145
vn 0.4445 0.3730 -0.8145
vn 0.4360 0.3830 -0.8144
vn 0.5497 0.1861 -0.8144
vn -0.0000 0.0260 0.9997
vn 0.5076 0.2931 0.8102
vn 0.2757 0.4307 0.8594
vn 0.2901 0.5025 -0.8145
vn -0.0000 0.2537 0.9673
vn 0.1872 0.5714 0.7990
vn 0.1277 0.6567 0.7433
vn 0.1008 0.5714 -0.8145
vn -0.1008 0.5714 -0.8145
vn -0.1137 0.5691 -0.8144
vn 0.1137 0.5691 -0.8144
vn -0.1872 0.5714 0.7990
vn -0.1277 0.6567 0.7433
vn -0.2757 0.4307 0.8594
vn -0.2901 0.5025 -0.8145
vn -0.4803 0.2773 0.8321
vn -0.5452 0.1984 -0.8145
vn -0.5497 0.1861 -0.8144
vn -0.4360 0.3830 -0.8144
vn -0.4445 0.3730 -0.8145
vn -0.5076 0.2931 0.8102
vn -0.5108 0.0235 0.8594
vn -0.5802 -0.0000 -0.8145
vn -0.2197 -0.1268 0.9673
vn -0.5884 -0.1235 0.7990
vn -0.6326 -0.2177 0.7433
vn -0.5452 -0.1984 -0.8145
vn -0.4445 -0.3730 -0.8145
vn -0.4360 -0.3830 -0.8144
vn -0.5497 -0.1861 -0.8144
vn -0.5049 -0.4390 0.7433
vn -0.5847 0.1808 0.7909
vn -0.4961 0.3585 0.7908
vn -0.6797 0.7335 -0.0000
vn -0.3317 0.5143 0.7908
vn -0.4876 0.3699 0.7909
vn -0.1358 0.5968 0.7909
vn -0.3197 0.5220 0.7908
vn 0.0625 0.6089 0.7908
vn 0.2954 0.9554 -0.0000
vn 0.0765 0.6072 0.7909
vn 0.2922 0.5379 0.7908
vn 0.4489 0.4160 0.7909
vn 0.2796 0.5444 0.7908
vn 0.5586 0.2504 0.7908
vn 0.9751 0.2218 -0.0000
vn 0.5641 0.2373 0.7909
vn 0.6119 0.0159 0.7908
vn 0.5847 -0.1808 0.7909
vn 0.6113 0.0301 0.7909
vn 0.4961 -0.3585 0.7908
vn 0.6797 -0.7335 -0.0000
vn 0.3317 -0.5143 0.7908
vn 0.4876 -0.3699 0.7909
vn 0.1358 -0.5968 0.7909
vn 0.3197 -0.5220 0.7908
vn -0.0624 -0.6089 0.7908
vn -0.2954 -0.9554 -0.0000
vn -0.2796 -0.5444 0.7909
vn -0.0765 -0.6072 0.7909
vn -0.4489 -0.4160 0.7909
vn -0.2922 -0.5379 0.7908
vn -0.5586 -0.2504 0.7908
vn -0.9751 -0.2218 -0.0000
vn -0.6113 -0.0301 0.7909
vn -0.5641 -0.2373 0.7908
vn -0.6119 -0.0159 0.7908
vn -0.5847 0.1808 -0.7909
vn -0.4961 0.3585 -0.7908
vn -0.3317 0.5143 -0.7908
vn -0.4876 0.3699 -0.7909
vn -0.1358 0.5968 -0.7909
vn -0.3197 0.5220 -0.7908
vn 0.0625 0.6089 -0.7908
vn 0.0765 0.6072 -0.7909
vn 0.2922 0.5379 -0.7908
vn 0.4489 0.4160 -0.7909
vn 0.2796 0.5444 -0.7908
vn 0.5586 0.2504 -0.7908
vn 0.5641 0.2373 -0.7909
vn 0.6119 0.0159 -0.7908
vn 0.5847 -0.1808 -0.7909
vn 0.6113 0.0301 -0.7909
vn 0.4961 -0.3586 -0.7908
vn 0.3317 -0.5143 -0.7908
vn 0.4876 -0.3699 -0.7908
vn 0.1358 -0.5968 -0.7909
vn 0.3197 -0.5220 -0.7908
vn -0.0625 -0.6089 -0.7907
vn -0.2796 -0.5444 -0.7908
vn -0.0765 -0.6072 -0.7908
vn -0.4489 -0.4160 -0.7909
vn -0.2922 -0.5379 -0.7908
vn -0.5586 -0.2504 -0.7908
vn -0.6113 -0.0301 -0.7909
vn -0.5641 -0.2373 -0.7909
vn -0.6119 -0.0159 -0.7908
vn -0.0000 0.0785 0.9969
vn -0.0000 -0.0785 0.9969
vn -0.0006 0.5878 -0.8090
vn 0.0784 0.3081 -0.9481
vn -0.0004 0.3089 -0.9511
vn -0.0000 -0.0785 -0.9969
vn -0.0000 0.0785 -0.9969
vn -0.0003 0.9969 -0.0787
vn -0.0003 0.9969 0.0782
vn -0.0003 0.9969 0.0787
vn -0.0000 0.9969 -0.0785
vn -0.0000 0.9969 0.0785
vn -0.0003 0.0787 0.9969
vn -0.0003 -0.0782 0.9969
vn -0.0003 -0.0787 0.9969
vn 0.0003 -0.9969 -0.0787
vn 0.0003 -0.9969 0.0783
vn 0.0003 -0.9969 0.0787
vn -0.0000 -0.9969 0.0785
vn -0.0000 -0.9969 -0.0785
vn 0.0003 0.9969 -0.0783
vn 0.0003 0.9969 0.0787
vn 0.0003 0.9969 0.0783
vn 0.0003 0.0787 -0.9969
vn 0.0003 -0.0783 -0.9969
vn 0.0003 -0.0787 -0.9969
vn 0.9966 0.0819 -0.0064
vn 0.9966 0.0064 -0.0819
vn 0.9961 0.0384 -0.0794
vn 0.0003 0.0783 0.9969
vn 0.0003 -0.0787 0.9969
vn 0.0003 -0.0783 0.9969
vn -0.0004 -0.9511 0.3089
vn 0.0783 -0.9939 0.0782
vn 0.0784 -0.9481 0.3081
vn -0.0004 -0.3089 -0.9511
vn 0.0783 -0.0782 -0.9939
vn 0.0784 -0.3081 -0.9481
vn 0.0783 0.9939 -0.0782
vn -0.0004 0.9511 -0.3089
vn -0.0001 0.9969 -0.0784
vn -0.0003 -0.9969 0.0787
vn -0.0003 -0.9969 -0.0782
vn -0.0003 -0.9969 -0.0787
vn -0.0003 -0.0787 -0.9969
vn -0.0003 0.0782 -0.9969
vn -0.0003 0.0787 -0.9969
vn -0.0011 0.3088 -0.9511
vn -0.0011 0.3093 -0.9510
vn -0.0017 0.5877 -0.8091
vn -0.0017 0.5879 -0.8090
vn -0.0017 0.8091 -0.5877
vn -0.0017 0.8090 -0.5879
vn -0.0011 0.9510 -0.3093
vn -0.0011 0.9511 -0.3088
vn -0.0011 0.3088 0.9511
vn -0.0003 0.0782 0.9969
vn -0.0011 0.3093 0.9510
vn -0.0017 0.5877 0.8091
vn -0.0017 0.5879 0.8090
vn -0.0017 0.8091 0.5877
vn -0.0011 0.9510 0.3093
vn -0.0011 0.9511 0.3088
vn -0.0000 0.8090 0.5878
vn -0.0000 0.9511 0.3090
vn -0.0000 0.5878 0.8090
vn -0.0000 0.3090 0.9511
vn -0.0000 -0.9511 0.3090
vn -0.0000 -0.8090 0.5878
vn -0.0000 -0.5878 0.8090
vn -0.0000 -0.3090 0.9511
vn -0.0000 0.3090 -0.9511
vn -0.0000 0.5878 -0.8090
vn -0.0000 0.8090 -0.5878
vn -0.0000 0.9511 -0.3090
vn -0.0000 -0.3090 -0.9511
vn -0.0000 -0.5878 -0.8090
vn -0.0000 -0.8090 -0.5878
vn -0.0000 -0.9511 -0.3090
vn 0.0011 -0.9511 0.3088
vn 0.0011 -0.9510 0.3093
vn 0.0016 -0.8091 0.5877
vn 0.0016 -0.8090 0.5879
vn 0.0016 -0.5879 0.8090
vn 0.0016 -0.5877 0.8091
vn 0.0011 -0.3093 0.9510
vn 0.0011 -0.3088 0.9511
vn 0.0011 0.9511 0.3088
vn 0.0011 0.9510 0.3093
vn 0.0016 0.8091 0.5877
vn 0.0016 0.5879 0.8090
vn 0.0016 0.5877 0.8091
vn 0.0011 0.3093 0.9510
vn 0.0011 0.3088 0.9511
vn 0.0003 0.0787 0.9969
vn 0.0011 0.3088 -0.9511
vn 0.0003 0.0783 -0.9969
vn 0.0011 0.3093 -0.9510
vn 0.0016 0.5877 -0.8091
vn 0.0016 0.5879 -0.8090
vn 0.0016 0.8091 -0.5877
vn 0.0011 0.9510 -0.3093
vn 0.0011 0.9511 -0.3088
vn 0.0003 0.9969 -0.0787
vn 0.0011 -0.9511 -0.3088
vn 0.0003 -0.9969 -0.0783
vn 0.0011 -0.9510 -0.3093
vn 0.0016 -0.8091 -0.5877
vn 0.0016 -0.5879 -0.8090
vn 0.0016 -0.5877 -0.8091
vn 0.0011 -0.3093 -0.9510
vn 0.0011 -0.3088 -0.9511
vn 0.0783 -0.9939 -0.0782
vn -0.0001 -0.9969 0.0784
vn -0.0001 -0.9969 -0.0784
vn -0.0006 -0.8090 -0.5878
vn 0.0782 -0.5860 -0.8065
vn 0.0782 -0.8065 -0.5860
vn -0.0006 -0.5878 -0.8090
vn 0.0783 -0.0782 0.9939
vn -0.0004 -0.3089 0.9511
vn 0.0784 -0.3081 0.9481
vn 0.0784 -0.9481 -0.3081
vn 0.0783 0.9939 0.0782
vn -0.0004 -0.9511 -0.3089
vn 0.0784 0.9481 -0.3081
vn -0.0006 0.8090 -0.5878
vn 0.0782 0.8065 -0.5860
vn -0.0001 0.0784 -0.9969
vn -0.0001 -0.0784 -0.9969
vn 0.0783 0.0782 0.9939
vn -0.0001 -0.0784 0.9969
vn -0.0006 -0.5878 0.8090
vn 0.0782 -0.8065 0.5860
vn 0.0782 -0.5860 0.8065
vn -0.0006 -0.8090 0.5878
vn -0.0004 0.9511 0.3089
vn -0.0001 0.9969 0.0784
vn -0.0006 0.8090 0.5878
vn 0.0784 0.9481 0.3081
vn 0.0784 0.3081 0.9481
vn -0.0006 0.5878 0.8090
vn -0.0004 0.3089 0.9511
vn 0.0782 0.5860 0.8065
vn -0.0001 0.0784 0.9969
vn -0.0011 -0.3088 -0.9511
vn -0.0003 -0.0782 -0.9969
vn -0.0011 -0.3093 -0.9510
vn -0.0017 -0.5877 -0.8091
vn -0.0017 -0.5879 -0.8090
vn -0.0017 -0.8091 -0.5877
vn -0.0011 -0.9510 -0.3093
vn -0.0011 -0.9511 -0.3088
vn -0.0011 -0.3088 0.9511
vn -0.0011 -0.3093 0.9510
vn -0.0017 -0.5877 0.8091
vn -0.0017 -0.5879 0.8090
vn -0.0017 -0.8091 0.5877
vn -0.0017 -0.8090 0.5879
vn -0.0011 -0.9510 0.3093
vn -0.0011 -0.9511 0.3088
vn 0.9961 -0.0794 -0.0384
vn 0.9490 -0.3143 -0.0247
vn 0.9475 -0.3040 -0.0988
vn 0.8061 -0.5899 -0.0464
vn 0.8049 -0.5644 -0.1834
vn 0.5852 -0.8084 -0.0636
vn 0.5848 -0.7715 -0.2507
vn 0.3075 -0.9486 -0.0747
vn 0.3074 -0.9050 -0.2941
vn 0.9481 -0.2566 -0.1876
vn 0.8048 -0.4801 -0.3489
vn 0.5847 -0.6563 -0.4769
vn 0.3073 -0.7699 -0.5594
vn 0.9961 -0.0384 -0.0794
vn 0.9481 -0.1876 -0.2566
vn 0.8048 -0.3489 -0.4801
vn 0.5847 -0.4769 -0.6563
vn 0.3073 -0.5594 -0.7699
vn 0.9475 -0.0988 -0.3040
vn 0.8049 -0.1834 -0.5644
vn 0.5848 -0.2507 -0.7715
vn 0.3074 -0.2941 -0.9050
vn 0.9490 -0.0247 -0.3143
vn 0.9966 -0.0064 -0.0819
vn 0.8061 -0.0464 -0.5899
vn 0.5852 -0.0636 -0.8084
vn 0.3075 -0.0747 -0.9486
vn 0.9961 0.0794 -0.0384
vn 0.9490 0.3143 -0.0247
vn 0.9475 0.3040 -0.0988
vn 0.8061 0.5899 -0.0464
vn 0.8049 0.5644 -0.1834
vn 0.5852 0.8084 -0.0636
vn 0.5848 0.7715 -0.2507
vn 0.3075 0.9486 -0.0747
vn 0.3074 0.9050 -0.2941
vn 0.9481 0.2566 -0.1876
vn 0.8048 0.4801 -0.3489
vn 0.5847 0.6563 -0.4769
vn 0.3073 0.7699 -0.5594
vn 0.8048 0.3489 -0.4801
vn 0.5847 0.4769 -0.6563
vn 0.3073 0.5594 -0.7699
vn 0.0782 0.5860 -0.8065
vn 0.9475 0.0988 -0.3040
vn 0.9481 0.1876 -0.2566
vn 0.8049 0.1834 -0.5644
vn 0.5848 0.2507 -0.7715
vn 0.3074 0.2941 -0.9050
vn 0.9490 0.0247 -0.3143
vn 0.8061 0.0464 -0.5899
vn 0.5852 0.0636 -0.8084
vn 0.3075 0.0747 -0.9486
vn 0.0783 0.0782 -0.9939
vn 0.9961 -0.0384 0.0794
vn 0.9490 -0.0247 0.3143
vn 0.9475 -0.0988 0.3040
vn 0.8061 -0.0464 0.5899
vn 0.8049 -0.1834 0.5644
vn 0.5852 -0.0636 0.8084
vn 0.5848 -0.2507 0.7715
vn 0.3075 -0.0747 0.9486
vn 0.3074 -0.2941 0.9050
vn 0.9481 -0.1876 0.2566
vn 0.8048 -0.3489 0.4801
vn 0.5847 -0.4769 0.6563
vn 0.3073 -0.5594 0.7699
vn 0.9481 -0.2566 0.1876
vn 0.9961 -0.0794 0.0384
vn 0.8048 -0.4801 0.3489
vn 0.5847 -0.6563 0.4769
vn 0.3073 -0.7699 0.5594
vn 0.9475 -0.3040 0.0988
vn 0.8049 -0.5644 0.1834
vn 0.5848 -0.7715 0.2507
vn 0.3074 -0.9050 0.2941
vn 0.9490 -0.3143 0.0247
vn 0.9966 -0.0819 0.0064
vn 0.8061 -0.5899 0.0464
vn 0.5852 -0.8084 0.0636
vn 0.3075 -0.9486 0.0747
vn 0.9961 0.0384 0.0794
vn 0.9490 0.0247 0.3143
vn 0.9966 0.0064 0.0819
vn 0.9475 0.0988 0.3040
vn 0.8061 0.0464 0.5899
vn 0.8049 0.1834 0.5644
vn 0.5852 0.0636 0.8084
vn 0.5848 0.2507 0.7715
vn 0.3075 0.0747 0.9486
vn 0.3074 0.2941 0.9050
vn 0.9481 0.1876 0.2566
vn 0.8048 0.3489 0.4801
vn 0.5847 0.4769 0.6563
vn 0.3073 0.5594 0.7699
vn 0.9481 0.2566 0.1876
vn 0.8048 0.4801 0.3489
vn 0.5847 0.6563 0.4769
vn 0.0782 0.8065 0.5860
vn 0.9961 0.0794 0.0384
vn 0.9475 0.3040 0.0988
vn 0.8049 0.5644 0.1834
vn 0.5848 0.7715 0.2507
vn 0.3073 0.7699 0.5594
vn 0.3074 0.9050 0.2941
vn 0.9490 0.3143 0.0247
vn 0.8061 0.5899 0.0464
vn 0.5852 0.8084 0.0636
vn 0.3075 0.9486 0.0747
vn 0.9966 -0.0819 -0.0064
vn 0.9966 -0.0064 0.0819
vn 0.9966 0.0819 0.0064
vn 0.0006 0.5878 -0.8090
vn -0.0784 0.3081 -0.9481
vn -0.0782 0.5860 -0.8065
vn 0.0003 0.9969 0.0782
vn 0.0003 -0.0782 0.9969
vn -0.0003 -0.9969 0.0783
vn -0.0003 0.9969 -0.0783
vn -0.0003 0.9969 0.0783
vn -0.0003 -0.0783 -0.9969
vn -0.9966 0.0819 -0.0064
vn -0.9961 0.0384 -0.0794
vn -0.9966 0.0064 -0.0819
vn -0.0003 0.0783 0.9969
vn -0.0003 -0.0783 0.9969
vn -0.0783 -0.9939 0.0782
vn 0.0004 -0.9511 0.3089
vn -0.0784 -0.9481 0.3081
vn -0.0783 -0.0782 -0.9939
vn 0.0004 -0.3089 -0.9511
vn -0.0784 -0.3081 -0.9481
vn 0.0004 0.9511 -0.3089
vn -0.0783 0.9939 -0.0782
vn 0.0001 0.9969 -0.0784
vn 0.0003 -0.9969 -0.0782
vn 0.0003 0.0782 -0.9969
vn 0.0017 0.5877 -0.8091
vn 0.0017 0.5879 -0.8090
vn 0.0017 0.8091 -0.5877
vn 0.0017 0.8090 -0.5879
vn 0.0003 0.0782 0.9969
vn 0.0017 0.5877 0.8091
vn 0.0017 0.8091 0.5877
vn 0.0017 0.5879 0.8090
vn 0.0017 0.8090 0.5879
vn -0.0016 -0.8091 0.5877
vn -0.0016 -0.5879 0.8090
vn -0.0016 -0.8090 0.5879
vn -0.0016 -0.5877 0.8091
vn -0.0016 0.8091 0.5877
vn -0.0016 0.5879 0.8090
vn -0.0016 0.8090 0.5879
vn -0.0016 0.5877 0.8091
vn -0.0003 0.0783 -0.9969
vn -0.0016 0.5877 -0.8091
vn -0.0016 0.8091 -0.5877
vn -0.0016 0.5879 -0.8090
vn -0.0016 0.8090 -0.5879
vn -0.0003 -0.9969 -0.0783
vn -0.0016 -0.8091 -0.5877
vn -0.0016 -0.5879 -0.8090
vn -0.0016 -0.8090 -0.5879
vn -0.0016 -0.5877 -0.8091
vn 0.0001 -0.9969 0.0784
vn -0.0783 -0.9939 -0.0782
vn 0.0001 -0.9969 -0.0784
vn -0.0782 -0.5860 -0.8065
vn 0.0006 -0.8090 -0.5878
vn -0.0782 -0.8065 -0.5860
vn 0.0006 -0.5878 -0.8090
vn -0.0783 -0.0782 0.9939
vn 0.0004 -0.3089 0.9511
vn 0.0001 -0.0784 0.9969
vn -0.0784 -0.9481 -0.3081
vn 0.0004 -0.9511 -0.3089
vn -0.0783 0.9939 0.0782
vn 0.0006 0.8090 -0.5878
vn -0.0784 0.9481 -0.3081
vn -0.0782 0.8065 -0.5860
vn 0.0001 0.0784 -0.9969
vn 0.0001 -0.0784 -0.9969
vn -0.0783 0.0782 0.9939
vn -0.0782 -0.8065 0.5860
vn 0.0006 -0.5878 0.8090
vn -0.0782 -0.5860 0.8065
vn 0.0006 -0.8090 0.5878
vn 0.0004 0.9511 0.3089
vn -0.0784 0.9481 0.3081
vn -0.0784 -0.3081 0.9481
vn 0.0006 0.8090 0.5878
vn -0.0782 0.8065 0.5860
vn 0.0006 0.5878 0.8090
vn -0.0784 0.3081 0.9481
vn 0.0004 0.3089 0.9511
vn -0.0782 0.5860 0.8065
vn 0.0001 0.0784 0.9969
vn 0.0003 -0.0782 -0.9969
vn 0.0017 -0.5877 -0.8091
vn 0.0017 -0.8091 -0.5877
vn 0.0017 -0.5879 -0.8090
vn 0.0017 -0.8090 -0.5879
vn 0.0017 -0.5877 0.8091
vn 0.0017 -0.5879 0.8090
vn 0.0017 -0.8091 0.5877
vn 0.0017 -0.8090 0.5879
vn -0.9961 -0.0794 -0.0384
vn -0.9490 -0.3143 -0.0247
vn -0.9966 -0.0819 -0.0064
vn -0.9475 -0.3040 -0.0988
vn -0.8061 -0.5899 -0.0464
vn -0.8049 -0.5644 -0.1834
vn -0.5852 -0.8084 -0.0636
vn -0.5848 -0.7715 -0.2507
vn -0.3075 -0.9486 -0.0747
vn -0.3074 -0.9050 -0.2941
vn -0.9481 -0.2566 -0.1876
vn -0.8048 -0.4801 -0.3489
vn -0.5847 -0.6563 -0.4769
vn -0.3073 -0.7699 -0.5594
vn -0.9961 -0.0384 -0.0794
vn -0.8048 -0.3489 -0.4801
vn -0.9481 -0.1876 -0.2566
vn -0.5847 -0.4769 -0.6563
vn -0.3073 -0.5594 -0.7699
vn -0.9475 -0.0988 -0.3040
vn -0.8049 -0.1834 -0.5644
vn -0.5848 -0.2507 -0.7715
vn -0.3074 -0.2941 -0.9050
vn -0.9490 -0.0247 -0.3143
vn -0.9966 -0.0064 -0.0819
vn -0.8061 -0.0464 -0.5899
vn -0.5852 -0.0636 -0.8084
vn -0.3075 -0.0747 -0.9486
vn -0.9490 0.3143 -0.0247
vn -0.9961 0.0794 -0.0384
vn -0.8061 0.5899 -0.0464
vn -0.9475 0.3040 -0.0988
vn -0.5852 0.8084 -0.0636
vn -0.8049 0.5644 -0.1834
vn -0.3075 0.9486 -0.0747
vn -0.5848 0.7715 -0.2507
vn -0.3074 0.9050 -0.2941
vn -0.9481 0.2566 -0.1876
vn -0.8048 0.4801 -0.3489
vn -0.5847 0.6563 -0.4769
vn -0.3073 0.7699 -0.5594
vn -0.8048 0.3489 -0.4801
vn -0.9481 0.1876 -0.2566
vn -0.5847 0.4769 -0.6563
vn -0.3073 0.5594 -0.7699
vn -0.9475 0.0988 -0.3040
vn -0.8049 0.1834 -0.5644
vn -0.5848 0.2507 -0.7715
vn -0.3074 0.2941 -0.9050
vn -0.9490 0.0247 -0.3143
vn -0.8061 0.0464 -0.5899
vn -0.5852 0.0636 -0.8084
vn -0.3075 0.0747 -0.9486
vn -0.0783 0.0782 -0.9939
vn -0.9961 -0.0384 0.0794
vn -0.9490 -0.0247 0.3143
vn -0.9966 -0.0064 0.0819
vn -0.9475 -0.0988 0.3040
vn -0.8061 -0.0464 0.5899
vn -0.8049 -0.1834 0.5644
vn -0.5852 -0.0636 0.8084
vn -0.5848 -0.2507 0.7715
vn -0.3075 -0.0747 0.9486
vn -0.3074 -0.2941 0.9050
vn -0.9481 -0.1876 0.2566
vn -0.8048 -0.3489 0.4801
vn -0.5847 -0.4769 0.6563
vn -0.3073 -0.5594 0.7699
vn -0.9481 -0.2566 0.1876
vn -0.9961 -0.0794 0.0384
vn -0.8048 -0.4801 0.3489
vn -0.5847 -0.6563 0.4769
vn -0.3073 -0.7699 0.5594
vn -0.9475 -0.3040 0.0988
vn -0.8049 -0.5644 0.1834
vn -0.5848 -0.7715 0.2507
vn -0.3074 -0.9050 0.2941
vn -0.9490 -0.3143 0.0247
vn -0.9966 -0.0819 0.0064
vn -0.8061 -0.5899 0.0464
vn -0.5852 -0.8084 0.0636
vn -0.3075 -0.9486 0.0747
vn -0.9490 0.0247 0.3143
vn -0.9961 0.0384 0.0794
vn -0.9966 0.0064 0.0819
vn -0.8061 0.0464 0.5899
vn -0.9475 0.0988 0.3040
vn -0.5852 0.0636 0.8084
vn -0.8049 0.1834 0.5644
vn -0.3075 0.0747 0.9486
vn -0.5848 0.2507 0.7715
vn -0.3074 0.2941 0.9050
vn -0.9481 0.1876 0.2566
vn -0.8048 0.3489 0.4801
vn -0.5847 0.4769 0.6563
vn -0.3073 0.5594 0.7699
vn -0.9481 0.2566 0.1876
vn -0.9961 0.0794 0.0384
vn -0.8048 0.4801 0.3489
vn -0.5847 0.6563 0.4769
vn -0.3073 0.7699 0.5594
vn -0.9475 0.3040 0.0988
vn -0.8049 0.5644 0.1834
vn -0.5848 0.7715 0.2507
vn -0.3074 0.9050 0.2941
vn -0.9490 0.3143 0.0247
vn -0.9966 0.0819 0.0064
vn -0.8061 0.5899 0.0464
vn -0.5852 0.8084 0.0636
vn -0.3075 0.9486 0.0747
vn 0.0004 0.3089 -0.9511
vn -0.0003 0.9969 -0.0782
vn -0.0003 -0.9969 0.0782
vn -0.0017 0.8090 0.5879
vn 0.0016 0.8090 0.5879
vn 0.0016 0.8090 -0.5879
vn 0.0016 -0.8090 -0.5879
vn -0.0017 -0.8090 -0.5879
vn 0.0003 0.9969 -0.0782
vn 0.0003 -0.9969 0.0782
vn 0.0001 0.9969 0.0784
vn -0.0000 -0.9999 0.0161
vn -0.0000 -0.9871 0.1603
vn -0.1277 -0.9035 0.4091
vn -0.0930 -0.8735 0.4779
vn -0.1869 -0.9388 0.2894
vn 0.8660 -0.0000 -0.5000
vn -0.0701 0.9149 0.3975
vn 0.0784 0.9149 0.3960
vn 0.0701 0.9149 0.3975
vn -0.2018 0.9149 0.3495
vn -0.0784 0.9149 0.3960
vn 0.1277 -0.9035 0.4091
vn 0.1869 -0.9388 0.2894
vn 0.0930 -0.8735 0.4779
vn 0.2018 0.9149 0.3495
vn 0.3331 -0.9231 0.1923
vn -0.8660 -0.0000 -0.5000
vn 0.3792 0.9149 0.1380
vn 0.3038 0.9149 0.2659
vn 0.3821 0.9149 0.1301
vn 0.3092 0.9149 0.2594
vn 0.0140 -0.9999 -0.0081
vn 0.3441 -0.9388 0.0172
vn 0.3541 -0.9126 0.2044
vn 0.8660 -0.0000 0.5000
vn 0.4036 0.9149 -0.0000
vn 0.1388 -0.9871 -0.0802
vn 0.4182 -0.9035 -0.0940
vn 0.4603 -0.8735 -0.1584
vn -0.8660 -0.0000 0.5000
vn 0.3793 0.9149 -0.1380
vn 0.3038 0.9149 -0.2659
vn 0.3092 0.9149 -0.2594
vn 0.3821 0.9149 -0.1301
vn 0.2905 -0.9035 -0.3152
vn 0.1571 -0.9388 -0.3066
vn 0.3674 -0.8735 -0.3194
vn 0.2018 0.9149 -0.3495
vn -0.0000 -0.9231 -0.3846
vn 0.0701 0.9149 -0.3975
vn -0.0784 0.9149 -0.3960
vn -0.0701 0.9149 -0.3975
vn 0.0784 0.9149 -0.3960
vn -0.0140 -0.9999 -0.0081
vn -0.1571 -0.9388 -0.3066
vn -0.0000 -0.9126 -0.4088
vn -0.2018 0.9149 -0.3495
vn -0.1388 -0.9871 -0.0802
vn -0.2905 -0.9035 -0.3152
vn -0.3674 -0.8735 -0.3194
vn -0.3792 0.9149 -0.1380
vn -0.3038 0.9149 -0.2659
vn -0.3821 0.9149 -0.1301
vn -0.3092 0.9149 -0.2594
vn -0.4182 -0.9035 -0.0940
vn -0.3441 -0.9388 0.0172
vn -0.4603 -0.8735 -0.1584
vn -0.4036 0.9149 -0.0000
vn -0.3331 -0.9231 0.1923
vn -0.3792 0.9149 0.1380
vn -0.3038 0.9149 0.2659
vn -0.3092 0.9149 0.2594
vn -0.3821 0.9149 0.1301
vn -0.3541 -0.9126 0.2044
vn 0.5321 0.8386 -0.1163
vn 0.6712 0.6451 -0.3652
vn 0.4847 0.8734 -0.0478
vn 0.3634 0.8089 -0.4622
vn 0.2163 0.6451 -0.7329
vn 0.6404 0.6345 -0.4328
vn -0.0698 0.8089 -0.5838
vn 0.9875 -0.0000 0.1575
vn 0.9984 -0.0000 0.0557
vn 0.9472 -0.0000 0.3207
vn 0.9265 -0.0000 -0.3763
vn 0.7120 -0.0000 -0.7022
vn 0.9212 -0.0000 -0.3890
vn 0.3891 -0.0000 -0.9212
vn 0.7022 -0.0000 -0.7120
vn 0.0069 -0.0000 -1.0000
vn 0.3763 -0.0000 -0.9265
vn -0.2697 -0.7305 0.6273
vn -0.1508 -0.7624 0.6293
vn -0.3870 -0.6670 0.6367
vn -0.0297 -0.6942 0.7192
vn 0.6016 -0.6685 0.4372
vn 0.4591 -0.6325 0.6239
vn 0.4607 -0.6299 0.6252
vn 0.7390 -0.6733 0.0244
vn 0.6202 -0.6640 0.4177
vn 0.6706 -0.6731 -0.3116
vn 0.7373 -0.6755 0.0044
vn 0.5003 -0.6731 -0.5446
vn 0.6665 -0.6750 -0.3164
vn 0.2538 -0.6731 -0.6946
vn 0.4947 -0.6750 -0.5474
vn -0.0313 -0.6731 -0.7388
vn 0.2476 -0.6750 -0.6950
vn -0.3652 0.6451 -0.6712
vn 0.1467 0.6345 -0.7589
vn -0.4621 0.8089 -0.3634
vn -0.7329 0.6451 -0.2163
vn -0.4328 0.6345 -0.6403
vn -0.5865 0.8058 0.0818
vn -0.6432 0.6962 0.3186
vn -0.7589 0.6345 -0.1467
vn -0.5351 0.6861 0.4928
vn -0.3076 0.6656 0.6800
vn -0.5484 0.6762 0.4919
vn -0.5449 0.6783 0.4930
vn -0.0487 0.5648 0.8238
vn 0.1503 0.5800 0.8007
vn 0.4260 0.4273 0.7975
vn 0.6445 0.5771 0.5016
vn 0.7611 0.5636 0.3212
vn 0.5419 0.4267 0.7241
vn 0.7456 0.6644 0.0519
vn 0.6847 0.6873 -0.2427
vn 0.7275 0.6854 0.0320
vn 0.5397 0.6873 -0.4862
vn 0.6843 0.6854 -0.2488
vn 0.3125 0.6873 -0.6557
vn 0.5370 0.6854 -0.4917
vn 0.0378 0.6873 -0.7254
vn 0.3080 0.6854 -0.6598
vn -0.3763 -0.0000 -0.9265
vn -0.0069 -0.0000 -1.0000
vn -0.7022 -0.0000 -0.7120
vn -0.3890 -0.0000 -0.9212
vn -0.9212 -0.0000 -0.3891
vn -0.7120 -0.0000 -0.7022
vn -1.0000 -0.0000 -0.0069
vn -0.9265 -0.0000 -0.3763
vn -0.9265 -0.0000 0.3763
vn -1.0000 -0.0000 0.0069
vn -0.7120 -0.0000 0.7022
vn -0.9212 -0.0000 0.3891
vn -0.3891 -0.0000 0.9212
vn -0.7022 -0.0000 0.7120
vn -0.0069 -0.0000 1.0000
vn -0.3763 -0.0000 0.9265
vn 0.3763 -0.0000 0.9265
vn 0.0069 -0.0000 1.0000
vn 0.7022 -0.0000 0.7120
vn 0.3891 -0.0000 0.9212
vn 0.9212 -0.0000 0.3891
vn 0.7120 -0.0000 0.7022
vn 1.0000 -0.0000 0.0069
vn 0.9265 -0.0000 0.3763
vn 1.0000 -0.0000 -0.0069
vn 0.9212 -0.0000 -0.3891
vn 0.3890 -0.0000 -0.9212
vn -0.3116 -0.6731 -0.6706
vn -0.0372 -0.6750 -0.7369
vn -0.5446 -0.6731 -0.5003
vn -0.3164 -0.6750 -0.6665
vn -0.6946 -0.6731 -0.2539
vn -0.5474 -0.6750 -0.4947
vn -0.7388 -0.6731 0.0313
vn -0.6950 -0.6750 -0.2476
vn -0.6706 -0.6731 0.3116
vn -0.7369 -0.6750 0.0373
vn -0.5003 -0.6731 0.5446
vn -0.6665 -0.6750 0.3164
vn -0.2539 -0.6731 0.6946
vn -0.4947 -0.6750 0.5474
vn 0.0313 -0.6732 0.7388
vn -0.2476 -0.6750 0.6950
vn 0.3116 -0.6731 0.6706
vn 0.0372 -0.6750 0.7369
vn 0.5446 -0.6731 0.5003
vn 0.3164 -0.6750 0.6665
vn 0.6946 -0.6732 0.2538
vn 0.5474 -0.6750 0.4947
vn 0.7388 -0.6731 -0.0313
vn 0.6950 -0.6750 0.2476
vn 0.7369 -0.6750 -0.0373
vn -0.2427 0.6873 -0.6847
vn 0.0320 0.6854 -0.7275
vn -0.4862 0.6873 -0.5397
vn -0.2488 0.6854 -0.6843
vn -0.6557 0.6873 -0.3125
vn -0.4917 0.6854 -0.5370
vn -0.7254 0.6873 -0.0378
vn -0.6598 0.6854 -0.3080
vn -0.6847 0.6873 0.2427
vn -0.7275 0.6854 -0.0320
vn -0.5397 0.6873 0.4862
vn -0.6843 0.6854 0.2488
vn -0.3125 0.6873 0.6557
vn -0.5370 0.6854 0.4917
vn -0.0378 0.6873 0.7254
vn -0.3080 0.6854 0.6598
vn 0.2427 0.6873 0.6847
vn -0.0320 0.6854 0.7275
vn 0.4862 0.6873 0.5397
vn 0.2488 0.6854 0.6843
vn 0.6557 0.6873 0.3125
vn 0.4917 0.6854 0.5370
vn 0.7254 0.6873 0.0378
vn 0.6598 0.6854 0.3080
vn -0.3890 -0.0000 0.9212
vn 0.3890 -0.0000 0.9212
vn -0.0373 -0.6750 -0.7369
vn -0.6946 -0.6731 -0.2538
vn -0.7369 -0.6750 0.0372
vn 0.0313 -0.6731 0.7388
vn 0.6946 -0.6731 0.2538
vn 0.7369 -0.6750 -0.0372
vn -0.2538 -0.6731 0.6946
vn 0.3116 -0.6732 0.6706
vn 0.5446 -0.6732 0.5003
vn -0.9212 -0.0000 -0.3890
vn -0.9212 -0.0000 0.3890
vn 0.7388 -0.6732 -0.0313
vn -0.3891 -0.0000 -0.9212
vn 0.6892 -0.6790 -0.2528
vn 0.9993 -0.0354 -0.0073
vn 0.6568 -0.1307 -0.7427
vn 0.6546 -0.6860 -0.3175
vn 0.3850 -0.0029 -0.9229
vn 0.6536 -0.0885 -0.7517
vn 0.3726 -0.0000 -0.9280
vn -0.7389 -0.6731 0.0313
vn 0.3126 -0.6715 0.6718
vn 0.0374 -0.6747 0.7371
vn 0.5794 -0.6269 0.5208
vn 0.3239 -0.6661 0.6719
vn 0.7749 -0.5673 0.2788
vn 0.5954 -0.6133 0.5190
vn 0.8941 -0.4422 -0.0715
vn 0.7895 -0.5513 0.2698
vn 0.9910 0.0298 -0.1304
vn 0.9826 0.1720 -0.0698
vn 0.6314 0.3330 -0.7003
vn 0.7150 0.3322 -0.6152
vn 0.3853 0.3195 -0.8657
vn 0.6373 0.3252 -0.6986
vn 0.0205 0.3222 -0.9464
vn 0.3904 0.3139 -0.8654
vn -0.0373 0.6873 0.7254
vn 0.2554 0.6860 0.6813
vn -0.0315 0.6852 0.7277
vn 0.5291 0.6423 0.5545
vn 0.2637 0.6775 0.6866
vn 0.7453 0.5826 0.3243
vn 0.5408 0.6258 0.5621
vn 0.8579 0.5114 -0.0497
vn 0.7588 0.5641 0.3256
vn 0.8790 0.3870 -0.2786
vn 0.8729 0.4841 -0.0611
vn 0.9212 -0.0000 0.3890
vn 0.9693 0.2420 -0.0436
vn 0.9266 0.0079 0.3760
vn 0.8860 0.3705 -0.2787
vn 0.9651 0.2548 -0.0604
vn -0.3412 0.3371 -0.8775
vn 0.0112 0.3272 -0.9449
vn -0.6463 0.3547 -0.6757
vn -0.3485 0.3426 -0.8725
vn -0.8482 0.3751 -0.3741
vn -0.6504 0.3607 -0.6685
vn -0.9155 0.4018 -0.0183
vn -0.8486 0.3816 -0.3664
vn -0.8425 0.4242 0.3321
vn -0.8418 0.4315 0.3244
vn -0.6421 0.4525 0.6189
vn -0.6440 0.4604 0.6110
vn -0.3509 0.4828 0.8024
vn -0.3558 0.4913 0.7950
vn -0.0177 0.5148 0.8571
vn -0.0259 0.5240 0.8513
vn 0.2946 0.5536 0.7789
vn 0.2883 0.5532 0.7816
vn 0.5534 0.5842 0.5937
vn 0.7145 0.6226 0.3191
vn 0.5545 0.5954 0.5813
vn 0.8692 0.4721 -0.1469
vn 0.7905 0.6123 -0.0151
vn 0.7649 0.6437 -0.0234
vn 0.7123 0.6305 0.3085
vn 0.8315 -0.0000 -0.5556
vn 0.1951 -0.0000 -0.9808
vn -0.5556 -0.0000 -0.8315
vn -0.1050 -0.0000 0.9945
vn -0.0337 -0.0000 0.9994
vn -0.1148 -0.0000 0.9934
vn -0.8965 -0.0000 0.4430
vn 0.5556 -0.0000 0.8315
vn -0.1951 -0.0000 0.9808
vn -0.9808 -0.0000 -0.1951
vn 0.9132 -0.0000 0.4075
vn -0.0212 0.9998 0.0027
vn -0.0008 1.0000 0.0019
vn -0.0076 1.0000 -0.0020
vn -0.0020 1.0000 0.0001
vn 0.0025 1.0000 0.0001
vn -0.0021 1.0000 0.0010
vn -0.0022 1.0000 0.0010
vn -0.0178 -0.6582 0.7526
vn -0.5239 0.6945 0.4931
vn -0.3094 0.6863 0.6582
vn 0.8681 -0.4863 -0.0997
vn 0.8969 0.3521 -0.2675
vn 0.8825 0.3791 -0.2784
vn -0.9156 0.4020 -0.0104
vn 0.9190 0.3803 -0.1038
vn -0.1021 0.9941 0.0372
vn -0.8819 -0.4714 -0.0000
vn -0.2903 0.9569 -0.0000
vn 0.0491 -0.9988 -0.0000
vn 0.2580 -0.9662 -0.0000
vn 0.4554 -0.8903 -0.0000
vn 0.2729 0.9620 -0.0000
vn 0.0645 0.9979 -0.0000
vn -0.1467 0.9892 -0.0000
vn -0.7730 -0.6344 -0.0000
vn -0.4714 0.8819 -0.0000
vn 0.9808 0.1951 -0.0000
vn 0.2430 -0.9700 -0.0000
vn 0.4415 -0.8973 -0.0000
vn 0.6203 -0.7844 -0.0000
vn 0.0800 0.9968 -0.0000
vn -0.1314 0.9913 -0.0000
vn -0.3369 0.9415 -0.0000
vn -0.6344 -0.7730 -0.0000
vn -0.6344 0.7730 -0.0000
vn 0.9239 0.3827 -0.0000
vn 0.4276 -0.9040 -0.0000
vn 0.6081 -0.7939 -0.0000
vn 0.7614 -0.6483 -0.0000
vn -0.1160 0.9932 -0.0000
vn -0.3223 0.9467 -0.0000
vn -0.3223 0.9466 -0.0000
vn -0.5141 0.8577 -0.0000
vn -0.4714 -0.8819 -0.0000
vn 0.8315 0.5556 -0.0000
vn 0.5957 -0.8032 -0.0000
vn 0.7513 -0.6600 -0.0000
vn 0.8732 -0.4873 -0.0000
vn -0.3076 0.9515 -0.0000
vn -0.5007 0.8656 -0.0000
vn -0.5008 0.8656 -0.0000
vn -0.6716 0.7410 -0.0000
vn -0.2903 -0.9569 -0.0000
vn -0.8819 0.4714 -0.0000
vn 0.7071 0.7071 -0.0000
vn 0.7410 -0.6716 -0.0000
vn 0.8656 -0.5008 -0.0000
vn 0.8656 -0.5007 -0.0000
vn 0.9515 -0.3076 -0.0000
vn -0.4873 0.8732 -0.0000
vn -0.6600 0.7513 -0.0000
vn -0.8032 0.5957 -0.0000
vn -0.9569 0.2903 -0.0000
vn 0.5556 0.8315 -0.0000
vn 0.8577 -0.5141 -0.0000
vn 0.9466 -0.3223 -0.0000
vn 0.9467 -0.3223 -0.0000
vn 0.9932 -0.1160 -0.0000
vn -0.6483 0.7614 -0.0000
vn -0.7939 0.6081 -0.0000
vn -0.9040 0.4276 -0.0000
vn 0.0980 -0.9952 -0.0000
vn 0.3827 0.9239 -0.0000
vn 0.9415 -0.3369 -0.0000
vn 0.9913 -0.1314 -0.0000
vn 0.9968 0.0800 -0.0000
vn -0.7844 0.6203 -0.0000
vn -0.8973 0.4415 -0.0000
vn -0.9700 0.2430 -0.0000
vn -0.9952 -0.0980 -0.0000
vn 0.1951 0.9808 -0.0000
vn 0.9892 -0.1467 -0.0000
vn 0.9979 0.0645 -0.0000
vn 0.9620 0.2729 -0.0000
vn -0.8903 0.4554 -0.0000
vn -0.9661 0.2580 -0.0000
vn -0.9662 0.2580 -0.0000
vn -0.9988 0.0491 -0.0000
vn 0.4714 -0.8819 -0.0000
vn -0.9569 -0.2903 -0.0000
vn 0.9988 0.0491 -0.0000
vn 0.9662 0.2580 -0.0000
vn 0.9661 0.2580 -0.0000
vn 0.8903 0.4554 -0.0000
vn -0.9620 0.2729 -0.0000
vn -0.9979 0.0645 -0.0000
vn -0.9892 -0.1467 -0.0000
vn 0.9700 0.2430 -0.0000
vn 0.8973 0.4415 -0.0000
vn 0.7844 0.6203 -0.0000
vn -0.9968 0.0800 -0.0000
vn -0.9913 -0.1314 -0.0000
vn -0.9415 -0.3369 -0.0000
vn -0.1951 0.9808 -0.0000
vn 0.7730 -0.6344 -0.0000
vn 0.9040 0.4276 -0.0000
vn 0.7939 0.6081 -0.0000
vn 0.6483 0.7614 -0.0000
vn -0.9932 -0.1160 -0.0000
vn -0.9467 -0.3223 -0.0000
vn -0.9466 -0.3223 -0.0000
vn -0.8577 -0.5141 -0.0000
vn -0.3827 0.9239 -0.0000
vn 0.8819 -0.4714 -0.0000
vn 0.8032 0.5957 -0.0000
vn 0.6600 0.7513 -0.0000
vn 0.4873 0.8732 -0.0000
vn -0.9515 -0.3076 -0.0000
vn -0.8656 -0.5007 -0.0000
vn -0.8656 -0.5008 -0.0000
vn -0.7410 -0.6716 -0.0000
vn -0.5556 0.8315 -0.0000
vn 0.6344 -0.7730 -0.0000
vn 0.6716 0.7410 -0.0000
vn 0.5008 0.8656 -0.0000
vn 0.3076 0.9515 -0.0000
vn -0.8732 -0.4873 -0.0000
vn -0.7513 -0.6600 -0.0000
vn -0.5957 -0.8032 -0.0000
vn -0.7071 0.7071 -0.0000
vn 0.9952 -0.0980 -0.0000
vn 0.5141 0.8577 -0.0000
vn 0.3223 0.9466 -0.0000
vn 0.3223 0.9467 -0.0000
vn 0.1160 0.9932 -0.0000
vn -0.7614 -0.6483 -0.0000
vn -0.6081 -0.7939 -0.0000
vn -0.4276 -0.9040 -0.0000
vn -0.8315 0.5556 -0.0000
vn 0.3369 0.9415 -0.0000
vn 0.1314 0.9913 -0.0000
vn -0.0800 0.9968 -0.0000
vn -0.6203 -0.7844 -0.0000
vn -0.4415 -0.8973 -0.0000
vn -0.2430 -0.9700 -0.0000
vn -0.9239 0.3827 -0.0000
vn 0.1467 0.9892 -0.0000
vn -0.0645 0.9979 -0.0000
vn -0.2729 0.9620 -0.0000
vn -0.4554 -0.8903 -0.0000
vn -0.2580 -0.9662 -0.0000
vn -0.0491 -0.9988 -0.0000
vn -0.9808 0.1951 -0.0000
vn -0.0491 0.9988 -0.0000
vn -0.2580 0.9662 -0.0000
vn -0.2580 0.9661 -0.0000
vn -0.4554 0.8903 -0.0000
vn -0.2729 -0.9620 -0.0000
vn -0.0645 -0.9979 -0.0000
vn 0.1467 -0.9892 -0.0000
vn -0.2430 0.9700 -0.0000
vn -0.4415 0.8973 -0.0000
vn -0.6203 0.7844 -0.0000
vn -0.0800 -0.9968 -0.0000
vn 0.1314 -0.9913 -0.0000
vn 0.3369 -0.9415 -0.0000
vn -0.9808 -0.1951 -0.0000
vn 0.9952 0.0980 -0.0000
vn -0.4276 0.9040 -0.0000
vn -0.6081 0.7939 -0.0000
vn -0.7614 0.6483 -0.0000
vn 0.1160 -0.9932 -0.0000
vn 0.3223 -0.9467 -0.0000
vn 0.3223 -0.9466 -0.0000
vn 0.5141 -0.8577 -0.0000
vn -0.9239 -0.3827 -0.0000
vn -0.5957 0.8032 -0.0000
vn -0.7513 0.6600 -0.0000
vn -0.8732 0.4873 -0.0000
vn 0.3076 -0.9515 -0.0000
vn 0.5007 -0.8656 -0.0000
vn 0.5008 -0.8656 -0.0000
vn 0.6716 -0.7410 -0.0000
vn -0.8315 -0.5556 -0.0000
vn -0.7730 0.6344 -0.0000
vn -0.7410 0.6716 -0.0000
vn -0.8656 0.5008 -0.0000
vn -0.8656 0.5007 -0.0000
vn -0.9515 0.3076 -0.0000
vn 0.4873 -0.8732 -0.0000
vn 0.6600 -0.7513 -0.0000
vn 0.8032 -0.5957 -0.0000
vn -0.7071 -0.7071 -0.0000
vn 0.8819 0.4714 -0.0000
vn 0.2903 -0.9569 -0.0000
vn -0.8577 0.5141 -0.0000
vn -0.9466 0.3223 -0.0000
vn -0.9467 0.3223 -0.0000
vn -0.9932 0.1160 -0.0000
vn 0.6483 -0.7614 -0.0000
vn 0.7939 -0.6081 -0.0000
vn 0.9040 -0.4276 -0.0000
vn -0.5556 -0.8315 -0.0000
vn 0.4714 0.8819 -0.0000
vn -0.0980 -0.9952 -0.0000
vn -0.9415 0.3369 -0.0000
vn -0.9913 0.1314 -0.0000
vn -0.9968 -0.0800 -0.0000
vn 0.7844 -0.6203 -0.0000
vn 0.8973 -0.4415 -0.0000
vn 0.9700 -0.2430 -0.0000
vn -0.3827 -0.9239 -0.0000
vn -0.9892 0.1467 -0.0000
vn -0.9979 -0.0645 -0.0000
vn -0.9620 -0.2729 -0.0000
vn 0.8903 -0.4554 -0.0000
vn 0.9661 -0.2580 -0.0000
vn 0.9662 -0.2580 -0.0000
vn 0.9988 -0.0491 -0.0000
vn -0.1951 -0.9808 -0.0000
vn 0.0980 0.9952 -0.0000
vn 0.6344 0.7730 -0.0000
vn -0.9988 -0.0491 -0.0000
vn -0.9662 -0.2580 -0.0000
vn -0.9661 -0.2580 -0.0000
vn -0.8903 -0.4554 -0.0000
vn 0.9620 -0.2729 -0.0000
vn 0.9979 -0.0645 -0.0000
vn 0.9892 0.1467 -0.0000
vn -0.0980 0.9952 -0.0000
vn 0.2903 0.9569 -0.0000
vn 0.1951 -0.9808 -0.0000
vn -0.9700 -0.2430 -0.0000
vn -0.8973 -0.4415 -0.0000
vn -0.7844 -0.6203 -0.0000
vn 0.9968 -0.0800 -0.0000
vn 0.9913 0.1314 -0.0000
vn 0.9415 0.3369 -0.0000
vn 0.3827 -0.9239 -0.0000
vn -0.9040 -0.4276 -0.0000
vn -0.7939 -0.6081 -0.0000
vn -0.6483 -0.7614 -0.0000
vn 0.9932 0.1160 -0.0000
vn 0.9467 0.3223 -0.0000
vn 0.9466 0.3223 -0.0000
vn 0.8577 0.5141 -0.0000
vn 0.9569 0.2903 -0.0000
vn 0.5556 -0.8315 -0.0000
vn -0.8032 -0.5957 -0.0000
vn -0.6600 -0.7513 -0.0000
vn -0.4873 -0.8732 -0.0000
vn 0.9569 -0.2903 -0.0000
vn 0.9515 0.3076 -0.0000
vn 0.8656 0.5007 -0.0000
vn 0.8656 0.5008 -0.0000
vn 0.7410 0.6716 -0.0000
vn -0.9952 0.0980 -0.0000
vn 0.7071 -0.7071 -0.0000
vn -0.6716 -0.7410 -0.0000
vn -0.5008 -0.8656 -0.0000
vn -0.5007 -0.8656 -0.0000
vn -0.3076 -0.9515 -0.0000
vn 0.8732 0.4873 -0.0000
vn 0.7513 0.6600 -0.0000
vn 0.5957 0.8032 -0.0000
vn 0.8315 -0.5556 -0.0000
vn -0.5141 -0.8577 -0.0000
vn -0.3223 -0.9466 -0.0000
vn -0.3223 -0.9467 -0.0000
vn -0.1160 -0.9932 -0.0000
vn 0.7614 0.6483 -0.0000
vn 0.6081 0.7939 -0.0000
vn 0.4276 0.9040 -0.0000
vn 0.9239 -0.3827 -0.0000
vn -0.3369 -0.9415 -0.0000
vn -0.1314 -0.9913 -0.0000
vn 0.0800 -0.9968 -0.0000
vn 0.6203 0.7844 -0.0000
vn 0.4415 0.8973 -0.0000
vn 0.2430 0.9700 -0.0000
vn 0.7730 0.6344 -0.0000
vn 0.9808 -0.1951 -0.0000
vn -0.1467 -0.9892 -0.0000
vn 0.0645 -0.9979 -0.0000
vn 0.2729 -0.9620 -0.0000
vn 0.4554 0.8903 -0.0000
vn 0.2580 0.9661 -0.0000
vn 0.2580 0.9662 -0.0000
vn 0.0491 0.9988 -0.0000
vn 0.1942 -0.0000 0.9810
vn -0.0971 -0.1682 0.9810
vn 0.0971 -0.1682 0.9810
vn 0.0971 0.1682 0.9810
vn 0.2311 0.2120 0.9495
vn 0.0681 0.3061 0.9495
vn 0.2992 -0.0941 0.9495
vn 0.2992 0.0941 0.9495
vn 0.0681 -0.3061 0.9495
vn 0.2311 -0.2120 0.9495
vn -0.2311 -0.2120 0.9495
vn -0.0681 -0.3061 0.9495
vn -0.1942 -0.0000 0.9810
vn -0.2992 0.0941 0.9495
vn -0.2992 -0.0941 0.9495
vn -0.0971 0.1682 0.9810
vn -0.0681 0.3061 0.9495
vn -0.2311 0.2120 0.9495
vn -0.6716 0.7409 -0.0000
vn 0.2579 -0.9662 -0.0000
vn 0.2580 -0.9661 -0.0000
vn 0.0646 0.9979 -0.0000
vn 0.4415 -0.8972 -0.0000
vn -0.1313 0.9913 -0.0000
vn 0.6080 -0.7939 -0.0000
vn -0.3222 0.9467 -0.0000
vn 0.7512 -0.6600 -0.0000
vn 0.7409 -0.6716 -0.0000
vn 0.9467 -0.3222 -0.0000
vn -0.7938 0.6081 -0.0000
vn -0.8972 0.4416 -0.0000
vn 0.9979 0.0646 -0.0000
vn 0.9662 0.2579 -0.0000
vn -0.9979 0.0646 -0.0000
vn 0.8972 0.4415 -0.0000
vn -0.9913 -0.1313 -0.0000
vn 0.7939 0.6080 -0.0000
vn -0.9467 -0.3222 -0.0000
vn 0.6600 0.7512 -0.0000
vn 0.6716 0.7409 -0.0000
vn 0.5007 0.8656 -0.0000
vn -0.4416 -0.8972 -0.0000
vn -0.0646 0.9979 -0.0000
vn -0.2580 -0.9661 -0.0000
vn -0.2579 0.9662 -0.0000
vn -0.0646 -0.9979 -0.0000
vn -0.4415 0.8972 -0.0000
vn 0.1313 -0.9913 -0.0000
vn -0.6080 0.7939 -0.0000
vn 0.3222 -0.9467 -0.0000
vn -0.7512 0.6600 -0.0000
vn -0.9467 0.3222 -0.0000
vn 0.8972 -0.4416 -0.0000
vn -0.9979 -0.0646 -0.0000
vn -0.9662 -0.2579 -0.0000
vn 0.9979 -0.0646 -0.0000
vn -0.8972 -0.4415 -0.0000
vn 0.9913 0.1313 -0.0000
vn -0.7939 -0.6080 -0.0000
vn 0.9467 0.3222 -0.0000
vn -0.6600 -0.7512 -0.0000
vn -0.3222 -0.9467 -0.0000
vn 0.4416 0.8972 -0.0000
vn 0.0646 -0.9979 -0.0000
vn 0.1942 -0.0000 -0.9810
vn 0.0971 -0.1682 -0.9810
vn -0.0971 -0.1682 -0.9810
vn 0.0971 0.1682 -0.9810
vn 0.0681 0.3061 -0.9495
vn 0.2311 0.2120 -0.9495
vn 0.2992 0.0941 -0.9495
vn 0.2992 -0.0941 -0.9495
vn 0.2311 -0.2120 -0.9495
vn 0.0681 -0.3061 -0.9495
vn -0.0681 -0.3061 -0.9495
vn -0.2311 -0.2120 -0.9495
vn -0.1942 -0.0000 -0.9810
vn -0.2992 -0.0941 -0.9495
vn -0.2992 0.0941 -0.9495
vn -0.0971 0.1682 -0.9810
vn -0.2311 0.2120 -0.9495
vn -0.0681 0.3061 -0.9495
vn -0.7409 0.6716 -0.0000
vn 0.7409 0.6716 -0.0000
vn -0.6716 -0.7409 -0.0000
vn -0.0000 0.9189 0.3944
vn 0.4922 0.8525 0.1760
vn -0.0000 0.9844 0.1760
vn 0.0030 0.6284 0.7779
vn 0.1868 0.1868 0.9645
vn 0.3116 0.5457 0.7779
vn 0.4595 0.7958 0.3944
vn -0.0684 0.2552 0.9645
vn 0.8525 0.4922 0.1760
vn 0.5457 0.3117 0.7779
vn 0.7958 0.4595 0.3944
vn 0.2552 -0.0684 0.9645
vn 0.6284 0.0030 0.7779
vn 0.9189 -0.0000 0.3944
vn 0.9844 -0.0000 0.1760
vn 0.8525 -0.4922 0.1760
vn 0.5427 -0.3168 0.7779
vn 0.7958 -0.4595 0.3944
vn 0.4595 -0.7958 0.3944
vn 0.0684 -0.2552 0.9645
vn 0.4922 -0.8525 0.1760
vn 0.3168 -0.5428 0.7779
vn -0.0030 -0.6284 0.7779
vn -0.0000 -0.9189 0.3944
vn -0.0000 -0.9844 0.1760
vn -0.4922 -0.8525 0.1760
vn -0.1868 -0.1868 0.9645
vn -0.3117 -0.5457 0.7779
vn -0.4595 -0.7958 0.3944
vn -0.7958 -0.4595 0.3944
vn -0.8525 -0.4922 0.1759
vn -0.5457 -0.3116 0.7779
vn -0.9844 -0.0000 0.1760
vn -0.6284 -0.0030 0.7779
vn -0.9189 -0.0000 0.3944
vn -0.2552 0.0684 0.9645
vn -0.8525 0.4922 0.1760
vn -0.5427 0.3168 0.7779
vn -0.7958 0.4595 0.3944
vn -0.4595 0.7958 0.3944
vn -0.4922 0.8525 0.1760
vn -0.3168 0.5427 0.7779
vn -0.3116 -0.5457 0.7779
vn -0.5428 0.3168 0.7779
vn -0.8525 -0.4922 0.1760
vn -0.8525 0.4922 0.1759
vn -0.3168 0.5428 0.7779
vn -0.0030 0.6284 0.7779
vn -0.3116 0.5457 0.7779
vn -0.1868 0.1868 0.9645
vn 0.0684 0.2552 0.9645
vn -0.5457 0.3117 0.7779
vn -0.6284 0.0030 0.7779
vn -0.2552 -0.0684 0.9645
vn -0.5427 -0.3168 0.7779
vn -0.0684 -0.2552 0.9645
vn -0.3168 -0.5428 0.7779
vn 0.0030 -0.6284 0.7779
vn 0.3117 -0.5457 0.7779
vn 0.1868 -0.1868 0.9645
vn 0.5457 -0.3116 0.7779
vn 0.6284 -0.0030 0.7779
vn 0.2552 0.0684 0.9645
vn 0.5428 0.3168 0.7779
vn 0.3168 0.5427 0.7779
vn 0.3168 0.5428 0.7779
vn -0.0000 0.9189 -0.3944
vn -0.0000 0.9844 -0.1760
vn 0.4922 0.8525 -0.1760
vn 0.0030 0.6284 -0.7779
vn 0.3116 0.5457 -0.7779
vn 0.1868 0.1868 -0.9645
vn 0.4595 0.7958 -0.3944
vn -0.0684 0.2552 -0.9645
vn 0.8525 0.4922 -0.1760
vn 0.5457 0.3117 -0.7779
vn 0.7958 0.4595 -0.3944
vn 0.6284 0.0030 -0.7779
vn 0.2552 -0.0684 -0.9645
vn 0.9189 -0.0000 -0.3944
vn 0.9844 -0.0000 -0.1760
vn 0.8525 -0.4922 -0.1760
vn 0.5427 -0.3168 -0.7779
vn 0.7958 -0.4595 -0.3944
vn 0.4595 -0.7958 -0.3944
vn 0.0684 -0.2552 -0.9645
vn 0.4922 -0.8525 -0.1760
vn 0.3168 -0.5428 -0.7779
vn -0.0030 -0.6284 -0.7779
vn -0.0000 -0.9189 -0.3944
vn -0.0000 -0.9844 -0.1760
vn -0.4922 -0.8525 -0.1760
vn -0.3116 -0.5457 -0.7779
vn -0.1868 -0.1868 -0.9645
vn -0.4595 -0.7958 -0.3944
vn -0.7958 -0.4595 -0.3944
vn -0.8525 -0.4922 -0.1760
vn -0.5457 -0.3116 -0.7779
vn -0.9844 -0.0000 -0.1760
vn -0.6284 -0.0030 -0.7779
vn -0.9189 -0.0000 -0.3944
vn -0.2552 0.0684 -0.9645
vn -0.8525 0.4922 -0.1760
vn -0.5427 0.3168 -0.7779
vn -0.7958 0.4595 -0.3944
vn -0.4595 0.7958 -0.3944
vn -0.4922 0.8525 -0.1760
vn -0.3168 0.5427 -0.7779
vn -0.8525 -0.4922 -0.1759
vn -0.5428 0.3168 -0.7779
vn -0.3117 -0.5457 -0.7779
vn -0.8525 0.4922 -0.1759
vn -0.3168 0.5428 -0.7779
vn -0.0030 0.6284 -0.7779
vn -0.1868 0.1868 -0.9645
vn -0.3116 0.5457 -0.7779
vn 0.0684 0.2552 -0.9645
vn -0.5457 0.3117 -0.7779
vn -0.2552 -0.0684 -0.9645
vn -0.6284 0.0030 -0.7779
vn -0.5427 -0.3168 -0.7779
vn -0.0684 -0.2552 -0.9645
vn -0.3168 -0.5428 -0.7779
vn 0.0030 -0.6284 -0.7779
vn 0.1868 -0.1868 -0.9645
vn 0.3117 -0.5457 -0.7779
vn 0.5457 -0.3116 -0.7779
vn 0.6284 -0.0030 -0.7779
vn 0.2552 0.0684 -0.9645
vn 0.5428 0.3168 -0.7779
vn 0.3168 0.5427 -0.7779
vn 0.3168 0.5428 -0.7779
vt 0.696101 0.393137
vt 0.691593 0.382642
vt 0.696101 0.382642
vt 0.925125 0.378466
vt 0.900620 0.362150
vt 0.932891 0.371709
vt 0.971511 0.386301
vt 0.967303 0.395784
vt 0.965550 0.386708
vt 0.918381 0.396621
vt 0.900213 0.396977
vt 0.919864 0.387301
vt 0.971866 0.404886
vt 0.965910 0.404741
vt 0.920159 0.405873
vt 0.901035 0.420315
vt 0.925703 0.414482
vt 0.901824 0.431858
vt 0.933693 0.420889
vt 0.956095 0.429054
vt 0.971941 0.440497
vt 0.956425 0.440555
vt 0.521554 0.680070
vt 0.515160 0.672992
vt 0.521554 0.672992
vt 0.819908 0.715286
vt 0.829004 0.705871
vt 0.829004 0.715286
vt 0.819908 0.705871
vt 0.829004 0.696385
vt 0.819908 0.696385
vt 0.829004 0.686934
vt 0.819908 0.686934
vt 0.829004 0.677667
vt 0.819908 0.668400
vt 0.829004 0.668400
vt 0.819908 0.658949
vt 0.819908 0.649467
vt 0.829004 0.658949
vt 0.829004 0.649467
vt 0.819908 0.640148
vt 0.829004 0.640148
vt 0.819908 0.790333
vt 0.829004 0.781012
vt 0.829004 0.790333
vt 0.819908 0.781012
vt 0.829004 0.771530
vt 0.819908 0.771530
vt 0.829004 0.762120
vt 0.819908 0.762120
vt 0.829004 0.752819
vt 0.819908 0.743509
vt 0.829004 0.743509
vt 0.819908 0.734101
vt 0.829004 0.734101
vt 0.819908 0.724607
vt 0.829004 0.724607
vt 0.900250 0.373680
vt 0.900493 0.408688
vt 0.900105 0.385269
vt 0.902384 0.443372
vt 0.955021 0.362484
vt 0.900697 0.350742
vt 0.954963 0.350881
vt 0.959949 0.378346
vt 0.951854 0.371751
vt 0.960549 0.413275
vt 0.971790 0.429072
vt 0.952651 0.420048
vt 0.971097 0.373340
vt 0.970567 0.362219
vt 0.970627 0.351140
vt 0.696101 0.330200
vt 0.691593 0.340697
vt 0.691593 0.330200
vt 0.955871 0.260625
vt 0.901502 0.270515
vt 0.901773 0.259020
vt 0.765775 0.301638
vt 0.769171 0.292874
vt 0.769171 0.301638
vt 0.765775 0.292874
vt 0.769171 0.284188
vt 0.765775 0.284188
vt 0.769171 0.275650
vt 0.765775 0.275650
vt 0.769171 0.267255
vt 0.765775 0.258859
vt 0.765775 0.267255
vt 0.765775 0.241636
vt 0.769171 0.250322
vt 0.765775 0.250322
vt 0.765775 0.232871
vt 0.769171 0.241636
vt 0.765775 0.370406
vt 0.769171 0.361641
vt 0.769171 0.370406
vt 0.765775 0.361641
vt 0.769171 0.352955
vt 0.765775 0.352955
vt 0.769171 0.344417
vt 0.765775 0.344417
vt 0.769171 0.336022
vt 0.765775 0.319089
vt 0.769171 0.327627
vt 0.765775 0.327627
vt 0.769171 0.310403
vt 0.765775 0.310403
vt 0.769171 0.319089
vt 0.769171 0.258859
vt 0.765775 0.336022
vt 0.521554 0.622591
vt 0.515160 0.615513
vt 0.521554 0.615513
vt 0.515160 0.666170
vt 0.521554 0.666170
vt 0.515160 0.608691
vt 0.521554 0.608691
vt 0.521554 0.652270
vt 0.515160 0.659349
vt 0.515160 0.652270
vt 0.521554 0.601870
vt 0.515160 0.601870
vt 0.521554 0.637431
vt 0.515160 0.644922
vt 0.515160 0.637431
vt 0.521554 0.587443
vt 0.515160 0.594791
vt 0.515160 0.587443
vt 0.521554 0.644922
vt 0.521554 0.579951
vt 0.515160 0.579951
vt 0.521554 0.594791
vt 0.521554 0.694910
vt 0.515160 0.687419
vt 0.521554 0.687419
vt 0.515160 0.629939
vt 0.521554 0.629939
vt 0.521554 0.659349
vt 0.515160 0.680070
vt 0.515160 0.622591
vt 0.064054 0.918315
vt 0.066682 0.912578
vt 0.066682 0.918315
vt 0.064054 0.959590
vt 0.066682 0.953501
vt 0.066682 0.959590
vt 0.064054 0.912578
vt 0.066682 0.906490
vt 0.064054 0.923718
vt 0.066682 0.929121
vt 0.064054 0.929121
vt 0.064054 0.953501
vt 0.066682 0.947224
vt 0.064054 0.906490
vt 0.066682 0.900212
vt 0.064054 0.976133
vt 0.066682 0.981869
vt 0.064054 0.981869
vt 0.064054 0.987958
vt 0.066682 0.994235
vt 0.064054 0.994235
vt 0.064054 0.934857
vt 0.066682 0.940946
vt 0.064054 0.940946
vt 0.066682 0.987958
vt 0.064054 0.947224
vt 0.064054 0.970730
vt 0.066682 0.976133
vt 0.066682 0.934857
vt 0.066682 0.965327
vt 0.066682 0.970730
vt 0.066682 0.923718
vt 0.064054 0.965327
vt 0.771790 0.487641
vt 0.796564 0.493179
vt 0.771790 0.493179
vt 0.796564 0.470684
vt 0.803684 0.476214
vt 0.796564 0.476214
vt 0.771790 0.455713
vt 0.796564 0.450516
vt 0.796564 0.455713
vt 0.796564 0.498386
vt 0.771790 0.498386
vt 0.771790 0.460600
vt 0.796564 0.460600
vt 0.796564 0.503280
vt 0.771790 0.503280
vt 0.771790 0.465487
vt 0.771790 0.470684
vt 0.771790 0.508174
vt 0.796564 0.508174
vt 0.771790 0.476214
vt 0.796564 0.481926
vt 0.771790 0.481926
vt 0.771790 0.518919
vt 0.796564 0.513380
vt 0.796564 0.518919
vt 0.771790 0.524634
vt 0.796564 0.524634
vt 0.771790 0.513380
vt 0.771790 0.444986
vt 0.796564 0.439274
vt 0.796564 0.444986
vt 0.796564 0.487641
vt 0.796564 0.465487
vt 0.771790 0.450516
vt 0.803684 0.498386
vt 0.810758 0.503280
vt 0.803684 0.503280
vt 0.803684 0.518919
vt 0.803684 0.524634
vt 0.803684 0.508174
vt 0.803684 0.513380
vt 0.803684 0.439274
vt 0.803684 0.444986
vt 0.803684 0.487641
vt 0.803684 0.465487
vt 0.803684 0.450516
vt 0.803684 0.493179
vt 0.803684 0.455713
vt 0.803684 0.460600
vt 0.803684 0.470684
vt 0.803684 0.481926
vt 0.810758 0.450516
vt 0.817832 0.444986
vt 0.817832 0.450516
vt 0.810758 0.470684
vt 0.810758 0.508174
vt 0.810758 0.481926
vt 0.810758 0.513380
vt 0.810758 0.518919
vt 0.810758 0.476214
vt 0.810758 0.524634
vt 0.810758 0.439274
vt 0.810758 0.444986
vt 0.810758 0.487641
vt 0.810758 0.465487
vt 0.810758 0.493179
vt 0.810758 0.455713
vt 0.810758 0.498386
vt 0.810758 0.460600
vt 0.817832 0.470684
vt 0.824908 0.476214
vt 0.817832 0.476214
vt 0.817832 0.493179
vt 0.817832 0.455713
vt 0.817832 0.498386
vt 0.817832 0.460600
vt 0.817832 0.503280
vt 0.817832 0.508174
vt 0.817832 0.481926
vt 0.817832 0.513380
vt 0.817832 0.518919
vt 0.817832 0.524634
vt 0.817832 0.439274
vt 0.817832 0.487641
vt 0.817832 0.465487
vt 0.824908 0.465487
vt 0.831986 0.470684
vt 0.824908 0.470684
vt 0.824908 0.518919
vt 0.824908 0.524634
vt 0.824908 0.508174
vt 0.824908 0.513380
vt 0.824908 0.439274
vt 0.824908 0.444986
vt 0.824908 0.487641
vt 0.824908 0.450516
vt 0.824908 0.493179
vt 0.824908 0.455713
vt 0.824908 0.498386
vt 0.824908 0.460600
vt 0.824908 0.503280
vt 0.824908 0.481926
vt 0.831986 0.487641
vt 0.839068 0.493179
vt 0.831986 0.493179
vt 0.831986 0.503280
vt 0.831986 0.508174
vt 0.831986 0.481926
vt 0.831986 0.513380
vt 0.831986 0.518919
vt 0.831986 0.476214
vt 0.831986 0.524634
vt 0.831986 0.439274
vt 0.831986 0.444986
vt 0.831986 0.465487
vt 0.831986 0.450516
vt 0.831986 0.455713
vt 0.831986 0.498386
vt 0.831986 0.460600
vt 0.839068 0.518919
vt 0.844608 0.524634
vt 0.839068 0.524634
vt 0.839068 0.450516
vt 0.839068 0.455713
vt 0.839068 0.498386
vt 0.839068 0.460600
vt 0.839068 0.503280
vt 0.839068 0.470684
vt 0.839068 0.508174
vt 0.839068 0.481926
vt 0.839068 0.513380
vt 0.839068 0.476214
vt 0.839068 0.439274
vt 0.839068 0.444986
vt 0.839068 0.487641
vt 0.839068 0.465487
vt 0.844608 0.476214
vt 0.856324 0.481926
vt 0.844608 0.481926
vt 0.844608 0.513380
vt 0.844608 0.444986
vt 0.844608 0.487641
vt 0.844608 0.460600
vt 0.844608 0.465487
vt 0.844608 0.450516
vt 0.844608 0.493179
vt 0.844608 0.455713
vt 0.844608 0.498386
vt 0.844608 0.503280
vt 0.844608 0.470684
vt 0.844608 0.508174
vt 0.844608 0.518919
vt 0.888075 0.139193
vt 0.891508 0.133510
vt 0.891508 0.139193
vt 0.856324 0.518919
vt 0.856324 0.476214
vt 0.856324 0.524634
vt 0.856324 0.513380
vt 0.856324 0.439274
vt 0.856324 0.444986
vt 0.856324 0.487641
vt 0.856324 0.465487
vt 0.856324 0.450516
vt 0.856324 0.493179
vt 0.856324 0.455713
vt 0.856324 0.498386
vt 0.856324 0.460600
vt 0.856324 0.503280
vt 0.856324 0.470684
vt 0.856324 0.508174
vt 0.844354 0.737960
vt 0.837999 0.744813
vt 0.837989 0.737960
vt 0.888075 0.096607
vt 0.891508 0.102541
vt 0.888075 0.102541
vt 0.891508 0.144875
vt 0.888075 0.144875
vt 0.888075 0.108731
vt 0.891508 0.115058
vt 0.888075 0.115058
vt 0.888075 0.150806
vt 0.891508 0.156998
vt 0.888075 0.156998
vt 0.891508 0.108731
vt 0.891508 0.163327
vt 0.888075 0.163327
vt 0.891508 0.150806
vt 0.888075 0.073096
vt 0.891508 0.066768
vt 0.891508 0.073096
vt 0.888075 0.121387
vt 0.891508 0.121387
vt 0.888075 0.090913
vt 0.891508 0.096607
vt 0.888075 0.079285
vt 0.891508 0.079285
vt 0.888075 0.127579
vt 0.891508 0.127579
vt 0.888075 0.085219
vt 0.891508 0.085219
vt 0.888075 0.133510
vt 0.891508 0.090913
vt 0.928173 0.926541
vt 0.935512 0.919552
vt 0.935512 0.926541
vt 0.844334 0.684480
vt 0.837985 0.691337
vt 0.837968 0.684480
vt 0.844335 0.731388
vt 0.837970 0.731388
vt 0.844322 0.677912
vt 0.837956 0.677912
vt 0.844326 0.725083
vt 0.837960 0.725083
vt 0.844317 0.671620
vt 0.837952 0.671620
vt 0.844336 0.718778
vt 0.837990 0.712206
vt 0.844356 0.712206
vt 0.837957 0.665327
vt 0.844323 0.665328
vt 0.844364 0.698346
vt 0.838002 0.705352
vt 0.837998 0.698345
vt 0.844336 0.658760
vt 0.837987 0.651903
vt 0.844353 0.651903
vt 0.844367 0.705353
vt 0.838002 0.644894
vt 0.844367 0.644894
vt 0.837970 0.658759
vt 0.844360 0.751821
vt 0.844365 0.744814
vt 0.844350 0.691337
vt 0.837970 0.718778
vt 0.071588 0.768273
vt 0.068064 0.761951
vt 0.071588 0.761951
vt 0.071588 0.774448
vt 0.068064 0.768273
vt 0.071588 0.780343
vt 0.068064 0.774448
vt 0.071588 0.785971
vt 0.068064 0.780343
vt 0.068064 0.791599
vt 0.068064 0.785971
vt 0.071588 0.797494
vt 0.068064 0.803669
vt 0.068064 0.797494
vt 0.071588 0.803669
vt 0.068064 0.809991
vt 0.071588 0.720213
vt 0.068064 0.713894
vt 0.071588 0.713894
vt 0.071588 0.726384
vt 0.068064 0.720213
vt 0.071588 0.732282
vt 0.068064 0.726384
vt 0.071588 0.737923
vt 0.068064 0.732282
vt 0.071588 0.743564
vt 0.068064 0.749462
vt 0.068064 0.743564
vt 0.071588 0.755632
vt 0.068064 0.755632
vt 0.071588 0.749462
vt 0.071588 0.791599
vt 0.068064 0.737923
vt 0.928173 0.873518
vt 0.935512 0.880874
vt 0.928173 0.880874
vt 0.935512 0.933530
vt 0.928173 0.933530
vt 0.928173 0.888600
vt 0.935512 0.896529
vt 0.928173 0.896529
vt 0.928173 0.940885
vt 0.935512 0.948619
vt 0.928173 0.948619
vt 0.935512 0.888600
vt 0.935512 0.956554
vt 0.928173 0.956554
vt 0.935512 0.940885
vt 0.928173 0.844417
vt 0.935512 0.836488
vt 0.935512 0.844417
vt 0.928173 0.904463
vt 0.935512 0.904463
vt 0.928173 0.866508
vt 0.935512 0.873518
vt 0.928173 0.852143
vt 0.935512 0.852143
vt 0.928173 0.912198
vt 0.935512 0.912198
vt 0.928173 0.859499
vt 0.935512 0.859499
vt 0.928173 0.919552
vt 0.935512 0.866508
vt 0.939443 0.888600
vt 0.939443 0.873518
vt 0.943554 0.880874
vt 0.939443 0.880874
vt 0.939443 0.956554
vt 0.939443 0.940885
vt 0.939443 0.836488
vt 0.939443 0.844417
vt 0.939443 0.896529
vt 0.939443 0.904463
vt 0.939443 0.852143
vt 0.939443 0.912198
vt 0.939443 0.859499
vt 0.939443 0.919552
vt 0.939443 0.866508
vt 0.939443 0.926541
vt 0.939443 0.933530
vt 0.939443 0.948619
vt 0.943554 0.912198
vt 0.947997 0.904463
vt 0.947997 0.912198
vt 0.943554 0.933530
vt 0.943554 0.896529
vt 0.943554 0.948619
vt 0.943554 0.888600
vt 0.943554 0.956554
vt 0.943554 0.940885
vt 0.943554 0.836488
vt 0.943554 0.844417
vt 0.943554 0.904463
vt 0.943554 0.873518
vt 0.943554 0.852143
vt 0.943554 0.859499
vt 0.943554 0.919552
vt 0.943554 0.866508
vt 0.943554 0.926541
vt 0.947997 0.852143
vt 0.947997 0.859499
vt 0.947997 0.919552
vt 0.947997 0.866508
vt 0.947997 0.926541
vt 0.947997 0.880874
vt 0.947997 0.933530
vt 0.947997 0.896529
vt 0.947997 0.948619
vt 0.947997 0.888600
vt 0.947997 0.956554
vt 0.947997 0.940885
vt 0.947997 0.836488
vt 0.947997 0.844417
vt 0.947997 0.873518
vt 0.696101 0.235093
vt 0.691593 0.245631
vt 0.691593 0.235093
vt 0.900715 0.339335
vt 0.925482 0.323166
vt 0.933447 0.329910
vt 0.968426 0.305943
vt 0.972451 0.315750
vt 0.966470 0.315088
vt 0.918014 0.305071
vt 0.920258 0.314349
vt 0.900105 0.305036
vt 0.971956 0.296360
vt 0.972575 0.305961
vt 0.920025 0.295946
vt 0.900855 0.281886
vt 0.900372 0.293357
vt 0.925672 0.287320
vt 0.934081 0.280906
vt 0.971422 0.260488
vt 0.955765 0.272125
vt 0.274570 0.646639
vt 0.280964 0.639560
vt 0.280964 0.646639
vt 0.810960 0.724611
vt 0.801864 0.715195
vt 0.810960 0.715195
vt 0.801864 0.724611
vt 0.810960 0.734097
vt 0.801864 0.734097
vt 0.810960 0.743548
vt 0.801864 0.743548
vt 0.810960 0.752815
vt 0.801864 0.762081
vt 0.801864 0.752815
vt 0.810960 0.762081
vt 0.801864 0.771533
vt 0.810960 0.771533
vt 0.801864 0.781014
vt 0.810960 0.781014
vt 0.801864 0.790334
vt 0.801864 0.640148
vt 0.810960 0.649469
vt 0.801864 0.649469
vt 0.810960 0.658951
vt 0.801864 0.658951
vt 0.810960 0.668361
vt 0.801864 0.668361
vt 0.810960 0.677662
vt 0.801864 0.677662
vt 0.801864 0.686972
vt 0.810960 0.686972
vt 0.801864 0.696380
vt 0.810960 0.696380
vt 0.801864 0.705875
vt 0.810960 0.705875
vt 0.900450 0.327951
vt 0.900323 0.316529
vt 0.943169 0.423684
vt 0.955140 0.339291
vt 0.942262 0.368508
vt 0.960645 0.323497
vt 0.952208 0.329811
vt 0.960589 0.287931
vt 0.971502 0.271897
vt 0.971713 0.283228
vt 0.952581 0.281327
vt 0.971655 0.328896
vt 0.970770 0.340013
vt 0.965997 0.296683
vt 0.696101 0.277520
vt 0.691593 0.268540
vt 0.696101 0.268540
vt 0.696101 0.352820
vt 0.691593 0.361615
vt 0.691593 0.352820
vt 0.943371 0.277799
vt 0.763156 0.513087
vt 0.759760 0.504322
vt 0.763156 0.504322
vt 0.759760 0.495636
vt 0.763156 0.495636
vt 0.759760 0.487099
vt 0.763156 0.487099
vt 0.759760 0.478703
vt 0.763156 0.478703
vt 0.763156 0.470308
vt 0.759760 0.461770
vt 0.763156 0.453084
vt 0.763156 0.461770
vt 0.759760 0.453084
vt 0.763156 0.444320
vt 0.763156 0.581854
vt 0.759760 0.573089
vt 0.763156 0.573089
vt 0.759760 0.564403
vt 0.763156 0.564403
vt 0.759760 0.555866
vt 0.763156 0.555866
vt 0.759760 0.547470
vt 0.763156 0.547470
vt 0.759760 0.539075
vt 0.763156 0.530538
vt 0.763156 0.539075
vt 0.759760 0.521852
vt 0.763156 0.521852
vt 0.759760 0.530538
vt 0.759760 0.470308
vt 0.274570 0.704118
vt 0.280964 0.697039
vt 0.280964 0.704118
vt 0.274570 0.653460
vt 0.280964 0.653460
vt 0.274570 0.710939
vt 0.280964 0.710939
vt 0.280964 0.667360
vt 0.274570 0.660282
vt 0.280964 0.660282
vt 0.280964 0.717761
vt 0.280964 0.682200
vt 0.274570 0.674709
vt 0.280964 0.674709
vt 0.280964 0.732188
vt 0.274570 0.724840
vt 0.280964 0.724840
vt 0.274570 0.667360
vt 0.280964 0.739679
vt 0.274570 0.732188
vt 0.274570 0.717761
vt 0.274570 0.632212
vt 0.280964 0.624721
vt 0.280964 0.632212
vt 0.274570 0.689691
vt 0.280964 0.689691
vt 0.274570 0.639560
vt 0.274570 0.697039
vt 0.054653 0.918315
vt 0.052024 0.912579
vt 0.054653 0.912579
vt 0.054653 0.959590
vt 0.052024 0.953501
vt 0.054653 0.953501
vt 0.052024 0.906490
vt 0.054653 0.906490
vt 0.052024 0.929121
vt 0.054653 0.923718
vt 0.054653 0.929121
vt 0.052024 0.947224
vt 0.054653 0.947224
vt 0.052024 0.900212
vt 0.054653 0.900212
vt 0.052024 0.981869
vt 0.054653 0.976133
vt 0.054653 0.981869
vt 0.052024 0.994236
vt 0.054653 0.987958
vt 0.054653 0.994236
vt 0.052024 0.940947
vt 0.054653 0.934858
vt 0.054653 0.940947
vt 0.052024 0.987958
vt 0.052024 0.976133
vt 0.054653 0.970730
vt 0.052024 0.934858
vt 0.052024 0.965327
vt 0.054653 0.965327
vt 0.052024 0.918315
vt 0.052024 0.959590
vt 0.139854 0.759938
vt 0.164628 0.754400
vt 0.164628 0.759938
vt 0.132733 0.742972
vt 0.139854 0.737443
vt 0.139854 0.742972
vt 0.164628 0.722472
vt 0.139854 0.717275
vt 0.164628 0.717275
vt 0.139854 0.765144
vt 0.164628 0.765144
vt 0.164628 0.727359
vt 0.139854 0.722472
vt 0.139854 0.770039
vt 0.164628 0.770039
vt 0.164628 0.732245
vt 0.164628 0.737443
vt 0.164628 0.774933
vt 0.139854 0.748685
vt 0.164628 0.742972
vt 0.164628 0.748685
vt 0.164628 0.785677
vt 0.139854 0.780139
vt 0.164628 0.780139
vt 0.164628 0.791393
vt 0.139854 0.785677
vt 0.139854 0.774933
vt 0.164628 0.711745
vt 0.139854 0.706033
vt 0.164628 0.706033
vt 0.139854 0.754400
vt 0.139854 0.732245
vt 0.139854 0.711745
vt 0.125660 0.770039
vt 0.132733 0.765144
vt 0.132733 0.770039
vt 0.139854 0.791393
vt 0.132733 0.785677
vt 0.132733 0.774933
vt 0.132733 0.706033
vt 0.132733 0.754400
vt 0.132733 0.732245
vt 0.139854 0.727359
vt 0.132733 0.711745
vt 0.132733 0.759938
vt 0.132733 0.717275
vt 0.132733 0.722472
vt 0.132733 0.737443
vt 0.132733 0.748685
vt 0.132733 0.780139
vt 0.125660 0.717275
vt 0.118586 0.711745
vt 0.125660 0.711745
vt 0.125660 0.737443
vt 0.125660 0.748685
vt 0.125660 0.780139
vt 0.125660 0.742972
vt 0.132733 0.791393
vt 0.125660 0.785677
vt 0.125660 0.774933
vt 0.125660 0.706033
vt 0.125660 0.754400
vt 0.125660 0.732245
vt 0.132733 0.727359
vt 0.125660 0.759938
vt 0.125660 0.765144
vt 0.125660 0.722472
vt 0.111510 0.742972
vt 0.118586 0.737443
vt 0.118586 0.742972
vt 0.118586 0.759938
vt 0.118586 0.717275
vt 0.118586 0.765144
vt 0.125660 0.727359
vt 0.118586 0.722472
vt 0.118586 0.770039
vt 0.118586 0.748685
vt 0.118586 0.780139
vt 0.125660 0.791393
vt 0.118586 0.785677
vt 0.118586 0.774933
vt 0.118586 0.706033
vt 0.118586 0.754400
vt 0.118586 0.732245
vt 0.104431 0.737443
vt 0.111510 0.732245
vt 0.111510 0.737443
vt 0.118586 0.791393
vt 0.111510 0.785677
vt 0.111510 0.774933
vt 0.111510 0.706033
vt 0.111510 0.754400
vt 0.118586 0.727359
vt 0.111510 0.711745
vt 0.111510 0.759938
vt 0.111510 0.717275
vt 0.111510 0.765144
vt 0.111510 0.722472
vt 0.111510 0.770039
vt 0.111510 0.748685
vt 0.111510 0.780139
vt 0.097349 0.759938
vt 0.104431 0.754400
vt 0.104431 0.759938
vt 0.104431 0.770039
vt 0.104431 0.748685
vt 0.104431 0.780139
vt 0.104431 0.742972
vt 0.111510 0.791393
vt 0.104431 0.785677
vt 0.104431 0.774933
vt 0.104431 0.706033
vt 0.104431 0.732245
vt 0.111510 0.727359
vt 0.104431 0.711745
vt 0.104431 0.717275
vt 0.104431 0.765144
vt 0.104431 0.722472
vt 0.091809 0.791393
vt 0.097349 0.785677
vt 0.097349 0.791393
vt 0.097349 0.717275
vt 0.097349 0.765144
vt 0.104431 0.727359
vt 0.097349 0.722472
vt 0.097349 0.770039
vt 0.097349 0.737443
vt 0.097349 0.748685
vt 0.097349 0.780139
vt 0.097349 0.742972
vt 0.104431 0.791393
vt 0.097349 0.774933
vt 0.097349 0.706033
vt 0.097349 0.754400
vt 0.097349 0.732245
vt 0.097349 0.711745
vt 0.080093 0.748685
vt 0.091809 0.742972
vt 0.091809 0.748685
vt 0.091809 0.780139
vt 0.091809 0.711745
vt 0.091809 0.727359
vt 0.097349 0.727359
vt 0.091809 0.717275
vt 0.091809 0.754400
vt 0.091809 0.722472
vt 0.091809 0.759938
vt 0.091809 0.765144
vt 0.091809 0.732245
vt 0.091809 0.774933
vt 0.091809 0.785677
vt 0.091809 0.737443
vt 0.903538 0.150758
vt 0.900105 0.145076
vt 0.903538 0.145076
vt 0.080093 0.785677
vt 0.080093 0.742972
vt 0.080093 0.791393
vt 0.080093 0.780139
vt 0.080093 0.706033
vt 0.091809 0.706033
vt 0.080093 0.732245
vt 0.080093 0.711745
vt 0.080093 0.754400
vt 0.080093 0.717275
vt 0.080093 0.759938
vt 0.080093 0.722472
vt 0.091809 0.770039
vt 0.080093 0.765144
vt 0.080093 0.737443
vt 0.080093 0.774933
vt 0.854379 0.041755
vt 0.848024 0.034902
vt 0.854389 0.034901
vt 0.900105 0.114106
vt 0.903538 0.108172
vt 0.903538 0.114106
vt 0.900105 0.156440
vt 0.903538 0.156440
vt 0.900105 0.126623
vt 0.903538 0.120296
vt 0.903538 0.126623
vt 0.900105 0.168563
vt 0.903538 0.162371
vt 0.903538 0.168563
vt 0.900105 0.120296
vt 0.900105 0.174892
vt 0.903538 0.174892
vt 0.900105 0.162371
vt 0.903538 0.084661
vt 0.900105 0.078333
vt 0.903538 0.078333
vt 0.903538 0.132952
vt 0.900105 0.108172
vt 0.903538 0.102478
vt 0.903538 0.090850
vt 0.900105 0.084661
vt 0.903538 0.139144
vt 0.900105 0.132952
vt 0.903538 0.096784
vt 0.900105 0.090850
vt 0.900105 0.139144
vt 0.900105 0.096784
vt 0.976066 0.926541
vt 0.968727 0.919552
vt 0.976066 0.919552
vt 0.854359 0.095235
vt 0.848009 0.088379
vt 0.854375 0.088378
vt 0.854360 0.048327
vt 0.848013 0.041756
vt 0.854346 0.101803
vt 0.847993 0.095235
vt 0.854350 0.054632
vt 0.847994 0.048327
vt 0.854342 0.108095
vt 0.847981 0.101803
vt 0.848015 0.067509
vt 0.854361 0.060937
vt 0.854380 0.067509
vt 0.847982 0.114388
vt 0.854347 0.114387
vt 0.854389 0.081369
vt 0.848026 0.074363
vt 0.854392 0.074362
vt 0.848012 0.127813
vt 0.854360 0.120956
vt 0.854377 0.127812
vt 0.848026 0.134821
vt 0.854392 0.134821
vt 0.847995 0.120956
vt 0.854385 0.027894
vt 0.848023 0.081370
vt 0.847995 0.060937
vt 0.043519 0.944898
vt 0.039995 0.951220
vt 0.039995 0.944898
vt 0.043519 0.951220
vt 0.039995 0.957395
vt 0.043519 0.957395
vt 0.039995 0.963290
vt 0.043519 0.963290
vt 0.039995 0.968918
vt 0.043519 0.974546
vt 0.039995 0.974546
vt 0.039995 0.980441
vt 0.043519 0.986616
vt 0.039995 0.986616
vt 0.043519 0.992938
vt 0.039995 0.992938
vt 0.043519 0.896841
vt 0.039995 0.903160
vt 0.039995 0.896841
vt 0.043519 0.903160
vt 0.039995 0.909330
vt 0.043519 0.909330
vt 0.039995 0.915228
vt 0.043519 0.915228
vt 0.039995 0.920870
vt 0.039995 0.926511
vt 0.043519 0.932409
vt 0.039995 0.932409
vt 0.039995 0.938579
vt 0.043519 0.938579
vt 0.043519 0.980441
vt 0.043519 0.926511
vt 0.968727 0.880874
vt 0.976066 0.873518
vt 0.976066 0.880874
vt 0.968727 0.933530
vt 0.976066 0.933530
vt 0.968727 0.896529
vt 0.976066 0.888600
vt 0.976066 0.896529
vt 0.968727 0.948619
vt 0.976066 0.940884
vt 0.976066 0.948619
vt 0.968727 0.888600
vt 0.968727 0.956554
vt 0.976066 0.956554
vt 0.968727 0.940884
vt 0.976066 0.844417
vt 0.968727 0.836488
vt 0.976066 0.836488
vt 0.976066 0.904463
vt 0.968727 0.873518
vt 0.976066 0.866508
vt 0.976066 0.852143
vt 0.968727 0.844417
vt 0.976066 0.912198
vt 0.968727 0.904463
vt 0.976066 0.859499
vt 0.968727 0.852143
vt 0.968727 0.912198
vt 0.968727 0.859499
vt 0.964796 0.888600
vt 0.960685 0.880874
vt 0.964796 0.873518
vt 0.964796 0.880874
vt 0.964796 0.956554
vt 0.964796 0.940884
vt 0.964796 0.836488
vt 0.964796 0.896529
vt 0.968727 0.866508
vt 0.964796 0.844417
vt 0.964796 0.904463
vt 0.964796 0.852143
vt 0.964796 0.912198
vt 0.964796 0.859499
vt 0.968727 0.926541
vt 0.964796 0.919552
vt 0.964796 0.933530
vt 0.964796 0.948619
vt 0.960685 0.912198
vt 0.956242 0.904463
vt 0.960685 0.904463
vt 0.960685 0.933530
vt 0.964796 0.926541
vt 0.960685 0.896529
vt 0.960685 0.948619
vt 0.960685 0.888600
vt 0.960685 0.956554
vt 0.960685 0.940884
vt 0.960685 0.836488
vt 0.960685 0.873518
vt 0.964796 0.866508
vt 0.960685 0.844417
vt 0.960685 0.852143
vt 0.960685 0.859499
vt 0.960685 0.919552
vt 0.956242 0.852143
vt 0.956242 0.912198
vt 0.960685 0.866508
vt 0.956242 0.859499
vt 0.960685 0.926541
vt 0.956242 0.919552
vt 0.956242 0.880874
vt 0.956242 0.933530
vt 0.956242 0.896529
vt 0.956242 0.948619
vt 0.956242 0.888600
vt 0.956242 0.956554
vt 0.956242 0.940884
vt 0.956242 0.836488
vt 0.956242 0.873518
vt 0.956242 0.844417
vt 0.696101 0.298455
vt 0.691593 0.286328
vt 0.696101 0.286328
vt 0.696101 0.361615
vt 0.691593 0.370433
vt 0.696101 0.319576
vt 0.691593 0.309092
vt 0.696101 0.309092
vt 0.696101 0.403651
vt 0.691593 0.393137
vt 0.696101 0.340697
vt 0.691593 0.277520
vt 0.691593 0.256346
vt 0.696101 0.256346
vt 0.691593 0.319576
vt 0.696101 0.370433
vt 0.691593 0.298455
vt 0.696101 0.245631
vt 0.934188 0.599347
vt 0.946040 0.607814
vt 0.934188 0.607814
vt 0.934188 0.470919
vt 0.946040 0.479386
vt 0.934188 0.479386
vt 0.934188 0.547483
vt 0.946040 0.539016
vt 0.946040 0.547483
vt 0.934188 0.530291
vt 0.934188 0.539016
vt 0.934188 0.556209
vt 0.946040 0.556209
vt 0.946040 0.521824
vt 0.934188 0.521824
vt 0.946040 0.566018
vt 0.934188 0.566018
vt 0.946040 0.512025
vt 0.934188 0.487853
vt 0.946040 0.497746
vt 0.934188 0.497746
vt 0.946040 0.573175
vt 0.934188 0.573175
vt 0.946040 0.504898
vt 0.934188 0.512025
vt 0.934188 0.504898
vt 0.934188 0.580615
vt 0.946040 0.590476
vt 0.934188 0.590476
vt 0.946040 0.599347
vt 0.262581 0.822462
vt 0.252949 0.992711
vt 0.252949 0.822462
vt 0.483163 0.269872
vt 0.492794 0.003906
vt 0.492794 0.269872
vt 0.339635 0.822462
vt 0.330003 0.992711
vt 0.330003 0.822462
vt 0.768639 0.755874
vt 0.757755 0.746242
vt 0.768639 0.746242
vt 0.320371 0.822462
vt 0.310740 0.992711
vt 0.310740 0.822462
vt 0.768639 0.717347
vt 0.757755 0.707715
vt 0.768639 0.707715
vt 0.301108 0.992711
vt 0.301108 0.822462
vt 0.396477 0.269872
vt 0.406109 0.003906
vt 0.406109 0.269872
vt 0.233686 0.822462
vt 0.224054 0.992711
vt 0.224054 0.822462
vt 0.291476 0.992711
vt 0.291476 0.822462
vt 0.214423 0.992711
vt 0.214423 0.822462
vt 0.768639 0.794401
vt 0.757755 0.784769
vt 0.768639 0.784769
vt 0.358898 0.822462
vt 0.349266 0.992711
vt 0.349266 0.822462
vt 0.415741 0.003906
vt 0.415741 0.269872
vt 0.339635 0.992711
vt 0.243318 0.992711
vt 0.243318 0.822462
vt 0.683805 0.744509
vt 0.671868 0.752247
vt 0.671868 0.744509
vt 0.400880 0.687030
vt 0.403385 0.680237
vt 0.403385 0.687030
vt 0.400880 0.680237
vt 0.403385 0.673045
vt 0.400880 0.673045
vt 0.403385 0.665045
vt 0.400880 0.659280
vt 0.400880 0.665045
vt 0.403385 0.653268
vt 0.403385 0.659280
vt 0.400880 0.645220
vt 0.403385 0.638045
vt 0.403385 0.645220
vt 0.400880 0.631113
vt 0.400880 0.638045
vt 0.400880 0.653268
vt 0.403385 0.694134
vt 0.400880 0.694134
vt 0.403385 0.701179
vt 0.400880 0.701179
vt 0.403385 0.709023
vt 0.400880 0.709023
vt 0.403385 0.714850
vt 0.400880 0.714850
vt 0.400880 0.720662
vt 0.403385 0.720662
vt 0.400880 0.735569
vt 0.403385 0.728613
vt 0.403385 0.735569
vt 0.403385 0.742449
vt 0.400880 0.742449
vt 0.400880 0.728613
vt 0.671868 0.767490
vt 0.667171 0.773678
vt 0.667171 0.767490
vt 0.683805 0.827849
vt 0.671868 0.834152
vt 0.671868 0.827849
vt 0.683805 0.736928
vt 0.671868 0.736928
vt 0.683805 0.797568
vt 0.671868 0.790313
vt 0.683805 0.790313
vt 0.671868 0.782386
vt 0.683805 0.782386
vt 0.683805 0.842663
vt 0.671868 0.850300
vt 0.671868 0.842663
vt 0.683805 0.752247
vt 0.671868 0.761014
vt 0.671868 0.773678
vt 0.683805 0.773678
vt 0.683805 0.850300
vt 0.671868 0.857758
vt 0.683805 0.805287
vt 0.671868 0.797568
vt 0.683805 0.767490
vt 0.683805 0.813133
vt 0.671868 0.805287
vt 0.683805 0.761014
vt 0.683805 0.834152
vt 0.683805 0.821488
vt 0.671868 0.813133
vt 0.671868 0.821488
vt 0.667171 0.805287
vt 0.667171 0.761014
vt 0.667171 0.842663
vt 0.667171 0.834152
vt 0.667171 0.813133
vt 0.667171 0.821488
vt 0.667171 0.744509
vt 0.667171 0.827849
vt 0.667171 0.736928
vt 0.667171 0.790313
vt 0.667171 0.782386
vt 0.667171 0.850300
vt 0.667171 0.752247
vt 0.667171 0.857758
vt 0.667171 0.797568
vt 0.663603 0.842663
vt 0.663603 0.834152
vt 0.660269 0.850300
vt 0.660269 0.842663
vt 0.663603 0.813133
vt 0.663603 0.821488
vt 0.663603 0.744509
vt 0.663603 0.827849
vt 0.663603 0.736928
vt 0.663603 0.790313
vt 0.663603 0.782386
vt 0.663603 0.850300
vt 0.663603 0.761014
vt 0.663603 0.752247
vt 0.663603 0.773678
vt 0.663603 0.857758
vt 0.663603 0.805287
vt 0.663603 0.797568
vt 0.663603 0.767490
vt 0.660269 0.827849
vt 0.656098 0.821488
vt 0.660269 0.821488
vt 0.660269 0.761014
vt 0.660269 0.752247
vt 0.660269 0.782386
vt 0.660269 0.773678
vt 0.660269 0.857758
vt 0.660269 0.805287
vt 0.660269 0.797568
vt 0.660269 0.767490
vt 0.660269 0.834152
vt 0.660269 0.813133
vt 0.660269 0.744509
vt 0.660269 0.736928
vt 0.660269 0.790313
vt 0.656098 0.805287
vt 0.651495 0.797568
vt 0.656098 0.797568
vt 0.656098 0.744509
vt 0.656098 0.827849
vt 0.656098 0.736928
vt 0.656098 0.790313
vt 0.656098 0.782386
vt 0.656098 0.850300
vt 0.656098 0.842663
vt 0.656098 0.761014
vt 0.656098 0.752247
vt 0.656098 0.773678
vt 0.656098 0.857758
vt 0.656098 0.767490
vt 0.656098 0.834152
vt 0.656098 0.813133
vt 0.651495 0.767490
vt 0.651495 0.813133
vt 0.651495 0.805287
vt 0.651495 0.761014
vt 0.651495 0.834152
vt 0.651495 0.821488
vt 0.651495 0.827849
vt 0.651495 0.752247
vt 0.651495 0.744509
vt 0.651495 0.736928
vt 0.651495 0.790313
vt 0.651495 0.782386
vt 0.651495 0.842663
vt 0.651495 0.773678
vt 0.651495 0.850300
vt 0.990326 0.015956
vt 0.993071 0.003906
vt 0.993071 0.015956
vt 0.990326 0.064097
vt 0.993071 0.076128
vt 0.990326 0.076128
vt 0.990326 0.160333
vt 0.993071 0.148303
vt 0.993071 0.160333
vt 0.990326 0.196454
vt 0.993071 0.184415
vt 0.993071 0.196454
vt 0.990326 0.088159
vt 0.993071 0.100185
vt 0.990326 0.100185
vt 0.990326 0.136273
vt 0.993071 0.124242
vt 0.993071 0.136273
vt 0.990326 0.040037
vt 0.993071 0.027990
vt 0.993071 0.040037
vt 0.990326 0.112211
vt 0.993071 0.112211
vt 0.993071 0.172380
vt 0.990326 0.172380
vt 0.990326 0.052067
vt 0.993071 0.064097
vt 0.993071 0.088159
vt 0.990326 0.148303
vt 0.990326 0.027990
vt 0.990326 0.124242
vt 0.990326 0.184415
vt 0.993071 0.052067
vt 0.214423 0.760532
vt 0.219479 0.747551
vt 0.219479 0.760532
vt 0.214423 0.643704
vt 0.219479 0.656685
vt 0.214423 0.656685
vt 0.214423 0.773513
vt 0.219479 0.773513
vt 0.214423 0.630723
vt 0.219479 0.643704
vt 0.214423 0.786493
vt 0.219479 0.786493
vt 0.214423 0.617742
vt 0.219479 0.630723
vt 0.214423 0.799474
vt 0.219479 0.799474
vt 0.214423 0.604761
vt 0.219479 0.617742
vt 0.214423 0.695627
vt 0.219479 0.708608
vt 0.214423 0.708608
vt 0.214423 0.812455
vt 0.219479 0.812455
vt 0.214423 0.721589
vt 0.219479 0.721589
vt 0.219479 0.682646
vt 0.219479 0.695627
vt 0.219479 0.734570
vt 0.214423 0.734570
vt 0.214423 0.669666
vt 0.214423 0.682646
vt 0.214423 0.747551
vt 0.219479 0.669666
vt 0.988321 0.503792
vt 0.993377 0.490811
vt 0.993377 0.503792
vt 0.988321 0.568696
vt 0.993377 0.581677
vt 0.988321 0.581677
vt 0.988321 0.516773
vt 0.993377 0.516773
vt 0.993377 0.555715
vt 0.993377 0.568696
vt 0.993377 0.529754
vt 0.988321 0.529754
vt 0.988321 0.542734
vt 0.988321 0.555715
vt 0.988321 0.633601
vt 0.993377 0.646581
vt 0.988321 0.646581
vt 0.993377 0.542734
vt 0.988321 0.451868
vt 0.993377 0.438887
vt 0.993377 0.451868
vt 0.988321 0.620620
vt 0.993377 0.633601
vt 0.988321 0.464849
vt 0.993377 0.464849
vt 0.988321 0.607639
vt 0.993377 0.620620
vt 0.988321 0.477830
vt 0.993377 0.477830
vt 0.988321 0.594658
vt 0.993377 0.607639
vt 0.988321 0.490811
vt 0.993377 0.594658
vt 0.979062 0.757334
vt 0.971681 0.745478
vt 0.979062 0.745478
vt 0.979062 0.721766
vt 0.971681 0.709910
vt 0.979062 0.709910
vt 0.979062 0.769189
vt 0.971681 0.757334
vt 0.971681 0.698054
vt 0.979062 0.698054
vt 0.982306 0.273159
vt 0.985140 0.260017
vt 0.985140 0.273159
vt 0.982306 0.391441
vt 0.985140 0.378298
vt 0.985140 0.391441
vt 0.979062 0.781045
vt 0.971681 0.792901
vt 0.971681 0.781045
vt 0.979062 0.674343
vt 0.971681 0.686199
vt 0.971681 0.674343
vt 0.979062 0.792901
vt 0.971681 0.804757
vt 0.979062 0.662487
vt 0.971681 0.662487
vt 0.979062 0.804757
vt 0.971681 0.816613
vt 0.982306 0.430868
vt 0.985140 0.417725
vt 0.985140 0.430868
vt 0.982306 0.299444
vt 0.985140 0.312586
vt 0.982306 0.312586
vt 0.979062 0.638775
vt 0.971681 0.650631
vt 0.971681 0.638775
vt 0.971681 0.733622
vt 0.979062 0.733622
vt 0.952895 0.698054
vt 0.942861 0.686199
vt 0.952895 0.686199
vt 0.952895 0.781045
vt 0.942861 0.792901
vt 0.942861 0.781045
vt 0.942861 0.674343
vt 0.952895 0.674343
vt 0.952895 0.804757
vt 0.952895 0.792901
vt 0.952895 0.662487
vt 0.942861 0.662487
vt 0.942861 0.816613
vt 0.942861 0.804757
vt 0.952895 0.650631
vt 0.942861 0.650631
vt 0.952895 0.816613
vt 0.942861 0.828468
vt 0.952895 0.745478
vt 0.942861 0.733622
vt 0.952895 0.733622
vt 0.952895 0.638775
vt 0.942861 0.638775
vt 0.942861 0.721766
vt 0.952895 0.721766
vt 0.952895 0.757334
vt 0.942861 0.745478
vt 0.942861 0.709910
vt 0.952895 0.709910
vt 0.952895 0.769189
vt 0.942861 0.757334
vt 0.942861 0.698054
vt 0.942861 0.769189
vt 0.962496 0.769189
vt 0.971681 0.769189
vt 0.962496 0.698054
vt 0.962496 0.757334
vt 0.971681 0.721766
vt 0.962496 0.709910
vt 0.962496 0.745478
vt 0.962496 0.721766
vt 0.962496 0.650631
vt 0.962496 0.638775
vt 0.962496 0.733622
vt 0.962496 0.828468
vt 0.962496 0.816613
vt 0.962496 0.662487
vt 0.962496 0.804757
vt 0.962496 0.674343
vt 0.962496 0.792901
vt 0.962496 0.686199
vt 0.962496 0.781045
vt 0.982306 0.365156
vt 0.982306 0.378298
vt 0.982306 0.260017
vt 0.985140 0.246875
vt 0.982306 0.404583
vt 0.985140 0.404583
vt 0.982306 0.246875
vt 0.985140 0.233732
vt 0.979062 0.650631
vt 0.979062 0.816613
vt 0.971681 0.828468
vt 0.982306 0.417725
vt 0.982306 0.233732
vt 0.985140 0.220590
vt 0.982306 0.338871
vt 0.985140 0.352014
vt 0.982306 0.352014
vt 0.985140 0.325729
vt 0.982306 0.325729
vt 0.982306 0.286302
vt 0.985140 0.299444
vt 0.985140 0.365156
vt 0.979062 0.686199
vt 0.985140 0.286302
vt 0.952895 0.828468
vt 0.928173 0.709910
vt 0.928173 0.781045
vt 0.752567 0.978351
vt 0.762199 0.824015
vt 0.762199 0.978351
vt 0.928173 0.769189
vt 0.742935 0.978351
vt 0.752567 0.824015
vt 0.928173 0.792901
vt 0.733303 0.978351
vt 0.742935 0.824015
vt 0.928173 0.804757
vt 0.723672 0.978351
vt 0.733303 0.824015
vt 0.928173 0.816613
vt 0.928173 0.745478
vt 0.781462 0.978351
vt 0.791094 0.824015
vt 0.791094 0.978351
vt 0.392625 0.683253
vt 0.380831 0.672637
vt 0.392625 0.672637
vt 0.928173 0.733622
vt 0.928173 0.698054
vt 0.928173 0.674343
vt 0.771830 0.978351
vt 0.781462 0.824015
vt 0.928173 0.686199
vt 0.928173 0.721766
vt 0.800725 0.978351
vt 0.810357 0.824015
vt 0.810357 0.978351
vt 0.868147 0.978351
vt 0.877779 0.824015
vt 0.877779 0.978351
vt 0.800725 0.824015
vt 0.928173 0.638775
vt 0.858516 0.978351
vt 0.868147 0.824015
vt 0.928173 0.650631
vt 0.848884 0.978351
vt 0.858516 0.824015
vt 0.928173 0.662487
vt 0.839252 0.978351
vt 0.848884 0.824015
vt 0.928173 0.757334
vt 0.829620 0.978351
vt 0.839252 0.824015
vt 0.771830 0.824015
vt 0.819989 0.978351
vt 0.829620 0.824015
vt 0.780281 0.771681
vt 0.777804 0.761563
vt 0.780281 0.761563
vt 0.780281 0.721091
vt 0.777804 0.710974
vt 0.780281 0.710974
vt 0.789834 0.791916
vt 0.792311 0.781798
vt 0.792311 0.791916
vt 0.789834 0.710973
vt 0.792311 0.721091
vt 0.789834 0.721091
vt 0.780281 0.660384
vt 0.777804 0.650266
vt 0.780281 0.650266
vt 0.789834 0.771680
vt 0.792311 0.761562
vt 0.792311 0.771680
vt 0.789834 0.650266
vt 0.792311 0.660384
vt 0.789834 0.660384
vt 0.780281 0.680620
vt 0.777804 0.670502
vt 0.780281 0.670502
vt 0.780281 0.741327
vt 0.777804 0.731209
vt 0.780281 0.731209
vt 0.789834 0.680619
vt 0.792311 0.670502
vt 0.792311 0.680619
vt 0.780281 0.802035
vt 0.777804 0.791917
vt 0.780281 0.791917
vt 0.789834 0.731209
vt 0.792311 0.741327
vt 0.789834 0.741327
vt 0.780281 0.781799
vt 0.777804 0.771681
vt 0.777804 0.700856
vt 0.780281 0.700856
vt 0.777804 0.690738
vt 0.780281 0.690738
vt 0.789834 0.802034
vt 0.792311 0.802034
vt 0.819989 0.824015
vt 0.392625 0.725718
vt 0.380831 0.715102
vt 0.392625 0.715102
vt 0.392625 0.693869
vt 0.380831 0.683253
vt 0.380831 0.704486
vt 0.392625 0.704486
vt 0.392625 0.789417
vt 0.380831 0.778801
vt 0.392625 0.778801
vt 0.380831 0.693869
vt 0.392625 0.630171
vt 0.380831 0.619555
vt 0.392625 0.619555
vt 0.380831 0.768184
vt 0.392625 0.768184
vt 0.392625 0.640787
vt 0.380831 0.630171
vt 0.380831 0.757568
vt 0.392625 0.757568
vt 0.392625 0.651404
vt 0.380831 0.640787
vt 0.380831 0.746951
vt 0.392625 0.746951
vt 0.392625 0.662020
vt 0.380831 0.651404
vt 0.380831 0.736335
vt 0.392625 0.736335
vt 0.380831 0.662020
vt 0.380831 0.725718
vt 0.792311 0.751444
vt 0.789834 0.751444
vt 0.777804 0.781799
vt 0.789834 0.640148
vt 0.792311 0.650266
vt 0.792311 0.690737
vt 0.789834 0.690737
vt 0.777804 0.680620
vt 0.777804 0.751445
vt 0.777804 0.741327
vt 0.789834 0.670502
vt 0.777804 0.640148
vt 0.780281 0.640148
vt 0.789834 0.761562
vt 0.777804 0.660384
vt 0.792311 0.731209
vt 0.780281 0.751445
vt 0.789834 0.700855
vt 0.792311 0.710973
vt 0.789834 0.781798
vt 0.777804 0.721091
vt 0.792311 0.700855
vt 0.915218 0.677524
vt 0.910235 0.664788
vt 0.915218 0.664788
vt 0.910235 0.652052
vt 0.915218 0.652052
vt 0.915218 0.779414
vt 0.910235 0.766678
vt 0.915218 0.766678
vt 0.372261 0.695320
vt 0.364791 0.684210
vt 0.372261 0.684210
vt 0.372261 0.717540
vt 0.364791 0.706430
vt 0.372261 0.706430
vt 0.372261 0.739759
vt 0.364791 0.728649
vt 0.372261 0.728649
vt 0.915218 0.728469
vt 0.910235 0.741205
vt 0.910235 0.728469
vt 0.910235 0.792150
vt 0.910235 0.779414
vt 0.915218 0.715733
vt 0.910235 0.702997
vt 0.915218 0.702997
vt 0.915218 0.817623
vt 0.910235 0.804887
vt 0.915218 0.804887
vt 0.915218 0.690261
vt 0.910235 0.690261
vt 0.910235 0.830359
vt 0.910235 0.817623
vt 0.910235 0.677524
vt 0.372261 0.773089
vt 0.364791 0.784199
vt 0.364791 0.773089
vt 0.372261 0.628661
vt 0.364791 0.639771
vt 0.364791 0.628661
vt 0.915218 0.830359
vt 0.910235 0.843095
vt 0.894296 0.792150
vt 0.886070 0.779414
vt 0.894296 0.779414
vt 0.894296 0.728469
vt 0.886070 0.715733
vt 0.894296 0.715733
vt 0.894296 0.804887
vt 0.886070 0.792150
vt 0.886070 0.702997
vt 0.894296 0.702997
vt 0.894296 0.817623
vt 0.886070 0.804887
vt 0.894296 0.690261
vt 0.886070 0.690261
vt 0.894296 0.830359
vt 0.886070 0.817623
vt 0.894296 0.677524
vt 0.886070 0.677524
vt 0.886070 0.843095
vt 0.886070 0.830359
vt 0.894296 0.664788
vt 0.886070 0.664788
vt 0.894296 0.843095
vt 0.886070 0.855832
vt 0.894296 0.766678
vt 0.886070 0.753942
vt 0.894296 0.753942
vt 0.894296 0.652052
vt 0.886070 0.652052
vt 0.886070 0.741205
vt 0.894296 0.741205
vt 0.886070 0.766678
vt 0.886070 0.728469
vt 0.902249 0.728469
vt 0.902249 0.766678
vt 0.910235 0.753942
vt 0.902249 0.741205
vt 0.902249 0.664788
vt 0.902249 0.652052
vt 0.902249 0.753942
vt 0.902249 0.855832
vt 0.902249 0.843095
vt 0.902249 0.677524
vt 0.902249 0.830359
vt 0.902249 0.690261
vt 0.902249 0.817623
vt 0.902249 0.702997
vt 0.902249 0.804887
vt 0.910235 0.715733
vt 0.902249 0.792150
vt 0.902249 0.715733
vt 0.902249 0.779414
vt 0.915218 0.792150
vt 0.364791 0.673100
vt 0.372261 0.673100
vt 0.372261 0.750869
vt 0.364791 0.739759
vt 0.364791 0.661990
vt 0.372261 0.661990
vt 0.372261 0.761979
vt 0.364791 0.750869
vt 0.372261 0.650881
vt 0.364791 0.650881
vt 0.364791 0.761979
vt 0.372261 0.639771
vt 0.915218 0.855832
vt 0.915218 0.843095
vt 0.372261 0.784199
vt 0.364791 0.795308
vt 0.364791 0.695320
vt 0.372261 0.617551
vt 0.364791 0.617551
vt 0.915218 0.753942
vt 0.364791 0.717540
vt 0.894296 0.855832
vt 0.973270 0.581415
vt 0.970277 0.571195
vt 0.973270 0.571195
vt 0.973270 0.489433
vt 0.970277 0.479213
vt 0.973270 0.479213
vt 0.973270 0.591635
vt 0.970277 0.581415
vt 0.970277 0.468993
vt 0.973270 0.468993
vt 0.973270 0.601855
vt 0.970277 0.591635
vt 0.970277 0.458773
vt 0.973270 0.458773
vt 0.973270 0.612076
vt 0.970277 0.601855
vt 0.973270 0.530314
vt 0.970277 0.540534
vt 0.970277 0.530314
vt 0.970277 0.448553
vt 0.973270 0.448553
vt 0.973270 0.520094
vt 0.970277 0.520094
vt 0.973270 0.540534
vt 0.970277 0.550755
vt 0.973270 0.509874
vt 0.970277 0.509874
vt 0.973270 0.550755
vt 0.970277 0.560975
vt 0.973270 0.499654
vt 0.970277 0.499654
vt 0.973270 0.560975
vt 0.970277 0.489433
vt 0.976337 0.173309
vt 0.970360 0.160294
vt 0.976329 0.160295
vt 0.768639 0.688452
vt 0.757755 0.678820
vt 0.768639 0.678820
vt 0.512058 0.269872
vt 0.521689 0.003906
vt 0.521689 0.269872
vt 0.233686 0.992711
vt 0.531321 0.003906
vt 0.531321 0.269872
vt 0.540953 0.003906
vt 0.540953 0.269872
vt 0.768639 0.649925
vt 0.757755 0.640293
vt 0.768639 0.640293
vt 0.368530 0.822462
vt 0.358898 0.992711
vt 0.463899 0.269872
vt 0.473531 0.003906
vt 0.473531 0.269872
vt 0.281845 0.992711
vt 0.281845 0.822462
vt 0.483163 0.003906
vt 0.272213 0.992711
vt 0.272213 0.822462
vt 0.768639 0.698084
vt 0.757755 0.688452
vt 0.425372 0.003906
vt 0.425372 0.269872
vt 0.262581 0.992711
vt 0.320371 0.992711
vt 0.340421 0.706809
vt 0.332713 0.695652
vt 0.340421 0.695652
vt 0.348752 0.729123
vt 0.356460 0.717966
vt 0.356460 0.729123
vt 0.348752 0.651023
vt 0.356460 0.639866
vt 0.356460 0.651023
vt 0.356460 0.662180
vt 0.348752 0.662180
vt 0.340421 0.651023
vt 0.332713 0.662180
vt 0.332713 0.651023
vt 0.348752 0.617551
vt 0.356460 0.628708
vt 0.348752 0.628708
vt 0.340421 0.729123
vt 0.332713 0.717966
vt 0.340421 0.717966
vt 0.332713 0.639866
vt 0.340421 0.639866
vt 0.348752 0.740280
vt 0.356460 0.751437
vt 0.348752 0.751437
vt 0.340421 0.617551
vt 0.332713 0.628708
vt 0.332713 0.617551
vt 0.348752 0.684494
vt 0.356460 0.695651
vt 0.348752 0.695651
vt 0.340421 0.740281
vt 0.332713 0.751438
vt 0.332713 0.740281
vt 0.340421 0.684494
vt 0.332713 0.684494
vt 0.356460 0.762595
vt 0.348752 0.762595
vt 0.348752 0.673337
vt 0.356460 0.673337
vt 0.348752 0.773752
vt 0.356460 0.784909
vt 0.348752 0.784909
vt 0.768639 0.765506
vt 0.757755 0.755874
vt 0.976258 0.043170
vt 0.970285 0.030155
vt 0.976253 0.030154
vt 0.976343 0.186325
vt 0.970368 0.173307
vt 0.970298 0.017150
vt 0.976266 0.017121
vt 0.976330 0.199358
vt 0.970378 0.186318
vt 0.970277 0.004265
vt 0.976334 0.003906
vt 0.976290 0.095226
vt 0.970328 0.108239
vt 0.970320 0.095225
vt 0.976261 0.212573
vt 0.970399 0.199311
vt 0.976298 0.108239
vt 0.970336 0.121253
vt 0.976282 0.082212
vt 0.970312 0.082211
vt 0.976306 0.121253
vt 0.970344 0.134266
vt 0.976274 0.069198
vt 0.970304 0.069197
vt 0.976313 0.134267
vt 0.970352 0.147280
vt 0.976266 0.056184
vt 0.970296 0.056183
vt 0.976321 0.147281
vt 0.970289 0.043169
vt 0.340421 0.762595
vt 0.332713 0.773752
vt 0.332713 0.762595
vt 0.332713 0.673337
vt 0.340421 0.673337
vt 0.348752 0.706809
vt 0.356460 0.706809
vt 0.356460 0.773752
vt 0.356460 0.684494
vt 0.340421 0.796067
vt 0.332713 0.784909
vt 0.340421 0.784909
vt 0.332713 0.729123
vt 0.348752 0.796066
vt 0.356460 0.796066
vt 0.340421 0.628708
vt 0.332713 0.706809
vt 0.348752 0.639866
vt 0.356460 0.740280
vt 0.340421 0.773752
vt 0.340421 0.751438
vt 0.348752 0.717966
vt 0.340421 0.662180
vt 0.982228 0.043171
vt 0.982299 0.160296
vt 0.982291 0.147282
vt 0.982244 0.069198
vt 0.982236 0.056185
vt 0.982283 0.134268
vt 0.982252 0.082212
vt 0.982275 0.121254
vt 0.982260 0.095226
vt 0.982267 0.108240
vt 0.982297 0.199329
vt 0.982319 0.004357
vt 0.982310 0.186324
vt 0.982196 0.017168
vt 0.982306 0.173310
vt 0.982217 0.030161
vt 0.757755 0.736610
vt 0.768639 0.736610
vt 0.768639 0.775137
vt 0.757755 0.765506
vt 0.757755 0.669189
vt 0.768639 0.669189
vt 0.444636 0.269872
vt 0.454267 0.003906
vt 0.454267 0.269872
vt 0.463899 0.003906
vt 0.757755 0.775137
vt 0.768639 0.659557
vt 0.757755 0.649925
vt 0.757755 0.659557
vt 0.012638 0.788798
vt 0.004140 0.775715
vt 0.012601 0.775719
vt 0.502426 0.003906
vt 0.502426 0.269872
vt 0.512058 0.003906
vt 0.386846 0.269872
vt 0.396477 0.003906
vt 0.768639 0.726979
vt 0.757755 0.717347
vt 0.757755 0.726979
vt 0.435004 0.003906
vt 0.435004 0.269872
vt 0.757755 0.698084
vt 0.383177 0.985242
vt 0.376821 0.974390
vt 0.383177 0.974390
vt 0.383177 0.865870
vt 0.376821 0.876722
vt 0.376821 0.865870
vt 0.399216 0.985242
vt 0.392860 0.996094
vt 0.392860 0.985242
vt 0.399216 0.833314
vt 0.392860 0.844166
vt 0.392860 0.833314
vt 0.376821 0.963538
vt 0.383177 0.963538
vt 0.399216 0.952686
vt 0.392860 0.941834
vt 0.399216 0.941834
vt 0.383177 0.996094
vt 0.376821 0.985242
vt 0.399216 0.844166
vt 0.392860 0.855018
vt 0.383177 0.876722
vt 0.376821 0.887574
vt 0.376821 0.952686
vt 0.383177 0.952686
vt 0.392860 0.930982
vt 0.399216 0.930982
vt 0.399216 0.822462
vt 0.392860 0.822462
vt 0.376821 0.855018
vt 0.383177 0.855018
vt 0.399216 0.855018
vt 0.392860 0.865870
vt 0.383177 0.930982
vt 0.376821 0.941834
vt 0.376821 0.930982
vt 0.392860 0.963538
vt 0.392860 0.952686
vt 0.444636 0.003906
vt 0.012578 0.762631
vt 0.004125 0.762636
vt 0.012948 0.880314
vt 0.004438 0.867232
vt 0.012903 0.867241
vt 0.012858 0.854168
vt 0.004347 0.841089
vt 0.012814 0.841095
vt 0.004302 0.828016
vt 0.012769 0.828021
vt 0.012672 0.722778
vt 0.004204 0.736581
vt 0.003906 0.723984
vt 0.012955 0.919624
vt 0.003906 0.931441
vt 0.004584 0.919156
vt 0.013017 0.906474
vt 0.004598 0.906331
vt 0.012990 0.893388
vt 0.004541 0.893341
vt 0.004487 0.880296
vt 0.012594 0.749513
vt 0.004151 0.749566
vt 0.012685 0.736303
vt 0.004258 0.814942
vt 0.012724 0.814947
vt 0.004214 0.801868
vt 0.012680 0.801873
vt 0.004173 0.788793
vt 0.004392 0.854162
vt 0.383177 0.833314
vt 0.376821 0.822462
vt 0.383177 0.822462
vt 0.392860 0.920130
vt 0.399216 0.920130
vt 0.399216 0.909278
vt 0.392860 0.898426
vt 0.399216 0.898426
vt 0.399216 0.974390
vt 0.392860 0.974390
vt 0.383177 0.909278
vt 0.376821 0.920130
vt 0.376821 0.909278
vt 0.383177 0.844166
vt 0.376821 0.833314
vt 0.383177 0.887574
vt 0.376821 0.898426
vt 0.399216 0.876722
vt 0.399216 0.865870
vt 0.392860 0.887574
vt 0.399216 0.887574
vt 0.399216 0.963538
vt 0.392860 0.909278
vt 0.383177 0.920130
vt 0.383177 0.941834
vt 0.376821 0.844166
vt 0.383177 0.898426
vt 0.392860 0.876722
vt 0.030399 0.854121
vt 0.021975 0.867192
vt 0.021933 0.854116
vt 0.030175 0.788757
vt 0.021755 0.801821
vt 0.021710 0.788748
vt 0.030221 0.801827
vt 0.021800 0.814895
vt 0.030267 0.814900
vt 0.021845 0.827968
vt 0.030015 0.749658
vt 0.021659 0.736365
vt 0.030029 0.736833
vt 0.021597 0.749515
vt 0.030072 0.762648
vt 0.021623 0.762602
vt 0.030488 0.893354
vt 0.022013 0.880270
vt 0.030474 0.880274
vt 0.022036 0.893359
vt 0.030463 0.906423
vt 0.022020 0.906477
vt 0.030409 0.919409
vt 0.021929 0.919686
vt 0.030707 0.932006
vt 0.021941 0.933212
vt 0.022182 0.723028
vt 0.030707 0.724548
vt 0.030311 0.827973
vt 0.021889 0.841042
vt 0.030356 0.841047
vt 0.030440 0.867197
vt 0.030127 0.775693
vt 0.021666 0.775676
vt 0.710909 0.330838
vt 0.705628 0.320099
vt 0.710909 0.320099
vt 0.710909 0.288605
vt 0.705628 0.298832
vt 0.705628 0.288605
vt 0.710909 0.361602
vt 0.705628 0.371609
vt 0.705628 0.361602
vt 0.710909 0.298832
vt 0.705628 0.309361
vt 0.710909 0.247834
vt 0.705628 0.237096
vt 0.710909 0.237096
vt 0.705628 0.351594
vt 0.710909 0.351594
vt 0.710909 0.258363
vt 0.705628 0.247834
vt 0.710909 0.309361
vt 0.710909 0.268590
vt 0.705628 0.258363
vt 0.710909 0.392365
vt 0.705628 0.403103
vt 0.705628 0.392365
vt 0.705628 0.341367
vt 0.710909 0.341367
vt 0.710909 0.278598
vt 0.705628 0.268590
vt 0.710909 0.381836
vt 0.705628 0.381836
vt 0.710909 0.371609
vt 0.705628 0.330838
vt 0.705628 0.278598
vt 0.813015 0.104643
vt 0.800530 0.104346
vt 0.810337 0.101958
vt 0.663326 0.266714
vt 0.658475 0.262373
vt 0.665131 0.258432
vt 0.815765 0.354503
vt 0.784619 0.337132
vt 0.815104 0.338157
vt 0.658217 0.258349
vt 0.787326 0.095693
vt 0.779751 0.081377
vt 0.781147 0.080926
vt 0.797240 0.104412
vt 0.799233 0.107905
vt 0.792909 0.110724
vt 0.820743 0.072569
vt 0.828518 0.094002
vt 0.820583 0.093529
vt 0.780994 0.104178
vt 0.771097 0.084892
vt 0.830174 0.072413
vt 0.835985 0.095171
vt 0.774564 0.108138
vt 0.763369 0.088731
vt 0.674156 0.290658
vt 0.680613 0.268346
vt 0.682785 0.290230
vt 0.615483 0.277675
vt 0.619698 0.254303
vt 0.625955 0.258532
vt 0.664794 0.290418
vt 0.673126 0.269279
vt 0.624132 0.281451
vt 0.632947 0.262287
vt 0.665201 0.269498
vt 0.663901 0.274305
vt 0.816487 0.295690
vt 0.785490 0.278180
vt 0.818306 0.279444
vt 0.616973 0.304676
vt 0.624745 0.318045
vt 0.613233 0.314310
vt 0.661621 0.303854
vt 0.663332 0.290271
vt 0.621176 0.331631
vt 0.636897 0.321073
vt 0.634147 0.334817
vt 0.803147 0.025787
vt 0.793058 0.041860
vt 0.790112 0.028151
vt 0.765206 0.035084
vt 0.758700 0.052290
vt 0.754079 0.039035
vt 0.838812 0.022940
vt 0.828735 0.037547
vt 0.827639 0.023450
vt 0.748517 0.056310
vt 0.743721 0.042953
vt 0.671751 0.339224
vt 0.683624 0.325523
vt 0.682836 0.339657
vt 0.587337 0.319537
vt 0.602493 0.310297
vt 0.597757 0.323656
vt 0.659922 0.338467
vt 0.672668 0.325249
vt 0.608967 0.327766
vt 0.649231 0.323242
vt 0.647281 0.337088
vt 0.661255 0.324536
vt 0.780946 0.044851
vt 0.777278 0.031338
vt 0.769443 0.048452
vt 0.817321 0.038311
vt 0.815782 0.024307
vt 0.817818 0.048611
vt 0.805333 0.039646
vt 0.828951 0.048045
vt 0.762644 0.061974
vt 0.773115 0.058069
vt 0.839707 0.048069
vt 0.839707 0.037256
vt 0.752740 0.066211
vt 0.683624 0.314810
vt 0.672847 0.314830
vt 0.596779 0.296133
vt 0.592359 0.306056
vt 0.661676 0.314277
vt 0.606579 0.300590
vt 0.784679 0.054133
vt 0.649496 0.313260
vt 0.638881 0.311503
vt 0.805670 0.049697
vt 0.659946 0.240037
vt 0.649206 0.242252
vt 0.650932 0.238192
vt 0.659106 0.250823
vt 0.646912 0.248155
vt 0.644424 0.255338
vt 0.644946 0.240245
vt 0.641609 0.245613
vt 0.638068 0.252374
vt 0.649046 0.235092
vt 0.641502 0.235364
vt 0.637418 0.242347
vt 0.632531 0.248658
vt 0.634405 0.238578
vt 0.627719 0.244306
vt 0.795821 0.127830
vt 0.788630 0.124425
vt 0.791947 0.120663
vt 0.782197 0.118366
vt 0.787236 0.114217
vt 0.803832 0.128476
vt 0.799621 0.123126
vt 0.805634 0.125150
vt 0.796296 0.117605
vt 0.803909 0.121022
vt 0.801684 0.115069
vt 0.664451 0.244430
vt 0.659691 0.244496
vt 0.665039 0.250813
vt 0.663020 0.237818
vt 0.670278 0.249892
vt 0.671761 0.257659
vt 0.669908 0.241816
vt 0.674890 0.247913
vt 0.678079 0.256037
vt 0.824353 0.121379
vt 0.824992 0.113367
vt 0.829360 0.115448
vt 0.832933 0.107477
vt 0.817665 0.124880
vt 0.819102 0.118484
vt 0.819776 0.112225
vt 0.826695 0.105628
vt 0.814595 0.122912
vt 0.814373 0.118513
vt 0.813872 0.112205
vt 0.820062 0.104632
vt 0.810999 0.127252
vt 0.631989 0.267224
vt 0.635900 0.260591
vt 0.619365 0.297089
vt 0.623384 0.302819
vt 0.813648 0.100743
vt 0.609538 0.293063
vt 0.673223 0.306853
vt 0.600308 0.288603
vt 0.683452 0.306646
vt 0.756142 0.073711
vt 0.839553 0.056322
vt 0.829317 0.056080
vt 0.765463 0.069498
vt 0.818722 0.056476
vt 0.815599 0.303004
vt 0.786036 0.294610
vt 0.628521 0.308712
vt 0.785499 0.329806
vt 0.814736 0.330708
vt 0.820774 0.265952
vt 0.781557 0.257844
vt 0.823771 0.259793
vt 0.779478 0.060007
vt 0.775353 0.065675
vt 0.642207 0.258609
vt 0.791015 0.102392
vt 0.621334 0.295111
vt 0.625528 0.281953
vt 0.818597 0.096303
vt 0.656603 0.309993
vt 0.662627 0.306443
vt 0.645690 0.258896
vt 0.795093 0.051424
vt 0.777310 0.067687
vt 0.826937 0.254085
vt 0.778945 0.251819
vt 0.819394 0.088684
vt 0.817734 0.059067
vt 0.819267 0.072691
vt 0.812740 0.052926
vt 0.780203 0.231333
vt 0.824897 0.227595
vt 0.827796 0.233727
vt 0.819507 0.375010
vt 0.780531 0.367080
vt 0.817280 0.368368
vt 0.782852 0.353484
vt 0.777804 0.241473
vt 0.788113 0.100620
vt 0.655471 0.261000
vt 0.784253 0.324138
vt 0.816348 0.325181
vt 0.786380 0.302067
vt 0.816850 0.308655
vt 0.784763 0.307610
vt 0.784341 0.310822
vt 0.816767 0.321969
vt 0.623011 0.295371
vt 0.800413 0.103025
vt 0.797267 0.103194
vt 0.629062 0.307224
vt 0.654987 0.262239
vt 0.785211 0.055621
vt 0.780712 0.060684
vt 0.816098 0.059518
vt 0.778941 0.067451
vt 0.782486 0.080545
vt 0.809868 0.100714
vt 0.813068 0.099550
vt 0.649603 0.311686
vt 0.788627 0.095201
vt 0.792112 0.101449
vt 0.795408 0.052947
vt 0.657943 0.263474
vt 0.633286 0.267733
vt 0.817249 0.095853
vt 0.660026 0.303435
vt 0.655735 0.308884
vt 0.645569 0.260220
vt 0.642233 0.259936
vt 0.639212 0.309983
vt 0.636935 0.261561
vt 0.661957 0.267133
vt 0.818004 0.088758
vt 0.661954 0.290081
vt 0.829136 0.243984
vt 0.805788 0.051271
vt 0.662509 0.274188
vt 0.817876 0.072874
vt 0.626871 0.282360
vt 0.919365 0.652052
vt 0.919365 0.766678
vt 0.919365 0.753942
vt 0.915218 0.741205
vt 0.919365 0.741205
vt 0.919365 0.779414
vt 0.919365 0.792150
vt 0.919365 0.728469
vt 0.919365 0.715733
vt 0.919365 0.817623
vt 0.919365 0.804887
vt 0.919365 0.690261
vt 0.919365 0.702997
vt 0.919365 0.677524
vt 0.919365 0.664788
vt 0.919365 0.830359
vt 0.919365 0.843095
vt 0.656093 0.235878
vt 0.958247 0.102294
vt 0.960602 0.116350
vt 0.958247 0.116350
vt 0.960602 0.003906
vt 0.958247 0.017962
vt 0.958247 0.003906
vt 0.960602 0.130405
vt 0.960602 0.144461
vt 0.958247 0.130405
vt 0.958247 0.088239
vt 0.960602 0.102294
vt 0.960602 0.158516
vt 0.958247 0.144461
vt 0.958247 0.074183
vt 0.960602 0.088239
vt 0.960602 0.172572
vt 0.958247 0.158516
vt 0.958247 0.060128
vt 0.960602 0.074183
vt 0.958247 0.186627
vt 0.958247 0.172572
vt 0.958247 0.046073
vt 0.960602 0.060128
vt 0.960602 0.186627
vt 0.958247 0.200682
vt 0.960602 0.032017
vt 0.960602 0.046073
vt 0.960602 0.200682
vt 0.958247 0.214738
vt 0.958247 0.032017
vt 0.960602 0.017962
vt 0.960602 0.214738
vt 0.958247 0.228793
vt 0.985140 0.338871
vt 0.817100 0.311891
vt 0.784004 0.320902
vt 0.942667 0.333188
vt 0.971499 0.395540
vt 0.819908 0.677667
vt 0.819908 0.752819
vt 0.971724 0.417859
vt 0.769171 0.232871
vt 0.515160 0.694910
vt 0.064054 0.900212
vt 0.771790 0.439274
vt 0.844608 0.439274
vt 0.888075 0.066768
vt 0.837995 0.751820
vt 0.071588 0.809991
vt 0.928173 0.836488
vt 0.810960 0.790334
vt 0.810960 0.640148
vt 0.759760 0.513087
vt 0.759760 0.444320
vt 0.759760 0.581854
vt 0.274570 0.682200
vt 0.274570 0.739679
vt 0.274570 0.624721
vt 0.052024 0.923718
vt 0.052024 0.970730
vt 0.900105 0.150758
vt 0.080093 0.727359
vt 0.080093 0.770039
vt 0.900105 0.102478
vt 0.847985 0.054632
vt 0.847977 0.108096
vt 0.848020 0.027895
vt 0.043519 0.968918
vt 0.043519 0.920870
vt 0.956242 0.866508
vt 0.956242 0.926541
vt 0.691593 0.403651
vt 0.946040 0.470919
vt 0.946040 0.530291
vt 0.946040 0.487853
vt 0.946040 0.580615
vt 0.757755 0.794401
vt 0.403385 0.631113
vt 0.683805 0.857758
vt 0.651495 0.857758
vt 0.990326 0.003906
vt 0.219479 0.604761
vt 0.988321 0.438887
vt 0.979062 0.828468
vt 0.982306 0.220590
vt 0.723672 0.824015
vt 0.928173 0.828468
vt 0.777804 0.802035
vt 0.380831 0.789417
vt 0.792311 0.640148
vt 0.910235 0.855832
vt 0.372261 0.795308
vt 0.970277 0.612076
vt 0.368530 0.992711
vt 0.356460 0.617551
vt 0.970277 0.212122
vt 0.332713 0.796067
vt 0.982319 0.212214
vt 0.386846 0.003906
vt 0.399216 0.996094
vt 0.376821 0.996094
vt 0.012431 0.932962
vt 0.710909 0.403103
vt 0.838811 0.072985
vt 0.607871 0.273543
vt 0.784018 0.264310
vt 0.783640 0.225526
vt 0.777804 0.373464
vt 0.624628 0.302162
vt 0.811877 0.054037
vt 0.919365 0.855832
vt 0.960602 0.228793
vt 0.324540 0.720360
vt 0.312664 0.708462
vt 0.324540 0.708462
vt 0.324540 0.732257
vt 0.312664 0.720360
vt 0.324540 0.744155
vt 0.312664 0.732257
vt 0.324540 0.756053
vt 0.312664 0.744155
vt 0.324540 0.767950
vt 0.312664 0.756053
vt 0.324540 0.779848
vt 0.312664 0.767950
vt 0.312664 0.799373
vt 0.312664 0.779848
vt 0.949270 0.451023
vt 0.926043 0.462900
vt 0.918388 0.451023
vt 0.443190 0.770233
vt 0.448610 0.631285
vt 0.460902 0.768648
vt 0.912988 0.473474
vt 0.898458 0.605079
vt 0.898458 0.467167
vt 0.618645 0.838788
vt 0.634672 0.828211
vt 0.636086 0.835319
vt 0.913168 0.071368
vt 0.903403 0.052518
vt 0.920753 0.057766
vt 0.889232 0.025421
vt 0.900094 0.019188
vt 0.894846 0.036538
vt 0.904023 0.007369
vt 0.916073 0.010631
vt 0.888075 0.037262
vt 0.891538 0.048645
vt 0.425641 0.574137
vt 0.433362 0.560657
vt 0.443354 0.572552
vt 0.899093 0.057836
vt 0.894832 0.014924
vt 0.440363 0.507971
vt 0.450805 0.513673
vt 0.446465 0.518809
vt 0.460350 0.546182
vt 0.454649 0.556625
vt 0.449457 0.552238
vt 0.458270 0.522937
vt 0.461622 0.534353
vt 0.454884 0.534904
vt 0.429131 0.513382
vt 0.428533 0.506700
vt 0.691469 0.467801
vt 0.697213 0.457522
vt 0.700170 0.463491
vt 0.777378 0.580526
vt 0.771791 0.582018
vt 0.771791 0.575357
vt 0.290942 0.696629
vt 0.302774 0.684686
vt 0.302831 0.696585
vt 0.290896 0.684735
vt 0.302722 0.672789
vt 0.290846 0.672840
vt 0.302670 0.660893
vt 0.429302 0.615052
vt 0.446106 0.603310
vt 0.447015 0.613466
vt 0.290795 0.660944
vt 0.302619 0.648997
vt 0.290744 0.649048
vt 0.302568 0.637101
vt 0.290610 0.617628
vt 0.290693 0.637151
vt 0.929456 0.630756
vt 0.949270 0.618879
vt 0.949270 0.630756
vt 0.638588 0.782952
vt 0.629060 0.799996
vt 0.617844 0.789190
vt 0.934427 0.105490
vt 0.917281 0.112789
vt 0.916731 0.107247
vt 0.912988 0.606418
vt 0.899975 0.613014
vt 0.591347 0.396522
vt 0.609131 0.391831
vt 0.609131 0.396522
vt 0.544357 0.907642
vt 0.538725 0.911449
vt 0.523623 0.901358
vt 0.930865 0.069611
vt 0.632916 0.779119
vt 0.638588 0.749071
vt 0.626382 0.746269
vt 0.630175 0.740658
vt 0.619183 0.736105
vt 0.608604 0.742733
vt 0.607285 0.736105
vt 0.643141 0.760063
vt 0.636452 0.761341
vt 0.643141 0.771961
vt 0.430139 0.624402
vt 0.447852 0.622817
vt 0.524952 0.954490
vt 0.532178 0.944366
vt 0.535944 0.949937
vt 0.548910 0.918634
vt 0.544357 0.941524
vt 0.542269 0.929264
vt 0.548910 0.930532
vt 0.514363 0.947910
vt 0.513054 0.954490
vt 0.914737 0.468187
vt 0.933160 0.092724
vt 0.916123 0.101128
vt 0.915463 0.094482
vt 0.617231 0.831681
vt 0.633137 0.820491
vt 0.430897 0.632870
vt 0.443910 0.778279
vt 0.461622 0.776694
vt 0.905418 0.623401
vt 0.901812 0.622946
vt 0.915049 0.612648
vt 0.948113 0.243325
vt 0.931065 0.251613
vt 0.930417 0.245082
vt 0.615695 0.823961
vt 0.611618 0.803465
vt 0.934978 0.111032
vt 0.301725 0.702882
vt 0.302844 0.708540
vt 0.301547 0.708525
vt 0.292074 0.702872
vt 0.290845 0.708552
vt 0.782966 0.569909
vt 0.771791 0.573920
vt 0.771791 0.569909
vt 0.771792 0.532637
vt 0.777378 0.534129
vt 0.771792 0.539299
vt 0.697497 0.456113
vt 0.688295 0.450571
vt 0.699451 0.452611
vt 0.782966 0.550690
vt 0.771791 0.543950
vt 0.782966 0.543950
vt 0.782965 0.539299
vt 0.687583 0.457275
vt 0.782966 0.575357
vt 0.777378 0.563430
vt 0.771790 0.566742
vt 0.771790 0.560084
vt 0.782967 0.558388
vt 0.771790 0.558388
vt 0.782966 0.556841
vt 0.771791 0.556841
vt 0.782967 0.566742
vt 0.771790 0.568389
vt 0.771791 0.550690
vt 0.782967 0.568389
vt 0.897043 0.614512
vt 0.898462 0.624355
vt 0.894112 0.616011
vt 0.591347 0.383208
vt 0.609131 0.380042
vt 0.609131 0.383208
vt 0.591347 0.341732
vt 0.609131 0.338439
vt 0.609131 0.341732
vt 0.895811 0.630857
vt 0.890479 0.635374
vt 0.888853 0.631459
vt 0.591347 0.374979
vt 0.609131 0.371108
vt 0.609131 0.374979
vt 0.609131 0.362675
vt 0.591347 0.366914
vt 0.591347 0.362675
vt 0.591347 0.387640
vt 0.609131 0.358223
vt 0.591347 0.358223
vt 0.609131 0.354143
vt 0.900115 0.636404
vt 0.900692 0.643188
vt 0.896061 0.641142
vt 0.903721 0.636858
vt 0.912246 0.642862
vt 0.908222 0.644034
vt 0.591347 0.400934
vt 0.609131 0.400934
vt 0.888075 0.627075
vt 0.918986 0.632791
vt 0.909268 0.632554
vt 0.909723 0.628948
vt 0.591347 0.371108
vt 0.609131 0.366914
vt 0.903795 0.643814
vt 0.907071 0.635449
vt 0.915885 0.639901
vt 0.918094 0.636082
vt 0.591347 0.349539
vt 0.591347 0.354143
vt 0.591347 0.345024
vt 0.609131 0.349539
vt 0.609131 0.404345
vt 0.591347 0.404345
vt 0.591347 0.391831
vt 0.888512 0.623019
vt 0.896265 0.627251
vt 0.890701 0.618969
vt 0.897220 0.634207
vt 0.893101 0.638647
vt 0.591347 0.407755
vt 0.609131 0.407755
vt 0.609131 0.345024
vt 0.920680 0.617210
vt 0.908314 0.625597
vt 0.428394 0.604895
vt 0.919877 0.629499
vt 0.591347 0.380042
vt 0.591086 0.465445
vt 0.573303 0.469079
vt 0.573303 0.465445
vt 0.591086 0.458176
vt 0.573303 0.461810
vt 0.573303 0.458176
vt 0.591086 0.476348
vt 0.573303 0.479983
vt 0.573303 0.476348
vt 0.591086 0.469079
vt 0.573303 0.472714
vt 0.591086 0.461810
vt 0.591086 0.479983
vt 0.573303 0.483617
vt 0.591086 0.450907
vt 0.573303 0.454541
vt 0.573303 0.450907
vt 0.591086 0.440003
vt 0.573303 0.443638
vt 0.573303 0.440003
vt 0.591086 0.443638
vt 0.573303 0.447272
vt 0.591086 0.447272
vt 0.591086 0.472714
vt 0.908423 0.453186
vt 0.901128 0.459095
vt 0.919515 0.464317
vt 0.928372 0.618879
vt 0.692029 0.445684
vt 0.693396 0.444960
vt 0.700170 0.451271
vt 0.695083 0.445131
vt 0.699963 0.449637
vt 0.521253 0.867697
vt 0.540579 0.861691
vt 0.538694 0.871166
vt 0.324540 0.696565
vt 0.312664 0.696565
vt 0.324540 0.684667
vt 0.312664 0.684667
vt 0.324540 0.672769
vt 0.312664 0.672769
vt 0.324540 0.660872
vt 0.312664 0.660872
vt 0.324540 0.648974
vt 0.312664 0.648974
vt 0.324540 0.637077
vt 0.312664 0.617551
vt 0.312664 0.637077
vt 0.528237 0.739758
vt 0.505010 0.727882
vt 0.528237 0.727882
vt 0.477426 0.585702
vt 0.491955 0.717307
vt 0.477426 0.723614
vt 0.936733 0.049208
vt 0.942005 0.053575
vt 0.945299 0.019854
vt 0.933423 0.015879
vt 0.937744 0.010663
vt 0.927247 0.005063
vt 0.915406 0.003906
vt 0.948762 0.031237
vt 0.941981 0.031858
vt 0.947605 0.043078
vt 0.417118 0.510052
vt 0.413037 0.521801
vt 0.407854 0.517517
vt 0.404232 0.551204
vt 0.416028 0.555229
vt 0.411697 0.560468
vt 0.402152 0.527959
vt 0.407609 0.539135
vt 0.400880 0.539789
vt 0.677164 0.357811
vt 0.671420 0.347532
vt 0.680121 0.351842
vt 0.782965 0.582018
vt 0.302723 0.732400
vt 0.290873 0.720452
vt 0.302777 0.720510
vt 0.302679 0.744295
vt 0.290843 0.732355
vt 0.302637 0.756191
vt 0.290803 0.744252
vt 0.302595 0.768087
vt 0.290762 0.756149
vt 0.302553 0.779983
vt 0.290720 0.768045
vt 0.290610 0.799464
vt 0.290678 0.779941
vt 0.528237 0.571902
vt 0.508423 0.560026
vt 0.528237 0.560026
vt 0.596293 0.791366
vt 0.491955 0.584364
vt 0.478943 0.577768
vt 0.494016 0.578133
vt 0.502062 0.899229
vt 0.517387 0.887130
vt 0.600066 0.785653
vt 0.583327 0.760063
vt 0.593532 0.752803
vt 0.589996 0.770582
vt 0.596293 0.740658
vt 0.583327 0.771961
vt 0.587881 0.782953
vt 0.587880 0.749071
vt 0.502062 0.949937
vt 0.493649 0.941524
vt 0.499260 0.937818
vt 0.493649 0.907642
vt 0.505808 0.904901
vt 0.489096 0.930532
vt 0.489096 0.918634
vt 0.495717 0.920004
vt 0.493704 0.722594
vt 0.484385 0.567381
vt 0.480779 0.567835
vt 0.301689 0.714199
vt 0.292044 0.714224
vt 0.292119 0.708567
vt 0.782965 0.532637
vt 0.677448 0.359220
vt 0.668246 0.364762
vt 0.667534 0.358059
vt 0.668463 0.353501
vt 0.782967 0.560084
vt 0.476011 0.576269
vt 0.477429 0.566426
vt 0.474778 0.559925
vt 0.467821 0.559322
vt 0.469446 0.555407
vt 0.479083 0.554378
vt 0.479660 0.547593
vt 0.482689 0.553923
vt 0.487190 0.546748
vt 0.491213 0.547919
vt 0.467042 0.563706
vt 0.488235 0.558228
vt 0.497953 0.557991
vt 0.488690 0.561834
vt 0.482763 0.546967
vt 0.486039 0.555333
vt 0.494852 0.550880
vt 0.475233 0.563531
vt 0.467479 0.567763
vt 0.469668 0.571813
vt 0.476187 0.556575
vt 0.475028 0.549640
vt 0.499647 0.573572
vt 0.487281 0.565184
vt 0.498844 0.561283
vt 0.487390 0.737595
vt 0.480096 0.731686
vt 0.497355 0.739758
vt 0.498483 0.726465
vt 0.534829 0.890599
vt 0.507339 0.571902
vt 0.679402 0.362722
vt 0.671980 0.369649
vt 0.673347 0.370373
vt 0.680121 0.364062
vt 0.675034 0.370202
vt 0.782966 0.573920
vt 0.933820 0.099371
vt 0.591086 0.454541
vt 0.324540 0.799373
vt 0.949270 0.462900
vt 0.688513 0.461832
vt 0.302485 0.617577
vt 0.948762 0.249856
vt 0.591347 0.338439
vt 0.609131 0.387640
vt 0.591086 0.483617
vt 0.523137 0.858221
vt 0.324540 0.617551
vt 0.302485 0.799506
vt 0.473079 0.574770
vt 0.497061 0.554699
vt 0.472068 0.552135
vt 0.679914 0.365696
vt 0.627436 0.190304
vt 0.636529 0.186115
vt 0.627436 0.186115
vt 0.627436 0.181832
vt 0.636529 0.181832
vt 0.627436 0.177550
vt 0.636529 0.177550
vt 0.627436 0.173267
vt 0.636529 0.173267
vt 0.627436 0.168985
vt 0.636529 0.168985
vt 0.627436 0.164702
vt 0.636529 0.164702
vt 0.627436 0.160420
vt 0.636529 0.160420
vt 0.627436 0.156137
vt 0.636529 0.156137
vt 0.627436 0.151855
vt 0.636529 0.151855
vt 0.627436 0.145337
vt 0.780068 0.385705
vt 0.779391 0.384353
vt 0.779386 0.385550
vt 0.818682 0.184245
vt 0.817670 0.183137
vt 0.817265 0.183706
vt 0.755501 0.105924
vt 0.758257 0.108464
vt 0.758125 0.104724
vt 0.771554 0.157277
vt 0.774283 0.154759
vt 0.772287 0.154694
vt 0.753630 0.103982
vt 0.755679 0.101252
vt 0.769690 0.159226
vt 0.774169 0.158497
vt 0.751622 0.099705
vt 0.751069 0.103134
vt 0.767666 0.163510
vt 0.771724 0.161966
vt 0.747311 0.100224
vt 0.748407 0.103577
vt 0.767129 0.160081
vt 0.763353 0.162989
vt 0.743735 0.102688
vt 0.746255 0.105209
vt 0.764463 0.159643
vt 0.759775 0.160520
vt 0.741716 0.106535
vt 0.745111 0.107656
vt 0.762305 0.158015
vt 0.757755 0.156671
vt 0.741716 0.110879
vt 0.745235 0.110356
vt 0.761151 0.155567
vt 0.757755 0.152323
vt 0.743733 0.114726
vt 0.746600 0.112690
vt 0.761267 0.152863
vt 0.759774 0.148474
vt 0.747305 0.117197
vt 0.748892 0.114123
vt 0.762624 0.150523
vt 0.763348 0.146004
vt 0.751615 0.117733
vt 0.751586 0.114334
vt 0.764912 0.149083
vt 0.767657 0.145474
vt 0.754082 0.113262
vt 0.758043 0.116398
vt 0.770094 0.149934
vt 0.767606 0.148869
vt 0.758156 0.112688
vt 0.755757 0.111145
vt 0.774211 0.150551
vt 0.774096 0.146849
vt 0.756261 0.108502
vt 0.771786 0.152046
vt 0.944765 0.387179
vt 0.947441 0.389251
vt 0.947441 0.386520
vt 0.801200 0.182959
vt 0.803579 0.185366
vt 0.802602 0.182789
vt 0.942946 0.390644
vt 0.946172 0.391670
vt 0.944108 0.389842
vt 0.804421 0.180736
vt 0.805827 0.183815
vt 0.807097 0.181396
vt 0.944765 0.388592
vt 0.803764 0.181987
vt 0.946172 0.384101
vt 0.944108 0.385929
vt 0.799880 0.182459
vt 0.800868 0.185696
vt 0.942946 0.385127
vt 0.943924 0.382549
vt 0.796502 0.182682
vt 0.798314 0.184727
vt 0.941544 0.384956
vt 0.941212 0.382220
vt 0.798943 0.181402
vt 0.795849 0.180030
vt 0.938658 0.383189
vt 0.940224 0.385457
vt 0.798943 0.178659
vt 0.798605 0.180030
vt 0.936847 0.385233
vt 0.939287 0.386514
vt 0.798314 0.175334
vt 0.796502 0.177378
vt 0.938949 0.387886
vt 0.936193 0.387886
vt 0.801200 0.177101
vt 0.799880 0.177602
vt 0.939287 0.389257
vt 0.936847 0.390538
vt 0.802602 0.177271
vt 0.800868 0.174365
vt 0.940224 0.390314
vt 0.938658 0.392582
vt 0.805827 0.176246
vt 0.803579 0.174694
vt 0.941544 0.390815
vt 0.941212 0.393551
vt 0.803764 0.178074
vt 0.807097 0.178665
vt 0.943924 0.393222
vt 0.804421 0.179324
vt 0.818624 0.177912
vt 0.817628 0.179042
vt 0.818735 0.178603
vt 0.775203 0.382294
vt 0.776698 0.382452
vt 0.776618 0.381777
vt 0.822162 0.181831
vt 0.820934 0.182716
vt 0.821449 0.183189
vt 0.778083 0.387946
vt 0.776651 0.387408
vt 0.776544 0.388100
vt 0.816876 0.182256
vt 0.816273 0.182573
vt 0.780068 0.384176
vt 0.778846 0.383293
vt 0.821440 0.178921
vt 0.819924 0.178730
vt 0.820905 0.179408
vt 0.774185 0.383413
vt 0.775589 0.382877
vt 0.775538 0.386969
vt 0.775120 0.387530
vt 0.819956 0.183401
vt 0.820193 0.184059
vt 0.778827 0.386609
vt 0.777834 0.387266
vt 0.815898 0.181119
vt 0.816596 0.181101
vt 0.820150 0.178068
vt 0.779365 0.382823
vt 0.777876 0.382610
vt 0.821481 0.180453
vt 0.822162 0.180292
vt 0.773795 0.384879
vt 0.774795 0.383756
vt 0.774128 0.386365
vt 0.774494 0.384904
vt 0.818778 0.183552
vt 0.779356 0.387066
vt 0.816226 0.179644
vt 0.816857 0.179944
vt 0.817208 0.178483
vt 0.778117 0.381955
vt 0.821486 0.181653
vt 0.774760 0.386064
vt 0.821996 0.384541
vt 0.823088 0.385633
vt 0.822786 0.384411
vt 0.621918 0.454283
vt 0.622011 0.452742
vt 0.620995 0.452994
vt 0.822160 0.386118
vt 0.821951 0.387798
vt 0.822786 0.386856
vt 0.619725 0.451875
vt 0.619411 0.452912
vt 0.620974 0.452027
vt 0.821951 0.383468
vt 0.622596 0.455116
vt 0.622596 0.453857
vt 0.820661 0.383685
vt 0.820774 0.383022
vt 0.621486 0.455809
vt 0.819524 0.383173
vt 0.819160 0.384196
vt 0.620974 0.456946
vt 0.622011 0.456231
vt 0.818488 0.383889
vt 0.620023 0.456422
vt 0.619725 0.457098
vt 0.817903 0.385003
vt 0.818623 0.385688
vt 0.618547 0.456652
vt 0.817903 0.386263
vt 0.618632 0.455661
vt 0.617712 0.455709
vt 0.818488 0.387377
vt 0.819455 0.387038
vt 0.617411 0.454487
vt 0.819524 0.388093
vt 0.618360 0.454099
vt 0.617712 0.453264
vt 0.821029 0.387230
vt 0.820774 0.388244
vt 0.618547 0.452322
vt 0.760448 0.412486
vt 0.761994 0.412839
vt 0.761588 0.411057
vt 0.763234 0.411850
vt 0.763234 0.410265
vt 0.809235 0.386866
vt 0.807104 0.386914
vt 0.807328 0.388410
vt 0.809235 0.384415
vt 0.806861 0.384334
vt 0.807825 0.384957
vt 0.803868 0.385665
vt 0.805767 0.384688
vt 0.804914 0.383441
vt 0.793069 0.386401
vt 0.795198 0.386345
vt 0.793878 0.385592
vt 0.804936 0.387868
vt 0.805383 0.385768
vt 0.792826 0.383816
vt 0.795198 0.383898
vt 0.793276 0.382370
vt 0.791730 0.384167
vt 0.789834 0.385143
vt 0.791349 0.385248
vt 0.790901 0.387350
vt 0.791934 0.386247
vt 0.807308 0.382888
vt 0.805970 0.386765
vt 0.790882 0.382918
vt 0.807918 0.386109
vt 0.793296 0.387894
vt 0.793787 0.384439
vt 0.761994 0.409276
vt 0.666998 0.029271
vt 0.666998 0.027685
vt 0.665351 0.028478
vt 0.665758 0.030259
vt 0.759760 0.411057
vt 0.665758 0.026696
vt 0.664212 0.027049
vt 0.760448 0.409629
vt 0.663524 0.028478
vt 0.664212 0.029906
vt 0.636529 0.190304
vt 0.636529 0.145337
vt 0.643300 0.456534
vt 0.635455 0.457677
vt 0.635455 0.448562
vt 0.915352 0.235067
vt 0.916739 0.243097
vt 0.912801 0.243818
vt 0.410107 0.584999
vt 0.404252 0.590527
vt 0.402885 0.582569
vt 0.669854 0.407616
vt 0.664202 0.414525
vt 0.665882 0.406915
vt 0.673458 0.414525
vt 0.668830 0.415341
vt 0.891572 0.188924
vt 0.895449 0.186044
vt 0.895640 0.186579
vt 0.888615 0.192554
vt 0.891203 0.188487
vt 0.641315 0.464660
vt 0.916742 0.227034
vt 0.915916 0.235066
vt 0.606589 0.248265
vt 0.600734 0.253792
vt 0.599367 0.245835
vt 0.660132 0.412175
vt 0.900265 0.185818
vt 0.900253 0.182886
vt 0.649839 0.457922
vt 0.650291 0.466242
vt 0.645577 0.466735
vt 0.912803 0.226316
vt 0.910129 0.222402
vt 0.386846 0.508974
vt 0.386846 0.504114
vt 0.394068 0.506544
vt 0.663290 0.403826
vt 0.657112 0.408575
vt 0.655505 0.404159
vt 0.908953 0.188894
vt 0.905080 0.186020
vt 0.909320 0.188461
vt 0.904886 0.186558
vt 0.800526 0.083784
vt 0.804464 0.083063
vt 0.797854 0.087699
vt 0.490304 0.512262
vt 0.484449 0.506735
vt 0.488937 0.506735
vt 0.410107 0.580139
vt 0.655505 0.399460
vt 0.663290 0.399793
vt 0.911924 0.192517
vt 0.914458 0.191043
vt 0.653180 0.452131
vt 0.658185 0.461685
vt 0.803077 0.075033
vt 0.813893 0.543041
vt 0.813893 0.538181
vt 0.821115 0.540611
vt 0.660133 0.391444
vt 0.665882 0.396703
vt 0.657112 0.395044
vt 0.913582 0.196891
vt 0.914128 0.201681
vt 0.913570 0.201578
vt 0.914146 0.196792
vt 0.661303 0.453119
vt 0.804466 0.067000
vt 0.803641 0.075032
vt 0.392701 0.498587
vt 0.606589 0.243405
vt 0.664202 0.389094
vt 0.911913 0.205961
vt 0.914458 0.207416
vt 0.658185 0.444554
vt 0.660969 0.448391
vt 0.800528 0.066282
vt 0.797854 0.062368
vt 0.386846 0.563516
vt 0.392701 0.569044
vt 0.388213 0.569044
vt 0.669854 0.396003
vt 0.668830 0.388278
vt 0.673458 0.389094
vt 0.908964 0.209594
vt 0.905103 0.212484
vt 0.904909 0.211950
vt 0.909335 0.210030
vt 0.648705 0.447165
vt 0.646147 0.293349
vt 0.650085 0.292628
vt 0.643475 0.297264
vt 0.600734 0.237877
vt 0.605222 0.237877
vt 0.392701 0.514502
vt 0.388213 0.514502
vt 0.673347 0.398020
vt 0.677528 0.391444
vt 0.900288 0.212729
vt 0.900310 0.215660
vt 0.650291 0.439996
vt 0.648698 0.284598
vt 0.490304 0.517122
vt 0.484449 0.522650
vt 0.483082 0.514692
vt 0.674726 0.401809
vt 0.680549 0.395044
vt 0.682156 0.399460
vt 0.891604 0.209642
vt 0.895473 0.212533
vt 0.891237 0.210075
vt 0.895667 0.211994
vt 0.641315 0.441579
vt 0.650088 0.276565
vt 0.649262 0.284597
vt 0.386846 0.558656
vt 0.394068 0.561086
vt 0.819748 0.548569
vt 0.815261 0.548569
vt 0.682156 0.404159
vt 0.888632 0.206016
vt 0.886099 0.207493
vt 0.642599 0.449886
vt 0.637387 0.444232
vt 0.646149 0.275847
vt 0.643475 0.271933
vt 0.392701 0.553129
vt 0.819748 0.532654
vt 0.673347 0.405599
vt 0.680549 0.408575
vt 0.677528 0.412175
vt 0.886968 0.201641
vt 0.886409 0.196841
vt 0.886967 0.196943
vt 0.886405 0.201741
vt 0.910129 0.247733
vt 0.404252 0.574612
vt 0.408740 0.574612
vt 0.886070 0.191099
vt 0.940417 0.294901
vt 0.934188 0.299426
vt 0.939687 0.291829
vt 0.946123 0.302166
vt 0.948562 0.294806
vt 0.948562 0.304187
vt 0.940844 0.304212
vt 0.939611 0.307111
vt 0.945861 0.296454
vt 0.408740 0.590527
vt 0.605222 0.253792
vt 0.388213 0.498587
vt 0.488937 0.522650
vt 0.388213 0.553129
vt 0.815261 0.532654
vt 0.937347 0.299684
vt 0.917718 0.024364
vt 0.915151 0.024574
vt 0.917718 0.022868
vt 0.561273 0.227493
vt 0.565214 0.230439
vt 0.562065 0.230439
vt 0.913023 0.026027
vt 0.915220 0.024764
vt 0.911425 0.027987
vt 0.912893 0.025872
vt 0.561273 0.224901
vt 0.565214 0.221955
vt 0.562065 0.221955
vt 0.910325 0.030316
vt 0.910129 0.027239
vt 0.825923 0.593762
vt 0.829864 0.596709
vt 0.826714 0.596709
vt 0.910524 0.030351
vt 0.910327 0.032918
vt 0.911426 0.035246
vt 0.910526 0.032883
vt 0.825923 0.591171
vt 0.829864 0.588224
vt 0.826714 0.588224
vt 0.912886 0.037367
vt 0.910129 0.035992
vt 0.837952 0.593762
vt 0.841893 0.596709
vt 0.838744 0.596709
vt 0.913017 0.037213
vt 0.915137 0.038676
vt 0.917703 0.038896
vt 0.915207 0.038486
vt 0.837952 0.591171
vt 0.841893 0.588224
vt 0.838744 0.588224
vt 0.920270 0.038690
vt 0.917699 0.040392
vt 0.513155 0.708467
vt 0.517096 0.711414
vt 0.513947 0.711414
vt 0.922398 0.037231
vt 0.920202 0.038499
vt 0.923998 0.035270
vt 0.922529 0.037386
vt 0.513155 0.705876
vt 0.517096 0.702929
vt 0.513947 0.702929
vt 0.925102 0.032942
vt 0.925292 0.036020
vt 0.561273 0.243997
vt 0.565214 0.246944
vt 0.562065 0.246944
vt 0.924907 0.030368
vt 0.924902 0.032907
vt 0.924009 0.028002
vt 0.925106 0.030333
vt 0.561273 0.241406
vt 0.565214 0.238459
vt 0.562065 0.238459
vt 0.922543 0.025883
vt 0.925305 0.027255
vt 0.525185 0.708467
vt 0.529126 0.711414
vt 0.525977 0.711414
vt 0.920216 0.024767
vt 0.922413 0.026038
vt 0.920285 0.024577
vt 0.525185 0.705876
vt 0.529126 0.702929
vt 0.525977 0.702929
vt 0.427436 0.539195
vt 0.432130 0.533602
vt 0.429633 0.540463
vt 0.432130 0.540904
vt 0.439321 0.534870
vt 0.439321 0.532334
vt 0.436823 0.528008
vt 0.434627 0.526740
vt 0.429633 0.526740
vt 0.427436 0.528008
vt 0.434627 0.540463
vt 0.436823 0.539196
vt 0.425806 0.529951
vt 0.424939 0.532334
vt 0.438454 0.529951
vt 0.432130 0.526300
vt 0.424939 0.534870
vt 0.425806 0.537253
vt 0.438453 0.537253
vt 0.148260 0.174161
vt 0.266370 0.040586
vt 0.266370 0.174161
vt 0.422321 0.965654
vt 0.418924 0.829045
vt 0.422321 0.832479
vt 0.391892 0.809324
vt 0.278093 0.814442
vt 0.283087 0.809324
vt 0.138582 0.317072
vt 0.094130 0.309761
vt 0.138584 0.309736
vt 0.321465 0.470318
vt 0.274570 0.337143
vt 0.321465 0.337143
vt 0.013686 0.359333
vt 0.004495 0.240584
vt 0.013612 0.240539
vt 0.274570 0.040899
vt 0.321465 0.174074
vt 0.274570 0.174074
vt 0.587671 0.018686
vt 0.691570 0.003906
vt 0.676754 0.018686
vt 0.148260 0.300324
vt 0.266370 0.210841
vt 0.266370 0.300324
vt 0.564023 0.175508
vt 0.549244 0.027517
vt 0.564023 0.042333
vt 0.013555 0.203665
vt 0.004032 0.040842
vt 0.013150 0.040780
vt 0.864058 0.397869
vt 0.771302 0.401266
vt 0.774575 0.397869
vt 0.753599 0.206238
vt 0.849880 0.193752
vt 0.850891 0.203214
vt 0.445968 0.808832
vt 0.538485 0.805435
vt 0.535052 0.808832
vt 0.535052 0.989301
vt 0.442535 0.992698
vt 0.445968 0.989301
vt 0.321465 0.596394
vt 0.274570 0.507310
vt 0.321465 0.507310
vt 0.753497 0.019134
vt 0.849315 0.003906
vt 0.849133 0.013624
vt 0.723672 0.038628
vt 0.733383 0.178013
vt 0.723883 0.178873
vt 0.678465 0.686140
vt 0.683615 0.681106
vt 0.683161 0.683605
vt 0.870499 0.032013
vt 0.879990 0.174416
vt 0.870328 0.173516
vt 0.751128 0.374421
vt 0.747731 0.237573
vt 0.751128 0.240846
vt 0.558699 0.832479
vt 0.562096 0.969088
vt 0.558699 0.965654
vt 0.887506 0.240846
vt 0.890903 0.377694
vt 0.887506 0.374421
vt 0.774575 0.217398
vt 0.867331 0.214002
vt 0.864058 0.217398
vt 0.138782 0.666807
vt 0.094339 0.674144
vt 0.094329 0.666828
vt 0.138655 0.142166
vt 0.094198 0.149420
vt 0.094201 0.142104
vt 0.094129 0.339025
vt 0.138581 0.331744
vt 0.138583 0.339080
vt 0.283087 0.609531
vt 0.396886 0.604413
vt 0.391892 0.609531
vt 0.013024 0.714760
vt 0.004275 0.595978
vt 0.013393 0.595967
vt 0.013473 0.559093
vt 0.004557 0.396235
vt 0.013675 0.396207
vt 0.259639 0.785877
vt 0.254521 0.627985
vt 0.259639 0.632979
vt 0.676754 0.199156
vt 0.572854 0.213935
vt 0.587671 0.199156
vt 0.415340 0.632979
vt 0.420458 0.790871
vt 0.415340 0.785877
vt 0.274570 0.211067
vt 0.321465 0.300150
vt 0.274570 0.300150
vt 0.700401 0.042333
vt 0.715181 0.190325
vt 0.700401 0.175508
vt 0.004566 0.388848
vt 0.013684 0.388832
vt 0.004572 0.381461
vt 0.013690 0.381458
vt 0.004574 0.374074
vt 0.013692 0.374083
vt 0.013691 0.366708
vt 0.004573 0.366687
vt 0.004455 0.211036
vt 0.004437 0.203649
vt 0.013573 0.211040
vt 0.004470 0.218423
vt 0.013588 0.218415
vt 0.004482 0.225810
vt 0.013607 0.233165
vt 0.004490 0.233197
vt 0.580363 0.197998
vt 0.565558 0.212780
vt 0.573771 0.194639
vt 0.553753 0.204203
vt 0.568540 0.189408
vt 0.550399 0.197621
vt 0.565181 0.182816
vt 0.549244 0.190325
vt 0.572854 0.003906
vt 0.580363 0.019843
vt 0.565558 0.005062
vt 0.573771 0.023202
vt 0.558976 0.008415
vt 0.553753 0.013639
vt 0.568540 0.028434
vt 0.550399 0.020221
vt 0.565181 0.035026
vt 0.684061 0.019843
vt 0.698866 0.005062
vt 0.690654 0.023202
vt 0.710672 0.013639
vt 0.695885 0.028434
vt 0.714025 0.020221
vt 0.699244 0.035026
vt 0.715181 0.027517
vt 0.691570 0.213935
vt 0.684061 0.197998
vt 0.698866 0.212780
vt 0.690654 0.194639
vt 0.705448 0.209426
vt 0.710672 0.204203
vt 0.695885 0.189408
vt 0.714025 0.197621
vt 0.699244 0.182816
vt 0.747731 0.377694
vt 0.752275 0.381667
vt 0.748884 0.384978
vt 0.755606 0.388203
vt 0.752233 0.391549
vt 0.757447 0.396764
vt 0.760793 0.393391
vt 0.764018 0.400112
vt 0.767330 0.396721
vt 0.886358 0.381667
vt 0.889749 0.384978
vt 0.883028 0.388203
vt 0.886401 0.391549
vt 0.877840 0.393391
vt 0.874615 0.400112
vt 0.871304 0.396721
vt 0.867331 0.401266
vt 0.442535 0.805435
vt 0.438661 0.809989
vt 0.435239 0.806590
vt 0.432069 0.813348
vt 0.428657 0.809944
vt 0.426837 0.818579
vt 0.423433 0.815167
vt 0.420080 0.821749
vt 0.423478 0.825172
vt 0.438661 0.988144
vt 0.435239 0.991543
vt 0.432069 0.984785
vt 0.428657 0.988189
vt 0.426837 0.979554
vt 0.420080 0.976384
vt 0.423478 0.972962
vt 0.418924 0.969088
vt 0.148260 0.196169
vt 0.266370 0.203505
vt 0.148260 0.203505
vt 0.148260 0.188833
vt 0.266370 0.196169
vt 0.148260 0.181497
vt 0.266370 0.188833
vt 0.266370 0.181497
vt 0.148260 0.011242
vt 0.266370 0.003906
vt 0.266370 0.011242
vt 0.148260 0.018578
vt 0.266370 0.018578
vt 0.148260 0.025914
vt 0.266370 0.025914
vt 0.148260 0.033250
vt 0.266370 0.033250
vt 0.148260 0.040586
vt 0.148260 0.329668
vt 0.266370 0.337004
vt 0.148260 0.337004
vt 0.321465 0.329744
vt 0.274570 0.329744
vt 0.321465 0.322346
vt 0.274570 0.322346
vt 0.321465 0.314947
vt 0.274570 0.314947
vt 0.321465 0.307548
vt 0.274570 0.307548
vt 0.274570 0.181473
vt 0.321465 0.181473
vt 0.274570 0.188871
vt 0.321465 0.188871
vt 0.274570 0.196270
vt 0.321465 0.196270
vt 0.274570 0.203668
vt 0.321465 0.203668
vt 0.321465 0.003906
vt 0.274570 0.011305
vt 0.274570 0.003906
vt 0.321465 0.011305
vt 0.274570 0.018703
vt 0.321465 0.018703
vt 0.274570 0.026102
vt 0.321465 0.026102
vt 0.274570 0.033500
vt 0.321465 0.033500
vt 0.148260 0.322332
vt 0.266370 0.329668
vt 0.148260 0.314996
vt 0.266370 0.322332
vt 0.148260 0.307660
vt 0.266370 0.314996
vt 0.266370 0.307660
vt 0.148260 0.477915
vt 0.266370 0.470579
vt 0.266370 0.477915
vt 0.274570 0.477716
vt 0.274570 0.470318
vt 0.321465 0.477716
vt 0.274570 0.485115
vt 0.321465 0.485115
vt 0.274570 0.492513
vt 0.321465 0.492513
vt 0.274570 0.499912
vt 0.321465 0.499912
vt 0.148260 0.485251
vt 0.266370 0.485251
vt 0.148260 0.492587
vt 0.266370 0.492587
vt 0.148260 0.499923
vt 0.266370 0.499923
vt 0.148260 0.507259
vt 0.266370 0.507259
vt 0.148260 0.596742
vt 0.855889 0.192124
vt 0.859217 0.200847
vt 0.861316 0.189024
vt 0.866773 0.196626
vt 0.873041 0.190604
vt 0.865833 0.184702
vt 0.877529 0.183042
vt 0.868924 0.179360
vt 0.855141 0.014568
vt 0.857954 0.005587
vt 0.860752 0.017109
vt 0.872504 0.015106
vt 0.865413 0.021136
vt 0.877279 0.022554
vt 0.868763 0.026272
vt 0.879990 0.031141
vt 0.734698 0.033709
vt 0.733338 0.039448
vt 0.726025 0.030163
vt 0.737727 0.028438
vt 0.730372 0.022706
vt 0.742198 0.024123
vt 0.743802 0.012343
vt 0.747540 0.020920
vt 0.752006 0.009733
vt 0.748283 0.195448
vt 0.754254 0.196539
vt 0.745092 0.204323
vt 0.742761 0.192848
vt 0.730957 0.194643
vt 0.738227 0.188811
vt 0.726416 0.187266
vt 0.735014 0.183708
vt 0.871304 0.218546
vt 0.874615 0.215155
vt 0.877840 0.221877
vt 0.881186 0.218503
vt 0.883028 0.227064
vt 0.889749 0.230289
vt 0.886358 0.233600
vt 0.890903 0.237573
vt 0.752275 0.233600
vt 0.748884 0.230289
vt 0.755606 0.227064
vt 0.752233 0.223718
vt 0.760793 0.221877
vt 0.764018 0.215155
vt 0.767330 0.218546
vt 0.771302 0.214002
vt 0.557541 0.972962
vt 0.560940 0.976384
vt 0.554183 0.979554
vt 0.552363 0.988189
vt 0.548951 0.984785
vt 0.545781 0.991543
vt 0.542359 0.988144
vt 0.538485 0.992698
vt 0.562096 0.829045
vt 0.557541 0.825172
vt 0.560940 0.821749
vt 0.554183 0.818579
vt 0.557586 0.815167
vt 0.552363 0.809944
vt 0.548951 0.813348
vt 0.545781 0.806590
vt 0.542359 0.809989
vt 0.260787 0.625733
vt 0.255675 0.620701
vt 0.264117 0.619197
vt 0.259023 0.614130
vt 0.269305 0.614010
vt 0.270809 0.605567
vt 0.275841 0.610679
vt 0.278093 0.604413
vt 0.094225 0.112839
vt 0.138793 0.004017
vt 0.138679 0.112822
vt 0.138664 0.127494
vt 0.094206 0.134788
vt 0.094211 0.127472
vt 0.138659 0.134830
vt 0.094298 0.637564
vt 0.138757 0.644799
vt 0.094304 0.644880
vt 0.094218 0.120155
vt 0.094152 0.447958
vt 0.138671 0.120158
vt 0.094128 0.331709
vt 0.138581 0.324408
vt 0.094128 0.324393
vt 0.138587 0.302400
vt 0.138651 0.149502
vt 0.094171 0.484539
vt 0.138751 0.637463
vt 0.138764 0.652135
vt 0.094319 0.659512
vt 0.094311 0.652196
vt 0.138773 0.659471
vt 0.138607 0.455221
vt 0.138605 0.447885
vt 0.138609 0.462557
vt 0.094153 0.455274
vt 0.094165 0.477223
vt 0.138613 0.469893
vt 0.138618 0.477230
vt 0.094159 0.469906
vt 0.138624 0.484566
vt 0.004345 0.566430
vt 0.004355 0.559043
vt 0.013463 0.566468
vt 0.004333 0.573817
vt 0.013451 0.573843
vt 0.004317 0.581204
vt 0.013415 0.588592
vt 0.004297 0.588591
vt 0.004014 0.033455
vt 0.013132 0.033405
vt 0.003992 0.026068
vt 0.013110 0.026030
vt 0.003967 0.018681
vt 0.013085 0.018656
vt 0.013056 0.011281
vt 0.003938 0.011294
vt 0.013024 0.003906
vt 0.420458 0.627985
vt 0.414192 0.625733
vt 0.419304 0.620701
vt 0.410862 0.619197
vt 0.415956 0.614130
vt 0.405674 0.614010
vt 0.410741 0.608915
vt 0.404170 0.605567
vt 0.399138 0.610679
vt 0.414192 0.793122
vt 0.419304 0.798155
vt 0.410862 0.799659
vt 0.415956 0.804726
vt 0.405674 0.804846
vt 0.404170 0.813289
vt 0.399138 0.808177
vt 0.396886 0.814442
vt 0.254521 0.790871
vt 0.260787 0.793122
vt 0.255675 0.798155
vt 0.264117 0.799659
vt 0.259023 0.804726
vt 0.269305 0.804846
vt 0.264238 0.809941
vt 0.270809 0.813289
vt 0.275841 0.808177
vt 0.148260 0.470579
vt 0.681121 0.526662
vt 0.679201 0.520159
vt 0.683005 0.520931
vt 0.679946 0.514065
vt 0.685008 0.515288
vt 0.680804 0.507968
vt 0.687139 0.509737
vt 0.681710 0.501863
vt 0.689379 0.504252
vt 0.682520 0.495724
vt 0.691602 0.498766
vt 0.685543 0.522323
vt 0.689027 0.517612
vt 0.692545 0.512959
vt 0.696103 0.508307
vt 0.699915 0.503393
vt 0.683284 0.528782
vt 0.687607 0.524369
vt 0.692304 0.520911
vt 0.696970 0.517411
vt 0.701716 0.513792
vt 0.706531 0.510212
vt 0.689022 0.526893
vt 0.694661 0.524906
vt 0.700210 0.522792
vt 0.705702 0.520592
vt 0.711185 0.518435
vt 0.689838 0.530673
vt 0.683737 0.531284
vt 0.695934 0.529946
vt 0.702020 0.529119
vt 0.708099 0.528258
vt 0.714196 0.527498
vt 0.680999 0.685726
vt 0.679070 0.692226
vt 0.682880 0.691446
vt 0.679807 0.698305
vt 0.684878 0.697073
vt 0.680655 0.704371
vt 0.686997 0.702606
vt 0.681543 0.710429
vt 0.689201 0.708075
vt 0.682333 0.716510
vt 0.685424 0.690056
vt 0.688908 0.694759
vt 0.692423 0.699417
vt 0.695994 0.704102
vt 0.699597 0.708918
vt 0.691382 0.713542
vt 0.692193 0.691467
vt 0.696852 0.694965
vt 0.701561 0.698572
vt 0.706471 0.702363
vt 0.688909 0.685494
vt 0.687491 0.688012
vt 0.694561 0.687482
vt 0.700125 0.689606
vt 0.705628 0.691841
vt 0.689720 0.681721
vt 0.695830 0.682453
vt 0.701941 0.683287
vt 0.708056 0.684161
vt 0.714196 0.684938
vt 0.711126 0.694040
vt 0.568251 0.528684
vt 0.561695 0.530568
vt 0.562505 0.526795
vt 0.555585 0.529837
vt 0.556854 0.524807
vt 0.549474 0.529002
vt 0.551290 0.522683
vt 0.543359 0.528127
vt 0.545787 0.520447
vt 0.537219 0.527349
vt 0.540289 0.518248
vt 0.563924 0.524277
vt 0.559222 0.520822
vt 0.554563 0.517324
vt 0.549854 0.513717
vt 0.544944 0.509926
vt 0.565991 0.522234
vt 0.570416 0.526567
vt 0.562507 0.517531
vt 0.558992 0.512872
vt 0.555421 0.508188
vt 0.551818 0.503372
vt 0.568534 0.520844
vt 0.566536 0.515217
vt 0.564418 0.509684
vt 0.562214 0.504215
vt 0.560033 0.498748
vt 0.572344 0.520064
vt 0.572950 0.526151
vt 0.571606 0.513986
vt 0.570759 0.507919
vt 0.569871 0.501861
vt 0.569081 0.495780
vt 0.568129 0.683504
vt 0.561572 0.681613
vt 0.567673 0.681001
vt 0.562389 0.685393
vt 0.555476 0.682340
vt 0.556750 0.687380
vt 0.549391 0.683166
vt 0.551201 0.689493
vt 0.543312 0.684026
vt 0.545708 0.691693
vt 0.537214 0.684786
vt 0.563804 0.687917
vt 0.559107 0.691375
vt 0.554440 0.694875
vt 0.549694 0.698493
vt 0.544878 0.702072
vt 0.540224 0.693849
vt 0.565867 0.689964
vt 0.562384 0.694674
vt 0.558866 0.699327
vt 0.551494 0.708892
vt 0.570289 0.685627
vt 0.568406 0.691356
vt 0.566403 0.696999
vt 0.564272 0.702549
vt 0.555307 0.703978
vt 0.562031 0.708034
vt 0.572210 0.692128
vt 0.571465 0.698221
vt 0.570606 0.704319
vt 0.569701 0.710424
vt 0.568890 0.716563
vt 0.559807 0.713520
vt 0.094133 0.302445
vt 0.678588 0.526247
vt 0.567800 0.531183
vt 0.572822 0.686040
vt 0.723672 0.792385
vt 0.727069 0.655776
vt 0.727069 0.788951
vt 0.715668 0.431984
vt 0.601869 0.426866
vt 0.710674 0.426866
vt 0.084449 0.360978
vt 0.039998 0.368289
vt 0.039996 0.360973
vt 0.330708 0.263157
vt 0.377603 0.129982
vt 0.377603 0.263157
vt 0.031148 0.240584
vt 0.021956 0.359333
vt 0.022030 0.240539
vt 0.377603 0.426226
vt 0.330708 0.559401
vt 0.330708 0.426226
vt 0.182321 0.892193
vt 0.078422 0.877413
vt 0.167505 0.877413
vt 0.039995 0.868582
vt 0.054774 0.720590
vt 0.054774 0.853766
vt 0.031610 0.040842
vt 0.022088 0.203665
vt 0.022492 0.040780
vt 0.690898 0.911839
vt 0.598143 0.908442
vt 0.687625 0.908442
vt 0.859143 0.428628
vt 0.762512 0.421596
vt 0.859820 0.419129
vt 0.843233 0.815995
vt 0.750716 0.812599
vt 0.839799 0.812599
vt 0.747282 0.628732
vt 0.839799 0.632128
vt 0.750716 0.632128
vt 0.330708 0.092990
vt 0.377603 0.003906
vt 0.377603 0.092990
vt 0.862023 0.615566
vt 0.764878 0.611197
vt 0.860555 0.605956
vt 0.743200 0.451563
vt 0.733696 0.593893
vt 0.733696 0.450676
vt 0.422576 0.468308
vt 0.417880 0.465773
vt 0.417427 0.463274
vt 0.889896 0.446090
vt 0.880580 0.585613
vt 0.880238 0.446988
vt 0.714470 0.748147
vt 0.711073 0.884994
vt 0.711073 0.751420
vt 0.866843 0.652342
vt 0.863447 0.788951
vt 0.863447 0.655776
vt 0.571298 0.888267
vt 0.574695 0.751420
vt 0.574695 0.884994
vt 0.594869 0.724575
vt 0.687625 0.727972
vt 0.598143 0.727972
vt 0.040207 0.003906
vt 0.084649 0.011243
vt 0.040196 0.011222
vt 0.040065 0.528631
vt 0.084522 0.535884
vt 0.040069 0.535947
vt 0.084449 0.346306
vt 0.039997 0.339025
vt 0.084450 0.338970
vt 0.596874 0.221955
vt 0.710674 0.227073
vt 0.601869 0.227073
vt 0.031368 0.595978
vt 0.022619 0.714760
vt 0.022250 0.595967
vt 0.031086 0.396235
vt 0.022170 0.559093
vt 0.021968 0.396207
vt 0.739240 0.245526
vt 0.734122 0.403418
vt 0.734122 0.250521
vt 0.063605 0.682164
vt 0.167505 0.696943
vt 0.078422 0.696943
vt 0.573303 0.408412
vt 0.578421 0.250521
vt 0.578421 0.403418
vt 0.377603 0.300150
vt 0.330708 0.389233
vt 0.330708 0.300150
vt 0.205932 0.705774
vt 0.191152 0.853766
vt 0.191152 0.720590
vt 0.031077 0.388848
vt 0.021959 0.388832
vt 0.031071 0.381461
vt 0.021953 0.381458
vt 0.031068 0.374074
vt 0.021952 0.366708
vt 0.021951 0.374083
vt 0.031070 0.366687
vt 0.031188 0.211036
vt 0.031206 0.203649
vt 0.031172 0.218423
vt 0.022070 0.211040
vt 0.031161 0.225810
vt 0.022054 0.218415
vt 0.022035 0.233165
vt 0.022043 0.225790
vt 0.031153 0.233197
vt 0.071114 0.698101
vt 0.064522 0.701459
vt 0.056309 0.683319
vt 0.044504 0.691896
vt 0.049727 0.686673
vt 0.059290 0.706691
vt 0.041150 0.698478
vt 0.055932 0.713283
vt 0.039995 0.705774
vt 0.063605 0.892193
vt 0.071114 0.876256
vt 0.056309 0.891037
vt 0.064522 0.872897
vt 0.044504 0.882460
vt 0.049727 0.887683
vt 0.041150 0.875878
vt 0.059290 0.867665
vt 0.055932 0.861073
vt 0.174812 0.876256
vt 0.181404 0.872897
vt 0.189617 0.891037
vt 0.201422 0.882460
vt 0.196199 0.887683
vt 0.186636 0.867665
vt 0.204776 0.875878
vt 0.189995 0.861073
vt 0.205932 0.868582
vt 0.182321 0.682164
vt 0.174812 0.698101
vt 0.189617 0.683319
vt 0.181404 0.701459
vt 0.201422 0.691896
vt 0.196199 0.686673
vt 0.204776 0.698478
vt 0.186636 0.706691
vt 0.189995 0.713283
vt 0.714470 0.888267
vt 0.709925 0.892240
vt 0.713316 0.895551
vt 0.706595 0.898776
vt 0.704753 0.907337
vt 0.709968 0.902122
vt 0.698182 0.910685
vt 0.701407 0.903964
vt 0.694871 0.907294
vt 0.575842 0.892240
vt 0.579173 0.898776
vt 0.572452 0.895551
vt 0.584360 0.903964
vt 0.575800 0.902122
vt 0.587586 0.910685
vt 0.581015 0.907337
vt 0.590897 0.907294
vt 0.594869 0.911839
vt 0.747282 0.815995
vt 0.743409 0.811441
vt 0.739986 0.814840
vt 0.736816 0.808082
vt 0.733404 0.811486
vt 0.731585 0.802851
vt 0.724827 0.799681
vt 0.728181 0.806263
vt 0.728226 0.796259
vt 0.743409 0.633286
vt 0.736816 0.636645
vt 0.739986 0.629887
vt 0.731585 0.641876
vt 0.733404 0.633241
vt 0.724827 0.645046
vt 0.728181 0.638464
vt 0.728226 0.648468
vt 0.723672 0.652342
vt 0.377603 0.270556
vt 0.377603 0.277954
vt 0.330708 0.270556
vt 0.377603 0.285353
vt 0.330708 0.277954
vt 0.377603 0.292751
vt 0.330708 0.285353
vt 0.330708 0.292751
vt 0.330708 0.418827
vt 0.330708 0.411429
vt 0.377603 0.418827
vt 0.330708 0.404030
vt 0.377603 0.411429
vt 0.330708 0.396632
vt 0.377603 0.404030
vt 0.377603 0.396632
vt 0.330708 0.588995
vt 0.377603 0.596394
vt 0.330708 0.596394
vt 0.330708 0.581597
vt 0.377603 0.588995
vt 0.330708 0.574198
vt 0.377603 0.581597
vt 0.330708 0.566800
vt 0.377603 0.574198
vt 0.377603 0.566800
vt 0.330708 0.122584
vt 0.330708 0.129982
vt 0.330708 0.115185
vt 0.377603 0.122584
vt 0.330708 0.107787
vt 0.377603 0.115185
vt 0.330708 0.100388
vt 0.377603 0.107787
vt 0.377603 0.100388
vt 0.865272 0.429836
vt 0.868187 0.420969
vt 0.870900 0.432424
vt 0.882493 0.430268
vt 0.875947 0.424614
vt 0.887217 0.437571
vt 0.875494 0.436401
vt 0.878750 0.441443
vt 0.866396 0.604340
vt 0.871725 0.601129
vt 0.870347 0.612867
vt 0.883697 0.602293
vt 0.877671 0.608426
vt 0.876115 0.596826
vt 0.887858 0.594753
vt 0.879123 0.591515
vt 0.890096 0.586410
vt 0.744922 0.598576
vt 0.743354 0.592973
vt 0.748298 0.603659
vt 0.736548 0.602587
vt 0.753000 0.607631
vt 0.741476 0.609963
vt 0.756174 0.619116
vt 0.748227 0.615596
vt 0.758700 0.610149
vt 0.764664 0.620714
vt 0.757656 0.432753
vt 0.763531 0.431263
vt 0.752254 0.435862
vt 0.754069 0.424070
vt 0.740362 0.434553
vt 0.746556 0.428405
vt 0.747802 0.440185
vt 0.736054 0.442186
vt 0.744719 0.445563
vt 0.590897 0.729120
vt 0.584360 0.732450
vt 0.587586 0.725729
vt 0.579173 0.737637
vt 0.581015 0.729077
vt 0.572452 0.740863
vt 0.575800 0.734292
vt 0.575842 0.744174
vt 0.571298 0.748147
vt 0.709925 0.744174
vt 0.706595 0.737637
vt 0.713316 0.740863
vt 0.701407 0.732450
vt 0.709968 0.734292
vt 0.698182 0.725729
vt 0.704753 0.729077
vt 0.694871 0.729120
vt 0.690898 0.724575
vt 0.862289 0.648468
vt 0.858930 0.641876
vt 0.865688 0.645046
vt 0.857111 0.633241
vt 0.862334 0.638464
vt 0.853699 0.636645
vt 0.850529 0.629887
vt 0.847107 0.633286
vt 0.843233 0.628732
vt 0.866843 0.792385
vt 0.862289 0.796259
vt 0.865688 0.799681
vt 0.858930 0.802851
vt 0.857111 0.811486
vt 0.862334 0.806263
vt 0.850529 0.814840
vt 0.853699 0.808082
vt 0.847107 0.811441
vt 0.732974 0.243275
vt 0.729644 0.236738
vt 0.738086 0.238242
vt 0.724456 0.231551
vt 0.734738 0.231671
vt 0.722952 0.223109
vt 0.729523 0.226457
vt 0.717920 0.228221
vt 0.715668 0.221955
vt 0.084660 0.674033
vt 0.040092 0.565211
vt 0.084546 0.565228
vt 0.040073 0.543263
vt 0.084531 0.550556
vt 0.040078 0.550579
vt 0.084526 0.543220
vt 0.040165 0.040486
vt 0.084624 0.033251
vt 0.084618 0.040587
vt 0.040085 0.557895
vt 0.084538 0.557892
vt 0.040019 0.230092
vt 0.084448 0.353642
vt 0.039995 0.346341
vt 0.039995 0.353657
vt 0.084454 0.375650
vt 0.084519 0.528548
vt 0.040038 0.193512
vt 0.040186 0.018538
vt 0.084631 0.025915
vt 0.040178 0.025854
vt 0.084640 0.018579
vt 0.084474 0.222829
vt 0.040020 0.222776
vt 0.040171 0.033170
vt 0.084476 0.215493
vt 0.040023 0.215460
vt 0.084480 0.208157
vt 0.040032 0.200828
vt 0.084485 0.200821
vt 0.040027 0.208144
vt 0.084491 0.193485
vt 0.031297 0.566430
vt 0.031288 0.559043
vt 0.031309 0.573817
vt 0.022179 0.566468
vt 0.031325 0.581204
vt 0.022191 0.573843
vt 0.022227 0.588592
vt 0.022208 0.581217
vt 0.031345 0.588591
vt 0.031629 0.033455
vt 0.022511 0.033405
vt 0.031650 0.026068
vt 0.022532 0.026030
vt 0.031676 0.018681
vt 0.022587 0.011281
vt 0.022558 0.018656
vt 0.022618 0.003906
vt 0.031705 0.011294
vt 0.573303 0.245526
vt 0.579569 0.243275
vt 0.574457 0.238242
vt 0.582899 0.236738
vt 0.577805 0.231671
vt 0.588086 0.231551
vt 0.589590 0.223109
vt 0.583019 0.226457
vt 0.594623 0.228221
vt 0.579569 0.410664
vt 0.582899 0.417200
vt 0.574457 0.415696
vt 0.588086 0.422388
vt 0.577805 0.422267
vt 0.589590 0.430830
vt 0.583019 0.427482
vt 0.594623 0.425718
vt 0.596874 0.431984
vt 0.739240 0.408412
vt 0.732974 0.410664
vt 0.738086 0.415696
vt 0.729644 0.417200
vt 0.734738 0.422267
vt 0.724456 0.422388
vt 0.722952 0.430830
vt 0.729523 0.427482
vt 0.717920 0.425718
vt 0.419920 0.308830
vt 0.421840 0.302327
vt 0.422453 0.308415
vt 0.418036 0.303099
vt 0.421095 0.296234
vt 0.416034 0.297456
vt 0.420237 0.290136
vt 0.413903 0.291905
vt 0.419332 0.284031
vt 0.411662 0.286420
vt 0.418521 0.277892
vt 0.415498 0.304491
vt 0.412015 0.299780
vt 0.408497 0.295127
vt 0.404939 0.290475
vt 0.401127 0.285562
vt 0.417757 0.310950
vt 0.408738 0.303079
vt 0.413435 0.306538
vt 0.404071 0.299579
vt 0.399325 0.295961
vt 0.412019 0.309061
vt 0.406381 0.307074
vt 0.400832 0.304960
vt 0.395340 0.302760
vt 0.394510 0.292381
vt 0.411203 0.312841
vt 0.417304 0.313452
vt 0.405107 0.312114
vt 0.399022 0.311287
vt 0.392943 0.310426
vt 0.386846 0.309666
vt 0.421972 0.474394
vt 0.420042 0.467894
vt 0.421234 0.480473
vt 0.418161 0.473615
vt 0.420386 0.486539
vt 0.416164 0.479241
vt 0.419498 0.492597
vt 0.414045 0.484774
vt 0.418708 0.498678
vt 0.411840 0.490243
vt 0.415618 0.472224
vt 0.412134 0.476927
vt 0.408618 0.481585
vt 0.405047 0.486270
vt 0.401444 0.491086
vt 0.408849 0.473635
vt 0.413551 0.470181
vt 0.404189 0.477133
vt 0.399481 0.480740
vt 0.394570 0.484531
vt 0.412133 0.467663
vt 0.406481 0.469651
vt 0.400917 0.471775
vt 0.395414 0.474009
vt 0.411322 0.463890
vt 0.405212 0.464621
vt 0.399101 0.465455
vt 0.392986 0.466330
vt 0.386846 0.467106
vt 0.532790 0.310852
vt 0.539347 0.312737
vt 0.533242 0.313351
vt 0.538536 0.308963
vt 0.545456 0.312005
vt 0.544188 0.306975
vt 0.551567 0.311170
vt 0.549751 0.304851
vt 0.557682 0.310295
vt 0.555255 0.302616
vt 0.563823 0.309518
vt 0.537118 0.306445
vt 0.541820 0.302991
vt 0.546479 0.299492
vt 0.551187 0.295885
vt 0.556097 0.292094
vt 0.535050 0.304403
vt 0.530626 0.308735
vt 0.538535 0.299699
vt 0.542050 0.295041
vt 0.545621 0.290356
vt 0.532507 0.303012
vt 0.534505 0.297385
vt 0.536624 0.291852
vt 0.538828 0.286384
vt 0.549224 0.285540
vt 0.528697 0.302233
vt 0.528092 0.308319
vt 0.529435 0.296154
vt 0.530283 0.290088
vt 0.531171 0.284030
vt 0.531961 0.277949
vt 0.539469 0.463782
vt 0.532913 0.465672
vt 0.533368 0.463170
vt 0.545565 0.464509
vt 0.538652 0.467562
vt 0.551651 0.465335
vt 0.544291 0.469548
vt 0.557730 0.466195
vt 0.549841 0.471662
vt 0.563827 0.466954
vt 0.555333 0.473861
vt 0.537237 0.470085
vt 0.541935 0.473543
vt 0.546601 0.477043
vt 0.551347 0.480661
vt 0.556163 0.484241
vt 0.535174 0.472132
vt 0.530753 0.467795
vt 0.538658 0.476843
vt 0.542176 0.481495
vt 0.549547 0.491060
vt 0.545734 0.486147
vt 0.532636 0.473525
vt 0.534638 0.479167
vt 0.536770 0.484718
vt 0.539010 0.490203
vt 0.528831 0.474296
vt 0.528219 0.468209
vt 0.529576 0.480390
vt 0.530435 0.486487
vt 0.531340 0.492592
vt 0.532151 0.498732
vt 0.084451 0.368314
vt 0.040001 0.375605
vt 0.148260 0.210841
vt 0.094128 0.317077
vt 0.004568 0.359300
vt 0.321465 0.040899
vt 0.274570 0.596394
vt 0.138793 0.674143
vt 0.003906 0.714693
vt 0.321465 0.211067
vt 0.013600 0.225790
vt 0.558976 0.209426
vt 0.705448 0.008415
vt 0.881186 0.396764
vt 0.423433 0.982966
vt 0.148260 0.003906
vt 0.266370 0.596742
vt 0.865884 0.009315
vt 0.736447 0.016704
vt 0.737351 0.200467
vt 0.886401 0.223718
vt 0.757447 0.218503
vt 0.557586 0.982966
vt 0.264238 0.608915
vt 0.094340 0.003906
vt 0.094156 0.462590
vt 0.013435 0.581217
vt 0.003906 0.003907
vt 0.410741 0.809941
vt 0.031074 0.359300
vt 0.377603 0.559401
vt 0.330708 0.003906
vt 0.084660 0.003907
vt 0.031736 0.714693
vt 0.377603 0.389233
vt 0.040207 0.674144
vt 0.084472 0.230165
vt 0.031736 0.003907
vt 0.409439 0.280935
vt 0.389856 0.300604
vt 0.409660 0.495710
vt 0.389915 0.476208
vt 0.560752 0.300417
vt 0.541008 0.280916
vt 0.560817 0.476017
vt 0.541234 0.495688
vt 0.627609 0.078029
vt 0.616849 0.059392
vt 0.631346 0.056836
vt 0.623739 0.056083
vt 0.675542 0.473778
vt 0.680448 0.479640
vt 0.669539 0.472711
vt 0.838261 0.365310
vt 0.856209 0.354288
vt 0.856209 0.365310
vt 0.669005 0.160143
vt 0.687929 0.149216
vt 0.690525 0.156348
vt 0.683051 0.143403
vt 0.788368 0.145400
vt 0.791204 0.152625
vt 0.790389 0.152715
vt 0.784153 0.139089
vt 0.789113 0.145059
vt 0.510040 0.540521
vt 0.516042 0.539452
vt 0.505136 0.546384
vt 0.837952 0.236251
vt 0.856518 0.226836
vt 0.856209 0.240791
vt 0.690525 0.163937
vt 0.790014 0.160295
vt 0.794130 0.161168
vt 0.607387 0.070669
vt 0.514656 0.526543
vt 0.838261 0.266432
vt 0.838261 0.262745
vt 0.856209 0.266432
vt 0.687929 0.171069
vt 0.683051 0.176882
vt 0.782463 0.173239
vt 0.787988 0.167787
vt 0.783005 0.173853
vt 0.787280 0.167374
vt 0.607387 0.085389
vt 0.516044 0.513632
vt 0.515465 0.526542
vt 0.838261 0.343355
vt 0.838261 0.354288
vt 0.837952 0.369820
vt 0.676479 0.180677
vt 0.776049 0.177296
vt 0.777705 0.181164
vt 0.616849 0.096666
vt 0.610538 0.092353
vt 0.510041 0.512565
vt 0.505136 0.506703
vt 0.838261 0.292073
vt 0.838261 0.288386
vt 0.856209 0.292073
vt 0.669005 0.181995
vt 0.661531 0.180677
vt 0.768687 0.179136
vt 0.760929 0.179370
vt 0.761118 0.178573
vt 0.768757 0.179952
vt 0.153164 0.638539
vt 0.159167 0.637470
vt 0.148260 0.644402
vt 0.856209 0.251724
vt 0.838261 0.240791
vt 0.654959 0.176882
vt 0.754109 0.175665
vt 0.751899 0.179246
vt 0.631346 0.099222
vt 0.157781 0.624561
vt 0.838261 0.317714
vt 0.856209 0.328647
vt 0.838261 0.328647
vt 0.650081 0.171069
vt 0.647485 0.163937
vt 0.743070 0.159134
vt 0.742261 0.151414
vt 0.743070 0.151544
vt 0.745451 0.166340
vt 0.742261 0.159264
vt 0.644094 0.091862
vt 0.159169 0.611650
vt 0.158590 0.624560
vt 0.838261 0.251724
vt 0.856209 0.277365
vt 0.838261 0.277365
vt 0.647485 0.156348
vt 0.745451 0.144338
vt 0.741716 0.142401
vt 0.649129 0.078029
vt 0.648550 0.085651
vt 0.153166 0.610583
vt 0.148260 0.604721
vt 0.838261 0.339668
vt 0.856209 0.343355
vt 0.650081 0.149216
vt 0.654959 0.143403
vt 0.756177 0.133874
vt 0.749400 0.137657
vt 0.755818 0.133138
vt 0.749972 0.138243
vt 0.675543 0.445822
vt 0.669541 0.446891
vt 0.680448 0.439959
vt 0.838261 0.314027
vt 0.856209 0.317714
vt 0.856209 0.303006
vt 0.838261 0.303006
vt 0.661531 0.139608
vt 0.763440 0.131672
vt 0.762874 0.127503
vt 0.644094 0.064196
vt 0.670927 0.459800
vt 0.669005 0.138290
vt 0.676479 0.139608
vt 0.771027 0.131860
vt 0.778567 0.133700
vt 0.778172 0.134418
vt 0.771177 0.131054
vt 0.670118 0.459801
vt 0.856518 0.379235
vt 0.838824 0.380658
vt 0.787237 0.136226
vt 0.838824 0.225413
vt 0.741716 0.168278
vt 0.624066 0.470252
vt 0.623057 0.468058
vt 0.625563 0.466380
vt 0.618615 0.472757
vt 0.615723 0.470789
vt 0.617606 0.470563
vt 0.609403 0.472157
vt 0.471516 0.513953
vt 0.471052 0.513979
vt 0.471052 0.506828
vt 0.471521 0.518803
vt 0.471526 0.523652
vt 0.471057 0.518828
vt 0.471530 0.528502
vt 0.471061 0.523678
vt 0.471535 0.533351
vt 0.471066 0.528528
vt 0.684853 0.036506
vt 0.681568 0.038486
vt 0.683181 0.033204
vt 0.684853 0.045823
vt 0.621153 0.360288
vt 0.624631 0.350708
vt 0.626400 0.352571
vt 0.619990 0.367343
vt 0.618696 0.359540
vt 0.620895 0.372108
vt 0.617411 0.367593
vt 0.623012 0.376471
vt 0.618471 0.373021
vt 0.626192 0.380132
vt 0.620909 0.377985
vt 0.630218 0.382837
vt 0.624557 0.382142
vt 0.608129 0.468899
vt 0.609810 0.469777
vt 0.602140 0.466458
vt 0.602929 0.463051
vt 0.603821 0.464724
vt 0.599367 0.457653
vt 0.600832 0.455100
vt 0.601733 0.457172
vt 0.602337 0.449663
vt 0.604874 0.446348
vt 0.604012 0.450945
vt 0.609720 0.443484
vt 0.608046 0.442203
vt 0.612077 0.443858
vt 0.617525 0.439995
vt 0.620036 0.442820
vt 0.618051 0.442693
vt 0.625563 0.440939
vt 0.804386 0.537839
vt 0.801864 0.532654
vt 0.804386 0.532654
vt 0.804386 0.543024
vt 0.801864 0.537839
vt 0.804386 0.548210
vt 0.801864 0.543024
vt 0.804386 0.553395
vt 0.801864 0.548210
vt 0.471539 0.538201
vt 0.471070 0.533377
vt 0.120656 0.905060
vt 0.120191 0.900236
vt 0.120656 0.900211
vt 0.120656 0.909910
vt 0.120191 0.905086
vt 0.120656 0.914760
vt 0.120191 0.909935
vt 0.120656 0.919609
vt 0.120191 0.914785
vt 0.120656 0.924459
vt 0.120191 0.919635
vt 0.120656 0.929309
vt 0.120191 0.924484
vt 0.120656 0.934158
vt 0.120191 0.929334
vt 0.120656 0.939008
vt 0.120191 0.934184
vt 0.120656 0.943857
vt 0.120191 0.939033
vt 0.120656 0.948707
vt 0.120191 0.943883
vt 0.120656 0.953557
vt 0.120191 0.948732
vt 0.120656 0.958406
vt 0.120191 0.953582
vt 0.120656 0.963256
vt 0.120191 0.958432
vt 0.120656 0.968106
vt 0.120191 0.963281
vt 0.120656 0.972955
vt 0.120191 0.968131
vt 0.634809 0.384399
vt 0.629163 0.385204
vt 0.639648 0.384710
vt 0.634408 0.386959
vt 0.644402 0.383748
vt 0.639928 0.387286
vt 0.648740 0.381581
vt 0.645344 0.386162
vt 0.652363 0.378357
vt 0.650279 0.383665
vt 0.655020 0.374300
vt 0.654392 0.379968
vt 0.656528 0.369691
vt 0.657399 0.375327
vt 0.656781 0.364848
vt 0.659092 0.370062
vt 0.655764 0.360106
vt 0.659354 0.364537
vt 0.653545 0.355794
vt 0.658166 0.359136
vt 0.650278 0.352209
vt 0.655611 0.354230
vt 0.646190 0.349600
vt 0.651866 0.350161
vt 0.641563 0.348147
vt 0.647189 0.347209
vt 0.636718 0.347951
vt 0.641904 0.345578
vt 0.631989 0.349025
vt 0.636377 0.345382
vt 0.627703 0.351294
vt 0.630990 0.346634
vt 0.804386 0.558581
vt 0.801864 0.553395
vt 0.804386 0.563766
vt 0.801864 0.558581
vt 0.804386 0.568951
vt 0.801864 0.563766
vt 0.804386 0.574137
vt 0.801864 0.568951
vt 0.078605 0.905399
vt 0.076083 0.900212
vt 0.078605 0.900212
vt 0.078605 0.910586
vt 0.076083 0.905399
vt 0.078605 0.915773
vt 0.076083 0.910586
vt 0.078605 0.920960
vt 0.076083 0.915773
vt 0.078605 0.926147
vt 0.076083 0.920960
vt 0.078605 0.931333
vt 0.076083 0.926147
vt 0.078605 0.936520
vt 0.076083 0.931333
vt 0.078605 0.941707
vt 0.076083 0.936520
vt 0.078605 0.946894
vt 0.076083 0.941707
vt 0.078605 0.952081
vt 0.076083 0.946894
vt 0.078605 0.957268
vt 0.076083 0.952081
vt 0.078605 0.962455
vt 0.076083 0.957268
vt 0.120656 0.977805
vt 0.120191 0.972981
vt 0.174789 0.717209
vt 0.174324 0.712385
vt 0.174789 0.712359
vt 0.174789 0.722059
vt 0.174324 0.717234
vt 0.174789 0.726908
vt 0.174324 0.722084
vt 0.174789 0.731758
vt 0.174324 0.726934
vt 0.174789 0.736608
vt 0.174324 0.731783
vt 0.174789 0.741457
vt 0.174324 0.736633
vt 0.174789 0.746307
vt 0.174324 0.741483
vt 0.174789 0.751157
vt 0.174324 0.746332
vt 0.174789 0.756006
vt 0.174324 0.751182
vt 0.174789 0.760856
vt 0.174324 0.756032
vt 0.174789 0.765705
vt 0.174324 0.760881
vt 0.174789 0.770555
vt 0.174324 0.765731
vt 0.174789 0.775405
vt 0.174324 0.770580
vt 0.174789 0.780254
vt 0.174324 0.775430
vt 0.174789 0.785104
vt 0.174324 0.780280
vt 0.624157 0.354603
vt 0.626115 0.349247
vt 0.621597 0.358722
vt 0.622090 0.353040
vt 0.620199 0.363365
vt 0.619194 0.357751
vt 0.620059 0.368213
vt 0.617626 0.363055
vt 0.621189 0.372929
vt 0.617495 0.368584
vt 0.623509 0.377188
vt 0.618810 0.373956
vt 0.626860 0.380694
vt 0.621481 0.378800
vt 0.631008 0.383206
vt 0.625321 0.382779
vt 0.635668 0.384549
vt 0.630067 0.385620
vt 0.640517 0.384630
vt 0.635389 0.387125
vt 0.645220 0.383445
vt 0.640919 0.387190
vt 0.649451 0.381074
vt 0.646275 0.385811
vt 0.652917 0.377683
vt 0.651086 0.383084
vt 0.655379 0.373505
vt 0.655020 0.379196
vt 0.656667 0.368829
vt 0.657804 0.374418
vt 0.656692 0.363980
vt 0.659246 0.369078
vt 0.078605 0.967641
vt 0.076083 0.962455
vt 0.078605 0.972828
vt 0.076083 0.967641
vt 0.078605 0.978015
vt 0.076083 0.972828
vt 0.078605 0.983202
vt 0.076083 0.978015
vt 0.587854 0.805366
vt 0.585332 0.800179
vt 0.587854 0.800179
vt 0.587854 0.810553
vt 0.585332 0.805366
vt 0.587854 0.815740
vt 0.585332 0.810553
vt 0.587854 0.820927
vt 0.585332 0.815740
vt 0.587854 0.826114
vt 0.585332 0.820927
vt 0.587854 0.831301
vt 0.585332 0.826114
vt 0.587854 0.836487
vt 0.585332 0.831301
vt 0.587854 0.841674
vt 0.585332 0.836487
vt 0.587854 0.846861
vt 0.585332 0.841674
vt 0.587854 0.852048
vt 0.585332 0.846861
vt 0.587854 0.857235
vt 0.585332 0.852048
vt 0.587854 0.862422
vt 0.585332 0.857235
vt 0.174789 0.789954
vt 0.174324 0.785129
vt 0.100607 0.905060
vt 0.100142 0.900236
vt 0.100607 0.900211
vt 0.100607 0.909910
vt 0.100142 0.905086
vt 0.100607 0.914760
vt 0.100142 0.909935
vt 0.100607 0.919609
vt 0.100142 0.914785
vt 0.100607 0.924459
vt 0.100142 0.919635
vt 0.100607 0.929309
vt 0.100142 0.924484
vt 0.100607 0.934158
vt 0.100142 0.929334
vt 0.100607 0.939008
vt 0.100142 0.934184
vt 0.100607 0.943858
vt 0.100142 0.939033
vt 0.100607 0.948707
vt 0.100142 0.943883
vt 0.100607 0.953557
vt 0.100142 0.948733
vt 0.100607 0.958407
vt 0.100142 0.953582
vt 0.100607 0.963256
vt 0.100142 0.958432
vt 0.100607 0.968106
vt 0.100142 0.963281
vt 0.100607 0.972955
vt 0.100142 0.968131
vt 0.655451 0.359291
vt 0.659246 0.363548
vt 0.653030 0.355089
vt 0.657804 0.358208
vt 0.649598 0.351663
vt 0.655020 0.353430
vt 0.645391 0.349250
vt 0.651086 0.349542
vt 0.640700 0.348018
vt 0.646275 0.346815
vt 0.635851 0.348051
vt 0.640919 0.345436
vt 0.631178 0.349347
vt 0.635389 0.345501
vt 0.627004 0.351817
vt 0.630067 0.347006
vt 0.623619 0.355290
vt 0.625321 0.349847
vt 0.621256 0.359525
vt 0.621481 0.353826
vt 0.620079 0.364230
vt 0.618810 0.358670
vt 0.620170 0.369079
vt 0.617495 0.364042
vt 0.621522 0.373736
vt 0.617626 0.369571
vt 0.624041 0.377880
vt 0.619194 0.374875
vt 0.627553 0.381224
vt 0.622090 0.379586
vt 0.631816 0.383536
vt 0.626115 0.383379
vt 0.587854 0.867609
vt 0.585332 0.862422
vt 0.587854 0.872796
vt 0.585332 0.867609
vt 0.587854 0.877982
vt 0.585332 0.872796
vt 0.587854 0.883169
vt 0.585332 0.877982
vt 0.090635 0.905399
vt 0.088113 0.900212
vt 0.090635 0.900212
vt 0.090635 0.910586
vt 0.088113 0.905399
vt 0.090635 0.915773
vt 0.088113 0.910586
vt 0.090635 0.920960
vt 0.088113 0.915773
vt 0.090635 0.926147
vt 0.088113 0.920960
vt 0.090635 0.931333
vt 0.088113 0.926147
vt 0.090635 0.936520
vt 0.088113 0.931333
vt 0.090635 0.941707
vt 0.088113 0.936520
vt 0.090635 0.946894
vt 0.088113 0.941707
vt 0.090635 0.952081
vt 0.088113 0.946894
vt 0.090635 0.957268
vt 0.088113 0.952081
vt 0.090635 0.962454
vt 0.088113 0.957268
vt 0.100607 0.977805
vt 0.100142 0.972981
vt 0.110631 0.905060
vt 0.110167 0.900236
vt 0.110631 0.900211
vt 0.110631 0.909910
vt 0.110167 0.905086
vt 0.110631 0.914760
vt 0.110167 0.909935
vt 0.110631 0.919609
vt 0.110167 0.914785
vt 0.110631 0.924459
vt 0.110167 0.919635
vt 0.110631 0.929309
vt 0.110167 0.924484
vt 0.110631 0.934158
vt 0.110167 0.929334
vt 0.110631 0.939008
vt 0.110167 0.934184
vt 0.110631 0.943858
vt 0.110167 0.939033
vt 0.110631 0.948707
vt 0.110167 0.943883
vt 0.110631 0.953557
vt 0.110167 0.948733
vt 0.110631 0.958406
vt 0.110167 0.953582
vt 0.110631 0.963256
vt 0.110167 0.958432
vt 0.110631 0.968106
vt 0.110167 0.963281
vt 0.110631 0.972955
vt 0.110167 0.968131
vt 0.636534 0.384658
vt 0.630990 0.385992
vt 0.641382 0.384510
vt 0.636377 0.387244
vt 0.646023 0.383103
vt 0.641904 0.387048
vt 0.650137 0.380535
vt 0.647189 0.385417
vt 0.653439 0.376983
vt 0.651866 0.382465
vt 0.655701 0.372693
vt 0.655611 0.378396
vt 0.656766 0.367962
vt 0.658166 0.373491
vt 0.656561 0.363117
vt 0.659354 0.368089
vt 0.655099 0.358493
vt 0.659092 0.362565
vt 0.652483 0.354409
vt 0.657399 0.357299
vt 0.648892 0.351150
vt 0.654392 0.352658
vt 0.644576 0.348939
vt 0.650279 0.348961
vt 0.639832 0.347930
vt 0.645344 0.346464
vt 0.634990 0.348192
vt 0.639929 0.345340
vt 0.630383 0.349708
vt 0.634408 0.345667
vt 0.626331 0.352373
vt 0.629163 0.347422
vt 0.090635 0.967641
vt 0.088113 0.962454
vt 0.090635 0.972828
vt 0.088113 0.967641
vt 0.090635 0.978015
vt 0.088113 0.972828
vt 0.090635 0.983202
vt 0.088113 0.978015
vt 0.599884 0.814864
vt 0.597362 0.809677
vt 0.599884 0.809677
vt 0.599884 0.820051
vt 0.597362 0.814864
vt 0.599884 0.825238
vt 0.597362 0.820051
vt 0.599884 0.830425
vt 0.597362 0.825238
vt 0.599884 0.835611
vt 0.597362 0.830425
vt 0.599884 0.840798
vt 0.597362 0.835611
vt 0.599884 0.845985
vt 0.597362 0.840798
vt 0.599884 0.851172
vt 0.597362 0.845985
vt 0.599884 0.856359
vt 0.597362 0.851172
vt 0.599884 0.861546
vt 0.597362 0.856359
vt 0.599884 0.866733
vt 0.597362 0.861546
vt 0.599884 0.871919
vt 0.597362 0.866733
vt 0.110631 0.977805
vt 0.110167 0.972981
vt 0.461518 0.585837
vt 0.461028 0.580978
vt 0.461518 0.580978
vt 0.461518 0.590696
vt 0.461028 0.585837
vt 0.461518 0.595555
vt 0.461028 0.590696
vt 0.461518 0.600414
vt 0.461028 0.595555
vt 0.461518 0.605273
vt 0.461028 0.600414
vt 0.461518 0.610131
vt 0.461028 0.605273
vt 0.461518 0.614990
vt 0.461028 0.610131
vt 0.461518 0.619849
vt 0.461028 0.614990
vt 0.461518 0.624708
vt 0.461028 0.619849
vt 0.461518 0.629567
vt 0.461028 0.624708
vt 0.461518 0.634426
vt 0.461028 0.629567
vt 0.461518 0.639468
vt 0.461028 0.634426
vt 0.461518 0.644288
vt 0.461028 0.639468
vt 0.461518 0.649153
vt 0.461028 0.644288
vt 0.461518 0.654012
vt 0.461028 0.649153
vt 0.623114 0.356002
vt 0.624557 0.350484
vt 0.620954 0.360344
vt 0.620909 0.354641
vt 0.620001 0.365099
vt 0.618471 0.359605
vt 0.620321 0.369938
vt 0.617411 0.365033
vt 0.621892 0.374526
vt 0.617803 0.370550
vt 0.624604 0.378547
vt 0.619620 0.375774
vt 0.628271 0.381720
vt 0.622737 0.380343
vt 0.632638 0.383829
vt 0.626936 0.383942
vt 0.637404 0.384725
vt 0.631929 0.386321
vt 0.642239 0.384348
vt 0.637369 0.387310
vt 0.646840 0.382815
vt 0.642825 0.386718
vt 0.650995 0.380315
vt 0.647900 0.384868
vt 0.655647 0.378277
vt 0.654913 0.376848
vt 0.723424 0.445317
vt 0.719384 0.440003
vt 0.723424 0.440003
vt 0.723424 0.449463
vt 0.719384 0.445317
vt 0.723424 0.453621
vt 0.719384 0.449463
vt 0.599884 0.877106
vt 0.597362 0.871919
vt 0.599884 0.882293
vt 0.597362 0.877106
vt 0.599884 0.887480
vt 0.597362 0.882293
vt 0.599884 0.892667
vt 0.597362 0.887480
vt 0.828327 0.295696
vt 0.825923 0.290507
vt 0.828327 0.290507
vt 0.828327 0.300885
vt 0.825923 0.295696
vt 0.828327 0.306074
vt 0.825923 0.300885
vt 0.828327 0.311263
vt 0.825923 0.306074
vt 0.828327 0.316451
vt 0.825923 0.311263
vt 0.828327 0.321617
vt 0.825923 0.316451
vt 0.828327 0.326741
vt 0.825923 0.321617
vt 0.828327 0.331821
vt 0.825923 0.326741
vt 0.828327 0.336599
vt 0.825923 0.331821
vt 0.710932 0.442880
vt 0.461518 0.658871
vt 0.461028 0.654012
vt 0.792341 0.537502
vt 0.791839 0.532681
vt 0.792303 0.532652
vt 0.792380 0.542351
vt 0.791877 0.537531
vt 0.792418 0.547200
vt 0.791916 0.542380
vt 0.792457 0.552050
vt 0.791954 0.547229
vt 0.792495 0.556899
vt 0.791992 0.552079
vt 0.792533 0.561749
vt 0.792031 0.556928
vt 0.792571 0.566598
vt 0.792069 0.561778
vt 0.792610 0.571447
vt 0.792107 0.566627
vt 0.792648 0.576297
vt 0.792146 0.571477
vt 0.792687 0.581146
vt 0.792184 0.576326
vt 0.792740 0.585996
vt 0.792222 0.581175
vt 0.792385 0.590584
vt 0.792259 0.586003
vt 0.710674 0.443403
vt 0.723424 0.457779
vt 0.719384 0.453621
vt 0.723424 0.461937
vt 0.719384 0.457779
vt 0.723424 0.466095
vt 0.719384 0.461937
vt 0.723424 0.470252
vt 0.719384 0.466095
vt 0.719384 0.474410
vt 0.723424 0.474410
vt 0.719384 0.478568
vt 0.723424 0.478568
vt 0.719384 0.482726
vt 0.723424 0.482726
vt 0.719384 0.486884
vt 0.723424 0.486884
vt 0.719384 0.491042
vt 0.723424 0.491042
vt 0.723424 0.495201
vt 0.723424 0.499359
vt 0.719384 0.495201
vt 0.551868 0.726592
vt 0.549244 0.722502
vt 0.551868 0.721999
vt 0.709637 0.445486
vt 0.722349 0.505859
vt 0.719384 0.499359
vt 0.551358 0.221551
vt 0.552331 0.232179
vt 0.550829 0.232179
vt 0.552331 0.242807
vt 0.550301 0.242807
vt 0.552331 0.253435
vt 0.549772 0.253435
vt 0.688706 0.116259
vt 0.687583 0.119414
vt 0.687906 0.116179
vt 0.549746 0.272208
vt 0.552331 0.264063
vt 0.552331 0.272208
vt 0.472910 0.506725
vt 0.473306 0.513854
vt 0.841962 0.175692
vt 0.843820 0.184917
vt 0.841962 0.185023
vt 0.688829 0.106909
vt 0.690155 0.107041
vt 0.549244 0.264063
vt 0.552331 0.218584
vt 0.550539 0.218584
vt 0.634046 0.397140
vt 0.638160 0.404064
vt 0.630289 0.395426
vt 0.626162 0.395279
vt 0.638160 0.408158
vt 0.622293 0.396724
vt 0.636445 0.411915
vt 0.633424 0.414730
vt 0.619271 0.399539
vt 0.629555 0.416174
vt 0.617557 0.403296
vt 0.617411 0.407423
vt 0.625428 0.416028
vt 0.618855 0.411292
vt 0.621671 0.414314
vt 0.682404 0.046586
vt 0.606548 0.447629
vt 0.625287 0.443407
vt 0.471075 0.538227
vt 0.801864 0.574137
vt 0.120191 0.977830
vt 0.076083 0.983202
vt 0.174324 0.789979
vt 0.585332 0.883169
vt 0.100142 0.977830
vt 0.088113 0.983202
vt 0.110167 0.977830
vt 0.652383 0.382013
vt 0.597362 0.892667
vt 0.825923 0.336599
vt 0.461028 0.658871
vt 0.791839 0.590582
vt 0.719384 0.470252
vt 0.549701 0.726776
vt 0.718809 0.504966
vt 0.552331 0.221551
vt 0.690155 0.119670
vt 0.843292 0.175616
vt 0.637186 0.400083
vt 0.645346 0.029070
vt 0.640975 0.032673
vt 0.644119 0.028698
vt 0.386846 0.281762
vt 0.388128 0.277892
vt 0.388128 0.281762
vt 0.468325 0.726338
vt 0.467042 0.730208
vt 0.467042 0.726338
vt 0.583244 0.084241
vt 0.591181 0.078325
vt 0.591181 0.085699
vt 0.723532 0.286087
vt 0.719662 0.290545
vt 0.719662 0.286087
vt 0.168310 0.652312
vt 0.172179 0.646876
vt 0.172179 0.652312
vt 0.168310 0.646876
vt 0.172179 0.641808
vt 0.585845 0.066708
vt 0.592620 0.071092
vt 0.584551 0.070974
vt 0.525185 0.535779
vt 0.529055 0.530710
vt 0.529055 0.535779
vt 0.525185 0.530710
vt 0.529055 0.525275
vt 0.654222 0.032747
vt 0.654765 0.038385
vt 0.650363 0.036032
vt 0.269838 0.770092
vt 0.268555 0.766222
vt 0.269838 0.766222
vt 0.388128 0.577063
vt 0.386846 0.580933
vt 0.386846 0.577063
vt 0.583681 0.075346
vt 0.719662 0.402844
vt 0.723532 0.398386
vt 0.723532 0.402844
vt 0.501126 0.632766
vt 0.504996 0.627330
vt 0.504996 0.632766
vt 0.501126 0.627330
vt 0.504996 0.622262
vt 0.643920 0.124783
vt 0.639654 0.126077
vt 0.639536 0.118008
vt 0.841962 0.561681
vt 0.845832 0.556613
vt 0.845832 0.561681
vt 0.841962 0.556613
vt 0.845832 0.551177
vt 0.663341 0.038689
vt 0.662773 0.044325
vt 0.658915 0.041158
vt 0.229740 0.604761
vt 0.228457 0.608631
vt 0.228457 0.604761
vt 0.281867 0.763458
vt 0.280585 0.759588
vt 0.281867 0.759588
vt 0.587551 0.062589
vt 0.595442 0.064279
vt 0.591207 0.264961
vt 0.587337 0.269419
vt 0.587337 0.264961
vt 0.829792 0.344618
vt 0.825923 0.350054
vt 0.825923 0.344618
vt 0.829792 0.350054
vt 0.825923 0.355122
vt 0.592129 0.054951
vt 0.594957 0.051505
vt 0.599539 0.058148
vt 0.573303 0.127266
vt 0.577173 0.122197
vt 0.577173 0.127266
vt 0.573303 0.122197
vt 0.577173 0.116762
vt 0.671939 0.047287
vt 0.666303 0.047854
vt 0.671125 0.046296
vt 0.388128 0.588953
vt 0.386846 0.592823
vt 0.386846 0.588953
vt 0.655677 0.118499
vt 0.652480 0.111089
vt 0.659123 0.115671
vt 0.537214 0.718985
vt 0.541084 0.714527
vt 0.541084 0.718985
vt 0.849982 0.580205
vt 0.853851 0.574769
vt 0.853851 0.580205
vt 0.849982 0.574769
vt 0.853851 0.569701
vt 0.598110 0.048353
vt 0.601556 0.045524
vt 0.604753 0.052934
vt 0.869891 0.359708
vt 0.866021 0.364777
vt 0.866021 0.359708
vt 0.869891 0.364777
vt 0.866021 0.370212
vt 0.677881 0.056406
vt 0.672242 0.055863
vt 0.677276 0.055275
vt 0.721667 0.517719
vt 0.722949 0.513849
vt 0.722949 0.517719
vt 0.386846 0.538281
vt 0.388128 0.534411
vt 0.388128 0.538281
vt 0.613312 0.124783
vt 0.617697 0.118008
vt 0.617579 0.126077
vt 0.723532 0.248654
vt 0.719662 0.253112
vt 0.719662 0.248654
vt 0.869891 0.285614
vt 0.866021 0.291050
vt 0.866021 0.285614
vt 0.869891 0.291050
vt 0.866021 0.296118
vt 0.609194 0.040946
vt 0.610884 0.048837
vt 0.605262 0.043048
vt 0.525185 0.517255
vt 0.529055 0.512187
vt 0.529055 0.517255
vt 0.525185 0.512187
vt 0.529055 0.506751
vt 0.594459 0.119698
vt 0.601556 0.118499
vt 0.598318 0.122865
vt 0.723672 0.553387
vt 0.724954 0.549517
vt 0.724954 0.553387
vt 0.747731 0.410388
vt 0.751601 0.405930
vt 0.751601 0.410388
vt 0.196238 0.604761
vt 0.192369 0.610197
vt 0.192369 0.604761
vt 0.196238 0.610197
vt 0.192369 0.615265
vt 0.613312 0.039240
vt 0.617579 0.037946
vt 0.617697 0.046015
vt 0.851986 0.153345
vt 0.855856 0.148277
vt 0.855856 0.153345
vt 0.851986 0.148277
vt 0.855856 0.142841
vt 0.683930 0.077208
vt 0.678928 0.074548
vt 0.683804 0.075932
vt 0.463032 0.694540
vt 0.464315 0.690670
vt 0.464315 0.694540
vt 0.592129 0.109072
vt 0.590930 0.116169
vt 0.587763 0.112310
vt 0.587337 0.256941
vt 0.591207 0.252484
vt 0.591207 0.256941
vt 0.869891 0.503853
vt 0.866021 0.509289
vt 0.866021 0.503853
vt 0.869891 0.509289
vt 0.866021 0.514357
vt 0.621951 0.037076
vt 0.626387 0.036640
vt 0.624929 0.044577
vt 0.501126 0.669813
vt 0.504996 0.664745
vt 0.504996 0.669813
vt 0.501126 0.664745
vt 0.504996 0.659309
vt 0.683930 0.086815
vt 0.678928 0.089475
vt 0.679417 0.084507
vt 0.648039 0.123077
vt 0.646348 0.115186
vt 0.651970 0.120975
vt 0.724954 0.608965
vt 0.723672 0.612835
vt 0.723672 0.608965
vt 0.685578 0.132148
vt 0.689448 0.127690
vt 0.689448 0.132148
vt 0.501126 0.688337
vt 0.504996 0.682901
vt 0.504996 0.688337
vt 0.501126 0.682901
vt 0.504996 0.677833
vt 0.630845 0.036640
vt 0.635282 0.037076
vt 0.632303 0.044577
vt 0.817763 0.556588
vt 0.813893 0.561656
vt 0.813893 0.556588
vt 0.817763 0.561656
vt 0.813893 0.567092
vt 0.681557 0.098741
vt 0.677954 0.094370
vt 0.681930 0.097514
vt 0.402162 0.750468
vt 0.400880 0.754338
vt 0.400880 0.750468
vt 0.689588 0.479660
vt 0.690871 0.475790
vt 0.690871 0.479660
vt 0.645751 0.034122
vt 0.639654 0.037946
vt 0.584551 0.093049
vt 0.580727 0.099147
vt 0.579278 0.094370
vt 0.857861 0.551177
vt 0.853991 0.556613
vt 0.853991 0.551177
vt 0.857861 0.556613
vt 0.853991 0.561681
vt 0.643920 0.039240
vt 0.639536 0.046015
vt 0.196378 0.670836
vt 0.200248 0.665768
vt 0.200248 0.670836
vt 0.196378 0.665768
vt 0.200248 0.660332
vt 0.565143 0.271899
vt 0.561273 0.267441
vt 0.565143 0.267441
vt 0.650363 0.127991
vt 0.654765 0.125638
vt 0.626387 0.127384
vt 0.621951 0.126947
vt 0.624929 0.119447
vt 0.577815 0.079516
vt 0.583244 0.079783
vt 0.672242 0.108160
vt 0.677881 0.107617
vt 0.677276 0.108748
vt 0.775800 0.600526
vt 0.779669 0.595090
vt 0.779669 0.600526
vt 0.775800 0.595090
vt 0.779669 0.590022
vt 0.605262 0.120975
vt 0.606870 0.127991
vt 0.602468 0.125638
vt 0.829932 0.561681
vt 0.833802 0.556613
vt 0.833802 0.561681
vt 0.829932 0.556613
vt 0.833802 0.551177
vt 0.565143 0.259421
vt 0.561273 0.254963
vt 0.565143 0.254963
vt 0.238482 0.608631
vt 0.239764 0.604761
vt 0.239764 0.608631
vt 0.580727 0.064877
vt 0.579278 0.069653
vt 0.666303 0.116169
vt 0.671939 0.116736
vt 0.671125 0.117727
vt 0.504996 0.696356
vt 0.501126 0.701792
vt 0.501126 0.696356
vt 0.504996 0.701792
vt 0.501126 0.706860
vt 0.577815 0.084507
vt 0.583681 0.088677
vt 0.578304 0.089475
vt 0.866021 0.458786
vt 0.869891 0.453718
vt 0.869891 0.458786
vt 0.866021 0.453718
vt 0.869891 0.448283
vt 0.723532 0.390366
vt 0.719662 0.385908
vt 0.723532 0.385908
vt 0.648039 0.040946
vt 0.626121 0.132813
vt 0.621153 0.132323
vt 0.481077 0.534539
vt 0.482359 0.530669
vt 0.482359 0.534539
vt 0.582637 0.060265
vt 0.589652 0.058658
vt 0.663341 0.125334
vt 0.662773 0.119698
vt 0.664332 0.124521
vt 0.825923 0.580205
vt 0.829792 0.574769
vt 0.829792 0.580205
vt 0.825923 0.574769
vt 0.829792 0.569701
vt 0.662275 0.051505
vt 0.665103 0.054951
vt 0.657694 0.058148
vt 0.869891 0.304138
vt 0.866021 0.309206
vt 0.866021 0.304138
vt 0.869891 0.309206
vt 0.866021 0.314642
vt 0.745586 0.080768
vt 0.741716 0.076310
vt 0.745586 0.076310
vt 0.655677 0.045524
vt 0.646348 0.048837
vt 0.651970 0.043048
vt 0.724954 0.565277
vt 0.723672 0.561407
vt 0.724954 0.561407
vt 0.590930 0.047854
vt 0.587763 0.051713
vt 0.654222 0.131276
vt 0.655353 0.130672
vt 0.888075 0.415832
vt 0.891945 0.410396
vt 0.891945 0.415832
vt 0.888075 0.410396
vt 0.891945 0.405328
vt 0.669682 0.062589
vt 0.661791 0.064279
vt 0.667580 0.058658
vt 0.837952 0.580205
vt 0.841822 0.575136
vt 0.841822 0.580205
vt 0.837952 0.575136
vt 0.841822 0.569701
vt 0.725537 0.210717
vt 0.721667 0.206259
vt 0.725537 0.206259
vt 0.652480 0.052934
vt 0.659123 0.048353
vt 0.724954 0.589056
vt 0.723672 0.585186
vt 0.724954 0.585186
vt 0.594459 0.044325
vt 0.640975 0.131350
vt 0.645346 0.134953
vt 0.644119 0.135325
vt 0.669682 0.101434
vt 0.667580 0.105366
vt 0.661791 0.099744
vt 0.268555 0.758202
vt 0.272425 0.752767
vt 0.272425 0.758202
vt 0.268555 0.752767
vt 0.272425 0.747699
vt 0.671388 0.066708
vt 0.672682 0.070974
vt 0.664613 0.071092
vt 0.637320 0.474677
vt 0.633450 0.479745
vt 0.633450 0.474677
vt 0.637320 0.479745
vt 0.633450 0.485181
vt 0.723532 0.327978
vt 0.719662 0.323520
vt 0.723532 0.323520
vt 0.611887 0.029070
vt 0.616258 0.032673
vt 0.611481 0.034122
vt 0.606870 0.036032
vt 0.602468 0.038385
vt 0.633420 0.137325
vt 0.636079 0.132323
vt 0.634696 0.137199
vt 0.180339 0.633789
vt 0.184209 0.628353
vt 0.184209 0.633789
vt 0.180339 0.628353
vt 0.184209 0.623285
vt 0.635282 0.126947
vt 0.630845 0.127384
vt 0.632303 0.119447
vt 0.148260 0.662885
vt 0.152130 0.657817
vt 0.152130 0.662885
vt 0.148260 0.657817
vt 0.152130 0.652381
vt 0.723532 0.377889
vt 0.719662 0.373431
vt 0.723532 0.373431
vt 0.623813 0.137325
vt 0.622536 0.137199
vt 0.631112 0.132813
vt 0.813893 0.585616
vt 0.817763 0.580180
vt 0.817763 0.585616
vt 0.813893 0.580180
vt 0.817763 0.575112
vt 0.673988 0.084241
vt 0.673551 0.088677
vt 0.666051 0.085699
vt 0.192369 0.633789
vt 0.196238 0.628720
vt 0.196238 0.633789
vt 0.192369 0.628720
vt 0.196238 0.623285
vt 0.709497 0.415581
vt 0.705628 0.411123
vt 0.709497 0.411123
vt 0.673551 0.075346
vt 0.633420 0.026698
vt 0.636079 0.031700
vt 0.631112 0.031210
vt 0.626121 0.031210
vt 0.621153 0.031700
vt 0.611887 0.134953
vt 0.616258 0.131350
vt 0.613114 0.135325
vt 0.869891 0.540900
vt 0.866021 0.546336
vt 0.866021 0.540900
vt 0.869891 0.546336
vt 0.866021 0.551404
vt 0.671388 0.097315
vt 0.664613 0.092931
vt 0.672682 0.093049
vt 0.172319 0.670836
vt 0.176189 0.665768
vt 0.176189 0.670836
vt 0.172319 0.665768
vt 0.176189 0.660332
vt 0.583188 0.038090
vt 0.579318 0.033632
vt 0.583188 0.033632
vt 0.666051 0.078325
vt 0.673988 0.079783
vt 0.662275 0.112518
vt 0.657694 0.105875
vt 0.665103 0.109072
vt 0.603011 0.131276
vt 0.601880 0.130672
vt 0.503131 0.595719
vt 0.507001 0.590283
vt 0.507001 0.595719
vt 0.503131 0.590283
vt 0.507001 0.585215
vt 0.853991 0.543158
vt 0.857861 0.538089
vt 0.857861 0.543158
vt 0.853991 0.538089
vt 0.857861 0.532654
vt 0.723532 0.340456
vt 0.719662 0.335998
vt 0.723532 0.335998
vt 0.723672 0.624724
vt 0.724954 0.620854
vt 0.724954 0.624724
vt 0.635455 0.370129
vt 0.639325 0.364693
vt 0.639325 0.370129
vt 0.635455 0.364693
vt 0.639325 0.359625
vt 0.869891 0.485330
vt 0.866021 0.490398
vt 0.866021 0.485330
vt 0.869891 0.490398
vt 0.866021 0.495833
vt 0.591207 0.281897
vt 0.587337 0.277439
vt 0.591207 0.277439
vt 0.669469 0.112310
vt 0.585294 0.116736
vt 0.586107 0.117727
vt 0.192369 0.652312
vt 0.196238 0.646876
vt 0.196238 0.652312
vt 0.192369 0.646876
vt 0.196238 0.641808
vt 0.866021 0.259071
vt 0.869891 0.254003
vt 0.869891 0.259071
vt 0.866021 0.254003
vt 0.869891 0.248567
vt 0.723532 0.352933
vt 0.719662 0.348475
vt 0.723532 0.348475
vt 0.579352 0.107617
vt 0.584990 0.108160
vt 0.579956 0.108748
vt 0.281867 0.747699
vt 0.280585 0.751568
vt 0.280585 0.747699
vt 0.669469 0.051713
vt 0.866021 0.351689
vt 0.869891 0.346253
vt 0.869891 0.351689
vt 0.866021 0.346253
vt 0.869891 0.341185
vt 0.862011 0.588451
vt 0.865881 0.583383
vt 0.865881 0.588451
vt 0.862011 0.583383
vt 0.865881 0.577947
vt 0.723532 0.265590
vt 0.719662 0.261132
vt 0.723532 0.261132
vt 0.575675 0.098741
vt 0.575303 0.097514
vt 0.707632 0.475625
vt 0.708915 0.471755
vt 0.708915 0.475625
vt 0.724954 0.525738
vt 0.723672 0.529608
vt 0.723672 0.525738
vt 0.674595 0.060265
vt 0.829932 0.543158
vt 0.833802 0.537722
vt 0.833802 0.543158
vt 0.829932 0.537722
vt 0.833802 0.532654
vt 0.582637 0.103758
vt 0.589652 0.105366
vt 0.180339 0.615265
vt 0.184209 0.610197
vt 0.184209 0.615265
vt 0.180339 0.610197
vt 0.184209 0.604761
vt 0.739571 0.217380
vt 0.735701 0.212922
vt 0.739571 0.212922
vt 0.386846 0.526391
vt 0.388128 0.522521
vt 0.388128 0.526391
vt 0.724954 0.600945
vt 0.723672 0.597075
vt 0.724954 0.597075
vt 0.676506 0.099147
vt 0.676506 0.064877
vt 0.677954 0.069653
vt 0.866021 0.532881
vt 0.869891 0.527445
vt 0.869891 0.532881
vt 0.866021 0.527445
vt 0.869891 0.522377
vt 0.674595 0.103758
vt 0.866021 0.277595
vt 0.869891 0.272526
vt 0.869891 0.277595
vt 0.866021 0.272526
vt 0.869891 0.267091
vt 0.502991 0.528212
vt 0.499121 0.523754
vt 0.502991 0.523754
vt 0.611481 0.129901
vt 0.623813 0.026698
vt 0.622536 0.026824
vt 0.679417 0.079516
vt 0.970277 0.249617
vt 0.974146 0.244181
vt 0.974146 0.249617
vt 0.970277 0.244181
vt 0.974146 0.239113
vt 0.974146 0.620095
vt 0.970277 0.625164
vt 0.970277 0.620095
vt 0.974146 0.625164
vt 0.970277 0.630599
vt 0.723532 0.315500
vt 0.719662 0.311042
vt 0.723532 0.311042
vt 0.463032 0.678780
vt 0.464315 0.682650
vt 0.463032 0.682650
vt 0.699613 0.487515
vt 0.700895 0.483645
vt 0.700895 0.487515
vt 0.594957 0.112518
vt 0.599539 0.105875
vt 0.719662 0.278068
vt 0.723532 0.273610
vt 0.723532 0.278068
vt 0.184209 0.641808
vt 0.180339 0.647244
vt 0.180339 0.641808
vt 0.184209 0.647244
vt 0.180339 0.652312
vt 0.160290 0.670836
vt 0.164160 0.665767
vt 0.164160 0.670836
vt 0.160290 0.665767
vt 0.164160 0.660332
vt 0.465037 0.706429
vt 0.466320 0.702559
vt 0.466320 0.706429
vt 0.462310 0.666891
vt 0.461028 0.670761
vt 0.461028 0.666891
vt 0.645751 0.129901
vt 0.695463 0.411670
vt 0.691593 0.416128
vt 0.691593 0.411670
vt 0.504996 0.603739
vt 0.501126 0.609174
vt 0.501126 0.603739
vt 0.504996 0.609174
vt 0.501126 0.614243
vt 0.970277 0.231094
vt 0.974146 0.226025
vt 0.974146 0.231094
vt 0.970277 0.226025
vt 0.974146 0.220590
vt 0.609194 0.123077
vt 0.610884 0.115186
vt 0.599367 0.484760
vt 0.603237 0.480303
vt 0.603237 0.484760
vt 0.851986 0.171868
vt 0.855856 0.166433
vt 0.855856 0.171868
vt 0.851986 0.166433
vt 0.855856 0.161365
vt 0.598110 0.115671
vt 0.604753 0.111089
vt 0.866021 0.477310
vt 0.869891 0.472242
vt 0.869891 0.477310
vt 0.866021 0.472242
vt 0.869891 0.466806
vt 0.573303 0.077208
vt 0.578304 0.074548
vt 0.681557 0.065282
vt 0.468325 0.714449
vt 0.467042 0.718319
vt 0.467042 0.714449
vt 0.725537 0.003906
vt 0.721667 0.008364
vt 0.721667 0.003906
vt 0.866021 0.569928
vt 0.869891 0.564492
vt 0.869891 0.569928
vt 0.866021 0.564492
vt 0.869891 0.559424
vt 0.724954 0.537628
vt 0.723672 0.541498
vt 0.723672 0.537628
vt 0.869891 0.322661
vt 0.866021 0.327729
vt 0.866021 0.322661
vt 0.869891 0.327729
vt 0.866021 0.333165
vt 0.575675 0.065282
vt 0.575303 0.066509
vt 0.723672 0.573296
vt 0.724954 0.577166
vt 0.723672 0.577166
vt 0.723532 0.298565
vt 0.719662 0.303023
vt 0.719662 0.298565
vt 0.866021 0.240547
vt 0.869891 0.235112
vt 0.869891 0.240547
vt 0.866021 0.235112
vt 0.869891 0.230044
vt 0.587551 0.101434
vt 0.595442 0.099744
vt 0.501126 0.651290
vt 0.504996 0.646221
vt 0.504996 0.651290
vt 0.501126 0.646221
vt 0.504996 0.640786
vt 0.573303 0.086815
vt 0.573429 0.088091
vt 0.579352 0.056406
vt 0.584990 0.055863
vt 0.719662 0.365411
vt 0.723532 0.360953
vt 0.723532 0.365411
vt 0.841962 0.543158
vt 0.845832 0.537722
vt 0.845832 0.543158
vt 0.841962 0.537722
vt 0.845832 0.532654
vt 0.585845 0.097315
vt 0.592620 0.092931
vt 0.168310 0.615265
vt 0.172179 0.610197
vt 0.172179 0.615265
vt 0.168310 0.610197
vt 0.172179 0.604761
vt 0.585294 0.047287
vt 0.593892 0.125334
vt 0.592900 0.124521
vt 0.615266 0.480776
vt 0.611396 0.485234
vt 0.611396 0.480776
vt 0.168310 0.633789
vt 0.172179 0.628353
vt 0.172179 0.633789
vt 0.168310 0.628353
vt 0.172179 0.623285
vt 0.763770 0.600526
vt 0.767640 0.595457
vt 0.767640 0.600526
vt 0.763770 0.595457
vt 0.767640 0.590022
vt 0.713647 0.711127
vt 0.714930 0.714997
vt 0.713647 0.714997
vt 0.593892 0.038689
vt 0.592900 0.039502
vt 0.677419 0.125741
vt 0.673549 0.130199
vt 0.673549 0.125741
vt 0.184349 0.670836
vt 0.188219 0.665400
vt 0.188219 0.670836
vt 0.184349 0.665400
vt 0.188219 0.660332
vt 0.603011 0.032747
vt 0.601880 0.033351
vt 0.962117 0.236813
vt 0.958247 0.241881
vt 0.958247 0.236813
vt 0.962117 0.241881
vt 0.958247 0.247317
vt 0.961027 0.607824
vt 0.958247 0.602526
vt 0.961027 0.602526
vt 0.961027 0.613121
vt 0.958247 0.607824
vt 0.961027 0.448895
vt 0.958247 0.613121
vt 0.961027 0.454192
vt 0.958247 0.448895
vt 0.961027 0.459490
vt 0.958247 0.454192
vt 0.961027 0.464787
vt 0.958247 0.459490
vt 0.961027 0.470085
vt 0.958247 0.464787
vt 0.961027 0.475383
vt 0.958247 0.470085
vt 0.961027 0.480680
vt 0.958247 0.475383
vt 0.961027 0.485978
vt 0.958247 0.480680
vt 0.961027 0.491276
vt 0.958247 0.485978
vt 0.961027 0.496573
vt 0.958247 0.491276
vt 0.961027 0.501871
vt 0.958247 0.496573
vt 0.961027 0.507169
vt 0.958247 0.501871
vt 0.961027 0.512466
vt 0.958247 0.507169
vt 0.961027 0.517764
vt 0.958247 0.512466
vt 0.961027 0.523061
vt 0.958247 0.517764
vt 0.961027 0.528359
vt 0.958247 0.523061
vt 0.961027 0.533657
vt 0.958247 0.528359
vt 0.961027 0.538954
vt 0.958247 0.533657
vt 0.961027 0.544252
vt 0.958247 0.538954
vt 0.961027 0.549550
vt 0.958247 0.544252
vt 0.961027 0.554847
vt 0.958247 0.549550
vt 0.961027 0.560145
vt 0.958247 0.554847
vt 0.961027 0.565443
vt 0.958247 0.560145
vt 0.961027 0.570740
vt 0.958247 0.565443
vt 0.961027 0.576038
vt 0.958247 0.570740
vt 0.961027 0.581335
vt 0.958247 0.576038
vt 0.961027 0.586633
vt 0.958247 0.581335
vt 0.961027 0.591931
vt 0.958247 0.586633
vt 0.961027 0.597228
vt 0.958247 0.591931
vt 0.958247 0.597228
vt 0.466713 0.832629
vt 0.448955 0.839881
vt 0.464331 0.830995
vt 0.472187 0.883939
vt 0.490118 0.877038
vt 0.474532 0.885622
vt 0.495686 0.867642
vt 0.493190 0.848548
vt 0.495679 0.849883
vt 0.490193 0.843200
vt 0.475253 0.831121
vt 0.490479 0.840327
vt 0.448497 0.873594
vt 0.463656 0.885348
vt 0.448273 0.876474
vt 0.614201 0.174943
vt 0.597298 0.145601
vt 0.614220 0.155392
vt 0.445910 0.847974
vt 0.442921 0.866953
vt 0.443280 0.849163
vt 0.472856 0.817596
vt 0.472837 0.832590
vt 0.434684 0.880515
vt 0.490053 0.874211
vt 0.505980 0.877388
vt 0.503029 0.881724
vt 0.507712 0.843561
vt 0.432406 0.875791
vt 0.445401 0.868310
vt 0.466057 0.883861
vt 0.463115 0.898930
vt 0.493080 0.868887
vt 0.507712 0.875115
vt 0.464791 0.816844
vt 0.467626 0.817207
vt 0.430954 0.873494
vt 0.501766 0.884130
vt 0.465823 0.898858
vt 0.475572 0.817487
vt 0.449043 0.842704
vt 0.437463 0.832622
vt 0.506295 0.841252
vt 0.471039 0.899332
vt 0.436172 0.835003
vt 0.504098 0.836497
vt 0.431385 0.841528
vt 0.433153 0.839284
vt 0.597262 0.184703
vt 0.600039 0.188932
vt 0.594488 0.188912
vt 0.619252 0.174654
vt 0.616460 0.179449
vt 0.616496 0.150874
vt 0.619252 0.155691
vt 0.594521 0.141372
vt 0.600071 0.141392
vt 0.580359 0.155362
vt 0.575308 0.155651
vt 0.578099 0.150856
vt 0.580340 0.174912
vt 0.578064 0.179430
vt 0.575308 0.174614
vt 0.386846 0.277892
vt 0.468325 0.730208
vt 0.723532 0.290545
vt 0.168310 0.641808
vt 0.525185 0.525275
vt 0.655353 0.033351
vt 0.268555 0.770092
vt 0.388128 0.580933
vt 0.719662 0.398386
vt 0.501126 0.622262
vt 0.841962 0.551177
vt 0.664332 0.039502
vt 0.229740 0.608631
vt 0.280585 0.763458
vt 0.591207 0.269419
vt 0.829792 0.355122
vt 0.573303 0.116762
vt 0.388128 0.592823
vt 0.537214 0.714527
vt 0.849982 0.569701
vt 0.869891 0.370212
vt 0.721667 0.513849
vt 0.386846 0.534411
vt 0.723532 0.253112
vt 0.869891 0.296118
vt 0.525185 0.506751
vt 0.723672 0.549517
vt 0.747731 0.405930
vt 0.196238 0.615265
vt 0.851986 0.142841
vt 0.463032 0.690670
vt 0.587337 0.252484
vt 0.869891 0.514357
vt 0.501126 0.659309
vt 0.683804 0.088091
vt 0.724954 0.612835
vt 0.685578 0.127690
vt 0.501126 0.677833
vt 0.817763 0.567092
vt 0.402162 0.754338
vt 0.689588 0.475790
vt 0.857861 0.561681
vt 0.196378 0.660332
vt 0.561273 0.271899
vt 0.775800 0.590022
vt 0.829932 0.551177
vt 0.561273 0.259421
vt 0.238482 0.604761
vt 0.504996 0.706860
vt 0.866021 0.448283
vt 0.719662 0.390366
vt 0.481077 0.530669
vt 0.658915 0.122865
vt 0.825923 0.569701
vt 0.869891 0.314642
vt 0.741716 0.080768
vt 0.723672 0.565277
vt 0.888075 0.405328
vt 0.837952 0.569701
vt 0.721667 0.210717
vt 0.723672 0.589056
vt 0.598318 0.041158
vt 0.268555 0.747699
vt 0.637320 0.485181
vt 0.719662 0.327978
vt 0.613114 0.028698
vt 0.180339 0.623285
vt 0.148260 0.652381
vt 0.719662 0.377889
vt 0.813893 0.575112
vt 0.192369 0.623285
vt 0.705628 0.415581
vt 0.634696 0.026824
vt 0.869891 0.551404
vt 0.172319 0.660332
vt 0.579318 0.038090
vt 0.503131 0.585215
vt 0.853991 0.532654
vt 0.719662 0.340456
vt 0.723672 0.620854
vt 0.635455 0.359625
vt 0.869891 0.495833
vt 0.587337 0.281897
vt 0.192369 0.641808
vt 0.866021 0.248567
vt 0.719662 0.352933
vt 0.281867 0.751568
vt 0.866021 0.341185
vt 0.862011 0.577947
vt 0.719662 0.265590
vt 0.707632 0.471755
vt 0.724954 0.529608
vt 0.829932 0.532654
vt 0.180339 0.604761
vt 0.735701 0.217380
vt 0.386846 0.522521
vt 0.723672 0.600945
vt 0.866021 0.522377
vt 0.866021 0.267091
vt 0.499121 0.528212
vt 0.970277 0.239113
vt 0.974146 0.630599
vt 0.719662 0.315500
vt 0.464315 0.678780
vt 0.699613 0.483645
vt 0.719662 0.273610
vt 0.184209 0.652312
vt 0.160290 0.660332
vt 0.465037 0.702559
vt 0.462310 0.670761
vt 0.695463 0.416128
vt 0.504996 0.614243
vt 0.970277 0.220590
vt 0.599367 0.480303
vt 0.851986 0.161365
vt 0.866021 0.466806
vt 0.573429 0.075932
vt 0.681930 0.066509
vt 0.468325 0.718319
vt 0.725537 0.008364
vt 0.866021 0.559424
vt 0.724954 0.541498
vt 0.869891 0.333165
vt 0.724954 0.573296
vt 0.723532 0.303023
vt 0.866021 0.230044
vt 0.501126 0.640786
vt 0.579956 0.055275
vt 0.719662 0.360953
vt 0.841962 0.532654
vt 0.168310 0.604761
vt 0.586107 0.046296
vt 0.615266 0.485234
vt 0.168310 0.623285
vt 0.763770 0.590022
vt 0.714930 0.711127
vt 0.677419 0.130199
vt 0.184349 0.660332
vt 0.962117 0.247317
vt 0.435787 0.883151
vt 0.473867 0.899741
vt 0.503038 0.833844
vt 0.829293 0.137588
vt 0.820664 0.134978
vt 0.830022 0.134984
vt 0.827732 0.143008
vt 0.823642 0.149642
vt 0.822699 0.143066
vt 0.821336 0.137597
vt 0.826913 0.149572
vt 0.825338 0.152441
vt 0.812561 0.139657
vt 0.818367 0.145651
vt 0.814452 0.141590
vt 0.822066 0.152510
vt 0.815899 0.150039
vt 0.810482 0.148485
vt 0.807878 0.147757
vt 0.807878 0.157114
vt 0.815972 0.155083
vt 0.810498 0.156442
vt 0.814484 0.163328
vt 0.823762 0.155309
vt 0.812551 0.165219
vt 0.818539 0.159414
vt 0.822943 0.161873
vt 0.821382 0.167293
vt 0.820654 0.169897
vt 0.830009 0.169904
vt 0.827034 0.155239
vt 0.827977 0.161816
vt 0.829338 0.167284
vt 0.836222 0.163293
vt 0.838113 0.165226
vt 0.832308 0.159231
vt 0.842796 0.157127
vt 0.834776 0.154843
vt 0.840192 0.156399
vt 0.828609 0.152371
vt 0.842798 0.147771
vt 0.834703 0.149799
vt 0.840178 0.148441
vt 0.836193 0.141555
vt 0.838126 0.139664
vt 0.832137 0.145468
s 1
usemtl Material.001
f 375/1/1 719/2/2 372/3/3
f 38/4/4 4/5/5 37/6/6
f 11/7/7 43/8/8 42/9/9
f 41/10/10 13/11/10 40/12/11
f 43/8/8 17/13/12 45/14/13
f 44/15/14 13/11/10 41/10/10
f 19/16/15 44/15/14 46/17/16
f 22/18/17 46/17/16 48/19/18
f 1564/20/19 26/21/20 1563/22/21
f 29/23/22 78/24/23 30/25/24
f 51/26/25 37/27/26 35/28/27
f 52/29/28 38/30/29 37/27/26
f 53/31/30 40/32/31 38/30/29
f 54/33/32 41/34/33 40/32/31
f 41/34/33 56/35/34 44/36/35
f 57/37/36 44/36/35 56/35/34
f 58/38/37 46/39/38 57/37/36
f 48/40/39 59/41/40 50/42/41
f 59/43/40 49/44/42 50/45/41
f 60/46/43 47/47/44 49/44/42
f 61/48/45 45/49/46 47/47/44
f 62/50/47 43/51/48 45/49/46
f 43/51/48 64/52/49 42/53/50
f 42/53/50 65/54/51 39/55/52
f 66/56/53 39/55/52 65/54/51
f 51/26/25 36/57/54 66/56/53
f 40/12/11 7/58/55 38/4/4
f 44/15/14 16/59/56 13/11/10
f 13/11/10 10/60/57 40/12/11
f 22/18/17 1563/22/21 25/61/58
f 1567/62/59 1/63/60 1566/64/60
f 39/65/61 36/66/62 1567/62/59
f 47/67/63 23/68/64 1564/20/19
f 49/69/65 47/67/63 1564/20/19
f 8/70/66 1567/62/59 5/71/67
f 5/71/67 1566/64/60 2/72/60
f 17/13/12 47/67/63 45/14/13
f 39/65/61 11/7/7 42/9/9
f 357/73/68 715/74/68 714/75/68
f 1563/76/21 374/77/69 25/78/58
f 3/79/10 52/80/10 51/81/10
f 6/82/10 53/83/10 52/80/10
f 9/84/10 54/85/10 53/83/10
f 12/86/10 55/87/10 54/85/10
f 18/88/10 55/87/10 15/89/10
f 24/90/10 57/91/10 21/92/10
f 27/93/10 58/94/10 24/90/10
f 27/95/10 60/96/10 59/97/10
f 28/98/10 61/99/10 60/96/10
f 29/100/10 62/101/10 61/99/10
f 30/102/10 63/103/10 62/101/10
f 33/104/10 64/105/10 32/106/10
f 3/79/10 66/107/10 34/108/10
f 34/108/10 65/109/10 33/104/10
f 21/92/10 56/110/10 18/88/10
f 32/106/10 63/103/10 31/111/10
f 9/112/70 70/113/71 12/114/72
f 30/25/24 79/115/73 31/116/73
f 12/114/72 71/117/74 15/118/74
f 33/119/75 80/120/76 81/121/77
f 18/122/78 71/117/74 72/123/79
f 3/124/80 82/125/81 67/126/80
f 24/127/82 73/128/83 74/129/84
f 34/130/85 81/121/77 82/125/81
f 27/131/86 74/129/84 75/132/86
f 21/133/87 72/123/79 73/128/83
f 27/134/86 76/135/88 28/136/89
f 3/124/80 68/137/90 6/138/91
f 32/139/92 79/115/73 80/120/76
f 28/136/89 77/140/93 29/23/22
f 6/138/91 69/141/94 9/112/70
f 78/142/10 93/143/10 94/144/10
f 69/145/10 84/146/10 85/147/10
f 77/148/10 92/149/10 93/143/10
f 79/150/10 96/151/10 80/152/10
f 68/153/10 83/154/10 84/146/10
f 76/155/10 91/156/10 92/149/10
f 72/157/10 89/158/10 73/159/10
f 74/160/10 91/161/10 75/162/10
f 81/163/10 98/164/10 82/165/10
f 73/159/10 90/166/10 74/160/10
f 82/165/10 83/154/10 67/167/10
f 71/168/10 88/169/10 72/157/10
f 80/152/10 97/170/10 81/163/10
f 71/168/10 86/171/10 87/172/10
f 79/150/10 94/144/10 95/173/10
f 70/174/10 85/147/10 86/171/10
f 84/175/95 101/176/96 85/177/97
f 113/178/98 130/179/99 114/180/100
f 94/181/101 109/182/102 110/183/103
f 85/177/97 102/184/104 86/185/105
f 95/186/106 110/183/103 111/187/107
f 86/185/105 103/188/108 87/189/109
f 96/190/110 113/178/98 97/191/111
f 88/192/112 103/188/108 104/193/113
f 98/194/114 99/195/115 83/196/116
f 90/197/117 105/198/118 106/199/119
f 97/191/111 114/180/100 98/194/114
f 91/200/120 106/199/119 107/201/121
f 89/202/122 104/193/113 105/198/118
f 92/203/123 107/204/121 108/205/124
f 83/196/116 100/206/125 84/175/95
f 95/186/106 112/207/126 96/190/110
f 93/208/127 108/205/124 109/182/102
f 118/209/128 135/210/129 119/211/130
f 107/201/121 122/212/131 123/213/132
f 105/198/118 120/214/133 121/215/134
f 108/205/124 123/216/132 124/217/135
f 99/195/115 116/218/136 100/206/125
f 111/187/107 128/219/137 112/207/126
f 109/182/102 124/217/135 125/220/138
f 100/206/125 117/221/139 101/176/96
f 110/183/103 125/220/138 126/222/140
f 101/176/96 118/209/128 102/184/104
f 111/187/107 126/222/140 127/223/141
f 102/184/104 119/211/130 103/188/108
f 112/207/126 129/224/142 113/178/98
f 104/193/113 119/211/130 120/214/133
f 114/180/100 115/225/143 99/195/115
f 106/199/119 121/215/134 122/212/131
f 141/226/144 156/227/145 157/228/146
f 128/219/137 145/229/147 129/224/142
f 120/214/133 135/210/129 136/230/148
f 130/179/99 131/231/149 115/225/143
f 122/212/131 137/232/150 138/233/151
f 129/224/142 146/234/152 130/179/99
f 123/213/132 138/233/151 139/235/153
f 121/215/134 136/230/148 137/232/150
f 124/217/135 139/236/153 140/237/154
f 115/225/143 132/238/155 116/218/136
f 127/223/141 144/239/156 128/219/137
f 125/220/138 140/237/154 141/226/144
f 116/218/136 133/240/157 117/221/139
f 126/222/140 141/226/144 142/241/158
f 117/221/139 134/242/159 118/209/128
f 127/223/141 142/241/158 143/243/160
f 161/244/161 178/245/162 162/246/163
f 132/238/155 149/247/164 133/240/157
f 142/241/158 157/228/146 158/248/165
f 133/240/157 150/249/166 134/242/159
f 143/243/160 158/248/165 159/250/167
f 134/242/159 151/251/168 135/210/129
f 144/239/156 161/244/161 145/229/147
f 136/230/148 151/251/168 152/252/169
f 146/234/152 147/253/170 131/231/149
f 138/233/151 153/254/171 154/255/172
f 145/229/147 162/246/163 146/234/152
f 139/235/153 154/255/172 155/256/173
f 137/232/150 152/252/169 153/254/171
f 140/237/154 155/257/173 156/227/145
f 131/231/149 148/258/174 132/238/155
f 143/243/160 160/259/175 144/239/156
f 176/260/176 193/261/177 177/262/178
f 155/256/173 170/263/179 171/264/180
f 153/254/171 168/265/181 169/266/182
f 156/227/145 171/267/180 172/268/183
f 147/253/170 164/269/184 148/258/174
f 159/250/167 176/260/176 160/259/175
f 157/228/146 172/268/183 173/270/185
f 148/258/174 165/271/186 149/247/164
f 158/248/165 173/270/185 174/272/187
f 149/247/164 166/273/188 150/249/166
f 159/250/167 174/272/187 175/274/189
f 150/249/166 167/275/190 151/251/168
f 160/259/175 177/262/178 161/244/161
f 152/252/169 167/275/190 168/265/181
f 162/246/163 163/276/191 147/253/170
f 154/255/172 169/266/182 170/263/179
f 180/277/192 197/278/193 181/279/194
f 168/265/181 183/280/195 184/281/196
f 178/245/162 179/282/197 163/276/191
f 170/263/179 185/283/198 186/284/199
f 177/262/178 194/285/200 178/245/162
f 171/264/180 186/284/199 187/286/201
f 169/266/182 184/281/196 185/283/198
f 172/268/183 187/287/201 188/288/202
f 163/276/191 180/277/192 164/269/184
f 175/274/189 192/289/203 176/260/176
f 173/270/185 188/288/202 189/290/204
f 164/269/184 181/279/194 165/271/186
f 174/272/187 189/290/204 190/291/205
f 165/271/186 182/292/206 166/273/188
f 175/274/189 190/291/205 191/293/207
f 166/273/188 183/280/195 167/275/190
f 202/294/208 219/295/209 203/296/210
f 190/291/205 205/297/211 206/298/212
f 181/279/194 198/299/213 182/292/206
f 191/293/207 206/298/212 207/300/214
f 182/292/206 199/301/215 183/280/195
f 192/289/203 209/302/216 193/261/177
f 184/281/196 199/301/215 200/303/217
f 194/285/200 195/304/218 179/282/197
f 186/284/199 201/305/219 202/294/208
f 193/261/177 210/306/220 194/285/200
f 187/286/201 202/294/208 203/296/210
f 185/283/198 200/303/217 201/305/219
f 188/288/202 203/307/210 204/308/221
f 179/282/197 196/309/222 180/277/192
f 191/293/207 208/310/223 192/289/203
f 189/290/204 204/308/221 205/297/211
f 226/311/224 227/312/225 211/313/226
f 200/303/217 217/314/227 201/305/219
f 203/307/210 220/315/228 204/308/221
f 196/309/222 211/313/226 212/316/229
f 208/310/223 223/317/230 224/318/231
f 204/308/221 221/319/232 205/297/211
f 197/278/193 212/316/229 213/320/233
f 205/297/211 222/321/234 206/298/212
f 198/299/213 213/320/233 214/322/235
f 206/298/212 223/317/230 207/300/214
f 199/301/215 214/322/235 215/323/236
f 209/302/216 224/318/231 225/324/237
f 199/301/215 216/325/238 200/303/217
f 195/304/218 226/311/224 211/313/226
f 201/305/219 218/326/239 202/294/208
f 210/306/220 225/324/237 226/311/224
f 231/327/240 246/328/241 247/329/240
f 217/314/227 234/330/242 218/326/239
f 225/324/237 242/331/243 226/311/224
f 218/326/239 235/332/244 219/295/209
f 216/325/238 233/333/245 217/314/227
f 220/315/228 235/334/244 236/335/246
f 212/316/229 227/312/225 228/336/247
f 223/317/230 240/337/248 224/318/231
f 221/319/232 236/335/246 237/338/249
f 213/320/233 228/336/247 229/339/250
f 222/321/234 237/338/249 238/340/251
f 214/322/235 229/339/250 230/341/252
f 223/317/230 238/340/251 239/342/253
f 215/323/236 230/341/252 231/343/254
f 224/318/231 241/344/255 225/324/237
f 215/323/236 232/345/256 216/325/238
f 253/346/257 284/347/258 285/348/259
f 240/349/260 257/350/261 241/351/262
f 231/327/240 248/352/263 232/353/264
f 242/354/265 243/355/266 227/356/267
f 233/357/268 250/358/269 234/359/270
f 241/351/262 258/360/271 242/354/265
f 234/359/270 251/361/272 235/362/273
f 232/353/264 249/363/274 233/357/268
f 236/364/275 251/365/272 252/366/276
f 228/367/277 243/355/266 244/368/278
f 239/369/279 256/370/280 240/349/260
f 237/371/281 252/366/276 253/372/282
f 229/373/283 244/368/278 245/374/284
f 238/375/285 253/372/282 254/376/286
f 230/377/287 245/374/284 246/328/241
f 239/369/279 254/376/286 255/378/288
f 263/379/289 294/380/290 295/381/291
f 245/382/292 276/383/293 277/384/294
f 254/385/295 285/348/259 286/386/296
f 246/387/297 277/384/294 278/388/298
f 255/389/299 286/386/296 287/390/299
f 247/391/10 278/388/298 279/392/10
f 256/393/300 289/394/301 257/395/302
f 247/391/10 280/396/303 248/397/304
f 243/398/305 290/399/306 275/400/307
f 249/401/308 282/402/309 250/403/310
f 257/395/302 290/399/306 258/404/311
f 250/403/310 283/405/312 251/406/313
f 248/397/304 281/407/314 249/401/308
f 251/408/313 284/347/258 252/409/315
f 244/410/316 275/400/307 276/383/293
f 255/389/299 288/411/317 256/393/300
f 260/412/318 275/413/319 259/414/320
f 261/415/321 276/416/322 260/412/318
f 262/417/323 277/418/324 261/415/321
f 263/419/325 278/420/326 262/417/323
f 263/419/325 280/421/327 279/422/328
f 265/423/329 282/424/330 281/425/331
f 266/426/332 283/427/333 282/424/330
f 268/428/334 283/429/333 267/430/335
f 269/431/336 284/432/337 268/428/334
f 270/433/338 285/434/339 269/431/336
f 271/435/340 286/436/341 270/433/338
f 272/437/342 289/438/343 288/439/344
f 274/440/345 275/413/319 290/441/346
f 273/442/347 290/441/346 289/438/343
f 264/443/348 281/425/331 280/421/327
f 271/435/340 288/439/344 287/444/349
f 272/445/350 305/446/351 273/447/352
f 263/379/289 296/448/353 264/449/354
f 274/450/355 291/451/356 259/452/357
f 265/453/358 298/454/359 266/455/360
f 273/447/352 306/456/361 274/450/355
f 266/455/360 299/457/362 267/458/363
f 264/449/354 297/459/364 265/453/358
f 268/460/365 299/461/362 300/462/366
f 260/463/367 291/451/356 292/464/368
f 271/465/369 304/466/370 272/445/350
f 269/467/371 300/462/366 301/468/372
f 261/469/373 292/464/368 293/470/374
f 270/471/375 301/468/372 302/472/376
f 262/473/377 293/470/374 294/380/290
f 271/465/369 302/472/376 303/474/378
f 305/446/351 322/475/379 306/456/361
f 320/476/380 337/477/381 321/478/382
f 298/454/359 315/479/383 299/457/362
f 296/448/353 313/480/384 297/459/364
f 300/462/366 315/481/383 316/482/385
f 292/464/368 307/483/386 308/484/387
f 303/474/378 320/476/380 304/466/370
f 301/468/372 316/482/385 317/485/388
f 293/470/374 308/484/387 309/486/389
f 302/472/376 317/485/388 318/487/390
f 294/380/290 309/486/389 310/488/391
f 303/474/378 318/487/390 319/489/392
f 295/381/291 310/488/391 311/490/393
f 304/466/370 321/478/382 305/446/351
f 295/381/291 312/491/394 296/448/353
f 306/456/361 307/483/386 291/451/356
f 297/459/364 314/492/395 298/454/359
f 325/493/396 340/494/397 341/495/398
f 311/490/393 328/496/399 312/491/394
f 322/475/379 323/497/400 307/483/386
f 313/480/384 330/498/401 314/492/395
f 321/478/382 338/499/402 322/475/379
f 314/492/395 331/500/403 315/479/383
f 312/491/394 329/501/404 313/480/384
f 316/482/385 331/502/403 332/503/405
f 308/484/387 323/497/400 324/504/406
f 319/489/392 336/505/407 320/476/380
f 317/485/388 332/503/405 333/506/408
f 309/486/389 324/504/406 325/493/396
f 318/487/390 333/506/408 334/507/409
f 310/488/391 325/493/396 326/508/410
f 319/489/392 334/507/409 335/509/411
f 311/490/393 326/508/410 327/510/412
f 334/507/409 349/511/413 350/512/414
f 326/508/410 341/495/398 342/513/415
f 335/509/411 350/512/414 351/514/253
f 327/510/412 342/513/415 343/515/254
f 336/505/407 353/516/416 337/477/381
f 327/510/412 344/517/417 328/496/399
f 338/499/402 339/518/418 323/497/400
f 329/501/404 346/519/419 330/498/401
f 337/477/381 354/520/420 338/499/402
f 330/498/401 347/521/421 331/500/403
f 328/496/399 345/522/422 329/501/404
f 332/503/405 347/523/421 348/524/423
f 324/504/406 339/518/418 340/494/397
f 335/509/411 352/525/424 336/505/407
f 333/506/408 348/524/423 349/511/413
f 26/526/1 712/527/425 713/528/1
f 356/529/426 388/530/427 387/531/428
f 393/532/429 363/533/430 392/534/431
f 391/535/299 390/536/432 365/537/299
f 393/532/429 369/538/433 366/539/434
f 394/540/435 391/535/299 365/537/299
f 371/541/436 394/540/435 368/542/437
f 396/543/438 374/77/69 398/544/439
f 26/545/20 1562/546/440 1563/76/21
f 428/547/441 379/548/442 380/549/443
f 387/550/444 401/551/445 385/552/446
f 402/553/447 388/554/448 403/555/30
f 403/555/30 390/556/31 404/557/32
f 391/558/33 404/557/32 390/556/31
f 391/558/33 406/559/34 405/560/33
f 394/561/35 407/562/36 406/559/34
f 396/563/449 408/564/450 407/562/36
f 398/565/451 409/566/452 408/564/450
f 409/567/452 399/568/453 410/569/454
f 410/569/454 397/570/455 411/571/456
f 395/572/457 411/571/456 397/570/455
f 412/573/458 393/574/459 413/575/68
f 393/574/459 414/576/460 413/575/68
f 392/577/461 415/578/462 414/576/460
f 389/579/463 416/580/464 415/578/462
f 386/581/465 401/551/445 416/580/464
f 390/536/432 359/582/466 362/583/467
f 394/540/435 365/537/299 368/542/437
f 365/537/299 390/536/432 362/583/467
f 1564/20/19 50/584/468 49/69/65
f 1/63/60 1565/585/469 1566/64/60
f 37/6/6 1567/62/59 35/586/470
f 389/587/471 1565/585/469 386/588/472
f 397/589/473 375/590/474 372/591/475
f 399/592/476 1562/546/440 397/589/473
f 360/593/477 1565/585/469 389/587/471
f 1566/64/60 357/594/478 2/72/60
f 397/589/473 369/538/433 395/595/479
f 389/587/471 363/533/430 360/593/477
f 14/596/68 710/597/480 17/598/480
f 363/599/68 717/600/68 716/601/68
f 387/531/428 1565/585/469 356/529/426
f 399/592/476 400/602/481 1562/546/440
f 355/603/299 402/604/299 358/605/299
f 358/605/299 403/606/299 361/607/299
f 361/607/299 404/608/299 364/609/299
f 364/609/299 405/610/299 367/611/299
f 405/610/299 370/612/299 367/611/299
f 407/613/299 376/614/299 373/615/299
f 408/616/299 377/617/299 376/614/299
f 377/618/299 410/619/299 378/620/299
f 378/620/299 411/621/299 379/622/299
f 379/622/299 412/623/299 380/624/299
f 380/624/299 413/625/299 381/626/299
f 414/627/299 383/628/299 382/629/299
f 416/630/299 355/603/299 384/631/299
f 415/632/299 384/631/299 383/628/299
f 406/633/299 373/615/299 370/612/299
f 413/625/299 382/629/299 381/626/299
f 420/634/482 361/635/483 364/636/484
f 429/637/485 380/549/443 381/638/485
f 421/639/486 364/636/484 367/640/486
f 383/641/487 430/642/488 382/643/489
f 370/644/490 421/639/486 367/640/486
f 355/645/491 432/646/492 384/647/493
f 376/648/494 423/649/495 373/650/496
f 384/647/493 431/651/497 383/641/487
f 377/652/498 424/653/499 376/648/494
f 373/650/496 422/654/500 370/644/490
f 426/655/501 377/656/498 378/657/502
f 418/658/503 355/645/491 358/659/504
f 382/643/489 429/637/485 381/638/485
f 427/660/505 378/657/502 379/548/442
f 419/661/506 358/659/504 361/635/483
f 428/662/299 443/663/299 427/664/299
f 419/665/299 434/666/299 418/667/299
f 427/664/299 442/668/299 426/669/299
f 446/670/299 429/671/299 430/672/299
f 418/667/299 433/673/299 417/674/299
f 426/669/299 441/675/299 425/676/299
f 439/677/299 422/678/299 423/679/299
f 441/680/299 424/681/299 425/682/299
f 448/683/299 431/684/299 432/685/299
f 440/686/299 423/679/299 424/681/299
f 433/673/299 432/685/299 417/674/299
f 438/687/299 421/688/299 422/678/299
f 447/689/299 430/672/299 431/684/299
f 421/688/299 436/690/299 420/691/299
f 429/671/299 444/692/299 428/662/299
f 420/691/299 435/693/299 419/665/299
f 451/694/507 434/695/508 435/696/509
f 480/697/510 463/698/511 464/699/512
f 444/700/513 459/701/514 443/702/515
f 452/703/516 435/696/509 436/704/517
f 445/705/518 460/706/519 444/700/513
f 453/707/520 436/704/517 437/708/521
f 463/698/511 446/709/522 447/710/523
f 438/711/524 453/707/520 437/708/521
f 449/712/525 448/713/526 433/714/527
f 440/715/528 455/716/529 439/717/530
f 464/699/512 447/710/523 448/713/526
f 441/718/531 456/719/532 440/715/528
f 439/717/530 454/720/533 438/711/524
f 442/721/534 457/722/535 441/723/531
f 450/724/536 433/714/527 434/695/508
f 462/725/537 445/705/518 446/709/522
f 443/702/515 458/726/538 442/721/534
f 485/727/539 468/728/540 469/729/541
f 457/730/535 472/731/542 456/719/532
f 455/716/529 470/732/543 454/720/533
f 458/726/538 473/733/544 457/722/535
f 466/734/545 449/712/525 450/724/536
f 478/735/546 461/736/547 462/725/537
f 459/701/514 474/737/548 458/726/538
f 467/738/549 450/724/536 451/694/507
f 460/706/519 475/739/550 459/701/514
f 468/728/540 451/694/507 452/703/516
f 461/736/547 476/740/551 460/706/519
f 469/729/541 452/703/516 453/707/520
f 479/741/552 462/725/537 463/698/511
f 454/720/533 469/729/541 453/707/520
f 465/742/553 464/699/512 449/712/525
f 456/719/532 471/743/554 455/716/529
f 491/744/555 506/745/556 490/746/557
f 495/747/558 478/735/546 479/741/552
f 470/732/543 485/727/539 469/729/541
f 481/748/559 480/697/510 465/742/553
f 472/731/542 487/749/560 471/743/554
f 496/750/561 479/741/552 480/697/510
f 473/751/544 488/752/562 472/731/542
f 471/743/554 486/753/563 470/732/543
f 474/737/548 489/754/564 473/733/544
f 482/755/565 465/742/553 466/734/545
f 494/756/566 477/757/567 478/735/546
f 475/739/550 490/746/557 474/737/548
f 483/758/568 466/734/545 467/738/549
f 476/740/551 491/744/555 475/739/550
f 484/759/569 467/738/549 468/728/540
f 477/757/567 492/760/570 476/740/551
f 528/761/571 511/762/572 512/763/573
f 499/764/574 482/755/565 483/758/568
f 492/760/570 507/765/575 491/744/555
f 500/766/576 483/758/568 484/759/569
f 493/767/577 508/768/578 492/760/570
f 501/769/579 484/759/569 485/727/539
f 511/762/572 494/756/566 495/747/558
f 486/753/563 501/769/579 485/727/539
f 497/770/580 496/750/561 481/748/559
f 488/752/562 503/771/581 487/749/560
f 512/763/573 495/747/558 496/750/561
f 489/772/564 504/773/582 488/752/562
f 487/749/560 502/774/583 486/753/563
f 490/746/557 505/775/584 489/754/564
f 498/776/585 481/748/559 482/755/565
f 510/777/586 493/767/577 494/756/566
f 543/778/587 526/779/588 527/780/589
f 505/781/584 520/782/590 504/773/582
f 503/771/581 518/783/591 502/774/583
f 506/745/556 521/784/592 505/775/584
f 514/785/593 497/770/580 498/776/585
f 526/779/588 509/786/594 510/777/586
f 507/765/575 522/787/595 506/745/556
f 515/788/596 498/776/585 499/764/574
f 508/768/578 523/789/597 507/765/575
f 516/790/598 499/764/574 500/766/576
f 509/786/594 524/791/599 508/768/578
f 517/792/600 500/766/576 501/769/579
f 527/780/589 510/777/586 511/762/572
f 502/774/583 517/792/600 501/769/579
f 513/793/601 512/763/573 497/770/580
f 504/773/582 519/794/602 503/771/581
f 547/795/603 530/796/604 531/797/605
f 518/783/591 533/798/606 517/792/600
f 529/799/607 528/761/571 513/793/601
f 520/782/590 535/800/608 519/794/602
f 544/801/609 527/780/589 528/761/571
f 521/802/592 536/803/610 520/782/590
f 519/794/602 534/804/611 518/783/591
f 522/787/595 537/805/612 521/784/592
f 530/796/604 513/793/601 514/785/593
f 542/806/613 525/807/614 526/779/588
f 523/789/597 538/808/615 522/787/595
f 531/797/605 514/785/593 515/788/596
f 524/791/599 539/809/616 523/789/597
f 532/810/617 515/788/596 516/790/598
f 525/807/614 540/811/618 524/791/599
f 533/798/606 516/790/598 517/792/600
f 569/812/619 552/813/620 553/814/621
f 540/811/618 555/815/622 539/809/616
f 548/816/623 531/797/605 532/810/617
f 541/817/624 556/818/625 540/811/618
f 549/819/626 532/810/617 533/798/606
f 559/820/627 542/806/613 543/778/587
f 534/804/611 549/819/626 533/798/606
f 545/821/628 544/801/609 529/799/607
f 536/803/610 551/822/629 535/800/608
f 560/823/630 543/778/587 544/801/609
f 537/824/612 552/813/620 536/803/610
f 535/800/608 550/825/631 534/804/611
f 538/808/615 553/826/621 537/805/612
f 546/827/632 529/799/607 530/796/604
f 558/828/633 541/817/624 542/806/613
f 539/809/616 554/829/634 538/808/615
f 577/830/635 576/831/636 561/832/637
f 567/833/638 550/825/631 551/822/629
f 570/834/639 553/826/621 554/829/634
f 546/827/632 561/832/637 545/821/628
f 558/828/633 573/835/640 557/836/641
f 571/837/642 554/829/634 555/815/622
f 547/795/603 562/838/643 546/827/632
f 572/839/644 555/815/622 556/818/625
f 548/816/623 563/840/645 547/795/603
f 573/835/640 556/818/625 557/836/641
f 549/819/626 564/841/646 548/816/623
f 559/820/627 574/842/647 558/828/633
f 566/843/648 549/819/626 550/825/631
f 545/821/628 576/831/636 560/823/630
f 568/844/649 551/822/629 552/813/620
f 560/823/630 575/845/650 559/820/627
f 581/846/651 596/847/652 580/848/653
f 584/849/654 567/833/638 568/844/649
f 592/850/655 575/845/650 576/831/636
f 585/851/656 568/844/649 569/812/619
f 583/852/657 566/843/648 567/833/638
f 570/834/639 585/853/656 569/854/619
f 562/838/643 577/830/635 561/832/637
f 590/855/658 573/835/640 574/842/647
f 571/837/642 586/856/659 570/834/639
f 563/840/645 578/857/660 562/838/643
f 572/839/644 587/858/661 571/837/642
f 564/841/646 579/859/662 563/840/645
f 573/835/640 588/860/663 572/839/644
f 565/861/664 580/862/665 564/841/646
f 591/863/666 574/842/647 575/845/650
f 582/864/667 565/861/664 566/843/648
f 603/865/668 634/866/669 602/867/670
f 607/868/671 590/869/672 591/870/673
f 598/871/674 581/846/651 582/872/675
f 593/873/676 592/874/677 577/875/678
f 600/876/679 583/877/680 584/878/681
f 608/879/682 591/870/673 592/874/677
f 601/880/683 584/878/681 585/881/684
f 599/882/685 582/872/675 583/877/680
f 586/883/686 601/884/683 585/885/684
f 578/886/687 593/873/676 577/875/678
f 606/887/688 589/888/689 590/869/672
f 587/889/690 602/890/691 586/883/686
f 579/891/692 594/892/693 578/886/687
f 588/893/694 603/894/695 587/889/690
f 580/848/653 595/895/696 579/891/692
f 589/888/689 604/896/697 588/893/694
f 613/897/698 644/898/699 612/899/700
f 595/900/701 626/901/702 594/902/703
f 604/903/704 635/904/705 603/865/668
f 596/905/706 627/906/707 595/900/701
f 605/907/10 636/908/708 604/903/704
f 597/909/299 628/910/709 596/905/706
f 639/911/710 606/912/711 607/913/712
f 630/914/713 597/909/299 598/915/714
f 593/916/715 640/917/716 608/918/717
f 632/919/718 599/920/719 600/921/720
f 640/917/716 607/913/712 608/918/717
f 633/922/721 600/921/720 601/923/722
f 631/924/723 598/915/714 599/920/719
f 634/866/669 601/925/722 602/867/670
f 594/902/703 625/926/724 593/916/715
f 638/927/725 605/907/10 606/912/711
f 625/928/726 610/929/727 609/930/728
f 626/931/729 611/932/730 610/929/727
f 627/933/731 612/934/732 611/932/730
f 628/935/733 613/936/734 612/934/732
f 613/936/734 630/937/735 614/938/736
f 615/939/737 632/940/738 616/941/739
f 616/941/739 633/942/740 617/943/741
f 633/944/740 618/945/742 617/946/741
f 634/947/743 619/948/744 618/945/742
f 635/949/745 620/950/746 619/948/744
f 636/951/747 621/952/748 620/950/746
f 622/953/749 639/954/750 623/955/751
f 624/956/752 625/928/726 609/930/728
f 623/955/751 640/957/753 624/956/752
f 614/938/736 631/958/754 615/939/737
f 621/952/748 638/959/755 622/953/749
f 655/960/756 622/961/757 623/962/758
f 646/963/759 613/897/698 614/964/760
f 641/965/761 624/966/762 609/967/763
f 648/968/764 615/969/765 616/970/766
f 656/971/767 623/962/758 624/966/762
f 649/972/768 616/970/766 617/973/769
f 647/974/770 614/964/760 615/969/765
f 618/975/771 649/976/768 617/977/769
f 610/978/772 641/965/761 609/967/763
f 654/979/773 621/980/774 622/961/757
f 619/981/775 650/982/776 618/975/771
f 611/983/777 642/984/778 610/978/772
f 620/985/779 651/986/780 619/981/775
f 612/899/700 643/987/781 611/983/777
f 621/980/774 652/988/782 620/985/779
f 672/989/783 655/960/756 656/971/767
f 687/990/784 670/991/785 671/992/786
f 665/993/787 648/968/764 649/972/768
f 663/994/788 646/963/759 647/974/770
f 650/982/776 665/995/787 649/976/768
f 642/984/778 657/996/789 641/965/761
f 670/991/785 653/997/790 654/979/773
f 651/986/780 666/998/791 650/982/776
f 643/987/781 658/999/792 642/984/778
f 652/988/782 667/1000/793 651/986/780
f 644/898/699 659/1001/794 643/987/781
f 653/997/790 668/1002/795 652/988/782
f 645/1003/796 660/1004/797 644/898/699
f 671/992/786 654/979/773 655/960/756
f 662/1005/798 645/1003/796 646/963/759
f 657/996/789 656/971/767 641/965/761
f 664/1006/799 647/974/770 648/968/764
f 675/1007/800 690/1008/801 674/1009/802
f 678/1010/803 661/1011/804 662/1005/798
f 673/1012/805 672/989/783 657/996/789
f 680/1013/806 663/994/788 664/1006/799
f 688/1014/807 671/992/786 672/989/783
f 681/1015/808 664/1006/799 665/993/787
f 679/1016/809 662/1005/798 663/994/788
f 666/998/791 681/1017/808 665/995/787
f 658/999/792 673/1012/805 657/996/789
f 686/1018/810 669/1019/811 670/991/785
f 667/1000/793 682/1020/812 666/998/791
f 659/1001/794 674/1009/802 658/999/792
f 668/1002/795 683/1021/813 667/1000/793
f 660/1004/797 675/1007/800 659/1001/794
f 669/1019/811 684/1022/814 668/1002/795
f 661/1011/804 676/1023/815 660/1004/797
f 684/1022/814 699/1024/816 683/1021/813
f 676/1023/815 691/1025/817 675/1007/800
f 685/1026/818 700/1027/819 684/1022/814
f 677/1028/820 692/1029/821 676/1023/815
f 703/1030/822 686/1018/810 687/990/784
f 694/1031/823 677/1028/820 678/1010/803
f 689/1032/824 688/1014/807 673/1012/805
f 696/1033/825 679/1016/809 680/1013/806
f 704/1034/826 687/990/784 688/1014/807
f 697/1035/827 680/1013/806 681/1015/808
f 695/1036/828 678/1010/803 679/1016/809
f 682/1020/812 697/1037/827 681/1017/808
f 674/1009/802 689/1032/824 673/1012/805
f 702/1038/829 685/1026/818 686/1018/810
f 683/1021/813 698/1039/830 682/1020/812
f 8/1040/68 708/1041/68 11/1042/68
f 366/1043/68 718/1044/831 717/600/68
f 2/1045/68 706/1046/68 5/1047/68
f 26/1048/1 720/1049/1 375/1/1
f 363/599/68 715/74/68 360/1050/68
f 11/1042/68 709/1051/68 14/596/68
f 17/598/480 711/1052/832 20/1053/832
f 357/73/68 705/1054/68 2/1045/68
f 369/1055/833 719/2/2 718/1044/831
f 5/1047/68 707/1056/68 8/1040/68
f 20/1053/832 712/527/425 23/1057/1
f 712/1058/834 727/1059/835 713/1060/836
f 713/1061/836 734/1062/837 720/1063/838
f 706/1064/839 751/1065/840 752/1066/841
f 714/1067/842 751/1065/840 705/1068/843
f 707/1069/844 752/1066/841 721/1070/845
f 761/1071/846 714/1067/842 715/1072/847
f 707/1069/844 722/1073/848 708/1074/849
f 715/1072/847 730/1075/850 761/1071/846
f 719/1076/851 732/1077/852 718/1078/853
f 708/1074/849 723/1079/854 709/1080/855
f 764/1081/856 716/1082/857 717/1083/858
f 723/1079/854 710/1084/859 709/1080/855
f 717/1083/858 732/1077/852 764/1081/856
f 710/1084/859 725/1085/860 711/1086/861
f 712/1058/834 725/1085/860 726/1087/862
f 734/1062/837 719/1076/851 720/1063/838
f 1132/1088/863 1181/1089/864 1133/1090/864
f 1159/1091/865 1241/1092/866 1155/1093/866
f 1126/1094/867 1153/1095/868 1125/1096/868
f 1236/1097/10 763/1098/869 1233/1099/869
f 1124/1100/870 1161/1101/871 1123/1102/871
f 1252/1103/872 756/1104/873 1248/1105/873
f 1123/1102/871 1165/1106/874 1122/1107/874
f 1174/1108/875 1261/1109/876 1178/1110/876
f 1135/1111/877 1172/1112/878 1136/1113/878
f 1122/1107/874 1168/1114/879 1121/1115/879
f 1136/1113/878 1169/1116/880 1129/1117/880
f 1256/1118/881 758/1119/875 1253/1120/875
f 1128/1121/882 1177/1122/883 1127/1123/883
f 1178/1110/876 1237/1124/884 1179/1125/884
f 1127/1123/883 1180/1126/867 1126/1094/867
f 1133/1090/864 1184/1127/885 1134/1128/885
f 742/1129/886 775/1130/887 776/1131/888
f 735/1132/68 752/1133/68 751/1134/68
f 736/1135/68 721/1136/68 752/1133/68
f 737/1137/68 722/1138/68 721/1136/68
f 739/1139/68 722/1138/68 738/1140/68
f 739/1139/68 724/1141/68 723/1142/68
f 741/1143/68 726/1144/68 725/1145/68
f 743/1146/68 726/1144/68 742/1147/68
f 741/1143/68 724/1141/68 740/1148/68
f 735/1132/68 728/1149/68 744/1150/68
f 744/1150/68 761/1151/68 745/1152/68
f 745/1152/68 730/1153/68 746/1154/68
f 746/1154/68 764/1155/68 747/1156/68
f 748/1157/68 764/1155/68 732/1158/68
f 750/1159/68 767/1160/68 734/1161/68
f 750/1159/68 727/1162/68 743/1163/68
f 748/1157/68 767/1160/68 749/1164/68
f 773/1165/889 788/1166/890 789/1167/891
f 747/1168/892 782/1169/893 781/1170/894
f 743/1171/881 776/1131/888 777/1172/895
f 735/1173/896 770/1174/897 736/1175/898
f 736/1175/898 771/1176/899 737/1177/900
f 749/1178/901 784/1179/902 783/1180/903
f 741/1181/904 774/1182/905 775/1130/887
f 737/1177/900 772/1183/906 738/1184/907
f 750/1185/908 777/1186/895 784/1179/902
f 744/1187/909 769/1188/910 735/1173/896
f 738/1184/907 773/1165/889 739/1189/911
f 745/1190/912 778/1191/913 744/1187/909
f 740/1192/914 773/1165/889 774/1182/905
f 748/1193/915 783/1180/903 782/1169/893
f 746/1194/916 779/1195/917 745/1190/912
f 747/1168/892 780/1196/918 746/1194/916
f 779/1195/917 794/1197/919 778/1191/913
f 773/1165/889 790/1198/920 774/1182/905
f 782/1169/893 799/1199/921 798/1200/922
f 780/1196/918 795/1201/923 779/1195/917
f 781/1170/894 796/1202/924 780/1196/918
f 775/1130/887 792/1203/925 776/1131/888
f 782/1169/893 797/1204/926 781/1170/894
f 777/1172/895 792/1203/925 793/1205/927
f 769/1188/910 786/1206/928 770/1174/897
f 770/1174/897 787/1207/929 771/1176/899
f 783/1180/903 800/1208/930 799/1199/921
f 775/1130/887 790/1198/920 791/1209/931
f 772/1183/906 787/1207/929 788/1166/890
f 784/1179/902 793/1210/927 800/1208/930
f 769/1188/910 794/1197/919 785/1211/932
f 798/1200/922 815/1212/933 814/1213/934
f 815/1212/933 832/1214/935 831/1215/936
f 796/1202/924 811/1216/937 795/1201/923
f 797/1204/926 812/1217/938 796/1202/924
f 791/1209/931 808/1218/939 792/1203/925
f 798/1200/922 813/1219/940 797/1204/926
f 793/1205/927 808/1218/939 809/1220/941
f 785/1211/932 802/1221/942 786/1206/928
f 786/1206/928 803/1222/943 787/1207/929
f 799/1199/921 816/1223/944 815/1212/933
f 791/1209/931 806/1224/945 807/1225/946
f 788/1166/890 803/1222/943 804/1226/947
f 800/1208/930 809/1227/941 816/1223/944
f 785/1211/932 810/1228/948 801/1229/949
f 789/1167/891 804/1226/947 805/1230/950
f 795/1201/923 810/1228/948 794/1197/919
f 789/1167/891 806/1224/945 790/1198/920
f 829/1231/951 844/1232/952 828/1233/953
f 807/1225/946 822/1234/954 823/1235/955
f 804/1226/947 819/1236/956 820/1237/957
f 816/1223/944 825/1238/958 832/1214/935
f 801/1229/949 826/1239/959 817/1240/960
f 805/1230/950 820/1237/957 821/1241/961
f 811/1216/937 826/1239/959 810/1228/948
f 805/1230/950 822/1234/954 806/1224/945
f 814/1213/934 831/1215/936 830/1242/962
f 812/1217/938 827/1243/963 811/1216/937
f 813/1219/940 828/1233/953 812/1217/938
f 807/1225/946 824/1244/964 808/1218/939
f 814/1213/934 829/1231/951 813/1219/940
f 809/1220/941 824/1244/964 825/1245/958
f 801/1229/949 818/1246/965 802/1221/942
f 802/1221/942 819/1236/956 803/1222/943
f 842/1247/966 849/1248/967 833/1249/968
f 823/1235/955 840/1250/969 824/1244/964
f 830/1242/962 845/1251/970 829/1231/951
f 825/1245/958 840/1250/969 841/1252/971
f 817/1240/960 834/1253/972 818/1246/965
f 818/1246/965 835/1254/973 819/1236/956
f 831/1215/936 848/1255/974 847/1256/975
f 823/1235/955 838/1257/976 839/1258/977
f 820/1237/957 835/1254/973 836/1259/978
f 832/1214/935 841/1260/971 848/1255/974
f 817/1240/960 842/1247/966 833/1249/968
f 821/1241/961 836/1259/978 837/1261/979
f 827/1243/963 842/1247/966 826/1239/959
f 821/1241/961 838/1257/976 822/1234/954
f 830/1242/962 847/1256/975 846/1262/980
f 828/1233/953 843/1263/981 827/1243/963
f 836/1259/978 853/1264/982 837/1261/979
f 842/1247/966 859/1265/983 858/1266/984
f 838/1257/976 853/1264/982 854/1267/985
f 847/1256/975 862/1268/986 846/1262/980
f 843/1263/981 860/1269/987 859/1265/983
f 844/1232/952 861/1270/988 860/1269/987
f 840/1250/969 855/1271/989 856/1272/990
f 845/1251/970 862/1268/986 861/1270/988
f 840/1250/969 857/1273/991 841/1252/971
f 834/1253/972 849/1248/967 850/1274/992
f 835/1254/973 850/1274/992 851/1275/993
f 848/1255/974 863/1276/994 847/1256/975
f 838/1257/976 855/1271/989 839/1258/977
f 835/1254/973 852/1277/995 836/1259/978
f 841/1260/971 864/1278/996 848/1255/974
f 22/1279/68 873/1280/68 872/1281/68
f 10/1282/68 867/1283/68 7/1284/68
f 368/1285/68 877/1286/68 878/1287/68
f 25/1288/68 880/1289/997 873/1290/68
f 4/1291/68 865/1292/68 1/1293/68
f 362/1294/68 875/1295/68 876/1296/68
f 16/1297/68 871/1298/68 870/1299/68
f 356/1300/68 865/1292/68 874/1301/68
f 368/1285/68 879/1302/68 371/1303/68
f 13/1304/68 868/1305/68 10/1282/68
f 7/1284/68 866/1306/68 4/1291/68
f 362/1294/68 877/1286/68 365/1307/68
f 19/1308/68 872/1281/68 871/1298/68
f 359/1309/68 874/1301/68 875/1295/68
f 371/1303/68 880/1289/997 374/1310/997
f 16/1297/68 869/1311/68 13/1304/68
f 898/1312/998 892/1313/999 893/1314/998
f 899/1315/1000 885/1316/1001 900/1317/1001
f 901/1318/1002 893/1314/998 894/1319/1003
f 902/1320/1004 886/1321/1005 899/1315/1000
f 903/1322/1006 894/1319/1003 895/1323/1006
f 904/1324/1007 887/1325/1004 902/1320/1004
f 905/1326/1008 895/1323/1006 896/1327/1009
f 906/1328/1010 888/1329/1011 904/1324/1007
f 907/1330/1012 881/1331/1013 908/1332/1013
f 906/1333/1010 896/1327/1009 889/1334/1010
f 909/1335/1014 881/1331/1013 890/1336/1015
f 907/1330/1012 883/1337/1016 882/1338/1017
f 909/1335/1014 891/1339/1018 911/1340/1018
f 912/1341/1019 883/1337/1016 910/1342/1016
f 897/1343/1020 891/1339/1018 892/1313/999
f 900/1317/1001 884/1344/1021 912/1341/1019
f 868/1345/1022 900/1346/1023 912/1347/1024
f 875/1348/1025 897/1349/1026 876/1350/1027
f 867/1351/1028 912/1347/1024 910/1352/1028
f 875/1348/1025 909/1353/1029 911/1354/1025
f 867/1351/1028 907/1355/1030 866/1356/1030
f 865/1357/1031 909/1353/1029 874/1358/1029
f 880/1359/1032 906/1360/1033 873/1361/1033
f 865/1357/1031 907/1355/1030 908/1362/1031
f 872/1363/1034 906/1364/1033 904/1365/1035
f 879/1366/1036 905/1367/1037 880/1359/1032
f 871/1368/1038 904/1365/1035 902/1369/1038
f 878/1370/1039 903/1371/1036 879/1366/1036
f 870/1372/1040 902/1369/1038 899/1373/1041
f 877/1374/1042 901/1375/1043 878/1370/1039
f 869/1376/1023 899/1373/1041 900/1346/1023
f 876/1350/1027 898/1377/1042 877/1374/1042
f 1535/1378/1044 958/1379/1045 1533/1380/1046
f 1548/1381/1047 952/1382/1048 1550/1383/1049
f 1537/1384/1050 959/1385/1051 1535/1378/1044
f 1550/1383/1049 953/1386/1052 1552/1387/1053
f 885/1388/68 1540/1389/68 1538/1390/68
f 894/1391/68 1555/1392/68 1557/1393/68
f 1539/1394/1054 954/1395/1055 946/1396/1056
f 1556/1397/1057 945/1398/1058 947/1399/1059
f 1541/1400/1060 955/1401/1061 954/1395/1055
f 1558/1402/1062 947/1399/1059 948/1403/1063
f 1543/1404/1064 956/1405/1065 955/1401/1061
f 889/1406/68 1560/1407/68 1547/1408/68
f 883/1409/68 1532/1410/68 882/1411/68
f 1546/1412/1066 949/1413/1067 957/1414/1068
f 1533/1380/1046 950/1415/1069 1531/1416/1070
f 961/1417/1071 925/1418/1072 969/1419/1073
f 970/1420/1074 918/1421/1075 917/1422/1076
f 969/1419/1073 926/1423/1077 971/1424/1078
f 963/1425/1079 918/1421/1075 962/1426/1080
f 972/1427/1081 926/1423/1077 927/1428/1082
f 963/1425/1079 920/1429/1083 919/1430/1084
f 973/1431/1085 927/1428/1082 928/1432/1086
f 964/1433/1087 921/1434/1088 920/1429/1083
f 966/1435/1089 913/1436/1090 974/1437/1091
f 965/1438/1092 928/1432/1086 921/1439/1088
f 974/1437/1091 922/1440/1093 975/1441/1094
f 967/1442/1095 914/1443/1096 966/1435/1089
f 975/1441/1094 923/1444/1097 976/1445/1098
f 968/1446/1099 915/1447/1100 967/1442/1095
f 976/1445/1098 924/1448/1101 961/1417/1071
f 970/1420/1074 916/1449/1102 968/1446/1099
f 946/1396/1056 944/1450/1103 960/1451/1104
f 952/1382/1048 929/1452/1105 953/1386/1052
f 960/1451/1104 942/1453/1106 959/1385/1051
f 951/1454/1107 943/1455/1108 952/1382/1048
f 959/1385/1051 939/1456/1109 958/1379/1045
f 950/1415/1069 941/1457/1110 951/1454/1107
f 957/1414/1068 937/1458/1111 938/1459/1112
f 958/1379/1045 940/1460/1113 950/1415/1069
f 956/1405/1065 938/1461/1112 936/1462/1114
f 949/1413/1067 935/1463/1115 937/1458/1111
f 955/1401/1061 936/1462/1114 934/1464/1116
f 948/1403/1063 933/1465/1117 935/1463/1115
f 954/1395/1055 934/1464/1116 931/1466/1118
f 947/1399/1059 930/1467/1119 933/1465/1117
f 946/1396/1056 931/1466/1118 932/1468/1120
f 953/1386/1052 930/1467/1119 945/1398/1058
f 892/1469/68 1555/1392/68 893/1470/68
f 886/1471/68 1542/1472/68 1540/1389/68
f 895/1473/68 1557/1393/68 1559/1474/68
f 887/1475/68 1544/1476/68 1542/1472/68
f 1561/1477/1121 948/1403/1063 949/1413/1067
f 1545/1478/1122 957/1479/1068 956/1405/1065
f 896/1480/68 1559/1474/68 1560/1407/68
f 888/1481/68 1547/1482/68 1544/1476/68
f 1531/1416/1070 951/1454/1107 1548/1381/1047
f 890/1483/68 1551/1484/68 891/1485/68
f 882/1411/68 1530/1486/68 881/1487/68
f 884/1488/68 1534/1489/68 883/1409/68
f 891/1485/68 1553/1490/68 892/1469/68
f 1539/1394/1054 960/1451/1104 1537/1384/1050
f 1552/1387/1053 945/1398/1058 1554/1491/1123
f 885/1388/68 1536/1492/68 884/1488/68
f 932/1468/1120 968/1446/1099 944/1450/1103
f 943/1455/1108 961/1417/1071 929/1452/1105
f 944/1450/1103 967/1442/1095 942/1453/1106
f 941/1457/1110 976/1445/1098 943/1455/1108
f 942/1453/1106 966/1435/1089 939/1456/1109
f 940/1460/1113 975/1441/1094 941/1457/1110
f 938/1459/1112 973/1431/1085 965/1438/1092
f 939/1456/1109 974/1437/1091 940/1460/1113
f 936/1462/1114 965/1493/1092 964/1433/1087
f 937/1458/1111 972/1427/1081 973/1431/1085
f 934/1464/1116 964/1433/1087 963/1425/1079
f 935/1463/1115 971/1424/1078 972/1427/1081
f 934/1464/1116 962/1426/1080 931/1466/1118
f 930/1467/1119 971/1424/1078 933/1465/1117
f 932/1468/1120 962/1426/1080 970/1420/1074
f 930/1467/1119 961/1417/1071 969/1419/1073
f 922/1440/1093 1010/1494/865 923/1444/1097
f 918/1421/1075 1014/1495/10 917/1422/1076
f 1019/1496/884 981/1497/10 1013/1498/10
f 917/1422/1076 1015/1499/869 916/1449/1102
f 1023/1500/876 982/1501/884 1019/1496/884
f 919/1430/1084 1020/1502/884 918/1421/1075
f 1027/1503/875 983/1504/876 1023/1500/876
f 920/1429/1083 1024/1505/876 919/1430/1084
f 1031/1506/881 984/1507/875 1027/1503/875
f 921/1434/1088 1028/1508/875 920/1429/1083
f 915/1447/1100 1034/1509/1124 914/1443/1096
f 1039/1510/1125 978/1511/1124 1033/1512/1124
f 1055/1513/1125 1002/1514/869 1001/1515/869
f 914/1443/1096 1035/1516/872 913/1436/1090
f 923/1444/1097 1011/1517/866 924/1448/1101
f 925/1418/1072 1021/1518/1126 926/1423/1077
f 1016/1519/869 979/1520/1125 1039/1510/1125
f 924/1448/1101 1017/1521/299 925/1418/1072
f 913/1436/1090 1037/1522/873 922/1440/1093
f 1036/1523/872 986/1524/873 1038/1525/873
f 1030/1526/908 985/1527/881 1031/1528/881
f 1033/1512/1124 977/1529/872 1036/1523/872
f 928/1432/1086 1032/1530/881 921/1439/1088
f 1026/1531/1127 992/1532/908 1030/1526/908
f 927/1428/1082 1029/1533/908 928/1432/1086
f 1022/1534/1126 991/1535/1127 1026/1531/1127
f 926/1423/1077 1025/1536/1127 927/1428/1082
f 1018/1537/299 990/1538/1126 1022/1534/1126
f 916/1449/1102 1040/1539/1125 915/1447/1100
f 1012/1540/866 989/1541/299 1018/1537/299
f 1013/1498/10 980/1542/869 1016/1519/869
f 1009/1543/865 988/1544/866 1012/1540/866
f 1020/1545/68 1003/1546/68 1014/1547/68
f 1035/1548/68 1053/1549/68 1037/1550/68
f 1027/1551/33 994/1552/33 1043/1553/33
f 1038/1554/33 1052/1555/33 1036/1556/33
f 1025/1557/68 1045/1558/68 1029/1559/68
f 1019/1560/33 1004/1561/33 998/1562/33
f 1030/1563/33 1042/1564/33 1026/1565/33
f 1017/1566/68 996/1567/68 1021/1568/68
f 1040/1569/68 1050/1570/68 1034/1571/68
f 1018/1572/33 995/1573/33 999/1574/33
f 1032/1575/68 1044/1576/68 1028/1577/68
f 1033/1578/33 1055/1579/33 1039/1580/33
f 1024/1581/68 997/1582/68 1020/1545/68
f 1037/1550/68 1007/1583/68 1010/1584/68
f 1010/1584/68 1006/1585/68 1011/1586/68
f 1031/1587/33 1043/1553/33 1047/1588/33
f 1038/1525/873 987/1589/865 1009/1543/865
f 1008/1590/865 1053/1591/873 1054/1592/873
f 1049/1593/1124 1056/1594/1125 1055/1513/1125
f 1054/1592/873 1051/1595/872 1052/1596/872
f 1047/1597/881 1045/1598/908 1046/1599/908
f 1052/1596/872 1050/1600/1124 1049/1593/1124
f 1043/1601/875 1048/1602/881 1047/1603/881
f 1046/1599/908 1041/1604/1127 1042/1605/1127
f 994/1606/876 1044/1607/875 1043/1601/875
f 1042/1605/1127 996/1608/1126 995/1609/1126
f 998/1610/884 993/1611/876 994/1606/876
f 995/1609/1126 1000/1612/299 999/1613/299
f 1004/1614/10 997/1615/884 998/1610/884
f 999/1613/299 1006/1616/866 1005/1617/866
f 1001/1515/869 1003/1618/10 1004/1614/10
f 1005/1617/866 1007/1619/865 1008/1590/865
f 1039/1580/33 1001/1620/33 1016/1621/33
f 1028/1577/68 993/1622/68 1024/1581/68
f 1031/1623/33 1046/1624/33 1030/1563/33
f 1018/1572/33 1005/1625/33 1012/1626/33
f 1017/1566/68 1006/1585/68 1000/1627/68
f 1040/1569/68 1002/1628/68 1056/1629/68
f 1022/1630/33 1042/1564/33 995/1573/33
f 1029/1559/68 1048/1631/68 1032/1632/68
f 1013/1633/33 1001/1620/33 1004/1561/33
f 1021/1568/68 1041/1634/68 1025/1557/68
f 1036/1556/33 1049/1635/33 1033/1578/33
f 1014/1547/68 1002/1628/68 1015/1636/68
f 1009/1637/33 1054/1638/33 1038/1554/33
f 1019/1560/33 994/1552/33 1023/1639/33
f 1035/1548/68 1050/1570/68 1051/1640/68
f 1009/1637/33 1005/1625/33 1008/1641/33
f 1525/1642/1128 1094/1643/1129 1528/1644/1130
f 1528/1644/1130 1103/1645/1131 1513/1646/1132
f 1502/1647/1133 1104/1648/1134 1500/1649/1135
f 986/1650/68 1518/1651/68 987/1652/68
f 978/1653/68 1498/1654/68 977/1655/68
f 980/1656/68 1501/1657/68 979/1658/68
f 1517/1659/1136 1096/1660/1137 1098/1661/1138
f 1502/1647/1133 1097/1662/1139 1089/1663/1140
f 1519/1664/1141 1091/1665/1142 1521/1666/1143
f 1508/1667/1144 1099/1668/1145 1506/1669/1146
f 1523/1670/1147 1091/1665/1142 1092/1671/1148
f 1508/1667/1144 1101/1672/1149 1100/1673/1150
f 1523/1670/1147 1093/1674/1151 1525/1642/1128
f 983/1675/68 1511/1676/68 1509/1677/68
f 992/1678/68 1526/1679/68 1527/1680/68
f 1510/1681/1152 1102/1682/1153 1101/1672/1149
f 1105/1683/1154 1059/1684/1155 1113/1685/1156
f 1106/1686/1157 1068/1687/1158 1114/1688/1159
f 1107/1689/1160 1060/1690/1161 1105/1683/1154
f 1114/1688/1159 1069/1691/1162 1115/1692/1163
f 1108/1693/1164 1061/1694/1165 1107/1689/1160
f 1116/1695/1166 1069/1691/1162 1070/1696/1167
f 1109/1697/1168 1062/1698/1169 1108/1693/1164
f 1117/1699/1170 1070/1696/1167 1071/1700/1171
f 1109/1697/1168 1064/1701/1172 1063/1702/1173
f 1118/1703/1174 1071/1700/1171 1072/1704/1175
f 1110/1705/1176 1065/1706/1177 1064/1701/1172
f 1112/1707/1178 1057/1708/1179 1119/1709/1180
f 1111/1710/1181 1072/1704/1175 1065/1711/1177
f 1119/1709/1180 1066/1712/1182 1120/1713/1183
f 1113/1685/1156 1058/1714/1184 1112/1707/1178
f 1120/1713/1183 1067/1715/1185 1106/1686/1157
f 1096/1660/1137 1075/1716/1186 1098/1661/1138
f 1089/1663/1140 1086/1717/1187 1104/1648/1134
f 1095/1718/1188 1088/1719/1189 1096/1660/1137
f 1103/1645/1131 1084/1720/1190 1085/1721/1191
f 1104/1648/1134 1087/1722/1192 1095/1718/1188
f 1102/1682/1153 1085/1723/1191 1083/1724/1193
f 1094/1643/1129 1082/1725/1194 1084/1720/1190
f 1101/1672/1149 1083/1724/1193 1081/1726/1195
f 1093/1674/1151 1080/1727/1196 1082/1725/1194
f 1101/1672/1149 1079/1728/1197 1100/1673/1150
f 1092/1671/1148 1078/1729/1198 1080/1727/1196
f 1100/1673/1150 1077/1730/1199 1099/1668/1145
f 1090/1731/1200 1078/1729/1198 1091/1665/1142
f 1099/1668/1145 1073/1732/1201 1097/1662/1139
f 1090/1731/1200 1075/1716/1186 1076/1733/1202
f 1097/1662/1139 1074/1734/1203 1089/1663/1140
f 1504/1735/1204 1099/1668/1145 1097/1662/1139
f 987/1652/68 1520/1736/68 988/1737/68
f 981/1738/68 1503/1739/68 980/1656/68
f 988/1737/68 1522/1740/68 989/1741/68
f 982/1742/68 1505/1743/68 981/1738/68
f 990/1744/68 1522/1740/68 1524/1745/68
f 982/1742/68 1509/1677/68 1507/1746/68
f 991/1747/68 1524/1745/68 1526/1679/68
f 1513/1748/1132 1102/1682/1153 1512/1749/1205
f 984/1750/68 1514/1751/68 1511/1676/68
f 977/1655/68 1516/1752/68 986/1650/68
f 985/1753/68 1527/1680/68 1514/1754/68
f 1500/1649/1135 1095/1718/1188 1497/1755/1206
f 979/1658/68 1499/1756/68 978/1653/68
f 1517/1659/1136 1090/1731/1200 1519/1664/1141
f 1088/1719/1189 1106/1686/1157 1075/1716/1186
f 1074/1734/1203 1112/1707/1178 1086/1717/1187
f 1087/1722/1192 1120/1713/1183 1088/1719/1189
f 1085/1721/1191 1118/1703/1174 1111/1710/1181
f 1086/1717/1187 1119/1709/1180 1087/1722/1192
f 1083/1724/1193 1111/1757/1181 1110/1705/1176
f 1082/1725/1194 1118/1703/1174 1084/1720/1190
f 1081/1726/1195 1110/1705/1176 1109/1697/1168
f 1082/1725/1194 1116/1695/1166 1117/1699/1170
f 1081/1726/1195 1108/1693/1164 1079/1728/1197
f 1078/1729/1198 1116/1695/1166 1080/1727/1196
f 1077/1730/1199 1108/1693/1164 1107/1689/1160
f 1076/1733/1202 1115/1692/1163 1078/1729/1198
f 1077/1730/1199 1105/1683/1154 1073/1732/1201
f 1076/1733/1202 1106/1686/1157 1114/1688/1159
f 1073/1732/1201 1113/1685/1156 1074/1734/1203
f 1062/1758/1207 1125/1759/1208 1061/1760/1209
f 1069/1761/1210 1134/1762/1211 1070/1763/1212
f 1063/1764/1213 1126/1765/1214 1062/1758/1207
f 1070/1763/1212 1135/1766/1215 1071/1767/1216
f 1064/1768/1217 1127/1769/1218 1063/1764/1213
f 1071/1767/1216 1136/1770/1219 1072/1771/1220
f 1065/1772/1221 1128/1773/1222 1064/1768/1217
f 1057/1774/1223 1122/1775/1224 1121/1776/1225
f 1072/1771/1220 1129/1777/1226 1065/1778/1221
f 1066/1779/1227 1121/1776/1225 1130/1780/1228
f 1058/1781/1229 1123/1782/1230 1122/1775/1224
f 1067/1783/1231 1130/1780/1228 1131/1784/1232
f 1059/1785/1233 1124/1786/1234 1123/1782/1230
f 1068/1787/1235 1131/1784/1232 1132/1788/1236
f 1060/1789/1237 1125/1759/1208 1124/1786/1234
f 1069/1761/1210 1132/1788/1236 1133/1790/1238
f 1214/1791/1126 1152/1792/1239 1213/1793/299
f 1242/1794/866 753/1795/299 1239/1796/299
f 1183/1797/1126 1259/1798/1127 1175/1799/1127
f 1134/1128/885 1176/1800/877 1135/1111/877
f 1175/1799/1127 1257/1801/908 1171/1802/908
f 1171/1802/908 1255/1803/881 1170/1804/881
f 1258/1805/908 757/1806/881 1256/1807/881
f 1129/1808/880 1173/1809/882 1128/1121/882
f 1167/1810/872 1247/1811/873 1163/1812/873
f 1121/1115/879 1164/1813/1240 1130/1814/1240
f 1163/1812/873 1244/1815/865 1159/1091/865
f 1130/1814/1240 1160/1816/1241 1131/1817/1241
f 1243/1818/865 754/1819/866 1242/1794/866
f 1179/1125/884 1235/1820/10 1154/1821/10
f 1131/1817/1241 1156/1822/863 1132/1088/863
f 1125/1096/868 1157/1823/870 1124/1100/870
f 1167/1824/33 1186/1825/33 1166/1826/33
f 1160/1827/33 1190/1828/68 1194/1829/68
f 1180/1830/33 1148/1831/68 1145/1832/68
f 1180/1830/33 1199/1833/68 1153/1834/33
f 1179/1835/33 1200/1836/33 1146/1837/33
f 1169/1838/33 1142/1839/68 1173/1840/33
f 1159/1841/33 1189/1842/33 1163/1843/33
f 1179/1835/33 1147/1844/33 1178/1845/33
f 1156/1846/33 1152/1847/68 1181/1848/33
f 1170/1849/33 1141/1850/33 1137/1851/33
f 1161/1852/33 1185/1853/68 1165/1854/33
f 1155/1855/33 1151/1856/33 1197/1857/33
f 1162/1858/33 1186/1825/33 1192/1859/33
f 1181/1848/33 1149/1860/68 1184/1861/33
f 1157/1862/33 1199/1833/68 1195/1863/68
f 1176/1864/33 1139/1865/68 1172/1866/33
f 1238/1867/884 762/1868/10 1236/1097/10
f 1207/1869/884 1148/1870/1242 1208/1871/876
f 1206/1872/1127 1149/1873/1243 1214/1791/1126
f 1208/1871/876 1142/1874/1244 1212/1875/875
f 1205/1876/908 1143/1877/1245 1206/1872/1127
f 1212/1875/875 1138/1878/1246 1211/1879/881
f 1215/1880/1124 1188/1881/1247 1185/1882/1248
f 1211/1883/881 1139/1884/1249 1205/1876/908
f 1204/1885/872 1190/1886/1250 1188/1881/1247
f 1210/1887/1125 1185/1882/1248 1191/1888/1251
f 1203/1889/873 1194/1890/1252 1190/1886/1250
f 1209/1891/869 1191/1888/1251 1195/1892/1253
f 1202/1893/865 1198/1894/1254 1194/1890/1252
f 1216/1895/10 1195/1892/1253 1199/1896/1255
f 1201/1897/866 1152/1792/1239 1198/1894/1254
f 1216/1895/10 1145/1898/1256 1207/1869/884
f 1183/1899/33 1144/1900/33 1150/1901/33
f 1162/1858/33 1196/1902/33 1158/1903/33
f 1168/1904/33 1185/1853/68 1188/1905/68
f 1184/1861/33 1143/1906/68 1176/1864/33
f 1161/1852/33 1195/1863/68 1191/1907/68
f 1170/1908/33 1140/1909/33 1171/1910/33
f 1159/1841/33 1197/1857/33 1193/1911/33
f 1169/1912/33 1139/1865/68 1138/1913/68
f 1174/1914/33 1147/1844/33 1141/1850/33
f 1163/1843/33 1187/1915/33 1167/1824/33
f 1173/1840/33 1148/1831/68 1177/1916/33
f 1160/1827/33 1198/1917/68 1156/1846/33
f 1171/1910/33 1144/1900/33 1175/1918/33
f 1183/1899/33 1151/1856/33 1182/1919/33
f 1168/1904/33 1190/1828/68 1164/1920/33
f 1158/1903/33 1200/1836/33 1154/1921/33
f 1146/1922/1257 1216/1895/10 1207/1869/884
f 1151/1923/1258 1201/1897/866 1197/1924/1259
f 1196/1925/1260 1216/1895/10 1200/1926/1261
f 1197/1924/1259 1202/1893/865 1193/1927/1262
f 1192/1928/1263 1209/1891/869 1196/1925/1260
f 1193/1927/1262 1203/1889/873 1189/1929/1264
f 1186/1930/1265 1210/1887/1125 1192/1928/1263
f 1189/1929/1264 1204/1885/872 1187/1931/1266
f 1140/1932/1267 1211/1883/881 1205/1876/908
f 1187/1931/1266 1215/1880/1124 1186/1930/1265
f 1137/1933/1268 1212/1875/875 1211/1879/881
f 1144/1934/1269 1205/1876/908 1206/1872/1127
f 1141/1935/1270 1208/1871/876 1212/1875/875
f 1150/1936/1271 1206/1872/1127 1214/1791/1126
f 1147/1937/1272 1207/1869/884 1208/1871/876
f 1151/1923/1258 1214/1791/1126 1213/1793/299
f 1233/1099/869 765/1938/1125 1246/1939/1125
f 1262/1940/876 760/1941/884 1238/1867/884
f 1239/1796/299 733/1942/1126 1264/1943/1126
f 1162/1944/1125 1249/1945/1124 1166/1946/1124
f 1166/1946/1124 1251/1947/872 1167/1810/872
f 1253/1120/875 759/1948/876 1262/1940/876
f 1260/1949/1127 729/1950/908 1258/1805/908
f 1264/1943/1126 731/1951/1127 1260/1949/1127
f 1294/1952/1273 1232/1953/1274 1295/1954/1275
f 1155/1093/866 1240/1955/299 1182/1956/299
f 1182/1956/299 1263/1957/1126 1183/1797/1126
f 1170/1958/881 1254/1959/875 1174/1108/875
f 1250/1960/1124 768/1961/872 1252/1103/872
f 1246/1939/1125 766/1962/1124 1250/1960/1124
f 1154/1821/10 1234/1963/869 1158/1964/869
f 1248/1105/873 755/1965/865 1243/1818/865
f 1254/1966/1276 1275/1967/1277 1261/1968/1277
f 1240/1969/1278 1226/1970/1279 1223/1971/1278
f 1258/1972/1280 1266/1973/1281 1270/1974/1280
f 1253/1975/1282 1276/1976/1283 1267/1977/1282
f 1261/1968/1277 1228/1978/1284 1237/1979/1284
f 1239/1980/1285 1225/1981/1286 1242/1982/1286
f 1255/1983/1287 1268/1984/1276 1254/1966/1276
f 1262/1985/1283 1227/1986/1288 1276/1976/1283
f 1241/1987/1279 1219/1988/1289 1226/1970/1279
f 1237/1979/1284 1232/1989/1290 1235/1990/1290
f 1242/1982/1286 1220/1991/1291 1243/1992/1292
f 1256/1993/1281 1267/1977/1282 1266/1994/1281
f 1240/1969/1278 1273/1995/1293 1263/1996/1293
f 1238/1997/1288 1231/1998/1294 1227/1986/1288
f 1245/1999/1295 1229/2000/1296 1279/2001/1295
f 1239/1980/1285 1274/2002/1297 1224/2003/1285
f 1158/1964/869 1245/2004/1125 1162/1944/1125
f 1305/2005/1298 1232/1953/1274 1228/2006/1299
f 1286/2007/1300 1226/2008/1301 1303/2009/1302
f 1310/2010/1303 1222/2011/1304 1291/2012/1305
f 1291/2012/1305 1218/2013/1306 1289/2014/1307
f 1283/2015/1308 1268/2016/1309 1265/2017/1310
f 1301/2018/1311 1265/2019/1310 1269/2020/1312
f 1311/2021/1313 1269/2020/1312 1271/2022/1314
f 1299/2023/1315 1271/2022/1314 1273/2024/1316
f 1286/2007/1300 1273/2024/1316 1223/2025/1317
f 1281/2026/1318 1228/2006/1299 1275/2027/1319
f 1288/2028/1320 1275/2027/1319 1268/2016/1309
f 1289/2014/1307 1277/2029/1321 1307/2030/1322
f 1307/2030/1322 1279/2031/1323 1297/2032/1324
f 1297/2032/1324 1229/2033/1325 1294/1952/1273
f 1303/2009/1302 1219/2034/1326 1310/2010/1303
f 1257/2035/1327 1265/2036/1287 1255/2037/1287
f 1243/1992/1292 1221/2038/1328 1248/2039/1328
f 1252/2040/1329 1278/2041/1330 1250/2042/1330
f 1260/2043/1331 1270/1974/1280 1272/2044/1331
f 1251/2045/1332 1277/2046/1333 1218/2047/1332
f 1259/2048/1334 1269/2049/1327 1257/2035/1327
f 1244/2050/1335 1222/2051/1336 1219/1988/1289
f 1233/2052/1337 1231/1998/1294 1236/2053/1294
f 1250/2042/1330 1280/2054/1338 1246/2055/1338
f 1264/2056/1297 1272/2044/1331 1274/2002/1297
f 1248/2039/1328 1217/2057/1329 1252/2040/1329
f 1249/2058/1333 1279/2001/1295 1277/2046/1333
f 1234/2059/1296 1232/1989/1290 1229/2000/1296
f 1263/1996/1293 1271/2060/1339 1259/2048/1334
f 1247/2061/1336 1218/2047/1332 1222/2051/1336
f 1246/2055/1338 1230/2062/1337 1233/2052/1337
f 1220/2063/1340 1304/2064/1341 1309/2065/1342
f 1304/2064/1341 1310/2010/1303 1309/2065/1342
f 1230/2066/1343 1298/2067/1344 1293/2068/1345
f 1298/2067/1344 1294/1952/1273 1293/2068/1345
f 1280/2069/1346 1308/2070/1347 1298/2067/1344
f 1308/2070/1347 1297/2032/1324 1298/2067/1344
f 1278/2071/1348 1290/2072/1349 1308/2070/1347
f 1290/2072/1349 1307/2030/1322 1308/2070/1347
f 1276/2073/1350 1287/2074/1351 1267/2075/1352
f 1282/2076/1353 1288/2028/1320 1287/2074/1351
f 1227/2077/1354 1282/2076/1353 1276/2073/1350
f 1306/2078/1355 1281/2026/1318 1282/2076/1353
f 1274/2079/1356 1285/2080/1357 1224/2081/1358
f 1300/2082/1359 1286/2007/1300 1285/2080/1357
f 1272/2083/1360 1300/2082/1359 1274/2079/1356
f 1312/2084/1361 1299/2023/1315 1300/2082/1359
f 1270/2085/1362 1312/2084/1361 1272/2083/1360
f 1302/2086/1363 1311/2021/1313 1312/2084/1361
f 1266/2087/1364 1302/2086/1363 1270/2085/1362
f 1284/2088/1365 1301/2018/1311 1302/2086/1363
f 1267/2075/1352 1284/2089/1365 1266/2090/1364
f 1287/2074/1351 1283/2015/1308 1284/2089/1365
f 1217/2091/1366 1292/2092/1367 1290/2072/1349
f 1292/2092/1367 1289/2014/1307 1290/2072/1349
f 1221/2093/1368 1309/2065/1342 1292/2092/1367
f 1309/2065/1342 1291/2012/1305 1292/2092/1367
f 1225/2094/1369 1285/2080/1357 1304/2064/1341
f 1285/2080/1357 1303/2009/1302 1304/2064/1341
f 1231/2095/1370 1306/2078/1355 1227/2077/1354
f 1296/2096/1371 1305/2005/1298 1306/2078/1355
f 1230/2066/1343 1296/2096/1371 1231/2095/1370
f 1293/2068/1345 1295/1954/1275 1296/2096/1371
f 766/2097/68 1328/2098/68 768/2099/68
f 754/2100/68 1318/2101/68 1317/2102/68
f 762/2103/68 1323/2104/68 1324/2105/68
f 755/2106/68 1319/2107/68 1318/2101/68
f 729/2108/68 1320/2109/68 757/2110/68
f 762/2103/68 1325/2111/68 763/2112/68
f 731/2113/68 1313/2114/68 729/2108/68
f 756/2115/68 1328/2098/68 1319/2107/68
f 733/2116/68 1314/2117/68 731/2113/68
f 758/2118/68 1320/2119/68 1321/2120/68
f 763/2112/68 1326/2121/68 765/2122/68
f 753/2123/68 1315/2124/68 733/2116/68
f 759/2125/68 1321/2120/68 1322/2126/68
f 760/2127/68 1322/2126/68 1323/2104/68
f 765/2122/68 1327/2128/68 766/2097/68
f 753/2123/68 1317/2102/68 1316/2129/68
f 1407/2130/1372 1485/2131/1373 1437/2132/1374
f 1451/2133/1375 1443/2134/1376 1392/2135/1377
f 1458/2136/1378 1478/2137/1379 1450/2138/1380
f 1443/2134/1376 1389/2139/1381 1392/2135/1377
f 1467/2140/1382 1411/2141/1383 1471/2142/1384
f 1469/2143/1385 1384/2144/1386 1381/2145/1387
f 1384/2144/1386 1469/2143/1385 1485/2131/1373
f 1377/2146/1388 1338/2147/1389 1329/2148/1390
f 1411/2141/1383 1333/2149/1391 1418/2150/1392
f 1410/2151/1393 1337/2152/1394 1338/2147/1389
f 1418/2150/1392 1332/2153/1395 1416/2154/1396
f 1415/2155/1397 1337/2156/1394 1417/2157/1398
f 1414/2158/1399 1332/2159/1395 1331/2160/1400
f 1413/2161/1401 1336/2162/1402 1415/2155/1397
f 1412/2163/1403 1331/2160/1400 1330/2164/1404
f 1451/2133/1375 1335/2165/1405 1449/2166/1406
f 1488/2167/1407 1472/2168/1408 1448/2169/1409
f 1347/2170/1410 1344/2171/1411 1348/2172/1412
f 1413/2161/1401 1459/2173/1413 1457/2174/1414
f 1313/2175/1415 1345/2176/1416 1320/2177/881
f 1327/2178/1417 1342/2179/1418 1328/2180/872
f 1318/2181/1419 1360/2182/1420 1317/2183/1421
f 1324/2184/10 1361/2185/1422 1325/2186/1423
f 1317/2183/1421 1356/2187/1424 1316/2188/299
f 1323/2189/1425 1357/2190/1426 1324/2191/10
f 1316/2192/299 1352/2193/1427 1315/2194/1428
f 1322/2195/1429 1353/2196/1430 1323/2189/1425
f 1315/2194/1428 1348/2172/1412 1314/2197/1431
f 1320/2177/881 1346/2198/1432 1321/2199/1433
f 1321/2199/1433 1349/2200/1434 1322/2195/1429
f 1328/2180/872 1343/2201/1435 1319/2202/1436
f 1314/2197/1431 1344/2171/1411 1313/2175/1415
f 1319/2202/1436 1364/2203/1437 1318/2181/1419
f 1325/2186/1423 1340/2204/1438 1326/2205/1439
f 1339/2206/1440 1341/2207/1441 1340/2204/1438
f 1362/2208/1442 1340/2204/1438 1361/2185/1422
f 1359/2209/1443 1364/2203/1437 1363/2210/1444
f 1358/2211/1445 1361/2185/1422 1357/2212/1426
f 1355/2213/1446 1360/2182/1420 1359/2209/1443
f 1358/2214/1445 1353/2196/1430 1354/2215/1447
f 1355/2216/1446 1352/2193/1427 1356/2217/1424
f 1354/2215/1447 1349/2200/1434 1350/2218/1448
f 1351/2219/1449 1348/2172/1412 1352/2193/1427
f 1363/2210/1444 1343/2201/1435 1481/2220/1450
f 1433/2221/1451 1345/2176/1416 1431/2222/1452
f 1483/2223/1453 1342/2179/1418 1341/2207/1441
f 1326/2205/1439 1341/2207/1441 1327/2178/1417
f 1388/2224/1454 1368/2225/1455 1366/2226/1456
f 1368/2225/1455 1391/2227/1457 1367/2228/1458
f 1391/2227/1457 1365/2229/1459 1367/2228/1458
f 1366/2226/1456 1368/2225/1455 1371/2230/1460
f 1368/2225/1455 1370/2231/1461 1371/2230/1460
f 1367/2228/1458 1369/2232/1462 1370/2231/1461
f 1373/2233/1463 1371/2230/1460 1375/2234/1464
f 1371/2230/1460 1374/2235/1465 1375/2234/1464
f 1370/2231/1461 1372/2236/1466 1374/2235/1465
f 1375/2234/1464 1374/2235/1465 1378/2237/1467
f 1374/2235/1465 1376/2238/1468 1378/2237/1467
f 1375/2239/1464 1378/2240/1467 1380/2241/1469
f 1380/2241/1469 1376/2242/1468 1379/2243/1470
f 1373/2244/1463 1383/2245/1471 1385/2246/1472
f 1383/2245/1471 1380/2241/1469 1382/2247/1473
f 1382/2247/1473 1379/2243/1470 1381/2145/1387
f 1385/2246/1472 1383/2245/1471 1387/2248/1474
f 1387/2248/1474 1382/2247/1473 1386/2249/1475
f 1386/2249/1475 1381/2145/1387 1384/2144/1386
f 1388/2224/1454 1393/2250/1476 1390/2251/1477
f 1390/2251/1477 1394/2252/1478 1391/2227/1457
f 1391/2227/1457 1392/2135/1377 1389/2139/1381
f 1395/2253/1479 1393/2250/1476 1388/2224/1454
f 1393/2250/1476 1398/2254/1480 1394/2252/1478
f 1394/2252/1478 1396/2255/1481 1392/2135/1377
f 1397/2256/1482 1400/2257/1483 1398/2254/1480
f 1398/2254/1480 1399/2258/1484 1396/2255/1481
f 1397/2259/1482 1402/2260/1485 1400/2261/1483
f 1402/2260/1485 1399/2262/1484 1400/2261/1483
f 1395/2263/1479 1404/2264/1486 1397/2259/1482
f 1404/2264/1486 1402/2260/1485 1397/2259/1482
f 1405/2265/1487 1401/2266/1488 1402/2260/1485
f 1406/2267/1489 1408/2268/1490 1404/2264/1486
f 1408/2268/1490 1405/2265/1487 1404/2264/1486
f 1409/2269/1491 1403/2270/1492 1405/2265/1487
f 1406/2267/1489 1395/2263/1479 1529/2271/1493
f 1487/2272/1494 1330/2164/1404 1493/2273/1495
f 1347/2170/1410 1420/2274/1496 1441/2275/1497
f 1435/2276/1498 1407/2130/1372 1437/2132/1374
f 1422/2277/1499 1412/2163/1403 1420/2274/1496
f 1427/2278/1500 1413/2161/1401 1415/2155/1397
f 1421/2279/1501 1414/2158/1399 1422/2277/1499
f 1426/2280/1502 1415/2155/1397 1417/2157/1398
f 1421/2281/1501 1418/2150/1392 1416/2154/1396
f 1426/2282/1502 1410/2151/1393 1428/2283/1503
f 1423/2284/1504 1411/2141/1383 1418/2150/1392
f 1428/2283/1503 1377/2146/1388 1424/2285/1505
f 1494/2286/1506 1468/2287/1507 1488/2167/1407
f 1479/2288/1508 1345/2176/1416 1344/2171/1411
f 1450/2138/1380 1476/2289/1509 1452/2290/1510
f 1440/2291/1511 1464/2292/1512 1442/2293/1513
f 1463/2294/1514 1419/2295/1515 1363/2210/1444
f 1493/2273/1495 1330/2164/1404 1369/2232/1462
f 1455/2296/1516 1369/2232/1462 1365/2229/1459
f 1465/2297/1517 1469/2143/1385 1381/2145/1387
f 1439/2298/1518 1412/2163/1403 1447/2299/1519
f 1403/2270/1492 1435/2276/1498 1475/2300/1520
f 1403/2270/1492 1407/2130/1372 1435/2276/1498
f 1453/2301/1521 1425/2302/1522 1350/2218/1448
f 1350/2218/1448 1346/2198/1432 1433/2221/1451
f 1459/2173/1413 1425/2302/1522 1453/2301/1521
f 1455/2296/1516 1365/2229/1459 1461/2303/1523
f 1413/2161/1401 1449/2166/1406 1335/2165/1405
f 1481/2220/1450 1342/2179/1418 1429/2304/1524
f 1473/2305/1525 1419/2295/1515 1463/2294/1514
f 1359/2209/1443 1419/2295/1515 1423/2284/1504
f 1355/2213/1446 1423/2284/1504 1421/2281/1501
f 1355/2216/1446 1422/2277/1499 1351/2219/1449
f 1351/2219/1449 1420/2274/1496 1347/2170/1410
f 1472/2168/1408 1440/2291/1511 1448/2169/1409
f 1480/2306/1526 1464/2292/1512 1482/2307/1527
f 1329/2148/1390 1475/2300/1520 1477/2308/1528
f 1354/2215/1447 1425/2302/1522 1427/2278/1500
f 1358/2214/1445 1427/2278/1500 1426/2280/1502
f 1358/2211/1445 1428/2283/1503 1362/2208/1442
f 1362/2208/1442 1424/2285/1505 1339/2206/1440
f 1489/2309/1529 1377/2146/1388 1491/2310/1530
f 1495/2311/1531 1483/2223/1453 1339/2206/1440
f 1484/2312/1532 1454/2313/1533 1434/2314/1534
f 1454/2315/1533 1490/2316/1535 1460/2317/1536
f 1458/2136/1378 1490/2316/1535 1492/2318/1537
f 1482/2307/1527 1430/2319/1538 1484/2312/1532
f 1489/2309/1529 1495/2311/1531 1424/2285/1505
f 1411/2141/1383 1473/2305/1525 1471/2142/1384
f 1329/2148/1390 1403/2270/1492 1475/2300/1520
f 1334/2320/1539 1465/2297/1517 1381/2145/1387
f 1455/2296/1516 1493/2273/1495 1369/2232/1462
f 1335/2165/1405 1451/2133/1375 1392/2135/1377
f 1377/2146/1388 1477/2308/1528 1491/2310/1530
f 1445/2321/1540 1389/2139/1381 1443/2134/1376
f 1329/2148/1390 1401/2266/1488 1403/2270/1492
f 1338/2147/1389 1399/2262/1484 1401/2266/1488
f 1336/2162/1402 1399/2258/1484 1337/2156/1394
f 1335/2165/1405 1396/2255/1481 1336/2162/1402
f 1412/2163/1403 1487/2272/1494 1447/2299/1519
f 1452/2290/1510 1436/2322/1541 1444/2323/1542
f 1334/2320/1539 1379/2243/1470 1333/2149/1391
f 1333/2149/1391 1376/2242/1468 1332/2153/1395
f 1331/2160/1400 1376/2238/1468 1372/2236/1466
f 1330/2164/1404 1372/2236/1466 1369/2232/1462
f 1465/2297/1517 1334/2320/1539 1467/2140/1382
f 1466/2324/1543 1456/2325/1544 1470/2326/1545
f 1456/2325/1544 1486/2327/1546 1470/2326/1545
f 1365/2229/1459 1445/2321/1540 1461/2303/1523
f 1436/2322/1541 1446/2328/1547 1444/2323/1542
f 1386/2249/1475 1407/2130/1372 1409/2269/1491
f 1387/2248/1474 1409/2269/1491 1408/2268/1490
f 1406/2267/1489 1387/2248/1474 1408/2268/1490
f 1441/2275/1497 1420/2274/1496 1439/2298/1518
f 1440/2329/1548 1441/2275/1497 1439/2298/1518
f 1447/2299/1519 1440/2329/1548 1439/2298/1518
f 1486/2330/1549 1469/2143/1385 1470/2331/1550
f 1441/2275/1497 1480/2332/1551 1479/2288/1508
f 1446/2333/1552 1461/2303/1523 1445/2321/1540
f 1463/2294/1514 1482/2334/1553 1464/2335/1554
f 1490/2336/1555 1495/2311/1531 1489/2309/1529
f 1474/2337/1556 1463/2294/1514 1464/2335/1554
f 1471/2142/1384 1474/2337/1556 1472/2338/1557
f 1491/2310/1530 1490/2336/1555 1489/2309/1529
f 1435/2276/1498 1438/2339/1558 1436/2340/1559
f 1434/2341/1560 1453/2301/1521 1433/2221/1451
f 1465/2297/1517 1468/2342/1561 1466/2343/1562
f 1483/2223/1453 1430/2344/1563 1429/2304/1524
f 1446/2333/1552 1443/2134/1376 1444/2345/1564
f 1493/2273/1495 1488/2346/1565 1487/2272/1494
f 1435/2276/1498 1476/2347/1566 1475/2300/1520
f 1430/2344/1563 1481/2220/1450 1429/2304/1524
f 1460/2348/1567 1453/2301/1521 1454/2349/1568
f 1466/2343/1562 1469/2143/1385 1465/2297/1517
f 1455/2296/1516 1462/2350/1569 1456/2351/1570
f 1479/2288/1508 1432/2352/1571 1431/2222/1452
f 1455/2296/1516 1494/2353/1572 1493/2273/1495
f 1443/2134/1376 1452/2354/1573 1444/2345/1564
f 1478/2355/1574 1475/2300/1520 1476/2347/1566
f 1457/2174/1414 1460/2348/1567 1458/2356/1575
f 1437/2132/1374 1486/2330/1549 1438/2339/1558
f 1433/2221/1451 1432/2352/1571 1434/2341/1560
f 1432/2357/1576 1480/2306/1526 1434/2314/1534
f 1495/2311/1531 1484/2358/1577 1483/2223/1453
f 1450/2359/1578 1451/2133/1375 1449/2166/1406
f 1492/2360/1579 1477/2308/1528 1478/2355/1574
f 1449/2166/1406 1458/2356/1575 1450/2359/1578
f 1487/2272/1494 1448/2361/1580 1447/2299/1519
f 1467/2140/1382 1472/2338/1557 1468/2342/1561
f 1434/2314/1534 1482/2307/1527 1484/2312/1532
f 1514/2362/1581 1528/1644/1130 1513/1646/1132
f 1499/2363/1582 1497/1755/1206 1498/2364/1583
f 1515/2365/1584 1498/2364/1583 1497/1755/1206
f 1517/1659/1136 1516/2366/1585 1515/2365/1584
f 1501/2367/1586 1500/1649/1135 1499/2363/1582
f 1503/2368/1587 1502/1647/1133 1501/2367/1586
f 1519/1664/1141 1518/2369/1588 1517/1659/1136
f 1503/2368/1587 1506/1669/1146 1504/1735/1204
f 1521/1666/1143 1520/2370/1589 1519/1664/1141
f 1507/2371/1590 1506/1669/1146 1505/2372/1591
f 1521/1666/1143 1524/2373/1592 1522/2374/1593
f 1507/2371/1590 1510/1681/1152 1508/1667/1144
f 1523/1670/1147 1526/2375/1594 1524/2373/1592
f 1525/1642/1128 1527/2376/1595 1526/2375/1594
f 1509/2377/1596 1512/1749/1205 1510/1681/1152
f 1511/2378/1597 1513/1748/1132 1512/1749/1205
f 1515/2365/1584 1095/1718/1188 1096/1660/1137
f 1373/2244/1463 1385/2246/1472 1529/2271/1493
f 1366/2226/1456 1373/2233/1463 1529/2379/1493
f 1385/2246/1472 1406/2267/1489 1529/2271/1493
f 1388/2224/1454 1366/2226/1456 1529/2379/1493
f 1395/2253/1479 1388/2224/1454 1529/2379/1493
f 1548/2380/1598 1530/2381/1599 1531/2382/1599
f 1547/2383/1600 1561/2384/1601 1546/2385/1600
f 1532/2386/1602 1531/2382/1599 1530/2381/1599
f 1534/2387/1603 1533/2388/1604 1532/2386/1602
f 1550/2389/1605 1549/2390/1598 1548/2380/1598
f 1536/2391/1606 1535/2392/1603 1534/2387/1603
f 1552/2393/1607 1551/2394/1605 1550/2389/1605
f 1538/2395/1608 1537/2396/1606 1536/2391/1606
f 1554/2397/1609 1553/2398/1607 1552/2393/1607
f 1538/2395/1608 1541/2399/1610 1539/2400/1608
f 1556/2401/1611 1555/2402/1609 1554/2397/1609
f 1540/2403/1610 1543/2404/1612 1541/2399/1610
f 1556/2401/1611 1559/2405/1613 1557/2406/1611
f 1542/2407/1612 1545/2408/1614 1543/2404/1612
f 1558/2409/1613 1560/2410/1615 1559/2405/1613
f 1544/2411/1614 1546/2412/1600 1545/2408/1614
f 881/1487/68 1549/2413/68 890/1483/68
f 1462/2414/1616 1438/2415/1617 1486/2327/1546
f 398/544/439 1562/546/440 400/602/481
f 48/19/18 1564/20/19 22/18/17
f 1565/585/469 385/2416/1618 386/588/472
f 36/66/62 35/586/470 1567/62/59
f 1481/2220/1450 1463/2294/1514 1363/2210/1444
f 1424/2285/1505 1495/2311/1531 1339/2206/1440
f 1433/2221/1451 1453/2301/1521 1350/2218/1448
f 1479/2288/1508 1347/2170/1410 1441/2275/1497
f 375/1/1 720/1049/1 719/2/2
f 38/4/4 7/58/55 4/5/5
f 11/7/7 14/2417/1619 43/8/8
f 43/8/8 14/2417/1619 17/13/12
f 19/16/15 16/59/56 44/15/14
f 22/18/17 19/16/15 46/17/16
f 1564/20/19 23/68/64 26/21/20
f 29/23/22 77/140/93 78/24/23
f 51/26/25 52/29/28 37/27/26
f 52/29/28 53/31/30 38/30/29
f 53/31/30 54/33/32 40/32/31
f 54/33/32 55/2418/33 41/34/33
f 41/34/33 55/2418/33 56/35/34
f 57/37/36 46/39/38 44/36/35
f 58/38/37 48/40/39 46/39/38
f 48/40/39 58/38/37 59/41/40
f 59/43/40 60/46/43 49/44/42
f 60/46/43 61/48/45 47/47/44
f 61/48/45 62/50/47 45/49/46
f 62/50/47 63/2419/68 43/51/48
f 43/51/48 63/2419/68 64/52/49
f 42/53/50 64/52/49 65/54/51
f 66/56/53 36/57/54 39/55/52
f 51/26/25 35/28/27 36/57/54
f 40/12/11 10/60/57 7/58/55
f 22/18/17 1564/20/19 1563/22/21
f 1567/62/59 4/5/5 1/63/60
f 47/67/63 20/2420/1620 23/68/64
f 8/70/66 39/65/61 1567/62/59
f 5/71/67 1567/62/59 1566/64/60
f 17/13/12 20/2420/1620 47/67/63
f 39/65/61 8/70/66 11/7/7
f 357/73/68 360/1050/68 715/74/68
f 1563/76/21 1562/546/440 374/77/69
f 3/79/10 6/82/10 52/80/10
f 6/82/10 9/84/10 53/83/10
f 9/84/10 12/86/10 54/85/10
f 12/86/10 15/89/10 55/87/10
f 18/88/10 56/110/10 55/87/10
f 24/90/10 58/94/10 57/91/10
f 27/93/10 59/2421/10 58/94/10
f 27/95/10 28/98/10 60/96/10
f 28/98/10 29/100/10 61/99/10
f 29/100/10 30/102/10 62/101/10
f 30/102/10 31/111/10 63/103/10
f 33/104/10 65/109/10 64/105/10
f 3/79/10 51/81/10 66/107/10
f 34/108/10 66/107/10 65/109/10
f 21/92/10 57/91/10 56/110/10
f 32/106/10 64/105/10 63/103/10
f 9/112/70 69/141/94 70/113/71
f 30/25/24 78/24/23 79/115/73
f 12/114/72 70/113/71 71/117/74
f 33/119/75 32/139/92 80/120/76
f 18/122/78 15/118/74 71/117/74
f 3/124/80 34/130/85 82/125/81
f 24/127/82 21/133/87 73/128/83
f 34/130/85 33/119/75 81/121/77
f 27/131/86 24/127/82 74/129/84
f 21/133/87 18/122/78 72/123/79
f 27/134/86 75/2422/86 76/135/88
f 3/124/80 67/126/80 68/137/90
f 32/139/92 31/116/73 79/115/73
f 28/136/89 76/135/88 77/140/93
f 6/138/91 68/137/90 69/141/94
f 78/142/10 77/148/10 93/143/10
f 69/145/10 68/153/10 84/146/10
f 77/148/10 76/155/10 92/149/10
f 79/150/10 95/173/10 96/151/10
f 68/153/10 67/167/10 83/154/10
f 76/155/10 75/2423/10 91/156/10
f 72/157/10 88/169/10 89/158/10
f 74/160/10 90/166/10 91/161/10
f 81/163/10 97/170/10 98/164/10
f 73/159/10 89/158/10 90/166/10
f 82/165/10 98/164/10 83/154/10
f 71/168/10 87/172/10 88/169/10
f 80/152/10 96/151/10 97/170/10
f 71/168/10 70/174/10 86/171/10
f 79/150/10 78/142/10 94/144/10
f 70/174/10 69/145/10 85/147/10
f 84/175/95 100/206/125 101/176/96
f 113/178/98 129/224/142 130/179/99
f 94/181/101 93/208/127 109/182/102
f 85/177/97 101/176/96 102/184/104
f 95/186/106 94/181/101 110/183/103
f 86/185/105 102/184/104 103/188/108
f 96/190/110 112/207/126 113/178/98
f 88/192/112 87/189/109 103/188/108
f 98/194/114 114/180/100 99/195/115
f 90/197/117 89/202/122 105/198/118
f 97/191/111 113/178/98 114/180/100
f 91/200/120 90/197/117 106/199/119
f 89/202/122 88/192/112 104/193/113
f 92/203/123 91/2424/120 107/204/121
f 83/196/116 99/195/115 100/206/125
f 95/186/106 111/187/107 112/207/126
f 93/208/127 92/203/123 108/205/124
f 118/209/128 134/242/159 135/210/129
f 107/201/121 106/199/119 122/212/131
f 105/198/118 104/193/113 120/214/133
f 108/205/124 107/204/121 123/216/132
f 99/195/115 115/225/143 116/218/136
f 111/187/107 127/223/141 128/219/137
f 109/182/102 108/205/124 124/217/135
f 100/206/125 116/218/136 117/221/139
f 110/183/103 109/182/102 125/220/138
f 101/176/96 117/221/139 118/209/128
f 111/187/107 110/183/103 126/222/140
f 102/184/104 118/209/128 119/211/130
f 112/207/126 128/219/137 129/224/142
f 104/193/113 103/188/108 119/211/130
f 114/180/100 130/179/99 115/225/143
f 106/199/119 105/198/118 121/215/134
f 141/226/144 140/237/154 156/227/145
f 128/219/137 144/239/156 145/229/147
f 120/214/133 119/211/130 135/210/129
f 130/179/99 146/234/152 131/231/149
f 122/212/131 121/215/134 137/232/150
f 129/224/142 145/229/147 146/234/152
f 123/213/132 122/212/131 138/233/151
f 121/215/134 120/214/133 136/230/148
f 124/217/135 123/216/132 139/236/153
f 115/225/143 131/231/149 132/238/155
f 127/223/141 143/243/160 144/239/156
f 125/220/138 124/217/135 140/237/154
f 116/218/136 132/238/155 133/240/157
f 126/222/140 125/220/138 141/226/144
f 117/221/139 133/240/157 134/242/159
f 127/223/141 126/222/140 142/241/158
f 161/244/161 177/262/178 178/245/162
f 132/238/155 148/258/174 149/247/164
f 142/241/158 141/226/144 157/228/146
f 133/240/157 149/247/164 150/249/166
f 143/243/160 142/241/158 158/248/165
f 134/242/159 150/249/166 151/251/168
f 144/239/156 160/259/175 161/244/161
f 136/230/148 135/210/129 151/251/168
f 146/234/152 162/246/163 147/253/170
f 138/233/151 137/232/150 153/254/171
f 145/229/147 161/244/161 162/246/163
f 139/235/153 138/233/151 154/255/172
f 137/232/150 136/230/148 152/252/169
f 140/237/154 139/236/153 155/257/173
f 131/231/149 147/253/170 148/258/174
f 143/243/160 159/250/167 160/259/175
f 176/260/176 192/289/203 193/261/177
f 155/256/173 154/255/172 170/263/179
f 153/254/171 152/252/169 168/265/181
f 156/227/145 155/257/173 171/267/180
f 147/253/170 163/276/191 164/269/184
f 159/250/167 175/274/189 176/260/176
f 157/228/146 156/227/145 172/268/183
f 148/258/174 164/269/184 165/271/186
f 158/248/165 157/228/146 173/270/185
f 149/247/164 165/271/186 166/273/188
f 159/250/167 158/248/165 174/272/187
f 150/249/166 166/273/188 167/275/190
f 160/259/175 176/260/176 177/262/178
f 152/252/169 151/251/168 167/275/190
f 162/246/163 178/245/162 163/276/191
f 154/255/172 153/254/171 169/266/182
f 180/277/192 196/309/222 197/278/193
f 168/265/181 167/275/190 183/280/195
f 178/245/162 194/285/200 179/282/197
f 170/263/179 169/266/182 185/283/198
f 177/262/178 193/261/177 194/285/200
f 171/264/180 170/263/179 186/284/199
f 169/266/182 168/265/181 184/281/196
f 172/268/183 171/267/180 187/287/201
f 163/276/191 179/282/197 180/277/192
f 175/274/189 191/293/207 192/289/203
f 173/270/185 172/268/183 188/288/202
f 164/269/184 180/277/192 181/279/194
f 174/272/187 173/270/185 189/290/204
f 165/271/186 181/279/194 182/292/206
f 175/274/189 174/272/187 190/291/205
f 166/273/188 182/292/206 183/280/195
f 202/294/208 218/326/239 219/295/209
f 190/291/205 189/290/204 205/297/211
f 181/279/194 197/278/193 198/299/213
f 191/293/207 190/291/205 206/298/212
f 182/292/206 198/299/213 199/301/215
f 192/289/203 208/310/223 209/302/216
f 184/281/196 183/280/195 199/301/215
f 194/285/200 210/306/220 195/304/218
f 186/284/199 185/283/198 201/305/219
f 193/261/177 209/302/216 210/306/220
f 187/286/201 186/284/199 202/294/208
f 185/283/198 184/281/196 200/303/217
f 188/288/202 187/287/201 203/307/210
f 179/282/197 195/304/218 196/309/222
f 191/293/207 207/300/214 208/310/223
f 189/290/204 188/288/202 204/308/221
f 226/311/224 242/331/243 227/312/225
f 200/303/217 216/325/238 217/314/227
f 203/307/210 219/2425/209 220/315/228
f 196/309/222 195/304/218 211/313/226
f 208/310/223 207/300/214 223/317/230
f 204/308/221 220/315/228 221/319/232
f 197/278/193 196/309/222 212/316/229
f 205/297/211 221/319/232 222/321/234
f 198/299/213 197/278/193 213/320/233
f 206/298/212 222/321/234 223/317/230
f 199/301/215 198/299/213 214/322/235
f 209/302/216 208/310/223 224/318/231
f 199/301/215 215/323/236 216/325/238
f 195/304/218 210/306/220 226/311/224
f 201/305/219 217/314/227 218/326/239
f 210/306/220 209/302/216 225/324/237
f 231/327/240 230/377/287 246/328/241
f 217/314/227 233/333/245 234/330/242
f 225/324/237 241/344/255 242/331/243
f 218/326/239 234/330/242 235/332/244
f 216/325/238 232/345/256 233/333/245
f 220/315/228 219/2425/209 235/334/244
f 212/316/229 211/313/226 227/312/225
f 223/317/230 239/342/253 240/337/248
f 221/319/232 220/315/228 236/335/246
f 213/320/233 212/316/229 228/336/247
f 222/321/234 221/319/232 237/338/249
f 214/322/235 213/320/233 229/339/250
f 223/317/230 222/321/234 238/340/251
f 215/323/236 214/322/235 230/341/252
f 224/318/231 240/337/248 241/344/255
f 215/323/236 231/343/254 232/345/256
f 253/346/257 252/409/315 284/347/258
f 240/349/260 256/370/280 257/350/261
f 231/327/240 247/329/240 248/352/263
f 242/354/265 258/360/271 243/355/266
f 233/357/268 249/363/274 250/358/269
f 241/351/262 257/350/261 258/360/271
f 234/359/270 250/358/269 251/361/272
f 232/353/264 248/352/263 249/363/274
f 236/364/275 235/2426/273 251/365/272
f 228/367/277 227/356/267 243/355/266
f 239/369/279 255/378/288 256/370/280
f 237/371/281 236/364/275 252/366/276
f 229/373/283 228/367/277 244/368/278
f 238/375/285 237/371/281 253/372/282
f 230/377/287 229/373/283 245/374/284
f 239/369/279 238/375/285 254/376/286
f 263/379/289 262/473/377 294/380/290
f 245/382/292 244/410/316 276/383/293
f 254/385/295 253/346/257 285/348/259
f 246/387/297 245/382/292 277/384/294
f 255/389/299 254/385/295 286/386/296
f 247/391/10 246/387/297 278/388/298
f 256/393/300 288/411/317 289/394/301
f 247/391/10 279/392/10 280/396/303
f 243/398/305 258/404/311 290/399/306
f 249/401/308 281/407/314 282/402/309
f 257/395/302 289/394/301 290/399/306
f 250/403/310 282/402/309 283/405/312
f 248/397/304 280/396/303 281/407/314
f 251/408/313 283/2427/312 284/347/258
f 244/410/316 243/398/305 275/400/307
f 255/389/299 287/390/299 288/411/317
f 260/412/318 276/416/322 275/413/319
f 261/415/321 277/418/324 276/416/322
f 262/417/323 278/420/326 277/418/324
f 263/419/325 279/422/328 278/420/326
f 263/419/325 264/443/348 280/421/327
f 265/423/329 266/426/332 282/424/330
f 266/426/332 267/2428/335 283/427/333
f 268/428/334 284/432/337 283/429/333
f 269/431/336 285/434/339 284/432/337
f 270/433/338 286/436/341 285/434/339
f 271/435/340 287/444/349 286/436/341
f 272/437/342 273/442/347 289/438/343
f 274/440/345 259/414/320 275/413/319
f 273/442/347 274/440/345 290/441/346
f 264/443/348 265/423/329 281/425/331
f 271/435/340 272/437/342 288/439/344
f 272/445/350 304/466/370 305/446/351
f 263/379/289 295/381/291 296/448/353
f 274/450/355 306/456/361 291/451/356
f 265/453/358 297/459/364 298/454/359
f 273/447/352 305/446/351 306/456/361
f 266/455/360 298/454/359 299/457/362
f 264/449/354 296/448/353 297/459/364
f 268/460/365 267/2429/363 299/461/362
f 260/463/367 259/452/357 291/451/356
f 271/465/369 303/474/378 304/466/370
f 269/467/371 268/460/365 300/462/366
f 261/469/373 260/463/367 292/464/368
f 270/471/375 269/467/371 301/468/372
f 262/473/377 261/469/373 293/470/374
f 271/465/369 270/471/375 302/472/376
f 305/446/351 321/478/382 322/475/379
f 320/476/380 336/505/407 337/477/381
f 298/454/359 314/492/395 315/479/383
f 296/448/353 312/491/394 313/480/384
f 300/462/366 299/461/362 315/481/383
f 292/464/368 291/451/356 307/483/386
f 303/474/378 319/489/392 320/476/380
f 301/468/372 300/462/366 316/482/385
f 293/470/374 292/464/368 308/484/387
f 302/472/376 301/468/372 317/485/388
f 294/380/290 293/470/374 309/486/389
f 303/474/378 302/472/376 318/487/390
f 295/381/291 294/380/290 310/488/391
f 304/466/370 320/476/380 321/478/382
f 295/381/291 311/490/393 312/491/394
f 306/456/361 322/475/379 307/483/386
f 297/459/364 313/480/384 314/492/395
f 325/493/396 324/504/406 340/494/397
f 311/490/393 327/510/412 328/496/399
f 322/475/379 338/499/402 323/497/400
f 313/480/384 329/501/404 330/498/401
f 321/478/382 337/477/381 338/499/402
f 314/492/395 330/498/401 331/500/403
f 312/491/394 328/496/399 329/501/404
f 316/482/385 315/481/383 331/502/403
f 308/484/387 307/483/386 323/497/400
f 319/489/392 335/509/411 336/505/407
f 317/485/388 316/482/385 332/503/405
f 309/486/389 308/484/387 324/504/406
f 318/487/390 317/485/388 333/506/408
f 310/488/391 309/486/389 325/493/396
f 319/489/392 318/487/390 334/507/409
f 311/490/393 310/488/391 326/508/410
f 334/507/409 333/506/408 349/511/413
f 326/508/410 325/493/396 341/495/398
f 335/509/411 334/507/409 350/512/414
f 327/510/412 326/508/410 342/513/415
f 336/505/407 352/525/424 353/516/416
f 327/510/412 343/515/254 344/517/417
f 338/499/402 354/520/420 339/518/418
f 329/501/404 345/522/422 346/519/419
f 337/477/381 353/516/416 354/520/420
f 330/498/401 346/519/419 347/521/421
f 328/496/399 344/517/417 345/522/422
f 332/503/405 331/502/403 347/523/421
f 324/504/406 323/497/400 339/518/418
f 335/509/411 351/514/253 352/525/424
f 333/506/408 332/503/405 348/524/423
f 26/526/1 23/1057/1 712/527/425
f 356/529/426 359/582/466 388/530/427
f 393/532/429 366/539/434 363/533/430
f 393/532/429 395/595/479 369/538/433
f 371/541/436 396/543/438 394/540/435
f 396/543/438 371/541/436 374/77/69
f 26/545/20 375/590/474 1562/546/440
f 428/547/441 427/660/505 379/548/442
f 387/550/444 402/553/447 401/551/445
f 402/553/447 387/550/444 388/554/448
f 403/555/30 388/554/448 390/556/31
f 391/558/33 405/560/33 404/557/32
f 391/558/33 394/561/35 406/559/34
f 394/561/35 396/563/449 407/562/36
f 396/563/449 398/565/451 408/564/450
f 398/565/451 400/2430/1621 409/566/452
f 409/567/452 400/2431/1621 399/568/453
f 410/569/454 399/568/453 397/570/455
f 395/572/457 412/573/458 411/571/456
f 412/573/458 395/572/457 393/574/459
f 393/574/459 392/577/461 414/576/460
f 392/577/461 389/579/463 415/578/462
f 389/579/463 386/581/465 416/580/464
f 386/581/465 385/552/446 401/551/445
f 390/536/432 388/530/427 359/582/466
f 1/63/60 356/529/426 1565/585/469
f 37/6/6 4/5/5 1567/62/59
f 397/589/473 1562/546/440 375/590/474
f 360/593/477 357/594/478 1565/585/469
f 1566/64/60 1565/585/469 357/594/478
f 397/589/473 372/591/475 369/538/433
f 389/587/471 392/534/431 363/533/430
f 14/596/68 709/1051/68 710/597/480
f 363/599/68 366/1043/68 717/600/68
f 387/531/428 385/2416/1618 1565/585/469
f 355/603/299 401/2432/299 402/604/299
f 358/605/299 402/604/299 403/606/299
f 361/607/299 403/606/299 404/608/299
f 364/609/299 404/608/299 405/610/299
f 405/610/299 406/633/299 370/612/299
f 407/613/299 408/616/299 376/614/299
f 408/616/299 409/2433/299 377/617/299
f 377/618/299 409/2434/299 410/619/299
f 378/620/299 410/619/299 411/621/299
f 379/622/299 411/621/299 412/623/299
f 380/624/299 412/623/299 413/625/299
f 414/627/299 415/632/299 383/628/299
f 416/630/299 401/2432/299 355/603/299
f 415/632/299 416/630/299 384/631/299
f 406/633/299 407/613/299 373/615/299
f 413/625/299 414/627/299 382/629/299
f 420/634/482 419/661/506 361/635/483
f 429/637/485 428/547/441 380/549/443
f 421/639/486 420/634/482 364/636/484
f 383/641/487 431/651/497 430/642/488
f 370/644/490 422/654/500 421/639/486
f 355/645/491 417/2435/491 432/646/492
f 376/648/494 424/653/499 423/649/495
f 384/647/493 432/646/492 431/651/497
f 377/652/498 425/2436/498 424/653/499
f 373/650/496 423/649/495 422/654/500
f 426/655/501 425/2437/498 377/656/498
f 418/658/503 417/2435/491 355/645/491
f 382/643/489 430/642/488 429/637/485
f 427/660/505 426/655/501 378/657/502
f 419/661/506 418/658/503 358/659/504
f 428/662/299 444/692/299 443/663/299
f 419/665/299 435/693/299 434/666/299
f 427/664/299 443/663/299 442/668/299
f 446/670/299 445/2438/299 429/671/299
f 418/667/299 434/666/299 433/673/299
f 426/669/299 442/668/299 441/675/299
f 439/677/299 438/687/299 422/678/299
f 441/680/299 440/686/299 424/681/299
f 448/683/299 447/689/299 431/684/299
f 440/686/299 439/677/299 423/679/299
f 433/673/299 448/683/299 432/685/299
f 438/687/299 437/2439/299 421/688/299
f 447/689/299 446/670/299 430/672/299
f 421/688/299 437/2439/299 436/690/299
f 429/671/299 445/2438/299 444/692/299
f 420/691/299 436/690/299 435/693/299
f 451/694/507 450/724/536 434/695/508
f 480/697/510 479/741/552 463/698/511
f 444/700/513 460/706/519 459/701/514
f 452/703/516 451/694/507 435/696/509
f 445/705/518 461/736/547 460/706/519
f 453/707/520 452/703/516 436/704/517
f 463/698/511 462/725/537 446/709/522
f 438/711/524 454/720/533 453/707/520
f 449/712/525 464/699/512 448/713/526
f 440/715/528 456/719/532 455/716/529
f 464/699/512 463/698/511 447/710/523
f 441/718/531 457/730/535 456/719/532
f 439/717/530 455/716/529 454/720/533
f 442/721/534 458/726/538 457/722/535
f 450/724/536 449/712/525 433/714/527
f 462/725/537 461/736/547 445/705/518
f 443/702/515 459/701/514 458/726/538
f 485/727/539 484/759/569 468/728/540
f 457/730/535 473/751/544 472/731/542
f 455/716/529 471/743/554 470/732/543
f 458/726/538 474/737/548 473/733/544
f 466/734/545 465/742/553 449/712/525
f 478/735/546 477/757/567 461/736/547
f 459/701/514 475/739/550 474/737/548
f 467/738/549 466/734/545 450/724/536
f 460/706/519 476/740/551 475/739/550
f 468/728/540 467/738/549 451/694/507
f 461/736/547 477/757/567 476/740/551
f 469/729/541 468/728/540 452/703/516
f 479/741/552 478/735/546 462/725/537
f 454/720/533 470/732/543 469/729/541
f 465/742/553 480/697/510 464/699/512
f 456/719/532 472/731/542 471/743/554
f 491/744/555 507/765/575 506/745/556
f 495/747/558 494/756/566 478/735/546
f 470/732/543 486/753/563 485/727/539
f 481/748/559 496/750/561 480/697/510
f 472/731/542 488/752/562 487/749/560
f 496/750/561 495/747/558 479/741/552
f 473/751/544 489/772/564 488/752/562
f 471/743/554 487/749/560 486/753/563
f 474/737/548 490/746/557 489/754/564
f 482/755/565 481/748/559 465/742/553
f 494/756/566 493/767/577 477/757/567
f 475/739/550 491/744/555 490/746/557
f 483/758/568 482/755/565 466/734/545
f 476/740/551 492/760/570 491/744/555
f 484/759/569 483/758/568 467/738/549
f 477/757/567 493/767/577 492/760/570
f 528/761/571 527/780/589 511/762/572
f 499/764/574 498/776/585 482/755/565
f 492/760/570 508/768/578 507/765/575
f 500/766/576 499/764/574 483/758/568
f 493/767/577 509/786/594 508/768/578
f 501/769/579 500/766/576 484/759/569
f 511/762/572 510/777/586 494/756/566
f 486/753/563 502/774/583 501/769/579
f 497/770/580 512/763/573 496/750/561
f 488/752/562 504/773/582 503/771/581
f 512/763/573 511/762/572 495/747/558
f 489/772/564 505/781/584 504/773/582
f 487/749/560 503/771/581 502/774/583
f 490/746/557 506/745/556 505/775/584
f 498/776/585 497/770/580 481/748/559
f 510/777/586 509/786/594 493/767/577
f 543/778/587 542/806/613 526/779/588
f 505/781/584 521/802/592 520/782/590
f 503/771/581 519/794/602 518/783/591
f 506/745/556 522/787/595 521/784/592
f 514/785/593 513/793/601 497/770/580
f 526/779/588 525/807/614 509/786/594
f 507/765/575 523/789/597 522/787/595
f 515/788/596 514/785/593 498/776/585
f 508/768/578 524/791/599 523/789/597
f 516/790/598 515/788/596 499/764/574
f 509/786/594 525/807/614 524/791/599
f 517/792/600 516/790/598 500/766/576
f 527/780/589 526/779/588 510/777/586
f 502/774/583 518/783/591 517/792/600
f 513/793/601 528/761/571 512/763/573
f 504/773/582 520/782/590 519/794/602
f 547/795/603 546/827/632 530/796/604
f 518/783/591 534/804/611 533/798/606
f 529/799/607 544/801/609 528/761/571
f 520/782/590 536/803/610 535/800/608
f 544/801/609 543/778/587 527/780/589
f 521/802/592 537/824/612 536/803/610
f 519/794/602 535/800/608 534/804/611
f 522/787/595 538/808/615 537/805/612
f 530/796/604 529/799/607 513/793/601
f 542/806/613 541/817/624 525/807/614
f 523/789/597 539/809/616 538/808/615
f 531/797/605 530/796/604 514/785/593
f 524/791/599 540/811/618 539/809/616
f 532/810/617 531/797/605 515/788/596
f 525/807/614 541/817/624 540/811/618
f 533/798/606 532/810/617 516/790/598
f 569/812/619 568/844/649 552/813/620
f 540/811/618 556/818/625 555/815/622
f 548/816/623 547/795/603 531/797/605
f 541/817/624 557/836/641 556/818/625
f 549/819/626 548/816/623 532/810/617
f 559/820/627 558/828/633 542/806/613
f 534/804/611 550/825/631 549/819/626
f 545/821/628 560/823/630 544/801/609
f 536/803/610 552/813/620 551/822/629
f 560/823/630 559/820/627 543/778/587
f 537/824/612 553/814/621 552/813/620
f 535/800/608 551/822/629 550/825/631
f 538/808/615 554/829/634 553/826/621
f 546/827/632 545/821/628 529/799/607
f 558/828/633 557/836/641 541/817/624
f 539/809/616 555/815/622 554/829/634
f 577/830/635 592/850/655 576/831/636
f 567/833/638 566/843/648 550/825/631
f 570/834/639 569/854/619 553/826/621
f 546/827/632 562/838/643 561/832/637
f 558/828/633 574/842/647 573/835/640
f 571/837/642 570/834/639 554/829/634
f 547/795/603 563/840/645 562/838/643
f 572/839/644 571/837/642 555/815/622
f 548/816/623 564/841/646 563/840/645
f 573/835/640 572/839/644 556/818/625
f 549/819/626 565/861/664 564/841/646
f 559/820/627 575/845/650 574/842/647
f 566/843/648 565/861/664 549/819/626
f 545/821/628 561/832/637 576/831/636
f 568/844/649 567/833/638 551/822/629
f 560/823/630 576/831/636 575/845/650
f 581/846/651 597/2440/651 596/847/652
f 584/849/654 583/852/657 567/833/638
f 592/850/655 591/863/666 575/845/650
f 585/851/656 584/849/654 568/844/649
f 583/852/657 582/864/667 566/843/648
f 570/834/639 586/856/659 585/853/656
f 562/838/643 578/857/660 577/830/635
f 590/855/658 589/2441/1622 573/835/640
f 571/837/642 587/858/661 586/856/659
f 563/840/645 579/859/662 578/857/660
f 572/839/644 588/860/663 587/858/661
f 564/841/646 580/862/665 579/859/662
f 573/835/640 589/2441/1622 588/860/663
f 565/861/664 581/2442/1623 580/862/665
f 591/863/666 590/855/658 574/842/647
f 582/864/667 581/2442/1623 565/861/664
f 603/865/668 635/904/705 634/866/669
f 607/868/671 606/887/688 590/869/672
f 598/871/674 597/2440/651 581/846/651
f 593/873/676 608/879/682 592/874/677
f 600/876/679 599/882/685 583/877/680
f 608/879/682 607/868/671 591/870/673
f 601/880/683 600/876/679 584/878/681
f 599/882/685 598/871/674 582/872/675
f 586/883/686 602/890/691 601/884/683
f 578/886/687 594/892/693 593/873/676
f 606/887/688 605/2443/1624 589/888/689
f 587/889/690 603/894/695 602/890/691
f 579/891/692 595/895/696 594/892/693
f 588/893/694 604/896/697 603/894/695
f 580/848/653 596/847/652 595/895/696
f 589/888/689 605/2443/1624 604/896/697
f 613/897/698 645/1003/796 644/898/699
f 595/900/701 627/906/707 626/901/702
f 604/903/704 636/908/708 635/904/705
f 596/905/706 628/910/709 627/906/707
f 605/907/10 637/2444/10 636/908/708
f 597/909/299 629/2445/299 628/910/709
f 639/911/710 638/927/725 606/912/711
f 630/914/713 629/2445/299 597/909/299
f 593/916/715 625/926/724 640/917/716
f 632/919/718 631/924/723 599/920/719
f 640/917/716 639/911/710 607/913/712
f 633/922/721 632/919/718 600/921/720
f 631/924/723 630/914/713 598/915/714
f 634/866/669 633/2446/721 601/925/722
f 594/902/703 626/901/702 625/926/724
f 638/927/725 637/2444/10 605/907/10
f 625/928/726 626/931/729 610/929/727
f 626/931/729 627/933/731 611/932/730
f 627/933/731 628/935/733 612/934/732
f 628/935/733 629/2447/1625 613/936/734
f 613/936/734 629/2447/1625 630/937/735
f 615/939/737 631/958/754 632/940/738
f 616/941/739 632/940/738 633/942/740
f 633/944/740 634/947/743 618/945/742
f 634/947/743 635/949/745 619/948/744
f 635/949/745 636/951/747 620/950/746
f 636/951/747 637/2448/1626 621/952/748
f 622/953/749 638/959/755 639/954/750
f 624/956/752 640/957/753 625/928/726
f 623/955/751 639/954/750 640/957/753
f 614/938/736 630/937/735 631/958/754
f 621/952/748 637/2448/1626 638/959/755
f 655/960/756 654/979/773 622/961/757
f 646/963/759 645/1003/796 613/897/698
f 641/965/761 656/971/767 624/966/762
f 648/968/764 647/974/770 615/969/765
f 656/971/767 655/960/756 623/962/758
f 649/972/768 648/968/764 616/970/766
f 647/974/770 646/963/759 614/964/760
f 618/975/771 650/982/776 649/976/768
f 610/978/772 642/984/778 641/965/761
f 654/979/773 653/997/790 621/980/774
f 619/981/775 651/986/780 650/982/776
f 611/983/777 643/987/781 642/984/778
f 620/985/779 652/988/782 651/986/780
f 612/899/700 644/898/699 643/987/781
f 621/980/774 653/997/790 652/988/782
f 672/989/783 671/992/786 655/960/756
f 687/990/784 686/1018/810 670/991/785
f 665/993/787 664/1006/799 648/968/764
f 663/994/788 662/1005/798 646/963/759
f 650/982/776 666/998/791 665/995/787
f 642/984/778 658/999/792 657/996/789
f 670/991/785 669/1019/811 653/997/790
f 651/986/780 667/1000/793 666/998/791
f 643/987/781 659/1001/794 658/999/792
f 652/988/782 668/1002/795 667/1000/793
f 644/898/699 660/1004/797 659/1001/794
f 653/997/790 669/1019/811 668/1002/795
f 645/1003/796 661/1011/804 660/1004/797
f 671/992/786 670/991/785 654/979/773
f 662/1005/798 661/1011/804 645/1003/796
f 657/996/789 672/989/783 656/971/767
f 664/1006/799 663/994/788 647/974/770
f 675/1007/800 691/1025/817 690/1008/801
f 678/1010/803 677/1028/820 661/1011/804
f 673/1012/805 688/1014/807 672/989/783
f 680/1013/806 679/1016/809 663/994/788
f 688/1014/807 687/990/784 671/992/786
f 681/1015/808 680/1013/806 664/1006/799
f 679/1016/809 678/1010/803 662/1005/798
f 666/998/791 682/1020/812 681/1017/808
f 658/999/792 674/1009/802 673/1012/805
f 686/1018/810 685/1026/818 669/1019/811
f 667/1000/793 683/1021/813 682/1020/812
f 659/1001/794 675/1007/800 674/1009/802
f 668/1002/795 684/1022/814 683/1021/813
f 660/1004/797 676/1023/815 675/1007/800
f 669/1019/811 685/1026/818 684/1022/814
f 661/1011/804 677/1028/820 676/1023/815
f 684/1022/814 700/1027/819 699/1024/816
f 676/1023/815 692/1029/821 691/1025/817
f 685/1026/818 701/2449/1622 700/1027/819
f 677/1028/820 693/2450/1623 692/1029/821
f 703/1030/822 702/1038/829 686/1018/810
f 694/1031/823 693/2450/1623 677/1028/820
f 689/1032/824 704/1034/826 688/1014/807
f 696/1033/825 695/1036/828 679/1016/809
f 704/1034/826 703/1030/822 687/990/784
f 697/1035/827 696/1033/825 680/1013/806
f 695/1036/828 694/1031/823 678/1010/803
f 682/1020/812 698/1039/830 697/1037/827
f 674/1009/802 690/1008/801 689/1032/824
f 702/1038/829 701/2449/1622 685/1026/818
f 683/1021/813 699/1024/816 698/1039/830
f 8/1040/68 707/1056/68 708/1041/68
f 366/1043/68 369/1055/833 718/1044/831
f 2/1045/68 705/1054/68 706/1046/68
f 26/1048/1 713/2451/1 720/1049/1
f 363/599/68 716/601/68 715/74/68
f 11/1042/68 708/1041/68 709/1051/68
f 17/598/480 710/597/480 711/1052/832
f 357/73/68 714/75/68 705/1054/68
f 369/1055/833 372/3/3 719/2/2
f 5/1047/68 706/1046/68 707/1056/68
f 20/1053/832 711/1052/832 712/527/425
f 712/1058/834 726/1087/862 727/1059/835
f 713/1061/836 727/2452/835 734/1062/837
f 706/1064/839 705/1068/843 751/1065/840
f 714/1067/842 728/2453/1627 751/1065/840
f 707/1069/844 706/1064/839 752/1066/841
f 761/1071/846 728/2453/1627 714/1067/842
f 707/1069/844 721/1070/845 722/1073/848
f 715/1072/847 716/1082/857 730/1075/850
f 719/1076/851 767/2454/1628 732/1077/852
f 708/1074/849 722/1073/848 723/1079/854
f 764/1081/856 730/1075/850 716/1082/857
f 723/1079/854 724/2455/1629 710/1084/859
f 717/1083/858 718/1078/853 732/1077/852
f 710/1084/859 724/2455/1629 725/1085/860
f 712/1058/834 711/1086/861 725/1085/860
f 734/1062/837 767/2454/1628 719/1076/851
f 1132/1088/863 1156/1822/863 1181/1089/864
f 1159/1091/865 1244/1815/865 1241/1092/866
f 1126/1094/867 1180/1126/867 1153/1095/868
f 1236/1097/10 762/1868/10 763/1098/869
f 1124/1100/870 1157/1823/870 1161/1101/871
f 1252/1103/872 768/1961/872 756/1104/873
f 1123/1102/871 1161/1101/871 1165/1106/874
f 1174/1108/875 1254/1959/875 1261/1109/876
f 1135/1111/877 1176/1800/877 1172/1112/878
f 1122/1107/874 1165/1106/874 1168/1114/879
f 1136/1113/878 1172/1112/878 1169/1116/880
f 1256/1118/881 757/2456/881 758/1119/875
f 1128/1121/882 1173/1809/882 1177/1122/883
f 1178/1110/876 1261/1109/876 1237/1124/884
f 1127/1123/883 1177/1122/883 1180/1126/867
f 1133/1090/864 1181/1089/864 1184/1127/885
f 742/1129/886 741/1181/904 775/1130/887
f 735/1132/68 736/1135/68 752/1133/68
f 736/1135/68 737/1137/68 721/1136/68
f 737/1137/68 738/1140/68 722/1138/68
f 739/1139/68 723/1142/68 722/1138/68
f 739/1139/68 740/1148/68 724/1141/68
f 741/1143/68 742/1147/68 726/1144/68
f 743/1146/68 727/2457/68 726/1144/68
f 741/1143/68 725/1145/68 724/1141/68
f 735/1132/68 751/1134/68 728/1149/68
f 744/1150/68 728/1149/68 761/1151/68
f 745/1152/68 761/1151/68 730/1153/68
f 746/1154/68 730/1153/68 764/1155/68
f 748/1157/68 747/1156/68 764/1155/68
f 750/1159/68 749/1164/68 767/1160/68
f 750/1159/68 734/1161/68 727/1162/68
f 748/1157/68 732/1158/68 767/1160/68
f 773/1165/889 772/1183/906 788/1166/890
f 747/1168/892 748/1193/915 782/1169/893
f 743/1171/881 742/1129/886 776/1131/888
f 735/1173/896 769/1188/910 770/1174/897
f 736/1175/898 770/1174/897 771/1176/899
f 749/1178/901 750/1185/908 784/1179/902
f 741/1181/904 740/1192/914 774/1182/905
f 737/1177/900 771/1176/899 772/1183/906
f 750/1185/908 743/2458/881 777/1186/895
f 744/1187/909 778/1191/913 769/1188/910
f 738/1184/907 772/1183/906 773/1165/889
f 745/1190/912 779/1195/917 778/1191/913
f 740/1192/914 739/1189/911 773/1165/889
f 748/1193/915 749/1178/901 783/1180/903
f 746/1194/916 780/1196/918 779/1195/917
f 747/1168/892 781/1170/894 780/1196/918
f 779/1195/917 795/1201/923 794/1197/919
f 773/1165/889 789/1167/891 790/1198/920
f 782/1169/893 783/1180/903 799/1199/921
f 780/1196/918 796/1202/924 795/1201/923
f 781/1170/894 797/1204/926 796/1202/924
f 775/1130/887 791/1209/931 792/1203/925
f 782/1169/893 798/1200/922 797/1204/926
f 777/1172/895 776/1131/888 792/1203/925
f 769/1188/910 785/1211/932 786/1206/928
f 770/1174/897 786/1206/928 787/1207/929
f 783/1180/903 784/1179/902 800/1208/930
f 775/1130/887 774/1182/905 790/1198/920
f 772/1183/906 771/1176/899 787/1207/929
f 784/1179/902 777/1186/895 793/1210/927
f 769/1188/910 778/1191/913 794/1197/919
f 798/1200/922 799/1199/921 815/1212/933
f 815/1212/933 816/1223/944 832/1214/935
f 796/1202/924 812/1217/938 811/1216/937
f 797/1204/926 813/1219/940 812/1217/938
f 791/1209/931 807/1225/946 808/1218/939
f 798/1200/922 814/1213/934 813/1219/940
f 793/1205/927 792/1203/925 808/1218/939
f 785/1211/932 801/1229/949 802/1221/942
f 786/1206/928 802/1221/942 803/1222/943
f 799/1199/921 800/1208/930 816/1223/944
f 791/1209/931 790/1198/920 806/1224/945
f 788/1166/890 787/1207/929 803/1222/943
f 800/1208/930 793/1210/927 809/1227/941
f 785/1211/932 794/1197/919 810/1228/948
f 789/1167/891 788/1166/890 804/1226/947
f 795/1201/923 811/1216/937 810/1228/948
f 789/1167/891 805/1230/950 806/1224/945
f 829/1231/951 845/1251/970 844/1232/952
f 807/1225/946 806/1224/945 822/1234/954
f 804/1226/947 803/1222/943 819/1236/956
f 816/1223/944 809/1227/941 825/1238/958
f 801/1229/949 810/1228/948 826/1239/959
f 805/1230/950 804/1226/947 820/1237/957
f 811/1216/937 827/1243/963 826/1239/959
f 805/1230/950 821/1241/961 822/1234/954
f 814/1213/934 815/1212/933 831/1215/936
f 812/1217/938 828/1233/953 827/1243/963
f 813/1219/940 829/1231/951 828/1233/953
f 807/1225/946 823/1235/955 824/1244/964
f 814/1213/934 830/1242/962 829/1231/951
f 809/1220/941 808/1218/939 824/1244/964
f 801/1229/949 817/1240/960 818/1246/965
f 802/1221/942 818/1246/965 819/1236/956
f 842/1247/966 858/1266/984 849/1248/967
f 823/1235/955 839/1258/977 840/1250/969
f 830/1242/962 846/1262/980 845/1251/970
f 825/1245/958 824/1244/964 840/1250/969
f 817/1240/960 833/1249/968 834/1253/972
f 818/1246/965 834/1253/972 835/1254/973
f 831/1215/936 832/1214/935 848/1255/974
f 823/1235/955 822/1234/954 838/1257/976
f 820/1237/957 819/1236/956 835/1254/973
f 832/1214/935 825/1238/958 841/1260/971
f 817/1240/960 826/1239/959 842/1247/966
f 821/1241/961 820/1237/957 836/1259/978
f 827/1243/963 843/1263/981 842/1247/966
f 821/1241/961 837/1261/979 838/1257/976
f 830/1242/962 831/1215/936 847/1256/975
f 828/1233/953 844/1232/952 843/1263/981
f 836/1259/978 852/1277/995 853/1264/982
f 842/1247/966 843/1263/981 859/1265/983
f 838/1257/976 837/1261/979 853/1264/982
f 847/1256/975 863/1276/994 862/1268/986
f 843/1263/981 844/1232/952 860/1269/987
f 844/1232/952 845/1251/970 861/1270/988
f 840/1250/969 839/1258/977 855/1271/989
f 845/1251/970 846/1262/980 862/1268/986
f 840/1250/969 856/1272/990 857/1273/991
f 834/1253/972 833/1249/968 849/1248/967
f 835/1254/973 834/1253/972 850/1274/992
f 848/1255/974 864/1278/996 863/1276/994
f 838/1257/976 854/1267/985 855/1271/989
f 835/1254/973 851/1275/993 852/1277/995
f 841/1260/971 857/2459/991 864/1278/996
f 22/1279/68 25/2460/68 873/1280/68
f 10/1282/68 868/1305/68 867/1283/68
f 368/1285/68 365/1307/68 877/1286/68
f 25/1288/68 374/1310/997 880/1289/997
f 4/1291/68 866/1306/68 865/1292/68
f 362/1294/68 359/1309/68 875/1295/68
f 16/1297/68 19/1308/68 871/1298/68
f 356/1300/68 1/1293/68 865/1292/68
f 368/1285/68 878/1287/68 879/1302/68
f 13/1304/68 869/1311/68 868/1305/68
f 7/1284/68 867/1283/68 866/1306/68
f 362/1294/68 876/1296/68 877/1286/68
f 19/1308/68 22/1279/68 872/1281/68
f 359/1309/68 356/1300/68 874/1301/68
f 371/1303/68 879/1302/68 880/1289/997
f 16/1297/68 870/1299/68 869/1311/68
f 898/1312/998 897/1343/1020 892/1313/999
f 899/1315/1000 886/1321/1005 885/1316/1001
f 901/1318/1002 898/1312/998 893/1314/998
f 902/1320/1004 887/1325/1004 886/1321/1005
f 903/1322/1006 901/1318/1002 894/1319/1003
f 904/1324/1007 888/1329/1011 887/1325/1004
f 905/1326/1008 903/1322/1006 895/1323/1006
f 906/1328/1010 889/2461/1010 888/1329/1011
f 907/1330/1012 882/1338/1017 881/1331/1013
f 906/1333/1010 905/1326/1008 896/1327/1009
f 909/1335/1014 908/1332/1013 881/1331/1013
f 907/1330/1012 910/1342/1016 883/1337/1016
f 909/1335/1014 890/1336/1015 891/1339/1018
f 912/1341/1019 884/1344/1021 883/1337/1016
f 897/1343/1020 911/1340/1018 891/1339/1018
f 900/1317/1001 885/1316/1001 884/1344/1021
f 868/1345/1022 869/1376/1023 900/1346/1023
f 875/1348/1025 911/1354/1025 897/1349/1026
f 867/1351/1028 868/1345/1022 912/1347/1024
f 875/1348/1025 874/1358/1029 909/1353/1029
f 867/1351/1028 910/1352/1028 907/1355/1030
f 865/1357/1031 908/1362/1031 909/1353/1029
f 880/1359/1032 905/1367/1037 906/1360/1033
f 865/1357/1031 866/1356/1030 907/1355/1030
f 872/1363/1034 873/2462/1033 906/1364/1033
f 879/1366/1036 903/1371/1036 905/1367/1037
f 871/1368/1038 872/1363/1034 904/1365/1035
f 878/1370/1039 901/1375/1043 903/1371/1036
f 870/1372/1040 871/1368/1038 902/1369/1038
f 877/1374/1042 898/1377/1042 901/1375/1043
f 869/1376/1023 870/1372/1040 899/1373/1041
f 876/1350/1027 897/1349/1026 898/1377/1042
f 1535/1378/1044 959/1385/1051 958/1379/1045
f 1548/1381/1047 951/1454/1107 952/1382/1048
f 1537/1384/1050 960/1451/1104 959/1385/1051
f 1550/1383/1049 952/1382/1048 953/1386/1052
f 885/1388/68 886/1471/68 1540/1389/68
f 894/1391/68 893/1470/68 1555/1392/68
f 1539/1394/1054 1541/1400/1060 954/1395/1055
f 1556/1397/1057 1554/1491/1123 945/1398/1058
f 1541/1400/1060 1543/1404/1064 955/1401/1061
f 1558/1402/1062 1556/1397/1057 947/1399/1059
f 1543/1404/1064 1545/1478/1122 956/1405/1065
f 889/1406/68 896/1480/68 1560/1407/68
f 883/1409/68 1534/1489/68 1532/1410/68
f 1546/1412/1066 1561/1477/1121 949/1413/1067
f 1533/1380/1046 958/1379/1045 950/1415/1069
f 961/1417/1071 924/1448/1101 925/1418/1072
f 970/1420/1074 962/1426/1080 918/1421/1075
f 969/1419/1073 925/1418/1072 926/1423/1077
f 963/1425/1079 919/1430/1084 918/1421/1075
f 972/1427/1081 971/1424/1078 926/1423/1077
f 963/1425/1079 964/1433/1087 920/1429/1083
f 973/1431/1085 972/1427/1081 927/1428/1082
f 964/1433/1087 965/1493/1092 921/1434/1088
f 966/1435/1089 914/1443/1096 913/1436/1090
f 965/1438/1092 973/1431/1085 928/1432/1086
f 974/1437/1091 913/1436/1090 922/1440/1093
f 967/1442/1095 915/1447/1100 914/1443/1096
f 975/1441/1094 922/1440/1093 923/1444/1097
f 968/1446/1099 916/1449/1102 915/1447/1100
f 976/1445/1098 923/1444/1097 924/1448/1101
f 970/1420/1074 917/1422/1076 916/1449/1102
f 946/1396/1056 932/1468/1120 944/1450/1103
f 952/1382/1048 943/1455/1108 929/1452/1105
f 960/1451/1104 944/1450/1103 942/1453/1106
f 951/1454/1107 941/1457/1110 943/1455/1108
f 959/1385/1051 942/1453/1106 939/1456/1109
f 950/1415/1069 940/1460/1113 941/1457/1110
f 957/1414/1068 949/1413/1067 937/1458/1111
f 958/1379/1045 939/1456/1109 940/1460/1113
f 956/1405/1065 957/1479/1068 938/1461/1112
f 949/1413/1067 948/1403/1063 935/1463/1115
f 955/1401/1061 956/1405/1065 936/1462/1114
f 948/1403/1063 947/1399/1059 933/1465/1117
f 954/1395/1055 955/1401/1061 934/1464/1116
f 947/1399/1059 945/1398/1058 930/1467/1119
f 946/1396/1056 954/1395/1055 931/1466/1118
f 953/1386/1052 929/1452/1105 930/1467/1119
f 892/1469/68 1553/1490/68 1555/1392/68
f 886/1471/68 887/1475/68 1542/1472/68
f 895/1473/68 894/1391/68 1557/1393/68
f 887/1475/68 888/1481/68 1544/1476/68
f 1561/1477/1121 1558/1402/1062 948/1403/1063
f 1545/1478/1122 1546/2463/1066 957/1479/1068
f 896/1480/68 895/1473/68 1559/1474/68
f 888/1481/68 889/2464/68 1547/1482/68
f 1531/1416/1070 950/1415/1069 951/1454/1107
f 890/1483/68 1549/2413/68 1551/1484/68
f 882/1411/68 1532/1410/68 1530/1486/68
f 884/1488/68 1536/1492/68 1534/1489/68
f 891/1485/68 1551/1484/68 1553/1490/68
f 1539/1394/1054 946/1396/1056 960/1451/1104
f 1552/1387/1053 953/1386/1052 945/1398/1058
f 885/1388/68 1538/1390/68 1536/1492/68
f 932/1468/1120 970/1420/1074 968/1446/1099
f 943/1455/1108 976/1445/1098 961/1417/1071
f 944/1450/1103 968/1446/1099 967/1442/1095
f 941/1457/1110 975/1441/1094 976/1445/1098
f 942/1453/1106 967/1442/1095 966/1435/1089
f 940/1460/1113 974/1437/1091 975/1441/1094
f 938/1459/1112 937/1458/1111 973/1431/1085
f 939/1456/1109 966/1435/1089 974/1437/1091
f 936/1462/1114 938/1461/1112 965/1493/1092
f 937/1458/1111 935/1463/1115 972/1427/1081
f 934/1464/1116 936/1462/1114 964/1433/1087
f 935/1463/1115 933/1465/1117 971/1424/1078
f 934/1464/1116 963/1425/1079 962/1426/1080
f 930/1467/1119 969/1419/1073 971/1424/1078
f 932/1468/1120 931/1466/1118 962/1426/1080
f 930/1467/1119 929/1452/1105 961/1417/1071
f 922/1440/1093 1037/1522/873 1010/1494/865
f 918/1421/1075 1020/1502/884 1014/1495/10
f 1019/1496/884 982/1501/884 981/1497/10
f 917/1422/1076 1014/1495/10 1015/1499/869
f 1023/1500/876 983/1504/876 982/1501/884
f 919/1430/1084 1024/1505/876 1020/1502/884
f 1027/1503/875 984/1507/875 983/1504/876
f 920/1429/1083 1028/1508/875 1024/1505/876
f 1031/1506/881 985/2465/881 984/1507/875
f 921/1434/1088 1032/2466/881 1028/1508/875
f 915/1447/1100 1040/1539/1125 1034/1509/1124
f 1039/1510/1125 979/1520/1125 978/1511/1124
f 1055/1513/1125 1056/1594/1125 1002/1514/869
f 914/1443/1096 1034/1509/1124 1035/1516/872
f 923/1444/1097 1010/1494/865 1011/1517/866
f 925/1418/1072 1017/1521/299 1021/1518/1126
f 1016/1519/869 980/1542/869 979/1520/1125
f 924/1448/1101 1011/1517/866 1017/1521/299
f 913/1436/1090 1035/1516/872 1037/1522/873
f 1036/1523/872 977/1529/872 986/1524/873
f 1030/1526/908 992/1532/908 985/1527/881
f 1033/1512/1124 978/1511/1124 977/1529/872
f 928/1432/1086 1029/1533/908 1032/1530/881
f 1026/1531/1127 991/1535/1127 992/1532/908
f 927/1428/1082 1025/1536/1127 1029/1533/908
f 1022/1534/1126 990/1538/1126 991/1535/1127
f 926/1423/1077 1021/1518/1126 1025/1536/1127
f 1018/1537/299 989/1541/299 990/1538/1126
f 916/1449/1102 1015/1499/869 1040/1539/1125
f 1012/1540/866 988/1544/866 989/1541/299
f 1013/1498/10 981/1497/10 980/1542/869
f 1009/1543/865 987/1589/865 988/1544/866
f 1020/1545/68 997/1582/68 1003/1546/68
f 1035/1548/68 1051/1640/68 1053/1549/68
f 1027/1551/33 1023/1639/33 994/1552/33
f 1038/1554/33 1054/1638/33 1052/1555/33
f 1025/1557/68 1041/1634/68 1045/1558/68
f 1019/1560/33 1013/1633/33 1004/1561/33
f 1030/1563/33 1046/1624/33 1042/1564/33
f 1017/1566/68 1000/1627/68 996/1567/68
f 1040/1569/68 1056/1629/68 1050/1570/68
f 1018/1572/33 1022/1630/33 995/1573/33
f 1032/1575/68 1048/2467/68 1044/1576/68
f 1033/1578/33 1049/1635/33 1055/1579/33
f 1024/1581/68 993/1622/68 997/1582/68
f 1037/1550/68 1053/1549/68 1007/1583/68
f 1010/1584/68 1007/1583/68 1006/1585/68
f 1031/1587/33 1027/1551/33 1043/1553/33
f 1038/1525/873 986/1524/873 987/1589/865
f 1008/1590/865 1007/1619/865 1053/1591/873
f 1049/1593/1124 1050/1600/1124 1056/1594/1125
f 1054/1592/873 1053/1591/873 1051/1595/872
f 1047/1597/881 1048/2468/881 1045/1598/908
f 1052/1596/872 1051/1595/872 1050/1600/1124
f 1043/1601/875 1044/1607/875 1048/1602/881
f 1046/1599/908 1045/1598/908 1041/1604/1127
f 994/1606/876 993/1611/876 1044/1607/875
f 1042/1605/1127 1041/1604/1127 996/1608/1126
f 998/1610/884 997/1615/884 993/1611/876
f 995/1609/1126 996/1608/1126 1000/1612/299
f 1004/1614/10 1003/1618/10 997/1615/884
f 999/1613/299 1000/1612/299 1006/1616/866
f 1001/1515/869 1002/1514/869 1003/1618/10
f 1005/1617/866 1006/1616/866 1007/1619/865
f 1039/1580/33 1055/1579/33 1001/1620/33
f 1028/1577/68 1044/1576/68 993/1622/68
f 1031/1623/33 1047/2469/33 1046/1624/33
f 1018/1572/33 999/1574/33 1005/1625/33
f 1017/1566/68 1011/1586/68 1006/1585/68
f 1040/1569/68 1015/1636/68 1002/1628/68
f 1022/1630/33 1026/1565/33 1042/1564/33
f 1029/1559/68 1045/1558/68 1048/1631/68
f 1013/1633/33 1016/1621/33 1001/1620/33
f 1021/1568/68 996/1567/68 1041/1634/68
f 1036/1556/33 1052/1555/33 1049/1635/33
f 1014/1547/68 1003/1546/68 1002/1628/68
f 1009/1637/33 1008/1641/33 1054/1638/33
f 1019/1560/33 998/1562/33 994/1552/33
f 1035/1548/68 1034/1571/68 1050/1570/68
f 1009/1637/33 1012/1626/33 1005/1625/33
f 1525/1642/1128 1093/1674/1151 1094/1643/1129
f 1528/1644/1130 1094/1643/1129 1103/1645/1131
f 1502/1647/1133 1089/1663/1140 1104/1648/1134
f 986/1650/68 1516/1752/68 1518/1651/68
f 978/1653/68 1499/1756/68 1498/1654/68
f 980/1656/68 1503/1739/68 1501/1657/68
f 1517/1659/1136 1515/2365/1584 1096/1660/1137
f 1502/1647/1133 1504/1735/1204 1097/1662/1139
f 1519/1664/1141 1090/1731/1200 1091/1665/1142
f 1508/1667/1144 1100/1673/1150 1099/1668/1145
f 1523/1670/1147 1521/1666/1143 1091/1665/1142
f 1508/1667/1144 1510/1681/1152 1101/1672/1149
f 1523/1670/1147 1092/1671/1148 1093/1674/1151
f 983/1675/68 984/1750/68 1511/1676/68
f 992/1678/68 991/1747/68 1526/1679/68
f 1510/1681/1152 1512/1749/1205 1102/1682/1153
f 1105/1683/1154 1060/1690/1161 1059/1684/1155
f 1106/1686/1157 1067/1715/1185 1068/1687/1158
f 1107/1689/1160 1061/1694/1165 1060/1690/1161
f 1114/1688/1159 1068/1687/1158 1069/1691/1162
f 1108/1693/1164 1062/1698/1169 1061/1694/1165
f 1116/1695/1166 1115/1692/1163 1069/1691/1162
f 1109/1697/1168 1063/1702/1173 1062/1698/1169
f 1117/1699/1170 1116/1695/1166 1070/1696/1167
f 1109/1697/1168 1110/1705/1176 1064/1701/1172
f 1118/1703/1174 1117/1699/1170 1071/1700/1171
f 1110/1705/1176 1111/1757/1181 1065/1706/1177
f 1112/1707/1178 1058/1714/1184 1057/1708/1179
f 1111/1710/1181 1118/1703/1174 1072/1704/1175
f 1119/1709/1180 1057/1708/1179 1066/1712/1182
f 1113/1685/1156 1059/1684/1155 1058/1714/1184
f 1120/1713/1183 1066/1712/1182 1067/1715/1185
f 1096/1660/1137 1088/1719/1189 1075/1716/1186
f 1089/1663/1140 1074/1734/1203 1086/1717/1187
f 1095/1718/1188 1087/1722/1192 1088/1719/1189
f 1103/1645/1131 1094/1643/1129 1084/1720/1190
f 1104/1648/1134 1086/1717/1187 1087/1722/1192
f 1102/1682/1153 1103/2470/1131 1085/1723/1191
f 1094/1643/1129 1093/1674/1151 1082/1725/1194
f 1101/1672/1149 1102/1682/1153 1083/1724/1193
f 1093/1674/1151 1092/1671/1148 1080/1727/1196
f 1101/1672/1149 1081/1726/1195 1079/1728/1197
f 1092/1671/1148 1091/1665/1142 1078/1729/1198
f 1100/1673/1150 1079/1728/1197 1077/1730/1199
f 1090/1731/1200 1076/1733/1202 1078/1729/1198
f 1099/1668/1145 1077/1730/1199 1073/1732/1201
f 1090/1731/1200 1098/1661/1138 1075/1716/1186
f 1097/1662/1139 1073/1732/1201 1074/1734/1203
f 1504/1735/1204 1506/1669/1146 1099/1668/1145
f 987/1652/68 1518/1651/68 1520/1736/68
f 981/1738/68 1505/1743/68 1503/1739/68
f 988/1737/68 1520/1736/68 1522/1740/68
f 982/1742/68 1507/1746/68 1505/1743/68
f 990/1744/68 989/1741/68 1522/1740/68
f 982/1742/68 983/1675/68 1509/1677/68
f 991/1747/68 990/1744/68 1524/1745/68
f 1513/1748/1132 1103/2470/1131 1102/1682/1153
f 984/1750/68 985/2471/68 1514/1751/68
f 977/1655/68 1498/1654/68 1516/1752/68
f 985/1753/68 992/1678/68 1527/1680/68
f 1500/1649/1135 1104/1648/1134 1095/1718/1188
f 979/1658/68 1501/1657/68 1499/1756/68
f 1517/1659/1136 1098/1661/1138 1090/1731/1200
f 1088/1719/1189 1120/1713/1183 1106/1686/1157
f 1074/1734/1203 1113/1685/1156 1112/1707/1178
f 1087/1722/1192 1119/1709/1180 1120/1713/1183
f 1085/1721/1191 1084/1720/1190 1118/1703/1174
f 1086/1717/1187 1112/1707/1178 1119/1709/1180
f 1083/1724/1193 1085/1723/1191 1111/1757/1181
f 1082/1725/1194 1117/1699/1170 1118/1703/1174
f 1081/1726/1195 1083/1724/1193 1110/1705/1176
f 1082/1725/1194 1080/1727/1196 1116/1695/1166
f 1081/1726/1195 1109/1697/1168 1108/1693/1164
f 1078/1729/1198 1115/1692/1163 1116/1695/1166
f 1077/1730/1199 1079/1728/1197 1108/1693/1164
f 1076/1733/1202 1114/1688/1159 1115/1692/1163
f 1077/1730/1199 1107/1689/1160 1105/1683/1154
f 1076/1733/1202 1075/1716/1186 1106/1686/1157
f 1073/1732/1201 1105/1683/1154 1113/1685/1156
f 1062/1758/1207 1126/1765/1214 1125/1759/1208
f 1069/1761/1210 1133/1790/1238 1134/1762/1211
f 1063/1764/1213 1127/1769/1218 1126/1765/1214
f 1070/1763/1212 1134/1762/1211 1135/1766/1215
f 1064/1768/1217 1128/1773/1222 1127/1769/1218
f 1071/1767/1216 1135/1766/1215 1136/1770/1219
f 1065/1772/1221 1129/2472/1226 1128/1773/1222
f 1057/1774/1223 1058/1781/1229 1122/1775/1224
f 1072/1771/1220 1136/1770/1219 1129/1777/1226
f 1066/1779/1227 1057/1774/1223 1121/1776/1225
f 1058/1781/1229 1059/1785/1233 1123/1782/1230
f 1067/1783/1231 1066/1779/1227 1130/1780/1228
f 1059/1785/1233 1060/1789/1237 1124/1786/1234
f 1068/1787/1235 1067/1783/1231 1131/1784/1232
f 1060/1789/1237 1061/1760/1209 1125/1759/1208
f 1069/1761/1210 1068/1787/1235 1132/1788/1236
f 1214/1791/1126 1149/1873/1243 1152/1792/1239
f 1242/1794/866 754/1819/866 753/1795/299
f 1183/1797/1126 1263/1957/1126 1259/1798/1127
f 1134/1128/885 1184/1127/885 1176/1800/877
f 1175/1799/1127 1259/1798/1127 1257/1801/908
f 1171/1802/908 1257/1801/908 1255/1803/881
f 1258/1805/908 729/1950/908 757/1806/881
f 1129/1808/880 1169/2473/880 1173/1809/882
f 1167/1810/872 1251/1947/872 1247/1811/873
f 1121/1115/879 1168/1114/879 1164/1813/1240
f 1163/1812/873 1247/1811/873 1244/1815/865
f 1130/1814/1240 1164/1813/1240 1160/1816/1241
f 1243/1818/865 755/1965/865 754/1819/866
f 1179/1125/884 1237/1124/884 1235/1820/10
f 1131/1817/1241 1160/1816/1241 1156/1822/863
f 1125/1096/868 1153/1095/868 1157/1823/870
f 1167/1824/33 1187/1915/33 1186/1825/33
f 1160/1827/33 1164/1920/33 1190/1828/68
f 1180/1830/33 1177/1916/33 1148/1831/68
f 1180/1830/33 1145/1832/68 1199/1833/68
f 1179/1835/33 1154/1921/33 1200/1836/33
f 1169/1838/33 1138/2474/68 1142/1839/68
f 1159/1841/33 1193/1911/33 1189/1842/33
f 1179/1835/33 1146/1837/33 1147/1844/33
f 1156/1846/33 1198/1917/68 1152/1847/68
f 1170/1849/33 1174/1914/33 1141/1850/33
f 1161/1852/33 1191/1907/68 1185/1853/68
f 1155/1855/33 1182/1919/33 1151/1856/33
f 1162/1858/33 1166/1826/33 1186/1825/33
f 1181/1848/33 1152/1847/68 1149/1860/68
f 1157/1862/33 1153/1834/33 1199/1833/68
f 1176/1864/33 1143/1906/68 1139/1865/68
f 1238/1867/884 760/1941/884 762/1868/10
f 1207/1869/884 1145/1898/1256 1148/1870/1242
f 1206/1872/1127 1143/1877/1245 1149/1873/1243
f 1208/1871/876 1148/1870/1242 1142/1874/1244
f 1205/1876/908 1139/1884/1249 1143/1877/1245
f 1212/1875/875 1142/1874/1244 1138/1878/1246
f 1215/1880/1124 1204/1885/872 1188/1881/1247
f 1211/1883/881 1138/2475/1246 1139/1884/1249
f 1204/1885/872 1203/1889/873 1190/1886/1250
f 1210/1887/1125 1215/1880/1124 1185/1882/1248
f 1203/1889/873 1202/1893/865 1194/1890/1252
f 1209/1891/869 1210/1887/1125 1191/1888/1251
f 1202/1893/865 1201/1897/866 1198/1894/1254
f 1216/1895/10 1209/1891/869 1195/1892/1253
f 1201/1897/866 1213/1793/299 1152/1792/1239
f 1216/1895/10 1199/1896/1255 1145/1898/1256
f 1183/1899/33 1175/1918/33 1144/1900/33
f 1162/1858/33 1192/1859/33 1196/1902/33
f 1168/1904/33 1165/1854/33 1185/1853/68
f 1184/1861/33 1149/1860/68 1143/1906/68
f 1161/1852/33 1157/1862/33 1195/1863/68
f 1170/1908/33 1137/2476/33 1140/1909/33
f 1159/1841/33 1155/1855/33 1197/1857/33
f 1169/1912/33 1172/1866/33 1139/1865/68
f 1174/1914/33 1178/1845/33 1147/1844/33
f 1163/1843/33 1189/1842/33 1187/1915/33
f 1173/1840/33 1142/1839/68 1148/1831/68
f 1160/1827/33 1194/1829/68 1198/1917/68
f 1171/1910/33 1140/1909/33 1144/1900/33
f 1183/1899/33 1150/1901/33 1151/1856/33
f 1168/1904/33 1188/1905/68 1190/1828/68
f 1158/1903/33 1196/1902/33 1200/1836/33
f 1146/1922/1257 1200/1926/1261 1216/1895/10
f 1151/1923/1258 1213/1793/299 1201/1897/866
f 1196/1925/1260 1209/1891/869 1216/1895/10
f 1197/1924/1259 1201/1897/866 1202/1893/865
f 1192/1928/1263 1210/1887/1125 1209/1891/869
f 1193/1927/1262 1202/1893/865 1203/1889/873
f 1186/1930/1265 1215/1880/1124 1210/1887/1125
f 1189/1929/1264 1203/1889/873 1204/1885/872
f 1140/1932/1267 1137/2477/1268 1211/1883/881
f 1187/1931/1266 1204/1885/872 1215/1880/1124
f 1137/1933/1268 1141/1935/1270 1212/1875/875
f 1144/1934/1269 1140/1932/1267 1205/1876/908
f 1141/1935/1270 1147/1937/1272 1208/1871/876
f 1150/1936/1271 1144/1934/1269 1206/1872/1127
f 1147/1937/1272 1146/1922/1257 1207/1869/884
f 1151/1923/1258 1150/1936/1271 1214/1791/1126
f 1233/1099/869 763/1098/869 765/1938/1125
f 1262/1940/876 759/1948/876 760/1941/884
f 1239/1796/299 753/1795/299 733/1942/1126
f 1162/1944/1125 1245/2004/1125 1249/1945/1124
f 1166/1946/1124 1249/1945/1124 1251/1947/872
f 1253/1120/875 758/1119/875 759/1948/876
f 1260/1949/1127 731/1951/1127 729/1950/908
f 1264/1943/1126 733/1942/1126 731/1951/1127
f 1294/1952/1273 1229/2033/1325 1232/1953/1274
f 1155/1093/866 1241/1092/866 1240/1955/299
f 1182/1956/299 1240/1955/299 1263/1957/1126
f 1170/1958/881 1255/2478/881 1254/1959/875
f 1250/1960/1124 766/1962/1124 768/1961/872
f 1246/1939/1125 765/1938/1125 766/1962/1124
f 1154/1821/10 1235/1820/10 1234/1963/869
f 1248/1105/873 756/1104/873 755/1965/865
f 1254/1966/1276 1268/1984/1276 1275/1967/1277
f 1240/1969/1278 1241/1987/1279 1226/1970/1279
f 1258/1972/1280 1256/2479/1281 1266/1973/1281
f 1253/1975/1282 1262/1985/1283 1276/1976/1283
f 1261/1968/1277 1275/1967/1277 1228/1978/1284
f 1239/1980/1285 1224/2003/1285 1225/1981/1286
f 1255/1983/1287 1265/2480/1287 1268/1984/1276
f 1262/1985/1283 1238/1997/1288 1227/1986/1288
f 1241/1987/1279 1244/2050/1335 1219/1988/1289
f 1237/1979/1284 1228/1978/1284 1232/1989/1290
f 1242/1982/1286 1225/1981/1286 1220/1991/1291
f 1256/1993/1281 1253/1975/1282 1267/1977/1282
f 1240/1969/1278 1223/1971/1278 1273/1995/1293
f 1238/1997/1288 1236/2053/1294 1231/1998/1294
f 1245/1999/1295 1234/2059/1296 1229/2000/1296
f 1239/1980/1285 1264/2056/1297 1274/2002/1297
f 1158/1964/869 1234/1963/869 1245/2004/1125
f 1305/2005/1298 1295/1954/1275 1232/1953/1274
f 1286/2007/1300 1223/2025/1317 1226/2008/1301
f 1310/2010/1303 1219/2034/1326 1222/2011/1304
f 1291/2012/1305 1222/2011/1304 1218/2013/1306
f 1283/2015/1308 1288/2028/1320 1268/2016/1309
f 1301/2018/1311 1283/2481/1308 1265/2019/1310
f 1311/2021/1313 1301/2018/1311 1269/2020/1312
f 1299/2023/1315 1311/2021/1313 1271/2022/1314
f 1286/2007/1300 1299/2023/1315 1273/2024/1316
f 1281/2026/1318 1305/2005/1298 1228/2006/1299
f 1288/2028/1320 1281/2026/1318 1275/2027/1319
f 1289/2014/1307 1218/2013/1306 1277/2029/1321
f 1307/2030/1322 1277/2029/1321 1279/2031/1323
f 1297/2032/1324 1279/2031/1323 1229/2033/1325
f 1303/2009/1302 1226/2008/1301 1219/2034/1326
f 1257/2035/1327 1269/2049/1327 1265/2036/1287
f 1243/1992/1292 1220/1991/1291 1221/2038/1328
f 1252/2040/1329 1217/2057/1329 1278/2041/1330
f 1260/2043/1331 1258/1972/1280 1270/1974/1280
f 1251/2045/1332 1249/2058/1333 1277/2046/1333
f 1259/2048/1334 1271/2060/1339 1269/2049/1327
f 1244/2050/1335 1247/2061/1336 1222/2051/1336
f 1233/2052/1337 1230/2062/1337 1231/1998/1294
f 1250/2042/1330 1278/2041/1330 1280/2054/1338
f 1264/2056/1297 1260/2043/1331 1272/2044/1331
f 1248/2039/1328 1221/2038/1328 1217/2057/1329
f 1249/2058/1333 1245/1999/1295 1279/2001/1295
f 1234/2059/1296 1235/1990/1290 1232/1989/1290
f 1263/1996/1293 1273/1995/1293 1271/2060/1339
f 1247/2061/1336 1251/2045/1332 1218/2047/1332
f 1246/2055/1338 1280/2054/1338 1230/2062/1337
f 1220/2063/1340 1225/2094/1369 1304/2064/1341
f 1304/2064/1341 1303/2009/1302 1310/2010/1303
f 1230/2066/1343 1280/2069/1346 1298/2067/1344
f 1298/2067/1344 1297/2032/1324 1294/1952/1273
f 1280/2069/1346 1278/2071/1348 1308/2070/1347
f 1308/2070/1347 1307/2030/1322 1297/2032/1324
f 1278/2071/1348 1217/2091/1366 1290/2072/1349
f 1290/2072/1349 1289/2014/1307 1307/2030/1322
f 1276/2073/1350 1282/2076/1353 1287/2074/1351
f 1282/2076/1353 1281/2026/1318 1288/2028/1320
f 1227/2077/1354 1306/2078/1355 1282/2076/1353
f 1306/2078/1355 1305/2005/1298 1281/2026/1318
f 1274/2079/1356 1300/2082/1359 1285/2080/1357
f 1300/2082/1359 1299/2023/1315 1286/2007/1300
f 1272/2083/1360 1312/2084/1361 1300/2082/1359
f 1312/2084/1361 1311/2021/1313 1299/2023/1315
f 1270/2085/1362 1302/2086/1363 1312/2084/1361
f 1302/2086/1363 1301/2018/1311 1311/2021/1313
f 1266/2087/1364 1284/2088/1365 1302/2086/1363
f 1284/2088/1365 1283/2481/1308 1301/2018/1311
f 1267/2075/1352 1287/2074/1351 1284/2089/1365
f 1287/2074/1351 1288/2028/1320 1283/2015/1308
f 1217/2091/1366 1221/2093/1368 1292/2092/1367
f 1292/2092/1367 1291/2012/1305 1289/2014/1307
f 1221/2093/1368 1220/2063/1340 1309/2065/1342
f 1309/2065/1342 1310/2010/1303 1291/2012/1305
f 1225/2094/1369 1224/2081/1358 1285/2080/1357
f 1285/2080/1357 1286/2007/1300 1303/2009/1302
f 1231/2095/1370 1296/2096/1371 1306/2078/1355
f 1296/2096/1371 1295/1954/1275 1305/2005/1298
f 1230/2066/1343 1293/2068/1345 1296/2096/1371
f 1293/2068/1345 1294/1952/1273 1295/1954/1275
f 766/2097/68 1327/2128/68 1328/2098/68
f 754/2100/68 755/2106/68 1318/2101/68
f 762/2103/68 760/2127/68 1323/2104/68
f 755/2106/68 756/2115/68 1319/2107/68
f 729/2108/68 1313/2114/68 1320/2109/68
f 762/2103/68 1324/2105/68 1325/2111/68
f 731/2113/68 1314/2117/68 1313/2114/68
f 756/2115/68 768/2099/68 1328/2098/68
f 733/2116/68 1315/2124/68 1314/2117/68
f 758/2118/68 757/2482/68 1320/2119/68
f 763/2112/68 1325/2111/68 1326/2121/68
f 753/2123/68 1316/2129/68 1315/2124/68
f 759/2125/68 758/2118/68 1321/2120/68
f 760/2127/68 759/2125/68 1322/2126/68
f 765/2122/68 1326/2121/68 1327/2128/68
f 753/2123/68 754/2100/68 1317/2102/68
f 1407/2130/1372 1384/2144/1386 1485/2131/1373
f 1458/2136/1378 1492/2318/1537 1478/2137/1379
f 1467/2140/1382 1334/2320/1539 1411/2141/1383
f 1377/2146/1388 1410/2151/1393 1338/2147/1389
f 1411/2141/1383 1334/2320/1539 1333/2149/1391
f 1410/2151/1393 1417/2483/1398 1337/2152/1394
f 1418/2150/1392 1333/2149/1391 1332/2153/1395
f 1415/2155/1397 1336/2162/1402 1337/2156/1394
f 1414/2158/1399 1416/2484/1396 1332/2159/1395
f 1413/2161/1401 1335/2165/1405 1336/2162/1402
f 1412/2163/1403 1414/2158/1399 1331/2160/1400
f 1488/2167/1407 1468/2287/1507 1472/2168/1408
f 1347/2170/1410 1479/2288/1508 1344/2171/1411
f 1413/2161/1401 1425/2302/1522 1459/2173/1413
f 1313/2175/1415 1344/2171/1411 1345/2176/1416
f 1327/2178/1417 1341/2207/1441 1342/2179/1418
f 1318/2181/1419 1364/2203/1437 1360/2182/1420
f 1324/2184/10 1357/2212/1426 1361/2185/1422
f 1317/2183/1421 1360/2182/1420 1356/2187/1424
f 1323/2189/1425 1353/2196/1430 1357/2190/1426
f 1316/2192/299 1356/2217/1424 1352/2193/1427
f 1322/2195/1429 1349/2200/1434 1353/2196/1430
f 1315/2194/1428 1352/2193/1427 1348/2172/1412
f 1320/2177/881 1345/2176/1416 1346/2198/1432
f 1321/2199/1433 1346/2198/1432 1349/2200/1434
f 1328/2180/872 1342/2179/1418 1343/2201/1435
f 1314/2197/1431 1348/2172/1412 1344/2171/1411
f 1319/2202/1436 1343/2201/1435 1364/2203/1437
f 1325/2186/1423 1361/2185/1422 1340/2204/1438
f 1339/2206/1440 1483/2223/1453 1341/2207/1441
f 1362/2208/1442 1339/2206/1440 1340/2204/1438
f 1359/2209/1443 1360/2182/1420 1364/2203/1437
f 1358/2211/1445 1362/2208/1442 1361/2185/1422
f 1355/2213/1446 1356/2187/1424 1360/2182/1420
f 1358/2214/1445 1357/2190/1426 1353/2196/1430
f 1355/2216/1446 1351/2219/1449 1352/2193/1427
f 1354/2215/1447 1353/2196/1430 1349/2200/1434
f 1351/2219/1449 1347/2170/1410 1348/2172/1412
f 1363/2210/1444 1364/2203/1437 1343/2201/1435
f 1433/2221/1451 1346/2198/1432 1345/2176/1416
f 1483/2223/1453 1429/2304/1524 1342/2179/1418
f 1326/2205/1439 1340/2204/1438 1341/2207/1441
f 1388/2224/1454 1390/2251/1477 1368/2225/1455
f 1368/2225/1455 1390/2251/1477 1391/2227/1457
f 1391/2227/1457 1389/2139/1381 1365/2229/1459
f 1368/2225/1455 1367/2228/1458 1370/2231/1461
f 1367/2228/1458 1365/2229/1459 1369/2232/1462
f 1373/2233/1463 1366/2226/1456 1371/2230/1460
f 1371/2230/1460 1370/2231/1461 1374/2235/1465
f 1370/2231/1461 1369/2232/1462 1372/2236/1466
f 1374/2235/1465 1372/2236/1466 1376/2238/1468
f 1380/2241/1469 1378/2240/1467 1376/2242/1468
f 1373/2244/1463 1375/2239/1464 1383/2245/1471
f 1383/2245/1471 1375/2239/1464 1380/2241/1469
f 1382/2247/1473 1380/2241/1469 1379/2243/1470
f 1387/2248/1474 1383/2245/1471 1382/2247/1473
f 1386/2249/1475 1382/2247/1473 1381/2145/1387
f 1390/2251/1477 1393/2250/1476 1394/2252/1478
f 1391/2227/1457 1394/2252/1478 1392/2135/1377
f 1395/2253/1479 1397/2256/1482 1393/2250/1476
f 1393/2250/1476 1397/2256/1482 1398/2254/1480
f 1394/2252/1478 1398/2254/1480 1396/2255/1481
f 1398/2254/1480 1400/2257/1483 1399/2258/1484
f 1402/2260/1485 1401/2266/1488 1399/2262/1484
f 1395/2263/1479 1406/2267/1489 1404/2264/1486
f 1404/2264/1486 1405/2265/1487 1402/2260/1485
f 1405/2265/1487 1403/2270/1492 1401/2266/1488
f 1408/2268/1490 1409/2269/1491 1405/2265/1487
f 1409/2269/1491 1407/2130/1372 1403/2270/1492
f 1422/2277/1499 1414/2158/1399 1412/2163/1403
f 1427/2278/1500 1425/2302/1522 1413/2161/1401
f 1421/2279/1501 1416/2484/1396 1414/2158/1399
f 1426/2280/1502 1427/2278/1500 1415/2155/1397
f 1421/2281/1501 1423/2284/1504 1418/2150/1392
f 1426/2282/1502 1417/2483/1398 1410/2151/1393
f 1423/2284/1504 1419/2295/1515 1411/2141/1383
f 1428/2283/1503 1410/2151/1393 1377/2146/1388
f 1494/2286/1506 1466/2324/1543 1468/2287/1507
f 1479/2288/1508 1431/2222/1452 1345/2176/1416
f 1450/2138/1380 1478/2137/1379 1476/2289/1509
f 1440/2291/1511 1474/2485/1630 1464/2292/1512
f 1439/2298/1518 1420/2274/1496 1412/2163/1403
f 1350/2218/1448 1349/2200/1434 1346/2198/1432
f 1413/2161/1401 1457/2174/1414 1449/2166/1406
f 1481/2220/1450 1343/2201/1435 1342/2179/1418
f 1359/2209/1443 1363/2210/1444 1419/2295/1515
f 1355/2213/1446 1359/2209/1443 1423/2284/1504
f 1355/2216/1446 1421/2279/1501 1422/2277/1499
f 1351/2219/1449 1422/2277/1499 1420/2274/1496
f 1472/2168/1408 1474/2485/1630 1440/2291/1511
f 1480/2306/1526 1442/2293/1513 1464/2292/1512
f 1354/2215/1447 1350/2218/1448 1425/2302/1522
f 1358/2214/1445 1354/2215/1447 1427/2278/1500
f 1358/2211/1445 1426/2282/1502 1428/2283/1503
f 1362/2208/1442 1428/2283/1503 1424/2285/1505
f 1489/2309/1529 1424/2285/1505 1377/2146/1388
f 1484/2312/1532 1496/2486/1631 1454/2313/1533
f 1454/2315/1533 1496/2487/1631 1490/2316/1535
f 1458/2136/1378 1460/2317/1536 1490/2316/1535
f 1411/2141/1383 1419/2295/1515 1473/2305/1525
f 1377/2146/1388 1329/2148/1390 1477/2308/1528
f 1329/2148/1390 1338/2147/1389 1401/2266/1488
f 1338/2147/1389 1337/2152/1394 1399/2262/1484
f 1336/2162/1402 1396/2255/1481 1399/2258/1484
f 1335/2165/1405 1392/2135/1377 1396/2255/1481
f 1412/2163/1403 1330/2164/1404 1487/2272/1494
f 1452/2290/1510 1476/2289/1509 1436/2322/1541
f 1334/2320/1539 1381/2145/1387 1379/2243/1470
f 1333/2149/1391 1379/2243/1470 1376/2242/1468
f 1331/2160/1400 1332/2159/1395 1376/2238/1468
f 1330/2164/1404 1331/2160/1400 1372/2236/1466
f 1466/2324/1543 1494/2286/1506 1456/2325/1544
f 1456/2325/1544 1462/2414/1616 1486/2327/1546
f 1365/2229/1459 1389/2139/1381 1445/2321/1540
f 1436/2322/1541 1438/2415/1617 1446/2328/1547
f 1386/2249/1475 1384/2144/1386 1407/2130/1372
f 1387/2248/1474 1386/2249/1475 1409/2269/1491
f 1406/2267/1489 1385/2246/1472 1387/2248/1474
f 1440/2329/1548 1442/2488/1632 1441/2275/1497
f 1447/2299/1519 1448/2361/1580 1440/2329/1548
f 1486/2330/1549 1485/2131/1373 1469/2143/1385
f 1441/2275/1497 1442/2488/1632 1480/2332/1551
f 1446/2333/1552 1462/2350/1569 1461/2303/1523
f 1463/2294/1514 1481/2220/1450 1482/2334/1553
f 1490/2336/1555 1496/2489/1633 1495/2311/1531
f 1474/2337/1556 1473/2305/1525 1463/2294/1514
f 1471/2142/1384 1473/2305/1525 1474/2337/1556
f 1491/2310/1530 1492/2360/1579 1490/2336/1555
f 1435/2276/1498 1437/2132/1374 1438/2339/1558
f 1434/2341/1560 1454/2349/1568 1453/2301/1521
f 1465/2297/1517 1467/2140/1382 1468/2342/1561
f 1483/2223/1453 1484/2358/1577 1430/2344/1563
f 1446/2333/1552 1445/2321/1540 1443/2134/1376
f 1493/2273/1495 1494/2353/1572 1488/2346/1565
f 1435/2276/1498 1436/2340/1559 1476/2347/1566
f 1430/2344/1563 1482/2334/1553 1481/2220/1450
f 1460/2348/1567 1459/2173/1413 1453/2301/1521
f 1466/2343/1562 1470/2331/1550 1469/2143/1385
f 1455/2296/1516 1461/2303/1523 1462/2350/1569
f 1479/2288/1508 1480/2332/1551 1432/2352/1571
f 1455/2296/1516 1456/2351/1570 1494/2353/1572
f 1443/2134/1376 1451/2133/1375 1452/2354/1573
f 1478/2355/1574 1477/2308/1528 1475/2300/1520
f 1457/2174/1414 1459/2173/1413 1460/2348/1567
f 1437/2132/1374 1485/2131/1373 1486/2330/1549
f 1433/2221/1451 1431/2222/1452 1432/2352/1571
f 1495/2311/1531 1496/2489/1633 1484/2358/1577
f 1450/2359/1578 1452/2354/1573 1451/2133/1375
f 1492/2360/1579 1491/2310/1530 1477/2308/1528
f 1449/2166/1406 1457/2174/1414 1458/2356/1575
f 1487/2272/1494 1488/2346/1565 1448/2361/1580
f 1467/2140/1382 1471/2142/1384 1472/2338/1557
f 1434/2314/1534 1480/2306/1526 1482/2307/1527
f 1514/2362/1581 1527/2376/1595 1528/1644/1130
f 1499/2363/1582 1500/1649/1135 1497/1755/1206
f 1515/2365/1584 1516/2366/1585 1498/2364/1583
f 1517/1659/1136 1518/2369/1588 1516/2366/1585
f 1501/2367/1586 1502/1647/1133 1500/1649/1135
f 1503/2368/1587 1504/1735/1204 1502/1647/1133
f 1519/1664/1141 1520/2370/1589 1518/2369/1588
f 1503/2368/1587 1505/2372/1591 1506/1669/1146
f 1521/1666/1143 1522/2374/1593 1520/2370/1589
f 1507/2371/1590 1508/1667/1144 1506/1669/1146
f 1521/1666/1143 1523/1670/1147 1524/2373/1592
f 1507/2371/1590 1509/2377/1596 1510/1681/1152
f 1523/1670/1147 1525/1642/1128 1526/2375/1594
f 1525/1642/1128 1528/1644/1130 1527/2376/1595
f 1509/2377/1596 1511/2378/1597 1512/1749/1205
f 1511/2378/1597 1514/2490/1581 1513/1748/1132
f 1515/2365/1584 1497/1755/1206 1095/1718/1188
f 1548/2380/1598 1549/2390/1598 1530/2381/1599
f 1547/2383/1600 1560/2410/1615 1561/2384/1601
f 1532/2386/1602 1533/2388/1604 1531/2382/1599
f 1534/2387/1603 1535/2392/1603 1533/2388/1604
f 1550/2389/1605 1551/2394/1605 1549/2390/1598
f 1536/2391/1606 1537/2396/1606 1535/2392/1603
f 1552/2393/1607 1553/2398/1607 1551/2394/1605
f 1538/2395/1608 1539/2400/1608 1537/2396/1606
f 1554/2397/1609 1555/2402/1609 1553/2398/1607
f 1538/2395/1608 1540/2403/1610 1541/2399/1610
f 1556/2401/1611 1557/2406/1611 1555/2402/1609
f 1540/2403/1610 1542/2407/1612 1543/2404/1612
f 1556/2401/1611 1558/2409/1613 1559/2405/1613
f 1542/2407/1612 1544/2411/1614 1545/2408/1614
f 1558/2409/1613 1561/2384/1601 1560/2410/1615
f 1544/2411/1614 1547/2491/1600 1546/2412/1600
f 881/1487/68 1530/1486/68 1549/2413/68
f 1462/2414/1616 1446/2328/1547 1438/2415/1617
f 398/544/439 374/77/69 1562/546/440
f 48/19/18 50/584/468 1564/20/19
f 1569/2492/884 1575/2493/10 1568/2494/10
f 1570/2495/876 1576/2496/884 1569/2492/884
f 1571/2497/875 1577/2498/876 1570/2495/876
f 1572/2499/881 1579/2500/875 1571/2497/875
f 1574/2501/908 1581/2502/881 1572/2499/881
f 1573/2503/1634 1580/2504/908 1574/2501/908
f 1573/2503/1634 1582/2505/1635 1578/2506/1634
f 1582/2507/881 1620/2508/881 1625/2509/881
f 1746/2510/1636 1624/2511/1637 1649/2512/1636
f 1621/2513/881 1649/2514/881 1624/2515/881
f 1730/2516/1638 1631/2517/1639 1630/2518/1640
f 1583/2519/68 1588/2520/68 1587/2521/68
f 1571/2522/68 1585/2523/68 1586/2524/68
f 1569/2525/68 1584/2526/68 1585/2523/68
f 1572/2527/68 1571/2522/68 1586/2524/68
f 1574/2528/68 1586/2524/68 1588/2520/68
f 1692/2529/33 1590/2530/33 1582/2531/33
f 1573/2532/68 1574/2528/68 1588/2520/68
f 1570/2533/68 1569/2525/68 1585/2523/68
f 1576/2534/33 1577/2535/33 1591/2536/33
f 1580/2537/33 1578/2538/33 1592/2539/33
f 1579/2540/33 1581/2541/33 1593/2542/33
f 1582/2531/33 1592/2539/33 1578/2538/33
f 1580/2537/33 1593/2542/33 1581/2541/33
f 1579/2540/33 1591/2536/33 1577/2535/33
f 1576/2534/33 1589/2543/33 1575/2544/33
f 1595/2545/881 1637/2546/881 1602/2547/881
f 1635/2548/68 1602/2549/68 1637/2550/1641
f 1634/2551/1642 1596/2552/876 1633/2553/1643
f 1603/2554/876 1597/2555/875 1596/2552/876
f 1605/2556/875 1598/2557/881 1597/2555/875
f 1727/2558/1644 1625/2559/1645 1627/2560/1644
f 1607/2561/881 1600/2562/908 1598/2557/881
f 1606/2563/908 1599/2564/1634 1600/2562/908
f 1608/2565/1635 1599/2564/1634 1604/2566/1634
f 1648/2567/881 1609/2568/881 1608/2569/881
f 1599/2570/33 1609/2571/33 1613/2572/33
f 1723/2573/1646 1621/2574/1647 1623/2575/1646
f 1628/2576/881 1651/2577/881 1649/2514/881
f 1760/2578/1648 1662/2579/1649 1663/2580/1648
f 1604/2581/68 1618/2582/68 1616/2583/68
f 1587/2521/68 1693/2584/68 1583/2519/68
f 1613/2572/33 1614/2585/33 1599/2570/33
f 1597/2586/33 1611/2587/33 1596/2588/33
f 1633/2589/33 1610/2590/33 1632/2591/33
f 1598/2592/33 1612/2593/33 1597/2586/33
f 1600/2594/33 1612/2593/33 1598/2592/33
f 1599/2570/33 1614/2585/33 1600/2594/33
f 1596/2588/33 1611/2587/33 1633/2589/33
f 1726/2595/1650 1627/2560/1644 1626/2596/1650
f 1634/2597/68 1617/2598/68 1603/2599/68
f 1606/2600/68 1618/2582/68 1604/2581/68
f 1605/2601/68 1619/2602/68 1607/2603/68
f 1619/2602/68 1606/2600/68 1607/2603/68
f 1617/2598/68 1605/2601/68 1603/2599/68
f 1615/2604/68 1634/2597/68 1601/2605/68
f 1624/2515/881 1623/2606/881 1621/2513/881
f 1720/2607/1651 1622/2608/1652 1620/2609/1651
f 1720/2607/1651 1583/2519/68 1693/2584/68
f 1731/2610/1639 1629/2611/1653 1631/2517/1639
f 1724/2612/1637 1626/2596/1650 1624/2511/1637
f 1748/2613/1654 1649/2512/1636 1651/2614/1654
f 1678/2615/881 1676/2616/881 1630/2617/881
f 1728/2618/1655 1630/2619/1656 1628/2620/1655
f 1609/2571/33 1729/2621/1653 1713/2622/33
f 1721/2623/1647 1628/2620/1655 1621/2574/1647
f 1595/2624/1657 1632/2625/1658 1594/2626/1659
f 1602/2627/1660 1633/2553/1643 1595/2624/1657
f 1602/2627/1660 1601/2628/1661 1634/2551/1642
f 1742/2629/1662 1639/2630/1663 1645/2631/1662
f 1595/2632/33 1594/2633/33 1636/2634/1664
f 1639/2635/881 1640/2636/881 1645/2637/881
f 1738/2638/1665 1638/2639/1666 1736/2640/1666
f 1736/2640/1666 1636/2634/1664 1734/2641/1664
f 1637/2546/881 1638/2642/881 1639/2635/881
f 1735/2643/1641 1635/2548/68 1637/2550/1641
f 1641/2644/1667 1646/2645/1668 1644/2646/1669
f 1740/2647/1670 1644/2646/1669 1643/2648/1670
f 1739/2649/1671 1643/2648/1670 1642/2650/1671
f 1743/2651/1672 1647/2652/1673 1646/2645/1668
f 1739/2649/1671 1640/2653/1665 1738/2638/1665
f 1744/2654/1673 1645/2631/1662 1647/2652/1673
f 1675/2655/881 1665/2656/881 1658/2657/881
f 1753/2658/1674 1654/2659/1675 1656/2660/1674
f 1772/2661/1676 1651/2662/1676 1675/2663/1676
f 1664/2664/881 1653/2665/881 1657/2666/881
f 1768/2667/1677 1670/2668/1678 1671/2669/1677
f 1657/2670/1679 1750/2671/1680 1754/2672/1679
f 1656/2660/1674 1752/2673/1681 1753/2658/1674
f 1754/2672/1679 1652/2674/1682 1657/2670/1679
f 1749/2675/1682 1659/2676/1683 1652/2674/1682
f 1672/2677/881 1654/2678/881 1671/2679/881
f 1668/2680/881 1662/2681/881 1655/2682/881
f 1758/2683/1684 1663/2580/1648 1661/2684/1684
f 1664/2664/881 1657/2666/881 1652/2685/881
f 1674/2686/881 1667/2687/881 1677/2688/881
f 1767/2689/1678 1653/2690/1680 1670/2668/1678
f 1668/2680/881 1656/2691/881 1654/2678/881
f 1662/2681/881 1669/2692/881 1663/2693/881
f 1663/2693/881 1667/2687/881 1661/2694/881
f 1757/2695/1685 1659/2676/1683 1756/2696/1683
f 1755/2697/1686 1660/2698/1685 1757/2695/1685
f 1758/2683/1684 1674/2699/1687 1771/2700/1687
f 1752/2673/1681 1662/2579/1649 1759/2701/1649
f 1659/2702/881 1666/2703/881 1664/2664/881
f 1660/2704/881 1665/2656/881 1666/2703/881
f 1673/2705/881 1653/2665/881 1664/2664/881
f 1673/2705/881 1671/2679/881 1670/2706/881
f 1747/2707/1687 1674/2699/1687 1650/2708/1687
f 1755/2697/1686 1675/2663/1676 1658/2709/1686
f 1676/2616/881 1651/2577/881 1630/2617/881
f 1631/2710/881 1679/2711/881 1630/2617/881
f 1725/2712/1645 1582/2531/33 1625/2559/1645
f 1650/2713/881 1674/2686/881 1677/2688/881
f 1631/2710/881 1650/2713/881 1677/2688/881
f 1671/2669/1677 1751/2714/1675 1768/2667/1677
f 1651/2577/881 1676/2616/881 1675/2655/881
f 1673/2715/1688 1761/2716/1689 1770/2717/1688
f 1668/2718/1690 1769/2719/1691 1765/2720/1692
f 1665/2721/1693 1773/2722/1694 1762/2723/1693
f 1664/2724/1695 1763/2725/1696 1761/2716/1689
f 1672/2726/1691 1770/2717/1688 1769/2719/1691
f 1676/2727/1697 1775/2728/1698 1773/2722/1694
f 1667/2729/1699 1766/2730/1700 1764/2731/1699
f 1678/2732/1698 1776/2733/1701 1775/2734/1698
f 1679/2735/1701 1774/2736/1702 1776/2733/1701
f 1677/2737/1703 1764/2731/1699 1774/2736/1702
f 1666/2738/1696 1762/2723/1693 1763/2725/1696
f 1627/2739/881 1623/2606/881 1626/2740/881
f 1620/2508/881 1622/2741/881 1625/2509/881
f 1623/2606/881 1624/2515/881 1626/2740/881
f 1622/2741/881 1627/2739/881 1625/2509/881
f 1629/2742/881 1650/2713/881 1631/2710/881
f 1656/2691/881 1668/2680/881 1655/2682/881
f 1679/2711/881 1631/2710/881 1677/2688/881
f 1679/2711/881 1678/2615/881 1630/2617/881
f 1659/2702/881 1664/2664/881 1652/2685/881
f 1645/2637/881 1640/2636/881 1642/2743/881
f 1645/2637/881 1643/2744/881 1647/2745/881
f 1647/2745/881 1644/2746/881 1646/2747/881
f 1745/2748/1704 1650/2749/1705 1648/2750/1704
f 1575/2493/10 1680/2751/869 1568/2494/10
f 1686/2752/869 1681/2753/1125 1680/2751/869
f 1687/2754/1125 1682/2755/1124 1681/2753/1125
f 1689/2756/1124 1683/2757/872 1682/2755/1124
f 1691/2758/872 1685/2759/873 1683/2757/872
f 1690/2760/873 1684/2761/1706 1685/2759/873
f 1692/2762/1707 1684/2761/1706 1688/2763/1706
f 1692/2764/872 1720/2765/872 1693/2766/872
f 1609/2571/33 1713/2622/33 1613/2572/33
f 1746/2767/872 1721/2768/872 1724/2769/872
f 1693/2584/68 1696/2770/68 1684/2771/68
f 1682/2772/68 1694/2773/68 1681/2774/68
f 1680/2775/68 1584/2526/68 1568/2776/68
f 1683/2777/68 1695/2778/68 1682/2772/68
f 1685/2779/68 1695/2778/68 1683/2777/68
f 1684/2771/68 1696/2770/68 1685/2779/68
f 1681/2774/68 1694/2773/68 1680/2775/68
f 1686/2780/33 1697/2781/33 1687/2782/33
f 1690/2783/33 1698/2784/33 1688/2785/33
f 1689/2786/33 1699/2787/33 1691/2788/33
f 1698/2784/33 1692/2529/33 1688/2785/33
f 1699/2787/33 1690/2783/33 1691/2788/33
f 1697/2781/33 1689/2786/33 1687/2782/33
f 1589/2543/33 1686/2780/33 1575/2544/33
f 1735/2789/872 1700/2790/872 1706/2791/872
f 1635/2548/68 1735/2643/1641 1706/2792/68
f 1701/2793/1125 1733/2794/1708 1732/2795/1709
f 1702/2796/1124 1707/2797/1125 1701/2793/1125
f 1703/2798/872 1709/2799/1124 1702/2796/1124
f 1705/2800/873 1711/2801/872 1703/2798/872
f 1704/2802/1706 1710/2803/873 1705/2800/873
f 1704/2802/1706 1712/2804/1707 1708/2805/1706
f 1713/2806/872 1745/2807/872 1712/2808/872
f 1704/2809/33 1613/2572/33 1713/2622/33
f 1728/2810/872 1748/2811/872 1730/2812/872
f 1708/2813/68 1712/2814/68 1616/2583/68
f 1613/2572/33 1704/2809/33 1716/2815/33
f 1702/2816/33 1714/2817/33 1715/2818/33
f 1732/2819/33 1610/2590/33 1714/2817/33
f 1703/2820/33 1702/2816/33 1715/2818/33
f 1705/2821/33 1715/2818/33 1716/2815/33
f 1704/2809/33 1705/2821/33 1716/2815/33
f 1701/2822/33 1732/2819/33 1714/2817/33
f 1733/2823/68 1707/2824/68 1717/2825/68
f 1710/2826/68 1708/2813/68 1718/2827/68
f 1709/2828/68 1711/2829/68 1719/2830/68
f 1710/2826/68 1719/2830/68 1711/2829/68
f 1709/2828/68 1717/2825/68 1707/2824/68
f 1733/2823/68 1615/2604/68 1601/2605/68
f 1724/2769/872 1721/2768/872 1723/2831/872
f 1775/2832/872 1730/2812/872 1773/2833/872
f 1632/2625/1658 1700/2834/1710 1594/2626/1659
f 1732/2795/1709 1706/2835/1711 1700/2834/1710
f 1706/2835/1711 1601/2628/1661 1635/2836/1712
f 1734/2641/1664 1594/2633/33 1700/2837/33
f 1737/2838/872 1738/2839/872 1736/2840/872
f 1735/2789/872 1736/2840/872 1734/2841/872
f 1641/2644/1667 1741/2842/1713 1743/2651/1672
f 1772/2843/872 1762/2844/872 1773/2833/872
f 1761/2845/872 1754/2846/872 1750/2847/872
f 1769/2848/872 1751/2849/872 1765/2850/872
f 1765/2850/872 1752/2851/872 1759/2852/872
f 1761/2845/872 1749/2853/872 1754/2846/872
f 1764/2854/872 1771/2855/872 1774/2856/872
f 1765/2850/872 1751/2849/872 1753/2857/872
f 1759/2852/872 1766/2858/872 1765/2850/872
f 1760/2859/872 1764/2854/872 1766/2858/872
f 1763/2860/872 1756/2861/872 1761/2845/872
f 1762/2844/872 1757/2862/872 1763/2860/872
f 1750/2847/872 1770/2863/872 1761/2845/872
f 1770/2863/872 1768/2864/872 1769/2848/872
f 1773/2833/872 1730/2812/872 1748/2811/872
f 1731/2865/872 1730/2812/872 1776/2866/872
f 1747/2867/872 1774/2856/872 1771/2855/872
f 1731/2865/872 1774/2856/872 1747/2867/872
f 1748/2811/872 1772/2843/872 1773/2833/872
f 1723/2831/872 1727/2868/872 1726/2869/872
f 1720/2765/872 1725/2870/872 1722/2871/872
f 1723/2831/872 1726/2869/872 1724/2769/872
f 1722/2871/872 1725/2870/872 1727/2868/872
f 1608/2872/68 1604/2581/68 1616/2583/68
f 1747/2867/872 1729/2873/872 1731/2865/872
f 1753/2857/872 1752/2851/872 1765/2850/872
f 1776/2866/872 1774/2856/872 1731/2865/872
f 1776/2866/872 1730/2812/872 1775/2832/872
f 1756/2861/872 1749/2853/872 1761/2845/872
f 1742/2874/872 1739/2875/872 1738/2839/872
f 1742/2874/872 1740/2876/872 1739/2875/872
f 1744/2877/872 1741/2878/872 1740/2876/872
f 1712/2814/68 1648/2750/1704 1608/2872/68
f 1737/2879/1663 1637/2550/1641 1639/2630/1663
f 1722/2880/1652 1623/2575/1646 1622/2608/1652
f 1712/2814/68 1608/2872/68 1616/2583/68
f 1718/2827/68 1708/2813/68 1616/2583/68
f 1669/2881/1700 1765/2720/1692 1766/2730/1700
f 1646/2645/1668 1641/2644/1667 1743/2651/1672
f 1644/2646/1669 1741/2842/1713 1641/2644/1667
f 1569/2492/884 1576/2496/884 1575/2493/10
f 1570/2495/876 1577/2498/876 1576/2496/884
f 1571/2497/875 1579/2500/875 1577/2498/876
f 1572/2499/881 1581/2502/881 1579/2500/875
f 1574/2501/908 1580/2504/908 1581/2502/881
f 1573/2503/1634 1578/2506/1634 1580/2504/908
f 1573/2503/1634 1583/2882/1635 1582/2505/1635
f 1582/2507/881 1583/2883/881 1620/2508/881
f 1746/2510/1636 1724/2612/1637 1624/2511/1637
f 1621/2513/881 1628/2576/881 1649/2514/881
f 1730/2516/1638 1731/2610/1639 1631/2517/1639
f 1583/2519/68 1573/2532/68 1588/2520/68
f 1571/2522/68 1570/2533/68 1585/2523/68
f 1569/2525/68 1568/2776/68 1584/2526/68
f 1574/2528/68 1572/2527/68 1586/2524/68
f 1582/2531/33 1590/2530/33 1592/2539/33
f 1580/2537/33 1592/2539/33 1593/2542/33
f 1579/2540/33 1593/2542/33 1591/2536/33
f 1576/2534/33 1591/2536/33 1589/2543/33
f 1595/2545/881 1636/2884/881 1637/2546/881
f 1634/2551/1642 1603/2554/876 1596/2552/876
f 1603/2554/876 1605/2556/875 1597/2555/875
f 1605/2556/875 1607/2561/881 1598/2557/881
f 1727/2558/1644 1725/2712/1645 1625/2559/1645
f 1607/2561/881 1606/2563/908 1600/2562/908
f 1606/2563/908 1604/2566/1634 1599/2564/1634
f 1608/2565/1635 1609/2885/1635 1599/2564/1634
f 1648/2567/881 1629/2742/881 1609/2568/881
f 1723/2573/1646 1721/2623/1647 1621/2574/1647
f 1628/2576/881 1630/2617/881 1651/2577/881
f 1760/2578/1648 1759/2701/1649 1662/2579/1649
f 1597/2586/33 1612/2593/33 1611/2587/33
f 1633/2589/33 1611/2587/33 1610/2590/33
f 1600/2594/33 1614/2585/33 1612/2593/33
f 1726/2595/1650 1727/2558/1644 1627/2560/1644
f 1619/2602/68 1618/2582/68 1606/2600/68
f 1617/2598/68 1619/2602/68 1605/2601/68
f 1615/2604/68 1617/2598/68 1634/2597/68
f 1720/2607/1651 1722/2880/1652 1622/2608/1652
f 1720/2607/1651 1620/2609/1651 1583/2519/68
f 1731/2610/1639 1729/2621/1653 1629/2611/1653
f 1724/2612/1637 1726/2595/1650 1626/2596/1650
f 1748/2613/1654 1746/2510/1636 1649/2512/1636
f 1728/2618/1655 1730/2886/1656 1630/2619/1656
f 1609/2571/33 1629/2611/1653 1729/2621/1653
f 1721/2623/1647 1728/2618/1655 1628/2620/1655
f 1595/2624/1657 1633/2553/1643 1632/2625/1658
f 1602/2627/1660 1634/2551/1642 1633/2553/1643
f 1602/2627/1660 1635/2836/1712 1601/2628/1661
f 1742/2629/1662 1737/2879/1663 1639/2630/1663
f 1639/2635/881 1638/2642/881 1640/2636/881
f 1738/2638/1665 1640/2653/1665 1638/2639/1666
f 1736/2640/1666 1638/2639/1666 1636/2634/1664
f 1637/2546/881 1636/2884/881 1638/2642/881
f 1740/2647/1670 1741/2842/1713 1644/2646/1669
f 1739/2649/1671 1740/2647/1670 1643/2648/1670
f 1743/2651/1672 1744/2654/1673 1647/2652/1673
f 1739/2649/1671 1642/2650/1671 1640/2653/1665
f 1744/2654/1673 1742/2629/1662 1645/2631/1662
f 1675/2655/881 1676/2616/881 1665/2656/881
f 1753/2658/1674 1751/2714/1675 1654/2659/1675
f 1772/2661/1676 1748/2887/1676 1651/2662/1676
f 1768/2667/1677 1767/2689/1678 1670/2668/1678
f 1657/2670/1679 1653/2690/1680 1750/2671/1680
f 1656/2660/1674 1655/2888/1681 1752/2673/1681
f 1754/2672/1679 1749/2675/1682 1652/2674/1682
f 1749/2675/1682 1756/2696/1683 1659/2676/1683
f 1672/2677/881 1668/2680/881 1654/2678/881
f 1758/2683/1684 1760/2578/1648 1663/2580/1648
f 1674/2686/881 1661/2694/881 1667/2687/881
f 1767/2689/1678 1750/2671/1680 1653/2690/1680
f 1662/2681/881 1668/2680/881 1669/2692/881
f 1663/2693/881 1669/2692/881 1667/2687/881
f 1757/2695/1685 1660/2698/1685 1659/2676/1683
f 1755/2697/1686 1658/2709/1686 1660/2698/1685
f 1758/2683/1684 1661/2684/1684 1674/2699/1687
f 1752/2673/1681 1655/2888/1681 1662/2579/1649
f 1659/2702/881 1660/2704/881 1666/2703/881
f 1660/2704/881 1658/2657/881 1665/2656/881
f 1673/2705/881 1670/2706/881 1653/2665/881
f 1673/2705/881 1672/2677/881 1671/2679/881
f 1747/2707/1687 1771/2700/1687 1674/2699/1687
f 1755/2697/1686 1772/2661/1676 1675/2663/1676
f 1725/2712/1645 1692/2529/33 1582/2531/33
f 1671/2669/1677 1654/2659/1675 1751/2714/1675
f 1673/2715/1688 1664/2724/1695 1761/2716/1689
f 1668/2718/1690 1672/2726/1691 1769/2719/1691
f 1665/2721/1693 1676/2727/1697 1773/2722/1694
f 1664/2724/1695 1666/2738/1696 1763/2725/1696
f 1672/2726/1691 1673/2715/1688 1770/2717/1688
f 1676/2727/1697 1678/2889/1698 1775/2728/1698
f 1667/2729/1699 1669/2881/1700 1766/2730/1700
f 1678/2732/1698 1679/2735/1701 1776/2733/1701
f 1679/2735/1701 1677/2737/1703 1774/2736/1702
f 1677/2737/1703 1667/2729/1699 1764/2731/1699
f 1666/2738/1696 1665/2721/1693 1762/2723/1693
f 1627/2739/881 1622/2741/881 1623/2606/881
f 1629/2742/881 1648/2567/881 1650/2713/881
f 1645/2637/881 1642/2743/881 1643/2744/881
f 1647/2745/881 1643/2744/881 1644/2746/881
f 1745/2748/1704 1747/2890/1705 1650/2749/1705
f 1575/2493/10 1686/2752/869 1680/2751/869
f 1686/2752/869 1687/2754/1125 1681/2753/1125
f 1687/2754/1125 1689/2756/1124 1682/2755/1124
f 1689/2756/1124 1691/2758/872 1683/2757/872
f 1691/2758/872 1690/2760/873 1685/2759/873
f 1690/2760/873 1688/2763/1706 1684/2761/1706
f 1692/2762/1707 1693/2891/1707 1684/2761/1706
f 1692/2764/872 1725/2870/872 1720/2765/872
f 1746/2767/872 1728/2810/872 1721/2768/872
f 1693/2584/68 1587/2521/68 1696/2770/68
f 1682/2772/68 1695/2778/68 1694/2773/68
f 1680/2775/68 1694/2773/68 1584/2526/68
f 1685/2779/68 1696/2770/68 1695/2778/68
f 1698/2784/33 1590/2530/33 1692/2529/33
f 1699/2787/33 1698/2784/33 1690/2783/33
f 1697/2781/33 1699/2787/33 1689/2786/33
f 1589/2543/33 1697/2781/33 1686/2780/33
f 1735/2789/872 1734/2841/872 1700/2790/872
f 1701/2793/1125 1707/2797/1125 1733/2794/1708
f 1702/2796/1124 1709/2799/1124 1707/2797/1125
f 1703/2798/872 1711/2801/872 1709/2799/1124
f 1705/2800/873 1710/2803/873 1711/2801/872
f 1704/2802/1706 1708/2805/1706 1710/2803/873
f 1704/2802/1706 1713/2892/1707 1712/2804/1707
f 1713/2806/872 1729/2873/872 1745/2807/872
f 1728/2810/872 1746/2767/872 1748/2811/872
f 1702/2816/33 1701/2822/33 1714/2817/33
f 1732/2819/33 1632/2591/33 1610/2590/33
f 1705/2821/33 1703/2820/33 1715/2818/33
f 1710/2826/68 1718/2827/68 1719/2830/68
f 1709/2828/68 1719/2830/68 1717/2825/68
f 1733/2823/68 1717/2825/68 1615/2604/68
f 1632/2625/1658 1732/2795/1709 1700/2834/1710
f 1732/2795/1709 1733/2794/1708 1706/2835/1711
f 1706/2835/1711 1733/2794/1708 1601/2628/1661
f 1734/2641/1664 1636/2634/1664 1594/2633/33
f 1737/2838/872 1742/2874/872 1738/2839/872
f 1735/2789/872 1737/2838/872 1736/2840/872
f 1772/2843/872 1755/2893/872 1762/2844/872
f 1769/2848/872 1768/2864/872 1751/2849/872
f 1764/2854/872 1758/2894/872 1771/2855/872
f 1759/2852/872 1760/2859/872 1766/2858/872
f 1760/2859/872 1758/2894/872 1764/2854/872
f 1763/2860/872 1757/2862/872 1756/2861/872
f 1762/2844/872 1755/2893/872 1757/2862/872
f 1750/2847/872 1767/2895/872 1770/2863/872
f 1770/2863/872 1767/2895/872 1768/2864/872
f 1723/2831/872 1722/2871/872 1727/2868/872
f 1747/2867/872 1745/2807/872 1729/2873/872
f 1742/2874/872 1744/2877/872 1740/2876/872
f 1744/2877/872 1743/2896/872 1741/2878/872
f 1712/2814/68 1745/2748/1704 1648/2750/1704
f 1737/2879/1663 1735/2643/1641 1637/2550/1641
f 1722/2880/1652 1723/2573/1646 1623/2575/1646
f 1669/2881/1700 1668/2718/1690 1765/2720/1692
f 1779/2897/1714 1808/2898/1715 1807/2899/1715
f 1808/2898/1715 1809/2900/1716 1807/2899/1715
f 1810/2901/1716 1811/2902/1717 1809/2900/1716
f 1812/2903/1717 1813/2904/1718 1811/2902/1717
f 1814/2905/1718 1815/2906/1719 1813/2904/1718
f 1816/2907/1719 1817/2908/1720 1815/2906/1719
f 1818/2909/1720 1819/2910/1721 1817/2908/1720
f 1820/2911/1721 1821/2912/1722 1819/2910/1721
f 1822/2913/1722 1823/2914/1723 1821/2912/1722
f 1824/2915/1723 1799/2916/1724 1823/2914/1723
f 1785/2917/1725 1883/2918/1726 1881/2919/1725
f 1792/2920/1727 1890/2921/1728 1794/2922/1728
f 1830/2923/1729 1777/2924/1730 1779/2925/1731
f 1831/2926/1732 1778/2927/1733 1832/2928/1734
f 1837/2929/1735 1779/2925/1736 1807/2930/1737
f 1838/2931/1738 1780/2932/1739 1831/2926/1732
f 1837/2929/1735 1809/2933/1740 1839/2934/1741
f 1838/2931/1738 1810/2935/1742 1808/2936/1743
f 1839/2934/1741 1811/2937/1744 1841/2938/1745
f 1840/2939/1746 1812/2940/1747 1810/2935/1742
f 1841/2938/1745 1813/2941/1748 1843/2942/1749
f 1842/2943/1750 1814/2944/1751 1812/2940/1747
f 1843/2942/1749 1815/2945/1752 1845/2946/1753
f 1844/2947/1754 1816/2948/1755 1814/2944/1751
f 1845/2946/1753 1817/2949/1756 1847/2950/1757
f 1846/2951/1758 1818/2952/1759 1816/2948/1755
f 1847/2950/1757 1819/2953/1760 1849/2954/1761
f 1848/2955/1762 1820/2956/1763 1818/2952/1759
f 1849/2954/1761 1821/2957/1764 1851/2958/1765
f 1850/2959/1766 1822/2960/1767 1820/2956/1763
f 1851/2958/1765 1823/2961/1768 1853/2962/1769
f 1852/2963/1770 1824/2964/1771 1822/2960/1767
f 1833/2965/1772 1823/2961/1768 1799/2966/1773
f 1836/2967/1774 1824/2964/1771 1854/2968/1775
f 1833/2965/1772 1801/2969/1776 1834/2970/1777
f 1836/2967/1774 1802/2971/1778 1800/2972/1779
f 1834/2970/1777 1777/2924/1730 1829/2973/1780
f 1835/2974/1781 1778/2927/1733 1802/2971/1778
f 1804/2975/872 1829/2976/1780 1830/2977/1729
f 1805/2978/881 1832/2979/1734 1806/2980/881
f 1826/2981/872 1834/2982/1777 1825/2983/872
f 1827/2984/881 1835/2985/1781 1836/2986/1774
f 1803/2987/872 1834/2982/1777 1829/2976/1780
f 1828/2988/881 1832/2979/1734 1835/2985/1781
f 1804/2975/872 1837/2989/1735 1781/2990/872
f 1782/2991/881 1831/2992/1732 1805/2978/881
f 1783/2993/872 1837/2989/1735 1839/2994/1741
f 1782/2991/881 1840/2995/1746 1838/2996/1738
f 1785/2997/872 1839/2994/1741 1841/2998/1745
f 1784/2999/881 1842/3000/1750 1840/2995/1746
f 1785/2997/872 1843/3001/1749 1787/3002/872
f 1788/3003/881 1842/3000/1750 1786/3004/881
f 1787/3002/872 1845/3005/1753 1789/3006/872
f 1788/3003/881 1846/3007/1758 1844/3008/1754
f 1791/3009/872 1845/3005/1753 1847/3010/1757
f 1792/3011/881 1846/3007/1758 1790/3012/881
f 1793/3013/872 1847/3010/1757 1849/3014/1761
f 1794/3015/881 1848/3016/1762 1792/3011/881
f 1795/3017/872 1849/3014/1761 1851/3018/1765
f 1794/3015/881 1852/3019/1770 1850/3020/1766
f 1797/3021/872 1851/3018/1765 1853/3022/1769
f 1796/3023/881 1854/3024/1775 1852/3019/1770
f 1797/3021/872 1833/3025/1772 1826/2981/872
f 1827/2984/881 1854/3024/1775 1798/3026/881
f 1806/3027/1782 1875/3028/1783 1872/3029/1782
f 1795/3030/1784 1889/3031/1785 1793/3032/1785
f 1786/3033/1786 1884/3034/1787 1788/3035/1787
f 1781/3036/1788 1870/3037/1789 1804/3038/1790
f 1794/2922/1728 1892/3039/1791 1796/3040/1791
f 1787/3041/1726 1885/3042/1792 1883/2918/1726
f 1782/3043/1793 1871/3044/1794 1878/3045/1793
f 1797/3046/1795 1891/3047/1784 1795/3030/1784
f 1804/3038/1790 1869/3048/1796 1803/3049/1796
f 1788/3035/1787 1886/3050/1797 1790/3051/1797
f 1781/3036/1788 1879/3052/1798 1877/3053/1788
f 1798/3054/1799 1892/3039/1791 1894/3055/1799
f 1805/3056/1800 1872/3029/1782 1871/3044/1794
f 1789/3057/1792 1887/3058/1801 1885/3042/1792
f 1782/3043/1793 1880/3059/1802 1784/3060/1802
f 1826/3061/1803 1893/3062/1795 1797/3046/1795
f 1825/3063/1804 1873/3064/1803 1826/3061/1803
f 1790/3051/1797 1888/3065/1727 1792/2920/1727
f 1783/3066/1798 1881/2919/1725 1879/3052/1798
f 1827/3067/1805 1894/3055/1799 1876/3068/1805
f 1828/3069/1783 1876/3068/1805 1875/3028/1783
f 1791/3070/1801 1889/3031/1785 1887/3058/1801
f 1784/3060/1802 1882/3071/1786 1786/3033/1786
f 1803/3049/1796 1874/3072/1804 1825/3063/1804
f 1855/3073/872 1869/3074/872 1870/3075/872
f 1856/3076/881 1872/3077/881 1858/3078/881
f 1857/3079/872 1873/3080/872 1874/3081/872
f 1858/3078/881 1876/3082/881 1868/3083/881
f 1857/3079/872 1874/3081/872 1869/3074/872
f 1858/3078/881 1872/3077/881 1875/3084/881
f 1855/3073/872 1870/3075/872 1877/3085/872
f 1856/3076/881 1878/3086/881 1871/3087/881
f 1859/3088/872 1877/3085/872 1879/3089/872
f 1860/3090/881 1878/3086/881 1856/3076/881
f 1859/3088/872 1881/3091/872 1861/3092/872
f 1860/3090/881 1882/3093/881 1880/3094/881
f 1861/3092/872 1881/3091/872 1883/3095/872
f 1862/3096/881 1884/3097/881 1882/3093/881
f 1861/3092/872 1885/3098/872 1863/3099/872
f 1862/3096/881 1886/3100/881 1884/3097/881
f 1863/3099/872 1885/3098/872 1887/3101/872
f 1864/3102/881 1888/3103/881 1886/3100/881
f 1863/3099/872 1889/3104/872 1865/3105/872
f 1864/3102/881 1890/3106/881 1888/3103/881
f 1865/3105/872 1889/3104/872 1891/3107/872
f 1866/3108/881 1892/3109/881 1890/3106/881
f 1867/3110/872 1891/3107/872 1893/3111/872
f 1868/3083/881 1892/3109/881 1866/3108/881
f 1867/3110/872 1893/3111/872 1873/3080/872
f 1868/3083/881 1876/3082/881 1894/3112/881
f 1899/3113/872 1901/3114/872 1910/3115/872
f 1903/3116/872 1905/3117/872 1910/3115/872
f 1863/3118/1806 1901/3119/1806 1861/3120/1806
f 1865/3121/1807 1907/3122/1807 1905/3123/1807
f 1855/3124/1808 1897/3125/1808 1857/3126/1808
f 1862/3127/1806 1904/3128/1806 1864/3129/1809
f 1859/3130/1810 1895/3131/1810 1855/3124/1810
f 1868/3132/1807 1906/3133/1807 1908/3134/1807
f 1858/3135/1808 1896/3136/1808 1856/3137/1808
f 1856/3137/1810 1900/3138/1810 1860/3139/1810
f 1867/3140/1811 1897/3125/1811 1907/3122/1811
f 1861/3120/1812 1899/3141/1812 1859/3130/1812
f 1858/3135/1811 1908/3134/1811 1898/3142/1811
f 1863/3118/1813 1905/3123/1813 1903/3143/1813
f 1860/3139/1812 1902/3144/1812 1862/3127/1812
f 1866/3145/1814 1904/3128/1814 1906/3133/1814
f 1905/3117/872 1907/3146/872 1910/3115/872
f 1902/3147/881 1900/3148/881 1909/3149/881
f 1904/3150/881 1902/3147/881 1909/3149/881
f 1901/3114/872 1903/3116/872 1910/3115/872
f 1895/3151/872 1899/3113/872 1910/3115/872
f 1896/3152/881 1898/3153/881 1909/3149/881
f 1900/3148/881 1896/3152/881 1909/3149/881
f 1897/3154/872 1895/3151/872 1910/3115/872
f 1898/3153/881 1908/3155/881 1909/3149/881
f 1907/3146/872 1897/3154/872 1910/3115/872
f 1906/3156/881 1904/3150/881 1909/3149/881
f 1908/3155/881 1906/3156/881 1909/3149/881
f 1779/2897/1714 1780/3157/1714 1808/2898/1715
f 1808/2898/1715 1810/2901/1716 1809/2900/1716
f 1810/2901/1716 1812/2903/1717 1811/2902/1717
f 1812/2903/1717 1814/2905/1718 1813/2904/1718
f 1814/2905/1718 1816/2907/1719 1815/2906/1719
f 1816/2907/1719 1818/2909/1720 1817/2908/1720
f 1818/2909/1720 1820/2911/1721 1819/2910/1721
f 1820/2911/1721 1822/2913/1722 1821/2912/1722
f 1822/2913/1722 1824/2915/1723 1823/2914/1723
f 1824/2915/1815 1800/3158/1724 1799/2916/1724
f 1785/2917/1725 1787/3041/1726 1883/2918/1726
f 1792/2920/1727 1888/3065/1727 1890/2921/1728
f 1830/2923/1729 1829/2973/1780 1777/2924/1730
f 1831/2926/1732 1780/2932/1739 1778/2927/1733
f 1837/2929/1735 1830/2923/1729 1779/2925/1736
f 1838/2931/1738 1808/2936/1743 1780/2932/1739
f 1837/2929/1735 1807/2930/1737 1809/2933/1740
f 1838/2931/1738 1840/2939/1746 1810/2935/1742
f 1839/2934/1741 1809/2933/1740 1811/2937/1744
f 1840/2939/1746 1842/2943/1750 1812/2940/1747
f 1841/2938/1745 1811/2937/1744 1813/2941/1748
f 1842/2943/1750 1844/2947/1754 1814/2944/1751
f 1843/2942/1749 1813/2941/1748 1815/2945/1752
f 1844/2947/1754 1846/2951/1758 1816/2948/1755
f 1845/2946/1753 1815/2945/1752 1817/2949/1756
f 1846/2951/1758 1848/2955/1762 1818/2952/1759
f 1847/2950/1757 1817/2949/1756 1819/2953/1760
f 1848/2955/1762 1850/2959/1766 1820/2956/1763
f 1849/2954/1761 1819/2953/1760 1821/2957/1764
f 1850/2959/1766 1852/2963/1770 1822/2960/1767
f 1851/2958/1765 1821/2957/1764 1823/2961/1768
f 1852/2963/1770 1854/2968/1775 1824/2964/1771
f 1833/2965/1772 1853/2962/1769 1823/2961/1768
f 1836/2967/1774 1800/2972/1779 1824/2964/1771
f 1833/2965/1772 1799/2966/1773 1801/2969/1776
f 1836/2967/1774 1835/2974/1781 1802/2971/1778
f 1834/2970/1777 1801/2969/1776 1777/2924/1730
f 1835/2974/1781 1832/2928/1734 1778/2927/1733
f 1804/2975/872 1803/2987/872 1829/2976/1780
f 1805/2978/881 1831/2992/1732 1832/2979/1734
f 1826/2981/872 1833/3025/1772 1834/2982/1777
f 1827/2984/881 1828/2988/881 1835/2985/1781
f 1803/2987/872 1825/2983/872 1834/2982/1777
f 1828/2988/881 1806/2980/881 1832/2979/1734
f 1804/2975/872 1830/2977/1729 1837/2989/1735
f 1782/2991/881 1838/2996/1738 1831/2992/1732
f 1783/2993/872 1781/2990/872 1837/2989/1735
f 1782/2991/881 1784/2999/881 1840/2995/1746
f 1785/2997/872 1783/2993/872 1839/2994/1741
f 1784/2999/881 1786/3004/881 1842/3000/1750
f 1785/2997/872 1841/2998/1745 1843/3001/1749
f 1788/3003/881 1844/3008/1754 1842/3000/1750
f 1787/3002/872 1843/3001/1749 1845/3005/1753
f 1788/3003/881 1790/3012/881 1846/3007/1758
f 1791/3009/872 1789/3006/872 1845/3005/1753
f 1792/3011/881 1848/3016/1762 1846/3007/1758
f 1793/3013/872 1791/3009/872 1847/3010/1757
f 1794/3015/881 1850/3020/1766 1848/3016/1762
f 1795/3017/872 1793/3013/872 1849/3014/1761
f 1794/3015/881 1796/3023/881 1852/3019/1770
f 1797/3021/872 1795/3017/872 1851/3018/1765
f 1796/3023/881 1798/3026/881 1854/3024/1775
f 1797/3021/872 1853/3022/1769 1833/3025/1772
f 1827/2984/881 1836/2986/1774 1854/3024/1775
f 1806/3027/1782 1828/3069/1783 1875/3028/1783
f 1795/3030/1784 1891/3047/1784 1889/3031/1785
f 1786/3033/1786 1882/3071/1786 1884/3034/1787
f 1781/3036/1788 1877/3053/1788 1870/3037/1789
f 1794/2922/1728 1890/2921/1728 1892/3039/1791
f 1787/3041/1726 1789/3057/1792 1885/3042/1792
f 1782/3043/1793 1805/3056/1800 1871/3044/1794
f 1797/3046/1795 1893/3062/1795 1891/3047/1784
f 1804/3038/1790 1870/3037/1789 1869/3048/1796
f 1788/3035/1787 1884/3034/1787 1886/3050/1797
f 1781/3036/1788 1783/3066/1798 1879/3052/1798
f 1798/3054/1799 1796/3040/1791 1892/3039/1791
f 1805/3056/1800 1806/3027/1782 1872/3029/1782
f 1789/3057/1792 1791/3070/1801 1887/3058/1801
f 1782/3043/1793 1878/3045/1793 1880/3059/1802
f 1826/3061/1803 1873/3064/1803 1893/3062/1795
f 1825/3063/1804 1874/3072/1804 1873/3064/1803
f 1790/3051/1797 1886/3050/1797 1888/3065/1727
f 1783/3066/1798 1785/2917/1725 1881/2919/1725
f 1827/3067/1805 1798/3054/1799 1894/3055/1799
f 1828/3069/1783 1827/3067/1805 1876/3068/1805
f 1791/3070/1801 1793/3032/1785 1889/3031/1785
f 1784/3060/1802 1880/3059/1802 1882/3071/1786
f 1803/3049/1796 1869/3048/1796 1874/3072/1804
f 1855/3073/872 1857/3079/872 1869/3074/872
f 1856/3076/881 1871/3087/881 1872/3077/881
f 1857/3079/872 1867/3110/872 1873/3080/872
f 1858/3078/881 1875/3084/881 1876/3082/881
f 1859/3088/872 1855/3073/872 1877/3085/872
f 1860/3090/881 1880/3094/881 1878/3086/881
f 1859/3088/872 1879/3089/872 1881/3091/872
f 1860/3090/881 1862/3096/881 1882/3093/881
f 1861/3092/872 1883/3095/872 1885/3098/872
f 1862/3096/881 1864/3102/881 1886/3100/881
f 1863/3099/872 1887/3101/872 1889/3104/872
f 1864/3102/881 1866/3108/881 1890/3106/881
f 1867/3110/872 1865/3105/872 1891/3107/872
f 1868/3083/881 1894/3112/881 1892/3109/881
f 1863/3118/1806 1903/3143/1806 1901/3119/1806
f 1865/3121/1807 1867/3140/1807 1907/3122/1807
f 1855/3124/1808 1895/3131/1808 1897/3125/1808
f 1862/3127/1806 1902/3144/1806 1904/3128/1806
f 1859/3130/1810 1899/3141/1810 1895/3131/1810
f 1868/3132/1807 1866/3145/1807 1906/3133/1807
f 1858/3135/1808 1898/3142/1808 1896/3136/1808
f 1856/3137/1810 1896/3136/1810 1900/3138/1810
f 1867/3140/1811 1857/3126/1811 1897/3125/1811
f 1861/3120/1812 1901/3119/1812 1899/3141/1812
f 1858/3135/1811 1868/3132/1811 1908/3134/1811
f 1863/3118/1813 1865/3121/1813 1905/3123/1813
f 1860/3139/1812 1900/3138/1812 1902/3144/1812
f 1866/3145/1814 1864/3129/1814 1904/3128/1814
f 1913/2897/1816 1941/2899/1817 1942/2898/1818
f 1942/2898/1818 1941/2899/1817 1943/2900/1819
f 1944/2901/1819 1943/2900/1819 1945/2902/1722
f 1946/2903/1722 1945/2902/1722 1947/2904/1721
f 1948/2905/1721 1947/2904/1721 1949/2906/1720
f 1950/2907/1720 1949/2906/1720 1951/2908/1719
f 1952/2909/1719 1951/2908/1719 1953/2910/1718
f 1954/2911/1718 1953/2910/1718 1955/2912/1717
f 1956/2913/1717 1955/2912/1717 1957/2914/1820
f 1958/2915/1820 1957/2914/1820 1933/2916/1821
f 1919/2917/1822 2015/2919/1822 2017/2918/1823
f 1926/2920/1824 1928/2922/1825 2024/2921/1825
f 1964/2923/1826 1913/2925/1827 1911/2924/1828
f 1965/2926/1829 1966/2928/1830 1912/2927/1831
f 1971/2929/1832 1941/2930/1833 1913/2925/1827
f 1972/2931/1834 1965/2926/1829 1914/2932/1835
f 1971/2929/1832 1973/2934/1836 1943/2933/1837
f 1972/2931/1834 1942/2936/1838 1944/2935/1839
f 1973/2934/1836 1975/2938/1840 1945/2937/1841
f 1974/2939/1842 1944/2935/1839 1946/2940/1843
f 1975/2938/1840 1977/2942/1844 1947/2941/1845
f 1976/2943/1846 1946/2940/1843 1948/2944/1847
f 1977/2942/1844 1979/2946/1848 1949/2945/1849
f 1978/2947/1850 1948/2944/1847 1950/2948/1851
f 1979/2946/1848 1981/2950/1852 1951/2949/1853
f 1980/2951/1854 1950/2948/1851 1952/2952/1855
f 1981/2950/1852 1983/2954/1856 1953/2953/1857
f 1982/2955/1858 1952/2952/1855 1954/2956/1859
f 1983/2954/1856 1985/2958/1860 1955/2957/1861
f 1984/2959/1862 1954/2956/1859 1956/2960/1863
f 1985/2958/1860 1987/2962/1864 1957/2961/1865
f 1986/2963/1866 1956/2960/1863 1958/2964/1867
f 1967/2965/1868 1933/2966/1869 1957/2961/1865
f 1970/2967/1870 1988/2968/1871 1958/2964/1867
f 1967/2965/1868 1968/2970/1872 1935/2969/1873
f 1970/2967/1870 1934/2972/1874 1936/2971/1875
f 1968/2970/1872 1963/2973/1876 1911/2924/1828
f 1969/2974/1877 1936/2971/1875 1912/2927/1831
f 1938/2975/872 1964/2977/1826 1963/2976/1876
f 1939/2978/881 1940/2980/881 1966/2979/1830
f 1960/2981/872 1959/2983/872 1968/2982/1872
f 1961/2984/881 1970/2986/1870 1969/2985/1877
f 1937/2987/872 1963/2976/1876 1968/2982/1872
f 1962/2988/881 1969/2985/1877 1966/2979/1830
f 1938/2975/872 1915/2990/872 1971/2989/1832
f 1916/2991/881 1939/2978/881 1965/2992/1829
f 1917/2993/872 1973/2994/1836 1971/2989/1832
f 1916/2991/881 1972/2996/1834 1974/2995/1842
f 1919/2997/872 1975/2998/1840 1973/2994/1836
f 1918/2999/881 1974/2995/1842 1976/3000/1846
f 1919/2997/872 1921/3002/872 1977/3001/1844
f 1922/3003/881 1920/3004/881 1976/3000/1846
f 1921/3002/872 1923/3006/872 1979/3005/1848
f 1922/3003/881 1978/3008/1850 1980/3007/1854
f 1925/3009/872 1981/3010/1852 1979/3005/1848
f 1926/3011/881 1924/3012/881 1980/3007/1854
f 1927/3013/872 1983/3014/1856 1981/3010/1852
f 1928/3015/881 1926/3011/881 1982/3016/1858
f 1929/3017/872 1985/3018/1860 1983/3014/1856
f 1928/3015/881 1984/3020/1862 1986/3019/1866
f 1931/3021/872 1987/3022/1864 1985/3018/1860
f 1930/3023/881 1986/3019/1866 1988/3024/1871
f 1931/3021/872 1960/2981/872 1967/3025/1868
f 1961/2984/881 1932/3026/881 1988/3024/1871
f 1940/3027/1878 2006/3029/1878 2009/3028/1879
f 1929/3030/1880 1927/3032/1881 2023/3031/1881
f 1920/3033/1882 1922/3035/1883 2018/3034/1883
f 1915/3036/1884 1938/3038/1885 2004/3037/1886
f 1928/2922/1825 1930/3040/1887 2026/3039/1887
f 1921/3041/1823 2017/2918/1823 2019/3042/1888
f 1916/3043/1889 2012/3045/1889 2005/3044/1890
f 1931/3046/1891 1929/3030/1880 2025/3047/1880
f 1938/3038/1885 1937/3049/1892 2003/3048/1892
f 1922/3035/1883 1924/3051/1893 2020/3050/1893
f 1915/3036/1884 2011/3053/1884 2013/3052/1894
f 1932/3054/1895 2028/3055/1895 2026/3039/1887
f 1939/3056/1896 2005/3044/1890 2006/3029/1878
f 1923/3057/1888 2019/3042/1888 2021/3058/1897
f 1916/3043/1889 1918/3060/1898 2014/3059/1898
f 1960/3061/1899 1931/3046/1891 2027/3062/1891
f 1959/3063/1900 1960/3061/1899 2007/3064/1899
f 1924/3051/1893 1926/2920/1824 2022/3065/1824
f 1917/3066/1894 2013/3052/1894 2015/2919/1822
f 1961/3067/1901 2010/3068/1901 2028/3055/1895
f 1962/3069/1879 2009/3028/1879 2010/3068/1901
f 1925/3070/1897 2021/3058/1897 2023/3031/1881
f 1918/3060/1898 1920/3033/1882 2016/3071/1882
f 1937/3049/1892 1959/3063/1900 2008/3072/1900
f 1989/3073/872 2004/3075/872 2003/3074/872
f 1990/3076/881 1992/3078/881 2006/3077/881
f 1991/3079/872 2008/3081/872 2007/3080/872
f 1992/3078/881 2002/3083/881 2010/3082/881
f 1991/3079/872 2003/3074/872 2008/3081/872
f 1992/3078/881 2009/3084/881 2006/3077/881
f 1989/3073/872 2011/3085/872 2004/3075/872
f 1990/3076/881 2005/3087/881 2012/3086/881
f 1993/3088/872 2013/3089/872 2011/3085/872
f 1994/3090/881 1990/3076/881 2012/3086/881
f 1993/3088/872 1995/3092/872 2015/3091/872
f 1994/3090/881 2014/3094/881 2016/3093/881
f 1995/3092/872 2017/3095/872 2015/3091/872
f 1996/3096/881 2016/3093/881 2018/3097/881
f 1995/3092/872 1997/3099/872 2019/3098/872
f 1996/3096/881 2018/3097/881 2020/3100/881
f 1997/3099/872 2021/3101/872 2019/3098/872
f 1998/3102/881 2020/3100/881 2022/3103/881
f 1997/3099/872 1999/3105/872 2023/3104/872
f 1998/3102/881 2022/3103/881 2024/3106/881
f 1999/3105/872 2025/3107/872 2023/3104/872
f 2000/3108/881 2024/3106/881 2026/3109/881
f 2001/3110/872 2027/3111/872 2025/3107/872
f 2002/3083/881 2000/3108/881 2026/3109/881
f 2001/3110/872 2007/3080/872 2027/3111/872
f 2002/3083/881 2028/3112/881 2010/3082/881
f 2033/3113/872 2044/3115/872 2035/3114/872
f 2037/3116/872 2044/3115/872 2039/3117/872
f 1997/3118/1902 1995/3120/1902 2035/3119/1902
f 1999/3121/1903 2039/3123/1903 2041/3122/1903
f 1989/3124/1904 1991/3126/1904 2031/3125/1904
f 1996/3127/1902 1998/3129/1905 2038/3128/1902
f 1993/3130/1906 1989/3124/1906 2029/3131/1906
f 2002/3132/1903 2042/3134/1903 2040/3133/1903
f 1992/3135/1904 1990/3137/1904 2030/3136/1904
f 1990/3137/1906 1994/3139/1906 2034/3138/1906
f 2001/3140/1907 2041/3122/1907 2031/3125/1907
f 1995/3120/1908 1993/3130/1908 2033/3141/1908
f 1992/3135/1907 2032/3142/1907 2042/3134/1907
f 1997/3118/1909 2037/3143/1909 2039/3123/1909
f 1994/3139/1908 1996/3127/1908 2036/3144/1908
f 2000/3145/1910 2040/3133/1910 2038/3128/1910
f 2039/3117/872 2044/3115/872 2041/3146/872
f 2036/3147/881 2043/3149/881 2034/3148/881
f 2038/3150/881 2043/3149/881 2036/3147/881
f 2035/3114/872 2044/3115/872 2037/3116/872
f 2029/3151/872 2044/3115/872 2033/3113/872
f 2030/3152/881 2043/3149/881 2032/3153/881
f 2034/3148/881 2043/3149/881 2030/3152/881
f 2031/3154/872 2044/3115/872 2029/3151/872
f 2032/3153/881 2043/3149/881 2042/3155/881
f 2041/3146/872 2044/3115/872 2031/3154/872
f 2040/3156/881 2043/3149/881 2038/3150/881
f 2042/3155/881 2043/3149/881 2040/3156/881
f 1913/2897/1816 1942/2898/1817 1914/3157/1816
f 1942/2898/1818 1943/2900/1819 1944/2901/1819
f 1944/2901/1819 1945/2902/1722 1946/2903/1722
f 1946/2903/1722 1947/2904/1721 1948/2905/1721
f 1948/2905/1721 1949/2906/1720 1950/2907/1720
f 1950/2907/1720 1951/2908/1719 1952/2909/1719
f 1952/2909/1719 1953/2910/1718 1954/2911/1718
f 1954/2911/1718 1955/2912/1717 1956/2913/1717
f 1956/2913/1717 1957/2914/1820 1958/2915/1820
f 1958/2915/1820 1933/2916/1821 1934/3158/1821
f 1919/2917/1822 2017/2918/1823 1921/3041/1823
f 1926/2920/1824 2024/2921/1825 2022/3065/1824
f 1964/2923/1826 1911/2924/1828 1963/2973/1876
f 1965/2926/1829 1912/2927/1831 1914/2932/1911
f 1971/2929/1832 1913/2925/1827 1964/2923/1826
f 1972/2931/1834 1914/2932/1835 1942/2936/1838
f 1971/2929/1832 1943/2933/1837 1941/2930/1833
f 1972/2931/1834 1944/2935/1839 1974/2939/1842
f 1973/2934/1836 1945/2937/1841 1943/2933/1837
f 1974/2939/1842 1946/2940/1843 1976/2943/1846
f 1975/2938/1840 1947/2941/1845 1945/2937/1841
f 1976/2943/1846 1948/2944/1847 1978/2947/1850
f 1977/2942/1844 1949/2945/1849 1947/2941/1845
f 1978/2947/1850 1950/2948/1851 1980/2951/1854
f 1979/2946/1848 1951/2949/1853 1949/2945/1849
f 1980/2951/1854 1952/2952/1855 1982/2955/1858
f 1981/2950/1852 1953/2953/1857 1951/2949/1853
f 1982/2955/1858 1954/2956/1859 1984/2959/1862
f 1983/2954/1856 1955/2957/1861 1953/2953/1857
f 1984/2959/1862 1956/2960/1863 1986/2963/1866
f 1985/2958/1860 1957/2961/1865 1955/2957/1861
f 1986/2963/1866 1958/2964/1867 1988/2968/1871
f 1967/2965/1868 1957/2961/1865 1987/2962/1864
f 1970/2967/1870 1958/2964/1867 1934/2972/1874
f 1967/2965/1868 1935/2969/1873 1933/2966/1912
f 1970/2967/1870 1936/2971/1875 1969/2974/1877
f 1968/2970/1872 1911/2924/1828 1935/2969/1873
f 1969/2974/1877 1912/2927/1831 1966/2928/1830
f 1938/2975/872 1963/2976/1876 1937/2987/872
f 1939/2978/881 1966/2979/1830 1965/2992/1829
f 1960/2981/872 1968/2982/1872 1967/3025/1868
f 1961/2984/881 1969/2985/1877 1962/2988/881
f 1937/2987/872 1968/2982/1872 1959/2983/872
f 1962/2988/881 1966/2979/1830 1940/2980/881
f 1938/2975/872 1971/2989/1832 1964/2977/1826
f 1916/2991/881 1965/2992/1829 1972/2996/1834
f 1917/2993/872 1971/2989/1832 1915/2990/872
f 1916/2991/881 1974/2995/1842 1918/2999/881
f 1919/2997/872 1973/2994/1836 1917/2993/872
f 1918/2999/881 1976/3000/1846 1920/3004/881
f 1919/2997/872 1977/3001/1844 1975/2998/1840
f 1922/3003/881 1976/3000/1846 1978/3008/1850
f 1921/3002/872 1979/3005/1848 1977/3001/1844
f 1922/3003/881 1980/3007/1854 1924/3012/881
f 1925/3009/872 1979/3005/1848 1923/3006/872
f 1926/3011/881 1980/3007/1854 1982/3016/1858
f 1927/3013/872 1981/3010/1852 1925/3009/872
f 1928/3015/881 1982/3016/1858 1984/3020/1862
f 1929/3017/872 1983/3014/1856 1927/3013/872
f 1928/3015/881 1986/3019/1866 1930/3023/881
f 1931/3021/872 1985/3018/1860 1929/3017/872
f 1930/3023/881 1988/3024/1871 1932/3026/881
f 1931/3021/872 1967/3025/1868 1987/3022/1864
f 1961/2984/881 1988/3024/1871 1970/2986/1870
f 1940/3027/1878 2009/3028/1879 1962/3069/1879
f 1929/3030/1880 2023/3031/1881 2025/3047/1880
f 1920/3033/1882 2018/3034/1883 2016/3071/1882
f 1915/3036/1884 2004/3037/1886 2011/3053/1884
f 1928/2922/1825 2026/3039/1887 2024/2921/1825
f 1921/3041/1823 2019/3042/1888 1923/3057/1888
f 1916/3043/1889 2005/3044/1890 1939/3056/1896
f 1931/3046/1891 2025/3047/1880 2027/3062/1891
f 1938/3038/1885 2003/3048/1892 2004/3037/1886
f 1922/3035/1883 2020/3050/1893 2018/3034/1883
f 1915/3036/1884 2013/3052/1894 1917/3066/1894
f 1932/3054/1895 2026/3039/1887 1930/3040/1887
f 1939/3056/1896 2006/3029/1878 1940/3027/1878
f 1923/3057/1888 2021/3058/1897 1925/3070/1897
f 1916/3043/1889 2014/3059/1898 2012/3045/1889
f 1960/3061/1899 2027/3062/1891 2007/3064/1899
f 1959/3063/1900 2007/3064/1899 2008/3072/1900
f 1924/3051/1893 2022/3065/1824 2020/3050/1893
f 1917/3066/1894 2015/2919/1822 1919/2917/1822
f 1961/3067/1901 2028/3055/1895 1932/3054/1895
f 1962/3069/1879 2010/3068/1901 1961/3067/1901
f 1925/3070/1897 2023/3031/1881 1927/3032/1881
f 1918/3060/1898 2016/3071/1882 2014/3059/1898
f 1937/3049/1892 2008/3072/1900 2003/3048/1892
f 1989/3073/872 2003/3074/872 1991/3079/872
f 1990/3076/881 2006/3077/881 2005/3087/881
f 1991/3079/872 2007/3080/872 2001/3110/872
f 1992/3078/881 2010/3082/881 2009/3084/881
f 1993/3088/872 2011/3085/872 1989/3073/872
f 1994/3090/881 2012/3086/881 2014/3094/881
f 1993/3088/872 2015/3091/872 2013/3089/872
f 1994/3090/881 2016/3093/881 1996/3096/881
f 1995/3092/872 2019/3098/872 2017/3095/872
f 1996/3096/881 2020/3100/881 1998/3102/881
f 1997/3099/872 2023/3104/872 2021/3101/872
f 1998/3102/881 2024/3106/881 2000/3108/881
f 2001/3110/872 2025/3107/872 1999/3105/872
f 2002/3083/881 2026/3109/881 2028/3112/881
f 1997/3118/1902 2035/3119/1902 2037/3143/1902
f 1999/3121/1903 2041/3122/1903 2001/3140/1903
f 1989/3124/1904 2031/3125/1904 2029/3131/1904
f 1996/3127/1902 2038/3128/1902 2036/3144/1902
f 1993/3130/1906 2029/3131/1906 2033/3141/1906
f 2002/3132/1903 2040/3133/1903 2000/3145/1903
f 1992/3135/1904 2030/3136/1904 2032/3142/1904
f 1990/3137/1906 2034/3138/1906 2030/3136/1906
f 2001/3140/1907 2031/3125/1907 1991/3126/1907
f 1995/3120/1908 2033/3141/1908 2035/3119/1908
f 1992/3135/1907 2042/3134/1907 2002/3132/1907
f 1997/3118/1909 2039/3123/1909 1999/3121/1909
f 1994/3139/1908 2036/3144/1908 2034/3138/1908
f 2000/3145/1910 2038/3128/1910 1998/3129/1910
f 2049/3159/872 2048/3160/872 2050/3161/1913
f 2048/3162/1914 2052/3163/1915 2050/3164/1916
f 2078/3165/1917 2070/3166/1917 2076/3167/1917
f 2054/3168/881 2061/3169/881 2060/3170/881
f 2054/3168/881 2055/3171/881 2053/3172/881
f 2053/3173/1918 2063/3174/1919 2061/3175/1920
f 2055/3176/1921 2056/3177/1922 2053/3173/1918
f 2049/3159/872 2058/3178/1923 2048/3160/872
f 2048/3162/1914 2059/3179/1924 2051/3180/1925
f 2090/3181/68 2081/3182/68 2087/3183/68
f 2060/3170/881 2061/3169/881 2062/3184/881
f 2062/3185/1926 2063/3174/1919 2064/3186/1926
f 2045/3187/872 2069/3188/1923 2058/3178/1923
f 2049/3159/872 2045/3187/872 2058/3178/1923
f 2058/3178/1923 2069/3188/1923 2065/3189/1927
f 2058/3190/1928 2065/3191/1929 2059/3179/1924
f 2107/3192/1930 2102/3193/1930 2100/3194/1930
f 2067/3195/881 2066/3196/881 2071/3197/881
f 2060/3170/881 2066/3196/881 2067/3195/881
f 2071/3198/1931 2068/3199/1932 2073/3200/1933
f 2062/3185/1926 2068/3199/1932 2066/3201/1934
f 2069/3202/1935 2070/3203/1936 2065/3204/1937
f 2073/3205/1938 2070/3206/1938 2074/3207/1938
f 2085/3208/1917 2078/3165/1917 2076/3167/1917
f 2067/3195/881 2072/3209/881 2047/3210/881
f 2072/3211/1939 2073/3200/1933 2074/3212/1939
f 2045/3187/872 2079/3213/872 2075/3214/872
f 2045/3187/872 2075/3214/872 2069/3188/1923
f 2075/3215/1940 2070/3203/1936 2069/3202/1935
f 2115/3216/1941 2113/3217/1941 2110/3218/1941
f 2047/3210/881 2083/3219/881 2082/3220/881
f 2047/3210/881 2072/3209/881 2077/3221/881
f 2077/3222/1942 2085/3223/1943 2083/3224/1944
f 2072/3211/1939 2078/3225/1945 2077/3222/1942
f 2079/3213/872 2080/3226/1946 2075/3214/872
f 2075/3215/1940 2081/3227/1947 2076/3228/1948
f 2102/3193/1930 2093/3229/1930 2100/3194/1930
f 2097/3230/68 2090/3181/68 2087/3183/68
f 2082/3220/881 2083/3219/881 2084/3231/881
f 2084/3232/1949 2085/3223/1943 2086/3233/1949
f 2079/3213/872 2091/3234/1946 2080/3226/1946
f 2080/3226/1946 2091/3234/1946 2087/3235/1950
f 2080/3236/1951 2087/3237/1952 2081/3227/1947
f 2063/3238/33 2059/3239/33 2064/3240/33
f 2089/3241/881 2088/3242/881 2094/3243/881
f 2089/3241/881 2084/3231/881 2088/3242/881
f 2088/3244/1953 2097/3245/1954 2094/3246/1955
f 2084/3232/1949 2090/3247/1956 2088/3244/1953
f 2079/3213/872 2092/3248/872 2091/3234/1946
f 2091/3249/1957 2093/3250/1958 2087/3251/1959
f 2097/3230/68 2093/3252/68 2098/3253/68
f 2107/3192/1930 2104/3254/1930 2108/3255/1930
f 2095/3256/881 2094/3243/881 2096/3257/881
f 2096/3258/1960 2097/3245/1954 2098/3259/1960
f 2092/3248/872 2099/3260/872 2091/3234/1946
f 2099/3261/1961 2093/3250/1958 2091/3249/1957
f 2068/3262/1938 2059/3263/1938 2065/3264/1938
f 2046/3265/881 2101/3266/881 2105/3267/881
f 2095/3256/881 2096/3257/881 2101/3266/881
f 2105/3268/1962 2102/3269/1963 2107/3270/1964
f 2096/3258/1960 2102/3269/1963 2101/3271/1965
f 2092/3248/872 2103/3272/1913 2099/3260/872
f 2099/3261/1961 2104/3273/1966 2100/3274/1967
f 2063/3238/33 2056/3275/33 2051/3276/33
f 2115/3216/1941 2052/3277/1941 2057/3278/1941
f 2046/3265/881 2105/3267/881 2106/3279/881
f 2106/3280/1968 2107/3270/1964 2108/3281/1968
f 2109/3282/872 2050/3161/1913 2103/3272/1913
f 2092/3248/872 2109/3282/872 2103/3272/1913
f 2103/3272/1913 2050/3161/1913 2110/3283/1969
f 2103/3284/1970 2110/3285/1971 2104/3273/1966
f 2056/3275/33 2052/3286/33 2051/3276/33
f 2113/3217/1941 2104/3287/1941 2110/3218/1941
f 2112/3288/881 2111/3289/881 2114/3290/881
f 2112/3288/881 2106/3279/881 2111/3289/881
f 2111/3291/1972 2115/3292/1973 2114/3293/1974
f 2106/3280/1968 2113/3294/1975 2111/3291/1972
f 2109/3282/872 2049/3159/872 2050/3161/1913
f 2050/3164/1916 2052/3163/1915 2110/3295/1976
f 2073/3205/1938 2068/3262/1938 2065/3264/1938
f 2085/3208/1917 2081/3296/1917 2086/3297/1917
f 2112/3288/881 2055/3171/881 2054/3168/881
f 2055/3176/1921 2115/3292/1973 2057/3298/1921
f 2116/3299/1977 2049/3300/1978 2109/3301/1979
f 2118/3302/1980 2092/3303/1981 2079/3304/1980
f 2049/3300/1978 2120/3305/1982 2045/3306/1982
f 2117/3307/1983 2109/3301/1979 2092/3303/1981
f 2045/3306/1982 2118/3302/1980 2079/3304/1980
f 2048/3162/1914 2051/3180/1925 2052/3163/1915
f 2078/3165/1917 2074/3308/1917 2070/3166/1917
f 2054/3168/881 2053/3172/881 2061/3169/881
f 2053/3173/1918 2056/3177/1922 2063/3174/1919
f 2055/3176/1921 2057/3298/1921 2056/3177/1922
f 2048/3162/1914 2058/3190/1928 2059/3179/1924
f 2090/3181/68 2086/3309/68 2081/3182/68
f 2062/3185/1926 2061/3175/1920 2063/3174/1919
f 2060/3170/881 2062/3184/881 2066/3196/881
f 2071/3198/1931 2066/3201/1934 2068/3199/1932
f 2062/3185/1926 2064/3186/1926 2068/3199/1932
f 2073/3205/1938 2065/3264/1938 2070/3206/1938
f 2067/3195/881 2071/3197/881 2072/3209/881
f 2072/3211/1939 2071/3198/1931 2073/3200/1933
f 2075/3215/1940 2076/3228/1948 2070/3203/1936
f 2047/3210/881 2077/3221/881 2083/3219/881
f 2077/3222/1942 2078/3225/1945 2085/3223/1943
f 2072/3211/1939 2074/3212/1939 2078/3225/1945
f 2075/3215/1940 2080/3236/1951 2081/3227/1947
f 2102/3193/1930 2098/3310/1930 2093/3229/1930
f 2084/3232/1949 2083/3224/1944 2085/3223/1943
f 2063/3238/33 2051/3276/33 2059/3239/33
f 2089/3241/881 2082/3220/881 2084/3231/881
f 2088/3244/1953 2090/3247/1956 2097/3245/1954
f 2084/3232/1949 2086/3233/1949 2090/3247/1956
f 2097/3230/68 2087/3183/68 2093/3252/68
f 2107/3192/1930 2100/3194/1930 2104/3254/1930
f 2095/3256/881 2089/3241/881 2094/3243/881
f 2096/3258/1960 2094/3246/1955 2097/3245/1954
f 2099/3261/1961 2100/3274/1967 2093/3250/1958
f 2068/3262/1938 2064/3311/1938 2059/3263/1938
f 2046/3265/881 2095/3256/881 2101/3266/881
f 2105/3268/1962 2101/3271/1965 2102/3269/1963
f 2096/3258/1960 2098/3259/1960 2102/3269/1963
f 2099/3261/1961 2103/3284/1970 2104/3273/1966
f 2115/3216/1941 2110/3218/1941 2052/3277/1941
f 2106/3280/1968 2105/3268/1962 2107/3270/1964
f 2056/3275/33 2057/3312/33 2052/3286/33
f 2113/3217/1941 2108/3313/1941 2104/3287/1941
f 2112/3288/881 2046/3265/881 2106/3279/881
f 2111/3291/1972 2113/3294/1975 2115/3292/1973
f 2106/3280/1968 2108/3281/1968 2113/3294/1975
f 2085/3208/1917 2076/3167/1917 2081/3296/1917
f 2112/3288/881 2114/3290/881 2055/3171/881
f 2055/3176/1921 2114/3293/1974 2115/3292/1973
f 2116/3299/1977 2119/3314/1978 2049/3300/1978
f 2118/3302/1980 2117/3307/1983 2092/3303/1981
f 2049/3300/1978 2119/3314/1978 2120/3305/1982
f 2117/3307/1983 2116/3299/1977 2109/3301/1979
f 2045/3306/1982 2120/3305/1982 2118/3302/1980
f 2125/3159/881 2126/3161/1984 2124/3160/881
f 2124/3162/1985 2126/3164/1986 2128/3163/1987
f 2154/3165/1917 2152/3167/1917 2146/3166/1917
f 2130/3168/872 2136/3170/872 2137/3169/872
f 2130/3168/872 2129/3172/872 2131/3171/872
f 2129/3173/1988 2137/3175/1989 2139/3174/1990
f 2131/3176/1991 2129/3173/1988 2132/3177/1992
f 2125/3159/881 2124/3160/881 2134/3178/1993
f 2124/3162/1985 2127/3180/1994 2135/3179/1995
f 2166/3181/68 2163/3183/68 2157/3182/68
f 2136/3170/872 2138/3184/872 2137/3169/872
f 2138/3185/1996 2140/3186/1996 2139/3174/1990
f 2121/3187/881 2134/3178/1993 2145/3188/1993
f 2125/3159/881 2134/3178/1993 2121/3187/881
f 2134/3178/1993 2141/3189/1997 2145/3188/1993
f 2134/3190/1998 2135/3179/1995 2141/3191/1999
f 2183/3192/1930 2176/3194/1930 2178/3193/1930
f 2143/3195/872 2147/3197/872 2142/3196/872
f 2136/3170/872 2143/3195/872 2142/3196/872
f 2147/3198/2000 2149/3200/2001 2144/3199/2002
f 2138/3185/1996 2142/3201/2003 2144/3199/2002
f 2145/3202/2004 2141/3204/2005 2146/3203/2006
f 2149/3205/1938 2150/3207/1938 2146/3206/1938
f 2161/3208/1917 2152/3167/1917 2154/3165/1917
f 2143/3195/872 2123/3210/872 2148/3209/872
f 2148/3211/2007 2150/3212/2007 2149/3200/2001
f 2121/3187/881 2151/3214/881 2155/3213/881
f 2121/3187/881 2145/3188/1993 2151/3214/881
f 2151/3215/2008 2145/3202/2004 2146/3203/2006
f 2191/3216/1941 2186/3218/1941 2189/3217/1941
f 2123/3210/872 2158/3220/872 2159/3219/872
f 2123/3210/872 2153/3221/872 2148/3209/872
f 2153/3222/2009 2159/3224/2010 2161/3223/2011
f 2148/3211/2007 2153/3222/2009 2154/3225/2012
f 2155/3213/881 2151/3214/881 2156/3226/2013
f 2151/3215/2008 2152/3228/2014 2157/3227/2015
f 2178/3193/1930 2176/3194/1930 2169/3229/1930
f 2173/3230/68 2163/3183/68 2166/3181/68
f 2158/3220/872 2160/3231/872 2159/3219/872
f 2160/3232/2016 2162/3233/2016 2161/3223/2011
f 2155/3213/881 2156/3226/2013 2167/3234/2013
f 2156/3226/2013 2163/3235/2017 2167/3234/2013
f 2156/3236/2018 2157/3227/2015 2163/3237/2019
f 2139/3238/33 2140/3240/33 2135/3239/33
f 2165/3241/872 2170/3243/872 2164/3242/872
f 2165/3241/872 2164/3242/872 2160/3231/872
f 2164/3244/2020 2170/3246/2021 2173/3245/2022
f 2160/3232/2016 2164/3244/2020 2166/3247/2023
f 2155/3213/881 2167/3234/2013 2168/3248/881
f 2167/3249/2024 2163/3251/2025 2169/3250/2026
f 2173/3230/68 2174/3253/68 2169/3252/68
f 2183/3192/1930 2184/3255/1930 2180/3254/1930
f 2171/3256/872 2172/3257/872 2170/3243/872
f 2172/3258/2027 2174/3259/2027 2173/3245/2022
f 2168/3248/881 2167/3234/2013 2175/3260/881
f 2175/3261/2028 2167/3249/2024 2169/3250/2026
f 2144/3262/1938 2141/3264/1938 2135/3263/1938
f 2122/3265/872 2181/3267/872 2177/3266/872
f 2171/3256/872 2177/3266/872 2172/3257/872
f 2181/3268/2029 2183/3270/2030 2178/3269/2031
f 2172/3258/2027 2177/3271/2032 2178/3269/2031
f 2168/3248/881 2175/3260/881 2179/3272/1984
f 2175/3261/2028 2176/3274/2033 2180/3273/2034
f 2139/3238/33 2127/3276/33 2132/3275/33
f 2191/3216/1941 2133/3278/1941 2128/3277/1941
f 2122/3265/872 2182/3279/872 2181/3267/872
f 2182/3280/2035 2184/3281/2035 2183/3270/2030
f 2185/3282/881 2179/3272/1984 2126/3161/1984
f 2168/3248/881 2179/3272/1984 2185/3282/881
f 2179/3272/1984 2186/3283/2036 2126/3161/1984
f 2179/3284/2037 2180/3273/2034 2186/3285/2038
f 2132/3275/33 2127/3276/33 2128/3286/33
f 2189/3217/1941 2186/3218/1941 2180/3287/1941
f 2188/3288/872 2190/3290/872 2187/3289/872
f 2188/3288/872 2187/3289/872 2182/3279/872
f 2187/3291/2039 2190/3293/2040 2191/3292/2041
f 2182/3280/2035 2187/3291/2039 2189/3294/2042
f 2185/3282/881 2126/3161/1984 2125/3159/881
f 2126/3164/1986 2186/3295/2043 2128/3163/1987
f 2149/3205/1938 2141/3264/1938 2144/3262/1938
f 2161/3208/1917 2162/3297/1917 2157/3296/1917
f 2188/3288/872 2130/3168/872 2131/3171/872
f 2131/3176/1991 2133/3298/1991 2191/3292/2041
f 2192/3299/1977 2185/3301/1979 2125/3300/1978
f 2194/3302/1980 2155/3304/1980 2168/3303/1981
f 2125/3300/1978 2121/3306/1982 2196/3305/1982
f 2193/3307/1983 2168/3303/1981 2185/3301/1979
f 2121/3306/1982 2155/3304/1980 2194/3302/1980
f 2124/3162/1985 2128/3163/1987 2127/3180/1994
f 2154/3165/1917 2146/3166/1917 2150/3308/1917
f 2130/3168/872 2137/3169/872 2129/3172/872
f 2129/3173/1988 2139/3174/1990 2132/3177/1992
f 2131/3176/1991 2132/3177/1992 2133/3298/1991
f 2124/3162/1985 2135/3179/1995 2134/3190/1998
f 2166/3181/68 2157/3182/68 2162/3309/68
f 2138/3185/1996 2139/3174/1990 2137/3175/1989
f 2136/3170/872 2142/3196/872 2138/3184/872
f 2147/3198/2000 2144/3199/2002 2142/3201/2003
f 2138/3185/1996 2144/3199/2002 2140/3186/1996
f 2149/3205/1938 2146/3206/1938 2141/3264/1938
f 2143/3195/872 2148/3209/872 2147/3197/872
f 2148/3211/2007 2149/3200/2001 2147/3198/2000
f 2151/3215/2008 2146/3203/2006 2152/3228/2014
f 2123/3210/872 2159/3219/872 2153/3221/872
f 2153/3222/2009 2161/3223/2011 2154/3225/2012
f 2148/3211/2007 2154/3225/2012 2150/3212/2007
f 2151/3215/2008 2157/3227/2015 2156/3236/2018
f 2178/3193/1930 2169/3229/1930 2174/3310/1930
f 2160/3232/2016 2161/3223/2011 2159/3224/2010
f 2139/3238/33 2135/3239/33 2127/3276/33
f 2165/3241/872 2160/3231/872 2158/3220/872
f 2164/3244/2020 2173/3245/2022 2166/3247/2023
f 2160/3232/2016 2166/3247/2023 2162/3233/2016
f 2173/3230/68 2169/3252/68 2163/3183/68
f 2183/3192/1930 2180/3254/1930 2176/3194/1930
f 2171/3256/872 2170/3243/872 2165/3241/872
f 2172/3258/2027 2173/3245/2022 2170/3246/2021
f 2175/3261/2028 2169/3250/2026 2176/3274/2033
f 2144/3262/1938 2135/3263/1938 2140/3311/1938
f 2122/3265/872 2177/3266/872 2171/3256/872
f 2181/3268/2029 2178/3269/2031 2177/3271/2032
f 2172/3258/2027 2178/3269/2031 2174/3259/2027
f 2175/3261/2028 2180/3273/2034 2179/3284/2037
f 2191/3216/1941 2128/3277/1941 2186/3218/1941
f 2182/3280/2035 2183/3270/2030 2181/3268/2029
f 2132/3275/33 2128/3286/33 2133/3312/33
f 2189/3217/1941 2180/3287/1941 2184/3313/1941
f 2188/3288/872 2182/3279/872 2122/3265/872
f 2187/3291/2039 2191/3292/2041 2189/3294/2042
f 2182/3280/2035 2189/3294/2042 2184/3281/2035
f 2161/3208/1917 2157/3296/1917 2152/3167/1917
f 2188/3288/872 2131/3171/872 2190/3290/872
f 2131/3176/1991 2191/3292/2041 2190/3293/2040
f 2192/3299/1977 2125/3300/1978 2195/3314/1978
f 2194/3302/1980 2168/3303/1981 2193/3307/1983
f 2125/3300/1978 2196/3305/1982 2195/3314/1978
f 2193/3307/1983 2185/3301/1979 2192/3299/1977
f 2121/3306/1982 2194/3302/1980 2196/3305/1982
f 2198/3315/2044 2199/3316/2045 2200/3317/2044
f 2199/3318/2046 2201/3319/2046 2200/3320/2046
f 2202/3321/2047 2199/3316/2045 2197/3322/2048
f 2203/3323/2049 2204/3324/2050 2202/3321/2047
f 2199/3318/2046 2204/3325/2046 2206/3326/2046
f 2204/3325/2046 2205/3327/2046 2206/3326/2046
f 2203/3323/2049 2208/3328/2051 2205/3329/2049
f 2208/3330/2052 2206/3331/2052 2205/3332/2052
f 2207/3333/2053 2211/3334/2054 2208/3328/2051
f 2210/3335/2055 2211/3334/2054 2209/3336/2056
f 2208/3330/2052 2211/3337/2052 2213/3338/2052
f 2211/3337/2052 2212/3339/2052 2213/3338/2052
f 2210/3335/2055 2215/3340/2057 2212/3341/2055
f 2215/3342/2058 2213/3343/2058 2212/3344/2058
f 2214/3345/2059 2218/3346/2060 2215/3340/2057
f 2217/3347/2061 2218/3346/2060 2216/3348/2062
f 2215/3342/2058 2218/3349/2058 2220/3350/2058
f 2218/3349/2058 2219/3351/2058 2220/3350/2058
f 2217/3347/2061 2222/3352/2063 2219/3353/2061
f 2222/3354/2064 2220/3355/2064 2219/3356/2064
f 2223/3357/2065 2222/3352/2063 2221/3358/2066
f 2224/3359/2067 2225/3360/2068 2223/3357/2065
f 2222/3354/2064 2225/3361/2064 2227/3362/2064
f 2225/3361/2064 2226/3363/2064 2227/3362/2064
f 2224/3359/2067 2229/3364/2069 2226/3365/2067
f 2229/3366/2070 2227/3367/2070 2226/3368/2070
f 2230/3369/2071 2229/3364/2069 2228/3370/2072
f 2231/3371/2073 2232/3372/2074 2230/3369/2071
f 2229/3366/2070 2232/3373/2070 2234/3374/2070
f 2232/3373/2070 2233/3375/2070 2234/3374/2070
f 2231/3371/2073 2236/3376/2075 2233/3377/2073
f 2236/3378/2076 2234/3379/2076 2233/3380/2076
f 2237/3381/2077 2236/3376/2075 2235/3382/2078
f 2198/3315/2044 2238/3383/2079 2237/3381/2077
f 2236/3378/2076 2238/3384/2076 2201/3385/2076
f 2238/3384/2076 2200/3386/2076 2201/3385/2076
f 2223/3387/881 2239/3388/881 2224/3389/881
f 2224/3389/881 2239/3388/881 2228/3390/881
f 2237/3391/881 2239/3388/881 2198/3392/881
f 2202/3393/881 2239/3388/881 2203/3394/881
f 2209/3395/881 2239/3388/881 2210/3396/881
f 2230/3397/881 2239/3388/881 2231/3398/881
f 2214/3399/881 2239/3388/881 2216/3400/881
f 2197/3401/881 2239/3388/881 2202/3393/881
f 2207/3402/881 2239/3388/881 2209/3395/881
f 2203/3394/881 2239/3388/881 2207/3402/881
f 2228/3390/881 2239/3388/881 2230/3397/881
f 2210/3396/881 2239/3388/881 2214/3399/881
f 2217/3403/881 2239/3388/881 2221/3404/881
f 2216/3400/881 2239/3388/881 2217/3403/881
f 2198/3392/881 2239/3388/881 2197/3401/881
f 2235/3405/881 2239/3388/881 2237/3391/881
f 2221/3404/881 2239/3388/881 2223/3387/881
f 2231/3398/881 2239/3388/881 2235/3405/881
f 2198/3315/2044 2197/3322/2048 2199/3316/2045
f 2199/3318/2046 2206/3326/2046 2201/3319/2046
f 2202/3321/2047 2204/3324/2050 2199/3316/2045
f 2203/3323/2049 2205/3329/2049 2204/3324/2050
f 2203/3323/2049 2207/3333/2053 2208/3328/2051
f 2208/3330/2052 2213/3338/2052 2206/3331/2052
f 2207/3333/2053 2209/3336/2056 2211/3334/2054
f 2210/3335/2055 2212/3341/2055 2211/3334/2054
f 2210/3335/2055 2214/3345/2059 2215/3340/2057
f 2215/3342/2058 2220/3350/2058 2213/3343/2058
f 2214/3345/2059 2216/3348/2062 2218/3346/2060
f 2217/3347/2061 2219/3353/2061 2218/3346/2060
f 2217/3347/2061 2221/3358/2066 2222/3352/2063
f 2222/3354/2064 2227/3362/2064 2220/3355/2064
f 2223/3357/2065 2225/3360/2068 2222/3352/2063
f 2224/3359/2067 2226/3365/2067 2225/3360/2068
f 2224/3359/2067 2228/3370/2072 2229/3364/2069
f 2229/3366/2070 2234/3374/2070 2227/3367/2070
f 2230/3369/2071 2232/3372/2074 2229/3364/2069
f 2231/3371/2073 2233/3377/2073 2232/3372/2074
f 2231/3371/2073 2235/3382/2078 2236/3376/2075
f 2236/3378/2076 2201/3385/2076 2234/3379/2076
f 2237/3381/2077 2238/3383/2079 2236/3376/2075
f 2198/3315/2044 2200/3317/2044 2238/3383/2079
f 2241/3315/2080 2243/3317/2080 2242/3316/2081
f 2242/3318/2046 2243/3320/2046 2244/3319/2046
f 2245/3321/2082 2240/3322/2083 2242/3316/2081
f 2246/3323/2084 2245/3321/2082 2247/3324/2085
f 2242/3318/2046 2249/3326/2046 2247/3325/2046
f 2247/3325/2046 2249/3326/2046 2248/3327/2046
f 2246/3323/2084 2248/3329/2084 2251/3328/2086
f 2251/3330/2052 2248/3332/2052 2249/3331/2052
f 2250/3333/2087 2251/3328/2086 2254/3334/2088
f 2253/3335/2089 2252/3336/2090 2254/3334/2088
f 2251/3330/2052 2256/3338/2052 2254/3337/2052
f 2254/3337/2052 2256/3338/2052 2255/3339/2052
f 2253/3335/2089 2255/3341/2089 2258/3340/2091
f 2258/3342/2058 2255/3344/2058 2256/3343/2058
f 2257/3345/2092 2258/3340/2091 2261/3346/2093
f 2260/3347/2094 2259/3348/2095 2261/3346/2093
f 2258/3342/2058 2263/3350/2058 2261/3349/2058
f 2261/3349/2058 2263/3350/2058 2262/3351/2058
f 2260/3347/2094 2262/3353/2094 2265/3352/2096
f 2265/3354/2064 2262/3356/2064 2263/3355/2064
f 2266/3357/2097 2264/3358/2098 2265/3352/2096
f 2267/3359/2099 2266/3357/2097 2268/3360/2100
f 2265/3354/2064 2270/3362/2064 2268/3361/2064
f 2268/3361/2064 2270/3362/2064 2269/3363/2064
f 2267/3359/2099 2269/3365/2099 2272/3364/2101
f 2272/3366/2070 2269/3368/2070 2270/3367/2070
f 2273/3369/2102 2271/3370/2103 2272/3364/2101
f 2274/3371/2104 2273/3369/2102 2275/3372/2105
f 2272/3366/2070 2277/3374/2070 2275/3373/2070
f 2275/3373/2070 2277/3374/2070 2276/3375/2070
f 2274/3371/2104 2276/3377/2104 2279/3376/2106
f 2279/3378/2076 2276/3380/2076 2277/3379/2076
f 2280/3381/2107 2278/3382/2108 2279/3376/2106
f 2241/3315/2080 2280/3381/2107 2281/3383/2109
f 2279/3378/2076 2244/3385/2076 2281/3384/2076
f 2281/3384/2076 2244/3385/2076 2243/3386/2076
f 2266/3387/872 2267/3389/872 2282/3388/872
f 2267/3389/872 2271/3390/872 2282/3388/872
f 2280/3391/872 2241/3392/872 2282/3388/872
f 2245/3393/872 2246/3394/872 2282/3388/872
f 2252/3395/872 2253/3396/872 2282/3388/872
f 2273/3397/872 2274/3398/872 2282/3388/872
f 2257/3399/872 2259/3400/872 2282/3388/872
f 2240/3401/872 2245/3393/872 2282/3388/872
f 2250/3402/872 2252/3395/872 2282/3388/872
f 2246/3394/872 2250/3402/872 2282/3388/872
f 2271/3390/872 2273/3397/872 2282/3388/872
f 2253/3396/872 2257/3399/872 2282/3388/872
f 2260/3403/872 2264/3404/872 2282/3388/872
f 2259/3400/872 2260/3403/872 2282/3388/872
f 2241/3392/872 2240/3401/872 2282/3388/872
f 2278/3405/872 2280/3391/872 2282/3388/872
f 2264/3404/872 2266/3387/872 2282/3388/872
f 2274/3398/872 2278/3405/872 2282/3388/872
f 2241/3315/2080 2242/3316/2081 2240/3322/2083
f 2242/3318/2046 2244/3319/2046 2249/3326/2046
f 2245/3321/2082 2242/3316/2081 2247/3324/2085
f 2246/3323/2084 2247/3324/2085 2248/3329/2084
f 2246/3323/2084 2251/3328/2086 2250/3333/2087
f 2251/3330/2052 2249/3331/2052 2256/3338/2052
f 2250/3333/2087 2254/3334/2088 2252/3336/2090
f 2253/3335/2089 2254/3334/2088 2255/3341/2089
f 2253/3335/2089 2258/3340/2091 2257/3345/2092
f 2258/3342/2058 2256/3343/2058 2263/3350/2058
f 2257/3345/2092 2261/3346/2093 2259/3348/2095
f 2260/3347/2094 2261/3346/2093 2262/3353/2094
f 2260/3347/2094 2265/3352/2096 2264/3358/2098
f 2265/3354/2064 2263/3355/2064 2270/3362/2064
f 2266/3357/2097 2265/3352/2096 2268/3360/2100
f 2267/3359/2099 2268/3360/2100 2269/3365/2099
f 2267/3359/2099 2272/3364/2101 2271/3370/2103
f 2272/3366/2070 2270/3367/2070 2277/3374/2070
f 2273/3369/2102 2272/3364/2101 2275/3372/2105
f 2274/3371/2104 2275/3372/2105 2276/3377/2104
f 2274/3371/2104 2279/3376/2106 2278/3382/2108
f 2279/3378/2076 2277/3379/2076 2244/3385/2076
f 2280/3381/2107 2279/3376/2106 2281/3383/2109
f 2241/3315/2080 2281/3383/2109 2243/3317/2080
f 2665/3406/2110 2343/3407/2111 2337/3408/2110
f 2331/3409/10 2385/3410/10 2350/3411/10
f 2434/3412/10 2308/3413/10 2427/3414/10
f 2436/3415/2112 2488/3416/2113 2435/3417/2114
f 2284/3418/2115 2367/3419/2116 2301/3420/2116
f 2295/3421/2117 2325/3422/2118 2308/3423/2119
f 2350/3424/2111 2320/3425/2110 2331/3426/2110
f 2283/3427/299 2469/3428/299 2314/3429/299
f 2701/3430/2120 2338/3431/2121 2373/3432/2120
f 2301/3433/299 2451/3434/299 2284/3435/299
f 2307/3436/2122 2470/3437/2123 2463/3438/2124
f 2361/3439/299 2379/3440/299 2344/3441/299
f 2422/3442/2125 2386/3443/2126 2379/3444/2127
f 2349/3445/10 2416/3446/10 2355/3447/10
f 2368/3448/10 2391/3449/10 2332/3450/10
f 2314/3451/2128 2355/3452/2129 2283/3453/2129
f 2403/3454/2130 2397/3455/2131 2391/3456/2132
f 2409/3457/2133 2415/3458/2134 2421/3459/2135
f 2481/3460/2136 2475/3461/2137 2487/3462/2138
f 2392/3463/2139 2380/3464/2140 2385/3465/2141
f 2343/3466/299 2398/3467/299 2337/3468/299
f 2356/3469/10 2404/3470/10 2367/3471/10
f 2374/3472/299 2421/3473/299 2362/3474/299
f 2338/3475/299 2410/3476/299 2373/3477/299
f 2447/3478/2142 2550/3479/2143 2572/3480/2144
f 2444/3481/2145 2516/3482/2146 2538/3483/2147
f 2482/3484/2148 2438/3485/2149 2434/3486/2150
f 2445/3487/10 2458/3488/10 2439/3489/10
f 2464/3490/2151 2452/3491/2152 2458/3492/2153
f 2457/3493/2154 2289/3494/2155 2296/3495/2156
f 2428/3496/10 2463/3497/10 2446/3498/10
f 2319/3499/299 2290/3500/299 2302/3501/299
f 2440/3502/10 2296/3503/10 2433/3504/10
f 2332/3505/2121 2302/3506/2120 2368/3507/2120
f 2313/3508/299 2326/3509/299 2320/3510/299
f 2296/3495/2156 2291/3511/2157 2300/3512/2158
f 2300/3512/2158 2292/3513/2159 2299/3514/2160
f 2299/3514/2160 2293/3515/2161 2298/3516/2162
f 2293/3515/2161 2297/3517/2163 2298/3516/2162
f 2294/3518/2164 2295/3421/2117 2297/3517/2163
f 2307/3436/2122 2330/3519/2165 2326/3520/2166
f 2309/3521/2167 2329/3522/2168 2330/3519/2165
f 2310/3523/2169 2328/3524/2170 2329/3522/2168
f 2328/3524/2170 2312/3525/2171 2327/3526/2172
f 2327/3526/2172 2308/3423/2119 2325/3422/2118
f 2290/3500/299 2306/3527/299 2302/3501/299
f 2294/3528/299 2305/3529/299 2306/3527/299
f 2305/3529/299 2292/3530/299 2304/3531/299
f 2304/3531/299 2291/3532/299 2303/3533/299
f 2303/3533/299 2289/3534/299 2301/3433/299
f 2452/3535/299 2285/3536/299 2456/3537/299
f 2456/3537/299 2286/3538/299 2455/3539/299
f 2286/3538/299 2454/3540/299 2455/3539/299
f 2287/3541/299 2453/3542/299 2454/3540/299
f 2288/3543/299 2451/3434/299 2453/3542/299
f 2469/3428/299 2318/3544/299 2314/3429/299
f 2471/3545/299 2317/3546/299 2318/3544/299
f 2317/3546/299 2473/3547/299 2316/3548/299
f 2316/3548/299 2474/3549/299 2315/3550/299
f 2315/3550/299 2470/3551/299 2313/3508/299
f 2325/3552/299 2321/3553/299 2327/3554/299
f 2327/3554/299 2322/3555/299 2328/3556/299
f 2322/3555/299 2329/3557/299 2328/3556/299
f 2323/3558/299 2330/3559/299 2329/3557/299
f 2324/3560/299 2326/3509/299 2330/3559/299
f 2380/3561/299 2345/3562/299 2384/3563/299
f 2384/3563/299 2346/3564/299 2383/3565/299
f 2346/3564/299 2382/3566/299 2383/3565/299
f 2347/3567/299 2381/3568/299 2382/3566/299
f 2348/3569/299 2379/3440/299 2381/3568/299
f 2421/3473/299 2366/3570/299 2362/3474/299
f 2423/3571/299 2365/3572/299 2366/3570/299
f 2424/3573/299 2364/3574/299 2365/3572/299
f 2364/3574/299 2426/3575/299 2363/3576/299
f 2363/3576/299 2422/3577/299 2361/3439/299
f 2386/3578/10 2351/3579/10 2390/3580/10
f 2390/3580/10 2352/3581/10 2389/3582/10
f 2389/3582/10 2353/3583/10 2388/3584/10
f 2353/3583/10 2387/3585/10 2388/3584/10
f 2354/3586/10 2385/3410/10 2387/3585/10
f 2391/3449/10 2336/3587/10 2332/3450/10
f 2393/3588/10 2335/3589/10 2336/3587/10
f 2394/3590/10 2334/3591/10 2335/3589/10
f 2334/3591/10 2396/3592/10 2333/3593/10
f 2333/3593/10 2392/3594/10 2331/3409/10
f 2669/3595/2173 2342/3596/2174 2670/3597/2174
f 2668/3598/2175 2341/3599/2173 2669/3595/2173
f 2667/3600/2176 2340/3601/2175 2668/3598/2175
f 2665/3406/2110 2339/3602/2176 2667/3600/2176
f 2676/3603/2177 2344/3604/2128 2348/3605/2177
f 2675/3606/2178 2348/3605/2177 2347/3607/2178
f 2674/3608/2179 2347/3607/2178 2346/3609/2179
f 2673/3610/2180 2346/3609/2179 2345/3611/2180
f 2671/3612/2111 2345/3611/2180 2343/3407/2111
f 2706/3613/2181 2374/3614/2116 2702/3615/2116
f 2367/3419/2116 2303/3616/2181 2301/3420/2116
f 2369/3617/2181 2304/3618/2182 2303/3616/2181
f 2370/3619/2182 2305/3620/2183 2304/3618/2182
f 2371/3621/2183 2306/3622/2184 2305/3620/2183
f 2372/3623/2184 2302/3506/2120 2306/3622/2184
f 2320/3425/2110 2333/3624/2176 2331/3426/2110
f 2324/3625/2176 2334/3626/2175 2333/3624/2176
f 2323/3627/2175 2335/3628/2173 2334/3626/2175
f 2322/3629/2173 2336/3630/2174 2335/3628/2173
f 2321/3631/2174 2332/3505/2121 2336/3630/2174
f 2314/3632/2128 2351/3633/2177 2349/3634/2128
f 2318/3635/2177 2352/3636/2178 2351/3633/2177
f 2317/3637/2178 2353/3638/2179 2352/3636/2178
f 2316/3639/2179 2354/3640/2180 2353/3638/2179
f 2315/3641/2180 2350/3424/2111 2354/3640/2180
f 2705/3642/2182 2378/3643/2181 2706/3613/2181
f 2704/3644/2183 2377/3645/2182 2705/3642/2182
f 2703/3646/2184 2376/3647/2183 2704/3644/2183
f 2701/3430/2120 2375/3648/2184 2703/3646/2184
f 2694/3649/2185 2362/3650/2115 2366/3651/2185
f 2284/3418/2115 2360/3652/2185 2356/3653/2115
f 2288/3654/2185 2359/3655/2186 2360/3652/2185
f 2287/3656/2186 2358/3657/2187 2359/3655/2186
f 2286/3658/2187 2357/3659/2188 2358/3657/2187
f 2285/3660/2188 2355/3452/2129 2357/3659/2188
f 2693/3661/2186 2366/3651/2185 2365/3662/2186
f 2692/3663/2187 2365/3662/2186 2364/3664/2187
f 2691/3665/2188 2364/3664/2187 2363/3666/2188
f 2689/3667/2129 2363/3666/2188 2361/3668/2129
f 2361/3668/2129 2672/3669/2128 2689/3667/2129
f 2379/3444/2127 2390/3670/2189 2381/3671/2190
f 2381/3671/2190 2389/3672/2191 2382/3673/2192
f 2389/3672/2191 2383/3674/2193 2382/3673/2192
f 2388/3675/2194 2384/3676/2195 2383/3674/2193
f 2387/3677/2196 2380/3464/2140 2384/3676/2195
f 2397/3455/2131 2393/3678/2197 2391/3456/2132
f 2399/3679/2198 2394/3680/2199 2393/3678/2197
f 2394/3680/2199 2401/3681/2200 2395/3682/2201
f 2395/3682/2201 2402/3683/2202 2396/3684/2203
f 2396/3684/2203 2398/3685/2204 2392/3463/2139
f 2409/3457/2133 2408/3686/2205 2404/3687/2206
f 2411/3688/2207 2407/3689/2208 2408/3686/2205
f 2412/3690/2209 2406/3691/2210 2407/3689/2208
f 2406/3691/2210 2414/3692/2211 2405/3693/2212
f 2405/3693/2212 2410/3694/2213 2403/3454/2130
f 2422/3442/2125 2420/3695/2214 2416/3696/2215
f 2426/3697/2216 2419/3698/2217 2420/3695/2214
f 2419/3698/2217 2424/3699/2218 2418/3700/2219
f 2418/3700/2219 2423/3701/2220 2417/3702/2221
f 2417/3702/2221 2421/3459/2135 2415/3458/2134
f 2410/3476/299 2375/3703/299 2373/3477/299
f 2414/3704/299 2376/3705/299 2375/3703/299
f 2413/3706/299 2377/3707/299 2376/3705/299
f 2377/3707/299 2411/3708/299 2378/3709/299
f 2378/3709/299 2409/3710/299 2374/3472/299
f 2398/3467/299 2339/3711/299 2337/3468/299
f 2402/3712/299 2340/3713/299 2339/3711/299
f 2401/3714/299 2341/3715/299 2340/3713/299
f 2341/3715/299 2399/3716/299 2342/3717/299
f 2342/3717/299 2397/3718/299 2338/3475/299
f 2404/3470/10 2369/3719/10 2367/3471/10
f 2408/3720/10 2370/3721/10 2369/3719/10
f 2370/3721/10 2406/3722/10 2371/3723/10
f 2371/3723/10 2405/3724/10 2372/3725/10
f 2372/3725/10 2403/3726/10 2368/3448/10
f 2415/3727/10 2360/3728/10 2417/3729/10
f 2417/3729/10 2359/3730/10 2418/3731/10
f 2359/3730/10 2419/3732/10 2418/3731/10
f 2358/3733/10 2420/3734/10 2419/3732/10
f 2357/3735/10 2416/3446/10 2420/3734/10
f 2463/3497/10 2450/3736/10 2446/3498/10
f 2465/3737/10 2449/3738/10 2450/3736/10
f 2466/3739/10 2448/3740/10 2449/3738/10
f 2448/3740/10 2468/3741/10 2447/3742/10
f 2447/3742/10 2464/3743/10 2445/3487/10
f 2510/3744/2222 2445/3745/2223 2439/3746/2224
f 2442/3747/2225 2532/3748/2226 2527/3749/2227
f 2443/3750/2228 2538/3483/2147 2532/3748/2226
f 2544/3751/2229 2450/3752/2230 2556/3753/2231
f 2522/3754/2232 2442/3747/2225 2527/3749/2227
f 2434/3486/2150 2578/3755/2233 2482/3484/2148
f 2510/3744/2222 2441/3756/2234 2522/3754/2232
f 2504/3757/2235 2437/3758/2236 2438/3485/2149
f 2498/3759/2237 2436/3415/2112 2437/3758/2236
f 2433/3760/2238 2516/3482/2146 2440/3761/2239
f 2584/3762/2240 2446/3763/2241 2544/3751/2229
f 2449/3764/2242 2566/3765/2243 2561/3766/2244
f 2448/3767/2245 2572/3480/2144 2566/3765/2243
f 2429/3768/2246 2578/3755/2233 2427/3769/2247
f 2556/3753/2231 2449/3764/2242 2561/3766/2244
f 2430/3770/2248 2590/3771/2249 2429/3768/2246
f 2606/3772/2250 2431/3773/2251 2432/3774/2252
f 2600/3775/2253 2430/3770/2248 2431/3773/2251
f 2584/3762/2240 2432/3774/2252 2428/3776/2254
f 2457/3493/2154 2453/3777/2255 2451/3778/2256
f 2459/3779/2257 2454/3780/2258 2453/3777/2255
f 2460/3781/2259 2455/3782/2260 2454/3780/2258
f 2455/3782/2260 2462/3783/2261 2456/3784/2262
f 2456/3784/2262 2458/3492/2153 2452/3491/2152
f 2463/3438/2124 2474/3785/2263 2465/3786/2264
f 2465/3786/2264 2473/3787/2265 2466/3788/2266
f 2466/3788/2266 2472/3789/2267 2467/3790/2268
f 2472/3789/2267 2468/3791/2269 2467/3790/2268
f 2471/3792/2270 2464/3793/2151 2468/3791/2269
f 2457/3794/10 2444/3795/10 2459/3796/10
f 2459/3796/10 2443/3797/10 2460/3798/10
f 2460/3798/10 2442/3799/10 2461/3800/10
f 2442/3799/10 2462/3801/10 2461/3800/10
f 2441/3802/10 2458/3488/10 2462/3801/10
f 2296/3503/10 2435/3803/10 2433/3504/10
f 2300/3804/10 2436/3805/10 2435/3803/10
f 2299/3806/10 2437/3807/10 2436/3805/10
f 2437/3807/10 2297/3808/10 2438/3809/10
f 2438/3809/10 2295/3810/10 2434/3412/10
f 2307/3811/10 2432/3812/10 2309/3813/10
f 2309/3813/10 2431/3814/10 2310/3815/10
f 2310/3815/10 2430/3816/10 2311/3817/10
f 2430/3816/10 2312/3818/10 2311/3817/10
f 2429/3819/10 2308/3413/10 2312/3818/10
f 2374/3614/2116 2690/3820/2115 2702/3615/2116
f 2521/3821/2271 2511/3822/2272 2523/3823/2273
f 2523/3823/2273 2512/3824/2274 2524/3825/2275
f 2524/3825/2275 2513/3826/2276 2525/3827/2277
f 2525/3827/2277 2514/3828/2278 2526/3829/2279
f 2526/3829/2279 2510/3830/2222 2522/3831/2232
f 2521/3821/2271 2523/3823/2273 2528/3832/2280
f 2523/3823/2273 2529/3833/2281 2528/3832/2280
f 2524/3825/2275 2530/3834/2282 2529/3833/2281
f 2525/3827/2277 2531/3835/2283 2530/3834/2282
f 2526/3829/2279 2527/3836/2227 2531/3835/2283
f 2537/3837/2284 2528/3832/2280 2533/3838/2285
f 2528/3832/2280 2534/3839/2286 2533/3838/2285
f 2529/3833/2281 2535/3840/2287 2534/3839/2286
f 2530/3834/2282 2536/3841/2288 2535/3840/2287
f 2536/3841/2288 2527/3836/2227 2532/3842/2226
f 2537/3837/2284 2533/3838/2285 2539/3843/2289
f 2539/3843/2289 2534/3839/2286 2540/3844/2290
f 2540/3844/2290 2535/3840/2287 2541/3845/2291
f 2541/3845/2291 2536/3841/2288 2542/3846/2292
f 2542/3846/2292 2532/3842/2226 2538/3847/2147
f 2537/3837/2284 2517/3848/2293 2515/3849/2294
f 2539/3843/2289 2518/3850/2295 2517/3848/2293
f 2540/3844/2290 2519/3851/2296 2518/3850/2295
f 2541/3845/2291 2520/3852/2297 2519/3851/2296
f 2542/3846/2292 2516/3853/2146 2520/3852/2297
f 2503/3854/2298 2483/3855/2299 2481/3460/2136
f 2505/3856/2300 2484/3857/2301 2483/3855/2299
f 2506/3858/2302 2485/3859/2303 2484/3857/2301
f 2507/3860/2304 2486/3861/2305 2485/3859/2303
f 2508/3862/2306 2482/3863/2148 2486/3861/2305
f 2503/3854/2298 2499/3864/2307 2505/3856/2300
f 2505/3856/2300 2500/3865/2308 2506/3858/2302
f 2506/3858/2302 2501/3866/2309 2507/3860/2304
f 2507/3860/2304 2502/3867/2310 2508/3862/2306
f 2508/3862/2306 2498/3868/2237 2504/3869/2235
f 2487/3462/2138 2499/3864/2307 2503/3854/2298
f 2499/3864/2307 2495/3870/2311 2500/3865/2308
f 2500/3865/2308 2496/3871/2312 2501/3866/2309
f 2501/3866/2309 2497/3872/2313 2502/3867/2310
f 2502/3867/2310 2493/3873/2314 2498/3868/2237
f 2487/3462/2138 2489/3874/2315 2494/3875/2316
f 2489/3874/2315 2495/3870/2311 2494/3875/2316
f 2490/3876/2317 2496/3871/2312 2495/3870/2311
f 2491/3877/2318 2497/3872/2313 2496/3871/2312
f 2492/3878/2319 2493/3873/2314 2497/3872/2313
f 2487/3462/2138 2477/3879/2320 2489/3874/2315
f 2489/3874/2315 2478/3880/2321 2490/3876/2317
f 2490/3876/2317 2479/3881/2322 2491/3877/2318
f 2491/3877/2318 2480/3882/2323 2492/3878/2319
f 2492/3878/2319 2476/3883/2324 2488/3884/2113
f 2555/3885/2325 2545/3886/2326 2557/3887/2327
f 2557/3887/2327 2546/3888/2328 2558/3889/2329
f 2558/3889/2329 2547/3890/2330 2559/3891/2331
f 2559/3891/2331 2548/3892/2332 2560/3893/2333
f 2560/3893/2333 2544/3894/2229 2556/3895/2231
f 2555/3885/2325 2557/3887/2327 2562/3896/2334
f 2557/3887/2327 2563/3897/2335 2562/3896/2334
f 2558/3889/2329 2564/3898/2336 2563/3897/2335
f 2559/3891/2331 2565/3899/2337 2564/3898/2336
f 2560/3893/2333 2561/3900/2244 2565/3899/2337
f 2555/3885/2325 2567/3901/2338 2571/3902/2339
f 2567/3901/2338 2563/3897/2335 2568/3903/2340
f 2568/3903/2340 2564/3898/2336 2569/3904/2341
f 2569/3904/2341 2565/3899/2337 2570/3905/2342
f 2570/3905/2342 2561/3900/2244 2566/3906/2243
f 2571/3902/2339 2567/3901/2338 2573/3907/2343
f 2573/3907/2343 2568/3903/2340 2574/3908/2344
f 2574/3908/2344 2569/3904/2341 2575/3909/2345
f 2575/3909/2345 2570/3905/2342 2576/3910/2346
f 2576/3910/2346 2566/3906/2243 2572/3911/2144
f 2571/3902/2339 2551/3912/2347 2549/3913/2348
f 2573/3907/2343 2552/3914/2349 2551/3912/2347
f 2574/3908/2344 2553/3915/2350 2552/3914/2349
f 2575/3909/2345 2554/3916/2351 2553/3915/2350
f 2576/3910/2346 2550/3917/2143 2554/3916/2351
f 2605/3918/2352 2585/3919/2353 2583/3920/2354
f 2607/3921/2355 2586/3922/2356 2585/3919/2353
f 2608/3923/2357 2587/3924/2358 2586/3922/2356
f 2609/3925/2359 2588/3926/2360 2587/3924/2358
f 2610/3927/2361 2584/3928/2240 2588/3926/2360
f 2605/3918/2352 2601/3929/2362 2607/3921/2355
f 2607/3921/2355 2602/3930/2363 2608/3923/2357
f 2608/3923/2357 2603/3931/2364 2609/3925/2359
f 2609/3925/2359 2604/3932/2365 2610/3927/2361
f 2610/3927/2361 2600/3933/2253 2606/3934/2250
f 2605/3918/2352 2596/3935/2366 2601/3929/2362
f 2596/3935/2366 2602/3930/2363 2601/3929/2362
f 2597/3936/2367 2603/3931/2364 2602/3930/2363
f 2598/3937/2368 2604/3932/2365 2603/3931/2364
f 2604/3932/2365 2595/3938/2369 2600/3933/2253
f 2589/3939/2370 2591/3940/2371 2596/3935/2366
f 2591/3940/2371 2597/3936/2367 2596/3935/2366
f 2592/3941/2372 2598/3937/2368 2597/3936/2367
f 2593/3942/2373 2599/3943/2374 2598/3937/2368
f 2594/3944/2375 2595/3938/2369 2599/3943/2374
f 2589/3939/2370 2579/3945/2376 2591/3940/2371
f 2591/3940/2371 2580/3946/2377 2592/3941/2372
f 2592/3941/2372 2581/3947/2378 2593/3942/2373
f 2593/3942/2373 2582/3948/2379 2594/3944/2375
f 2594/3944/2375 2578/3949/2233 2590/3950/2249
f 2515/3849/2294 2477/3879/2320 2475/3461/2137
f 2517/3848/2293 2478/3880/2321 2477/3879/2320
f 2518/3850/2295 2479/3881/2322 2478/3880/2321
f 2519/3851/2296 2480/3882/2323 2479/3881/2322
f 2520/3852/2297 2476/3883/2324 2480/3882/2323
f 2510/3830/2222 2554/3916/2351 2550/3917/2143
f 2514/3828/2278 2553/3915/2350 2554/3916/2351
f 2513/3826/2276 2552/3914/2349 2553/3915/2350
f 2512/3824/2274 2551/3912/2347 2552/3914/2349
f 2511/3822/2272 2549/3913/2348 2551/3912/2347
f 2578/3949/2233 2486/3861/2305 2482/3863/2148
f 2582/3948/2379 2485/3859/2303 2486/3861/2305
f 2581/3947/2378 2484/3857/2301 2485/3859/2303
f 2580/3946/2377 2483/3855/2299 2484/3857/2301
f 2579/3945/2376 2481/3460/2136 2483/3855/2299
f 2544/3894/2229 2588/3926/2360 2584/3928/2240
f 2548/3892/2332 2587/3924/2358 2588/3926/2360
f 2547/3890/2330 2586/3922/2356 2587/3924/2358
f 2546/3888/2328 2585/3919/2353 2586/3922/2356
f 2545/3886/2326 2583/3920/2354 2585/3919/2353
f 2435/3417/2114 2476/3951/2324 2433/3760/2238
f 2515/3849/2294 2481/3460/2136 2509/3952/2380
f 2543/3953/2381 2555/3885/2325 2571/3902/2339
f 2549/3913/2348 2583/3920/2354 2543/3953/2381
f 2577/3954/2382 2589/3939/2370 2605/3918/2352
f 2521/3821/2271 2537/3837/2284 2515/3849/2294
f 2549/3913/2348 2481/3460/2136 2577/3954/2382
f 2503/3854/2298 2481/3460/2136 2487/3462/2138
f 2583/3920/2354 2577/3954/2382 2605/3918/2352
f 2549/3913/2348 2543/3953/2381 2571/3902/2339
f 2509/3952/2380 2521/3821/2271 2515/3849/2294
f 2713/3955/299 2659/3956/299 2678/3957/299
f 2636/3958/299 2762/3959/299 2755/3960/299
f 2764/3961/2383 2816/3962/2384 2821/3963/2385
f 2695/3964/2116 2612/3965/2115 2629/3966/2116
f 2653/3967/2386 2623/3968/2213 2636/3969/2131
f 2648/3970/2110 2678/3971/2111 2659/3972/2110
f 2797/3973/10 2611/3974/10 2642/3975/10
f 2779/3976/10 2629/3977/10 2612/3978/10
f 2798/3979/2387 2635/3980/2204 2791/3981/2140
f 2707/3982/10 2689/3983/10 2672/3984/10
f 2714/3985/2388 2750/3986/2153 2707/3987/2151
f 2744/3988/299 2677/3989/299 2683/3990/299
f 2719/3991/299 2696/3992/299 2660/3993/299
f 2683/3994/2129 2642/3995/2128 2611/3996/2129
f 2725/3997/2119 2731/3998/2389 2719/3999/2390
f 2743/4000/2391 2737/4001/2156 2749/4002/2154
f 2809/4003/2392 2815/4004/2393 2803/4005/2394
f 2708/4006/2124 2720/4007/2395 2713/4008/2396
f 2726/4009/10 2671/4010/10 2665/4011/10
f 2732/4012/299 2684/4013/299 2695/4014/299
f 2749/4015/10 2702/4016/10 2690/4017/10
f 2738/4018/10 2666/4019/10 2701/4020/10
f 2878/4021/2397 2775/4022/2398 2900/4023/2399
f 2844/4024/2400 2772/4025/2401 2866/4026/2402
f 2766/4027/2403 2810/4028/2404 2762/4029/2405
f 2786/4030/299 2773/4031/299 2767/4032/299
f 2780/4033/2406 2792/4034/2127 2786/4035/2125
f 2617/4036/2407 2785/4037/2135 2624/4038/2133
f 2791/4039/299 2756/4040/299 2774/4041/299
f 2618/4042/10 2647/4043/10 2630/4044/10
f 2624/4045/299 2768/4046/299 2761/4047/299
f 2630/4048/2120 2660/4049/2121 2696/4050/2120
f 2654/4051/10 2641/4052/10 2648/4053/10
f 2624/4038/2133 2619/4054/2205 2617/4036/2407
f 2628/4055/2207 2620/4056/2408 2619/4054/2205
f 2627/4057/2409 2621/4058/2410 2620/4056/2408
f 2625/4059/2211 2621/4058/2410 2626/4060/2411
f 2623/3968/2213 2622/4061/2212 2625/4059/2211
f 2658/4062/2203 2635/3980/2204 2654/4063/2412
f 2657/4064/2413 2637/4065/2202 2658/4062/2203
f 2656/4066/2414 2638/4067/2415 2657/4064/2413
f 2656/4066/2414 2640/4068/2198 2639/4069/2416
f 2655/4070/2197 2636/3969/2131 2640/4068/2198
f 2634/4071/10 2618/4042/10 2630/4044/10
f 2633/4072/10 2622/4073/10 2634/4071/10
f 2633/4072/10 2620/4074/10 2621/4075/10
f 2632/4076/10 2619/4077/10 2620/4074/10
f 2631/4078/10 2617/4079/10 2619/4077/10
f 2780/4080/10 2613/4081/10 2611/3974/10
f 2784/4082/10 2614/4083/10 2613/4081/10
f 2782/4084/10 2614/4083/10 2783/4085/10
f 2781/4086/10 2615/4087/10 2782/4084/10
f 2779/3976/10 2616/4088/10 2781/4086/10
f 2646/4089/10 2797/3973/10 2642/3975/10
f 2645/4090/10 2799/4091/10 2646/4089/10
f 2645/4090/10 2801/4092/10 2800/4093/10
f 2644/4094/10 2802/4095/10 2801/4092/10
f 2643/4096/10 2798/4097/10 2802/4095/10
f 2653/4098/10 2649/4099/10 2647/4043/10
f 2655/4100/10 2650/4101/10 2649/4099/10
f 2657/4102/10 2650/4101/10 2656/4103/10
f 2658/4104/10 2651/4105/10 2657/4102/10
f 2654/4051/10 2652/4106/10 2658/4104/10
f 2708/4107/10 2673/4108/10 2671/4010/10
f 2712/4109/10 2674/4110/10 2673/4108/10
f 2710/4111/10 2674/4110/10 2711/4112/10
f 2709/4113/10 2675/4114/10 2710/4111/10
f 2707/3982/10 2676/4115/10 2709/4113/10
f 2694/4116/10 2749/4015/10 2690/4017/10
f 2693/4117/10 2751/4118/10 2694/4116/10
f 2692/4119/10 2752/4120/10 2693/4117/10
f 2692/4119/10 2754/4121/10 2753/4122/10
f 2691/4123/10 2750/4124/10 2754/4121/10
f 2714/4125/299 2679/4126/299 2677/3989/299
f 2718/4127/299 2680/4128/299 2679/4126/299
f 2717/4129/299 2681/4130/299 2680/4128/299
f 2715/4131/299 2681/4130/299 2716/4132/299
f 2713/3955/299 2682/4133/299 2715/4131/299
f 2664/4134/299 2719/3991/299 2660/3993/299
f 2663/4135/299 2721/4136/299 2664/4134/299
f 2662/4137/299 2722/4138/299 2663/4135/299
f 2662/4137/299 2724/4139/299 2723/4140/299
f 2661/4141/299 2720/4142/299 2724/4139/299
f 2631/4143/2181 2695/3964/2116 2629/3966/2116
f 2632/4144/2182 2697/4145/2181 2631/4143/2181
f 2633/4146/2183 2698/4147/2182 2632/4144/2182
f 2634/4148/2184 2699/4149/2183 2633/4146/2183
f 2630/4048/2120 2700/4150/2184 2634/4148/2184
f 2661/4151/2176 2648/3970/2110 2659/3972/2110
f 2662/4152/2175 2652/4153/2176 2661/4151/2176
f 2663/4154/2173 2651/4155/2175 2662/4152/2175
f 2664/4156/2174 2650/4157/2173 2663/4154/2173
f 2660/4049/2121 2649/4158/2174 2664/4156/2174
f 2679/4159/2177 2642/4160/2128 2677/4161/2128
f 2680/4162/2178 2646/4163/2177 2679/4159/2177
f 2681/4164/2179 2645/4165/2178 2680/4162/2178
f 2682/4166/2180 2644/4167/2179 2681/4164/2179
f 2678/3971/2111 2643/4168/2180 2682/4166/2180
f 2688/4169/2185 2612/3965/2115 2684/4170/2115
f 2687/4171/2186 2616/4172/2185 2688/4169/2185
f 2686/4173/2187 2615/4174/2186 2687/4171/2186
f 2685/4175/2188 2614/4176/2187 2686/4173/2187
f 2683/3994/2129 2613/4177/2188 2685/4175/2188
f 2707/3987/2151 2718/4178/2270 2714/3985/2388
f 2709/4179/2269 2717/4180/2417 2718/4178/2270
f 2711/4181/2418 2717/4180/2417 2710/4182/2419
f 2712/4183/2264 2716/4184/2420 2711/4181/2418
f 2708/4006/2124 2715/4185/2263 2712/4183/2264
f 2721/4186/2172 2725/3997/2119 2719/3999/2390
f 2722/4187/2421 2727/4188/2171 2721/4186/2172
f 2722/4187/2421 2729/4189/2422 2728/4190/2423
f 2723/4191/2424 2730/4192/2167 2729/4189/2422
f 2724/4193/2165 2726/4194/2122 2730/4192/2167
f 2736/4195/2157 2737/4001/2156 2732/4196/2425
f 2735/4197/2426 2739/4198/2158 2736/4195/2157
f 2734/4199/2427 2740/4200/2428 2735/4197/2426
f 2734/4199/2427 2742/4201/2163 2741/4202/2429
f 2733/4203/2164 2738/4204/2117 2742/4201/2163
f 2748/4205/2262 2750/3986/2153 2744/4206/2430
f 2747/4207/2431 2754/4208/2261 2748/4205/2262
f 2747/4207/2431 2752/4209/2432 2753/4210/2433
f 2746/4211/2434 2751/4212/2257 2752/4209/2432
f 2745/4213/2255 2749/4002/2154 2751/4212/2257
f 2703/4214/10 2738/4018/10 2701/4020/10
f 2704/4215/10 2742/4216/10 2703/4214/10
f 2705/4217/10 2741/4218/10 2704/4215/10
f 2705/4217/10 2739/4219/10 2740/4220/10
f 2706/4221/10 2737/4222/10 2739/4219/10
f 2667/4223/10 2726/4009/10 2665/4011/10
f 2668/4224/10 2730/4225/10 2667/4223/10
f 2669/4226/10 2729/4227/10 2668/4224/10
f 2669/4226/10 2727/4228/10 2728/4229/10
f 2670/4230/10 2725/4231/10 2727/4228/10
f 2697/4232/299 2732/4012/299 2695/4014/299
f 2698/4233/299 2736/4234/299 2697/4232/299
f 2698/4233/299 2734/4235/299 2735/4236/299
f 2699/4237/299 2733/4238/299 2734/4235/299
f 2700/4239/299 2731/4240/299 2733/4238/299
f 2743/4241/299 2688/4242/299 2684/4013/299
f 2745/4243/299 2687/4244/299 2688/4242/299
f 2747/4245/299 2687/4244/299 2746/4246/299
f 2748/4247/299 2686/4248/299 2747/4245/299
f 2744/3988/299 2685/4249/299 2748/4247/299
f 2778/4250/299 2791/4039/299 2774/4041/299
f 2777/4251/299 2793/4252/299 2778/4250/299
f 2776/4253/299 2794/4254/299 2777/4251/299
f 2776/4253/299 2796/4255/299 2795/4256/299
f 2775/4257/299 2792/4258/299 2796/4255/299
f 2773/4259/2435 2838/4260/2436 2767/4261/2437
f 2860/4262/2438 2770/4263/2439 2855/4264/2440
f 2866/4026/2402 2771/4265/2441 2860/4262/2438
f 2872/4266/2442 2778/4267/2443 2774/4268/2444
f 2850/4269/2445 2770/4263/2439 2769/4270/2446
f 2906/4271/2447 2762/4029/2405 2810/4028/2404
f 2838/4260/2436 2769/4270/2446 2767/4261/2437
f 2765/4272/2448 2832/4273/2449 2766/4027/2403
f 2764/3961/2383 2826/4274/2450 2765/4272/2448
f 2844/4024/2400 2761/4275/2451 2768/4276/2452
f 2774/4268/2444 2912/4277/2453 2872/4266/2442
f 2894/4278/2454 2777/4279/2455 2889/4280/2456
f 2900/4023/2399 2776/4281/2457 2894/4278/2454
f 2757/4282/2458 2906/4271/2447 2918/4283/2459
f 2884/4284/2460 2777/4279/2455 2778/4267/2443
f 2758/4285/2461 2918/4283/2459 2923/4286/2462
f 2759/4287/2463 2934/4288/2464 2760/4289/2465
f 2758/4285/2461 2928/4290/2466 2759/4287/2463
f 2760/4289/2465 2912/4277/2453 2756/4291/2467
f 2781/4292/2221 2785/4037/2135 2779/4293/2468
f 2782/4294/2469 2787/4295/2220 2781/4292/2221
f 2783/4296/2470 2788/4297/2471 2782/4294/2469
f 2783/4296/2470 2790/4298/2216 2789/4299/2472
f 2784/4300/2214 2786/4035/2125 2790/4298/2216
f 2791/3981/2140 2802/4301/2196 2798/3979/2387
f 2793/4302/2195 2801/4303/2473 2802/4301/2196
f 2794/4304/2474 2800/4305/2475 2801/4303/2473
f 2796/4306/2190 2800/4305/2475 2795/4307/2476
f 2792/4308/2127 2799/4309/2189 2796/4306/2190
f 2785/4310/299 2772/4311/299 2768/4046/299
f 2787/4312/299 2771/4313/299 2772/4311/299
f 2788/4314/299 2770/4315/299 2771/4313/299
f 2790/4316/299 2770/4315/299 2789/4317/299
f 2786/4030/299 2769/4318/299 2790/4316/299
f 2763/4319/299 2624/4045/299 2761/4047/299
f 2764/4320/299 2628/4321/299 2763/4319/299
f 2765/4322/299 2627/4323/299 2764/4320/299
f 2765/4322/299 2625/4324/299 2626/4325/299
f 2766/4326/299 2623/4327/299 2625/4324/299
f 2635/4328/299 2760/4329/299 2756/4040/299
f 2637/4330/299 2759/4331/299 2760/4329/299
f 2638/4332/299 2758/4333/299 2759/4331/299
f 2640/4334/299 2758/4333/299 2639/4335/299
f 2636/3958/299 2757/4336/299 2640/4334/299
f 2849/4337/2477 2839/4338/2478 2837/4339/2479
f 2851/4340/2480 2840/4341/2481 2839/4338/2478
f 2852/4342/2482 2841/4343/2483 2840/4341/2481
f 2853/4344/2484 2842/4345/2485 2841/4343/2483
f 2854/4346/2486 2838/4347/2436 2842/4345/2485
f 2849/4337/2477 2856/4348/2487 2851/4340/2480
f 2857/4349/2488 2851/4340/2480 2856/4348/2487
f 2858/4350/2489 2852/4342/2482 2857/4349/2488
f 2859/4351/2490 2853/4344/2484 2858/4350/2489
f 2855/4352/2440 2854/4346/2486 2859/4351/2490
f 2865/4353/2491 2856/4348/2487 2849/4337/2477
f 2862/4354/2492 2856/4348/2487 2861/4355/2493
f 2863/4356/2494 2857/4349/2488 2862/4354/2492
f 2864/4357/2495 2858/4350/2489 2863/4356/2494
f 2864/4357/2495 2855/4352/2440 2859/4351/2490
f 2865/4353/2491 2867/4358/2496 2861/4355/2493
f 2867/4358/2496 2862/4354/2492 2861/4355/2493
f 2868/4359/2497 2863/4356/2494 2862/4354/2492
f 2869/4360/2498 2864/4357/2495 2863/4356/2494
f 2870/4361/2499 2860/4362/2438 2864/4357/2495
f 2845/4363/2500 2865/4353/2491 2843/4364/2501
f 2846/4365/2502 2867/4358/2496 2845/4363/2500
f 2847/4366/2503 2868/4359/2497 2846/4365/2502
f 2848/4367/2504 2869/4360/2498 2847/4366/2503
f 2844/4368/2400 2870/4361/2499 2848/4367/2504
f 2811/4369/2505 2831/4370/2506 2809/4003/2392
f 2812/4371/2507 2833/4372/2508 2811/4369/2505
f 2813/4373/2509 2834/4374/2510 2812/4371/2507
f 2814/4375/2511 2835/4376/2512 2813/4373/2509
f 2810/4377/2404 2836/4378/2513 2814/4375/2511
f 2831/4370/2506 2833/4372/2508 2827/4379/2514
f 2833/4372/2508 2828/4380/2515 2827/4379/2514
f 2834/4374/2510 2829/4381/2516 2828/4380/2515
f 2835/4376/2512 2830/4382/2517 2829/4381/2516
f 2836/4378/2513 2826/4383/2450 2830/4382/2517
f 2827/4379/2514 2815/4004/2393 2831/4370/2506
f 2827/4379/2514 2823/4384/2518 2822/4385/2519
f 2828/4380/2515 2824/4386/2520 2823/4384/2518
f 2829/4381/2516 2825/4387/2521 2824/4386/2520
f 2830/4382/2517 2821/4388/2385 2825/4387/2521
f 2815/4004/2393 2822/4385/2519 2817/4389/2522
f 2823/4384/2518 2817/4389/2522 2822/4385/2519
f 2824/4386/2520 2818/4390/2523 2823/4384/2518
f 2825/4387/2521 2819/4391/2524 2824/4386/2520
f 2821/4388/2385 2820/4392/2525 2825/4387/2521
f 2815/4004/2393 2805/4393/2526 2803/4005/2394
f 2817/4389/2522 2806/4394/2527 2805/4393/2526
f 2818/4390/2523 2807/4395/2528 2806/4394/2527
f 2819/4391/2524 2808/4396/2529 2807/4395/2528
f 2820/4392/2525 2804/4397/2530 2808/4396/2529
f 2883/4398/2531 2873/4399/2532 2871/4400/2533
f 2885/4401/2534 2874/4402/2535 2873/4399/2532
f 2886/4403/2536 2875/4404/2537 2874/4402/2535
f 2887/4405/2538 2876/4406/2539 2875/4404/2537
f 2888/4407/2540 2872/4408/2442 2876/4406/2539
f 2883/4398/2531 2890/4409/2541 2885/4401/2534
f 2891/4410/2542 2885/4401/2534 2890/4409/2541
f 2892/4411/2543 2886/4403/2536 2891/4410/2542
f 2893/4412/2544 2887/4405/2538 2892/4411/2543
f 2889/4413/2456 2888/4407/2540 2893/4412/2544
f 2895/4414/2545 2883/4398/2531 2899/4415/2546
f 2895/4414/2545 2891/4410/2542 2890/4409/2541
f 2896/4416/2547 2892/4411/2543 2891/4410/2542
f 2897/4417/2548 2893/4412/2544 2892/4411/2543
f 2898/4418/2549 2889/4413/2456 2893/4412/2544
f 2899/4415/2546 2901/4419/2550 2895/4414/2545
f 2901/4419/2550 2896/4416/2547 2895/4414/2545
f 2902/4420/2551 2897/4417/2548 2896/4416/2547
f 2903/4421/2552 2898/4418/2549 2897/4417/2548
f 2904/4422/2553 2894/4423/2454 2898/4418/2549
f 2879/4424/2554 2899/4415/2546 2877/4425/2555
f 2880/4426/2556 2901/4419/2550 2879/4424/2554
f 2881/4427/2557 2902/4420/2551 2880/4426/2556
f 2882/4428/2558 2903/4421/2552 2881/4427/2557
f 2878/4429/2397 2904/4422/2553 2882/4428/2558
f 2913/4430/2559 2933/4431/2560 2911/4432/2561
f 2914/4433/2562 2935/4434/2563 2913/4430/2559
f 2915/4435/2564 2936/4436/2565 2914/4433/2562
f 2916/4437/2566 2937/4438/2567 2915/4435/2564
f 2912/4439/2453 2938/4440/2568 2916/4437/2566
f 2933/4431/2560 2935/4434/2563 2929/4441/2569
f 2935/4434/2563 2930/4442/2570 2929/4441/2569
f 2936/4436/2565 2931/4443/2571 2930/4442/2570
f 2937/4438/2567 2932/4444/2572 2931/4443/2571
f 2938/4440/2568 2928/4445/2466 2932/4444/2572
f 2933/4431/2560 2924/4446/2573 2917/4447/2574
f 2930/4442/2570 2924/4446/2573 2929/4441/2569
f 2931/4443/2571 2925/4448/2575 2930/4442/2570
f 2932/4444/2572 2926/4449/2576 2931/4443/2571
f 2932/4444/2572 2923/4450/2462 2927/4451/2577
f 2917/4447/2574 2924/4446/2573 2919/4452/2578
f 2925/4448/2575 2919/4452/2578 2924/4446/2573
f 2926/4449/2576 2920/4453/2579 2925/4448/2575
f 2927/4451/2577 2921/4454/2580 2926/4449/2576
f 2923/4450/2462 2922/4455/2581 2927/4451/2577
f 2917/4447/2574 2907/4456/2582 2905/4457/2583
f 2919/4452/2578 2908/4458/2584 2907/4456/2582
f 2920/4453/2579 2909/4459/2585 2908/4458/2584
f 2921/4454/2580 2910/4460/2586 2909/4459/2585
f 2922/4455/2581 2906/4461/2447 2910/4460/2586
f 2805/4393/2526 2843/4364/2501 2803/4005/2394
f 2806/4394/2527 2845/4363/2500 2805/4393/2526
f 2807/4395/2528 2846/4365/2502 2806/4394/2527
f 2808/4396/2529 2847/4366/2503 2807/4395/2528
f 2804/4397/2530 2848/4367/2504 2808/4396/2529
f 2882/4428/2558 2838/4347/2436 2878/4429/2397
f 2881/4427/2557 2842/4345/2485 2882/4428/2558
f 2880/4426/2556 2841/4343/2483 2881/4427/2557
f 2879/4424/2554 2840/4341/2481 2880/4426/2556
f 2877/4425/2555 2839/4338/2478 2879/4424/2554
f 2814/4375/2511 2906/4461/2447 2810/4377/2404
f 2813/4373/2509 2910/4460/2586 2814/4375/2511
f 2812/4371/2507 2909/4459/2585 2813/4373/2509
f 2811/4369/2505 2908/4458/2584 2812/4371/2507
f 2809/4003/2392 2907/4456/2582 2811/4369/2505
f 2916/4437/2566 2872/4408/2442 2912/4439/2453
f 2915/4435/2564 2876/4406/2539 2916/4437/2566
f 2914/4433/2562 2875/4404/2537 2915/4435/2564
f 2913/4430/2559 2874/4402/2535 2914/4433/2562
f 2911/4432/2561 2873/4399/2532 2913/4430/2559
f 2763/4462/2587 2804/4463/2530 2816/3962/2384
f 2809/4003/2392 2843/4364/2501 2837/4339/2479
f 2871/4400/2533 2899/4415/2546 2883/4398/2531
f 2911/4432/2561 2877/4425/2555 2871/4400/2533
f 2905/4457/2583 2933/4431/2560 2917/4447/2574
f 2849/4337/2477 2843/4364/2501 2865/4353/2491
f 2877/4425/2555 2809/4003/2392 2837/4339/2479
f 2831/4370/2506 2815/4004/2393 2809/4003/2392
f 2911/4432/2561 2933/4431/2560 2905/4457/2583
f 2877/4425/2555 2899/4415/2546 2871/4400/2533
f 2837/4339/2479 2843/4364/2501 2849/4337/2477
f 2670/3597/2174 2338/3431/2121 2666/4464/2121
f 2665/3406/2110 2671/3612/2111 2343/3407/2111
f 2331/3409/10 2392/3594/10 2385/3410/10
f 2434/3412/10 2295/3810/10 2308/3413/10
f 2436/3415/2112 2493/4465/2314 2488/3416/2113
f 2284/3418/2115 2356/3653/2115 2367/3419/2116
f 2295/3421/2117 2290/4466/2588 2325/3422/2118
f 2350/3424/2111 2313/4467/2111 2320/3425/2110
f 2283/3427/299 2452/3535/299 2469/3428/299
f 2701/3430/2120 2666/4464/2121 2338/3431/2121
f 2301/3433/299 2289/3534/299 2451/3434/299
f 2307/3436/2122 2326/3520/2166 2470/3437/2123
f 2361/3439/299 2422/3577/299 2379/3440/299
f 2422/3442/2125 2416/3696/2215 2386/3443/2126
f 2349/3445/10 2386/3578/10 2416/3446/10
f 2368/3448/10 2403/3726/10 2391/3449/10
f 2314/3451/2128 2349/4468/2128 2355/3452/2129
f 2403/3454/2130 2410/3694/2213 2397/3455/2131
f 2409/3457/2133 2404/3687/2206 2415/3458/2134
f 2392/3463/2139 2398/3685/2204 2380/3464/2140
f 2343/3466/299 2380/3561/299 2398/3467/299
f 2356/3469/10 2415/3727/10 2404/3470/10
f 2374/3472/299 2409/3710/299 2421/3473/299
f 2338/3475/299 2397/3718/299 2410/3476/299
f 2447/3478/2142 2445/4469/2223 2550/3479/2143
f 2444/3481/2145 2440/3761/2239 2516/3482/2146
f 2482/3484/2148 2504/3757/2235 2438/3485/2149
f 2445/3487/10 2464/3743/10 2458/3488/10
f 2464/3490/2151 2469/4470/2589 2452/3491/2152
f 2457/3493/2154 2451/3778/2256 2289/3494/2155
f 2428/3496/10 2307/3811/10 2463/3497/10
f 2319/3499/299 2325/3552/299 2290/3500/299
f 2440/3502/10 2457/3794/10 2296/3503/10
f 2332/3505/2121 2319/4471/2121 2302/3506/2120
f 2313/3508/299 2470/3551/299 2326/3509/299
f 2296/3495/2156 2289/3494/2155 2291/3511/2157
f 2300/3512/2158 2291/3511/2157 2292/3513/2159
f 2299/3514/2160 2292/3513/2159 2293/3515/2161
f 2293/3515/2161 2294/3518/2164 2297/3517/2163
f 2294/3518/2164 2290/4466/2588 2295/3421/2117
f 2307/3436/2122 2309/3521/2167 2330/3519/2165
f 2309/3521/2167 2310/3523/2169 2329/3522/2168
f 2310/3523/2169 2311/4472/2590 2328/3524/2170
f 2328/3524/2170 2311/4472/2590 2312/3525/2171
f 2327/3526/2172 2312/3525/2171 2308/3423/2119
f 2290/3500/299 2294/3528/299 2306/3527/299
f 2294/3528/299 2293/4473/299 2305/3529/299
f 2305/3529/299 2293/4473/299 2292/3530/299
f 2304/3531/299 2292/3530/299 2291/3532/299
f 2303/3533/299 2291/3532/299 2289/3534/299
f 2452/3535/299 2283/3427/299 2285/3536/299
f 2456/3537/299 2285/3536/299 2286/3538/299
f 2286/3538/299 2287/3541/299 2454/3540/299
f 2287/3541/299 2288/3543/299 2453/3542/299
f 2288/3543/299 2284/3435/299 2451/3434/299
f 2469/3428/299 2471/3545/299 2318/3544/299
f 2471/3545/299 2472/4474/299 2317/3546/299
f 2317/3546/299 2472/4474/299 2473/3547/299
f 2316/3548/299 2473/3547/299 2474/3549/299
f 2315/3550/299 2474/3549/299 2470/3551/299
f 2325/3552/299 2319/3499/299 2321/3553/299
f 2327/3554/299 2321/3553/299 2322/3555/299
f 2322/3555/299 2323/3558/299 2329/3557/299
f 2323/3558/299 2324/3560/299 2330/3559/299
f 2324/3560/299 2320/3510/299 2326/3509/299
f 2380/3561/299 2343/3466/299 2345/3562/299
f 2384/3563/299 2345/3562/299 2346/3564/299
f 2346/3564/299 2347/3567/299 2382/3566/299
f 2347/3567/299 2348/3569/299 2381/3568/299
f 2348/3569/299 2344/3441/299 2379/3440/299
f 2421/3473/299 2423/3571/299 2366/3570/299
f 2423/3571/299 2424/3573/299 2365/3572/299
f 2424/3573/299 2425/4475/299 2364/3574/299
f 2364/3574/299 2425/4475/299 2426/3575/299
f 2363/3576/299 2426/3575/299 2422/3577/299
f 2386/3578/10 2349/3445/10 2351/3579/10
f 2390/3580/10 2351/3579/10 2352/3581/10
f 2389/3582/10 2352/3581/10 2353/3583/10
f 2353/3583/10 2354/3586/10 2387/3585/10
f 2354/3586/10 2350/3411/10 2385/3410/10
f 2391/3449/10 2393/3588/10 2336/3587/10
f 2393/3588/10 2394/3590/10 2335/3589/10
f 2394/3590/10 2395/4476/10 2334/3591/10
f 2334/3591/10 2395/4476/10 2396/3592/10
f 2333/3593/10 2396/3592/10 2392/3594/10
f 2669/3595/2173 2341/3599/2173 2342/3596/2174
f 2668/3598/2175 2340/3601/2175 2341/3599/2173
f 2667/3600/2176 2339/3602/2176 2340/3601/2175
f 2665/3406/2110 2337/3408/2110 2339/3602/2176
f 2676/3603/2177 2672/4477/2128 2344/3604/2128
f 2675/3606/2178 2676/3603/2177 2348/3605/2177
f 2674/3608/2179 2675/3606/2178 2347/3607/2178
f 2673/3610/2180 2674/3608/2179 2346/3609/2179
f 2671/3612/2111 2673/3610/2180 2345/3611/2180
f 2706/3613/2181 2378/3643/2181 2374/3614/2116
f 2367/3419/2116 2369/3617/2181 2303/3616/2181
f 2369/3617/2181 2370/3619/2182 2304/3618/2182
f 2370/3619/2182 2371/3621/2183 2305/3620/2183
f 2371/3621/2183 2372/3623/2184 2306/3622/2184
f 2372/3623/2184 2368/3507/2120 2302/3506/2120
f 2320/3425/2110 2324/3625/2176 2333/3624/2176
f 2324/3625/2176 2323/3627/2175 2334/3626/2175
f 2323/3627/2175 2322/3629/2173 2335/3628/2173
f 2322/3629/2173 2321/3631/2174 2336/3630/2174
f 2321/3631/2174 2319/4471/2121 2332/3505/2121
f 2314/3632/2128 2318/3635/2177 2351/3633/2177
f 2318/3635/2177 2317/3637/2178 2352/3636/2178
f 2317/3637/2178 2316/3639/2179 2353/3638/2179
f 2316/3639/2179 2315/3641/2180 2354/3640/2180
f 2315/3641/2180 2313/4467/2111 2350/3424/2111
f 2705/3642/2182 2377/3645/2182 2378/3643/2181
f 2704/3644/2183 2376/3647/2183 2377/3645/2182
f 2703/3646/2184 2375/3648/2184 2376/3647/2183
f 2701/3430/2120 2373/3432/2120 2375/3648/2184
f 2694/3649/2185 2690/3820/2115 2362/3650/2115
f 2284/3418/2115 2288/3654/2185 2360/3652/2185
f 2288/3654/2185 2287/3656/2186 2359/3655/2186
f 2287/3656/2186 2286/3658/2187 2358/3657/2187
f 2286/3658/2187 2285/3660/2188 2357/3659/2188
f 2285/3660/2188 2283/3453/2129 2355/3452/2129
f 2693/3661/2186 2694/3649/2185 2366/3651/2185
f 2692/3663/2187 2693/3661/2186 2365/3662/2186
f 2691/3665/2188 2692/3663/2187 2364/3664/2187
f 2689/3667/2129 2691/3665/2188 2363/3666/2188
f 2361/3668/2129 2344/4478/2128 2672/3669/2128
f 2379/3444/2127 2386/3443/2126 2390/3670/2189
f 2381/3671/2190 2390/3670/2189 2389/3672/2191
f 2389/3672/2191 2388/3675/2194 2383/3674/2193
f 2388/3675/2194 2387/3677/2196 2384/3676/2195
f 2387/3677/2196 2385/3465/2141 2380/3464/2140
f 2397/3455/2131 2399/3679/2198 2393/3678/2197
f 2399/3679/2198 2400/4479/2591 2394/3680/2199
f 2394/3680/2199 2400/4479/2591 2401/3681/2200
f 2395/3682/2201 2401/3681/2200 2402/3683/2202
f 2396/3684/2203 2402/3683/2202 2398/3685/2204
f 2409/3457/2133 2411/3688/2207 2408/3686/2205
f 2411/3688/2207 2412/3690/2209 2407/3689/2208
f 2412/3690/2209 2413/4480/2592 2406/3691/2210
f 2406/3691/2210 2413/4480/2592 2414/3692/2211
f 2405/3693/2212 2414/3692/2211 2410/3694/2213
f 2422/3442/2125 2426/3697/2216 2420/3695/2214
f 2426/3697/2216 2425/4481/2593 2419/3698/2217
f 2419/3698/2217 2425/4481/2593 2424/3699/2218
f 2418/3700/2219 2424/3699/2218 2423/3701/2220
f 2417/3702/2221 2423/3701/2220 2421/3459/2135
f 2410/3476/299 2414/3704/299 2375/3703/299
f 2414/3704/299 2413/3706/299 2376/3705/299
f 2413/3706/299 2412/4482/299 2377/3707/299
f 2377/3707/299 2412/4482/299 2411/3708/299
f 2378/3709/299 2411/3708/299 2409/3710/299
f 2398/3467/299 2402/3712/299 2339/3711/299
f 2402/3712/299 2401/3714/299 2340/3713/299
f 2401/3714/299 2400/4483/299 2341/3715/299
f 2341/3715/299 2400/4483/299 2399/3716/299
f 2342/3717/299 2399/3716/299 2397/3718/299
f 2404/3470/10 2408/3720/10 2369/3719/10
f 2408/3720/10 2407/4484/10 2370/3721/10
f 2370/3721/10 2407/4484/10 2406/3722/10
f 2371/3723/10 2406/3722/10 2405/3724/10
f 2372/3725/10 2405/3724/10 2403/3726/10
f 2415/3727/10 2356/3469/10 2360/3728/10
f 2417/3729/10 2360/3728/10 2359/3730/10
f 2359/3730/10 2358/3733/10 2419/3732/10
f 2358/3733/10 2357/3735/10 2420/3734/10
f 2357/3735/10 2355/3447/10 2416/3446/10
f 2463/3497/10 2465/3737/10 2450/3736/10
f 2465/3737/10 2466/3739/10 2449/3738/10
f 2466/3739/10 2467/4485/10 2448/3740/10
f 2448/3740/10 2467/4485/10 2468/3741/10
f 2447/3742/10 2468/3741/10 2464/3743/10
f 2510/3744/2222 2550/4486/2143 2445/3745/2223
f 2442/3747/2225 2443/3750/2228 2532/3748/2226
f 2443/3750/2228 2444/3481/2145 2538/3483/2147
f 2544/3751/2229 2446/3763/2241 2450/3752/2230
f 2522/3754/2232 2441/3756/2234 2442/3747/2225
f 2434/3486/2150 2427/3769/2247 2578/3755/2233
f 2510/3744/2222 2439/3746/2224 2441/3756/2234
f 2504/3757/2235 2498/3759/2237 2437/3758/2236
f 2498/3759/2237 2493/4465/2314 2436/3415/2112
f 2433/3760/2238 2476/3951/2324 2516/3482/2146
f 2584/3762/2240 2428/3776/2254 2446/3763/2241
f 2449/3764/2242 2448/3767/2245 2566/3765/2243
f 2448/3767/2245 2447/3478/2142 2572/3480/2144
f 2429/3768/2246 2590/3771/2249 2578/3755/2233
f 2556/3753/2231 2450/3752/2230 2449/3764/2242
f 2430/3770/2248 2595/4487/2369 2590/3771/2249
f 2606/3772/2250 2600/3775/2253 2431/3773/2251
f 2600/3775/2253 2595/4487/2369 2430/3770/2248
f 2584/3762/2240 2606/3772/2250 2432/3774/2252
f 2457/3493/2154 2459/3779/2257 2453/3777/2255
f 2459/3779/2257 2460/3781/2259 2454/3780/2258
f 2460/3781/2259 2461/4488/2594 2455/3782/2260
f 2455/3782/2260 2461/4488/2594 2462/3783/2261
f 2456/3784/2262 2462/3783/2261 2458/3492/2153
f 2463/3438/2124 2470/3437/2123 2474/3785/2263
f 2465/3786/2264 2474/3785/2263 2473/3787/2265
f 2466/3788/2266 2473/3787/2265 2472/3789/2267
f 2472/3789/2267 2471/3792/2270 2468/3791/2269
f 2471/3792/2270 2469/4489/2589 2464/3793/2151
f 2457/3794/10 2440/3502/10 2444/3795/10
f 2459/3796/10 2444/3795/10 2443/3797/10
f 2460/3798/10 2443/3797/10 2442/3799/10
f 2442/3799/10 2441/3802/10 2462/3801/10
f 2441/3802/10 2439/3489/10 2458/3488/10
f 2296/3503/10 2300/3804/10 2435/3803/10
f 2300/3804/10 2299/3806/10 2436/3805/10
f 2299/3806/10 2298/4490/10 2437/3807/10
f 2437/3807/10 2298/4490/10 2297/3808/10
f 2438/3809/10 2297/3808/10 2295/3810/10
f 2307/3811/10 2428/3496/10 2432/3812/10
f 2309/3813/10 2432/3812/10 2431/3814/10
f 2310/3815/10 2431/3814/10 2430/3816/10
f 2430/3816/10 2429/3819/10 2312/3818/10
f 2429/3819/10 2427/3414/10 2308/3413/10
f 2374/3614/2116 2362/3650/2115 2690/3820/2115
f 2521/3821/2271 2509/3952/2380 2511/3822/2272
f 2523/3823/2273 2511/3822/2272 2512/3824/2274
f 2524/3825/2275 2512/3824/2274 2513/3826/2276
f 2525/3827/2277 2513/3826/2276 2514/3828/2278
f 2526/3829/2279 2514/3828/2278 2510/3830/2222
f 2523/3823/2273 2524/3825/2275 2529/3833/2281
f 2524/3825/2275 2525/3827/2277 2530/3834/2282
f 2525/3827/2277 2526/3829/2279 2531/3835/2283
f 2526/3829/2279 2522/3831/2232 2527/3836/2227
f 2537/3837/2284 2521/3821/2271 2528/3832/2280
f 2528/3832/2280 2529/3833/2281 2534/3839/2286
f 2529/3833/2281 2530/3834/2282 2535/3840/2287
f 2530/3834/2282 2531/3835/2283 2536/3841/2288
f 2536/3841/2288 2531/3835/2283 2527/3836/2227
f 2539/3843/2289 2533/3838/2285 2534/3839/2286
f 2540/3844/2290 2534/3839/2286 2535/3840/2287
f 2541/3845/2291 2535/3840/2287 2536/3841/2288
f 2542/3846/2292 2536/3841/2288 2532/3842/2226
f 2537/3837/2284 2539/3843/2289 2517/3848/2293
f 2539/3843/2289 2540/3844/2290 2518/3850/2295
f 2540/3844/2290 2541/3845/2291 2519/3851/2296
f 2541/3845/2291 2542/3846/2292 2520/3852/2297
f 2542/3846/2292 2538/3847/2147 2516/3853/2146
f 2503/3854/2298 2505/3856/2300 2483/3855/2299
f 2505/3856/2300 2506/3858/2302 2484/3857/2301
f 2506/3858/2302 2507/3860/2304 2485/3859/2303
f 2507/3860/2304 2508/3862/2306 2486/3861/2305
f 2508/3862/2306 2504/3869/2235 2482/3863/2148
f 2505/3856/2300 2499/3864/2307 2500/3865/2308
f 2506/3858/2302 2500/3865/2308 2501/3866/2309
f 2507/3860/2304 2501/3866/2309 2502/3867/2310
f 2508/3862/2306 2502/3867/2310 2498/3868/2237
f 2487/3462/2138 2494/3875/2316 2499/3864/2307
f 2499/3864/2307 2494/3875/2316 2495/3870/2311
f 2500/3865/2308 2495/3870/2311 2496/3871/2312
f 2501/3866/2309 2496/3871/2312 2497/3872/2313
f 2502/3867/2310 2497/3872/2313 2493/3873/2314
f 2489/3874/2315 2490/3876/2317 2495/3870/2311
f 2490/3876/2317 2491/3877/2318 2496/3871/2312
f 2491/3877/2318 2492/3878/2319 2497/3872/2313
f 2492/3878/2319 2488/3884/2113 2493/3873/2314
f 2487/3462/2138 2475/3461/2137 2477/3879/2320
f 2489/3874/2315 2477/3879/2320 2478/3880/2321
f 2490/3876/2317 2478/3880/2321 2479/3881/2322
f 2491/3877/2318 2479/3881/2322 2480/3882/2323
f 2492/3878/2319 2480/3882/2323 2476/3883/2324
f 2555/3885/2325 2543/3953/2381 2545/3886/2326
f 2557/3887/2327 2545/3886/2326 2546/3888/2328
f 2558/3889/2329 2546/3888/2328 2547/3890/2330
f 2559/3891/2331 2547/3890/2330 2548/3892/2332
f 2560/3893/2333 2548/3892/2332 2544/3894/2229
f 2557/3887/2327 2558/3889/2329 2563/3897/2335
f 2558/3889/2329 2559/3891/2331 2564/3898/2336
f 2559/3891/2331 2560/3893/2333 2565/3899/2337
f 2560/3893/2333 2556/3895/2231 2561/3900/2244
f 2555/3885/2325 2562/3896/2334 2567/3901/2338
f 2567/3901/2338 2562/3896/2334 2563/3897/2335
f 2568/3903/2340 2563/3897/2335 2564/3898/2336
f 2569/3904/2341 2564/3898/2336 2565/3899/2337
f 2570/3905/2342 2565/3899/2337 2561/3900/2244
f 2573/3907/2343 2567/3901/2338 2568/3903/2340
f 2574/3908/2344 2568/3903/2340 2569/3904/2341
f 2575/3909/2345 2569/3904/2341 2570/3905/2342
f 2576/3910/2346 2570/3905/2342 2566/3906/2243
f 2571/3902/2339 2573/3907/2343 2551/3912/2347
f 2573/3907/2343 2574/3908/2344 2552/3914/2349
f 2574/3908/2344 2575/3909/2345 2553/3915/2350
f 2575/3909/2345 2576/3910/2346 2554/3916/2351
f 2576/3910/2346 2572/3911/2144 2550/3917/2143
f 2605/3918/2352 2607/3921/2355 2585/3919/2353
f 2607/3921/2355 2608/3923/2357 2586/3922/2356
f 2608/3923/2357 2609/3925/2359 2587/3924/2358
f 2609/3925/2359 2610/3927/2361 2588/3926/2360
f 2610/3927/2361 2606/3934/2250 2584/3928/2240
f 2607/3921/2355 2601/3929/2362 2602/3930/2363
f 2608/3923/2357 2602/3930/2363 2603/3931/2364
f 2609/3925/2359 2603/3931/2364 2604/3932/2365
f 2610/3927/2361 2604/3932/2365 2600/3933/2253
f 2605/3918/2352 2589/3939/2370 2596/3935/2366
f 2596/3935/2366 2597/3936/2367 2602/3930/2363
f 2597/3936/2367 2598/3937/2368 2603/3931/2364
f 2598/3937/2368 2599/3943/2374 2604/3932/2365
f 2604/3932/2365 2599/3943/2374 2595/3938/2369
f 2591/3940/2371 2592/3941/2372 2597/3936/2367
f 2592/3941/2372 2593/3942/2373 2598/3937/2368
f 2593/3942/2373 2594/3944/2375 2599/3943/2374
f 2594/3944/2375 2590/3950/2249 2595/3938/2369
f 2589/3939/2370 2577/3954/2382 2579/3945/2376
f 2591/3940/2371 2579/3945/2376 2580/3946/2377
f 2592/3941/2372 2580/3946/2377 2581/3947/2378
f 2593/3942/2373 2581/3947/2378 2582/3948/2379
f 2594/3944/2375 2582/3948/2379 2578/3949/2233
f 2515/3849/2294 2517/3848/2293 2477/3879/2320
f 2517/3848/2293 2518/3850/2295 2478/3880/2321
f 2518/3850/2295 2519/3851/2296 2479/3881/2322
f 2519/3851/2296 2520/3852/2297 2480/3882/2323
f 2520/3852/2297 2516/3853/2146 2476/3883/2324
f 2510/3830/2222 2514/3828/2278 2554/3916/2351
f 2514/3828/2278 2513/3826/2276 2553/3915/2350
f 2513/3826/2276 2512/3824/2274 2552/3914/2349
f 2512/3824/2274 2511/3822/2272 2551/3912/2347
f 2511/3822/2272 2509/3952/2380 2549/3913/2348
f 2578/3949/2233 2582/3948/2379 2486/3861/2305
f 2582/3948/2379 2581/3947/2378 2485/3859/2303
f 2581/3947/2378 2580/3946/2377 2484/3857/2301
f 2580/3946/2377 2579/3945/2376 2483/3855/2299
f 2579/3945/2376 2577/3954/2382 2481/3460/2136
f 2544/3894/2229 2548/3892/2332 2588/3926/2360
f 2548/3892/2332 2547/3890/2330 2587/3924/2358
f 2547/3890/2330 2546/3888/2328 2586/3922/2356
f 2546/3888/2328 2545/3886/2326 2585/3919/2353
f 2545/3886/2326 2543/3953/2381 2583/3920/2354
f 2435/3417/2114 2488/3416/2113 2476/3951/2324
f 2515/3849/2294 2475/3461/2137 2481/3460/2136
f 2549/3913/2348 2577/3954/2382 2583/3920/2354
f 2549/3913/2348 2509/3952/2380 2481/3460/2136
f 2713/3955/299 2720/4142/299 2659/3956/299
f 2636/3958/299 2623/4327/299 2762/3959/299
f 2764/3961/2383 2763/4462/2587 2816/3962/2384
f 2695/3964/2116 2684/4170/2115 2612/3965/2115
f 2653/3967/2386 2618/4491/2595 2623/3968/2213
f 2648/3970/2110 2641/4492/2111 2678/3971/2111
f 2797/3973/10 2780/4080/10 2611/3974/10
f 2779/3976/10 2617/4079/10 2629/3977/10
f 2798/3979/2387 2654/4063/2412 2635/3980/2204
f 2707/3982/10 2750/4124/10 2689/3983/10
f 2714/3985/2388 2744/4206/2430 2750/3986/2153
f 2744/3988/299 2714/4125/299 2677/3989/299
f 2719/3991/299 2731/4240/299 2696/3992/299
f 2683/3994/2129 2677/4493/2128 2642/3995/2128
f 2725/3997/2119 2738/4204/2117 2731/3998/2389
f 2743/4000/2391 2732/4196/2425 2737/4001/2156
f 2708/4006/2124 2726/4194/2122 2720/4007/2395
f 2726/4009/10 2708/4107/10 2671/4010/10
f 2732/4012/299 2743/4241/299 2684/4013/299
f 2749/4015/10 2737/4222/10 2702/4016/10
f 2738/4018/10 2725/4231/10 2666/4019/10
f 2878/4021/2397 2773/4494/2435 2775/4022/2398
f 2844/4024/2400 2768/4276/2452 2772/4025/2401
f 2766/4027/2403 2832/4273/2449 2810/4028/2404
f 2786/4030/299 2792/4258/299 2773/4031/299
f 2780/4033/2406 2797/4495/2596 2792/4034/2127
f 2617/4036/2407 2779/4293/2468 2785/4037/2135
f 2791/4039/299 2635/4328/299 2756/4040/299
f 2618/4042/10 2653/4098/10 2647/4043/10
f 2624/4045/299 2785/4310/299 2768/4046/299
f 2630/4048/2120 2647/4496/2121 2660/4049/2121
f 2654/4051/10 2798/4097/10 2641/4052/10
f 2624/4038/2133 2628/4055/2207 2619/4054/2205
f 2628/4055/2207 2627/4057/2409 2620/4056/2408
f 2627/4057/2409 2626/4060/2411 2621/4058/2410
f 2625/4059/2211 2622/4061/2212 2621/4058/2410
f 2623/3968/2213 2618/4491/2595 2622/4061/2212
f 2658/4062/2203 2637/4065/2202 2635/3980/2204
f 2657/4064/2413 2638/4067/2415 2637/4065/2202
f 2656/4066/2414 2639/4069/2416 2638/4067/2415
f 2656/4066/2414 2655/4070/2197 2640/4068/2198
f 2655/4070/2197 2653/3967/2386 2636/3969/2131
f 2634/4071/10 2622/4073/10 2618/4042/10
f 2633/4072/10 2621/4075/10 2622/4073/10
f 2633/4072/10 2632/4076/10 2620/4074/10
f 2632/4076/10 2631/4078/10 2619/4077/10
f 2631/4078/10 2629/3977/10 2617/4079/10
f 2780/4080/10 2784/4082/10 2613/4081/10
f 2784/4082/10 2783/4085/10 2614/4083/10
f 2782/4084/10 2615/4087/10 2614/4083/10
f 2781/4086/10 2616/4088/10 2615/4087/10
f 2779/3976/10 2612/3978/10 2616/4088/10
f 2646/4089/10 2799/4091/10 2797/3973/10
f 2645/4090/10 2800/4093/10 2799/4091/10
f 2645/4090/10 2644/4094/10 2801/4092/10
f 2644/4094/10 2643/4096/10 2802/4095/10
f 2643/4096/10 2641/4052/10 2798/4097/10
f 2653/4098/10 2655/4100/10 2649/4099/10
f 2655/4100/10 2656/4103/10 2650/4101/10
f 2657/4102/10 2651/4105/10 2650/4101/10
f 2658/4104/10 2652/4106/10 2651/4105/10
f 2654/4051/10 2648/4053/10 2652/4106/10
f 2708/4107/10 2712/4109/10 2673/4108/10
f 2712/4109/10 2711/4112/10 2674/4110/10
f 2710/4111/10 2675/4114/10 2674/4110/10
f 2709/4113/10 2676/4115/10 2675/4114/10
f 2707/3982/10 2672/3984/10 2676/4115/10
f 2694/4116/10 2751/4118/10 2749/4015/10
f 2693/4117/10 2752/4120/10 2751/4118/10
f 2692/4119/10 2753/4122/10 2752/4120/10
f 2692/4119/10 2691/4123/10 2754/4121/10
f 2691/4123/10 2689/3983/10 2750/4124/10
f 2714/4125/299 2718/4127/299 2679/4126/299
f 2718/4127/299 2717/4129/299 2680/4128/299
f 2717/4129/299 2716/4132/299 2681/4130/299
f 2715/4131/299 2682/4133/299 2681/4130/299
f 2713/3955/299 2678/3957/299 2682/4133/299
f 2664/4134/299 2721/4136/299 2719/3991/299
f 2663/4135/299 2722/4138/299 2721/4136/299
f 2662/4137/299 2723/4140/299 2722/4138/299
f 2662/4137/299 2661/4141/299 2724/4139/299
f 2661/4141/299 2659/3956/299 2720/4142/299
f 2631/4143/2181 2697/4145/2181 2695/3964/2116
f 2632/4144/2182 2698/4147/2182 2697/4145/2181
f 2633/4146/2183 2699/4149/2183 2698/4147/2182
f 2634/4148/2184 2700/4150/2184 2699/4149/2183
f 2630/4048/2120 2696/4050/2120 2700/4150/2184
f 2661/4151/2176 2652/4153/2176 2648/3970/2110
f 2662/4152/2175 2651/4155/2175 2652/4153/2176
f 2663/4154/2173 2650/4157/2173 2651/4155/2175
f 2664/4156/2174 2649/4158/2174 2650/4157/2173
f 2660/4049/2121 2647/4496/2121 2649/4158/2174
f 2679/4159/2177 2646/4163/2177 2642/4160/2128
f 2680/4162/2178 2645/4165/2178 2646/4163/2177
f 2681/4164/2179 2644/4167/2179 2645/4165/2178
f 2682/4166/2180 2643/4168/2180 2644/4167/2179
f 2678/3971/2111 2641/4492/2111 2643/4168/2180
f 2688/4169/2185 2616/4172/2185 2612/3965/2115
f 2687/4171/2186 2615/4174/2186 2616/4172/2185
f 2686/4173/2187 2614/4176/2187 2615/4174/2186
f 2685/4175/2188 2613/4177/2188 2614/4176/2187
f 2683/3994/2129 2611/3996/2129 2613/4177/2188
f 2707/3987/2151 2709/4179/2269 2718/4178/2270
f 2709/4179/2269 2710/4182/2419 2717/4180/2417
f 2711/4181/2418 2716/4184/2420 2717/4180/2417
f 2712/4183/2264 2715/4185/2263 2716/4184/2420
f 2708/4006/2124 2713/4008/2396 2715/4185/2263
f 2721/4186/2172 2727/4188/2171 2725/3997/2119
f 2722/4187/2421 2728/4190/2423 2727/4188/2171
f 2722/4187/2421 2723/4191/2424 2729/4189/2422
f 2723/4191/2424 2724/4193/2165 2730/4192/2167
f 2724/4193/2165 2720/4007/2395 2726/4194/2122
f 2736/4195/2157 2739/4198/2158 2737/4001/2156
f 2735/4197/2426 2740/4200/2428 2739/4198/2158
f 2734/4199/2427 2741/4202/2429 2740/4200/2428
f 2734/4199/2427 2733/4203/2164 2742/4201/2163
f 2733/4203/2164 2731/3998/2389 2738/4204/2117
f 2748/4205/2262 2754/4208/2261 2750/3986/2153
f 2747/4207/2431 2753/4210/2433 2754/4208/2261
f 2747/4207/2431 2746/4211/2434 2752/4209/2432
f 2746/4211/2434 2745/4213/2255 2751/4212/2257
f 2745/4213/2255 2743/4000/2391 2749/4002/2154
f 2703/4214/10 2742/4216/10 2738/4018/10
f 2704/4215/10 2741/4218/10 2742/4216/10
f 2705/4217/10 2740/4220/10 2741/4218/10
f 2705/4217/10 2706/4221/10 2739/4219/10
f 2706/4221/10 2702/4016/10 2737/4222/10
f 2667/4223/10 2730/4225/10 2726/4009/10
f 2668/4224/10 2729/4227/10 2730/4225/10
f 2669/4226/10 2728/4229/10 2729/4227/10
f 2669/4226/10 2670/4230/10 2727/4228/10
f 2670/4230/10 2666/4019/10 2725/4231/10
f 2697/4232/299 2736/4234/299 2732/4012/299
f 2698/4233/299 2735/4236/299 2736/4234/299
f 2698/4233/299 2699/4237/299 2734/4235/299
f 2699/4237/299 2700/4239/299 2733/4238/299
f 2700/4239/299 2696/3992/299 2731/4240/299
f 2743/4241/299 2745/4243/299 2688/4242/299
f 2745/4243/299 2746/4246/299 2687/4244/299
f 2747/4245/299 2686/4248/299 2687/4244/299
f 2748/4247/299 2685/4249/299 2686/4248/299
f 2744/3988/299 2683/3990/299 2685/4249/299
f 2778/4250/299 2793/4252/299 2791/4039/299
f 2777/4251/299 2794/4254/299 2793/4252/299
f 2776/4253/299 2795/4256/299 2794/4254/299
f 2776/4253/299 2775/4257/299 2796/4255/299
f 2775/4257/299 2773/4031/299 2792/4258/299
f 2773/4259/2435 2878/4497/2397 2838/4260/2436
f 2860/4262/2438 2771/4265/2441 2770/4263/2439
f 2866/4026/2402 2772/4025/2401 2771/4265/2441
f 2872/4266/2442 2884/4284/2460 2778/4267/2443
f 2850/4269/2445 2855/4264/2440 2770/4263/2439
f 2906/4271/2447 2755/4498/2597 2762/4029/2405
f 2838/4260/2436 2850/4269/2445 2769/4270/2446
f 2765/4272/2448 2826/4274/2450 2832/4273/2449
f 2764/3961/2383 2821/3963/2385 2826/4274/2450
f 2844/4024/2400 2804/4463/2530 2761/4275/2451
f 2774/4268/2444 2756/4291/2467 2912/4277/2453
f 2894/4278/2454 2776/4281/2457 2777/4279/2455
f 2900/4023/2399 2775/4022/2398 2776/4281/2457
f 2757/4282/2458 2755/4498/2597 2906/4271/2447
f 2884/4284/2460 2889/4280/2456 2777/4279/2455
f 2758/4285/2461 2757/4282/2458 2918/4283/2459
f 2759/4287/2463 2928/4290/2466 2934/4288/2464
f 2758/4285/2461 2923/4286/2462 2928/4290/2466
f 2760/4289/2465 2934/4288/2464 2912/4277/2453
f 2781/4292/2221 2787/4295/2220 2785/4037/2135
f 2782/4294/2469 2788/4297/2471 2787/4295/2220
f 2783/4296/2470 2789/4299/2472 2788/4297/2471
f 2783/4296/2470 2784/4300/2214 2790/4298/2216
f 2784/4300/2214 2780/4033/2406 2786/4035/2125
f 2791/3981/2140 2793/4302/2195 2802/4301/2196
f 2793/4302/2195 2794/4304/2474 2801/4303/2473
f 2794/4304/2474 2795/4307/2476 2800/4305/2475
f 2796/4306/2190 2799/4309/2189 2800/4305/2475
f 2792/4308/2127 2797/4499/2596 2799/4309/2189
f 2785/4310/299 2787/4312/299 2772/4311/299
f 2787/4312/299 2788/4314/299 2771/4313/299
f 2788/4314/299 2789/4317/299 2770/4315/299
f 2790/4316/299 2769/4318/299 2770/4315/299
f 2786/4030/299 2767/4032/299 2769/4318/299
f 2763/4319/299 2628/4321/299 2624/4045/299
f 2764/4320/299 2627/4323/299 2628/4321/299
f 2765/4322/299 2626/4325/299 2627/4323/299
f 2765/4322/299 2766/4326/299 2625/4324/299
f 2766/4326/299 2762/3959/299 2623/4327/299
f 2635/4328/299 2637/4330/299 2760/4329/299
f 2637/4330/299 2638/4332/299 2759/4331/299
f 2638/4332/299 2639/4335/299 2758/4333/299
f 2640/4334/299 2757/4336/299 2758/4333/299
f 2636/3958/299 2755/3960/299 2757/4336/299
f 2849/4337/2477 2851/4340/2480 2839/4338/2478
f 2851/4340/2480 2852/4342/2482 2840/4341/2481
f 2852/4342/2482 2853/4344/2484 2841/4343/2483
f 2853/4344/2484 2854/4346/2486 2842/4345/2485
f 2854/4346/2486 2850/4500/2445 2838/4347/2436
f 2857/4349/2488 2852/4342/2482 2851/4340/2480
f 2858/4350/2489 2853/4344/2484 2852/4342/2482
f 2859/4351/2490 2854/4346/2486 2853/4344/2484
f 2855/4352/2440 2850/4500/2445 2854/4346/2486
f 2865/4353/2491 2861/4355/2493 2856/4348/2487
f 2862/4354/2492 2857/4349/2488 2856/4348/2487
f 2863/4356/2494 2858/4350/2489 2857/4349/2488
f 2864/4357/2495 2859/4351/2490 2858/4350/2489
f 2864/4357/2495 2860/4362/2438 2855/4352/2440
f 2867/4358/2496 2868/4359/2497 2862/4354/2492
f 2868/4359/2497 2869/4360/2498 2863/4356/2494
f 2869/4360/2498 2870/4361/2499 2864/4357/2495
f 2870/4361/2499 2866/4501/2402 2860/4362/2438
f 2845/4363/2500 2867/4358/2496 2865/4353/2491
f 2846/4365/2502 2868/4359/2497 2867/4358/2496
f 2847/4366/2503 2869/4360/2498 2868/4359/2497
f 2848/4367/2504 2870/4361/2499 2869/4360/2498
f 2844/4368/2400 2866/4501/2402 2870/4361/2499
f 2811/4369/2505 2833/4372/2508 2831/4370/2506
f 2812/4371/2507 2834/4374/2510 2833/4372/2508
f 2813/4373/2509 2835/4376/2512 2834/4374/2510
f 2814/4375/2511 2836/4378/2513 2835/4376/2512
f 2810/4377/2404 2832/4502/2449 2836/4378/2513
f 2833/4372/2508 2834/4374/2510 2828/4380/2515
f 2834/4374/2510 2835/4376/2512 2829/4381/2516
f 2835/4376/2512 2836/4378/2513 2830/4382/2517
f 2836/4378/2513 2832/4502/2449 2826/4383/2450
f 2827/4379/2514 2822/4385/2519 2815/4004/2393
f 2827/4379/2514 2828/4380/2515 2823/4384/2518
f 2828/4380/2515 2829/4381/2516 2824/4386/2520
f 2829/4381/2516 2830/4382/2517 2825/4387/2521
f 2830/4382/2517 2826/4383/2450 2821/4388/2385
f 2823/4384/2518 2818/4390/2523 2817/4389/2522
f 2824/4386/2520 2819/4391/2524 2818/4390/2523
f 2825/4387/2521 2820/4392/2525 2819/4391/2524
f 2821/4388/2385 2816/4503/2384 2820/4392/2525
f 2815/4004/2393 2817/4389/2522 2805/4393/2526
f 2817/4389/2522 2818/4390/2523 2806/4394/2527
f 2818/4390/2523 2819/4391/2524 2807/4395/2528
f 2819/4391/2524 2820/4392/2525 2808/4396/2529
f 2820/4392/2525 2816/4503/2384 2804/4397/2530
f 2883/4398/2531 2885/4401/2534 2873/4399/2532
f 2885/4401/2534 2886/4403/2536 2874/4402/2535
f 2886/4403/2536 2887/4405/2538 2875/4404/2537
f 2887/4405/2538 2888/4407/2540 2876/4406/2539
f 2888/4407/2540 2884/4504/2460 2872/4408/2442
f 2891/4410/2542 2886/4403/2536 2885/4401/2534
f 2892/4411/2543 2887/4405/2538 2886/4403/2536
f 2893/4412/2544 2888/4407/2540 2887/4405/2538
f 2889/4413/2456 2884/4504/2460 2888/4407/2540
f 2895/4414/2545 2890/4409/2541 2883/4398/2531
f 2895/4414/2545 2896/4416/2547 2891/4410/2542
f 2896/4416/2547 2897/4417/2548 2892/4411/2543
f 2897/4417/2548 2898/4418/2549 2893/4412/2544
f 2898/4418/2549 2894/4423/2454 2889/4413/2456
f 2901/4419/2550 2902/4420/2551 2896/4416/2547
f 2902/4420/2551 2903/4421/2552 2897/4417/2548
f 2903/4421/2552 2904/4422/2553 2898/4418/2549
f 2904/4422/2553 2900/4505/2399 2894/4423/2454
f 2879/4424/2554 2901/4419/2550 2899/4415/2546
f 2880/4426/2556 2902/4420/2551 2901/4419/2550
f 2881/4427/2557 2903/4421/2552 2902/4420/2551
f 2882/4428/2558 2904/4422/2553 2903/4421/2552
f 2878/4429/2397 2900/4505/2399 2904/4422/2553
f 2913/4430/2559 2935/4434/2563 2933/4431/2560
f 2914/4433/2562 2936/4436/2565 2935/4434/2563
f 2915/4435/2564 2937/4438/2567 2936/4436/2565
f 2916/4437/2566 2938/4440/2568 2937/4438/2567
f 2912/4439/2453 2934/4506/2464 2938/4440/2568
f 2935/4434/2563 2936/4436/2565 2930/4442/2570
f 2936/4436/2565 2937/4438/2567 2931/4443/2571
f 2937/4438/2567 2938/4440/2568 2932/4444/2572
f 2938/4440/2568 2934/4506/2464 2928/4445/2466
f 2933/4431/2560 2929/4441/2569 2924/4446/2573
f 2930/4442/2570 2925/4448/2575 2924/4446/2573
f 2931/4443/2571 2926/4449/2576 2925/4448/2575
f 2932/4444/2572 2927/4451/2577 2926/4449/2576
f 2932/4444/2572 2928/4445/2466 2923/4450/2462
f 2925/4448/2575 2920/4453/2579 2919/4452/2578
f 2926/4449/2576 2921/4454/2580 2920/4453/2579
f 2927/4451/2577 2922/4455/2581 2921/4454/2580
f 2923/4450/2462 2918/4507/2459 2922/4455/2581
f 2917/4447/2574 2919/4452/2578 2907/4456/2582
f 2919/4452/2578 2920/4453/2579 2908/4458/2584
f 2920/4453/2579 2921/4454/2580 2909/4459/2585
f 2921/4454/2580 2922/4455/2581 2910/4460/2586
f 2922/4455/2581 2918/4507/2459 2906/4461/2447
f 2805/4393/2526 2845/4363/2500 2843/4364/2501
f 2806/4394/2527 2846/4365/2502 2845/4363/2500
f 2807/4395/2528 2847/4366/2503 2846/4365/2502
f 2808/4396/2529 2848/4367/2504 2847/4366/2503
f 2804/4397/2530 2844/4368/2400 2848/4367/2504
f 2882/4428/2558 2842/4345/2485 2838/4347/2436
f 2881/4427/2557 2841/4343/2483 2842/4345/2485
f 2880/4426/2556 2840/4341/2481 2841/4343/2483
f 2879/4424/2554 2839/4338/2478 2840/4341/2481
f 2877/4425/2555 2837/4339/2479 2839/4338/2478
f 2814/4375/2511 2910/4460/2586 2906/4461/2447
f 2813/4373/2509 2909/4459/2585 2910/4460/2586
f 2812/4371/2507 2908/4458/2584 2909/4459/2585
f 2811/4369/2505 2907/4456/2582 2908/4458/2584
f 2809/4003/2392 2905/4457/2583 2907/4456/2582
f 2916/4437/2566 2876/4406/2539 2872/4408/2442
f 2915/4435/2564 2875/4404/2537 2876/4406/2539
f 2914/4433/2562 2874/4402/2535 2875/4404/2537
f 2913/4430/2559 2873/4399/2532 2874/4402/2535
f 2911/4432/2561 2871/4400/2533 2873/4399/2532
f 2763/4462/2587 2761/4275/2451 2804/4463/2530
f 2809/4003/2392 2803/4005/2394 2843/4364/2501
f 2911/4432/2561 2905/4457/2583 2877/4425/2555
f 2877/4425/2555 2905/4457/2583 2809/4003/2392
f 2670/3597/2174 2342/3596/2174 2338/3431/2121
f 2939/4508/33 2948/4509/2598 2941/4510/2598
f 2941/4510/2598 2948/4509/2598 2942/4511/2599
f 2941/4512/2600 2942/4513/2601 2943/4514/2602
f 2966/4515/2603 2959/4516/2603 2964/4517/2603
f 2940/4518/68 2944/4519/68 2950/4520/68
f 2940/4518/68 2945/4521/68 2944/4519/68
f 2944/4522/2604 2952/4523/2605 2950/4524/2606
f 2945/4525/2607 2946/4526/2608 2944/4522/2604
f 2948/4527/2609 2949/4528/2610 2942/4529/2611
f 2976/4530/872 2968/4531/872 2974/4532/872
f 2940/4518/68 2950/4520/68 2951/4533/68
f 2951/4534/2612 2952/4523/2605 2953/4535/2612
f 2939/4508/33 2954/4536/33 2948/4509/2598
f 2954/4537/2613 2949/4528/2610 2948/4527/2609
f 2990/4538/2614 2985/4539/2614 2983/4540/2614
f 2940/4518/68 2956/4541/68 2960/4542/68
f 2940/4518/68 2951/4533/68 2956/4541/68
f 2960/4543/2615 2957/4544/2616 2962/4545/2617
f 2951/4534/2612 2957/4544/2616 2956/4546/2618
f 2939/4508/33 2958/4547/2619 2954/4536/33
f 2954/4537/2613 2959/4548/2620 2955/4549/2621
f 2962/4550/2622 2959/4516/2622 2963/4551/2622
f 2971/4552/2603 2966/4515/2603 2964/4517/2603
f 2940/4518/68 2960/4542/68 2961/4553/68
f 2961/4554/2623 2962/4545/2617 2963/4555/2623
f 2939/4508/33 2967/4556/2619 2958/4547/2619
f 2958/4547/2619 2967/4556/2619 2964/4557/2624
f 2958/4558/2625 2964/4559/2626 2959/4548/2620
f 2997/4560/2627 2995/4561/2627 2993/4562/2627
f 2940/4518/68 2965/4563/68 2969/4564/68
f 2940/4518/68 2961/4553/68 2965/4563/68
f 2965/4565/2628 2971/4566/2629 2969/4567/2630
f 2961/4554/2623 2966/4568/2631 2965/4565/2628
f 2967/4569/2632 2968/4570/2633 2964/4571/2634
f 2985/4539/2614 2978/4572/2614 2983/4540/2614
f 2981/4573/872 2976/4530/872 2974/4532/872
f 2940/4518/68 2969/4564/68 2970/4574/68
f 2970/4575/2635 2971/4566/2629 2972/4576/2635
f 2939/4508/33 2973/4577/33 2967/4556/2619
f 2973/4578/2636 2968/4570/2633 2967/4569/2632
f 2952/4579/881 2949/4580/881 2953/4581/881
f 2940/4518/68 2975/4582/68 2979/4583/68
f 2940/4518/68 2970/4574/68 2975/4582/68
f 2975/4584/2637 2981/4585/2638 2979/4586/2639
f 2970/4587/2635 2976/4588/2640 2975/4584/2637
f 2939/4508/33 2977/4589/2641 2973/4577/33
f 2973/4578/2636 2978/4590/2642 2974/4591/2643
f 2981/4573/872 2978/4572/872 2982/4592/872
f 2990/4538/2614 2987/4593/2614 2991/4594/2614
f 2940/4518/68 2979/4583/68 2980/4595/68
f 2980/4596/2644 2981/4585/2638 2982/4597/2644
f 2939/4508/33 2986/4598/2641 2977/4589/2641
f 2977/4589/2641 2986/4598/2641 2983/4599/2645
f 2977/4600/2646 2983/4601/2647 2978/4590/2642
f 2957/4602/2622 2949/4580/2622 2955/4603/2622
f 2940/4518/68 2984/4604/68 2988/4605/68
f 2940/4518/68 2980/4595/68 2984/4604/68
f 2988/4606/2648 2985/4607/2649 2990/4608/2650
f 2980/4596/2644 2985/4607/2649 2984/4609/2651
f 2986/4610/2652 2987/4611/2653 2983/4612/2654
f 2952/4579/881 2946/4613/881 2942/4614/881
f 2997/4560/2627 2943/4615/2627 2947/4616/2627
f 2940/4518/68 2988/4605/68 2989/4617/68
f 2989/4618/2655 2990/4608/2650 2991/4619/2655
f 2939/4508/33 2992/4620/33 2986/4598/2641
f 2992/4621/2656 2987/4611/2653 2986/4610/2652
f 2946/4613/881 2943/4615/881 2942/4614/881
f 2995/4561/2627 2987/4593/2627 2993/4562/2627
f 2940/4518/68 2994/4622/68 2996/4623/68
f 2940/4518/68 2989/4617/68 2994/4622/68
f 2994/4624/2657 2997/4625/2658 2996/4626/2659
f 2989/4618/2655 2995/4627/2660 2994/4624/2657
f 2939/4508/33 2941/4510/2598 2992/4620/33
f 2992/4621/2656 2943/4514/2602 2993/4628/2661
f 2962/4550/2622 2957/4602/2622 2955/4603/2622
f 2971/4552/2603 2968/4629/2603 2972/4630/2603
f 2940/4518/68 2996/4623/68 2945/4521/68
f 2945/4525/2607 2997/4625/2658 2947/4631/2607
f 2966/4515/2603 2963/4551/2603 2959/4516/2603
f 2944/4522/2604 2946/4526/2608 2952/4523/2605
f 2945/4525/2607 2947/4631/2607 2946/4526/2608
f 2976/4530/872 2972/4632/872 2968/4531/872
f 2951/4534/2612 2950/4524/2606 2952/4523/2605
f 2954/4537/2613 2955/4549/2621 2949/4528/2610
f 2960/4543/2615 2956/4546/2618 2957/4544/2616
f 2951/4534/2612 2953/4535/2612 2957/4544/2616
f 2954/4537/2613 2958/4558/2625 2959/4548/2620
f 2962/4550/2622 2955/4603/2622 2959/4516/2622
f 2961/4554/2623 2960/4543/2615 2962/4545/2617
f 2965/4565/2628 2966/4568/2631 2971/4566/2629
f 2961/4554/2623 2963/4555/2623 2966/4568/2631
f 2985/4539/2614 2982/4592/2614 2978/4572/2614
f 2970/4575/2635 2969/4567/2630 2971/4566/2629
f 2973/4578/2636 2974/4591/2643 2968/4570/2633
f 2952/4579/881 2942/4614/881 2949/4580/881
f 2975/4584/2637 2976/4588/2640 2981/4585/2638
f 2970/4587/2635 2972/4633/2635 2976/4588/2640
f 2973/4578/2636 2977/4600/2646 2978/4590/2642
f 2981/4573/872 2974/4532/872 2978/4572/872
f 2990/4538/2614 2983/4540/2614 2987/4593/2614
f 2980/4596/2644 2979/4586/2639 2981/4585/2638
f 2957/4602/2622 2953/4581/2622 2949/4580/2622
f 2988/4606/2648 2984/4609/2651 2985/4607/2649
f 2980/4596/2644 2982/4597/2644 2985/4607/2649
f 2997/4560/2627 2993/4562/2627 2943/4615/2627
f 2989/4618/2655 2988/4606/2648 2990/4608/2650
f 2992/4621/2656 2993/4628/2661 2987/4611/2653
f 2946/4613/881 2947/4616/881 2943/4615/881
f 2995/4561/2627 2991/4594/2627 2987/4593/2627
f 2994/4624/2657 2995/4627/2660 2997/4625/2658
f 2989/4618/2655 2991/4619/2655 2995/4627/2660
f 2992/4621/2656 2941/4512/2600 2943/4514/2602
f 2971/4552/2603 2964/4517/2603 2968/4629/2603
f 2945/4525/2607 2996/4626/2659 2997/4625/2658
f 2998/4634/2662 3002/4635/2663 3001/4636/2664
f 2999/4637/2665 3002/4635/2663 2998/4634/2662
f 2999/4637/2665 3004/4638/2666 3003/4639/2667
f 3000/4640/2668 3004/4638/2666 2999/4637/2665
f 3001/4641/2669 3009/4642/2670 3008/4643/2671
f 3002/4644/2672 3009/4642/2670 3001/4641/2669
f 3003/4645/2673 3010/4646/2674 3002/4644/2672
f 3004/4647/2675 3011/4648/2676 3003/4645/2673
f 3005/4649/2677 3012/4650/2678 3004/4647/2675
f 3006/4651/2679 3017/4652/2680 3016/4653/2681
f 3007/4654/2682 3017/4652/2680 3006/4651/2679
f 3008/4655/2683 3018/4656/2684 3007/4657/2685
f 3009/4658/2686 3019/4659/2687 3008/4655/2683
f 3010/4660/2688 3020/4661/2689 3009/4658/2686
f 3011/4662/2690 3021/4663/2691 3010/4660/2688
f 3012/4664/2692 3022/4665/2693 3011/4662/2690
f 3013/4666/2694 3023/4667/2695 3012/4664/2692
f 3000/4640/2668 3025/4668/2696 3005/4669/2697
f 3014/4670/2698 3025/4668/2696 3000/4640/2668
f 3014/4670/2698 3027/4671/2699 3026/4672/2700
f 3015/4673/2701 3027/4671/2699 3014/4670/2698
f 3015/4673/2701 3029/4674/2702 3028/4675/2703
f 3016/4676/2704 3029/4674/2702 3015/4673/2701
f 3017/4677/2705 3030/4678/2706 3016/4676/2707
f 3032/4679/2708 3017/4677/2705 3018/4680/2709
f 3018/4680/2709 3033/4681/2710 3032/4679/2708
f 3019/4682/2711 3033/4681/2710 3018/4680/2709
f 3019/4682/2711 3035/4683/2712 3034/4684/2713
f 3020/4685/2714 3035/4683/2712 3019/4682/2711
f 3021/4686/2715 3036/4687/2716 3020/4688/2714
f 3022/4689/2717 3037/4690/2718 3021/4686/2715
f 3023/4691/2719 3038/4692/2720 3022/4689/2717
f 3024/4693/2721 3039/4694/2722 3023/4691/2719
f 3025/4695/2723 3013/4696/2724 3005/4649/2677
f 3026/4697/2725 3041/4698/2726 3025/4699/2723
f 3027/4700/2727 3042/4701/2728 3026/4697/2725
f 3028/4702/2729 3043/4703/2730 3027/4700/2727
f 3029/4704/2731 3044/4705/2732 3028/4702/2729
f 3030/4706/2733 3045/4707/2734 3029/4704/2731
f 3031/4708/2735 3046/4709/2736 3030/4706/2733
f 3032/4710/2737 3047/4711/2738 3031/4708/2735
f 3033/4712/2739 3048/4713/2740 3032/4710/2737
f 3034/4714/2741 3049/4715/2742 3033/4712/2739
f 3035/4716/2743 3050/4717/2744 3034/4714/2741
f 3036/4718/2745 3051/4719/2746 3035/4716/2743
f 3037/4720/2672 3052/4721/2747 3036/4718/2745
f 3038/4722/2673 3053/4723/2748 3037/4720/2672
f 3039/4724/2749 3054/4725/2676 3038/4722/2673
f 3040/4726/2677 3055/4727/2678 3039/4724/2749
f 3041/4728/2750 3024/4729/2751 3013/4666/2694
f 3042/4730/2752 3057/4731/2753 3041/4728/2750
f 3043/4732/2754 3058/4733/2755 3042/4730/2752
f 3044/4734/2756 3059/4735/2757 3043/4732/2754
f 3045/4736/2758 3060/4737/2759 3044/4734/2756
f 3046/4738/2760 3061/4739/2761 3045/4736/2758
f 3047/4740/2762 3062/4741/2763 3046/4738/2760
f 3048/4742/2764 3063/4743/2765 3047/4740/2762
f 3049/4744/2766 3064/4745/2767 3048/4742/2764
f 3050/4746/2768 3065/4747/2769 3049/4744/2766
f 3051/4748/2770 3066/4749/2771 3050/4746/2768
f 3052/4750/2772 3067/4751/2773 3051/4748/2770
f 3053/4752/2688 3068/4753/2774 3052/4750/2772
f 3054/4754/2690 3069/4755/2691 3053/4752/2688
f 3055/4756/2692 3070/4757/2693 3054/4754/2690
f 3056/4758/2694 3071/4759/2695 3055/4756/2692
f 3057/4760/2775 3040/4761/2776 3024/4693/2721
f 3058/4762/2777 3073/4763/2778 3057/4760/2775
f 3059/4764/2779 3074/4765/2780 3058/4762/2777
f 3060/4766/2781 3075/4767/2782 3059/4764/2779
f 3061/4768/2783 3076/4769/2784 3060/4770/2781
f 3062/4771/2785 3077/4772/2786 3061/4768/2783
f 3063/4773/2787 3078/4774/2788 3062/4771/2785
f 3064/4775/2789 3079/4776/2790 3063/4773/2787
f 3065/4777/2791 3080/4778/2792 3064/4775/2789
f 3066/4779/2793 3081/4780/2794 3065/4777/2791
f 3067/4781/2795 3082/4782/2796 3066/4779/2793
f 3068/4783/2797 3083/4784/2798 3067/4781/2795
f 3069/4785/2715 3084/4786/2716 3068/4783/2797
f 3070/4787/2717 3085/4788/2718 3069/4785/2715
f 3071/4789/2719 3086/4790/2720 3070/4787/2717
f 3072/4791/2721 3087/4792/2722 3071/4789/2719
f 3073/4793/2723 3056/4794/2724 3040/4726/2677
f 3074/4795/2725 3089/4796/2726 3073/4797/2723
f 3075/4798/2727 3090/4799/2728 3074/4795/2725
f 3076/4800/2729 3091/4801/2730 3075/4798/2727
f 3077/4802/2731 3092/4803/2732 3076/4800/2729
f 3078/4804/2733 3093/4805/2734 3077/4802/2731
f 3079/4806/2799 3094/4807/2736 3078/4804/2733
f 3080/4808/2737 3095/4809/2738 3079/4806/2799
f 3081/4810/2739 3096/4811/2740 3080/4808/2737
f 3082/4812/2741 3097/4813/2800 3081/4810/2739
f 3083/4814/2743 3098/4815/2744 3082/4812/2741
f 3084/4816/2745 3099/4817/2746 3083/4814/2743
f 3085/4818/2672 3100/4819/2747 3084/4816/2745
f 3086/4820/2673 3101/4821/2674 3085/4818/2672
f 3087/4822/2675 3102/4823/2676 3086/4820/2673
f 3088/4824/2677 3103/4825/2678 3087/4822/2675
f 3089/4826/2750 3072/4827/2801 3056/4758/2694
f 3090/4828/2752 3105/4829/2753 3089/4826/2750
f 3091/4830/2802 3106/4831/2755 3090/4828/2752
f 3092/4832/2756 3107/4833/2757 3091/4830/2802
f 3093/4834/2758 3108/4835/2803 3092/4832/2756
f 3094/4836/2760 3109/4837/2761 3093/4834/2758
f 3095/4838/2762 3110/4839/2763 3094/4836/2760
f 3096/4840/2804 3111/4841/2765 3095/4838/2762
f 3097/4842/2766 3112/4843/2767 3096/4840/2804
f 3098/4844/2768 3113/4845/2769 3097/4842/2766
f 3099/4846/2805 3114/4847/2771 3098/4844/2768
f 3100/4848/2772 3115/4849/2773 3099/4846/2805
f 3101/4850/2688 3116/4851/2806 3100/4848/2772
f 3102/4852/2690 3117/4853/2691 3101/4850/2688
f 3103/4854/2692 3118/4855/2693 3102/4852/2690
f 3104/4856/2694 3119/4857/2695 3103/4854/2692
f 3105/4858/2775 3088/4859/2776 3072/4791/2721
f 3106/4860/2777 3121/4861/2778 3105/4858/2775
f 3107/4862/2779 3122/4863/2780 3106/4860/2777
f 3108/4864/2781 3123/4865/2782 3107/4862/2779
f 3109/4866/2783 3124/4867/2784 3108/4868/2781
f 3110/4869/2785 3125/4870/2786 3109/4866/2783
f 3111/4871/2787 3126/4872/2788 3110/4869/2785
f 3112/4873/2789 3127/4874/2790 3111/4871/2787
f 3113/4875/2791 3128/4876/2792 3112/4873/2789
f 3114/4877/2793 3129/4878/2794 3113/4875/2791
f 3115/4879/2795 3130/4880/2796 3114/4877/2793
f 3116/4881/2797 3131/4882/2798 3115/4879/2795
f 3117/4883/2715 3132/4884/2716 3116/4881/2797
f 3118/4885/2717 3133/4886/2718 3117/4883/2715
f 3119/4887/2719 3134/4888/2720 3118/4885/2717
f 3120/4889/2721 3135/4890/2722 3119/4887/2719
f 3121/4891/2723 3104/4892/2724 3088/4824/2677
f 3122/4893/2725 3137/4894/2726 3121/4895/2723
f 3123/4896/2727 3138/4897/2728 3122/4893/2725
f 3124/4898/2729 3139/4899/2730 3123/4896/2727
f 3125/4900/2731 3140/4901/2732 3124/4898/2729
f 3126/4902/2733 3141/4903/2734 3125/4900/2731
f 3127/4904/2735 3142/4905/2736 3126/4902/2733
f 3128/4906/2737 3143/4907/2738 3127/4904/2735
f 3129/4908/2739 3144/4909/2740 3128/4906/2737
f 3130/4910/2741 3145/4911/2742 3129/4908/2739
f 3131/4912/2743 3146/4913/2744 3130/4910/2741
f 3132/4914/2745 3147/4915/2746 3131/4912/2743
f 3133/4916/2672 3148/4917/2747 3132/4914/2745
f 3134/4918/2673 3149/4919/2674 3133/4916/2672
f 3135/4920/2749 3150/4921/2676 3134/4918/2673
f 3136/4922/2677 3151/4923/2678 3135/4920/2749
f 3137/4924/2750 3120/4925/2801 3104/4856/2694
f 3138/4926/2752 3153/4927/2753 3137/4924/2750
f 3139/4928/2802 3154/4929/2755 3138/4926/2752
f 3140/4930/2756 3155/4931/2757 3139/4928/2802
f 3141/4932/2758 3156/4933/2803 3140/4930/2756
f 3142/4934/2760 3157/4935/2761 3141/4932/2758
f 3143/4936/2807 3158/4937/2763 3142/4934/2760
f 3144/4938/2764 3159/4939/2765 3143/4936/2807
f 3145/4940/2808 3160/4941/2767 3144/4938/2764
f 3146/4942/2809 3161/4943/2769 3145/4940/2808
f 3147/4944/2770 3162/4945/2771 3146/4942/2809
f 3148/4946/2772 3163/4947/2773 3147/4944/2770
f 3149/4948/2688 3164/4949/2774 3148/4946/2772
f 3150/4950/2690 3165/4951/2691 3149/4948/2688
f 3151/4952/2692 3166/4953/2693 3150/4950/2690
f 3152/4954/2694 3167/4955/2695 3151/4952/2692
f 3153/4956/2775 3136/4957/2776 3120/4889/2721
f 3154/4958/2777 3169/4959/2778 3153/4956/2775
f 3155/4960/2779 3170/4961/2780 3154/4958/2777
f 3156/4962/2781 3171/4963/2782 3155/4960/2779
f 3157/4964/2783 3172/4965/2784 3156/4966/2781
f 3158/4967/2785 3173/4968/2786 3157/4964/2783
f 3159/4969/2787 3174/4970/2788 3158/4967/2785
f 3160/4971/2789 3175/4972/2790 3159/4969/2787
f 3161/4973/2791 3176/4974/2792 3160/4971/2789
f 3162/4975/2793 3177/4976/2794 3161/4973/2791
f 3163/4977/2795 3178/4978/2796 3162/4975/2793
f 3164/4979/2797 3179/4980/2798 3163/4977/2795
f 3165/4981/2715 3180/4982/2716 3164/4979/2797
f 3166/4983/2717 3181/4984/2718 3165/4981/2715
f 3167/4985/2719 3182/4986/2720 3166/4983/2717
f 3168/4987/2721 3183/4988/2722 3167/4985/2719
f 3169/4989/2723 3152/4990/2724 3136/4922/2677
f 3170/4991/2725 3185/4992/2726 3169/4993/2723
f 3171/4994/2810 3186/4995/2728 3170/4991/2725
f 3172/4996/2729 3187/4997/2730 3171/4994/2810
f 3173/4998/2731 3188/4999/2732 3172/4996/2729
f 3174/5000/2733 3189/5001/2811 3173/4998/2731
f 3175/5002/2799 3190/5003/2736 3174/5000/2733
f 3176/5004/2737 3191/5005/2738 3175/5002/2799
f 3177/5006/2739 3192/5007/2740 3176/5004/2737
f 3178/5008/2741 3193/5009/2742 3177/5006/2739
f 3179/5010/2743 3194/5011/2744 3178/5008/2741
f 3180/5012/2745 3195/5013/2746 3179/5010/2743
f 3181/5014/2672 3196/5015/2747 3180/5012/2745
f 3182/5016/2673 3197/5017/2674 3181/5014/2672
f 3183/5018/2675 3198/5019/2676 3182/5016/2673
f 3184/5020/2677 3199/5021/2678 3183/5018/2675
f 3185/5022/2750 3168/5023/2801 3152/4954/2694
f 3186/5024/2752 3201/5025/2753 3185/5022/2750
f 3187/5026/2754 3202/5027/2755 3186/5024/2752
f 3188/5028/2756 3203/5029/2757 3187/5026/2754
f 3189/5030/2758 3204/5031/2803 3188/5028/2756
f 3190/5032/2760 3205/5033/2761 3189/5030/2758
f 3191/5034/2762 3206/5035/2763 3190/5032/2760
f 3192/5036/2804 3207/5037/2765 3191/5034/2762
f 3193/5038/2766 3208/5039/2767 3192/5036/2804
f 3194/5040/2768 3209/5041/2769 3193/5038/2766
f 3195/5042/2805 3210/5043/2771 3194/5040/2768
f 3196/5044/2812 3211/5045/2773 3195/5042/2805
f 3197/5046/2688 3212/5047/2806 3196/5044/2812
f 3198/5048/2690 3213/5049/2691 3197/5046/2688
f 3199/5050/2692 3214/5051/2693 3198/5048/2690
f 3200/5052/2694 3215/5053/2695 3199/5050/2692
f 3201/5054/2775 3184/5055/2776 3168/4987/2721
f 3202/5056/2777 3217/5057/2778 3201/5054/2775
f 3203/5058/2779 3218/5059/2780 3202/5056/2777
f 3204/5060/2781 3219/5061/2782 3203/5058/2779
f 3205/5062/2783 3220/5063/2784 3204/5064/2781
f 3206/5065/2785 3221/5066/2786 3205/5062/2783
f 3207/5067/2787 3222/5068/2788 3206/5065/2785
f 3208/5069/2789 3223/5070/2790 3207/5067/2787
f 3209/5071/2791 3224/5072/2792 3208/5069/2789
f 3210/5073/2793 3225/5074/2794 3209/5071/2791
f 3211/5075/2795 3226/5076/2796 3210/5073/2793
f 3212/5077/2797 3227/5078/2798 3211/5075/2795
f 3213/5079/2715 3228/5080/2716 3212/5077/2797
f 3214/5081/2717 3229/5082/2718 3213/5079/2715
f 3215/5083/2719 3230/5084/2720 3214/5081/2717
f 3216/5085/2721 3231/5086/2722 3215/5083/2719
f 3217/5087/2723 3200/5088/2724 3184/5020/2677
f 3218/5089/2725 3233/5090/2813 3217/5091/2723
f 3219/5092/2810 3234/5093/2728 3218/5089/2725
f 3220/5094/2729 3235/5095/2730 3219/5092/2810
f 3221/5096/2731 3236/5097/2732 3220/5094/2729
f 3222/5098/2733 3237/5099/2734 3221/5096/2731
f 3223/5100/2799 3238/5101/2736 3222/5098/2733
f 3224/5102/2737 3239/5103/2738 3223/5100/2799
f 3225/5104/2739 3240/5105/2740 3224/5102/2737
f 3226/5106/2741 3241/5107/2800 3225/5104/2739
f 3227/5108/2743 3242/5109/2744 3226/5106/2741
f 3228/5110/2745 3243/5111/2746 3227/5108/2743
f 3229/5112/2814 3244/5113/2815 3228/5110/2745
f 3230/5114/2816 3245/5115/2817 3229/5112/2814
f 3231/5116/2818 3246/5117/2819 3230/5114/2816
f 3232/5118/2677 3247/5119/2820 3231/5116/2818
f 3233/5120/2750 3216/5121/2801 3200/5052/2694
f 3234/5122/2752 3249/5123/2753 3233/5120/2750
f 3235/5124/2754 3250/5125/2755 3234/5122/2752
f 3236/5126/2821 3251/5127/2757 3235/5124/2754
f 3237/5128/2758 3252/5129/2803 3236/5126/2821
f 3238/5130/2760 3253/5131/2761 3237/5128/2758
f 3239/5132/2807 3254/5133/2763 3238/5130/2760
f 3240/5134/2804 3255/5135/2765 3239/5132/2807
f 3241/5136/2822 3256/5137/2823 3240/5134/2804
f 3242/5138/2824 3257/5139/2825 3241/5136/2822
f 3243/5140/2826 3258/5141/2827 3242/5138/2824
f 3244/5142/2828 3259/5143/2829 3243/5140/2826
f 3261/5144/2830 3244/5142/2828 3245/5145/2831
f 3246/5146/2832 3261/5147/2833 3245/5148/2833
f 3247/5149/2834 3294/5150/2835 3246/5146/2832
f 3248/5151/2836 3295/5152/2837 3247/5149/2834
f 3249/5153/2775 3232/5154/2776 3216/5085/2721
f 3250/5155/2777 3262/5156/2778 3249/5153/2775
f 3251/5157/2779 3263/5158/2780 3250/5155/2777
f 3252/5159/2781 3264/5160/2782 3251/5157/2779
f 3253/5161/2783 3265/5162/2784 3252/5163/2781
f 3254/5164/2785 3266/5165/2786 3253/5161/2783
f 3255/5166/2787 3267/5167/2788 3254/5164/2785
f 3256/5168/2838 3268/5169/2790 3255/5166/2787
f 3257/5170/2839 3269/5171/2840 3256/5168/2838
f 3258/5172/2841 3270/5173/2842 3257/5170/2839
f 3259/5174/2843 3271/5175/2844 3258/5172/2841
f 3260/5176/2845 3272/5177/2846 3259/5174/2843
f 3261/5178/2847 3273/5179/2848 3260/5176/2845
f 3294/5150/2835 3274/5180/2833 3261/5147/2833
f 3262/5181/2723 3248/5182/2724 3232/5118/2677
f 3263/5183/2725 3275/5184/2813 3262/5185/2723
f 3264/5186/2727 3276/5187/2728 3263/5183/2725
f 3265/5188/2729 3277/5189/2730 3264/5186/2727
f 3266/5190/2731 3278/5191/2732 3265/5188/2729
f 3267/5192/2733 3279/5193/2734 3266/5190/2731
f 3268/5194/2735 3280/5195/2736 3267/5192/2733
f 3269/5196/2737 3281/5197/2738 3268/5194/2735
f 3270/5198/2739 3282/5199/2740 3269/5196/2737
f 3271/5200/2741 3283/5201/2742 3270/5198/2739
f 3272/5202/2849 3284/5203/2744 3271/5200/2741
f 3273/5204/2850 3285/5205/2851 3272/5202/2849
f 3274/5206/2852 3286/5207/2853 3273/5204/2850
f 3294/5150/2835 3287/5208/2833 3274/5180/2833
f 3275/5209/2854 3289/5210/2855 3248/5151/2836
f 3276/5211/2856 3301/5212/2857 3275/5209/2854
f 3277/5213/2858 3302/5214/2859 3276/5211/2856
f 3278/5215/2860 3303/5216/2861 3277/5213/2858
f 3300/5217/2862 3278/5215/2860 3279/5218/2863
f 3296/5219/2864 3279/5218/2863 3280/5220/2865
f 3297/5221/2866 3280/5220/2865 3281/5222/2867
f 3298/5223/2868 3281/5222/2867 3282/5224/2869
f 3290/5225/2870 3282/5224/2869 3283/5226/2871
f 3284/5227/2872 3290/5225/2870 3283/5226/2871
f 3285/5228/2873 3291/5229/2874 3284/5227/2872
f 3287/5230/2875 3292/5231/2876 3286/5232/2877
f 3294/5150/2835 3293/5233/2833 3287/5208/2833
f 3286/5234/2877 3288/5235/2878 3285/5228/2873
f 2998/5236/2879 3305/5237/2879 2999/5238/2879
f 2999/5238/2880 3306/5239/2880 3000/5240/2880
f 3000/5240/2881 3307/5241/2881 3014/5242/2881
f 3006/5243/2882 3313/5244/2883 3311/5245/2884
f 3016/5246/2885 3312/5247/2885 3313/5248/2885
f 3001/4641/2669 3309/5249/2671 3310/5250/2671
f 3007/5251/2886 3309/5252/2886 3008/5253/2886
f 3006/5243/2882 3308/5254/2887 3007/5255/2887
f 3014/5242/2888 3312/5247/2888 3015/5256/2888
f 3310/5257/2889 2998/5236/2889 3001/5258/2889
f 3292/5259/2890 3294/5260/2891 3288/5261/2892
f 3291/5262/2893 3294/5260/2891 3295/5263/2894
f 3290/5264/2895 3295/5263/2894 3289/5265/2895
f 3290/5264/2895 3301/5266/2895 3298/5267/2895
f 3298/5267/2895 3302/5268/2895 3297/5269/2895
f 3296/5270/2895 3302/5268/2895 3303/5271/2895
f 3300/5272/2895 3303/5271/2895 3299/5273/2896
f 2999/4637/2665 3003/4639/2667 3002/4635/2663
f 3000/4640/2668 3005/4669/2697 3004/4638/2666
f 3002/4644/2672 3010/4646/2674 3009/4642/2670
f 3003/4645/2673 3011/4648/2676 3010/4646/2674
f 3004/4647/2675 3012/4650/2678 3011/4648/2676
f 3005/4649/2677 3013/4696/2724 3012/4650/2678
f 3007/4654/2682 3018/5274/2897 3017/4652/2680
f 3008/4655/2683 3019/4659/2687 3018/4656/2684
f 3009/4658/2686 3020/4661/2689 3019/4659/2687
f 3010/4660/2688 3021/4663/2691 3020/4661/2689
f 3011/4662/2690 3022/4665/2693 3021/4663/2691
f 3012/4664/2692 3023/4667/2695 3022/4665/2693
f 3013/4666/2694 3024/4729/2751 3023/4667/2695
f 3014/4670/2698 3026/4672/2700 3025/4668/2696
f 3015/4673/2701 3028/4675/2703 3027/4671/2699
f 3016/4676/2704 3030/4678/2898 3029/4674/2702
f 3017/4677/2705 3031/5275/2899 3030/4678/2706
f 3032/4679/2708 3031/5275/2899 3017/4677/2705
f 3019/4682/2711 3034/4684/2713 3033/4681/2710
f 3020/4685/2714 3036/5276/2716 3035/4683/2712
f 3021/4686/2715 3037/4690/2718 3036/4687/2716
f 3022/4689/2717 3038/4692/2720 3037/4690/2718
f 3023/4691/2719 3039/4694/2722 3038/4692/2720
f 3024/4693/2721 3040/4761/2776 3039/4694/2722
f 3025/4695/2723 3041/5277/2726 3013/4696/2724
f 3026/4697/2725 3042/4701/2728 3041/4698/2726
f 3027/4700/2727 3043/4703/2730 3042/4701/2728
f 3028/4702/2729 3044/4705/2732 3043/4703/2730
f 3029/4704/2731 3045/4707/2734 3044/4705/2732
f 3030/4706/2733 3046/4709/2736 3045/4707/2734
f 3031/4708/2735 3047/4711/2738 3046/4709/2736
f 3032/4710/2737 3048/4713/2740 3047/4711/2738
f 3033/4712/2739 3049/4715/2742 3048/4713/2740
f 3034/4714/2741 3050/4717/2744 3049/4715/2742
f 3035/4716/2743 3051/4719/2746 3050/4717/2744
f 3036/4718/2745 3052/4721/2747 3051/4719/2746
f 3037/4720/2672 3053/4723/2748 3052/4721/2747
f 3038/4722/2673 3054/4725/2676 3053/4723/2748
f 3039/4724/2749 3055/4727/2678 3054/4725/2676
f 3040/4726/2677 3056/4794/2724 3055/4727/2678
f 3041/4728/2750 3057/4731/2753 3024/4729/2751
f 3042/4730/2752 3058/4733/2755 3057/4731/2753
f 3043/4732/2754 3059/4735/2757 3058/4733/2755
f 3044/4734/2756 3060/4737/2759 3059/4735/2757
f 3045/4736/2758 3061/4739/2761 3060/4737/2759
f 3046/4738/2760 3062/4741/2763 3061/4739/2761
f 3047/4740/2762 3063/4743/2765 3062/4741/2763
f 3048/4742/2764 3064/4745/2767 3063/4743/2765
f 3049/4744/2766 3065/4747/2769 3064/4745/2767
f 3050/4746/2768 3066/4749/2771 3065/4747/2769
f 3051/4748/2770 3067/4751/2773 3066/4749/2771
f 3052/4750/2772 3068/4753/2774 3067/4751/2773
f 3053/4752/2688 3069/4755/2691 3068/4753/2774
f 3054/4754/2690 3070/4757/2693 3069/4755/2691
f 3055/4756/2692 3071/4759/2695 3070/4757/2693
f 3056/4758/2694 3072/4827/2801 3071/4759/2695
f 3057/4760/2775 3073/4763/2778 3040/4761/2776
f 3058/4762/2777 3074/4765/2780 3073/4763/2778
f 3059/4764/2779 3075/4767/2782 3074/4765/2780
f 3060/4766/2781 3076/5278/2784 3075/4767/2782
f 3061/4768/2783 3077/4772/2786 3076/4769/2784
f 3062/4771/2785 3078/4774/2788 3077/4772/2786
f 3063/4773/2787 3079/4776/2790 3078/4774/2788
f 3064/4775/2789 3080/4778/2792 3079/4776/2790
f 3065/4777/2791 3081/4780/2794 3080/4778/2792
f 3066/4779/2793 3082/4782/2796 3081/4780/2794
f 3067/4781/2795 3083/4784/2798 3082/4782/2796
f 3068/4783/2797 3084/4786/2716 3083/4784/2798
f 3069/4785/2715 3085/4788/2718 3084/4786/2716
f 3070/4787/2717 3086/4790/2720 3085/4788/2718
f 3071/4789/2719 3087/4792/2722 3086/4790/2720
f 3072/4791/2721 3088/4859/2776 3087/4792/2722
f 3073/4793/2723 3089/5279/2726 3056/4794/2724
f 3074/4795/2725 3090/4799/2728 3089/4796/2726
f 3075/4798/2727 3091/4801/2730 3090/4799/2728
f 3076/4800/2729 3092/4803/2732 3091/4801/2730
f 3077/4802/2731 3093/4805/2734 3092/4803/2732
f 3078/4804/2733 3094/4807/2736 3093/4805/2734
f 3079/4806/2799 3095/4809/2738 3094/4807/2736
f 3080/4808/2737 3096/4811/2740 3095/4809/2738
f 3081/4810/2739 3097/4813/2800 3096/4811/2740
f 3082/4812/2741 3098/4815/2744 3097/4813/2800
f 3083/4814/2743 3099/4817/2746 3098/4815/2744
f 3084/4816/2745 3100/4819/2747 3099/4817/2746
f 3085/4818/2672 3101/4821/2674 3100/4819/2747
f 3086/4820/2673 3102/4823/2676 3101/4821/2674
f 3087/4822/2675 3103/4825/2678 3102/4823/2676
f 3088/4824/2677 3104/4892/2724 3103/4825/2678
f 3089/4826/2750 3105/4829/2753 3072/4827/2801
f 3090/4828/2752 3106/4831/2755 3105/4829/2753
f 3091/4830/2802 3107/4833/2757 3106/4831/2755
f 3092/4832/2756 3108/4835/2803 3107/4833/2757
f 3093/4834/2758 3109/4837/2761 3108/4835/2803
f 3094/4836/2760 3110/4839/2763 3109/4837/2761
f 3095/4838/2762 3111/4841/2765 3110/4839/2763
f 3096/4840/2804 3112/4843/2767 3111/4841/2765
f 3097/4842/2766 3113/4845/2769 3112/4843/2767
f 3098/4844/2768 3114/4847/2771 3113/4845/2769
f 3099/4846/2805 3115/4849/2773 3114/4847/2771
f 3100/4848/2772 3116/4851/2806 3115/4849/2773
f 3101/4850/2688 3117/4853/2691 3116/4851/2806
f 3102/4852/2690 3118/4855/2693 3117/4853/2691
f 3103/4854/2692 3119/4857/2695 3118/4855/2693
f 3104/4856/2694 3120/4925/2801 3119/4857/2695
f 3105/4858/2775 3121/4861/2778 3088/4859/2776
f 3106/4860/2777 3122/4863/2780 3121/4861/2778
f 3107/4862/2779 3123/4865/2782 3122/4863/2780
f 3108/4864/2781 3124/5280/2784 3123/4865/2782
f 3109/4866/2783 3125/4870/2786 3124/4867/2784
f 3110/4869/2785 3126/4872/2788 3125/4870/2786
f 3111/4871/2787 3127/4874/2790 3126/4872/2788
f 3112/4873/2789 3128/4876/2792 3127/4874/2790
f 3113/4875/2791 3129/4878/2794 3128/4876/2792
f 3114/4877/2793 3130/4880/2796 3129/4878/2794
f 3115/4879/2795 3131/4882/2798 3130/4880/2796
f 3116/4881/2797 3132/4884/2716 3131/4882/2798
f 3117/4883/2715 3133/4886/2718 3132/4884/2716
f 3118/4885/2717 3134/4888/2720 3133/4886/2718
f 3119/4887/2719 3135/4890/2722 3134/4888/2720
f 3120/4889/2721 3136/4957/2776 3135/4890/2722
f 3121/4891/2723 3137/5281/2726 3104/4892/2724
f 3122/4893/2725 3138/4897/2728 3137/4894/2726
f 3123/4896/2727 3139/4899/2730 3138/4897/2728
f 3124/4898/2729 3140/4901/2732 3139/4899/2730
f 3125/4900/2731 3141/4903/2734 3140/4901/2732
f 3126/4902/2733 3142/4905/2736 3141/4903/2734
f 3127/4904/2735 3143/4907/2738 3142/4905/2736
f 3128/4906/2737 3144/4909/2740 3143/4907/2738
f 3129/4908/2739 3145/4911/2742 3144/4909/2740
f 3130/4910/2741 3146/4913/2744 3145/4911/2742
f 3131/4912/2743 3147/4915/2746 3146/4913/2744
f 3132/4914/2745 3148/4917/2747 3147/4915/2746
f 3133/4916/2672 3149/4919/2674 3148/4917/2747
f 3134/4918/2673 3150/4921/2676 3149/4919/2674
f 3135/4920/2749 3151/4923/2678 3150/4921/2676
f 3136/4922/2677 3152/4990/2724 3151/4923/2678
f 3137/4924/2750 3153/4927/2753 3120/4925/2801
f 3138/4926/2752 3154/4929/2755 3153/4927/2753
f 3139/4928/2802 3155/4931/2757 3154/4929/2755
f 3140/4930/2756 3156/4933/2803 3155/4931/2757
f 3141/4932/2758 3157/4935/2761 3156/4933/2803
f 3142/4934/2760 3158/4937/2763 3157/4935/2761
f 3143/4936/2807 3159/4939/2765 3158/4937/2763
f 3144/4938/2764 3160/4941/2767 3159/4939/2765
f 3145/4940/2808 3161/4943/2769 3160/4941/2767
f 3146/4942/2809 3162/4945/2771 3161/4943/2769
f 3147/4944/2770 3163/4947/2773 3162/4945/2771
f 3148/4946/2772 3164/4949/2774 3163/4947/2773
f 3149/4948/2688 3165/4951/2691 3164/4949/2774
f 3150/4950/2690 3166/4953/2693 3165/4951/2691
f 3151/4952/2692 3167/4955/2695 3166/4953/2693
f 3152/4954/2694 3168/5023/2801 3167/4955/2695
f 3153/4956/2775 3169/4959/2778 3136/4957/2776
f 3154/4958/2777 3170/4961/2780 3169/4959/2778
f 3155/4960/2779 3171/4963/2782 3170/4961/2780
f 3156/4962/2781 3172/5282/2784 3171/4963/2782
f 3157/4964/2783 3173/4968/2786 3172/4965/2784
f 3158/4967/2785 3174/4970/2788 3173/4968/2786
f 3159/4969/2787 3175/4972/2790 3174/4970/2788
f 3160/4971/2789 3176/4974/2792 3175/4972/2790
f 3161/4973/2791 3177/4976/2794 3176/4974/2792
f 3162/4975/2793 3178/4978/2796 3177/4976/2794
f 3163/4977/2795 3179/4980/2798 3178/4978/2796
f 3164/4979/2797 3180/4982/2716 3179/4980/2798
f 3165/4981/2715 3181/4984/2718 3180/4982/2716
f 3166/4983/2717 3182/4986/2720 3181/4984/2718
f 3167/4985/2719 3183/4988/2722 3182/4986/2720
f 3168/4987/2721 3184/5055/2776 3183/4988/2722
f 3169/4989/2723 3185/5283/2726 3152/4990/2724
f 3170/4991/2725 3186/4995/2728 3185/4992/2726
f 3171/4994/2810 3187/4997/2730 3186/4995/2728
f 3172/4996/2729 3188/4999/2732 3187/4997/2730
f 3173/4998/2731 3189/5001/2811 3188/4999/2732
f 3174/5000/2733 3190/5003/2736 3189/5001/2811
f 3175/5002/2799 3191/5005/2738 3190/5003/2736
f 3176/5004/2737 3192/5007/2740 3191/5005/2738
f 3177/5006/2739 3193/5009/2742 3192/5007/2740
f 3178/5008/2741 3194/5011/2744 3193/5009/2742
f 3179/5010/2743 3195/5013/2746 3194/5011/2744
f 3180/5012/2745 3196/5015/2747 3195/5013/2746
f 3181/5014/2672 3197/5017/2674 3196/5015/2747
f 3182/5016/2673 3198/5019/2676 3197/5017/2674
f 3183/5018/2675 3199/5021/2678 3198/5019/2676
f 3184/5020/2677 3200/5088/2724 3199/5021/2678
f 3185/5022/2750 3201/5025/2753 3168/5023/2801
f 3186/5024/2752 3202/5027/2755 3201/5025/2753
f 3187/5026/2754 3203/5029/2757 3202/5027/2755
f 3188/5028/2756 3204/5031/2803 3203/5029/2757
f 3189/5030/2758 3205/5033/2761 3204/5031/2803
f 3190/5032/2760 3206/5035/2763 3205/5033/2761
f 3191/5034/2762 3207/5037/2765 3206/5035/2763
f 3192/5036/2804 3208/5039/2767 3207/5037/2765
f 3193/5038/2766 3209/5041/2769 3208/5039/2767
f 3194/5040/2768 3210/5043/2771 3209/5041/2769
f 3195/5042/2805 3211/5045/2773 3210/5043/2771
f 3196/5044/2812 3212/5047/2806 3211/5045/2773
f 3197/5046/2688 3213/5049/2691 3212/5047/2806
f 3198/5048/2690 3214/5051/2693 3213/5049/2691
f 3199/5050/2692 3215/5053/2695 3214/5051/2693
f 3200/5052/2694 3216/5121/2801 3215/5053/2695
f 3201/5054/2775 3217/5057/2778 3184/5055/2776
f 3202/5056/2777 3218/5059/2780 3217/5057/2778
f 3203/5058/2779 3219/5061/2782 3218/5059/2780
f 3204/5060/2781 3220/5284/2784 3219/5061/2782
f 3205/5062/2783 3221/5066/2786 3220/5063/2784
f 3206/5065/2785 3222/5068/2788 3221/5066/2786
f 3207/5067/2787 3223/5070/2790 3222/5068/2788
f 3208/5069/2789 3224/5072/2792 3223/5070/2790
f 3209/5071/2791 3225/5074/2794 3224/5072/2792
f 3210/5073/2793 3226/5076/2796 3225/5074/2794
f 3211/5075/2795 3227/5078/2798 3226/5076/2796
f 3212/5077/2797 3228/5080/2716 3227/5078/2798
f 3213/5079/2715 3229/5082/2718 3228/5080/2716
f 3214/5081/2717 3230/5084/2720 3229/5082/2718
f 3215/5083/2719 3231/5086/2722 3230/5084/2720
f 3216/5085/2721 3232/5154/2776 3231/5086/2722
f 3217/5087/2723 3233/5285/2813 3200/5088/2724
f 3218/5089/2725 3234/5093/2728 3233/5090/2813
f 3219/5092/2810 3235/5095/2730 3234/5093/2728
f 3220/5094/2729 3236/5097/2732 3235/5095/2730
f 3221/5096/2731 3237/5099/2734 3236/5097/2732
f 3222/5098/2733 3238/5101/2736 3237/5099/2734
f 3223/5100/2799 3239/5103/2738 3238/5101/2736
f 3224/5102/2737 3240/5105/2740 3239/5103/2738
f 3225/5104/2739 3241/5107/2800 3240/5105/2740
f 3226/5106/2741 3242/5109/2744 3241/5107/2800
f 3227/5108/2743 3243/5111/2746 3242/5109/2744
f 3228/5110/2745 3244/5113/2815 3243/5111/2746
f 3229/5112/2814 3245/5115/2817 3244/5113/2815
f 3230/5114/2816 3246/5117/2819 3245/5115/2817
f 3231/5116/2818 3247/5119/2820 3246/5117/2819
f 3232/5118/2677 3248/5182/2724 3247/5119/2820
f 3233/5120/2750 3249/5123/2753 3216/5121/2801
f 3234/5122/2752 3250/5125/2755 3249/5123/2753
f 3235/5124/2754 3251/5127/2757 3250/5125/2755
f 3236/5126/2821 3252/5129/2803 3251/5127/2757
f 3237/5128/2758 3253/5131/2761 3252/5129/2803
f 3238/5130/2760 3254/5133/2763 3253/5131/2761
f 3239/5132/2807 3255/5135/2765 3254/5133/2763
f 3240/5134/2804 3256/5137/2823 3255/5135/2765
f 3241/5136/2822 3257/5139/2825 3256/5137/2823
f 3242/5138/2824 3258/5141/2827 3257/5139/2825
f 3243/5140/2826 3259/5143/2829 3258/5141/2827
f 3244/5142/2828 3260/5286/2900 3259/5143/2829
f 3261/5144/2830 3260/5286/2900 3244/5142/2828
f 3246/5146/2832 3294/5150/2835 3261/5147/2833
f 3247/5149/2834 3295/5152/2837 3294/5150/2835
f 3248/5151/2836 3289/5210/2855 3295/5152/2837
f 3249/5153/2775 3262/5156/2778 3232/5154/2776
f 3250/5155/2777 3263/5158/2780 3262/5156/2778
f 3251/5157/2779 3264/5160/2782 3263/5158/2780
f 3252/5159/2781 3265/5287/2784 3264/5160/2782
f 3253/5161/2783 3266/5165/2786 3265/5162/2784
f 3254/5164/2785 3267/5167/2788 3266/5165/2786
f 3255/5166/2787 3268/5169/2790 3267/5167/2788
f 3256/5168/2838 3269/5171/2840 3268/5169/2790
f 3257/5170/2839 3270/5173/2842 3269/5171/2840
f 3258/5172/2841 3271/5175/2844 3270/5173/2842
f 3259/5174/2843 3272/5177/2846 3271/5175/2844
f 3260/5176/2845 3273/5179/2848 3272/5177/2846
f 3261/5178/2847 3274/5288/2901 3273/5179/2848
f 3262/5181/2723 3275/5289/2813 3248/5182/2724
f 3263/5183/2725 3276/5187/2728 3275/5184/2813
f 3264/5186/2727 3277/5189/2730 3276/5187/2728
f 3265/5188/2729 3278/5191/2732 3277/5189/2730
f 3266/5190/2731 3279/5193/2734 3278/5191/2732
f 3267/5192/2733 3280/5195/2736 3279/5193/2734
f 3268/5194/2735 3281/5197/2738 3280/5195/2736
f 3269/5196/2737 3282/5199/2740 3281/5197/2738
f 3270/5198/2739 3283/5201/2742 3282/5199/2740
f 3271/5200/2741 3284/5203/2744 3283/5201/2742
f 3272/5202/2849 3285/5205/2851 3284/5203/2744
f 3273/5204/2850 3286/5207/2853 3285/5205/2851
f 3274/5206/2852 3287/5290/2902 3286/5207/2853
f 3275/5209/2854 3301/5212/2857 3289/5210/2855
f 3276/5211/2856 3302/5214/2859 3301/5212/2857
f 3277/5213/2858 3303/5216/2861 3302/5214/2859
f 3278/5215/2860 3299/5291/2903 3303/5216/2861
f 3300/5217/2862 3299/5291/2903 3278/5215/2860
f 3296/5219/2864 3300/5217/2862 3279/5218/2863
f 3297/5221/2866 3296/5219/2864 3280/5220/2865
f 3298/5223/2868 3297/5221/2866 3281/5222/2867
f 3290/5225/2870 3298/5223/2868 3282/5224/2869
f 3284/5227/2872 3291/5229/2874 3290/5225/2870
f 3285/5228/2873 3288/5235/2878 3291/5229/2874
f 3287/5230/2875 3293/5292/2904 3292/5231/2876
f 3286/5234/2877 3292/5293/2876 3288/5235/2878
f 2998/5236/2879 3304/5294/2879 3305/5237/2879
f 2999/5238/2880 3305/5237/2880 3306/5239/2880
f 3000/5240/2881 3306/5239/2881 3307/5241/2881
f 3006/5243/2882 3016/5295/2883 3313/5244/2883
f 3016/5246/2885 3015/5256/2885 3312/5247/2885
f 3001/4641/2669 3008/4643/2671 3309/5249/2671
f 3007/5251/2886 3308/5296/2886 3309/5252/2886
f 3006/5243/2882 3311/5245/2884 3308/5254/2887
f 3014/5242/2888 3307/5241/2888 3312/5247/2888
f 3310/5257/2889 3304/5294/2889 2998/5236/2889
f 3292/5259/2890 3293/5297/2905 3294/5260/2891
f 3291/5262/2893 3288/5261/2892 3294/5260/2891
f 3290/5264/2895 3291/5262/2893 3295/5263/2894
f 3290/5264/2895 3289/5265/2895 3301/5266/2895
f 3298/5267/2895 3301/5266/2895 3302/5268/2895
f 3296/5270/2895 3297/5269/2895 3302/5268/2895
f 3300/5272/2895 3296/5270/2895 3303/5271/2895
f 3453/5298/881 3450/5299/881 3452/5300/881
f 3572/5301/2906 3578/5302/2906 3571/5303/2906
f 3446/5304/2907 3452/5305/2907 3445/5306/2907
f 3757/5307/881 3321/5308/881 3755/5309/881
f 3750/5310/10 3322/5311/10 3757/5312/10
f 3315/5313/2908 3324/5314/2909 3322/5315/2908
f 3317/5316/2909 3326/5317/2910 3324/5314/2909
f 3337/5318/881 3335/5319/881 3336/5320/881
f 3320/5321/2911 3325/5322/2912 3327/5323/2911
f 3318/5324/2912 3323/5325/2913 3325/5322/2912
f 3466/5326/881 3465/5327/881 3464/5328/881
f 3593/5329/2914 3585/5330/2914 3586/5331/2914
f 3460/5332/2915 3466/5333/2915 3459/5334/2915
f 3323/5335/881 3335/5319/881 3321/5308/881
f 3316/5336/2916 3336/5337/2916 3323/5338/2916
f 3329/5339/2917 3338/5340/2918 3336/5341/2917
f 3331/5342/2918 3340/5343/2919 3338/5340/2918
f 3630/5344/881 3631/5345/881 3629/5346/881
f 3334/5347/2920 3339/5348/2921 3341/5349/2920
f 3332/5350/2921 3337/5351/2922 3339/5348/2921
f 3480/5352/881 3479/5353/881 3478/5354/881
f 3600/5355/2923 3606/5356/2923 3599/5357/2923
f 3481/5358/2924 3473/5359/2924 3474/5360/2924
f 3335/5319/881 3350/5361/881 3349/5362/881
f 3330/5363/2925 3350/5364/2925 3337/5365/2925
f 3343/5366/2926 3352/5367/2927 3350/5368/2926
f 3345/5369/2927 3354/5370/2928 3352/5367/2927
f 3364/5371/881 3365/5372/881 3363/5373/881
f 3348/5374/2929 3353/5375/2930 3355/5376/2929
f 3346/5377/2931 3351/5378/2932 3353/5375/2930
f 3495/5379/881 3492/5380/881 3494/5381/881
f 3614/5382/2933 3620/5383/2933 3613/5384/2933
f 3603/5385/881 3601/5386/881 3602/5387/881
f 3349/5362/881 3364/5371/881 3363/5373/881
f 3344/5388/2934 3364/5389/2934 3351/5390/2934
f 3357/5391/2935 3366/5392/2936 3364/5393/2935
f 3359/5394/2936 3368/5395/2937 3366/5392/2936
f 3378/5396/881 3379/5397/881 3377/5398/881
f 3362/5399/2938 3367/5400/2939 3369/5401/2938
f 3360/5402/2940 3365/5403/2941 3367/5400/2939
f 3509/5404/881 3506/5405/881 3508/5406/881
f 3628/5407/2942 3634/5408/2942 3627/5409/2942
f 3502/5410/2943 3508/5411/2943 3501/5412/2943
f 3365/5372/881 3377/5398/881 3363/5373/881
f 3673/5413/881 3671/5414/881 3672/5415/881
f 3358/5416/2944 3378/5417/2944 3365/5418/2944
f 3371/5419/2945 3380/5420/2946 3378/5421/2945
f 3373/5422/2947 3382/5423/2948 3380/5420/2946
f 3393/5424/881 3391/5425/881 3392/5426/881
f 3376/5427/2949 3381/5428/2950 3383/5429/2949
f 3374/5430/2950 3379/5431/2951 3381/5428/2950
f 3703/5432/881 3700/5433/881 3702/5434/881
f 3516/5435/2952 3522/5436/2952 3515/5437/2952
f 3379/5397/881 3391/5425/881 3377/5398/881
f 3372/5438/2953 3392/5439/2953 3379/5440/2953
f 3385/5441/2954 3394/5442/2955 3392/5443/2954
f 3387/5444/2956 3396/5445/2957 3394/5442/2955
f 3406/5446/881 3407/5447/881 3405/5448/881
f 3390/5449/2958 3395/5450/2959 3397/5451/2958
f 3388/5452/2959 3393/5453/2960 3395/5450/2959
f 3537/5454/881 3534/5455/881 3536/5456/881
f 3656/5457/2961 3662/5458/2961 3655/5459/2961
f 3715/5460/881 3716/5461/881 3717/5462/881
f 3393/5424/881 3405/5448/881 3391/5425/881
f 3386/5463/2962 3406/5464/2962 3393/5465/2962
f 3399/5466/2963 3408/5467/2964 3406/5468/2963
f 3401/5469/2964 3410/5470/2965 3408/5467/2964
f 3420/5471/881 3421/5472/881 3419/5473/881
f 3404/5474/2966 3409/5475/2967 3411/5476/2966
f 3402/5477/2967 3407/5478/2968 3409/5475/2967
f 3550/5479/881 3549/5480/881 3548/5481/881
f 3617/5482/881 3615/5483/881 3616/5484/881
f 3544/5485/2969 3550/5486/2969 3543/5487/2969
f 3405/5448/881 3420/5471/881 3419/5473/881
f 3400/5488/2970 3420/5489/2970 3407/5490/2970
f 3413/5491/2971 3422/5492/2972 3420/5493/2971
f 3415/5494/2972 3424/5495/2973 3422/5492/2972
f 3434/5496/881 3435/5497/881 3433/5498/881
f 3418/5499/2974 3423/5500/2975 3425/5501/2974
f 3416/5502/2976 3421/5503/2977 3423/5500/2975
f 3565/5504/881 3562/5505/881 3564/5506/881
f 3684/5507/2978 3690/5508/2978 3683/5509/2978
f 3558/5510/2979 3564/5511/2979 3557/5512/2979
f 3451/5513/881 3448/5514/881 3450/5299/881
f 3743/5515/881 3744/5516/881 3745/5517/881
f 3427/5518/2980 3436/5519/2981 3434/5520/2980
f 3429/5521/2982 3438/5522/2983 3436/5519/2981
f 3449/5523/881 3447/5524/881 3448/5514/881
f 3432/5525/2984 3437/5526/2985 3439/5527/2984
f 3430/5528/2985 3435/5529/2986 3437/5526/2985
f 3427/5530/68 3421/5531/68 3414/5532/68
f 3434/5496/881 3419/5473/881 3421/5472/881
f 3619/5533/881 3616/5484/881 3618/5534/881
f 3658/5535/881 3659/5536/881 3657/5537/881
f 3324/5538/881 3323/5335/881 3322/5539/881
f 3577/5540/881 3578/5541/881 3579/5542/881
f 3441/5543/2987 3450/5544/2988 3448/5545/2987
f 3443/5546/2988 3452/5547/2989 3450/5544/2988
f 3687/5548/881 3688/5549/881 3689/5550/881
f 3446/5551/2990 3451/5552/2991 3453/5553/2990
f 3444/5554/2991 3449/5555/2992 3451/5552/2991
f 3441/5556/2993 3435/5557/2993 3428/5558/2993
f 3435/5497/881 3447/5524/881 3433/5498/881
f 3712/5559/2994 3718/5560/2994 3711/5561/2994
f 3339/5562/881 3336/5320/881 3338/5563/881
f 3591/5564/881 3592/5565/881 3593/5566/881
f 3455/5567/2995 3464/5568/2996 3462/5569/2995
f 3457/5570/2996 3466/5571/2997 3464/5568/2996
f 3759/5572/881 3756/5573/881 3758/5574/881
f 3460/5575/2998 3465/5576/2999 3467/5577/2998
f 3458/5578/3000 3463/5579/3001 3465/5576/2999
f 3455/5580/3002 3449/5581/3002 3442/5582/3002
f 3462/5583/881 3447/5524/881 3449/5523/881
f 3659/5536/881 3660/5584/881 3661/5585/881
f 3726/5586/3003 3732/5587/3003 3725/5588/3003
f 3352/5589/881 3351/5590/881 3350/5361/881
f 3607/5591/881 3604/5592/881 3606/5593/881
f 3469/5594/3004 3478/5595/3005 3476/5596/3004
f 3471/5597/3005 3480/5598/3006 3478/5595/3005
f 3490/5599/881 3491/5600/881 3489/5601/881
f 3474/5602/3007 3479/5603/3008 3481/5604/3007
f 3472/5605/3009 3477/5606/3010 3479/5603/3008
f 3469/5607/3011 3463/5608/3011 3456/5609/3011
f 3476/5610/881 3461/5611/881 3463/5612/881
f 3705/5613/3012 3697/5614/3012 3698/5615/3012
f 3367/5616/881 3364/5371/881 3366/5617/881
f 3621/5618/881 3618/5534/881 3620/5619/881
f 3483/5620/3013 3492/5621/3014 3490/5622/3013
f 3485/5623/3014 3494/5624/3015 3492/5621/3014
f 3505/5625/881 3503/5626/881 3504/5627/881
f 3488/5628/3016 3493/5629/3017 3495/5630/3016
f 3486/5631/3017 3491/5632/3018 3493/5629/3017
f 3483/5633/3019 3477/5634/3019 3470/5635/3019
f 3490/5599/881 3475/5636/881 3477/5637/881
f 3761/5638/3020 3753/5639/3020 3754/5640/3020
f 3380/5641/881 3379/5397/881 3378/5396/881
f 3633/5642/881 3634/5643/881 3635/5644/881
f 3604/5592/881 3603/5385/881 3602/5387/881
f 3574/5645/881 3575/5646/881 3573/5647/881
f 3497/5648/3021 3506/5649/3022 3504/5650/3021
f 3499/5651/3023 3508/5652/3024 3506/5649/3022
f 3518/5653/881 3519/5654/881 3517/5655/881
f 3502/5656/3025 3507/5657/3026 3509/5658/3025
f 3500/5659/3026 3505/5660/3027 3507/5657/3026
f 3497/5661/3028 3491/5662/3028 3484/5663/3028
f 3491/5600/881 3503/5626/881 3489/5601/881
f 3410/5664/881 3409/5665/881 3408/5666/881
f 3395/5667/881 3392/5426/881 3394/5668/881
f 3649/5669/881 3646/5670/881 3648/5671/881
f 3511/5672/3029 3520/5673/3030 3518/5674/3029
f 3513/5675/3030 3522/5676/3031 3520/5673/3030
f 3644/5677/881 3645/5678/881 3643/5679/881
f 3516/5680/3032 3521/5681/3033 3523/5682/3032
f 3514/5683/3033 3519/5684/3034 3521/5681/3033
f 3511/5685/3035 3505/5686/3035 3498/5687/3035
f 3505/5625/881 3517/5655/881 3503/5626/881
f 3408/5666/881 3407/5447/881 3406/5446/881
f 3661/5585/881 3662/5688/881 3663/5689/881
f 3647/5690/881 3644/5677/881 3646/5670/881
f 3525/5691/3036 3534/5692/3037 3532/5693/3036
f 3527/5694/3037 3536/5695/3038 3534/5692/3037
f 3546/5696/881 3547/5697/881 3545/5698/881
f 3530/5699/3039 3535/5700/3040 3537/5701/3039
f 3528/5702/3040 3533/5703/3041 3535/5700/3040
f 3525/5704/3042 3519/5705/3042 3512/5706/3042
f 3532/5707/881 3517/5655/881 3519/5654/881
f 3438/5708/881 3437/5709/881 3436/5710/881
f 3423/5711/881 3420/5471/881 3422/5712/881
f 3677/5713/881 3674/5714/881 3676/5715/881
f 3539/5716/3043 3548/5717/3044 3546/5718/3043
f 3541/5719/3045 3550/5720/3046 3548/5717/3044
f 3561/5721/881 3559/5722/881 3560/5723/881
f 3544/5724/3047 3549/5725/3048 3551/5726/3047
f 3542/5727/3048 3547/5728/3049 3549/5725/3048
f 3539/5729/299 3533/5730/299 3526/5731/299
f 3546/5696/881 3531/5732/881 3533/5733/881
f 3589/5734/881 3587/5735/881 3588/5736/881
f 3436/5710/881 3435/5497/881 3434/5496/881
f 3689/5550/881 3690/5737/881 3691/5738/881
f 3553/5739/3050 3562/5740/3051 3560/5741/3050
f 3555/5742/3051 3564/5743/3052 3562/5740/3051
f 3558/5744/3053 3563/5745/3054 3565/5746/3053
f 3556/5747/3054 3561/5748/3055 3563/5745/3054
f 3553/5749/3056 3547/5750/3056 3540/5751/3056
f 3547/5697/881 3559/5722/881 3545/5698/881
f 3320/5752/3057 3326/5753/3057 3319/5754/3057
f 3463/5612/881 3464/5328/881 3465/5327/881
f 3567/5755/3058 3576/5756/3059 3574/5757/3058
f 3569/5758/3059 3578/5759/3060 3576/5756/3059
f 3572/5760/3061 3577/5761/3062 3579/5762/3061
f 3570/5763/3063 3575/5764/3064 3577/5761/3062
f 3567/5765/3065 3561/5766/3065 3554/5767/3065
f 3574/5645/881 3559/5722/881 3561/5721/881
f 3591/5564/881 3588/5736/881 3590/5768/881
f 3719/5769/881 3716/5461/881 3718/5770/881
f 3479/5353/881 3476/5610/881 3478/5354/881
f 3581/5771/3066 3590/5772/3067 3588/5773/3066
f 3583/5774/3067 3592/5775/3068 3590/5772/3067
f 3586/5776/3069 3591/5777/3070 3593/5778/3069
f 3584/5779/3071 3589/5780/3072 3591/5777/3070
f 3581/5781/3073 3575/5782/3073 3568/5783/3073
f 3588/5736/881 3573/5647/881 3575/5646/881
f 3733/5784/881 3730/5785/881 3732/5786/881
f 3488/5787/3074 3494/5788/3074 3487/5789/3074
f 3491/5600/881 3492/5380/881 3493/5790/881
f 3595/5791/3075 3604/5792/3076 3602/5793/3075
f 3597/5794/3077 3606/5795/3078 3604/5792/3076
f 3600/5796/3079 3605/5797/3080 3607/5798/3079
f 3598/5799/3080 3603/5800/3081 3605/5797/3080
f 3595/5801/3082 3589/5802/3082 3582/5803/3082
f 3602/5387/881 3587/5735/881 3589/5734/881
f 3745/5517/881 3746/5804/881 3747/5805/881
f 3348/5806/3083 3354/5807/3083 3347/5808/3083
f 3670/5809/3084 3676/5810/3084 3669/5811/3084
f 3507/5812/881 3504/5627/881 3506/5405/881
f 3609/5813/3085 3618/5814/3086 3616/5815/3085
f 3611/5816/3087 3620/5817/3088 3618/5814/3086
f 3731/5818/881 3728/5819/881 3730/5785/881
f 3614/5820/3089 3619/5821/3090 3621/5822/3089
f 3612/5823/3090 3617/5824/3091 3619/5821/3090
f 3609/5825/3092 3603/5826/3092 3596/5827/3092
f 3603/5385/881 3615/5483/881 3601/5386/881
f 3390/5828/3093 3396/5829/3093 3389/5830/3093
f 3649/5831/3094 3641/5832/3094 3642/5833/3094
f 3350/5361/881 3351/5590/881 3349/5362/881
f 3563/5834/881 3560/5723/881 3562/5505/881
f 3519/5654/881 3520/5835/881 3521/5836/881
f 3623/5837/3095 3632/5838/3096 3630/5839/3095
f 3625/5840/3096 3634/5841/3097 3632/5838/3096
f 3575/5646/881 3576/5842/881 3577/5540/881
f 3628/5843/3098 3633/5844/3099 3635/5845/3098
f 3626/5846/3099 3631/5847/3100 3633/5844/3099
f 3623/5848/3101 3617/5849/3101 3610/5850/3101
f 3617/5482/881 3629/5346/881 3615/5483/881
f 3675/5851/881 3672/5415/881 3674/5714/881
f 3425/5852/881 3422/5712/881 3424/5853/881
f 3532/5707/881 3533/5733/881 3531/5732/881
f 3535/5854/881 3532/5707/881 3534/5455/881
f 3637/5855/3102 3646/5856/3103 3644/5857/3102
f 3639/5858/3103 3648/5859/3104 3646/5856/3103
f 3642/5860/3105 3647/5861/3106 3649/5862/3105
f 3640/5863/3107 3645/5864/3108 3647/5861/3106
f 3637/5865/3109 3631/5866/3109 3624/5867/3109
f 3644/5677/881 3629/5346/881 3631/5345/881
f 3425/5868/3110 3417/5869/3110 3418/5870/3110
f 3376/5871/3111 3382/5872/3111 3375/5873/3111
f 3645/5678/881 3657/5537/881 3643/5679/881
f 3714/5874/881 3715/5460/881 3713/5875/881
f 3547/5697/881 3548/5481/881 3549/5480/881
f 3638/5876/33 3658/5877/33 3645/5878/33
f 3651/5879/3112 3660/5880/3113 3658/5881/3112
f 3653/5882/3114 3662/5883/3115 3660/5880/3113
f 3656/5884/3116 3661/5885/3117 3663/5886/3116
f 3654/5887/3117 3659/5888/3118 3661/5885/3117
f 3432/5889/3119 3438/5890/3119 3431/5891/3119
f 3659/5536/881 3671/5414/881 3657/5537/881
f 3404/5892/3120 3410/5893/3120 3403/5894/3120
f 3631/5345/881 3632/5895/881 3633/5642/881
f 3652/5896/3121 3672/5897/3121 3659/5898/3121
f 3665/5899/3122 3674/5900/3123 3672/5901/3122
f 3667/5902/3123 3676/5903/3124 3674/5900/3123
f 3670/5904/3125 3675/5905/3126 3677/5906/3125
f 3668/5907/3126 3673/5908/3127 3675/5905/3126
f 3671/5414/881 3686/5909/881 3685/5910/881
f 3462/5583/881 3463/5612/881 3461/5611/881
f 3686/5909/881 3687/5548/881 3685/5910/881
f 3666/5911/3128 3686/5912/3128 3673/5913/3128
f 3679/5914/3129 3688/5915/3130 3686/5916/3129
f 3681/5917/3130 3690/5918/3131 3688/5915/3130
f 3701/5919/881 3699/5920/881 3700/5433/881
f 3684/5921/3132 3689/5922/3133 3691/5923/3132
f 3682/5924/3134 3687/5925/3135 3689/5922/3133
f 3685/5910/881 3700/5433/881 3699/5920/881
f 3326/5926/881 3325/5927/881 3324/5538/881
f 3522/5928/881 3521/5836/881 3520/5835/881
f 3334/5929/3136 3340/5930/3136 3333/5931/3136
f 3680/5932/3137 3700/5933/3137 3687/5934/3137
f 3693/5935/3138 3702/5936/3139 3700/5937/3138
f 3695/5938/3139 3704/5939/3140 3702/5936/3139
f 3740/5940/3141 3746/5941/3141 3739/5942/3141
f 3698/5943/3142 3703/5944/3143 3705/5945/3142
f 3696/5946/3144 3701/5947/3145 3703/5944/3143
f 3701/5919/881 3713/5875/881 3699/5920/881
f 3341/5948/881 3338/5563/881 3340/5949/881
f 3537/5950/3146 3529/5951/3146 3530/5952/3146
f 3694/5953/3147 3714/5954/3147 3701/5955/3147
f 3707/5956/3148 3716/5957/3149 3714/5958/3148
f 3709/5959/3150 3718/5960/3151 3716/5957/3149
f 3729/5961/881 3727/5962/881 3728/5819/881
f 3712/5963/3152 3717/5964/3153 3719/5965/3152
f 3710/5966/3153 3715/5967/3154 3717/5964/3153
f 3761/5968/881 3758/5574/881 3760/5969/881
f 3715/5460/881 3727/5962/881 3713/5875/881
f 3354/5970/881 3353/5971/881 3352/5589/881
f 3708/5972/3155 3728/5973/3155 3715/5974/3155
f 3721/5975/3156 3730/5976/3157 3728/5977/3156
f 3723/5978/3158 3732/5979/3159 3730/5976/3157
f 3742/5980/881 3743/5515/881 3741/5981/881
f 3726/5982/3160 3731/5983/3161 3733/5984/3160
f 3724/5985/3161 3729/5986/3162 3731/5983/3161
f 3729/5961/881 3741/5981/881 3727/5962/881
f 3368/5987/881 3367/5616/881 3366/5617/881
f 3703/5432/881 3704/5988/881 3705/5989/881
f 3722/5990/3163 3742/5991/3163 3729/5992/3163
f 3735/5993/3164 3744/5994/3165 3742/5995/3164
f 3737/5996/3165 3746/5997/3166 3744/5994/3165
f 3756/5573/881 3757/5307/881 3755/5309/881
f 3740/5998/3167 3745/5999/3168 3747/6000/3167
f 3738/6001/3168 3743/6002/3169 3745/5999/3168
f 3369/6003/3170 3361/6004/3170 3362/6005/3170
f 3741/5981/881 3756/5573/881 3755/5309/881
f 3383/6006/881 3380/5641/881 3382/6007/881
f 3476/5610/881 3477/5637/881 3475/5636/881
f 3736/6008/3171 3756/6009/3171 3743/6010/3171
f 3749/6011/3172 3758/6012/3173 3756/6013/3172
f 3751/6014/3173 3760/6015/3174 3758/6012/3173
f 3397/6016/881 3394/5668/881 3396/6017/881
f 3754/6018/3175 3759/6019/3176 3761/6020/3175
f 3752/6021/3177 3757/6022/3178 3759/6019/3176
f 3412/6023/3094 3433/6024/2961 3426/6025/2961
f 3398/6026/2942 3419/6027/3094 3412/6023/3094
f 3384/6028/2933 3405/6029/2942 3398/6026/2942
f 3370/6030/2923 3391/6031/2933 3384/6028/2933
f 3356/6032/2914 3377/6033/2923 3370/6030/2923
f 3342/6034/2906 3363/6035/2914 3356/6032/2914
f 3328/6036/2979 3349/6037/2906 3342/6034/2906
f 3314/6038/2969 3335/6039/2979 3328/6036/2979
f 3748/6040/3146 3321/6041/2969 3314/6038/2969
f 3734/6042/2952 3755/6043/3146 3748/6040/3146
f 3720/6044/2943 3741/6045/2952 3734/6042/2952
f 3706/6046/3074 3727/6047/2943 3720/6044/2943
f 3692/6048/2924 3713/6049/3074 3706/6046/3074
f 3678/6050/2915 3699/6051/2924 3692/6048/2924
f 3664/6052/2907 3685/6053/2915 3678/6050/2915
f 3650/6054/3119 3671/6055/2907 3664/6052/2907
f 3636/6056/3110 3657/6057/3119 3650/6054/3119
f 3622/6058/3120 3643/6059/3110 3636/6056/3110
f 3608/6060/3093 3629/6061/3120 3622/6058/3120
f 3594/6062/3111 3615/6063/3093 3608/6060/3093
f 3580/6064/3170 3601/6065/3111 3594/6062/3111
f 3566/6066/3083 3587/6067/3170 3580/6064/3170
f 3552/6068/3136 3573/6069/3083 3566/6066/3083
f 3538/6070/3057 3559/6071/3136 3552/6068/3136
f 3524/6072/3020 3545/6073/3057 3538/6070/3057
f 3510/6074/3141 3531/6075/3020 3524/6072/3020
f 3496/6076/3003 3517/6077/3141 3510/6074/3141
f 3482/6078/2994 3503/6079/3003 3496/6076/3003
f 3468/6080/3012 3489/6081/2994 3482/6078/2994
f 3454/6082/2978 3475/6083/3012 3468/6080/3012
f 3440/6084/3084 3461/6085/2978 3454/6082/2978
f 3426/6025/2961 3447/6086/3084 3440/6084/3084
f 3815/6087/68 3762/6088/68 3778/6089/68
f 3809/6090/33 3771/6091/33 3769/6092/33
f 3772/6093/1941 3812/6094/1941 3774/6095/1941
f 3813/6096/1930 3777/6097/1930 3775/6098/1930
f 3807/6099/1938 3768/6100/1938 3766/6101/1938
f 3767/6102/3179 3773/6103/3180 3770/6104/3181
f 3805/6105/1917 3765/6106/1917 3763/6107/1917
f 3815/6087/881 3800/6108/881 3814/6109/881
f 3766/6101/33 3785/6110/33 3807/6099/33
f 3810/6111/881 3793/6112/881 3792/6113/881
f 3812/6094/33 3799/6114/33 3774/6095/33
f 3807/6099/881 3784/6115/881 3806/6116/881
f 3808/6117/1917 3791/6118/1917 3768/6100/1917
f 3811/6119/1930 3794/6120/1930 3793/6112/1930
f 3815/6087/1917 3802/6121/1917 3801/6122/1917
f 3806/6116/68 3787/6123/68 3765/6106/68
f 3810/6111/1938 3795/6124/1938 3771/6091/1938
f 3809/6090/881 3788/6125/881 3808/6117/881
f 3777/6097/1941 3800/6108/1941 3803/6126/1941
f 3804/6127/1930 3781/6128/1930 3762/6088/1930
f 3813/6096/881 3796/6129/881 3812/6094/881
f 3769/6092/1941 3789/6130/1941 3809/6090/1941
f 3805/6105/881 3782/6131/881 3804/6127/881
f 3775/6098/68 3797/6132/68 3813/6096/68
f 3805/6105/1938 3780/6133/1938 3783/6134/1938
f 3764/6135/3182 3805/6136/3183 3804/6137/3184
f 3767/6102/3179 3807/6138/3185 3806/6139/3186
f 3770/6104/3181 3809/6140/3187 3808/6141/3188
f 3773/6103/3180 3811/6142/3189 3810/6143/3190
f 3776/6144/3191 3813/6145/3192 3812/6146/3193
f 3779/6147/3194 3815/6148/3195 3814/6149/3196
f 3764/6135/3182 3806/6139/3186 3805/6136/3183
f 3764/6135/3182 3815/6148/3195 3779/6147/3194
f 3767/6102/3179 3808/6141/3188 3807/6138/3185
f 3779/6147/3194 3813/6145/3192 3776/6144/3191
f 3773/6103/3180 3812/6146/3193 3811/6142/3189
f 3770/6104/3181 3810/6143/3190 3809/6140/3187
f 3322/5539/881 3323/5335/881 3321/5308/881
f 3764/6135/3182 3776/6144/3191 3767/6102/3179
f 3453/5298/881 3451/5513/881 3450/5299/881
f 3572/5301/2906 3579/6150/2906 3578/5302/2906
f 3446/5304/2907 3453/6151/2907 3452/5305/2907
f 3757/5307/881 3322/5539/881 3321/5308/881
f 3750/5310/10 3315/6152/10 3322/5311/10
f 3315/5313/2908 3317/5316/2909 3324/5314/2909
f 3317/5316/2909 3319/6153/2910 3326/5317/2910
f 3320/5321/2911 3318/5324/2912 3325/5322/2912
f 3318/5324/2912 3316/6154/2913 3323/5325/2913
f 3466/5326/881 3467/6155/881 3465/5327/881
f 3593/5329/2914 3592/6156/2914 3585/5330/2914
f 3460/5332/2915 3467/6157/2915 3466/5333/2915
f 3323/5335/881 3336/5320/881 3335/5319/881
f 3316/5336/2916 3329/6158/2916 3336/5337/2916
f 3329/5339/2917 3331/5342/2918 3338/5340/2918
f 3331/5342/2918 3333/6159/2919 3340/5343/2919
f 3334/5347/2920 3332/5350/2921 3339/5348/2921
f 3332/5350/2921 3330/6160/2922 3337/5351/2922
f 3480/5352/881 3481/6161/881 3479/5353/881
f 3600/5355/2923 3607/6162/2923 3606/5356/2923
f 3481/5358/2924 3480/6163/2924 3473/5359/2924
f 3335/5319/881 3337/5318/881 3350/5361/881
f 3330/5363/2925 3343/6164/2925 3350/5364/2925
f 3343/5366/2926 3345/5369/2927 3352/5367/2927
f 3345/5369/2927 3347/6165/2928 3354/5370/2928
f 3348/5374/2929 3346/5377/2931 3353/5375/2930
f 3346/5377/2931 3344/6166/2932 3351/5378/2932
f 3495/5379/881 3493/5790/881 3492/5380/881
f 3614/5382/2933 3621/6167/2933 3620/5383/2933
f 3349/5362/881 3351/5590/881 3364/5371/881
f 3344/5388/2934 3357/6168/2934 3364/5389/2934
f 3357/5391/2935 3359/5394/2936 3366/5392/2936
f 3359/5394/2936 3361/6169/2937 3368/5395/2937
f 3362/5399/2938 3360/5402/2940 3367/5400/2939
f 3360/5402/2940 3358/6170/3197 3365/5403/2941
f 3509/5404/881 3507/5812/881 3506/5405/881
f 3628/5407/2942 3635/6171/2942 3634/5408/2942
f 3502/5410/2943 3509/6172/2943 3508/5411/2943
f 3365/5372/881 3378/5396/881 3377/5398/881
f 3358/5416/2944 3371/6173/2944 3378/5417/2944
f 3371/5419/2945 3373/5422/2947 3380/5420/2946
f 3373/5422/2947 3375/6174/2948 3382/5423/2948
f 3376/5427/2949 3374/5430/2950 3381/5428/2950
f 3374/5430/2950 3372/6175/2951 3379/5431/2951
f 3703/5432/881 3701/5919/881 3700/5433/881
f 3516/5435/2952 3523/6176/2952 3522/5436/2952
f 3379/5397/881 3392/5426/881 3391/5425/881
f 3372/5438/2953 3385/6177/2953 3392/5439/2953
f 3385/5441/2954 3387/5444/2956 3394/5442/2955
f 3387/5444/2956 3389/6178/2957 3396/5445/2957
f 3390/5449/2958 3388/5452/2959 3395/5450/2959
f 3388/5452/2959 3386/6179/2960 3393/5453/2960
f 3537/5454/881 3535/5854/881 3534/5455/881
f 3656/5457/2961 3663/6180/2961 3662/5458/2961
f 3715/5460/881 3714/5874/881 3716/5461/881
f 3393/5424/881 3406/5446/881 3405/5448/881
f 3386/5463/2962 3399/6181/2962 3406/5464/2962
f 3399/5466/2963 3401/5469/2964 3408/5467/2964
f 3401/5469/2964 3403/6182/2965 3410/5470/2965
f 3404/5474/2966 3402/5477/2967 3409/5475/2967
f 3402/5477/2967 3400/6183/2968 3407/5478/2968
f 3550/5479/881 3551/6184/881 3549/5480/881
f 3544/5485/2969 3551/6185/2969 3550/5486/2969
f 3405/5448/881 3407/5447/881 3420/5471/881
f 3400/5488/2970 3413/6186/2970 3420/5489/2970
f 3413/5491/2971 3415/5494/2972 3422/5492/2972
f 3415/5494/2972 3417/6187/2973 3424/5495/2973
f 3418/5499/2974 3416/5502/2976 3423/5500/2975
f 3416/5502/2976 3414/6188/2977 3421/5503/2977
f 3565/5504/881 3563/5834/881 3562/5505/881
f 3684/5507/2978 3691/6189/2978 3690/5508/2978
f 3558/5510/2979 3565/6190/2979 3564/5511/2979
f 3451/5513/881 3449/5523/881 3448/5514/881
f 3743/5515/881 3742/5980/881 3744/5516/881
f 3427/5518/2980 3429/5521/2982 3436/5519/2981
f 3429/5521/2982 3431/6191/2983 3438/5522/2983
f 3432/5525/2984 3430/5528/2985 3437/5526/2985
f 3430/5528/2985 3428/6192/2986 3435/5529/2986
f 3427/5530/68 3434/6193/68 3421/5531/68
f 3434/5496/881 3433/5498/881 3419/5473/881
f 3619/5533/881 3617/5482/881 3616/5484/881
f 3324/5538/881 3325/5927/881 3323/5335/881
f 3577/5540/881 3576/5842/881 3578/5541/881
f 3441/5543/2987 3443/5546/2988 3450/5544/2988
f 3443/5546/2988 3445/6194/2989 3452/5547/2989
f 3687/5548/881 3686/5909/881 3688/5549/881
f 3446/5551/2990 3444/5554/2991 3451/5552/2991
f 3444/5554/2991 3442/6195/2992 3449/5555/2992
f 3441/5556/2993 3448/6196/2993 3435/5557/2993
f 3435/5497/881 3448/5514/881 3447/5524/881
f 3712/5559/2994 3719/6197/2994 3718/5560/2994
f 3339/5562/881 3337/5318/881 3336/5320/881
f 3591/5564/881 3590/5768/881 3592/5565/881
f 3455/5567/2995 3457/5570/2996 3464/5568/2996
f 3457/5570/2996 3459/6198/2997 3466/5571/2997
f 3759/5572/881 3757/5307/881 3756/5573/881
f 3460/5575/2998 3458/5578/3000 3465/5576/2999
f 3458/5578/3000 3456/6199/3001 3463/5579/3001
f 3455/5580/3002 3462/6200/3002 3449/5581/3002
f 3462/5583/881 3461/5611/881 3447/5524/881
f 3659/5536/881 3658/5535/881 3660/5584/881
f 3726/5586/3003 3733/6201/3003 3732/5587/3003
f 3352/5589/881 3353/5971/881 3351/5590/881
f 3607/5591/881 3605/6202/881 3604/5592/881
f 3469/5594/3004 3471/5597/3005 3478/5595/3005
f 3471/5597/3005 3473/6203/3006 3480/5598/3006
f 3474/5602/3007 3472/5605/3009 3479/5603/3008
f 3472/5605/3009 3470/6204/3010 3477/5606/3010
f 3469/5607/3011 3476/6205/3011 3463/5608/3011
f 3476/5610/881 3475/5636/881 3461/5611/881
f 3705/5613/3012 3704/6206/3012 3697/5614/3012
f 3367/5616/881 3365/5372/881 3364/5371/881
f 3621/5618/881 3619/5533/881 3618/5534/881
f 3483/5620/3013 3485/5623/3014 3492/5621/3014
f 3485/5623/3014 3487/6207/3015 3494/5624/3015
f 3488/5628/3016 3486/5631/3017 3493/5629/3017
f 3486/5631/3017 3484/6208/3018 3491/5632/3018
f 3483/5633/3019 3490/6209/3019 3477/5634/3019
f 3490/5599/881 3489/5601/881 3475/5636/881
f 3761/5638/3020 3760/6210/3020 3753/5639/3020
f 3380/5641/881 3381/6211/881 3379/5397/881
f 3633/5642/881 3632/5895/881 3634/5643/881
f 3604/5592/881 3605/6202/881 3603/5385/881
f 3497/5648/3021 3499/5651/3023 3506/5649/3022
f 3499/5651/3023 3501/6212/3024 3508/5652/3024
f 3502/5656/3025 3500/5659/3026 3507/5657/3026
f 3500/5659/3026 3498/6213/3027 3505/5660/3027
f 3497/5661/3028 3504/6214/3028 3491/5662/3028
f 3491/5600/881 3504/5627/881 3503/5626/881
f 3410/5664/881 3411/6215/881 3409/5665/881
f 3395/5667/881 3393/5424/881 3392/5426/881
f 3649/5669/881 3647/5690/881 3646/5670/881
f 3511/5672/3029 3513/5675/3030 3520/5673/3030
f 3513/5675/3030 3515/6216/3031 3522/5676/3031
f 3516/5680/3032 3514/5683/3033 3521/5681/3033
f 3514/5683/3033 3512/6217/3034 3519/5684/3034
f 3511/5685/3035 3518/6218/3035 3505/5686/3035
f 3505/5625/881 3518/5653/881 3517/5655/881
f 3408/5666/881 3409/5665/881 3407/5447/881
f 3661/5585/881 3660/5584/881 3662/5688/881
f 3647/5690/881 3645/5678/881 3644/5677/881
f 3525/5691/3036 3527/5694/3037 3534/5692/3037
f 3527/5694/3037 3529/6219/3038 3536/5695/3038
f 3530/5699/3039 3528/5702/3040 3535/5700/3040
f 3528/5702/3040 3526/6220/3041 3533/5703/3041
f 3525/5704/3042 3532/6221/3042 3519/5705/3042
f 3532/5707/881 3531/5732/881 3517/5655/881
f 3438/5708/881 3439/6222/881 3437/5709/881
f 3423/5711/881 3421/5472/881 3420/5471/881
f 3677/5713/881 3675/5851/881 3674/5714/881
f 3539/5716/3043 3541/5719/3045 3548/5717/3044
f 3541/5719/3045 3543/6223/3046 3550/5720/3046
f 3544/5724/3047 3542/5727/3048 3549/5725/3048
f 3542/5727/3048 3540/6224/3049 3547/5728/3049
f 3539/5729/299 3546/6225/299 3533/5730/299
f 3546/5696/881 3545/5698/881 3531/5732/881
f 3436/5710/881 3437/5709/881 3435/5497/881
f 3689/5550/881 3688/5549/881 3690/5737/881
f 3553/5739/3050 3555/5742/3051 3562/5740/3051
f 3555/5742/3051 3557/6226/3052 3564/5743/3052
f 3558/5744/3053 3556/5747/3054 3563/5745/3054
f 3556/5747/3054 3554/6227/3055 3561/5748/3055
f 3553/5749/3056 3560/6228/3056 3547/5750/3056
f 3547/5697/881 3560/5723/881 3559/5722/881
f 3320/5752/3057 3327/6229/3057 3326/5753/3057
f 3463/5612/881 3462/5583/881 3464/5328/881
f 3567/5755/3058 3569/5758/3059 3576/5756/3059
f 3569/5758/3059 3571/6230/3060 3578/5759/3060
f 3572/5760/3061 3570/5763/3063 3577/5761/3062
f 3570/5763/3063 3568/6231/3064 3575/5764/3064
f 3567/5765/3065 3574/6232/3065 3561/5766/3065
f 3574/5645/881 3573/5647/881 3559/5722/881
f 3591/5564/881 3589/5734/881 3588/5736/881
f 3719/5769/881 3717/5462/881 3716/5461/881
f 3479/5353/881 3477/5637/881 3476/5610/881
f 3581/5771/3066 3583/5774/3067 3590/5772/3067
f 3583/5774/3067 3585/6233/3068 3592/5775/3068
f 3586/5776/3069 3584/5779/3071 3591/5777/3070
f 3584/5779/3071 3582/6234/3072 3589/5780/3072
f 3581/5781/3073 3588/6235/3073 3575/5782/3073
f 3588/5736/881 3587/5735/881 3573/5647/881
f 3733/5784/881 3731/5818/881 3730/5785/881
f 3488/5787/3074 3495/6236/3074 3494/5788/3074
f 3491/5600/881 3490/5599/881 3492/5380/881
f 3595/5791/3075 3597/5794/3077 3604/5792/3076
f 3597/5794/3077 3599/6237/3078 3606/5795/3078
f 3600/5796/3079 3598/5799/3080 3605/5797/3080
f 3598/5799/3080 3596/6238/3081 3603/5800/3081
f 3595/5801/3082 3602/6239/3082 3589/5802/3082
f 3602/5387/881 3601/5386/881 3587/5735/881
f 3745/5517/881 3744/5516/881 3746/5804/881
f 3348/5806/3083 3355/6240/3083 3354/5807/3083
f 3670/5809/3084 3677/6241/3084 3676/5810/3084
f 3507/5812/881 3505/5625/881 3504/5627/881
f 3609/5813/3085 3611/5816/3087 3618/5814/3086
f 3611/5816/3087 3613/6242/3088 3620/5817/3088
f 3731/5818/881 3729/5961/881 3728/5819/881
f 3614/5820/3089 3612/5823/3090 3619/5821/3090
f 3612/5823/3090 3610/6243/3091 3617/5824/3091
f 3609/5825/3092 3616/6244/3092 3603/5826/3092
f 3603/5385/881 3616/5484/881 3615/5483/881
f 3390/5828/3093 3397/6245/3093 3396/5829/3093
f 3649/5831/3094 3648/6246/3094 3641/5832/3094
f 3563/5834/881 3561/5721/881 3560/5723/881
f 3519/5654/881 3518/5653/881 3520/5835/881
f 3623/5837/3095 3625/5840/3096 3632/5838/3096
f 3625/5840/3096 3627/6247/3097 3634/5841/3097
f 3575/5646/881 3574/5645/881 3576/5842/881
f 3628/5843/3098 3626/5846/3099 3633/5844/3099
f 3626/5846/3099 3624/6248/3100 3631/5847/3100
f 3623/5848/3101 3630/6249/3101 3617/5849/3101
f 3617/5482/881 3630/5344/881 3629/5346/881
f 3675/5851/881 3673/5413/881 3672/5415/881
f 3425/5852/881 3423/5711/881 3422/5712/881
f 3535/5854/881 3533/5733/881 3532/5707/881
f 3637/5855/3102 3639/5858/3103 3646/5856/3103
f 3639/5858/3103 3641/6250/3104 3648/5859/3104
f 3642/5860/3105 3640/5863/3107 3647/5861/3106
f 3640/5863/3107 3638/6251/3108 3645/5864/3108
f 3637/5865/3109 3644/6252/3109 3631/5866/3109
f 3644/5677/881 3643/5679/881 3629/5346/881
f 3425/5868/3110 3424/6253/3110 3417/5869/3110
f 3376/5871/3111 3383/6254/3111 3382/5872/3111
f 3645/5678/881 3658/5535/881 3657/5537/881
f 3547/5697/881 3546/5696/881 3548/5481/881
f 3638/5876/33 3651/6255/33 3658/5877/33
f 3651/5879/3112 3653/5882/3114 3660/5880/3113
f 3653/5882/3114 3655/6256/3115 3662/5883/3115
f 3656/5884/3116 3654/5887/3117 3661/5885/3117
f 3654/5887/3117 3652/6257/3118 3659/5888/3118
f 3432/5889/3119 3439/6258/3119 3438/5890/3119
f 3659/5536/881 3672/5415/881 3671/5414/881
f 3404/5892/3120 3411/6259/3120 3410/5893/3120
f 3631/5345/881 3630/5344/881 3632/5895/881
f 3652/5896/3121 3665/6260/3121 3672/5897/3121
f 3665/5899/3122 3667/5902/3123 3674/5900/3123
f 3667/5902/3123 3669/6261/3124 3676/5903/3124
f 3670/5904/3125 3668/5907/3126 3675/5905/3126
f 3668/5907/3126 3666/6262/3127 3673/5908/3127
f 3671/5414/881 3673/5413/881 3686/5909/881
f 3666/5911/3128 3679/6263/3128 3686/5912/3128
f 3679/5914/3129 3681/5917/3130 3688/5915/3130
f 3681/5917/3130 3683/6264/3131 3690/5918/3131
f 3684/5921/3132 3682/5924/3134 3689/5922/3133
f 3682/5924/3134 3680/6265/3135 3687/5925/3135
f 3685/5910/881 3687/5548/881 3700/5433/881
f 3326/5926/881 3327/6266/881 3325/5927/881
f 3522/5928/881 3523/6267/881 3521/5836/881
f 3334/5929/3136 3341/6268/3136 3340/5930/3136
f 3680/5932/3137 3693/6269/3137 3700/5933/3137
f 3693/5935/3138 3695/5938/3139 3702/5936/3139
f 3695/5938/3139 3697/6270/3140 3704/5939/3140
f 3740/5940/3141 3747/6271/3141 3746/5941/3141
f 3698/5943/3142 3696/5946/3144 3703/5944/3143
f 3696/5946/3144 3694/6272/3145 3701/5947/3145
f 3701/5919/881 3714/5874/881 3713/5875/881
f 3341/5948/881 3339/5562/881 3338/5563/881
f 3537/5950/3146 3536/6273/3146 3529/5951/3146
f 3694/5953/3147 3707/6274/3147 3714/5954/3147
f 3707/5956/3148 3709/5959/3150 3716/5957/3149
f 3709/5959/3150 3711/6275/3151 3718/5960/3151
f 3712/5963/3152 3710/5966/3153 3717/5964/3153
f 3710/5966/3153 3708/6276/3154 3715/5967/3154
f 3761/5968/881 3759/5572/881 3758/5574/881
f 3715/5460/881 3728/5819/881 3727/5962/881
f 3354/5970/881 3355/6277/881 3353/5971/881
f 3708/5972/3155 3721/6278/3155 3728/5973/3155
f 3721/5975/3156 3723/5978/3158 3730/5976/3157
f 3723/5978/3158 3725/6279/3159 3732/5979/3159
f 3726/5982/3160 3724/5985/3161 3731/5983/3161
f 3724/5985/3161 3722/6280/3162 3729/5986/3162
f 3729/5961/881 3742/5980/881 3741/5981/881
f 3368/5987/881 3369/6281/881 3367/5616/881
f 3703/5432/881 3702/5434/881 3704/5988/881
f 3722/5990/3163 3735/6282/3163 3742/5991/3163
f 3735/5993/3164 3737/5996/3165 3744/5994/3165
f 3737/5996/3165 3739/6283/3166 3746/5997/3166
f 3740/5998/3167 3738/6001/3168 3745/5999/3168
f 3738/6001/3168 3736/6284/3169 3743/6002/3169
f 3369/6003/3170 3368/6285/3170 3361/6004/3170
f 3741/5981/881 3743/5515/881 3756/5573/881
f 3383/6006/881 3381/6211/881 3380/5641/881
f 3736/6008/3171 3749/6286/3171 3756/6009/3171
f 3749/6011/3172 3751/6014/3173 3758/6012/3173
f 3751/6014/3173 3753/6287/3174 3760/6015/3174
f 3397/6016/881 3395/5667/881 3394/5668/881
f 3754/6018/3175 3752/6021/3177 3759/6019/3176
f 3752/6021/3177 3750/6288/3178 3757/6022/3178
f 3412/6023/3094 3419/6027/3094 3433/6024/2961
f 3398/6026/2942 3405/6029/2942 3419/6027/3094
f 3384/6028/2933 3391/6031/2933 3405/6029/2942
f 3370/6030/2923 3377/6033/2923 3391/6031/2933
f 3356/6032/2914 3363/6035/2914 3377/6033/2923
f 3342/6034/2906 3349/6037/2906 3363/6035/2914
f 3328/6036/2979 3335/6039/2979 3349/6037/2906
f 3314/6038/2969 3321/6041/2969 3335/6039/2979
f 3748/6040/3146 3755/6043/3146 3321/6041/2969
f 3734/6042/2952 3741/6045/2952 3755/6043/3146
f 3720/6044/2943 3727/6047/2943 3741/6045/2952
f 3706/6046/3074 3713/6049/3074 3727/6047/2943
f 3692/6048/2924 3699/6051/2924 3713/6049/3074
f 3678/6050/2915 3685/6053/2915 3699/6051/2924
f 3664/6052/2907 3671/6055/2907 3685/6053/2915
f 3650/6054/3119 3657/6057/3119 3671/6055/2907
f 3636/6056/3110 3643/6059/3110 3657/6057/3119
f 3622/6058/3120 3629/6061/3120 3643/6059/3110
f 3608/6060/3093 3615/6063/3093 3629/6061/3120
f 3594/6062/3111 3601/6065/3111 3615/6063/3093
f 3580/6064/3170 3587/6067/3170 3601/6065/3111
f 3566/6066/3083 3573/6069/3083 3587/6067/3170
f 3552/6068/3136 3559/6071/3136 3573/6069/3083
f 3538/6070/3057 3545/6073/3057 3559/6071/3136
f 3524/6072/3020 3531/6075/3020 3545/6073/3057
f 3510/6074/3141 3517/6077/3141 3531/6075/3020
f 3496/6076/3003 3503/6079/3003 3517/6077/3141
f 3482/6078/2994 3489/6081/2994 3503/6079/3003
f 3468/6080/3012 3475/6083/3012 3489/6081/2994
f 3454/6082/2978 3461/6085/2978 3475/6083/3012
f 3440/6084/3084 3447/6086/3084 3461/6085/2978
f 3426/6025/2961 3433/6024/2961 3447/6086/3084
f 3815/6087/68 3804/6127/68 3762/6088/68
f 3809/6090/33 3810/6111/33 3771/6091/33
f 3772/6093/1941 3811/6119/1941 3812/6094/1941
f 3813/6096/1930 3814/6109/1930 3777/6097/1930
f 3807/6099/1938 3808/6117/1938 3768/6100/1938
f 3767/6102/3179 3776/6144/3191 3773/6103/3180
f 3805/6105/1917 3806/6116/1917 3765/6106/1917
f 3815/6087/881 3801/6122/881 3800/6108/881
f 3766/6101/33 3786/6289/33 3785/6110/33
f 3810/6111/881 3811/6119/881 3793/6112/881
f 3812/6094/33 3796/6129/33 3799/6114/33
f 3807/6099/881 3785/6110/881 3784/6115/881
f 3808/6117/1917 3788/6125/1917 3791/6118/1917
f 3811/6119/1930 3772/6093/1930 3794/6120/1930
f 3815/6087/1917 3778/6089/1917 3802/6121/1917
f 3806/6116/68 3784/6115/68 3787/6123/68
f 3810/6111/1938 3792/6113/1938 3795/6124/1938
f 3809/6090/881 3789/6130/881 3788/6125/881
f 3777/6097/1941 3814/6109/1941 3800/6108/1941
f 3804/6127/1930 3782/6131/1930 3781/6128/1930
f 3813/6096/881 3797/6132/881 3796/6129/881
f 3769/6092/1941 3790/6290/1941 3789/6130/1941
f 3805/6105/881 3783/6134/881 3782/6131/881
f 3775/6098/68 3798/6291/68 3797/6132/68
f 3805/6105/1938 3763/6107/1938 3780/6133/1938
f 3764/6135/3182 3767/6102/3179 3806/6139/3186
f 3764/6135/3182 3804/6137/3184 3815/6148/3195
f 3767/6102/3179 3770/6104/3181 3808/6141/3188
f 3779/6147/3194 3814/6149/3196 3813/6145/3192
f 3773/6103/3180 3776/6144/3191 3812/6146/3193
f 3770/6104/3181 3773/6103/3180 3810/6143/3190
f 3764/6135/3182 3779/6147/3194 3776/6144/3191
f 3955/5298/872 3954/5300/872 3952/5299/872
f 4074/5301/2906 4073/5303/2906 4080/5302/2906
f 3948/5304/2907 3947/5306/2907 3954/5305/2907
f 4259/5307/872 4257/5309/872 3823/5308/872
f 4252/5310/10 4259/5312/10 3824/5311/10
f 3817/5313/2908 3824/5315/2908 3826/5314/3198
f 3819/5316/2909 3826/5314/3199 3828/5317/2910
f 3839/5318/872 3838/5320/872 3837/5319/872
f 3822/5321/2911 3829/5323/2911 3827/5322/3200
f 3820/5324/2912 3827/5322/2912 3825/5325/2913
f 3968/5326/872 3966/5328/872 3967/5327/872
f 4095/5329/2914 4088/5331/2914 4087/5330/2914
f 3962/5332/2915 3961/5334/2915 3968/5333/2915
f 3825/5335/872 3823/5308/872 3837/5319/872
f 3818/5336/2916 3825/5338/2916 3838/5337/2916
f 3831/5339/2917 3838/5341/2917 3840/5340/2918
f 3833/5342/2918 3840/5340/3201 3842/5343/2919
f 4132/5344/872 4131/5346/872 4133/5345/872
f 3836/5347/2920 3843/5349/2920 3841/5348/3202
f 3834/5350/2921 3841/5348/2921 3839/5351/2922
f 3982/5352/872 3980/5354/872 3981/5353/872
f 4102/5355/2923 4101/5357/2923 4108/5356/2923
f 3983/5358/2924 3976/5360/2924 3975/5359/2924
f 3837/5319/872 3851/5362/872 3852/5361/872
f 3832/5363/2925 3839/5365/2925 3852/5364/2925
f 3845/5366/2926 3852/5368/2926 3854/5367/3203
f 3847/5369/2927 3854/5367/2927 3856/5370/2928
f 3866/5371/872 3865/5373/872 3867/5372/872
f 3850/5374/2929 3857/5376/2929 3855/5375/3204
f 3848/5377/2930 3855/5375/2930 3853/5378/2932
f 3997/5379/872 3996/5381/872 3994/5380/872
f 4116/5382/2933 4115/5384/2933 4122/5383/2933
f 4105/5385/872 4104/5387/872 4103/5386/872
f 3851/5362/872 3865/5373/872 3866/5371/872
f 3846/5388/2934 3853/5390/2934 3866/5389/2934
f 3859/5391/2935 3866/5393/2935 3868/5392/3205
f 3861/5394/2936 3868/5392/2936 3870/5395/2937
f 3880/5396/872 3879/5398/872 3881/5397/872
f 3864/5399/2938 3871/5401/2938 3869/5400/2939
f 3862/5402/2940 3869/5400/2940 3867/5403/3197
f 4011/5404/872 4010/5406/872 4008/5405/872
f 4130/5407/2942 4129/5409/2942 4136/5408/2942
f 4004/5410/2943 4003/5412/2943 4010/5411/2943
f 3867/5372/872 3865/5373/872 3879/5398/872
f 4175/5413/872 4174/5415/872 4173/5414/872
f 3860/5416/2944 3867/5418/2944 3880/5417/2944
f 3873/5419/3206 3880/5421/3206 3882/5420/2946
f 3875/5422/2947 3882/5420/2947 3884/5423/2948
f 3895/5424/872 3894/5426/872 3893/5425/872
f 3878/5427/2949 3885/5429/2949 3883/5428/2950
f 3876/5430/2950 3883/5428/2950 3881/5431/2951
f 4205/5432/872 4204/5434/872 4202/5433/872
f 4018/5435/2952 4017/5437/2952 4024/5436/2952
f 3881/5397/872 3879/5398/872 3893/5425/872
f 3874/5438/2953 3881/5440/2953 3894/5439/2953
f 3887/5441/2954 3894/5443/2954 3896/5442/2955
f 3889/5444/2956 3896/5442/3207 3898/5445/2957
f 3908/5446/872 3907/5448/872 3909/5447/872
f 3892/5449/2958 3899/5451/2958 3897/5450/3208
f 3890/5452/2959 3897/5450/2959 3895/5453/2960
f 4039/5454/872 4038/5456/872 4036/5455/872
f 4158/5457/2961 4157/5459/2961 4164/5458/2961
f 4217/5460/872 4219/5462/872 4218/5461/872
f 3895/5424/872 3893/5425/872 3907/5448/872
f 3888/5463/2962 3895/5465/2962 3908/5464/2962
f 3901/5466/2963 3908/5468/2963 3910/5467/2964
f 3903/5469/2964 3910/5467/2964 3912/5470/2965
f 3922/5471/872 3921/5473/872 3923/5472/872
f 3906/5474/2966 3913/5476/2966 3911/5475/3209
f 3904/5477/2967 3911/5475/2967 3909/5478/2968
f 4052/5479/872 4050/5481/872 4051/5480/872
f 4119/5482/872 4118/5484/872 4117/5483/872
f 4046/5485/2969 4045/5487/2969 4052/5486/2969
f 3907/5448/872 3921/5473/872 3922/5471/872
f 3902/5488/2970 3909/5490/2970 3922/5489/2970
f 3915/5491/2971 3922/5493/2971 3924/5492/2972
f 3917/5494/2972 3924/5492/3210 3926/5495/2973
f 3936/5496/872 3935/5498/872 3937/5497/872
f 3920/5499/2974 3927/5501/2974 3925/5500/2975
f 3918/5502/2976 3925/5500/2975 3923/5503/2977
f 4067/5504/872 4066/5506/872 4064/5505/872
f 4186/5507/2978 4185/5509/2978 4192/5508/2978
f 4060/5510/2979 4059/5512/2979 4066/5511/2979
f 3953/5513/872 3952/5299/872 3950/5514/872
f 4245/5515/872 4247/5517/872 4246/5516/872
f 3929/5518/2980 3936/5520/2980 3938/5519/3211
f 3931/5521/2982 3938/5519/2982 3940/5522/2983
f 3951/5523/872 3950/5514/872 3949/5524/872
f 3934/5525/2984 3941/5527/2984 3939/5526/3212
f 3932/5528/2985 3939/5526/2985 3937/5529/2986
f 3929/5530/68 3916/5532/68 3923/5531/68
f 3936/5496/872 3923/5472/872 3921/5473/872
f 4121/5533/872 4120/5534/872 4118/5484/872
f 4160/5535/872 4159/5537/872 4161/5536/872
f 3826/5538/872 3824/5539/872 3825/5335/872
f 4079/5540/872 4081/5542/872 4080/5541/872
f 3943/5543/2987 3950/5545/2987 3952/5544/2988
f 3945/5546/2988 3952/5544/3213 3954/5547/2989
f 4189/5548/872 4191/5550/872 4190/5549/872
f 3948/5551/2990 3955/5553/2990 3953/5552/3214
f 3946/5554/2991 3953/5552/2991 3951/5555/2992
f 3943/5556/2993 3930/5558/2993 3937/5557/2993
f 3937/5497/872 3935/5498/872 3949/5524/872
f 4214/5559/2994 4213/5561/2994 4220/5560/2994
f 3841/5562/872 3840/5563/872 3838/5320/872
f 4093/5564/872 4095/5566/872 4094/5565/872
f 3957/5567/2995 3964/5569/2995 3966/5568/3215
f 3959/5570/2996 3966/5568/2996 3968/5571/2997
f 4261/5572/872 4260/5574/872 4258/5573/872
f 3962/5575/2998 3969/5577/2998 3967/5576/3216
f 3960/5578/3000 3967/5576/2999 3965/5579/3001
f 3957/5580/3002 3944/5582/3002 3951/5581/3002
f 3964/5583/872 3951/5523/872 3949/5524/872
f 4161/5536/872 4163/5585/872 4162/5584/872
f 4228/5586/3003 4227/5588/3003 4234/5587/3003
f 3854/5589/872 3852/5361/872 3853/5590/872
f 4109/5591/872 4108/5593/872 4106/5592/872
f 3971/5594/3004 3978/5596/3004 3980/5595/3217
f 3973/5597/3005 3980/5595/3005 3982/5598/3006
f 3992/5599/872 3991/5601/872 3993/5600/872
f 3976/5602/3007 3983/5604/3007 3981/5603/3008
f 3974/5605/3009 3981/5603/3009 3979/5606/3010
f 3971/5607/3011 3958/5609/3011 3965/5608/3011
f 3978/5610/872 3965/5612/872 3963/5611/872
f 4207/5613/3012 4200/5615/3012 4199/5614/3012
f 3869/5616/872 3868/5617/872 3866/5371/872
f 4123/5618/872 4122/5619/872 4120/5534/872
f 3985/5620/3218 3992/5622/3218 3994/5621/3014
f 3987/5623/3219 3994/5621/3219 3996/5624/3015
f 4007/5625/872 4006/5627/872 4005/5626/872
f 3990/5628/3016 3997/5630/3016 3995/5629/3017
f 3988/5631/3017 3995/5629/3017 3993/5632/3018
f 3985/5633/3019 3972/5635/3019 3979/5634/3019
f 3992/5599/872 3979/5637/872 3977/5636/872
f 4263/5638/3020 4256/5640/3020 4255/5639/3020
f 3882/5641/872 3880/5396/872 3881/5397/872
f 4135/5642/872 4137/5644/872 4136/5643/872
f 4106/5592/872 4104/5387/872 4105/5385/872
f 4076/5645/872 4075/5647/872 4077/5646/872
f 3999/5648/3021 4006/5650/3021 4008/5649/3022
f 4001/5651/3023 4008/5649/3023 4010/5652/3024
f 4020/5653/872 4019/5655/872 4021/5654/872
f 4004/5656/3025 4011/5658/3025 4009/5657/3026
f 4002/5659/3026 4009/5657/3026 4007/5660/3027
f 3999/5661/3028 3986/5663/3028 3993/5662/3028
f 3993/5600/872 3991/5601/872 4005/5626/872
f 3912/5664/872 3910/5666/872 3911/5665/872
f 3897/5667/872 3896/5668/872 3894/5426/872
f 4151/5669/872 4150/5671/872 4148/5670/872
f 4013/5672/3029 4020/5674/3029 4022/5673/3030
f 4015/5675/3030 4022/5673/3030 4024/5676/3031
f 4146/5677/872 4145/5679/872 4147/5678/872
f 4018/5680/3032 4025/5682/3032 4023/5681/3220
f 4016/5683/3033 4023/5681/3033 4021/5684/3034
f 4013/5685/3035 4000/5687/3035 4007/5686/3035
f 4007/5625/872 4005/5626/872 4019/5655/872
f 3910/5666/872 3908/5446/872 3909/5447/872
f 4163/5585/872 4165/5689/872 4164/5688/872
f 4149/5690/872 4148/5670/872 4146/5677/872
f 4027/5691/3036 4034/5693/3036 4036/5692/3037
f 4029/5694/3037 4036/5692/3221 4038/5695/3038
f 4048/5696/872 4047/5698/872 4049/5697/872
f 4032/5699/3039 4039/5701/3039 4037/5700/3222
f 4030/5702/3040 4037/5700/3040 4035/5703/3041
f 4027/5704/3042 4014/5706/3042 4021/5705/3042
f 4034/5707/872 4021/5654/872 4019/5655/872
f 3940/5708/872 3938/5710/872 3939/5709/872
f 3925/5711/872 3924/5712/872 3922/5471/872
f 4179/5713/872 4178/5715/872 4176/5714/872
f 4041/5716/3043 4048/5718/3043 4050/5717/3223
f 4043/5719/3045 4050/5717/3045 4052/5720/3046
f 4063/5721/872 4062/5723/872 4061/5722/872
f 4046/5724/3047 4053/5726/3047 4051/5725/3224
f 4044/5727/3048 4051/5725/3048 4049/5728/3049
f 4041/5729/299 4028/5731/299 4035/5730/299
f 4048/5696/872 4035/5733/872 4033/5732/872
f 4091/5734/872 4090/5736/872 4089/5735/872
f 3938/5710/872 3936/5496/872 3937/5497/872
f 4191/5550/872 4193/5738/872 4192/5737/872
f 4055/5739/3050 4062/5741/3050 4064/5740/3051
f 4057/5742/3051 4064/5740/3225 4066/5743/3052
f 4060/5744/3053 4067/5746/3053 4065/5745/3226
f 4058/5747/3054 4065/5745/3054 4063/5748/3055
f 4055/5749/3056 4042/5751/3056 4049/5750/3056
f 4049/5697/872 4047/5698/872 4061/5722/872
f 3822/5752/3057 3821/5754/3057 3828/5753/3057
f 3965/5612/872 3967/5327/872 3966/5328/872
f 4069/5755/3058 4076/5757/3058 4078/5756/3227
f 4071/5758/3059 4078/5756/3059 4080/5759/3060
f 4074/5760/3061 4081/5762/3061 4079/5761/3228
f 4072/5763/3063 4079/5761/3063 4077/5764/3064
f 4069/5765/3065 4056/5767/3065 4063/5766/3065
f 4076/5645/872 4063/5721/872 4061/5722/872
f 4093/5564/872 4092/5768/872 4090/5736/872
f 4221/5769/872 4220/5770/872 4218/5461/872
f 3981/5353/872 3980/5354/872 3978/5610/872
f 4083/5771/3066 4090/5773/3066 4092/5772/3229
f 4085/5774/3067 4092/5772/3067 4094/5775/3068
f 4088/5776/3069 4095/5778/3069 4093/5777/3070
f 4086/5779/3071 4093/5777/3071 4091/5780/3072
f 4083/5781/3073 4070/5783/3073 4077/5782/3073
f 4090/5736/872 4077/5646/872 4075/5647/872
f 4235/5784/872 4234/5786/872 4232/5785/872
f 3990/5787/3074 3989/5789/3074 3996/5788/3074
f 3993/5600/872 3995/5790/872 3994/5380/872
f 4097/5791/3075 4104/5793/3075 4106/5792/3076
f 4099/5794/3076 4106/5792/3077 4108/5795/3078
f 4102/5796/3079 4109/5798/3079 4107/5797/3080
f 4100/5799/3080 4107/5797/3080 4105/5800/3081
f 4097/5801/3082 4084/5803/3082 4091/5802/3082
f 4104/5387/872 4091/5734/872 4089/5735/872
f 4247/5517/872 4249/5805/872 4248/5804/872
f 3850/5806/3083 3849/5808/3083 3856/5807/3083
f 4172/5809/3084 4171/5811/3084 4178/5810/3084
f 4009/5812/872 4008/5405/872 4006/5627/872
f 4111/5813/3085 4118/5815/3085 4120/5814/3086
f 4113/5816/3087 4120/5814/3230 4122/5817/3088
f 4233/5818/872 4232/5785/872 4230/5819/872
f 4116/5820/3089 4123/5822/3089 4121/5821/3090
f 4114/5823/3090 4121/5821/3090 4119/5824/3091
f 4111/5825/3092 4098/5827/3092 4105/5826/3092
f 4105/5385/872 4103/5386/872 4117/5483/872
f 3892/5828/3093 3891/5830/3093 3898/5829/3093
f 4151/5831/3094 4144/5833/3094 4143/5832/3094
f 3852/5361/872 3851/5362/872 3853/5590/872
f 4065/5834/872 4064/5505/872 4062/5723/872
f 4021/5654/872 4023/5836/872 4022/5835/872
f 4125/5837/3095 4132/5839/3095 4134/5838/3096
f 4127/5840/3096 4134/5838/3096 4136/5841/3097
f 4077/5646/872 4079/5540/872 4078/5842/872
f 4130/5843/3098 4137/5845/3098 4135/5844/3231
f 4128/5846/3099 4135/5844/3099 4133/5847/3100
f 4125/5848/3101 4112/5850/3101 4119/5849/3101
f 4119/5482/872 4117/5483/872 4131/5346/872
f 4177/5851/872 4176/5714/872 4174/5415/872
f 3927/5852/872 3926/5853/872 3924/5712/872
f 4034/5707/872 4033/5732/872 4035/5733/872
f 4037/5854/872 4036/5455/872 4034/5707/872
f 4139/5855/3102 4146/5857/3102 4148/5856/3103
f 4141/5858/3103 4148/5856/3232 4150/5859/3104
f 4144/5860/3105 4151/5862/3105 4149/5861/3106
f 4142/5863/3107 4149/5861/3106 4147/5864/3108
f 4139/5865/3109 4126/5867/3109 4133/5866/3109
f 4146/5677/872 4133/5345/872 4131/5346/872
f 3927/5868/3110 3920/5870/3110 3919/5869/3110
f 3878/5871/3111 3877/5873/3111 3884/5872/3111
f 4147/5678/872 4145/5679/872 4159/5537/872
f 4216/5874/872 4215/5875/872 4217/5460/872
f 4049/5697/872 4051/5480/872 4050/5481/872
f 4140/5876/33 4147/5878/33 4160/5877/33
f 4153/5879/3112 4160/5881/3112 4162/5880/3233
f 4155/5882/3114 4162/5880/3114 4164/5883/3115
f 4158/5884/3116 4165/5886/3116 4163/5885/3234
f 4156/5887/3117 4163/5885/3117 4161/5888/3118
f 3934/5889/3119 3933/5891/3119 3940/5890/3119
f 4161/5536/872 4159/5537/872 4173/5414/872
f 3906/5892/3120 3905/5894/3120 3912/5893/3120
f 4133/5345/872 4135/5642/872 4134/5895/872
f 4154/5896/3121 4161/5898/3121 4174/5897/3121
f 4167/5899/3122 4174/5901/3122 4176/5900/3123
f 4169/5902/3123 4176/5900/3235 4178/5903/3124
f 4172/5904/3125 4179/5906/3125 4177/5905/3236
f 4170/5907/3126 4177/5905/3126 4175/5908/3127
f 4173/5414/872 4187/5910/872 4188/5909/872
f 3964/5583/872 3963/5611/872 3965/5612/872
f 4188/5909/872 4187/5910/872 4189/5548/872
f 4168/5911/3128 4175/5913/3128 4188/5912/3128
f 4181/5914/3129 4188/5916/3129 4190/5915/3237
f 4183/5917/3130 4190/5915/3130 4192/5918/3131
f 4203/5919/872 4202/5433/872 4201/5920/872
f 4186/5921/3132 4193/5923/3132 4191/5922/3238
f 4184/5924/3134 4191/5922/3133 4189/5925/3135
f 4187/5910/872 4201/5920/872 4202/5433/872
f 3828/5926/872 3826/5538/872 3827/5927/872
f 4024/5928/872 4022/5835/872 4023/5836/872
f 3836/5929/3136 3835/5931/3136 3842/5930/3136
f 4182/5932/3137 4189/5934/3137 4202/5933/3137
f 4195/5935/3138 4202/5937/3138 4204/5936/3239
f 4197/5938/3139 4204/5936/3139 4206/5939/3140
f 4242/5940/3141 4241/5942/3141 4248/5941/3141
f 4200/5943/3142 4207/5945/3142 4205/5944/3143
f 4198/5946/3144 4205/5944/3143 4203/5947/3145
f 4203/5919/872 4201/5920/872 4215/5875/872
f 3843/5948/872 3842/5949/872 3840/5563/872
f 4039/5950/3146 4032/5952/3146 4031/5951/3146
f 4196/5953/3147 4203/5955/3147 4216/5954/3147
f 4209/5956/3148 4216/5958/3148 4218/5957/3149
f 4211/5959/3150 4218/5957/3150 4220/5960/3151
f 4231/5961/872 4230/5819/872 4229/5962/872
f 4214/5963/3152 4221/5965/3152 4219/5964/3153
f 4212/5966/3153 4219/5964/3153 4217/5967/3154
f 4263/5968/872 4262/5969/872 4260/5574/872
f 4217/5460/872 4215/5875/872 4229/5962/872
f 3856/5970/872 3854/5589/872 3855/5971/872
f 4210/5972/3155 4217/5974/3155 4230/5973/3155
f 4223/5975/3156 4230/5977/3156 4232/5976/3157
f 4225/5978/3158 4232/5976/3240 4234/5979/3159
f 4244/5980/872 4243/5981/872 4245/5515/872
f 4228/5982/3160 4235/5984/3160 4233/5983/3161
f 4226/5985/3161 4233/5983/3161 4231/5986/3162
f 4231/5961/872 4229/5962/872 4243/5981/872
f 3870/5987/872 3868/5617/872 3869/5616/872
f 4205/5432/872 4207/5989/872 4206/5988/872
f 4224/5990/3163 4231/5992/3163 4244/5991/3163
f 4237/5993/3164 4244/5995/3164 4246/5994/3165
f 4239/5996/3165 4246/5994/3165 4248/5997/3166
f 4258/5573/872 4257/5309/872 4259/5307/872
f 4242/5998/3167 4249/6000/3167 4247/5999/3241
f 4240/6001/3168 4247/5999/3168 4245/6002/3169
f 3871/6003/3170 3864/6005/3170 3863/6004/3170
f 4243/5981/872 4257/5309/872 4258/5573/872
f 3885/6006/872 3884/6007/872 3882/5641/872
f 3978/5610/872 3977/5636/872 3979/5637/872
f 4238/6008/3171 4245/6010/3171 4258/6009/3171
f 4251/6011/3172 4258/6013/3172 4260/6012/3173
f 4253/6014/3173 4260/6012/3242 4262/6015/3174
f 3899/6016/872 3898/6017/872 3896/5668/872
f 4256/6018/3175 4263/6020/3175 4261/6019/3176
f 4254/6021/3177 4261/6019/3176 4259/6022/3178
f 3914/6023/3094 3928/6025/2961 3935/6024/2961
f 3900/6026/2942 3914/6023/3094 3921/6027/3094
f 3886/6028/2933 3900/6026/2942 3907/6029/2942
f 3872/6030/2923 3886/6028/2933 3893/6031/2933
f 3858/6032/2914 3872/6030/2923 3879/6033/2923
f 3844/6034/2906 3858/6032/2914 3865/6035/2914
f 3830/6036/2979 3844/6034/2906 3851/6037/2906
f 3816/6038/2969 3830/6036/2979 3837/6039/2979
f 4250/6040/3146 3816/6038/2969 3823/6041/2969
f 4236/6042/2952 4250/6040/3146 4257/6043/3146
f 4222/6044/2943 4236/6042/2952 4243/6045/2952
f 4208/6046/3074 4222/6044/2943 4229/6047/2943
f 4194/6048/2924 4208/6046/3074 4215/6049/3074
f 4180/6050/2915 4194/6048/2924 4201/6051/2924
f 4166/6052/2907 4180/6050/2915 4187/6053/2915
f 4152/6054/3119 4166/6052/2907 4173/6055/2907
f 4138/6056/3110 4152/6054/3119 4159/6057/3119
f 4124/6058/3120 4138/6056/3110 4145/6059/3110
f 4110/6060/3093 4124/6058/3120 4131/6061/3120
f 4096/6062/3111 4110/6060/3093 4117/6063/3093
f 4082/6064/3170 4096/6062/3111 4103/6065/3111
f 4068/6066/3083 4082/6064/3170 4089/6067/3170
f 4054/6068/3136 4068/6066/3083 4075/6069/3083
f 4040/6070/3057 4054/6068/3136 4061/6071/3136
f 4026/6072/3020 4040/6070/3057 4047/6073/3057
f 4012/6074/3141 4026/6072/3020 4033/6075/3020
f 3998/6076/3003 4012/6074/3141 4019/6077/3141
f 3984/6078/2994 3998/6076/3003 4005/6079/3003
f 3970/6080/3012 3984/6078/2994 3991/6081/2994
f 3956/6082/2978 3970/6080/3012 3977/6083/3012
f 3942/6084/3084 3956/6082/2978 3963/6085/2978
f 3928/6025/2961 3942/6084/3084 3949/6086/3084
f 4317/6087/68 4280/6089/68 4264/6088/68
f 4311/6090/33 4271/6092/33 4273/6091/33
f 4274/6093/1941 4276/6095/1941 4314/6094/1941
f 4315/6096/1930 4277/6098/1930 4279/6097/1930
f 4309/6099/1938 4268/6101/1938 4270/6100/1938
f 4269/6102/3243 4272/6104/3244 4275/6103/3245
f 4307/6105/1917 4265/6107/1917 4267/6106/1917
f 4317/6087/872 4316/6109/872 4302/6108/872
f 4268/6101/33 4309/6099/33 4287/6110/33
f 4312/6111/872 4294/6113/872 4295/6112/872
f 4314/6094/33 4276/6095/33 4301/6114/33
f 4309/6099/872 4308/6116/872 4286/6115/872
f 4310/6117/1917 4270/6100/1917 4293/6118/1917
f 4313/6119/1930 4295/6112/1930 4296/6120/1930
f 4317/6087/1917 4303/6122/1917 4304/6121/1917
f 4308/6116/68 4267/6106/68 4289/6123/68
f 4312/6111/1938 4273/6091/1938 4297/6124/1938
f 4311/6090/872 4310/6117/872 4290/6125/872
f 4279/6097/1941 4305/6126/1941 4302/6108/1941
f 4306/6127/1930 4264/6088/1930 4283/6128/1930
f 4315/6096/872 4314/6094/872 4298/6129/872
f 4271/6092/1941 4311/6090/1941 4291/6130/1941
f 4307/6105/872 4306/6127/872 4284/6131/872
f 4277/6098/68 4315/6096/68 4299/6132/68
f 4307/6105/1938 4285/6134/1938 4282/6133/1938
f 4266/6135/3246 4306/6137/3247 4307/6136/3248
f 4269/6102/3243 4308/6139/3249 4309/6138/3250
f 4272/6104/3244 4310/6141/3251 4311/6140/3252
f 4275/6103/3245 4312/6143/3253 4313/6142/3254
f 4278/6144/3255 4314/6146/3256 4315/6145/3257
f 4281/6147/3258 4316/6149/3259 4317/6148/3260
f 4266/6135/3246 4307/6136/3248 4308/6139/3249
f 4266/6135/3246 4281/6147/3258 4317/6148/3260
f 4269/6102/3243 4309/6138/3250 4310/6141/3251
f 4281/6147/3258 4278/6144/3255 4315/6145/3257
f 4275/6103/3245 4313/6142/3254 4314/6146/3256
f 4272/6104/3244 4311/6140/3252 4312/6143/3253
f 3824/5539/872 3823/5308/872 3825/5335/872
f 4266/6135/3246 4269/6102/3243 4278/6144/3255
f 3955/5298/872 3952/5299/872 3953/5513/872
f 4074/5301/2906 4080/5302/2906 4081/6150/2906
f 3948/5304/2907 3954/5305/2907 3955/6151/2907
f 4259/5307/872 3823/5308/872 3824/5539/872
f 4252/5310/10 3824/5311/10 3817/6152/10
f 3817/5313/2908 3826/5314/3199 3819/5316/2909
f 3819/5316/2909 3828/5317/2910 3821/6153/2910
f 3822/5321/2911 3827/5322/2912 3820/5324/2912
f 3820/5324/2912 3825/5325/2913 3818/6154/2913
f 3968/5326/872 3967/5327/872 3969/6155/872
f 4095/5329/2914 4087/5330/2914 4094/6156/2914
f 3962/5332/2915 3968/5333/2915 3969/6157/2915
f 3825/5335/872 3837/5319/872 3838/5320/872
f 3818/5336/2916 3838/5337/2916 3831/6158/2916
f 3831/5339/2917 3840/5340/3201 3833/5342/2918
f 3833/5342/2918 3842/5343/2919 3835/6159/2919
f 3836/5347/2920 3841/5348/2921 3834/5350/2921
f 3834/5350/2921 3839/5351/2922 3832/6160/2922
f 3982/5352/872 3981/5353/872 3983/6161/872
f 4102/5355/2923 4108/5356/2923 4109/6162/2923
f 3983/5358/2924 3975/5359/2924 3982/6163/2924
f 3837/5319/872 3852/5361/872 3839/5318/872
f 3832/5363/2925 3852/5364/2925 3845/6164/2925
f 3845/5366/2926 3854/5367/2927 3847/5369/2927
f 3847/5369/2927 3856/5370/2928 3849/6165/2928
f 3850/5374/2929 3855/5375/2930 3848/5377/2930
f 3848/5377/2930 3853/5378/2932 3846/6166/2932
f 3997/5379/872 3994/5380/872 3995/5790/872
f 4116/5382/2933 4122/5383/2933 4123/6167/2933
f 3851/5362/872 3866/5371/872 3853/5590/872
f 3846/5388/2934 3866/5389/2934 3859/6168/2934
f 3859/5391/2935 3868/5392/2936 3861/5394/2936
f 3861/5394/2936 3870/5395/2937 3863/6169/2937
f 3864/5399/2938 3869/5400/2940 3862/5402/2940
f 3862/5402/2940 3867/5403/3197 3860/6170/3197
f 4011/5404/872 4008/5405/872 4009/5812/872
f 4130/5407/2942 4136/5408/2942 4137/6171/2942
f 4004/5410/2943 4010/5411/2943 4011/6172/2943
f 3867/5372/872 3879/5398/872 3880/5396/872
f 3860/5416/2944 3880/5417/2944 3873/6173/2944
f 3873/5419/2945 3882/5420/2947 3875/5422/2947
f 3875/5422/2947 3884/5423/2948 3877/6174/2948
f 3878/5427/2949 3883/5428/2950 3876/5430/2950
f 3876/5430/2950 3881/5431/2951 3874/6175/2951
f 4205/5432/872 4202/5433/872 4203/5919/872
f 4018/5435/2952 4024/5436/2952 4025/6176/2952
f 3881/5397/872 3893/5425/872 3894/5426/872
f 3874/5438/2953 3894/5439/2953 3887/6177/2953
f 3887/5441/2954 3896/5442/3207 3889/5444/2956
f 3889/5444/2956 3898/5445/2957 3891/6178/2957
f 3892/5449/2958 3897/5450/2959 3890/5452/2959
f 3890/5452/2959 3895/5453/2960 3888/6179/2960
f 4039/5454/872 4036/5455/872 4037/5854/872
f 4158/5457/2961 4164/5458/2961 4165/6180/2961
f 4217/5460/872 4218/5461/872 4216/5874/872
f 3895/5424/872 3907/5448/872 3908/5446/872
f 3888/5463/2962 3908/5464/2962 3901/6181/2962
f 3901/5466/2963 3910/5467/2964 3903/5469/2964
f 3903/5469/2964 3912/5470/2965 3905/6182/2965
f 3906/5474/2966 3911/5475/2967 3904/5477/2967
f 3904/5477/2967 3909/5478/2968 3902/6183/2968
f 4052/5479/872 4051/5480/872 4053/6184/872
f 4046/5485/2969 4052/5486/2969 4053/6185/2969
f 3907/5448/872 3922/5471/872 3909/5447/872
f 3902/5488/2970 3922/5489/2970 3915/6186/2970
f 3915/5491/2971 3924/5492/3210 3917/5494/2972
f 3917/5494/2972 3926/5495/2973 3919/6187/2973
f 3920/5499/2974 3925/5500/2975 3918/5502/2976
f 3918/5502/2976 3923/5503/2977 3916/6188/2977
f 4067/5504/872 4064/5505/872 4065/5834/872
f 4186/5507/2978 4192/5508/2978 4193/6189/2978
f 4060/5510/2979 4066/5511/2979 4067/6190/2979
f 3953/5513/872 3950/5514/872 3951/5523/872
f 4245/5515/872 4246/5516/872 4244/5980/872
f 3929/5518/2980 3938/5519/2982 3931/5521/2982
f 3931/5521/2982 3940/5522/2983 3933/6191/2983
f 3934/5525/2984 3939/5526/2985 3932/5528/2985
f 3932/5528/2985 3937/5529/2986 3930/6192/2986
f 3929/5530/68 3923/5531/68 3936/6193/68
f 3936/5496/872 3921/5473/872 3935/5498/872
f 4121/5533/872 4118/5484/872 4119/5482/872
f 3826/5538/872 3825/5335/872 3827/5927/872
f 4079/5540/872 4080/5541/872 4078/5842/872
f 3943/5543/2987 3952/5544/3213 3945/5546/2988
f 3945/5546/2988 3954/5547/2989 3947/6194/2989
f 4189/5548/872 4190/5549/872 4188/5909/872
f 3948/5551/2990 3953/5552/2991 3946/5554/2991
f 3946/5554/2991 3951/5555/2992 3944/6195/2992
f 3943/5556/2993 3937/5557/2993 3950/6196/2993
f 3937/5497/872 3949/5524/872 3950/5514/872
f 4214/5559/2994 4220/5560/2994 4221/6197/2994
f 3841/5562/872 3838/5320/872 3839/5318/872
f 4093/5564/872 4094/5565/872 4092/5768/872
f 3957/5567/2995 3966/5568/2996 3959/5570/2996
f 3959/5570/2996 3968/5571/2997 3961/6198/2997
f 4261/5572/872 4258/5573/872 4259/5307/872
f 3962/5575/2998 3967/5576/2999 3960/5578/3000
f 3960/5578/3000 3965/5579/3001 3958/6199/3001
f 3957/5580/3002 3951/5581/3002 3964/6200/3002
f 3964/5583/872 3949/5524/872 3963/5611/872
f 4161/5536/872 4162/5584/872 4160/5535/872
f 4228/5586/3003 4234/5587/3003 4235/6201/3003
f 3854/5589/872 3853/5590/872 3855/5971/872
f 4109/5591/872 4106/5592/872 4107/6202/872
f 3971/5594/3004 3980/5595/3005 3973/5597/3005
f 3973/5597/3005 3982/5598/3006 3975/6203/3006
f 3976/5602/3007 3981/5603/3009 3974/5605/3009
f 3974/5605/3009 3979/5606/3010 3972/6204/3010
f 3971/5607/3011 3965/5608/3011 3978/6205/3011
f 3978/5610/872 3963/5611/872 3977/5636/872
f 4207/5613/3012 4199/5614/3012 4206/6206/3012
f 3869/5616/872 3866/5371/872 3867/5372/872
f 4123/5618/872 4120/5534/872 4121/5533/872
f 3985/5620/3013 3994/5621/3219 3987/5623/3219
f 3987/5623/3219 3996/5624/3015 3989/6207/3015
f 3990/5628/3016 3995/5629/3017 3988/5631/3017
f 3988/5631/3017 3993/5632/3018 3986/6208/3018
f 3985/5633/3019 3979/5634/3019 3992/6209/3019
f 3992/5599/872 3977/5636/872 3991/5601/872
f 4263/5638/3020 4255/5639/3020 4262/6210/3020
f 3882/5641/872 3881/5397/872 3883/6211/872
f 4135/5642/872 4136/5643/872 4134/5895/872
f 4106/5592/872 4105/5385/872 4107/6202/872
f 3999/5648/3021 4008/5649/3023 4001/5651/3023
f 4001/5651/3023 4010/5652/3024 4003/6212/3024
f 4004/5656/3025 4009/5657/3026 4002/5659/3026
f 4002/5659/3026 4007/5660/3027 4000/6213/3027
f 3999/5661/3028 3993/5662/3028 4006/6214/3028
f 3993/5600/872 4005/5626/872 4006/5627/872
f 3912/5664/872 3911/5665/872 3913/6215/872
f 3897/5667/872 3894/5426/872 3895/5424/872
f 4151/5669/872 4148/5670/872 4149/5690/872
f 4013/5672/3029 4022/5673/3030 4015/5675/3030
f 4015/5675/3030 4024/5676/3031 4017/6216/3031
f 4018/5680/3032 4023/5681/3033 4016/5683/3033
f 4016/5683/3033 4021/5684/3034 4014/6217/3034
f 4013/5685/3035 4007/5686/3035 4020/6218/3035
f 4007/5625/872 4019/5655/872 4020/5653/872
f 3910/5666/872 3909/5447/872 3911/5665/872
f 4163/5585/872 4164/5688/872 4162/5584/872
f 4149/5690/872 4146/5677/872 4147/5678/872
f 4027/5691/3036 4036/5692/3221 4029/5694/3037
f 4029/5694/3037 4038/5695/3038 4031/6219/3038
f 4032/5699/3039 4037/5700/3040 4030/5702/3040
f 4030/5702/3040 4035/5703/3041 4028/6220/3041
f 4027/5704/3042 4021/5705/3042 4034/6221/3042
f 4034/5707/872 4019/5655/872 4033/5732/872
f 3940/5708/872 3939/5709/872 3941/6222/872
f 3925/5711/872 3922/5471/872 3923/5472/872
f 4179/5713/872 4176/5714/872 4177/5851/872
f 4041/5716/3043 4050/5717/3045 4043/5719/3045
f 4043/5719/3045 4052/5720/3046 4045/6223/3046
f 4046/5724/3047 4051/5725/3048 4044/5727/3048
f 4044/5727/3048 4049/5728/3049 4042/6224/3049
f 4041/5729/299 4035/5730/299 4048/6225/299
f 4048/5696/872 4033/5732/872 4047/5698/872
f 3938/5710/872 3937/5497/872 3939/5709/872
f 4191/5550/872 4192/5737/872 4190/5549/872
f 4055/5739/3050 4064/5740/3225 4057/5742/3051
f 4057/5742/3051 4066/5743/3052 4059/6226/3052
f 4060/5744/3053 4065/5745/3054 4058/5747/3054
f 4058/5747/3054 4063/5748/3055 4056/6227/3055
f 4055/5749/3056 4049/5750/3056 4062/6228/3056
f 4049/5697/872 4061/5722/872 4062/5723/872
f 3822/5752/3057 3828/5753/3057 3829/6229/3057
f 3965/5612/872 3966/5328/872 3964/5583/872
f 4069/5755/3058 4078/5756/3059 4071/5758/3059
f 4071/5758/3059 4080/5759/3060 4073/6230/3060
f 4074/5760/3061 4079/5761/3063 4072/5763/3063
f 4072/5763/3063 4077/5764/3064 4070/6231/3064
f 4069/5765/3065 4063/5766/3065 4076/6232/3065
f 4076/5645/872 4061/5722/872 4075/5647/872
f 4093/5564/872 4090/5736/872 4091/5734/872
f 4221/5769/872 4218/5461/872 4219/5462/872
f 3981/5353/872 3978/5610/872 3979/5637/872
f 4083/5771/3066 4092/5772/3067 4085/5774/3067
f 4085/5774/3067 4094/5775/3068 4087/6233/3068
f 4088/5776/3069 4093/5777/3071 4086/5779/3071
f 4086/5779/3071 4091/5780/3072 4084/6234/3072
f 4083/5781/3073 4077/5782/3073 4090/6235/3073
f 4090/5736/872 4075/5647/872 4089/5735/872
f 4235/5784/872 4232/5785/872 4233/5818/872
f 3990/5787/3074 3996/5788/3074 3997/6236/3074
f 3993/5600/872 3994/5380/872 3992/5599/872
f 4097/5791/3261 4106/5792/3077 4099/5794/3076
f 4099/5794/3076 4108/5795/3078 4101/6237/3078
f 4102/5796/3079 4107/5797/3080 4100/5799/3080
f 4100/5799/3080 4105/5800/3081 4098/6238/3081
f 4097/5801/3082 4091/5802/3082 4104/6239/3082
f 4104/5387/872 4089/5735/872 4103/5386/872
f 4247/5517/872 4248/5804/872 4246/5516/872
f 3850/5806/3083 3856/5807/3083 3857/6240/3083
f 4172/5809/3084 4178/5810/3084 4179/6241/3084
f 4009/5812/872 4006/5627/872 4007/5625/872
f 4111/5813/3085 4120/5814/3230 4113/5816/3087
f 4113/5816/3087 4122/5817/3088 4115/6242/3088
f 4233/5818/872 4230/5819/872 4231/5961/872
f 4116/5820/3089 4121/5821/3090 4114/5823/3090
f 4114/5823/3090 4119/5824/3091 4112/6243/3091
f 4111/5825/3092 4105/5826/3092 4118/6244/3092
f 4105/5385/872 4117/5483/872 4118/5484/872
f 3892/5828/3093 3898/5829/3093 3899/6245/3093
f 4151/5831/3094 4143/5832/3094 4150/6246/3094
f 4065/5834/872 4062/5723/872 4063/5721/872
f 4021/5654/872 4022/5835/872 4020/5653/872
f 4125/5837/3095 4134/5838/3096 4127/5840/3096
f 4127/5840/3096 4136/5841/3097 4129/6247/3097
f 4077/5646/872 4078/5842/872 4076/5645/872
f 4130/5843/3098 4135/5844/3099 4128/5846/3099
f 4128/5846/3099 4133/5847/3100 4126/6248/3100
f 4125/5848/3101 4119/5849/3101 4132/6249/3101
f 4119/5482/872 4131/5346/872 4132/5344/872
f 4177/5851/872 4174/5415/872 4175/5413/872
f 3927/5852/872 3924/5712/872 3925/5711/872
f 4037/5854/872 4034/5707/872 4035/5733/872
f 4139/5855/3102 4148/5856/3232 4141/5858/3103
f 4141/5858/3103 4150/5859/3104 4143/6250/3104
f 4144/5860/3105 4149/5861/3106 4142/5863/3107
f 4142/5863/3107 4147/5864/3108 4140/6251/3108
f 4139/5865/3109 4133/5866/3109 4146/6252/3109
f 4146/5677/872 4131/5346/872 4145/5679/872
f 3927/5868/3110 3919/5869/3110 3926/6253/3110
f 3878/5871/3111 3884/5872/3111 3885/6254/3111
f 4147/5678/872 4159/5537/872 4160/5535/872
f 4049/5697/872 4050/5481/872 4048/5696/872
f 4140/5876/33 4160/5877/33 4153/6255/33
f 4153/5879/3112 4162/5880/3114 4155/5882/3114
f 4155/5882/3114 4164/5883/3115 4157/6256/3115
f 4158/5884/3116 4163/5885/3117 4156/5887/3117
f 4156/5887/3117 4161/5888/3118 4154/6257/3118
f 3934/5889/3119 3940/5890/3119 3941/6258/3119
f 4161/5536/872 4173/5414/872 4174/5415/872
f 3906/5892/3120 3912/5893/3120 3913/6259/3120
f 4133/5345/872 4134/5895/872 4132/5344/872
f 4154/5896/3121 4174/5897/3121 4167/6260/3121
f 4167/5899/3122 4176/5900/3235 4169/5902/3123
f 4169/5902/3123 4178/5903/3124 4171/6261/3124
f 4172/5904/3125 4177/5905/3126 4170/5907/3126
f 4170/5907/3126 4175/5908/3127 4168/6262/3127
f 4173/5414/872 4188/5909/872 4175/5413/872
f 4168/5911/3128 4188/5912/3128 4181/6263/3128
f 4181/5914/3129 4190/5915/3130 4183/5917/3130
f 4183/5917/3130 4192/5918/3131 4185/6264/3131
f 4186/5921/3132 4191/5922/3133 4184/5924/3134
f 4184/5924/3134 4189/5925/3135 4182/6265/3135
f 4187/5910/872 4202/5433/872 4189/5548/872
f 3828/5926/872 3827/5927/872 3829/6266/872
f 4024/5928/872 4023/5836/872 4025/6267/872
f 3836/5929/3136 3842/5930/3136 3843/6268/3136
f 4182/5932/3137 4202/5933/3137 4195/6269/3137
f 4195/5935/3138 4204/5936/3139 4197/5938/3139
f 4197/5938/3139 4206/5939/3140 4199/6270/3140
f 4242/5940/3141 4248/5941/3141 4249/6271/3141
f 4200/5943/3142 4205/5944/3143 4198/5946/3144
f 4198/5946/3144 4203/5947/3145 4196/6272/3262
f 4203/5919/872 4215/5875/872 4216/5874/872
f 3843/5948/872 3840/5563/872 3841/5562/872
f 4039/5950/3146 4031/5951/3146 4038/6273/3146
f 4196/5953/3147 4216/5954/3147 4209/6274/3147
f 4209/5956/3263 4218/5957/3150 4211/5959/3150
f 4211/5959/3150 4220/5960/3151 4213/6275/3151
f 4214/5963/3152 4219/5964/3153 4212/5966/3153
f 4212/5966/3153 4217/5967/3154 4210/6276/3154
f 4263/5968/872 4260/5574/872 4261/5572/872
f 4217/5460/872 4229/5962/872 4230/5819/872
f 3856/5970/872 3855/5971/872 3857/6277/872
f 4210/5972/3155 4230/5973/3155 4223/6278/3155
f 4223/5975/3156 4232/5976/3240 4225/5978/3158
f 4225/5978/3158 4234/5979/3159 4227/6279/3159
f 4228/5982/3160 4233/5983/3161 4226/5985/3161
f 4226/5985/3161 4231/5986/3162 4224/6280/3162
f 4231/5961/872 4243/5981/872 4244/5980/872
f 3870/5987/872 3869/5616/872 3871/6281/872
f 4205/5432/872 4206/5988/872 4204/5434/872
f 4224/5990/3163 4244/5991/3163 4237/6282/3163
f 4237/5993/3164 4246/5994/3165 4239/5996/3165
f 4239/5996/3165 4248/5997/3166 4241/6283/3166
f 4242/5998/3167 4247/5999/3168 4240/6001/3168
f 4240/6001/3168 4245/6002/3169 4238/6284/3169
f 3871/6003/3170 3863/6004/3170 3870/6285/3170
f 4243/5981/872 4258/5573/872 4245/5515/872
f 3885/6006/872 3882/5641/872 3883/6211/872
f 4238/6008/3171 4258/6009/3171 4251/6286/3171
f 4251/6011/3172 4260/6012/3242 4253/6014/3173
f 4253/6014/3173 4262/6015/3174 4255/6287/3174
f 3899/6016/872 3896/5668/872 3897/5667/872
f 4256/6018/3175 4261/6019/3176 4254/6021/3177
f 4254/6021/3177 4259/6022/3178 4252/6288/3178
f 3914/6023/3094 3935/6024/2961 3921/6027/3094
f 3900/6026/2942 3921/6027/3094 3907/6029/2942
f 3886/6028/2933 3907/6029/2942 3893/6031/2933
f 3872/6030/2923 3893/6031/2933 3879/6033/2923
f 3858/6032/2914 3879/6033/2923 3865/6035/2914
f 3844/6034/2906 3865/6035/2914 3851/6037/2906
f 3830/6036/2979 3851/6037/2906 3837/6039/2979
f 3816/6038/2969 3837/6039/2979 3823/6041/2969
f 4250/6040/3146 3823/6041/2969 4257/6043/3146
f 4236/6042/2952 4257/6043/3146 4243/6045/2952
f 4222/6044/2943 4243/6045/2952 4229/6047/2943
f 4208/6046/3074 4229/6047/2943 4215/6049/3074
f 4194/6048/2924 4215/6049/3074 4201/6051/2924
f 4180/6050/2915 4201/6051/2924 4187/6053/2915
f 4166/6052/2907 4187/6053/2915 4173/6055/2907
f 4152/6054/3119 4173/6055/2907 4159/6057/3119
f 4138/6056/3110 4159/6057/3119 4145/6059/3110
f 4124/6058/3120 4145/6059/3110 4131/6061/3120
f 4110/6060/3093 4131/6061/3120 4117/6063/3093
f 4096/6062/3111 4117/6063/3093 4103/6065/3111
f 4082/6064/3170 4103/6065/3111 4089/6067/3170
f 4068/6066/3083 4089/6067/3170 4075/6069/3083
f 4054/6068/3136 4075/6069/3083 4061/6071/3136
f 4040/6070/3057 4061/6071/3136 4047/6073/3057
f 4026/6072/3020 4047/6073/3057 4033/6075/3020
f 4012/6074/3141 4033/6075/3020 4019/6077/3141
f 3998/6076/3003 4019/6077/3141 4005/6079/3003
f 3984/6078/2994 4005/6079/3003 3991/6081/2994
f 3970/6080/3012 3991/6081/2994 3977/6083/3012
f 3956/6082/2978 3977/6083/3012 3963/6085/2978
f 3942/6084/3084 3963/6085/2978 3949/6086/3084
f 3928/6025/2961 3949/6086/3084 3935/6024/2961
f 4317/6087/68 4264/6088/68 4306/6127/68
f 4311/6090/33 4273/6091/33 4312/6111/33
f 4274/6093/1941 4314/6094/1941 4313/6119/1941
f 4315/6096/1930 4279/6097/1930 4316/6109/1930
f 4309/6099/1938 4270/6100/1938 4310/6117/1938
f 4269/6102/3243 4275/6103/3245 4278/6144/3255
f 4307/6105/1917 4267/6106/1917 4308/6116/1917
f 4317/6087/872 4302/6108/872 4303/6122/872
f 4268/6101/33 4287/6110/33 4288/6289/33
f 4312/6111/872 4295/6112/872 4313/6119/872
f 4314/6094/33 4301/6114/33 4298/6129/33
f 4309/6099/872 4286/6115/872 4287/6110/872
f 4310/6117/1917 4293/6118/1917 4290/6125/1917
f 4313/6119/1930 4296/6120/1930 4274/6093/1930
f 4317/6087/1917 4304/6121/1917 4280/6089/1917
f 4308/6116/68 4289/6123/68 4286/6115/68
f 4312/6111/1938 4297/6124/1938 4294/6113/1938
f 4311/6090/872 4290/6125/872 4291/6130/872
f 4279/6097/1941 4302/6108/1941 4316/6109/1941
f 4306/6127/1930 4283/6128/1930 4284/6131/1930
f 4315/6096/872 4298/6129/872 4299/6132/872
f 4271/6092/1941 4291/6130/1941 4292/6290/1941
f 4307/6105/872 4284/6131/872 4285/6134/872
f 4277/6098/68 4299/6132/68 4300/6291/68
f 4307/6105/1938 4282/6133/1938 4265/6107/1938
f 4266/6135/3246 4308/6139/3249 4269/6102/3243
f 4266/6135/3246 4317/6148/3260 4306/6137/3247
f 4269/6102/3243 4310/6141/3251 4272/6104/3244
f 4281/6147/3258 4315/6145/3257 4316/6149/3259
f 4275/6103/3245 4314/6146/3256 4278/6144/3255
f 4272/6104/3244 4312/6143/3253 4275/6103/3245
f 4266/6135/3246 4278/6144/3255 4281/6147/3258
f 4318/6292/3264 4358/6293/3265 4357/6294/3266
f 4356/6295/3267 4319/6296/3268 4320/6297/3269
f 4356/6295/3267 4321/6298/3270 4318/6292/3264
f 4352/6299/3271 4341/6300/881 4319/6296/3268
f 4321/6298/3270 4324/6301/3272 4358/6293/3265
f 4320/6297/3269 4319/6296/3268 4322/6302/3273
f 4321/6298/3270 4322/6302/3273 4323/6303/3274
f 4322/6302/3273 4325/6304/3275 4326/6305/3276
f 4323/6303/3274 4326/6305/3276 4327/6306/3277
f 4319/6296/3268 4341/6300/881 4325/6304/3275
f 4323/6303/3274 4328/6307/3278 4324/6301/3272
f 4327/6306/3277 4359/6308/3279 4328/6307/3278
f 4326/6305/3276 4325/6304/3275 4329/6309/3280
f 4326/6305/3276 4330/6310/3281 4327/6306/3277
f 4329/6309/3280 4333/6311/3282 4330/6310/3281
f 4325/6304/3275 4341/6300/881 4331/6312/3283
f 4330/6310/3281 4334/6313/3284 4359/6308/3279
f 4325/6304/3275 4332/6314/3285 4329/6309/3280
f 4332/6314/3285 4331/6312/3283 4335/6315/3286
f 4332/6314/3285 4336/6316/3287 4333/6311/3282
f 4333/6311/3282 4337/6317/3288 4334/6313/3284
f 4336/6316/3287 4360/6318/3289 4337/6317/3288
f 4335/6315/3286 4338/6319/3290 4339/6320/3291
f 4335/6315/3286 4340/6321/3292 4336/6316/3287
f 4331/6312/3283 4341/6300/881 4338/6319/3290
f 4339/6320/3291 4343/6322/3293 4340/6321/3292
f 4340/6321/3292 4344/6323/3294 4360/6318/3289
f 4339/6320/3291 4338/6319/3290 4342/6324/3295
f 4343/6322/3293 4348/6325/3296 4344/6323/3294
f 4338/6319/3290 4346/6326/3297 4342/6324/3295
f 4342/6324/3295 4347/6327/3298 4343/6322/3293
f 4338/6319/3290 4341/6300/881 4345/6328/3299
f 4347/6327/3298 4351/6329/3300 4348/6325/3296
f 4346/6326/3297 4345/6328/3299 4349/6330/3301
f 4346/6326/3297 4350/6331/3302 4347/6327/3298
f 4349/6330/3301 4354/6332/3303 4350/6331/3302
f 4345/6328/3299 4341/6300/881 4352/6299/3271
f 4350/6331/3302 4355/6333/3304 4351/6329/3300
f 4349/6330/3301 4352/6299/3271 4353/6334/3305
f 4355/6333/3304 4318/6292/3264 4357/6294/3266
f 4353/6334/3305 4352/6299/3271 4356/6295/3267
f 4353/6334/3305 4318/6292/3264 4354/6332/3303
f 4318/6292/3264 4321/6298/3270 4358/6293/3265
f 4356/6295/3267 4352/6299/3271 4319/6296/3268
f 4356/6295/3267 4320/6297/3269 4321/6298/3270
f 4321/6298/3270 4323/6303/3274 4324/6301/3272
f 4321/6298/3270 4320/6297/3269 4322/6302/3273
f 4322/6302/3273 4319/6296/3268 4325/6304/3275
f 4323/6303/3274 4322/6302/3273 4326/6305/3276
f 4323/6303/3274 4327/6306/3277 4328/6307/3278
f 4327/6306/3277 4330/6310/3281 4359/6308/3279
f 4326/6305/3276 4329/6309/3280 4330/6310/3281
f 4329/6309/3280 4332/6314/3285 4333/6311/3282
f 4330/6310/3281 4333/6311/3282 4334/6313/3284
f 4325/6304/3275 4331/6312/3283 4332/6314/3285
f 4332/6314/3285 4335/6315/3286 4336/6316/3287
f 4333/6311/3282 4336/6316/3287 4337/6317/3288
f 4336/6316/3287 4340/6321/3292 4360/6318/3289
f 4335/6315/3286 4331/6312/3283 4338/6319/3290
f 4335/6315/3286 4339/6320/3291 4340/6321/3292
f 4339/6320/3291 4342/6324/3295 4343/6322/3293
f 4340/6321/3292 4343/6322/3293 4344/6323/3294
f 4343/6322/3293 4347/6327/3298 4348/6325/3296
f 4338/6319/3290 4345/6328/3299 4346/6326/3297
f 4342/6324/3295 4346/6326/3297 4347/6327/3298
f 4347/6327/3298 4350/6331/3302 4351/6329/3300
f 4346/6326/3297 4349/6330/3301 4350/6331/3302
f 4349/6330/3301 4353/6334/3305 4354/6332/3303
f 4350/6331/3302 4354/6332/3303 4355/6333/3304
f 4349/6330/3301 4345/6328/3299 4352/6299/3271
f 4355/6333/3304 4354/6332/3303 4318/6292/3264
f 4353/6334/3305 4356/6295/3267 4318/6292/3264
f 4361/6292/3264 4401/6293/3265 4400/6294/3266
f 4399/6295/3267 4362/6296/3268 4363/6297/3269
f 4399/6295/3267 4364/6298/3270 4361/6292/3264
f 4395/6299/3271 4384/6300/881 4362/6296/3268
f 4364/6298/3270 4367/6301/3272 4401/6293/3265
f 4363/6297/3269 4362/6296/3268 4365/6302/3273
f 4364/6298/3270 4365/6302/3273 4366/6303/3274
f 4365/6302/3273 4368/6304/3275 4369/6305/3276
f 4366/6303/3274 4369/6305/3276 4370/6306/3277
f 4362/6296/3268 4384/6300/881 4368/6304/3275
f 4366/6303/3274 4371/6307/3278 4367/6301/3272
f 4370/6306/3277 4402/6308/3279 4371/6307/3278
f 4369/6305/3276 4368/6304/3275 4372/6309/3280
f 4369/6305/3276 4373/6310/3281 4370/6306/3277
f 4372/6309/3280 4376/6311/3282 4373/6310/3281
f 4368/6304/3275 4384/6300/881 4374/6312/3283
f 4373/6310/3281 4377/6313/3284 4402/6308/3279
f 4368/6304/3275 4375/6314/3285 4372/6309/3280
f 4375/6314/3285 4374/6312/3283 4378/6315/3286
f 4375/6314/3285 4379/6316/3287 4376/6311/3282
f 4376/6311/3282 4380/6317/3288 4377/6313/3284
f 4379/6316/3287 4403/6318/3289 4380/6317/3288
f 4378/6315/3286 4381/6319/3290 4382/6320/3306
f 4378/6315/3286 4383/6321/3292 4379/6316/3287
f 4374/6312/3283 4384/6300/881 4381/6319/3290
f 4382/6320/3306 4386/6322/3293 4383/6321/3292
f 4383/6321/3292 4387/6323/3294 4403/6318/3289
f 4382/6320/3306 4381/6319/3290 4385/6324/3295
f 4386/6322/3293 4391/6325/3296 4387/6323/3294
f 4381/6319/3290 4389/6326/3297 4385/6324/3295
f 4385/6324/3295 4390/6327/3298 4386/6322/3293
f 4381/6319/3290 4384/6300/881 4388/6328/3299
f 4390/6327/3298 4394/6329/3300 4391/6325/3296
f 4389/6326/3297 4388/6328/3299 4392/6330/3307
f 4389/6326/3297 4393/6331/3302 4390/6327/3298
f 4392/6330/3307 4397/6332/3303 4393/6331/3302
f 4388/6328/3299 4384/6300/881 4395/6299/3271
f 4393/6331/3302 4398/6333/3304 4394/6329/3300
f 4392/6330/3307 4395/6299/3271 4396/6334/3305
f 4398/6333/3304 4361/6292/3264 4400/6294/3266
f 4396/6334/3305 4395/6299/3271 4399/6295/3267
f 4396/6334/3305 4361/6292/3264 4397/6332/3303
f 4361/6292/3264 4364/6298/3270 4401/6293/3265
f 4399/6295/3267 4395/6299/3271 4362/6296/3268
f 4399/6295/3267 4363/6297/3269 4364/6298/3270
f 4364/6298/3270 4366/6303/3274 4367/6301/3272
f 4364/6298/3270 4363/6297/3269 4365/6302/3273
f 4365/6302/3273 4362/6296/3268 4368/6304/3275
f 4366/6303/3274 4365/6302/3273 4369/6305/3276
f 4366/6303/3274 4370/6306/3277 4371/6307/3278
f 4370/6306/3277 4373/6310/3281 4402/6308/3279
f 4369/6305/3276 4372/6309/3280 4373/6310/3281
f 4372/6309/3280 4375/6314/3285 4376/6311/3282
f 4373/6310/3281 4376/6311/3282 4377/6313/3284
f 4368/6304/3275 4374/6312/3283 4375/6314/3285
f 4375/6314/3285 4378/6315/3286 4379/6316/3287
f 4376/6311/3282 4379/6316/3287 4380/6317/3288
f 4379/6316/3287 4383/6321/3292 4403/6318/3289
f 4378/6315/3286 4374/6312/3283 4381/6319/3290
f 4378/6315/3286 4382/6320/3306 4383/6321/3292
f 4382/6320/3306 4385/6324/3295 4386/6322/3293
f 4383/6321/3292 4386/6322/3293 4387/6323/3294
f 4386/6322/3293 4390/6327/3298 4391/6325/3296
f 4381/6319/3290 4388/6328/3299 4389/6326/3297
f 4385/6324/3295 4389/6326/3297 4390/6327/3298
f 4390/6327/3298 4393/6331/3302 4394/6329/3300
f 4389/6326/3297 4392/6330/3307 4393/6331/3302
f 4392/6330/3307 4396/6334/3305 4397/6332/3303
f 4393/6331/3302 4397/6332/3303 4398/6333/3304
f 4392/6330/3307 4388/6328/3299 4395/6299/3271
f 4398/6333/3304 4397/6332/3303 4361/6292/3264
f 4396/6334/3305 4399/6295/3267 4361/6292/3264
f 4404/6292/3264 4444/6293/3265 4443/6294/3266
f 4442/6295/3267 4405/6296/3268 4406/6297/3269
f 4442/6295/3267 4407/6298/3270 4404/6292/3264
f 4438/6299/3271 4427/6300/881 4405/6296/3268
f 4407/6298/3270 4410/6301/3272 4444/6293/3265
f 4406/6297/3269 4405/6296/3268 4408/6302/3273
f 4407/6298/3270 4408/6302/3273 4409/6303/3274
f 4408/6302/3273 4411/6304/3275 4412/6305/3276
f 4409/6303/3274 4412/6305/3276 4413/6306/3277
f 4405/6296/3268 4427/6300/881 4411/6304/3275
f 4409/6303/3274 4414/6307/3278 4410/6301/3272
f 4413/6306/3277 4445/6308/3279 4414/6307/3278
f 4412/6305/3276 4411/6304/3275 4415/6309/3280
f 4412/6305/3276 4416/6310/3281 4413/6306/3277
f 4415/6309/3280 4419/6311/3282 4416/6310/3281
f 4411/6304/3275 4427/6300/881 4417/6312/3283
f 4416/6310/3281 4420/6313/3284 4445/6308/3279
f 4411/6304/3275 4418/6314/3285 4415/6309/3280
f 4418/6314/3285 4417/6312/3283 4421/6315/3286
f 4418/6314/3285 4422/6316/3287 4419/6311/3282
f 4419/6311/3282 4423/6317/3288 4420/6313/3284
f 4422/6316/3287 4446/6318/3289 4423/6317/3288
f 4421/6315/3286 4424/6319/3290 4425/6320/3306
f 4421/6315/3286 4426/6321/3292 4422/6316/3287
f 4417/6312/3283 4427/6300/881 4424/6319/3290
f 4425/6320/3306 4429/6322/3293 4426/6321/3292
f 4426/6321/3292 4430/6323/3308 4446/6318/3289
f 4425/6320/3306 4424/6319/3290 4428/6324/3295
f 4429/6322/3293 4434/6325/3296 4430/6323/3308
f 4424/6319/3290 4432/6326/3297 4428/6324/3295
f 4428/6324/3295 4433/6327/3298 4429/6322/3293
f 4424/6319/3290 4427/6300/881 4431/6328/3299
f 4433/6327/3298 4437/6329/3309 4434/6325/3296
f 4432/6326/3297 4431/6328/3299 4435/6330/3301
f 4432/6326/3297 4436/6331/3302 4433/6327/3298
f 4435/6330/3301 4440/6332/3303 4436/6331/3302
f 4431/6328/3299 4427/6300/881 4438/6299/3271
f 4436/6331/3302 4441/6333/3304 4437/6329/3309
f 4435/6330/3301 4438/6299/3271 4439/6334/3310
f 4441/6333/3304 4404/6292/3264 4443/6294/3266
f 4439/6334/3310 4438/6299/3271 4442/6295/3267
f 4439/6334/3310 4404/6292/3264 4440/6332/3303
f 4404/6292/3264 4407/6298/3270 4444/6293/3265
f 4442/6295/3267 4438/6299/3271 4405/6296/3268
f 4442/6295/3267 4406/6297/3269 4407/6298/3270
f 4407/6298/3270 4409/6303/3274 4410/6301/3272
f 4407/6298/3270 4406/6297/3269 4408/6302/3273
f 4408/6302/3273 4405/6296/3268 4411/6304/3275
f 4409/6303/3274 4408/6302/3273 4412/6305/3276
f 4409/6303/3274 4413/6306/3277 4414/6307/3278
f 4413/6306/3277 4416/6310/3281 4445/6308/3279
f 4412/6305/3276 4415/6309/3280 4416/6310/3281
f 4415/6309/3280 4418/6314/3285 4419/6311/3282
f 4416/6310/3281 4419/6311/3282 4420/6313/3284
f 4411/6304/3275 4417/6312/3283 4418/6314/3285
f 4418/6314/3285 4421/6315/3286 4422/6316/3287
f 4419/6311/3282 4422/6316/3287 4423/6317/3288
f 4422/6316/3287 4426/6321/3292 4446/6318/3289
f 4421/6315/3286 4417/6312/3283 4424/6319/3290
f 4421/6315/3286 4425/6320/3306 4426/6321/3292
f 4425/6320/3306 4428/6324/3295 4429/6322/3293
f 4426/6321/3292 4429/6322/3293 4430/6323/3308
f 4429/6322/3293 4433/6327/3298 4434/6325/3296
f 4424/6319/3290 4431/6328/3299 4432/6326/3297
f 4428/6324/3295 4432/6326/3297 4433/6327/3298
f 4433/6327/3298 4436/6331/3302 4437/6329/3309
f 4432/6326/3297 4435/6330/3301 4436/6331/3302
f 4435/6330/3301 4439/6334/3310 4440/6332/3303
f 4436/6331/3302 4440/6332/3303 4441/6333/3304
f 4435/6330/3301 4431/6328/3299 4438/6299/3271
f 4441/6333/3304 4440/6332/3303 4404/6292/3264
f 4439/6334/3310 4442/6295/3267 4404/6292/3264
f 4447/6292/3264 4487/6293/3265 4486/6294/3266
f 4485/6295/3267 4448/6296/3268 4449/6297/3269
f 4485/6295/3267 4450/6298/3270 4447/6292/3264
f 4481/6299/3271 4470/6300/881 4448/6296/3268
f 4450/6298/3270 4453/6301/3272 4487/6293/3265
f 4449/6297/3269 4448/6296/3268 4451/6302/3273
f 4450/6298/3270 4451/6302/3273 4452/6303/3274
f 4451/6302/3273 4454/6304/3275 4455/6305/3276
f 4452/6303/3274 4455/6305/3276 4456/6306/3277
f 4448/6296/3268 4470/6300/881 4454/6304/3275
f 4452/6303/3274 4457/6307/3278 4453/6301/3272
f 4456/6306/3277 4488/6308/3279 4457/6307/3278
f 4455/6305/3276 4454/6304/3275 4458/6309/3280
f 4455/6305/3276 4459/6310/3281 4456/6306/3277
f 4458/6309/3280 4462/6311/3282 4459/6310/3281
f 4454/6304/3275 4470/6300/881 4460/6312/3283
f 4459/6310/3281 4463/6313/3284 4488/6308/3279
f 4454/6304/3275 4461/6314/3285 4458/6309/3280
f 4461/6314/3285 4460/6312/3283 4464/6315/3286
f 4461/6314/3285 4465/6316/3287 4462/6311/3282
f 4462/6311/3282 4466/6317/3288 4463/6313/3284
f 4465/6316/3287 4489/6318/3289 4466/6317/3288
f 4464/6315/3286 4467/6319/3290 4468/6320/3291
f 4464/6315/3286 4469/6321/3292 4465/6316/3287
f 4460/6312/3283 4470/6300/881 4467/6319/3290
f 4468/6320/3291 4472/6322/3293 4469/6321/3292
f 4469/6321/3292 4473/6323/3308 4489/6318/3289
f 4468/6320/3291 4467/6319/3290 4471/6324/3295
f 4472/6322/3293 4477/6325/3296 4473/6323/3308
f 4467/6319/3290 4475/6326/3297 4471/6324/3295
f 4471/6324/3295 4476/6327/3298 4472/6322/3293
f 4467/6319/3290 4470/6300/881 4474/6328/3299
f 4476/6327/3298 4480/6329/3300 4477/6325/3296
f 4475/6326/3297 4474/6328/3299 4478/6330/3301
f 4475/6326/3297 4479/6331/3302 4476/6327/3298
f 4478/6330/3301 4483/6332/3303 4479/6331/3302
f 4474/6328/3299 4470/6300/881 4481/6299/3271
f 4479/6331/3302 4484/6333/3304 4480/6329/3300
f 4478/6330/3301 4481/6299/3271 4482/6334/3305
f 4484/6333/3304 4447/6292/3264 4486/6294/3266
f 4482/6334/3305 4481/6299/3271 4485/6295/3267
f 4482/6334/3305 4447/6292/3264 4483/6332/3303
f 4447/6292/3264 4450/6298/3270 4487/6293/3265
f 4485/6295/3267 4481/6299/3271 4448/6296/3268
f 4485/6295/3267 4449/6297/3269 4450/6298/3270
f 4450/6298/3270 4452/6303/3274 4453/6301/3272
f 4450/6298/3270 4449/6297/3269 4451/6302/3273
f 4451/6302/3273 4448/6296/3268 4454/6304/3275
f 4452/6303/3274 4451/6302/3273 4455/6305/3276
f 4452/6303/3274 4456/6306/3277 4457/6307/3278
f 4456/6306/3277 4459/6310/3281 4488/6308/3279
f 4455/6305/3276 4458/6309/3280 4459/6310/3281
f 4458/6309/3280 4461/6314/3285 4462/6311/3282
f 4459/6310/3281 4462/6311/3282 4463/6313/3284
f 4454/6304/3275 4460/6312/3283 4461/6314/3285
f 4461/6314/3285 4464/6315/3286 4465/6316/3287
f 4462/6311/3282 4465/6316/3287 4466/6317/3288
f 4465/6316/3287 4469/6321/3292 4489/6318/3289
f 4464/6315/3286 4460/6312/3283 4467/6319/3290
f 4464/6315/3286 4468/6320/3291 4469/6321/3292
f 4468/6320/3291 4471/6324/3295 4472/6322/3293
f 4469/6321/3292 4472/6322/3293 4473/6323/3308
f 4472/6322/3293 4476/6327/3298 4477/6325/3296
f 4467/6319/3290 4474/6328/3299 4475/6326/3297
f 4471/6324/3295 4475/6326/3297 4476/6327/3298
f 4476/6327/3298 4479/6331/3302 4480/6329/3300
f 4475/6326/3297 4478/6330/3301 4479/6331/3302
f 4478/6330/3301 4482/6334/3305 4483/6332/3303
f 4479/6331/3302 4483/6332/3303 4484/6333/3304
f 4478/6330/3301 4474/6328/3299 4481/6299/3271
f 4484/6333/3304 4483/6332/3303 4447/6292/3264
f 4482/6334/3305 4485/6295/3267 4447/6292/3264
f 4490/6292/3264 4529/6294/3266 4530/6293/3304
f 4528/6295/3311 4492/6297/3312 4491/6296/3313
f 4528/6295/3311 4490/6292/3264 4493/6298/3303
f 4524/6299/3314 4491/6296/3313 4513/6300/881
f 4493/6298/3303 4530/6293/3304 4496/6301/3300
f 4492/6297/3312 4494/6302/3315 4491/6296/3313
f 4493/6298/3303 4495/6303/3302 4494/6302/3315
f 4494/6302/3315 4498/6305/3316 4497/6304/3317
f 4495/6303/3302 4499/6306/3298 4498/6305/3316
f 4491/6296/3313 4497/6304/3317 4513/6300/881
f 4495/6303/3302 4496/6301/3300 4500/6307/3296
f 4499/6306/3298 4500/6307/3296 4531/6308/3308
f 4498/6305/3316 4501/6309/3318 4497/6304/3317
f 4498/6305/3316 4499/6306/3298 4502/6310/3293
f 4501/6309/3318 4502/6310/3293 4505/6311/3292
f 4497/6304/3317 4503/6312/3319 4513/6300/881
f 4502/6310/3293 4531/6308/3308 4506/6313/3289
f 4497/6304/3317 4501/6309/3318 4504/6314/3320
f 4504/6314/3320 4507/6315/3321 4503/6312/3319
f 4504/6314/3320 4505/6311/3292 4508/6316/3287
f 4505/6311/3292 4506/6313/3289 4509/6317/3288
f 4508/6316/3287 4509/6317/3288 4532/6318/3284
f 4507/6315/3321 4511/6320/3322 4510/6319/3323
f 4507/6315/3321 4508/6316/3287 4512/6321/3282
f 4503/6312/3319 4510/6319/3323 4513/6300/881
f 4511/6320/3322 4512/6321/3282 4515/6322/3281
f 4512/6321/3282 4532/6318/3284 4516/6323/3279
f 4511/6320/3322 4514/6324/3324 4510/6319/3323
f 4515/6322/3281 4516/6323/3279 4520/6325/3278
f 4510/6319/3323 4514/6324/3324 4518/6326/3325
f 4514/6324/3324 4515/6322/3281 4519/6327/3277
f 4510/6319/3323 4517/6328/3326 4513/6300/881
f 4519/6327/3277 4520/6325/3278 4523/6329/3272
f 4518/6326/3325 4521/6330/3327 4517/6328/3326
f 4518/6326/3325 4519/6327/3277 4522/6331/3274
f 4521/6330/3327 4522/6331/3274 4526/6332/3270
f 4517/6328/3326 4524/6299/3314 4513/6300/881
f 4522/6331/3274 4523/6329/3272 4527/6333/3265
f 4521/6330/3327 4525/6334/3328 4524/6299/3314
f 4527/6333/3265 4529/6294/3266 4490/6292/3264
f 4525/6334/3328 4528/6295/3311 4524/6299/3314
f 4525/6334/3328 4526/6332/3270 4490/6292/3264
f 4490/6292/3264 4530/6293/3304 4493/6298/3303
f 4528/6295/3311 4491/6296/3313 4524/6299/3314
f 4528/6295/3311 4493/6298/3303 4492/6297/3312
f 4493/6298/3303 4496/6301/3300 4495/6303/3302
f 4493/6298/3303 4494/6302/3315 4492/6297/3312
f 4494/6302/3315 4497/6304/3317 4491/6296/3313
f 4495/6303/3302 4498/6305/3316 4494/6302/3315
f 4495/6303/3302 4500/6307/3296 4499/6306/3298
f 4499/6306/3298 4531/6308/3308 4502/6310/3293
f 4498/6305/3316 4502/6310/3293 4501/6309/3318
f 4501/6309/3318 4505/6311/3292 4504/6314/3320
f 4502/6310/3293 4506/6313/3289 4505/6311/3292
f 4497/6304/3317 4504/6314/3320 4503/6312/3319
f 4504/6314/3320 4508/6316/3287 4507/6315/3321
f 4505/6311/3292 4509/6317/3288 4508/6316/3287
f 4508/6316/3287 4532/6318/3284 4512/6321/3282
f 4507/6315/3321 4510/6319/3323 4503/6312/3319
f 4507/6315/3321 4512/6321/3282 4511/6320/3322
f 4511/6320/3322 4515/6322/3281 4514/6324/3324
f 4512/6321/3282 4516/6323/3279 4515/6322/3281
f 4515/6322/3281 4520/6325/3278 4519/6327/3277
f 4510/6319/3323 4518/6326/3325 4517/6328/3326
f 4514/6324/3324 4519/6327/3277 4518/6326/3325
f 4519/6327/3277 4523/6329/3272 4522/6331/3274
f 4518/6326/3325 4522/6331/3274 4521/6330/3327
f 4521/6330/3327 4526/6332/3270 4525/6334/3328
f 4522/6331/3274 4527/6333/3265 4526/6332/3270
f 4521/6330/3327 4524/6299/3314 4517/6328/3326
f 4527/6333/3265 4490/6292/3264 4526/6332/3270
f 4525/6334/3328 4490/6292/3264 4528/6295/3311
f 4533/6292/3264 4572/6294/3266 4573/6293/3304
f 4571/6295/3311 4535/6297/3312 4534/6296/3313
f 4571/6295/3311 4533/6292/3264 4536/6298/3303
f 4567/6299/3314 4534/6296/3313 4556/6300/881
f 4536/6298/3303 4573/6293/3304 4539/6301/3300
f 4535/6297/3312 4537/6302/3315 4534/6296/3313
f 4536/6298/3303 4538/6303/3302 4537/6302/3315
f 4537/6302/3315 4541/6305/3316 4540/6304/3317
f 4538/6303/3302 4542/6306/3298 4541/6305/3316
f 4534/6296/3313 4540/6304/3317 4556/6300/881
f 4538/6303/3302 4539/6301/3300 4543/6307/3296
f 4542/6306/3298 4543/6307/3296 4574/6308/3308
f 4541/6305/3316 4544/6309/3318 4540/6304/3317
f 4541/6305/3316 4542/6306/3298 4545/6310/3293
f 4544/6309/3318 4545/6310/3293 4548/6311/3292
f 4540/6304/3317 4546/6312/3319 4556/6300/881
f 4545/6310/3293 4574/6308/3308 4549/6313/3289
f 4540/6304/3317 4544/6309/3318 4547/6314/3320
f 4547/6314/3320 4550/6315/3321 4546/6312/3319
f 4547/6314/3320 4548/6311/3292 4551/6316/3287
f 4548/6311/3292 4549/6313/3289 4552/6317/3288
f 4551/6316/3287 4552/6317/3288 4575/6318/3284
f 4550/6315/3321 4554/6320/3322 4553/6319/3323
f 4550/6315/3321 4551/6316/3287 4555/6321/3282
f 4546/6312/3319 4553/6319/3323 4556/6300/881
f 4554/6320/3322 4555/6321/3282 4558/6322/3281
f 4555/6321/3282 4575/6318/3284 4559/6323/3279
f 4554/6320/3322 4557/6324/3324 4553/6319/3323
f 4558/6322/3281 4559/6323/3279 4563/6325/3278
f 4553/6319/3323 4557/6324/3324 4561/6326/3325
f 4557/6324/3324 4558/6322/3281 4562/6327/3277
f 4553/6319/3323 4560/6328/3326 4556/6300/881
f 4562/6327/3277 4563/6325/3278 4566/6329/3272
f 4561/6326/3325 4564/6330/3327 4560/6328/3326
f 4561/6326/3325 4562/6327/3277 4565/6331/3274
f 4564/6330/3327 4565/6331/3274 4569/6332/3270
f 4560/6328/3326 4567/6299/3314 4556/6300/881
f 4565/6331/3274 4566/6329/3272 4570/6333/3265
f 4564/6330/3327 4568/6334/3328 4567/6299/3314
f 4570/6333/3265 4572/6294/3266 4533/6292/3264
f 4568/6334/3328 4571/6295/3311 4567/6299/3314
f 4568/6334/3328 4569/6332/3270 4533/6292/3264
f 4533/6292/3264 4573/6293/3304 4536/6298/3303
f 4571/6295/3311 4534/6296/3313 4567/6299/3314
f 4571/6295/3311 4536/6298/3303 4535/6297/3312
f 4536/6298/3303 4539/6301/3300 4538/6303/3302
f 4536/6298/3303 4537/6302/3315 4535/6297/3312
f 4537/6302/3315 4540/6304/3317 4534/6296/3313
f 4538/6303/3302 4541/6305/3316 4537/6302/3315
f 4538/6303/3302 4543/6307/3296 4542/6306/3298
f 4542/6306/3298 4574/6308/3308 4545/6310/3293
f 4541/6305/3316 4545/6310/3293 4544/6309/3318
f 4544/6309/3318 4548/6311/3292 4547/6314/3320
f 4545/6310/3293 4549/6313/3289 4548/6311/3292
f 4540/6304/3317 4547/6314/3320 4546/6312/3319
f 4547/6314/3320 4551/6316/3287 4550/6315/3321
f 4548/6311/3292 4552/6317/3288 4551/6316/3287
f 4551/6316/3287 4575/6318/3284 4555/6321/3282
f 4550/6315/3321 4553/6319/3323 4546/6312/3319
f 4550/6315/3321 4555/6321/3282 4554/6320/3322
f 4554/6320/3322 4558/6322/3281 4557/6324/3324
f 4555/6321/3282 4559/6323/3279 4558/6322/3281
f 4558/6322/3281 4563/6325/3278 4562/6327/3277
f 4553/6319/3323 4561/6326/3325 4560/6328/3326
f 4557/6324/3324 4562/6327/3277 4561/6326/3325
f 4562/6327/3277 4566/6329/3272 4565/6331/3274
f 4561/6326/3325 4565/6331/3274 4564/6330/3327
f 4564/6330/3327 4569/6332/3270 4568/6334/3328
f 4565/6331/3274 4570/6333/3265 4569/6332/3270
f 4564/6330/3327 4567/6299/3314 4560/6328/3326
f 4570/6333/3265 4533/6292/3264 4569/6332/3270
f 4568/6334/3328 4533/6292/3264 4571/6295/3311
f 4576/6292/3264 4615/6294/3266 4616/6293/3304
f 4614/6295/3311 4578/6297/3312 4577/6296/3313
f 4614/6295/3311 4576/6292/3264 4579/6298/3303
f 4610/6299/3314 4577/6296/3313 4599/6300/881
f 4579/6298/3303 4616/6293/3304 4582/6301/3300
f 4578/6297/3312 4580/6302/3315 4577/6296/3313
f 4579/6298/3303 4581/6303/3302 4580/6302/3315
f 4580/6302/3315 4584/6305/3316 4583/6304/3317
f 4581/6303/3302 4585/6306/3298 4584/6305/3316
f 4577/6296/3313 4583/6304/3317 4599/6300/881
f 4581/6303/3302 4582/6301/3300 4586/6307/3296
f 4585/6306/3298 4586/6307/3296 4617/6308/3308
f 4584/6305/3316 4587/6309/3318 4583/6304/3317
f 4584/6305/3316 4585/6306/3298 4588/6310/3293
f 4587/6309/3318 4588/6310/3293 4591/6311/3292
f 4583/6304/3317 4589/6312/3319 4599/6300/881
f 4588/6310/3293 4617/6308/3308 4592/6313/3289
f 4583/6304/3317 4587/6309/3318 4590/6314/3320
f 4590/6314/3320 4593/6315/3321 4589/6312/3319
f 4590/6314/3320 4591/6311/3292 4594/6316/3287
f 4591/6311/3292 4592/6313/3289 4595/6317/3288
f 4594/6316/3287 4595/6317/3288 4618/6318/3284
f 4593/6315/3321 4597/6320/3322 4596/6319/3323
f 4593/6315/3321 4594/6316/3287 4598/6321/3282
f 4589/6312/3319 4596/6319/3323 4599/6300/881
f 4597/6320/3322 4598/6321/3282 4601/6322/3281
f 4598/6321/3282 4618/6318/3284 4602/6323/3279
f 4597/6320/3322 4600/6324/3324 4596/6319/3323
f 4601/6322/3281 4602/6323/3279 4606/6325/3278
f 4596/6319/3323 4600/6324/3324 4604/6326/3325
f 4600/6324/3324 4601/6322/3281 4605/6327/3277
f 4596/6319/3323 4603/6328/3326 4599/6300/881
f 4605/6327/3277 4606/6325/3278 4609/6329/3272
f 4604/6326/3325 4607/6330/3327 4603/6328/3326
f 4604/6326/3325 4605/6327/3277 4608/6331/3274
f 4607/6330/3327 4608/6331/3274 4612/6332/3270
f 4603/6328/3326 4610/6299/3314 4599/6300/881
f 4608/6331/3274 4609/6329/3272 4613/6333/3265
f 4607/6330/3327 4611/6334/3329 4610/6299/3314
f 4613/6333/3265 4615/6294/3266 4576/6292/3264
f 4611/6334/3329 4614/6295/3311 4610/6299/3314
f 4611/6334/3329 4612/6332/3270 4576/6292/3264
f 4576/6292/3264 4616/6293/3304 4579/6298/3303
f 4614/6295/3311 4577/6296/3313 4610/6299/3314
f 4614/6295/3311 4579/6298/3303 4578/6297/3312
f 4579/6298/3303 4582/6301/3300 4581/6303/3302
f 4579/6298/3303 4580/6302/3315 4578/6297/3312
f 4580/6302/3315 4583/6304/3317 4577/6296/3313
f 4581/6303/3302 4584/6305/3316 4580/6302/3315
f 4581/6303/3302 4586/6307/3296 4585/6306/3298
f 4585/6306/3298 4617/6308/3308 4588/6310/3293
f 4584/6305/3316 4588/6310/3293 4587/6309/3318
f 4587/6309/3318 4591/6311/3292 4590/6314/3320
f 4588/6310/3293 4592/6313/3289 4591/6311/3292
f 4583/6304/3317 4590/6314/3320 4589/6312/3319
f 4590/6314/3320 4594/6316/3287 4593/6315/3321
f 4591/6311/3292 4595/6317/3288 4594/6316/3287
f 4594/6316/3287 4618/6318/3284 4598/6321/3282
f 4593/6315/3321 4596/6319/3323 4589/6312/3319
f 4593/6315/3321 4598/6321/3282 4597/6320/3322
f 4597/6320/3322 4601/6322/3281 4600/6324/3324
f 4598/6321/3282 4602/6323/3279 4601/6322/3281
f 4601/6322/3281 4606/6325/3278 4605/6327/3277
f 4596/6319/3323 4604/6326/3325 4603/6328/3326
f 4600/6324/3324 4605/6327/3277 4604/6326/3325
f 4605/6327/3277 4609/6329/3272 4608/6331/3274
f 4604/6326/3325 4608/6331/3274 4607/6330/3327
f 4607/6330/3327 4612/6332/3270 4611/6334/3329
f 4608/6331/3274 4613/6333/3265 4612/6332/3270
f 4607/6330/3327 4610/6299/3314 4603/6328/3326
f 4613/6333/3265 4576/6292/3264 4612/6332/3270
f 4611/6334/3329 4576/6292/3264 4614/6295/3311
f 4619/6292/3264 4658/6294/3266 4659/6293/3304
f 4657/6295/3311 4621/6297/3312 4620/6296/3313
f 4657/6295/3311 4619/6292/3264 4622/6298/3303
f 4653/6299/3314 4620/6296/3313 4642/6300/881
f 4622/6298/3303 4659/6293/3304 4625/6301/3300
f 4621/6297/3312 4623/6302/3315 4620/6296/3313
f 4622/6298/3303 4624/6303/3302 4623/6302/3315
f 4623/6302/3315 4627/6305/3316 4626/6304/3317
f 4624/6303/3302 4628/6306/3298 4627/6305/3316
f 4620/6296/3313 4626/6304/3317 4642/6300/881
f 4624/6303/3302 4625/6301/3300 4629/6307/3296
f 4628/6306/3298 4629/6307/3296 4660/6308/3308
f 4627/6305/3316 4630/6309/3318 4626/6304/3317
f 4627/6305/3316 4628/6306/3298 4631/6310/3293
f 4630/6309/3318 4631/6310/3293 4634/6311/3292
f 4626/6304/3317 4632/6312/3319 4642/6300/881
f 4631/6310/3293 4660/6308/3308 4635/6313/3289
f 4626/6304/3317 4630/6309/3318 4633/6314/3320
f 4633/6314/3320 4636/6315/3321 4632/6312/3319
f 4633/6314/3320 4634/6311/3292 4637/6316/3287
f 4634/6311/3292 4635/6313/3289 4638/6317/3288
f 4637/6316/3287 4638/6317/3288 4661/6318/3284
f 4636/6315/3321 4640/6320/3322 4639/6319/3323
f 4636/6315/3321 4637/6316/3287 4641/6321/3282
f 4632/6312/3319 4639/6319/3323 4642/6300/881
f 4640/6320/3322 4641/6321/3282 4644/6322/3281
f 4641/6321/3282 4661/6318/3284 4645/6323/3279
f 4640/6320/3322 4643/6324/3324 4639/6319/3323
f 4644/6322/3281 4645/6323/3279 4649/6325/3278
f 4639/6319/3323 4643/6324/3324 4647/6326/3325
f 4643/6324/3324 4644/6322/3281 4648/6327/3277
f 4639/6319/3323 4646/6328/3326 4642/6300/881
f 4648/6327/3277 4649/6325/3278 4652/6329/3272
f 4647/6326/3325 4650/6330/3327 4646/6328/3326
f 4647/6326/3325 4648/6327/3277 4651/6331/3274
f 4650/6330/3327 4651/6331/3274 4655/6332/3270
f 4646/6328/3326 4653/6299/3314 4642/6300/881
f 4651/6331/3274 4652/6329/3272 4656/6333/3265
f 4650/6330/3327 4654/6334/3328 4653/6299/3314
f 4656/6333/3265 4658/6294/3266 4619/6292/3264
f 4654/6334/3328 4657/6295/3311 4653/6299/3314
f 4654/6334/3328 4655/6332/3270 4619/6292/3264
f 4619/6292/3264 4659/6293/3304 4622/6298/3303
f 4657/6295/3311 4620/6296/3313 4653/6299/3314
f 4657/6295/3311 4622/6298/3303 4621/6297/3312
f 4622/6298/3303 4625/6301/3300 4624/6303/3302
f 4622/6298/3303 4623/6302/3315 4621/6297/3312
f 4623/6302/3315 4626/6304/3317 4620/6296/3313
f 4624/6303/3302 4627/6305/3316 4623/6302/3315
f 4624/6303/3302 4629/6307/3296 4628/6306/3298
f 4628/6306/3298 4660/6308/3308 4631/6310/3293
f 4627/6305/3316 4631/6310/3293 4630/6309/3318
f 4630/6309/3318 4634/6311/3292 4633/6314/3320
f 4631/6310/3293 4635/6313/3289 4634/6311/3292
f 4626/6304/3317 4633/6314/3320 4632/6312/3319
f 4633/6314/3320 4637/6316/3287 4636/6315/3321
f 4634/6311/3292 4638/6317/3288 4637/6316/3287
f 4637/6316/3287 4661/6318/3284 4641/6321/3282
f 4636/6315/3321 4639/6319/3323 4632/6312/3319
f 4636/6315/3321 4641/6321/3282 4640/6320/3322
f 4640/6320/3322 4644/6322/3281 4643/6324/3324
f 4641/6321/3282 4645/6323/3279 4644/6322/3281
f 4644/6322/3281 4649/6325/3278 4648/6327/3277
f 4639/6319/3323 4647/6326/3325 4646/6328/3326
f 4643/6324/3324 4648/6327/3277 4647/6326/3325
f 4648/6327/3277 4652/6329/3272 4651/6331/3274
f 4647/6326/3325 4651/6331/3274 4650/6330/3327
f 4650/6330/3327 4655/6332/3270 4654/6334/3328
f 4651/6331/3274 4656/6333/3265 4655/6332/3270
f 4650/6330/3327 4653/6299/3314 4646/6328/3326
f 4656/6333/3265 4619/6292/3264 4655/6332/3270
f 4654/6334/3328 4619/6292/3264 4657/6295/3311
f 4662/6292/3330 4701/6294/3331 4702/6293/3332
f 4700/6295/3333 4664/6297/3334 4663/6296/3335
f 4700/6295/3333 4662/6292/3330 4665/6298/3336
f 4696/6299/3337 4663/6296/3335 4685/6300/872
f 4665/6298/3336 4702/6293/3332 4668/6301/3338
f 4664/6297/3334 4666/6302/3339 4663/6296/3335
f 4665/6298/3336 4667/6303/3340 4666/6302/3339
f 4666/6302/3339 4670/6305/3341 4669/6304/3342
f 4667/6303/3340 4671/6306/3343 4670/6305/3341
f 4663/6296/3335 4669/6304/3342 4685/6300/872
f 4667/6303/3340 4668/6301/3338 4672/6307/3344
f 4671/6306/3343 4672/6307/3344 4703/6308/3345
f 4670/6305/3341 4673/6309/3346 4669/6304/3342
f 4670/6305/3341 4671/6306/3343 4674/6310/3347
f 4673/6309/3346 4674/6310/3347 4677/6311/3348
f 4669/6304/3342 4675/6312/3349 4685/6300/872
f 4674/6310/3347 4703/6308/3345 4678/6313/3350
f 4669/6304/3342 4673/6309/3346 4676/6314/3351
f 4676/6314/3351 4679/6315/3352 4675/6312/3349
f 4676/6314/3351 4677/6311/3348 4680/6316/3353
f 4677/6311/3348 4678/6313/3350 4681/6317/3354
f 4680/6316/3353 4681/6317/3354 4704/6318/3355
f 4679/6315/3352 4683/6320/3356 4682/6319/3357
f 4679/6315/3352 4680/6316/3353 4684/6321/3358
f 4675/6312/3349 4682/6319/3357 4685/6300/872
f 4683/6320/3356 4684/6321/3358 4687/6322/3359
f 4684/6321/3358 4704/6318/3355 4688/6323/3360
f 4683/6320/3356 4686/6324/3361 4682/6319/3357
f 4687/6322/3359 4688/6323/3360 4692/6325/3362
f 4682/6319/3357 4686/6324/3361 4690/6326/3363
f 4686/6324/3361 4687/6322/3359 4691/6327/3364
f 4682/6319/3357 4689/6328/3365 4685/6300/872
f 4691/6327/3364 4692/6325/3362 4695/6329/3366
f 4690/6326/3363 4693/6330/3367 4689/6328/3365
f 4690/6326/3363 4691/6327/3364 4694/6331/3368
f 4693/6330/3367 4694/6331/3368 4698/6332/3369
f 4689/6328/3365 4696/6299/3337 4685/6300/872
f 4694/6331/3368 4695/6329/3366 4699/6333/3370
f 4693/6330/3367 4697/6334/3371 4696/6299/3337
f 4699/6333/3370 4701/6294/3331 4662/6292/3330
f 4697/6334/3371 4700/6295/3333 4696/6299/3337
f 4697/6334/3371 4698/6332/3369 4662/6292/3330
f 4662/6292/3330 4702/6293/3332 4665/6298/3336
f 4700/6295/3333 4663/6296/3335 4696/6299/3337
f 4700/6295/3333 4665/6298/3336 4664/6297/3334
f 4665/6298/3336 4668/6301/3338 4667/6303/3340
f 4665/6298/3336 4666/6302/3339 4664/6297/3334
f 4666/6302/3339 4669/6304/3342 4663/6296/3335
f 4667/6303/3340 4670/6305/3341 4666/6302/3339
f 4667/6303/3340 4672/6307/3344 4671/6306/3343
f 4671/6306/3343 4703/6308/3345 4674/6310/3347
f 4670/6305/3341 4674/6310/3347 4673/6309/3346
f 4673/6309/3346 4677/6311/3348 4676/6314/3351
f 4674/6310/3347 4678/6313/3350 4677/6311/3348
f 4669/6304/3342 4676/6314/3351 4675/6312/3349
f 4676/6314/3351 4680/6316/3353 4679/6315/3352
f 4677/6311/3348 4681/6317/3354 4680/6316/3353
f 4680/6316/3353 4704/6318/3355 4684/6321/3358
f 4679/6315/3352 4682/6319/3357 4675/6312/3349
f 4679/6315/3352 4684/6321/3358 4683/6320/3356
f 4683/6320/3356 4687/6322/3359 4686/6324/3361
f 4684/6321/3358 4688/6323/3360 4687/6322/3359
f 4687/6322/3359 4692/6325/3362 4691/6327/3364
f 4682/6319/3357 4690/6326/3363 4689/6328/3365
f 4686/6324/3361 4691/6327/3364 4690/6326/3363
f 4691/6327/3364 4695/6329/3366 4694/6331/3368
f 4690/6326/3363 4694/6331/3368 4693/6330/3367
f 4693/6330/3367 4698/6332/3369 4697/6334/3371
f 4694/6331/3368 4699/6333/3370 4698/6332/3369
f 4693/6330/3367 4696/6299/3337 4689/6328/3365
f 4699/6333/3370 4662/6292/3330 4698/6332/3369
f 4697/6334/3371 4662/6292/3330 4700/6295/3333
f 4705/6292/3330 4744/6294/3331 4745/6293/3332
f 4743/6295/3333 4707/6297/3334 4706/6296/3335
f 4743/6295/3333 4705/6292/3330 4708/6298/3336
f 4739/6299/3337 4706/6296/3335 4728/6300/872
f 4708/6298/3336 4745/6293/3332 4711/6301/3338
f 4707/6297/3334 4709/6302/3339 4706/6296/3335
f 4708/6298/3336 4710/6303/3340 4709/6302/3339
f 4709/6302/3339 4713/6305/3341 4712/6304/3342
f 4710/6303/3340 4714/6306/3343 4713/6305/3341
f 4706/6296/3335 4712/6304/3342 4728/6300/872
f 4710/6303/3340 4711/6301/3338 4715/6307/3344
f 4714/6306/3343 4715/6307/3344 4746/6308/3345
f 4713/6305/3341 4716/6309/3346 4712/6304/3342
f 4713/6305/3341 4714/6306/3343 4717/6310/3347
f 4716/6309/3346 4717/6310/3347 4720/6311/3348
f 4712/6304/3342 4718/6312/3349 4728/6300/872
f 4717/6310/3347 4746/6308/3345 4721/6313/3350
f 4712/6304/3342 4716/6309/3346 4719/6314/3351
f 4719/6314/3351 4722/6315/3352 4718/6312/3349
f 4719/6314/3351 4720/6311/3348 4723/6316/3353
f 4720/6311/3348 4721/6313/3350 4724/6317/3354
f 4723/6316/3353 4724/6317/3354 4747/6318/3355
f 4722/6315/3352 4726/6320/3356 4725/6319/3357
f 4722/6315/3352 4723/6316/3353 4727/6321/3358
f 4718/6312/3349 4725/6319/3357 4728/6300/872
f 4726/6320/3356 4727/6321/3358 4730/6322/3359
f 4727/6321/3358 4747/6318/3355 4731/6323/3372
f 4726/6320/3356 4729/6324/3361 4725/6319/3357
f 4730/6322/3359 4731/6323/3372 4735/6325/3362
f 4725/6319/3357 4729/6324/3361 4733/6326/3363
f 4729/6324/3361 4730/6322/3359 4734/6327/3364
f 4725/6319/3357 4732/6328/3365 4728/6300/872
f 4734/6327/3364 4735/6325/3362 4738/6329/3366
f 4733/6326/3363 4736/6330/3373 4732/6328/3365
f 4733/6326/3363 4734/6327/3364 4737/6331/3368
f 4736/6330/3373 4737/6331/3368 4741/6332/3369
f 4732/6328/3365 4739/6299/3337 4728/6300/872
f 4737/6331/3368 4738/6329/3366 4742/6333/3370
f 4736/6330/3373 4740/6334/3371 4739/6299/3337
f 4742/6333/3370 4744/6294/3331 4705/6292/3330
f 4740/6334/3371 4743/6295/3333 4739/6299/3337
f 4740/6334/3371 4741/6332/3369 4705/6292/3330
f 4705/6292/3330 4745/6293/3332 4708/6298/3336
f 4743/6295/3333 4706/6296/3335 4739/6299/3337
f 4743/6295/3333 4708/6298/3336 4707/6297/3334
f 4708/6298/3336 4711/6301/3338 4710/6303/3340
f 4708/6298/3336 4709/6302/3339 4707/6297/3334
f 4709/6302/3339 4712/6304/3342 4706/6296/3335
f 4710/6303/3340 4713/6305/3341 4709/6302/3339
f 4710/6303/3340 4715/6307/3344 4714/6306/3343
f 4714/6306/3343 4746/6308/3345 4717/6310/3347
f 4713/6305/3341 4717/6310/3347 4716/6309/3346
f 4716/6309/3346 4720/6311/3348 4719/6314/3351
f 4717/6310/3347 4721/6313/3350 4720/6311/3348
f 4712/6304/3342 4719/6314/3351 4718/6312/3349
f 4719/6314/3351 4723/6316/3353 4722/6315/3352
f 4720/6311/3348 4724/6317/3354 4723/6316/3353
f 4723/6316/3353 4747/6318/3355 4727/6321/3358
f 4722/6315/3352 4725/6319/3357 4718/6312/3349
f 4722/6315/3352 4727/6321/3358 4726/6320/3356
f 4726/6320/3356 4730/6322/3359 4729/6324/3361
f 4727/6321/3358 4731/6323/3372 4730/6322/3359
f 4730/6322/3359 4735/6325/3362 4734/6327/3364
f 4725/6319/3357 4733/6326/3363 4732/6328/3365
f 4729/6324/3361 4734/6327/3364 4733/6326/3363
f 4734/6327/3364 4738/6329/3366 4737/6331/3368
f 4733/6326/3363 4737/6331/3368 4736/6330/3373
f 4736/6330/3373 4741/6332/3369 4740/6334/3371
f 4737/6331/3368 4742/6333/3370 4741/6332/3369
f 4736/6330/3373 4739/6299/3337 4732/6328/3365
f 4742/6333/3370 4705/6292/3330 4741/6332/3369
f 4740/6334/3371 4705/6292/3330 4743/6295/3333
f 4748/6292/3330 4787/6294/3331 4788/6293/3332
f 4786/6295/3333 4750/6297/3334 4749/6296/3335
f 4786/6295/3333 4748/6292/3330 4751/6298/3336
f 4782/6299/3337 4749/6296/3335 4771/6300/872
f 4751/6298/3336 4788/6293/3332 4754/6301/3338
f 4750/6297/3334 4752/6302/3339 4749/6296/3335
f 4751/6298/3336 4753/6303/3340 4752/6302/3339
f 4752/6302/3339 4756/6305/3341 4755/6304/3342
f 4753/6303/3340 4757/6306/3343 4756/6305/3341
f 4749/6296/3335 4755/6304/3342 4771/6300/872
f 4753/6303/3340 4754/6301/3338 4758/6307/3344
f 4757/6306/3343 4758/6307/3344 4789/6308/3345
f 4756/6305/3341 4759/6309/3346 4755/6304/3342
f 4756/6305/3341 4757/6306/3343 4760/6310/3347
f 4759/6309/3346 4760/6310/3347 4763/6311/3348
f 4755/6304/3342 4761/6312/3349 4771/6300/872
f 4760/6310/3347 4789/6308/3345 4764/6313/3350
f 4755/6304/3342 4759/6309/3346 4762/6314/3351
f 4762/6314/3351 4765/6315/3352 4761/6312/3349
f 4762/6314/3351 4763/6311/3348 4766/6316/3353
f 4763/6311/3348 4764/6313/3350 4767/6317/3354
f 4766/6316/3353 4767/6317/3354 4790/6318/3355
f 4765/6315/3352 4769/6320/3374 4768/6319/3357
f 4765/6315/3352 4766/6316/3353 4770/6321/3358
f 4761/6312/3349 4768/6319/3357 4771/6300/872
f 4769/6320/3374 4770/6321/3358 4773/6322/3359
f 4770/6321/3358 4790/6318/3355 4774/6323/3360
f 4769/6320/3374 4772/6324/3361 4768/6319/3357
f 4773/6322/3359 4774/6323/3360 4778/6325/3362
f 4768/6319/3357 4772/6324/3361 4776/6326/3363
f 4772/6324/3361 4773/6322/3359 4777/6327/3364
f 4768/6319/3357 4775/6328/3365 4771/6300/872
f 4777/6327/3364 4778/6325/3362 4781/6329/3375
f 4776/6326/3363 4779/6330/3367 4775/6328/3365
f 4776/6326/3363 4777/6327/3364 4780/6331/3368
f 4779/6330/3367 4780/6331/3368 4784/6332/3369
f 4775/6328/3365 4782/6299/3337 4771/6300/872
f 4780/6331/3368 4781/6329/3375 4785/6333/3370
f 4779/6330/3367 4783/6334/3376 4782/6299/3337
f 4785/6333/3370 4787/6294/3331 4748/6292/3330
f 4783/6334/3376 4786/6295/3333 4782/6299/3337
f 4783/6334/3376 4784/6332/3369 4748/6292/3330
f 4748/6292/3330 4788/6293/3332 4751/6298/3336
f 4786/6295/3333 4749/6296/3335 4782/6299/3337
f 4786/6295/3333 4751/6298/3336 4750/6297/3334
f 4751/6298/3336 4754/6301/3338 4753/6303/3340
f 4751/6298/3336 4752/6302/3339 4750/6297/3334
f 4752/6302/3339 4755/6304/3342 4749/6296/3335
f 4753/6303/3340 4756/6305/3341 4752/6302/3339
f 4753/6303/3340 4758/6307/3344 4757/6306/3343
f 4757/6306/3343 4789/6308/3345 4760/6310/3347
f 4756/6305/3341 4760/6310/3347 4759/6309/3346
f 4759/6309/3346 4763/6311/3348 4762/6314/3351
f 4760/6310/3347 4764/6313/3350 4763/6311/3348
f 4755/6304/3342 4762/6314/3351 4761/6312/3349
f 4762/6314/3351 4766/6316/3353 4765/6315/3352
f 4763/6311/3348 4767/6317/3354 4766/6316/3353
f 4766/6316/3353 4790/6318/3355 4770/6321/3358
f 4765/6315/3352 4768/6319/3357 4761/6312/3349
f 4765/6315/3352 4770/6321/3358 4769/6320/3374
f 4769/6320/3374 4773/6322/3359 4772/6324/3361
f 4770/6321/3358 4774/6323/3360 4773/6322/3359
f 4773/6322/3359 4778/6325/3362 4777/6327/3364
f 4768/6319/3357 4776/6326/3363 4775/6328/3365
f 4772/6324/3361 4777/6327/3364 4776/6326/3363
f 4777/6327/3364 4781/6329/3375 4780/6331/3368
f 4776/6326/3363 4780/6331/3368 4779/6330/3367
f 4779/6330/3367 4784/6332/3369 4783/6334/3376
f 4780/6331/3368 4785/6333/3370 4784/6332/3369
f 4779/6330/3367 4782/6299/3337 4775/6328/3365
f 4785/6333/3370 4748/6292/3330 4784/6332/3369
f 4783/6334/3376 4748/6292/3330 4786/6295/3333
f 4791/6292/3330 4830/6294/3331 4831/6293/3332
f 4829/6295/3333 4793/6297/3334 4792/6296/3335
f 4829/6295/3333 4791/6292/3330 4794/6298/3336
f 4825/6299/3337 4792/6296/3335 4814/6300/872
f 4794/6298/3336 4831/6293/3332 4797/6301/3338
f 4793/6297/3334 4795/6302/3339 4792/6296/3335
f 4794/6298/3336 4796/6303/3340 4795/6302/3339
f 4795/6302/3339 4799/6305/3341 4798/6304/3342
f 4796/6303/3340 4800/6306/3343 4799/6305/3341
f 4792/6296/3335 4798/6304/3342 4814/6300/872
f 4796/6303/3340 4797/6301/3338 4801/6307/3344
f 4800/6306/3343 4801/6307/3344 4832/6308/3345
f 4799/6305/3341 4802/6309/3346 4798/6304/3342
f 4799/6305/3341 4800/6306/3343 4803/6310/3347
f 4802/6309/3346 4803/6310/3347 4806/6311/3348
f 4798/6304/3342 4804/6312/3349 4814/6300/872
f 4803/6310/3347 4832/6308/3345 4807/6313/3350
f 4798/6304/3342 4802/6309/3346 4805/6314/3351
f 4805/6314/3351 4808/6315/3352 4804/6312/3349
f 4805/6314/3351 4806/6311/3348 4809/6316/3353
f 4806/6311/3348 4807/6313/3350 4810/6317/3354
f 4809/6316/3353 4810/6317/3354 4833/6318/3355
f 4808/6315/3352 4812/6320/3374 4811/6319/3357
f 4808/6315/3352 4809/6316/3353 4813/6321/3358
f 4804/6312/3349 4811/6319/3357 4814/6300/872
f 4812/6320/3374 4813/6321/3358 4816/6322/3359
f 4813/6321/3358 4833/6318/3355 4817/6323/3360
f 4812/6320/3374 4815/6324/3361 4811/6319/3357
f 4816/6322/3359 4817/6323/3360 4821/6325/3362
f 4811/6319/3357 4815/6324/3361 4819/6326/3363
f 4815/6324/3361 4816/6322/3359 4820/6327/3364
f 4811/6319/3357 4818/6328/3365 4814/6300/872
f 4820/6327/3364 4821/6325/3362 4824/6329/3366
f 4819/6326/3363 4822/6330/3367 4818/6328/3365
f 4819/6326/3363 4820/6327/3364 4823/6331/3368
f 4822/6330/3367 4823/6331/3368 4827/6332/3369
f 4818/6328/3365 4825/6299/3337 4814/6300/872
f 4823/6331/3368 4824/6329/3366 4828/6333/3370
f 4822/6330/3367 4826/6334/3376 4825/6299/3337
f 4828/6333/3370 4830/6294/3331 4791/6292/3330
f 4826/6334/3376 4829/6295/3333 4825/6299/3337
f 4826/6334/3376 4827/6332/3369 4791/6292/3330
f 4791/6292/3330 4831/6293/3332 4794/6298/3336
f 4829/6295/3333 4792/6296/3335 4825/6299/3337
f 4829/6295/3333 4794/6298/3336 4793/6297/3334
f 4794/6298/3336 4797/6301/3338 4796/6303/3340
f 4794/6298/3336 4795/6302/3339 4793/6297/3334
f 4795/6302/3339 4798/6304/3342 4792/6296/3335
f 4796/6303/3340 4799/6305/3341 4795/6302/3339
f 4796/6303/3340 4801/6307/3344 4800/6306/3343
f 4800/6306/3343 4832/6308/3345 4803/6310/3347
f 4799/6305/3341 4803/6310/3347 4802/6309/3346
f 4802/6309/3346 4806/6311/3348 4805/6314/3351
f 4803/6310/3347 4807/6313/3350 4806/6311/3348
f 4798/6304/3342 4805/6314/3351 4804/6312/3349
f 4805/6314/3351 4809/6316/3353 4808/6315/3352
f 4806/6311/3348 4810/6317/3354 4809/6316/3353
f 4809/6316/3353 4833/6318/3355 4813/6321/3358
f 4808/6315/3352 4811/6319/3357 4804/6312/3349
f 4808/6315/3352 4813/6321/3358 4812/6320/3374
f 4812/6320/3374 4816/6322/3359 4815/6324/3361
f 4813/6321/3358 4817/6323/3360 4816/6322/3359
f 4816/6322/3359 4821/6325/3362 4820/6327/3364
f 4811/6319/3357 4819/6326/3363 4818/6328/3365
f 4815/6324/3361 4820/6327/3364 4819/6326/3363
f 4820/6327/3364 4824/6329/3366 4823/6331/3368
f 4819/6326/3363 4823/6331/3368 4822/6330/3367
f 4822/6330/3367 4827/6332/3369 4826/6334/3376
f 4823/6331/3368 4828/6333/3370 4827/6332/3369
f 4822/6330/3367 4825/6299/3337 4818/6328/3365
f 4828/6333/3370 4791/6292/3330 4827/6332/3369
f 4826/6334/3376 4791/6292/3330 4829/6295/3333
f 4834/6292/3330 4874/6293/3370 4873/6294/3331
f 4872/6295/3377 4835/6296/3378 4836/6297/3379
f 4872/6295/3377 4837/6298/3369 4834/6292/3330
f 4868/6299/3380 4857/6300/872 4835/6296/3378
f 4837/6298/3369 4840/6301/3366 4874/6293/3370
f 4836/6297/3379 4835/6296/3378 4838/6302/3381
f 4837/6298/3369 4838/6302/3381 4839/6303/3368
f 4838/6302/3381 4841/6304/3382 4842/6305/3383
f 4839/6303/3368 4842/6305/3383 4843/6306/3364
f 4835/6296/3378 4857/6300/872 4841/6304/3382
f 4839/6303/3368 4844/6307/3362 4840/6301/3366
f 4843/6306/3364 4875/6308/3360 4844/6307/3362
f 4842/6305/3383 4841/6304/3382 4845/6309/3384
f 4842/6305/3383 4846/6310/3359 4843/6306/3364
f 4845/6309/3384 4849/6311/3358 4846/6310/3359
f 4841/6304/3382 4857/6300/872 4847/6312/3385
f 4846/6310/3359 4850/6313/3355 4875/6308/3360
f 4841/6304/3382 4848/6314/3386 4845/6309/3384
f 4848/6314/3386 4847/6312/3385 4851/6315/3387
f 4848/6314/3386 4852/6316/3353 4849/6311/3358
f 4849/6311/3358 4853/6317/3354 4850/6313/3355
f 4852/6316/3353 4876/6318/3350 4853/6317/3354
f 4851/6315/3387 4854/6319/3388 4855/6320/3389
f 4851/6315/3387 4856/6321/3348 4852/6316/3353
f 4847/6312/3385 4857/6300/872 4854/6319/3388
f 4855/6320/3389 4859/6322/3347 4856/6321/3348
f 4856/6321/3348 4860/6323/3345 4876/6318/3350
f 4855/6320/3389 4854/6319/3388 4858/6324/3390
f 4859/6322/3347 4864/6325/3344 4860/6323/3345
f 4854/6319/3388 4862/6326/3391 4858/6324/3390
f 4858/6324/3390 4863/6327/3343 4859/6322/3347
f 4854/6319/3388 4857/6300/872 4861/6328/3392
f 4863/6327/3343 4867/6329/3338 4864/6325/3344
f 4862/6326/3391 4861/6328/3392 4865/6330/3393
f 4862/6326/3391 4866/6331/3340 4863/6327/3343
f 4865/6330/3393 4870/6332/3336 4866/6331/3340
f 4861/6328/3392 4857/6300/872 4868/6299/3380
f 4866/6331/3340 4871/6333/3332 4867/6329/3338
f 4865/6330/3393 4868/6299/3380 4869/6334/3394
f 4871/6333/3332 4834/6292/3330 4873/6294/3331
f 4869/6334/3394 4868/6299/3380 4872/6295/3377
f 4869/6334/3394 4834/6292/3330 4870/6332/3336
f 4834/6292/3330 4837/6298/3369 4874/6293/3370
f 4872/6295/3377 4868/6299/3380 4835/6296/3378
f 4872/6295/3377 4836/6297/3379 4837/6298/3369
f 4837/6298/3369 4839/6303/3368 4840/6301/3366
f 4837/6298/3369 4836/6297/3379 4838/6302/3381
f 4838/6302/3381 4835/6296/3378 4841/6304/3382
f 4839/6303/3368 4838/6302/3381 4842/6305/3383
f 4839/6303/3368 4843/6306/3364 4844/6307/3362
f 4843/6306/3364 4846/6310/3359 4875/6308/3360
f 4842/6305/3383 4845/6309/3384 4846/6310/3359
f 4845/6309/3384 4848/6314/3386 4849/6311/3358
f 4846/6310/3359 4849/6311/3358 4850/6313/3355
f 4841/6304/3382 4847/6312/3385 4848/6314/3386
f 4848/6314/3386 4851/6315/3387 4852/6316/3353
f 4849/6311/3358 4852/6316/3353 4853/6317/3354
f 4852/6316/3353 4856/6321/3348 4876/6318/3350
f 4851/6315/3387 4847/6312/3385 4854/6319/3388
f 4851/6315/3387 4855/6320/3389 4856/6321/3348
f 4855/6320/3389 4858/6324/3390 4859/6322/3347
f 4856/6321/3348 4859/6322/3347 4860/6323/3345
f 4859/6322/3347 4863/6327/3343 4864/6325/3344
f 4854/6319/3388 4861/6328/3392 4862/6326/3391
f 4858/6324/3390 4862/6326/3391 4863/6327/3343
f 4863/6327/3343 4866/6331/3340 4867/6329/3338
f 4862/6326/3391 4865/6330/3393 4866/6331/3340
f 4865/6330/3393 4869/6334/3394 4870/6332/3336
f 4866/6331/3340 4870/6332/3336 4871/6333/3332
f 4865/6330/3393 4861/6328/3392 4868/6299/3380
f 4871/6333/3332 4870/6332/3336 4834/6292/3330
f 4869/6334/3394 4872/6295/3377 4834/6292/3330
f 4877/6292/3330 4917/6293/3370 4916/6294/3331
f 4915/6295/3377 4878/6296/3378 4879/6297/3379
f 4915/6295/3377 4880/6298/3369 4877/6292/3330
f 4911/6299/3380 4900/6300/872 4878/6296/3378
f 4880/6298/3369 4883/6301/3366 4917/6293/3370
f 4879/6297/3379 4878/6296/3378 4881/6302/3381
f 4880/6298/3369 4881/6302/3381 4882/6303/3368
f 4881/6302/3381 4884/6304/3382 4885/6305/3383
f 4882/6303/3368 4885/6305/3383 4886/6306/3364
f 4878/6296/3378 4900/6300/872 4884/6304/3382
f 4882/6303/3368 4887/6307/3362 4883/6301/3366
f 4886/6306/3364 4918/6308/3360 4887/6307/3362
f 4885/6305/3383 4884/6304/3382 4888/6309/3384
f 4885/6305/3383 4889/6310/3359 4886/6306/3364
f 4888/6309/3384 4892/6311/3358 4889/6310/3359
f 4884/6304/3382 4900/6300/872 4890/6312/3385
f 4889/6310/3359 4893/6313/3355 4918/6308/3360
f 4884/6304/3382 4891/6314/3386 4888/6309/3384
f 4891/6314/3386 4890/6312/3385 4894/6315/3387
f 4891/6314/3386 4895/6316/3353 4892/6311/3358
f 4892/6311/3358 4896/6317/3354 4893/6313/3355
f 4895/6316/3353 4919/6318/3350 4896/6317/3354
f 4894/6315/3387 4897/6319/3388 4898/6320/3389
f 4894/6315/3387 4899/6321/3348 4895/6316/3353
f 4890/6312/3385 4900/6300/872 4897/6319/3388
f 4898/6320/3389 4902/6322/3347 4899/6321/3348
f 4899/6321/3348 4903/6323/3345 4919/6318/3350
f 4898/6320/3389 4897/6319/3388 4901/6324/3390
f 4902/6322/3347 4907/6325/3344 4903/6323/3345
f 4897/6319/3388 4905/6326/3391 4901/6324/3390
f 4901/6324/3390 4906/6327/3343 4902/6322/3347
f 4897/6319/3388 4900/6300/872 4904/6328/3392
f 4906/6327/3343 4910/6329/3338 4907/6325/3344
f 4905/6326/3391 4904/6328/3392 4908/6330/3393
f 4905/6326/3391 4909/6331/3340 4906/6327/3343
f 4908/6330/3393 4913/6332/3336 4909/6331/3340
f 4904/6328/3392 4900/6300/872 4911/6299/3380
f 4909/6331/3340 4914/6333/3332 4910/6329/3338
f 4908/6330/3393 4911/6299/3380 4912/6334/3394
f 4914/6333/3332 4877/6292/3330 4916/6294/3331
f 4912/6334/3394 4911/6299/3380 4915/6295/3377
f 4912/6334/3394 4877/6292/3330 4913/6332/3336
f 4877/6292/3330 4880/6298/3369 4917/6293/3370
f 4915/6295/3377 4911/6299/3380 4878/6296/3378
f 4915/6295/3377 4879/6297/3379 4880/6298/3369
f 4880/6298/3369 4882/6303/3368 4883/6301/3366
f 4880/6298/3369 4879/6297/3379 4881/6302/3381
f 4881/6302/3381 4878/6296/3378 4884/6304/3382
f 4882/6303/3368 4881/6302/3381 4885/6305/3383
f 4882/6303/3368 4886/6306/3364 4887/6307/3362
f 4886/6306/3364 4889/6310/3359 4918/6308/3360
f 4885/6305/3383 4888/6309/3384 4889/6310/3359
f 4888/6309/3384 4891/6314/3386 4892/6311/3358
f 4889/6310/3359 4892/6311/3358 4893/6313/3355
f 4884/6304/3382 4890/6312/3385 4891/6314/3386
f 4891/6314/3386 4894/6315/3387 4895/6316/3353
f 4892/6311/3358 4895/6316/3353 4896/6317/3354
f 4895/6316/3353 4899/6321/3348 4919/6318/3350
f 4894/6315/3387 4890/6312/3385 4897/6319/3388
f 4894/6315/3387 4898/6320/3389 4899/6321/3348
f 4898/6320/3389 4901/6324/3390 4902/6322/3347
f 4899/6321/3348 4902/6322/3347 4903/6323/3345
f 4902/6322/3347 4906/6327/3343 4907/6325/3344
f 4897/6319/3388 4904/6328/3392 4905/6326/3391
f 4901/6324/3390 4905/6326/3391 4906/6327/3343
f 4906/6327/3343 4909/6331/3340 4910/6329/3338
f 4905/6326/3391 4908/6330/3393 4909/6331/3340
f 4908/6330/3393 4912/6334/3394 4913/6332/3336
f 4909/6331/3340 4913/6332/3336 4914/6333/3332
f 4908/6330/3393 4904/6328/3392 4911/6299/3380
f 4914/6333/3332 4913/6332/3336 4877/6292/3330
f 4912/6334/3394 4915/6295/3377 4877/6292/3330
f 4920/6292/3330 4960/6293/3370 4959/6294/3331
f 4958/6295/3377 4921/6296/3378 4922/6297/3379
f 4958/6295/3377 4923/6298/3369 4920/6292/3330
f 4954/6299/3380 4943/6300/872 4921/6296/3378
f 4923/6298/3369 4926/6301/3366 4960/6293/3370
f 4922/6297/3379 4921/6296/3378 4924/6302/3381
f 4923/6298/3369 4924/6302/3381 4925/6303/3368
f 4924/6302/3381 4927/6304/3382 4928/6305/3383
f 4925/6303/3368 4928/6305/3383 4929/6306/3364
f 4921/6296/3378 4943/6300/872 4927/6304/3382
f 4925/6303/3368 4930/6307/3362 4926/6301/3366
f 4929/6306/3364 4961/6308/3360 4930/6307/3362
f 4928/6305/3383 4927/6304/3382 4931/6309/3384
f 4928/6305/3383 4932/6310/3359 4929/6306/3364
f 4931/6309/3384 4935/6311/3358 4932/6310/3359
f 4927/6304/3382 4943/6300/872 4933/6312/3385
f 4932/6310/3359 4936/6313/3355 4961/6308/3360
f 4927/6304/3382 4934/6314/3386 4931/6309/3384
f 4934/6314/3386 4933/6312/3385 4937/6315/3387
f 4934/6314/3386 4938/6316/3353 4935/6311/3358
f 4935/6311/3358 4939/6317/3354 4936/6313/3355
f 4938/6316/3353 4962/6318/3350 4939/6317/3354
f 4937/6315/3387 4940/6319/3388 4941/6320/3389
f 4937/6315/3387 4942/6321/3348 4938/6316/3353
f 4933/6312/3385 4943/6300/872 4940/6319/3388
f 4941/6320/3389 4945/6322/3347 4942/6321/3348
f 4942/6321/3348 4946/6323/3345 4962/6318/3350
f 4941/6320/3389 4940/6319/3388 4944/6324/3390
f 4945/6322/3347 4950/6325/3344 4946/6323/3345
f 4940/6319/3388 4948/6326/3391 4944/6324/3390
f 4944/6324/3390 4949/6327/3343 4945/6322/3347
f 4940/6319/3388 4943/6300/872 4947/6328/3392
f 4949/6327/3343 4953/6329/3338 4950/6325/3344
f 4948/6326/3391 4947/6328/3392 4951/6330/3393
f 4948/6326/3391 4952/6331/3340 4949/6327/3343
f 4951/6330/3393 4956/6332/3336 4952/6331/3340
f 4947/6328/3392 4943/6300/872 4954/6299/3380
f 4952/6331/3340 4957/6333/3332 4953/6329/3338
f 4951/6330/3393 4954/6299/3380 4955/6334/3395
f 4957/6333/3332 4920/6292/3330 4959/6294/3331
f 4955/6334/3395 4954/6299/3380 4958/6295/3377
f 4955/6334/3395 4920/6292/3330 4956/6332/3336
f 4920/6292/3330 4923/6298/3369 4960/6293/3370
f 4958/6295/3377 4954/6299/3380 4921/6296/3378
f 4958/6295/3377 4922/6297/3379 4923/6298/3369
f 4923/6298/3369 4925/6303/3368 4926/6301/3366
f 4923/6298/3369 4922/6297/3379 4924/6302/3381
f 4924/6302/3381 4921/6296/3378 4927/6304/3382
f 4925/6303/3368 4924/6302/3381 4928/6305/3383
f 4925/6303/3368 4929/6306/3364 4930/6307/3362
f 4929/6306/3364 4932/6310/3359 4961/6308/3360
f 4928/6305/3383 4931/6309/3384 4932/6310/3359
f 4931/6309/3384 4934/6314/3386 4935/6311/3358
f 4932/6310/3359 4935/6311/3358 4936/6313/3355
f 4927/6304/3382 4933/6312/3385 4934/6314/3386
f 4934/6314/3386 4937/6315/3387 4938/6316/3353
f 4935/6311/3358 4938/6316/3353 4939/6317/3354
f 4938/6316/3353 4942/6321/3348 4962/6318/3350
f 4937/6315/3387 4933/6312/3385 4940/6319/3388
f 4937/6315/3387 4941/6320/3389 4942/6321/3348
f 4941/6320/3389 4944/6324/3390 4945/6322/3347
f 4942/6321/3348 4945/6322/3347 4946/6323/3345
f 4945/6322/3347 4949/6327/3343 4950/6325/3344
f 4940/6319/3388 4947/6328/3392 4948/6326/3391
f 4944/6324/3390 4948/6326/3391 4949/6327/3343
f 4949/6327/3343 4952/6331/3340 4953/6329/3338
f 4948/6326/3391 4951/6330/3393 4952/6331/3340
f 4951/6330/3393 4955/6334/3395 4956/6332/3336
f 4952/6331/3340 4956/6332/3336 4957/6333/3332
f 4951/6330/3393 4947/6328/3392 4954/6299/3380
f 4957/6333/3332 4956/6332/3336 4920/6292/3330
f 4955/6334/3395 4958/6295/3377 4920/6292/3330
f 4963/6292/3330 5003/6293/3370 5002/6294/3331
f 5001/6295/3377 4964/6296/3378 4965/6297/3379
f 5001/6295/3377 4966/6298/3369 4963/6292/3330
f 4997/6299/3380 4986/6300/872 4964/6296/3378
f 4966/6298/3369 4969/6301/3366 5003/6293/3370
f 4965/6297/3379 4964/6296/3378 4967/6302/3381
f 4966/6298/3369 4967/6302/3381 4968/6303/3368
f 4967/6302/3381 4970/6304/3382 4971/6305/3383
f 4968/6303/3368 4971/6305/3383 4972/6306/3364
f 4964/6296/3378 4986/6300/872 4970/6304/3382
f 4968/6303/3368 4973/6307/3362 4969/6301/3366
f 4972/6306/3364 5004/6308/3360 4973/6307/3362
f 4971/6305/3383 4970/6304/3382 4974/6309/3384
f 4971/6305/3383 4975/6310/3359 4972/6306/3364
f 4974/6309/3384 4978/6311/3358 4975/6310/3359
f 4970/6304/3382 4986/6300/872 4976/6312/3385
f 4975/6310/3359 4979/6313/3355 5004/6308/3360
f 4970/6304/3382 4977/6314/3386 4974/6309/3384
f 4977/6314/3386 4976/6312/3385 4980/6315/3387
f 4977/6314/3386 4981/6316/3353 4978/6311/3358
f 4978/6311/3358 4982/6317/3354 4979/6313/3355
f 4981/6316/3353 5005/6318/3350 4982/6317/3354
f 4980/6315/3387 4983/6319/3388 4984/6320/3389
f 4980/6315/3387 4985/6321/3348 4981/6316/3353
f 4976/6312/3385 4986/6300/872 4983/6319/3388
f 4984/6320/3389 4988/6322/3347 4985/6321/3348
f 4985/6321/3348 4989/6323/3345 5005/6318/3350
f 4984/6320/3389 4983/6319/3388 4987/6324/3390
f 4988/6322/3347 4993/6325/3344 4989/6323/3345
f 4983/6319/3388 4991/6326/3391 4987/6324/3390
f 4987/6324/3390 4992/6327/3343 4988/6322/3347
f 4983/6319/3388 4986/6300/872 4990/6328/3392
f 4992/6327/3343 4996/6329/3338 4993/6325/3344
f 4991/6326/3391 4990/6328/3392 4994/6330/3393
f 4991/6326/3391 4995/6331/3340 4992/6327/3343
f 4994/6330/3393 4999/6332/3336 4995/6331/3340
f 4990/6328/3392 4986/6300/872 4997/6299/3380
f 4995/6331/3340 5000/6333/3332 4996/6329/3338
f 4994/6330/3393 4997/6299/3380 4998/6334/3395
f 5000/6333/3332 4963/6292/3330 5002/6294/3331
f 4998/6334/3395 4997/6299/3380 5001/6295/3377
f 4998/6334/3395 4963/6292/3330 4999/6332/3336
f 4963/6292/3330 4966/6298/3369 5003/6293/3370
f 5001/6295/3377 4997/6299/3380 4964/6296/3378
f 5001/6295/3377 4965/6297/3379 4966/6298/3369
f 4966/6298/3369 4968/6303/3368 4969/6301/3366
f 4966/6298/3369 4965/6297/3379 4967/6302/3381
f 4967/6302/3381 4964/6296/3378 4970/6304/3382
f 4968/6303/3368 4967/6302/3381 4971/6305/3383
f 4968/6303/3368 4972/6306/3364 4973/6307/3362
f 4972/6306/3364 4975/6310/3359 5004/6308/3360
f 4971/6305/3383 4974/6309/3384 4975/6310/3359
f 4974/6309/3384 4977/6314/3386 4978/6311/3358
f 4975/6310/3359 4978/6311/3358 4979/6313/3355
f 4970/6304/3382 4976/6312/3385 4977/6314/3386
f 4977/6314/3386 4980/6315/3387 4981/6316/3353
f 4978/6311/3358 4981/6316/3353 4982/6317/3354
f 4981/6316/3353 4985/6321/3348 5005/6318/3350
f 4980/6315/3387 4976/6312/3385 4983/6319/3388
f 4980/6315/3387 4984/6320/3389 4985/6321/3348
f 4984/6320/3389 4987/6324/3390 4988/6322/3347
f 4985/6321/3348 4988/6322/3347 4989/6323/3345
f 4988/6322/3347 4992/6327/3343 4993/6325/3344
f 4983/6319/3388 4990/6328/3392 4991/6326/3391
f 4987/6324/3390 4991/6326/3391 4992/6327/3343
f 4992/6327/3343 4995/6331/3340 4996/6329/3338
f 4991/6326/3391 4994/6330/3393 4995/6331/3340
f 4994/6330/3393 4998/6334/3395 4999/6332/3336
f 4995/6331/3340 4999/6332/3336 5000/6333/3332
f 4994/6330/3393 4990/6328/3392 4997/6299/3380
f 5000/6333/3332 4999/6332/3336 4963/6292/3330
f 4998/6334/3395 5001/6295/3377 4963/6292/3330
