# Blender 5.1.1
# www.blender.org
mtllib SteampunkRobotRightArm.mtl
o Sphere.004
v 0.273712 0.541562 0.389856
v 0.273712 0.707992 0.389856
v 0.273712 0.541562 -0.379957
v 0.273712 0.707992 -0.379957
v 1.639899 0.541562 0.389856
v 1.639899 0.707992 0.389856
v 1.639899 0.541562 -0.379957
v 1.639899 0.707992 -0.379957
v 1.610040 0.779245 0.351736
v 1.610040 0.779244 -0.341836
v 0.303571 0.779245 -0.341836
v 0.303571 0.779245 0.351736
v 0.504446 0.541562 -0.379957
v 1.409165 0.541562 -0.379957
v 0.504446 0.707992 0.389856
v 1.409165 0.707992 0.389856
v 1.409165 0.707992 -0.379957
v 0.504446 0.707992 -0.379957
v 1.409165 0.541562 0.389856
v 0.504446 0.541562 0.389856
v 1.284233 0.707992 -0.379957
v 0.629378 0.707992 -0.379957
v 0.629378 0.707992 0.389856
v 1.284233 0.707992 0.389856
v 0.773235 0.541562 -0.182694
v 1.140375 0.541562 -0.182694
v 1.140375 0.541562 0.192593
v 0.773235 0.541562 0.192593
v 0.899699 0.707992 0.389856
v 1.013912 0.707992 0.389856
v 0.899699 0.707992 -0.379957
v 1.013912 0.707992 -0.379957
v 0.992488 0.541562 0.192593
v 0.921123 0.541562 0.192593
v 0.992488 0.541562 -0.182694
v 0.921123 0.541562 -0.182694
v 1.439023 0.779245 0.351736
v 1.439023 0.779244 -0.341836
v 0.474587 0.779244 -0.341836
v 0.474587 0.779245 0.351736
v 0.664359 0.779244 -0.341836
v 0.664359 0.779245 0.351736
v 1.249251 0.779245 0.351736
v 1.249252 0.779244 -0.341836
v 1.048893 0.779245 0.351736
v 1.048893 0.779244 -0.341836
v 0.864718 0.779244 -0.341836
v 0.864717 0.779245 0.351736
v 1.284233 0.541562 -0.379957
v 1.284233 0.541562 0.389856
v 0.629378 0.541562 0.389856
v 0.629378 0.541562 -0.379957
v 1.013912 0.541562 -0.379957
v 0.899699 0.541562 -0.379957
v 1.013912 0.541562 0.389856
v 0.899699 0.541562 0.389856
v 0.921123 0.333971 0.192593
v 0.921123 0.333971 -0.182694
v 0.992488 0.333971 -0.182694
v 0.992488 0.333971 0.192593
v 1.140375 0.333971 -0.182694
v 1.140375 0.333971 0.192593
v 0.773235 0.333971 0.192593
v 0.773235 0.333971 -0.182694
v 1.197166 0.009327 0.004951
v 2.372633 0.009327 0.004950
v 1.197167 0.009327 -0.480507
v 1.197167 -0.113989 -0.463966
v 2.372632 -0.113989 -0.463966
v 2.372632 0.009327 -0.480508
v 1.197166 -0.228901 -0.415468
v 2.372632 -0.228901 -0.415468
v 1.197167 -0.327579 -0.338320
v 2.372632 -0.327579 -0.338320
v 1.197167 -0.403297 -0.237778
v 2.372632 -0.403296 -0.237779
v 1.197167 -0.450895 -0.120695
v 2.372633 -0.450895 -0.120696
v 1.197167 -0.467129 0.004951
v 2.372632 -0.467129 0.004950
v 1.197167 -0.450895 0.130596
v 2.372632 -0.450895 0.130596
v 1.197167 -0.403297 0.247679
v 2.372632 -0.403296 0.247679
v 1.197167 -0.327579 0.348221
v 2.372632 -0.327579 0.348220
v 1.197167 -0.228901 0.425369
v 2.372632 -0.228901 0.425369
v 1.197167 -0.113989 0.473866
v 2.372633 -0.113989 0.473866
v 1.197167 0.009327 0.490408
v 2.372633 0.009327 0.490408
v 1.197167 0.132643 0.473866
v 2.372633 0.132643 0.473866
v 1.197167 0.247555 0.425369
v 2.372632 0.247555 0.425369
v 1.197167 0.346233 0.348221
v 2.372632 0.346233 0.348220
v 1.197167 0.421951 0.247679
v 2.372632 0.421951 0.247679
v 1.197167 0.469549 0.130596
v 2.372632 0.469549 0.130596
v 1.197166 0.485784 0.004951
v 2.372632 0.485784 0.004950
v 1.197167 0.469549 -0.120695
v 2.372632 0.469549 -0.120695
v 1.197167 0.421951 -0.237778
v 2.372632 0.421951 -0.237779
v 1.197167 0.346233 -0.338320
v 2.372632 0.346233 -0.338320
v 1.197166 0.247555 -0.415468
v 2.372632 0.247555 -0.415468
v 1.197167 0.132643 -0.463966
v 2.372632 0.132643 -0.463966
v 0.717070 0.338319 -0.242207
v 0.717070 0.338318 0.252107
v 1.279734 -0.319665 0.252106
v 1.279734 -0.319664 -0.242207
v 1.279734 0.338318 0.252107
v 1.279734 0.338318 -0.242207
v 0.717070 -0.319664 -0.242207
v 0.717070 -0.319665 0.252106
v 0.591170 -0.294621 -0.242207
v 0.591170 -0.294621 0.252106
v 0.484438 -0.223305 -0.242207
v 0.484438 -0.223305 0.252106
v 0.413122 -0.116573 -0.242207
v 0.413122 -0.116573 0.252106
v 0.591170 0.313275 -0.242207
v 0.591170 0.313275 0.252107
v 2.383223 0.212361 -0.090663
v 2.383223 -0.193707 -0.090663
v 2.368079 0.212361 0.004950
v 2.368079 -0.193707 0.004950
v 2.383223 0.212361 0.100564
v 2.383223 -0.193707 0.100564
v -0.010263 -0.063929 -0.085900
v -0.010263 -0.099539 -0.037101
v -0.010263 -0.105979 0.022966
v -0.010263 -0.081523 0.078206
v -0.010263 -0.032723 0.113816
v -0.010263 0.027344 0.120256
v -0.010263 0.082583 0.095799
v -0.010263 0.118193 0.047000
v -0.010263 0.124633 -0.013067
v -0.010263 0.100177 -0.068306
v -0.010263 0.051377 -0.103917
v -0.010263 -0.008690 -0.110356
v 0.115523 -0.249106 0.004950
v 0.115523 0.267761 0.004950
v 0.563441 0.471589 0.559217
v 0.563441 0.525519 0.505748
v 0.683083 0.455838 0.559217
v 0.697041 0.507930 0.505748
v 0.794572 0.409658 0.559217
v 0.821537 0.456363 0.505748
v 0.890309 0.336196 0.559216
v 0.928444 0.374330 0.505747
v 0.963771 0.240458 0.559217
v 1.010476 0.267423 0.505747
v 1.009951 0.128969 0.559217
v 1.062045 0.142928 0.505747
v 1.025703 0.009327 0.559217
v 1.079633 0.009327 0.505747
v 1.009951 -0.110315 0.559217
v 1.062045 -0.124273 0.505747
v 0.963771 -0.221804 0.559217
v 1.010477 -0.248769 0.505747
v 0.890309 -0.317541 0.559217
v 0.928444 -0.355676 0.505748
v 0.794572 -0.391004 0.559217
v 0.821537 -0.437709 0.505748
v 0.683083 -0.437184 0.559217
v 0.697041 -0.489277 0.505748
v 0.563441 -0.452935 0.559217
v 0.563440 -0.506865 0.505747
v 0.443799 -0.437184 0.559217
v 0.429840 -0.489277 0.505747
v 0.332310 -0.391004 0.559217
v 0.305344 -0.437709 0.505748
v 0.236572 -0.317541 0.559217
v 0.198438 -0.355676 0.505748
v 0.163110 -0.221804 0.559217
v 0.115582 -0.249084 0.505748
v 0.116930 -0.110315 0.559217
v 0.065593 -0.123492 0.505763
v 0.101179 0.009327 0.559217
v 0.051543 0.009388 0.505705
v 0.116930 0.128969 0.559217
v 0.065700 0.142141 0.505767
v 0.163110 0.240458 0.559217
v 0.115464 0.267783 0.505747
v 0.236572 0.336196 0.559217
v 0.198438 0.374330 0.505748
v 0.332309 0.409657 0.559217
v 0.305344 0.456363 0.505748
v 0.443799 0.455838 0.559217
v 0.429840 0.507931 0.505747
v 0.658685 0.364784 0.559217
v 0.563441 0.377323 0.559217
v 0.468197 0.364784 0.559217
v 0.379443 0.328021 0.559217
v 0.303228 0.269539 0.559217
v 0.244747 0.193325 0.559217
v 0.207984 0.104571 0.559217
v 0.195445 0.009327 0.559217
v 0.207984 -0.085917 0.559217
v 0.244747 -0.174671 0.559217
v 0.303228 -0.250885 0.559217
v 0.379443 -0.309367 0.559217
v 0.468196 -0.346129 0.559217
v 0.563441 -0.358669 0.559217
v 0.658685 -0.346129 0.559217
v 0.747439 -0.309367 0.559217
v 0.823653 -0.250885 0.559217
v 0.882134 -0.174671 0.559217
v 0.918897 -0.085917 0.559217
v 0.931436 0.009327 0.559217
v 0.918897 0.104571 0.559217
v 0.882134 0.193325 0.559217
v 0.823653 0.269539 0.559217
v 0.747439 0.328021 0.559217
v 0.610593 0.185300 0.620489
v 0.563441 0.191508 0.620489
v 0.516289 0.185300 0.620488
v 0.472350 0.167100 0.620489
v 0.434619 0.138148 0.620489
v 0.405667 0.100418 0.620488
v 0.387468 0.056479 0.620489
v 0.381260 0.009327 0.620489
v 0.387468 -0.037825 0.620489
v 0.405667 -0.081763 0.620489
v 0.434619 -0.119494 0.620489
v 0.472350 -0.148446 0.620488
v 0.516289 -0.166646 0.620489
v 0.563440 -0.172854 0.620488
v 0.610593 -0.166646 0.620489
v 0.654531 -0.148446 0.620489
v 0.692262 -0.119494 0.620488
v 0.721214 -0.081763 0.620488
v 0.739414 -0.037825 0.620488
v 0.745621 0.009327 0.620489
v 0.739414 0.056479 0.620488
v 0.721214 0.100418 0.620488
v 0.692262 0.138148 0.620488
v 0.654531 0.167100 0.620488
v 0.563441 0.191508 0.574744
v 0.610593 0.185300 0.574744
v 0.654531 0.167100 0.574744
v 0.516289 0.185300 0.574744
v 0.472350 0.167100 0.574744
v 0.434619 0.138148 0.574744
v 0.405667 0.100418 0.574744
v 0.387468 0.056479 0.574744
v 0.381260 0.009327 0.574744
v 0.387468 -0.037825 0.574744
v 0.405667 -0.081763 0.574744
v 0.434619 -0.119494 0.574744
v 0.472350 -0.148446 0.574744
v 0.516289 -0.166646 0.574744
v 0.563441 -0.172854 0.574744
v 0.610593 -0.166646 0.574744
v 0.654531 -0.148446 0.574744
v 0.692262 -0.119494 0.574744
v 0.721214 -0.081763 0.574744
v 0.739414 -0.037825 0.574744
v 0.745621 0.009327 0.574744
v 0.739414 0.056479 0.574744
v 0.721214 0.100418 0.574744
v 0.692262 0.138148 0.574744
v 0.598737 0.141053 0.574744
v 0.528145 0.141053 0.574744
v 0.467010 0.105757 0.574744
v 0.431714 0.044623 0.574744
v 0.431714 -0.025969 0.574744
v 0.467010 -0.087103 0.574744
v 0.528145 -0.122399 0.574744
v 0.598737 -0.122399 0.574744
v 0.659872 -0.087103 0.574744
v 0.695167 -0.025969 0.574744
v 0.695167 0.044623 0.574744
v 0.659872 0.105757 0.574744
v 0.563441 0.377323 0.599144
v 0.563441 0.355794 0.620489
v 0.563441 0.371017 0.614237
v 0.653113 0.343988 0.620488
v 0.658685 0.364784 0.599144
v 0.657053 0.358693 0.614237
v 0.736674 0.309376 0.620489
v 0.747439 0.328021 0.599144
v 0.744286 0.322560 0.614237
v 0.468197 0.364784 0.599144
v 0.473769 0.343988 0.620489
v 0.469829 0.358693 0.614237
v 0.379443 0.328021 0.599144
v 0.390207 0.309376 0.620488
v 0.382596 0.322560 0.614237
v 0.303228 0.269539 0.599144
v 0.318451 0.254316 0.620489
v 0.307687 0.265081 0.614237
v 0.244747 0.193325 0.599144
v 0.263391 0.182561 0.620489
v 0.250208 0.190172 0.614237
v 0.207984 0.104571 0.599144
v 0.228779 0.098999 0.620488
v 0.214075 0.102939 0.614237
v 0.195445 0.009327 0.599144
v 0.216974 0.009327 0.620489
v 0.201751 0.009327 0.614237
v 0.207984 -0.085917 0.599144
v 0.228779 -0.080345 0.620488
v 0.214075 -0.084285 0.614237
v 0.244747 -0.174671 0.599144
v 0.263391 -0.163906 0.620488
v 0.250208 -0.171518 0.614237
v 0.303228 -0.250885 0.599144
v 0.318452 -0.235662 0.620488
v 0.307687 -0.246427 0.614237
v 0.379443 -0.309367 0.599144
v 0.390208 -0.290722 0.620489
v 0.382596 -0.303906 0.614237
v 0.468196 -0.346129 0.599144
v 0.473768 -0.325334 0.620489
v 0.469829 -0.340038 0.614237
v 0.563441 -0.358669 0.599144
v 0.563440 -0.337140 0.620489
v 0.563440 -0.352363 0.614237
v 0.658685 -0.346129 0.599144
v 0.653113 -0.325334 0.620488
v 0.657053 -0.340038 0.614237
v 0.747439 -0.309367 0.599144
v 0.736674 -0.290722 0.620489
v 0.744286 -0.303906 0.614237
v 0.823653 -0.250885 0.599144
v 0.808430 -0.235662 0.620488
v 0.819194 -0.246427 0.614237
v 0.882134 -0.174671 0.599144
v 0.863489 -0.163907 0.620488
v 0.876673 -0.171518 0.614237
v 0.918897 -0.085917 0.599144
v 0.898102 -0.080345 0.620489
v 0.912806 -0.084285 0.614237
v 0.931436 0.009327 0.599144
v 0.909908 0.009327 0.620489
v 0.925131 0.009327 0.614237
v 0.918897 0.104571 0.599144
v 0.898102 0.098999 0.620489
v 0.912807 0.102939 0.614237
v 0.882134 0.193325 0.599144
v 0.863490 0.182561 0.620489
v 0.876673 0.190172 0.614237
v 0.823653 0.269539 0.599144
v 0.808430 0.254316 0.620489
v 0.819194 0.265081 0.614237
v 0.594400 0.124869 0.620489
v 0.598737 0.141053 0.603877
v 0.597467 0.136313 0.615623
v 0.528145 0.141053 0.603877
v 0.532482 0.124869 0.620489
v 0.529415 0.136313 0.615623
v 0.467010 0.105757 0.603877
v 0.478858 0.093909 0.620489
v 0.470480 0.102287 0.615623
v 0.431714 0.044623 0.603876
v 0.447899 0.040287 0.620489
v 0.436455 0.043353 0.615623
v 0.431714 -0.025969 0.603876
v 0.447899 -0.021632 0.620488
v 0.436455 -0.024699 0.615623
v 0.467010 -0.087103 0.603877
v 0.478858 -0.075255 0.620489
v 0.470480 -0.083633 0.615623
v 0.528145 -0.122399 0.603877
v 0.532481 -0.106215 0.620488
v 0.529415 -0.117659 0.615623
v 0.598737 -0.122399 0.603876
v 0.594400 -0.106215 0.620489
v 0.597467 -0.117659 0.615623
v 0.659871 -0.087103 0.603877
v 0.648023 -0.075255 0.620489
v 0.656401 -0.083633 0.615623
v 0.695167 -0.025969 0.603877
v 0.678983 -0.021632 0.620489
v 0.690427 -0.024699 0.615623
v 0.695167 0.044623 0.603877
v 0.678983 0.040287 0.620489
v 0.690427 0.043353 0.615623
v 0.659872 0.105757 0.603877
v 0.648024 0.093909 0.620489
v 0.656401 0.102287 0.615623
v 0.697041 0.507931 0.263298
v 0.821537 0.456363 0.263298
v 0.928444 0.374330 0.263298
v 1.010476 0.267423 0.263298
v 1.062044 0.142928 0.263298
v 1.079633 0.009327 0.263297
v 1.062044 -0.124273 0.263297
v 1.010476 -0.248769 0.263298
v 0.928444 -0.355676 0.263298
v 0.821537 -0.437709 0.263298
v 0.697041 -0.489276 0.263298
v 0.563440 -0.506865 0.263298
v 0.429840 -0.489276 0.263297
v 0.029591 0.082407 0.095390
v 0.563440 0.471589 -0.549318
v 0.563440 0.525520 -0.495849
v 0.683083 0.455838 -0.549318
v 0.697041 0.507931 -0.495849
v 0.794571 0.409658 -0.549318
v 0.821537 0.456363 -0.495849
v 0.890309 0.336196 -0.549318
v 0.928444 0.374330 -0.495849
v 0.963771 0.240458 -0.549318
v 1.010476 0.267423 -0.495849
v 1.009951 0.128970 -0.549318
v 1.062044 0.142928 -0.495849
v 1.025702 0.009327 -0.549318
v 1.079633 0.009327 -0.495849
v 1.009951 -0.110315 -0.549318
v 1.062044 -0.124273 -0.495849
v 0.963771 -0.221804 -0.549318
v 1.010476 -0.248769 -0.495849
v 0.890309 -0.317541 -0.549318
v 0.928444 -0.355676 -0.495849
v 0.794571 -0.391003 -0.549318
v 0.821537 -0.437709 -0.495849
v 0.683083 -0.437183 -0.549318
v 0.697041 -0.489276 -0.495849
v 0.563440 -0.452935 -0.549318
v 0.563440 -0.506865 -0.495849
v 0.443798 -0.437183 -0.549318
v 0.429840 -0.489276 -0.495848
v 0.332309 -0.391003 -0.549318
v 0.305344 -0.437709 -0.495848
v 0.236572 -0.317541 -0.549318
v 0.198437 -0.355676 -0.495848
v 0.163110 -0.221804 -0.549318
v 0.115464 -0.249129 -0.495848
v 0.116930 -0.110315 -0.549318
v 0.065528 -0.123530 -0.495865
v 0.101179 0.009327 -0.549318
v 0.051547 0.009373 -0.495806
v 0.116930 0.128969 -0.549318
v 0.065762 0.142102 -0.495867
v 0.163110 0.240458 -0.549318
v 0.115582 0.267738 -0.495849
v 0.236572 0.336196 -0.549318
v 0.198437 0.374330 -0.495849
v 0.332309 0.409658 -0.549318
v 0.305344 0.456363 -0.495849
v 0.443799 0.455838 -0.549318
v 0.429840 0.507931 -0.495849
v 0.658685 0.364784 -0.549318
v 0.563440 0.377323 -0.549318
v 0.468196 0.364784 -0.549318
v 0.379443 0.328021 -0.549318
v 0.303228 0.269539 -0.549318
v 0.244747 0.193325 -0.549318
v 0.207984 0.104571 -0.549318
v 0.195445 0.009327 -0.549318
v 0.207984 -0.085917 -0.549318
v 0.244747 -0.174670 -0.549318
v 0.303228 -0.250885 -0.549318
v 0.379443 -0.309367 -0.549318
v 0.468196 -0.346129 -0.549318
v 0.563440 -0.358669 -0.549318
v 0.658685 -0.346129 -0.549318
v 0.747439 -0.309367 -0.549318
v 0.823653 -0.250885 -0.549318
v 0.882134 -0.174671 -0.549318
v 0.918897 -0.085917 -0.549318
v 0.931436 0.009327 -0.549318
v 0.918897 0.104571 -0.549318
v 0.882134 0.193325 -0.549318
v 0.823653 0.269539 -0.549318
v 0.747438 0.328021 -0.549318
v 0.610593 0.185301 -0.610590
v 0.563440 0.191508 -0.610590
v 0.516289 0.185301 -0.610590
v 0.472350 0.167100 -0.610590
v 0.434619 0.138148 -0.610590
v 0.405667 0.100418 -0.610590
v 0.387467 0.056479 -0.610590
v 0.381260 0.009327 -0.610590
v 0.387467 -0.037824 -0.610590
v 0.405667 -0.081763 -0.610590
v 0.434619 -0.119494 -0.610590
v 0.472350 -0.148446 -0.610590
v 0.516289 -0.166646 -0.610590
v 0.563440 -0.172854 -0.610590
v 0.610593 -0.166646 -0.610590
v 0.654531 -0.148446 -0.610590
v 0.692262 -0.119494 -0.610590
v 0.721214 -0.081763 -0.610590
v 0.739414 -0.037824 -0.610590
v 0.745621 0.009327 -0.610590
v 0.739414 0.056479 -0.610590
v 0.721214 0.100418 -0.610590
v 0.692262 0.138148 -0.610590
v 0.654531 0.167100 -0.610590
v 0.563440 0.191508 -0.564845
v 0.610593 0.185301 -0.564845
v 0.654531 0.167100 -0.564845
v 0.516289 0.185301 -0.564845
v 0.472350 0.167100 -0.564845
v 0.434619 0.138148 -0.564845
v 0.405667 0.100418 -0.564845
v 0.387467 0.056479 -0.564845
v 0.381260 0.009327 -0.564845
v 0.387467 -0.037825 -0.564845
v 0.405667 -0.081763 -0.564845
v 0.434619 -0.119494 -0.564845
v 0.472350 -0.148446 -0.564845
v 0.516289 -0.166646 -0.564845
v 0.563441 -0.172854 -0.564845
v 0.610593 -0.166646 -0.564845
v 0.654531 -0.148446 -0.564845
v 0.692262 -0.119494 -0.564845
v 0.721214 -0.081763 -0.564845
v 0.739414 -0.037824 -0.564845
v 0.745621 0.009327 -0.564845
v 0.739414 0.056479 -0.564845
v 0.721214 0.100418 -0.564845
v 0.692262 0.138148 -0.564845
v 0.598737 0.141054 -0.564845
v 0.528145 0.141054 -0.564845
v 0.467010 0.105757 -0.564845
v 0.431714 0.044623 -0.564845
v 0.431714 -0.025969 -0.564845
v 0.467010 -0.087103 -0.564845
v 0.528145 -0.122399 -0.564845
v 0.598737 -0.122399 -0.564845
v 0.659871 -0.087103 -0.564845
v 0.695167 -0.025969 -0.564845
v 0.695167 0.044623 -0.564845
v 0.659871 0.105757 -0.564845
v 0.563440 0.377323 -0.589245
v 0.563440 0.355794 -0.610590
v 0.563440 0.371017 -0.604338
v 0.653113 0.343988 -0.610590
v 0.658685 0.364784 -0.589245
v 0.657053 0.358693 -0.604338
v 0.736674 0.309376 -0.610590
v 0.747438 0.328021 -0.589245
v 0.744285 0.322560 -0.604338
v 0.468196 0.364784 -0.589245
v 0.473768 0.343988 -0.610590
v 0.469829 0.358693 -0.604338
v 0.379443 0.328021 -0.589245
v 0.390207 0.309376 -0.610590
v 0.382596 0.322560 -0.604338
v 0.303228 0.269539 -0.589245
v 0.318451 0.254316 -0.610589
v 0.307687 0.265081 -0.604338
v 0.244747 0.193325 -0.589245
v 0.263391 0.182561 -0.610589
v 0.250207 0.190172 -0.604338
v 0.207984 0.104571 -0.589245
v 0.228779 0.098999 -0.610590
v 0.214075 0.102940 -0.604338
v 0.195445 0.009327 -0.589245
v 0.216974 0.009327 -0.610590
v 0.201750 0.009327 -0.604338
v 0.207984 -0.085917 -0.589245
v 0.228779 -0.080345 -0.610590
v 0.214075 -0.084285 -0.604338
v 0.244747 -0.174670 -0.589245
v 0.263391 -0.163906 -0.610590
v 0.250208 -0.171518 -0.604338
v 0.303228 -0.250885 -0.589245
v 0.318451 -0.235662 -0.610590
v 0.307687 -0.246427 -0.604338
v 0.379443 -0.309367 -0.589245
v 0.390207 -0.290722 -0.610590
v 0.382596 -0.303906 -0.604338
v 0.468196 -0.346129 -0.589245
v 0.473768 -0.325334 -0.610590
v 0.469828 -0.340038 -0.604338
v 0.563441 -0.358669 -0.589245
v 0.563440 -0.337139 -0.610590
v 0.563440 -0.352363 -0.604338
v 0.658685 -0.346129 -0.589245
v 0.653113 -0.325334 -0.610590
v 0.657053 -0.340038 -0.604338
v 0.747439 -0.309367 -0.589245
v 0.736674 -0.290722 -0.610590
v 0.744285 -0.303906 -0.604338
v 0.823653 -0.250885 -0.589245
v 0.808429 -0.235662 -0.610590
v 0.819194 -0.246427 -0.604338
v 0.882134 -0.174671 -0.589245
v 0.863490 -0.163907 -0.610590
v 0.876673 -0.171518 -0.604338
v 0.918897 -0.085917 -0.589245
v 0.898102 -0.080345 -0.610590
v 0.912807 -0.084285 -0.604338
v 0.931436 0.009327 -0.589245
v 0.909907 0.009327 -0.610590
v 0.925131 0.009327 -0.604338
v 0.918897 0.104571 -0.589245
v 0.898102 0.098999 -0.610590
v 0.912807 0.102939 -0.604338
v 0.882134 0.193325 -0.589245
v 0.863489 0.182561 -0.610590
v 0.876673 0.190172 -0.604338
v 0.823653 0.269539 -0.589245
v 0.808430 0.254316 -0.610590
v 0.819194 0.265081 -0.604338
v 0.594400 0.124869 -0.610590
v 0.598737 0.141054 -0.593978
v 0.597466 0.136313 -0.605724
v 0.528145 0.141054 -0.593977
v 0.532481 0.124869 -0.610590
v 0.529415 0.136313 -0.605724
v 0.478858 0.093910 -0.610589
v 0.467010 0.105757 -0.593977
v 0.470480 0.102287 -0.605724
v 0.431714 0.044623 -0.593978
v 0.447899 0.040287 -0.610589
v 0.436455 0.043353 -0.605724
v 0.431714 -0.025969 -0.593978
v 0.447899 -0.021632 -0.610589
v 0.436455 -0.024699 -0.605724
v 0.467010 -0.087103 -0.593977
v 0.478858 -0.075255 -0.610589
v 0.470480 -0.083633 -0.605724
v 0.528145 -0.122399 -0.593978
v 0.532481 -0.106215 -0.610590
v 0.529415 -0.117659 -0.605724
v 0.598737 -0.122399 -0.593978
v 0.594400 -0.106215 -0.610590
v 0.597467 -0.117659 -0.605724
v 0.659871 -0.087103 -0.593977
v 0.648024 -0.075255 -0.610590
v 0.656401 -0.083633 -0.605724
v 0.695167 -0.025969 -0.593978
v 0.678983 -0.021632 -0.610590
v 0.690427 -0.024699 -0.605724
v 0.695167 0.044623 -0.593978
v 0.678983 0.040287 -0.610590
v 0.690427 0.043353 -0.605724
v 0.659871 0.105757 -0.593978
v 0.648024 0.093910 -0.610590
v 0.656401 0.102287 -0.605724
v 0.697041 0.507931 -0.253399
v 0.821536 0.456363 -0.253399
v 0.928444 0.374330 -0.253399
v 1.010476 0.267423 -0.253399
v 1.062044 0.142928 -0.253399
v 1.079633 0.009327 -0.253399
v 1.062044 -0.124273 -0.253399
v 1.010476 -0.248769 -0.253399
v 0.928444 -0.355676 -0.253399
v 0.821537 -0.437709 -0.253399
v 0.697041 -0.489276 -0.253399
v 0.563440 -0.506865 -0.253399
v 0.429840 -0.489276 -0.253399
v 0.030621 -0.081170 0.077972
v 0.027490 -0.008716 -0.109904
v 0.027737 0.051158 -0.103530
v 0.029591 -0.063753 -0.085491
v 0.030621 0.099824 -0.068073
v 0.057124 0.104157 -0.088049
v 0.057258 -0.084971 -0.088099
v 0.051053 0.043887 -0.122220
v 0.050361 -0.025273 -0.122229
v 0.057548 -0.085398 0.097955
v 0.056824 0.103731 0.097991
v 0.050590 -0.025348 0.132111
v 0.050835 0.043811 0.132136
v 0.064804 0.135099 -0.029083
v 0.064691 -0.116175 -0.029146
v 0.064691 0.134829 0.039045
v 0.064804 -0.116445 0.038982
v 0.028074 -0.024768 0.132070
v 0.027739 0.043360 0.132087
v 0.032704 0.124221 -0.013073
v 0.032034 -0.099200 -0.036841
v 0.032034 0.117854 0.046740
v 0.032704 -0.105567 0.022972
v 0.030270 -0.083715 -0.088138
v 0.033135 -0.117794 -0.029145
v 0.027739 -0.024706 -0.122188
v 0.033135 0.136448 0.039045
v 0.033911 0.136464 -0.029084
v 0.033911 -0.117810 0.038983
v 0.031493 -0.083761 0.097992
v 0.030270 0.102369 0.098037
v 0.027737 -0.032504 0.113429
v 0.027490 0.027371 0.119803
v 0.028074 0.043422 -0.122171
v 0.031493 0.102415 -0.088093
v 0.419441 -0.389725 0.263298
v 0.594122 0.347210 0.263298
v 0.427585 -0.144931 0.263298
v 0.491522 0.124806 0.263298
v 0.594122 0.347210 -0.253399
v 0.419441 -0.389725 -0.253399
v 0.491522 0.124806 -0.253399
v 0.427585 -0.144931 -0.253399
v 0.563441 0.009327 0.620488
v 0.563441 0.009327 -0.610590
vn -1.0000 -0.0000 -0.0000
vn -0.9866 0.1633 -0.0000
vn -0.0000 0.4717 0.8817
vn -0.0000 -0.0000 1.0000
vn -0.0000 -0.0000 -1.0000
vn 1.0000 -0.0000 -0.0000
vn 0.9866 0.1633 -0.0000
vn -0.0000 -1.0000 -0.0000
vn -0.0000 1.0000 -0.0000
vn -0.8977 0.4407 -0.0000
vn -0.0000 0.4717 -0.8817
vn 0.9223 0.3865 -0.0000
vn 0.8977 0.4407 -0.0000
vn -0.9223 0.3865 -0.0000
vn -0.0000 -0.2632 -0.9647
vn -0.0000 -0.5068 -0.8621
vn -0.0000 -0.7135 -0.7007
vn -0.0000 -0.8699 -0.4932
vn -0.0000 -0.9671 -0.2545
vn -0.0000 -0.9671 0.2545
vn -0.0000 -0.8699 0.4932
vn -0.0000 -0.7135 0.7007
vn -0.0000 -0.5068 0.8621
vn -0.0000 -0.2632 0.9647
vn -0.0000 0.2632 0.9647
vn -0.0000 0.5068 0.8621
vn -0.0000 0.7135 0.7007
vn -0.0000 0.8699 0.4932
vn -0.0000 0.9671 0.2545
vn -0.0000 0.9671 -0.2545
vn -0.0000 0.8699 -0.4932
vn -0.0000 0.7135 -0.7007
vn -0.0000 0.5068 -0.8621
vn -0.0000 0.2632 -0.9647
vn -0.0980 0.9952 -0.0000
vn -0.0980 -0.9952 -0.0000
vn -0.3827 -0.9239 -0.0000
vn -0.7071 -0.7071 -0.0000
vn -0.9238 -0.3828 -0.0001
vn -0.3826 0.9239 -0.0000
vn -0.9511 -0.0000 0.3088
vn -0.9511 -0.0000 -0.3088
vn -0.9511 -0.0000 -0.3089
vn 0.5000 0.8660 -0.0000
vn 0.7071 0.7071 -0.0000
vn 0.8660 0.5000 -0.0000
vn 0.9659 0.2588 -0.0000
vn 0.9659 -0.2588 -0.0000
vn 0.8660 -0.5000 -0.0000
vn 0.7071 -0.7071 -0.0000
vn 0.5000 -0.8660 -0.0000
vn 0.2588 -0.9659 -0.0000
vn -0.2588 -0.9659 -0.0000
vn -0.3009 -0.9537 -0.0000
vn -0.5000 -0.8660 -0.0000
vn -0.9591 -0.2826 0.0140
vn -0.9718 -0.2357 0.0013
vn -0.9999 -0.0001 0.0105
vn -0.9601 0.2793 0.0123
vn -0.9716 0.2368 0.0025
vn 0.2588 0.9659 -0.0000
vn 0.2162 0.9763 -0.0000
vn -0.0000 0.7041 0.7101
vn 0.1822 0.6801 0.7101
vn 0.3520 0.6097 0.7101
vn 0.4978 0.4978 0.7101
vn 0.6097 0.3520 0.7101
vn 0.6801 0.1822 0.7101
vn 0.7041 -0.0000 0.7101
vn 0.6801 -0.1822 0.7101
vn 0.6097 -0.3520 0.7101
vn 0.4978 -0.4978 0.7101
vn 0.3520 -0.6097 0.7101
vn 0.1822 -0.6801 0.7101
vn -0.0000 -0.7041 0.7101
vn -0.1822 -0.6801 0.7101
vn -0.3520 -0.6097 0.7101
vn -0.4960 -0.4979 0.7114
vn -0.4967 -0.4978 0.7110
vn -0.6094 -0.3502 0.7113
vn -0.6092 -0.3499 0.7116
vn -0.6905 -0.1766 0.7014
vn -0.7221 0.0002 0.6918
vn -0.7221 0.0001 0.6918
vn -0.6909 0.1770 0.7009
vn -0.6907 0.1765 0.7013
vn -0.6088 0.3495 0.7122
vn -0.6091 0.3497 0.7119
vn -0.4962 0.4977 0.7114
vn -0.4957 0.4979 0.7116
vn -0.3520 0.6097 0.7101
vn -0.1822 0.6801 0.7101
vn 0.1478 -0.1478 0.9779
vn 0.1045 -0.1810 0.9779
vn -0.1810 -0.1045 0.9779
vn -0.2019 -0.0541 0.9779
vn -0.1045 0.1810 0.9779
vn -0.0541 0.2019 0.9779
vn 0.1478 0.1478 0.9779
vn 0.1810 -0.1045 0.9779
vn -0.1478 -0.1478 0.9779
vn 0.1045 0.1810 0.9779
vn 0.2090 -0.0000 0.9779
vn 0.2019 -0.0541 0.9779
vn -0.1045 -0.1810 0.9779
vn -0.1478 0.1478 0.9779
vn -0.0541 -0.2019 0.9779
vn -0.2019 0.0541 0.9779
vn -0.1810 0.1045 0.9779
vn 0.1810 0.1045 0.9779
vn 0.2019 0.0541 0.9779
vn 0.0541 -0.2019 0.9779
vn -0.0000 -0.2090 0.9779
vn -0.2090 -0.0000 0.9779
vn -0.0000 0.2090 0.9779
vn 0.2539 0.9477 0.1935
vn -0.2588 0.9659 -0.0000
vn -0.0000 0.9811 0.1935
vn -0.4906 0.8497 0.1935
vn -0.2539 0.9477 0.1935
vn -0.5000 0.8660 -0.0000
vn -0.6937 0.6937 0.1935
vn -0.7071 0.7071 -0.0000
vn -0.8497 0.4905 0.1935
vn -0.9659 0.2588 -0.0000
vn -0.8660 0.5000 -0.0000
vn -0.9811 -0.0000 0.1935
vn -0.9477 0.2539 0.1935
vn -0.9659 -0.2588 -0.0000
vn -0.8497 -0.4905 0.1935
vn -0.9477 -0.2539 0.1935
vn -0.8660 -0.5000 -0.0000
vn -0.6937 -0.6937 0.1935
vn -0.2539 -0.9477 0.1935
vn -0.4905 -0.8497 0.1935
vn 0.2539 -0.9477 0.1935
vn -0.0000 -0.9811 0.1935
vn 0.6937 -0.6937 0.1935
vn 0.4905 -0.8497 0.1935
vn 0.9477 -0.2539 0.1935
vn 0.8497 -0.4905 0.1935
vn 0.9811 -0.0000 0.1935
vn 0.9477 0.2539 0.1935
vn 0.8497 0.4905 0.1935
vn 0.4905 0.8497 0.1935
vn 0.6937 0.6937 0.1935
vn 0.9482 -0.2541 0.1906
vn -0.2541 0.9482 0.1906
vn -0.6941 0.6941 0.1906
vn 0.6941 -0.6941 0.1906
vn 0.1586 -0.1586 0.9745
vn 0.2166 -0.0580 0.9745
vn 0.2541 -0.9482 0.1906
vn -0.2541 -0.9482 0.1906
vn 0.9482 0.2541 0.1906
vn -0.9482 0.2541 0.1906
vn 0.6941 0.6941 0.1906
vn -0.9482 -0.2541 0.1906
vn 0.2541 0.9482 0.1906
vn -0.6941 -0.6941 0.1906
vn 0.0983 0.3669 0.9250
vn -0.0000 0.3799 0.9250
vn 0.2388 0.8913 0.3855
vn -0.0000 0.9227 0.3855
vn 0.0541 0.2019 0.9779
vn 0.4614 0.7991 0.3855
vn -0.0983 0.3669 0.9250
vn -0.2388 0.8913 0.3855
vn -0.1899 0.3290 0.9250
vn -0.4614 0.7991 0.3855
vn -0.2686 0.2686 0.9250
vn -0.6525 0.6525 0.3855
vn -0.3290 0.1899 0.9250
vn -0.7991 0.4614 0.3855
vn -0.3669 0.0983 0.9250
vn -0.8913 0.2388 0.3855
vn -0.3799 -0.0000 0.9250
vn -0.9227 -0.0000 0.3855
vn -0.3669 -0.0983 0.9250
vn -0.8913 -0.2388 0.3855
vn -0.3290 -0.1899 0.9250
vn -0.7991 -0.4613 0.3855
vn -0.2686 -0.2686 0.9250
vn -0.6525 -0.6525 0.3855
vn -0.1899 -0.3290 0.9250
vn -0.4613 -0.7991 0.3855
vn -0.0983 -0.3669 0.9250
vn -0.2388 -0.8913 0.3855
vn -0.0000 -0.3799 0.9250
vn -0.0000 -0.9227 0.3855
vn 0.0983 -0.3669 0.9250
vn 0.2388 -0.8913 0.3855
vn 0.1899 -0.3290 0.9250
vn 0.4614 -0.7991 0.3855
vn 0.2686 -0.2686 0.9250
vn 0.6525 -0.6525 0.3855
vn 0.3290 -0.1899 0.9250
vn 0.7991 -0.4614 0.3855
vn 0.3670 -0.0983 0.9250
vn 0.8913 -0.2388 0.3855
vn 0.3799 -0.0000 0.9250
vn 0.9227 -0.0000 0.3855
vn 0.3669 0.0983 0.9250
vn 0.8913 0.2388 0.3855
vn 0.3290 0.1899 0.9250
vn 0.7991 0.4614 0.3855
vn 0.2686 0.2686 0.9250
vn 0.6525 0.6525 0.3855
vn 0.1899 0.3290 0.9250
vn -0.0580 0.2166 0.9745
vn -0.1586 0.1586 0.9745
vn -0.6524 0.6525 0.3855
vn -0.2166 0.0580 0.9745
vn -0.2166 -0.0580 0.9745
vn -0.1586 -0.1586 0.9745
vn -0.0580 -0.2166 0.9745
vn 0.0580 -0.2166 0.9745
vn 0.3670 0.0983 0.9250
vn 0.2166 0.0580 0.9745
vn 0.1586 0.1586 0.9745
vn 0.0580 0.2166 0.9745
vn -0.7046 0.7096 -0.0001
vn -0.7049 0.7093 -0.0001
vn -0.8734 0.4869 0.0028
vn -0.8720 0.4896 -0.0001
vn -0.9601 0.2793 -0.0126
vn -0.9716 0.2368 -0.0023
vn -0.9592 -0.2825 -0.0139
vn -0.8734 -0.4869 0.0033
vn -0.8721 -0.4894 0.0001
vn -0.7049 -0.7093 0.0001
vn -0.7046 -0.7096 0.0001
vn 0.9946 0.1039 -0.0000
vn 0.9994 0.0354 -0.0000
vn -0.9999 0.0007 -0.0105
vn -0.9719 -0.2356 -0.0015
vn 0.1822 0.6801 -0.7101
vn -0.0000 0.7041 -0.7101
vn 0.3520 0.6097 -0.7101
vn 0.4978 0.4978 -0.7101
vn 0.6097 0.3520 -0.7101
vn 0.6801 0.1822 -0.7101
vn 0.7041 -0.0000 -0.7101
vn 0.6801 -0.1822 -0.7101
vn 0.6097 -0.3520 -0.7101
vn 0.4978 -0.4978 -0.7101
vn 0.3520 -0.6097 -0.7101
vn 0.1822 -0.6801 -0.7101
vn -0.0000 -0.7041 -0.7101
vn -0.1822 -0.6801 -0.7101
vn -0.3520 -0.6097 -0.7101
vn -0.4965 -0.4977 -0.7112
vn -0.6087 -0.3498 -0.7122
vn -0.6087 -0.3497 -0.7122
vn -0.6901 -0.1763 -0.7019
vn -0.7221 0.0004 -0.6918
vn -0.6902 -0.1764 -0.7018
vn -0.6911 0.1768 -0.7008
vn -0.6911 0.1767 -0.7008
vn -0.6096 0.3499 -0.7114
vn -0.6095 0.3498 -0.7114
vn -0.4967 0.4978 -0.7110
vn -0.3520 0.6097 -0.7101
vn -0.1822 0.6801 -0.7101
vn 0.1478 -0.1478 -0.9779
vn 0.1045 -0.1810 -0.9779
vn -0.1810 -0.1045 -0.9779
vn -0.2019 -0.0541 -0.9779
vn -0.1045 0.1810 -0.9779
vn -0.0541 0.2019 -0.9779
vn 0.1045 0.1810 -0.9779
vn 0.1478 0.1478 -0.9779
vn 0.1810 -0.1045 -0.9779
vn -0.1478 -0.1478 -0.9779
vn 0.0541 0.2019 -0.9779
vn 0.2019 -0.0541 -0.9779
vn -0.1045 -0.1810 -0.9779
vn -0.1478 0.1478 -0.9779
vn 0.2090 -0.0000 -0.9779
vn -0.0541 -0.2019 -0.9779
vn -0.1810 0.1045 -0.9779
vn 0.2019 0.0541 -0.9779
vn -0.0000 -0.2090 -0.9779
vn -0.2019 0.0541 -0.9779
vn 0.1810 0.1045 -0.9779
vn 0.0541 -0.2019 -0.9779
vn -0.2090 -0.0000 -0.9779
vn -0.0000 0.2090 -0.9779
vn 0.2539 0.9477 -0.1935
vn -0.0000 0.9811 -0.1935
vn -0.4905 0.8497 -0.1935
vn -0.8497 0.4905 -0.1935
vn -0.9477 0.2539 -0.1935
vn -0.9811 -0.0000 -0.1935
vn -0.9477 -0.2539 -0.1935
vn -0.6937 -0.6937 -0.1935
vn -0.4906 -0.8497 -0.1935
vn -0.2539 -0.9477 -0.1935
vn -0.0000 -0.9811 -0.1935
vn 0.4905 -0.8497 -0.1935
vn 0.8497 -0.4905 -0.1935
vn 0.9811 -0.0000 -0.1935
vn 0.8497 0.4905 -0.1935
vn 0.4905 0.8497 -0.1935
vn 0.6941 -0.6941 -0.1906
vn 0.9482 -0.2541 -0.1906
vn -0.6941 0.6941 -0.1906
vn -0.2589 0.9659 -0.0000
vn -0.2541 0.9482 -0.1906
vn 0.2541 -0.9482 -0.1906
vn -0.2541 -0.9482 -0.1906
vn 0.9659 -0.2589 -0.0000
vn -0.6941 -0.6941 -0.1906
vn 0.9482 0.2541 -0.1906
vn -0.9482 0.2541 -0.1906
vn 0.6941 0.6941 -0.1906
vn -0.9482 -0.2541 -0.1906
vn 0.2589 0.9659 -0.0000
vn 0.2541 0.9482 -0.1907
vn -0.0000 0.3799 -0.9250
vn 0.2388 0.8913 -0.3855
vn -0.0000 0.9227 -0.3855
vn 0.0983 0.3670 -0.9250
vn 0.4614 0.7991 -0.3855
vn -0.0983 0.3670 -0.9250
vn -0.2388 0.8913 -0.3855
vn -0.1899 0.3290 -0.9250
vn -0.4614 0.7991 -0.3855
vn -0.2539 0.9477 -0.1935
vn -0.2686 0.2686 -0.9250
vn -0.6937 0.6937 -0.1935
vn -0.6525 0.6525 -0.3855
vn -0.7991 0.4614 -0.3855
vn -0.3670 0.0983 -0.9250
vn -0.8913 0.2388 -0.3855
vn -0.3799 -0.0000 -0.9250
vn -0.9227 -0.0000 -0.3855
vn -0.8913 -0.2388 -0.3855
vn -0.3669 -0.0983 -0.9250
vn -0.7991 -0.4614 -0.3855
vn -0.3290 -0.1899 -0.9250
vn -0.6525 -0.6525 -0.3855
vn -0.2686 -0.2686 -0.9250
vn -0.4614 -0.7991 -0.3855
vn -0.0983 -0.3669 -0.9250
vn -0.2388 -0.8913 -0.3855
vn -0.0000 -0.3799 -0.9250
vn -0.0000 -0.9227 -0.3855
vn 0.2388 -0.8913 -0.3855
vn 0.0983 -0.3669 -0.9250
vn 0.4613 -0.7991 -0.3855
vn 0.2539 -0.9477 -0.1935
vn 0.2686 -0.2686 -0.9250
vn 0.6524 -0.6525 -0.3855
vn 0.7991 -0.4614 -0.3855
vn 0.6937 -0.6937 -0.1935
vn 0.3290 -0.1900 -0.9250
vn 0.9477 -0.2539 -0.1935
vn 0.8913 -0.2388 -0.3855
vn 0.3799 -0.0000 -0.9250
vn 0.9227 -0.0000 -0.3855
vn 0.3669 0.0983 -0.9250
vn 0.8913 0.2388 -0.3855
vn 0.3290 0.1899 -0.9250
vn 0.7991 0.4614 -0.3855
vn 0.9477 0.2539 -0.1935
vn 0.2686 0.2686 -0.9250
vn 0.6937 0.6937 -0.1935
vn 0.6525 0.6525 -0.3855
vn 0.1899 0.3290 -0.9250
vn -0.0580 0.2166 -0.9745
vn 0.0983 0.3669 -0.9250
vn 0.0580 0.2166 -0.9745
vn -0.1586 0.1586 -0.9745
vn -0.0983 0.3669 -0.9250
vn -0.3669 0.0983 -0.9250
vn -0.2166 0.0580 -0.9745
vn -0.2166 -0.0580 -0.9745
vn -0.1586 -0.1586 -0.9745
vn -0.0580 -0.2166 -0.9745
vn 0.0580 -0.2166 -0.9745
vn 0.1586 -0.1586 -0.9745
vn 0.6525 -0.6524 -0.3855
vn 0.3669 -0.0983 -0.9250
vn 0.2166 -0.0580 -0.9745
vn 0.2166 0.0580 -0.9745
vn 0.1586 0.1586 -0.9745
vn -0.8732 0.4874 -0.0029
vn -0.8737 -0.4865 -0.0031
vn -0.9282 -0.3684 0.0528
vn -0.9283 -0.3682 -0.0517
vn -0.9289 0.3673 -0.0476
vn -0.9290 0.3671 0.0462
vn -0.0138 0.7316 -0.6816
vn 0.0218 0.9685 -0.2480
vn 0.0227 0.9705 -0.2402
vn 0.0275 0.9695 0.2434
vn 0.0266 0.9670 0.2533
vn -0.0062 0.7298 0.6837
vn -0.0078 0.7035 0.7107
vn -0.0133 -0.2697 0.9629
vn -0.0144 -0.7028 0.7113
vn -0.0129 -0.7317 0.6815
vn -0.0108 0.2678 0.9634
vn -0.0124 -0.2497 0.9682
vn -0.0133 0.2685 -0.9632
vn -0.0151 0.7022 -0.7118
vn -0.0102 0.2522 0.9676
vn 0.0226 -0.9684 0.2484
vn 0.0234 -0.9702 0.2411
vn -0.0055 -0.7299 -0.6836
vn 0.0274 -0.9669 -0.2537
vn -0.0071 -0.7040 -0.7102
vn -0.9977 0.0675 -0.0076
vn -0.9975 -0.0694 -0.0096
vn -0.9979 0.0647 0.0078
vn -0.9974 -0.0719 0.0092
vn -0.0109 -0.2690 -0.9631
vn -0.0123 0.2502 -0.9681
vn -0.0103 -0.2517 -0.9677
vn 0.0282 -0.9693 -0.2443
vn -0.9986 -0.0508 0.0173
vn -0.9990 -0.0400 0.0200
vn -0.9980 -0.0623 0.0112
vn -0.9968 0.0792 -0.0097
vn -0.9980 0.0622 -0.0112
vn -0.9953 0.0956 -0.0127
vn -0.9986 0.0508 -0.0172
vn -0.9990 0.0406 -0.0199
vn -0.9992 0.0356 -0.0175
vn -0.9997 0.0228 -0.0062
vn -0.9990 0.0406 -0.0200
vn -0.9968 -0.0792 0.0098
vn -0.9953 -0.0956 0.0127
vn -0.9974 0.0624 -0.0370
vn -0.9953 0.0905 -0.0355
vn -0.9993 0.0259 -0.0283
vn -0.9948 0.0991 -0.0226
vn 0.0096 -0.9879 0.1546
vn 0.0100 -0.7822 0.6229
vn 0.0107 -0.7783 0.6278
vn 0.0112 -0.3635 0.9315
vn 0.0114 -0.3601 0.9329
vn 0.0116 0.1575 0.9874
vn 0.0117 0.1540 0.9880
vn 0.0107 0.6274 0.7787
vn 0.0108 0.6332 0.7739
vn 0.0099 0.8079 0.5893
vn 0.0090 0.9943 0.1063
vn 0.0096 0.9879 -0.1546
vn 0.0086 0.9943 0.1066
vn 0.0100 0.7822 -0.6229
vn 0.0107 0.7783 -0.6278
vn 0.0112 0.3635 -0.9315
vn 0.0118 0.3603 -0.9328
vn 0.0116 -0.1575 -0.9874
vn 0.0117 -0.1540 -0.9880
vn 0.0107 -0.6274 -0.7787
vn 0.0108 -0.6332 -0.7739
vn 0.0096 -0.9327 -0.3606
vn 0.0099 -0.9347 -0.3554
vn 0.9453 -0.3263 -0.0000
vn 0.9912 -0.1326 -0.0000
vn 0.8772 -0.4802 -0.0000
vn 0.8421 -0.5393 -0.0000
vn -0.0975 -0.9952 -0.0000
vn -0.9238 -0.3828 -0.0000
vn -0.4961 -0.4979 -0.7114
vn -0.4960 0.4979 -0.7114
vn -0.8497 -0.4905 -0.1935
vn 0.9659 0.2589 -0.0000
vn -0.3290 0.1899 -0.9250
vn -0.1899 -0.3290 -0.9250
vn 0.1899 -0.3290 -0.9250
vn -0.9992 -0.0356 0.0173
vn -0.9948 -0.0991 0.0226
vn -0.9999 0.0054 0.0120
vn 0.0096 -0.9882 0.1532
vn 0.0101 0.8079 0.5892
vn 0.0095 0.9881 -0.1534
vn 0.9452 -0.3265 -0.0000
vt 0.921626 0.266313
vt 0.937279 0.336922
vt 0.921626 0.336922
vt 0.460085 0.279747
vt 0.463048 0.302864
vt 0.454844 0.303365
vt 0.459807 0.224464
vt 0.465476 0.198729
vt 0.465001 0.217537
vt 0.821887 0.240138
vt 0.837467 0.228442
vt 0.837467 0.240138
vt 0.821887 0.001953
vt 0.837467 0.023554
vt 0.821887 0.023554
vt 0.929606 0.190256
vt 0.945186 0.262324
vt 0.929606 0.262324
vt 0.295514 0.500338
vt 0.223447 0.478738
vt 0.295514 0.478738
vt 0.837467 0.155441
vt 0.821887 0.133841
vt 0.837467 0.133841
vt 0.837467 0.261738
vt 0.295514 0.606636
vt 0.223447 0.585035
vt 0.295514 0.585035
vt 0.961522 0.815174
vt 0.980957 0.850307
vt 0.961522 0.850307
vt 0.821887 0.035249
vt 0.223447 0.512034
vt 0.223447 0.500338
vt 0.459943 0.267860
vt 0.535065 0.280092
vt 0.821887 0.108250
vt 0.837467 0.129851
vt 0.821887 0.129851
vt 0.821887 0.167137
vt 0.837467 0.167137
vt 0.837467 0.096555
vt 0.821887 0.096555
vt 0.295514 0.573339
vt 0.223447 0.573339
vt 0.531878 0.302925
vt 0.464831 0.286647
vt 0.530453 0.287122
vt 0.837467 0.203136
vt 0.821887 0.228442
vt 0.821887 0.203136
vt 0.821887 0.060556
vt 0.837467 0.035249
vt 0.837467 0.060556
vt 0.837467 0.071248
vt 0.460344 0.179980
vt 0.535474 0.192192
vt 0.460086 0.191903
vt 0.529943 0.261339
vt 0.535329 0.268168
vt 0.821887 0.192443
vt 0.945564 0.963930
vt 0.964998 0.970610
vt 0.945564 0.970610
vt 0.821887 0.071248
vt 0.945564 0.932250
vt 0.964998 0.946095
vt 0.945564 0.946095
vt 0.535662 0.224713
vt 0.459765 0.235347
vt 0.837467 0.192443
vt 0.540560 0.156685
vt 0.530578 0.173405
vt 0.532356 0.157187
vt 0.464952 0.172948
vt 0.530383 0.199135
vt 0.530164 0.217915
vt 0.465262 0.242143
vt 0.530424 0.242527
vt 0.463521 0.157146
vt 0.945186 0.190256
vt 0.952419 0.258755
vt 0.540555 0.303811
vt 0.535326 0.180304
vt 0.535620 0.235599
vt 0.465036 0.260919
vt 0.937279 0.266313
vt 0.944545 0.336922
vt 0.241914 0.559872
vt 0.241914 0.525501
vt 0.295514 0.512034
vt 0.277047 0.525501
vt 0.277047 0.546027
vt 0.295514 0.537341
vt 0.295514 0.548033
vt 0.241914 0.546027
vt 0.223447 0.537341
vt 0.241914 0.539346
vt 0.223447 0.548033
vt 0.277047 0.559872
vt 0.277047 0.539346
vt 0.964998 0.984455
vt 0.945564 0.984455
vt 0.945564 0.911725
vt 0.964998 0.925570
vt 0.945564 0.925570
vt 0.964998 0.932250
vt 0.961522 0.811185
vt 0.980957 0.776051
vt 0.980957 0.811185
vt 0.945564 0.950085
vt 0.964998 0.963930
vt 0.373386 0.072479
vt 0.263343 0.060831
vt 0.373386 0.060831
vt 0.263343 0.049155
vt 0.373386 0.049155
vt 0.373386 0.037428
vt 0.263343 0.025646
vt 0.373386 0.025646
vt 0.373386 0.013813
vt 0.263343 0.001953
vt 0.373386 0.001953
vt 0.373386 0.284056
vt 0.263343 0.272196
vt 0.373386 0.272196
vt 0.373386 0.260364
vt 0.263343 0.248581
vt 0.373386 0.248581
vt 0.263343 0.236855
vt 0.373386 0.236855
vt 0.373386 0.225178
vt 0.263343 0.225178
vt 0.373386 0.213530
vt 0.263343 0.213530
vt 0.373386 0.201883
vt 0.263343 0.190206
vt 0.373386 0.190206
vt 0.373386 0.178480
vt 0.263343 0.178480
vt 0.373386 0.166697
vt 0.263343 0.166697
vt 0.373386 0.154865
vt 0.263343 0.143005
vt 0.373386 0.143005
vt 0.373386 0.131144
vt 0.263343 0.131144
vt 0.373386 0.119312
vt 0.263343 0.119312
vt 0.373386 0.107529
vt 0.263343 0.095803
vt 0.373386 0.095803
vt 0.263343 0.084127
vt 0.373386 0.084127
vt 0.618768 0.623727
vt 0.612944 0.578655
vt 0.624592 0.578712
vt 0.367423 0.638066
vt 0.361600 0.593050
vt 0.373247 0.592993
vt 0.635843 0.581836
vt 0.350349 0.596174
vt 0.645930 0.587815
vt 0.340261 0.602153
vt 0.654166 0.596241
vt 0.332025 0.610579
vt 0.659990 0.606541
vt 0.326201 0.620879
vt 0.663005 0.618012
vt 0.323187 0.632350
vt 0.663005 0.629872
vt 0.323187 0.644210
vt 0.659990 0.641313
vt 0.326201 0.655652
vt 0.654166 0.651557
vt 0.332025 0.665895
vt 0.645930 0.659903
vt 0.340261 0.674241
vt 0.635843 0.665784
vt 0.350349 0.680123
vt 0.624592 0.668800
vt 0.361600 0.683138
vt 0.612944 0.668743
vt 0.373247 0.683081
vt 0.601693 0.665619
vt 0.384498 0.679957
vt 0.591606 0.659640
vt 0.394585 0.673978
vt 0.583370 0.651214
vt 0.402821 0.665552
vt 0.577546 0.640914
vt 0.408645 0.655252
vt 0.574532 0.629443
vt 0.411660 0.643781
vt 0.574532 0.617583
vt 0.411660 0.631921
vt 0.577546 0.606141
vt 0.408645 0.620479
vt 0.583370 0.595898
vt 0.402821 0.610236
vt 0.591606 0.587552
vt 0.394585 0.601890
vt 0.601693 0.581670
vt 0.384498 0.596008
vt 0.449255 0.302060
vt 0.402979 0.249385
vt 0.449255 0.249385
vt 0.449255 0.398198
vt 0.402979 0.450872
vt 0.402979 0.398198
vt 0.402979 0.386181
vt 0.449255 0.386181
vt 0.402979 0.374163
vt 0.449255 0.374163
vt 0.449255 0.362146
vt 0.449255 0.314077
vt 0.402979 0.302060
vt 0.774011 0.455945
vt 0.835610 0.508619
vt 0.774011 0.508619
vt 0.271322 0.754237
vt 0.332920 0.806912
vt 0.271322 0.806912
vt 0.813907 0.548859
vt 0.851922 0.557922
vt 0.813907 0.557922
vt 0.851922 0.566984
vt 0.813907 0.566984
vt 0.577281 0.153335
vt 0.554584 0.140720
vt 0.577281 0.140720
vt 0.577281 0.128105
vt 0.554584 0.128105
vt 0.577281 0.115490
vt 0.554584 0.115490
vt 0.577281 0.102874
vt 0.554584 0.102874
vt 0.577281 0.090259
vt 0.554584 0.090259
vt 0.577281 0.077644
vt 0.554584 0.065029
vt 0.577281 0.065029
vt 0.554584 0.052414
vt 0.577281 0.052414
vt 0.577281 0.039799
vt 0.554584 0.027183
vt 0.577281 0.027183
vt 0.554584 0.014568
vt 0.577281 0.014568
vt 0.554584 0.001953
vt 0.070120 0.541301
vt 0.031946 0.544900
vt 0.031958 0.532384
vt 0.070135 0.523533
vt 0.031953 0.519884
vt 0.554584 0.178565
vt 0.554584 0.165950
vt 0.577281 0.165950
vt 0.379041 0.109499
vt 0.386109 0.121455
vt 0.379041 0.121455
vt 0.386109 0.133410
vt 0.379041 0.133410
vt 0.386109 0.145365
vt 0.379041 0.145365
vt 0.379041 0.157320
vt 0.386109 0.157320
vt 0.379041 0.169275
vt 0.386109 0.169275
vt 0.386109 0.181231
vt 0.379041 0.181231
vt 0.386109 0.193186
vt 0.379041 0.193186
vt 0.379041 0.205141
vt 0.386109 0.205141
vt 0.379041 0.217096
vt 0.386109 0.217096
vt 0.379041 0.229051
vt 0.386109 0.229051
vt 0.386109 0.241007
vt 0.379041 0.241007
vt 0.386109 0.252962
vt 0.379041 0.252962
vt 0.386109 0.264917
vt 0.379041 0.264917
vt 0.379041 0.276872
vt 0.386109 0.276872
vt 0.386109 0.288828
vt 0.379041 0.288828
vt 0.379041 0.001953
vt 0.386109 0.013920
vt 0.379041 0.013920
vt 0.379041 0.025895
vt 0.386109 0.025895
vt 0.379041 0.037796
vt 0.386109 0.037796
vt 0.386109 0.049692
vt 0.379041 0.049692
vt 0.386109 0.061665
vt 0.379041 0.061665
vt 0.379041 0.073634
vt 0.386109 0.073634
vt 0.386109 0.085589
vt 0.379041 0.085589
vt 0.386109 0.097544
vt 0.379041 0.097544
vt 0.386109 0.109499
vt 0.304674 0.606408
vt 0.318992 0.613501
vt 0.304674 0.613501
vt 0.411730 0.154105
vt 0.402979 0.143961
vt 0.411730 0.143961
vt 0.402979 0.164248
vt 0.402979 0.154105
vt 0.411730 0.164248
vt 0.402979 0.174392
vt 0.411730 0.174392
vt 0.402979 0.184535
vt 0.411730 0.194679
vt 0.411730 0.184535
vt 0.402979 0.204822
vt 0.402979 0.194679
vt 0.411730 0.204822
vt 0.402979 0.214966
vt 0.411730 0.225109
vt 0.411730 0.214966
vt 0.411730 0.235252
vt 0.402979 0.225109
vt 0.402979 0.245396
vt 0.402979 0.235252
vt 0.411730 0.001953
vt 0.402979 0.012097
vt 0.402979 0.001953
vt 0.411730 0.012097
vt 0.402979 0.022240
vt 0.411730 0.032383
vt 0.411730 0.022240
vt 0.402979 0.042527
vt 0.402979 0.032383
vt 0.411730 0.042527
vt 0.402979 0.052670
vt 0.411730 0.062814
vt 0.411730 0.052670
vt 0.402979 0.072957
vt 0.402979 0.062814
vt 0.411730 0.083101
vt 0.411730 0.072957
vt 0.402979 0.093244
vt 0.402979 0.083101
vt 0.411730 0.103388
vt 0.411730 0.093244
vt 0.411730 0.113531
vt 0.402979 0.103388
vt 0.411730 0.123674
vt 0.402979 0.113531
vt 0.402979 0.133818
vt 0.402979 0.123674
vt 0.411730 0.133818
vt 0.304674 0.485831
vt 0.318992 0.492923
vt 0.304674 0.492923
vt 0.304674 0.528387
vt 0.318992 0.535480
vt 0.304674 0.535480
vt 0.304674 0.563851
vt 0.318992 0.556759
vt 0.318992 0.563851
vt 0.304674 0.599315
vt 0.318992 0.606408
vt 0.304674 0.478738
vt 0.318992 0.485831
vt 0.304674 0.556759
vt 0.318992 0.549666
vt 0.318992 0.592223
vt 0.318992 0.599315
vt 0.304674 0.648965
vt 0.318992 0.641872
vt 0.318992 0.648965
vt 0.318992 0.521295
vt 0.318992 0.528387
vt 0.304674 0.585130
vt 0.304674 0.592223
vt 0.304674 0.641872
vt 0.318992 0.634779
vt 0.304674 0.521295
vt 0.318992 0.514202
vt 0.318992 0.578037
vt 0.318992 0.585130
vt 0.304674 0.634779
vt 0.318992 0.627687
vt 0.304674 0.507109
vt 0.304674 0.514202
vt 0.304674 0.570944
vt 0.304674 0.578037
vt 0.304674 0.620594
vt 0.304674 0.627687
vt 0.304674 0.500016
vt 0.318992 0.507109
vt 0.318992 0.570944
vt 0.318992 0.620594
vt 0.318992 0.500016
vt 0.318992 0.542573
vt 0.304674 0.542573
vt 0.454844 0.388014
vt 0.458585 0.396977
vt 0.454844 0.396977
vt 0.454844 0.379051
vt 0.458585 0.388014
vt 0.458585 0.370088
vt 0.458585 0.379051
vt 0.454844 0.370088
vt 0.458585 0.361125
vt 0.454844 0.361125
vt 0.458585 0.352162
vt 0.454844 0.343199
vt 0.454844 0.352162
vt 0.458585 0.334236
vt 0.458585 0.343199
vt 0.454844 0.325273
vt 0.454844 0.334236
vt 0.458585 0.316310
vt 0.458585 0.325273
vt 0.454844 0.307347
vt 0.454844 0.316310
vt 0.454844 0.513495
vt 0.458585 0.522458
vt 0.454844 0.522458
vt 0.458585 0.504532
vt 0.458585 0.513495
vt 0.454844 0.495569
vt 0.454844 0.504532
vt 0.458585 0.486606
vt 0.458585 0.495569
vt 0.454844 0.477643
vt 0.454844 0.486606
vt 0.458585 0.468680
vt 0.458585 0.477643
vt 0.454844 0.459717
vt 0.454844 0.468680
vt 0.458585 0.450754
vt 0.458585 0.459717
vt 0.454844 0.450754
vt 0.458585 0.441791
vt 0.454844 0.441791
vt 0.458585 0.432829
vt 0.454844 0.432829
vt 0.458585 0.423866
vt 0.454844 0.414903
vt 0.454844 0.423866
vt 0.458585 0.405940
vt 0.458585 0.414903
vt 0.454844 0.405940
vt 0.901971 0.333024
vt 0.897689 0.337476
vt 0.897689 0.333024
vt 0.922814 0.506008
vt 0.925547 0.499448
vt 0.925547 0.506008
vt 0.901971 0.439879
vt 0.897689 0.435427
vt 0.901971 0.435427
vt 0.922814 0.532252
vt 0.925547 0.538813
vt 0.922814 0.538813
vt 0.901971 0.386452
vt 0.897689 0.390904
vt 0.897689 0.386452
vt 0.922814 0.499448
vt 0.925547 0.492887
vt 0.897689 0.430975
vt 0.901971 0.430975
vt 0.901971 0.381999
vt 0.897689 0.381999
vt 0.897689 0.426522
vt 0.901971 0.426522
vt 0.178402 0.445306
vt 0.175498 0.450314
vt 0.167600 0.442372
vt 0.897689 0.377547
vt 0.901971 0.377547
vt 0.922814 0.492887
vt 0.925547 0.486326
vt 0.901971 0.422070
vt 0.897689 0.422070
vt 0.897689 0.373095
vt 0.901971 0.373095
vt 0.901971 0.417618
vt 0.897689 0.417618
vt 0.901971 0.368643
vt 0.897689 0.368643
vt 0.922814 0.486326
vt 0.925547 0.479765
vt 0.897689 0.413165
vt 0.901971 0.413165
vt 0.566552 0.949298
vt 0.570804 0.953190
vt 0.566552 0.953750
vt 0.567705 0.944997
vt 0.571667 0.946638
vt 0.569931 0.941141
vt 0.573079 0.937993
vt 0.575690 0.941395
vt 0.576935 0.935767
vt 0.581795 0.938866
vt 0.581235 0.934614
vt 0.585688 0.934614
vt 0.588347 0.939729
vt 0.589988 0.935767
vt 0.593844 0.937993
vt 0.593590 0.943752
vt 0.596992 0.941141
vt 0.599218 0.944997
vt 0.596119 0.949857
vt 0.600371 0.949298
vt 0.600371 0.953750
vt 0.595257 0.956409
vt 0.599218 0.958050
vt 0.596992 0.961906
vt 0.591233 0.961652
vt 0.589988 0.967281
vt 0.593844 0.965054
vt 0.585688 0.968433
vt 0.585128 0.964181
vt 0.581235 0.968433
vt 0.576935 0.967281
vt 0.578576 0.963319
vt 0.573079 0.965054
vt 0.569931 0.961906
vt 0.573333 0.959296
vt 0.567705 0.958050
vt 0.901971 0.341929
vt 0.901971 0.337476
vt 0.925547 0.512569
vt 0.922814 0.512569
vt 0.925547 0.545373
vt 0.922814 0.545373
vt 0.901971 0.346381
vt 0.897689 0.341929
vt 0.901971 0.399809
vt 0.897689 0.395356
vt 0.901971 0.395356
vt 0.901971 0.350833
vt 0.897689 0.346381
vt 0.925547 0.519130
vt 0.922814 0.519130
vt 0.901971 0.390904
vt 0.922814 0.551934
vt 0.925547 0.551934
vt 0.897689 0.355286
vt 0.897689 0.350833
vt 0.897689 0.404261
vt 0.897689 0.399809
vt 0.901971 0.359738
vt 0.901971 0.355286
vt 0.922814 0.525691
vt 0.925547 0.525691
vt 0.901971 0.404261
vt 0.897689 0.408713
vt 0.925547 0.558495
vt 0.922814 0.558495
vt 0.901971 0.364190
vt 0.897689 0.359738
vt 0.901971 0.408713
vt 0.897689 0.364190
vt 0.303239 0.549666
vt 0.303239 0.542573
vt 0.460116 0.396977
vt 0.460116 0.388014
vt 0.304674 0.549666
vt 0.460116 0.405940
vt 0.303239 0.535480
vt 0.460116 0.379051
vt 0.303239 0.528387
vt 0.460116 0.370088
vt 0.303239 0.521295
vt 0.460116 0.361125
vt 0.303239 0.514202
vt 0.460116 0.352162
vt 0.303239 0.507109
vt 0.460116 0.343199
vt 0.303239 0.500016
vt 0.460116 0.334236
vt 0.303239 0.492923
vt 0.460116 0.325273
vt 0.303239 0.485831
vt 0.460116 0.316310
vt 0.303239 0.478738
vt 0.460116 0.307347
vt 0.458585 0.307347
vt 0.303239 0.641872
vt 0.460116 0.522458
vt 0.460116 0.513495
vt 0.303239 0.634779
vt 0.460116 0.504532
vt 0.303239 0.627687
vt 0.460116 0.495569
vt 0.303239 0.620594
vt 0.460116 0.486606
vt 0.303239 0.613501
vt 0.460116 0.477643
vt 0.303239 0.606408
vt 0.460116 0.468680
vt 0.303239 0.599315
vt 0.460116 0.459717
vt 0.303239 0.592223
vt 0.460116 0.450754
vt 0.303239 0.585130
vt 0.460116 0.441791
vt 0.303239 0.578037
vt 0.460116 0.432829
vt 0.303239 0.570944
vt 0.460116 0.423866
vt 0.303239 0.563851
vt 0.460116 0.414903
vt 0.303239 0.556759
vt 0.156784 0.445278
vt 0.158828 0.451144
vt 0.155624 0.445591
vt 0.921626 0.532252
vt 0.156785 0.439487
vt 0.155624 0.439179
vt 0.921626 0.538813
vt 0.159683 0.434470
vt 0.158830 0.433624
vt 0.921626 0.545373
vt 0.164704 0.431568
vt 0.164383 0.430410
vt 0.921626 0.551934
vt 0.170520 0.431533
vt 0.170793 0.430364
vt 0.921626 0.558495
vt 0.176387 0.433645
vt 0.175530 0.434486
vt 0.921626 0.486326
vt 0.922814 0.479765
vt 0.179576 0.439208
vt 0.178414 0.439515
vt 0.921626 0.492887
vt 0.179563 0.445619
vt 0.921626 0.499448
vt 0.176347 0.451164
vt 0.921626 0.506008
vt 0.170790 0.454361
vt 0.170479 0.453200
vt 0.921626 0.512569
vt 0.164689 0.453193
vt 0.164379 0.454354
vt 0.921626 0.519130
vt 0.159677 0.450293
vt 0.921626 0.525691
vt 0.925547 0.532252
vt 0.125722 0.481953
vt 0.031957 0.494589
vt 0.031953 0.481975
vt 0.125726 0.494569
vt 0.125730 0.507209
vt 0.078839 0.507219
vt 0.087560 0.523475
vt 0.125737 0.519862
vt 0.087566 0.541243
vt 0.125737 0.557538
vt 0.078856 0.557549
vt 0.870408 0.095719
vt 0.883023 0.001953
vt 0.883023 0.095719
vt 0.857793 0.024650
vt 0.870408 0.001953
vt 0.125739 0.570183
vt 0.031958 0.570196
vt 0.690726 0.810553
vt 0.642355 0.801183
vt 0.690726 0.801183
vt 0.138205 0.779159
vt 0.118900 0.697716
vt 0.129127 0.690330
vt 0.423169 0.670303
vt 0.407523 0.677864
vt 0.410619 0.669021
vt 0.126695 0.773995
vt 0.116914 0.766028
vt 0.105768 0.719007
vt 0.110932 0.707497
vt 0.140917 0.685843
vt 0.434960 0.674790
vt 0.425882 0.763619
vt 0.582511 0.140720
vt 0.605208 0.153335
vt 0.582511 0.153335
vt 0.582511 0.128105
vt 0.605208 0.140720
vt 0.582511 0.115489
vt 0.605208 0.128105
vt 0.582511 0.102874
vt 0.605208 0.115489
vt 0.582511 0.090259
vt 0.605208 0.102874
vt 0.582511 0.077644
vt 0.605208 0.090259
vt 0.582511 0.065029
vt 0.605208 0.077644
vt 0.582511 0.052414
vt 0.605208 0.065029
vt 0.582511 0.039799
vt 0.605208 0.052414
vt 0.605208 0.027183
vt 0.605208 0.039799
vt 0.582511 0.027183
vt 0.605208 0.014568
vt 0.582511 0.014568
vt 0.605208 0.001953
vt 0.125728 0.532366
vt 0.125741 0.544882
vt 0.605208 0.178565
vt 0.582511 0.165950
vt 0.605208 0.165950
vt 0.391010 0.169326
vt 0.398078 0.181281
vt 0.391010 0.181281
vt 0.398078 0.157371
vt 0.391010 0.157371
vt 0.391010 0.145416
vt 0.391010 0.133461
vt 0.398078 0.145416
vt 0.391010 0.121505
vt 0.398078 0.133461
vt 0.398078 0.109550
vt 0.391010 0.109550
vt 0.391010 0.097595
vt 0.398078 0.085640
vt 0.391010 0.085640
vt 0.398078 0.073684
vt 0.391010 0.073684
vt 0.391010 0.061729
vt 0.391010 0.049774
vt 0.398078 0.061729
vt 0.398078 0.037819
vt 0.391010 0.037819
vt 0.391010 0.025864
vt 0.391010 0.013908
vt 0.398078 0.025864
vt 0.391010 0.001953
vt 0.398078 0.013908
vt 0.398078 0.276859
vt 0.391010 0.288828
vt 0.391010 0.276859
vt 0.391010 0.264885
vt 0.391010 0.252983
vt 0.398078 0.264885
vt 0.398078 0.241088
vt 0.391010 0.241088
vt 0.398078 0.229114
vt 0.391010 0.229114
vt 0.391010 0.217147
vt 0.398078 0.205192
vt 0.391010 0.205192
vt 0.391010 0.193237
vt 0.398078 0.193237
vt 0.004019 0.578881
vt 0.018337 0.571788
vt 0.018337 0.578881
vt 0.418937 0.143961
vt 0.427688 0.154105
vt 0.418937 0.154105
vt 0.418937 0.164248
vt 0.427688 0.174392
vt 0.418937 0.174392
vt 0.427688 0.184535
vt 0.418937 0.184535
vt 0.418937 0.194679
vt 0.427688 0.204822
vt 0.418937 0.204822
vt 0.427688 0.214966
vt 0.418937 0.214966
vt 0.418937 0.225109
vt 0.427688 0.225109
vt 0.418937 0.235252
vt 0.427688 0.245396
vt 0.418937 0.245396
vt 0.427688 0.001953
vt 0.418937 0.012097
vt 0.418937 0.001953
vt 0.427688 0.012097
vt 0.418937 0.022240
vt 0.427688 0.022240
vt 0.418937 0.032383
vt 0.427688 0.032383
vt 0.418937 0.042527
vt 0.427688 0.042527
vt 0.418937 0.052670
vt 0.427688 0.052670
vt 0.418937 0.062814
vt 0.427688 0.072957
vt 0.418937 0.072957
vt 0.418937 0.083101
vt 0.427688 0.083101
vt 0.418937 0.093244
vt 0.427688 0.103388
vt 0.418937 0.103388
vt 0.427688 0.113531
vt 0.418937 0.113531
vt 0.418937 0.123674
vt 0.427688 0.123674
vt 0.418937 0.133818
vt 0.427688 0.143961
vt 0.004019 0.458304
vt 0.018337 0.451211
vt 0.018337 0.458304
vt 0.004019 0.500860
vt 0.018337 0.493768
vt 0.018337 0.500860
vt 0.004019 0.529232
vt 0.018337 0.522139
vt 0.018337 0.529232
vt 0.004019 0.564696
vt 0.018337 0.564696
vt 0.004019 0.444118
vt 0.018337 0.444118
vt 0.004019 0.515046
vt 0.018337 0.515046
vt 0.018337 0.557603
vt 0.004019 0.614345
vt 0.018337 0.607252
vt 0.018337 0.614345
vt 0.004019 0.486675
vt 0.018337 0.486675
vt 0.004019 0.557603
vt 0.018337 0.550510
vt 0.004019 0.607252
vt 0.018337 0.600160
vt 0.004019 0.479582
vt 0.018337 0.479582
vt 0.004019 0.543417
vt 0.018337 0.543417
vt 0.004019 0.593067
vt 0.018337 0.593067
vt 0.004019 0.472489
vt 0.018337 0.472489
vt 0.018337 0.536324
vt 0.004019 0.585974
vt 0.018337 0.585974
vt 0.018337 0.465396
vt 0.004019 0.507953
vt 0.018337 0.507953
vt 0.386772 0.418298
vt 0.383031 0.427261
vt 0.383031 0.418298
vt 0.386772 0.427261
vt 0.383031 0.436224
vt 0.386772 0.445187
vt 0.383031 0.445187
vt 0.383031 0.454150
vt 0.386772 0.463113
vt 0.383031 0.463113
vt 0.386772 0.472076
vt 0.383031 0.472076
vt 0.383031 0.481039
vt 0.386772 0.481039
vt 0.383031 0.490002
vt 0.386772 0.490002
vt 0.383031 0.498965
vt 0.386772 0.507928
vt 0.383031 0.507928
vt 0.386772 0.292817
vt 0.383031 0.301780
vt 0.383031 0.292817
vt 0.386772 0.301780
vt 0.383031 0.310743
vt 0.386772 0.310743
vt 0.383031 0.319706
vt 0.386772 0.319706
vt 0.383031 0.328669
vt 0.386772 0.337632
vt 0.383031 0.337632
vt 0.383031 0.346595
vt 0.386772 0.355558
vt 0.383031 0.355558
vt 0.383031 0.364521
vt 0.386772 0.373484
vt 0.383031 0.373484
vt 0.383031 0.382447
vt 0.386772 0.391410
vt 0.383031 0.391410
vt 0.383031 0.400372
vt 0.386772 0.409335
vt 0.383031 0.409335
vt 0.862075 0.430039
vt 0.857793 0.434492
vt 0.857793 0.430039
vt 0.929606 0.506008
vt 0.932338 0.499448
vt 0.932338 0.506008
vt 0.857793 0.532442
vt 0.862075 0.536894
vt 0.857793 0.536894
vt 0.932338 0.538813
vt 0.929606 0.532252
vt 0.932338 0.532252
vt 0.857793 0.483467
vt 0.862075 0.487919
vt 0.857793 0.487919
vt 0.929606 0.492887
vt 0.932338 0.492887
vt 0.857793 0.479014
vt 0.862075 0.483467
vt 0.862075 0.474562
vt 0.857793 0.474562
vt 0.932338 0.486326
vt 0.857793 0.470110
vt 0.862075 0.514633
vt 0.857793 0.519085
vt 0.857793 0.514633
vt 0.862075 0.465658
vt 0.857793 0.465658
vt 0.929606 0.486326
vt 0.932338 0.479765
vt 0.857793 0.510180
vt 0.430017 0.794275
vt 0.435645 0.793030
vt 0.433419 0.796886
vt 0.432546 0.788170
vt 0.436797 0.788729
vt 0.436797 0.784277
vt 0.431683 0.781617
vt 0.435645 0.779976
vt 0.433419 0.776121
vt 0.427660 0.776375
vt 0.430271 0.772972
vt 0.426415 0.770746
vt 0.421554 0.773846
vt 0.422114 0.769594
vt 0.417662 0.769594
vt 0.415002 0.774708
vt 0.413361 0.770746
vt 0.409505 0.772972
vt 0.409760 0.778731
vt 0.406357 0.776121
vt 0.404131 0.779976
vt 0.407230 0.784837
vt 0.402979 0.784277
vt 0.402979 0.788729
vt 0.408093 0.791389
vt 0.404131 0.793030
vt 0.406357 0.796886
vt 0.412116 0.796632
vt 0.409505 0.800034
vt 0.413361 0.802260
vt 0.418222 0.799161
vt 0.417662 0.803412
vt 0.422114 0.803412
vt 0.424774 0.798298
vt 0.426415 0.802260
vt 0.430271 0.800034
vt 0.862075 0.438944
vt 0.857793 0.438944
vt 0.929606 0.512569
vt 0.932338 0.512569
vt 0.929606 0.545373
vt 0.932338 0.545373
vt 0.857793 0.443396
vt 0.862075 0.492371
vt 0.857793 0.496824
vt 0.857793 0.492371
vt 0.862075 0.443396
vt 0.857793 0.447848
vt 0.929606 0.519130
vt 0.932338 0.519130
vt 0.929606 0.551934
vt 0.932338 0.551934
vt 0.862075 0.452301
vt 0.857793 0.452301
vt 0.862075 0.496824
vt 0.857793 0.501276
vt 0.857793 0.456753
vt 0.929606 0.525691
vt 0.932338 0.525691
vt 0.862075 0.505728
vt 0.857793 0.505728
vt 0.932338 0.558495
vt 0.862075 0.461205
vt 0.857793 0.461205
vt 0.862075 0.510180
vt 0.019772 0.507953
vt 0.388303 0.418298
vt 0.388303 0.427261
vt 0.019772 0.515046
vt 0.388303 0.409335
vt 0.019772 0.500860
vt 0.388303 0.436224
vt 0.019772 0.493768
vt 0.388303 0.445187
vt 0.386772 0.436224
vt 0.019772 0.486675
vt 0.386772 0.454150
vt 0.388303 0.454150
vt 0.388303 0.463113
vt 0.019772 0.472489
vt 0.388303 0.472076
vt 0.019772 0.465396
vt 0.388303 0.481039
vt 0.388303 0.490002
vt 0.019772 0.458304
vt 0.388303 0.498965
vt 0.019772 0.451211
vt 0.388303 0.507928
vt 0.019772 0.614345
vt 0.388303 0.292817
vt 0.388303 0.301780
vt 0.019772 0.600160
vt 0.388303 0.310743
vt 0.019772 0.593067
vt 0.388303 0.319706
vt 0.388303 0.328669
vt 0.019772 0.585974
vt 0.388303 0.337632
vt 0.386772 0.328669
vt 0.019772 0.571788
vt 0.388303 0.346595
vt 0.388303 0.355558
vt 0.386772 0.346595
vt 0.019772 0.564696
vt 0.386772 0.364521
vt 0.388303 0.364521
vt 0.019772 0.550510
vt 0.388303 0.373484
vt 0.019772 0.543417
vt 0.388303 0.382447
vt 0.019772 0.536324
vt 0.388303 0.391410
vt 0.386772 0.382447
vt 0.019772 0.529232
vt 0.386772 0.400372
vt 0.388303 0.400372
vt 0.019772 0.522139
vt 0.136836 0.655346
vt 0.138880 0.649480
vt 0.139729 0.650330
vt 0.933526 0.525691
vt 0.933526 0.532252
vt 0.136837 0.661137
vt 0.135676 0.655033
vt 0.933526 0.538813
vt 0.138882 0.667000
vt 0.139735 0.666153
vt 0.933526 0.545373
vt 0.144435 0.670214
vt 0.144756 0.669056
vt 0.933526 0.551934
vt 0.150572 0.669091
vt 0.933526 0.558495
vt 0.155582 0.666138
vt 0.150924 0.670237
vt 0.933526 0.479765
vt 0.933526 0.486326
vt 0.159628 0.661416
vt 0.158466 0.661109
vt 0.933526 0.492887
vt 0.159615 0.655005
vt 0.158454 0.655318
vt 0.933526 0.499448
vt 0.156399 0.649459
vt 0.155550 0.650310
vt 0.933526 0.506008
vt 0.150531 0.647424
vt 0.933526 0.512569
vt 0.144741 0.647431
vt 0.150842 0.646263
vt 0.933526 0.519130
vt 0.144431 0.646270
vt 0.031959 0.507233
vt 0.031956 0.557560
vt 0.445187 0.682176
vt 0.447172 0.750488
vt 0.437391 0.758455
vt 0.459045 0.728470
vt 0.454558 0.740260
vt 0.458318 0.703466
vt 0.453154 0.691957
vt 0.054641 0.444124
vt 0.125715 0.456722
vt 0.031946 0.456745
vt 0.075658 0.544247
vt 0.082034 0.544225
vt 0.082032 0.520519
vt 0.075662 0.520544
vt 0.125718 0.469338
vt 0.031950 0.469360
vt 0.961113 0.904160
vt 0.967767 0.904837
vt 0.967212 0.907743
vt 0.974425 0.907432
vt 0.973565 0.904566
vt 0.980264 0.903480
vt 0.978601 0.901617
vt 0.983477 0.889793
vt 0.978371 0.885410
vt 0.979890 0.883416
vt 0.983595 0.897048
vt 0.981464 0.890492
vt 0.957533 0.897825
vt 0.962606 0.902200
vt 0.981513 0.896444
vt 0.973187 0.882720
vt 0.973747 0.879815
vt 0.960676 0.884157
vt 0.967389 0.882966
vt 0.962418 0.885992
vt 0.090750 0.529144
vt 0.090774 0.535614
vt 0.066915 0.529173
vt 0.066917 0.535640
vt 0.957533 0.890625
vt 0.959598 0.897132
vt 0.959576 0.891209
vt 0.966487 0.880117
vt 0.125334 0.782537
vt 0.120448 0.781394
vt 0.126831 0.781387
vt 0.116798 0.801785
vt 0.120451 0.805217
vt 0.114924 0.802032
vt 0.121947 0.804068
vt 0.126834 0.805212
vt 0.127555 0.803468
vt 0.132361 0.802019
vt 0.130482 0.784820
vt 0.132356 0.784572
vt 0.112891 0.791611
vt 0.111738 0.796502
vt 0.111738 0.790114
vt 0.113486 0.797223
vt 0.961523 0.421812
vt 0.965350 0.427461
vt 0.961522 0.427467
vt 0.965110 0.433099
vt 0.961552 0.433123
vt 0.965150 0.438736
vt 0.961615 0.438778
vt 0.961713 0.444432
vt 0.965444 0.444368
vt 0.961842 0.450086
vt 0.530679 0.002018
vt 0.526656 0.007608
vt 0.526719 0.001953
vt 0.578521 0.002076
vt 0.582542 0.007589
vt 0.578717 0.007728
vt 0.961975 0.393539
vt 0.965375 0.399286
vt 0.961819 0.399192
vt 0.965230 0.404921
vt 0.961697 0.404846
vt 0.961608 0.410501
vt 0.965339 0.410560
vt 0.961551 0.416156
vt 0.965511 0.416197
vt 0.156564 0.693405
vt 0.161107 0.715879
vt 0.402979 0.726291
vt 0.402979 0.700339
vt 0.690726 0.752302
vt 0.642355 0.778253
vt 0.642355 0.752302
vt 0.690726 0.778253
vt 0.642355 0.729372
vt 0.690726 0.711506
vt 0.690726 0.729372
vt 0.147652 0.658252
vt 0.837467 0.001953
vt 0.821887 0.155441
vt 0.821887 0.261738
vt 0.223447 0.606636
vt 0.980957 0.815174
vt 0.837467 0.108250
vt 0.454844 0.156265
vt 0.952419 0.193825
vt 0.944545 0.266313
vt 0.964998 0.911725
vt 0.961522 0.776051
vt 0.964998 0.950085
vt 0.263343 0.072479
vt 0.263343 0.037428
vt 0.263343 0.013813
vt 0.263343 0.284056
vt 0.263343 0.260364
vt 0.263343 0.201883
vt 0.263343 0.154865
vt 0.263343 0.107529
vt 0.449255 0.450872
vt 0.402979 0.362146
vt 0.402979 0.314077
vt 0.835610 0.455945
vt 0.332920 0.754237
vt 0.851922 0.548859
vt 0.554584 0.153335
vt 0.554584 0.077644
vt 0.554584 0.039799
vt 0.386109 0.001953
vt 0.411730 0.245396
vt 0.318992 0.478738
vt 0.897689 0.439879
vt 0.303239 0.648965
vt 0.170872 0.430387
vt 0.921626 0.479765
vt 0.857793 0.073022
vt 0.642355 0.810553
vt 0.398078 0.169326
vt 0.398078 0.121505
vt 0.398078 0.097595
vt 0.398078 0.049774
vt 0.398078 0.001953
vt 0.398078 0.288828
vt 0.398078 0.252983
vt 0.398078 0.217147
vt 0.004019 0.571788
vt 0.427688 0.164248
vt 0.427688 0.194679
vt 0.427688 0.235252
vt 0.427688 0.062814
vt 0.427688 0.093244
vt 0.427688 0.133818
vt 0.004019 0.451211
vt 0.004019 0.493768
vt 0.004019 0.522139
vt 0.004019 0.550510
vt 0.004019 0.600160
vt 0.004019 0.536324
vt 0.004019 0.465396
vt 0.386772 0.498965
vt 0.862075 0.434492
vt 0.929606 0.499448
vt 0.862075 0.532442
vt 0.929606 0.538813
vt 0.862075 0.527990
vt 0.862075 0.479014
vt 0.862075 0.470110
vt 0.862075 0.519085
vt 0.929606 0.479765
vt 0.862075 0.447848
vt 0.862075 0.501276
vt 0.862075 0.456753
vt 0.929606 0.558495
vt 0.019772 0.479582
vt 0.019772 0.444118
vt 0.019772 0.607252
vt 0.019772 0.578881
vt 0.019772 0.557603
vt 0.135676 0.661445
vt 0.150845 0.670260
vt 0.156439 0.666979
vt 0.103013 0.444113
vt 0.119727 0.783137
vt 0.133794 0.789381
vt 0.132112 0.800147
vt 0.965546 0.421828
vt 0.965801 0.449997
vt 0.530679 0.007649
vt 0.582542 0.001953
vt 0.965801 0.393659
vt 0.153467 0.684561
vt 0.642355 0.711506
s 1
usemtl Material.003
f 1/1/1 4/2/2 3/3/1
f 15/4/3 12/5/3 2/6/3
f 30/7/3 43/8/3 45/9/3
f 20/10/4 23/11/4 15/12/4
f 8/13/5 14/14/5 17/15/5
f 7/16/6 6/17/7 5/18/6
f 13/19/8 1/20/8 3/21/8
f 16/22/4 5/23/4 6/24/4
f 2/25/4 20/10/4 15/12/4
f 7/26/8 19/27/8 14/28/8
f 27/29/6 61/30/6 26/31/6
f 14/14/5 21/32/5 17/15/5
f 13/19/8 51/33/8 20/34/8
f 23/35/9 18/36/9 15/4/9
f 18/37/5 3/38/5 4/39/5
f 50/40/4 16/22/4 24/41/4
f 52/42/5 18/37/5 22/43/5
f 49/44/8 19/27/8 50/45/8
f 11/46/9 40/47/9 39/48/9
f 29/49/4 51/50/4 56/51/4
f 32/52/5 49/53/5 53/54/5
f 22/43/5 54/55/5 52/42/5
f 16/56/9 21/57/9 24/58/9
f 23/35/10 41/59/10 22/60/10
f 24/41/4 55/61/4 50/40/4
f 35/62/5 58/63/5 36/64/5
f 53/54/5 31/65/5 32/52/5
f 33/66/4 62/67/4 27/68/4
f 32/69/9 29/70/9 30/7/9
f 56/51/4 30/71/4 29/49/4
f 8/72/11 38/73/11 10/74/11
f 37/75/9 10/74/9 38/73/9
f 45/9/9 44/76/9 46/77/9
f 41/59/9 48/78/9 47/79/9
f 30/7/10 46/77/10 32/69/10
f 21/57/11 46/77/11 44/76/11
f 16/56/3 9/80/3 37/75/3
f 8/81/7 9/82/12 6/17/7
f 4/83/11 39/48/11 18/36/11
f 29/70/13 47/79/13 48/78/13
f 24/58/13 44/76/13 43/8/13
f 16/56/14 38/73/14 17/84/14
f 18/36/12 40/47/12 15/4/12
f 22/60/11 47/79/11 31/85/11
f 23/35/3 48/78/3 42/86/3
f 2/87/2 11/88/14 4/2/2
f 27/89/8 49/44/8 50/45/8
f 28/90/8 52/91/8 25/92/8
f 35/93/8 54/94/8 53/95/8
f 33/96/8 56/97/8 34/98/8
f 27/89/8 55/99/8 33/96/8
f 28/90/8 56/97/8 51/33/8
f 26/100/8 53/95/8 49/44/8
f 25/92/8 54/94/8 36/101/8
f 36/64/5 64/102/5 25/103/5
f 28/104/4 57/105/4 34/106/4
f 34/106/4 60/107/4 33/66/4
f 28/108/1 64/109/1 63/110/1
f 26/111/5 59/112/5 35/62/5
f 67/113/5 69/114/15 68/115/15
f 68/115/15 72/116/16 71/117/16
f 72/116/16 73/118/17 71/117/16
f 73/118/17 76/119/18 75/120/18
f 76/119/18 77/121/19 75/120/18
f 77/121/19 80/122/8 79/123/8
f 79/124/8 82/125/20 81/126/20
f 82/125/20 83/127/21 81/126/20
f 83/127/21 86/128/22 85/129/22
f 85/129/22 88/130/23 87/131/23
f 88/130/23 89/132/24 87/131/23
f 90/133/24 91/134/4 89/132/24
f 92/135/4 93/136/25 91/134/4
f 93/136/25 96/137/26 95/138/26
f 96/137/26 97/139/27 95/138/26
f 98/140/27 99/141/28 97/139/27
f 100/142/28 101/143/29 99/141/28
f 101/143/29 104/144/9 103/145/9
f 104/144/9 105/146/30 103/145/9
f 106/147/30 107/148/31 105/146/30
f 108/149/31 109/150/32 107/148/31
f 109/150/32 112/151/33 111/152/33
f 111/152/33 114/153/34 113/154/34
f 114/153/34 67/113/5 113/154/34
f 65/155/1 67/156/1 68/157/1
f 66/158/6 69/159/6 70/160/6
f 65/155/1 68/157/1 71/161/1
f 66/158/6 72/162/6 69/159/6
f 65/155/1 71/161/1 73/163/1
f 66/158/6 74/164/6 72/162/6
f 65/155/1 73/163/1 75/165/1
f 66/158/6 76/166/6 74/164/6
f 65/155/1 75/165/1 77/167/1
f 66/158/6 78/168/6 76/166/6
f 65/155/1 77/167/1 79/169/1
f 66/158/6 80/170/6 78/168/6
f 65/155/1 79/169/1 81/171/1
f 66/158/6 82/172/6 80/170/6
f 65/155/1 81/171/1 83/173/1
f 66/158/6 84/174/6 82/172/6
f 65/155/1 83/173/1 85/175/1
f 66/158/6 86/176/6 84/174/6
f 65/155/1 85/175/1 87/177/1
f 66/158/6 88/178/6 86/176/6
f 65/155/1 87/177/1 89/179/1
f 66/158/6 90/180/6 88/178/6
f 65/155/1 89/179/1 91/181/1
f 66/158/6 92/182/6 90/180/6
f 65/155/1 91/181/1 93/183/1
f 66/158/6 94/184/6 92/182/6
f 65/155/1 93/183/1 95/185/1
f 66/158/6 96/186/6 94/184/6
f 65/155/1 95/185/1 97/187/1
f 66/158/6 98/188/6 96/186/6
f 65/155/1 97/187/1 99/189/1
f 66/158/6 100/190/6 98/188/6
f 65/155/1 99/189/1 101/191/1
f 66/158/6 102/192/6 100/190/6
f 65/155/1 101/191/1 103/193/1
f 66/158/6 104/194/6 102/192/6
f 65/155/1 103/193/1 105/195/1
f 66/158/6 106/196/6 104/194/6
f 65/155/1 105/195/1 107/197/1
f 66/158/6 108/198/6 106/196/6
f 65/155/1 107/197/1 109/199/1
f 66/158/6 110/200/6 108/198/6
f 65/155/1 109/199/1 111/201/1
f 66/158/6 112/202/6 110/200/6
f 65/155/1 111/201/1 113/203/1
f 66/158/6 114/204/6 112/202/6
f 65/155/1 113/203/1 67/156/1
f 66/158/6 70/160/6 114/204/6
f 115/205/35 119/206/9 120/207/9
f 121/208/36 117/209/8 122/210/36
f 121/208/36 124/211/37 123/212/37
f 123/212/37 126/213/38 125/214/38
f 126/213/38 127/215/39 125/214/38
f 129/216/40 116/217/35 115/205/35
f 116/218/4 117/219/4 119/220/4
f 120/221/5 121/222/5 115/223/5
f 136/224/41 133/225/1 134/226/1
f 134/226/1 131/227/42 132/228/43
f 392/229/44 158/230/45 393/231/45
f 158/230/45 394/232/46 393/231/45
f 160/233/46 395/234/47 394/232/46
f 162/235/47 396/236/6 395/234/47
f 164/237/6 397/238/48 396/236/6
f 166/239/48 398/240/49 397/238/48
f 398/240/49 170/241/50 399/242/50
f 399/242/50 172/243/51 400/244/51
f 172/243/51 401/245/52 400/244/51
f 401/245/52 176/246/8 402/247/8
f 402/247/8 178/248/53 403/249/54
f 403/249/54 178/248/53 180/250/55
f 667/251/56 186/252/57 188/253/58
f 668/254/59 188/253/58 190/255/60
f 152/256/9 154/257/61 391/258/62
f 154/257/61 392/229/44 391/258/62
f 152/259/63 153/260/64 154/261/64
f 154/261/64 155/262/65 156/263/65
f 156/263/65 157/264/66 158/265/66
f 160/266/67 157/264/66 159/267/67
f 162/268/68 159/267/67 161/269/68
f 162/268/68 163/270/69 164/271/69
f 164/271/69 165/272/70 166/273/70
f 168/274/71 165/272/70 167/275/71
f 170/276/72 167/275/71 169/277/72
f 172/278/73 169/277/72 171/279/73
f 172/278/73 173/280/74 174/281/74
f 174/281/74 175/282/75 176/283/75
f 176/283/75 177/284/76 178/285/76
f 180/286/77 177/284/76 179/287/77
f 180/286/77 181/288/78 182/289/79
f 182/290/79 183/291/80 184/292/81
f 186/293/82 183/291/80 185/294/82
f 188/295/83 185/294/82 187/296/84
f 188/295/83 189/297/85 190/298/86
f 190/298/86 191/299/87 192/300/88
f 194/301/89 191/299/87 193/302/90
f 194/301/89 195/303/91 196/304/91
f 196/304/91 197/305/92 198/306/92
f 152/259/63 197/305/92 151/307/63
f 335/308/93 238/309/4 332/310/94
f 151/311/4 199/312/4 153/313/4
f 151/311/4 201/314/4 200/315/4
f 197/316/4 202/317/4 201/314/4
f 195/318/4 203/319/4 202/317/4
f 191/320/4 203/319/4 193/321/4
f 191/320/4 205/322/4 204/323/4
f 189/324/4 206/325/4 205/322/4
f 185/326/4 206/325/4 187/327/4
f 183/328/4 207/329/4 185/326/4
f 183/328/4 209/330/4 208/331/4
f 181/332/4 210/333/4 209/334/4
f 179/335/4 211/336/4 210/333/4
f 175/337/4 211/336/4 177/338/4
f 175/337/4 213/339/4 212/340/4
f 173/341/4 214/342/4 213/339/4
f 169/343/4 214/342/4 171/344/4
f 169/343/4 216/345/4 215/346/4
f 165/347/4 216/345/4 167/348/4
f 165/347/4 218/349/4 217/350/4
f 161/351/4 218/349/4 163/352/4
f 159/353/4 219/354/4 161/351/4
f 157/355/4 220/356/4 159/353/4
f 157/355/4 222/357/4 221/358/4
f 153/313/4 222/357/4 155/359/4
f 314/360/95 231/361/4 311/362/96
f 296/363/97 225/364/4 293/365/98
f 353/366/99 246/367/4 245/368/4
f 338/369/100 239/370/4 335/308/93
f 317/371/101 232/372/4 314/360/95
f 289/373/102 223/374/4 246/367/4
f 338/369/100 241/375/4 240/376/4
f 317/377/101 234/378/4 233/379/4
f 296/363/97 227/380/4 226/381/4
f 344/382/103 241/375/4 341/383/104
f 320/384/105 235/385/4 234/378/4
f 299/386/106 228/387/4 227/380/4
f 344/382/103 243/388/4 242/389/4
f 323/390/107 236/391/4 235/385/4
f 305/392/108 228/387/4 302/393/109
f 350/394/110 243/388/4 347/395/111
f 329/396/112 236/391/4 326/397/113
f 308/398/114 229/399/4 305/392/108
f 353/366/99 244/400/4 350/394/110
f 329/396/112 238/309/4 237/401/4
f 311/362/96 230/402/4 308/398/114
f 293/365/98 224/403/4 284/404/115
f 200/405/9 287/406/116 199/407/61
f 201/408/117 283/409/118 200/405/9
f 201/408/117 295/410/119 292/411/120
f 202/412/121 298/413/122 295/410/119
f 203/414/123 301/415/124 298/413/122
f 205/416/125 301/415/124 204/417/126
f 205/416/125 307/418/127 304/419/128
f 207/420/129 307/418/127 206/421/1
f 207/420/129 313/422/130 310/423/131
f 209/424/38 313/422/130 208/425/132
f 210/426/55 316/427/133 209/428/38
f 210/426/55 322/429/134 319/430/135
f 212/431/8 322/429/134 211/432/53
f 212/431/8 328/433/136 325/434/137
f 214/435/51 328/433/136 213/436/52
f 214/435/51 334/437/138 331/438/139
f 216/439/49 334/437/138 215/440/50
f 216/439/49 340/441/140 337/442/141
f 217/443/48 343/444/142 340/441/140
f 218/445/6 346/446/143 343/444/142
f 219/447/47 349/448/144 346/446/143
f 221/449/45 349/448/144 220/450/46
f 221/449/45 290/451/145 352/452/146
f 222/453/44 287/406/116 290/451/145
f 233/454/45 259/455/44 258/456/45
f 382/457/147 279/458/50 280/459/48
f 233/460/45 257/461/46 232/462/46
f 358/463/148 273/464/123 361/465/149
f 245/466/38 249/467/55 270/468/38
f 379/469/150 278/470/52 279/458/50
f 232/462/46 256/471/47 231/472/47
f 244/473/132 270/468/38 269/474/132
f 231/472/47 255/475/6 230/476/6
f 380/477/151 383/478/152 701/479/4
f 244/473/132 268/480/129 243/481/129
f 376/482/153 277/483/53 278/470/52
f 229/484/48 255/475/6 254/485/48
f 243/481/129 267/486/1 242/487/1
f 228/488/49 254/485/48 253/489/49
f 241/490/125 267/486/1 266/491/125
f 373/492/154 276/493/38 277/483/53
f 228/488/49 252/494/50 227/495/50
f 247/496/4 271/497/4 248/498/4
f 247/496/4 250/499/4 272/500/4
f 251/501/4 272/500/4 250/499/4
f 251/501/4 252/502/4 273/503/4
f 252/502/4 253/504/4 273/503/4
f 253/504/4 274/505/4 273/503/4
f 254/506/4 255/507/4 274/505/4
f 255/507/4 275/508/4 274/505/4
f 256/509/4 257/510/4 275/508/4
f 257/510/4 276/511/4 275/508/4
f 258/512/4 259/513/4 276/511/4
f 259/513/4 277/514/4 276/511/4
f 260/515/4 261/516/4 277/514/4
f 261/516/4 278/517/4 277/514/4
f 262/518/4 263/519/4 278/517/4
f 263/519/4 279/520/4 278/517/4
f 265/521/4 279/520/4 264/522/4
f 265/521/4 266/523/4 280/524/4
f 267/525/4 280/524/4 266/523/4
f 267/525/4 268/526/4 281/527/4
f 269/528/4 281/527/4 268/526/4
f 269/528/4 270/529/4 282/530/4
f 249/531/4 282/530/4 270/529/4
f 249/531/4 248/498/4 271/497/4
f 235/532/61 259/455/44 234/533/44
f 382/457/147 281/534/47 385/535/155
f 361/465/149 274/536/125 364/537/156
f 236/538/9 260/539/61 235/532/61
f 224/540/8 248/541/53 223/542/53
f 237/543/117 261/544/9 236/538/9
f 385/535/155 282/545/45 388/546/157
f 246/547/55 248/541/53 249/467/55
f 367/548/158 274/536/125 275/549/129
f 237/543/117 263/550/121 262/551/117
f 224/540/8 250/552/52 247/553/8
f 239/554/123 263/550/121 238/555/121
f 356/556/159 282/545/45 271/557/61
f 225/558/52 251/559/51 250/552/52
f 367/548/158 276/560/38 370/561/160
f 240/562/126 264/563/123 239/554/123
f 227/495/50 251/559/51 226/564/51
f 240/562/126 266/491/125 265/565/126
f 284/404/115 288/566/161 285/567/162
f 288/568/163 283/409/118 285/569/164
f 289/373/102 288/566/161 286/570/165
f 291/571/166 287/406/116 288/568/163
f 293/365/98 285/567/162 294/572/167
f 285/569/164 292/411/120 294/573/168
f 296/363/97 294/572/167 297/574/169
f 294/573/168 295/410/119 297/575/170
f 296/363/97 300/576/171 299/386/106
f 297/575/170 298/413/122 300/577/172
f 299/386/106 303/578/173 302/393/109
f 303/579/174 298/413/122 301/415/124
f 305/392/108 303/578/173 306/580/175
f 303/579/174 304/419/128 306/581/176
f 308/398/114 306/580/175 309/582/177
f 306/581/176 307/418/127 309/583/178
f 308/398/114 312/584/179 311/362/96
f 312/585/180 307/418/127 310/423/131
f 311/362/96 315/586/181 314/360/95
f 315/587/182 310/423/131 313/422/130
f 314/360/95 318/588/183 317/371/101
f 318/589/184 313/422/130 316/590/133
f 317/377/101 321/591/185 320/384/105
f 318/592/184 319/430/135 321/593/186
f 323/390/107 321/591/185 324/594/187
f 321/593/186 322/429/134 324/595/188
f 326/397/113 324/594/187 327/596/189
f 327/597/190 322/429/134 325/434/137
f 326/397/113 330/598/191 329/396/112
f 330/599/192 325/434/137 328/433/136
f 329/396/112 333/600/193 332/310/94
f 333/601/194 328/433/136 331/438/139
f 332/310/94 336/602/195 335/308/93
f 336/603/196 331/438/139 334/437/138
f 335/308/93 339/604/197 338/369/100
f 336/603/196 337/442/141 339/605/198
f 341/383/104 339/604/197 342/606/199
f 339/605/198 340/441/140 342/607/200
f 344/382/103 342/606/199 345/608/201
f 342/607/200 343/444/142 345/609/202
f 344/382/103 348/610/203 347/395/111
f 348/611/204 343/444/142 346/446/143
f 347/395/111 351/612/205 350/394/110
f 351/613/206 346/446/143 349/448/144
f 353/366/99 351/612/205 354/614/207
f 351/613/206 352/452/146 354/615/208
f 353/366/99 291/616/209 289/373/102
f 291/571/166 352/452/146 290/451/145
f 286/570/165 224/403/4 223/374/4
f 359/617/210 357/618/161 360/619/167
f 360/620/168 356/556/159 358/463/148
f 362/621/211 360/619/167 363/622/171
f 363/623/212 358/463/148 361/465/149
f 365/624/213 363/622/171 366/625/175
f 363/623/212 364/537/156 366/626/176
f 368/627/214 366/625/175 369/628/179
f 366/626/176 367/548/158 369/629/180
f 371/630/215 369/628/179 372/631/183
f 369/629/180 370/561/160 372/632/184
f 371/630/215 375/633/187 374/634/216
f 375/635/188 370/636/160 373/492/154
f 374/634/216 378/637/191 377/638/217
f 375/635/188 376/482/153 378/639/192
f 380/477/151 378/637/191 381/640/195
f 378/639/192 379/469/150 381/641/196
f 380/477/151 384/642/199 383/478/152
f 384/643/200 379/469/150 382/457/147
f 383/478/152 387/644/218 386/645/219
f 384/643/200 385/535/155 387/646/204
f 389/647/220 387/644/218 390/648/207
f 387/646/204 388/546/157 390/649/208
f 389/647/220 357/618/161 355/650/221
f 357/651/163 388/546/157 356/556/159
f 356/556/159 272/652/117 358/463/148
f 450/653/121 194/654/222 196/655/121
f 448/656/223 446/657/224 150/658/225
f 194/654/222 448/656/223 150/658/225
f 663/659/226 446/657/224 444/660/227
f 664/661/228 438/662/229 149/663/230
f 434/664/55 182/665/231 436/666/232
f 434/664/55 403/667/54 180/668/55
f 149/663/230 436/669/232 182/670/231
f 403/671/233 698/672/234 693/673/234
f 392/674/5 400/675/5 401/676/5
f 656/677/4 698/678/4 657/679/4
f 392/674/5 393/680/5 394/681/5
f 398/682/5 399/683/5 392/674/5
f 399/683/5 400/675/5 392/674/5
f 401/676/5 402/684/5 392/674/5
f 656/677/4 655/685/4 646/686/4
f 647/687/45 410/688/44 646/689/44
f 648/690/46 412/691/45 647/687/45
f 649/692/47 414/693/46 648/690/46
f 650/694/6 416/695/47 649/692/47
f 651/696/48 418/697/6 650/694/6
f 652/698/49 420/699/48 651/696/48
f 653/700/50 422/701/49 652/698/49
f 654/702/51 424/703/50 653/700/50
f 655/704/52 426/705/51 654/702/51
f 655/704/52 430/706/8 428/707/52
f 656/708/8 432/709/53 430/706/8
f 657/710/54 434/711/55 432/709/53
f 664/661/228 442/712/235 440/713/236
f 406/714/9 645/715/62 408/716/61
f 646/689/44 408/716/61 645/715/62
f 408/717/237 405/718/238 406/719/238
f 409/720/239 408/717/237 410/721/239
f 412/722/240 409/720/239 410/721/239
f 414/723/241 411/724/240 412/722/240
f 416/725/242 413/726/241 414/723/241
f 417/727/243 416/725/242 418/728/243
f 420/729/244 417/727/243 418/728/243
f 421/730/245 420/729/244 422/731/245
f 423/732/246 422/731/245 424/733/246
f 426/734/247 423/732/246 424/733/246
f 428/735/248 425/736/247 426/734/247
f 429/737/249 428/735/248 430/738/249
f 432/739/250 429/737/249 430/738/249
f 434/740/251 431/741/250 432/739/250
f 436/742/252 433/743/251 434/740/251
f 437/744/253 436/745/252 438/746/254
f 440/747/255 437/744/253 438/746/254
f 442/748/256 439/749/257 440/747/255
f 443/750/258 442/748/256 444/751/259
f 445/752/260 444/751/259 446/753/261
f 448/754/262 445/752/260 446/753/261
f 449/755/263 448/754/262 450/756/263
f 452/757/264 449/755/263 450/756/263
f 406/719/238 451/758/264 452/757/264
f 492/759/5 589/760/265 586/761/266
f 407/762/5 454/763/5 405/764/5
f 454/763/5 451/765/5 405/764/5
f 451/765/5 456/766/5 449/767/5
f 449/767/5 457/768/5 447/769/5
f 457/768/5 445/770/5 447/769/5
f 445/770/5 459/771/5 443/772/5
f 443/772/5 460/773/5 441/774/5
f 460/773/5 439/775/5 441/774/5
f 461/776/5 437/777/5 439/775/5
f 437/777/5 463/778/5 435/779/5
f 463/780/5 433/781/5 435/782/5
f 464/783/5 431/784/5 433/781/5
f 465/785/5 429/786/5 431/784/5
f 466/787/5 427/788/5 429/786/5
f 467/789/5 425/790/5 427/788/5
f 468/791/5 423/792/5 425/790/5
f 423/792/5 470/793/5 421/794/5
f 470/793/5 419/795/5 421/794/5
f 471/796/5 417/797/5 419/795/5
f 417/797/5 473/798/5 415/799/5
f 415/799/5 474/800/5 413/801/5
f 474/800/5 411/802/5 413/801/5
f 475/803/5 409/804/5 411/802/5
f 409/804/5 453/805/5 407/762/5
f 485/806/5 568/807/267 565/808/268
f 479/809/5 550/810/269 547/811/270
f 499/812/5 543/813/271 607/814/272
f 589/760/265 494/815/5 592/816/273
f 568/807/267 487/817/5 571/818/274
f 543/813/271 477/819/5 540/820/275
f 494/815/5 595/821/276 592/816/273
f 487/822/5 574/823/277 571/824/274
f 550/810/269 481/825/5 553/826/278
f 495/827/5 598/828/279 595/821/276
f 488/829/5 577/830/280 574/823/277
f 553/826/278 482/831/5 556/832/281
f 598/828/279 497/833/5 601/834/282
f 577/830/280 490/835/5 580/836/283
f 556/832/281 483/837/5 559/838/284
f 497/833/5 604/839/285 601/834/282
f 580/836/283 491/840/5 583/841/286
f 483/837/5 562/842/287 559/838/284
f 604/839/285 499/812/5 607/814/272
f 491/840/5 586/761/266 583/841/286
f 562/842/287 485/806/5 565/808/268
f 478/843/5 547/811/270 538/844/288
f 541/845/289 454/846/9 453/847/61
f 537/848/290 455/849/117 454/846/9
f 455/849/117 549/850/291 456/851/121
f 549/850/291 457/852/123 456/851/121
f 457/852/123 555/853/292 458/854/126
f 458/854/126 558/855/293 459/856/125
f 558/855/293 460/857/1 459/856/125
f 561/858/294 461/859/129 460/857/1
f 564/860/295 462/861/132 461/859/129
f 462/861/132 570/862/296 463/863/38
f 570/864/296 464/865/55 463/866/38
f 573/867/297 465/868/53 464/865/55
f 576/869/298 466/870/8 465/868/53
f 579/871/299 467/872/52 466/870/8
f 467/872/52 585/873/300 468/874/51
f 585/873/300 469/875/50 468/874/51
f 469/875/50 591/876/301 470/877/49
f 591/876/301 471/878/48 470/877/49
f 471/878/48 597/879/302 472/880/6
f 597/879/302 473/881/47 472/880/6
f 473/881/47 603/882/303 474/883/46
f 603/882/303 475/884/45 474/883/46
f 475/884/45 544/885/304 476/886/44
f 476/886/44 541/845/289 453/847/61
f 512/887/45 488/888/44 487/889/45
f 534/890/48 633/891/305 636/892/306
f 486/893/46 512/894/45 487/895/45
f 616/896/307 526/897/308 612/898/309
f 499/899/38 503/900/55 500/901/55
f 633/891/305 532/902/52 630/903/310
f 498/904/132 524/905/38 499/899/38
f 522/906/129 498/904/132 497/907/129
f 532/902/52 627/908/311 630/903/310
f 496/909/1 522/906/129 497/907/129
f 507/910/49 483/911/312 482/912/49
f 520/913/125 496/909/1 495/914/125
f 531/915/53 624/916/313 627/908/311
f 481/917/50 507/910/49 482/912/49
f 525/918/5 501/919/5 502/920/5
f 501/919/5 526/921/5 504/922/5
f 526/921/5 505/923/5 504/922/5
f 505/923/5 527/924/5 506/925/5
f 506/925/5 527/924/5 507/926/5
f 507/926/5 528/927/5 508/928/5
f 508/928/5 528/927/5 509/929/5
f 509/929/5 529/930/5 510/931/5
f 510/931/5 529/930/5 511/932/5
f 511/932/5 530/933/5 512/934/5
f 512/934/5 530/933/5 513/935/5
f 513/935/5 531/936/5 514/937/5
f 514/937/5 531/936/5 515/938/5
f 515/938/5 532/939/5 516/940/5
f 516/940/5 532/939/5 517/941/5
f 517/941/5 533/942/5 518/943/5
f 533/942/5 519/944/5 518/943/5
f 519/944/5 534/945/5 520/946/5
f 534/945/5 521/947/5 520/946/5
f 521/947/5 535/948/5 522/949/5
f 535/948/5 523/950/5 522/949/5
f 523/950/5 536/951/5 524/952/5
f 536/951/5 503/953/5 524/952/5
f 503/953/5 525/918/5 502/920/5
f 488/888/44 514/954/61 489/955/61
f 535/956/47 636/892/306 639/957/314
f 528/958/125 616/896/307 618/959/315
f 514/954/61 490/960/9 489/955/61
f 502/961/53 478/962/8 477/963/53
f 515/964/9 491/965/117 490/960/9
f 536/966/45 639/957/314 642/967/316
f 503/900/55 477/963/53 500/901/55
f 529/968/129 618/959/315 621/969/317
f 491/965/117 517/970/121 492/971/121
f 501/972/8 479/973/52 478/962/8
f 517/970/121 493/974/123 492/971/121
f 525/975/318 642/967/316 610/976/319
f 479/973/52 505/977/51 480/978/51
f 624/979/313 529/968/129 621/969/317
f 493/974/123 519/980/126 494/981/126
f 480/978/51 506/982/50 481/917/50
f 519/980/126 495/914/125 494/981/126
f 539/983/320 540/820/275 538/844/288
f 537/848/290 542/984/321 539/985/322
f 542/986/323 543/813/271 540/820/275
f 542/984/321 544/885/304 545/987/324
f 548/988/325 538/844/288 547/811/270
f 548/989/326 537/848/290 539/985/322
f 551/990/327 547/811/270 550/810/269
f 551/991/328 546/992/329 548/989/326
f 554/993/330 550/810/269 553/826/278
f 552/994/331 551/991/328 554/995/332
f 556/832/281 554/993/330 553/826/278
f 555/853/292 554/995/332 557/996/333
f 560/997/334 556/832/281 559/838/284
f 560/998/335 555/853/292 557/996/333
f 563/999/336 559/838/284 562/842/287
f 563/1000/337 558/855/293 560/998/335
f 565/808/268 563/999/336 562/842/287
f 566/1001/338 561/858/294 563/1000/337
f 568/807/267 566/1002/339 565/808/268
f 569/1003/340 564/860/295 566/1001/338
f 571/818/274 569/1004/341 568/807/267
f 570/862/296 569/1003/340 572/1005/342
f 574/823/277 572/1006/343 571/824/274
f 573/867/297 572/1007/342 575/1008/344
f 578/1009/345 574/823/277 577/830/280
f 578/1010/346 573/867/297 575/1008/344
f 581/1011/347 577/830/280 580/836/283
f 581/1012/348 576/869/298 578/1010/346
f 583/841/286 581/1011/347 580/836/283
f 584/1013/349 579/871/299 581/1012/348
f 586/761/266 584/1014/350 583/841/286
f 587/1015/351 582/1016/352 584/1013/349
f 590/1017/353 586/761/266 589/760/265
f 590/1018/354 585/873/300 587/1015/351
f 592/816/273 590/1017/353 589/760/265
f 593/1019/355 588/1020/356 590/1018/354
f 595/821/276 593/1021/357 592/816/273
f 594/1022/358 593/1019/355 596/1023/359
f 599/1024/360 595/821/276 598/828/279
f 599/1025/361 594/1022/358 596/1023/359
f 602/1026/362 598/828/279 601/834/282
f 602/1027/363 597/879/302 599/1025/361
f 605/1028/364 601/834/282 604/839/285
f 605/1029/365 600/1030/366 602/1027/363
f 608/1031/367 604/839/285 607/814/272
f 606/1032/368 605/1029/365 608/1033/369
f 545/1034/370 607/814/272 543/813/271
f 544/885/304 608/1033/369 545/987/324
f 540/820/275 478/843/5 538/844/288
f 613/1035/371 611/1036/372 609/1037/373
f 612/898/309 611/1038/321 614/1039/326
f 615/1040/374 614/1041/375 613/1035/371
f 616/896/307 614/1039/326 617/1042/332
f 620/1043/376 615/1040/374 619/1044/377
f 620/1045/335 616/896/307 617/1042/332
f 623/1046/339 619/1044/377 622/1047/378
f 623/1048/338 618/959/315 620/1045/335
f 625/1049/379 623/1046/339 622/1047/378
f 626/1050/342 621/969/317 623/1048/338
f 628/1051/380 626/1052/343 625/1049/379
f 627/908/311 626/1053/342 629/1054/346
f 632/1055/350 628/1051/380 631/1056/381
f 630/903/310 629/1054/346 632/1057/349
f 635/1058/353 631/1056/381 634/1059/382
f 633/891/305 632/1057/349 635/1060/383
f 638/1061/384 634/1059/382 637/1062/385
f 636/892/306 635/1060/383 638/1063/359
f 640/1064/386 638/1061/384 637/1062/385
f 639/957/314 638/1063/359 641/1065/363
f 643/1066/387 641/1067/362 640/1064/386
f 642/967/316 641/1065/363 644/1068/369
f 609/1037/373 644/1069/367 643/1066/387
f 610/976/319 644/1068/369 611/1038/321
f 192/1070/388 194/654/222 150/658/225
f 668/254/59 192/1070/388 150/658/225
f 184/1071/389 667/251/56 149/663/230
f 184/1071/389 149/663/230 182/670/231
f 646/686/4 655/685/4 654/1072/4
f 646/686/4 648/1073/4 647/1074/4
f 650/1075/4 649/1076/4 646/686/4
f 652/1077/4 646/686/4 653/1078/4
f 653/1078/4 646/686/4 654/1072/4
f 391/1079/62 406/1080/9 152/1081/9
f 667/251/56 674/1082/390 149/663/230
f 674/1082/390 672/1083/391 149/663/230
f 672/1083/391 664/661/228 149/663/230
f 663/659/226 671/1084/392 150/658/225
f 671/1084/392 673/1085/393 150/658/225
f 673/1085/393 668/254/59 150/658/225
f 663/659/226 444/660/227 442/712/235
f 452/1086/117 196/655/121 198/1087/117
f 663/1088/394 685/1089/395 671/1090/396
f 673/1091/397 685/1089/395 684/1092/398
f 668/1093/399 684/1092/398 688/1094/400
f 669/1095/401 687/1096/402 667/1097/403
f 670/1098/404 675/1099/405 669/1095/401
f 665/1100/406 692/1101/407 663/1088/394
f 670/1098/404 688/1094/400 676/1102/408
f 667/1097/403 686/1103/409 674/1104/410
f 664/1105/411 682/1106/412 681/1107/413
f 663/659/226 442/712/235 665/1108/414
f 665/1108/414 442/712/235 666/1109/415
f 666/1109/415 442/712/235 664/661/228
f 188/253/58 668/254/59 670/1110/416
f 188/253/58 670/1110/416 669/1111/417
f 188/253/58 669/1111/417 667/251/56
f 666/1112/418 691/1113/419 665/1100/406
f 666/1112/418 681/1107/413 683/1114/420
f 672/1115/421 686/1103/409 682/1106/412
f 678/1116/422 681/1117/423 682/1118/424
f 677/1119/425 684/1120/426 685/1121/427
f 679/1122/428 688/1123/429 684/1120/426
f 404/1124/430 676/1125/431 688/1123/432
f 680/1126/433 682/1118/424 686/1127/434
f 660/1128/435 692/1129/436 691/1130/437
f 662/1131/438 685/1121/427 692/1129/436
f 139/1132/439 658/1133/440 140/1134/441
f 140/1134/441 689/1135/442 141/1136/443
f 141/1136/443 690/1137/444 142/1138/445
f 690/1137/444 143/1139/446 142/1138/445
f 404/1140/447 144/1141/448 143/1139/446
f 679/1142/449 145/1143/450 144/1144/451
f 145/1145/450 662/1146/452 146/1147/453
f 146/1148/453 660/1149/454 147/1150/455
f 147/1150/455 659/1151/456 148/1152/457
f 659/1151/456 137/1153/458 148/1152/457
f 661/1154/459 138/1155/460 137/1153/458
f 678/1156/461 139/1132/439 138/1155/460
f 406/1080/9 198/1087/117 152/1081/9
f 402/684/5 693/1157/5 392/674/5
f 693/1157/5 695/1158/5 392/674/5
f 699/1159/4 700/1160/4 646/686/4
f 700/1160/4 698/678/4 646/686/4
f 696/1161/462 700/1162/463 699/1163/462
f 695/1164/463 698/672/234 700/1162/463
f 697/1165/464 391/1166/465 694/1167/464
f 149/663/230 438/662/229 436/669/232
f 377/638/217 380/477/151 701/479/4
f 374/634/216 377/638/217 701/479/4
f 371/630/215 374/634/216 701/479/4
f 359/617/210 362/621/211 701/479/4
f 368/627/214 371/630/215 701/479/4
f 365/624/213 368/627/214 701/479/4
f 389/647/220 355/650/221 701/479/4
f 362/621/211 365/624/213 701/479/4
f 386/645/219 389/647/220 701/479/4
f 355/650/221 359/617/210 701/479/4
f 383/478/152 386/645/219 701/479/4
f 631/1056/381 628/1051/380 702/1168/5
f 628/1051/380 625/1049/379 702/1168/5
f 625/1049/379 622/1047/378 702/1168/5
f 622/1047/378 619/1044/377 702/1168/5
f 609/1037/373 643/1066/387 702/1168/5
f 619/1044/377 615/1040/374 702/1168/5
f 643/1066/387 640/1064/386 702/1168/5
f 640/1064/386 637/1062/385 702/1168/5
f 613/1035/371 609/1037/373 702/1168/5
f 637/1062/385 634/1059/382 702/1168/5
f 615/1040/374 613/1035/371 702/1168/5
f 634/1059/382 631/1056/381 702/1168/5
f 1/1/1 2/87/2 4/2/2
f 15/4/3 40/47/3 12/5/3
f 30/7/3 24/58/3 43/8/3
f 20/10/4 51/50/4 23/11/4
f 8/13/5 7/1169/5 14/14/5
f 7/16/6 8/81/7 6/17/7
f 13/19/8 20/34/8 1/20/8
f 16/22/4 19/1170/4 5/23/4
f 2/25/4 1/1171/4 20/10/4
f 7/26/8 5/1172/8 19/27/8
f 27/29/6 62/1173/6 61/30/6
f 14/14/5 49/53/5 21/32/5
f 13/19/8 52/91/8 51/33/8
f 23/35/9 22/60/9 18/36/9
f 18/37/5 13/1174/5 3/38/5
f 50/40/4 19/1170/4 16/22/4
f 52/42/5 13/1174/5 18/37/5
f 49/44/8 14/28/8 19/27/8
f 11/46/9 12/5/9 40/47/9
f 29/49/4 23/11/4 51/50/4
f 32/52/5 21/32/5 49/53/5
f 22/43/5 31/65/5 54/55/5
f 16/56/9 17/84/9 21/57/9
f 23/35/10 42/86/10 41/59/10
f 24/41/4 30/71/4 55/61/4
f 35/62/5 59/112/5 58/63/5
f 53/54/5 54/55/5 31/65/5
f 33/66/4 60/107/4 62/67/4
f 32/69/9 31/85/9 29/70/9
f 56/51/4 55/61/4 30/71/4
f 8/72/11 17/84/11 38/73/11
f 37/75/9 9/80/9 10/74/9
f 45/9/9 43/8/9 44/76/9
f 41/59/9 42/86/9 48/78/9
f 30/7/10 45/9/10 46/77/10
f 21/57/11 32/69/11 46/77/11
f 16/56/3 6/1175/3 9/80/3
f 8/81/7 10/1176/12 9/82/12
f 4/83/11 11/46/11 39/48/11
f 29/70/13 31/85/13 47/79/13
f 24/58/13 21/57/13 44/76/13
f 16/56/14 37/75/14 38/73/14
f 18/36/12 39/48/12 40/47/12
f 22/60/11 41/59/11 47/79/11
f 23/35/3 29/70/3 48/78/3
f 2/87/2 12/1177/14 11/88/14
f 27/89/8 26/100/8 49/44/8
f 28/90/8 51/33/8 52/91/8
f 35/93/8 36/101/8 54/94/8
f 33/96/8 55/99/8 56/97/8
f 27/89/8 50/45/8 55/99/8
f 28/90/8 34/98/8 56/97/8
f 26/100/8 35/93/8 53/95/8
f 25/92/8 52/91/8 54/94/8
f 36/64/5 58/63/5 64/102/5
f 28/104/4 63/1178/4 57/105/4
f 34/106/4 57/105/4 60/107/4
f 28/108/1 25/1179/1 64/109/1
f 26/111/5 61/1180/5 59/112/5
f 67/113/5 70/1181/5 69/114/15
f 68/115/15 69/114/15 72/116/16
f 72/116/16 74/1182/17 73/118/17
f 73/118/17 74/1182/17 76/119/18
f 76/119/18 78/1183/19 77/121/19
f 77/121/19 78/1183/19 80/122/8
f 79/124/8 80/1184/8 82/125/20
f 82/125/20 84/1185/21 83/127/21
f 83/127/21 84/1185/21 86/128/22
f 85/129/22 86/128/22 88/130/23
f 88/130/23 90/133/24 89/132/24
f 90/133/24 92/135/4 91/134/4
f 92/135/4 94/1186/25 93/136/25
f 93/136/25 94/1186/25 96/137/26
f 96/137/26 98/140/27 97/139/27
f 98/140/27 100/142/28 99/141/28
f 100/142/28 102/1187/29 101/143/29
f 101/143/29 102/1187/29 104/144/9
f 104/144/9 106/147/30 105/146/30
f 106/147/30 108/149/31 107/148/31
f 108/149/31 110/1188/32 109/150/32
f 109/150/32 110/1188/32 112/151/33
f 111/152/33 112/151/33 114/153/34
f 114/153/34 70/1181/5 67/113/5
f 115/205/35 116/217/35 119/206/9
f 121/208/466 118/1189/8 117/209/8
f 121/208/36 122/210/36 124/211/37
f 123/212/37 124/211/37 126/213/38
f 126/213/38 128/1190/467 127/215/39
f 129/216/40 130/1191/40 116/217/35
f 116/218/4 122/1192/4 117/219/4
f 120/221/5 118/1193/5 121/222/5
f 136/224/41 135/1194/41 133/225/1
f 134/226/1 133/225/1 131/227/42
f 392/229/44 156/1195/44 158/230/45
f 158/230/45 160/233/46 394/232/46
f 160/233/46 162/235/47 395/234/47
f 162/235/47 164/237/6 396/236/6
f 164/237/6 166/239/48 397/238/48
f 166/239/48 168/1196/49 398/240/49
f 398/240/49 168/1196/49 170/241/50
f 399/242/50 170/241/50 172/243/51
f 172/243/51 174/1197/52 401/245/52
f 401/245/52 174/1197/52 176/246/8
f 402/247/8 176/246/8 178/248/53
f 154/257/61 156/1195/44 392/229/44
f 152/259/63 151/307/63 153/260/64
f 154/261/64 153/260/64 155/262/65
f 156/263/65 155/262/65 157/264/66
f 160/266/67 158/265/66 157/264/66
f 162/268/68 160/266/67 159/267/67
f 162/268/68 161/269/68 163/270/69
f 164/271/69 163/270/69 165/272/70
f 168/274/71 166/273/70 165/272/70
f 170/276/72 168/274/71 167/275/71
f 172/278/73 170/276/72 169/277/72
f 172/278/73 171/279/73 173/280/74
f 174/281/74 173/280/74 175/282/75
f 176/283/75 175/282/75 177/284/76
f 180/286/77 178/285/76 177/284/76
f 180/286/77 179/287/77 181/288/78
f 182/290/79 181/1198/78 183/291/80
f 186/293/82 184/292/81 183/291/80
f 188/295/83 186/293/82 185/294/82
f 188/295/83 187/296/84 189/297/85
f 190/298/86 189/297/85 191/299/87
f 194/301/89 192/300/88 191/299/87
f 194/301/89 193/302/90 195/303/91
f 196/304/91 195/303/91 197/305/92
f 152/259/63 198/306/92 197/305/92
f 335/308/93 239/370/4 238/309/4
f 151/311/4 200/315/4 199/312/4
f 151/311/4 197/316/4 201/314/4
f 197/316/4 195/318/4 202/317/4
f 195/318/4 193/321/4 203/319/4
f 191/320/4 204/323/4 203/319/4
f 191/320/4 189/324/4 205/322/4
f 189/324/4 187/327/4 206/325/4
f 185/326/4 207/329/4 206/325/4
f 183/328/4 208/331/4 207/329/4
f 183/328/4 181/1199/4 209/330/4
f 181/332/4 179/335/4 210/333/4
f 179/335/4 177/338/4 211/336/4
f 175/337/4 212/340/4 211/336/4
f 175/337/4 173/341/4 213/339/4
f 173/341/4 171/344/4 214/342/4
f 169/343/4 215/346/4 214/342/4
f 169/343/4 167/348/4 216/345/4
f 165/347/4 217/350/4 216/345/4
f 165/347/4 163/352/4 218/349/4
f 161/351/4 219/354/4 218/349/4
f 159/353/4 220/356/4 219/354/4
f 157/355/4 221/358/4 220/356/4
f 157/355/4 155/359/4 222/357/4
f 153/313/4 199/312/4 222/357/4
f 314/360/95 232/372/4 231/361/4
f 296/363/97 226/381/4 225/364/4
f 353/366/99 289/373/102 246/367/4
f 338/369/100 240/376/4 239/370/4
f 317/371/101 233/1200/4 232/372/4
f 289/373/102 286/570/165 223/374/4
f 338/369/100 341/383/104 241/375/4
f 317/377/101 320/384/105 234/378/4
f 296/363/97 299/386/106 227/380/4
f 344/382/103 242/389/4 241/375/4
f 320/384/105 323/390/107 235/385/4
f 299/386/106 302/393/109 228/387/4
f 344/382/103 347/395/111 243/388/4
f 323/390/107 326/397/113 236/391/4
f 305/392/108 229/399/4 228/387/4
f 350/394/110 244/400/4 243/388/4
f 329/396/112 237/401/4 236/391/4
f 308/398/114 230/402/4 229/399/4
f 353/366/99 245/368/4 244/400/4
f 329/396/112 332/310/94 238/309/4
f 311/362/96 231/361/4 230/402/4
f 293/365/98 225/364/4 224/403/4
f 200/405/9 283/409/118 287/406/116
f 201/408/117 292/411/120 283/409/118
f 201/408/117 202/412/121 295/410/119
f 202/412/121 203/414/123 298/413/122
f 203/414/123 204/417/126 301/415/124
f 205/416/125 304/419/128 301/415/124
f 205/416/125 206/421/1 307/418/127
f 207/420/129 310/423/131 307/418/127
f 207/420/129 208/425/132 313/422/130
f 209/424/38 316/590/133 313/422/130
f 210/426/55 319/430/135 316/427/133
f 210/426/55 211/432/53 322/429/134
f 212/431/8 325/434/137 322/429/134
f 212/431/8 213/436/52 328/433/136
f 214/435/51 331/438/139 328/433/136
f 214/435/51 215/440/50 334/437/138
f 216/439/49 337/442/141 334/437/138
f 216/439/49 217/443/48 340/441/140
f 217/443/48 218/445/6 343/444/142
f 218/445/6 219/447/47 346/446/143
f 219/447/47 220/450/46 349/448/144
f 221/449/45 352/452/146 349/448/144
f 221/449/45 222/453/44 290/451/145
f 222/453/44 199/407/61 287/406/116
f 233/454/45 234/533/44 259/455/44
f 382/457/147 379/469/150 279/458/50
f 233/460/45 258/1201/45 257/461/46
f 358/463/148 272/652/117 273/464/123
f 245/466/38 246/547/55 249/467/55
f 379/469/150 376/482/153 278/470/52
f 232/462/46 257/461/46 256/471/47
f 244/473/132 245/466/38 270/468/38
f 231/472/47 256/471/47 255/475/6
f 244/473/132 269/474/132 268/480/129
f 376/482/153 373/492/154 277/483/53
f 229/484/48 230/476/6 255/475/6
f 243/481/129 268/480/129 267/486/1
f 228/488/49 229/484/48 254/485/48
f 241/490/125 242/487/1 267/486/1
f 373/492/154 370/636/160 276/493/38
f 228/488/49 253/489/49 252/494/50
f 247/496/4 272/500/4 271/497/4
f 251/501/4 273/503/4 272/500/4
f 253/504/4 254/506/4 274/505/4
f 255/507/4 256/509/4 275/508/4
f 257/510/4 258/512/4 276/511/4
f 259/513/4 260/515/4 277/514/4
f 261/516/4 262/518/4 278/517/4
f 263/519/4 264/522/4 279/520/4
f 265/521/4 280/524/4 279/520/4
f 267/525/4 281/527/4 280/524/4
f 269/528/4 282/530/4 281/527/4
f 249/531/4 271/497/4 282/530/4
f 235/532/61 260/539/61 259/455/44
f 382/457/147 280/459/48 281/534/47
f 361/465/149 273/464/123 274/536/125
f 236/538/9 261/544/9 260/539/61
f 224/540/8 247/553/8 248/541/53
f 237/543/117 262/551/117 261/544/9
f 385/535/155 281/534/47 282/545/45
f 246/547/55 223/542/53 248/541/53
f 367/548/158 364/537/156 274/536/125
f 237/543/117 238/555/121 263/550/121
f 224/540/8 225/558/52 250/552/52
f 239/554/123 264/563/123 263/550/121
f 356/556/159 388/546/157 282/545/45
f 225/558/52 226/564/51 251/559/51
f 367/548/158 275/549/129 276/560/38
f 240/562/126 265/565/126 264/563/123
f 227/495/50 252/494/50 251/559/51
f 240/562/126 241/490/125 266/491/125
f 284/404/115 286/570/165 288/566/161
f 288/568/163 287/406/116 283/409/118
f 289/373/102 291/616/209 288/566/161
f 291/571/166 290/451/145 287/406/116
f 293/365/98 284/404/115 285/567/162
f 285/569/164 283/409/118 292/411/120
f 296/363/97 293/365/98 294/572/167
f 294/573/168 292/411/120 295/410/119
f 296/363/97 297/574/169 300/576/171
f 297/575/170 295/410/119 298/413/122
f 299/386/106 300/576/171 303/578/173
f 303/579/174 300/577/172 298/413/122
f 305/392/108 302/393/109 303/578/173
f 303/579/174 301/415/124 304/419/128
f 308/398/114 305/392/108 306/580/175
f 306/581/176 304/419/128 307/418/127
f 308/398/114 309/582/177 312/584/179
f 312/585/180 309/583/178 307/418/127
f 311/362/96 312/584/179 315/586/181
f 315/587/182 312/585/180 310/423/131
f 314/360/95 315/586/181 318/588/183
f 318/589/184 315/587/182 313/422/130
f 317/377/101 318/1202/183 321/591/185
f 318/592/184 316/427/133 319/430/135
f 323/390/107 320/384/105 321/591/185
f 321/593/186 319/430/135 322/429/134
f 326/397/113 323/390/107 324/594/187
f 327/597/190 324/595/188 322/429/134
f 326/397/113 327/596/189 330/598/191
f 330/599/192 327/597/190 325/434/137
f 329/396/112 330/598/191 333/600/193
f 333/601/194 330/599/192 328/433/136
f 332/310/94 333/600/193 336/602/195
f 336/603/196 333/601/194 331/438/139
f 335/308/93 336/602/195 339/604/197
f 336/603/196 334/437/138 337/442/141
f 341/383/104 338/369/100 339/604/197
f 339/605/198 337/442/141 340/441/140
f 344/382/103 341/383/104 342/606/199
f 342/607/200 340/441/140 343/444/142
f 344/382/103 345/608/201 348/610/203
f 348/611/204 345/609/202 343/444/142
f 347/395/111 348/610/203 351/612/205
f 351/613/206 348/611/204 346/446/143
f 353/366/99 350/394/110 351/612/205
f 351/613/206 349/448/144 352/452/146
f 353/366/99 354/614/207 291/616/209
f 291/571/166 354/615/208 352/452/146
f 286/570/165 284/404/115 224/403/4
f 359/617/210 355/650/221 357/618/161
f 360/620/168 357/651/163 356/556/159
f 362/621/211 359/617/210 360/619/167
f 363/623/212 360/620/168 358/463/148
f 365/624/213 362/621/211 363/622/171
f 363/623/212 361/465/149 364/537/156
f 368/627/214 365/624/213 366/625/175
f 366/626/176 364/537/156 367/548/158
f 371/630/215 368/627/214 369/628/179
f 369/629/180 367/548/158 370/561/160
f 371/630/215 372/1203/183 375/633/187
f 375/635/188 372/1204/184 370/636/160
f 374/634/216 375/633/187 378/637/191
f 375/635/188 373/492/154 376/482/153
f 380/477/151 377/638/217 378/637/191
f 378/639/192 376/482/153 379/469/150
f 380/477/151 381/640/195 384/642/199
f 384/643/200 381/641/196 379/469/150
f 383/478/152 384/642/199 387/644/218
f 384/643/200 382/457/147 385/535/155
f 389/647/220 386/645/219 387/644/218
f 387/646/204 385/535/155 388/546/157
f 389/647/220 390/648/207 357/618/161
f 357/651/163 390/649/208 388/546/157
f 356/556/159 271/557/61 272/652/117
f 450/653/121 448/656/223 194/654/222
f 663/659/226 150/658/225 446/657/224
f 664/661/228 440/713/236 438/662/229
f 434/664/55 180/668/55 182/665/231
f 434/664/55 657/1205/54 403/667/54
f 403/671/233 657/1206/233 698/672/234
f 656/677/4 646/686/4 698/678/4
f 647/687/45 412/691/45 410/688/44
f 648/690/46 414/693/46 412/691/45
f 649/692/47 416/695/47 414/693/46
f 650/694/6 418/697/6 416/695/47
f 651/696/48 420/699/48 418/697/6
f 652/698/49 422/701/49 420/699/48
f 653/700/50 424/703/50 422/701/49
f 654/702/51 426/705/51 424/703/50
f 655/704/52 428/707/52 426/705/51
f 655/704/52 656/708/8 430/706/8
f 656/708/8 657/710/54 432/709/53
f 646/689/44 410/688/44 408/716/61
f 408/717/237 407/1207/237 405/718/238
f 409/720/239 407/1207/237 408/717/237
f 412/722/240 411/724/240 409/720/239
f 414/723/241 413/726/241 411/724/240
f 416/725/242 415/1208/242 413/726/241
f 417/727/243 415/1208/242 416/725/242
f 420/729/244 419/1209/244 417/727/243
f 421/730/245 419/1209/244 420/729/244
f 423/732/246 421/730/245 422/731/245
f 426/734/247 425/736/247 423/732/246
f 428/735/248 427/1210/248 425/736/247
f 429/737/249 427/1210/248 428/735/248
f 432/739/250 431/741/250 429/737/249
f 434/740/251 433/743/251 431/741/250
f 436/742/252 435/1211/468 433/743/251
f 437/744/253 435/1212/468 436/745/252
f 440/747/255 439/749/257 437/744/253
f 442/748/256 441/1213/256 439/749/257
f 443/750/258 441/1213/256 442/748/256
f 445/752/260 443/750/258 444/751/259
f 448/754/262 447/1214/469 445/752/260
f 449/755/263 447/1214/469 448/754/262
f 452/757/264 451/758/264 449/755/263
f 406/719/238 405/718/238 451/758/264
f 492/759/5 493/1215/5 589/760/265
f 407/762/5 453/805/5 454/763/5
f 454/763/5 455/1216/5 451/765/5
f 451/765/5 455/1216/5 456/766/5
f 449/767/5 456/766/5 457/768/5
f 457/768/5 458/1217/5 445/770/5
f 445/770/5 458/1217/5 459/771/5
f 443/772/5 459/771/5 460/773/5
f 460/773/5 461/776/5 439/775/5
f 461/776/5 462/1218/5 437/777/5
f 437/777/5 462/1218/5 463/778/5
f 463/780/5 464/783/5 433/781/5
f 464/783/5 465/785/5 431/784/5
f 465/785/5 466/787/5 429/786/5
f 466/787/5 467/789/5 427/788/5
f 467/789/5 468/791/5 425/790/5
f 468/791/5 469/1219/5 423/792/5
f 423/792/5 469/1219/5 470/793/5
f 470/793/5 471/796/5 419/795/5
f 471/796/5 472/1220/5 417/797/5
f 417/797/5 472/1220/5 473/798/5
f 415/799/5 473/798/5 474/800/5
f 474/800/5 475/803/5 411/802/5
f 475/803/5 476/1221/5 409/804/5
f 409/804/5 476/1221/5 453/805/5
f 485/806/5 486/1222/5 568/807/267
f 479/809/5 480/1223/5 550/810/269
f 499/812/5 500/1224/5 543/813/271
f 589/760/265 493/1215/5 494/815/5
f 568/807/267 486/1222/5 487/817/5
f 543/813/271 500/1224/5 477/819/5
f 494/815/5 495/827/5 595/821/276
f 487/822/5 488/829/5 574/823/277
f 550/810/269 480/1223/5 481/825/5
f 495/827/5 496/1225/5 598/828/279
f 488/829/5 489/1226/5 577/830/280
f 553/826/278 481/825/5 482/831/5
f 598/828/279 496/1225/5 497/833/5
f 577/830/280 489/1226/5 490/835/5
f 556/832/281 482/831/5 483/837/5
f 497/833/5 498/1227/5 604/839/285
f 580/836/283 490/835/5 491/840/5
f 483/837/5 484/1228/5 562/842/287
f 604/839/285 498/1227/5 499/812/5
f 491/840/5 492/759/5 586/761/266
f 562/842/287 484/1228/5 485/806/5
f 478/843/5 479/809/5 547/811/270
f 541/845/289 537/848/290 454/846/9
f 537/848/290 546/992/329 455/849/117
f 455/849/117 546/992/329 549/850/291
f 549/850/291 552/994/331 457/852/123
f 457/852/123 552/994/331 555/853/292
f 458/854/126 555/853/292 558/855/293
f 558/855/293 561/858/294 460/857/1
f 561/858/294 564/860/295 461/859/129
f 564/860/295 567/1229/470 462/861/132
f 462/861/132 567/1229/470 570/862/296
f 570/864/296 573/867/297 464/865/55
f 573/867/297 576/869/298 465/868/53
f 576/869/298 579/871/299 466/870/8
f 579/871/299 582/1016/352 467/872/52
f 467/872/52 582/1016/352 585/873/300
f 585/873/300 588/1020/356 469/875/50
f 469/875/50 588/1020/356 591/876/301
f 591/876/301 594/1022/358 471/878/48
f 471/878/48 594/1022/358 597/879/302
f 597/879/302 600/1030/366 473/881/47
f 473/881/47 600/1030/366 603/882/303
f 603/882/303 606/1032/368 475/884/45
f 475/884/45 606/1032/368 544/885/304
f 476/886/44 544/885/304 541/845/289
f 512/887/45 513/1230/44 488/888/44
f 534/890/48 533/1231/50 633/891/305
f 486/893/46 511/1232/46 512/894/45
f 616/896/307 527/1233/123 526/897/308
f 499/899/38 524/905/38 503/900/55
f 633/891/305 533/1231/50 532/902/52
f 510/1234/471 511/1232/46 486/893/46
f 498/904/132 523/1235/132 524/905/38
f 522/906/129 523/1235/132 498/904/132
f 532/902/52 531/915/53 627/908/311
f 496/909/1 521/1236/1 522/906/129
f 507/910/49 508/1237/312 483/911/312
f 520/913/125 521/1236/1 496/909/1
f 531/915/53 530/1238/38 624/916/313
f 481/917/50 506/982/50 507/910/49
f 525/918/5 526/921/5 501/919/5
f 526/921/5 527/924/5 505/923/5
f 507/926/5 527/924/5 528/927/5
f 509/929/5 528/927/5 529/930/5
f 511/932/5 529/930/5 530/933/5
f 513/935/5 530/933/5 531/936/5
f 515/938/5 531/936/5 532/939/5
f 517/941/5 532/939/5 533/942/5
f 533/942/5 534/945/5 519/944/5
f 534/945/5 535/948/5 521/947/5
f 535/948/5 536/951/5 523/950/5
f 536/951/5 525/918/5 503/953/5
f 488/888/44 513/1230/44 514/954/61
f 535/956/47 534/890/48 636/892/306
f 528/958/125 527/1233/123 616/896/307
f 514/954/61 515/964/9 490/960/9
f 502/961/53 501/972/8 478/962/8
f 515/964/9 516/1239/117 491/965/117
f 536/966/45 535/956/47 639/957/314
f 503/900/55 502/961/53 477/963/53
f 529/968/129 528/958/125 618/959/315
f 491/965/117 516/1239/117 517/970/121
f 501/972/8 504/1240/52 479/973/52
f 517/970/121 518/1241/123 493/974/123
f 525/975/318 536/966/45 642/967/316
f 479/973/52 504/1240/52 505/977/51
f 624/979/313 530/1242/38 529/968/129
f 493/974/123 518/1241/123 519/980/126
f 480/978/51 505/977/51 506/982/50
f 519/980/126 520/913/125 495/914/125
f 539/983/320 542/986/323 540/820/275
f 537/848/290 541/845/289 542/984/321
f 542/986/323 545/1034/370 543/813/271
f 542/984/321 541/845/289 544/885/304
f 548/988/325 539/983/320 538/844/288
f 548/989/326 546/992/329 537/848/290
f 551/990/327 548/988/325 547/811/270
f 551/991/328 549/850/291 546/992/329
f 554/993/330 551/990/327 550/810/269
f 552/994/331 549/850/291 551/991/328
f 556/832/281 557/1243/472 554/993/330
f 555/853/292 552/994/331 554/995/332
f 560/997/334 557/1243/472 556/832/281
f 560/998/335 558/855/293 555/853/292
f 563/999/336 560/997/334 559/838/284
f 563/1000/337 561/858/294 558/855/293
f 565/808/268 566/1002/339 563/999/336
f 566/1001/338 564/860/295 561/858/294
f 568/807/267 569/1004/341 566/1002/339
f 569/1003/340 567/1229/470 564/860/295
f 571/818/274 572/1244/343 569/1004/341
f 570/862/296 567/1229/470 569/1003/340
f 574/823/277 575/1245/473 572/1006/343
f 573/867/297 570/864/296 572/1007/342
f 578/1009/345 575/1245/473 574/823/277
f 578/1010/346 576/869/298 573/867/297
f 581/1011/347 578/1009/345 577/830/280
f 581/1012/348 579/871/299 576/869/298
f 583/841/286 584/1014/350 581/1011/347
f 584/1013/349 582/1016/352 579/871/299
f 586/761/266 587/1246/474 584/1014/350
f 587/1015/351 585/873/300 582/1016/352
f 590/1017/353 587/1246/474 586/761/266
f 590/1018/354 588/1020/356 585/873/300
f 592/816/273 593/1021/357 590/1017/353
f 593/1019/355 591/876/301 588/1020/356
f 595/821/276 596/1247/384 593/1021/357
f 594/1022/358 591/876/301 593/1019/355
f 599/1024/360 596/1247/384 595/821/276
f 599/1025/361 597/879/302 594/1022/358
f 602/1026/362 599/1024/360 598/828/279
f 602/1027/363 600/1030/366 597/879/302
f 605/1028/364 602/1026/362 601/834/282
f 605/1029/365 603/882/303 600/1030/366
f 608/1031/367 605/1028/364 604/839/285
f 606/1032/368 603/882/303 605/1029/365
f 545/1034/370 608/1031/367 607/814/272
f 544/885/304 606/1032/368 608/1033/369
f 540/820/275 477/819/5 478/843/5
f 613/1035/371 614/1041/375 611/1036/372
f 612/898/309 610/976/319 611/1038/321
f 615/1040/374 617/1248/330 614/1041/375
f 616/896/307 612/898/309 614/1039/326
f 620/1043/376 617/1248/330 615/1040/374
f 620/1045/335 618/959/315 616/896/307
f 623/1046/339 620/1043/376 619/1044/377
f 623/1048/338 621/969/317 618/959/315
f 625/1049/379 626/1249/343 623/1046/339
f 626/1050/342 624/979/313 621/969/317
f 628/1051/380 629/1250/345 626/1052/343
f 627/908/311 624/916/313 626/1053/342
f 632/1055/350 629/1250/345 628/1051/380
f 630/903/310 627/908/311 629/1054/346
f 635/1058/353 632/1055/350 631/1056/381
f 633/891/305 630/903/310 632/1057/349
f 638/1061/384 635/1058/353 634/1059/382
f 636/892/306 633/891/305 635/1060/383
f 640/1064/386 641/1067/362 638/1061/384
f 639/957/314 636/892/306 638/1063/359
f 643/1066/387 644/1069/367 641/1067/362
f 642/967/316 639/957/314 641/1065/363
f 609/1037/373 611/1036/372 644/1069/367
f 610/976/319 642/967/316 644/1068/369
f 668/254/59 190/255/60 192/1070/388
f 184/1071/389 186/252/57 667/251/56
f 391/1079/62 645/1251/62 406/1080/9
f 452/1086/117 450/653/121 196/655/121
f 663/1088/394 692/1101/407 685/1089/395
f 673/1091/397 671/1090/396 685/1089/395
f 668/1093/399 673/1091/397 684/1092/398
f 669/1095/401 675/1099/405 687/1096/402
f 670/1098/404 676/1102/408 675/1099/405
f 665/1100/406 691/1113/419 692/1101/407
f 670/1098/404 668/1093/399 688/1094/400
f 667/1097/403 687/1096/402 686/1103/409
f 664/1105/411 672/1115/421 682/1106/412
f 666/1112/418 683/1114/420 691/1113/419
f 666/1112/418 664/1105/411 681/1107/413
f 672/1115/421 674/1104/410 686/1103/409
f 678/1116/422 661/1252/475 681/1117/423
f 677/1119/425 679/1122/428 684/1120/426
f 658/1253/476 680/1126/433 686/1127/434
f 404/1124/430 690/1254/477 676/1125/431
f 680/1126/433 678/1116/422 682/1118/424
f 660/1128/435 662/1131/438 692/1129/436
f 662/1131/438 677/1119/425 685/1121/427
f 139/1132/439 680/1255/478 658/1133/440
f 140/1134/441 658/1133/440 689/1135/442
f 141/1136/443 689/1135/442 690/1137/444
f 690/1137/444 404/1140/447 143/1139/446
f 404/1140/447 679/1256/479 144/1141/448
f 679/1142/449 677/1257/480 145/1143/450
f 145/1145/450 677/1258/480 662/1146/452
f 146/1148/453 662/1259/452 660/1149/454
f 147/1150/455 660/1149/454 659/1151/456
f 659/1151/456 661/1154/459 137/1153/458
f 661/1154/459 678/1156/461 138/1155/460
f 678/1156/461 680/1255/478 139/1132/439
f 406/1080/9 452/1086/117 198/1087/117
f 402/684/5 403/1260/5 693/1157/5
f 697/1165/464 694/1167/464 696/1161/481
f 696/1161/462 695/1164/463 700/1162/463
f 695/1164/463 693/673/234 698/672/234
f 697/1165/464 645/1261/465 391/1166/465
