# Blender 5.1.1
# www.blender.org
mtllib SteampunkRobotLeftArm.mtl
o Sphere.002
v -0.296994 0.533696 0.385139
v -0.296994 0.700126 0.385139
v -0.296995 0.533696 -0.384674
v -0.296995 0.700126 -0.384674
v -1.663181 0.533696 0.385139
v -1.663181 0.700126 0.385139
v -1.663181 0.533696 -0.384675
v -1.663181 0.700125 -0.384675
v -1.633322 0.771378 0.347018
v -1.633323 0.771378 -0.346554
v -0.326853 0.771379 -0.346554
v -0.326853 0.771379 0.347018
v -0.527728 0.533696 -0.384674
v -1.432447 0.533696 -0.384674
v -0.527728 0.700126 0.385139
v -1.432447 0.700126 0.385139
v -1.432447 0.700125 -0.384674
v -0.527728 0.700126 -0.384674
v -1.432447 0.533696 0.385139
v -0.527728 0.533696 0.385139
v -1.307515 0.700125 -0.384674
v -0.652661 0.700126 -0.384674
v -0.652660 0.700126 0.385139
v -1.307516 0.700126 0.385139
v -0.796518 0.533696 -0.187411
v -1.163658 0.533696 -0.187411
v -1.163658 0.533696 0.187875
v -0.796518 0.533696 0.187875
v -0.922981 0.700126 0.385139
v -1.037194 0.700126 0.385139
v -0.922981 0.700125 -0.384675
v -1.037194 0.700125 -0.384675
v -1.015770 0.533696 0.187875
v -0.944405 0.533696 0.187875
v -1.015770 0.533696 -0.187411
v -0.944405 0.533696 -0.187411
v -1.462306 0.771378 0.347018
v -1.462306 0.771378 -0.346554
v -0.497870 0.771379 -0.346554
v -0.497869 0.771379 0.347018
v -0.687641 0.771379 -0.346554
v -0.687641 0.771379 0.347018
v -1.272534 0.771378 0.347018
v -1.272534 0.771378 -0.346554
v -1.072175 0.771378 0.347018
v -1.072176 0.771378 -0.346554
v -0.888000 0.771378 -0.346554
v -0.888000 0.771379 0.347018
v -1.307515 0.533696 -0.384674
v -1.307516 0.533696 0.385139
v -0.652660 0.533696 0.385139
v -0.652661 0.533696 -0.384674
v -1.037194 0.533696 -0.384675
v -0.922981 0.533696 -0.384675
v -1.037194 0.533696 0.385139
v -0.922981 0.533696 0.385139
v -0.944405 0.326105 0.187875
v -0.944405 0.326105 -0.187411
v -1.015770 0.326105 -0.187411
v -1.015770 0.326105 0.187875
v -1.163658 0.326105 -0.187411
v -1.163658 0.326105 0.187875
v -0.796518 0.326105 0.187875
v -0.796518 0.326105 -0.187411
v -1.220448 0.001461 0.000233
v -2.395915 0.001461 0.000232
v -1.220448 0.001461 -0.485224
v -1.220448 -0.121855 -0.468683
v -2.395915 -0.121855 -0.468683
v -2.395914 0.001461 -0.485225
v -1.220448 -0.236767 -0.420186
v -2.395915 -0.236767 -0.420186
v -1.220448 -0.335445 -0.343037
v -2.395915 -0.335445 -0.343037
v -1.220448 -0.411163 -0.242496
v -2.395914 -0.411162 -0.242496
v -1.220448 -0.458761 -0.125413
v -2.395914 -0.458761 -0.125413
v -1.220448 -0.474995 0.000233
v -2.395915 -0.474995 0.000233
v -1.220448 -0.458761 0.125879
v -2.395914 -0.458761 0.125878
v -1.220448 -0.411163 0.242962
v -2.395914 -0.411162 0.242961
v -1.220449 -0.335445 0.343503
v -2.395914 -0.335445 0.343503
v -1.220449 -0.236767 0.420652
v -2.395915 -0.236767 0.420651
v -1.220448 -0.121855 0.469149
v -2.395915 -0.121855 0.469149
v -1.220448 0.001461 0.485691
v -2.395915 0.001461 0.485690
v -1.220448 0.124777 0.469149
v -2.395914 0.124777 0.469149
v -1.220448 0.239689 0.420652
v -2.395915 0.239689 0.420651
v -1.220448 0.338367 0.343504
v -2.395914 0.338367 0.343503
v -1.220448 0.414085 0.242962
v -2.395914 0.414085 0.242961
v -1.220448 0.461683 0.125878
v -2.395914 0.461683 0.125879
v -1.220448 0.477918 0.000233
v -2.395915 0.477918 0.000233
v -1.220448 0.461683 -0.125412
v -2.395914 0.461683 -0.125413
v -1.220448 0.414084 -0.242496
v -2.395915 0.414085 -0.242496
v -1.220448 0.338367 -0.343037
v -2.395915 0.338367 -0.343037
v -1.220448 0.239689 -0.420185
v -2.395914 0.239689 -0.420186
v -1.220448 0.124777 -0.468683
v -2.395914 0.124777 -0.468683
v -0.740352 0.330452 -0.246925
v -0.740352 0.330452 0.247389
v -1.303015 -0.327531 0.247389
v -1.303015 -0.327530 -0.246924
v -1.303015 0.330452 0.247389
v -1.303015 0.330452 -0.246925
v -0.740352 -0.327531 -0.246924
v -0.740352 -0.327531 0.247389
v -0.614452 -0.302487 -0.246924
v -0.614452 -0.302487 0.247389
v -0.507720 -0.231171 -0.246924
v -0.507720 -0.231171 0.247389
v -0.436404 -0.124439 -0.246925
v -0.436404 -0.124439 0.247389
v -0.436404 0.127361 -0.246925
v -2.448368 -0.389085 -0.081778
v -2.435379 -0.389085 0.000233
v -2.448368 -0.204468 -0.081778
v -2.435379 -0.204468 0.000233
v -2.448368 -0.204468 0.082244
v -2.406506 0.204495 -0.095380
v -2.406506 -0.201573 -0.095380
v -2.391362 0.204495 0.000233
v -2.391362 -0.201573 0.000233
v -2.406506 0.204495 0.095846
v -2.406506 -0.201573 0.095846
v -0.013019 -0.071795 -0.090618
v -0.013019 -0.107405 -0.041818
v -0.013019 -0.113845 0.018249
v -0.013019 -0.089389 0.073488
v -0.013019 -0.040589 0.109098
v -0.013019 0.019478 0.115538
v -0.013019 0.074717 0.091081
v -0.013019 0.110327 0.042282
v -0.013020 0.116767 -0.017785
v -0.013019 0.092311 -0.073024
v -0.013019 0.043511 -0.108634
v -0.013019 -0.016556 -0.115074
v -0.138806 -0.256972 0.000232
v -0.138806 0.259895 0.000232
v -0.586723 0.463723 0.554499
v -0.586723 0.517654 0.501030
v -0.706366 0.447972 0.554499
v -0.720324 0.500065 0.501030
v -0.817854 0.401792 0.554499
v -0.844819 0.448497 0.501030
v -0.913592 0.328330 0.554499
v -0.951726 0.366464 0.501030
v -0.987054 0.232592 0.554499
v -1.033759 0.259557 0.501030
v -1.033234 0.121103 0.554499
v -1.085327 0.135062 0.501030
v -1.048985 0.001461 0.554500
v -1.102915 0.001461 0.501030
v -1.033234 -0.118181 0.554499
v -1.085327 -0.132139 0.501030
v -0.987054 -0.229670 0.554499
v -1.033759 -0.256635 0.501030
v -0.913592 -0.325407 0.554499
v -0.951727 -0.363542 0.501030
v -0.817854 -0.398870 0.554499
v -0.844819 -0.445575 0.501030
v -0.706365 -0.445050 0.554499
v -0.720324 -0.497143 0.501030
v -0.586723 -0.460801 0.554499
v -0.586723 -0.514731 0.501030
v -0.467081 -0.445050 0.554499
v -0.453123 -0.497143 0.501030
v -0.355592 -0.398870 0.554499
v -0.328627 -0.445575 0.501030
v -0.259855 -0.325407 0.554499
v -0.221720 -0.363542 0.501030
v -0.186393 -0.229670 0.554499
v -0.138865 -0.256950 0.501030
v -0.140213 -0.118181 0.554499
v -0.088876 -0.131358 0.501046
v -0.124461 0.001461 0.554500
v -0.074825 0.001522 0.500987
v -0.140213 0.121103 0.554499
v -0.088983 0.134275 0.501050
v -0.186393 0.232592 0.554499
v -0.138747 0.259917 0.501030
v -0.259855 0.328330 0.554499
v -0.221720 0.366464 0.501030
v -0.355592 0.401791 0.554500
v -0.328627 0.448497 0.501030
v -0.467082 0.447972 0.554499
v -0.453123 0.500065 0.501030
v -0.681968 0.356918 0.554499
v -0.586723 0.369457 0.554499
v -0.491479 0.356918 0.554499
v -0.402725 0.320155 0.554499
v -0.326511 0.261673 0.554499
v -0.268030 0.185459 0.554499
v -0.231266 0.096705 0.554500
v -0.218728 0.001461 0.554499
v -0.231266 -0.093783 0.554500
v -0.268030 -0.182537 0.554499
v -0.326511 -0.258751 0.554499
v -0.402725 -0.317233 0.554499
v -0.491479 -0.353995 0.554500
v -0.586723 -0.366535 0.554500
v -0.681968 -0.353995 0.554499
v -0.770721 -0.317233 0.554499
v -0.846936 -0.258751 0.554499
v -0.905417 -0.182537 0.554499
v -0.942180 -0.093783 0.554499
v -0.954719 0.001461 0.554500
v -0.942180 0.096705 0.554499
v -0.905417 0.185459 0.554499
v -0.846936 0.261673 0.554499
v -0.770721 0.320155 0.554499
v -0.633876 0.177435 0.615771
v -0.586723 0.183642 0.615771
v -0.539572 0.177435 0.615771
v -0.495633 0.159234 0.615771
v -0.457902 0.130282 0.615771
v -0.428950 0.092552 0.615771
v -0.410750 0.048613 0.615771
v -0.404542 0.001461 0.615771
v -0.410750 -0.045691 0.615771
v -0.428950 -0.089629 0.615771
v -0.457902 -0.127360 0.615771
v -0.495633 -0.156312 0.615771
v -0.539572 -0.174512 0.615771
v -0.586723 -0.180720 0.615771
v -0.633876 -0.174512 0.615771
v -0.677814 -0.156312 0.615771
v -0.715544 -0.127360 0.615771
v -0.744497 -0.089629 0.615771
v -0.762697 -0.045691 0.615771
v -0.768904 0.001461 0.615771
v -0.762697 0.048613 0.615771
v -0.744497 0.092552 0.615771
v -0.715544 0.130282 0.615771
v -0.677814 0.159234 0.615771
v -0.586723 0.183642 0.570026
v -0.633875 0.177435 0.570027
v -0.677813 0.159234 0.570026
v -0.539572 0.177435 0.570026
v -0.495632 0.159234 0.570026
v -0.457902 0.130282 0.570026
v -0.428950 0.092552 0.570027
v -0.410750 0.048613 0.570026
v -0.404543 0.001461 0.570027
v -0.410751 -0.045691 0.570027
v -0.428950 -0.089629 0.570026
v -0.457902 -0.127360 0.570026
v -0.495633 -0.156312 0.570027
v -0.539571 -0.174512 0.570027
v -0.586723 -0.180720 0.570027
v -0.633876 -0.174512 0.570026
v -0.677814 -0.156312 0.570027
v -0.715545 -0.127360 0.570026
v -0.744496 -0.089629 0.570027
v -0.762697 -0.045691 0.570026
v -0.768904 0.001461 0.570027
v -0.762697 0.048613 0.570026
v -0.744496 0.092552 0.570026
v -0.715545 0.130282 0.570026
v -0.622019 0.133188 0.570026
v -0.551427 0.133188 0.570027
v -0.490293 0.097891 0.570027
v -0.454997 0.036757 0.570027
v -0.454997 -0.033835 0.570027
v -0.490293 -0.094969 0.570026
v -0.551427 -0.130265 0.570026
v -0.622019 -0.130265 0.570026
v -0.683154 -0.094969 0.570026
v -0.718450 -0.033835 0.570026
v -0.718450 0.036757 0.570026
v -0.683154 0.097891 0.570026
v -0.586723 0.369457 0.594426
v -0.586723 0.347928 0.615771
v -0.586723 0.363151 0.609519
v -0.676395 0.336122 0.615771
v -0.681968 0.356918 0.594426
v -0.680336 0.350827 0.609519
v -0.759957 0.301510 0.615771
v -0.770721 0.320155 0.594426
v -0.767568 0.314694 0.609520
v -0.491479 0.356918 0.594426
v -0.497051 0.336122 0.615771
v -0.493111 0.350827 0.609519
v -0.402726 0.320155 0.594426
v -0.413490 0.301510 0.615771
v -0.405878 0.314694 0.609519
v -0.326511 0.261673 0.594426
v -0.341734 0.246450 0.615771
v -0.330970 0.257215 0.609519
v -0.268030 0.185459 0.594426
v -0.286674 0.174695 0.615771
v -0.273491 0.182306 0.609519
v -0.231266 0.096705 0.594426
v -0.252062 0.091133 0.615771
v -0.237357 0.095073 0.609519
v -0.218727 0.001461 0.594426
v -0.240257 0.001461 0.615771
v -0.225033 0.001461 0.609519
v -0.231266 -0.093783 0.594426
v -0.252062 -0.088211 0.615771
v -0.237357 -0.092151 0.609519
v -0.268030 -0.182537 0.594426
v -0.286674 -0.171772 0.615771
v -0.273490 -0.179384 0.609519
v -0.326511 -0.258751 0.594426
v -0.341734 -0.243528 0.615771
v -0.330970 -0.254293 0.609519
v -0.402726 -0.317233 0.594426
v -0.413490 -0.298588 0.615771
v -0.405878 -0.311772 0.609519
v -0.491479 -0.353995 0.594426
v -0.497051 -0.333200 0.615771
v -0.493111 -0.347904 0.609519
v -0.586723 -0.366535 0.594426
v -0.586723 -0.345006 0.615771
v -0.586723 -0.360229 0.609519
v -0.681968 -0.353995 0.594426
v -0.676395 -0.333200 0.615771
v -0.680336 -0.347905 0.609519
v -0.770722 -0.317233 0.594426
v -0.759957 -0.298588 0.615771
v -0.767568 -0.311772 0.609519
v -0.846936 -0.258751 0.594426
v -0.831712 -0.243528 0.615771
v -0.842477 -0.254293 0.609519
v -0.905417 -0.182537 0.594426
v -0.886772 -0.171773 0.615771
v -0.899956 -0.179384 0.609519
v -0.942180 -0.093783 0.594426
v -0.921385 -0.088211 0.615771
v -0.936089 -0.092151 0.609519
v -0.954719 0.001461 0.594426
v -0.933191 0.001461 0.615771
v -0.948413 0.001461 0.609519
v -0.942180 0.096705 0.594426
v -0.921385 0.091133 0.615771
v -0.936089 0.095073 0.609520
v -0.905417 0.185459 0.594426
v -0.886773 0.174695 0.615771
v -0.899956 0.182306 0.609519
v -0.846936 0.261673 0.594426
v -0.831712 0.246450 0.615771
v -0.842477 0.257215 0.609519
v -0.617683 0.117003 0.615771
v -0.622019 0.133188 0.599159
v -0.620749 0.128447 0.610905
v -0.551427 0.133188 0.599159
v -0.555764 0.117003 0.615771
v -0.552698 0.128447 0.610906
v -0.490293 0.097891 0.599159
v -0.502141 0.086044 0.615771
v -0.493763 0.094421 0.610906
v -0.454997 0.036757 0.599159
v -0.471181 0.032421 0.615771
v -0.459737 0.035487 0.610905
v -0.454997 -0.033835 0.599159
v -0.471181 -0.029498 0.615771
v -0.459737 -0.032565 0.610905
v -0.490293 -0.094969 0.599159
v -0.502140 -0.083121 0.615771
v -0.493763 -0.091499 0.610905
v -0.551427 -0.130265 0.599159
v -0.555764 -0.114081 0.615771
v -0.552698 -0.125525 0.610905
v -0.622019 -0.130265 0.599159
v -0.617683 -0.114081 0.615771
v -0.620749 -0.125525 0.610905
v -0.683154 -0.094969 0.599159
v -0.671306 -0.083121 0.615771
v -0.679683 -0.091499 0.610905
v -0.718450 -0.033835 0.599159
v -0.702265 -0.029498 0.615771
v -0.713709 -0.032565 0.610906
v -0.718450 0.036757 0.599159
v -0.702265 0.032421 0.615771
v -0.713709 0.035487 0.610906
v -0.683154 0.097891 0.599159
v -0.671306 0.086043 0.615771
v -0.679683 0.094421 0.610905
v -0.720324 0.500065 0.258580
v -0.844819 0.448497 0.258580
v -0.951726 0.366464 0.258580
v -1.033759 0.259557 0.258580
v -1.085327 0.135062 0.258580
v -1.102916 0.001461 0.258580
v -1.085327 -0.132139 0.258580
v -1.033759 -0.256635 0.258580
v -0.951726 -0.363542 0.258580
v -0.844819 -0.445575 0.258580
v -0.720324 -0.497143 0.258580
v -0.586723 -0.514731 0.258580
v -0.453123 -0.497142 0.258580
v -0.052873 0.074541 0.090672
v -0.586723 0.463723 -0.554035
v -0.586723 0.517654 -0.500566
v -0.706365 0.447972 -0.554035
v -0.720324 0.500065 -0.500566
v -0.817854 0.401792 -0.554035
v -0.844819 0.448497 -0.500566
v -0.913591 0.328330 -0.554036
v -0.951726 0.366464 -0.500566
v -0.987054 0.232592 -0.554035
v -1.033759 0.259557 -0.500566
v -1.033234 0.121103 -0.554035
v -1.085327 0.135062 -0.500566
v -1.048985 0.001461 -0.554035
v -1.102916 0.001461 -0.500566
v -1.033234 -0.118181 -0.554036
v -1.085327 -0.132139 -0.500566
v -0.987054 -0.229670 -0.554036
v -1.033759 -0.256635 -0.500566
v -0.913592 -0.325407 -0.554036
v -0.951726 -0.363542 -0.500566
v -0.817854 -0.398869 -0.554035
v -0.844819 -0.445575 -0.500566
v -0.706365 -0.445049 -0.554035
v -0.720324 -0.497142 -0.500566
v -0.586723 -0.460801 -0.554035
v -0.586723 -0.514731 -0.500566
v -0.467081 -0.445049 -0.554035
v -0.453123 -0.497142 -0.500566
v -0.355592 -0.398869 -0.554035
v -0.328627 -0.445575 -0.500566
v -0.259855 -0.325407 -0.554035
v -0.221720 -0.363542 -0.500566
v -0.186393 -0.229670 -0.554035
v -0.138746 -0.256995 -0.500566
v -0.140212 -0.118181 -0.554035
v -0.088810 -0.131396 -0.500583
v -0.124461 0.001461 -0.554035
v -0.074830 0.001507 -0.500523
v -0.140212 0.121103 -0.554035
v -0.089045 0.134236 -0.500585
v -0.186393 0.232592 -0.554035
v -0.138865 0.259872 -0.500566
v -0.259855 0.328330 -0.554035
v -0.221720 0.366464 -0.500566
v -0.355592 0.401792 -0.554035
v -0.328627 0.448497 -0.500566
v -0.467081 0.447972 -0.554035
v -0.453123 0.500065 -0.500566
v -0.681967 0.356918 -0.554035
v -0.586723 0.369457 -0.554035
v -0.491479 0.356918 -0.554035
v -0.402725 0.320155 -0.554035
v -0.326511 0.261673 -0.554035
v -0.268030 0.185459 -0.554035
v -0.231267 0.096705 -0.554035
v -0.218727 0.001461 -0.554035
v -0.231267 -0.093783 -0.554035
v -0.268030 -0.182536 -0.554035
v -0.326511 -0.258751 -0.554035
v -0.402725 -0.317233 -0.554035
v -0.491479 -0.353995 -0.554035
v -0.586723 -0.366535 -0.554035
v -0.681967 -0.353995 -0.554035
v -0.770721 -0.317233 -0.554036
v -0.846936 -0.258751 -0.554035
v -0.905417 -0.182537 -0.554035
v -0.942180 -0.093783 -0.554035
v -0.954719 0.001461 -0.554036
v -0.942180 0.096705 -0.554035
v -0.905417 0.185459 -0.554035
v -0.846935 0.261673 -0.554035
v -0.770721 0.320155 -0.554035
v -0.633875 0.177435 -0.615307
v -0.586723 0.183642 -0.615307
v -0.539572 0.177435 -0.615307
v -0.495633 0.159234 -0.615307
v -0.457901 0.130282 -0.615307
v -0.428950 0.092552 -0.615307
v -0.410750 0.048613 -0.615307
v -0.404542 0.001461 -0.615307
v -0.410750 -0.045691 -0.615307
v -0.428950 -0.089629 -0.615307
v -0.457902 -0.127360 -0.615307
v -0.495633 -0.156312 -0.615307
v -0.539572 -0.174512 -0.615307
v -0.586723 -0.180720 -0.615307
v -0.633875 -0.174512 -0.615307
v -0.677813 -0.156312 -0.615307
v -0.715545 -0.127360 -0.615307
v -0.744496 -0.089629 -0.615307
v -0.762697 -0.045691 -0.615307
v -0.768904 0.001461 -0.615307
v -0.762697 0.048613 -0.615307
v -0.744496 0.092552 -0.615307
v -0.715545 0.130282 -0.615307
v -0.677813 0.159234 -0.615307
v -0.586723 0.183642 -0.569563
v -0.633876 0.177435 -0.569563
v -0.677814 0.159234 -0.569563
v -0.539571 0.177435 -0.569562
v -0.495632 0.159234 -0.569563
v -0.457902 0.130282 -0.569563
v -0.428950 0.092552 -0.569562
v -0.410750 0.048613 -0.569563
v -0.404542 0.001461 -0.569562
v -0.410750 -0.045691 -0.569563
v -0.428950 -0.089629 -0.569562
v -0.457902 -0.127360 -0.569563
v -0.495633 -0.156312 -0.569562
v -0.539571 -0.174512 -0.569562
v -0.586723 -0.180720 -0.569563
v -0.633875 -0.174512 -0.569562
v -0.677813 -0.156312 -0.569562
v -0.715544 -0.127360 -0.569563
v -0.744496 -0.089629 -0.569563
v -0.762696 -0.045691 -0.569563
v -0.768904 0.001461 -0.569562
v -0.762696 0.048613 -0.569563
v -0.744496 0.092552 -0.569562
v -0.715544 0.130282 -0.569563
v -0.622019 0.133188 -0.569563
v -0.551427 0.133188 -0.569562
v -0.490293 0.097891 -0.569562
v -0.454997 0.036757 -0.569563
v -0.454997 -0.033835 -0.569563
v -0.490293 -0.094969 -0.569563
v -0.551427 -0.130265 -0.569562
v -0.622019 -0.130265 -0.569563
v -0.683154 -0.094969 -0.569563
v -0.718450 -0.033835 -0.569563
v -0.718449 0.036757 -0.569562
v -0.683154 0.097891 -0.569563
v -0.586723 0.369457 -0.593963
v -0.586723 0.347928 -0.615307
v -0.586723 0.363151 -0.609055
v -0.676395 0.336122 -0.615307
v -0.681967 0.356918 -0.593962
v -0.680335 0.350827 -0.609056
v -0.759957 0.301510 -0.615307
v -0.770721 0.320155 -0.593962
v -0.767568 0.314694 -0.609055
v -0.491479 0.356918 -0.593962
v -0.497051 0.336122 -0.615307
v -0.493111 0.350827 -0.609055
v -0.402725 0.320155 -0.593962
v -0.413490 0.301510 -0.615307
v -0.405878 0.314694 -0.609055
v -0.326511 0.261673 -0.593962
v -0.341734 0.246450 -0.615307
v -0.330969 0.257215 -0.609055
v -0.268030 0.185459 -0.593962
v -0.286674 0.174695 -0.615307
v -0.273490 0.182306 -0.609055
v -0.231267 0.096705 -0.593962
v -0.252062 0.091133 -0.615307
v -0.237357 0.095074 -0.609055
v -0.218727 0.001461 -0.593962
v -0.240256 0.001461 -0.615307
v -0.225033 0.001461 -0.609056
v -0.231267 -0.093783 -0.593962
v -0.252062 -0.088211 -0.615307
v -0.237357 -0.092151 -0.609055
v -0.268029 -0.182536 -0.593962
v -0.286674 -0.171772 -0.615307
v -0.273490 -0.179384 -0.609056
v -0.326511 -0.258751 -0.593962
v -0.341734 -0.243528 -0.615307
v -0.330970 -0.254293 -0.609056
v -0.402725 -0.317233 -0.593962
v -0.413490 -0.298588 -0.615307
v -0.405878 -0.311772 -0.609055
v -0.491479 -0.353995 -0.593962
v -0.497051 -0.333200 -0.615307
v -0.493111 -0.347904 -0.609055
v -0.586723 -0.366535 -0.593962
v -0.586723 -0.345005 -0.615307
v -0.586723 -0.360229 -0.609056
v -0.681967 -0.353995 -0.593963
v -0.676395 -0.333200 -0.615307
v -0.680335 -0.347904 -0.609055
v -0.770721 -0.317233 -0.593962
v -0.759957 -0.298588 -0.615307
v -0.767568 -0.311772 -0.609055
v -0.846935 -0.258751 -0.593962
v -0.831712 -0.243528 -0.615307
v -0.842477 -0.254293 -0.609055
v -0.905417 -0.182537 -0.593963
v -0.886772 -0.171772 -0.615307
v -0.899956 -0.179384 -0.609055
v -0.942180 -0.093783 -0.593963
v -0.921384 -0.088211 -0.615307
v -0.936089 -0.092151 -0.609056
v -0.954719 0.001461 -0.593963
v -0.933190 0.001461 -0.615307
v -0.948413 0.001461 -0.609056
v -0.942180 0.096705 -0.593963
v -0.921384 0.091133 -0.615307
v -0.936089 0.095074 -0.609056
v -0.905417 0.185459 -0.593962
v -0.886772 0.174695 -0.615307
v -0.899956 0.182306 -0.609056
v -0.846935 0.261673 -0.593962
v -0.831712 0.246450 -0.615307
v -0.842476 0.257215 -0.609055
v -0.617683 0.117003 -0.615307
v -0.622019 0.133188 -0.598695
v -0.620749 0.128447 -0.610441
v -0.551427 0.133188 -0.598695
v -0.555764 0.117003 -0.615307
v -0.552697 0.128447 -0.610441
v -0.502140 0.086044 -0.615307
v -0.490293 0.097891 -0.598695
v -0.493763 0.094421 -0.610442
v -0.454997 0.036757 -0.598695
v -0.471181 0.032421 -0.615307
v -0.459737 0.035487 -0.610442
v -0.454997 -0.033835 -0.598695
v -0.471181 -0.029498 -0.615307
v -0.459737 -0.032565 -0.610442
v -0.490293 -0.094969 -0.598695
v -0.502140 -0.083121 -0.615307
v -0.493763 -0.091499 -0.610442
v -0.551427 -0.130265 -0.598695
v -0.555764 -0.114081 -0.615307
v -0.552697 -0.125525 -0.610442
v -0.622019 -0.130265 -0.598695
v -0.617682 -0.114081 -0.615307
v -0.620749 -0.125525 -0.610441
v -0.683154 -0.094969 -0.598695
v -0.671306 -0.083121 -0.615307
v -0.679683 -0.091499 -0.610442
v -0.718449 -0.033835 -0.598695
v -0.702265 -0.029498 -0.615307
v -0.713709 -0.032565 -0.610442
v -0.718450 0.036757 -0.598695
v -0.702265 0.032421 -0.615307
v -0.713709 0.035487 -0.610442
v -0.683154 0.097891 -0.598695
v -0.671306 0.086043 -0.615307
v -0.679683 0.094421 -0.610442
v -0.720324 0.500065 -0.258116
v -0.844819 0.448497 -0.258116
v -0.951727 0.366464 -0.258116
v -1.033759 0.259557 -0.258116
v -1.085327 0.135062 -0.258116
v -1.102915 0.001461 -0.258117
v -1.085327 -0.132139 -0.258116
v -1.033759 -0.256635 -0.258116
v -0.951726 -0.363542 -0.258116
v -0.844819 -0.445575 -0.258116
v -0.720324 -0.497142 -0.258116
v -0.586723 -0.514731 -0.258116
v -0.453123 -0.497142 -0.258116
v -0.053903 -0.089036 0.073255
v -0.050773 -0.016582 -0.114622
v -0.051019 0.043292 -0.108247
v -0.052873 -0.071619 -0.090208
v -0.053904 0.091958 -0.072791
v -0.080406 0.096291 -0.092766
v -0.080541 -0.092837 -0.092816
v -0.074335 0.036021 -0.126938
v -0.073643 -0.033139 -0.126947
v -0.080830 -0.093264 0.093238
v -0.080106 0.095865 0.093273
v -0.073873 -0.033214 0.127393
v -0.074117 0.035945 0.127419
v -0.088086 0.127233 -0.033801
v -0.087973 -0.124041 -0.033864
v -0.087974 0.126963 0.034328
v -0.088086 -0.124311 0.034265
v -0.051356 -0.032634 0.127353
v -0.051022 0.035494 0.127369
v -0.055986 0.116355 -0.017790
v -0.055316 -0.107066 -0.041558
v -0.055316 0.109988 0.042022
v -0.055986 -0.113433 0.018254
v -0.053553 -0.091581 -0.092856
v -0.056417 -0.125660 -0.033863
v -0.051021 -0.032572 -0.126905
v -0.056417 0.128582 0.034327
v -0.057193 0.128598 -0.033801
v -0.057193 -0.125676 0.034265
v -0.054776 -0.091627 0.093274
v -0.053553 0.094503 0.093320
v -0.051019 -0.040370 0.108711
v -0.050773 0.019505 0.115086
v -0.051356 0.035556 -0.126889
v -0.054776 0.094549 -0.092810
v -0.442723 -0.397591 0.258580
v -0.617404 0.339344 0.258580
v -0.450867 -0.152797 0.258580
v -0.514805 0.116940 0.258580
v -0.617405 0.339344 -0.258116
v -0.442723 -0.397591 -0.258116
v -0.514805 0.116940 -0.258116
v -0.450867 -0.152797 -0.258116
v -0.586724 0.001461 0.615771
v -0.586723 0.001461 -0.615307
vn 0.9866 0.1633 -0.0000
vn 1.0000 -0.0000 -0.0000
vn -0.0000 0.4717 0.8817
vn -0.0000 -0.0000 1.0000
vn -0.0000 -0.0000 -1.0000
vn -1.0000 -0.0000 -0.0000
vn -0.9866 0.1633 -0.0000
vn -0.0000 -1.0000 -0.0000
vn -0.0000 1.0000 -0.0000
vn 0.8977 0.4407 -0.0000
vn -0.0000 0.4717 -0.8817
vn -0.9223 0.3865 -0.0000
vn -0.8977 0.4407 -0.0000
vn 0.9223 0.3865 -0.0000
vn -0.0000 -0.2632 -0.9647
vn -0.0000 -0.5068 -0.8621
vn -0.0000 -0.7135 -0.7007
vn -0.0000 -0.8699 -0.4932
vn -0.0000 -0.9671 -0.2545
vn -0.0000 -0.9671 0.2545
vn -0.0000 -0.8699 0.4932
vn -0.0000 -0.7135 0.7007
vn -0.0000 -0.5068 0.8621
vn -0.0000 -0.2632 0.9647
vn -0.0000 0.2632 0.9647
vn -0.0000 0.5068 0.8621
vn -0.0000 0.7135 0.7007
vn -0.0000 0.8699 0.4932
vn -0.0000 0.9671 0.2545
vn -0.0000 0.9671 -0.2545
vn -0.0000 0.8699 -0.4932
vn -0.0000 0.7135 -0.7007
vn -0.0000 0.5068 -0.8621
vn -0.0000 0.2632 -0.9647
vn 0.0980 0.9952 -0.0000
vn 0.0980 -0.9952 -0.0000
vn 0.3827 -0.9239 -0.0000
vn 0.7071 -0.7071 -0.0000
vn 0.9239 -0.3827 0.0001
vn 0.9511 -0.0000 0.3088
vn 0.9915 -0.1302 0.0002
vn 1.0000 -0.0001 0.0002
vn 1.0000 -0.0000 -0.0002
vn 0.9430 -0.1302 -0.3062
vn 0.9511 -0.0000 -0.3088
vn -0.5000 0.8660 -0.0000
vn -0.7071 0.7071 -0.0000
vn -0.8660 0.5000 -0.0000
vn -0.9659 0.2588 -0.0000
vn -0.9659 -0.2588 -0.0000
vn -0.8660 -0.5000 -0.0000
vn -0.7071 -0.7071 -0.0000
vn -0.5000 -0.8660 -0.0000
vn -0.2588 -0.9659 -0.0000
vn 0.2588 -0.9659 -0.0000
vn 0.3009 -0.9537 -0.0000
vn 0.5000 -0.8660 -0.0000
vn 0.9591 -0.2826 0.0140
vn 0.9999 -0.0001 0.0105
vn 0.9718 -0.2357 0.0013
vn 0.9602 0.2792 0.0123
vn 0.9716 0.2368 0.0025
vn -0.2162 0.9763 -0.0000
vn -0.2588 0.9659 -0.0000
vn -0.1822 0.6801 0.7101
vn -0.0000 0.7041 0.7101
vn -0.3520 0.6097 0.7101
vn -0.4978 0.4978 0.7101
vn -0.6097 0.3520 0.7101
vn -0.6801 0.1822 0.7101
vn -0.7041 -0.0000 0.7101
vn -0.6801 -0.1822 0.7101
vn -0.6097 -0.3520 0.7101
vn -0.4978 -0.4978 0.7101
vn -0.3520 -0.6097 0.7101
vn -0.1822 -0.6801 0.7101
vn -0.0000 -0.7041 0.7101
vn 0.1822 -0.6801 0.7101
vn 0.3520 -0.6097 0.7101
vn 0.4960 -0.4978 0.7115
vn 0.6091 -0.3499 0.7117
vn 0.6092 -0.3499 0.7116
vn 0.6905 -0.1766 0.7014
vn 0.7221 0.0002 0.6918
vn 0.6906 -0.1768 0.7013
vn 0.6907 0.1765 0.7012
vn 0.6907 0.1765 0.7013
vn 0.6091 0.3498 0.7118
vn 0.6091 0.3497 0.7119
vn 0.4961 0.4977 0.7114
vn 0.3520 0.6097 0.7101
vn 0.1822 0.6801 0.7101
vn -0.1478 -0.1478 0.9779
vn -0.1045 -0.1810 0.9779
vn 0.1810 -0.1045 0.9779
vn 0.2019 -0.0541 0.9779
vn 0.1045 0.1810 0.9779
vn 0.0541 0.2019 0.9779
vn -0.1478 0.1478 0.9779
vn -0.1045 0.1810 0.9779
vn -0.1810 -0.1045 0.9779
vn 0.1478 -0.1478 0.9779
vn -0.0541 0.2019 0.9779
vn -0.2019 -0.0541 0.9779
vn 0.1045 -0.1810 0.9779
vn 0.1478 0.1478 0.9779
vn -0.2090 -0.0000 0.9779
vn 0.0541 -0.2019 0.9779
vn 0.1810 0.1045 0.9779
vn -0.2019 0.0541 0.9779
vn -0.0000 -0.2090 0.9779
vn 0.2019 0.0541 0.9779
vn -0.1810 0.1045 0.9779
vn -0.0541 -0.2019 0.9779
vn 0.2090 -0.0000 0.9779
vn -0.0000 0.2090 0.9779
vn -0.0000 0.9811 0.1935
vn 0.2588 0.9659 -0.0000
vn 0.4905 0.8497 0.1935
vn 0.5000 0.8660 -0.0000
vn 0.6937 0.6937 0.1935
vn 0.7071 0.7071 -0.0000
vn 0.8497 0.4905 0.1935
vn 0.8660 0.5000 -0.0000
vn 0.9659 0.2590 -0.0000
vn 0.9660 0.2586 -0.0000
vn 0.9811 -0.0000 0.1935
vn 0.9659 -0.2588 -0.0000
vn 0.8497 -0.4906 0.1935
vn 0.8660 -0.5000 -0.0000
vn 0.6937 -0.6937 0.1935
vn 0.4906 -0.8497 0.1935
vn 0.2539 -0.9477 0.1935
vn -0.2539 -0.9477 0.1935
vn -0.6937 -0.6937 0.1935
vn -0.8497 -0.4905 0.1935
vn -0.9477 -0.2539 0.1935
vn -0.9477 0.2539 0.1935
vn -0.8497 0.4905 0.1935
vn -0.6937 0.6937 0.1935
vn -0.2539 0.9477 0.1935
vn -0.9482 -0.2541 0.1906
vn -0.6941 -0.6941 0.1906
vn 0.2541 0.9482 0.1906
vn 0.6941 0.6941 0.1906
vn -0.2541 -0.9482 0.1906
vn -0.1586 -0.1586 0.9745
vn -0.2166 -0.0580 0.9745
vn 0.2541 -0.9482 0.1906
vn 0.9659 0.2588 -0.0000
vn 0.6941 -0.6941 0.1906
vn -0.9482 0.2541 0.1906
vn 0.9482 0.2541 0.1906
vn -0.6941 0.6941 0.1906
vn 0.9482 -0.2541 0.1906
vn -0.2541 0.9482 0.1906
vn -0.0000 0.3799 0.9250
vn -0.2388 0.8913 0.3855
vn -0.0000 0.9227 0.3855
vn -0.0983 0.3670 0.9250
vn -0.4905 0.8497 0.1935
vn -0.4614 0.7991 0.3855
vn 0.0983 0.3669 0.9250
vn 0.2388 0.8913 0.3855
vn 0.1899 0.3290 0.9250
vn 0.4614 0.7991 0.3855
vn 0.2539 0.9477 0.1935
vn 0.2686 0.2686 0.9250
vn 0.6525 0.6525 0.3855
vn 0.3290 0.1900 0.9250
vn 0.7991 0.4614 0.3855
vn 0.8913 0.2388 0.3855
vn 0.3669 0.0983 0.9250
vn 0.9227 -0.0000 0.3855
vn 0.3669 -0.0983 0.9250
vn 0.8913 -0.2388 0.3855
vn 0.3290 -0.1899 0.9250
vn 0.7991 -0.4614 0.3855
vn 0.9477 -0.2539 0.1935
vn 0.2686 -0.2686 0.9250
vn 0.6525 -0.6525 0.3855
vn 0.1899 -0.3290 0.9250
vn 0.4614 -0.7991 0.3855
vn 0.0983 -0.3669 0.9250
vn 0.2388 -0.8913 0.3855
vn -0.0000 -0.3799 0.9250
vn -0.0000 -0.9227 0.3855
vn -0.0983 -0.3670 0.9250
vn -0.2388 -0.8913 0.3855
vn -0.0000 -0.9811 0.1935
vn -0.1899 -0.3290 0.9250
vn -0.4613 -0.7991 0.3855
vn -0.2686 -0.2686 0.9250
vn -0.6525 -0.6525 0.3855
vn -0.4905 -0.8497 0.1935
vn -0.7991 -0.4614 0.3855
vn -0.3290 -0.1899 0.9250
vn -0.8913 -0.2388 0.3855
vn -0.3799 -0.0000 0.9250
vn -0.9811 -0.0000 0.1935
vn -0.9227 -0.0000 0.3855
vn -0.3669 0.0983 0.9250
vn -0.8913 0.2388 0.3855
vn -0.3290 0.1899 0.9250
vn -0.7991 0.4614 0.3855
vn -0.2686 0.2686 0.9250
vn -0.6525 0.6525 0.3855
vn -0.1899 0.3290 0.9250
vn 0.0580 0.2166 0.9745
vn -0.0983 0.3669 0.9250
vn -0.0580 0.2166 0.9745
vn 0.2386 0.8913 0.3855
vn 0.1586 0.1586 0.9745
vn 0.0983 0.3670 0.9250
vn 0.2390 0.8912 0.3855
vn 0.2166 0.0580 0.9745
vn 0.2166 -0.0580 0.9745
vn 0.1586 -0.1586 0.9745
vn 0.6525 -0.6524 0.3855
vn 0.0580 -0.2166 0.9745
vn -0.0983 -0.3669 0.9250
vn -0.0580 -0.2166 0.9745
vn -0.6525 -0.6524 0.3855
vn -0.3669 -0.0983 0.9250
vn -0.2166 0.0580 0.9745
vn -0.1586 0.1586 0.9745
vn -0.6525 0.6524 0.3855
vn 0.7046 0.7096 -0.0001
vn 0.7049 0.7093 -0.0001
vn 0.8719 0.4896 -0.0001
vn 0.8735 0.4869 0.0028
vn 0.9601 0.2795 -0.0125
vn 0.8734 -0.4869 0.0033
vn 0.9591 -0.2826 -0.0138
vn 0.8720 -0.4894 0.0001
vn 0.7046 -0.7096 0.0001
vn 0.3009 -0.9536 -0.0000
vn 0.7049 -0.7093 0.0001
vn -0.9946 0.1039 -0.0000
vn -0.9994 0.0354 -0.0000
vn -0.1822 0.6801 -0.7101
vn -0.0000 0.7041 -0.7101
vn -0.3520 0.6097 -0.7101
vn -0.4978 0.4978 -0.7101
vn -0.6097 0.3520 -0.7101
vn -0.6801 0.1822 -0.7101
vn -0.7041 -0.0000 -0.7101
vn -0.6801 -0.1822 -0.7101
vn -0.6097 -0.3520 -0.7101
vn -0.4979 -0.4979 -0.7101
vn -0.3520 -0.6097 -0.7101
vn -0.1822 -0.6801 -0.7101
vn -0.0000 -0.7041 -0.7101
vn 0.1822 -0.6801 -0.7101
vn 0.3520 -0.6097 -0.7101
vn 0.4957 -0.4979 -0.7116
vn 0.4965 -0.4977 -0.7112
vn 0.6087 -0.3498 -0.7121
vn 0.6087 -0.3497 -0.7122
vn 0.6901 -0.1762 -0.7020
vn 0.6902 -0.1763 -0.7018
vn 0.7221 0.0004 -0.6918
vn 0.6911 0.1768 -0.7008
vn 0.6911 0.1767 -0.7008
vn 0.6095 0.3498 -0.7114
vn 0.6096 0.3499 -0.7113
vn 0.4967 0.4978 -0.7110
vn 0.4960 0.4979 -0.7114
vn 0.3520 0.6097 -0.7101
vn 0.1822 0.6801 -0.7101
vn -0.1045 -0.1810 -0.9779
vn 0.1810 -0.1045 -0.9779
vn 0.2019 -0.0541 -0.9779
vn 0.0541 0.2019 -0.9779
vn -0.1045 0.1810 -0.9779
vn -0.1478 0.1478 -0.9779
vn -0.1810 -0.1045 -0.9779
vn -0.1478 -0.1478 -0.9779
vn 0.1478 -0.1478 -0.9779
vn 0.1045 0.1810 -0.9779
vn -0.2019 -0.0541 -0.9779
vn 0.0541 -0.2019 -0.9779
vn 0.1045 -0.1810 -0.9779
vn 0.1810 0.1045 -0.9779
vn 0.1478 0.1478 -0.9779
vn -0.2019 0.0541 -0.9779
vn -0.2090 -0.0000 -0.9779
vn -0.0000 -0.2090 -0.9779
vn 0.2019 0.0541 -0.9779
vn -0.1810 0.1045 -0.9779
vn -0.0541 -0.2019 -0.9779
vn 0.2090 -0.0000 -0.9779
vn -0.0000 0.2090 -0.9779
vn -0.2539 0.9477 -0.1935
vn 0.2539 0.9477 -0.1935
vn -0.0000 0.9811 -0.1935
vn 0.4905 0.8497 -0.1935
vn 0.6937 0.6937 -0.1935
vn 0.9477 0.2539 -0.1935
vn 0.8497 0.4905 -0.1935
vn 0.9660 -0.2586 -0.0000
vn 0.9811 -0.0000 -0.1935
vn 0.6937 -0.6937 -0.1935
vn 0.8497 -0.4905 -0.1935
vn 0.4905 -0.8497 -0.1935
vn 0.2539 -0.9477 -0.1935
vn -0.0000 -0.9811 -0.1935
vn -0.2539 -0.9477 -0.1935
vn -0.4906 -0.8497 -0.1935
vn -0.6937 -0.6937 -0.1935
vn -0.9477 -0.2539 -0.1935
vn -0.8497 -0.4906 -0.1935
vn -0.9477 0.2539 -0.1935
vn -0.9811 -0.0000 -0.1935
vn -0.8497 0.4905 -0.1935
vn -0.4906 0.8497 -0.1935
vn -0.6937 0.6937 -0.1935
vn -0.9483 -0.2540 -0.1904
vn -0.7073 -0.7069 -0.0000
vn 0.6941 0.6941 -0.1906
vn -0.2541 -0.9482 -0.1906
vn -0.7069 -0.7073 -0.0000
vn -0.6940 -0.6943 -0.1907
vn 0.2541 -0.9482 -0.1906
vn 0.6941 -0.6941 -0.1906
vn -0.9482 0.2541 -0.1906
vn 0.9482 0.2541 -0.1906
vn -0.6941 0.6941 -0.1906
vn 0.9482 -0.2541 -0.1906
vn -0.2541 0.9482 -0.1906
vn -0.0983 0.3669 -0.9250
vn -0.0000 0.3799 -0.9250
vn -0.2388 0.8913 -0.3855
vn -0.0000 0.9227 -0.3855
vn -0.0541 0.2019 -0.9779
vn 0.0983 0.3670 -0.9250
vn 0.2388 0.8913 -0.3855
vn 0.1899 0.3290 -0.9250
vn 0.4614 0.7991 -0.3855
vn 0.2686 0.2686 -0.9250
vn 0.6525 0.6525 -0.3855
vn 0.3290 0.1900 -0.9250
vn 0.7991 0.4614 -0.3855
vn 0.3669 0.0983 -0.9250
vn 0.8913 0.2388 -0.3855
vn 0.3799 -0.0000 -0.9250
vn 0.9227 -0.0000 -0.3855
vn 0.3669 -0.0983 -0.9250
vn 0.8913 -0.2388 -0.3855
vn 0.9476 -0.2539 -0.1937
vn 0.3290 -0.1899 -0.9250
vn 0.7991 -0.4614 -0.3855
vn 0.2686 -0.2686 -0.9250
vn 0.6525 -0.6525 -0.3855
vn 0.1899 -0.3290 -0.9250
vn 0.4613 -0.7991 -0.3855
vn 0.0983 -0.3669 -0.9250
vn 0.2388 -0.8913 -0.3855
vn -0.0000 -0.3799 -0.9250
vn -0.0000 -0.9227 -0.3855
vn -0.0983 -0.3669 -0.9250
vn -0.2388 -0.8913 -0.3855
vn -0.1899 -0.3290 -0.9250
vn -0.4614 -0.7991 -0.3855
vn -0.2686 -0.2686 -0.9250
vn -0.6525 -0.6525 -0.3855
vn -0.3290 -0.1899 -0.9250
vn -0.7991 -0.4614 -0.3855
vn -0.3669 -0.0983 -0.9250
vn -0.8913 -0.2388 -0.3855
vn -0.3799 -0.0000 -0.9250
vn -0.9227 -0.0000 -0.3855
vn -0.3669 0.0983 -0.9250
vn -0.8913 0.2388 -0.3855
vn -0.3290 0.1899 -0.9250
vn -0.7991 0.4614 -0.3855
vn -0.2686 0.2686 -0.9250
vn -0.6525 0.6525 -0.3855
vn -0.1899 0.3290 -0.9250
vn -0.4614 0.7991 -0.3855
vn 0.0580 0.2166 -0.9745
vn -0.0983 0.3670 -0.9250
vn 0.0983 0.3669 -0.9250
vn 0.2541 0.9482 -0.1906
vn 0.1586 0.1586 -0.9745
vn 0.2166 0.0580 -0.9745
vn 0.2166 -0.0580 -0.9745
vn 0.1586 -0.1586 -0.9745
vn 0.6525 -0.6524 -0.3855
vn 0.0580 -0.2166 -0.9745
vn -0.0580 -0.2166 -0.9745
vn -0.0983 -0.3670 -0.9250
vn -0.1586 -0.1586 -0.9745
vn -0.2166 -0.0580 -0.9745
vn -0.9481 -0.2542 -0.1908
vn -0.8912 -0.2390 -0.3855
vn -0.2166 0.0580 -0.9745
vn -0.8913 -0.2386 -0.3855
vn -0.1586 0.1586 -0.9745
vn -0.6524 0.6525 -0.3855
vn -0.0580 0.2166 -0.9745
vn 0.8731 0.4875 -0.0030
vn 0.8737 -0.4865 -0.0031
vn 0.9282 -0.3684 0.0528
vn 0.9283 -0.3682 -0.0517
vn 0.9289 0.3673 -0.0476
vn 0.9290 0.3671 0.0463
vn 0.9999 0.0007 -0.0105
vn 0.9716 0.2368 -0.0023
vn -0.0218 0.9685 -0.2480
vn 0.0138 0.7316 -0.6816
vn -0.0227 0.9705 -0.2402
vn -0.0275 0.9695 0.2434
vn 0.0063 0.7298 0.6837
vn -0.0266 0.9670 0.2533
vn 0.0144 -0.7028 0.7113
vn 0.0132 -0.2697 0.9629
vn 0.0129 -0.7317 0.6815
vn 0.0124 -0.2497 0.9682
vn 0.0107 0.2678 0.9634
vn 0.0151 0.7022 -0.7118
vn 0.0132 0.2685 -0.9632
vn 0.0078 0.7035 0.7107
vn -0.0226 -0.9684 0.2484
vn -0.0234 -0.9702 0.2411
vn 0.0054 -0.7299 -0.6836
vn -0.0274 -0.9669 -0.2537
vn -0.0282 -0.9693 -0.2443
vn 0.9977 0.0675 -0.0076
vn 0.9975 -0.0693 -0.0096
vn 0.9979 0.0647 0.0078
vn 0.9974 -0.0719 0.0092
vn 0.0124 0.2501 -0.9681
vn 0.0108 -0.2690 -0.9631
vn 0.0071 -0.7040 -0.7102
vn 0.9968 0.0791 -0.0098
vn 0.9980 0.0622 -0.0112
vn 0.9986 0.0508 -0.0173
vn 0.9999 0.0053 0.0122
vn 0.9993 -0.0258 0.0282
vn 0.9974 -0.0624 0.0370
vn 0.9999 -0.0051 -0.0128
vn 0.9993 0.0259 -0.0282
vn 0.9974 0.0624 -0.0370
vn 0.9953 0.0906 -0.0354
vn 0.9948 0.0991 -0.0226
vn 0.9953 0.0956 -0.0127
vn -0.0096 -0.9879 0.1546
vn -0.0104 -0.7824 0.6227
vn -0.0096 -0.9882 0.1532
vn -0.0107 -0.7783 0.6278
vn -0.0112 -0.3635 0.9315
vn -0.0115 -0.3602 0.9328
vn -0.0116 0.1575 0.9874
vn -0.0107 0.6274 0.7787
vn -0.0117 0.1540 0.9880
vn -0.0099 0.8079 0.5893
vn -0.0108 0.6332 0.7739
vn -0.0096 0.9879 -0.1546
vn -0.0090 0.9943 0.1063
vn -0.0100 0.7822 -0.6229
vn -0.0095 0.9881 -0.1534
vn -0.0107 0.7783 -0.6278
vn -0.0116 0.3638 -0.9314
vn -0.0111 0.3599 -0.9329
vn -0.0116 -0.1575 -0.9874
vn -0.0107 -0.6274 -0.7787
vn -0.0115 -0.1543 -0.9880
vn -0.0096 -0.9327 -0.3606
vn -0.0108 -0.6332 -0.7739
vn -0.0099 -0.9347 -0.3554
vn -0.9452 -0.3264 -0.0000
vn -0.8771 -0.4802 -0.0000
vn -0.8772 -0.4802 -0.0000
vn -0.9912 -0.1326 -0.0000
vn -0.8421 -0.5393 -0.0000
vn 0.9239 -0.3827 -0.0000
vn 0.4960 -0.4979 0.7114
vn 0.7221 0.0001 0.6918
vn 0.4958 0.4979 0.7116
vn 0.9476 0.2539 0.1938
vn 0.3799 -0.0000 0.9250
vn -0.3670 -0.0983 0.9250
vn 0.0983 -0.3670 0.9250
vn 0.9718 -0.2356 -0.0015
vn 0.9659 -0.2590 -0.0000
vn 0.0100 0.2522 0.9676
vn 0.0103 -0.2517 -0.9677
vn 0.9997 0.0229 -0.0061
vn 0.9992 0.0356 -0.0170
vn 0.9990 0.0406 -0.0199
vn -0.0101 0.8079 0.5892
vt 0.937279 0.336922
vt 0.921626 0.266313
vt 0.921626 0.336922
vt 0.463048 0.302864
vt 0.460085 0.279747
vt 0.454844 0.303365
vt 0.459807 0.224464
vt 0.465476 0.198729
vt 0.460086 0.191903
vt 0.837467 0.228442
vt 0.821887 0.240138
vt 0.837467 0.240138
vt 0.837467 0.023554
vt 0.821887 0.001953
vt 0.821887 0.023554
vt 0.929606 0.262324
vt 0.945186 0.190256
vt 0.929606 0.190256
vt 0.821887 0.133841
vt 0.837467 0.155441
vt 0.837467 0.133841
vt 0.837467 0.261738
vt 0.295514 0.585035
vt 0.223447 0.606636
vt 0.295514 0.606636
vt 0.961522 0.850307
vt 0.980957 0.815174
vt 0.961522 0.815174
vt 0.821887 0.035249
vt 0.459943 0.267860
vt 0.535065 0.280092
vt 0.535329 0.268168
vt 0.837467 0.129851
vt 0.821887 0.108250
vt 0.821887 0.129851
vt 0.821887 0.167137
vt 0.837467 0.167137
vt 0.837467 0.096555
vt 0.821887 0.096555
vt 0.223447 0.573339
vt 0.295514 0.573339
vt 0.530453 0.287122
vt 0.531878 0.302925
vt 0.821887 0.228442
vt 0.837467 0.203136
vt 0.821887 0.203136
vt 0.837467 0.035249
vt 0.821887 0.060556
vt 0.837467 0.060556
vt 0.821887 0.071248
vt 0.535326 0.180304
vt 0.460344 0.179980
vt 0.465036 0.260919
vt 0.821887 0.192443
vt 0.964998 0.970610
vt 0.945564 0.963930
vt 0.945564 0.970610
vt 0.964998 0.946095
vt 0.945564 0.932250
vt 0.945564 0.946095
vt 0.535620 0.235599
vt 0.535662 0.224713
vt 0.837467 0.192443
vt 0.540560 0.156685
vt 0.530578 0.173405
vt 0.463521 0.157146
vt 0.464952 0.172948
vt 0.530383 0.199135
vt 0.465001 0.217537
vt 0.530164 0.217915
vt 0.529943 0.261339
vt 0.465262 0.242143
vt 0.535474 0.192192
vt 0.454844 0.156265
vt 0.945186 0.262324
vt 0.952419 0.193825
vt 0.540555 0.303811
vt 0.459765 0.235347
vt 0.530424 0.242527
vt 0.464831 0.286647
vt 0.944545 0.266313
vt 0.937279 0.266313
vt 0.241914 0.559872
vt 0.277047 0.559872
vt 0.277047 0.546027
vt 0.295514 0.537341
vt 0.277047 0.539346
vt 0.241914 0.539346
vt 0.223447 0.548033
vt 0.241914 0.546027
vt 0.241914 0.525501
vt 0.223447 0.537341
vt 0.295514 0.548033
vt 0.277047 0.525501
vt 0.964998 0.984455
vt 0.945564 0.984455
vt 0.964998 0.925570
vt 0.945564 0.911725
vt 0.945564 0.925570
vt 0.964998 0.932250
vt 0.961522 0.811185
vt 0.980957 0.776051
vt 0.961522 0.776051
vt 0.964998 0.963930
vt 0.945564 0.950085
vt 0.373386 0.060831
vt 0.263343 0.072479
vt 0.373386 0.072479
vt 0.373386 0.049155
vt 0.263343 0.060831
vt 0.263343 0.037428
vt 0.263343 0.049155
vt 0.373386 0.037428
vt 0.263343 0.025646
vt 0.373386 0.025646
vt 0.263343 0.013813
vt 0.373386 0.001953
vt 0.373386 0.013813
vt 0.373386 0.284056
vt 0.263343 0.272196
vt 0.263343 0.284056
vt 0.373386 0.272196
vt 0.263343 0.260364
vt 0.373386 0.248581
vt 0.373386 0.260364
vt 0.373386 0.236855
vt 0.263343 0.248581
vt 0.263343 0.225178
vt 0.263343 0.236855
vt 0.373386 0.213530
vt 0.373386 0.225178
vt 0.263343 0.201883
vt 0.263343 0.213530
vt 0.373386 0.190206
vt 0.373386 0.201883
vt 0.263343 0.178480
vt 0.263343 0.190206
vt 0.373386 0.166697
vt 0.373386 0.178480
vt 0.373386 0.154865
vt 0.263343 0.166697
vt 0.373386 0.143005
vt 0.263343 0.154865
vt 0.263343 0.131144
vt 0.263343 0.143005
vt 0.373386 0.119312
vt 0.373386 0.131144
vt 0.263343 0.107529
vt 0.263343 0.119312
vt 0.373386 0.107529
vt 0.263343 0.095803
vt 0.373386 0.095803
vt 0.263343 0.084127
vt 0.373386 0.084127
vt 0.618768 0.623727
vt 0.624592 0.578712
vt 0.612944 0.578655
vt 0.367423 0.638066
vt 0.373247 0.592993
vt 0.361600 0.593050
vt 0.635843 0.581836
vt 0.350349 0.596174
vt 0.645930 0.587815
vt 0.340261 0.602153
vt 0.654166 0.596241
vt 0.332025 0.610579
vt 0.659990 0.606541
vt 0.326201 0.620879
vt 0.663005 0.618012
vt 0.323187 0.632350
vt 0.663005 0.629872
vt 0.323187 0.644210
vt 0.659990 0.641313
vt 0.326201 0.655652
vt 0.654166 0.651557
vt 0.332025 0.665895
vt 0.645930 0.659903
vt 0.340261 0.674241
vt 0.635843 0.665784
vt 0.350349 0.680123
vt 0.624592 0.668800
vt 0.361600 0.683138
vt 0.612944 0.668743
vt 0.373247 0.683081
vt 0.601693 0.665619
vt 0.384498 0.679957
vt 0.591606 0.659640
vt 0.394585 0.673978
vt 0.583370 0.651214
vt 0.402821 0.665552
vt 0.577546 0.640914
vt 0.408645 0.655252
vt 0.574532 0.629443
vt 0.411660 0.643781
vt 0.574532 0.617583
vt 0.411660 0.631921
vt 0.577546 0.606141
vt 0.408645 0.620479
vt 0.402821 0.610236
vt 0.591606 0.587552
vt 0.583370 0.595898
vt 0.394585 0.601890
vt 0.601693 0.581670
vt 0.384498 0.596008
vt 0.449255 0.249385
vt 0.402979 0.302060
vt 0.449255 0.302060
vt 0.402979 0.450872
vt 0.449255 0.398198
vt 0.402979 0.398198
vt 0.449255 0.386181
vt 0.449255 0.374163
vt 0.402979 0.386181
vt 0.402979 0.362146
vt 0.402979 0.374163
vt 0.835610 0.508619
vt 0.774011 0.455945
vt 0.774011 0.508619
vt 0.271322 0.806912
vt 0.332920 0.754237
vt 0.271322 0.754237
vt 0.706666 0.670951
vt 0.689022 0.678264
vt 0.706666 0.678264
vt 0.689022 0.685577
vt 0.706666 0.685577
vt 0.813907 0.557922
vt 0.851922 0.548859
vt 0.813907 0.548859
vt 0.813907 0.566984
vt 0.851922 0.557922
vt 0.577281 0.153335
vt 0.554584 0.140720
vt 0.554584 0.153335
vt 0.577281 0.128105
vt 0.577281 0.140720
vt 0.554584 0.115490
vt 0.554584 0.128105
vt 0.577281 0.102874
vt 0.577281 0.115490
vt 0.554584 0.090259
vt 0.554584 0.102874
vt 0.577281 0.077644
vt 0.577281 0.090259
vt 0.554584 0.065029
vt 0.554584 0.077644
vt 0.577281 0.065029
vt 0.554584 0.052414
vt 0.577281 0.039799
vt 0.577281 0.052414
vt 0.577281 0.027183
vt 0.554584 0.039799
vt 0.554584 0.014568
vt 0.554584 0.027183
vt 0.577281 0.014568
vt 0.554584 0.001953
vt 0.070120 0.541301
vt 0.031958 0.532384
vt 0.031946 0.544900
vt 0.070135 0.523533
vt 0.031953 0.519884
vt 0.554584 0.178565
vt 0.577281 0.165950
vt 0.554584 0.165950
vt 0.386109 0.121455
vt 0.379041 0.109499
vt 0.379041 0.121455
vt 0.379041 0.133410
vt 0.379041 0.145365
vt 0.386109 0.133410
vt 0.379041 0.157320
vt 0.386109 0.145365
vt 0.379041 0.169275
vt 0.386109 0.157320
vt 0.379041 0.181231
vt 0.386109 0.169275
vt 0.386109 0.193186
vt 0.379041 0.193186
vt 0.379041 0.205141
vt 0.379041 0.217096
vt 0.386109 0.205141
vt 0.379041 0.229051
vt 0.386109 0.217096
vt 0.379041 0.241007
vt 0.386109 0.229051
vt 0.379041 0.252962
vt 0.386109 0.241007
vt 0.386109 0.264917
vt 0.379041 0.264917
vt 0.379041 0.276872
vt 0.379041 0.288828
vt 0.386109 0.276872
vt 0.386109 0.013920
vt 0.379041 0.001953
vt 0.379041 0.013920
vt 0.379041 0.025895
vt 0.379041 0.037796
vt 0.386109 0.025895
vt 0.386109 0.049692
vt 0.379041 0.049692
vt 0.386109 0.061665
vt 0.379041 0.061665
vt 0.379041 0.073634
vt 0.386109 0.085589
vt 0.379041 0.085589
vt 0.386109 0.097544
vt 0.379041 0.097544
vt 0.318992 0.613501
vt 0.304674 0.606408
vt 0.304674 0.613501
vt 0.402979 0.143961
vt 0.411730 0.154105
vt 0.411730 0.143961
vt 0.402979 0.164248
vt 0.411730 0.164248
vt 0.402979 0.174392
vt 0.411730 0.174392
vt 0.402979 0.184535
vt 0.411730 0.184535
vt 0.402979 0.194679
vt 0.411730 0.194679
vt 0.402979 0.204822
vt 0.411730 0.204822
vt 0.411730 0.214966
vt 0.402979 0.214966
vt 0.411730 0.225109
vt 0.402979 0.225109
vt 0.411730 0.235252
vt 0.402979 0.235252
vt 0.411730 0.245396
vt 0.411730 0.001953
vt 0.402979 0.012097
vt 0.411730 0.012097
vt 0.402979 0.022240
vt 0.411730 0.022240
vt 0.402979 0.032383
vt 0.411730 0.032383
vt 0.402979 0.042527
vt 0.411730 0.042527
vt 0.411730 0.052670
vt 0.402979 0.052670
vt 0.411730 0.062814
vt 0.402979 0.062814
vt 0.411730 0.072957
vt 0.402979 0.072957
vt 0.411730 0.083101
vt 0.402979 0.093244
vt 0.411730 0.093244
vt 0.411730 0.103388
vt 0.402979 0.113531
vt 0.411730 0.113531
vt 0.402979 0.123674
vt 0.411730 0.123674
vt 0.402979 0.133818
vt 0.411730 0.133818
vt 0.318992 0.492923
vt 0.304674 0.485831
vt 0.304674 0.492923
vt 0.318992 0.535480
vt 0.304674 0.528387
vt 0.304674 0.535480
vt 0.304674 0.563851
vt 0.318992 0.556759
vt 0.304674 0.556759
vt 0.318992 0.599315
vt 0.304674 0.599315
vt 0.318992 0.478738
vt 0.304674 0.478738
vt 0.318992 0.549666
vt 0.304674 0.549666
vt 0.304674 0.592223
vt 0.304674 0.648965
vt 0.318992 0.641872
vt 0.304674 0.641872
vt 0.318992 0.521295
vt 0.304674 0.521295
vt 0.318992 0.585130
vt 0.304674 0.585130
vt 0.304674 0.634779
vt 0.304674 0.514202
vt 0.304674 0.578037
vt 0.318992 0.634779
vt 0.304674 0.627687
vt 0.318992 0.507109
vt 0.304674 0.507109
vt 0.318992 0.570944
vt 0.304674 0.570944
vt 0.318992 0.627687
vt 0.304674 0.620594
vt 0.304674 0.500016
vt 0.318992 0.620594
vt 0.318992 0.542573
vt 0.304674 0.542573
vt 0.454844 0.396977
vt 0.458585 0.388014
vt 0.454844 0.388014
vt 0.454844 0.379051
vt 0.458585 0.370088
vt 0.454844 0.370088
vt 0.458585 0.361125
vt 0.454844 0.361125
vt 0.458585 0.352162
vt 0.454844 0.352162
vt 0.454844 0.343199
vt 0.458585 0.334236
vt 0.454844 0.334236
vt 0.454844 0.325273
vt 0.458585 0.316310
vt 0.454844 0.316310
vt 0.454844 0.307347
vt 0.458585 0.522458
vt 0.454844 0.513495
vt 0.454844 0.522458
vt 0.458585 0.513495
vt 0.454844 0.504532
vt 0.458585 0.504532
vt 0.454844 0.495569
vt 0.458585 0.486606
vt 0.454844 0.486606
vt 0.454844 0.477643
vt 0.458585 0.468680
vt 0.454844 0.468680
vt 0.458585 0.459717
vt 0.454844 0.459717
vt 0.454844 0.450754
vt 0.458585 0.450754
vt 0.454844 0.441791
vt 0.458585 0.432829
vt 0.454844 0.432829
vt 0.458585 0.423866
vt 0.454844 0.423866
vt 0.454844 0.414903
vt 0.458585 0.414903
vt 0.454844 0.405940
vt 0.458585 0.396977
vt 0.897689 0.333024
vt 0.901971 0.337476
vt 0.901971 0.333024
vt 0.922814 0.506008
vt 0.925547 0.499448
vt 0.922814 0.499448
vt 0.901971 0.435427
vt 0.897689 0.439879
vt 0.901971 0.439879
vt 0.925547 0.538813
vt 0.922814 0.532252
vt 0.922814 0.538813
vt 0.901971 0.386452
vt 0.897689 0.390904
vt 0.901971 0.390904
vt 0.925547 0.492887
vt 0.922814 0.492887
vt 0.897689 0.430975
vt 0.901971 0.430975
vt 0.901971 0.381999
vt 0.897689 0.386452
vt 0.901971 0.426522
vt 0.178402 0.445306
vt 0.167600 0.442372
vt 0.175498 0.450314
vt 0.897689 0.377547
vt 0.901971 0.377547
vt 0.925547 0.486326
vt 0.922814 0.486326
vt 0.897689 0.422070
vt 0.901971 0.422070
vt 0.897689 0.373095
vt 0.901971 0.373095
vt 0.897689 0.417618
vt 0.901971 0.417618
vt 0.901971 0.368643
vt 0.922814 0.479765
vt 0.897689 0.413165
vt 0.901971 0.413165
vt 0.570804 0.953190
vt 0.566552 0.949298
vt 0.566552 0.953750
vt 0.571667 0.946638
vt 0.567705 0.944997
vt 0.569931 0.941141
vt 0.575690 0.941395
vt 0.573079 0.937993
vt 0.576935 0.935767
vt 0.581795 0.938866
vt 0.581235 0.934614
vt 0.585688 0.934614
vt 0.588347 0.939729
vt 0.589988 0.935767
vt 0.593844 0.937993
vt 0.593590 0.943752
vt 0.596992 0.941141
vt 0.599218 0.944997
vt 0.596119 0.949857
vt 0.600371 0.949298
vt 0.600371 0.953750
vt 0.595257 0.956409
vt 0.599218 0.958050
vt 0.596992 0.961906
vt 0.591233 0.961652
vt 0.593844 0.965054
vt 0.589988 0.967281
vt 0.585128 0.964181
vt 0.585688 0.968433
vt 0.581235 0.968433
vt 0.578576 0.963319
vt 0.576935 0.967281
vt 0.573079 0.965054
vt 0.573333 0.959296
vt 0.569931 0.961906
vt 0.567705 0.958050
vt 0.897689 0.337476
vt 0.901971 0.341929
vt 0.925547 0.512569
vt 0.922814 0.512569
vt 0.922814 0.545373
vt 0.897689 0.346381
vt 0.901971 0.346381
vt 0.897689 0.395356
vt 0.901971 0.399809
vt 0.901971 0.395356
vt 0.901971 0.350833
vt 0.925547 0.519130
vt 0.922814 0.519130
vt 0.925547 0.551934
vt 0.922814 0.551934
vt 0.897689 0.355286
vt 0.901971 0.355286
vt 0.897689 0.399809
vt 0.901971 0.404261
vt 0.901971 0.359738
vt 0.925547 0.525691
vt 0.922814 0.525691
vt 0.897689 0.404261
vt 0.901971 0.408713
vt 0.925547 0.558495
vt 0.922814 0.558495
vt 0.897689 0.364190
vt 0.901971 0.364190
vt 0.897689 0.408713
vt 0.303239 0.542573
vt 0.460116 0.396977
vt 0.460116 0.388014
vt 0.303239 0.549666
vt 0.458585 0.405940
vt 0.460116 0.405940
vt 0.303239 0.535480
vt 0.460116 0.379051
vt 0.303239 0.528387
vt 0.460116 0.370088
vt 0.458585 0.379051
vt 0.303239 0.521295
vt 0.460116 0.361125
vt 0.303239 0.514202
vt 0.460116 0.352162
vt 0.460116 0.343199
vt 0.303239 0.507109
vt 0.460116 0.334236
vt 0.303239 0.492923
vt 0.460116 0.325273
vt 0.303239 0.485831
vt 0.460116 0.316310
vt 0.458585 0.325273
vt 0.303239 0.478738
vt 0.460116 0.307347
vt 0.303239 0.641872
vt 0.460116 0.513495
vt 0.460116 0.522458
vt 0.303239 0.634779
vt 0.460116 0.504532
vt 0.303239 0.627687
vt 0.460116 0.495569
vt 0.303239 0.620594
vt 0.460116 0.486606
vt 0.458585 0.495569
vt 0.303239 0.613501
vt 0.460116 0.477643
vt 0.303239 0.606408
vt 0.460116 0.468680
vt 0.458585 0.477643
vt 0.460116 0.459717
vt 0.303239 0.599315
vt 0.460116 0.450754
vt 0.303239 0.585130
vt 0.458585 0.441791
vt 0.460116 0.441791
vt 0.303239 0.578037
vt 0.460116 0.432829
vt 0.303239 0.570944
vt 0.460116 0.423866
vt 0.303239 0.563851
vt 0.460116 0.414903
vt 0.303239 0.556759
vt 0.156784 0.445278
vt 0.158828 0.451144
vt 0.159677 0.450293
vt 0.921626 0.532252
vt 0.921626 0.525691
vt 0.156785 0.439487
vt 0.155624 0.445591
vt 0.921626 0.538813
vt 0.159683 0.434470
vt 0.155624 0.439179
vt 0.921626 0.545373
vt 0.164383 0.430410
vt 0.164704 0.431568
vt 0.921626 0.551934
vt 0.170520 0.431533
vt 0.921626 0.558495
vt 0.175530 0.434486
vt 0.170872 0.430387
vt 0.921626 0.486326
vt 0.921626 0.479765
vt 0.179576 0.439208
vt 0.178414 0.439515
vt 0.921626 0.492887
vt 0.179563 0.445619
vt 0.921626 0.499448
vt 0.176347 0.451164
vt 0.921626 0.506008
vt 0.170479 0.453200
vt 0.921626 0.512569
vt 0.164689 0.453193
vt 0.170790 0.454361
vt 0.921626 0.519130
vt 0.164379 0.454354
vt 0.925547 0.532252
vt 0.031957 0.494589
vt 0.125722 0.481953
vt 0.031953 0.481975
vt 0.125726 0.494569
vt 0.078839 0.507219
vt 0.125730 0.507209
vt 0.087560 0.523475
vt 0.125737 0.557538
vt 0.087566 0.541243
vt 0.078856 0.557549
vt 0.883023 0.095719
vt 0.870408 0.001953
vt 0.870408 0.095719
vt 0.857793 0.024650
vt 0.857793 0.073022
vt 0.031958 0.570196
vt 0.125739 0.570183
vt 0.690726 0.810553
vt 0.642355 0.801183
vt 0.642355 0.810553
vt 0.138205 0.779159
vt 0.129127 0.690330
vt 0.118900 0.697716
vt 0.407523 0.677864
vt 0.423169 0.670303
vt 0.410619 0.669021
vt 0.105768 0.719007
vt 0.110932 0.707497
vt 0.140917 0.685843
vt 0.425882 0.763619
vt 0.434960 0.674790
vt 0.582511 0.153335
vt 0.605208 0.140720
vt 0.582511 0.140720
vt 0.605208 0.128105
vt 0.582511 0.128105
vt 0.582511 0.115489
vt 0.605208 0.115489
vt 0.582511 0.102874
vt 0.605208 0.090259
vt 0.582511 0.090259
vt 0.605208 0.077644
vt 0.582511 0.077644
vt 0.605208 0.065029
vt 0.582511 0.065029
vt 0.605208 0.052414
vt 0.582511 0.052414
vt 0.605208 0.039799
vt 0.582511 0.039799
vt 0.582511 0.027183
vt 0.605208 0.027183
vt 0.582511 0.014568
vt 0.605208 0.014568
vt 0.605208 0.001953
vt 0.605208 0.178565
vt 0.605208 0.165950
vt 0.582511 0.165950
vt 0.391010 0.169326
vt 0.398078 0.181281
vt 0.398078 0.169326
vt 0.398078 0.157371
vt 0.391010 0.157371
vt 0.398078 0.145416
vt 0.391010 0.145416
vt 0.398078 0.133461
vt 0.391010 0.133461
vt 0.391010 0.121505
vt 0.398078 0.121505
vt 0.391010 0.109550
vt 0.398078 0.109550
vt 0.391010 0.097595
vt 0.398078 0.097595
vt 0.398078 0.085640
vt 0.391010 0.085640
vt 0.398078 0.073684
vt 0.391010 0.073684
vt 0.398078 0.061729
vt 0.391010 0.061729
vt 0.391010 0.049774
vt 0.398078 0.049774
vt 0.391010 0.037819
vt 0.398078 0.037819
vt 0.391010 0.025864
vt 0.398078 0.025864
vt 0.391010 0.013908
vt 0.398078 0.013908
vt 0.398078 0.001953
vt 0.391010 0.001953
vt 0.391010 0.288828
vt 0.398078 0.276859
vt 0.391010 0.276859
vt 0.391010 0.264885
vt 0.398078 0.264885
vt 0.391010 0.252983
vt 0.398078 0.252983
vt 0.398078 0.241088
vt 0.391010 0.241088
vt 0.398078 0.229114
vt 0.391010 0.229114
vt 0.391010 0.217147
vt 0.398078 0.217147
vt 0.391010 0.205192
vt 0.398078 0.205192
vt 0.391010 0.193237
vt 0.398078 0.193237
vt 0.391010 0.181281
vt 0.018337 0.578881
vt 0.004019 0.571788
vt 0.004019 0.578881
vt 0.418937 0.143961
vt 0.427688 0.154105
vt 0.427688 0.143961
vt 0.418937 0.154105
vt 0.427688 0.164248
vt 0.418937 0.174392
vt 0.418937 0.164248
vt 0.418937 0.184535
vt 0.427688 0.174392
vt 0.418937 0.194679
vt 0.427688 0.184535
vt 0.418937 0.204822
vt 0.427688 0.194679
vt 0.427688 0.214966
vt 0.427688 0.204822
vt 0.418937 0.225109
vt 0.418937 0.214966
vt 0.418937 0.235252
vt 0.427688 0.225109
vt 0.427688 0.245396
vt 0.427688 0.235252
vt 0.418937 0.001953
vt 0.427688 0.012097
vt 0.427688 0.001953
vt 0.418937 0.022240
vt 0.418937 0.012097
vt 0.418937 0.032383
vt 0.427688 0.022240
vt 0.418937 0.042527
vt 0.427688 0.032383
vt 0.427688 0.052670
vt 0.427688 0.042527
vt 0.418937 0.052670
vt 0.427688 0.062814
vt 0.418937 0.062814
vt 0.427688 0.072957
vt 0.418937 0.072957
vt 0.427688 0.083101
vt 0.418937 0.083101
vt 0.427688 0.093244
vt 0.418937 0.103388
vt 0.418937 0.093244
vt 0.427688 0.113531
vt 0.427688 0.103388
vt 0.418937 0.123674
vt 0.418937 0.113531
vt 0.427688 0.133818
vt 0.427688 0.123674
vt 0.418937 0.133818
vt 0.018337 0.451211
vt 0.004019 0.458304
vt 0.018337 0.458304
vt 0.018337 0.500860
vt 0.004019 0.493768
vt 0.004019 0.500860
vt 0.018337 0.522139
vt 0.004019 0.529232
vt 0.018337 0.529232
vt 0.018337 0.564696
vt 0.018337 0.571788
vt 0.004019 0.444118
vt 0.004019 0.451211
vt 0.004019 0.515046
vt 0.004019 0.522139
vt 0.004019 0.557603
vt 0.004019 0.564696
vt 0.018337 0.614345
vt 0.004019 0.607252
vt 0.004019 0.614345
vt 0.018337 0.493768
vt 0.004019 0.486675
vt 0.018337 0.557603
vt 0.004019 0.550510
vt 0.018337 0.600160
vt 0.018337 0.607252
vt 0.018337 0.479582
vt 0.018337 0.486675
vt 0.018337 0.543417
vt 0.018337 0.550510
vt 0.018337 0.593067
vt 0.004019 0.600160
vt 0.018337 0.472489
vt 0.004019 0.479582
vt 0.018337 0.536324
vt 0.004019 0.543417
vt 0.018337 0.585974
vt 0.004019 0.593067
vt 0.004019 0.465396
vt 0.004019 0.472489
vt 0.004019 0.536324
vt 0.004019 0.585974
vt 0.018337 0.465396
vt 0.004019 0.507953
vt 0.018337 0.507953
vt 0.383031 0.427261
vt 0.386772 0.418298
vt 0.383031 0.418298
vt 0.386772 0.436224
vt 0.386772 0.427261
vt 0.383031 0.436224
vt 0.386772 0.445187
vt 0.383031 0.454150
vt 0.383031 0.445187
vt 0.383031 0.463113
vt 0.386772 0.454150
vt 0.386772 0.472076
vt 0.386772 0.463113
vt 0.383031 0.481039
vt 0.383031 0.472076
vt 0.383031 0.490002
vt 0.386772 0.481039
vt 0.383031 0.498965
vt 0.386772 0.507928
vt 0.386772 0.498965
vt 0.383031 0.292817
vt 0.386772 0.301780
vt 0.386772 0.292817
vt 0.383031 0.301780
vt 0.386772 0.310743
vt 0.383031 0.310743
vt 0.386772 0.319706
vt 0.383031 0.319706
vt 0.386772 0.328669
vt 0.383031 0.328669
vt 0.386772 0.337632
vt 0.383031 0.337632
vt 0.386772 0.346595
vt 0.383031 0.355558
vt 0.383031 0.346595
vt 0.386772 0.364521
vt 0.386772 0.355558
vt 0.383031 0.373484
vt 0.383031 0.364521
vt 0.386772 0.382447
vt 0.386772 0.373484
vt 0.383031 0.391410
vt 0.383031 0.382447
vt 0.383031 0.400372
vt 0.386772 0.391410
vt 0.386772 0.409335
vt 0.386772 0.400372
vt 0.383031 0.409335
vt 0.857793 0.434492
vt 0.862075 0.430039
vt 0.857793 0.430039
vt 0.932338 0.506008
vt 0.929606 0.499448
vt 0.929606 0.506008
vt 0.857793 0.532442
vt 0.862075 0.536894
vt 0.862075 0.532442
vt 0.932338 0.538813
vt 0.929606 0.532252
vt 0.929606 0.538813
vt 0.857793 0.483467
vt 0.862075 0.487919
vt 0.862075 0.483467
vt 0.932338 0.492887
vt 0.932338 0.499448
vt 0.862075 0.527990
vt 0.857793 0.527990
vt 0.857793 0.479014
vt 0.862075 0.479014
vt 0.857793 0.523537
vt 0.862075 0.523537
vt 0.932338 0.486326
vt 0.929606 0.492887
vt 0.862075 0.519085
vt 0.857793 0.519085
vt 0.857793 0.474562
vt 0.862075 0.470110
vt 0.857793 0.470110
vt 0.857793 0.514633
vt 0.862075 0.514633
vt 0.857793 0.465658
vt 0.862075 0.465658
vt 0.932338 0.479765
vt 0.929606 0.486326
vt 0.862075 0.510180
vt 0.857793 0.510180
vt 0.435645 0.793030
vt 0.430017 0.794275
vt 0.433419 0.796886
vt 0.436797 0.788729
vt 0.432546 0.788170
vt 0.436797 0.784277
vt 0.435645 0.779976
vt 0.431683 0.781617
vt 0.433419 0.776121
vt 0.427660 0.776375
vt 0.430271 0.772972
vt 0.426415 0.770746
vt 0.421554 0.773846
vt 0.422114 0.769594
vt 0.417662 0.769594
vt 0.415002 0.774708
vt 0.413361 0.770746
vt 0.409505 0.772972
vt 0.409760 0.778731
vt 0.406357 0.776121
vt 0.404131 0.779976
vt 0.407230 0.784837
vt 0.402979 0.784277
vt 0.402979 0.788729
vt 0.408093 0.791389
vt 0.406357 0.796886
vt 0.404131 0.793030
vt 0.409505 0.800034
vt 0.412116 0.796632
vt 0.413361 0.802260
vt 0.417662 0.803412
vt 0.418222 0.799161
vt 0.422114 0.803412
vt 0.426415 0.802260
vt 0.424774 0.798298
vt 0.430271 0.800034
vt 0.862075 0.438944
vt 0.862075 0.434492
vt 0.932338 0.512569
vt 0.929606 0.512569
vt 0.929606 0.545373
vt 0.932338 0.545373
vt 0.857793 0.438944
vt 0.862075 0.443396
vt 0.857793 0.492371
vt 0.862075 0.496824
vt 0.862075 0.492371
vt 0.857793 0.447848
vt 0.857793 0.443396
vt 0.932338 0.519130
vt 0.929606 0.519130
vt 0.857793 0.487919
vt 0.929606 0.551934
vt 0.932338 0.551934
vt 0.862075 0.452301
vt 0.862075 0.447848
vt 0.857793 0.501276
vt 0.857793 0.496824
vt 0.857793 0.452301
vt 0.862075 0.456753
vt 0.932338 0.525691
vt 0.929606 0.525691
vt 0.857793 0.505728
vt 0.862075 0.501276
vt 0.929606 0.558495
vt 0.932338 0.558495
vt 0.857793 0.461205
vt 0.857793 0.456753
vt 0.862075 0.505728
vt 0.862075 0.461205
vt 0.019772 0.515046
vt 0.019772 0.507953
vt 0.388303 0.418298
vt 0.388303 0.427261
vt 0.018337 0.515046
vt 0.019772 0.500860
vt 0.388303 0.436224
vt 0.019772 0.493768
vt 0.388303 0.445187
vt 0.019772 0.486675
vt 0.388303 0.454150
vt 0.019772 0.479582
vt 0.388303 0.463113
vt 0.019772 0.472489
vt 0.388303 0.472076
vt 0.019772 0.465396
vt 0.388303 0.481039
vt 0.019772 0.458304
vt 0.388303 0.490002
vt 0.386772 0.490002
vt 0.019772 0.451211
vt 0.388303 0.498965
vt 0.018337 0.444118
vt 0.019772 0.444118
vt 0.388303 0.507928
vt 0.019772 0.614345
vt 0.019772 0.607252
vt 0.388303 0.292817
vt 0.388303 0.301780
vt 0.019772 0.600160
vt 0.388303 0.310743
vt 0.019772 0.593067
vt 0.388303 0.319706
vt 0.019772 0.585974
vt 0.388303 0.328669
vt 0.019772 0.578881
vt 0.388303 0.337632
vt 0.019772 0.571788
vt 0.388303 0.346595
vt 0.019772 0.564696
vt 0.388303 0.355558
vt 0.019772 0.557603
vt 0.388303 0.364521
vt 0.019772 0.550510
vt 0.388303 0.373484
vt 0.019772 0.543417
vt 0.388303 0.382447
vt 0.019772 0.536324
vt 0.388303 0.391410
vt 0.019772 0.529232
vt 0.388303 0.400372
vt 0.019772 0.522139
vt 0.388303 0.409335
vt 0.136836 0.655346
vt 0.138880 0.649480
vt 0.135676 0.655033
vt 0.933526 0.525691
vt 0.932338 0.532252
vt 0.933526 0.532252
vt 0.136837 0.661137
vt 0.135676 0.661445
vt 0.933526 0.538813
vt 0.138882 0.667000
vt 0.139735 0.666153
vt 0.933526 0.545373
vt 0.144435 0.670214
vt 0.144756 0.669056
vt 0.933526 0.551934
vt 0.150572 0.669091
vt 0.150845 0.670260
vt 0.933526 0.558495
vt 0.155582 0.666138
vt 0.150924 0.670237
vt 0.156439 0.666979
vt 0.933526 0.486326
vt 0.158466 0.661109
vt 0.159628 0.661416
vt 0.933526 0.492887
vt 0.158454 0.655318
vt 0.159615 0.655005
vt 0.933526 0.499448
vt 0.156399 0.649459
vt 0.155550 0.650310
vt 0.933526 0.506008
vt 0.150842 0.646263
vt 0.150531 0.647424
vt 0.933526 0.512569
vt 0.144431 0.646270
vt 0.144741 0.647431
vt 0.933526 0.519130
vt 0.139729 0.650330
vt 0.031959 0.507233
vt 0.031956 0.557560
vt 0.445187 0.682176
vt 0.458318 0.703466
vt 0.453154 0.691957
vt 0.054641 0.444124
vt 0.125715 0.456722
vt 0.103013 0.444113
vt 0.075658 0.544247
vt 0.082034 0.544225
vt 0.082032 0.520519
vt 0.075662 0.520544
vt 0.125728 0.532366
vt 0.125737 0.519862
vt 0.031950 0.469360
vt 0.125718 0.469338
vt 0.967767 0.904837
vt 0.961113 0.904160
vt 0.967212 0.907743
vt 0.974425 0.907432
vt 0.980264 0.903480
vt 0.973565 0.904566
vt 0.978371 0.885410
vt 0.983477 0.889793
vt 0.979890 0.883416
vt 0.981464 0.890492
vt 0.983595 0.897048
vt 0.962606 0.902200
vt 0.957533 0.897825
vt 0.978601 0.901617
vt 0.973187 0.882720
vt 0.973747 0.879815
vt 0.960676 0.884157
vt 0.967389 0.882966
vt 0.966487 0.880117
vt 0.090750 0.529144
vt 0.090774 0.535614
vt 0.066915 0.529173
vt 0.066917 0.535640
vt 0.959598 0.897132
vt 0.957533 0.890625
vt 0.962418 0.885992
vt 0.116798 0.801785
vt 0.120451 0.805217
vt 0.121947 0.804068
vt 0.132112 0.800147
vt 0.135544 0.796490
vt 0.134391 0.794994
vt 0.115171 0.786459
vt 0.111738 0.790114
vt 0.112891 0.791611
vt 0.111738 0.796502
vt 0.113486 0.797223
vt 0.114924 0.802032
vt 0.961523 0.421812
vt 0.965350 0.427461
vt 0.965546 0.421828
vt 0.961522 0.427467
vt 0.965110 0.433099
vt 0.961552 0.433123
vt 0.965150 0.438736
vt 0.961713 0.444432
vt 0.961615 0.438778
vt 0.961842 0.450086
vt 0.965444 0.444368
vt 0.526656 0.007608
vt 0.530679 0.002018
vt 0.526719 0.001953
vt 0.578521 0.002076
vt 0.582542 0.007589
vt 0.582542 0.001953
vt 0.961975 0.393539
vt 0.965375 0.399286
vt 0.965801 0.393659
vt 0.961819 0.399192
vt 0.965230 0.404921
vt 0.961608 0.410501
vt 0.961697 0.404846
vt 0.961551 0.416156
vt 0.965339 0.410560
vt 0.965511 0.416197
vt 0.031946 0.456745
vt 0.156564 0.693405
vt 0.153467 0.684561
vt 0.161107 0.715879
vt 0.161107 0.741831
vt 0.402979 0.700339
vt 0.642355 0.752302
vt 0.690726 0.729372
vt 0.642355 0.729372
vt 0.642355 0.778253
vt 0.690726 0.801183
vt 0.690726 0.778253
vt 0.690726 0.711506
vt 0.147652 0.658252
vt 0.837467 0.001953
vt 0.821887 0.155441
vt 0.821887 0.261738
vt 0.223447 0.585035
vt 0.980957 0.850307
vt 0.837467 0.108250
vt 0.837467 0.071248
vt 0.532356 0.157187
vt 0.952419 0.258755
vt 0.944545 0.336922
vt 0.223447 0.512034
vt 0.295514 0.512034
vt 0.964998 0.911725
vt 0.980957 0.811185
vt 0.964998 0.950085
vt 0.263343 0.001953
vt 0.402979 0.249385
vt 0.449255 0.450872
vt 0.449255 0.362146
vt 0.835610 0.455945
vt 0.833265 0.444158
vt 0.290335 0.835366
vt 0.313907 0.835366
vt 0.323899 0.828690
vt 0.332920 0.806912
vt 0.851922 0.566984
vt 0.386109 0.109499
vt 0.386109 0.181231
vt 0.386109 0.252962
vt 0.386109 0.288828
vt 0.386109 0.001953
vt 0.386109 0.037796
vt 0.386109 0.073634
vt 0.318992 0.606408
vt 0.402979 0.154105
vt 0.402979 0.245396
vt 0.402979 0.001953
vt 0.402979 0.083101
vt 0.402979 0.103388
vt 0.318992 0.485831
vt 0.318992 0.528387
vt 0.318992 0.563851
vt 0.318992 0.592223
vt 0.318992 0.648965
vt 0.318992 0.514202
vt 0.318992 0.578037
vt 0.318992 0.500016
vt 0.458585 0.307347
vt 0.925547 0.506008
vt 0.897689 0.435427
vt 0.897689 0.381999
vt 0.897689 0.426522
vt 0.897689 0.368643
vt 0.925547 0.479765
vt 0.897689 0.341929
vt 0.925547 0.545373
vt 0.897689 0.350833
vt 0.897689 0.359738
vt 0.458585 0.343199
vt 0.303239 0.500016
vt 0.303239 0.648965
vt 0.303239 0.592223
vt 0.158830 0.433624
vt 0.170793 0.430364
vt 0.176387 0.433645
vt 0.125741 0.544882
vt 0.883023 0.001953
vt 0.605208 0.153335
vt 0.605208 0.102874
vt 0.398078 0.288828
vt 0.418937 0.245396
vt 0.383031 0.507928
vt 0.857793 0.536894
vt 0.862075 0.474562
vt 0.929606 0.479765
vt 0.933526 0.479765
vt 0.981513 0.896444
vt 0.959576 0.891209
vt 0.132361 0.802019
vt 0.127555 0.803468
vt 0.126834 0.805212
vt 0.965801 0.449997
vt 0.530679 0.007649
vt 0.578717 0.007728
vt 0.690726 0.752302
vt 0.642355 0.711506
s 1
usemtl Material.003
f 4/1/1 1/2/2 3/3/2
f 12/4/3 15/5/3 2/6/3
f 30/7/3 43/8/3 24/9/3
f 23/10/4 20/11/4 15/12/4
f 14/13/5 8/14/5 17/15/5
f 5/16/6 8/17/7 7/18/6
f 5/19/4 16/20/4 6/21/4
f 20/11/4 2/22/4 15/12/4
f 14/23/8 5/24/8 7/25/8
f 26/26/6 62/27/6 27/28/6
f 21/29/5 14/13/5 17/15/5
f 23/30/9 18/31/9 22/32/9
f 3/33/5 18/34/5 4/35/5
f 16/20/4 50/36/4 24/37/4
f 18/34/5 52/38/5 22/39/5
f 50/40/8 14/23/8 49/41/8
f 39/42/9 12/4/9 11/43/9
f 51/44/4 29/45/4 56/46/4
f 49/47/5 32/48/5 53/49/5
f 52/38/5 31/50/5 22/39/5
f 24/9/9 17/51/9 16/52/9
f 22/32/10 42/53/10 23/30/10
f 55/54/4 24/37/4 50/36/4
f 58/55/5 35/56/5 36/57/5
f 31/50/5 53/49/5 32/48/5
f 62/58/4 33/59/4 27/60/4
f 30/7/9 31/61/9 32/62/9
f 30/63/4 56/46/4 29/45/4
f 8/64/11 38/65/11 17/51/11
f 38/65/9 9/66/9 37/67/9
f 44/68/9 45/69/9 46/70/9
f 41/71/9 48/72/9 42/53/9
f 46/70/10 30/7/10 32/62/10
f 21/73/11 46/70/11 32/62/11
f 37/67/3 6/74/3 16/52/3
f 6/75/7 10/76/12 8/17/7
f 39/42/11 4/77/11 18/31/11
f 29/78/13 47/79/13 31/61/13
f 24/9/13 44/68/13 21/73/13
f 17/51/14 37/67/14 16/52/14
f 40/80/12 18/31/12 15/5/12
f 47/79/11 22/32/11 31/61/11
f 23/30/3 48/72/3 29/78/3
f 4/1/1 12/81/14 2/82/1
f 27/83/8 49/41/8 26/84/8
f 35/85/8 54/86/8 36/87/8
f 34/88/8 55/89/8 33/90/8
f 55/89/8 27/83/8 33/90/8
f 28/91/8 56/92/8 34/88/8
f 26/84/8 53/93/8 35/85/8
f 54/86/8 25/94/8 36/87/8
f 64/95/5 36/57/5 25/96/5
f 57/97/4 28/98/4 34/99/4
f 60/100/4 34/99/4 33/59/4
f 28/101/2 64/102/2 25/103/2
f 59/104/5 26/105/5 35/56/5
f 68/106/15 70/107/5 67/108/5
f 71/109/16 69/110/15 68/106/15
f 71/109/16 74/111/17 72/112/16
f 73/113/17 76/114/18 74/111/17
f 75/115/18 78/116/19 76/114/18
f 79/117/8 78/116/19 77/118/19
f 79/119/8 82/120/20 80/121/8
f 81/122/20 84/123/21 82/120/20
f 85/124/22 84/123/21 83/125/21
f 87/126/23 86/127/22 85/124/22
f 87/126/23 90/128/24 88/129/23
f 91/130/4 90/128/24 89/131/24
f 91/130/4 94/132/25 92/133/4
f 95/134/26 94/132/25 93/135/25
f 95/134/26 98/136/27 96/137/26
f 99/138/28 98/136/27 97/139/27
f 101/140/29 100/141/28 99/138/28
f 103/142/9 102/143/29 101/140/29
f 103/142/9 106/144/30 104/145/9
f 107/146/31 106/144/30 105/147/30
f 107/146/31 110/148/32 108/149/31
f 109/150/32 112/151/33 110/148/32
f 111/152/33 114/153/34 112/151/33
f 113/154/34 70/107/5 114/153/34
f 65/155/2 68/156/2 67/157/2
f 66/158/6 70/159/6 69/160/6
f 65/155/2 71/161/2 68/156/2
f 66/158/6 69/160/6 72/162/6
f 65/155/2 73/163/2 71/161/2
f 66/158/6 72/162/6 74/164/6
f 65/155/2 75/165/2 73/163/2
f 66/158/6 74/164/6 76/166/6
f 65/155/2 77/167/2 75/165/2
f 66/158/6 76/166/6 78/168/6
f 65/155/2 79/169/2 77/167/2
f 66/158/6 78/168/6 80/170/6
f 65/155/2 81/171/2 79/169/2
f 66/158/6 80/170/6 82/172/6
f 65/155/2 83/173/2 81/171/2
f 66/158/6 82/172/6 84/174/6
f 65/155/2 85/175/2 83/173/2
f 66/158/6 84/174/6 86/176/6
f 65/155/2 87/177/2 85/175/2
f 66/158/6 86/176/6 88/178/6
f 65/155/2 89/179/2 87/177/2
f 66/158/6 88/178/6 90/180/6
f 65/155/2 91/181/2 89/179/2
f 66/158/6 90/180/6 92/182/6
f 65/155/2 93/183/2 91/181/2
f 66/158/6 92/182/6 94/184/6
f 65/155/2 95/185/2 93/183/2
f 66/158/6 94/184/6 96/186/6
f 65/155/2 97/187/2 95/185/2
f 66/158/6 96/186/6 98/188/6
f 65/155/2 99/189/2 97/187/2
f 66/158/6 98/188/6 100/190/6
f 65/155/2 101/191/2 99/189/2
f 66/158/6 100/190/6 102/192/6
f 65/155/2 103/193/2 101/191/2
f 66/158/6 102/192/6 104/194/6
f 65/155/2 105/195/2 103/193/2
f 66/158/6 104/194/6 106/196/6
f 65/155/2 107/197/2 105/195/2
f 66/158/6 106/196/6 108/198/6
f 66/158/6 108/198/6 110/199/6
f 65/155/2 111/200/2 109/201/2
f 66/158/6 110/199/6 112/202/6
f 65/155/2 113/203/2 111/200/2
f 66/158/6 112/202/6 114/204/6
f 65/155/2 67/157/2 113/203/2
f 66/158/6 114/204/6 70/159/6
f 120/205/9 116/206/35 115/207/35
f 117/208/8 121/209/36 122/210/36
f 123/211/37 122/210/36 121/209/36
f 125/212/38 124/213/37 123/211/37
f 125/212/38 128/214/39 126/215/38
f 117/216/4 116/217/4 119/218/4
f 115/219/5 118/220/5 120/221/5
f 134/222/40 131/223/41 133/224/42
f 133/224/43 130/225/44 132/226/45
f 138/227/2 139/228/40 140/229/40
f 136/230/45 137/231/2 138/227/2
f 396/232/46 162/233/47 160/234/46
f 398/235/48 162/233/47 397/236/47
f 398/235/48 166/237/49 164/238/48
f 400/239/6 166/237/49 399/240/49
f 400/239/6 170/241/50 168/242/6
f 402/243/51 170/241/50 401/244/50
f 402/243/51 174/245/52 172/246/51
f 403/247/52 176/248/53 174/245/52
f 405/249/54 176/248/53 404/250/53
f 406/251/8 178/252/54 405/249/54
f 406/251/8 182/253/55 180/254/8
f 407/255/56 184/256/57 182/253/55
f 671/257/58 192/258/59 190/259/60
f 672/260/61 194/261/62 192/258/59
f 156/262/9 395/263/63 158/264/64
f 396/232/46 158/264/64 395/263/63
f 157/265/65 156/266/66 158/267/65
f 160/268/67 157/265/65 158/267/65
f 162/269/68 159/270/67 160/268/67
f 164/271/69 161/272/68 162/269/68
f 166/273/70 163/274/69 164/271/69
f 168/275/71 165/276/70 166/273/70
f 169/277/72 168/275/71 170/278/72
f 172/279/73 169/277/72 170/278/72
f 174/280/74 171/281/73 172/279/73
f 176/282/75 173/283/74 174/280/74
f 178/284/76 175/285/75 176/282/75
f 180/286/77 177/287/76 178/284/76
f 181/288/78 180/286/77 182/289/78
f 184/290/79 181/288/78 182/289/78
f 186/291/80 183/292/79 184/290/79
f 187/293/81 186/294/80 188/295/82
f 190/296/83 187/293/81 188/295/82
f 192/297/84 189/298/85 190/296/83
f 193/299/86 192/297/84 194/300/87
f 195/301/88 194/300/87 196/302/89
f 198/303/90 195/301/88 196/302/89
f 199/304/91 198/303/90 200/305/91
f 201/306/92 200/305/91 202/307/92
f 156/266/66 201/306/92 202/307/92
f 242/308/4 339/309/93 336/310/94
f 203/311/4 155/312/4 157/313/4
f 155/312/4 205/314/4 201/315/4
f 201/315/4 206/316/4 199/317/4
f 199/317/4 207/318/4 197/319/4
f 197/319/4 208/320/4 195/321/4
f 195/321/4 209/322/4 193/323/4
f 209/322/4 191/324/4 193/323/4
f 210/325/4 189/326/4 191/324/4
f 211/327/4 187/328/4 189/326/4
f 212/329/4 185/330/4 187/328/4
f 185/331/4 214/332/4 183/333/4
f 183/333/4 215/334/4 181/335/4
f 181/335/4 216/336/4 179/337/4
f 179/337/4 217/338/4 177/339/4
f 217/338/4 175/340/4 177/339/4
f 218/341/4 173/342/4 175/340/4
f 219/343/4 171/344/4 173/342/4
f 220/345/4 169/346/4 171/344/4
f 169/346/4 222/347/4 167/348/4
f 222/347/4 165/349/4 167/348/4
f 165/349/4 224/350/4 163/351/4
f 163/351/4 225/352/4 161/353/4
f 161/353/4 226/354/4 159/355/4
f 159/355/4 203/311/4 157/313/4
f 235/356/4 318/357/95 315/358/96
f 229/359/4 300/360/97 297/361/98
f 357/362/99 250/363/4 293/364/100
f 339/309/93 244/365/4 342/366/101
f 318/357/95 237/367/4 321/368/102
f 293/364/100 227/369/4 290/370/103
f 244/365/4 345/371/104 342/366/101
f 321/372/102 238/373/4 324/374/105
f 300/360/97 231/375/4 303/376/106
f 345/371/104 246/377/4 348/378/107
f 238/373/4 327/379/108 324/374/105
f 231/375/4 306/380/109 303/376/106
f 246/377/4 351/381/110 348/378/107
f 239/382/4 330/383/111 327/379/108
f 306/380/109 233/384/4 309/385/112
f 351/381/110 248/386/4 354/387/113
f 240/388/4 333/389/114 330/383/111
f 233/384/4 312/390/115 309/385/112
f 248/386/4 357/362/99 354/387/113
f 241/391/4 336/310/94 333/389/114
f 312/390/115 235/356/4 315/358/96
f 228/392/4 297/361/98 288/393/116
f 203/394/64 287/395/117 204/396/9
f 287/395/117 205/397/118 204/396/9
f 205/397/118 299/398/119 206/399/120
f 206/399/120 302/400/121 207/401/122
f 207/401/122 305/402/123 208/403/124
f 305/402/123 209/404/125 208/403/124
f 209/404/126 311/405/127 210/406/2
f 311/405/127 211/407/128 210/406/2
f 211/407/128 317/408/129 212/409/130
f 317/408/129 213/410/38 212/409/130
f 320/411/131 214/412/57 213/413/38
f 323/414/132 215/415/55 214/412/57
f 326/416/133 216/417/8 215/415/55
f 216/417/8 332/418/134 217/419/54
f 332/418/134 218/420/53 217/419/54
f 218/420/53 338/421/135 219/422/52
f 219/422/52 341/423/136 220/424/51
f 341/423/136 221/425/50 220/424/51
f 344/426/137 222/427/6 221/425/50
f 222/427/6 350/428/138 223/429/49
f 223/429/49 353/430/139 224/431/48
f 353/430/139 225/432/47 224/431/48
f 356/433/140 226/434/46 225/432/47
f 226/434/46 291/435/141 203/394/64
f 262/436/47 238/437/46 237/438/47
f 386/439/142 283/440/52 383/441/143
f 236/442/48 262/443/47 237/444/47
f 277/445/122 362/446/144 365/447/145
f 249/448/38 253/449/57 250/450/57
f 383/441/143 282/451/54 380/452/146
f 260/453/49 236/442/48 235/454/49
f 248/455/130 274/456/38 249/448/38
f 234/457/6 260/453/49 235/454/49
f 384/458/147 705/459/4 387/460/148
f 272/461/128 248/455/130 247/462/128
f 380/452/146 281/463/55 377/464/149
f 258/465/50 234/457/6 233/466/50
f 271/467/2 247/462/128 246/468/2
f 257/469/51 233/466/50 232/470/51
f 245/471/150 271/467/2 246/468/2
f 281/463/55 374/472/151 377/464/149
f 256/473/52 232/470/51 231/474/52
f 275/475/4 251/476/4 252/477/4
f 251/476/4 276/478/4 254/479/4
f 276/478/4 255/480/4 254/479/4
f 255/480/4 277/481/4 256/482/4
f 256/482/4 277/481/4 257/483/4
f 257/483/4 278/484/4 258/485/4
f 258/485/4 278/484/4 259/486/4
f 259/486/4 279/487/4 260/488/4
f 260/488/4 279/487/4 261/489/4
f 261/489/4 280/490/4 262/491/4
f 262/491/4 280/490/4 263/492/4
f 263/492/4 281/493/4 264/494/4
f 264/494/4 281/493/4 265/495/4
f 265/495/4 282/496/4 266/497/4
f 266/497/4 282/496/4 267/498/4
f 267/498/4 283/499/4 268/500/4
f 283/499/4 269/501/4 268/500/4
f 269/501/4 284/502/4 270/503/4
f 284/502/4 271/504/4 270/503/4
f 271/504/4 285/505/4 272/506/4
f 285/505/4 273/507/4 272/506/4
f 273/507/4 286/508/4 274/509/4
f 286/508/4 253/510/4 274/509/4
f 253/510/4 275/475/4 252/477/4
f 263/511/46 239/512/64 238/437/46
f 285/513/49 386/439/142 389/514/152
f 368/515/153 277/445/122 365/447/145
f 239/512/64 265/516/9 240/517/9
f 252/518/55 228/519/8 227/520/55
f 265/516/9 241/521/118 240/517/9
f 286/522/47 389/514/152 392/523/154
f 253/449/57 227/520/55 250/450/57
f 279/524/128 368/515/153 371/525/155
f 241/521/118 267/526/120 242/527/120
f 251/528/8 229/529/54 228/519/8
f 267/526/120 243/530/122 242/527/120
f 275/531/64 392/523/154 360/532/156
f 254/533/54 230/534/53 229/529/54
f 280/535/38 371/525/155 374/536/151
f 243/530/122 269/537/124 244/538/124
f 255/539/53 231/474/52 230/534/53
f 269/537/124 245/471/150 244/538/124
f 289/540/157 290/370/103 288/393/116
f 287/395/117 292/541/158 289/542/159
f 292/543/160 293/364/100 290/370/103
f 292/541/158 294/544/161 295/545/162
f 298/546/163 288/393/116 297/361/98
f 298/547/164 287/395/117 289/542/159
f 301/548/165 297/361/98 300/360/97
f 301/549/166 296/550/167 298/547/164
f 304/551/168 300/360/97 303/376/106
f 302/400/121 301/549/166 304/552/169
f 307/553/170 303/376/106 306/380/109
f 307/554/171 302/400/121 304/552/169
f 309/385/112 307/553/170 306/380/109
f 310/555/172 305/402/123 307/554/171
f 312/390/115 310/556/173 309/385/112
f 311/405/127 310/555/172 313/557/174
f 316/558/175 312/390/115 315/358/96
f 316/559/176 311/405/127 313/557/174
f 319/560/177 315/358/96 318/357/95
f 319/561/178 314/562/179 316/559/176
f 322/563/180 318/357/95 321/368/102
f 322/564/181 317/408/129 319/561/178
f 325/565/182 321/372/102 324/374/105
f 325/566/183 320/411/131 322/567/181
f 328/568/184 324/374/105 327/379/108
f 328/569/185 323/414/132 325/566/183
f 331/570/186 327/379/108 330/383/111
f 331/571/187 326/416/133 328/569/185
f 334/572/188 330/383/111 333/389/114
f 334/573/189 329/574/190 331/571/187
f 337/575/191 333/389/114 336/310/94
f 337/576/192 332/418/134 334/573/189
f 340/577/193 336/310/94 339/309/93
f 340/578/194 335/579/195 337/576/192
f 342/366/101 340/577/193 339/309/93
f 343/580/196 338/421/135 340/578/194
f 345/371/104 343/581/197 342/366/101
f 344/426/137 343/580/196 346/582/198
f 349/583/199 345/371/104 348/378/107
f 347/584/200 346/582/198 349/585/201
f 352/586/202 348/378/107 351/381/110
f 352/587/203 347/584/200 349/585/201
f 355/588/204 351/381/110 354/387/113
f 355/589/205 350/428/138 352/587/203
f 358/590/206 354/387/113 357/362/99
f 356/433/140 355/589/205 358/591/207
f 295/592/208 357/362/99 293/364/100
f 295/545/162 356/433/140 358/591/207
f 290/370/103 228/392/4 288/393/116
f 363/593/209 361/594/210 359/595/211
f 364/596/212 360/532/156 361/597/158
f 366/598/213 364/599/214 363/593/209
f 367/600/169 362/446/144 364/596/215
f 369/601/216 367/602/168 366/598/213
f 370/603/172 365/447/145 367/600/169
f 373/604/175 369/601/216 372/605/217
f 371/525/155 370/603/172 373/606/176
f 375/607/218 373/604/175 372/605/217
f 376/608/219 371/525/155 373/606/176
f 378/609/220 376/610/180 375/607/218
f 379/611/185 374/472/151 376/612/219
f 382/613/221 378/609/220 381/614/222
f 380/452/146 379/611/185 382/615/189
f 385/616/193 381/614/222 384/458/147
f 383/441/143 382/615/189 385/617/223
f 388/618/224 384/458/147 387/460/148
f 386/439/142 385/617/223 388/619/198
f 390/620/225 388/618/224 387/460/148
f 389/514/152 388/619/198 391/621/203
f 393/622/226 391/623/202 390/620/225
f 392/523/154 391/621/203 394/624/227
f 359/595/211 394/625/206 393/622/226
f 361/597/158 392/523/154 394/624/227
f 276/626/118 360/532/156 362/446/144
f 198/627/228 454/628/120 200/629/120
f 452/630/229 154/631/230 450/632/231
f 198/627/228 154/631/230 452/630/229
f 667/633/232 450/632/231 154/631/230
f 442/634/233 668/635/234 153/636/235
f 440/637/236 184/638/57 438/639/57
f 438/639/57 407/640/56 661/641/237
f 153/636/235 186/642/238 440/643/236
f 407/644/239 702/645/240 661/646/239
f 396/647/5 405/648/5 404/649/5
f 702/650/4 660/651/4 661/652/4
f 402/653/5 396/647/5 403/654/5
f 403/654/5 396/647/5 404/649/5
f 405/648/5 396/647/5 406/655/5
f 660/651/4 650/656/4 659/657/4
f 650/658/46 416/659/47 651/660/47
f 651/660/47 418/661/48 652/662/48
f 418/661/48 653/663/49 652/662/48
f 420/664/49 654/665/6 653/663/49
f 654/665/6 424/666/50 655/667/50
f 655/667/50 426/668/51 656/669/51
f 656/669/51 428/670/52 657/671/52
f 657/671/52 430/672/53 658/673/53
f 658/673/53 432/674/54 659/675/54
f 432/674/54 660/676/8 659/675/54
f 434/677/8 661/678/237 660/676/8
f 661/678/237 436/679/55 438/680/57
f 410/681/9 412/682/64 649/683/63
f 412/682/64 650/658/46 649/683/63
f 412/684/241 409/685/242 411/686/241
f 412/684/241 413/687/243 414/688/243
f 414/688/243 415/689/244 416/690/244
f 416/690/244 417/691/245 418/692/245
f 420/693/246 417/691/245 419/694/246
f 422/695/247 419/694/246 421/696/247
f 424/697/248 421/696/247 423/698/248
f 424/697/248 425/699/249 426/700/249
f 426/700/249 427/701/250 428/702/250
f 428/702/250 429/703/251 430/704/251
f 432/705/252 429/703/251 431/706/252
f 434/707/253 431/706/252 433/708/253
f 436/709/254 433/708/253 435/710/254
f 438/711/255 435/710/254 437/712/255
f 438/711/255 439/713/256 440/714/257
f 440/715/257 441/716/258 442/717/259
f 444/718/260 441/716/258 443/719/261
f 446/720/262 443/719/261 445/721/262
f 446/720/262 447/722/263 448/723/264
f 448/723/264 449/724/265 450/725/266
f 452/726/267 449/724/265 451/727/268
f 454/728/269 451/727/268 453/729/269
f 456/730/270 453/729/269 455/731/270
f 410/732/242 455/731/270 409/685/242
f 590/733/271 497/734/5 496/735/5
f 411/736/5 458/737/5 457/738/5
f 409/739/5 459/740/5 458/737/5
f 453/741/5 459/740/5 455/742/5
f 451/743/5 460/744/5 453/741/5
f 449/745/5 461/746/5 451/743/5
f 447/747/5 462/748/5 449/745/5
f 447/747/5 464/749/5 463/750/5
f 443/751/5 464/749/5 445/752/5
f 441/753/5 465/754/5 443/751/5
f 441/753/5 467/755/5 466/756/5
f 439/757/5 468/758/5 467/759/5
f 435/760/5 468/758/5 437/761/5
f 433/762/5 469/763/5 435/760/5
f 431/764/5 470/765/5 433/762/5
f 431/764/5 472/766/5 471/767/5
f 429/768/5 473/769/5 472/766/5
f 427/770/5 474/771/5 473/769/5
f 425/772/5 475/773/5 474/771/5
f 423/774/5 476/775/5 475/773/5
f 419/776/5 476/775/5 421/777/5
f 419/776/5 478/778/5 477/779/5
f 415/780/5 478/778/5 417/781/5
f 415/780/5 480/782/5 479/783/5
f 413/784/5 457/738/5 480/782/5
f 572/785/272 489/786/5 569/787/273
f 551/788/274 484/789/5 483/790/5
f 547/791/275 503/792/5 611/793/276
f 596/794/277 497/734/5 593/795/278
f 572/785/272 491/796/5 490/797/5
f 547/791/275 481/798/5 504/799/5
f 596/794/277 499/800/5 498/801/5
f 575/802/279 492/803/5 491/804/5
f 554/805/280 485/806/5 484/789/5
f 599/807/281 500/808/5 499/800/5
f 581/809/282 492/803/5 578/810/283
f 560/811/284 485/806/5 557/812/285
f 605/813/286 500/808/5 602/814/287
f 584/815/288 493/816/5 581/809/282
f 563/817/289 486/818/5 560/811/284
f 608/819/290 501/820/5 605/813/286
f 587/821/291 494/822/5 584/815/288
f 563/817/289 488/823/5 487/824/5
f 608/819/290 503/792/5 502/825/5
f 587/821/291 496/735/5 495/826/5
f 569/787/273 488/823/5 566/827/292
f 551/788/274 482/828/5 542/829/293
f 458/830/9 545/831/294 457/832/64
f 458/830/9 550/833/295 541/834/296
f 459/835/118 553/836/297 550/833/295
f 461/837/122 553/836/297 460/838/120
f 462/839/124 556/840/298 461/837/122
f 462/839/124 562/841/299 559/842/300
f 464/843/2 562/841/299 463/844/150
f 465/845/301 565/846/302 464/843/2
f 466/847/130 574/848/303 571/849/304
f 467/850/38 577/851/305 574/852/303
f 468/853/57 580/854/306 577/851/305
f 469/855/55 583/856/307 580/854/306
f 470/857/8 586/858/308 583/856/307
f 471/859/54 589/860/309 586/858/308
f 472/861/53 592/862/310 589/860/309
f 474/863/51 592/862/310 473/864/52
f 474/863/51 598/865/311 595/866/312
f 476/867/6 598/865/311 475/868/50
f 476/867/6 604/869/313 601/870/314
f 478/871/48 604/869/313 477/872/49
f 479/873/47 607/874/315 478/871/48
f 479/873/47 548/875/316 610/876/317
f 457/832/64 548/875/316 480/877/46
f 492/878/46 516/879/47 491/880/47
f 640/881/318 537/882/319 538/883/50
f 490/884/48 516/885/47 515/886/48
f 620/887/320 530/888/118 531/889/122
f 503/890/38 507/891/57 528/892/38
f 634/893/321 537/882/322 637/894/323
f 490/884/48 514/895/49 489/896/49
f 502/897/130 528/892/38 527/898/130
f 488/899/6 514/895/49 513/900/6
f 631/901/324 536/902/54 634/893/321
f 488/899/6 512/903/50 487/904/50
f 501/905/301 525/906/2 500/907/2
f 486/908/51 512/903/50 511/909/51
f 499/910/150 525/906/2 524/911/150
f 628/912/325 535/913/55 631/901/324
f 486/908/51 510/914/52 485/915/52
f 505/916/5 529/917/5 506/918/5
f 505/916/5 508/919/5 530/920/5
f 509/921/5 530/920/5 508/919/5
f 509/921/5 510/922/5 531/923/5
f 510/922/5 511/924/5 531/923/5
f 511/924/5 532/925/5 531/923/5
f 512/926/5 513/927/5 532/925/5
f 513/927/5 533/928/5 532/925/5
f 514/929/5 515/930/5 533/928/5
f 515/930/5 534/931/5 533/928/5
f 516/932/5 517/933/5 534/931/5
f 517/933/5 535/934/5 534/931/5
f 518/935/5 519/936/5 535/934/5
f 519/936/5 536/937/5 535/934/5
f 520/938/5 521/939/5 536/937/5
f 521/939/5 537/940/5 536/937/5
f 523/941/5 537/940/5 522/942/5
f 523/941/5 524/943/5 538/944/5
f 525/945/5 538/944/5 524/943/5
f 525/945/5 526/946/5 539/947/5
f 527/948/5 539/947/5 526/946/5
f 527/948/5 528/949/5 540/950/5
f 507/951/5 540/950/5 528/949/5
f 507/951/5 506/918/5 529/917/5
f 492/878/46 518/952/64 517/953/46
f 643/954/326 538/883/50 539/955/49
f 620/887/320 532/956/150 622/957/327
f 493/958/64 519/959/9 518/952/64
f 481/960/55 505/961/8 506/962/55
f 495/963/118 519/959/9 494/964/9
f 646/965/328 539/955/49 540/966/47
f 504/967/57 506/962/55 507/891/57
f 622/957/327 533/968/301 625/969/329
f 495/963/118 521/970/120 520/971/118
f 483/972/54 505/961/8 482/973/8
f 496/974/120 522/975/122 521/970/120
f 614/976/330 540/966/47 529/977/64
f 484/978/53 508/979/54 483/972/54
f 625/969/329 534/980/38 628/981/325
f 498/982/124 522/975/122 497/983/122
f 485/915/52 509/984/53 484/978/53
f 499/910/150 523/985/124 498/982/124
f 542/829/293 546/986/331 543/987/332
f 546/988/333 541/834/296 543/989/334
f 547/791/275 546/986/331 544/990/335
f 546/988/333 548/875/316 545/831/294
f 551/788/274 543/987/332 552/991/336
f 543/989/334 550/833/295 552/992/337
f 554/805/280 552/991/336 555/993/338
f 555/994/339 550/833/295 553/836/297
f 557/812/285 555/993/338 558/995/340
f 555/994/339 556/840/298 558/996/341
f 560/811/284 558/995/340 561/997/342
f 558/996/341 559/842/300 561/998/343
f 560/811/284 564/999/344 563/817/289
f 564/1000/345 559/842/300 562/841/299
f 563/817/289 567/1001/346 566/827/292
f 567/1002/347 562/841/299 565/846/302
f 569/787/273 567/1001/346 570/1003/348
f 570/1004/349 565/846/302 568/1005/350
f 572/785/272 570/1003/348 573/1006/351
f 573/1007/352 568/1005/350 571/849/304
f 575/1008/279 573/1006/351 576/1009/353
f 573/1007/352 574/848/303 576/1010/354
f 578/810/283 576/1011/353 579/1012/355
f 576/1013/354 577/851/305 579/1014/356
f 581/809/282 579/1012/355 582/1015/357
f 579/1014/356 580/854/306 582/1016/358
f 581/809/282 585/1017/359 584/815/288
f 585/1018/360 580/854/306 583/856/307
f 587/821/291 585/1017/359 588/1019/361
f 585/1018/360 586/858/308 588/1020/362
f 587/821/291 591/1021/363 590/733/271
f 588/1020/362 589/860/309 591/1022/364
f 590/733/271 594/1023/365 593/795/278
f 591/1022/364 592/862/310 594/1024/366
f 593/795/278 597/1025/367 596/794/277
f 597/1026/368 592/862/310 595/866/312
f 596/794/277 600/1027/369 599/807/281
f 600/1028/370 595/866/312 598/865/311
f 599/807/281 603/1029/371 602/814/287
f 600/1028/370 601/870/314 603/1030/372
f 605/813/286 603/1029/371 606/1031/373
f 603/1030/372 604/869/313 606/1032/374
f 608/819/290 606/1031/373 609/1033/375
f 606/1032/374 607/874/315 609/1034/376
f 611/793/276 609/1033/375 612/1035/377
f 609/1034/376 610/876/317 612/1036/378
f 547/791/275 612/1035/377 549/1037/379
f 549/1038/380 610/876/317 548/875/316
f 544/990/335 482/828/5 481/798/5
f 617/1039/381 615/1040/382 618/1041/383
f 615/1042/333 616/1043/384 618/1044/337
f 619/1045/385 618/1041/383 621/1046/340
f 618/1044/337 620/887/320 621/1047/341
f 619/1045/385 624/1048/344 623/1049/386
f 624/1050/345 620/887/320 622/957/327
f 623/1049/386 627/1051/348 626/1052/387
f 627/1053/349 622/957/327 625/969/329
f 629/1054/388 627/1051/348 630/1055/353
f 630/1056/389 625/969/329 628/981/325
f 632/1057/390 630/1058/353 633/1059/357
f 633/1060/358 628/912/325 631/901/324
f 635/1061/391 633/1059/357 636/1062/392
f 636/1063/362 631/901/324 634/893/321
f 638/1064/393 636/1062/392 639/1065/365
f 639/1066/366 634/893/321 637/894/323
f 638/1064/393 642/1067/369 641/1068/394
f 639/1066/366 640/881/395 642/1069/396
f 641/1068/394 645/1070/373 644/1071/397
f 642/1069/398 643/954/326 645/1072/374
f 644/1071/397 648/1073/377 647/1074/399
f 645/1072/374 646/965/328 648/1075/400
f 613/1076/401 648/1073/377 615/1040/382
f 648/1075/400 614/976/330 615/1042/333
f 616/1043/384 529/977/64 530/888/118
f 196/1077/402 154/631/230 198/627/228
f 196/1077/402 672/260/61 154/631/230
f 671/257/58 188/1078/403 153/636/235
f 188/1078/403 186/642/238 153/636/235
f 650/656/4 658/1079/4 659/657/4
f 656/1080/4 657/1081/4 650/656/4
f 657/1081/4 658/1079/4 650/656/4
f 395/1082/63 410/1083/9 649/1084/63
f 671/257/58 153/636/235 678/1085/404
f 678/1085/404 153/636/235 676/1086/405
f 676/1086/405 153/636/235 668/635/234
f 667/633/232 154/631/230 675/1087/406
f 675/1087/406 154/631/230 677/1088/407
f 677/1088/407 154/631/230 672/260/61
f 667/633/232 446/1089/408 448/1090/409
f 202/1091/118 454/628/120 456/1092/118
f 689/1093/410 667/1094/411 675/1095/412
f 677/1096/413 689/1093/410 675/1095/412
f 672/1097/414 688/1098/415 677/1096/413
f 691/1099/416 673/1100/417 671/1101/418
f 679/1102/419 674/1103/420 673/1100/417
f 696/1104/421 669/1105/422 667/1094/411
f 674/1103/420 692/1106/423 672/1097/414
f 690/1107/424 671/1101/418 678/1108/425
f 668/1109/426 686/1110/427 676/1111/428
f 667/633/232 669/1112/429 446/1089/408
f 669/1112/429 670/1113/430 446/1089/408
f 192/258/59 674/1114/431 672/260/61
f 192/258/59 673/1115/432 674/1114/431
f 192/258/59 671/257/58 673/1115/432
f 695/1116/433 670/1117/434 669/1105/422
f 670/1117/434 685/1118/435 668/1109/426
f 676/1111/428 690/1107/424 678/1108/425
f 681/1119/436 688/1120/437 683/1121/438
f 694/1122/439 679/1123/440 693/1124/441
f 663/1125/442 695/1126/443 664/1127/444
f 664/1127/444 696/1128/445 666/1129/446
f 666/1129/446 689/1130/447 681/1119/436
f 143/1131/448 662/1132/449 684/1133/450
f 144/1134/451 693/1135/452 662/1132/449
f 145/1136/453 694/1137/454 693/1135/452
f 147/1138/455 694/1137/454 146/1139/456
f 148/1140/457 408/1141/458 147/1138/455
f 149/1142/459 683/1143/460 148/1144/460
f 149/1145/459 666/1146/461 681/1147/462
f 150/1148/463 664/1149/464 666/1150/461
f 151/1151/465 663/1152/466 664/1149/464
f 141/1153/467 663/1152/466 152/1154/468
f 142/1155/469 665/1156/470 141/1153/467
f 143/1131/448 682/1157/471 142/1155/469
f 202/1091/118 410/1083/9 156/1158/9
f 406/655/5 697/1159/5 407/1160/5
f 697/1159/5 396/647/5 699/1161/5
f 699/1161/5 396/647/5 700/1162/5
f 704/1163/4 650/656/4 702/650/4
f 703/1164/472 698/1165/473 701/1166/474
f 704/1167/475 697/1168/240 699/1169/475
f 395/1170/476 701/1166/474 698/1165/473
f 153/636/235 440/643/236 442/634/233
f 381/614/222 705/459/4 384/458/147
f 378/609/220 705/459/4 381/614/222
f 375/607/218 705/459/4 378/609/220
f 363/593/209 705/459/4 366/598/213
f 372/605/217 705/459/4 375/607/218
f 369/601/216 705/459/4 372/605/217
f 393/622/226 705/459/4 359/595/211
f 366/598/213 705/459/4 369/601/216
f 390/620/225 705/459/4 393/622/226
f 359/595/211 705/459/4 363/593/209
f 387/460/148 705/459/4 390/620/225
f 635/1061/391 706/1171/5 632/1057/390
f 632/1057/390 706/1171/5 629/1054/388
f 629/1054/388 706/1171/5 626/1052/387
f 626/1052/387 706/1171/5 623/1049/386
f 613/1076/401 706/1171/5 647/1074/399
f 623/1049/386 706/1171/5 619/1045/385
f 647/1074/399 706/1171/5 644/1071/397
f 644/1071/397 706/1171/5 641/1068/394
f 617/1039/381 706/1171/5 613/1076/401
f 641/1068/394 706/1171/5 638/1064/393
f 619/1045/385 706/1171/5 617/1039/381
f 638/1064/393 706/1171/5 635/1061/391
f 4/1/1 2/82/1 1/2/2
f 12/4/3 40/80/3 15/5/3
f 30/7/3 45/69/3 43/8/3
f 23/10/4 51/44/4 20/11/4
f 14/13/5 7/1172/5 8/14/5
f 5/16/6 6/75/7 8/17/7
f 5/19/4 19/1173/4 16/20/4
f 20/11/4 1/1174/4 2/22/4
f 14/23/8 19/1175/8 5/24/8
f 26/26/6 61/1176/6 62/27/6
f 21/29/5 49/47/5 14/13/5
f 23/30/9 15/5/9 18/31/9
f 3/33/5 13/1177/5 18/34/5
f 16/20/4 19/1173/4 50/36/4
f 18/34/5 13/1177/5 52/38/5
f 50/40/8 19/1175/8 14/23/8
f 39/42/9 40/80/9 12/4/9
f 51/44/4 23/10/4 29/45/4
f 49/47/5 21/29/5 32/48/5
f 52/38/5 54/1178/5 31/50/5
f 24/9/9 21/73/9 17/51/9
f 22/32/10 41/71/10 42/53/10
f 55/54/4 30/63/4 24/37/4
f 58/55/5 59/104/5 35/56/5
f 31/50/5 54/1178/5 53/49/5
f 62/58/4 60/100/4 33/59/4
f 30/7/9 29/78/9 31/61/9
f 30/63/4 55/54/4 56/46/4
f 8/64/11 10/1179/11 38/65/11
f 38/65/9 10/1179/9 9/66/9
f 44/68/9 43/8/9 45/69/9
f 41/71/9 47/79/9 48/72/9
f 46/70/10 45/69/10 30/7/10
f 21/73/11 44/68/11 46/70/11
f 37/67/3 9/66/3 6/74/3
f 6/75/7 9/1180/12 10/76/12
f 39/42/11 11/43/11 4/77/11
f 29/78/13 48/72/13 47/79/13
f 24/9/13 43/8/13 44/68/13
f 17/51/14 38/65/14 37/67/14
f 40/80/12 39/42/12 18/31/12
f 47/79/11 41/71/11 22/32/11
f 23/30/3 42/53/3 48/72/3
f 4/1/1 11/1181/14 12/81/14
f 27/83/8 50/40/8 49/41/8
f 35/85/8 53/93/8 54/86/8
f 34/88/8 56/92/8 55/89/8
f 55/89/8 50/40/8 27/83/8
f 28/91/8 51/1182/8 56/92/8
f 26/84/8 49/41/8 53/93/8
f 54/86/8 52/1183/8 25/94/8
f 64/95/5 58/55/5 36/57/5
f 57/97/4 63/1184/4 28/98/4
f 60/100/4 57/97/4 34/99/4
f 28/101/2 63/1185/2 64/102/2
f 59/104/5 61/1186/5 26/105/5
f 68/106/15 69/110/15 70/107/5
f 71/109/16 72/112/16 69/110/15
f 71/109/16 73/113/17 74/111/17
f 73/113/17 75/115/18 76/114/18
f 75/115/18 77/118/19 78/116/19
f 79/117/8 80/1187/8 78/116/19
f 79/119/8 81/122/20 82/120/20
f 81/122/20 83/125/21 84/123/21
f 85/124/22 86/127/22 84/123/21
f 87/126/23 88/129/23 86/127/22
f 87/126/23 89/131/24 90/128/24
f 91/130/4 92/133/4 90/128/24
f 91/130/4 93/135/25 94/132/25
f 95/134/26 96/137/26 94/132/25
f 95/134/26 97/139/27 98/136/27
f 99/138/28 100/141/28 98/136/27
f 101/140/29 102/143/29 100/141/28
f 103/142/9 104/145/9 102/143/29
f 103/142/9 105/147/30 106/144/30
f 107/146/31 108/149/31 106/144/30
f 107/146/31 109/150/32 110/148/32
f 109/150/32 111/152/33 112/151/33
f 111/152/33 113/154/34 114/153/34
f 113/154/34 67/108/5 70/107/5
f 120/205/9 119/1188/9 116/206/35
f 117/208/8 118/1189/8 121/209/36
f 123/211/37 124/213/37 122/210/36
f 125/212/38 126/215/38 124/213/37
f 125/212/38 127/1190/477 128/214/39
f 117/216/4 122/1191/4 116/217/4
f 116/217/4 122/1191/4 124/1192/4
f 129/1193/5 127/1194/5 125/1195/5
f 115/219/5 121/1196/5 118/220/5
f 138/227/2 137/231/2 139/228/40
f 136/230/45 135/1197/45 137/231/2
f 396/232/46 397/236/47 162/233/47
f 398/235/48 164/238/48 162/233/47
f 398/235/48 399/240/49 166/237/49
f 400/239/6 168/242/6 166/237/49
f 400/239/6 401/244/50 170/241/50
f 402/243/51 172/246/51 170/241/50
f 402/243/51 403/247/52 174/245/52
f 403/247/52 404/250/53 176/248/53
f 405/249/54 178/252/54 176/248/53
f 406/251/8 180/254/8 178/252/54
f 406/251/8 407/255/56 182/253/55
f 396/232/46 160/234/46 158/264/64
f 157/265/65 155/1198/66 156/266/66
f 160/268/67 159/270/67 157/265/65
f 162/269/68 161/272/68 159/270/67
f 164/271/69 163/274/69 161/272/68
f 166/273/70 165/276/70 163/274/69
f 168/275/71 167/1199/71 165/276/70
f 169/277/72 167/1199/71 168/275/71
f 172/279/73 171/281/73 169/277/72
f 174/280/74 173/283/74 171/281/73
f 176/282/75 175/285/75 173/283/74
f 178/284/76 177/287/76 175/285/75
f 180/286/77 179/1200/77 177/287/76
f 181/288/78 179/1200/77 180/286/77
f 184/290/79 183/292/79 181/288/78
f 186/291/80 185/1201/478 183/292/79
f 187/293/81 185/1202/478 186/294/80
f 190/296/83 189/298/85 187/293/81
f 192/297/84 191/1203/479 189/298/85
f 193/299/86 191/1203/479 192/297/84
f 195/301/88 193/299/86 194/300/87
f 198/303/90 197/1204/480 195/301/88
f 199/304/91 197/1204/480 198/303/90
f 201/306/92 199/304/91 200/305/91
f 156/266/66 155/1198/66 201/306/92
f 242/308/4 243/1205/4 339/309/93
f 203/311/4 204/1206/4 155/312/4
f 155/312/4 204/1206/4 205/314/4
f 201/315/4 205/314/4 206/316/4
f 199/317/4 206/316/4 207/318/4
f 197/319/4 207/318/4 208/320/4
f 195/321/4 208/320/4 209/322/4
f 209/322/4 210/325/4 191/324/4
f 210/325/4 211/327/4 189/326/4
f 211/327/4 212/329/4 187/328/4
f 212/329/4 213/1207/4 185/330/4
f 185/331/4 213/1208/4 214/332/4
f 183/333/4 214/332/4 215/334/4
f 181/335/4 215/334/4 216/336/4
f 179/337/4 216/336/4 217/338/4
f 217/338/4 218/341/4 175/340/4
f 218/341/4 219/343/4 173/342/4
f 219/343/4 220/345/4 171/344/4
f 220/345/4 221/1209/4 169/346/4
f 169/346/4 221/1209/4 222/347/4
f 222/347/4 223/1210/4 165/349/4
f 165/349/4 223/1210/4 224/350/4
f 163/351/4 224/350/4 225/352/4
f 161/353/4 225/352/4 226/354/4
f 159/355/4 226/354/4 203/311/4
f 235/356/4 236/1211/4 318/357/95
f 229/359/4 230/1212/4 300/360/97
f 357/362/99 249/1213/4 250/363/4
f 339/309/93 243/1205/4 244/365/4
f 318/357/95 236/1211/4 237/367/4
f 293/364/100 250/363/4 227/369/4
f 244/365/4 245/1214/4 345/371/104
f 321/372/102 237/1215/4 238/373/4
f 300/360/97 230/1212/4 231/375/4
f 345/371/104 245/1214/4 246/377/4
f 238/373/4 239/382/4 327/379/108
f 231/375/4 232/1216/4 306/380/109
f 246/377/4 247/1217/4 351/381/110
f 239/382/4 240/388/4 330/383/111
f 306/380/109 232/1216/4 233/384/4
f 351/381/110 247/1217/4 248/386/4
f 240/388/4 241/391/4 333/389/114
f 233/384/4 234/1218/4 312/390/115
f 248/386/4 249/1213/4 357/362/99
f 241/391/4 242/308/4 336/310/94
f 312/390/115 234/1218/4 235/356/4
f 228/392/4 229/359/4 297/361/98
f 203/394/64 291/435/141 287/395/117
f 287/395/117 296/550/167 205/397/118
f 205/397/118 296/550/167 299/398/119
f 206/399/120 299/398/119 302/400/121
f 207/401/122 302/400/121 305/402/123
f 311/405/127 314/562/179 211/407/128
f 211/407/128 314/562/179 317/408/129
f 317/408/129 320/1219/131 213/410/38
f 320/411/131 323/414/132 214/412/57
f 323/414/132 326/416/133 215/415/55
f 326/416/133 329/574/190 216/417/8
f 216/417/8 329/574/190 332/418/134
f 332/418/134 335/579/195 218/420/53
f 218/420/53 335/579/195 338/421/135
f 219/422/52 338/421/135 341/423/136
f 341/423/136 344/426/137 221/425/50
f 344/426/137 347/584/200 222/427/6
f 222/427/6 347/584/200 350/428/138
f 223/429/49 350/428/138 353/430/139
f 353/430/139 356/433/140 225/432/47
f 356/433/140 294/544/161 226/434/46
f 226/434/46 294/544/161 291/435/141
f 262/436/47 263/511/46 238/437/46
f 386/439/142 284/1220/50 283/440/52
f 236/442/48 261/1221/48 262/443/47
f 277/445/122 276/626/118 362/446/144
f 249/448/38 274/456/38 253/449/57
f 383/441/143 283/440/52 282/451/54
f 260/453/49 261/1221/48 236/442/48
f 248/455/130 273/1222/130 274/456/38
f 234/457/6 259/1223/6 260/453/49
f 272/461/128 273/1222/130 248/455/130
f 380/452/146 282/451/54 281/463/55
f 258/465/50 259/1223/6 234/457/6
f 271/467/2 272/461/128 247/462/128
f 257/469/51 258/465/50 233/466/50
f 245/471/150 270/1224/150 271/467/2
f 281/463/55 280/1225/38 374/472/151
f 256/473/52 257/469/51 232/470/51
f 275/475/4 276/478/4 251/476/4
f 276/478/4 277/481/4 255/480/4
f 257/483/4 277/481/4 278/484/4
f 259/486/4 278/484/4 279/487/4
f 261/489/4 279/487/4 280/490/4
f 263/492/4 280/490/4 281/493/4
f 265/495/4 281/493/4 282/496/4
f 267/498/4 282/496/4 283/499/4
f 283/499/4 284/502/4 269/501/4
f 284/502/4 285/505/4 271/504/4
f 285/505/4 286/508/4 273/507/4
f 286/508/4 275/475/4 253/510/4
f 263/511/46 264/1226/64 239/512/64
f 285/513/49 284/1220/50 386/439/142
f 368/515/153 278/1227/150 277/445/122
f 239/512/64 264/1226/64 265/516/9
f 252/518/55 251/528/8 228/519/8
f 265/516/9 266/1228/118 241/521/118
f 286/522/47 285/513/49 389/514/152
f 253/449/57 252/518/55 227/520/55
f 279/524/128 278/1227/150 368/515/153
f 241/521/118 266/1228/118 267/526/120
f 251/528/8 254/533/54 229/529/54
f 267/526/120 268/1229/122 243/530/122
f 275/531/64 286/522/47 392/523/154
f 254/533/54 255/539/53 230/534/53
f 280/535/38 279/524/128 371/525/155
f 243/530/122 268/1229/122 269/537/124
f 255/539/53 256/473/52 231/474/52
f 269/537/124 270/1224/150 245/471/150
f 289/540/157 292/543/160 290/370/103
f 287/395/117 291/435/141 292/541/158
f 292/543/160 295/592/208 293/364/100
f 292/541/158 291/435/141 294/544/161
f 298/546/163 289/540/157 288/393/116
f 298/547/164 296/550/167 287/395/117
f 301/548/165 298/546/163 297/361/98
f 301/549/166 299/398/119 296/550/167
f 304/551/168 301/548/165 300/360/97
f 302/400/121 299/398/119 301/549/166
f 307/553/170 304/551/168 303/376/106
f 307/554/171 305/402/123 302/400/121
f 309/385/112 310/556/173 307/553/170
f 310/555/172 308/1230/481 305/402/123
f 312/390/115 313/1231/482 310/556/173
f 311/405/127 308/1230/481 310/555/172
f 316/558/175 313/1231/482 312/390/115
f 316/559/176 314/562/179 311/405/127
f 319/560/177 316/558/175 315/358/96
f 319/561/178 317/408/129 314/562/179
f 322/563/180 319/560/177 318/357/95
f 322/564/181 320/1219/131 317/408/129
f 325/565/182 322/1232/180 321/372/102
f 325/566/183 323/414/132 320/411/131
f 328/568/184 325/565/182 324/374/105
f 328/569/185 326/416/133 323/414/132
f 331/570/186 328/568/184 327/379/108
f 331/571/187 329/574/190 326/416/133
f 334/572/188 331/570/186 330/383/111
f 334/573/189 332/418/134 329/574/190
f 337/575/191 334/572/188 333/389/114
f 337/576/192 335/579/195 332/418/134
f 340/577/193 337/575/191 336/310/94
f 340/578/194 338/421/135 335/579/195
f 342/366/101 343/581/197 340/577/193
f 343/580/196 341/423/136 338/421/135
f 345/371/104 346/1233/483 343/581/197
f 344/426/137 341/423/136 343/580/196
f 349/583/199 346/1233/483 345/371/104
f 347/584/200 344/426/137 346/582/198
f 352/586/202 349/583/199 348/378/107
f 352/587/203 350/428/138 347/584/200
f 355/588/204 352/586/202 351/381/110
f 355/589/205 353/430/139 350/428/138
f 358/590/206 355/588/204 354/387/113
f 356/433/140 353/430/139 355/589/205
f 295/592/208 358/590/206 357/362/99
f 295/545/162 294/544/161 356/433/140
f 290/370/103 227/369/4 228/392/4
f 363/593/209 364/599/214 361/594/210
f 366/598/213 367/602/168 364/599/214
f 367/600/169 365/447/145 362/446/144
f 369/601/216 370/1234/173 367/602/168
f 370/603/172 368/515/153 365/447/145
f 373/604/175 370/1234/173 369/601/216
f 371/525/155 368/515/153 370/603/172
f 375/607/218 376/1235/180 373/604/175
f 376/608/219 374/536/151 371/525/155
f 378/609/220 379/1236/484 376/610/180
f 379/611/185 377/464/149 374/472/151
f 382/613/221 379/1236/484 378/609/220
f 380/452/146 377/464/149 379/611/185
f 385/616/193 382/613/221 381/614/222
f 383/441/143 380/452/146 382/615/189
f 388/618/224 385/616/193 384/458/147
f 386/439/142 383/441/143 385/617/223
f 390/620/225 391/623/202 388/618/224
f 389/514/152 386/439/142 388/619/198
f 393/622/226 394/625/206 391/623/202
f 392/523/154 389/514/152 391/621/203
f 359/595/211 361/594/210 394/625/206
f 361/597/158 360/532/156 392/523/154
f 276/626/118 275/531/64 360/532/156
f 198/627/228 452/630/229 454/628/120
f 667/633/232 448/1090/409 450/632/231
f 442/634/233 444/1237/485 668/635/234
f 440/637/236 186/1238/238 184/638/57
f 438/639/57 184/638/57 407/640/56
f 407/644/239 697/1168/240 702/645/240
f 702/650/4 650/656/4 660/651/4
f 650/658/46 414/1239/46 416/659/47
f 651/660/47 416/659/47 418/661/48
f 418/661/48 420/664/49 653/663/49
f 420/664/49 422/1240/6 654/665/6
f 654/665/6 422/1240/6 424/666/50
f 655/667/50 424/666/50 426/668/51
f 656/669/51 426/668/51 428/670/52
f 657/671/52 428/670/52 430/672/53
f 658/673/53 430/672/53 432/674/54
f 432/674/54 434/677/8 660/676/8
f 434/677/8 436/679/55 661/678/237
f 412/682/64 414/1239/46 650/658/46
f 412/684/241 410/732/242 409/685/242
f 412/684/241 411/686/241 413/687/243
f 414/688/243 413/687/243 415/689/244
f 416/690/244 415/689/244 417/691/245
f 420/693/246 418/692/245 417/691/245
f 422/695/247 420/693/246 419/694/246
f 424/697/248 422/695/247 421/696/247
f 424/697/248 423/698/248 425/699/249
f 426/700/249 425/699/249 427/701/250
f 428/702/250 427/701/250 429/703/251
f 432/705/252 430/704/251 429/703/251
f 434/707/253 432/705/252 431/706/252
f 436/709/254 434/707/253 433/708/253
f 438/711/255 436/709/254 435/710/254
f 438/711/255 437/712/255 439/713/256
f 440/715/257 439/1241/256 441/716/258
f 444/718/260 442/717/259 441/716/258
f 446/720/262 444/718/260 443/719/261
f 446/720/262 445/721/262 447/722/263
f 448/723/264 447/722/263 449/724/265
f 452/726/267 450/725/266 449/724/265
f 454/728/269 452/726/267 451/727/268
f 456/730/270 454/728/269 453/729/269
f 410/732/242 456/730/270 455/731/270
f 590/733/271 593/795/278 497/734/5
f 411/736/5 409/739/5 458/737/5
f 409/739/5 455/742/5 459/740/5
f 453/741/5 460/744/5 459/740/5
f 451/743/5 461/746/5 460/744/5
f 449/745/5 462/748/5 461/746/5
f 447/747/5 463/750/5 462/748/5
f 447/747/5 445/752/5 464/749/5
f 443/751/5 465/754/5 464/749/5
f 441/753/5 466/756/5 465/754/5
f 441/753/5 439/1242/5 467/755/5
f 439/757/5 437/761/5 468/758/5
f 435/760/5 469/763/5 468/758/5
f 433/762/5 470/765/5 469/763/5
f 431/764/5 471/767/5 470/765/5
f 431/764/5 429/768/5 472/766/5
f 429/768/5 427/770/5 473/769/5
f 427/770/5 425/772/5 474/771/5
f 425/772/5 423/774/5 475/773/5
f 423/774/5 421/777/5 476/775/5
f 419/776/5 477/779/5 476/775/5
f 419/776/5 417/781/5 478/778/5
f 415/780/5 479/783/5 478/778/5
f 415/780/5 413/784/5 480/782/5
f 413/784/5 411/736/5 457/738/5
f 572/785/272 490/797/5 489/786/5
f 551/788/274 554/805/280 484/789/5
f 547/791/275 504/799/5 503/792/5
f 596/794/277 498/801/5 497/734/5
f 572/785/272 575/1008/279 491/796/5
f 547/791/275 544/990/335 481/798/5
f 596/794/277 599/807/281 499/800/5
f 575/802/279 578/810/283 492/803/5
f 554/805/280 557/812/285 485/806/5
f 599/807/281 602/814/287 500/808/5
f 581/809/282 493/816/5 492/803/5
f 560/811/284 486/818/5 485/806/5
f 605/813/286 501/820/5 500/808/5
f 584/815/288 494/822/5 493/816/5
f 563/817/289 487/824/5 486/818/5
f 608/819/290 502/825/5 501/820/5
f 587/821/291 495/826/5 494/822/5
f 563/817/289 566/827/292 488/823/5
f 608/819/290 611/793/276 503/792/5
f 587/821/291 590/733/271 496/735/5
f 569/787/273 489/786/5 488/823/5
f 551/788/274 483/790/5 482/828/5
f 458/830/9 541/834/296 545/831/294
f 458/830/9 459/835/118 550/833/295
f 459/835/118 460/838/120 553/836/297
f 461/837/122 556/840/298 553/836/297
f 462/839/124 559/842/300 556/840/298
f 462/839/124 463/844/150 562/841/299
f 464/843/2 565/846/302 562/841/299
f 466/847/130 571/849/304 568/1005/350
f 466/847/130 467/1243/38 574/848/303
f 467/850/38 468/853/57 577/851/305
f 468/853/57 469/855/55 580/854/306
f 469/855/55 470/857/8 583/856/307
f 470/857/8 471/859/54 586/858/308
f 471/859/54 472/861/53 589/860/309
f 472/861/53 473/864/52 592/862/310
f 474/863/51 595/866/312 592/862/310
f 474/863/51 475/868/50 598/865/311
f 476/867/6 601/870/314 598/865/311
f 476/867/6 477/872/49 604/869/313
f 478/871/48 607/874/315 604/869/313
f 479/873/47 610/876/317 607/874/315
f 479/873/47 480/877/46 548/875/316
f 457/832/64 545/831/294 548/875/316
f 492/878/46 517/953/46 516/879/47
f 490/884/48 491/1244/47 516/885/47
f 620/887/320 616/1043/384 530/888/118
f 503/890/38 504/967/57 507/891/57
f 634/893/321 536/902/54 537/882/322
f 490/884/48 515/886/48 514/895/49
f 502/897/130 503/890/38 528/892/38
f 488/899/6 489/896/49 514/895/49
f 502/897/130 527/898/130 526/1245/486
f 631/901/324 535/913/55 536/902/54
f 488/899/6 513/900/6 512/903/50
f 501/905/301 526/1245/301 525/906/2
f 486/908/51 487/904/50 512/903/50
f 499/910/150 500/907/2 525/906/2
f 628/912/325 534/1246/38 535/913/55
f 486/908/51 511/909/51 510/914/52
f 505/916/5 530/920/5 529/917/5
f 509/921/5 531/923/5 530/920/5
f 511/924/5 512/926/5 532/925/5
f 513/927/5 514/929/5 533/928/5
f 515/930/5 516/932/5 534/931/5
f 517/933/5 518/935/5 535/934/5
f 519/936/5 520/938/5 536/937/5
f 521/939/5 522/942/5 537/940/5
f 523/941/5 538/944/5 537/940/5
f 525/945/5 539/947/5 538/944/5
f 527/948/5 540/950/5 539/947/5
f 507/951/5 529/917/5 540/950/5
f 492/878/46 493/958/64 518/952/64
f 643/954/326 640/881/318 538/883/50
f 620/887/320 531/889/122 532/956/150
f 493/958/64 494/964/9 519/959/9
f 481/960/55 482/973/8 505/961/8
f 495/963/118 520/971/118 519/959/9
f 646/965/328 643/954/326 539/955/49
f 504/967/57 481/960/55 506/962/55
f 622/957/327 532/956/150 533/968/301
f 495/963/118 496/974/120 521/970/120
f 483/972/54 508/979/54 505/961/8
f 496/974/120 497/983/122 522/975/122
f 614/976/330 646/965/328 540/966/47
f 484/978/53 509/984/53 508/979/54
f 498/982/124 523/985/124 522/975/122
f 485/915/52 510/914/52 509/984/53
f 499/910/150 524/911/150 523/985/124
f 542/829/293 544/990/335 546/986/331
f 546/988/333 545/831/294 541/834/296
f 547/791/275 549/1037/379 546/986/331
f 546/988/333 549/1038/380 548/875/316
f 551/788/274 542/829/293 543/987/332
f 543/989/334 541/834/296 550/833/295
f 554/805/280 551/788/274 552/991/336
f 555/994/339 552/992/337 550/833/295
f 557/812/285 554/805/280 555/993/338
f 555/994/339 553/836/297 556/840/298
f 560/811/284 557/812/285 558/995/340
f 558/996/341 556/840/298 559/842/300
f 560/811/284 561/997/342 564/999/344
f 564/1000/345 561/998/343 559/842/300
f 563/817/289 564/999/344 567/1001/346
f 567/1002/347 564/1000/345 562/841/299
f 569/787/273 566/827/292 567/1001/346
f 570/1004/349 567/1002/347 565/846/302
f 572/785/272 569/787/273 570/1003/348
f 573/1007/352 570/1004/349 568/1005/350
f 575/1008/279 572/785/272 573/1006/351
f 573/1007/352 571/849/304 574/848/303
f 578/810/283 575/802/279 576/1011/353
f 576/1013/354 574/852/303 577/851/305
f 581/809/282 578/810/283 579/1012/355
f 579/1014/356 577/851/305 580/854/306
f 581/809/282 582/1015/357 585/1017/359
f 585/1018/360 582/1016/358 580/854/306
f 587/821/291 584/815/288 585/1017/359
f 585/1018/360 583/856/307 586/858/308
f 587/821/291 588/1019/361 591/1021/363
f 588/1020/362 586/858/308 589/860/309
f 590/733/271 591/1021/363 594/1023/365
f 591/1022/364 589/860/309 592/862/310
f 593/795/278 594/1023/365 597/1025/367
f 597/1026/368 594/1024/366 592/862/310
f 596/794/277 597/1025/367 600/1027/369
f 600/1028/370 597/1026/368 595/866/312
f 599/807/281 600/1027/369 603/1029/371
f 600/1028/370 598/865/311 601/870/314
f 605/813/286 602/814/287 603/1029/371
f 603/1030/372 601/870/314 604/869/313
f 608/819/290 605/813/286 606/1031/373
f 606/1032/374 604/869/313 607/874/315
f 611/793/276 608/819/290 609/1033/375
f 609/1034/376 607/874/315 610/876/317
f 547/791/275 611/793/276 612/1035/377
f 549/1038/380 612/1036/378 610/876/317
f 544/990/335 542/829/293 482/828/5
f 617/1039/381 613/1076/401 615/1040/382
f 615/1042/333 614/976/330 616/1043/384
f 619/1045/385 617/1039/381 618/1041/383
f 618/1044/337 616/1043/384 620/887/320
f 619/1045/385 621/1046/340 624/1048/344
f 624/1050/345 621/1047/341 620/887/320
f 623/1049/386 624/1048/344 627/1051/348
f 627/1053/349 624/1050/345 622/957/327
f 629/1054/388 626/1052/387 627/1051/348
f 630/1056/389 627/1053/349 625/969/329
f 632/1057/390 629/1054/388 630/1058/353
f 633/1060/358 630/1247/389 628/912/325
f 635/1061/391 632/1057/390 633/1059/357
f 636/1063/362 633/1060/358 631/901/324
f 638/1064/393 635/1061/391 636/1062/392
f 639/1066/366 636/1063/362 634/893/321
f 638/1064/393 639/1065/365 642/1067/369
f 639/1066/366 637/894/323 640/881/395
f 641/1068/394 642/1067/369 645/1070/373
f 644/1071/397 645/1070/373 648/1073/377
f 645/1072/374 643/954/326 646/965/328
f 613/1076/401 647/1074/399 648/1073/377
f 648/1075/400 646/965/328 614/976/330
f 616/1043/384 614/976/330 529/977/64
f 196/1077/402 194/261/62 672/260/61
f 671/257/58 190/259/60 188/1078/403
f 395/1082/63 156/1158/9 410/1083/9
f 202/1091/118 200/629/120 454/628/120
f 689/1093/410 696/1104/421 667/1094/411
f 677/1096/413 688/1098/415 689/1093/410
f 672/1097/414 692/1106/423 688/1098/415
f 691/1099/416 679/1102/419 673/1100/417
f 679/1102/419 680/1248/487 674/1103/420
f 696/1104/421 695/1116/433 669/1105/422
f 674/1103/420 680/1248/487 692/1106/423
f 690/1107/424 691/1099/416 671/1101/418
f 668/1109/426 685/1118/435 686/1110/427
f 695/1116/433 687/1249/488 670/1117/434
f 670/1117/434 687/1249/488 685/1118/435
f 676/1111/428 686/1110/427 690/1107/424
f 681/1119/436 689/1130/447 688/1120/437
f 694/1122/439 680/1250/489 679/1123/440
f 408/1251/490 692/1252/491 680/1250/489
f 664/1127/444 695/1126/443 696/1128/445
f 666/1129/446 696/1128/445 689/1130/447
f 143/1131/448 144/1134/451 662/1132/449
f 144/1134/451 145/1136/453 693/1135/452
f 145/1136/453 146/1139/456 694/1137/454
f 147/1138/455 408/1141/458 694/1137/454
f 148/1140/457 683/1253/492 408/1141/458
f 149/1142/459 681/1254/462 683/1143/460
f 149/1145/459 150/1255/463 666/1146/461
f 150/1148/463 151/1151/465 664/1149/464
f 151/1151/465 152/1154/468 663/1152/466
f 141/1153/467 665/1156/470 663/1152/466
f 142/1155/469 682/1157/471 665/1156/470
f 143/1131/448 684/1133/450 682/1157/471
f 202/1091/118 456/1092/118 410/1083/9
f 406/655/5 396/647/5 697/1159/5
f 704/1167/475 699/1169/475 700/1256/472
f 704/1167/475 702/645/240 697/1168/240
f 395/1170/476 649/1257/476 701/1166/474
