# Blender 5.1.1
# www.blender.org
mtllib SteamPunkClock.mtl
o Object003
v 0.788455 -0.058314 0.040526
v 0.784682 -0.096626 0.040526
v 0.784682 -0.096626 -0.000000
v 0.788455 -0.058314 -0.000000
v 0.761928 -0.211013 0.040526
v 0.750754 -0.247853 0.040526
v 0.750754 -0.247853 -0.000000
v 0.761928 -0.211013 -0.000000
v 0.706121 -0.355604 0.040526
v 0.687974 -0.389555 0.040526
v 0.687974 -0.389555 -0.000000
v 0.706121 -0.355604 -0.000000
v 0.623179 -0.486528 0.040526
v 0.598756 -0.516287 0.040526
v 0.598756 -0.516287 -0.000000
v 0.623179 -0.486528 -0.000000
v 0.516287 -0.598756 0.040526
v 0.486529 -0.623178 0.040526
v 0.486529 -0.623179 -0.000000
v 0.516287 -0.598756 -0.000000
v 0.389556 -0.687974 0.040526
v 0.355604 -0.706121 0.040526
v 0.355604 -0.706121 -0.000000
v 0.389556 -0.687974 -0.000000
v 0.247853 -0.750753 0.040526
v 0.211013 -0.761928 0.040526
v 0.211013 -0.761928 -0.000000
v 0.247853 -0.750753 -0.000000
v 0.096626 -0.784681 0.040526
v 0.058315 -0.788455 0.040526
v 0.058315 -0.788455 -0.000000
v 0.096626 -0.784681 -0.000000
v -0.058314 -0.788455 0.040526
v -0.096626 -0.784681 0.040526
v -0.096626 -0.784681 -0.000000
v -0.058314 -0.788455 -0.000000
v -0.211014 -0.761928 0.040526
v -0.247853 -0.750753 0.040526
v -0.247853 -0.750753 -0.000000
v -0.211014 -0.761928 -0.000000
v -0.355604 -0.706121 0.040526
v -0.389555 -0.687974 0.040526
v -0.389556 -0.687974 -0.000000
v -0.355604 -0.706121 -0.000000
v -0.486528 -0.623178 0.040526
v -0.516287 -0.598756 0.040526
v -0.516287 -0.598756 -0.000000
v -0.486528 -0.623179 -0.000000
v -0.598756 -0.516287 0.040526
v -0.623179 -0.486528 0.040526
v -0.623179 -0.486528 -0.000000
v -0.598756 -0.516287 -0.000000
v -0.687974 -0.389555 0.040526
v -0.706121 -0.355603 0.040526
v -0.706121 -0.355603 -0.000000
v -0.687974 -0.389555 -0.000000
v -0.750753 -0.247853 0.040526
v -0.761929 -0.211013 0.040526
v -0.761929 -0.211013 -0.000000
v -0.750753 -0.247853 -0.000000
v -0.784682 -0.096626 0.040526
v -0.788455 -0.058314 0.040526
v -0.788455 -0.058314 -0.000000
v -0.784681 -0.096626 -0.000000
v -0.788455 0.058315 0.040526
v -0.784681 0.096627 0.040526
v -0.784681 0.096627 -0.000000
v -0.788455 0.058315 -0.000000
v -0.761929 0.211014 0.040526
v -0.750753 0.247854 0.040526
v -0.750753 0.247854 -0.000000
v -0.761929 0.211014 -0.000000
v -0.706121 0.355604 0.040526
v -0.687973 0.389556 0.040526
v -0.687973 0.389556 0.000000
v -0.706121 0.355604 0.000000
v -0.623178 0.486529 0.040527
v -0.598756 0.516288 0.040527
v -0.598756 0.516288 -0.000000
v -0.623178 0.486529 -0.000000
v -0.516287 0.598756 0.040527
v -0.486528 0.623179 0.040527
v -0.486528 0.623179 -0.000000
v -0.516287 0.598756 -0.000000
v -0.389555 0.687974 0.040526
v -0.355604 0.706121 0.040526
v -0.355604 0.706121 0.000000
v -0.389555 0.687974 0.000000
v -0.247852 0.750753 0.040526
v -0.211013 0.761928 0.040526
v -0.211013 0.761928 -0.000000
v -0.247852 0.750753 -0.000000
v -0.096625 0.784681 0.040526
v -0.058313 0.788455 0.040526
v -0.058313 0.788455 -0.000000
v -0.096625 0.784681 -0.000000
v 0.058315 0.788455 0.040526
v 0.096627 0.784681 0.040526
v 0.096627 0.784681 -0.000000
v 0.058315 0.788455 -0.000000
v 0.211014 0.761928 0.040526
v 0.247854 0.750753 0.040526
v 0.247854 0.750753 -0.000000
v 0.211014 0.761928 -0.000000
v 0.355605 0.706121 0.040526
v 0.389557 0.687973 0.040526
v 0.389557 0.687973 0.000000
v 0.355605 0.706121 0.000000
v 0.486529 0.623178 0.040527
v 0.516288 0.598755 0.040527
v 0.516288 0.598755 -0.000000
v 0.486529 0.623178 -0.000000
v 0.598757 0.516287 0.040526
v 0.623179 0.486528 0.040526
v 0.623179 0.486528 -0.000000
v 0.598757 0.516287 -0.000000
v 0.687974 0.389555 0.040526
v 0.706122 0.355603 0.040526
v 0.706122 0.355603 -0.000000
v 0.687974 0.389555 -0.000000
v 0.750754 0.247852 0.040526
v 0.761928 0.211012 0.040526
v 0.761928 0.211013 -0.000000
v 0.750754 0.247852 -0.000000
v 0.784682 0.096626 0.040526
v 0.788455 0.058314 0.040526
v 0.788455 0.058314 -0.000000
v 0.784682 0.096626 -0.000000
v 0.639038 0.000000 0.083914
v 0.626759 -0.124670 0.083914
v 0.695606 -0.087853 0.040526
v 0.699379 -0.049541 0.040526
v 0.626760 -0.124670 -0.000000
v 0.695606 -0.087853 -0.000000
v 0.590395 -0.244549 0.083914
v 0.665101 -0.221871 0.040526
v 0.676276 -0.185031 0.040526
v 0.590395 -0.244549 -0.000000
v 0.665101 -0.221871 -0.000000
v 0.531341 -0.355031 0.083914
v 0.609036 -0.347362 0.040526
v 0.627184 -0.313410 0.040526
v 0.531341 -0.355031 -0.000000
v 0.609036 -0.347362 -0.000000
v 0.451869 -0.451868 0.083914
v 0.529566 -0.459505 0.040526
v 0.553989 -0.429746 0.040526
v 0.451869 -0.451868 -0.000000
v 0.529566 -0.459505 -0.000000
v 0.355031 -0.531341 0.083914
v 0.429745 -0.553989 0.040526
v 0.459505 -0.529566 0.040526
v 0.355031 -0.531341 -0.000000
v 0.429745 -0.553989 -0.000000
v 0.244550 -0.590395 0.083914
v 0.313410 -0.627183 0.040526
v 0.347362 -0.609036 0.040526
v 0.244550 -0.590395 -0.000000
v 0.313410 -0.627183 -0.000000
v 0.124671 -0.626760 0.083914
v 0.185031 -0.676276 0.040526
v 0.221871 -0.665100 0.040526
v 0.124671 -0.626760 -0.000000
v 0.185031 -0.676276 -0.000000
v 0.000000 -0.639039 0.083914
v 0.049540 -0.699379 0.040526
v 0.087853 -0.695606 0.040526
v 0.000000 -0.639039 -0.000000
v 0.049540 -0.699379 -0.000000
v -0.124670 -0.626760 0.083914
v -0.087853 -0.695606 0.040526
v -0.049541 -0.699379 0.040526
v -0.124670 -0.626760 -0.000000
v -0.087853 -0.695606 -0.000000
v -0.244549 -0.590395 0.083914
v -0.221871 -0.665100 0.040526
v -0.185031 -0.676276 0.040526
v -0.244549 -0.590395 -0.000000
v -0.221871 -0.665100 -0.000000
v -0.355031 -0.531341 0.083914
v -0.347362 -0.609036 0.040526
v -0.313410 -0.627183 0.040526
v -0.355031 -0.531341 -0.000000
v -0.347362 -0.609036 -0.000000
v -0.451868 -0.451868 0.083914
v -0.459505 -0.529566 0.040526
v -0.429746 -0.553989 0.040526
v -0.451868 -0.451868 -0.000000
v -0.459505 -0.529566 -0.000000
v -0.531342 -0.355030 0.083914
v -0.553989 -0.429746 0.040526
v -0.529566 -0.459505 0.040526
v -0.531341 -0.355030 -0.000000
v -0.553989 -0.429746 -0.000000
v -0.590395 -0.244549 0.083914
v -0.627183 -0.313410 0.040526
v -0.609036 -0.347362 0.040526
v -0.590395 -0.244549 -0.000000
v -0.627183 -0.313410 -0.000000
v -0.626760 -0.124670 0.083914
v -0.676276 -0.185031 0.040526
v -0.665100 -0.221871 0.040526
v -0.626760 -0.124670 -0.000000
v -0.676276 -0.185031 -0.000000
v -0.639039 0.000000 0.083914
v -0.699379 -0.049541 0.040526
v -0.695606 -0.087853 0.040526
v -0.639039 0.000000 -0.000000
v -0.699379 -0.049541 -0.000000
v -0.626760 0.124671 0.083914
v -0.695606 0.087854 0.040526
v -0.699379 0.049541 0.040526
v -0.626760 0.124671 -0.000000
v -0.695606 0.087854 -0.000000
v -0.590395 0.244550 0.083914
v -0.665100 0.221871 0.040526
v -0.676276 0.185032 0.040526
v -0.590395 0.244550 -0.000000
v -0.665100 0.221871 -0.000000
v -0.531341 0.355031 0.083915
v -0.609036 0.347363 0.040526
v -0.627183 0.313411 0.040526
v -0.531341 0.355031 0.000000
v -0.609036 0.347363 0.000000
v -0.451868 0.451869 0.083915
v -0.529566 0.459505 0.040526
v -0.553989 0.429747 0.040526
v -0.451868 0.451869 -0.000000
v -0.529566 0.459505 -0.000000
v -0.355030 0.531341 0.083915
v -0.429746 0.553989 0.040527
v -0.459505 0.529567 0.040527
v -0.355030 0.531341 -0.000000
v -0.429746 0.553989 -0.000000
v -0.244549 0.590395 0.083915
v -0.313410 0.627184 0.040527
v -0.347362 0.609036 0.040527
v -0.244549 0.590395 -0.000000
v -0.313410 0.627183 -0.000000
v -0.124670 0.626760 0.083915
v -0.185030 0.676276 0.040526
v -0.221870 0.665100 0.040527
v -0.124670 0.626760 -0.000000
v -0.185030 0.676276 0.000000
v 0.000001 0.639039 0.083915
v -0.049540 0.699379 0.040526
v -0.087853 0.695606 0.040526
v 0.000001 0.639039 0.000000
v -0.049540 0.699379 0.000000
v 0.124671 0.626760 0.083915
v 0.087854 0.695606 0.040526
v 0.049541 0.699379 0.040526
v 0.124671 0.626760 -0.000000
v 0.087854 0.695606 0.000000
v 0.244550 0.590395 0.083915
v 0.221871 0.665101 0.040527
v 0.185032 0.676276 0.040526
v 0.244550 0.590395 -0.000000
v 0.221871 0.665100 0.000000
v 0.355031 0.531341 0.083915
v 0.347364 0.609035 0.040527
v 0.313411 0.627183 0.040527
v 0.355031 0.531341 -0.000000
v 0.347364 0.609035 -0.000000
v 0.451869 0.451868 0.083915
v 0.459506 0.529566 0.040526
v 0.429746 0.553989 0.040527
v 0.451869 0.451868 -0.000000
v 0.459506 0.529566 -0.000000
v 0.531342 0.355030 0.083914
v 0.553989 0.429745 0.040526
v 0.529567 0.459505 0.040526
v 0.531342 0.355030 -0.000000
v 0.553989 0.429745 -0.000000
v 0.590395 0.244549 0.083914
v 0.627184 0.313410 0.040526
v 0.609036 0.347362 0.040526
v 0.590395 0.244549 -0.000000
v 0.627184 0.313410 -0.000000
v 0.626760 0.124670 0.083914
v 0.676276 0.185030 0.040526
v 0.665101 0.221870 0.040526
v 0.626760 0.124670 -0.000000
v 0.676276 0.185030 -0.000000
v 0.699379 0.049541 0.040526
v 0.695606 0.087852 0.040526
v 0.639038 0.000000 -0.000000
v 0.699379 0.049541 -0.000000
v 0.562310 -0.111850 0.083914
v 0.573327 0.000000 0.083914
v 0.529684 -0.219402 0.083914
v 0.476703 -0.318523 0.083914
v 0.405403 -0.405402 0.083914
v 0.318523 -0.476703 0.083914
v 0.219402 -0.529684 0.083914
v 0.111850 -0.562310 0.083914
v 0.000000 -0.573326 0.083914
v -0.111850 -0.562310 0.083914
v -0.219403 -0.529684 0.083914
v -0.318523 -0.476703 0.083914
v -0.405403 -0.405402 0.083914
v -0.476704 -0.318523 0.083914
v -0.529685 -0.219402 0.083914
v -0.562310 -0.111850 0.083914
v -0.573326 0.000000 0.083914
v -0.562310 0.111851 0.083914
v -0.529685 0.219403 0.083914
v -0.476703 0.318523 0.083915
v -0.405403 0.405403 0.083915
v -0.318523 0.476704 0.083915
v -0.219402 0.529685 0.083915
v -0.111850 0.562310 0.083915
v 0.000001 0.573326 0.083915
v 0.111851 0.562310 0.083915
v 0.219403 0.529684 0.083915
v 0.318524 0.476703 0.083915
v 0.405403 0.405403 0.083915
v 0.476704 0.318523 0.083914
v 0.529685 0.219402 0.083914
v 0.562310 0.111850 0.083914
v 0.517650 -0.102967 0.016111
v 0.560188 -0.111428 0.026846
v 0.571164 0.000000 0.026846
v 0.527792 0.000000 0.016111
v 0.487616 -0.201977 0.016111
v 0.527686 -0.218575 0.026846
v 0.438843 -0.293225 0.016111
v 0.474905 -0.317321 0.026846
v 0.373205 -0.373205 0.016111
v 0.403874 -0.403873 0.026846
v 0.293225 -0.438842 0.016111
v 0.317321 -0.474905 0.026846
v 0.201977 -0.487616 0.016111
v 0.218575 -0.527686 0.026846
v 0.102967 -0.517650 0.016111
v 0.111429 -0.560189 0.026846
v 0.000000 -0.527792 0.016111
v 0.000000 -0.571164 0.026846
v -0.102967 -0.517650 0.016111
v -0.111428 -0.560189 0.026846
v -0.201977 -0.487616 0.016111
v -0.218575 -0.527686 0.026846
v -0.293225 -0.438842 0.016111
v -0.317321 -0.474905 0.026846
v -0.373205 -0.373205 0.016111
v -0.403873 -0.403873 0.026846
v -0.438843 -0.293225 0.016111
v -0.474905 -0.317321 0.026846
v -0.487616 -0.201977 0.016111
v -0.527687 -0.218574 0.026846
v -0.517650 -0.102967 0.016111
v -0.560189 -0.111428 0.026846
v -0.527792 0.000000 0.016111
v -0.571164 0.000000 0.026846
v -0.517650 0.102967 0.016111
v -0.560189 0.111429 0.026846
v -0.487616 0.201978 0.016111
v -0.527687 0.218575 0.026846
v -0.438843 0.293226 0.016111
v -0.474905 0.317322 0.026846
v -0.373205 0.373206 0.016111
v -0.403873 0.403874 0.026846
v -0.293226 0.438843 0.016111
v -0.317321 0.474906 0.026846
v -0.201977 0.487616 0.016111
v -0.218575 0.527687 0.026846
v -0.102967 0.517650 0.016111
v -0.111428 0.560189 0.026846
v 0.000001 0.527792 0.016111
v 0.000001 0.571164 0.026846
v 0.102968 0.517650 0.016111
v 0.111429 0.560189 0.026846
v 0.201977 0.487616 0.016111
v 0.218575 0.527687 0.026846
v 0.293225 0.438843 0.016111
v 0.317322 0.474905 0.026846
v 0.373205 0.373205 0.016111
v 0.403874 0.403874 0.026846
v 0.438843 0.293225 0.016111
v 0.474906 0.317321 0.026846
v 0.487616 0.201977 0.016111
v 0.527687 0.218574 0.026846
v 0.517651 0.102967 0.016111
v 0.560190 0.111428 0.026846
v 0.699379 -0.049541 -0.000000
v 0.676276 -0.185031 -0.000000
v 0.627184 -0.313410 -0.000000
v 0.553989 -0.429746 -0.000000
v 0.459505 -0.529566 -0.000000
v 0.347362 -0.609036 -0.000000
v 0.221871 -0.665100 -0.000000
v 0.087853 -0.695606 -0.000000
v -0.049541 -0.699379 -0.000000
v -0.185031 -0.676276 -0.000000
v -0.313410 -0.627184 -0.000000
v -0.429746 -0.553989 -0.000000
v -0.529566 -0.459505 -0.000000
v -0.609036 -0.347362 -0.000000
v -0.665100 -0.221871 -0.000000
v -0.695606 -0.087853 -0.000000
v -0.699379 0.049541 -0.000000
v -0.676276 0.185032 -0.000000
v -0.627183 0.313411 0.000000
v -0.553989 0.429746 -0.000000
v -0.459505 0.529567 -0.000000
v -0.347362 0.609036 -0.000000
v -0.221870 0.665101 0.000000
v -0.087853 0.695606 0.000000
v 0.049541 0.699379 0.000000
v 0.185032 0.676276 0.000000
v 0.313411 0.627183 -0.000000
v 0.429746 0.553989 -0.000000
v 0.529567 0.459505 -0.000000
v 0.609036 0.347362 -0.000000
v 0.665101 0.221870 -0.000000
v 0.695606 0.087852 -0.000000
v 0.788455 -0.058314 -0.040527
v 0.784682 -0.096626 -0.040527
v 0.761928 -0.211013 -0.040527
v 0.750754 -0.247853 -0.040527
v 0.706121 -0.355604 -0.040527
v 0.687974 -0.389555 -0.040527
v 0.623179 -0.486528 -0.040527
v 0.598756 -0.516287 -0.040527
v 0.516287 -0.598756 -0.040527
v 0.486529 -0.623178 -0.040527
v 0.389556 -0.687974 -0.040527
v 0.355604 -0.706121 -0.040527
v 0.247853 -0.750753 -0.040527
v 0.211013 -0.761928 -0.040527
v 0.096626 -0.784681 -0.040527
v 0.058315 -0.788455 -0.040527
v -0.058314 -0.788455 -0.040527
v -0.096626 -0.784681 -0.040527
v -0.211014 -0.761928 -0.040527
v -0.247853 -0.750753 -0.040527
v -0.355604 -0.706121 -0.040527
v -0.389556 -0.687974 -0.040527
v -0.486528 -0.623179 -0.040527
v -0.516287 -0.598756 -0.040527
v -0.598756 -0.516287 -0.040527
v -0.623179 -0.486528 -0.040527
v -0.687974 -0.389555 -0.040527
v -0.706121 -0.355603 -0.040527
v -0.750753 -0.247853 -0.040527
v -0.761929 -0.211013 -0.040527
v -0.784681 -0.096626 -0.040527
v -0.788455 -0.058314 -0.040527
v -0.788455 0.058315 -0.040527
v -0.784681 0.096627 -0.040527
v -0.761929 0.211014 -0.040527
v -0.750753 0.247854 -0.040527
v -0.706121 0.355604 -0.040527
v -0.687973 0.389556 -0.040527
v -0.623178 0.486529 -0.040527
v -0.598756 0.516288 -0.040527
v -0.516287 0.598756 -0.040527
v -0.486528 0.623179 -0.040527
v -0.389555 0.687974 -0.040526
v -0.355604 0.706121 -0.040526
v -0.247852 0.750753 -0.040526
v -0.211013 0.761928 -0.040526
v -0.096625 0.784681 -0.040526
v -0.058313 0.788455 -0.040526
v 0.058315 0.788455 -0.040526
v 0.096627 0.784681 -0.040526
v 0.211014 0.761928 -0.040526
v 0.247854 0.750753 -0.040526
v 0.355605 0.706121 -0.040526
v 0.389557 0.687973 -0.040526
v 0.486529 0.623178 -0.040527
v 0.516288 0.598755 -0.040527
v 0.598757 0.516287 -0.040527
v 0.623179 0.486528 -0.040527
v 0.687974 0.389555 -0.040527
v 0.706122 0.355603 -0.040527
v 0.750754 0.247852 -0.040527
v 0.761928 0.211013 -0.040527
v 0.784682 0.096626 -0.040527
v 0.788455 0.058314 -0.040527
v 0.639038 0.000000 -0.083915
v 0.699379 -0.049541 -0.040527
v 0.695606 -0.087853 -0.040527
v 0.626760 -0.124670 -0.083915
v 0.676276 -0.185031 -0.040527
v 0.665101 -0.221871 -0.040527
v 0.590395 -0.244549 -0.083915
v 0.627184 -0.313410 -0.040527
v 0.609036 -0.347362 -0.040527
v 0.531341 -0.355031 -0.083915
v 0.553989 -0.429746 -0.040527
v 0.529566 -0.459505 -0.040527
v 0.451869 -0.451868 -0.083914
v 0.459505 -0.529566 -0.040527
v 0.429745 -0.553989 -0.040527
v 0.355031 -0.531341 -0.083914
v 0.347362 -0.609036 -0.040527
v 0.313410 -0.627183 -0.040527
v 0.244550 -0.590395 -0.083914
v 0.221871 -0.665100 -0.040527
v 0.185031 -0.676276 -0.040527
v 0.124671 -0.626760 -0.083914
v 0.087853 -0.695606 -0.040527
v 0.049540 -0.699379 -0.040527
v 0.000000 -0.639039 -0.083914
v -0.049541 -0.699379 -0.040527
v -0.087853 -0.695606 -0.040527
v -0.124670 -0.626760 -0.083914
v -0.185031 -0.676276 -0.040527
v -0.221871 -0.665100 -0.040527
v -0.244549 -0.590395 -0.083914
v -0.313410 -0.627184 -0.040527
v -0.347362 -0.609036 -0.040527
v -0.355031 -0.531341 -0.083914
v -0.429746 -0.553989 -0.040527
v -0.459505 -0.529566 -0.040527
v -0.451868 -0.451868 -0.083914
v -0.529566 -0.459505 -0.040527
v -0.553989 -0.429746 -0.040527
v -0.531341 -0.355030 -0.083914
v -0.609036 -0.347362 -0.040527
v -0.627183 -0.313410 -0.040527
v -0.590395 -0.244549 -0.083915
v -0.665100 -0.221871 -0.040527
v -0.676276 -0.185031 -0.040527
v -0.626760 -0.124670 -0.083915
v -0.695606 -0.087853 -0.040527
v -0.699379 -0.049540 -0.040527
v -0.639039 0.000000 -0.083914
v -0.699379 0.049541 -0.040527
v -0.695606 0.087854 -0.040527
v -0.626760 0.124671 -0.083914
v -0.676276 0.185032 -0.040527
v -0.665100 0.221871 -0.040527
v -0.590395 0.244550 -0.083914
v -0.627183 0.313411 -0.040527
v -0.609036 0.347363 -0.040527
v -0.531341 0.355031 -0.083914
v -0.553989 0.429747 -0.040527
v -0.529566 0.459505 -0.040527
v -0.451868 0.451869 -0.083914
v -0.459505 0.529567 -0.040527
v -0.429746 0.553989 -0.040527
v -0.355030 0.531341 -0.083914
v -0.347362 0.609036 -0.040527
v -0.313410 0.627183 -0.040527
v -0.244549 0.590395 -0.083914
v -0.221870 0.665101 -0.040526
v -0.185030 0.676276 -0.040526
v -0.124670 0.626760 -0.083914
v -0.087853 0.695606 -0.040526
v -0.049540 0.699379 -0.040526
v 0.000001 0.639039 -0.083914
v 0.049541 0.699379 -0.040526
v 0.087854 0.695606 -0.040526
v 0.124671 0.626760 -0.083914
v 0.185032 0.676276 -0.040526
v 0.221871 0.665100 -0.040526
v 0.244550 0.590395 -0.083914
v 0.313411 0.627183 -0.040527
v 0.347364 0.609035 -0.040527
v 0.355031 0.531341 -0.083914
v 0.429746 0.553989 -0.040527
v 0.459506 0.529566 -0.040527
v 0.451869 0.451868 -0.083914
v 0.529567 0.459505 -0.040527
v 0.553989 0.429745 -0.040527
v 0.531342 0.355030 -0.083914
v 0.609036 0.347362 -0.040527
v 0.627184 0.313410 -0.040527
v 0.590395 0.244549 -0.083914
v 0.665101 0.221870 -0.040527
v 0.676276 0.185030 -0.040527
v 0.626760 0.124670 -0.083915
v 0.695606 0.087852 -0.040527
v 0.699379 0.049541 -0.040527
v 0.562310 -0.111850 -0.083915
v 0.573327 0.000000 -0.083915
v 0.529684 -0.219402 -0.083915
v 0.476703 -0.318523 -0.083915
v 0.405403 -0.405402 -0.083915
v 0.318523 -0.476703 -0.083914
v 0.219402 -0.529684 -0.083914
v 0.111850 -0.562310 -0.083914
v 0.000000 -0.573326 -0.083914
v -0.111850 -0.562310 -0.083914
v -0.219403 -0.529684 -0.083914
v -0.318523 -0.476703 -0.083914
v -0.405403 -0.405402 -0.083914
v -0.476704 -0.318523 -0.083915
v -0.529685 -0.219402 -0.083915
v -0.562310 -0.111850 -0.083915
v -0.573326 0.000000 -0.083914
v -0.562310 0.111851 -0.083914
v -0.529685 0.219403 -0.083914
v -0.476703 0.318523 -0.083914
v -0.405403 0.405403 -0.083914
v -0.318523 0.476704 -0.083914
v -0.219402 0.529685 -0.083914
v -0.111850 0.562310 -0.083914
v 0.000001 0.573326 -0.083914
v 0.111851 0.562310 -0.083914
v 0.219403 0.529684 -0.083914
v 0.318524 0.476703 -0.083914
v 0.405403 0.405403 -0.083914
v 0.476704 0.318523 -0.083914
v 0.529685 0.219402 -0.083914
v 0.562309 0.111850 -0.083914
v 0.517650 -0.102967 -0.016111
v 0.527792 0.000000 -0.016111
v 0.487616 -0.201977 -0.016111
v 0.438843 -0.293225 -0.016111
v 0.373205 -0.373205 -0.016111
v 0.293225 -0.438842 -0.016111
v 0.201977 -0.487616 -0.016111
v 0.102967 -0.517650 -0.016111
v 0.000000 -0.527792 -0.016111
v -0.102967 -0.517650 -0.016111
v -0.201977 -0.487616 -0.016111
v -0.293225 -0.438842 -0.016111
v -0.373205 -0.373205 -0.016111
v -0.438843 -0.293225 -0.016111
v -0.487616 -0.201977 -0.016111
v -0.517650 -0.102967 -0.016111
v -0.527792 0.000000 -0.016111
v -0.517650 0.102967 -0.016111
v -0.487616 0.201978 -0.016111
v -0.438843 0.293226 -0.016111
v -0.373205 0.373206 -0.016111
v -0.293226 0.438843 -0.016111
v -0.201977 0.487616 -0.016111
v -0.102967 0.517650 -0.016111
v 0.000001 0.527792 -0.016111
v 0.102968 0.517650 -0.016111
v 0.201977 0.487616 -0.016111
v 0.293225 0.438843 -0.016111
v 0.373205 0.373205 -0.016111
v 0.438843 0.293225 -0.016111
v 0.487616 0.201977 -0.016111
v 0.517651 0.102967 -0.016111
v 0.274203 -0.334117 -0.000000
v 0.334117 -0.274203 -0.000000
v 0.381192 -0.203751 -0.000000
v 0.413617 -0.125469 -0.000000
v 0.430148 -0.042366 -0.000000
v 0.430148 0.042366 -0.000000
v 0.413618 0.125469 -0.000000
v 0.381192 0.203751 -0.000000
v 0.334118 0.274203 -0.000000
v 0.274204 0.334118 -0.000000
v 0.203752 0.381192 -0.000000
v 0.125469 0.413618 -0.000000
v 0.042366 0.430148 -0.000000
v -0.042366 0.430148 -0.000000
v -0.125470 0.413618 -0.000000
v -0.203751 0.381193 -0.000000
v -0.274203 0.334118 -0.000000
v -0.334118 0.274204 -0.000000
v -0.381192 0.203752 -0.000000
v -0.413618 0.125470 -0.000000
v -0.430148 0.042366 0.000000
v -0.430148 -0.042366 -0.000000
v -0.413618 -0.125469 -0.000000
v -0.381192 -0.203751 -0.000000
v -0.334118 -0.274203 -0.000000
v -0.274203 -0.334117 -0.000000
v -0.203751 -0.381192 -0.000000
v -0.125470 -0.413617 -0.000000
v -0.042366 -0.430147 -0.000000
v 0.042366 -0.430148 -0.000000
v 0.125469 -0.413617 -0.000000
v 0.203752 -0.381192 -0.000000
v -0.767160 0.807542 0.279383
v -0.911724 0.725211 0.279383
v -1.036458 0.612683 0.279383
v -1.138609 0.477257 0.279383
v -1.204772 0.320377 0.279383
v -1.239058 0.153603 0.279383
v -1.240149 -0.016655 0.279383
v -1.208003 -0.183854 0.279383
v -1.143857 -0.341570 0.279383
v -1.050174 -0.483740 0.279383
v -0.930555 -0.604902 0.279383
v -0.789597 -0.700400 0.279383
v -0.632716 -0.766562 0.279383
v -0.465943 -0.800848 0.279383
v -0.295685 -0.801940 0.279383
v -0.126115 -0.777794 0.279383
v -0.757468 0.789125 0.279383
v -0.884969 0.692180 0.279383
v -0.992097 0.575799 0.279383
v -1.072696 0.441481 0.279383
v -1.133146 0.298147 0.279383
v -1.164471 0.145774 0.279383
v -1.165468 -0.009782 0.279383
v -1.136098 -0.162544 0.279383
v -1.077491 -0.306641 0.279383
v -0.991897 -0.436536 0.279383
v -0.882607 -0.547236 0.279383
v -0.753821 -0.634487 0.279383
v -0.610487 -0.694937 0.279383
v -0.458114 -0.726262 0.279383
v -0.302557 -0.727259 0.279383
v -0.152166 -0.689889 0.279383
v -1.418004 0.172386 0.279383
v -1.401331 0.170636 0.279383
v -1.429865 -0.034113 0.279383
v -1.392085 -0.030637 0.279383
v -1.394931 -0.239252 0.279383
v -1.350028 -0.225945 0.279383
v -1.324721 -0.436758 0.279383
v -1.266606 -0.406172 0.279383
v -1.211119 -0.614107 0.279383
v -1.155834 -0.569326 0.279383
v -1.067349 -0.769425 0.279383
v -1.013113 -0.704195 0.279383
v -0.895552 -0.895609 0.279383
v -0.847311 -0.806730 0.279383
v -0.699898 -0.983028 0.279383
v -0.667232 -0.877774 0.279383
v -0.490267 -1.032583 0.279383
v -0.477435 -0.910334 0.279383
v -0.273875 -1.038941 0.279383
v -0.286054 -0.906590 0.279383
v -0.110159 -1.012798 0.279383
v -0.089857 -0.865997 0.279383
v -0.041245 -0.780698 0.279383
v 0.002059 -0.662970 0.279383
v 0.004971 -0.822933 0.279383
v 0.109981 -0.728801 0.279383
v 0.027829 -0.875978 0.279383
v 0.152685 -0.852301 0.279383
v 0.019560 -0.929360 0.279383
v 0.135159 -0.947925 0.279383
v -0.021604 -1.126480 0.279383
v -0.003260 -1.128126 0.279383
v -0.191722 -1.020438 0.279383
v -0.188224 -0.891720 0.279383
v -0.211339 -1.897814 0.279383
v -0.244312 -1.895557 0.279383
v -1.008148 -0.812908 0.279383
v -0.955978 -0.739528 0.279383
v -0.948321 -0.856850 0.279383
v -0.898238 -0.775236 0.279383
v -0.885477 -0.635442 0.279383
v -0.841422 -0.575138 0.279383
v -0.822808 -0.677900 0.279383
v -0.784164 -0.613930 0.279383
v -0.453750 -1.204396 0.279383
v -0.335008 -1.207885 0.279383
v -0.911098 -1.051666 0.279383
v -0.812003 -1.095942 0.279383
v -1.254096 -0.733741 0.279383
v -1.192849 -0.799907 0.279383
v -0.767160 0.807542 0.229383
v -0.911724 0.725211 0.229383
v -1.036458 0.612683 0.229383
v -1.138609 0.477257 0.229383
v -1.204772 0.320377 0.229383
v -1.239058 0.153603 0.229383
v -1.240149 -0.016655 0.229383
v -1.208003 -0.183854 0.229383
v -1.143857 -0.341570 0.229383
v -1.050174 -0.483740 0.229383
v -0.930555 -0.604902 0.229383
v -0.789597 -0.700400 0.229383
v -0.632716 -0.766562 0.229383
v -0.465943 -0.800848 0.229383
v -0.295685 -0.801940 0.229383
v -0.126115 -0.777794 0.229383
v -0.757468 0.789125 0.229383
v -0.884969 0.692180 0.229383
v -0.992097 0.575799 0.229383
v -1.072696 0.441481 0.229383
v -1.133146 0.298147 0.229383
v -1.164471 0.145774 0.229383
v -1.165468 -0.009782 0.229383
v -1.136098 -0.162544 0.229383
v -1.077491 -0.306641 0.229383
v -0.991897 -0.436536 0.229383
v -0.882607 -0.547236 0.229383
v -0.753821 -0.634487 0.229383
v -0.610487 -0.694937 0.229383
v -0.458114 -0.726262 0.229383
v -0.302557 -0.727259 0.229383
v -0.152166 -0.689889 0.229383
v -1.418004 0.172386 0.229383
v -1.401331 0.170636 0.229383
v -1.429865 -0.034113 0.229383
v -1.392085 -0.030637 0.229383
v -1.394931 -0.239252 0.229383
v -1.350028 -0.225945 0.229383
v -1.324721 -0.436758 0.229383
v -1.266606 -0.406172 0.229383
v -1.211119 -0.614107 0.229383
v -1.155834 -0.569326 0.229383
v -1.067349 -0.769425 0.229383
v -1.013113 -0.704195 0.229383
v -0.895552 -0.895609 0.229383
v -0.847311 -0.806730 0.229383
v -0.699898 -0.983028 0.229383
v -0.667232 -0.877774 0.229383
v -0.490267 -1.032583 0.229383
v -0.477435 -0.910334 0.229383
v -0.273875 -1.038941 0.229383
v -0.286054 -0.906590 0.229383
v -0.110159 -1.012798 0.229383
v -0.089857 -0.865997 0.229383
v -0.041245 -0.780698 0.229383
v 0.002059 -0.662970 0.229383
v 0.004971 -0.822933 0.229383
v 0.109981 -0.728801 0.229383
v 0.027829 -0.875978 0.229383
v 0.152685 -0.852301 0.229383
v 0.019560 -0.929360 0.229383
v 0.135159 -0.947925 0.229383
v -0.021604 -1.126480 0.229383
v -0.003260 -1.128126 0.229383
v -0.191722 -1.020438 0.229383
v -0.188224 -0.891720 0.229383
v -0.211339 -1.897814 0.229383
v -0.244312 -1.895557 0.229383
v -1.008148 -0.812908 0.229383
v -0.955978 -0.739528 0.229383
v -0.948321 -0.856850 0.229383
v -0.898238 -0.775236 0.229383
v -0.885477 -0.635442 0.229383
v -0.841422 -0.575138 0.229383
v -0.822808 -0.677900 0.229383
v -0.784164 -0.613930 0.229383
v -0.453750 -1.204396 0.229383
v -0.335008 -1.207885 0.229383
v -0.911098 -1.051666 0.229383
v -0.812003 -1.095942 0.229383
v -1.254096 -0.733741 0.229383
v -1.192849 -0.799907 0.229383
v -0.286981 -0.784938 0.166890
v -0.192204 -0.789150 0.166890
v -0.197806 -0.760985 0.166890
v -0.230726 -0.711717 0.166890
v -0.254603 -0.695763 0.166890
v -0.282768 -0.690161 0.166890
v -0.310933 -0.695763 0.166890
v -0.360201 -0.728683 0.166890
v -0.376156 -0.752560 0.166890
v -0.381759 -0.780725 0.166890
v -0.376156 -0.808890 0.166890
v -0.343236 -0.858158 0.166890
v -0.319359 -0.874112 0.166890
v -0.291193 -0.879715 0.166890
v -0.263028 -0.874112 0.166890
v -0.213760 -0.841193 0.166890
v -0.197806 -0.817315 0.166890
v -0.057380 -0.789150 0.166890
v -0.000155 -0.784938 0.166890
v 0.015391 -0.765995 0.166890
v -0.000377 -0.686726 0.166890
v -0.021988 -0.675174 0.166890
v -0.073245 -0.709390 0.166890
v -0.084164 -0.582121 0.166890
v -0.135391 -0.616383 0.166890
v -0.086566 -0.557734 0.166890
v -0.153767 -0.512832 0.166890
v -0.177217 -0.519946 0.166890
v -0.203008 -0.571202 0.166890
v -0.286981 -0.498112 0.166890
v -0.282768 -0.555337 0.166890
v -0.305924 -0.482566 0.166890
v -0.385192 -0.498334 0.166890
v -0.396744 -0.519946 0.166890
v -0.362528 -0.571202 0.166890
v -0.489797 -0.582121 0.166890
v -0.455536 -0.633348 0.166890
v -0.514184 -0.584523 0.166890
v -0.559087 -0.651724 0.166890
v -0.551973 -0.675174 0.166890
v -0.500716 -0.700965 0.166890
v -0.573806 -0.784938 0.166890
v -0.516581 -0.780725 0.166890
v -0.589352 -0.803881 0.166890
v -0.573585 -0.883149 0.166890
v -0.551973 -0.894701 0.166890
v -0.500716 -0.860485 0.166890
v -0.489797 -0.987754 0.166890
v -0.438570 -0.953493 0.166890
v -0.487395 -1.012141 0.166890
v -0.420195 -1.057043 0.166890
v -0.396744 -1.049930 0.166890
v -0.370953 -0.998673 0.166890
v -0.286981 -1.071763 0.166890
v -0.291193 -1.014538 0.166890
v -0.268038 -1.087309 0.166890
v -0.188769 -1.071542 0.166890
v -0.177217 -1.049930 0.166890
v -0.211433 -0.998673 0.166890
v -0.084164 -0.987754 0.166890
v -0.118426 -0.936527 0.166890
v -0.059777 -0.985352 0.166890
v -0.014875 -0.918151 0.166890
v -0.021988 -0.894701 0.166890
v -0.073245 -0.868910 0.166890
v -0.102277 -0.448627 0.096296
v -0.118336 -0.437897 0.115610
v -0.118336 -0.437897 0.140434
v -0.102277 -0.448627 0.159748
v -0.169826 -0.502102 0.147576
v -0.169826 -0.502102 0.108468
v -0.286981 -0.478798 0.108468
v -0.286981 -0.478798 0.147576
v -0.569817 -0.667783 0.147576
v -0.569817 -0.667783 0.108468
v -0.593121 -0.784938 0.108468
v -0.593121 -0.784938 0.147576
v 0.085441 -0.752061 0.166890
v 0.069673 -0.672792 0.166890
v -0.004145 -0.667783 0.147576
v 0.065905 -0.653849 0.147576
v 0.065905 -0.653849 0.108468
v -0.004145 -0.667783 0.108468
v -0.046886 -0.498348 0.166890
v -0.114087 -0.453446 0.166890
v -0.319857 -0.412516 0.166890
v -0.399126 -0.428284 0.166890
v -0.404135 -0.502102 0.147576
v -0.418070 -0.432051 0.147576
v -0.418070 -0.432051 0.108468
v -0.404135 -0.502102 0.108468
v -0.573570 -0.544843 0.166890
v -0.618472 -0.612044 0.166890
v -0.629203 -0.628103 0.147576
v -0.629203 -0.628103 0.108468
v -0.659402 -0.817815 0.166890
v -0.643636 -0.897083 0.166890
v -0.527075 -1.071527 0.166890
v -0.459874 -1.116429 0.166890
v -0.254104 -1.157359 0.166890
v -0.174835 -1.141592 0.166890
v -0.000391 -1.025032 0.166890
v 0.044511 -0.957831 0.166890
v 0.094413 -0.742994 0.159748
v 0.081432 -0.677735 0.159748
v -0.046954 -0.485593 0.159748
v -0.328924 -0.403544 0.159748
v -0.394183 -0.416525 0.159748
v -0.586325 -0.544910 0.159748
v -0.623292 -0.600234 0.159748
v -0.634022 -0.616293 0.140434
v -0.634022 -0.616293 0.115610
v -0.668374 -0.826881 0.159748
v -0.655393 -0.892140 0.159748
v -0.527008 -1.084282 0.159748
v -0.471684 -1.121248 0.159748
v -0.245037 -1.166331 0.159748
v -0.179779 -1.153350 0.159748
v -0.155892 -1.137824 0.147576
v -0.160835 -1.149582 0.140433
v -0.160835 -1.149582 0.115610
v -0.155892 -1.137824 0.108468
v 0.012364 -1.024965 0.159748
v 0.049330 -0.969641 0.159748
v 0.019159 -0.784938 0.147576
v -0.070507 -0.568464 0.147576
v -0.503454 -0.568464 0.147576
v -0.569817 -0.902092 0.147576
v -0.503454 -1.001411 0.147576
v -0.404135 -1.067774 0.147576
v -0.286981 -1.091077 0.147576
v -0.169826 -1.067774 0.147576
v -0.070507 -1.001411 0.147576
v -0.004144 -0.902092 0.147576
v 0.089209 -0.771004 0.147576
v -0.030827 -0.509079 0.147576
v -0.130146 -0.442716 0.147576
v -0.300915 -0.408748 0.147576
v -0.562840 -0.528784 0.147576
v -0.663170 -0.798872 0.147576
v -0.639867 -0.916026 0.147576
v -0.543134 -1.060797 0.147576
v -0.443815 -1.127159 0.147576
v -0.273047 -1.161127 0.147576
v -0.011122 -1.041091 0.147576
v 0.055241 -0.941772 0.147576
v 0.098181 -0.761937 0.140434
v 0.077664 -0.658792 0.140434
v -0.030894 -0.496323 0.140434
v -0.309981 -0.399776 0.140434
v -0.413126 -0.420293 0.140434
v -0.575595 -0.528851 0.140434
v -0.672143 -0.807938 0.140434
v -0.651625 -0.911083 0.140434
v -0.543067 -1.073552 0.140434
v -0.455625 -1.131979 0.140433
v -0.263980 -1.170099 0.140433
v 0.001633 -1.041024 0.140434
v 0.060060 -0.953582 0.140434
v -0.230726 -0.711717 0.089154
v -0.254603 -0.695763 0.089154
v -0.282768 -0.690161 0.089154
v -0.376156 -0.752560 0.089154
v -0.381759 -0.780725 0.089154
v -0.376156 -0.808890 0.089154
v -0.343236 -0.858158 0.089154
v -0.319359 -0.874112 0.089154
v -0.291193 -0.879715 0.089154
v -0.263028 -0.874112 0.089154
v -0.197806 -0.760985 0.089154
v -0.073245 -0.709390 0.089154
v -0.310933 -0.695763 0.089154
v -0.362528 -0.571202 0.089154
v -0.500716 -0.860485 0.089154
v -0.211433 -0.998673 0.089154
v -0.057380 -0.789150 0.089154
v -0.282768 -0.555337 0.089154
v -0.516581 -0.780725 0.089154
v -0.291193 -1.014538 0.089154
v -0.370953 -0.998673 0.089154
v -0.073245 -0.868910 0.089154
v -0.118426 -0.936527 0.089154
v -0.623292 -0.600234 0.096296
v -0.169826 -1.067774 0.108468
v -0.070507 -1.001411 0.108468
v -0.130146 -0.442716 0.108468
v -0.455625 -1.131979 0.115610
v -0.443815 -1.127159 0.108468
v -0.503454 -0.568464 0.108468
v -0.562840 -0.528784 0.108468
v -0.011122 -1.041091 0.108468
v 0.089209 -0.771004 0.108468
v 0.098181 -0.761937 0.115610
v -0.030827 -0.509079 0.108468
v -0.030894 -0.496323 0.115610
v -0.663170 -0.798872 0.108468
v -0.672143 -0.807938 0.115610
v -0.575595 -0.528851 0.115610
v -0.286981 -0.784938 0.089154
v -0.192204 -0.789150 0.089154
v -0.360201 -0.728683 0.089154
v -0.213760 -0.841193 0.089154
v -0.197806 -0.817315 0.089154
v -0.021988 -0.675174 0.089154
v -0.000377 -0.686726 0.089154
v 0.015391 -0.765995 0.089154
v -0.000155 -0.784938 0.089154
v -0.135391 -0.616383 0.089154
v -0.084164 -0.582121 0.089154
v -0.203008 -0.571202 0.089154
v -0.177217 -0.519946 0.089154
v -0.153767 -0.512832 0.089154
v -0.086566 -0.557734 0.089154
v -0.286981 -0.498112 0.089154
v -0.396744 -0.519946 0.089154
v -0.385192 -0.498334 0.089154
v -0.305924 -0.482566 0.089154
v -0.455536 -0.633348 0.089154
v -0.489797 -0.582121 0.089154
v -0.500716 -0.700965 0.089154
v -0.551973 -0.675174 0.089154
v -0.559087 -0.651724 0.089154
v -0.514184 -0.584523 0.089154
v -0.573806 -0.784938 0.089154
v -0.551973 -0.894701 0.089154
v -0.573585 -0.883149 0.089154
v -0.589352 -0.803881 0.089154
v -0.438570 -0.953493 0.089154
v -0.489797 -0.987754 0.089154
v -0.396744 -1.049930 0.089154
v -0.420195 -1.057043 0.089154
v -0.487395 -1.012141 0.089154
v -0.286981 -1.071763 0.089154
v -0.177217 -1.049930 0.089154
v -0.188769 -1.071542 0.089154
v -0.268038 -1.087309 0.089154
v -0.084164 -0.987754 0.089154
v -0.021988 -0.894701 0.089154
v -0.014875 -0.918151 0.089154
v -0.059777 -0.985352 0.089154
v 0.081432 -0.677735 0.096296
v 0.077664 -0.658792 0.115610
v -0.655393 -0.892140 0.096296
v -0.651625 -0.911083 0.115610
v -0.569817 -0.902092 0.108468
v -0.503454 -1.001411 0.108468
v -0.543067 -1.073552 0.115610
v -0.527008 -1.084282 0.096296
v -0.404135 -1.067774 0.108468
v -0.286981 -1.091077 0.108468
v -0.179779 -1.153350 0.096296
v 0.049330 -0.969641 0.096296
v 0.060060 -0.953582 0.115610
v -0.004144 -0.902092 0.108468
v 0.019159 -0.784938 0.108468
v 0.069673 -0.672792 0.089154
v 0.085441 -0.752061 0.089154
v -0.114087 -0.453446 0.089154
v -0.046886 -0.498348 0.089154
v -0.399126 -0.428284 0.089154
v -0.319857 -0.412516 0.089154
v -0.618472 -0.612044 0.089154
v -0.573570 -0.544843 0.089154
v -0.643636 -0.897083 0.089154
v -0.659402 -0.817815 0.089154
v -0.639867 -0.916026 0.108468
v -0.459874 -1.116429 0.089154
v -0.527075 -1.071527 0.089154
v -0.174835 -1.141592 0.089154
v -0.254104 -1.157359 0.089154
v 0.044511 -0.957831 0.089154
v -0.000391 -1.025032 0.089154
v 0.094413 -0.742994 0.096296
v -0.046954 -0.485593 0.096296
v -0.394183 -0.416525 0.096296
v -0.328924 -0.403544 0.096296
v -0.586325 -0.544910 0.096296
v -0.668374 -0.826881 0.096296
v -0.471684 -1.121248 0.096296
v -0.245037 -1.166331 0.096296
v 0.012364 -1.024965 0.096296
v -0.070507 -0.568464 0.108468
v -0.300915 -0.408748 0.108468
v -0.543134 -1.060797 0.108468
v -0.273047 -1.161127 0.108468
v 0.055241 -0.941772 0.108468
v -0.309981 -0.399776 0.115610
v -0.413126 -0.420293 0.115610
v -0.263980 -1.170099 0.115610
v 0.001633 -1.041024 0.115610
v 0.183564 -0.126755 0.035548
v 0.124376 -0.196895 0.035548
v 0.211183 -0.155271 0.035548
v 0.203760 -0.126874 0.035548
v 0.216335 -0.191826 0.035548
v 0.228909 -0.178666 0.035548
v 0.115176 -0.065734 0.035548
v 0.207769 -0.097797 0.035548
v 0.333754 0.036128 0.035548
v 0.272649 -0.029202 0.035548
v 0.274392 -0.047320 0.035548
v 0.303468 -0.051329 0.035548
v 0.203518 0.031650 0.035548
v 0.206656 -0.060072 0.035548
v 0.222600 -0.072469 0.035548
v 0.245995 -0.054743 0.035548
v 0.223952 -0.280954 0.035548
v 0.254237 -0.193496 0.035548
v 0.285056 -0.215623 0.035548
v 0.283314 -0.197505 0.035548
v 0.354188 -0.276476 0.035548
v 0.351050 -0.184754 0.035548
v 0.335105 -0.172357 0.035548
v 0.311711 -0.190082 0.035548
v 0.442529 -0.179092 0.035548
v 0.349936 -0.147028 0.035548
v 0.341370 -0.053000 0.035548
v 0.328797 -0.066160 0.035548
v 0.374141 -0.118070 0.035548
v 0.433329 -0.047931 0.035548
v 0.346522 -0.089555 0.035548
v 0.353946 -0.117952 0.035548
v 0.232946 -0.144703 0.035548
v 0.227911 -0.125439 0.035548
v 0.244971 -0.160574 0.035548
v 0.230630 -0.105714 0.035548
v 0.275826 -0.071471 0.035548
v 0.295552 -0.074190 0.035548
v 0.240691 -0.088531 0.035548
v 0.256563 -0.076506 0.035548
v 0.262154 -0.170635 0.035548
v 0.281879 -0.173355 0.035548
v 0.317014 -0.156295 0.035548
v 0.301143 -0.168319 0.035548
v 0.327075 -0.139112 0.035548
v 0.312734 -0.084251 0.035548
v 0.324759 -0.100122 0.035548
v 0.329794 -0.119387 0.035548
v 0.232946 -0.144703 0.252142
v 0.227911 -0.125439 0.252142
v 0.244971 -0.160574 0.252142
v 0.230630 -0.105714 0.252142
v 0.275826 -0.071471 0.252142
v 0.295552 -0.074190 0.252142
v 0.240691 -0.088531 0.252142
v 0.256563 -0.076506 0.252142
v 0.262154 -0.170635 0.252142
v 0.281879 -0.173355 0.252142
v 0.317014 -0.156295 0.252142
v 0.301143 -0.168319 0.252142
v 0.327075 -0.139112 0.252142
v 0.312734 -0.084251 0.252142
v 0.324759 -0.100122 0.252142
v 0.329794 -0.119387 0.252142
v 0.278853 -0.122413 0.252142
v 0.216335 -0.191826 -0.013976
v 0.223952 -0.280954 -0.013976
v 0.183564 -0.126755 -0.013976
v 0.124376 -0.196895 -0.013976
v 0.115176 -0.065734 -0.013976
v 0.203518 0.031650 -0.013976
v 0.206656 -0.060072 -0.013976
v 0.272649 -0.029202 -0.013976
v 0.285056 -0.215623 -0.013976
v 0.203760 -0.126874 -0.013976
v 0.211183 -0.155271 -0.013976
v 0.228909 -0.178666 -0.013976
v 0.207769 -0.097797 -0.013976
v 0.333754 0.036128 -0.013976
v 0.303468 -0.051329 -0.013976
v 0.274392 -0.047320 -0.013976
v 0.245995 -0.054743 -0.013976
v 0.222600 -0.072469 -0.013976
v 0.254237 -0.193496 -0.013976
v 0.283314 -0.197505 -0.013976
v 0.354188 -0.276476 -0.013976
v 0.311711 -0.190082 -0.013976
v 0.335105 -0.172357 -0.013976
v 0.351050 -0.184754 -0.013976
v 0.349936 -0.147028 -0.013976
v 0.442529 -0.179092 -0.013976
v 0.341370 -0.053000 -0.013976
v 0.328797 -0.066160 -0.013976
v 0.374141 -0.118070 -0.013976
v 0.353946 -0.117952 -0.013976
v 0.346522 -0.089555 -0.013976
v 0.433329 -0.047931 -0.013976
v 0.227911 -0.125439 -0.013976
v 0.232946 -0.144703 -0.013976
v 0.244971 -0.160574 -0.013976
v 0.230630 -0.105714 -0.013976
v 0.295552 -0.074190 -0.013976
v 0.275826 -0.071471 -0.013976
v 0.256563 -0.076506 -0.013976
v 0.240691 -0.088531 -0.013976
v 0.262154 -0.170635 -0.013976
v 0.281879 -0.173355 -0.013976
v 0.301143 -0.168319 -0.013976
v 0.317014 -0.156294 -0.013976
v 0.327075 -0.139112 -0.013976
v 0.312734 -0.084251 -0.013976
v 0.329794 -0.119387 -0.013976
v 0.324759 -0.100122 -0.013976
v 0.227911 -0.125439 -0.047344
v 0.232946 -0.144703 -0.047344
v 0.244971 -0.160574 -0.047344
v 0.230630 -0.105714 -0.047344
v 0.295552 -0.074190 -0.047344
v 0.275826 -0.071471 -0.047344
v 0.256563 -0.076506 -0.047344
v 0.240691 -0.088531 -0.047344
v 0.262154 -0.170635 -0.047344
v 0.281879 -0.173355 -0.047344
v 0.301143 -0.168319 -0.047344
v 0.317014 -0.156294 -0.047344
v 0.327075 -0.139112 -0.047344
v 0.312734 -0.084251 -0.047344
v 0.329794 -0.119387 -0.047344
v 0.324759 -0.100122 -0.047344
v 0.278853 -0.122413 -0.047344
v -0.281240 -0.633219 0.061454
v -0.256999 -0.646785 0.048416
v -0.280100 -0.659697 0.045985
v -0.298085 -0.658546 0.065515
v -0.292970 -0.644483 0.087477
v -0.269870 -0.631572 0.089909
v -0.251884 -0.632723 0.070378
v -0.244488 -0.671615 0.061401
v -0.267588 -0.684526 0.058970
v -0.285574 -0.683375 0.078500
v -0.280459 -0.669313 0.100462
v -0.257358 -0.656401 0.102894
v -0.239373 -0.657552 0.083363
v -0.256218 -0.682879 0.087424
v 0.070540 -1.089046 0.014060
v 0.048780 -0.979657 0.014060
v 0.031238 -0.986220 0.014060
v 0.051821 -1.089696 0.014060
v -0.013183 -0.886921 0.014060
v -0.025960 -0.900617 0.014060
v -0.105919 -0.824957 0.014060
v -0.113683 -0.842002 0.014060
v -0.215309 -0.803198 0.014060
v -0.214659 -0.821917 0.014060
v -0.324698 -0.824957 0.014060
v -0.318135 -0.842499 0.014060
v -0.417434 -0.886921 0.014060
v -0.403740 -0.899698 0.014060
v -0.479399 -0.979657 0.014060
v -0.462353 -0.987421 0.014060
v -0.501157 -1.089046 0.014060
v -0.482438 -1.088397 0.014060
v -0.479399 -1.198436 0.014060
v -0.461857 -1.191873 0.014060
v -0.417434 -1.291172 0.014060
v -0.404658 -1.277476 0.014060
v -0.324698 -1.353136 0.014060
v -0.316935 -1.336091 0.014060
v -0.215309 -1.374895 0.014060
v -0.215958 -1.356176 0.014060
v -0.105919 -1.353136 0.014060
v -0.112482 -1.335594 0.014060
v -0.013183 -1.291172 0.014060
v -0.026879 -1.278395 0.014060
v 0.048781 -1.198436 0.014060
v 0.031735 -1.190672 0.014060
v -0.193982 -1.093289 -0.001420
v -0.162260 -1.091241 -0.001420
v -0.167138 -1.066718 -0.001420
v -0.197228 -1.076965 -0.001420
v -0.176246 -1.053087 -0.001420
v -0.197035 -1.039195 -0.001420
v -0.211066 -1.067718 -0.001420
v -0.213114 -1.035997 -0.001420
v -0.237638 -1.040875 -0.001420
v -0.227390 -1.070965 -0.001420
v -0.251268 -1.049983 -0.001420
v -0.265160 -1.070773 -0.001420
v -0.236637 -1.084804 -0.001420
v -0.268359 -1.086852 -0.001420
v -0.263480 -1.111375 -0.001420
v -0.233391 -1.101128 -0.001420
v -0.254373 -1.125006 -0.001420
v -0.233583 -1.138898 -0.001420
v -0.219552 -1.110374 -0.001420
v -0.217504 -1.142096 -0.001420
v -0.192980 -1.137218 -0.001420
v -0.203228 -1.107128 -0.001420
v -0.179349 -1.128110 -0.001420
v -0.165457 -1.107320 -0.001420
v 0.124389 -0.888210 -0.001572
v 0.100236 -0.852063 -0.001572
v -0.117118 -0.706831 -0.001572
v -0.159757 -0.698349 -0.001572
v -0.416145 -0.749348 -0.001572
v -0.452293 -0.773501 -0.001572
v -0.597525 -0.990856 -0.001572
v -0.606005 -1.033495 -0.001572
v -0.555007 -1.289882 -0.001572
v -0.530854 -1.326030 -0.001572
v -0.479399 -1.198436 -0.035111
v -0.555007 -1.289882 -0.019479
v -0.313499 -1.471262 -0.001572
v -0.270860 -1.479744 -0.001572
v -0.014472 -1.428745 -0.001572
v 0.021675 -1.404592 -0.001572
v 0.166905 -1.187237 -0.001572
v 0.175389 -1.144598 -0.001572
v -0.010606 -0.938240 -0.001420
v 0.002354 -0.957637 -0.001420
v -0.177198 -0.837663 -0.001420
v -0.154318 -0.842215 -0.001420
v -0.366115 -0.884344 -0.001420
v -0.346719 -0.871383 -0.001420
v -0.466692 -1.050936 -0.001420
v -0.462141 -1.028055 -0.001420
v -0.420011 -1.239853 -0.001420
v -0.432973 -1.220456 -0.001420
v -0.253418 -1.340429 -0.001420
v -0.276300 -1.335878 -0.001420
v -0.064503 -1.293749 -0.001420
v -0.083899 -1.306710 -0.001420
v 0.036074 -1.127157 -0.001420
v 0.031524 -1.150037 -0.001420
v -0.162260 -1.091241 -0.019631
v -0.167138 -1.066718 -0.019631
v 0.036074 -1.127157 -0.019631
v -0.213114 -1.035997 -0.019631
v -0.237638 -1.040875 -0.019631
v -0.251268 -1.049983 -0.019631
v -0.265160 -1.070773 -0.019631
v -0.268359 -1.086852 -0.019631
v -0.263480 -1.111375 -0.019631
v -0.254373 -1.125006 -0.019631
v -0.233583 -1.138898 -0.019631
v -0.217504 -1.142096 -0.019631
v -0.192980 -1.137218 -0.019631
v -0.179349 -1.128110 -0.019631
v -0.165457 -1.107320 -0.019631
v 0.031524 -1.150037 -0.019631
v -0.064503 -1.293749 -0.019631
v -0.083899 -1.306710 -0.019631
v -0.253418 -1.340429 -0.019631
v -0.276300 -1.335878 -0.019631
v -0.420011 -1.239853 -0.019631
v -0.432973 -1.220456 -0.019631
v -0.466692 -1.050936 -0.019631
v -0.462141 -1.028055 -0.019631
v -0.177198 -0.837663 -0.019631
v -0.197035 -1.039195 -0.019631
v -0.154318 -0.842215 -0.019631
v -0.010606 -0.938240 -0.019631
v -0.176246 -1.053087 -0.019631
v 0.002354 -0.957637 -0.019631
v -0.346719 -0.871383 -0.019631
v 0.124389 -0.888210 -0.019478
v 0.100236 -0.852063 -0.019478
v -0.501157 -1.089046 -0.035111
v -0.013183 -1.291172 -0.035111
v 0.048781 -1.198436 -0.035111
v -0.013183 -0.886921 -0.035111
v -0.452293 -0.773501 -0.019478
v -0.417434 -0.886921 -0.035111
v -0.606005 -1.033495 -0.019478
v -0.530854 -1.326030 -0.019479
v -0.417434 -1.291172 -0.035111
v 0.070540 -1.089046 -0.035111
v 0.048780 -0.979657 -0.035111
v -0.105919 -0.824957 -0.035111
v -0.215309 -0.803198 -0.035111
v -0.324698 -0.824957 -0.035111
v -0.366115 -0.884344 -0.019631
v -0.479399 -0.979657 -0.035111
v -0.324698 -1.353136 -0.035111
v -0.215309 -1.374895 -0.035111
v -0.105919 -1.353136 -0.035111
v -0.197228 -1.076965 -0.019631
v -0.193982 -1.093289 -0.019631
v -0.211066 -1.067718 -0.019631
v -0.227390 -1.070965 -0.019631
v -0.236637 -1.084804 -0.019631
v -0.233391 -1.101128 -0.019631
v -0.219552 -1.110374 -0.019631
v -0.203228 -1.107127 -0.019631
v -0.159757 -0.698349 -0.019478
v -0.117118 -0.706831 -0.019478
v -0.416145 -0.749348 -0.019478
v -0.597525 -0.990856 -0.019478
v -0.270860 -1.479744 -0.019478
v -0.313499 -1.471262 -0.019478
v 0.021675 -1.404592 -0.019478
v -0.014472 -1.428745 -0.019478
v 0.175389 -1.144598 -0.019478
v 0.166905 -1.187237 -0.019478
v -0.197228 -1.076965 0.013786
v -0.215309 -1.089046 0.023394
v -0.193982 -1.093289 0.013786
v -0.211066 -1.067718 0.013786
v -0.227390 -1.070965 0.013786
v -0.236637 -1.084804 0.013786
v -0.233391 -1.101128 0.013786
v -0.219552 -1.110374 0.013786
v -0.203228 -1.107128 0.013786
v -0.193982 -1.093289 -0.034836
v -0.215309 -1.089046 -0.044445
v -0.197228 -1.076965 -0.034836
v -0.211066 -1.067718 -0.034836
v -0.227390 -1.070965 -0.034836
v -0.236637 -1.084804 -0.034836
v -0.233391 -1.101128 -0.034836
v -0.219552 -1.110375 -0.034836
v -0.203228 -1.107127 -0.034836
v 0.207437 0.552546 0.328964
v 0.213452 0.567041 0.328964
v 0.204788 0.565297 0.328964
v 0.196686 0.563666 0.328964
v 0.202837 0.551620 0.328964
v 0.209128 0.626367 0.328964
v 0.206641 0.652741 0.328964
v 0.202604 0.651928 0.328964
v 0.200393 0.624608 0.328964
v 0.205025 0.625541 0.328964
v 0.205487 0.683307 0.328964
v 0.203441 0.682895 0.328964
v 0.205559 0.698349 0.328964
v 0.203214 0.697877 0.328964
v 0.210983 0.580956 0.328964
v 0.215462 0.581858 0.328964
v 0.211529 0.609672 0.328964
v 0.207639 0.608889 0.328964
v 0.210324 0.589909 0.328964
v 0.198167 0.606982 0.328964
v 0.202188 0.607792 0.328964
v 0.194528 0.577643 0.328964
v 0.198327 0.578408 0.328964
v 0.199587 0.569918 0.328964
v 0.209771 0.570179 0.328964
v 0.210184 0.516626 0.328964
v 0.208137 0.531875 0.328964
v 0.202352 0.530710 0.328964
v 0.200466 0.514670 0.328964
v 0.206833 0.701033 0.328964
v 0.201916 0.700042 0.328964
v 0.207838 0.707100 0.328964
v 0.200851 0.705693 0.328964
v 0.206734 0.712746 0.328964
v 0.201894 0.711772 0.328964
v 0.204302 0.714569 0.328964
v 0.207437 0.552546 0.321593
v 0.213452 0.567041 0.321592
v 0.204788 0.565297 0.321592
v 0.196686 0.563666 0.321592
v 0.202837 0.551620 0.321593
v 0.209128 0.626367 0.321592
v 0.206641 0.652741 0.321592
v 0.202604 0.651928 0.321592
v 0.200393 0.624608 0.321592
v 0.205025 0.625541 0.321592
v 0.205488 0.683307 0.321592
v 0.203441 0.682895 0.321592
v 0.205559 0.698349 0.321592
v 0.203214 0.697877 0.321592
v 0.210983 0.580956 0.321592
v 0.215462 0.581858 0.321592
v 0.211529 0.609672 0.321592
v 0.207639 0.608889 0.321592
v 0.210324 0.589909 0.321592
v 0.198167 0.606982 0.321592
v 0.202188 0.607792 0.321592
v 0.194528 0.577643 0.321592
v 0.198327 0.578408 0.321592
v 0.199587 0.569918 0.321592
v 0.209771 0.570179 0.321593
v 0.210184 0.516626 0.321593
v 0.208137 0.531875 0.321592
v 0.202352 0.530710 0.321592
v 0.200466 0.514670 0.321592
v 0.206833 0.701032 0.321592
v 0.201916 0.700043 0.321592
v 0.207838 0.707100 0.321592
v 0.200851 0.705693 0.321592
v 0.206734 0.712746 0.321592
v 0.201894 0.711772 0.321592
v 0.204302 0.714569 0.321592
v 0.361906 -0.000293 0.156032
v 0.357913 -0.013065 0.134274
v 0.341066 -0.013065 0.148611
v 0.345059 -0.013065 0.170369
v 0.365899 -0.013065 0.177790
v 0.382746 -0.013065 0.163453
v 0.378753 -0.013065 0.141695
v 0.357913 -0.038609 0.134274
v 0.341066 -0.038609 0.148611
v 0.345059 -0.038609 0.170369
v 0.365899 -0.038609 0.177790
v 0.382746 -0.038609 0.163453
v 0.378753 -0.038609 0.141695
v 0.361906 -0.051381 0.156032
v 0.365975 -0.402180 0.290411
v 0.418921 -0.387993 0.290411
v 0.409463 -0.368811 0.290411
v 0.393383 -0.354709 0.290411
v 0.379182 -0.379304 0.290411
v 0.373130 -0.347834 0.290411
v 0.351788 -0.349233 0.290411
v 0.332607 -0.358692 0.290411
v 0.318505 -0.374772 0.290411
v 0.311631 -0.395025 0.290411
v 0.313029 -0.416367 0.290411
v 0.322489 -0.435548 0.290411
v 0.338569 -0.449650 0.290411
v 0.358821 -0.456525 0.290411
v 0.380162 -0.455126 0.290411
v 0.399345 -0.445667 0.290411
v 0.413446 -0.429587 0.290411
v 0.420321 -0.409334 0.290411
v 0.418921 -0.387993 0.310271
v 0.441248 -0.382306 0.309511
v 0.427771 -0.354978 0.309511
v 0.409463 -0.368811 0.310271
v 0.404830 -0.334860 0.309511
v 0.393383 -0.354709 0.310271
v 0.375976 -0.325066 0.309511
v 0.373130 -0.347834 0.310271
v 0.345530 -0.327061 0.309511
v 0.351788 -0.349233 0.310271
v 0.318201 -0.340538 0.309511
v 0.332607 -0.358692 0.310271
v 0.298084 -0.363478 0.309511
v 0.318505 -0.374772 0.310271
v 0.288289 -0.392332 0.309511
v 0.311631 -0.395025 0.310271
v 0.290285 -0.422779 0.309511
v 0.313029 -0.416367 0.310271
v 0.303761 -0.450107 0.309511
v 0.322489 -0.435548 0.310271
v 0.326702 -0.470225 0.309511
v 0.338569 -0.449650 0.310271
v 0.355556 -0.480020 0.309511
v 0.358821 -0.456525 0.310271
v 0.386002 -0.478024 0.309511
v 0.380162 -0.455126 0.310271
v 0.413331 -0.464547 0.309511
v 0.399345 -0.445667 0.310271
v 0.433448 -0.441607 0.309511
v 0.413446 -0.429587 0.310271
v 0.443243 -0.412753 0.309511
v 0.420321 -0.409334 0.310271
v 0.438313 -0.252350 0.288718
v 0.438313 -0.252350 0.265439
v 0.399642 -0.239223 0.265439
v 0.399642 -0.239223 0.288718
v 0.260102 -0.480127 0.291700
v 0.260102 -0.480127 0.262457
v 0.302637 -0.517431 0.262457
v 0.302637 -0.517431 0.291700
v 0.293220 -0.552735 0.288718
v 0.293220 -0.552735 0.265439
v 0.331890 -0.565862 0.265439
v 0.331890 -0.565862 0.288718
v 0.345910 -0.532120 0.291700
v 0.345910 -0.532120 0.262457
v 0.402365 -0.528419 0.262457
v 0.402365 -0.528419 0.291700
v 0.491643 -0.365943 0.291700
v 0.523266 -0.347639 0.288718
v 0.505204 -0.311013 0.288718
v 0.471431 -0.324958 0.291700
v 0.428895 -0.287655 0.291700
v 0.385622 -0.272965 0.291700
v 0.385622 -0.272965 0.262457
v 0.329167 -0.276666 0.291700
v 0.310862 -0.245042 0.288718
v 0.274236 -0.263104 0.288718
v 0.288181 -0.296878 0.291700
v 0.274236 -0.263104 0.265439
v 0.288181 -0.296878 0.262457
v 0.239889 -0.439142 0.291700
v 0.208265 -0.457447 0.288718
v 0.226328 -0.494072 0.288718
v 0.226328 -0.494072 0.265439
v 0.420670 -0.560043 0.288718
v 0.457296 -0.541981 0.288718
v 0.443351 -0.508208 0.291700
v 0.480654 -0.465671 0.291700
v 0.515959 -0.475089 0.288718
v 0.529085 -0.436419 0.288718
v 0.495343 -0.422399 0.291700
v 0.250878 -0.339414 0.291700
v 0.250878 -0.339414 0.262457
v 0.215543 -0.328149 0.262457
v 0.215543 -0.328149 0.291700
v 0.202447 -0.368666 0.288718
v 0.236189 -0.382687 0.291700
v 0.471734 -0.373921 0.294383
v 0.452982 -0.335896 0.294383
v 0.420458 -0.307373 0.294383
v 0.380312 -0.293745 0.294383
v 0.337144 -0.296575 0.294383
v 0.299120 -0.315326 0.294383
v 0.270596 -0.347851 0.294383
v 0.256968 -0.387998 0.294383
v 0.259798 -0.431164 0.294383
v 0.278550 -0.469189 0.294383
v 0.311074 -0.497712 0.294383
v 0.351221 -0.511340 0.294383
v 0.394388 -0.508511 0.294383
v 0.432413 -0.489759 0.294383
v 0.460936 -0.457235 0.294383
v 0.474564 -0.417088 0.294383
v 0.471431 -0.324958 0.262457
v 0.428895 -0.287654 0.262457
v 0.443351 -0.508208 0.262457
v 0.480654 -0.465671 0.262457
v 0.491643 -0.365943 0.262457
v 0.523266 -0.347639 0.265439
v 0.420670 -0.560043 0.265439
v 0.365975 -0.402180 0.263746
v 0.409463 -0.368811 0.263746
v 0.418921 -0.387993 0.263746
v 0.379182 -0.379304 0.263746
v 0.393383 -0.354709 0.263746
v 0.373130 -0.347834 0.263746
v 0.351788 -0.349233 0.263746
v 0.332607 -0.358692 0.263746
v 0.318505 -0.374772 0.263746
v 0.311631 -0.395025 0.263746
v 0.313029 -0.416367 0.263746
v 0.322489 -0.435548 0.263746
v 0.338569 -0.449650 0.263746
v 0.358821 -0.456525 0.263746
v 0.380162 -0.455126 0.263746
v 0.399345 -0.445667 0.263746
v 0.413446 -0.429587 0.263746
v 0.420321 -0.409334 0.263746
v 0.418921 -0.387993 0.243886
v 0.409463 -0.368811 0.243886
v 0.427771 -0.354978 0.244646
v 0.441248 -0.382306 0.244646
v 0.393383 -0.354709 0.243886
v 0.404830 -0.334860 0.244646
v 0.373130 -0.347834 0.243886
v 0.375976 -0.325066 0.244646
v 0.351788 -0.349233 0.243886
v 0.345530 -0.327061 0.244646
v 0.332607 -0.358692 0.243886
v 0.318201 -0.340538 0.244646
v 0.318505 -0.374772 0.243886
v 0.298084 -0.363478 0.244646
v 0.311631 -0.395025 0.243886
v 0.288289 -0.392332 0.244646
v 0.313029 -0.416367 0.243886
v 0.290285 -0.422779 0.244646
v 0.322489 -0.435548 0.243886
v 0.303761 -0.450107 0.244646
v 0.338569 -0.449650 0.243886
v 0.326702 -0.470225 0.244646
v 0.358821 -0.456525 0.243886
v 0.355556 -0.480020 0.244646
v 0.380162 -0.455126 0.243886
v 0.386002 -0.478024 0.244646
v 0.399345 -0.445667 0.243886
v 0.413331 -0.464547 0.244646
v 0.413446 -0.429587 0.243886
v 0.433448 -0.441607 0.244646
v 0.420321 -0.409334 0.243886
v 0.443243 -0.412753 0.244646
v 0.505204 -0.311013 0.265439
v 0.329167 -0.276666 0.262457
v 0.236189 -0.382687 0.262457
v 0.239889 -0.439142 0.262457
v 0.208265 -0.457447 0.265439
v 0.457296 -0.541981 0.265439
v 0.515959 -0.475089 0.265439
v 0.529085 -0.436419 0.265439
v 0.495343 -0.422399 0.262457
v 0.310862 -0.245042 0.265439
v 0.202447 -0.368666 0.265439
v 0.471734 -0.373921 0.259774
v 0.452982 -0.335896 0.259774
v 0.420458 -0.307373 0.259774
v 0.380312 -0.293745 0.259774
v 0.337144 -0.296575 0.259774
v 0.299120 -0.315326 0.259774
v 0.270596 -0.347851 0.259774
v 0.256968 -0.387998 0.259774
v 0.259798 -0.431164 0.259774
v 0.278550 -0.469189 0.259774
v 0.311074 -0.497712 0.259774
v 0.351221 -0.511340 0.259774
v 0.394388 -0.508511 0.259774
v 0.432413 -0.489759 0.259774
v 0.460936 -0.457235 0.259774
v 0.474564 -0.417088 0.259774
v 0.207038 0.522580 0.292121
v 0.198691 0.520406 0.292121
v 0.198179 0.511796 0.292121
v 0.206209 0.508648 0.292121
v 0.211685 0.515313 0.292121
v 0.206209 0.508648 0.347702
v 0.198179 0.511796 0.347702
v 0.198691 0.520406 0.347702
v 0.207038 0.522579 0.347702
v 0.211685 0.515313 0.347702
v -0.403410 0.047695 0.294334
v -0.411757 0.045522 0.294334
v -0.412269 0.036912 0.294334
v -0.404239 0.033764 0.294334
v -0.398763 0.040429 0.294334
v -0.404239 0.033764 0.349915
v -0.412269 0.036912 0.349915
v -0.411757 0.045522 0.349915
v -0.403410 0.047695 0.349915
v -0.398763 0.040429 0.349915
v -0.406248 0.035796 0.325610
v -0.404809 0.048610 0.325610
v -0.608214 0.089991 0.325609
v -0.609652 0.077178 0.325609
v -0.649635 0.062044 0.325609
v -0.643091 0.120354 0.325609
v -0.624266 0.110587 0.325609
v -0.629508 0.063887 0.325609
v -0.682934 0.117674 0.325609
v -0.687111 0.080455 0.325609
v -0.709603 0.091622 0.325609
v -0.706872 0.115952 0.325609
v -0.745188 0.105554 0.325609
v -0.743926 0.116799 0.325609
v -0.786499 0.116793 0.325609
v -0.785859 0.122495 0.325609
v -0.626975 0.086453 0.325609
v -0.644491 0.107879 0.325609
v -0.656961 0.108670 0.325609
v -0.684150 0.106838 0.325609
v -0.708154 0.104526 0.325609
v -0.685854 0.091654 0.325609
v -0.648448 0.072625 0.325609
v -0.636252 0.073606 0.325609
v -0.630653 0.101455 0.325609
v -0.561162 0.060022 0.325609
v -0.558124 0.087092 0.325609
v -0.579903 0.085920 0.325609
v -0.581712 0.069805 0.325609
v -0.528576 0.086347 0.325610
v -0.532770 0.048979 0.325609
v -0.501136 0.074982 0.325609
v -0.504062 0.048921 0.325609
v -0.491254 0.053811 0.325610
v -0.489974 0.065216 0.325609
v -0.806854 0.120510 0.325609
v -0.806121 0.127042 0.325609
v -0.808999 0.131291 0.325609
v -0.810536 0.117595 0.325609
v -0.818786 0.116325 0.325609
v -0.816602 0.135786 0.325609
v -0.824868 0.134410 0.325609
v -0.826381 0.120928 0.325609
v -0.828750 0.128305 0.325609
v -0.483513 0.054491 0.325609
v -0.482728 0.061486 0.325609
v -0.436895 0.053912 0.325609
v -0.438064 0.043495 0.325609
v -0.406248 0.035796 0.315126
v -0.404809 0.048610 0.315126
v -0.608214 0.089991 0.315126
v -0.609652 0.077178 0.315126
v -0.649635 0.062044 0.315126
v -0.643091 0.120354 0.315126
v -0.624266 0.110587 0.315126
v -0.629508 0.063887 0.315126
v -0.682934 0.117674 0.315126
v -0.687111 0.080455 0.315126
v -0.709603 0.091622 0.315126
v -0.706872 0.115952 0.315126
v -0.745188 0.105554 0.315126
v -0.743926 0.116799 0.315126
v -0.786499 0.116793 0.315126
v -0.785859 0.122495 0.315126
v -0.626975 0.086453 0.315126
v -0.644491 0.107879 0.315126
v -0.656961 0.108670 0.315126
v -0.684150 0.106838 0.315126
v -0.708154 0.104526 0.315126
v -0.685854 0.091654 0.315126
v -0.648448 0.072625 0.315126
v -0.636252 0.073606 0.315126
v -0.630653 0.101455 0.315126
v -0.561162 0.060022 0.315126
v -0.558124 0.087092 0.315126
v -0.579903 0.085920 0.315126
v -0.581712 0.069805 0.315126
v -0.528576 0.086347 0.315126
v -0.532770 0.048979 0.315126
v -0.501136 0.074982 0.315126
v -0.504062 0.048921 0.315126
v -0.491254 0.053811 0.315126
v -0.489974 0.065216 0.315126
v -0.806854 0.120510 0.315126
v -0.806121 0.127042 0.315126
v -0.808999 0.131291 0.315126
v -0.810536 0.117595 0.315126
v -0.818786 0.116325 0.315126
v -0.816602 0.135786 0.315126
v -0.824868 0.134410 0.315126
v -0.826381 0.120928 0.315126
v -0.828750 0.128305 0.315126
v -0.483513 0.054491 0.315126
v -0.482728 0.061486 0.315126
v -0.436895 0.053912 0.315126
v -0.438064 0.043495 0.315126
v 0.428790 0.030359 -0.746663
v 0.447822 0.040376 -0.743361
v 0.432661 0.051562 -0.743684
v 0.418138 0.047424 -0.754953
v 0.418774 0.032100 -0.765900
v 0.433934 0.020914 -0.765577
v 0.448458 0.025052 -0.754308
v 0.456836 0.052133 -0.759296
v 0.441676 0.063320 -0.759618
v 0.427152 0.059182 -0.770888
v 0.427788 0.043858 -0.781835
v 0.442948 0.032672 -0.781512
v 0.457472 0.036809 -0.770243
v 0.446819 0.053874 -0.778533
v 0.209845 0.060328 0.298969
v -0.124342 0.589452 0.298969
v -0.265168 0.639133 0.298969
v -0.380299 0.650473 0.298969
v -0.495431 0.639134 0.298969
v -0.606138 0.605551 0.298969
v -0.708166 0.551016 0.298969
v -0.797595 0.477624 0.298969
v -0.870987 0.388195 0.298969
v -0.925522 0.286167 0.298969
v -0.959105 0.175460 0.298969
v -0.970444 0.060328 0.298969
v -0.959105 -0.054803 0.298969
v -0.925522 -0.165510 0.298969
v -0.870987 -0.267539 0.298969
v -0.797595 -0.356967 0.298969
v -0.708166 -0.430359 0.298969
v -0.606138 -0.484894 0.298969
v -0.495431 -0.518477 0.298969
v -0.380299 -0.529816 0.298969
v -0.265167 -0.518477 0.298969
v -0.154460 -0.484894 0.298969
v -0.052432 -0.430359 0.298969
v 0.036996 -0.356966 0.298969
v 0.110388 -0.267538 0.298969
v 0.164923 -0.165509 0.298969
v 0.198506 -0.054802 0.298969
v -0.085227 0.060328 0.298969
v -0.090897 0.117894 0.298969
v -0.107688 0.173248 0.298969
v -0.134956 0.224262 0.298969
v -0.171652 0.268976 0.298969
v -0.216366 0.305672 0.298969
v -0.267380 0.332940 0.298969
v -0.322734 0.349731 0.298969
v -0.380299 0.355401 0.298969
v -0.437865 0.349731 0.298969
v -0.493219 0.332940 0.298969
v -0.544233 0.305672 0.298969
v -0.588947 0.268976 0.298969
v -0.625643 0.224262 0.298969
v -0.652911 0.173248 0.298969
v -0.669702 0.117894 0.298969
v -0.675372 0.060328 0.298969
v -0.669702 0.002763 0.298969
v -0.652911 -0.052591 0.298969
v -0.625643 -0.103605 0.298969
v -0.588947 -0.148319 0.298969
v -0.544233 -0.185015 0.298969
v -0.493219 -0.212283 0.298969
v -0.437865 -0.229074 0.298969
v -0.380299 -0.234744 0.298969
v -0.322733 -0.229074 0.298969
v -0.267380 -0.212283 0.298969
v -0.216366 -0.185015 0.298969
v -0.171652 -0.148319 0.298969
v -0.134956 -0.103605 0.298969
v -0.107688 -0.052591 0.298969
v -0.090897 0.002763 0.298969
v -0.380300 0.060328 0.298969
v 0.544264 0.580357 0.298765
v 0.493199 0.703637 0.298765
v 0.398845 0.797991 0.298765
v 0.275565 0.849056 0.298765
v 0.142127 0.849056 0.298765
v 0.018847 0.797991 0.298765
v -0.075507 0.703637 0.298765
v 0.198506 0.175460 0.298969
v 0.339720 0.197682 0.298765
v 0.471934 0.297727 0.298765
v 0.544264 0.446920 0.298765
v 0.376555 0.546997 0.298765
v 0.351023 0.608637 0.298765
v 0.303845 0.655815 0.298765
v 0.242205 0.681347 0.298765
v 0.175487 0.681347 0.298765
v 0.113847 0.655815 0.298765
v 0.066669 0.608637 0.298765
v 0.041137 0.546997 0.298765
v 0.037852 0.513638 0.298765
v 0.050868 0.448201 0.298765
v 0.087935 0.392727 0.298765
v 0.143409 0.355660 0.298765
v 0.208846 0.342643 0.298765
v 0.274283 0.355660 0.298765
v 0.340390 0.405683 0.298765
v 0.376555 0.480279 0.298765
v 0.208846 0.513638 0.298765
v 0.054733 0.359822 0.298969
v -0.002609 0.433353 0.298969
v -0.066962 0.515873 0.298969
v 0.117694 0.279086 0.298969
v 0.209845 0.060328 0.227500
v 0.198506 0.175460 0.227500
v -0.090897 0.117894 0.227500
v -0.085227 0.060328 0.227500
v -0.124342 0.589452 0.227500
v -0.267380 0.332940 0.227500
v -0.216366 0.305672 0.227500
v -0.066962 0.515873 0.227500
v -0.265168 0.639133 0.227500
v -0.322734 0.349731 0.227500
v -0.380299 0.650473 0.227500
v -0.380299 0.355401 0.227500
v -0.495431 0.639134 0.227500
v -0.437865 0.349731 0.227500
v -0.606138 0.605551 0.227500
v -0.493219 0.332940 0.227500
v -0.708166 0.551016 0.227500
v -0.544233 0.305672 0.227500
v -0.797595 0.477624 0.227500
v -0.588947 0.268976 0.227500
v -0.870987 0.388195 0.227500
v -0.625643 0.224262 0.227500
v -0.925522 0.286167 0.227500
v -0.652911 0.173248 0.227500
v -0.959105 0.175460 0.227500
v -0.669702 0.117894 0.227500
v -0.970444 0.060328 0.227500
v -0.675372 0.060328 0.227500
v -0.959105 -0.054803 0.227500
v -0.669702 0.002763 0.227500
v -0.925522 -0.165510 0.227500
v -0.652911 -0.052591 0.227500
v -0.870987 -0.267539 0.227500
v -0.625643 -0.103605 0.227500
v -0.797595 -0.356967 0.227500
v -0.588947 -0.148319 0.227500
v -0.708166 -0.430359 0.227500
v -0.544233 -0.185015 0.227500
v -0.606138 -0.484894 0.227500
v -0.493219 -0.212283 0.227500
v -0.495431 -0.518477 0.227500
v -0.437865 -0.229074 0.227500
v -0.380299 -0.529816 0.227500
v -0.380299 -0.234744 0.227500
v -0.265167 -0.518477 0.227500
v -0.322733 -0.229074 0.227500
v -0.154460 -0.484894 0.227500
v -0.267380 -0.212283 0.227500
v -0.052432 -0.430359 0.227500
v -0.216366 -0.185015 0.227500
v 0.036996 -0.356966 0.227500
v -0.171652 -0.148319 0.227500
v 0.110388 -0.267538 0.227500
v -0.134956 -0.103605 0.227500
v 0.164923 -0.165509 0.227500
v -0.107688 -0.052591 0.227500
v 0.198506 -0.054802 0.227500
v -0.090897 0.002763 0.227500
v -0.380300 0.060328 0.227500
v -0.107688 0.173248 0.227500
v -0.134956 0.224262 0.227500
v -0.171652 0.268976 0.227500
v 0.544264 0.580357 0.227703
v 0.376555 0.546997 0.227703
v 0.376555 0.480279 0.227703
v 0.544264 0.446920 0.227703
v 0.493199 0.703637 0.227703
v 0.351023 0.608637 0.227703
v 0.398845 0.797991 0.227703
v 0.303845 0.655815 0.227703
v 0.275565 0.849056 0.227703
v 0.242205 0.681347 0.227703
v 0.142127 0.849056 0.227703
v 0.175487 0.681347 0.227703
v 0.018847 0.797991 0.227703
v 0.113847 0.655815 0.227703
v -0.075507 0.703637 0.227703
v 0.066669 0.608637 0.227703
v 0.041137 0.546997 0.227703
v 0.037852 0.513638 0.227703
v 0.339720 0.197682 0.227703
v 0.274283 0.355660 0.227703
v 0.208846 0.342643 0.227703
v 0.471934 0.297727 0.227703
v 0.340390 0.405683 0.227703
v 0.208846 0.513638 0.227703
v 0.050868 0.448201 0.227703
v 0.087935 0.392727 0.227703
v 0.143409 0.355660 0.227703
v 0.117694 0.279086 0.227500
v 0.054733 0.359822 0.227500
v -0.002609 0.433353 0.227500
v 0.158887 0.060328 0.298969
v 0.148527 0.165518 0.298969
v -0.275136 0.589019 0.298969
v -0.380299 0.599515 0.298969
v -0.485489 0.589155 0.298969
v -0.586637 0.558472 0.298969
v -0.679855 0.508646 0.298969
v -0.761562 0.441591 0.298969
v -0.828617 0.359884 0.298969
v -0.878443 0.266666 0.298969
v -0.909126 0.165518 0.298969
v -0.919486 0.060328 0.298969
v -0.909126 -0.044862 0.298969
v -0.878443 -0.146010 0.298969
v -0.828616 -0.239228 0.298969
v -0.761562 -0.320934 0.298969
v -0.679855 -0.387989 0.298969
v -0.586637 -0.437815 0.298969
v -0.485489 -0.468498 0.298969
v -0.380299 -0.478858 0.298969
v -0.275109 -0.468498 0.298969
v -0.173961 -0.437815 0.298969
v -0.080743 -0.387988 0.298969
v 0.000963 -0.320934 0.298969
v 0.068018 -0.239227 0.298969
v 0.117844 -0.146009 0.298969
v 0.148527 -0.044861 0.298969
v -0.149399 0.544516 0.298969
v -0.093156 0.549462 0.298969
v 0.493551 0.570269 0.298765
v 0.450207 0.674910 0.298765
v 0.370118 0.754999 0.298765
v 0.265477 0.798343 0.298765
v 0.152215 0.798343 0.298765
v 0.047574 0.754999 0.298765
v -0.032563 0.674942 0.298765
v -0.074639 0.576700 0.298908
v 0.201712 0.227301 0.298906
v 0.319710 0.245989 0.298765
v 0.431617 0.330815 0.298765
v 0.493208 0.457075 0.298765
v 0.167320 0.215450 0.298969
v -0.380299 0.681924 0.224275
v -0.501567 0.669980 0.224275
v -0.499897 0.661587 0.317311
v -0.380299 0.673366 0.317311
v -0.897137 0.405668 0.224275
v -0.954579 0.298203 0.224275
v -0.946672 0.294928 0.317311
v -0.890022 0.400914 0.317311
v -0.989951 -0.060939 0.224275
v -0.954579 -0.177546 0.224275
v -0.946672 -0.174271 0.317311
v -0.981558 -0.059270 0.317311
v -0.819834 -0.379207 0.224275
v -0.725639 -0.456510 0.224275
v -0.720885 -0.449394 0.317311
v -0.813782 -0.373155 0.317311
v -0.380299 -0.561267 0.224275
v -0.259032 -0.549323 0.224275
v -0.260701 -0.540930 0.317311
v -0.380299 -0.552709 0.317311
v -0.034959 -0.456509 0.224275
v 0.059236 -0.379206 0.224275
v 0.053184 -0.373154 0.317311
v -0.039714 -0.449393 0.317311
v 0.136539 -0.285011 0.224275
v 0.129423 -0.280256 0.317311
v 0.575111 0.586492 0.224479
v 0.519350 0.721110 0.224479
v 0.512713 0.716675 0.316478
v 0.567282 0.584935 0.316478
v -0.101560 0.721257 0.224479
v -0.136973 0.618255 0.224275
v -0.129909 0.602201 0.323952
v -0.094916 0.716785 0.316508
v 0.223393 0.156230 0.224275
v 0.352020 0.168735 0.224479
v 0.349015 0.175841 0.316175
v 0.209485 0.167004 0.323978
v -0.258345 0.669836 0.224275
v -0.260172 0.661616 0.317164
v -0.618174 0.634608 0.224275
v -0.614899 0.626701 0.317311
v -0.989952 0.181596 0.224275
v -0.981558 0.179926 0.317311
v -1.001895 0.060328 0.224275
v -0.993337 0.060328 0.317311
v -0.897137 -0.285012 0.224275
v -0.890021 -0.280257 0.317311
v -0.618173 -0.513951 0.224275
v -0.614898 -0.506045 0.317311
v 0.001374 0.824142 0.224479
v 0.005808 0.817505 0.316478
v -0.819834 0.499863 0.224275
v -0.813783 0.493811 0.317311
v -0.720885 0.570050 0.317311
v -0.725640 0.577166 0.224275
v -0.501566 -0.549324 0.224275
v -0.499897 -0.540930 0.317311
v -0.142424 -0.513951 0.224275
v -0.145700 -0.506044 0.317311
v 0.193980 -0.177545 0.224275
v 0.186074 -0.174270 0.317311
v 0.229353 -0.060938 0.224275
v 0.220959 -0.059268 0.317311
v 0.567292 0.441632 0.316300
v 0.574917 0.439881 0.224479
v 0.416318 0.824142 0.224479
v 0.411884 0.817505 0.316478
v 0.281701 0.879903 0.224479
v 0.280143 0.872074 0.316478
v 0.137549 0.872074 0.316478
v 0.135991 0.879902 0.224479
v 0.496246 0.277775 0.224479
v 0.490239 0.282705 0.316239
v 0.232738 0.060328 0.317311
v 0.241296 0.060328 0.224275
v 0.158887 0.060328 0.327196
v 0.148527 0.165518 0.327196
v -0.093129 0.549483 0.327196
v -0.149399 0.544516 0.327196
v -0.275136 0.589019 0.327196
v -0.380299 0.599515 0.327196
v -0.485489 0.589155 0.327196
v -0.586637 0.558472 0.327196
v -0.679855 0.508646 0.327196
v -0.761562 0.441591 0.327196
v -0.828617 0.359884 0.327196
v -0.878443 0.266666 0.327196
v -0.909126 0.165518 0.327196
v -0.919486 0.060328 0.327196
v -0.909126 -0.044862 0.327196
v -0.878443 -0.146010 0.327196
v -0.828616 -0.239228 0.327196
v -0.761562 -0.320934 0.327196
v -0.679855 -0.387989 0.327196
v -0.586637 -0.437815 0.327196
v -0.485489 -0.468498 0.327196
v -0.380299 -0.478858 0.327196
v -0.275109 -0.468498 0.327196
v -0.173961 -0.437815 0.327196
v -0.080743 -0.387988 0.327196
v 0.000963 -0.320934 0.327196
v 0.068018 -0.239227 0.327196
v 0.117844 -0.146009 0.327196
v 0.148527 -0.044861 0.327196
v 0.493208 0.457075 0.326992
v 0.493551 0.570269 0.326992
v 0.450207 0.674910 0.326992
v 0.370118 0.754999 0.326992
v 0.265477 0.798343 0.326992
v 0.152215 0.798343 0.326992
v 0.047574 0.754999 0.326992
v -0.032546 0.674962 0.326992
v -0.074593 0.576731 0.327135
v 0.201754 0.227334 0.327133
v 0.319728 0.245996 0.326992
v 0.431617 0.330815 0.326992
v 0.167345 0.215470 0.327196
v -0.380299 0.650473 0.224275
v -0.495431 0.639134 0.224275
v -0.495431 0.639134 0.295745
v -0.380299 0.650473 0.295744
v -0.870987 0.388195 0.224275
v -0.925522 0.286167 0.224275
v -0.925522 0.286167 0.295745
v -0.870987 0.388195 0.295745
v -0.959105 -0.054803 0.224275
v -0.925522 -0.165510 0.224275
v -0.925522 -0.165510 0.295745
v -0.959105 -0.054803 0.295745
v -0.797594 -0.356967 0.224275
v -0.708166 -0.430359 0.224275
v -0.708166 -0.430359 0.295745
v -0.797595 -0.356967 0.295745
v -0.380299 -0.529816 0.224275
v -0.265167 -0.518477 0.224275
v -0.265167 -0.518477 0.295745
v -0.380299 -0.529816 0.295745
v -0.052432 -0.430359 0.224275
v 0.036996 -0.356966 0.224275
v 0.036996 -0.356966 0.295745
v -0.052432 -0.430359 0.295745
v 0.110388 -0.267538 0.224275
v 0.110388 -0.267538 0.295745
v 0.544264 0.580357 0.224479
v 0.493199 0.703637 0.224479
v 0.493199 0.703637 0.295541
v 0.544264 0.580357 0.295541
v -0.075507 0.703637 0.224479
v -0.124342 0.589452 0.224275
v -0.124342 0.589452 0.295745
v -0.075507 0.703637 0.295541
v 0.198506 0.175460 0.224275
v 0.339720 0.197682 0.224479
v 0.339720 0.197682 0.295541
v 0.198506 0.175460 0.295745
v -0.265168 0.639133 0.224275
v -0.265168 0.639133 0.295744
v -0.606138 0.605551 0.224275
v -0.606138 0.605551 0.295745
v -0.959105 0.175460 0.224275
v -0.959105 0.175460 0.295745
v -0.970444 0.060328 0.224275
v -0.970444 0.060328 0.295745
v -0.870987 -0.267539 0.224275
v -0.870987 -0.267539 0.295745
v -0.606138 -0.484894 0.224275
v -0.606138 -0.484894 0.295745
v 0.018847 0.797991 0.224479
v 0.018847 0.797991 0.295541
v -0.797595 0.477624 0.224275
v -0.797595 0.477624 0.295745
v -0.708166 0.551016 0.295745
v -0.708166 0.551016 0.224275
v -0.495431 -0.518477 0.224275
v -0.495431 -0.518477 0.295745
v -0.154460 -0.484894 0.224275
v -0.154460 -0.484894 0.295745
v 0.164923 -0.165509 0.224275
v 0.164923 -0.165509 0.295745
v 0.198506 -0.054802 0.224275
v 0.198506 -0.054802 0.295745
v 0.544264 0.446920 0.295541
v 0.544264 0.446920 0.224479
v 0.398845 0.797991 0.224479
v 0.398845 0.797991 0.295541
v 0.275565 0.849056 0.224479
v 0.275565 0.849056 0.295541
v 0.142127 0.849056 0.295541
v 0.142127 0.849056 0.224479
v 0.471934 0.297727 0.224479
v 0.471934 0.297727 0.295541
v 0.209845 0.060328 0.295745
v 0.209845 0.060328 0.224275
v 0.158887 0.060328 0.295745
v 0.148527 0.165518 0.295745
v -0.093156 0.549462 0.295745
v -0.149399 0.544516 0.295745
v -0.275136 0.589019 0.295745
v -0.380299 0.599515 0.295745
v -0.485489 0.589155 0.295745
v -0.586637 0.558472 0.295745
v -0.679855 0.508646 0.295745
v -0.761562 0.441591 0.295745
v -0.828617 0.359884 0.295745
v -0.878443 0.266666 0.295745
v -0.909126 0.165518 0.295745
v -0.919486 0.060328 0.295745
v -0.909126 -0.044862 0.295745
v -0.878443 -0.146010 0.295745
v -0.828616 -0.239228 0.295745
v -0.761562 -0.320934 0.295745
v -0.679855 -0.387989 0.295745
v -0.586637 -0.437815 0.295745
v -0.485489 -0.468498 0.295745
v -0.380299 -0.478858 0.295745
v -0.275109 -0.468498 0.295745
v -0.173961 -0.437815 0.295745
v -0.080743 -0.387988 0.295745
v 0.000963 -0.320934 0.295745
v 0.068018 -0.239227 0.295745
v 0.117844 -0.146009 0.295745
v 0.148527 -0.044861 0.295745
v 0.493208 0.457075 0.295541
v 0.493551 0.570269 0.295541
v 0.450207 0.674910 0.295541
v 0.370118 0.754999 0.295541
v 0.265477 0.798343 0.295541
v 0.152215 0.798343 0.295541
v 0.047574 0.754999 0.295541
v -0.032563 0.674942 0.295541
v -0.074639 0.576700 0.295683
v 0.201712 0.227301 0.295681
v 0.319710 0.245989 0.295541
v 0.431617 0.330815 0.295541
v 0.167320 0.215450 0.295745
v 0.182883 -0.264629 0.182569
v 0.170396 -0.256290 0.345798
v 0.036668 -0.419304 0.345798
v 0.047288 -0.429919 0.182569
v 0.251860 -0.108673 0.196768
v 0.239974 -0.103753 0.336609
v -0.099325 -0.517358 0.336609
v -0.092176 -0.528052 0.196768
v -0.054970 -0.327702 0.363141
v -0.161014 -0.425072 0.351468
v 0.062648 -0.184326 0.363141
v 0.137410 -0.061293 0.351468
v 0.008261 -0.390908 0.307961
v 0.136995 -0.233982 0.307961
v 0.136995 -0.233982 0.182569
v 0.008261 -0.390908 0.182569
v 0.208181 -0.090591 0.304193
v 0.208181 -0.090591 0.196768
v -0.118448 -0.488750 0.304193
v -0.118448 -0.488750 0.196768
v -0.161014 -0.425072 0.304193
v -0.054970 -0.327702 0.307961
v 0.062648 -0.184326 0.307961
v 0.137410 -0.061293 0.304193
v 0.221616 -0.331157 0.215913
v 0.213186 -0.325528 0.326107
v 0.112935 -0.447734 0.326107
v 0.120104 -0.454900 0.215913
v -0.975522 -0.341261 0.215913
v -0.967050 -0.335694 0.326107
v -1.040485 -0.195722 0.326107
v -1.049880 -0.199529 0.215913
v -0.782447 -0.455874 0.196768
v -0.773281 -0.446847 0.336609
v -0.886607 -0.323292 0.345798
v -0.899156 -0.331538 0.182569
v -0.998480 -0.142220 0.182569
v -0.984564 -0.136581 0.345798
v -1.021821 0.026883 0.336609
v -1.034456 0.024471 0.196768
v -0.864478 -0.087921 0.363141
v -0.912784 0.047699 0.351468
v -0.778322 -0.252139 0.363141
v -0.694186 -0.368962 0.351468
v -0.947339 -0.121497 0.307961
v -0.853040 -0.301236 0.307961
v -0.853040 -0.301236 0.182569
v -0.947339 -0.121497 0.182569
v -0.748763 -0.422704 0.304193
v -0.748763 -0.422704 0.196768
v -0.988021 0.033336 0.304193
v -0.988021 0.033336 0.196768
v -0.912784 0.047699 0.304193
v -0.864478 -0.087921 0.307961
v -0.778322 -0.252139 0.307961
v -0.694186 -0.368962 0.304193
v -0.556912 0.756296 0.215913
v -0.554539 0.746441 0.326106
v -0.397979 0.768209 0.326106
v -0.398384 0.778337 0.215913
v -0.730071 0.613363 0.196768
v -0.724677 0.601685 0.336609
v -0.570075 0.666544 0.345798
v -0.573591 0.681143 0.182569
v -0.361837 0.710584 0.182569
v -0.361237 0.695581 0.345798
v -0.194805 0.675357 0.336609
v -0.192801 0.688064 0.196768
v -0.356058 0.566114 0.363141
v -0.212092 0.565705 0.351468
v -0.539738 0.540576 0.363141
v -0.678132 0.500909 0.351468
v -0.359632 0.655447 0.307961
v -0.560671 0.627496 0.307961
v -0.560671 0.627496 0.182569
v -0.359631 0.655447 0.182569
v -0.710249 0.570445 0.304193
v -0.710249 0.570445 0.196768
v -0.200164 0.641366 0.304193
v -0.200164 0.641366 0.196768
v -0.212092 0.565705 0.304193
v -0.356058 0.566114 0.307961
v -0.539738 0.540576 0.307961
v -0.678132 0.500908 0.304193
v -0.378480 -0.018856 0.135492
v -0.409713 0.138159 0.135492
v -0.434893 0.128739 0.135492
v -0.405349 -0.019788 0.135492
v -0.498654 0.271270 0.135492
v -0.516994 0.251612 0.135492
v -0.631765 0.360212 0.135492
v -0.642909 0.335746 0.135492
v -0.788781 0.391444 0.135492
v -0.787848 0.364576 0.135492
v -0.945795 0.360212 0.135492
v -0.936375 0.335032 0.135492
v -1.078906 0.271270 0.135492
v -1.059249 0.252931 0.135492
v -1.167849 0.138159 0.135492
v -1.143382 0.127015 0.135492
v -1.199080 -0.018855 0.135492
v -1.172211 -0.017923 0.135492
v -1.167849 -0.175870 0.135492
v -1.142669 -0.166450 0.135492
v -1.078906 -0.308982 0.135492
v -1.060568 -0.289323 0.135492
v -0.945795 -0.397923 0.135492
v -0.934652 -0.373457 0.135492
v -0.788781 -0.429156 0.135493
v -0.789713 -0.402287 0.135492
v -0.631765 -0.397923 0.135492
v -0.641186 -0.372743 0.135492
v -0.498654 -0.308982 0.135492
v -0.518313 -0.290642 0.135492
v -0.409714 -0.175870 0.135492
v -0.434181 -0.164727 0.135492
v -0.758168 -0.024945 0.113273
v -0.712635 -0.022006 0.113273
v -0.719637 0.013195 0.113273
v -0.762828 -0.001514 0.113273
v -0.732710 0.032760 0.113273
v -0.762551 0.052700 0.113273
v -0.782691 0.011758 0.113273
v -0.785630 0.057291 0.113273
v -0.820831 0.050289 0.113273
v -0.806121 0.007098 0.113273
v -0.840396 0.037216 0.113273
v -0.860336 0.007373 0.113273
v -0.819395 -0.012766 0.113273
v -0.864928 -0.015705 0.113273
v -0.857924 -0.050906 0.113273
v -0.814735 -0.036197 0.113273
v -0.844852 -0.070471 0.113273
v -0.815010 -0.090411 0.113273
v -0.794870 -0.049469 0.113273
v -0.791931 -0.095002 0.113273
v -0.756730 -0.088000 0.113273
v -0.771440 -0.044809 0.113273
v -0.737164 -0.074927 0.113273
v -0.717225 -0.045085 0.113273
v -0.301187 0.269419 0.113054
v -0.335856 0.321305 0.113054
v -0.647841 0.529768 0.113054
v -0.709043 0.541941 0.113054
v -1.077056 0.468739 0.113054
v -1.128941 0.434070 0.113054
v -1.337404 0.122084 0.113054
v -1.349577 0.060882 0.113054
v -1.276376 -0.307131 0.113054
v -1.241707 -0.359016 0.113054
v -1.167849 -0.175870 0.064913
v -1.276376 -0.307131 0.087352
v -0.929721 -0.567478 0.113054
v -0.868518 -0.579652 0.113054
v -0.500505 -0.506450 0.113054
v -0.448620 -0.471782 0.113054
v -0.240160 -0.159795 0.113054
v -0.227983 -0.098593 0.113054
v -0.494955 0.197608 0.113273
v -0.476353 0.169766 0.113273
v -0.734078 0.341974 0.113273
v -0.701236 0.335441 0.113273
v -1.005244 0.274970 0.113273
v -0.977403 0.293573 0.113273
v -1.149610 0.035847 0.113273
v -1.143077 0.068689 0.113273
v -1.082605 -0.235320 0.113273
v -1.101210 -0.207478 0.113273
v -0.843482 -0.379685 0.113273
v -0.876326 -0.373152 0.113273
v -0.572317 -0.312681 0.113273
v -0.600159 -0.331285 0.113273
v -0.427952 -0.073558 0.113273
v -0.434484 -0.106400 0.113273
v -0.712635 -0.022006 0.087133
v -0.719637 0.013195 0.087133
v -0.427952 -0.073558 0.087133
v -0.785630 0.057291 0.087133
v -0.820831 0.050289 0.087133
v -0.840396 0.037216 0.087133
v -0.860336 0.007373 0.087133
v -0.864928 -0.015705 0.087133
v -0.857924 -0.050906 0.087133
v -0.844852 -0.070471 0.087133
v -0.815010 -0.090411 0.087133
v -0.791931 -0.095002 0.087133
v -0.756730 -0.088000 0.087133
v -0.737164 -0.074927 0.087133
v -0.717225 -0.045085 0.087133
v -0.434484 -0.106400 0.087133
v -0.572317 -0.312681 0.087133
v -0.600159 -0.331285 0.087133
v -0.843482 -0.379685 0.087133
v -0.876326 -0.373152 0.087133
v -1.082605 -0.235320 0.087133
v -1.101210 -0.207478 0.087133
v -1.149610 0.035847 0.087133
v -1.143077 0.068689 0.087133
v -0.734078 0.341974 0.087133
v -0.762551 0.052700 0.087133
v -0.701236 0.335441 0.087133
v -0.494955 0.197608 0.087133
v -0.732710 0.032760 0.087133
v -0.476353 0.169766 0.087133
v -0.977403 0.293573 0.087133
v -0.301187 0.269419 0.087352
v -0.335856 0.321305 0.087352
v -1.199080 -0.018855 0.064913
v -0.498654 -0.308982 0.064913
v -0.409714 -0.175870 0.064913
v -0.498654 0.271270 0.064914
v -1.128941 0.434070 0.087352
v -1.078906 0.271270 0.064914
v -1.349577 0.060882 0.087352
v -1.241707 -0.359016 0.087352
v -1.078906 -0.308982 0.064913
v -0.378480 -0.018856 0.064913
v -0.409713 0.138159 0.064913
v -0.631765 0.360212 0.064914
v -0.788781 0.391444 0.064913
v -0.945795 0.360212 0.064914
v -1.005244 0.274970 0.087133
v -1.167849 0.138159 0.064913
v -0.945795 -0.397923 0.064913
v -0.788781 -0.429156 0.064913
v -0.631765 -0.397923 0.064913
v -0.762828 -0.001514 0.087133
v -0.758168 -0.024945 0.087133
v -0.782691 0.011758 0.087133
v -0.806121 0.007098 0.087133
v -0.819395 -0.012766 0.087133
v -0.814735 -0.036197 0.087133
v -0.794870 -0.049469 0.087133
v -0.771440 -0.044809 0.087133
v -0.709043 0.541941 0.087352
v -0.647841 0.529768 0.087352
v -1.077056 0.468739 0.087352
v -1.337404 0.122084 0.087352
v -0.868518 -0.579652 0.087352
v -0.929721 -0.567478 0.087352
v -0.448620 -0.471782 0.087352
v -0.500505 -0.506450 0.087352
v -0.227983 -0.098593 0.087352
v -0.240160 -0.159795 0.087352
v -0.762828 -0.001514 0.135099
v -0.788780 -0.018856 0.148890
v -0.758168 -0.024945 0.135099
v -0.782691 0.011758 0.135099
v -0.806121 0.007098 0.135099
v -0.819395 -0.012766 0.135099
v -0.814735 -0.036197 0.135099
v -0.794870 -0.049469 0.135099
v -0.771440 -0.044809 0.135099
v -0.758168 -0.024945 0.065307
v -0.788780 -0.018856 0.051516
v -0.762828 -0.001514 0.065307
v -0.782691 0.011758 0.065307
v -0.806121 0.007098 0.065307
v -0.819395 -0.012766 0.065307
v -0.814735 -0.036197 0.065307
v -0.794871 -0.049470 0.065307
v -0.771440 -0.044809 0.065307
v -0.446927 0.010862 0.323977
v -0.468216 0.004163 0.323977
v -0.458396 -0.003681 0.323977
v -0.449214 -0.011016 0.323977
v -0.441713 0.006697 0.323977
v -0.528893 -0.054779 0.323977
v -0.555352 -0.081597 0.323977
v -0.550776 -0.085252 0.323977
v -0.518993 -0.062687 0.323977
v -0.524244 -0.058493 0.323977
v -0.587597 -0.110795 0.323977
v -0.585277 -0.112648 0.323977
v -0.604050 -0.124467 0.323977
v -0.601392 -0.126590 0.323977
v -0.481118 -0.011246 0.323977
v -0.486195 -0.007191 0.323977
v -0.512901 -0.036901 0.323977
v -0.508492 -0.040423 0.323977
v -0.490269 -0.020148 0.323977
v -0.497756 -0.048999 0.323977
v -0.502313 -0.045359 0.323977
v -0.462468 -0.026144 0.323977
v -0.466773 -0.022705 0.323977
v -0.458676 -0.013571 0.323977
v -0.468270 -0.002716 0.323977
v -0.410306 0.046688 0.323977
v -0.425047 0.030520 0.323977
v -0.418489 0.025282 0.323977
v -0.399291 0.037890 0.323977
v -0.608137 -0.125532 0.323977
v -0.602564 -0.129984 0.323977
v -0.615665 -0.129984 0.323977
v -0.607746 -0.136309 0.323977
v -0.620808 -0.136348 0.323977
v -0.615322 -0.140730 0.323977
v -0.620571 -0.140664 0.323977
v -0.446927 0.010862 0.313493
v -0.468216 0.004163 0.313493
v -0.458396 -0.003681 0.313493
v -0.449214 -0.011016 0.313493
v -0.441713 0.006697 0.313493
v -0.528893 -0.054779 0.313493
v -0.555352 -0.081597 0.313493
v -0.550776 -0.085253 0.313493
v -0.518993 -0.062687 0.313493
v -0.524244 -0.058493 0.313493
v -0.587597 -0.110795 0.313493
v -0.585278 -0.112648 0.313493
v -0.604050 -0.124467 0.313493
v -0.601392 -0.126590 0.313493
v -0.481118 -0.011246 0.313493
v -0.486195 -0.007191 0.313493
v -0.512901 -0.036901 0.313493
v -0.508492 -0.040423 0.313493
v -0.490269 -0.020148 0.313493
v -0.497756 -0.048999 0.313493
v -0.502313 -0.045359 0.313493
v -0.462468 -0.026144 0.313493
v -0.466773 -0.022705 0.313493
v -0.458676 -0.013571 0.313493
v -0.468270 -0.002716 0.313493
v -0.410306 0.046688 0.313493
v -0.425047 0.030520 0.313493
v -0.418489 0.025282 0.313493
v -0.399291 0.037890 0.313493
v -0.608137 -0.125532 0.313493
v -0.602564 -0.129984 0.313493
v -0.615665 -0.129984 0.313493
v -0.607746 -0.136309 0.313493
v -0.620808 -0.136348 0.313493
v -0.615322 -0.140730 0.313493
v -0.620571 -0.140664 0.313493
v 0.476578 -0.049883 0.301823
v 0.533469 -0.057418 0.301823
v 0.531578 -0.040150 0.301823
v 0.514338 -0.008726 0.301823
v 0.500791 0.002147 0.301823
v 0.484113 0.007008 0.301823
v 0.466846 0.005117 0.301823
v 0.435421 -0.012123 0.301823
v 0.424548 -0.025671 0.301823
v 0.419687 -0.042348 0.301823
v 0.421578 -0.059616 0.301823
v 0.438819 -0.091040 0.301823
v 0.452366 -0.101913 0.301823
v 0.469043 -0.106774 0.301823
v 0.486311 -0.104883 0.301823
v 0.517735 -0.087643 0.301823
v 0.528608 -0.074095 0.301823
v 0.614714 -0.064526 0.301823
v 0.649420 -0.065005 0.301823
v 0.659787 -0.054409 0.301823
v 0.654465 -0.005811 0.301823
v 0.642050 0.002290 0.301823
v 0.609359 -0.015626 0.301823
v 0.609489 0.061642 0.301823
v 0.576813 0.043697 0.301823
v 0.609327 0.076465 0.301823
v 0.571199 0.107066 0.301823
v 0.556693 0.104015 0.301823
v 0.538449 0.074488 0.301823
v 0.491700 0.122959 0.301823
v 0.491221 0.088253 0.301823
v 0.481104 0.133326 0.301823
v 0.432506 0.128003 0.301823
v 0.424405 0.115589 0.301823
v 0.442321 0.082898 0.301823
v 0.365053 0.083027 0.301823
v 0.382998 0.050352 0.301823
v 0.350230 0.082866 0.301823
v 0.319629 0.044738 0.301823
v 0.322679 0.030231 0.301823
v 0.352208 0.011987 0.301823
v 0.303736 -0.034761 0.301823
v 0.338442 -0.035240 0.301823
v 0.293369 -0.045357 0.301823
v 0.298692 -0.093956 0.301823
v 0.311106 -0.102056 0.301823
v 0.343797 -0.084140 0.301823
v 0.343668 -0.161408 0.301823
v 0.376343 -0.143463 0.301823
v 0.343829 -0.176231 0.301823
v 0.381957 -0.206832 0.301823
v 0.396464 -0.203781 0.301823
v 0.414707 -0.174254 0.301823
v 0.461456 -0.222725 0.301823
v 0.461935 -0.188019 0.301823
v 0.472052 -0.233092 0.301823
v 0.520651 -0.227769 0.301823
v 0.528751 -0.215355 0.301823
v 0.510835 -0.182664 0.301823
v 0.588103 -0.182793 0.301823
v 0.570158 -0.150118 0.301823
v 0.602926 -0.182632 0.301823
v 0.633527 -0.144504 0.301823
v 0.630476 -0.129997 0.301823
v 0.600949 -0.111753 0.301823
v 0.605612 0.143041 0.259121
v 0.596500 0.150354 0.270804
v 0.596500 0.150354 0.285820
v 0.605612 0.143041 0.297503
v 0.562087 0.114378 0.290140
v 0.562087 0.114378 0.266484
v 0.492718 0.134598 0.266484
v 0.492718 0.134598 0.290140
v 0.312317 0.035626 0.290140
v 0.312317 0.035626 0.266484
v 0.292097 -0.033743 0.266484
v 0.292097 -0.033743 0.290140
v 0.702734 -0.049706 0.301823
v 0.697411 -0.001107 0.301823
v 0.653192 0.005803 0.290140
v 0.696140 0.010507 0.290140
v 0.696140 0.010507 0.266484
v 0.653192 0.005803 0.266484
v 0.636369 0.110159 0.301823
v 0.598241 0.140760 0.301823
v 0.476401 0.176273 0.301823
v 0.427802 0.170950 0.301823
v 0.420892 0.126731 0.290140
v 0.416188 0.169678 0.290140
v 0.416188 0.169678 0.266484
v 0.420892 0.126731 0.266484
v 0.316537 0.109908 0.301823
v 0.285935 0.071780 0.301823
v 0.278623 0.062668 0.290140
v 0.278623 0.062668 0.266484
v 0.250422 -0.050060 0.301823
v 0.255744 -0.098659 0.301823
v 0.316787 -0.209925 0.301823
v 0.354915 -0.240526 0.301823
v 0.476755 -0.276039 0.301823
v 0.525354 -0.270716 0.301823
v 0.636620 -0.209674 0.301823
v 0.667221 -0.171546 0.301823
v 0.708618 -0.044715 0.297503
v 0.704237 -0.004706 0.297503
v 0.637001 0.117848 0.297503
v 0.471410 0.182157 0.297503
v 0.431401 0.177775 0.297503
v 0.308847 0.110540 0.297503
v 0.283654 0.079151 0.297503
v 0.276341 0.070039 0.285820
v 0.276341 0.070039 0.270804
v 0.244538 -0.055051 0.297503
v 0.248920 -0.095060 0.297503
v 0.316155 -0.217615 0.297503
v 0.347544 -0.242807 0.297503
v 0.481746 -0.281923 0.297503
v 0.521755 -0.277542 0.297503
v 0.536968 -0.269444 0.290140
v 0.533370 -0.276270 0.285820
v 0.533370 -0.276270 0.270804
v 0.536968 -0.269444 0.266484
v 0.644310 -0.210306 0.297503
v 0.669503 -0.178917 0.297503
v 0.661059 -0.066023 0.290140
v 0.618438 0.069152 0.290140
v 0.357543 0.091977 0.290140
v 0.299964 -0.105569 0.290140
v 0.334718 -0.168918 0.290140
v 0.391069 -0.214145 0.290140
v 0.460438 -0.234364 0.290140
v 0.532265 -0.226498 0.290140
v 0.595613 -0.191743 0.290140
v 0.640840 -0.135392 0.290140
v 0.704006 -0.061320 0.290140
v 0.645481 0.102846 0.290140
v 0.589129 0.148072 0.290140
v 0.488014 0.177545 0.290140
v 0.323849 0.119019 0.290140
v 0.249150 -0.038447 0.290140
v 0.257017 -0.110273 0.290140
v 0.307676 -0.202612 0.290140
v 0.364027 -0.247838 0.290140
v 0.465141 -0.277311 0.290140
v 0.629307 -0.218786 0.290140
v 0.674534 -0.162434 0.290140
v 0.709890 -0.056329 0.285820
v 0.702964 0.006908 0.285820
v 0.646113 0.110536 0.285820
v 0.483024 0.183429 0.285820
v 0.419787 0.176503 0.285820
v 0.316159 0.119652 0.285820
v 0.243266 -0.043437 0.285820
v 0.250192 -0.106674 0.285820
v 0.307044 -0.210302 0.285820
v 0.356656 -0.250120 0.285820
v 0.470133 -0.283195 0.285820
v 0.636997 -0.219418 0.285820
v 0.676815 -0.169805 0.285820
v 0.514338 -0.008726 0.254800
v 0.500791 0.002147 0.254800
v 0.484113 0.007008 0.254800
v 0.424548 -0.025671 0.254800
v 0.419687 -0.042348 0.254800
v 0.421578 -0.059616 0.254800
v 0.438818 -0.091040 0.254800
v 0.452366 -0.101913 0.254800
v 0.469043 -0.106774 0.254800
v 0.486311 -0.104883 0.254800
v 0.531578 -0.040150 0.254800
v 0.609359 -0.015626 0.254800
v 0.466846 0.005117 0.254800
v 0.442321 0.082898 0.254800
v 0.343797 -0.084140 0.254800
v 0.510835 -0.182664 0.254800
v 0.614714 -0.064526 0.254800
v 0.491221 0.088253 0.254800
v 0.338442 -0.035240 0.254800
v 0.461935 -0.188019 0.254800
v 0.414707 -0.174254 0.254800
v 0.600949 -0.111753 0.254800
v 0.570158 -0.150118 0.254800
v 0.283654 0.079151 0.259121
v 0.532265 -0.226498 0.266484
v 0.595613 -0.191743 0.266484
v 0.589129 0.148072 0.266484
v 0.356656 -0.250120 0.270804
v 0.364027 -0.247838 0.266484
v 0.357543 0.091977 0.266484
v 0.323849 0.119019 0.266484
v 0.629307 -0.218786 0.266484
v 0.704006 -0.061320 0.266484
v 0.709890 -0.056329 0.270804
v 0.645481 0.102846 0.266484
v 0.646113 0.110536 0.270804
v 0.249150 -0.038447 0.266484
v 0.243266 -0.043437 0.270804
v 0.316159 0.119652 0.270804
v 0.476578 -0.049883 0.254800
v 0.533469 -0.057418 0.254800
v 0.435421 -0.012123 0.254800
v 0.517735 -0.087643 0.254800
v 0.528608 -0.074095 0.254800
v 0.642050 0.002290 0.254800
v 0.654465 -0.005811 0.254800
v 0.659787 -0.054409 0.254800
v 0.649420 -0.065005 0.254800
v 0.576813 0.043697 0.254800
v 0.609489 0.061642 0.254800
v 0.538449 0.074488 0.254800
v 0.556693 0.104015 0.254800
v 0.571199 0.107066 0.254800
v 0.609327 0.076465 0.254800
v 0.491700 0.122959 0.254800
v 0.424405 0.115589 0.254800
v 0.432506 0.128003 0.254800
v 0.481104 0.133326 0.254800
v 0.382998 0.050352 0.254800
v 0.365053 0.083027 0.254800
v 0.352208 0.011987 0.254800
v 0.322679 0.030231 0.254800
v 0.319629 0.044738 0.254800
v 0.350230 0.082866 0.254800
v 0.303736 -0.034761 0.254800
v 0.311106 -0.102056 0.254800
v 0.298692 -0.093956 0.254800
v 0.293369 -0.045357 0.254800
v 0.376343 -0.143463 0.254800
v 0.343668 -0.161408 0.254800
v 0.396464 -0.203781 0.254800
v 0.381957 -0.206832 0.254800
v 0.343829 -0.176231 0.254800
v 0.461456 -0.222725 0.254800
v 0.528751 -0.215355 0.254800
v 0.520651 -0.227769 0.254800
v 0.472052 -0.233092 0.254800
v 0.588103 -0.182793 0.254800
v 0.630476 -0.129997 0.254800
v 0.633527 -0.144504 0.254800
v 0.602926 -0.182632 0.254800
v 0.704237 -0.004706 0.259121
v 0.702964 0.006908 0.270804
v 0.248920 -0.095060 0.259121
v 0.250192 -0.106674 0.270804
v 0.299964 -0.105569 0.266484
v 0.334718 -0.168918 0.266484
v 0.307044 -0.210302 0.270804
v 0.316155 -0.217615 0.259121
v 0.391069 -0.214145 0.266484
v 0.460438 -0.234364 0.266484
v 0.521755 -0.277542 0.259121
v 0.669503 -0.178917 0.259121
v 0.676815 -0.169805 0.270804
v 0.640840 -0.135392 0.266484
v 0.661059 -0.066023 0.266484
v 0.697411 -0.001107 0.254800
v 0.702734 -0.049706 0.254800
v 0.598241 0.140760 0.254800
v 0.636369 0.110159 0.254800
v 0.427802 0.170950 0.254800
v 0.476401 0.176273 0.254800
v 0.285935 0.071780 0.254800
v 0.316537 0.109908 0.254800
v 0.255744 -0.098659 0.254800
v 0.250422 -0.050060 0.254800
v 0.257017 -0.110273 0.266484
v 0.354915 -0.240526 0.254800
v 0.316787 -0.209925 0.254800
v 0.525354 -0.270716 0.254800
v 0.476755 -0.276039 0.254800
v 0.667221 -0.171546 0.254800
v 0.636620 -0.209674 0.254800
v 0.708618 -0.044715 0.259121
v 0.637001 0.117848 0.259121
v 0.431401 0.177775 0.259121
v 0.471410 0.182157 0.259121
v 0.308847 0.110540 0.259121
v 0.244538 -0.055051 0.259121
v 0.347544 -0.242807 0.259121
v 0.481746 -0.281923 0.259121
v 0.644310 -0.210306 0.259121
v 0.618438 0.069152 0.266484
v 0.488014 0.177545 0.266484
v 0.307676 -0.202612 0.266484
v 0.465141 -0.277311 0.266484
v 0.674534 -0.162434 0.266484
v 0.483024 0.183429 0.270804
v 0.419787 0.176503 0.270804
v 0.470133 -0.283195 0.270804
v 0.636997 -0.219418 0.270804
v -0.756859 -0.575006 0.395018
v -0.816047 -0.645145 0.395018
v -0.729240 -0.603522 0.395018
v -0.736663 -0.575124 0.395018
v -0.724088 -0.640076 0.395018
v -0.711514 -0.626916 0.395018
v -0.825247 -0.513985 0.395018
v -0.732654 -0.546048 0.395018
v -0.606669 -0.412122 0.395018
v -0.667774 -0.477453 0.395018
v -0.666031 -0.495571 0.395018
v -0.636955 -0.499580 0.395018
v -0.736905 -0.416601 0.395018
v -0.733768 -0.508323 0.395018
v -0.717823 -0.520719 0.395018
v -0.694428 -0.502994 0.395018
v -0.716471 -0.729205 0.395018
v -0.686186 -0.641747 0.395018
v -0.655367 -0.663874 0.395018
v -0.657109 -0.645756 0.395018
v -0.586235 -0.724726 0.395018
v -0.589373 -0.633004 0.395018
v -0.605318 -0.620608 0.395018
v -0.628712 -0.638333 0.395018
v -0.497894 -0.627343 0.395018
v -0.590487 -0.595279 0.395018
v -0.599052 -0.501251 0.395018
v -0.611626 -0.514411 0.395018
v -0.566282 -0.566321 0.395018
v -0.507094 -0.496182 0.395018
v -0.593901 -0.537806 0.395018
v -0.586477 -0.566203 0.395018
v -0.707477 -0.592954 0.395018
v -0.712512 -0.573690 0.395018
v -0.695452 -0.608825 0.395018
v -0.709793 -0.553965 0.395018
v -0.664597 -0.519721 0.395018
v -0.644871 -0.522441 0.395018
v -0.699732 -0.536782 0.395018
v -0.683860 -0.524757 0.395018
v -0.678269 -0.618886 0.395018
v -0.658544 -0.621606 0.395018
v -0.623409 -0.604545 0.395018
v -0.639280 -0.616570 0.395018
v -0.613348 -0.587362 0.395018
v -0.627689 -0.532502 0.395018
v -0.615664 -0.548373 0.395018
v -0.610628 -0.567637 0.395018
v -0.707477 -0.592954 0.428385
v -0.712512 -0.573690 0.428385
v -0.695452 -0.608825 0.428385
v -0.709793 -0.553965 0.428385
v -0.664597 -0.519721 0.428385
v -0.644871 -0.522441 0.428385
v -0.699732 -0.536782 0.428385
v -0.683860 -0.524757 0.428385
v -0.678269 -0.618886 0.428385
v -0.658544 -0.621606 0.428385
v -0.623409 -0.604545 0.428385
v -0.639280 -0.616570 0.428385
v -0.613348 -0.587362 0.428385
v -0.627689 -0.532502 0.428385
v -0.615664 -0.548373 0.428385
v -0.610628 -0.567637 0.428385
v -0.661570 -0.570664 0.428386
v -0.724088 -0.640076 0.345494
v -0.716471 -0.729205 0.345494
v -0.756859 -0.575006 0.345494
v -0.816047 -0.645145 0.345494
v -0.825247 -0.513984 0.345494
v -0.736905 -0.416601 0.345494
v -0.733768 -0.508323 0.345494
v -0.667774 -0.477453 0.345494
v -0.655367 -0.663874 0.345494
v -0.736663 -0.575124 0.345494
v -0.729240 -0.603522 0.345494
v -0.711514 -0.626916 0.345494
v -0.732654 -0.546048 0.345494
v -0.606669 -0.412122 0.345494
v -0.636955 -0.499580 0.345494
v -0.666031 -0.495571 0.345494
v -0.694428 -0.502994 0.345494
v -0.717823 -0.520719 0.345494
v -0.686186 -0.641747 0.345494
v -0.657109 -0.645756 0.345494
v -0.586235 -0.724726 0.345494
v -0.628712 -0.638333 0.345494
v -0.605318 -0.620608 0.345494
v -0.589373 -0.633004 0.345494
v -0.590487 -0.595279 0.345494
v -0.497894 -0.627343 0.345494
v -0.599052 -0.501251 0.345494
v -0.611626 -0.514411 0.345494
v -0.566282 -0.566321 0.345494
v -0.586477 -0.566203 0.345494
v -0.593901 -0.537806 0.345494
v -0.507094 -0.496182 0.345494
v -0.712512 -0.573690 0.345494
v -0.707477 -0.592954 0.345494
v -0.695452 -0.608825 0.345494
v -0.709793 -0.553965 0.345494
v -0.644871 -0.522441 0.345494
v -0.664597 -0.519721 0.345494
v -0.683860 -0.524757 0.345494
v -0.699732 -0.536782 0.345494
v -0.678269 -0.618886 0.345494
v -0.658544 -0.621606 0.345494
v -0.639280 -0.616570 0.345494
v -0.623409 -0.604545 0.345494
v -0.613348 -0.587362 0.345494
v -0.627689 -0.532502 0.345494
v -0.610628 -0.567637 0.345494
v -0.615664 -0.548373 0.345494
v -0.712512 -0.573690 0.131428
v -0.707477 -0.592954 0.131428
v -0.695452 -0.608825 0.131428
v -0.709793 -0.553965 0.131428
v -0.644871 -0.522441 0.131428
v -0.664597 -0.519721 0.131428
v -0.683860 -0.524757 0.131428
v -0.699732 -0.536782 0.131428
v -0.678269 -0.618886 0.131428
v -0.658544 -0.621606 0.131428
v -0.639279 -0.616570 0.131428
v -0.623409 -0.604545 0.131428
v -0.613348 -0.587362 0.131428
v -0.627689 -0.532502 0.131428
v -0.610628 -0.567637 0.131428
v -0.615664 -0.548373 0.131428
v -0.661570 -0.570663 0.131428
v 0.072040 -0.048082 0.173791
v 0.050281 0.061308 0.173791
v 0.032738 0.054745 0.173791
v 0.053321 -0.048732 0.173791
v -0.011683 0.154044 0.173790
v -0.024460 0.140348 0.173790
v -0.104419 0.216008 0.173790
v -0.112182 0.198963 0.173790
v -0.213808 0.237767 0.173791
v -0.213159 0.219048 0.173790
v -0.323198 0.216008 0.173790
v -0.316635 0.198465 0.173790
v -0.415934 0.154044 0.173790
v -0.402239 0.141267 0.173790
v -0.477899 0.061308 0.173791
v -0.460853 0.053544 0.173791
v -0.499657 -0.048081 0.173791
v -0.480938 -0.047432 0.173791
v -0.477899 -0.157471 0.173790
v -0.460356 -0.150908 0.173790
v -0.415934 -0.250207 0.173791
v -0.403158 -0.236511 0.173791
v -0.323198 -0.312171 0.173791
v -0.315435 -0.295126 0.173791
v -0.213808 -0.333930 0.173791
v -0.214458 -0.315211 0.173791
v -0.104419 -0.312171 0.173791
v -0.110982 -0.294629 0.173791
v -0.011683 -0.250207 0.173791
v -0.025379 -0.237430 0.173791
v 0.050281 -0.157471 0.173790
v 0.033235 -0.149707 0.173790
v -0.192481 -0.052324 0.158311
v -0.160759 -0.050276 0.158311
v -0.165637 -0.025753 0.158311
v -0.195728 -0.036000 0.158311
v -0.174745 -0.012122 0.158311
v -0.195535 0.001770 0.158311
v -0.209566 -0.026753 0.158311
v -0.211614 0.004968 0.158311
v -0.236137 0.000090 0.158311
v -0.225889 -0.030000 0.158311
v -0.249768 -0.009018 0.158311
v -0.263660 -0.029808 0.158311
v -0.235137 -0.043839 0.158311
v -0.266859 -0.045887 0.158311
v -0.261980 -0.070411 0.158311
v -0.231890 -0.060163 0.158311
v -0.252872 -0.084041 0.158311
v -0.232082 -0.097933 0.158311
v -0.218051 -0.069410 0.158311
v -0.216003 -0.101131 0.158311
v -0.191480 -0.096253 0.158311
v -0.201727 -0.066163 0.158311
v -0.177848 -0.087145 0.158311
v -0.163957 -0.066355 0.158311
v 0.125889 0.152754 0.158158
v 0.101736 0.188902 0.158158
v -0.115618 0.334134 0.158158
v -0.158256 0.342616 0.158158
v -0.414645 0.291617 0.158158
v -0.450792 0.267464 0.158158
v -0.596024 0.050109 0.158158
v -0.604505 0.007470 0.158158
v -0.553507 -0.248918 0.158158
v -0.529354 -0.285065 0.158158
v -0.477899 -0.157471 0.124619
v -0.553507 -0.248918 0.140252
v -0.311999 -0.430297 0.158158
v -0.269360 -0.438779 0.158158
v -0.012972 -0.387780 0.158158
v 0.023175 -0.363627 0.158158
v 0.168406 -0.146272 0.158158
v 0.176889 -0.103633 0.158158
v -0.009106 0.102725 0.158310
v 0.003854 0.083328 0.158311
v -0.175698 0.203301 0.158310
v -0.152818 0.198750 0.158310
v -0.364615 0.156621 0.158310
v -0.345218 0.169582 0.158310
v -0.465192 -0.009971 0.158311
v -0.460640 0.012909 0.158311
v -0.418511 -0.198888 0.158311
v -0.431472 -0.179491 0.158311
v -0.251918 -0.299465 0.158311
v -0.274800 -0.294913 0.158310
v -0.063002 -0.252784 0.158311
v -0.082399 -0.265745 0.158311
v 0.037574 -0.086192 0.158311
v 0.033024 -0.109072 0.158311
v -0.160759 -0.050276 0.140099
v -0.165637 -0.025753 0.140099
v 0.037574 -0.086192 0.140100
v -0.211614 0.004968 0.140099
v -0.236137 0.000090 0.140099
v -0.249768 -0.009018 0.140099
v -0.263660 -0.029808 0.140099
v -0.266859 -0.045887 0.140099
v -0.261980 -0.070411 0.140099
v -0.252872 -0.084041 0.140099
v -0.232082 -0.097933 0.140099
v -0.216003 -0.101131 0.140099
v -0.191480 -0.096253 0.140099
v -0.177848 -0.087145 0.140099
v -0.163957 -0.066355 0.140099
v 0.033024 -0.109072 0.140099
v -0.063002 -0.252784 0.140099
v -0.082399 -0.265745 0.140099
v -0.251918 -0.299465 0.140099
v -0.274800 -0.294913 0.140099
v -0.418511 -0.198888 0.140099
v -0.431472 -0.179491 0.140099
v -0.465192 -0.009971 0.140100
v -0.460640 0.012909 0.140100
v -0.175698 0.203301 0.140099
v -0.195535 0.001770 0.140099
v -0.152818 0.198750 0.140099
v -0.009106 0.102725 0.140099
v -0.174745 -0.012122 0.140099
v 0.003854 0.083328 0.140099
v -0.345218 0.169582 0.140100
v 0.125889 0.152754 0.140252
v 0.101736 0.188902 0.140252
v -0.499657 -0.048082 0.124619
v -0.011683 -0.250207 0.124619
v 0.050281 -0.157471 0.124619
v -0.011683 0.154044 0.124620
v -0.450792 0.267464 0.140252
v -0.415934 0.154044 0.124620
v -0.604505 0.007470 0.140252
v -0.529354 -0.285065 0.140252
v -0.415934 -0.250207 0.124619
v 0.072040 -0.048082 0.124619
v 0.050281 0.061308 0.124620
v -0.104419 0.216008 0.124620
v -0.213808 0.237767 0.124619
v -0.323198 0.216008 0.124620
v -0.364615 0.156621 0.140100
v -0.477899 0.061308 0.124620
v -0.323198 -0.312171 0.124619
v -0.213808 -0.333930 0.124619
v -0.104419 -0.312171 0.124619
v -0.195728 -0.036000 0.140099
v -0.192481 -0.052324 0.140099
v -0.209566 -0.026753 0.140100
v -0.225889 -0.030000 0.140100
v -0.235137 -0.043839 0.140099
v -0.231890 -0.060163 0.140099
v -0.218051 -0.069410 0.140099
v -0.201727 -0.066163 0.140099
v -0.158256 0.342616 0.140252
v -0.115618 0.334134 0.140252
v -0.414645 0.291617 0.140252
v -0.596024 0.050109 0.140252
v -0.269360 -0.438779 0.140252
v -0.311999 -0.430297 0.140252
v 0.023175 -0.363627 0.140252
v -0.012972 -0.387780 0.140252
v 0.176889 -0.103633 0.140252
v 0.168406 -0.146272 0.140252
v -0.195728 -0.036000 0.173516
v -0.213808 -0.048082 0.183124
v -0.192481 -0.052324 0.173516
v -0.209566 -0.026754 0.173516
v -0.225889 -0.030000 0.173516
v -0.235137 -0.043839 0.173516
v -0.231890 -0.060163 0.173516
v -0.218051 -0.069410 0.173516
v -0.201727 -0.066163 0.173516
v -0.192481 -0.052324 0.124894
v -0.213808 -0.048082 0.115286
v -0.195728 -0.036000 0.124894
v -0.209566 -0.026753 0.124894
v -0.225889 -0.030000 0.124894
v -0.235137 -0.043839 0.124894
v -0.231890 -0.060163 0.124894
v -0.218051 -0.069410 0.124894
v -0.201727 -0.066163 0.124894
v -0.095380 0.387466 0.116854
v -0.025186 0.387466 0.116854
v -0.030530 0.414328 0.116854
v -0.045746 0.437100 0.116854
v -0.071461 0.411385 0.116854
v -0.068518 0.452317 0.116854
v -0.095380 0.457660 0.116854
v -0.122242 0.452317 0.116854
v -0.145015 0.437100 0.116854
v -0.160230 0.414328 0.116854
v -0.165574 0.387466 0.116854
v -0.160230 0.360604 0.116854
v -0.145015 0.337831 0.116854
v -0.122242 0.322615 0.116854
v -0.095380 0.317272 0.116854
v -0.068518 0.322615 0.116854
v -0.045746 0.337831 0.116854
v -0.030530 0.360604 0.116854
v -0.025186 0.387466 0.142287
v 0.004313 0.387100 0.141313
v -0.003298 0.425370 0.141313
v -0.030530 0.414328 0.142287
v -0.025007 0.457858 0.141313
v -0.045746 0.437100 0.142287
v -0.057451 0.479536 0.141313
v -0.068518 0.452317 0.142287
v -0.095773 0.487159 0.141313
v -0.095380 0.457660 0.142287
v -0.134044 0.479547 0.141313
v -0.122242 0.452317 0.142287
v -0.166531 0.457839 0.141313
v -0.145015 0.437100 0.142287
v -0.188210 0.425395 0.141313
v -0.160230 0.414328 0.142287
v -0.195832 0.387073 0.141313
v -0.165574 0.387466 0.142287
v -0.188221 0.348802 0.141313
v -0.160230 0.360604 0.142287
v -0.166513 0.316315 0.141313
v -0.145015 0.337831 0.142287
v -0.134068 0.294636 0.141313
v -0.122242 0.322615 0.142287
v -0.095746 0.287013 0.141313
v -0.095380 0.317272 0.142287
v -0.057475 0.294626 0.141313
v -0.068518 0.322615 0.142287
v -0.024988 0.316334 0.141313
v -0.045746 0.337831 0.142287
v -0.003309 0.348778 0.141313
v -0.030530 0.360604 0.142287
v 0.043755 0.548821 0.114686
v 0.043755 0.548821 0.084875
v 0.000274 0.577874 0.084876
v 0.000274 0.577874 0.114686
v -0.252175 0.326140 0.118504
v -0.252175 0.326140 0.081057
v -0.211925 0.265900 0.081057
v -0.211925 0.265900 0.118504
v -0.235274 0.225352 0.114686
v -0.235274 0.225352 0.084875
v -0.191793 0.196298 0.084875
v -0.191793 0.196298 0.114686
v -0.163267 0.233388 0.118504
v -0.163267 0.233388 0.081057
v -0.092209 0.219254 0.081057
v -0.092209 0.219254 0.118504
v 0.072073 0.390637 0.118504
v 0.117256 0.402798 0.114686
v 0.107054 0.454088 0.114686
v 0.060656 0.448032 0.118504
v 0.020405 0.508273 0.118504
v -0.028252 0.540784 0.118504
v -0.028252 0.540784 0.081057
v -0.099311 0.554919 0.118504
v -0.111471 0.600102 0.114686
v -0.162762 0.589900 0.114686
v -0.156707 0.543502 0.118504
v -0.162762 0.589900 0.084876
v -0.156707 0.543502 0.081057
v -0.263593 0.383535 0.118504
v -0.308776 0.371375 0.114686
v -0.298572 0.320084 0.114686
v -0.298572 0.320084 0.084875
v -0.080048 0.174071 0.114686
v -0.028757 0.184273 0.114686
v -0.034813 0.230670 0.118504
v 0.025426 0.270922 0.118504
v 0.065975 0.247571 0.114686
v 0.095028 0.291053 0.114686
v 0.057939 0.319579 0.118504
v -0.216946 0.503251 0.118504
v -0.216946 0.503251 0.081057
v -0.256920 0.528896 0.081057
v -0.256920 0.528896 0.118504
v -0.286548 0.483119 0.114686
v -0.249458 0.454594 0.118504
v 0.044803 0.387368 0.121941
v 0.034211 0.440617 0.121941
v 0.003434 0.486678 0.121941
v -0.041708 0.516841 0.121941
v -0.096042 0.527649 0.121941
v -0.149290 0.517057 0.121941
v -0.195352 0.486280 0.121941
v -0.225515 0.441137 0.121941
v -0.236323 0.386805 0.121941
v -0.225731 0.333555 0.121941
v -0.194954 0.287495 0.121941
v -0.149811 0.257331 0.121941
v -0.095478 0.246524 0.121941
v -0.042229 0.257116 0.121941
v 0.003833 0.287893 0.121941
v 0.033995 0.333035 0.121941
v 0.060656 0.448032 0.081057
v 0.020405 0.508273 0.081057
v -0.034813 0.230670 0.081057
v 0.025426 0.270922 0.081057
v 0.072073 0.390637 0.081057
v 0.117256 0.402798 0.084875
v -0.080048 0.174071 0.084875
v -0.095380 0.387466 0.082707
v -0.030530 0.414328 0.082707
v -0.025186 0.387466 0.082707
v -0.071461 0.411385 0.082707
v -0.045746 0.437100 0.082707
v -0.068518 0.452317 0.082707
v -0.095380 0.457660 0.082707
v -0.122242 0.452317 0.082707
v -0.145015 0.437100 0.082707
v -0.160230 0.414328 0.082707
v -0.165574 0.387466 0.082707
v -0.160230 0.360604 0.082707
v -0.145015 0.337831 0.082707
v -0.122242 0.322615 0.082707
v -0.095380 0.317272 0.082707
v -0.068518 0.322615 0.082707
v -0.045746 0.337831 0.082707
v -0.030530 0.360604 0.082707
v -0.025186 0.387466 0.057275
v -0.030530 0.414328 0.057275
v -0.003299 0.425370 0.058248
v 0.004313 0.387100 0.058248
v -0.045746 0.437100 0.057275
v -0.025007 0.457858 0.058248
v -0.068518 0.452317 0.057275
v -0.057451 0.479536 0.058248
v -0.095380 0.457660 0.057275
v -0.095773 0.487159 0.058248
v -0.122242 0.452317 0.057275
v -0.134044 0.479547 0.058248
v -0.145015 0.437100 0.057275
v -0.166531 0.457839 0.058248
v -0.160230 0.414328 0.057275
v -0.188210 0.425395 0.058248
v -0.165574 0.387466 0.057275
v -0.195832 0.387073 0.058248
v -0.160230 0.360604 0.057275
v -0.188221 0.348802 0.058248
v -0.145015 0.337831 0.057275
v -0.166513 0.316315 0.058248
v -0.122242 0.322615 0.057275
v -0.134068 0.294636 0.058248
v -0.095380 0.317272 0.057275
v -0.095746 0.287013 0.058248
v -0.068518 0.322615 0.057275
v -0.057475 0.294626 0.058248
v -0.045746 0.337831 0.057275
v -0.024988 0.316334 0.058248
v -0.030530 0.360604 0.057275
v -0.003309 0.348778 0.058248
v 0.107054 0.454088 0.084875
v -0.099311 0.554919 0.081057
v -0.249458 0.454594 0.081057
v -0.263593 0.383535 0.081057
v -0.308776 0.371375 0.084875
v -0.028757 0.184273 0.084875
v 0.065975 0.247571 0.084875
v 0.095028 0.291053 0.084875
v 0.057939 0.319579 0.081057
v -0.111471 0.600102 0.084875
v -0.286548 0.483119 0.084875
v 0.044803 0.387368 0.077621
v 0.034211 0.440617 0.077621
v 0.003434 0.486678 0.077621
v -0.041708 0.516841 0.077621
v -0.096042 0.527649 0.077621
v -0.149290 0.517057 0.077621
v -0.195352 0.486280 0.077621
v -0.225515 0.441137 0.077621
v -0.236323 0.386805 0.077621
v -0.225730 0.333555 0.077621
v -0.194954 0.287495 0.077621
v -0.149811 0.257331 0.077621
v -0.095478 0.246524 0.077621
v -0.042229 0.257116 0.077621
v 0.003833 0.287893 0.077621
v 0.033995 0.333035 0.077621
vn 0.9952 -0.0980 -0.0000
vn 0.9569 -0.2903 -0.0000
vn 0.8819 -0.4714 -0.0000
vn 0.7730 -0.6344 -0.0000
vn 0.6344 -0.7730 -0.0000
vn 0.4714 -0.8819 -0.0000
vn 0.2903 -0.9569 -0.0000
vn 0.0980 -0.9952 -0.0000
vn -0.0980 -0.9952 -0.0000
vn -0.2903 -0.9569 -0.0000
vn -0.4714 -0.8819 -0.0000
vn -0.6344 -0.7730 -0.0000
vn -0.7730 -0.6344 -0.0000
vn -0.8819 -0.4714 -0.0000
vn -0.9569 -0.2903 -0.0000
vn -0.9952 -0.0980 -0.0000
vn -0.9952 0.0980 -0.0000
vn -0.9569 0.2903 -0.0000
vn -0.8819 0.4714 -0.0000
vn -0.7730 0.6344 -0.0000
vn -0.6344 0.7730 -0.0000
vn -0.4714 0.8819 -0.0000
vn -0.2903 0.9569 -0.0000
vn -0.0980 0.9952 -0.0000
vn 0.0980 0.9952 -0.0000
vn 0.2903 0.9569 -0.0000
vn 0.4714 0.8819 -0.0000
vn 0.6344 0.7730 -0.0000
vn 0.7730 0.6344 -0.0000
vn 0.8819 0.4714 -0.0000
vn 0.9569 0.2903 -0.0000
vn 0.9952 0.0980 -0.0000
vn 0.2421 -0.0000 0.9702
vn 0.2375 -0.0472 0.9702
vn 0.3289 -0.0324 0.9438
vn 0.4716 -0.8818 -0.0000
vn 0.1952 -0.9808 -0.0000
vn 0.2364 -0.9717 -0.0000
vn 0.2237 -0.0927 0.9702
vn 0.3162 -0.0959 0.9438
vn 0.2905 -0.9569 -0.0000
vn 0.0001 -1.0000 -0.0000
vn 0.0423 -0.9991 -0.0000
vn 0.2013 -0.1345 0.9702
vn 0.2914 -0.1558 0.9438
vn 0.0982 -0.9952 -0.0000
vn -0.1950 -0.9808 -0.0000
vn -0.1535 -0.9882 -0.0000
vn 0.1712 -0.1712 0.9702
vn 0.2554 -0.2096 0.9438
vn -0.0978 -0.9952 -0.0000
vn -0.3826 -0.9239 -0.0000
vn -0.3433 -0.9392 -0.0000
vn 0.1345 -0.2013 0.9702
vn 0.2096 -0.2554 0.9438
vn -0.2901 -0.9570 -0.0000
vn -0.5555 -0.8315 -0.0000
vn -0.5199 -0.8542 -0.0000
vn 0.0927 -0.2237 0.9702
vn 0.1558 -0.2914 0.9438
vn -0.4712 -0.8820 -0.0000
vn -0.7070 -0.7072 -0.0000
vn -0.6766 -0.7364 -0.0000
vn 0.0472 -0.2375 0.9702
vn 0.0959 -0.3162 0.9438
vn -0.6342 -0.7731 -0.0000
vn -0.8314 -0.5557 -0.0000
vn -0.8073 -0.5902 -0.0000
vn -0.0000 -0.2421 0.9702
vn 0.0324 -0.3289 0.9438
vn -0.7729 -0.6345 -0.0000
vn -0.9238 -0.3828 -0.0000
vn -0.9069 -0.4214 -0.0000
vn -0.0472 -0.2375 0.9702
vn -0.0324 -0.3289 0.9438
vn -0.8818 -0.4716 -0.0000
vn -0.9808 -0.1952 -0.0000
vn -0.9717 -0.2364 -0.0000
vn -0.0927 -0.2237 0.9702
vn -0.0959 -0.3162 0.9438
vn -0.9569 -0.2905 -0.0000
vn -1.0000 -0.0001 -0.0000
vn -0.9991 -0.0423 -0.0000
vn -0.1345 -0.2013 0.9702
vn -0.1558 -0.2914 0.9438
vn -0.9952 -0.0982 -0.0000
vn -0.9808 0.1950 -0.0000
vn -0.9882 0.1535 -0.0000
vn -0.1712 -0.1712 0.9702
vn -0.2096 -0.2554 0.9438
vn -0.9952 0.0978 -0.0000
vn -0.9239 0.3826 -0.0000
vn -0.9392 0.3433 -0.0000
vn -0.2013 -0.1345 0.9702
vn -0.2554 -0.2096 0.9438
vn -0.9570 0.2901 -0.0000
vn -0.8315 0.5555 -0.0000
vn -0.8542 0.5199 -0.0000
vn -0.2237 -0.0927 0.9702
vn -0.2914 -0.1558 0.9438
vn -0.8820 0.4712 -0.0000
vn -0.7072 0.7070 -0.0000
vn -0.7364 0.6766 -0.0000
vn -0.2375 -0.0472 0.9702
vn -0.3162 -0.0959 0.9438
vn -0.7731 0.6342 -0.0000
vn -0.5557 0.8314 -0.0000
vn -0.5902 0.8073 -0.0000
vn -0.2421 -0.0000 0.9702
vn -0.3289 -0.0324 0.9438
vn -0.6346 0.7729 -0.0000
vn -0.3828 0.9238 -0.0000
vn -0.4214 0.9069 -0.0000
vn -0.2375 0.0472 0.9702
vn -0.3289 0.0324 0.9438
vn -0.4716 0.8818 -0.0000
vn -0.1952 0.9808 -0.0000
vn -0.2364 0.9717 -0.0000
vn -0.2237 0.0927 0.9702
vn -0.3162 0.0959 0.9438
vn -0.2905 0.9569 -0.0000
vn -0.0001 1.0000 -0.0000
vn -0.0423 0.9991 -0.0000
vn -0.2013 0.1345 0.9702
vn -0.2914 0.1558 0.9438
vn -0.0982 0.9952 -0.0000
vn 0.1950 0.9808 -0.0000
vn 0.1535 0.9882 -0.0000
vn -0.1712 0.1712 0.9702
vn -0.2554 0.2096 0.9438
vn 0.0978 0.9952 -0.0000
vn 0.3826 0.9239 -0.0000
vn 0.3433 0.9392 -0.0000
vn -0.1345 0.2013 0.9702
vn -0.2096 0.2554 0.9438
vn 0.2901 0.9570 -0.0000
vn 0.5555 0.8315 -0.0000
vn 0.5199 0.8542 -0.0000
vn -0.0927 0.2237 0.9702
vn -0.1558 0.2914 0.9438
vn 0.4712 0.8820 -0.0000
vn 0.7070 0.7072 -0.0000
vn 0.6766 0.7364 -0.0000
vn -0.0472 0.2375 0.9702
vn -0.0959 0.3162 0.9438
vn 0.6342 0.7731 -0.0000
vn 0.8314 0.5557 -0.0000
vn 0.8073 0.5902 -0.0000
vn -0.0000 0.2421 0.9702
vn -0.0324 0.3289 0.9438
vn 0.7729 0.6346 -0.0000
vn 0.9238 0.3828 -0.0000
vn 0.9069 0.4214 -0.0000
vn 0.0472 0.2375 0.9702
vn 0.0324 0.3289 0.9438
vn 0.8818 0.4716 -0.0000
vn 0.9808 0.1952 -0.0000
vn 0.9717 0.2364 -0.0000
vn 0.0927 0.2237 0.9702
vn 0.0959 0.3162 0.9438
vn 0.9569 0.2905 -0.0000
vn 1.0000 0.0001 -0.0000
vn 0.9991 0.0422 -0.0000
vn 0.1345 0.2013 0.9702
vn 0.1558 0.2914 0.9438
vn 0.9952 0.0982 -0.0000
vn 0.9808 -0.1950 -0.0000
vn 0.9882 -0.1535 -0.0000
vn 0.1712 0.1712 0.9702
vn 0.2096 0.2554 0.9438
vn 0.9952 -0.0978 -0.0000
vn 0.9239 -0.3826 -0.0000
vn 0.9392 -0.3433 -0.0000
vn 0.2013 0.1345 0.9702
vn 0.2554 0.2096 0.9438
vn 0.9570 -0.2901 -0.0000
vn 0.8315 -0.5555 -0.0000
vn 0.8542 -0.5199 -0.0000
vn 0.2237 0.0927 0.9702
vn 0.2914 0.1558 0.9438
vn 0.8820 -0.4712 -0.0000
vn 0.7072 -0.7070 -0.0000
vn 0.7364 -0.6766 -0.0000
vn 0.2375 0.0472 0.9702
vn 0.3162 0.0959 0.9438
vn 0.7731 -0.6342 -0.0000
vn 0.5557 -0.8314 -0.0000
vn 0.5902 -0.8073 -0.0000
vn 0.3289 0.0324 0.9438
vn 0.6345 -0.7729 -0.0000
vn 0.3828 -0.9238 -0.0000
vn 0.4214 -0.9069 -0.0000
vn -0.0000 -0.0000 1.0000
vn -0.2356 0.0469 0.9707
vn -0.2403 -0.0000 0.9707
vn -0.2129 -0.0000 0.9771
vn -0.2088 0.0415 0.9771
vn -0.2220 0.0919 0.9707
vn -0.1967 0.0815 0.9771
vn -0.1998 0.1335 0.9707
vn -0.1770 0.1183 0.9771
vn -0.1699 0.1699 0.9707
vn -0.1505 0.1505 0.9771
vn -0.1335 0.1998 0.9707
vn -0.1183 0.1770 0.9771
vn -0.0919 0.2220 0.9707
vn -0.0815 0.1967 0.9771
vn -0.0469 0.2356 0.9707
vn -0.0415 0.2088 0.9771
vn -0.0000 0.2403 0.9707
vn -0.0000 0.2129 0.9771
vn 0.0469 0.2356 0.9707
vn 0.0415 0.2088 0.9771
vn 0.0919 0.2220 0.9707
vn 0.0815 0.1967 0.9771
vn 0.1335 0.1998 0.9707
vn 0.1183 0.1770 0.9771
vn 0.1699 0.1699 0.9707
vn 0.1505 0.1505 0.9771
vn 0.1998 0.1335 0.9707
vn 0.1770 0.1183 0.9771
vn 0.2220 0.0919 0.9707
vn 0.1967 0.0815 0.9771
vn 0.2356 0.0469 0.9707
vn 0.2088 0.0415 0.9771
vn 0.2403 -0.0000 0.9707
vn 0.2129 -0.0000 0.9771
vn 0.2356 -0.0469 0.9707
vn 0.2088 -0.0415 0.9771
vn 0.2220 -0.0919 0.9707
vn 0.1967 -0.0815 0.9771
vn 0.1998 -0.1335 0.9707
vn 0.1770 -0.1183 0.9771
vn 0.1699 -0.1699 0.9707
vn 0.1505 -0.1505 0.9771
vn 0.1335 -0.1998 0.9707
vn 0.1183 -0.1770 0.9771
vn 0.0919 -0.2220 0.9707
vn 0.0815 -0.1967 0.9771
vn 0.0469 -0.2356 0.9707
vn 0.0415 -0.2088 0.9771
vn -0.0000 -0.2403 0.9707
vn -0.0000 -0.2129 0.9771
vn -0.0469 -0.2356 0.9707
vn -0.0415 -0.2088 0.9771
vn -0.0919 -0.2220 0.9707
vn -0.0815 -0.1967 0.9771
vn -0.1335 -0.1998 0.9707
vn -0.1183 -0.1770 0.9771
vn -0.1699 -0.1699 0.9707
vn -0.1505 -0.1505 0.9771
vn -0.1998 -0.1335 0.9707
vn -0.1770 -0.1183 0.9771
vn -0.2220 -0.0919 0.9707
vn -0.1967 -0.0815 0.9771
vn -0.2356 -0.0469 0.9707
vn -0.2088 -0.0415 0.9771
vn 0.6345 0.7729 -0.0000
vn 0.4214 0.9069 -0.0000
vn 0.3828 0.9238 -0.0000
vn 0.7731 0.6342 -0.0000
vn 0.5902 0.8073 -0.0000
vn 0.5557 0.8314 -0.0000
vn 0.8820 0.4712 -0.0000
vn 0.7364 0.6766 -0.0000
vn 0.7072 0.7070 -0.0000
vn 0.9570 0.2901 -0.0000
vn 0.8542 0.5199 -0.0000
vn 0.8315 0.5555 -0.0000
vn 0.9952 0.0978 -0.0000
vn 0.9392 0.3433 -0.0000
vn 0.9239 0.3826 -0.0000
vn 0.9952 -0.0982 -0.0000
vn 0.9882 0.1535 -0.0000
vn 0.9808 0.1950 -0.0000
vn 0.9569 -0.2905 -0.0000
vn 0.9991 -0.0423 -0.0000
vn 1.0000 -0.0001 -0.0000
vn 0.8818 -0.4716 -0.0000
vn 0.9717 -0.2364 -0.0000
vn 0.9808 -0.1952 -0.0000
vn 0.7729 -0.6346 -0.0000
vn 0.9069 -0.4214 -0.0000
vn 0.9238 -0.3828 -0.0000
vn 0.6342 -0.7731 -0.0000
vn 0.8073 -0.5902 -0.0000
vn 0.8314 -0.5557 -0.0000
vn 0.4712 -0.8820 -0.0000
vn 0.6766 -0.7364 -0.0000
vn 0.7070 -0.7072 -0.0000
vn 0.2901 -0.9570 -0.0000
vn 0.5199 -0.8542 -0.0000
vn 0.5555 -0.8315 -0.0000
vn 0.0978 -0.9952 -0.0000
vn 0.3433 -0.9392 -0.0000
vn 0.3826 -0.9239 -0.0000
vn -0.0982 -0.9952 -0.0000
vn 0.1535 -0.9882 -0.0000
vn 0.1950 -0.9808 -0.0000
vn -0.2905 -0.9569 -0.0000
vn -0.0423 -0.9991 -0.0000
vn -0.0001 -1.0000 -0.0000
vn -0.4716 -0.8818 -0.0000
vn -0.2364 -0.9717 -0.0000
vn -0.1952 -0.9808 -0.0000
vn -0.6346 -0.7729 -0.0000
vn -0.4214 -0.9069 -0.0000
vn -0.3828 -0.9238 -0.0000
vn -0.7731 -0.6342 -0.0000
vn -0.5902 -0.8073 -0.0000
vn -0.5557 -0.8314 -0.0000
vn -0.8820 -0.4712 -0.0000
vn -0.7364 -0.6766 -0.0000
vn -0.7072 -0.7070 -0.0000
vn -0.9570 -0.2901 -0.0000
vn -0.8542 -0.5199 -0.0000
vn -0.8315 -0.5555 -0.0000
vn -0.9952 -0.0978 -0.0000
vn -0.9392 -0.3433 -0.0000
vn -0.9239 -0.3826 -0.0000
vn -0.9952 0.0982 -0.0000
vn -0.9882 -0.1535 -0.0000
vn -0.9808 -0.1950 -0.0000
vn -0.9569 0.2905 -0.0000
vn -0.9991 0.0423 -0.0000
vn -1.0000 0.0001 -0.0000
vn -0.8818 0.4716 -0.0000
vn -0.9717 0.2364 -0.0000
vn -0.9808 0.1952 -0.0000
vn -0.7729 0.6345 -0.0000
vn -0.9069 0.4214 -0.0000
vn -0.9238 0.3828 -0.0000
vn -0.6342 0.7731 -0.0000
vn -0.8073 0.5902 -0.0000
vn -0.8314 0.5557 -0.0000
vn -0.4712 0.8820 -0.0000
vn -0.6766 0.7364 -0.0000
vn -0.7070 0.7072 -0.0000
vn -0.2901 0.9570 -0.0000
vn -0.5199 0.8542 -0.0000
vn -0.5555 0.8315 -0.0000
vn -0.0978 0.9952 -0.0000
vn -0.3433 0.9392 -0.0000
vn -0.3826 0.9239 -0.0000
vn 0.0982 0.9952 -0.0000
vn -0.1535 0.9882 -0.0000
vn -0.1950 0.9808 -0.0000
vn 0.2905 0.9569 -0.0000
vn 0.0423 0.9991 -0.0000
vn 0.0001 1.0000 -0.0000
vn 0.4716 0.8818 -0.0000
vn 0.2364 0.9717 -0.0000
vn 0.1952 0.9808 -0.0000
vn 0.2421 -0.0000 -0.9702
vn 0.3289 -0.0324 -0.9438
vn 0.2375 -0.0472 -0.9702
vn 0.3162 -0.0959 -0.9438
vn 0.2237 -0.0927 -0.9702
vn 0.2914 -0.1558 -0.9438
vn 0.2013 -0.1345 -0.9702
vn 0.2554 -0.2096 -0.9438
vn 0.1712 -0.1712 -0.9702
vn 0.2096 -0.2554 -0.9438
vn 0.1345 -0.2013 -0.9702
vn 0.1558 -0.2914 -0.9438
vn 0.0927 -0.2237 -0.9702
vn 0.0959 -0.3162 -0.9438
vn 0.0472 -0.2375 -0.9702
vn 0.0324 -0.3289 -0.9438
vn -0.0000 -0.2421 -0.9702
vn -0.0324 -0.3289 -0.9438
vn -0.0472 -0.2375 -0.9702
vn -0.0959 -0.3162 -0.9438
vn -0.0927 -0.2237 -0.9702
vn -0.1558 -0.2914 -0.9438
vn -0.1345 -0.2013 -0.9702
vn -0.2096 -0.2554 -0.9438
vn -0.1712 -0.1712 -0.9702
vn -0.2554 -0.2096 -0.9438
vn -0.2013 -0.1345 -0.9702
vn -0.2914 -0.1558 -0.9438
vn -0.2237 -0.0927 -0.9702
vn -0.3162 -0.0959 -0.9438
vn -0.2375 -0.0472 -0.9702
vn -0.3289 -0.0324 -0.9438
vn -0.2421 -0.0000 -0.9702
vn -0.3289 0.0324 -0.9438
vn -0.2375 0.0472 -0.9702
vn -0.3162 0.0959 -0.9438
vn -0.2237 0.0927 -0.9702
vn -0.2914 0.1558 -0.9438
vn -0.2013 0.1345 -0.9702
vn -0.2554 0.2096 -0.9438
vn -0.1712 0.1712 -0.9702
vn -0.2096 0.2554 -0.9438
vn -0.1345 0.2013 -0.9702
vn -0.1558 0.2914 -0.9438
vn -0.0927 0.2237 -0.9702
vn -0.0959 0.3162 -0.9438
vn -0.0472 0.2375 -0.9702
vn -0.0324 0.3289 -0.9438
vn -0.0000 0.2421 -0.9702
vn 0.0324 0.3289 -0.9438
vn 0.0472 0.2375 -0.9702
vn 0.0959 0.3162 -0.9438
vn 0.0927 0.2237 -0.9702
vn 0.1558 0.2914 -0.9438
vn 0.1345 0.2013 -0.9702
vn 0.2096 0.2554 -0.9438
vn 0.1712 0.1712 -0.9702
vn 0.2554 0.2096 -0.9438
vn 0.2013 0.1345 -0.9702
vn 0.2914 0.1558 -0.9438
vn 0.2237 0.0927 -0.9702
vn 0.3162 0.0959 -0.9438
vn 0.2375 0.0472 -0.9702
vn 0.3289 0.0324 -0.9438
vn -0.0000 -0.0000 -1.0000
vn -0.8302 -0.0000 -0.5575
vn -0.8142 0.1620 -0.5575
vn -0.7670 0.3177 -0.5575
vn -0.6903 0.4612 -0.5575
vn -0.5870 0.5870 -0.5575
vn -0.4612 0.6903 -0.5575
vn -0.3177 0.7670 -0.5575
vn -0.1620 0.8142 -0.5575
vn -0.0000 0.8302 -0.5575
vn 0.1620 0.8142 -0.5575
vn 0.3177 0.7670 -0.5575
vn 0.4612 0.6903 -0.5575
vn 0.5870 0.5870 -0.5575
vn 0.6903 0.4612 -0.5575
vn 0.7670 0.3177 -0.5575
vn 0.8142 0.1620 -0.5575
vn 0.8302 -0.0000 -0.5575
vn 0.8142 -0.1620 -0.5575
vn 0.7670 -0.3177 -0.5575
vn 0.6903 -0.4612 -0.5575
vn 0.5870 -0.5870 -0.5575
vn 0.4612 -0.6903 -0.5575
vn 0.3177 -0.7670 -0.5575
vn 0.1620 -0.8142 -0.5575
vn -0.0000 -0.8302 -0.5575
vn -0.1620 -0.8142 -0.5575
vn -0.3177 -0.7670 -0.5575
vn -0.4612 -0.6903 -0.5575
vn -0.5870 -0.5870 -0.5575
vn -0.6903 -0.4612 -0.5575
vn -0.7670 -0.3177 -0.5575
vn -0.8142 -0.1620 -0.5575
vn -0.9801 0.1950 0.0379
vn -0.9993 -0.0000 0.0379
vn -0.9232 0.3824 0.0379
vn -0.8309 0.5552 0.0379
vn -0.7066 0.7066 0.0379
vn -0.5552 0.8309 0.0379
vn -0.3824 0.9232 0.0379
vn -0.1950 0.9801 0.0379
vn -0.0000 0.9993 0.0379
vn 0.1949 0.9801 0.0379
vn 0.3824 0.9232 0.0379
vn 0.5552 0.8309 0.0379
vn 0.7066 0.7066 0.0379
vn 0.8309 0.5552 0.0379
vn 0.9232 0.3824 0.0379
vn 0.9801 0.1949 0.0379
vn 0.9993 -0.0000 0.0379
vn 0.9801 -0.1949 0.0379
vn 0.9232 -0.3824 0.0379
vn 0.8309 -0.5552 0.0379
vn 0.7066 -0.7066 0.0379
vn 0.5552 -0.8309 0.0379
vn 0.3824 -0.9232 0.0379
vn 0.1949 -0.9801 0.0379
vn -0.0000 -0.9993 0.0379
vn -0.1950 -0.9801 0.0379
vn -0.3824 -0.9232 0.0379
vn -0.5552 -0.8309 0.0379
vn -0.7066 -0.7066 0.0379
vn -0.8309 -0.5552 0.0379
vn -0.9232 -0.3824 0.0379
vn -0.9801 -0.1950 0.0379
vn -0.1083 0.1319 -0.9853
vn -0.9839 -0.1787 -0.0000
vn -0.1083 0.1319 0.9853
vn 0.3672 0.9301 -0.0000
vn -0.1319 0.1083 -0.9853
vn -0.9301 -0.3672 -0.0000
vn -0.1319 0.1083 0.9853
vn 0.1787 0.9839 -0.0000
vn -0.1505 0.0804 -0.9853
vn -0.8406 -0.5416 -0.0000
vn -0.1505 0.0804 0.9853
vn -0.0167 0.9999 -0.0000
vn -0.1633 0.0495 -0.9853
vn -0.7188 -0.6952 -0.0000
vn -0.1633 0.0495 0.9853
vn -0.2114 0.9774 -0.0000
vn -0.1698 0.0167 -0.9853
vn -0.5694 -0.8221 -0.0000
vn -0.1698 0.0167 0.9853
vn -0.3980 0.9174 -0.0000
vn -0.1698 -0.0167 -0.9853
vn -0.3980 -0.9174 -0.0000
vn -0.1698 -0.0167 0.9853
vn -0.5693 0.8221 -0.0000
vn -0.1633 -0.0495 -0.9853
vn -0.2114 -0.9774 -0.0000
vn -0.1633 -0.0495 0.9853
vn -0.7188 0.6952 -0.0000
vn -0.1505 -0.0804 -0.9853
vn -0.0167 -0.9999 -0.0000
vn -0.1505 -0.0804 0.9853
vn -0.8406 0.5416 -0.0000
vn -0.1319 -0.1083 -0.9853
vn 0.1787 -0.9839 -0.0000
vn -0.1319 -0.1083 0.9853
vn -0.9301 0.3672 -0.0000
vn -0.1083 -0.1319 -0.9853
vn 0.3672 -0.9301 -0.0000
vn -0.1083 -0.1319 0.9853
vn -0.9839 0.1787 -0.0000
vn -0.0804 -0.1505 -0.9853
vn 0.5416 -0.8406 -0.0000
vn -0.0804 -0.1505 0.9853
vn -0.9999 -0.0167 -0.0000
vn -0.0495 -0.1633 -0.9853
vn 0.6952 -0.7188 -0.0000
vn -0.0495 -0.1633 0.9853
vn -0.9774 -0.2114 -0.0000
vn -0.0167 -0.1698 -0.9853
vn 0.8221 -0.5694 -0.0000
vn -0.0167 -0.1698 0.9853
vn -0.9174 -0.3980 -0.0000
vn 0.0167 -0.1698 -0.9853
vn 0.9174 -0.3980 -0.0000
vn 0.0167 -0.1698 0.9853
vn -0.8221 -0.5694 -0.0000
vn 0.0495 -0.1633 -0.9853
vn 0.9774 -0.2114 -0.0000
vn 0.0495 -0.1633 0.9853
vn -0.6952 -0.7188 -0.0000
vn 0.0804 -0.1505 -0.9853
vn 0.9999 -0.0167 -0.0000
vn 0.0804 -0.1505 0.9853
vn -0.5416 -0.8406 -0.0000
vn 0.1083 -0.1319 -0.9853
vn 0.9839 0.1787 -0.0000
vn 0.1083 -0.1319 0.9853
vn -0.3672 -0.9301 -0.0000
vn 0.1319 -0.1083 -0.9853
vn 0.9301 0.3672 -0.0000
vn 0.1319 -0.1083 0.9853
vn -0.1787 -0.9839 -0.0000
vn 0.1505 -0.0804 -0.9853
vn 0.8406 0.5416 -0.0000
vn 0.1505 -0.0804 0.9853
vn 0.0167 -0.9999 -0.0000
vn 0.1633 -0.0495 -0.9853
vn 0.7188 0.6952 -0.0000
vn 0.1633 -0.0495 0.9853
vn 0.2114 -0.9774 -0.0000
vn 0.1698 -0.0167 -0.9853
vn 0.5694 0.8221 -0.0000
vn 0.1698 -0.0167 0.9853
vn 0.3980 -0.9174 -0.0000
vn 0.1698 0.0167 -0.9853
vn 0.3980 0.9174 -0.0000
vn 0.1698 0.0167 0.9853
vn 0.5694 -0.8221 -0.0000
vn 0.1633 0.0495 -0.9853
vn 0.2114 0.9774 -0.0000
vn 0.1633 0.0495 0.9853
vn 0.7188 -0.6952 -0.0000
vn 0.1505 0.0804 -0.9853
vn 0.0167 0.9999 -0.0000
vn 0.1505 0.0804 0.9853
vn 0.8406 -0.5416 -0.0000
vn 0.1319 0.1083 -0.9853
vn -0.1787 0.9839 -0.0000
vn 0.1319 0.1083 0.9853
vn 0.9301 -0.3672 -0.0000
vn 0.1083 0.1319 -0.9853
vn -0.3672 0.9301 -0.0000
vn 0.1083 0.1319 0.9853
vn 0.9839 -0.1787 -0.0000
vn 0.0804 0.1505 -0.9853
vn -0.5416 0.8406 -0.0000
vn 0.0804 0.1505 0.9853
vn 0.9999 0.0167 -0.0000
vn 0.0495 0.1633 -0.9853
vn -0.6952 0.7188 -0.0000
vn 0.0495 0.1633 0.9853
vn 0.9774 0.2114 -0.0000
vn 0.0167 0.1698 -0.9853
vn -0.8221 0.5694 -0.0000
vn 0.0167 0.1698 0.9853
vn 0.9174 0.3980 -0.0000
vn -0.0167 0.1698 -0.9853
vn -0.9174 0.3980 -0.0000
vn -0.0167 0.1698 0.9853
vn 0.8221 0.5694 -0.0000
vn -0.0495 0.1633 -0.9853
vn -0.9774 0.2114 -0.0000
vn -0.0495 0.1633 0.9853
vn 0.6952 0.7188 -0.0000
vn -0.0804 0.1505 -0.9853
vn -0.9999 0.0167 -0.0000
vn -0.0804 0.1505 0.9853
vn 0.5416 0.8406 -0.0000
vn -0.4275 0.5915 0.6836
vn 0.4618 -0.5074 0.7275
vn 0.7907 -0.1753 0.5866
vn 0.2294 0.7849 0.5756
vn -0.5363 0.4912 0.6863
vn 0.5467 -0.4089 0.7307
vn -0.6350 0.3658 0.6804
vn 0.6157 -0.3126 0.7233
vn -0.6952 0.2158 0.6857
vn 0.6529 -0.2026 0.7298
vn -0.7239 0.0760 0.6857
vn 0.6799 -0.0714 0.7298
vn -0.7248 -0.0667 0.6857
vn 0.6807 0.0626 0.7298
vn -0.0021 -0.3223 0.9467
vn 0.0714 0.6799 0.7298
vn 0.0488 -0.7213 0.6909
vn -0.0800 0.6719 0.7363
vn 0.0368 -0.6852 0.7274
vn -0.1478 0.6995 0.6992
vn -0.7297 -0.0406 0.6826
vn 0.6817 0.0884 0.7263
vn 0.5897 0.5561 0.5857
vn -0.5299 0.6235 0.5749
vn -0.7020 -0.1831 0.6882
vn 0.6453 0.2158 0.7328
vn -0.6564 -0.3217 0.6824
vn 0.5986 0.3388 0.7259
vn -0.3041 -0.1948 0.9325
vn 0.5186 0.4413 0.7323
vn -0.2995 0.0180 0.9539
vn -0.2297 -0.5631 0.7938
vn 0.1439 0.7584 0.6357
vn -0.5317 -0.3785 0.7576
vn 0.5995 0.4828 0.6383
vn -0.6269 -0.0798 0.7750
vn 0.7542 0.0573 0.6541
vn -0.6898 0.1254 0.7130
vn 0.6882 -0.3058 0.6579
vn -0.6593 -0.4886 0.5715
vn 0.3172 -0.7236 0.6131
vn 0.6989 -0.0883 0.7098
vn -0.6130 -0.5389 0.5778
vn 0.5213 -0.6261 0.5798
vn 0.7907 -0.1753 -0.5866
vn 0.4618 -0.5074 -0.7275
vn -0.4275 0.5915 -0.6836
vn 0.2294 0.7849 -0.5756
vn 0.5467 -0.4089 -0.7307
vn -0.5363 0.4912 -0.6863
vn 0.6157 -0.3126 -0.7233
vn -0.6350 0.3658 -0.6804
vn 0.6529 -0.2026 -0.7298
vn -0.6952 0.2158 -0.6857
vn 0.6799 -0.0714 -0.7298
vn -0.7239 0.0760 -0.6857
vn 0.6807 0.0626 -0.7298
vn -0.7248 -0.0667 -0.6857
vn 0.0714 0.6799 -0.7298
vn -0.0021 -0.3223 -0.9467
vn -0.0800 0.6719 -0.7363
vn 0.0488 -0.7213 -0.6909
vn -0.1478 0.6995 -0.6992
vn 0.0368 -0.6852 -0.7274
vn 0.5897 0.5561 -0.5857
vn 0.6817 0.0884 -0.7263
vn -0.7297 -0.0406 -0.6826
vn -0.5299 0.6235 -0.5749
vn 0.6453 0.2158 -0.7328
vn -0.7020 -0.1831 -0.6882
vn 0.5986 0.3388 -0.7259
vn -0.6564 -0.3217 -0.6824
vn 0.5186 0.4413 -0.7323
vn -0.3041 -0.1948 -0.9325
vn -0.2995 0.0180 -0.9539
vn 0.1439 0.7584 -0.6357
vn -0.2297 -0.5631 -0.7938
vn 0.5995 0.4828 -0.6383
vn -0.5317 -0.3785 -0.7576
vn 0.7542 0.0573 -0.6541
vn -0.6269 -0.0798 -0.7750
vn -0.6898 0.1254 -0.7130
vn 0.6882 -0.3058 -0.6579
vn -0.6593 -0.4886 -0.5715
vn 0.3172 -0.7236 -0.6131
vn 0.6989 -0.0883 -0.7098
vn -0.6130 -0.5389 -0.5778
vn 0.5213 -0.6261 -0.5798
vn 0.9588 0.2841 -0.0000
vn -0.9588 -0.2841 -0.0000
vn 0.8849 0.4657 -0.0000
vn -0.8849 -0.4657 -0.0000
vn 0.7771 0.6294 -0.0000
vn -0.7771 -0.6294 -0.0000
vn 0.6393 0.7689 -0.0000
vn -0.6393 -0.7689 -0.0000
vn -0.5609 -0.8279 -0.0000
vn 0.5609 0.8279 -0.0000
vn 0.4770 0.8789 -0.0000
vn 0.2964 0.9551 -0.0000
vn -0.3886 -0.9214 -0.0000
vn -0.4770 -0.8789 -0.0000
vn 0.6095 0.7928 -0.0000
vn -0.5920 -0.8060 -0.0000
vn 0.5260 0.8505 -0.0000
vn 0.4483 0.8939 -0.0000
vn 0.3670 0.9302 -0.0000
vn -0.2301 -0.9732 -0.0000
vn -0.0196 0.9998 -0.0000
vn -0.0851 0.9964 -0.0000
vn 0.2197 -0.9756 -0.0000
vn -0.2019 0.9794 -0.0000
vn 0.9906 -0.1370 -0.0000
vn -0.2530 0.9675 -0.0000
vn -0.8280 0.5608 -0.0000
vn 0.7904 -0.6125 -0.0000
vn -0.9782 -0.2079 -0.0000
vn -0.0294 -0.9996 -0.0000
vn 0.9403 -0.3403 -0.0000
vn -0.9951 0.0991 -0.0000
vn -0.4079 -0.9130 -0.0000
vn 0.7096 -0.7046 -0.0000
vn -0.9411 0.3381 -0.0000
vn -0.7339 -0.6793 -0.0000
vn 0.2360 -0.9717 -0.0000
vn 0.9945 -0.1044 -0.0000
vn -0.9551 0.2964 -0.0000
vn 0.0331 0.3144 0.9487
vn 0.2431 0.2469 0.9380
vn 0.3191 -0.1351 0.9380
vn 0.1508 -0.2778 0.9487
vn 0.3212 0.1301 0.9380
vn -0.1989 0.2457 0.9487
vn -0.0027 0.3465 0.9380
vn 0.3031 -0.0898 0.9487
vn 0.1351 0.3191 0.9380
vn -0.3144 0.0331 0.9487
vn -0.2469 0.2431 0.9380
vn 0.2778 0.1508 0.9487
vn -0.1301 0.3212 0.9380
vn -0.2457 -0.1989 0.9487
vn -0.3465 -0.0027 0.9380
vn 0.0898 0.3031 0.9487
vn -0.3191 0.1351 0.9380
vn -0.0331 -0.3144 0.9487
vn -0.2431 -0.2469 0.9380
vn -0.1508 0.2778 0.9487
vn -0.3212 -0.1301 0.9380
vn 0.1989 -0.2457 0.9487
vn 0.0027 -0.3465 0.9380
vn -0.3031 0.0898 0.9487
vn -0.1351 -0.3191 0.9380
vn 0.3144 -0.0331 0.9487
vn 0.2469 -0.2431 0.9380
vn -0.2778 -0.1508 0.9487
vn 0.1301 -0.3212 0.9380
vn 0.2457 0.1989 0.9487
vn 0.3465 0.0027 0.9380
vn -0.0898 -0.3031 0.9487
vn 0.5556 0.8315 -0.0000
vn -0.3352 0.8198 -0.4642
vn 0.6234 0.6291 -0.4642
vn 0.6234 0.6291 0.4642
vn -0.3352 0.8198 0.4642
vn -0.8198 -0.3352 -0.4642
vn -0.6291 0.6234 -0.4642
vn -0.6291 0.6234 0.4642
vn -0.8198 -0.3352 0.4642
vn 0.3999 -0.3067 0.8637
vn 0.2521 0.4364 0.8637
vn 0.3427 0.8167 0.4642
vn 0.1575 0.9120 0.3788
vn 0.1575 0.9120 -0.3788
vn 0.3427 0.8168 -0.4642
vn 0.4997 0.0659 0.8637
vn -0.1303 0.4868 0.8637
vn 0.3067 0.3999 0.8637
vn -0.4364 0.2521 0.8637
vn -0.8168 0.3427 0.4642
vn -0.9120 0.1575 0.3788
vn -0.9120 0.1575 -0.3788
vn -0.8168 0.3427 -0.4642
vn -0.0659 0.4997 0.8637
vn -0.4868 -0.1303 0.8637
vn -0.7562 -0.5335 0.3788
vn -0.7562 -0.5335 -0.3788
vn -0.3999 0.3067 0.8637
vn -0.2521 -0.4364 0.8637
vn -0.4997 -0.0659 0.8637
vn 0.1303 -0.4868 0.8637
vn -0.3067 -0.3999 0.8637
vn 0.4364 -0.2521 0.8637
vn 0.0659 -0.4997 0.8637
vn 0.4868 0.1303 0.8637
vn 0.6797 -0.1002 0.7266
vn 0.5896 0.3527 0.7266
vn 0.5514 0.4098 0.7266
vn 0.1676 0.6663 0.7266
vn 0.1002 0.6797 0.7266
vn -0.3527 0.5896 0.7266
vn -0.4098 0.5514 0.7266
vn -0.6663 0.1675 0.7266
vn -0.9417 -0.2447 0.2309
vn -0.9417 -0.2447 -0.2309
vn -0.6797 0.1002 0.7266
vn -0.5896 -0.3527 0.7266
vn -0.5514 -0.4098 0.7266
vn -0.1676 -0.6663 0.7266
vn -0.1002 -0.6797 0.7266
vn 0.3527 -0.5896 0.7266
vn 0.8389 -0.4929 0.2309
vn 0.8389 -0.4929 -0.2309
vn 0.9120 -0.1575 -0.3788
vn 0.9120 -0.1575 0.3788
vn 0.4098 -0.5514 0.7266
vn 0.6663 -0.1676 0.7266
vn 0.6291 -0.6234 0.4642
vn 0.8857 0.0040 0.4642
vn -0.0040 0.8857 0.4642
vn -0.3427 -0.8168 0.4642
vn -0.8857 -0.0040 0.4642
vn 0.3352 -0.8198 0.4642
vn -0.6235 -0.6291 0.4642
vn 0.8167 -0.3427 0.4642
vn 0.0040 -0.8857 0.4642
vn 0.8198 0.3352 0.4642
vn 0.4945 -0.7823 0.3788
vn 0.9028 -0.2035 0.3788
vn -0.5335 0.7562 0.3788
vn 0.7823 0.4945 0.3788
vn 0.2035 0.9028 0.3788
vn -0.4945 0.7823 0.3788
vn -0.1575 -0.9120 0.3788
vn -0.9028 0.2035 0.3788
vn 0.5335 -0.7562 0.3788
vn -0.7823 -0.4945 0.3788
vn -0.2035 -0.9028 0.3788
vn 0.7562 0.5335 0.3788
vn 0.7764 -0.5864 0.2309
vn 0.4929 0.8389 0.2309
vn 0.9637 0.1343 0.2309
vn -0.2447 0.9417 0.2309
vn 0.5864 0.7764 0.2309
vn -0.8389 0.4929 0.2309
vn -0.1343 0.9637 0.2309
vn -0.7764 0.5864 0.2309
vn -0.4929 -0.8389 0.2308
vn -0.9637 -0.1343 0.2309
vn 0.2447 -0.9417 0.2309
vn -0.5864 -0.7764 0.2308
vn 0.1343 -0.9637 0.2309
vn 0.9417 0.2446 0.2309
vn 0.3827 0.9239 -0.0000
vn -0.0000 1.0000 -0.0000
vn -0.9239 0.3827 -0.0000
vn -1.0000 -0.0000 -0.0000
vn -0.9808 -0.1951 -0.0000
vn -0.5556 -0.8315 -0.0000
vn -0.3827 -0.9239 -0.0000
vn -0.0000 -1.0000 -0.0000
vn 0.1951 -0.9808 -0.0000
vn 0.3827 -0.9239 -0.0000
vn 0.9239 0.3827 -0.0000
vn -0.3827 0.9239 -0.0000
vn -0.9239 -0.3827 -0.0000
vn 0.9808 0.1951 -0.0000
vn 1.0000 -0.0000 -0.0000
vn -0.8315 0.5556 -0.0000
vn 0.8167 -0.3427 -0.4642
vn 0.0040 -0.8857 -0.4642
vn -0.2447 0.9417 -0.2309
vn -0.5335 0.7562 -0.3788
vn 0.2447 -0.9417 -0.2309
vn 0.5335 -0.7562 -0.3788
vn -0.0040 0.8857 -0.4642
vn 0.2035 0.9028 -0.3788
vn -0.2035 -0.9028 -0.3788
vn 0.4945 -0.7823 -0.3788
vn 0.7764 -0.5864 -0.2309
vn 0.9028 -0.2035 -0.3788
vn 0.9637 0.1343 -0.2309
vn -0.4945 0.7823 -0.3788
vn -0.7764 0.5864 -0.2309
vn -0.1343 0.9637 -0.2309
vn 0.0331 0.3144 -0.9487
vn 0.1508 -0.2778 -0.9487
vn 0.3191 -0.1351 -0.9380
vn 0.2431 0.2469 -0.9380
vn 0.3212 0.1301 -0.9380
vn -0.1989 0.2457 -0.9487
vn 0.3031 -0.0898 -0.9487
vn -0.0027 0.3465 -0.9380
vn 0.1351 0.3191 -0.9380
vn -0.3144 0.0331 -0.9487
vn 0.2778 0.1508 -0.9487
vn -0.2469 0.2431 -0.9380
vn -0.1301 0.3212 -0.9380
vn -0.2457 -0.1989 -0.9487
vn 0.0898 0.3031 -0.9487
vn -0.3465 -0.0027 -0.9380
vn -0.3191 0.1351 -0.9380
vn -0.0331 -0.3144 -0.9487
vn -0.1508 0.2778 -0.9487
vn -0.2431 -0.2469 -0.9380
vn -0.3212 -0.1301 -0.9380
vn 0.1989 -0.2457 -0.9487
vn -0.3031 0.0898 -0.9487
vn 0.0027 -0.3465 -0.9380
vn -0.1351 -0.3191 -0.9380
vn 0.3144 -0.0331 -0.9487
vn -0.2778 -0.1508 -0.9487
vn 0.2469 -0.2431 -0.9380
vn 0.1301 -0.3212 -0.9380
vn 0.2457 0.1989 -0.9487
vn -0.0898 -0.3031 -0.9487
vn 0.3465 0.0027 -0.9380
vn -0.8857 -0.0040 -0.4642
vn -0.3427 -0.8168 -0.4642
vn -0.6235 -0.6291 -0.4642
vn 0.3352 -0.8198 -0.4642
vn 0.8315 -0.5556 -0.0000
vn 0.6291 -0.6234 -0.4642
vn 0.8198 0.3352 -0.4642
vn 0.2521 0.4364 -0.8637
vn 0.3999 -0.3067 -0.8637
vn -0.1303 0.4868 -0.8637
vn 0.4997 0.0659 -0.8637
vn -0.4364 0.2521 -0.8637
vn 0.3067 0.3999 -0.8637
vn -0.4868 -0.1303 -0.8637
vn -0.0659 0.4997 -0.8637
vn -0.2521 -0.4364 -0.8637
vn -0.3999 0.3067 -0.8637
vn -0.1575 -0.9120 -0.3788
vn 0.1303 -0.4868 -0.8637
vn -0.4997 -0.0659 -0.8637
vn 0.4364 -0.2521 -0.8637
vn -0.3067 -0.3999 -0.8637
vn 0.4868 0.1303 -0.8637
vn 0.0659 -0.4997 -0.8637
vn 0.5896 0.3527 -0.7266
vn 0.6797 -0.1002 -0.7266
vn 0.4929 0.8389 -0.2309
vn 0.1676 0.6663 -0.7266
vn 0.5514 0.4098 -0.7266
vn -0.3527 0.5896 -0.7266
vn 0.1002 0.6797 -0.7266
vn -0.6663 0.1675 -0.7266
vn -0.4098 0.5514 -0.7266
vn -0.5896 -0.3527 -0.7266
vn -0.6797 0.1002 -0.7266
vn -0.1676 -0.6663 -0.7266
vn -0.5514 -0.4098 -0.7266
vn 0.3527 -0.5896 -0.7266
vn -0.1002 -0.6797 -0.7266
vn 0.6663 -0.1676 -0.7266
vn 0.4098 -0.5514 -0.7266
vn 0.8857 0.0040 -0.4642
vn 0.7823 0.4945 -0.3788
vn -0.9028 0.2035 -0.3788
vn -0.7823 -0.4945 -0.3788
vn 0.7562 0.5335 -0.3788
vn 0.5864 0.7764 -0.2309
vn -0.8389 0.4929 -0.2309
vn -0.4929 -0.8389 -0.2308
vn -0.9637 -0.1343 -0.2309
vn -0.5864 -0.7764 -0.2308
vn 0.1343 -0.9637 -0.2309
vn 0.9417 0.2446 -0.2309
vn -0.1951 0.9808 -0.0000
vn 0.9239 -0.3827 -0.0000
vn -0.7071 0.7071 -0.0000
vn -0.7071 -0.7071 -0.0000
vn 0.7071 -0.7071 -0.0000
vn 0.7071 0.7071 -0.0000
vn -0.9982 -0.0593 -0.0000
vn -0.8996 -0.4368 -0.0000
vn -0.6639 -0.7478 -0.0000
vn -0.9449 0.3272 -0.0000
vn 0.3272 0.9449 -0.0000
vn -0.0593 0.9982 -0.0000
vn -0.4368 0.8996 -0.0000
vn -0.7478 0.6639 -0.0000
vn -0.3272 -0.9449 -0.0000
vn 0.0593 -0.9982 -0.0000
vn 0.4368 -0.8996 -0.0000
vn 0.7478 -0.6639 -0.0000
vn 0.9450 -0.3272 -0.0000
vn 0.6639 0.7478 -0.0000
vn 0.9982 0.0593 -0.0000
vn 0.8996 0.4368 -0.0000
vn -0.9964 -0.0852 -0.0000
vn -0.7642 0.6449 -0.0000
vn 0.0550 -0.9985 -0.0000
vn -0.6658 -0.7461 -0.0000
vn -0.9994 -0.0342 -0.0000
vn 0.6607 0.7506 -0.0000
vn -0.0618 0.9981 -0.0000
vn 0.7303 -0.6831 -0.0000
vn -0.7303 0.6831 -0.0000
vn 0.9994 0.0342 -0.0000
vn -0.6607 -0.7506 -0.0000
vn 0.0618 -0.9981 -0.0000
vn 0.9964 0.0851 -0.0000
vn 0.7642 -0.6449 -0.0000
vn -0.0550 0.9985 -0.0000
vn 0.6658 0.7461 -0.0000
vn -0.4077 0.8091 -0.4232
vn 0.4274 0.3182 -0.8462
vn -0.3526 -0.1177 -0.9283
vn -0.9599 -0.0789 -0.2688
vn -0.7872 0.3960 0.4727
vn -0.0072 0.8319 0.5548
vn 0.6001 0.7931 -0.1046
vn 0.7872 -0.3960 -0.4727
vn 0.0072 -0.8319 -0.5548
vn -0.6001 -0.7931 0.1046
vn -0.4274 -0.3182 0.8462
vn 0.3526 0.1177 0.9283
vn 0.9599 0.0789 0.2688
vn 0.4077 -0.8091 0.4231
vn 0.0361 0.0241 0.9991
vn -0.2761 -0.0787 0.9579
vn -0.2852 -0.0330 0.9579
vn 0.0426 -0.0085 0.9991
vn -0.1784 -0.2250 0.9579
vn 0.0085 0.0426 0.9991
vn -0.1396 -0.2509 0.9579
vn 0.0330 -0.2852 0.9579
vn -0.0241 0.0361 0.9991
vn 0.0787 -0.2761 0.9579
vn 0.2250 -0.1784 0.9579
vn -0.0426 0.0085 0.9991
vn 0.2509 -0.1396 0.9579
vn 0.2852 0.0330 0.9579
vn -0.0361 -0.0241 0.9991
vn 0.2761 0.0787 0.9579
vn 0.1784 0.2250 0.9579
vn -0.0085 -0.0426 0.9991
vn 0.1396 0.2509 0.9579
vn -0.0330 0.2852 0.9579
vn 0.0241 -0.0361 0.9991
vn -0.0787 0.2761 0.9579
vn -0.2250 0.1784 0.9579
vn -0.2509 0.1396 0.9579
vn 0.1133 0.0757 0.9907
vn 0.0266 0.1336 0.9907
vn -0.0757 0.1133 0.9907
vn -0.1336 0.0266 0.9907
vn -0.1133 -0.0757 0.9907
vn -0.7707 0.6372 -0.0000
vn -0.0266 -0.1336 0.9907
vn 0.0757 -0.1133 0.9907
vn 0.1336 -0.0266 0.9907
vn 0.1782 0.9840 -0.0000
vn -0.2119 -0.9773 -0.0000
vn 0.8218 0.5698 -0.0000
vn -0.8409 -0.5412 -0.0000
vn 0.9840 -0.1782 -0.0000
vn -0.9773 0.2119 -0.0000
vn 0.5698 -0.8218 -0.0000
vn -0.5412 0.8409 -0.0000
vn -0.1782 -0.9840 -0.0000
vn 0.2119 0.9773 -0.0000
vn -0.9840 0.1782 -0.0000
vn 0.9773 -0.2119 -0.0000
vn -0.5698 0.8218 -0.0000
vn 0.5412 -0.8409 -0.0000
vn 0.8315 0.5556 -0.0000
vn -0.2938 0.9559 -0.0000
vn -0.9559 -0.2938 -0.0000
vn -0.4682 -0.8836 -0.0000
vn 0.2938 -0.9559 -0.0000
vn -0.3240 0.0376 -0.9453
vn -0.2850 -0.1587 -0.9453
vn -0.2188 -0.0566 -0.9741
vn -0.2238 -0.0314 -0.9741
vn -0.2557 -0.2025 -0.9453
vn -0.1360 -0.1805 -0.9741
vn -0.0893 -0.3137 -0.9453
vn -0.1147 -0.1947 -0.9741
vn -0.0376 -0.3240 -0.9453
vn 0.0314 -0.2238 -0.9741
vn 0.1587 -0.2850 -0.9453
vn 0.0566 -0.2188 -0.9741
vn 0.2025 -0.2557 -0.9453
vn 0.1805 -0.1360 -0.9741
vn 0.3137 -0.0893 -0.9453
vn 0.1947 -0.1147 -0.9741
vn 0.3240 -0.0376 -0.9453
vn 0.2238 0.0314 -0.9741
vn 0.2850 0.1587 -0.9453
vn 0.2188 0.0566 -0.9741
vn 0.2557 0.2025 -0.9453
vn 0.1360 0.1805 -0.9741
vn 0.0893 0.3137 -0.9453
vn 0.1147 0.1948 -0.9741
vn 0.0376 0.3240 -0.9453
vn -0.0314 0.2238 -0.9741
vn -0.1587 0.2850 -0.9453
vn -0.0566 0.2188 -0.9741
vn -0.2025 0.2557 -0.9453
vn -0.1805 0.1360 -0.9741
vn -0.3137 0.0893 -0.9453
vn -0.1948 0.1147 -0.9741
vn 0.1133 0.0757 -0.9907
vn 0.7707 -0.6372 -0.0000
vn 0.0266 0.1336 -0.9907
vn 0.9955 0.0944 -0.0000
vn -0.0757 0.1133 -0.9907
vn 0.6372 0.7707 -0.0000
vn -0.1336 0.0266 -0.9907
vn -0.0944 0.9955 -0.0000
vn -0.1133 -0.0757 -0.9907
vn -0.0266 -0.1336 -0.9907
vn -0.9955 -0.0944 -0.0000
vn 0.0757 -0.1133 -0.9907
vn -0.6372 -0.7707 -0.0000
vn 0.1336 -0.0266 -0.9907
vn 0.0944 -0.9955 -0.0000
vn -0.8218 -0.5698 -0.0000
vn 0.8409 0.5412 -0.0000
vn 0.1951 0.9808 -0.0000
vn -0.5556 0.8315 -0.0000
vn -0.9808 0.1951 -0.0000
vn -0.8315 -0.5556 -0.0000
vn -0.1951 -0.9808 -0.0000
vn 0.5556 -0.8315 -0.0000
vn 0.9808 -0.1951 -0.0000
vn -0.8836 0.4682 -0.0000
vn 0.8836 -0.4682 -0.0000
vn 0.9559 0.2938 -0.0000
vn 0.4682 0.8836 -0.0000
vn -0.7171 -0.4258 0.5518
vn -0.8255 0.1190 0.5517
vn -0.6678 -0.4996 0.5518
vn -0.2060 -0.8082 0.5518
vn -0.1190 -0.8255 0.5518
vn 0.4258 -0.7171 0.5518
vn 0.4996 -0.6678 0.5518
vn 0.8082 -0.2060 0.5517
vn 0.8255 -0.1190 0.5517
vn 0.7171 0.4258 0.5518
vn 0.6678 0.4996 0.5518
vn 0.2060 0.8082 0.5518
vn 0.1190 0.8255 0.5518
vn -0.4258 0.7171 0.5518
vn -0.4996 0.6678 0.5518
vn -0.8082 0.2060 0.5517
vn 0.3360 0.2245 0.9147
vn 0.3964 -0.0788 0.9147
vn 0.0788 0.3964 0.9147
vn -0.2245 0.3360 0.9147
vn -0.3964 0.0789 0.9147
vn -0.3360 -0.2245 0.9147
vn -0.0788 -0.3964 0.9147
vn 0.2245 -0.3360 0.9147
vn 0.3964 -0.0789 -0.9147
vn 0.3360 0.2245 -0.9147
vn 0.0788 0.3964 -0.9147
vn -0.2245 0.3360 -0.9147
vn -0.3964 0.0789 -0.9147
vn -0.3360 -0.2245 -0.9147
vn -0.0788 -0.3964 -0.9147
vn 0.2245 -0.3360 -0.9147
vn 0.9653 -0.2610 -0.0000
vn 0.9839 -0.1788 -0.0000
vn -0.9749 -0.2225 -0.0000
vn -0.9515 -0.3076 -0.0000
vn 0.9978 0.0658 -0.0000
vn 0.9930 0.1182 -0.0000
vn -0.9947 0.1030 -0.0000
vn -0.9985 0.0539 -0.0000
vn 0.9999 0.0165 -0.0000
vn -1.0000 0.0060 -0.0000
vn 0.9750 -0.2221 -0.0000
vn -0.9617 -0.2741 -0.0000
vn 0.9900 0.1412 -0.0000
vn 1.0000 0.0028 -0.0000
vn -0.9943 -0.1068 -0.0000
vn -0.9891 -0.1476 -0.0000
vn -0.9998 0.0193 -0.0000
vn -0.9879 -0.1551 -0.0000
vn -0.9923 0.1242 -0.0000
vn 0.9875 -0.1579 -0.0000
vn 0.9896 -0.1441 -0.0000
vn -0.9999 -0.0149 -0.0000
vn 1.0000 0.0083 -0.0000
vn 0.8796 0.4758 -0.0000
vn 0.6642 0.7475 -0.0000
vn -0.8988 0.4384 -0.0000
vn -0.6998 0.7143 -0.0000
vn 0.9965 0.0835 -0.0000
vn 0.9911 0.1330 -0.0000
vn -0.9932 0.1168 -0.0000
vn -0.9975 0.0701 -0.0000
vn 0.1974 -0.9803 -0.0000
vn 0.9543 -0.2990 -0.0000
vn -0.9348 -0.3553 -0.0000
vn 0.9999 0.0144 -0.0000
vn -1.0000 -0.0082 -0.0000
vn 0.8471 0.5314 -0.0000
vn -0.9046 0.4262 -0.0000
vn 0.5999 0.8001 -0.0000
vn -0.7579 0.6524 -0.0000
vn -0.1620 0.4413 -0.8826
vn -0.8453 0.4413 -0.3010
vn -0.6834 0.4413 0.5816
vn 0.1620 0.4413 0.8826
vn 0.8453 0.4413 0.3010
vn 0.6834 0.4413 -0.5816
vn -0.1620 -0.4413 -0.8826
vn -0.8453 -0.4413 -0.3010
vn -0.6834 -0.4413 0.5816
vn 0.1620 -0.4413 0.8826
vn 0.8453 -0.4413 0.3010
vn 0.6834 -0.4413 -0.5816
vn 0.2524 0.0674 0.9653
vn 0.2072 0.1592 0.9653
vn 0.0262 0.0202 0.9995
vn 0.0318 0.0086 0.9995
vn 0.1308 0.2262 0.9653
vn 0.0166 0.0287 0.9994
vn 0.0339 0.2591 0.9653
vn 0.0044 0.0328 0.9995
vn -0.0674 0.2524 0.9653
vn -0.0085 0.0319 0.9995
vn -0.1592 0.2070 0.9653
vn -0.0199 0.0261 0.9995
vn -0.2260 0.1307 0.9653
vn -0.0282 0.0164 0.9995
vn -0.2588 0.0338 0.9653
vn -0.0321 0.0043 0.9995
vn -0.2520 -0.0673 0.9654
vn -0.0311 -0.0083 0.9995
vn -0.2068 -0.1590 0.9654
vn -0.0254 -0.0195 0.9995
vn -0.1306 -0.2258 0.9654
vn -0.0160 -0.0277 0.9995
vn -0.0338 -0.2586 0.9654
vn -0.0041 -0.0318 0.9995
vn 0.0673 -0.2521 0.9654
vn 0.0084 -0.0310 0.9995
vn 0.1590 -0.2069 0.9653
vn 0.0198 -0.0256 0.9995
vn 0.2260 -0.1307 0.9653
vn 0.0282 -0.0162 0.9995
vn 0.2589 -0.0339 0.9653
vn 0.0325 -0.0042 0.9995
vn 0.3214 0.9469 -0.0000
vn -0.6594 -0.7518 -0.0000
vn -0.3214 -0.9469 -0.0000
vn 0.0654 -0.9979 -0.0000
vn 0.1036 0.0346 0.9940
vn 0.0731 0.0361 0.9967
vn 0.0905 0.0611 0.9940
vn 0.0488 0.0977 0.9940
vn 0.0262 0.0772 0.9967
vn 0.0208 0.1072 0.9940
vn -0.9235 0.3837 -0.0000
vn -0.0346 0.1036 0.9940
vn -0.0361 0.0731 0.9967
vn -0.0611 0.0905 0.9940
vn -0.9243 -0.3817 -0.0000
vn -0.1036 -0.0346 0.9940
vn -0.0731 -0.0361 0.9967
vn -0.0905 -0.0611 0.9940
vn 0.3817 -0.9243 -0.0000
vn -0.0488 -0.0977 0.9940
vn -0.0262 -0.0772 0.9967
vn -0.0208 -0.1072 0.9940
vn 0.0346 -0.1036 0.9940
vn 0.0361 -0.0731 0.9967
vn 0.0611 -0.0905 0.9940
vn 0.0977 -0.0488 0.9940
vn 0.0772 -0.0262 0.9967
vn 0.1072 -0.0208 0.9940
vn 0.3037 0.9528 -0.0000
vn -0.0878 0.0322 0.9956
vn -0.0500 -0.0189 0.9986
vn -0.0976 0.0048 0.9952
vn 0.2083 0.1613 0.9647
vn 0.2548 0.0671 0.9647
vn 0.1327 0.2276 0.9647
vn 0.0332 0.2614 0.9647
vn -0.0671 0.2548 0.9647
vn -0.1613 0.2083 0.9647
vn -0.2276 0.1327 0.9647
vn -0.2614 0.0332 0.9647
vn -0.2548 -0.0671 0.9647
vn -0.2083 -0.1613 0.9647
vn -0.1328 -0.2276 0.9647
vn -0.0333 -0.2614 0.9647
vn 0.0671 -0.2548 0.9647
vn 0.1613 -0.2083 0.9647
vn 0.2276 -0.1328 0.9647
vn 0.2614 -0.0332 0.9647
vn -0.9659 -0.2588 -0.0000
vn -0.7934 -0.6087 -0.0000
vn -0.5000 -0.8660 -0.0000
vn -0.1305 -0.9914 -0.0000
vn 0.2588 -0.9659 -0.0000
vn 0.6088 -0.7934 -0.0000
vn 0.8660 -0.5000 -0.0000
vn 0.9914 -0.1305 -0.0000
vn 0.9659 0.2588 -0.0000
vn 0.7934 0.6088 -0.0000
vn 0.5000 0.8660 -0.0000
vn 0.1305 0.9914 -0.0000
vn -0.2588 0.9659 -0.0000
vn -0.6088 0.7934 -0.0000
vn -0.8660 0.5000 -0.0000
vn -0.9914 0.1305 -0.0000
vn 0.6593 0.7518 -0.0000
vn 0.7518 -0.6593 -0.0000
vn 0.5010 -0.8655 -0.0000
vn 0.9662 -0.2577 -0.0000
vn -0.9662 0.2577 -0.0000
vn -0.8655 -0.5010 -0.0000
vn 0.0262 0.0202 -0.9995
vn 0.2072 0.1592 -0.9653
vn 0.2524 0.0674 -0.9653
vn 0.0318 0.0086 -0.9995
vn 0.0166 0.0287 -0.9995
vn 0.1308 0.2262 -0.9653
vn 0.0044 0.0328 -0.9995
vn 0.0339 0.2591 -0.9653
vn -0.0085 0.0319 -0.9995
vn -0.0674 0.2524 -0.9653
vn -0.0199 0.0261 -0.9995
vn -0.1592 0.2070 -0.9653
vn -0.0282 0.0164 -0.9995
vn -0.2260 0.1307 -0.9653
vn -0.0321 0.0043 -0.9995
vn -0.2588 0.0338 -0.9653
vn -0.0311 -0.0083 -0.9995
vn -0.2520 -0.0673 -0.9654
vn -0.0254 -0.0195 -0.9995
vn -0.2068 -0.1590 -0.9654
vn -0.0160 -0.0277 -0.9995
vn -0.1306 -0.2258 -0.9654
vn -0.0041 -0.0318 -0.9995
vn -0.0338 -0.2586 -0.9654
vn 0.0084 -0.0310 -0.9995
vn 0.0673 -0.2521 -0.9654
vn 0.0198 -0.0256 -0.9995
vn 0.1590 -0.2069 -0.9653
vn 0.0282 -0.0162 -0.9995
vn 0.2260 -0.1307 -0.9653
vn 0.0325 -0.0042 -0.9995
vn 0.2589 -0.0339 -0.9653
vn 0.8969 0.4423 -0.0000
vn -0.0654 0.9979 -0.0000
vn -0.7518 0.6593 -0.0000
vn -0.9979 -0.0654 -0.0000
vn -0.8969 -0.4423 -0.0000
vn 0.4423 -0.8969 -0.0000
vn 0.9469 -0.3214 -0.0000
vn 0.9979 0.0654 -0.0000
vn 0.1036 0.0346 -0.9940
vn 0.0905 0.0611 -0.9940
vn 0.0731 0.0361 -0.9967
vn -0.3817 0.9243 -0.0000
vn 0.0488 0.0977 -0.9940
vn 0.0208 0.1072 -0.9940
vn 0.0262 0.0772 -0.9967
vn -0.0346 0.1036 -0.9940
vn -0.0611 0.0905 -0.9940
vn -0.0361 0.0731 -0.9967
vn -0.3837 -0.9235 -0.0000
vn -0.1036 -0.0346 -0.9940
vn -0.0905 -0.0611 -0.9940
vn -0.0731 -0.0361 -0.9967
vn -0.0488 -0.0977 -0.9940
vn -0.0208 -0.1072 -0.9940
vn -0.0262 -0.0772 -0.9967
vn 0.9235 -0.3837 -0.0000
vn 0.0346 -0.1036 -0.9940
vn 0.0611 -0.0905 -0.9940
vn 0.0361 -0.0731 -0.9967
vn 0.0977 -0.0488 -0.9940
vn 0.1072 -0.0208 -0.9940
vn 0.0772 -0.0262 -0.9967
vn -0.9515 0.3076 -0.0000
vn -0.0878 0.0322 -0.9956
vn -0.0976 0.0048 -0.9952
vn -0.0500 -0.0189 -0.9986
vn 0.2083 0.1613 -0.9647
vn 0.2548 0.0671 -0.9647
vn 0.1327 0.2276 -0.9647
vn 0.0332 0.2614 -0.9647
vn -0.0671 0.2548 -0.9647
vn -0.1613 0.2083 -0.9647
vn -0.2276 0.1327 -0.9647
vn -0.2614 0.0332 -0.9647
vn -0.2548 -0.0671 -0.9647
vn -0.2083 -0.1613 -0.9647
vn -0.1328 -0.2276 -0.9647
vn -0.0333 -0.2614 -0.9647
vn 0.0671 -0.2548 -0.9647
vn 0.1613 -0.2083 -0.9647
vn 0.2276 -0.1327 -0.9647
vn 0.2614 -0.0332 -0.9647
vn -0.4423 0.8969 -0.0000
vn 0.9243 0.3817 -0.0000
vn 0.3837 0.9235 -0.0000
vn 0.8655 0.5010 -0.0000
vn -0.5010 0.8655 -0.0000
vn -0.2577 -0.9662 -0.0000
vn -0.2520 0.9677 -0.0000
vn -0.9982 0.0594 -0.0000
vn -0.3649 -0.9310 -0.0000
vn 0.7727 -0.6348 -0.0000
vn 0.8425 0.5387 -0.0000
vn 0.1630 0.9866 -0.0000
vn -0.2352 -0.9720 -0.0000
vn 0.9938 -0.1115 -0.0000
vn 0.6394 0.7689 -0.0000
vn 0.5019 0.8649 -0.0000
vn 0.5563 -0.8310 -0.0000
vn 0.3340 -0.9426 -0.0000
vn 0.0788 0.9969 -0.0000
vn -0.0245 0.9997 -0.0000
vn -0.4050 -0.9143 -0.0000
vn -0.3140 -0.9494 -0.0000
vn 0.1769 0.9842 -0.0000
vn -0.2213 -0.9752 -0.0000
vn 0.5631 0.8264 -0.0000
vn -0.1796 -0.9837 -0.0000
vn -0.0694 0.9976 -0.0000
vn 0.2043 0.9789 -0.0000
vn 0.0020 -1.0000 -0.0000
vn 0.0815 -0.9967 -0.0000
vn -0.2464 -0.9692 -0.0000
vn 0.0959 -0.9954 -0.0000
vn -0.4428 -0.8966 -0.0000
vn 0.4999 0.8661 -0.0000
vn 0.4768 0.8790 -0.0000
vn -0.1817 -0.9834 -0.0000
vn 0.1939 0.9810 -0.0000
vn -0.8107 0.5854 -0.0000
vn -0.4211 -0.9070 -0.0000
vn -0.9712 -0.2381 -0.0000
vn -0.0802 0.9968 -0.0000
vn 0.0445 0.9990 -0.0000
vn -0.0143 0.9999 -0.0000
vn -0.3964 -0.9181 -0.0000
vn -0.3440 -0.9390 -0.0000
vn -0.2551 -0.9669 -0.0000
vn 0.2074 0.9783 -0.0000
vn -0.1854 -0.9827 -0.0000
vn 0.5276 0.8495 -0.0000
vn 0.1804 -0.9836 -0.0000
vn 0.5622 0.8270 -0.0000
vn 0.2243 -0.9745 -0.0000
vn 0.6851 0.7285 -0.0000
vn 0.6207 -0.7840 -0.0000
vn 0.3997 -0.9167 -0.0000
vn 0.1834 0.9830 -0.0000
vn -0.1948 -0.9808 -0.0000
vn -0.1642 0.9864 -0.0000
vn -0.7848 -0.6197 -0.0000
vn -0.8438 0.5366 -0.0000
vn -0.9521 -0.3058 -0.0000
vn 0.3141 0.9494 -0.0000
vn -0.0748 -0.9972 -0.0000
vn -0.4143 -0.5404 0.7324
vn 0.5088 -0.0414 0.8599
vn -0.2131 0.4913 0.8445
vn -0.9048 0.2942 0.3078
vn -0.8745 -0.4355 -0.2135
vn -0.1525 -0.9682 -0.1981
vn 0.5391 -0.7712 0.3386
vn 0.8745 0.4355 0.2135
vn 0.1525 0.9682 0.1981
vn -0.5391 0.7712 -0.3386
vn -0.5088 0.0414 -0.8599
vn 0.2131 -0.4913 -0.8445
vn 0.9048 -0.2942 -0.3079
vn 0.4143 0.5404 -0.7324
vn 0.0009 0.0005 1.0000
vn 0.0008 0.0005 1.0000
vn 0.0003 0.0001 1.0000
vn 0.0005 0.0004 1.0000
vn 0.0013 0.0009 1.0000
vn 0.0007 0.0004 1.0000
vn 0.0011 0.0006 1.0000
vn 0.0002 0.0002 1.0000
vn 0.0005 0.0006 1.0000
vn 0.0011 0.0011 1.0000
vn 0.0017 0.0011 1.0000
vn 0.0016 0.0014 1.0000
vn 0.0010 0.0011 1.0000
vn 0.0008 0.0009 1.0000
vn 0.0006 0.0007 1.0000
vn 0.0014 0.0012 1.0000
vn 0.0014 0.0009 1.0000
vn 0.0004 0.0005 -1.0000
vn 0.0009 0.0005 -1.0000
vn 0.0005 0.0003 -1.0000
vn 0.0003 0.0002 -1.0000
vn 0.0005 0.0004 -1.0000
vn 0.0007 0.0004 -1.0000
vn 0.0011 0.0006 -1.0000
vn 0.0006 0.0006 -1.0000
vn 0.0002 0.0002 -1.0000
vn 0.0004 0.0004 -1.0000
vn 0.0017 0.0011 -1.0000
vn 0.0016 0.0014 -1.0000
vn 0.0010 0.0011 -1.0000
vn 0.0008 0.0009 -1.0000
vn 0.0014 0.0009 -1.0000
vn 0.0014 0.0012 -1.0000
vn 0.0006 0.0004 1.0000
vn 0.0006 0.0005 1.0000
vn 0.0006 0.0006 1.0000
vn -0.1943 0.9767 0.0916
vn -0.0000 0.9958 0.0912
vn -0.9200 0.3811 0.0916
vn -0.8280 0.5532 0.0916
vn -0.9200 -0.3811 0.0916
vn -0.9767 -0.1943 0.0916
vn -0.5532 -0.8280 0.0916
vn -0.7041 -0.7041 0.0916
vn 0.1943 -0.9767 0.0916
vn -0.0000 -0.9958 0.0916
vn 0.7041 -0.7041 0.0916
vn 0.5532 -0.8280 0.0916
vn 0.8280 -0.5532 0.0916
vn 0.8284 0.5535 0.0864
vn 0.9772 0.1941 0.0859
vn 0.9772 0.1940 0.0859
vn -0.9456 0.3093 0.1007
vn -0.8508 0.5167 0.0956
vn -0.8479 0.5214 0.0954
vn 0.3557 -0.9298 0.0945
vn 0.3503 -0.9318 0.0947
vn 0.0818 -0.9916 0.0999
vn 0.2540 0.9622 0.0985
vn 0.2512 0.9629 0.0984
vn -0.3811 0.9200 0.0916
vn -0.9767 0.1943 0.0916
vn -0.9958 -0.0000 0.0916
vn -0.8280 -0.5532 0.0916
vn -0.3811 -0.9200 0.0916
vn -0.5534 0.8284 0.0865
vn 0.3990 0.9110 0.1040
vn -0.7041 0.7041 0.0916
vn -0.5532 0.8280 0.0916
vn -0.1943 -0.9767 0.0916
vn 0.3811 -0.9200 0.0916
vn 0.9200 -0.3811 0.0916
vn 0.9767 -0.1943 0.0916
vn 0.9710 -0.2233 0.0852
vn 0.9710 -0.2234 0.0852
vn 0.5535 0.8284 0.0864
vn 0.1944 0.9771 0.0864
vn -0.1944 0.9771 0.0864
vn 0.7701 -0.6323 0.0844
vn 0.9754 0.1948 0.1028
vn 0.9938 0.0524 0.0982
vn 0.9940 0.0487 0.0980
vn 0.0608 -0.0474 0.9970
vn 0.0776 -0.0178 0.9968
vn 0.1148 -0.0145 0.9933
vn 0.1156 -0.0144 0.9932
vn -0.0254 0.0438 0.9987
vn -0.0289 0.0711 0.9971
vn 0.0055 0.0808 0.9967
vn 0.0136 0.1164 0.9931
vn 0.0136 0.1155 0.9932
vn 0.0004 0.1330 0.9911
vn -0.0259 0.1301 0.9912
vn -0.0508 0.1226 0.9912
vn -0.0737 0.1103 0.9912
vn -0.0938 0.0938 0.9912
vn -0.1103 0.0737 0.9912
vn -0.1226 0.0508 0.9912
vn -0.1301 0.0259 0.9912
vn -0.1327 -0.0000 0.9912
vn -0.1301 -0.0259 0.9912
vn -0.1226 -0.0508 0.9912
vn -0.1103 -0.0737 0.9912
vn -0.0938 -0.0938 0.9912
vn -0.0737 -0.1103 0.9912
vn -0.0508 -0.1226 0.9912
vn -0.0259 -0.1301 0.9912
vn -0.0000 -0.1327 0.9912
vn 0.0259 -0.1301 0.9912
vn 0.0508 -0.1226 0.9912
vn 0.0737 -0.1103 0.9912
vn 0.0938 -0.0938 0.9912
vn 0.1103 -0.0737 0.9912
vn 0.1226 -0.0508 0.9912
vn 0.1301 -0.0259 0.9912
vn 0.1363 0.0266 0.9903
vn 0.1358 -0.0325 0.9902
vn 0.1360 -0.0316 0.9902
vn 0.1152 0.0769 0.9904
vn 0.0769 0.1152 0.9904
vn 0.0270 0.1358 0.9904
vn -0.0270 0.1358 0.9904
vn -0.0768 0.1152 0.9904
vn -0.0897 0.0827 0.9925
vn -0.0893 0.0820 0.9926
vn -0.0618 0.0485 0.9969
vn 0.0649 -0.1056 0.9923
vn 0.0642 -0.1053 0.9924
vn 0.0308 -0.0741 0.9968
vn 0.1085 -0.0895 0.9901
vn 0.0353 -0.0356 0.9987
vn 0.8283 -0.5602 -0.0000
vn 0.9194 -0.3932 -0.0000
vn -0.1554 0.9878 -0.0000
vn -0.3911 0.9204 -0.0000
vn -0.2169 -0.9762 -0.0000
vn -0.3327 -0.9430 -0.0000
vn -0.9746 0.2238 -0.0000
vn -0.0006 -0.0004 -1.0000
vn -0.0006 -0.0005 -1.0000
vn -0.0009 -0.0007 -1.0000
vn -0.0006 -0.0006 -1.0000
vn -0.0013 -0.0012 -1.0000
vn -0.0013 -0.0010 -1.0000
vn -0.0008 -0.0006 -1.0000
vn 0.0008 0.0006 -1.0000
vn 0.0007 0.0006 -1.0000
vn 0.0007 0.0005 -1.0000
vn -0.9914 0.1306 0.0001
vn 0.0878 -0.9961 0.0003
vn -0.1258 -0.9921 0.0002
vn -0.2181 -0.9759 -0.0000
vn -0.0006 -1.0000 -0.0000
vn -0.9740 0.2265 -0.0000
vn -0.9811 -0.1936 -0.0000
vn 0.5554 -0.8316 -0.0000
vn 0.8280 -0.5607 -0.0003
vn 0.8772 -0.4802 -0.0006
vn 0.8269 -0.5623 -0.0005
vn -0.2420 0.9703 -0.0005
vn -0.3920 0.9200 -0.0002
vn -0.7725 0.6350 -0.0000
vn -0.9359 0.3524 0.0003
vn -0.3259 0.9454 -0.0004
vn 0.7699 -0.6316 0.0912
vn 0.9079 -0.4092 0.0909
vn 0.5788 -0.8104 0.0909
vn 0.1059 -0.1278 0.9861
vn 0.0686 -0.1148 0.9910
vn 0.0326 -0.1460 0.9888
vn 0.1461 -0.0789 0.9861
vn 0.1260 -0.0449 0.9910
vn 0.1495 -0.0035 0.9888
vn -0.6972 0.7169 -0.0000
vn -0.8393 0.5436 -0.0000
vn -0.8380 0.5457 -0.0000
vn -0.6990 0.7152 -0.0000
vn -0.8957 0.4447 -0.0000
vn -0.6112 0.7915 -0.0000
vn 0.0190 0.0159 -0.9997
vn 0.0094 0.0078 -0.9999
vn 0.0094 0.0079 -0.9999
vn -0.0058 -0.0107 -0.9999
vn -0.0059 -0.0108 -0.9999
vn -0.0119 -0.0218 -0.9997
vn 0.1144 -0.0561 -0.9918
vn 0.0773 -0.1013 -0.9918
vn -0.0332 -0.0277 -0.9991
vn 0.0207 0.0380 -0.9991
vn 0.0410 0.0753 -0.9963
vn -0.0659 -0.0549 -0.9963
vn -0.7278 0.6858 -0.0000
vn -0.8148 0.5797 -0.0000
vn -0.8162 0.5777 -0.0000
vn -0.7261 0.6875 -0.0000
vn -0.8546 0.5193 -0.0000
vn 0.3825 0.9240 -0.0000
vn -0.6763 0.7366 -0.0000
vn 0.8549 0.5173 0.0390
vn 0.1916 -0.1571 0.9688
vn -0.3402 -0.9396 0.0390
vn 0.3244 -0.2661 -0.9077
vn -0.8818 -0.4627 0.0912
vn -0.7309 -0.6764 0.0909
vn -0.9719 -0.2170 0.0909
vn -0.1590 -0.0477 0.9861
vn -0.1324 -0.0184 0.9910
vn -0.1471 0.0269 0.9888
vn -0.1296 -0.1037 0.9861
vn -0.0904 -0.0985 0.9910
vn -0.0615 -0.1363 0.9888
vn 0.9320 0.3625 -0.0000
vn 0.8279 0.5609 -0.0000
vn 0.8293 0.5588 -0.0000
vn 0.9311 0.3647 -0.0000
vn 0.7588 0.6514 -0.0000
vn 0.9672 0.2541 -0.0000
vn 0.0072 -0.0237 -0.9997
vn 0.0035 -0.0117 -0.9999
vn 0.0036 -0.0117 -0.9999
vn -0.0076 0.0095 -0.9999
vn -0.0076 0.0096 -0.9999
vn -0.0154 0.0194 -0.9997
vn -0.0962 -0.0835 -0.9918
vn -0.1234 -0.0317 -0.9918
vn -0.0126 0.0414 -0.9991
vn 0.0269 -0.0339 -0.9991
vn 0.0534 -0.0671 -0.9963
vn -0.0249 0.0821 -0.9963
vn 0.9153 0.4028 -0.0000
vn 0.8516 0.5242 -0.0000
vn 0.8503 0.5263 -0.0000
vn 0.9163 0.4005 -0.0000
vn 0.8115 0.5844 -0.0000
vn 0.7016 -0.7125 -0.0000
vn -0.1875 0.9823 -0.0000
vn 0.9420 0.3355 -0.0000
vn 0.1429 -0.9890 0.0390
vn -0.2194 -0.1151 0.9688
vn -0.7325 0.6796 0.0390
vn -0.3715 -0.1949 -0.9077
vn -0.1371 0.9863 0.0912
vn -0.3894 0.9166 0.0909
vn 0.1245 0.9880 0.0909
vn 0.0089 0.1658 0.9861
vn 0.0274 0.1309 0.9910
vn 0.0751 0.1294 0.9888
vn -0.0538 0.1570 0.9861
vn -0.0621 0.1184 0.9910
vn -0.1075 0.1040 0.9888
vn 0.0259 -0.9997 -0.0000
vn 0.2478 -0.9688 -0.0000
vn 0.2454 -0.9694 -0.0000
vn 0.0283 -0.9996 -0.0000
vn 0.3564 -0.9343 -0.0000
vn -0.0880 -0.9961 -0.0000
vn -0.0248 0.0013 -0.9997
vn -0.0122 0.0006 -0.9999
vn -0.0123 0.0006 -0.9999
vn 0.0115 0.0039 -0.9999
vn 0.0116 0.0039 -0.9999
vn 0.0235 0.0080 -0.9997
vn -0.0460 0.1188 -0.9918
vn 0.0119 0.1269 -0.9918
vn 0.0432 -0.0022 -0.9991
vn -0.0410 -0.0139 -0.9991
vn -0.0812 -0.0275 -0.9963
vn 0.0856 -0.0043 -0.9963
vn 0.0695 -0.9976 -0.0000
vn 0.2053 -0.9787 -0.0000
vn 0.2077 -0.9782 -0.0000
vn 0.0670 -0.9978 -0.0000
vn 0.2755 -0.9613 -0.0000
vn -0.9078 -0.4193 -0.0000
vn 0.9878 -0.1557 -0.0000
vn -0.0028 -1.0000 -0.0000
vn -0.9790 0.2000 0.0390
vn -0.0341 0.2454 0.9688
vn 0.8873 0.4595 0.0390
vn -0.0578 0.4156 -0.9077
vn 0.1147 0.1947 -0.9741
vn -0.2025 0.2556 -0.9453
vn -0.1947 0.1147 -0.9741
vn 0.2060 0.8082 0.5517
vn 0.3964 -0.0789 0.9147
vn 0.0789 0.3964 0.9147
vn 0.0789 0.3964 -0.9147
vn -0.4206 0.9073 -0.0000
vn -0.4955 0.8686 -0.0000
vn 0.7972 -0.6038 -0.0000
vn 0.8472 -0.5312 -0.0000
vn -0.6918 0.7221 -0.0000
vn -0.7288 0.6847 -0.0000
vn 0.5605 -0.8282 -0.0000
vn 0.6006 -0.7996 -0.0000
vn -0.6553 0.7554 -0.0000
vn 0.6382 -0.7699 -0.0000
vn -0.4566 0.8897 -0.0000
vn 0.8281 -0.5605 -0.0000
vn -0.7445 0.6676 -0.0000
vn -0.6449 0.7642 -0.0000
vn 0.7209 -0.6930 -0.0000
vn 0.7488 -0.6628 -0.0000
vn 0.6279 -0.7783 -0.0000
vn 0.7538 -0.6571 -0.0000
vn 0.5427 -0.8399 -0.0000
vn -0.5138 0.8579 -0.0000
vn -0.5257 0.8507 -0.0000
vn 0.6541 -0.7564 -0.0000
vn -0.6492 0.7607 -0.0000
vn -0.9298 0.3680 -0.0000
vn -0.9996 0.0283 -0.0000
vn 0.2419 -0.9703 -0.0000
vn -0.0973 -0.9953 -0.0000
vn -0.7045 0.7097 -0.0000
vn -0.7390 0.6737 -0.0000
vn 0.5489 -0.8359 -0.0000
vn 0.5875 -0.8092 -0.0000
vn 0.6241 0.7813 -0.0000
vn -0.3844 0.9232 -0.0000
vn 0.8730 -0.4877 -0.0000
vn -0.6538 0.7567 -0.0000
vn 0.6490 -0.7608 -0.0000
vn -0.9516 0.3074 -0.0000
vn 0.2550 -0.9670 -0.0000
vn -0.9985 -0.0548 -0.0000
vn -0.0126 -0.9999 -0.0000
vn 0.0603 0.3103 0.9487
vn 0.2637 0.2248 0.9380
vn 0.3061 -0.1624 0.9380
vn 0.1261 -0.2899 0.9487
vn 0.3313 0.1016 0.9380
vn -0.1768 0.2621 0.9487
vn 0.0275 0.3455 0.9380
vn 0.2941 -0.1158 0.9487
vn 0.1624 0.3061 0.9380
vn -0.3103 0.0603 0.9487
vn -0.2248 0.2637 0.9380
vn 0.2899 0.1261 0.9487
vn -0.1016 0.3313 0.9380
vn -0.2621 -0.1768 0.9487
vn -0.3455 0.0275 0.9380
vn 0.1158 0.2941 0.9487
vn -0.3061 0.1624 0.9380
vn -0.0603 -0.3103 0.9487
vn -0.2637 -0.2248 0.9380
vn -0.1261 0.2899 0.9487
vn -0.3313 -0.1016 0.9380
vn 0.1768 -0.2621 0.9487
vn -0.0275 -0.3455 0.9380
vn -0.2941 0.1158 0.9487
vn -0.1624 -0.3061 0.9380
vn 0.3103 -0.0603 0.9487
vn 0.2248 -0.2637 0.9380
vn -0.2899 -0.1261 0.9487
vn 0.1016 -0.3313 0.9380
vn 0.2621 0.1768 0.9487
vn 0.3454 -0.0275 0.9380
vn -0.1158 -0.2941 0.9487
vn 0.6259 0.7799 -0.0000
vn -0.2625 0.8459 -0.4642
vn 0.6759 0.5724 -0.4642
vn 0.6759 0.5724 0.4642
vn -0.2625 0.8459 0.4642
vn -0.8459 -0.2625 -0.4642
vn -0.5724 0.6759 -0.4642
vn -0.5724 0.6759 0.4642
vn -0.8459 -0.2625 0.4642
vn 0.3716 -0.3404 0.8637
vn 0.2892 0.4128 0.8637
vn 0.4125 0.7838 0.4642
vn 0.2364 0.8948 0.3788
vn 0.2364 0.8948 -0.3788
vn 0.4125 0.7838 -0.4642
vn 0.5035 0.0221 0.8637
vn -0.0874 0.4963 0.8637
vn 0.3404 0.3717 0.8637
vn -0.4128 0.2892 0.8637
vn -0.7838 0.4125 0.4642
vn -0.8948 0.2364 0.3788
vn -0.8948 0.2364 -0.3788
vn -0.7838 0.4125 -0.4642
vn -0.0221 0.5035 0.8637
vn -0.4963 -0.0874 0.8637
vn -0.7998 -0.4656 0.3788
vn -0.7998 -0.4655 -0.3788
vn -0.3717 0.3404 0.8637
vn -0.2892 -0.4128 0.8637
vn -0.5035 -0.0221 0.8637
vn 0.0874 -0.4963 0.8637
vn -0.3404 -0.3717 0.8637
vn 0.4128 -0.2892 0.8637
vn 0.0221 -0.5035 0.8637
vn 0.4963 0.0874 0.8637
vn 0.6684 -0.1590 0.7266
vn 0.6181 0.2999 0.7266
vn 0.5851 0.3602 0.7266
vn 0.2250 0.6491 0.7266
vn 0.1590 0.6684 0.7266
vn -0.2999 0.6181 0.7266
vn -0.3602 0.5851 0.7266
vn -0.6492 0.2250 0.7266
vn -0.9595 -0.1617 0.2309
vn -0.9595 -0.1617 -0.2309
vn -0.6684 0.1590 0.7266
vn -0.6181 -0.2999 0.7266
vn -0.5851 -0.3602 0.7266
vn -0.2250 -0.6491 0.7266
vn -0.1590 -0.6684 0.7266
vn 0.2999 -0.6181 0.7266
vn 0.7928 -0.5641 0.2309
vn 0.7928 -0.5641 -0.2309
vn 0.8948 -0.2364 -0.3788
vn 0.8948 -0.2364 0.3788
vn 0.3601 -0.5851 0.7266
vn 0.6491 -0.2250 0.7266
vn 0.5724 -0.6759 0.4642
vn 0.8827 -0.0732 0.4642
vn 0.0732 0.8827 0.4642
vn -0.4125 -0.7838 0.4642
vn -0.8827 0.0732 0.4642
vn 0.2625 -0.8459 0.4642
vn -0.6759 -0.5724 0.4642
vn 0.7838 -0.4125 0.4642
vn -0.0732 -0.8827 0.4642
vn 0.8459 0.2625 0.4642
vn 0.4244 -0.8224 0.3788
vn 0.8816 -0.2814 0.3788
vn -0.4655 0.7998 0.3788
vn 0.8224 0.4244 0.3788
vn 0.2814 0.8816 0.3788
vn -0.4244 0.8224 0.3788
vn -0.2364 -0.8948 0.3788
vn -0.8816 0.2814 0.3788
vn 0.4655 -0.7998 0.3788
vn -0.8224 -0.4244 0.3788
vn -0.2814 -0.8816 0.3788
vn 0.7998 0.4655 0.3788
vn 0.7224 -0.6518 0.2309
vn 0.5642 0.7927 0.2309
vn 0.9717 0.0498 0.2309
vn -0.1617 0.9595 0.2309
vn 0.6519 0.7223 0.2308
vn -0.7927 0.5642 0.2309
vn -0.0498 0.9717 0.2309
vn -0.7223 0.6519 0.2309
vn -0.5641 -0.7927 0.2308
vn -0.9717 -0.0498 0.2309
vn 0.1617 -0.9595 0.2309
vn -0.6518 -0.7224 0.2309
vn 0.0498 -0.9717 0.2309
vn 0.9595 0.1616 0.2309
vn 0.4618 0.8870 -0.0000
vn 0.0872 0.9962 -0.0000
vn -0.8870 0.4618 -0.0000
vn -0.9962 0.0872 -0.0000
vn -0.9941 -0.1089 -0.0000
vn -0.6259 -0.7799 -0.0000
vn -0.4618 -0.8870 -0.0000
vn -0.0872 -0.9962 -0.0000
vn 0.1089 -0.9941 -0.0000
vn 0.3007 -0.9537 -0.0000
vn 0.9537 0.3007 -0.0000
vn -0.3007 0.9537 -0.0000
vn -0.9537 -0.3007 -0.0000
vn 0.9941 0.1089 -0.0000
vn 0.9962 -0.0872 -0.0000
vn 0.4617 0.8870 -0.0000
vn -0.7799 0.6259 -0.0000
vn -0.8870 0.4617 -0.0000
vn 0.7838 -0.4125 -0.4642
vn -0.0732 -0.8827 -0.4642
vn -0.1617 0.9595 -0.2309
vn -0.4655 0.7998 -0.3788
vn 0.1617 -0.9595 -0.2309
vn 0.4655 -0.7998 -0.3788
vn 0.0732 0.8827 -0.4642
vn 0.2814 0.8816 -0.3788
vn -0.2814 -0.8816 -0.3788
vn 0.4245 -0.8224 -0.3788
vn 0.7224 -0.6518 -0.2309
vn 0.8816 -0.2814 -0.3788
vn 0.9717 0.0498 -0.2309
vn -0.4244 0.8224 -0.3788
vn -0.7223 0.6519 -0.2309
vn -0.0498 0.9717 -0.2309
vn 0.0603 0.3103 -0.9487
vn 0.1261 -0.2899 -0.9487
vn 0.3061 -0.1624 -0.9380
vn 0.2637 0.2248 -0.9380
vn 0.3313 0.1016 -0.9380
vn -0.1768 0.2621 -0.9487
vn 0.2941 -0.1158 -0.9487
vn 0.0275 0.3455 -0.9380
vn 0.1624 0.3061 -0.9380
vn -0.3103 0.0603 -0.9487
vn 0.2899 0.1261 -0.9487
vn -0.2248 0.2637 -0.9380
vn -0.1016 0.3313 -0.9380
vn -0.2621 -0.1768 -0.9487
vn 0.1158 0.2941 -0.9487
vn -0.3455 0.0275 -0.9380
vn -0.3061 0.1624 -0.9380
vn -0.0603 -0.3103 -0.9487
vn -0.1261 0.2899 -0.9487
vn -0.2637 -0.2248 -0.9380
vn -0.3313 -0.1016 -0.9380
vn 0.1768 -0.2621 -0.9487
vn -0.2941 0.1158 -0.9487
vn -0.0275 -0.3455 -0.9380
vn -0.1624 -0.3061 -0.9380
vn 0.3103 -0.0603 -0.9487
vn -0.2899 -0.1261 -0.9487
vn 0.2248 -0.2637 -0.9380
vn 0.1016 -0.3313 -0.9380
vn 0.2621 0.1768 -0.9487
vn -0.1158 -0.2941 -0.9487
vn 0.3454 -0.0275 -0.9380
vn -0.8827 0.0732 -0.4642
vn -0.4125 -0.7838 -0.4642
vn -0.6759 -0.5724 -0.4642
vn 0.2625 -0.8459 -0.4642
vn 0.1088 -0.9941 -0.0000
vn 0.7799 -0.6259 -0.0000
vn 0.5724 -0.6759 -0.4642
vn 0.8459 0.2625 -0.4642
vn 0.2892 0.4128 -0.8637
vn 0.3716 -0.3404 -0.8637
vn -0.0874 0.4963 -0.8637
vn 0.5035 0.0221 -0.8637
vn -0.4128 0.2892 -0.8637
vn 0.3404 0.3717 -0.8637
vn -0.4963 -0.0874 -0.8637
vn -0.0221 0.5035 -0.8637
vn -0.2892 -0.4128 -0.8637
vn -0.3717 0.3404 -0.8637
vn -0.2364 -0.8948 -0.3788
vn 0.0874 -0.4963 -0.8637
vn -0.5035 -0.0221 -0.8637
vn 0.4128 -0.2892 -0.8637
vn -0.3404 -0.3717 -0.8637
vn 0.4963 0.0874 -0.8637
vn 0.0221 -0.5035 -0.8637
vn 0.6181 0.2999 -0.7266
vn 0.6684 -0.1590 -0.7266
vn 0.5642 0.7927 -0.2308
vn 0.2250 0.6491 -0.7266
vn 0.5851 0.3602 -0.7266
vn -0.2999 0.6181 -0.7266
vn 0.1590 0.6684 -0.7266
vn -0.6492 0.2250 -0.7266
vn -0.3602 0.5851 -0.7266
vn -0.6181 -0.2999 -0.7266
vn -0.6684 0.1590 -0.7266
vn -0.2250 -0.6491 -0.7266
vn -0.5851 -0.3602 -0.7266
vn 0.2999 -0.6181 -0.7266
vn -0.1590 -0.6684 -0.7266
vn 0.6491 -0.2250 -0.7266
vn 0.3602 -0.5851 -0.7266
vn 0.8827 -0.0732 -0.4642
vn 0.8224 0.4244 -0.3788
vn -0.8816 0.2814 -0.3788
vn -0.8224 -0.4244 -0.3788
vn 0.7998 0.4655 -0.3788
vn 0.6519 0.7223 -0.2308
vn -0.7927 0.5642 -0.2309
vn -0.5641 -0.7927 -0.2308
vn -0.9717 -0.0498 -0.2309
vn -0.6518 -0.7224 -0.2309
vn 0.0498 -0.9717 -0.2309
vn 0.9595 0.1616 -0.2309
vn -0.1089 0.9941 -0.0000
vn 0.8870 -0.4617 -0.0000
vn -0.6428 0.7660 -0.0000
vn -0.7660 -0.6428 -0.0000
vn 0.6428 -0.7660 -0.0000
vn 0.7660 0.6428 -0.0000
vn -0.4617 -0.8870 -0.0000
vn 0.9449 -0.3272 -0.0000
vn 0.2612 -0.0002 0.9653
vn 0.2413 0.1002 0.9653
vn 0.0306 0.0127 0.9995
vn 0.0330 0.0001 0.9995
vn 0.1849 0.1846 0.9653
vn 0.0234 0.0234 0.9994
vn 0.0998 0.2415 0.9653
vn 0.0127 0.0306 0.9995
vn 0.0002 0.2612 0.9653
vn 0.0001 0.0330 0.9995
vn -0.1002 0.2412 0.9653
vn -0.0125 0.0303 0.9995
vn -0.1845 0.1847 0.9653
vn -0.0230 0.0231 0.9995
vn -0.2412 0.0996 0.9653
vn -0.0299 0.0124 0.9995
vn -0.2609 0.0002 0.9654
vn -0.0322 0.0001 0.9995
vn -0.2409 -0.1000 0.9654
vn -0.0296 -0.0122 0.9995
vn -0.1846 -0.1843 0.9654
vn -0.0226 -0.0226 0.9995
vn -0.0996 -0.2411 0.9654
vn -0.0122 -0.0296 0.9995
vn -0.0002 -0.2609 0.9654
vn 0.0001 -0.0322 0.9995
vn 0.1000 -0.2410 0.9653
vn 0.0125 -0.0299 0.9995
vn 0.1844 -0.1848 0.9653
vn 0.0231 -0.0230 0.9995
vn 0.2413 -0.0998 0.9653
vn 0.0303 -0.0125 0.9995
vn 0.1090 0.0066 0.9940
vn 0.0800 0.0159 0.9967
vn 0.1032 0.0356 0.9940
vn 0.0724 0.0818 0.9940
vn 0.0453 0.0678 0.9967
vn 0.0478 0.0982 0.9940
vn -0.7927 0.6096 -0.0000
vn -0.0066 0.1090 0.9940
vn -0.0159 0.0800 0.9967
vn -0.0356 0.1032 0.9940
vn -0.9916 -0.1294 -0.0000
vn -0.1090 -0.0066 0.9940
vn -0.0799 -0.0159 0.9967
vn -0.1032 -0.0356 0.9940
vn 0.1294 -0.9916 -0.0000
vn -0.0724 -0.0818 0.9940
vn -0.0453 -0.0678 0.9967
vn -0.0478 -0.0982 0.9940
vn 0.0066 -0.1090 0.9940
vn 0.0159 -0.0800 0.9967
vn 0.0356 -0.1032 0.9940
vn 0.0818 -0.0724 0.9940
vn 0.0678 -0.0453 0.9967
vn 0.0982 -0.0478 0.9940
vn 0.5400 0.8417 -0.0000
vn -0.0764 0.0539 0.9956
vn -0.0532 -0.0053 0.9986
vn -0.0931 0.0299 0.9952
vn 0.2430 0.1019 0.9647
vn 0.2635 -0.0012 0.9647
vn 0.1871 0.1855 0.9647
vn 0.0998 0.2439 0.9647
vn 0.0012 0.2635 0.9647
vn -0.1019 0.2430 0.9647
vn -0.1855 0.1871 0.9647
vn -0.2439 0.0998 0.9647
vn -0.2635 0.0012 0.9647
vn -0.2430 -0.1019 0.9647
vn -0.1871 -0.1855 0.9647
vn -0.0998 -0.2439 0.9647
vn -0.0012 -0.2635 0.9647
vn 0.1019 -0.2430 0.9647
vn 0.1855 -0.1871 0.9647
vn 0.2439 -0.0998 0.9647
vn 0.2599 -0.9656 -0.0000
vn 0.8666 -0.4990 -0.0000
vn -0.8666 0.4990 -0.0000
vn -0.9656 -0.2599 -0.0000
vn 0.0306 0.0127 -0.9995
vn 0.2413 0.1002 -0.9653
vn 0.2612 -0.0002 -0.9653
vn 0.0330 0.0001 -0.9995
vn 0.0234 0.0234 -0.9995
vn 0.1849 0.1846 -0.9653
vn 0.0127 0.0306 -0.9995
vn 0.0998 0.2415 -0.9653
vn 0.0001 0.0330 -0.9995
vn 0.0002 0.2612 -0.9653
vn -0.0125 0.0303 -0.9995
vn -0.1002 0.2412 -0.9653
vn -0.0230 0.0231 -0.9995
vn -0.1845 0.1847 -0.9653
vn -0.0299 0.0125 -0.9995
vn -0.2412 0.0996 -0.9653
vn -0.0322 0.0001 -0.9995
vn -0.2609 0.0002 -0.9654
vn -0.0296 -0.0122 -0.9995
vn -0.2409 -0.1000 -0.9654
vn -0.0226 -0.0226 -0.9995
vn -0.1846 -0.1843 -0.9654
vn -0.0122 -0.0296 -0.9995
vn -0.0996 -0.2411 -0.9654
vn 0.0001 -0.0322 -0.9995
vn -0.0002 -0.2609 -0.9654
vn 0.0125 -0.0299 -0.9995
vn 0.1000 -0.2410 -0.9653
vn 0.0231 -0.0230 -0.9995
vn 0.1844 -0.1848 -0.9653
vn 0.0303 -0.0125 -0.9995
vn 0.2413 -0.0998 -0.9653
vn 0.1090 0.0066 -0.9940
vn 0.1032 0.0356 -0.9940
vn 0.0800 0.0159 -0.9967
vn -0.1294 0.9916 -0.0000
vn 0.0724 0.0818 -0.9940
vn 0.0478 0.0982 -0.9940
vn 0.0453 0.0678 -0.9967
vn -0.0066 0.1090 -0.9940
vn -0.0356 0.1032 -0.9940
vn -0.0159 0.0800 -0.9967
vn -0.6096 -0.7927 -0.0000
vn -0.1090 -0.0066 -0.9940
vn -0.1032 -0.0356 -0.9940
vn -0.0800 -0.0159 -0.9967
vn -0.0724 -0.0818 -0.9940
vn -0.0478 -0.0982 -0.9940
vn -0.0453 -0.0678 -0.9967
vn 0.7927 -0.6097 -0.0000
vn 0.0066 -0.1090 -0.9940
vn 0.0356 -0.1032 -0.9940
vn 0.0159 -0.0799 -0.9967
vn 0.0818 -0.0724 -0.9940
vn 0.0982 -0.0478 -0.9940
vn 0.0678 -0.0453 -0.9967
vn -0.8395 0.5433 -0.0000
vn -0.0764 0.0539 -0.9956
vn -0.0931 0.0299 -0.9952
vn -0.0532 -0.0053 -0.9986
vn 0.2430 0.1019 -0.9647
vn 0.2635 -0.0012 -0.9647
vn 0.1871 0.1855 -0.9647
vn 0.0998 0.2439 -0.9647
vn 0.0012 0.2635 -0.9647
vn -0.1019 0.2430 -0.9647
vn -0.1855 0.1871 -0.9647
vn -0.2439 0.0998 -0.9647
vn -0.2635 0.0012 -0.9647
vn -0.2430 -0.1019 -0.9647
vn -0.1871 -0.1855 -0.9647
vn -0.0998 -0.2439 -0.9647
vn -0.0012 -0.2635 -0.9647
vn 0.1019 -0.2430 -0.9647
vn 0.1855 -0.1871 -0.9647
vn 0.2439 -0.0998 -0.9647
vn 0.9916 0.1294 -0.0000
vn 0.6096 0.7927 -0.0000
vn 0.9656 0.2599 -0.0000
vn -0.2599 0.9656 -0.0000
vn -0.4990 -0.8666 -0.0000
vt 0.140358 0.027107
vt 0.140343 0.020070
vt 0.147027 0.020069
vt 0.147066 0.027105
vt 0.184742 0.223441
vt 0.177358 0.221932
vt 0.178217 0.217711
vt 0.185608 0.219217
vt 0.173395 0.279154
vt 0.166009 0.277645
vt 0.166976 0.272892
vt 0.174368 0.274399
vt 0.161550 0.337307
vt 0.154163 0.335799
vt 0.155226 0.330579
vt 0.162617 0.332085
vt 0.149230 0.397778
vt 0.141844 0.396273
vt 0.142999 0.390593
vt 0.150392 0.392100
vt 0.136444 0.460555
vt 0.129056 0.459050
vt 0.130304 0.452913
vt 0.137697 0.454420
vt 0.123225 0.525459
vt 0.115835 0.523953
vt 0.117161 0.517433
vt 0.124554 0.518940
vt 0.109639 0.592153
vt 0.102247 0.590647
vt 0.103646 0.583773
vt 0.111038 0.585279
vt 0.095690 0.660629
vt 0.088298 0.659123
vt 0.089771 0.651895
vt 0.097163 0.653401
vt 0.160087 0.114034
vt 0.159963 0.119521
vt 0.154377 0.119393
vt 0.154502 0.113905
vt 0.213216 0.115241
vt 0.213090 0.120727
vt 0.207291 0.120595
vt 0.207417 0.115106
vt 0.267441 0.116471
vt 0.267316 0.121957
vt 0.261299 0.121821
vt 0.261423 0.116330
vt 0.322673 0.117719
vt 0.322549 0.123210
vt 0.316335 0.123069
vt 0.316460 0.117579
vt 0.378923 0.119000
vt 0.378797 0.124487
vt 0.372384 0.124341
vt 0.372509 0.118852
vt 0.436130 0.120267
vt 0.436006 0.125757
vt 0.429404 0.125612
vt 0.429528 0.120122
vt 0.494192 0.121636
vt 0.494071 0.127127
vt 0.487317 0.126978
vt 0.487442 0.121487
vt 0.236093 0.254085
vt 0.229585 0.252406
vt 0.231686 0.244288
vt 0.238193 0.245972
vt 0.218188 0.323966
vt 0.211681 0.322283
vt 0.213784 0.314143
vt 0.220291 0.315820
vt 0.200031 0.393484
vt 0.193522 0.391810
vt 0.195597 0.383773
vt 0.202101 0.385460
vt 0.182442 0.462175
vt 0.175935 0.460494
vt 0.177954 0.452697
vt 0.184461 0.454377
vt 0.165106 0.529191
vt 0.158597 0.527511
vt 0.160514 0.520084
vt 0.167017 0.521762
vt 0.148353 0.594069
vt 0.141847 0.592391
vt 0.143645 0.585426
vt 0.150147 0.587104
vt 0.132253 0.656435
vt 0.125750 0.654756
vt 0.127413 0.648309
vt 0.133915 0.649988
vt 0.724190 0.024523
vt 0.724190 0.017487
vt 0.730874 0.017486
vt 0.730874 0.024522
vt 0.659316 0.024529
vt 0.659316 0.017492
vt 0.665999 0.017490
vt 0.666000 0.024526
vt 0.594444 0.024543
vt 0.594443 0.017506
vt 0.601126 0.017502
vt 0.601128 0.024538
vt 0.529572 0.024563
vt 0.529570 0.017526
vt 0.536254 0.017520
vt 0.536256 0.024556
vt 0.464700 0.024590
vt 0.464697 0.017553
vt 0.471381 0.017545
vt 0.471383 0.024581
vt 0.399833 0.024663
vt 0.399823 0.017626
vt 0.406507 0.017623
vt 0.406516 0.024659
vt 0.334959 0.024792
vt 0.334948 0.017756
vt 0.341633 0.017752
vt 0.341644 0.024788
vt 0.270123 0.024958
vt 0.270074 0.017922
vt 0.276757 0.017917
vt 0.276779 0.024953
vt 0.205357 0.026184
vt 0.205211 0.019149
vt 0.211893 0.019000
vt 0.212045 0.026035
vt 0.522486 0.549647
vt 0.520264 0.527084
vt 0.532724 0.533747
vt 0.533406 0.540681
vt 0.111247 0.020148
vt 0.124802 0.020112
vt 0.124820 0.027149
vt 0.111285 0.034718
vt 0.513683 0.505389
vt 0.527203 0.509493
vt 0.529225 0.516160
vt 0.172197 0.247227
vt 0.174574 0.235604
vt 0.181892 0.237027
vt 0.187610 0.250217
vt 0.502995 0.485394
vt 0.517056 0.486781
vt 0.520341 0.492926
vt 0.160642 0.303953
vt 0.163120 0.291823
vt 0.170453 0.293262
vt 0.176034 0.306968
vt 0.488612 0.467868
vt 0.502674 0.466486
vt 0.507094 0.471872
vt 0.148610 0.363034
vt 0.151181 0.350436
vt 0.158528 0.351891
vt 0.163982 0.366072
vt 0.471087 0.453485
vt 0.484608 0.449387
vt 0.489994 0.453806
vt 0.136104 0.424424
vt 0.138770 0.411363
vt 0.146134 0.412831
vt 0.151457 0.427487
vt 0.451092 0.442798
vt 0.463554 0.436140
vt 0.469698 0.439424
vt 0.123132 0.488104
vt 0.125890 0.474590
vt 0.133265 0.476074
vt 0.138467 0.491188
vt 0.429396 0.436216
vt 0.440320 0.427255
vt 0.446988 0.429277
vt 0.109765 0.553725
vt 0.112596 0.539852
vt 0.119980 0.541348
vt 0.125084 0.556828
vt 0.406833 0.433994
vt 0.415799 0.423074
vt 0.422733 0.423757
vt 0.096035 0.621129
vt 0.098935 0.606896
vt 0.106329 0.608401
vt 0.111343 0.624247
vt 0.384270 0.436216
vt 0.390933 0.423757
vt 0.397867 0.423074
vt 0.081939 0.690322
vt 0.084914 0.675725
vt 0.092305 0.677230
vt 0.097238 0.693410
vt 0.362574 0.442798
vt 0.366679 0.429277
vt 0.373346 0.427255
vt 0.183548 0.120059
vt 0.172497 0.119806
vt 0.172621 0.114322
vt 0.183773 0.108714
vt 0.342580 0.453485
vt 0.343968 0.439424
vt 0.350112 0.436140
vt 0.237118 0.121275
vt 0.225843 0.121018
vt 0.225967 0.115535
vt 0.237332 0.109936
vt 0.325054 0.467868
vt 0.323672 0.453806
vt 0.329058 0.449387
vt 0.291761 0.122515
vt 0.280281 0.122253
vt 0.280406 0.116771
vt 0.291969 0.111181
vt 0.310671 0.485394
vt 0.306572 0.471872
vt 0.310992 0.466486
vt 0.347377 0.123777
vt 0.335686 0.123511
vt 0.335849 0.117984
vt 0.347663 0.112491
vt 0.299983 0.505389
vt 0.293326 0.492926
vt 0.296610 0.486782
vt 0.404045 0.125062
vt 0.392157 0.124792
vt 0.392282 0.119314
vt 0.404229 0.113739
vt 0.293402 0.527084
vt 0.284441 0.516160
vt 0.286463 0.509493
vt 0.461605 0.126399
vt 0.449534 0.126043
vt 0.449695 0.120537
vt 0.461890 0.115107
vt 0.291180 0.549647
vt 0.280259 0.540681
vt 0.280942 0.533747
vt 0.519950 0.127697
vt 0.507737 0.127423
vt 0.507895 0.121901
vt 0.520205 0.116422
vt 0.293402 0.572210
vt 0.280942 0.565547
vt 0.280259 0.558613
vt 0.221631 0.283244
vt 0.225355 0.268692
vt 0.231899 0.270415
vt 0.235018 0.286647
vt 0.299983 0.593906
vt 0.286463 0.589801
vt 0.284441 0.583134
vt 0.203663 0.353070
vt 0.207462 0.338566
vt 0.213996 0.340323
vt 0.217008 0.356639
vt 0.310671 0.613901
vt 0.296610 0.612513
vt 0.293326 0.606368
vt 0.185696 0.422337
vt 0.189359 0.407970
vt 0.195901 0.409682
vt 0.199091 0.425741
vt 0.325054 0.631426
vt 0.310992 0.632808
vt 0.306572 0.627422
vt 0.168175 0.490411
vt 0.171808 0.476383
vt 0.178346 0.478114
vt 0.181575 0.493960
vt 0.342580 0.645809
vt 0.329058 0.649908
vt 0.323672 0.645488
vt 0.151074 0.556639
vt 0.154591 0.543023
vt 0.161119 0.544738
vt 0.164492 0.560165
vt 0.362574 0.656497
vt 0.350112 0.663155
vt 0.343968 0.659870
vt 0.134576 0.620547
vt 0.137963 0.607430
vt 0.144480 0.609128
vt 0.148015 0.624050
vt 0.384270 0.663078
vt 0.373346 0.672039
vt 0.366679 0.670017
vt 0.118738 0.681847
vt 0.122001 0.669274
vt 0.128504 0.670959
vt 0.132191 0.685347
vt 0.406833 0.665300
vt 0.397867 0.676221
vt 0.390933 0.675538
vt 0.695094 0.017488
vt 0.708649 0.017487
vt 0.708649 0.024524
vt 0.695094 0.032058
vt 0.429396 0.663078
vt 0.422733 0.675538
vt 0.415799 0.676221
vt 0.630221 0.017494
vt 0.643776 0.017493
vt 0.643776 0.024530
vt 0.630223 0.032064
vt 0.451092 0.656497
vt 0.446988 0.670017
vt 0.440320 0.672039
vt 0.565348 0.017510
vt 0.578903 0.017508
vt 0.578903 0.024544
vt 0.565351 0.032079
vt 0.471087 0.645809
vt 0.469699 0.659870
vt 0.463554 0.663155
vt 0.500476 0.017531
vt 0.514031 0.017528
vt 0.514031 0.024565
vt 0.500480 0.032101
vt 0.488612 0.631426
vt 0.489994 0.645488
vt 0.484609 0.649908
vt 0.435602 0.017559
vt 0.449157 0.017556
vt 0.449159 0.024593
vt 0.435612 0.032129
vt 0.502995 0.613901
vt 0.507094 0.627422
vt 0.502674 0.632808
vt 0.370728 0.017674
vt 0.384283 0.017670
vt 0.384293 0.024706
vt 0.370742 0.032244
vt 0.513683 0.593906
vt 0.520341 0.606368
vt 0.517056 0.612513
vt 0.305853 0.017811
vt 0.319408 0.017807
vt 0.319420 0.024843
vt 0.305871 0.032381
vt 0.520264 0.572210
vt 0.529225 0.583134
vt 0.527203 0.589801
vt 0.240982 0.018374
vt 0.254534 0.018116
vt 0.254638 0.025152
vt 0.241259 0.032941
vt 0.533406 0.558613
vt 0.532724 0.565547
vt 0.176120 0.019708
vt 0.189674 0.019474
vt 0.189804 0.026510
vt 0.176355 0.034276
vt 0.548845 0.532160
vt 0.549528 0.539093
vt 0.542704 0.504791
vt 0.544727 0.511458
vt 0.531343 0.479145
vt 0.534627 0.485290
vt 0.515196 0.456210
vt 0.519616 0.461595
vt 0.494885 0.436864
vt 0.500271 0.441284
vt 0.471190 0.421853
vt 0.477335 0.425138
vt 0.445022 0.411754
vt 0.451689 0.413776
vt 0.417387 0.406953
vt 0.424321 0.407636
vt 0.389346 0.407636
vt 0.396279 0.406953
vt 0.361976 0.413776
vt 0.368644 0.411754
vt 0.336331 0.425138
vt 0.342476 0.421853
vt 0.313396 0.441284
vt 0.318781 0.436864
vt 0.294050 0.461595
vt 0.298470 0.456210
vt 0.279039 0.485290
vt 0.282323 0.479145
vt 0.268939 0.511458
vt 0.270962 0.504791
vt 0.264138 0.539093
vt 0.264821 0.532160
vt 0.264822 0.567135
vt 0.264138 0.560201
vt 0.270962 0.594504
vt 0.268939 0.587837
vt 0.282323 0.620149
vt 0.279039 0.614004
vt 0.298470 0.643085
vt 0.294050 0.637699
vt 0.318781 0.662430
vt 0.313396 0.658010
vt 0.342476 0.677441
vt 0.336331 0.674157
vt 0.368644 0.687541
vt 0.361977 0.685519
vt 0.396279 0.692341
vt 0.389346 0.691659
vt 0.424321 0.691659
vt 0.417387 0.692341
vt 0.451690 0.685519
vt 0.445023 0.687541
vt 0.477335 0.674156
vt 0.471190 0.677441
vt 0.500271 0.658010
vt 0.494885 0.662430
vt 0.519616 0.637699
vt 0.515196 0.643085
vt 0.534627 0.614004
vt 0.531343 0.620149
vt 0.544727 0.587836
vt 0.542704 0.594503
vt 0.549528 0.560201
vt 0.548845 0.567135
vt 0.510594 0.549647
vt 0.508600 0.529404
vt 0.502695 0.509940
vt 0.493107 0.492001
vt 0.480203 0.476277
vt 0.464479 0.463374
vt 0.446541 0.453785
vt 0.427075 0.447881
vt 0.406833 0.445887
vt 0.386590 0.447881
vt 0.367125 0.453785
vt 0.349187 0.463374
vt 0.333463 0.476277
vt 0.320559 0.492001
vt 0.310971 0.509940
vt 0.305066 0.529404
vt 0.303073 0.549647
vt 0.305066 0.569890
vt 0.310971 0.589354
vt 0.320559 0.607293
vt 0.333463 0.623017
vt 0.349187 0.635921
vt 0.367125 0.645510
vt 0.386591 0.651414
vt 0.406833 0.653408
vt 0.427076 0.651414
vt 0.446541 0.645510
vt 0.464479 0.635921
vt 0.480203 0.623017
vt 0.493107 0.607293
vt 0.502695 0.589354
vt 0.508600 0.569890
vt 0.757638 0.615649
vt 0.759688 0.636458
vt 0.751589 0.636458
vt 0.749694 0.617229
vt 0.751569 0.595640
vt 0.744086 0.598740
vt 0.741712 0.577200
vt 0.734978 0.581699
vt 0.728447 0.561036
vt 0.722720 0.566763
vt 0.712284 0.547772
vt 0.707784 0.554506
vt 0.693844 0.537915
vt 0.690744 0.545398
vt 0.673835 0.531846
vt 0.672255 0.539789
vt 0.653026 0.529796
vt 0.653026 0.537895
vt 0.632217 0.531846
vt 0.633797 0.539789
vt 0.612208 0.537915
vt 0.615308 0.545398
vt 0.593767 0.547772
vt 0.598268 0.554506
vt 0.577604 0.561036
vt 0.583332 0.566763
vt 0.564340 0.577200
vt 0.571074 0.581699
vt 0.554483 0.595640
vt 0.561966 0.598740
vt 0.548414 0.615649
vt 0.556357 0.617229
vt 0.546364 0.636458
vt 0.554463 0.636458
vt 0.548414 0.657267
vt 0.556357 0.655687
vt 0.554483 0.677275
vt 0.561966 0.674176
vt 0.564340 0.695716
vt 0.571074 0.691216
vt 0.577604 0.711879
vt 0.583332 0.706152
vt 0.593767 0.725144
vt 0.598268 0.718409
vt 0.612208 0.735001
vt 0.615308 0.727517
vt 0.632218 0.741070
vt 0.633797 0.733126
vt 0.653026 0.743120
vt 0.653026 0.735020
vt 0.673835 0.741070
vt 0.672255 0.733126
vt 0.693844 0.735001
vt 0.690744 0.727517
vt 0.712285 0.725144
vt 0.707784 0.718409
vt 0.728447 0.711879
vt 0.722720 0.706152
vt 0.741712 0.695716
vt 0.734978 0.691216
vt 0.751569 0.677275
vt 0.744086 0.674176
vt 0.757638 0.657266
vt 0.749694 0.655686
vt 0.162651 0.026957
vt 0.162567 0.019921
vt 0.183210 0.193167
vt 0.198646 0.196126
vt 0.188353 0.205805
vt 0.180943 0.204294
vt 0.177220 0.260435
vt 0.169814 0.258926
vt 0.165562 0.317655
vt 0.158159 0.316147
vt 0.153430 0.377210
vt 0.146030 0.375702
vt 0.140826 0.439072
vt 0.133428 0.437564
vt 0.127764 0.503188
vt 0.120368 0.501680
vt 0.114319 0.569173
vt 0.106925 0.567666
vt 0.100515 0.636940
vt 0.093122 0.635434
vt 0.131059 0.118868
vt 0.131297 0.107517
vt 0.142045 0.113616
vt 0.141929 0.119112
vt 0.194744 0.114806
vt 0.194633 0.120309
vt 0.248530 0.116020
vt 0.248424 0.121529
vt 0.303369 0.117259
vt 0.303266 0.122775
vt 0.359219 0.118533
vt 0.359119 0.124041
vt 0.416040 0.119798
vt 0.415950 0.125326
vt 0.473803 0.121165
vt 0.473703 0.126690
vt 0.239649 0.213529
vt 0.253014 0.216978
vt 0.242459 0.229677
vt 0.235902 0.228026
vt 0.224537 0.299462
vt 0.217991 0.297831
vt 0.206330 0.369224
vt 0.199797 0.367541
vt 0.188648 0.438313
vt 0.182108 0.436678
vt 0.171061 0.506065
vt 0.164566 0.504387
vt 0.154078 0.571853
vt 0.147581 0.570176
vt 0.137716 0.635248
vt 0.131215 0.633570
vt 0.759970 0.017485
vt 0.759970 0.032055
vt 0.746414 0.024522
vt 0.746414 0.017485
vt 0.681539 0.024525
vt 0.681539 0.017489
vt 0.616667 0.024537
vt 0.616666 0.017500
vt 0.551795 0.024554
vt 0.551794 0.017518
vt 0.486923 0.024579
vt 0.486921 0.017542
vt 0.422058 0.024617
vt 0.422047 0.017580
vt 0.357186 0.024737
vt 0.357173 0.017700
vt 0.292317 0.024881
vt 0.292298 0.017845
vt 0.227575 0.025683
vt 0.227429 0.018648
vt 0.140327 0.013034
vt 0.146988 0.013033
vt 0.169972 0.220432
vt 0.170826 0.216209
vt 0.158621 0.276144
vt 0.159585 0.271390
vt 0.146774 0.334297
vt 0.147833 0.329077
vt 0.134458 0.394769
vt 0.135605 0.389088
vt 0.121666 0.457545
vt 0.122910 0.451408
vt 0.108444 0.522448
vt 0.109768 0.515927
vt 0.094853 0.589141
vt 0.096253 0.582267
vt 0.080905 0.657617
vt 0.082377 0.650389
vt 0.159839 0.125007
vt 0.154253 0.124882
vt 0.212967 0.126214
vt 0.207167 0.126085
vt 0.267192 0.127444
vt 0.261175 0.127312
vt 0.322422 0.128702
vt 0.316211 0.128560
vt 0.378673 0.129974
vt 0.372260 0.129831
vt 0.435881 0.131245
vt 0.429285 0.131102
vt 0.493947 0.132617
vt 0.487195 0.132468
vt 0.223077 0.250722
vt 0.225178 0.242607
vt 0.205175 0.320595
vt 0.207276 0.312469
vt 0.187014 0.390132
vt 0.189091 0.382089
vt 0.169429 0.458808
vt 0.171447 0.451020
vt 0.152087 0.525829
vt 0.154012 0.518404
vt 0.135340 0.590710
vt 0.137142 0.583746
vt 0.119246 0.653076
vt 0.120910 0.646630
vt 0.724190 0.010450
vt 0.730874 0.010449
vt 0.659315 0.010455
vt 0.665999 0.010453
vt 0.594441 0.010470
vt 0.601125 0.010465
vt 0.529569 0.010490
vt 0.536252 0.010483
vt 0.464695 0.010516
vt 0.471378 0.010508
vt 0.399814 0.010590
vt 0.406498 0.010586
vt 0.334938 0.010719
vt 0.341622 0.010715
vt 0.270024 0.010886
vt 0.276736 0.010881
vt 0.205064 0.012114
vt 0.211740 0.011965
vt 0.966668 0.795396
vt 0.977589 0.786430
vt 0.976906 0.779496
vt 0.964447 0.772833
vt 0.124784 0.013076
vt 0.111208 0.005579
vt 0.973408 0.761909
vt 0.971385 0.755242
vt 0.957865 0.751137
vt 0.167282 0.234049
vt 0.156845 0.243942
vt 0.964523 0.738675
vt 0.961239 0.732530
vt 0.947177 0.731143
vt 0.155808 0.290277
vt 0.145300 0.300702
vt 0.951277 0.717620
vt 0.946856 0.712235
vt 0.932795 0.713617
vt 0.143850 0.348900
vt 0.133276 0.359814
vt 0.934177 0.699555
vt 0.928791 0.695135
vt 0.915269 0.699234
vt 0.131419 0.409832
vt 0.120778 0.421234
vt 0.913881 0.685173
vt 0.907737 0.681889
vt 0.895274 0.688546
vt 0.118523 0.473070
vt 0.107816 0.484941
vt 0.891170 0.675026
vt 0.884503 0.673004
vt 0.873579 0.681965
vt 0.105216 0.538339
vt 0.094454 0.550585
vt 0.866915 0.669505
vt 0.859982 0.668823
vt 0.851015 0.679743
vt 0.091543 0.605390
vt 0.080730 0.618011
vt 0.842049 0.668823
vt 0.835116 0.669505
vt 0.828453 0.681965
vt 0.077524 0.674220
vt 0.066650 0.687185
vt 0.817529 0.673004
vt 0.810861 0.675026
vt 0.806757 0.688546
vt 0.172373 0.125290
vt 0.183261 0.131402
vt 0.794294 0.681889
vt 0.788150 0.685173
vt 0.786762 0.699234
vt 0.225719 0.126501
vt 0.236821 0.132612
vt 0.773240 0.695135
vt 0.767855 0.699555
vt 0.769236 0.713617
vt 0.280157 0.127735
vt 0.291455 0.133846
vt 0.755175 0.712235
vt 0.750755 0.717620
vt 0.754853 0.731143
vt 0.335597 0.129040
vt 0.347152 0.135064
vt 0.740792 0.732530
vt 0.737508 0.738675
vt 0.744166 0.751137
vt 0.392033 0.130272
vt 0.403721 0.136382
vt 0.730646 0.755242
vt 0.728624 0.761909
vt 0.737585 0.772833
vt 0.449417 0.131550
vt 0.461268 0.137689
vt 0.725125 0.779497
vt 0.724442 0.786430
vt 0.735362 0.795396
vt 0.507649 0.132946
vt 0.519693 0.138973
vt 0.724442 0.804362
vt 0.725125 0.811296
vt 0.737585 0.817959
vt 0.218788 0.267058
vt 0.208227 0.279900
vt 0.728624 0.828883
vt 0.730646 0.835550
vt 0.744166 0.839654
vt 0.200906 0.336896
vt 0.190305 0.349556
vt 0.737508 0.852117
vt 0.740792 0.858262
vt 0.754853 0.859650
vt 0.182796 0.406339
vt 0.172286 0.418986
vt 0.750755 0.873172
vt 0.755175 0.878557
vt 0.769236 0.877175
vt 0.165251 0.474723
vt 0.154735 0.487020
vt 0.767855 0.891237
vt 0.773240 0.895657
vt 0.786762 0.891558
vt 0.148050 0.541363
vt 0.137628 0.553228
vt 0.788150 0.905619
vt 0.794294 0.908904
vt 0.806757 0.902246
vt 0.131439 0.605761
vt 0.121121 0.617107
vt 0.810861 0.915766
vt 0.817529 0.917788
vt 0.828453 0.908827
vt 0.115496 0.667592
vt 0.105280 0.678366
vt 0.835116 0.921287
vt 0.842050 0.921970
vt 0.851015 0.911049
vt 0.708649 0.010451
vt 0.695094 0.002918
vt 0.859982 0.921970
vt 0.866915 0.921287
vt 0.873579 0.908827
vt 0.643775 0.010456
vt 0.630219 0.002924
vt 0.884503 0.917788
vt 0.891170 0.915766
vt 0.895274 0.902245
vt 0.578902 0.010471
vt 0.565345 0.002940
vt 0.907737 0.908904
vt 0.913881 0.905619
vt 0.915269 0.891558
vt 0.514030 0.010492
vt 0.500471 0.002961
vt 0.928791 0.895657
vt 0.934177 0.891237
vt 0.932795 0.877175
vt 0.449155 0.010519
vt 0.435592 0.002990
vt 0.946857 0.878557
vt 0.951277 0.873171
vt 0.947178 0.859650
vt 0.384273 0.010633
vt 0.370714 0.003104
vt 0.961239 0.858262
vt 0.964523 0.852117
vt 0.957865 0.839654
vt 0.319396 0.010770
vt 0.305834 0.003241
vt 0.971385 0.835550
vt 0.973408 0.828883
vt 0.964447 0.817959
vt 0.254431 0.011081
vt 0.240704 0.003807
vt 0.976906 0.811296
vt 0.977589 0.804362
vt 0.189543 0.012439
vt 0.175885 0.005140
vt 0.993710 0.784842
vt 0.993027 0.777909
vt 0.988909 0.757207
vt 0.986887 0.750539
vt 0.978809 0.731039
vt 0.975525 0.724894
vt 0.963798 0.707344
vt 0.959378 0.701958
vt 0.944453 0.687033
vt 0.939067 0.682613
vt 0.921517 0.670886
vt 0.915372 0.667602
vt 0.895871 0.659525
vt 0.889205 0.657502
vt 0.868503 0.653384
vt 0.861569 0.652702
vt 0.840462 0.652702
vt 0.833528 0.653384
vt 0.812827 0.657502
vt 0.806159 0.659525
vt 0.786658 0.667602
vt 0.780514 0.670886
vt 0.762964 0.682613
vt 0.757578 0.687033
vt 0.742653 0.701958
vt 0.738233 0.707344
vt 0.726506 0.724894
vt 0.723222 0.731039
vt 0.715144 0.750539
vt 0.713122 0.757207
vt 0.709004 0.777909
vt 0.708321 0.784842
vt 0.708321 0.805950
vt 0.709004 0.812884
vt 0.713122 0.833585
vt 0.715144 0.840253
vt 0.723222 0.859753
vt 0.726506 0.865898
vt 0.738233 0.883448
vt 0.742653 0.888834
vt 0.757578 0.903759
vt 0.762964 0.908179
vt 0.780514 0.919906
vt 0.786658 0.923190
vt 0.806159 0.931268
vt 0.812827 0.933290
vt 0.833528 0.937408
vt 0.840462 0.938090
vt 0.861569 0.938090
vt 0.868503 0.937407
vt 0.889205 0.933290
vt 0.895872 0.931268
vt 0.915373 0.923190
vt 0.921518 0.919905
vt 0.939067 0.908179
vt 0.944453 0.903759
vt 0.959378 0.888834
vt 0.963798 0.883448
vt 0.975525 0.865897
vt 0.978809 0.859753
vt 0.986887 0.840253
vt 0.988909 0.833585
vt 0.993027 0.812883
vt 0.993710 0.805950
vt 0.954776 0.795396
vt 0.952783 0.775153
vt 0.946877 0.755689
vt 0.937289 0.737750
vt 0.924385 0.722026
vt 0.908662 0.709122
vt 0.890723 0.699534
vt 0.871258 0.693629
vt 0.851015 0.691635
vt 0.830772 0.693629
vt 0.811308 0.699534
vt 0.793369 0.709122
vt 0.777646 0.722026
vt 0.764742 0.737750
vt 0.755153 0.755689
vt 0.749249 0.775153
vt 0.747255 0.795396
vt 0.749249 0.815639
vt 0.755154 0.835103
vt 0.764742 0.853042
vt 0.777646 0.868766
vt 0.793369 0.881670
vt 0.811308 0.891258
vt 0.830773 0.897163
vt 0.851015 0.899157
vt 0.871259 0.897163
vt 0.890723 0.891258
vt 0.908662 0.881670
vt 0.924385 0.868766
vt 0.937289 0.853042
vt 0.946877 0.835103
vt 0.952783 0.815639
vt 0.553455 0.781541
vt 0.567039 0.781570
vt 0.564674 0.800989
vt 0.551429 0.797762
vt 0.557975 0.819491
vt 0.545583 0.813318
vt 0.547349 0.836392
vt 0.536273 0.827598
vt 0.533299 0.851090
vt 0.523939 0.840061
vt 0.516409 0.863072
vt 0.509094 0.850250
vt 0.497288 0.871890
vt 0.492273 0.857750
vt 0.476707 0.877328
vt 0.474164 0.862391
vt 0.455373 0.879164
vt 0.455387 0.863962
vt 0.434038 0.877336
vt 0.436609 0.862409
vt 0.413456 0.871907
vt 0.418497 0.857786
vt 0.394364 0.863056
vt 0.401701 0.850255
vt 0.377461 0.851080
vt 0.386841 0.840082
vt 0.363397 0.836388
vt 0.374490 0.827633
vt 0.352758 0.819490
vt 0.365162 0.813365
vt 0.346045 0.800989
vt 0.359298 0.797818
vt 0.343667 0.781570
vt 0.357251 0.781604
vt 0.346037 0.762150
vt 0.359284 0.765381
vt 0.352743 0.743645
vt 0.365136 0.749823
vt 0.363376 0.726741
vt 0.374453 0.735541
vt 0.377434 0.712042
vt 0.386795 0.723077
vt 0.394333 0.700058
vt 0.401648 0.712887
vt 0.413423 0.691199
vt 0.418438 0.705339
vt 0.434003 0.685762
vt 0.436547 0.700698
vt 0.455336 0.683927
vt 0.455323 0.699128
vt 0.476671 0.685755
vt 0.474099 0.700682
vt 0.497251 0.691186
vt 0.492211 0.705306
vt 0.516313 0.700080
vt 0.508974 0.712886
vt 0.533223 0.712057
vt 0.523841 0.723060
vt 0.547292 0.726751
vt 0.536198 0.735511
vt 0.557937 0.743651
vt 0.545532 0.749780
vt 0.564655 0.762152
vt 0.551403 0.765328
vt 0.162482 0.012885
vt 0.173533 0.202788
vt 0.167848 0.189848
vt 0.162406 0.257419
vt 0.150754 0.314641
vt 0.138630 0.374194
vt 0.126030 0.436056
vt 0.112972 0.500173
vt 0.099531 0.566160
vt 0.085730 0.633928
vt 0.141797 0.124607
vt 0.130786 0.130218
vt 0.194494 0.125810
vt 0.248281 0.127037
vt 0.303119 0.128290
vt 0.358970 0.129549
vt 0.415797 0.130852
vt 0.473535 0.132212
vt 0.229368 0.226291
vt 0.226284 0.210077
vt 0.211462 0.296138
vt 0.193281 0.365795
vt 0.175582 0.434985
vt 0.158071 0.502710
vt 0.141083 0.568499
vt 0.124715 0.631892
vt 0.746414 0.010449
vt 0.759970 0.002915
vt 0.681539 0.010452
vt 0.616665 0.010464
vt 0.551792 0.010481
vt 0.486919 0.010506
vt 0.422037 0.010544
vt 0.357160 0.010664
vt 0.292278 0.010809
vt 0.227283 0.011613
vt 0.638637 0.065871
vt 0.658473 0.066960
vt 0.657883 0.077038
vt 0.638121 0.075953
vt 0.618793 0.064929
vt 0.618351 0.075014
vt 0.598943 0.064132
vt 0.598576 0.074221
vt 0.579088 0.063482
vt 0.578795 0.073573
vt 0.559228 0.062978
vt 0.559010 0.073071
vt 0.539366 0.062621
vt 0.539221 0.072715
vt 0.519501 0.062409
vt 0.519430 0.072504
vt 0.499635 0.062342
vt 0.499638 0.072437
vt 0.479769 0.062420
vt 0.479845 0.072515
vt 0.459904 0.062644
vt 0.460054 0.072738
vt 0.440041 0.063013
vt 0.440265 0.073106
vt 0.420180 0.063527
vt 0.420479 0.073618
vt 0.400325 0.064186
vt 0.400696 0.074274
vt 0.380474 0.064990
vt 0.380919 0.075075
vt 0.360630 0.065937
vt 0.361148 0.076019
vt 0.340792 0.067029
vt 0.341384 0.077107
vt 0.320963 0.068265
vt 0.321628 0.078339
vt 0.301144 0.069646
vt 0.301882 0.079715
vt 0.281336 0.071171
vt 0.282147 0.081234
vt 0.261538 0.072840
vt 0.262423 0.082896
vt 0.241754 0.074653
vt 0.242712 0.084703
vt 0.221983 0.076612
vt 0.223016 0.086654
vt 0.202228 0.078716
vt 0.203334 0.088750
vt 0.182488 0.080966
vt 0.183669 0.090992
vt 0.797031 0.078667
vt 0.816770 0.080926
vt 0.815585 0.090951
vt 0.795920 0.088701
vt 0.777276 0.076556
vt 0.776240 0.086597
vt 0.757507 0.074590
vt 0.756545 0.084639
vt 0.737723 0.072771
vt 0.736836 0.082827
vt 0.717927 0.071099
vt 0.717114 0.081161
vt 0.698118 0.069574
vt 0.697381 0.079642
vt 0.678300 0.068194
vt 0.677636 0.078268
vt 0.704232 0.574063
vt 0.715421 0.585252
vt 0.724211 0.598408
vt 0.730267 0.613027
vt 0.733354 0.628546
vt 0.733354 0.644369
vt 0.730267 0.659888
vt 0.724211 0.674507
vt 0.715421 0.687664
vt 0.704232 0.698852
vt 0.691075 0.707643
vt 0.676457 0.713699
vt 0.660937 0.716786
vt 0.645115 0.716786
vt 0.629595 0.713699
vt 0.614977 0.707643
vt 0.601820 0.698852
vt 0.590631 0.687664
vt 0.581840 0.674507
vt 0.575785 0.659888
vt 0.572698 0.644369
vt 0.572698 0.628546
vt 0.575785 0.613027
vt 0.581840 0.598408
vt 0.590631 0.585252
vt 0.601820 0.574063
vt 0.614977 0.565272
vt 0.629595 0.559217
vt 0.645115 0.556130
vt 0.660937 0.556130
vt 0.676457 0.559217
vt 0.691075 0.565272
vt 0.556656 0.860364
vt 0.549972 0.854830
vt 0.570042 0.829017
vt 0.573780 0.831036
vt 0.533412 0.885578
vt 0.525980 0.876441
vt 0.505543 0.906131
vt 0.498385 0.892598
vt 0.473374 0.919292
vt 0.468994 0.904622
vt 0.439256 0.925923
vt 0.437822 0.910681
vt 0.404500 0.925772
vt 0.406067 0.910543
vt 0.370441 0.918843
vt 0.374949 0.904212
vt 0.338388 0.905402
vt 0.345664 0.891931
vt 0.309574 0.885966
vt 0.319338 0.874174
vt 0.285105 0.861282
vt 0.296981 0.851622
vt 0.278970 0.852014
vt 0.291376 0.843153
vt 0.252761 0.800131
vt 0.267430 0.795750
vt 0.279454 0.825141
vt 0.265921 0.832299
vt 0.246129 0.766013
vt 0.261371 0.764579
vt 0.246281 0.731256
vt 0.261510 0.732823
vt 0.251582 0.696696
vt 0.269469 0.702207
vt 0.400519 0.964459
vt 0.401312 0.956755
vt 0.442376 0.959085
vt 0.442697 0.962492
vt 0.358722 0.956877
vt 0.361537 0.947741
vt 0.318560 0.942111
vt 0.324932 0.930316
vt 0.282609 0.918532
vt 0.291871 0.907346
vt 0.251220 0.888844
vt 0.264655 0.877916
vt 0.242475 0.876664
vt 0.257568 0.866176
vt 0.208427 0.813368
vt 0.229984 0.806931
vt 0.244090 0.843846
vt 0.225841 0.853498
vt 0.198773 0.770468
vt 0.223755 0.768118
vt 0.197951 0.726283
vt 0.224940 0.729060
vt 0.201908 0.709554
vt 0.228191 0.709123
vt 0.251176 0.679365
vt 0.275302 0.670785
vt 0.242656 0.669839
vt 0.262102 0.648610
vt 0.231879 0.665056
vt 0.236986 0.639622
vt 0.220964 0.666626
vt 0.217429 0.642989
vt 0.180636 0.674595
vt 0.180341 0.670847
vt 0.203647 0.692922
vt 0.233658 0.689101
vt 0.023159 0.718365
vt 0.022771 0.711629
vt 0.233637 0.864355
vt 0.250406 0.854311
vt 0.270441 0.839128
vt 0.283584 0.831380
vt 0.163781 0.762636
vt 0.163331 0.738390
vt 0.193952 0.856328
vt 0.185132 0.836003
vt 0.258094 0.927042
vt 0.244722 0.914394
vt 0.330349 0.693473
vt 0.305259 0.672507
vt 0.299493 0.678991
vt 0.328200 0.697138
vt 0.284506 0.647769
vt 0.275114 0.654874
vt 0.269331 0.619622
vt 0.255554 0.626299
vt 0.258349 0.589826
vt 0.243535 0.593687
vt 0.253392 0.558460
vt 0.238109 0.559356
vt 0.254649 0.526729
vt 0.239485 0.524627
vt 0.262072 0.495853
vt 0.247609 0.490833
vt 0.275376 0.467019
vt 0.262170 0.459274
vt 0.294050 0.441335
vt 0.282609 0.431161
vt 0.317375 0.419787
vt 0.308139 0.407577
vt 0.317618 0.401772
vt 0.326036 0.414483
vt 0.344456 0.403203
vt 0.374253 0.392221
vt 0.370392 0.377407
vt 0.337780 0.389426
vt 0.405619 0.387264
vt 0.404723 0.371980
vt 0.437349 0.388521
vt 0.439452 0.373356
vt 0.467667 0.397553
vt 0.473804 0.379872
vt 0.204858 0.561306
vt 0.208633 0.520349
vt 0.200961 0.519286
vt 0.201441 0.561507
vt 0.219042 0.480917
vt 0.210010 0.477781
vt 0.237746 0.444947
vt 0.226182 0.438165
vt 0.261866 0.412717
vt 0.251013 0.403066
vt 0.292236 0.386554
vt 0.281788 0.372743
vt 0.294269 0.364432
vt 0.304218 0.379885
vt 0.327009 0.367201
vt 0.364398 0.354404
vt 0.358724 0.332634
vt 0.318005 0.348624
vt 0.403407 0.349546
vt 0.401938 0.324497
vt 0.442398 0.352106
vt 0.446124 0.325231
vt 0.462703 0.329776
vt 0.462209 0.356057
vt 0.498864 0.404490
vt 0.491138 0.380076
vt 0.521489 0.392079
vt 0.500959 0.371898
vt 0.531357 0.367295
vt 0.506119 0.361295
vt 0.504934 0.350332
vt 0.528681 0.347631
vt 0.498390 0.309749
vt 0.502146 0.309585
vt 0.482026 0.362226
vt 0.479264 0.332099
vt 0.460194 0.150827
vt 0.466939 0.150676
vt 0.316328 0.373146
vt 0.306881 0.356032
vt 0.338076 0.407110
vt 0.330796 0.393703
vt 0.410997 0.289803
vt 0.435244 0.290206
vt 0.316300 0.316655
vt 0.336924 0.308556
vt 0.243372 0.378267
vt 0.256482 0.365349
vt 0.998576 0.366687
vt 0.998576 0.403049
vt 0.988140 0.403049
vt 0.988140 0.366687
vt 0.998576 0.362084
vt 0.988140 0.362084
vt 0.998576 0.326274
vt 0.988140 0.326274
vt 0.998576 0.439858
vt 0.988140 0.439858
vt 0.998576 0.291075
vt 0.988140 0.291075
vt 0.998576 0.477164
vt 0.988140 0.477164
vt 0.998576 0.256477
vt 0.988140 0.256477
vt 0.998576 0.515030
vt 0.988140 0.515030
vt 0.998576 0.222672
vt 0.988140 0.222672
vt 0.974370 0.028437
vt 0.974370 0.059040
vt 0.966107 0.059040
vt 0.966107 0.028437
vt 0.998576 0.189760
vt 0.988140 0.189760
vt 0.974370 0.090237
vt 0.966107 0.090237
vt 0.998576 0.157709
vt 0.988140 0.157709
vt 0.974370 0.122006
vt 0.966107 0.122006
vt 0.998576 0.126490
vt 0.988140 0.126490
vt 0.974370 0.154321
vt 0.966107 0.154321
vt 0.998576 0.096067
vt 0.988140 0.096067
vt 0.974370 0.187161
vt 0.966107 0.187161
vt 0.998576 0.066406
vt 0.988140 0.066406
vt 0.974370 0.220504
vt 0.966107 0.220504
vt 0.998576 0.037469
vt 0.988140 0.037469
vt 0.998576 0.028437
vt 0.988140 0.028437
vt 0.974370 0.231319
vt 0.966107 0.231319
vt 0.974370 0.254750
vt 0.974370 0.289942
vt 0.966107 0.289942
vt 0.966107 0.254750
vt 0.306567 0.840980
vt 0.302637 0.806449
vt 0.312778 0.805295
vt 0.316708 0.839826
vt 0.974370 0.325548
vt 0.966107 0.325548
vt 0.974370 0.361529
vt 0.966107 0.361529
vt 0.951721 0.276701
vt 0.951721 0.315432
vt 0.944073 0.315432
vt 0.944073 0.276701
vt 0.974370 0.397711
vt 0.966107 0.397711
vt 0.951721 0.237779
vt 0.944073 0.237779
vt 0.787160 0.980030
vt 0.820100 0.980030
vt 0.820100 0.992083
vt 0.787160 0.992083
vt 0.784471 0.980030
vt 0.784471 0.992083
vt 0.751917 0.980030
vt 0.751917 0.992083
vt 0.853418 0.980030
vt 0.853418 0.992083
vt 0.719751 0.980030
vt 0.719751 0.992083
vt 0.887241 0.980030
vt 0.887241 0.992083
vt 0.687892 0.980030
vt 0.687892 0.992083
vt 0.921577 0.980030
vt 0.921577 0.992083
vt 0.656377 0.980030
vt 0.656377 0.992083
vt 0.956566 0.980030
vt 0.956566 0.992083
vt 0.595518 0.980030
vt 0.605944 0.980030
vt 0.605944 0.992083
vt 0.595518 0.992083
vt 0.968828 0.980030
vt 0.968828 0.992083
vt 0.297484 0.761194
vt 0.293009 0.721927
vt 0.303151 0.720771
vt 0.307626 0.760038
vt 0.454771 0.976588
vt 0.494436 0.976588
vt 0.494436 0.993228
vt 0.454771 0.993228
vt 0.951721 0.340490
vt 0.951721 0.384073
vt 0.944073 0.384073
vt 0.944073 0.340490
vt 0.353498 0.976588
vt 0.368636 0.976588
vt 0.368636 0.993228
vt 0.353498 0.993228
vt 0.951721 0.406604
vt 0.944073 0.406604
vt 0.974370 0.434567
vt 0.966107 0.434567
vt 0.951721 0.218512
vt 0.944073 0.218512
vt 0.974370 0.464546
vt 0.966107 0.464546
vt 0.951721 0.204334
vt 0.944073 0.204334
vt 0.951721 0.028437
vt 0.951721 0.057308
vt 0.944073 0.057308
vt 0.944073 0.028437
vt 0.951721 0.191280
vt 0.944073 0.191280
vt 0.951721 0.179097
vt 0.944073 0.179097
vt 0.951721 0.078911
vt 0.944073 0.078911
vt 0.951721 0.133797
vt 0.944073 0.133797
vt 0.951721 0.129668
vt 0.944073 0.129668
vt 0.004714 0.976588
vt 0.031237 0.976588
vt 0.031237 0.993228
vt 0.004714 0.993228
vt 0.951721 0.429753
vt 0.944073 0.429753
vt 0.196577 0.976588
vt 0.196577 0.993228
vt 0.190662 0.976588
vt 0.190662 0.993228
vt 0.585105 0.980030
vt 0.585105 0.992083
vt 0.576024 0.980030
vt 0.576024 0.992083
vt 0.298868 0.773338
vt 0.309009 0.772184
vt 0.974370 0.246563
vt 0.966107 0.246563
vt 0.301711 0.798313
vt 0.311852 0.797159
vt 0.992332 0.980030
vt 0.992332 0.992083
vt 0.422664 0.976588
vt 0.422664 0.993228
vt 0.401086 0.976588
vt 0.401086 0.993228
vt 0.554512 0.980030
vt 0.554512 0.992083
vt 0.523986 0.976588
vt 0.544335 0.976588
vt 0.544335 0.993228
vt 0.523986 0.993228
vt 0.637624 0.980030
vt 0.637624 0.992083
vt 0.624500 0.980030
vt 0.624500 0.992083
vt 0.290317 0.698308
vt 0.300459 0.697152
vt 0.848671 0.801450
vt 0.868905 0.800551
vt 0.867709 0.806564
vt 0.860681 0.817082
vt 0.855583 0.820488
vt 0.849571 0.821684
vt 0.843558 0.820488
vt 0.833039 0.813460
vt 0.829634 0.808362
vt 0.828438 0.802349
vt 0.829634 0.796337
vt 0.836661 0.785819
vt 0.841759 0.782412
vt 0.847772 0.781217
vt 0.853785 0.782412
vt 0.864303 0.789441
vt 0.867709 0.794538
vt 0.909857 0.822417
vt 0.905243 0.824883
vt 0.894301 0.817579
vt 0.897688 0.800551
vt 0.909904 0.801450
vt 0.913223 0.805494
vt 0.891969 0.844749
vt 0.881033 0.837434
vt 0.877110 0.859541
vt 0.872104 0.858022
vt 0.866598 0.847080
vt 0.891456 0.849955
vt 0.848671 0.862683
vt 0.849571 0.850467
vt 0.827704 0.862636
vt 0.825239 0.858022
vt 0.832543 0.847080
vt 0.844627 0.866002
vt 0.805373 0.844749
vt 0.812687 0.833813
vt 0.790580 0.829889
vt 0.792099 0.824883
vt 0.803041 0.819377
vt 0.800166 0.844236
vt 0.787438 0.801450
vt 0.799655 0.802349
vt 0.787485 0.780484
vt 0.792099 0.778017
vt 0.803041 0.785322
vt 0.784119 0.797406
vt 0.805373 0.758152
vt 0.816308 0.765466
vt 0.820232 0.743360
vt 0.825239 0.744878
vt 0.830744 0.755821
vt 0.805885 0.752945
vt 0.848671 0.740217
vt 0.847772 0.752434
vt 0.869638 0.740265
vt 0.872104 0.744878
vt 0.864799 0.755821
vt 0.852715 0.736898
vt 0.891969 0.758152
vt 0.884655 0.769088
vt 0.906762 0.773011
vt 0.905243 0.778017
vt 0.894301 0.783523
vt 0.897175 0.758665
vt 0.451610 0.047633
vt 0.451523 0.042567
vt 0.455430 0.038568
vt 0.455587 0.051520
vt 0.434499 0.049508
vt 0.410145 0.050238
vt 0.409888 0.042259
vt 0.434279 0.041528
vt 0.274509 0.058186
vt 0.250198 0.060022
vt 0.249594 0.052062
vt 0.273912 0.050225
vt 0.928177 0.808469
vt 0.924811 0.825392
vt 0.514600 0.040891
vt 0.529180 0.040892
vt 0.529180 0.048876
vt 0.514600 0.048875
vt 0.899928 0.862633
vt 0.885581 0.872219
vt 0.841653 0.880957
vt 0.824729 0.877591
vt 0.354010 0.044861
vt 0.368579 0.044016
vt 0.369026 0.051987
vt 0.354485 0.052830
vt 0.787488 0.852707
vt 0.777902 0.838360
vt 0.288457 0.049143
vt 0.289043 0.057105
vt 0.769165 0.794431
vt 0.772530 0.777509
vt 0.797414 0.740268
vt 0.811761 0.730681
vt 0.855690 0.721943
vt 0.872612 0.725310
vt 0.909853 0.750193
vt 0.919440 0.764540
vt 0.930093 0.810405
vt 0.927322 0.824336
vt 0.899913 0.865356
vt 0.888102 0.873248
vt 0.839717 0.882872
vt 0.825785 0.880101
vt 0.784765 0.852693
vt 0.776874 0.840882
vt 0.291164 0.050407
vt 0.291528 0.055461
vt 0.767249 0.792496
vt 0.770020 0.778564
vt 0.797428 0.737544
vt 0.809240 0.729653
vt 0.857625 0.720028
vt 0.871557 0.722799
vt 0.692282 0.043288
vt 0.692155 0.048354
vt 0.689530 0.049750
vt 0.689702 0.041769
vt 0.912577 0.750208
vt 0.920468 0.762019
vt 0.914028 0.801450
vt 0.909053 0.826461
vt 0.894885 0.847664
vt 0.873682 0.861831
vt 0.848671 0.866807
vt 0.823660 0.861831
vt 0.802457 0.847664
vt 0.788289 0.826461
vt 0.783314 0.801450
vt 0.788289 0.776439
vt 0.802457 0.755236
vt 0.823660 0.741069
vt 0.848671 0.736094
vt 0.873682 0.741069
vt 0.894885 0.755236
vt 0.909053 0.776439
vt 0.928982 0.804425
vt 0.924007 0.829436
vt 0.903356 0.860342
vt 0.882153 0.874510
vt 0.845696 0.881761
vt 0.820685 0.876786
vt 0.789779 0.856135
vt 0.775612 0.834932
vt 0.768360 0.798476
vt 0.773335 0.773465
vt 0.793986 0.742558
vt 0.815189 0.728391
vt 0.851646 0.721139
vt 0.876656 0.726114
vt 0.907563 0.746765
vt 0.921730 0.767968
vt 0.930898 0.806361
vt 0.926517 0.828380
vt 0.903342 0.863065
vt 0.884674 0.875539
vt 0.843761 0.883677
vt 0.821741 0.879297
vt 0.787056 0.856121
vt 0.774583 0.837454
vt 0.766445 0.796540
vt 0.770825 0.774520
vt 0.794000 0.739835
vt 0.812667 0.727362
vt 0.853582 0.719224
vt 0.875601 0.723604
vt 0.910286 0.746779
vt 0.922759 0.765447
vt 0.288299 0.178607
vt 0.288870 0.162748
vt 0.294728 0.162959
vt 0.294158 0.178817
vt 0.177661 0.174625
vt 0.171802 0.174414
vt 0.172373 0.158556
vt 0.178232 0.158767
vt 0.840314 0.309671
vt 0.856153 0.308709
vt 0.856509 0.314560
vt 0.840669 0.315523
vt 0.833241 0.193314
vt 0.849081 0.192351
vt 0.849436 0.198202
vt 0.833597 0.199165
vt 0.327070 0.159796
vt 0.326915 0.175665
vt 0.321053 0.175607
vt 0.321208 0.159739
vt 0.437775 0.160880
vt 0.437619 0.176749
vt 0.431757 0.176691
vt 0.431913 0.160823
vt 0.438032 0.210871
vt 0.438189 0.226739
vt 0.410668 0.227011
vt 0.410511 0.211143
vt 0.183519 0.174836
vt 0.184090 0.158977
vt 0.211594 0.159967
vt 0.211024 0.175826
vt 0.835267 0.226637
vt 0.851106 0.225674
vt 0.404392 0.160554
vt 0.404236 0.176422
vt 0.393911 0.211307
vt 0.394068 0.227175
vt 0.228185 0.160565
vt 0.227614 0.176423
vt 0.852114 0.242244
vt 0.836274 0.243207
vt 0.371191 0.160228
vt 0.387792 0.160391
vt 0.387636 0.176259
vt 0.371036 0.176096
vt 0.360711 0.211636
vt 0.377311 0.211471
vt 0.377468 0.227340
vt 0.360868 0.227504
vt 0.294824 0.046194
vt 0.295734 0.059114
vt 0.675111 0.041477
vt 0.674967 0.049459
vt 0.650604 0.049066
vt 0.650714 0.041084
vt 0.448874 0.041162
vt 0.449054 0.049143
vt 0.772485 0.046138
vt 0.772282 0.051201
vt 0.769625 0.052554
vt 0.769939 0.044577
vt 0.315101 0.047283
vt 0.329660 0.046353
vt 0.330158 0.054321
vt 0.315618 0.055249
vt 0.636115 0.040917
vt 0.636045 0.048900
vt 0.555859 0.040893
vt 0.555858 0.048877
vt 0.553254 0.047419
vt 0.553254 0.042351
vt 0.475636 0.040891
vt 0.475636 0.048875
vt 0.473040 0.047417
vt 0.473025 0.042349
vt 0.232568 0.054822
vt 0.235055 0.053169
vt 0.235662 0.061130
vt 0.232956 0.059875
vt 0.312591 0.048910
vt 0.312931 0.053966
vt 0.405750 0.548714
vt 0.424788 0.553828
vt 0.425984 0.547815
vt 0.417760 0.564345
vt 0.412663 0.567752
vt 0.406650 0.568947
vt 0.400637 0.567752
vt 0.390119 0.560724
vt 0.386713 0.555626
vt 0.385517 0.549613
vt 0.386713 0.543600
vt 0.393741 0.533083
vt 0.398838 0.529677
vt 0.404851 0.528481
vt 0.410864 0.529677
vt 0.421382 0.536704
vt 0.424788 0.541802
vt 0.466936 0.569681
vt 0.470302 0.552758
vt 0.466983 0.548714
vt 0.454767 0.547815
vt 0.451380 0.564842
vt 0.462322 0.572147
vt 0.438113 0.584698
vt 0.449049 0.592012
vt 0.434189 0.606805
vt 0.448536 0.597219
vt 0.423677 0.594343
vt 0.429183 0.605286
vt 0.406650 0.597730
vt 0.405750 0.609947
vt 0.384784 0.609900
vt 0.401706 0.613266
vt 0.389622 0.594343
vt 0.382317 0.605286
vt 0.369766 0.581076
vt 0.362452 0.592012
vt 0.347660 0.577154
vt 0.357246 0.591500
vt 0.360121 0.566641
vt 0.349178 0.572147
vt 0.356734 0.549613
vt 0.344517 0.548714
vt 0.344564 0.527747
vt 0.341198 0.544670
vt 0.360121 0.532586
vt 0.349178 0.525281
vt 0.373388 0.512730
vt 0.362452 0.505416
vt 0.377311 0.490623
vt 0.362965 0.500209
vt 0.387824 0.503085
vt 0.382317 0.492142
vt 0.404851 0.499698
vt 0.405750 0.487481
vt 0.426717 0.487528
vt 0.409794 0.484162
vt 0.421878 0.503085
vt 0.429183 0.492142
vt 0.441734 0.516352
vt 0.449049 0.505416
vt 0.463841 0.520275
vt 0.454255 0.505928
vt 0.451380 0.530787
vt 0.462322 0.525281
vt 0.531784 0.047418
vt 0.531784 0.042351
vt 0.535728 0.038408
vt 0.535728 0.051361
vt 0.211552 0.061524
vt 0.211163 0.056471
vt 0.214791 0.052237
vt 0.215786 0.065152
vt 0.170220 0.066177
vt 0.169605 0.058217
vt 0.193917 0.056341
vt 0.194531 0.064300
vt 0.789630 0.055851
vt 0.790157 0.042909
vt 0.793936 0.047009
vt 0.793729 0.052072
vt 0.730699 0.051055
vt 0.730996 0.043077
vt 0.755368 0.044006
vt 0.755060 0.051983
vt 0.696341 0.039454
vt 0.695978 0.052401
vt 0.612008 0.047425
vt 0.612008 0.042357
vt 0.615951 0.038415
vt 0.615951 0.051367
vt 0.570438 0.048879
vt 0.570439 0.040896
vt 0.594823 0.040896
vt 0.594823 0.048879
vt 0.481891 0.572656
vt 0.485257 0.555733
vt 0.442661 0.619483
vt 0.457007 0.609897
vt 0.381809 0.624855
vt 0.398732 0.628221
vt 0.334982 0.585624
vt 0.344568 0.599971
vt 0.329610 0.524773
vt 0.326243 0.541695
vt 0.208454 0.055218
vt 0.209068 0.063178
vt 0.368840 0.477945
vt 0.354494 0.487531
vt 0.429692 0.472573
vt 0.412769 0.469207
vt 0.476519 0.511804
vt 0.466933 0.497457
vt 0.484401 0.571600
vt 0.487172 0.557668
vt 0.445182 0.620512
vt 0.456993 0.612620
vt 0.382864 0.627365
vt 0.396796 0.630136
vt 0.333953 0.588146
vt 0.341845 0.599956
vt 0.327100 0.525828
vt 0.324328 0.539760
vt 0.366319 0.476917
vt 0.354508 0.484808
vt 0.428636 0.470063
vt 0.414705 0.467292
vt 0.477548 0.509282
vt 0.469656 0.497472
vt 0.471107 0.548714
vt 0.466132 0.573725
vt 0.451964 0.594928
vt 0.430761 0.609096
vt 0.405750 0.614071
vt 0.380740 0.609096
vt 0.359536 0.594928
vt 0.345369 0.573725
vt 0.340394 0.548714
vt 0.345369 0.523703
vt 0.359536 0.502500
vt 0.380740 0.488333
vt 0.405750 0.483358
vt 0.430761 0.488333
vt 0.451964 0.502500
vt 0.466132 0.523703
vt 0.486061 0.551689
vt 0.481086 0.576700
vt 0.460435 0.607606
vt 0.439232 0.621774
vt 0.402776 0.629025
vt 0.377765 0.624050
vt 0.346859 0.603399
vt 0.332691 0.582196
vt 0.325439 0.545740
vt 0.330414 0.520729
vt 0.351065 0.489822
vt 0.372268 0.475655
vt 0.408725 0.468403
vt 0.433736 0.473378
vt 0.464642 0.494029
vt 0.478810 0.515232
vt 0.487977 0.553624
vt 0.483597 0.575644
vt 0.460421 0.610329
vt 0.441754 0.622802
vt 0.400840 0.630941
vt 0.378820 0.626560
vt 0.344135 0.603385
vt 0.331663 0.584717
vt 0.323524 0.543804
vt 0.327904 0.521784
vt 0.351080 0.487099
vt 0.369747 0.474626
vt 0.410661 0.466487
vt 0.432680 0.470868
vt 0.467365 0.494043
vt 0.479838 0.512711
vt 0.443894 0.210813
vt 0.444051 0.226680
vt 0.839958 0.303820
vt 0.855798 0.302857
vt 0.443636 0.160937
vt 0.443481 0.176806
vt 0.327327 0.211966
vt 0.333189 0.211908
vt 0.333346 0.227776
vt 0.327484 0.227834
vt 0.449755 0.210755
vt 0.449913 0.226622
vt 0.260795 0.177617
vt 0.261365 0.161759
vt 0.838289 0.276348
vt 0.854128 0.275385
vt 0.354591 0.160066
vt 0.354436 0.175934
vt 0.244204 0.177020
vt 0.244775 0.161161
vt 0.837281 0.259777
vt 0.853121 0.258815
vt 0.490216 0.048875
vt 0.490216 0.040891
vt 0.375026 0.041194
vt 0.375653 0.054131
vt 0.371534 0.050390
vt 0.371270 0.045330
vt 0.609404 0.040899
vt 0.609404 0.048882
vt 0.395593 0.050741
vt 0.395300 0.042763
vt 0.392949 0.049385
vt 0.392740 0.044322
vt 0.716418 0.042547
vt 0.716138 0.050525
vt 0.713594 0.048979
vt 0.713759 0.043915
vt 0.811165 0.046256
vt 0.810839 0.054233
vt 0.796271 0.053636
vt 0.796598 0.045659
vt 0.633484 0.042358
vt 0.633469 0.047426
vt 0.709931 0.039850
vt 0.709540 0.052797
vt 0.776584 0.042357
vt 0.776061 0.055299
vt 0.228334 0.051194
vt 0.229328 0.064108
vt 0.308382 0.045247
vt 0.309274 0.058168
vt 0.388614 0.040556
vt 0.389200 0.053496
vt 0.469038 0.038431
vt 0.469142 0.051383
vt 0.549310 0.038408
vt 0.549310 0.051361
vt 0.629534 0.038415
vt 0.629534 0.051368
vt 0.779246 0.612889
vt 0.767163 0.598570
vt 0.784884 0.607067
vt 0.783369 0.612864
vt 0.785936 0.599605
vt 0.788502 0.602292
vt 0.765286 0.625345
vt 0.784187 0.618800
vt 0.809905 0.646139
vt 0.797432 0.632803
vt 0.797788 0.629104
vt 0.803723 0.628285
vt 0.783319 0.645225
vt 0.783960 0.626501
vt 0.787215 0.623970
vt 0.791991 0.627589
vt 0.787491 0.581411
vt 0.793673 0.599264
vt 0.799965 0.594747
vt 0.799609 0.598446
vt 0.814077 0.582325
vt 0.813437 0.601049
vt 0.810181 0.603579
vt 0.805406 0.599961
vt 0.832111 0.602204
vt 0.813209 0.608750
vt 0.811461 0.627945
vt 0.808894 0.625258
vt 0.818150 0.614661
vt 0.830232 0.628979
vt 0.812512 0.620482
vt 0.814027 0.614685
vt 0.789327 0.609224
vt 0.788299 0.613157
vt 0.791782 0.605985
vt 0.788854 0.617184
vt 0.798080 0.624174
vt 0.802107 0.623619
vt 0.790908 0.620691
vt 0.794148 0.623146
vt 0.795290 0.603931
vt 0.799316 0.603376
vt 0.806488 0.606858
vt 0.803248 0.604403
vt 0.808542 0.610366
vt 0.805615 0.621565
vt 0.808070 0.618325
vt 0.809097 0.614393
vt 0.422303 0.252245
vt 0.418239 0.252310
vt 0.418131 0.245499
vt 0.422195 0.245435
vt 0.414175 0.252374
vt 0.414067 0.245564
vt 0.361340 0.253213
vt 0.357276 0.253277
vt 0.357168 0.246467
vt 0.361232 0.246402
vt 0.377596 0.252955
vt 0.373532 0.253020
vt 0.373424 0.246209
vt 0.377488 0.246144
vt 0.369468 0.253084
vt 0.365404 0.253148
vt 0.365296 0.246337
vt 0.369360 0.246273
vt 0.410111 0.252439
vt 0.410002 0.245628
vt 0.406047 0.252504
vt 0.405938 0.245693
vt 0.401982 0.252568
vt 0.397918 0.252633
vt 0.397810 0.245822
vt 0.401874 0.245758
vt 0.393853 0.252697
vt 0.393745 0.245886
vt 0.381661 0.252891
vt 0.381553 0.246080
vt 0.389789 0.252762
vt 0.385725 0.252826
vt 0.385617 0.246015
vt 0.389681 0.245951
vt 0.316885 0.750652
vt 0.317913 0.746720
vt 0.327284 0.751270
vt 0.320368 0.743480
vt 0.317441 0.754679
vt 0.330693 0.761114
vt 0.326667 0.761669
vt 0.322734 0.760641
vt 0.319494 0.758187
vt 0.323875 0.741426
vt 0.327902 0.740871
vt 0.331835 0.741899
vt 0.335075 0.744354
vt 0.337128 0.747861
vt 0.334201 0.759060
vt 0.337683 0.751888
vt 0.336656 0.755820
vt 0.020570 0.337766
vt 0.020643 0.356028
vt 0.010534 0.356067
vt 0.010461 0.337806
vt 0.020717 0.374828
vt 0.020789 0.393563
vt 0.010680 0.393601
vt 0.010608 0.374867
vt 0.020860 0.412272
vt 0.010751 0.412310
vt 0.020929 0.430981
vt 0.020998 0.449713
vt 0.010890 0.449750
vt 0.010821 0.431018
vt 0.021067 0.468510
vt 0.010959 0.468547
vt 0.020497 0.319505
vt 0.010387 0.319546
vt 0.593046 0.785850
vt 0.597169 0.785826
vt 0.598684 0.780029
vt 0.580964 0.771532
vt 0.602303 0.775253
vt 0.599736 0.772567
vt 0.579086 0.798307
vt 0.597987 0.791762
vt 0.623705 0.819101
vt 0.617523 0.801247
vt 0.611587 0.802066
vt 0.611231 0.805764
vt 0.597119 0.818187
vt 0.605790 0.800550
vt 0.601015 0.796932
vt 0.597760 0.799463
vt 0.607473 0.772226
vt 0.601291 0.754372
vt 0.613409 0.771407
vt 0.613764 0.767709
vt 0.627877 0.755287
vt 0.619206 0.772923
vt 0.623981 0.776541
vt 0.627236 0.774011
vt 0.627009 0.781712
vt 0.645910 0.775166
vt 0.625261 0.800907
vt 0.622693 0.798220
vt 0.631950 0.787623
vt 0.627827 0.787647
vt 0.626312 0.793444
vt 0.644032 0.801941
vt 0.602099 0.786119
vt 0.603127 0.782186
vt 0.605582 0.778947
vt 0.602654 0.790146
vt 0.615907 0.796581
vt 0.611880 0.797136
vt 0.607948 0.796108
vt 0.604708 0.793653
vt 0.609089 0.776893
vt 0.613116 0.776338
vt 0.617048 0.777366
vt 0.620288 0.779820
vt 0.622342 0.783328
vt 0.619414 0.794527
vt 0.622897 0.787355
vt 0.621869 0.791287
vt 0.283949 0.767733
vt 0.277149 0.767329
vt 0.277390 0.763271
vt 0.284190 0.763675
vt 0.277631 0.759213
vt 0.284431 0.759617
vt 0.283708 0.771790
vt 0.276908 0.771386
vt 0.282745 0.788019
vt 0.275946 0.787615
vt 0.276186 0.783558
vt 0.282985 0.783961
vt 0.283226 0.779904
vt 0.276427 0.779500
vt 0.276668 0.775443
vt 0.283467 0.775847
vt 0.277872 0.755155
vt 0.284672 0.755559
vt 0.278113 0.751097
vt 0.284913 0.751501
vt 0.285155 0.747443
vt 0.278354 0.747039
vt 0.278595 0.742981
vt 0.285396 0.743385
vt 0.278837 0.738923
vt 0.285637 0.739328
vt 0.282504 0.792076
vt 0.275705 0.791673
vt 0.282023 0.800190
vt 0.275224 0.799787
vt 0.275465 0.795730
vt 0.282264 0.796133
vt 0.279078 0.734866
vt 0.285878 0.735270
vt 0.322320 0.721146
vt 0.332719 0.721764
vt 0.323348 0.717214
vt 0.325803 0.713974
vt 0.322875 0.725173
vt 0.336128 0.731608
vt 0.332101 0.732163
vt 0.328169 0.731135
vt 0.324929 0.728681
vt 0.329310 0.711920
vt 0.333337 0.711365
vt 0.337269 0.712393
vt 0.340509 0.714847
vt 0.342563 0.718355
vt 0.339636 0.729554
vt 0.343118 0.722382
vt 0.342090 0.726315
vt 0.021133 0.486768
vt 0.011026 0.486805
vt 0.020421 0.300704
vt 0.010311 0.300745
vt 0.010235 0.282010
vt 0.020345 0.281969
vt 0.010159 0.263299
vt 0.020270 0.263258
vt 0.020044 0.207008
vt 0.009933 0.207048
vt 0.009860 0.188785
vt 0.019971 0.188744
vt 0.020119 0.225810
vt 0.020194 0.244547
vt 0.010084 0.244587
vt 0.010008 0.225851
vt 0.874729 0.426217
vt 0.874729 0.426633
vt 0.875689 0.426304
vt 0.875319 0.425587
vt 0.874729 0.425229
vt 0.874140 0.425587
vt 0.873770 0.426304
vt 0.874729 0.426957
vt 0.876001 0.426107
vt 0.875735 0.425034
vt 0.874729 0.424560
vt 0.873724 0.425034
vt 0.873458 0.426107
vt 0.874729 0.427241
vt 0.693164 0.653324
vt 0.690561 0.652349
vt 0.693616 0.636995
vt 0.696393 0.637091
vt 0.683969 0.667085
vt 0.682074 0.665052
vt 0.670209 0.676279
vt 0.669057 0.673750
vt 0.653977 0.679508
vt 0.654073 0.676730
vt 0.637745 0.676279
vt 0.638719 0.673676
vt 0.623984 0.667085
vt 0.626016 0.665189
vt 0.614789 0.653324
vt 0.617319 0.652171
vt 0.611560 0.637091
vt 0.614338 0.637188
vt 0.614789 0.620859
vt 0.617392 0.621833
vt 0.623984 0.607098
vt 0.625880 0.609131
vt 0.637745 0.597904
vt 0.638897 0.600433
vt 0.653977 0.594675
vt 0.653880 0.597452
vt 0.670209 0.597904
vt 0.669235 0.600507
vt 0.683969 0.607098
vt 0.681938 0.608994
vt 0.693164 0.620859
vt 0.690635 0.622011
vt 0.657142 0.636462
vt 0.661849 0.636766
vt 0.661125 0.640405
vt 0.656660 0.638884
vt 0.659773 0.642427
vt 0.656688 0.644489
vt 0.654607 0.640256
vt 0.654303 0.644963
vt 0.650663 0.644239
vt 0.652184 0.639775
vt 0.648641 0.642888
vt 0.646580 0.639803
vt 0.650812 0.637721
vt 0.646105 0.637417
vt 0.646829 0.633778
vt 0.651294 0.635299
vt 0.648180 0.631755
vt 0.651265 0.629694
vt 0.653347 0.633927
vt 0.653651 0.629220
vt 0.657290 0.629943
vt 0.655769 0.634408
vt 0.659313 0.631295
vt 0.661374 0.634380
vt 0.704384 0.666893
vt 0.700800 0.672257
vt 0.668547 0.693808
vt 0.662220 0.695066
vt 0.624175 0.687499
vt 0.618811 0.683915
vt 0.597261 0.651662
vt 0.596002 0.645335
vt 0.603570 0.607290
vt 0.607154 0.601926
vt 0.649184 0.093120
vt 0.666326 0.095503
vt 0.666306 0.098094
vt 0.649135 0.100232
vt 0.639407 0.580375
vt 0.645734 0.579116
vt 0.683779 0.586684
vt 0.689142 0.590268
vt 0.710693 0.622521
vt 0.711952 0.628848
vt 0.686275 0.656591
vt 0.684352 0.659469
vt 0.663027 0.673718
vt 0.659632 0.674394
vt 0.634477 0.669390
vt 0.631599 0.667467
vt 0.617350 0.646142
vt 0.616675 0.642747
vt 0.621678 0.617592
vt 0.623602 0.614714
vt 0.644927 0.600465
vt 0.648322 0.599789
vt 0.673476 0.604793
vt 0.676355 0.606716
vt 0.690603 0.628041
vt 0.691279 0.631436
vt 0.372283 0.235492
vt 0.371938 0.239464
vt 0.367227 0.239517
vt 0.367571 0.235545
vt 0.410264 0.235061
vt 0.409919 0.239033
vt 0.793369 0.320250
vt 0.792836 0.317670
vt 0.796379 0.316938
vt 0.796912 0.319518
vt 0.397547 0.269286
vt 0.397555 0.266651
vt 0.401172 0.266663
vt 0.401164 0.269297
vt 0.256598 0.306393
vt 0.254024 0.305835
vt 0.254792 0.302300
vt 0.257366 0.302859
vt 0.680346 0.355392
vt 0.682124 0.357336
vt 0.679454 0.359777
vt 0.677676 0.357833
vt 0.372171 0.262590
vt 0.372191 0.259956
vt 0.375809 0.259983
vt 0.375789 0.262618
vt 0.404965 0.260205
vt 0.404945 0.262839
vt 0.343015 0.262368
vt 0.343036 0.259733
vt 0.657939 0.379454
vt 0.656162 0.377511
vt 0.701861 0.335713
vt 0.703639 0.337658
vt 0.263553 0.274365
vt 0.260979 0.273806
vt 0.250411 0.334886
vt 0.247837 0.334328
vt 0.430329 0.266755
vt 0.430321 0.269389
vt 0.368389 0.269193
vt 0.368398 0.266559
vt 0.764816 0.326151
vt 0.764283 0.323571
vt 0.264564 0.283119
vt 0.267138 0.283678
vt 0.260951 0.312171
vt 0.258376 0.311612
vt 0.265331 0.279585
vt 0.271518 0.251092
vt 0.274093 0.251651
vt 0.267906 0.280143
vt 0.329246 0.239947
vt 0.329591 0.235975
vt 0.442833 0.234692
vt 0.442489 0.238663
vt 0.255644 0.336606
vt 0.253070 0.336047
vt 0.740331 0.331212
vt 0.739798 0.328632
vt 0.343387 0.269114
vt 0.343396 0.266480
vt 0.720312 0.318839
vt 0.722089 0.320783
vt 0.429947 0.263031
vt 0.429967 0.260396
vt 0.439490 0.100455
vt 0.439460 0.097865
vt 0.445752 0.097778
vt 0.445793 0.100368
vt 0.633015 0.100125
vt 0.633060 0.093014
vt 0.349283 0.102908
vt 0.349347 0.095796
vt 0.365499 0.095934
vt 0.365442 0.103046
vt 0.463004 0.102323
vt 0.462875 0.095212
vt 0.576398 0.100345
vt 0.559233 0.098267
vt 0.559200 0.095677
vt 0.576325 0.093233
vt 0.615885 0.097765
vt 0.615891 0.095175
vt 0.672587 0.098148
vt 0.672611 0.095558
vt 0.689792 0.093461
vt 0.689724 0.100574
vt 0.422333 0.102884
vt 0.422266 0.095772
vt 0.479008 0.094916
vt 0.496210 0.096858
vt 0.496258 0.099448
vt 0.479139 0.102028
vt 0.552922 0.095771
vt 0.552965 0.098361
vt 0.535862 0.100945
vt 0.535728 0.093834
vt 0.609609 0.095185
vt 0.609622 0.097774
vt 0.592506 0.100188
vt 0.592440 0.093075
vt 0.269084 0.096689
vt 0.269029 0.099278
vt 0.251820 0.101175
vt 0.251971 0.094064
vt 0.325849 0.097802
vt 0.325806 0.100392
vt 0.308586 0.102327
vt 0.308722 0.095216
vt 0.382663 0.098321
vt 0.382654 0.100911
vt 0.397279 0.274470
vt 0.397235 0.277104
vt 0.368082 0.276609
vt 0.368126 0.273975
vt 0.825467 0.313617
vt 0.824933 0.311037
vt 0.343082 0.276189
vt 0.343127 0.273555
vt 0.266285 0.249372
vt 0.268859 0.249931
vt 0.406181 0.103029
vt 0.406121 0.095917
vt 0.502494 0.096737
vt 0.502544 0.099326
vt 0.519742 0.101255
vt 0.519605 0.094144
vt 0.705854 0.100729
vt 0.705922 0.093617
vt 0.275374 0.096820
vt 0.275321 0.099409
vt 0.292444 0.102012
vt 0.292584 0.094901
vt 0.332148 0.097894
vt 0.332117 0.100483
vt 0.388964 0.098316
vt 0.388975 0.100906
vt 0.653977 0.637091
vt 0.800721 0.449823
vt 0.800119 0.448774
vt 0.799557 0.447792
vt 0.800174 0.448869
vt 0.800382 0.449232
vt 0.800382 0.449232
vt 0.800472 0.449389
vt 0.799907 0.448403
vt 0.799768 0.448161
vt 0.799812 0.448237
vt 0.800428 0.449312
vt 0.800721 0.449823
vt 0.800721 0.449823
vt 0.800721 0.449823
vt 0.800139 0.448808
vt 0.922121 0.369600
vt 0.933310 0.369600
vt 0.932459 0.373882
vt 0.930033 0.377512
vt 0.925934 0.373413
vt 0.926403 0.379938
vt 0.922121 0.380790
vt 0.917839 0.379938
vt 0.914209 0.377512
vt 0.911783 0.373882
vt 0.910932 0.369600
vt 0.911783 0.365318
vt 0.914209 0.361688
vt 0.917839 0.359262
vt 0.922121 0.358410
vt 0.926403 0.359262
vt 0.930033 0.361688
vt 0.932459 0.365318
vt 0.503408 0.828214
vt 0.497938 0.831381
vt 0.496369 0.826887
vt 0.500209 0.824664
vt 0.491663 0.832215
vt 0.491970 0.827471
vt 0.485555 0.830586
vt 0.487683 0.826328
vt 0.480529 0.826738
vt 0.484160 0.823631
vt 0.477362 0.821267
vt 0.481937 0.819791
vt 0.476528 0.814993
vt 0.481353 0.815392
vt 0.478157 0.808885
vt 0.482496 0.811106
vt 0.482005 0.803859
vt 0.485193 0.807582
vt 0.487475 0.800691
vt 0.489033 0.805359
vt 0.493750 0.799858
vt 0.493432 0.804775
vt 0.499858 0.801487
vt 0.497719 0.805919
vt 0.504884 0.805334
vt 0.501242 0.808615
vt 0.508051 0.810805
vt 0.503465 0.812455
vt 0.508885 0.817080
vt 0.504049 0.816854
vt 0.507256 0.823188
vt 0.502906 0.821141
vt 0.608483 0.966966
vt 0.600140 0.967042
vt 0.600102 0.962289
vt 0.608436 0.962213
vt 0.487625 0.967691
vt 0.476072 0.967645
vt 0.476096 0.961674
vt 0.487649 0.961720
vt 0.747406 0.959671
vt 0.747504 0.964423
vt 0.739172 0.964593
vt 0.739074 0.959842
vt 0.731610 0.959386
vt 0.731733 0.965356
vt 0.720195 0.965594
vt 0.720071 0.959624
vt 0.510225 0.836837
vt 0.513579 0.843635
vt 0.506246 0.847880
vt 0.502021 0.841587
vt 0.490386 0.843132
vt 0.487950 0.850310
vt 0.479764 0.848127
vt 0.481226 0.840689
vt 0.592637 0.961734
vt 0.592676 0.967705
vt 0.471906 0.833555
vt 0.465108 0.836908
vt 0.460863 0.829576
vt 0.467156 0.825350
vt 0.557796 0.961876
vt 0.565270 0.962475
vt 0.565281 0.967229
vt 0.557801 0.967848
vt 0.475188 0.795236
vt 0.471835 0.788437
vt 0.479167 0.784193
vt 0.483393 0.790486
vt 0.495109 0.962359
vt 0.495091 0.967112
vt 0.495027 0.788940
vt 0.497464 0.781763
vt 0.505649 0.783946
vt 0.504187 0.791383
vt 0.513507 0.798517
vt 0.520306 0.795165
vt 0.524550 0.802497
vt 0.518257 0.806722
vt 0.519803 0.818357
vt 0.526981 0.820793
vt 0.524797 0.828979
vt 0.517360 0.827517
vt 0.546229 0.967852
vt 0.538639 0.967847
vt 0.538646 0.961876
vt 0.546230 0.961881
vt 0.465611 0.813716
vt 0.458215 0.811595
vt 0.460616 0.803094
vt 0.468054 0.804556
vt 0.500095 0.837576
vt 0.507707 0.833169
vt 0.491198 0.838758
vt 0.482700 0.836491
vt 0.475574 0.831036
vt 0.471167 0.823424
vt 0.469985 0.814528
vt 0.472252 0.806030
vt 0.477707 0.798903
vt 0.485319 0.794497
vt 0.494215 0.793315
vt 0.502714 0.795582
vt 0.509840 0.801037
vt 0.514246 0.808649
vt 0.515428 0.817545
vt 0.513162 0.826043
vt 0.349594 0.199523
vt 0.353960 0.199508
vt 0.353974 0.203562
vt 0.349607 0.203577
vt 0.358325 0.199493
vt 0.358339 0.203547
vt 0.362691 0.199479
vt 0.362705 0.203533
vt 0.367057 0.199464
vt 0.367071 0.203518
vt 0.371423 0.199449
vt 0.371436 0.203503
vt 0.375787 0.199435
vt 0.375802 0.203488
vt 0.380152 0.199419
vt 0.380167 0.203473
vt 0.384518 0.199404
vt 0.384532 0.203458
vt 0.388883 0.199388
vt 0.388898 0.203442
vt 0.393250 0.199372
vt 0.393264 0.203427
vt 0.397616 0.199356
vt 0.397631 0.203410
vt 0.401982 0.199340
vt 0.401997 0.203394
vt 0.406349 0.199324
vt 0.406364 0.203379
vt 0.410715 0.199308
vt 0.410730 0.203362
vt 0.415082 0.199291
vt 0.415097 0.203346
vt 0.419448 0.199275
vt 0.419463 0.203330
vt 0.615882 0.961522
vt 0.627424 0.961380
vt 0.627502 0.967350
vt 0.615952 0.967493
vt 0.696867 0.960108
vt 0.696992 0.966078
vt 0.685466 0.966319
vt 0.685342 0.960349
vt 0.650633 0.961022
vt 0.650738 0.966992
vt 0.643279 0.966511
vt 0.643202 0.961758
vt 0.754851 0.958909
vt 0.754973 0.964879
vt 0.712639 0.960388
vt 0.712737 0.965140
vt 0.345160 0.855666
vt 0.355498 0.859948
vt 0.356350 0.855666
vt 0.348973 0.859479
vt 0.353073 0.863578
vt 0.349442 0.866004
vt 0.345160 0.866856
vt 0.340878 0.866004
vt 0.337248 0.863578
vt 0.334822 0.859948
vt 0.333971 0.855666
vt 0.334822 0.851384
vt 0.337248 0.847753
vt 0.340878 0.845328
vt 0.345160 0.844476
vt 0.349442 0.845328
vt 0.353073 0.847753
vt 0.355498 0.851384
vt 0.434936 0.820273
vt 0.439348 0.822062
vt 0.440581 0.815862
vt 0.435802 0.815921
vt 0.432472 0.823962
vt 0.435831 0.827325
vt 0.428782 0.826427
vt 0.430575 0.830837
vt 0.424430 0.827293
vt 0.424366 0.832072
vt 0.420079 0.826427
vt 0.418167 0.830838
vt 0.416390 0.823962
vt 0.412904 0.827322
vt 0.413925 0.820273
vt 0.409392 0.822066
vt 0.413059 0.815921
vt 0.408157 0.815857
vt 0.413925 0.811570
vt 0.409390 0.809658
vt 0.416390 0.807880
vt 0.412907 0.804395
vt 0.420079 0.805415
vt 0.418163 0.800883
vt 0.424430 0.804549
vt 0.424371 0.799648
vt 0.428782 0.805415
vt 0.430571 0.800881
vt 0.432472 0.807880
vt 0.435834 0.804398
vt 0.434936 0.811570
vt 0.439346 0.809654
vt 0.634949 0.966639
vt 0.634880 0.961887
vt 0.581114 0.967775
vt 0.581081 0.961804
vt 0.510899 0.967779
vt 0.510918 0.961809
vt 0.522476 0.961844
vt 0.522459 0.967815
vt 0.503451 0.962391
vt 0.503434 0.967144
vt 0.704418 0.965313
vt 0.704319 0.960561
vt 0.669704 0.966031
vt 0.669610 0.961279
vt 0.677922 0.961111
vt 0.678019 0.965864
vt 0.662274 0.966782
vt 0.662163 0.960812
vt 0.451558 0.816435
vt 0.449708 0.825733
vt 0.457225 0.826714
vt 0.458878 0.818405
vt 0.443188 0.835492
vt 0.435305 0.840759
vt 0.439926 0.846767
vt 0.446970 0.842061
vt 0.423794 0.843049
vt 0.414496 0.841199
vt 0.413515 0.848716
vt 0.421824 0.850368
vt 0.529941 0.962472
vt 0.529932 0.967225
vt 0.397180 0.815284
vt 0.399029 0.805986
vt 0.391513 0.805005
vt 0.389860 0.813314
vt 0.405550 0.796227
vt 0.413433 0.790960
vt 0.408811 0.784952
vt 0.401767 0.789658
vt 0.424944 0.788671
vt 0.434242 0.790520
vt 0.435223 0.783004
vt 0.426914 0.781351
vt 0.444002 0.797041
vt 0.449268 0.804923
vt 0.455277 0.800302
vt 0.450570 0.793258
vt 0.404737 0.834679
vt 0.399470 0.826796
vt 0.393461 0.831417
vt 0.398261 0.838833
vt 0.445424 0.824532
vt 0.447140 0.815905
vt 0.440439 0.831994
vt 0.433125 0.836880
vt 0.424323 0.838631
vt 0.415697 0.836915
vt 0.408235 0.831929
vt 0.403348 0.824616
vt 0.401598 0.815814
vt 0.403314 0.807187
vt 0.408299 0.799726
vt 0.415613 0.794839
vt 0.424415 0.793088
vt 0.433041 0.794804
vt 0.440503 0.799790
vt 0.445389 0.807103
vt 0.262727 0.337152
vt 0.258772 0.336269
vt 0.259723 0.332010
vt 0.263678 0.332893
vt 0.260674 0.327751
vt 0.264629 0.328634
vt 0.261625 0.323492
vt 0.265580 0.324375
vt 0.262577 0.319233
vt 0.266532 0.320116
vt 0.263528 0.314973
vt 0.267484 0.315857
vt 0.264480 0.310713
vt 0.268436 0.311597
vt 0.265433 0.306452
vt 0.269389 0.307337
vt 0.266386 0.302191
vt 0.270343 0.303077
vt 0.267340 0.297929
vt 0.271298 0.298816
vt 0.268295 0.293667
vt 0.272253 0.294554
vt 0.269251 0.289405
vt 0.273208 0.290292
vt 0.270207 0.285143
vt 0.274164 0.286031
vt 0.271163 0.280882
vt 0.275120 0.281769
vt 0.272119 0.276620
vt 0.276075 0.277508
vt 0.273074 0.272359
vt 0.277031 0.273246
vt 0.274030 0.268097
vt 0.277987 0.268985
vt 0.573617 0.962449
vt 0.573636 0.967202
vt 0.801310 0.448963
vt 0.802079 0.448290
vt 0.800225 0.446436
vt 0.799557 0.447792
vt 0.864736 0.463617
vt 0.865893 0.451866
vt 0.915722 0.451867
vt 0.913608 0.473338
vt 0.869624 0.544857
vt 0.864277 0.551715
vt 0.852797 0.550706
vt 0.828710 0.507517
vt 0.839124 0.501950
vt 0.827130 0.559792
vt 0.817410 0.510945
vt 0.805659 0.512103
vt 0.805662 0.561936
vt 0.793908 0.510946
vt 0.784188 0.559823
vt 0.782607 0.507519
vt 0.763540 0.553561
vt 0.772193 0.501953
vt 0.744509 0.543390
vt 0.763065 0.494463
vt 0.727828 0.529702
vt 0.755573 0.485335
vt 0.714139 0.513023
vt 0.750006 0.474921
vt 0.703966 0.493994
vt 0.746578 0.463621
vt 0.697701 0.473345
vt 0.745420 0.451870
vt 0.695585 0.451871
vt 0.746577 0.440118
vt 0.697699 0.430397
vt 0.750005 0.428817
vt 0.703963 0.409748
vt 0.755571 0.418403
vt 0.714134 0.390717
vt 0.763062 0.409275
vt 0.727823 0.374037
vt 0.772190 0.401784
vt 0.744503 0.360348
vt 0.782604 0.396217
vt 0.763533 0.350176
vt 0.793904 0.392789
vt 0.784182 0.343912
vt 0.805656 0.391631
vt 0.805656 0.341797
vt 0.817408 0.392789
vt 0.827130 0.343912
vt 0.828707 0.396216
vt 0.847779 0.350176
vt 0.839121 0.401783
vt 0.866808 0.360348
vt 0.848250 0.409274
vt 0.883487 0.374037
vt 0.855741 0.418402
vt 0.897175 0.390717
vt 0.861307 0.428816
vt 0.907346 0.409747
vt 0.864735 0.440115
vt 0.913608 0.430395
vt 0.805657 0.451868
vt 0.861309 0.474917
vt 0.855742 0.485331
vt 0.848251 0.494459
vt 0.960158 0.551206
vt 0.960157 0.537587
vt 0.983969 0.532849
vt 0.984040 0.555955
vt 0.954947 0.563788
vt 0.975194 0.577315
vt 0.945318 0.573419
vt 0.958847 0.593664
vt 0.932736 0.578632
vt 0.937488 0.602513
vt 0.919117 0.578632
vt 0.914368 0.602515
vt 0.906534 0.573421
vt 0.893007 0.593669
vt 0.896904 0.563792
vt 0.876648 0.577328
vt 0.868058 0.557275
vt 0.891691 0.551210
vt 0.891020 0.544400
vt 0.939280 0.512150
vt 0.925923 0.509494
vt 0.924465 0.485949
vt 0.948552 0.489763
vt 0.971396 0.507077
vt 0.952775 0.522360
vt 0.925924 0.544398
vt 0.893676 0.531042
vt 0.901242 0.519718
vt 0.912565 0.512151
vt 0.907315 0.496521
vt 0.917444 0.483531
vt 0.894464 0.513001
vt 0.882760 0.528012
vt 0.696660 0.313428
vt 0.653473 0.271442
vt 0.660834 0.262209
vt 0.711383 0.294964
vt 0.720968 0.207364
vt 0.669189 0.216870
vt 0.665602 0.205620
vt 0.723039 0.188430
vt 0.659889 0.195286
vt 0.709497 0.161119
vt 0.652270 0.186264
vt 0.694259 0.143075
vt 0.643038 0.178903
vt 0.675794 0.128352
vt 0.632546 0.173484
vt 0.654811 0.117513
vt 0.621199 0.170215
vt 0.632116 0.110977
vt 0.609432 0.169224
vt 0.608583 0.108994
vt 0.597699 0.170547
vt 0.585115 0.111640
vt 0.586448 0.174134
vt 0.562614 0.118814
vt 0.576114 0.179847
vt 0.541944 0.130240
vt 0.567092 0.187466
vt 0.523902 0.145478
vt 0.559731 0.196699
vt 0.509179 0.163944
vt 0.554312 0.207191
vt 0.498341 0.184927
vt 0.551044 0.218538
vt 0.491805 0.207622
vt 0.550053 0.230304
vt 0.489823 0.231155
vt 0.551376 0.242038
vt 0.492470 0.254623
vt 0.554963 0.253288
vt 0.499644 0.277124
vt 0.560676 0.263623
vt 0.511070 0.297792
vt 0.568296 0.272644
vt 0.526309 0.315834
vt 0.577528 0.280005
vt 0.544775 0.330557
vt 0.588020 0.285424
vt 0.565757 0.341394
vt 0.599367 0.288692
vt 0.588451 0.347929
vt 0.611133 0.289684
vt 0.611984 0.349912
vt 0.622867 0.288360
vt 0.635451 0.347265
vt 0.634117 0.284773
vt 0.657951 0.340091
vt 0.644452 0.279061
vt 0.678619 0.328666
vt 0.610283 0.229454
vt 0.666252 0.251718
vt 0.669520 0.240371
vt 0.670512 0.228604
vt 0.800616 0.304433
vt 0.780817 0.275686
vt 0.790311 0.265920
vt 0.819604 0.284902
vt 0.795345 0.253265
vt 0.829672 0.259592
vt 0.795153 0.239647
vt 0.829289 0.232356
vt 0.789765 0.227139
vt 0.818512 0.207340
vt 0.780000 0.217645
vt 0.798982 0.188352
vt 0.767345 0.212611
vt 0.773672 0.178283
vt 0.753726 0.212803
vt 0.746435 0.178667
vt 0.741218 0.218191
vt 0.735990 0.222606
vt 0.736685 0.271966
vt 0.748115 0.279372
vt 0.735213 0.311805
vt 0.764909 0.281457
vt 0.768800 0.315976
vt 0.761018 0.246938
vt 0.728584 0.234036
vt 0.726115 0.247430
vt 0.728960 0.260749
vt 0.714300 0.268297
vt 0.718644 0.228599
vt 0.716574 0.247522
vt 0.926124 0.451867
vt 0.923810 0.475367
vt 0.857912 0.559878
vt 0.829165 0.570023
vt 0.805663 0.572339
vt 0.782160 0.570026
vt 0.759559 0.563172
vt 0.738730 0.552040
vt 0.720473 0.537059
vt 0.705490 0.518803
vt 0.694355 0.497975
vt 0.687499 0.475376
vt 0.685182 0.451872
vt 0.687496 0.428368
vt 0.694351 0.405767
vt 0.705485 0.384938
vt 0.720467 0.366681
vt 0.738723 0.351698
vt 0.759552 0.340564
vt 0.782152 0.333709
vt 0.805656 0.331394
vt 0.829160 0.333709
vt 0.851760 0.340565
vt 0.872588 0.351699
vt 0.890844 0.366682
vt 0.905825 0.384938
vt 0.916956 0.405767
vt 0.923810 0.428366
vt 0.994391 0.530776
vt 0.994392 0.558013
vt 0.983970 0.583178
vt 0.964712 0.602439
vt 0.939548 0.612865
vt 0.912309 0.612867
vt 0.887145 0.602445
vt 0.867883 0.583186
vt 0.952636 0.479902
vt 0.979625 0.500323
vt 0.022479 0.589628
vt 0.035368 0.592858
vt 0.031279 0.609290
vt 0.018577 0.605893
vt 0.037889 0.500326
vt 0.052875 0.502640
vt 0.049851 0.521778
vt 0.035304 0.519267
vt 0.045339 0.418874
vt 0.062159 0.420278
vt 0.060294 0.441762
vt 0.043945 0.440110
vt 0.047379 0.351535
vt 0.065663 0.352100
vt 0.064864 0.375457
vt 0.047076 0.374597
vt 0.044314 0.252907
vt 0.064662 0.252115
vt 0.065588 0.278115
vt 0.045768 0.278541
vt 0.036884 0.171972
vt 0.058855 0.169983
vt 0.061318 0.198054
vt 0.039892 0.199631
vt 0.033332 0.143626
vt 0.055845 0.141232
vt 0.866391 0.208472
vt 0.882088 0.206465
vt 0.885010 0.230079
vt 0.869607 0.231340
vt 0.823756 0.055630
vt 0.845845 0.046321
vt 0.849689 0.071879
vt 0.831802 0.077655
vt 0.867123 0.311887
vt 0.882749 0.313381
vt 0.884337 0.339370
vt 0.863407 0.335664
vt 0.026447 0.625358
vt 0.014232 0.621942
vt 0.026050 0.572835
vt 0.039327 0.575883
vt 0.040202 0.480825
vt 0.055634 0.482933
vt 0.042226 0.460757
vt 0.058113 0.462644
vt 0.046389 0.397040
vt 0.063689 0.398180
vt 0.047277 0.327846
vt 0.066065 0.328097
vt 0.857453 0.100427
vt 0.839195 0.105623
vt 0.023039 0.645625
vt 0.008583 0.640008
vt 0.032461 0.537661
vt 0.046579 0.540356
vt 0.043068 0.558387
vt 0.029374 0.555515
vt 0.046748 0.303517
vt 0.066048 0.303439
vt 0.042363 0.226607
vt 0.063247 0.225430
vt 0.029274 0.114596
vt 0.052301 0.111845
vt 0.024860 0.084901
vt 0.048293 0.081935
vt 0.885544 0.253477
vt 0.870466 0.254170
vt 0.861503 0.184557
vt 0.877936 0.181644
vt 0.855207 0.159509
vt 0.872443 0.155724
vt 0.865633 0.128686
vt 0.847615 0.133263
vt 0.869832 0.282582
vt 0.885851 0.283010
vt 0.016392 0.028696
vt 0.044522 0.022555
vt 0.043929 0.051507
vt 0.020674 0.054567
vt 0.060373 0.022123
vt 0.063961 0.049005
vt 0.028584 0.654182
vt 0.031631 0.646737
vt 0.037181 0.628529
vt 0.041805 0.612229
vt 0.046496 0.595564
vt 0.050839 0.578439
vt 0.054939 0.560791
vt 0.058811 0.542604
vt 0.062453 0.523863
vt 0.065853 0.504554
vt 0.068996 0.484664
vt 0.071867 0.464182
vt 0.074447 0.443095
vt 0.076718 0.421393
vt 0.078662 0.399064
vt 0.080257 0.376096
vt 0.081483 0.352480
vt 0.082319 0.328205
vt 0.082743 0.303258
vt 0.082731 0.277630
vt 0.082259 0.251310
vt 0.081304 0.224288
vt 0.079838 0.196559
vt 0.077836 0.168121
vt 0.075271 0.138991
vt 0.072119 0.109235
vt 0.068362 0.079044
vt 0.898766 0.229073
vt 0.900731 0.253431
vt 0.896874 0.204065
vt 0.893423 0.178368
vt 0.888617 0.151613
vt 0.882529 0.123815
vt 0.875511 0.095401
vt 0.866344 0.067620
vt 0.858939 0.043023
vt 0.856389 0.036140
vt 0.898022 0.314368
vt 0.895956 0.339069
vt 0.899831 0.283634
vt 0.056908 0.008719
vt 0.895059 0.345956
vt 0.054315 0.615998
vt 0.059238 0.599142
vt 0.069926 0.602136
vt 0.064769 0.619131
vt 0.076791 0.526771
vt 0.080628 0.507282
vt 0.092988 0.509615
vt 0.088786 0.529252
vt 0.090589 0.445208
vt 0.093335 0.423273
vt 0.107239 0.424904
vt 0.104097 0.447032
vt 0.097846 0.377467
vt 0.099573 0.353572
vt 0.114713 0.354548
vt 0.112568 0.378674
vt 0.102370 0.277785
vt 0.102432 0.251117
vt 0.119321 0.251025
vt 0.118812 0.277983
vt 0.101095 0.195610
vt 0.099634 0.166758
vt 0.117901 0.165679
vt 0.118898 0.194884
vt 0.097589 0.137180
vt 0.116315 0.135705
vt 0.916156 0.228351
vt 0.914458 0.202670
vt 0.928706 0.201372
vt 0.930028 0.227472
vt 0.886092 0.060960
vt 0.875234 0.034675
vt 0.890675 0.028437
vt 0.901468 0.055290
vt 0.910948 0.343625
vt 0.915505 0.315938
vt 0.929668 0.316832
vt 0.926018 0.345816
vt 0.049225 0.632389
vt 0.059407 0.635812
vt 0.063943 0.581839
vt 0.074917 0.584711
vt 0.084218 0.487200
vt 0.096953 0.489375
vt 0.087544 0.466513
vt 0.100661 0.468518
vt 0.095760 0.400696
vt 0.110069 0.402122
vt 0.100917 0.329002
vt 0.116484 0.329732
vt 0.895142 0.090260
vt 0.911132 0.085621
vt 0.041195 0.652951
vt 0.051495 0.656922
vt 0.068438 0.564031
vt 0.072723 0.545682
vt 0.084362 0.548301
vt 0.079734 0.566779
vt 0.101857 0.303743
vt 0.117858 0.304215
vt 0.102016 0.223728
vt 0.119359 0.223329
vt 0.094887 0.106923
vt 0.114041 0.104960
vt 0.091397 0.076130
vt 0.110837 0.073466
vt 0.917323 0.253232
vt 0.930912 0.252900
vt 0.911676 0.176123
vt 0.926480 0.174224
vt 0.907625 0.148470
vt 0.923042 0.145836
vt 0.902164 0.119733
vt 0.918091 0.116205
vt 0.916318 0.284249
vt 0.930342 0.284423
vt 0.086933 0.045112
vt 0.079473 0.014180
vt 0.098980 0.009796
vt 0.106076 0.041372
vt 0.072729 0.047710
vt 0.067768 0.020934
vt 0.035585 0.647941
vt 0.033347 0.655875
vt 0.041887 0.630048
vt 0.046623 0.613663
vt 0.051404 0.596926
vt 0.055892 0.579728
vt 0.060146 0.562017
vt 0.064178 0.543766
vt 0.067984 0.524959
vt 0.071552 0.505579
vt 0.074868 0.485615
vt 0.077914 0.465053
vt 0.080672 0.443881
vt 0.083126 0.422088
vt 0.085255 0.399662
vt 0.087039 0.376593
vt 0.088457 0.352869
vt 0.089489 0.328479
vt 0.090111 0.303411
vt 0.090301 0.277654
vt 0.090034 0.251199
vt 0.089286 0.224035
vt 0.088029 0.196156
vt 0.086234 0.167559
vt 0.083867 0.138260
vt 0.080881 0.108323
vt 0.077208 0.077944
vt 0.907049 0.253418
vt 0.905436 0.228741
vt 0.903606 0.203459
vt 0.900421 0.177415
vt 0.895906 0.150308
vt 0.890060 0.122161
vt 0.883002 0.093406
vt 0.873880 0.065247
vt 0.865473 0.040991
vt 0.863364 0.033816
vt 0.901793 0.339589
vt 0.904619 0.314862
vt 0.906503 0.283888
vt 0.065973 0.006869
vt 0.901278 0.346595
vt 0.014343 0.604814
vt 0.018068 0.588654
vt 0.030315 0.518563
vt 0.032752 0.499692
vt 0.038349 0.439717
vt 0.039585 0.418571
vt 0.040998 0.374489
vt 0.041135 0.351534
vt 0.039009 0.278893
vt 0.037379 0.253390
vt 0.032598 0.200392
vt 0.029405 0.172878
vt 0.025668 0.144673
vt 0.864613 0.231814
vt 0.861079 0.209403
vt 0.825475 0.079386
vt 0.817382 0.052459
vt 0.858470 0.339437
vt 0.861408 0.311351
vt 0.009855 0.620794
vt 0.021493 0.571934
vt 0.034915 0.480268
vt 0.036786 0.460279
vt 0.040475 0.396831
vt 0.040865 0.327956
vt 0.832484 0.107540
vt 0.004506 0.642277
vt 0.024674 0.554678
vt 0.027618 0.536889
vt 0.040163 0.303745
vt 0.035250 0.227225
vt 0.021418 0.115760
vt 0.016792 0.086097
vt 0.865303 0.254233
vt 0.855924 0.185835
vt 0.849351 0.161097
vt 0.841441 0.135116
vt 0.864518 0.282296
vt 0.012245 0.055487
vt 0.009498 0.023222
vt 0.100155 0.763809
vt 0.100316 0.785548
vt 0.069267 0.786057
vt 0.068716 0.764324
vt 0.149207 0.761472
vt 0.148917 0.789059
vt 0.115967 0.790617
vt 0.115729 0.758415
vt 0.052974 0.759443
vt 0.053790 0.791636
vt 0.020807 0.791157
vt 0.019614 0.763594
vt 0.064339 0.801753
vt 0.067252 0.827269
vt 0.039175 0.831377
vt 0.032509 0.810410
vt 0.105756 0.801075
vt 0.103680 0.826672
vt 0.137852 0.808684
vt 0.131876 0.829858
vt 0.583066 0.900814
vt 0.613552 0.869622
vt 0.633509 0.887884
vt 0.601805 0.920312
vt 0.636047 0.842021
vt 0.653928 0.859689
vt 0.556117 0.923954
vt 0.574039 0.941706
vt 0.547447 0.907851
vt 0.570214 0.886532
vt 0.598995 0.857060
vt 0.619798 0.833774
vt 0.105178 0.748112
vt 0.063182 0.748799
vt 0.064068 0.737995
vt 0.103938 0.737342
vt 0.137309 0.738629
vt 0.134468 0.729787
vt 0.030758 0.740374
vt 0.033308 0.731443
vt 0.561947 0.877666
vt 0.589943 0.848989
vt 0.612213 0.826907
vt 0.622078 0.824693
vt 0.641907 0.833866
vt 0.548150 0.929771
vt 0.568022 0.949506
vt 0.661597 0.853899
vt 0.538462 0.910307
vt 0.540384 0.900427
vt 0.132213 0.872382
vt 0.133915 0.894055
vt 0.102981 0.896764
vt 0.100890 0.875125
vt 0.180976 0.866572
vt 0.182643 0.894111
vt 0.149887 0.898001
vt 0.147366 0.865897
vt 0.084841 0.871373
vt 0.087938 0.903426
vt 0.055004 0.905288
vt 0.051859 0.877879
vt 0.099178 0.912770
vt 0.103893 0.938016
vt 0.076179 0.944104
vt 0.068042 0.923662
vt 0.140442 0.909157
vt 0.140187 0.934837
vt 0.172998 0.914471
vt 0.168538 0.936016
vt 0.432103 0.751375
vt 0.475720 0.751312
vt 0.476648 0.778347
vt 0.431297 0.778406
vt 0.511176 0.748055
vt 0.511077 0.773192
vt 0.396714 0.748329
vt 0.396582 0.773554
vt 0.402144 0.730865
vt 0.433307 0.732199
vt 0.474500 0.732122
vt 0.505692 0.730678
vt 0.136110 0.856368
vt 0.094269 0.860032
vt 0.094387 0.849192
vt 0.134110 0.845713
vt 0.167488 0.844630
vt 0.164027 0.836012
vt 0.061328 0.853927
vt 0.063239 0.844838
vt 0.433850 0.720090
vt 0.473927 0.720009
vt 0.505286 0.720454
vt 0.513773 0.725949
vt 0.521103 0.746531
vt 0.386983 0.746712
vt 0.386800 0.774717
vt 0.520580 0.774616
vt 0.394101 0.726168
vt 0.402502 0.720624
vt 0.614856 0.452819
vt 0.624388 0.472358
vt 0.596602 0.486223
vt 0.586720 0.466859
vt 0.658090 0.429531
vt 0.669740 0.454539
vt 0.640693 0.470172
vt 0.626574 0.441229
vt 0.570414 0.469253
vt 0.585050 0.497938
vt 0.555094 0.511748
vt 0.542116 0.487402
vt 0.598934 0.502509
vt 0.612579 0.524266
vt 0.589028 0.540094
vt 0.573961 0.524060
vt 0.635998 0.484013
vt 0.645178 0.507998
vt 0.668234 0.477018
vt 0.671986 0.498697
vt 0.552917 0.416400
vt 0.592214 0.397473
vt 0.604746 0.421446
vt 0.563884 0.441119
vt 0.622772 0.379198
vt 0.633556 0.401904
vt 0.519693 0.428962
vt 0.530487 0.451762
vt 0.517033 0.410868
vt 0.545706 0.398591
vt 0.582813 0.380701
vt 0.610309 0.365904
vt 0.612607 0.436492
vt 0.575026 0.455245
vt 0.571160 0.445117
vt 0.606839 0.427313
vt 0.637495 0.414064
vt 0.631114 0.407316
vt 0.542141 0.461646
vt 0.540586 0.452490
vt 0.540958 0.387438
vt 0.577056 0.370027
vt 0.605521 0.356863
vt 0.615549 0.358145
vt 0.631062 0.373530
vt 0.510220 0.431714
vt 0.522171 0.457043
vt 0.642740 0.399077
vt 0.507750 0.410113
vt 0.512926 0.401481
s 1
usemtl Material_#3
f 2/1/1 3/2/1 4/3/1 1/4/1
f 6/5/2 7/6/2 8/7/2 5/8/2
f 10/9/3 11/10/3 12/11/3 9/12/3
f 14/13/4 15/14/4 16/15/4 13/16/4
f 18/17/5 19/18/5 20/19/5 17/20/5
f 22/21/6 23/22/6 24/23/6 21/24/6
f 26/25/7 27/26/7 28/27/7 25/28/7
f 30/29/8 31/30/8 32/31/8 29/32/8
f 34/33/9 35/34/9 36/35/9 33/36/9
f 38/37/10 39/38/10 40/39/10 37/40/10
f 42/41/11 43/42/11 44/43/11 41/44/11
f 46/45/12 47/46/12 48/47/12 45/48/12
f 50/49/13 51/50/13 52/51/13 49/52/13
f 54/53/14 55/54/14 56/55/14 53/56/14
f 58/57/15 59/58/15 60/59/15 57/60/15
f 62/61/16 63/62/16 64/63/16 61/64/16
f 66/65/17 67/66/17 68/67/17 65/68/17
f 70/69/18 71/70/18 72/71/18 69/72/18
f 74/73/19 75/74/19 76/75/19 73/76/19
f 78/77/20 79/78/20 80/79/20 77/80/20
f 82/81/21 83/82/21 84/83/21 81/84/21
f 86/85/22 87/86/22 88/87/22 85/88/22
f 90/89/23 91/90/23 92/91/23 89/92/23
f 94/93/24 95/94/24 96/95/24 93/96/24
f 98/97/25 99/98/25 100/99/25 97/100/25
f 102/101/26 103/102/26 104/103/26 101/104/26
f 106/105/27 107/106/27 108/107/27 105/108/27
f 110/109/28 111/110/28 112/111/28 109/112/28
f 114/113/29 115/114/29 116/115/29 113/116/29
f 118/117/30 119/118/30 120/119/30 117/120/30
f 122/121/31 123/122/31 124/123/31 121/124/31
f 126/125/32 127/126/32 128/127/32 125/128/32
f 129/129/33 130/130/34 131/131/35 132/132/35
f 133/133/36 134/134/37 131/135/38 130/136/36
f 130/130/34 135/137/39 136/138/40 137/139/40
f 138/140/41 139/141/42 136/142/43 135/143/41
f 135/137/39 140/144/44 141/145/45 142/146/45
f 143/147/46 144/148/47 141/149/48 140/150/46
f 140/144/44 145/151/49 146/152/50 147/153/50
f 148/154/51 149/155/52 146/156/53 145/157/51
f 145/151/49 150/158/54 151/159/55 152/160/55
f 153/161/56 154/162/57 151/163/58 150/164/56
f 150/158/54 155/165/59 156/166/60 157/167/60
f 158/168/61 159/169/62 156/170/63 155/171/61
f 155/165/59 160/172/64 161/173/65 162/174/65
f 163/175/66 164/176/67 161/177/68 160/178/66
f 160/172/64 165/179/69 166/180/70 167/181/70
f 168/182/71 169/183/72 166/184/73 165/185/71
f 165/179/69 170/186/74 171/187/75 172/188/75
f 173/189/76 174/190/77 171/191/78 170/192/76
f 170/186/74 175/193/79 176/194/80 177/195/80
f 178/196/81 179/197/82 176/198/83 175/199/81
f 175/193/79 180/200/84 181/201/85 182/202/85
f 183/203/86 184/204/87 181/205/88 180/206/86
f 180/200/84 185/207/89 186/208/90 187/209/90
f 188/210/91 189/211/92 186/212/93 185/213/91
f 185/207/89 190/214/94 191/215/95 192/216/95
f 193/217/96 194/218/97 191/219/98 190/220/96
f 190/214/94 195/221/99 196/222/100 197/223/100
f 198/224/101 199/225/102 196/226/103 195/227/101
f 195/221/99 200/228/104 201/229/105 202/230/105
f 203/231/106 204/232/107 201/233/108 200/234/106
f 200/228/104 205/235/109 206/236/110 207/237/110
f 208/238/111 209/239/112 206/240/113 205/241/111
f 205/235/109 210/242/114 211/243/115 212/244/115
f 213/245/116 214/246/117 211/247/118 210/248/116
f 210/242/114 215/249/119 216/250/120 217/251/120
f 218/252/121 219/253/122 216/254/123 215/255/121
f 215/249/119 220/256/124 221/257/125 222/258/125
f 223/259/126 224/260/127 221/261/128 220/262/126
f 220/256/124 225/263/129 226/264/130 227/265/130
f 228/266/131 229/267/132 226/268/133 225/269/131
f 225/263/129 230/270/134 231/271/135 232/272/135
f 233/273/136 234/274/137 231/275/138 230/276/136
f 230/270/134 235/277/139 236/278/140 237/279/140
f 238/280/141 239/281/142 236/282/143 235/283/141
f 235/277/139 240/284/144 241/285/145 242/286/145
f 243/287/146 244/288/147 241/289/148 240/290/146
f 240/284/144 245/291/149 246/292/150 247/293/150
f 248/294/151 249/295/152 246/296/153 245/297/151
f 245/291/149 250/298/154 251/299/155 252/300/155
f 253/301/156 254/302/157 251/303/158 250/304/156
f 250/298/154 255/305/159 256/306/160 257/307/160
f 258/308/161 259/309/162 256/310/163 255/311/161
f 255/305/159 260/312/164 261/313/165 262/314/165
f 263/315/166 264/316/167 261/317/168 260/318/166
f 260/312/164 265/319/169 266/320/170 267/321/170
f 268/322/171 269/323/172 266/324/173 265/325/171
f 265/319/169 270/326/174 271/327/175 272/328/175
f 273/329/176 274/330/177 271/331/178 270/332/176
f 270/326/174 275/333/179 276/334/180 277/335/180
f 278/336/181 279/337/182 276/338/183 275/339/181
f 275/333/179 280/340/184 281/341/185 282/342/185
f 283/343/186 284/344/187 281/345/188 280/346/186
f 280/340/184 129/129/33 285/347/189 286/348/189
f 287/349/190 288/350/191 285/351/192 129/352/190
f 132/132/35 131/131/35 2/353/193 1/354/193
f 134/134/37 3/2/9 2/1/9 131/135/38
f 137/139/40 136/138/40 6/355/193 5/356/193
f 139/141/42 7/6/10 6/5/10 136/142/43
f 142/146/45 141/145/45 10/357/193 9/358/193
f 144/148/47 11/10/11 10/9/11 141/149/48
f 147/153/50 146/152/50 14/359/193 13/360/193
f 149/155/52 15/14/12 14/13/12 146/156/53
f 152/160/55 151/159/55 18/361/193 17/362/193
f 154/162/57 19/18/13 18/17/13 151/163/58
f 157/167/60 156/166/60 22/363/193 21/364/193
f 159/169/62 23/22/14 22/21/14 156/170/63
f 162/174/65 161/173/65 26/365/193 25/366/193
f 164/176/67 27/26/15 26/25/15 161/177/68
f 167/181/70 166/180/70 30/367/193 29/368/193
f 169/183/72 31/30/16 30/29/16 166/184/73
f 172/188/75 171/187/75 34/369/193 33/370/193
f 174/190/77 35/34/17 34/33/17 171/191/78
f 177/195/80 176/194/80 38/371/193 37/372/193
f 179/197/82 39/38/18 38/37/18 176/198/83
f 182/202/85 181/201/85 42/373/193 41/374/193
f 184/204/87 43/42/19 42/41/19 181/205/88
f 187/209/90 186/208/90 46/375/193 45/376/193
f 189/211/92 47/46/20 46/45/20 186/212/93
f 192/216/95 191/215/95 50/377/193 49/378/193
f 194/218/97 51/50/21 50/49/21 191/219/98
f 197/223/100 196/222/100 54/379/193 53/380/193
f 199/225/102 55/54/22 54/53/22 196/226/103
f 202/230/105 201/229/105 58/381/193 57/382/193
f 204/232/107 59/58/23 58/57/23 201/233/108
f 207/237/110 206/236/110 62/383/193 61/384/193
f 209/239/112 63/62/24 62/61/24 206/240/113
f 212/244/115 211/243/115 66/385/193 65/386/193
f 214/246/117 67/66/25 66/65/25 211/247/118
f 217/251/120 216/250/120 70/387/193 69/388/193
f 219/253/122 71/70/26 70/69/26 216/254/123
f 222/258/125 221/257/125 74/389/193 73/390/193
f 224/260/127 75/74/27 74/73/27 221/261/128
f 227/265/130 226/264/130 78/391/193 77/392/193
f 229/267/132 79/78/28 78/77/28 226/268/133
f 232/272/135 231/271/135 82/393/193 81/394/193
f 234/274/137 83/82/29 82/81/29 231/275/138
f 237/279/140 236/278/140 86/395/193 85/396/193
f 239/281/142 87/86/30 86/85/30 236/282/143
f 242/286/145 241/285/145 90/397/193 89/398/193
f 244/288/147 91/90/31 90/89/31 241/289/148
f 247/293/150 246/292/150 94/399/193 93/400/193
f 249/295/152 95/94/32 94/93/32 246/296/153
f 252/300/155 251/299/155 98/401/193 97/402/193
f 254/302/157 99/98/1 98/97/1 251/303/158
f 257/307/160 256/306/160 102/403/193 101/404/193
f 259/309/162 103/102/2 102/101/2 256/310/163
f 262/314/165 261/313/165 106/405/193 105/406/193
f 264/316/167 107/106/3 106/105/3 261/317/168
f 267/321/170 266/320/170 110/407/193 109/408/193
f 269/323/172 111/110/4 110/109/4 266/324/173
f 272/328/175 271/327/175 114/409/193 113/410/193
f 274/330/177 115/114/5 114/113/5 271/331/178
f 277/335/180 276/334/180 118/411/193 117/412/193
f 279/337/182 119/118/6 118/117/6 276/338/183
f 282/342/185 281/341/185 122/413/193 121/414/193
f 284/344/187 123/122/7 122/121/7 281/345/188
f 286/348/189 285/347/189 126/415/193 125/416/193
f 288/350/191 127/126/8 126/125/8 285/351/192
f 130/130/34 129/129/33 290/417/193 289/418/193
f 135/137/39 130/130/34 289/418/193 291/419/193
f 140/144/44 135/137/39 291/419/193 292/420/193
f 145/151/49 140/144/44 292/420/193 293/421/193
f 150/158/54 145/151/49 293/421/193 294/422/193
f 155/165/59 150/158/54 294/422/193 295/423/193
f 160/172/64 155/165/59 295/423/193 296/424/193
f 165/179/69 160/172/64 296/424/193 297/425/193
f 170/186/74 165/179/69 297/425/193 298/426/193
f 175/193/79 170/186/74 298/426/193 299/427/193
f 180/200/84 175/193/79 299/427/193 300/428/193
f 185/207/89 180/200/84 300/428/193 301/429/193
f 190/214/94 185/207/89 301/429/193 302/430/193
f 195/221/99 190/214/94 302/430/193 303/431/193
f 200/228/104 195/221/99 303/431/193 304/432/193
f 205/235/109 200/228/104 304/432/193 305/433/193
f 210/242/114 205/235/109 305/433/193 306/434/193
f 215/249/119 210/242/114 306/434/193 307/435/193
f 220/256/124 215/249/119 307/435/193 308/436/193
f 225/263/129 220/256/124 308/436/193 309/437/193
f 230/270/134 225/263/129 309/437/193 310/438/193
f 235/277/139 230/270/134 310/438/193 311/439/193
f 240/284/144 235/277/139 311/439/193 312/440/193
f 245/291/149 240/284/144 312/440/193 313/441/193
f 250/298/154 245/291/149 313/441/193 314/442/193
f 255/305/159 250/298/154 314/442/193 315/443/193
f 260/312/164 255/305/159 315/443/193 316/444/193
f 265/319/169 260/312/164 316/444/193 317/445/193
f 270/326/174 265/319/169 317/445/193 318/446/193
f 275/333/179 270/326/174 318/446/193 319/447/193
f 280/340/184 275/333/179 319/447/193 320/448/193
f 129/129/33 280/340/184 320/448/193 290/417/193
f 322/449/194 323/450/195 324/451/196 321/452/197
f 326/453/198 322/449/194 321/452/197 325/454/199
f 328/455/200 326/453/198 325/454/199 327/456/201
f 330/457/202 328/455/200 327/456/201 329/458/203
f 332/459/204 330/457/202 329/458/203 331/460/205
f 334/461/206 332/459/204 331/460/205 333/462/207
f 336/463/208 334/461/206 333/462/207 335/464/209
f 338/465/210 336/463/208 335/464/209 337/466/211
f 340/467/212 338/465/210 337/466/211 339/468/213
f 342/469/214 340/467/212 339/468/213 341/470/215
f 344/471/216 342/469/214 341/470/215 343/472/217
f 346/473/218 344/471/216 343/472/217 345/474/219
f 348/475/220 346/473/218 345/474/219 347/476/221
f 350/477/222 348/475/220 347/476/221 349/478/223
f 352/479/224 350/477/222 349/478/223 351/480/225
f 354/481/226 352/479/224 351/480/225 353/482/227
f 356/483/228 354/481/226 353/482/227 355/484/229
f 358/485/230 356/483/228 355/484/229 357/486/231
f 360/487/232 358/485/230 357/486/231 359/488/233
f 362/489/234 360/487/232 359/488/233 361/490/235
f 364/491/236 362/489/234 361/490/235 363/492/237
f 366/493/238 364/491/236 363/492/237 365/494/239
f 368/495/240 366/493/238 365/494/239 367/496/241
f 370/497/242 368/495/240 367/496/241 369/498/243
f 372/499/244 370/497/242 369/498/243 371/500/245
f 374/501/246 372/499/244 371/500/245 373/502/247
f 376/503/248 374/501/246 373/502/247 375/504/249
f 378/505/250 376/503/248 375/504/249 377/506/251
f 380/507/252 378/505/250 377/506/251 379/508/253
f 382/509/254 380/507/252 379/508/253 381/510/255
f 384/511/256 382/509/254 381/510/255 383/512/257
f 323/450/195 384/511/256 383/512/257 324/451/196
f 287/349/258 129/352/258 132/513/259 385/514/260
f 133/515/261 130/516/261 137/517/262 386/518/263
f 138/140/264 135/143/264 142/519/265 387/520/266
f 143/147/267 140/150/267 147/521/268 388/522/269
f 148/154/270 145/157/270 152/523/271 389/524/272
f 153/161/273 150/164/273 157/525/274 390/526/275
f 158/168/276 155/171/276 162/527/277 391/528/278
f 163/175/279 160/178/279 167/529/280 392/530/281
f 168/182/282 165/185/282 172/531/283 393/532/284
f 173/533/285 170/534/285 177/535/286 394/536/287
f 178/196/288 175/199/288 182/537/289 395/538/290
f 183/203/291 180/206/291 187/539/292 396/540/293
f 188/210/294 185/213/294 192/541/295 397/542/296
f 193/217/297 190/220/297 197/543/298 398/544/299
f 198/224/300 195/227/300 202/545/301 399/546/302
f 203/231/303 200/234/303 207/547/304 400/548/305
f 208/549/306 205/550/306 212/551/307 401/552/308
f 213/245/309 210/248/309 217/553/310 402/554/311
f 218/252/312 215/255/312 222/555/313 403/556/314
f 223/259/315 220/262/315 227/557/316 404/558/317
f 228/266/318 225/269/318 232/559/319 405/560/320
f 233/273/321 230/276/321 237/561/322 406/562/323
f 238/280/324 235/283/324 242/563/325 407/564/326
f 243/565/327 240/566/327 247/567/328 408/568/329
f 248/294/330 245/297/330 252/569/331 409/570/332
f 253/301/333 250/304/333 257/571/334 410/572/335
f 258/308/336 255/311/336 262/573/337 411/574/338
f 263/315/339 260/318/339 267/575/340 412/576/341
f 268/322/342 265/325/342 272/577/343 413/578/344
f 273/329/345 270/332/345 277/579/346 414/580/347
f 278/336/348 275/339/348 282/581/349 415/582/350
f 283/343/351 280/346/351 286/583/352 416/584/353
f 132/513/259 1/4/25 4/3/25 385/514/260
f 137/517/262 5/8/26 8/7/26 386/518/263
f 142/519/265 9/12/27 12/11/27 387/520/266
f 147/521/268 13/16/28 16/15/28 388/522/269
f 152/523/271 17/20/29 20/19/29 389/524/272
f 157/525/274 21/24/30 24/23/30 390/526/275
f 162/527/277 25/28/31 28/27/31 391/528/278
f 167/529/280 29/32/32 32/31/32 392/530/281
f 172/531/283 33/36/1 36/35/1 393/532/284
f 177/535/286 37/40/2 40/39/2 394/536/287
f 182/537/289 41/44/3 44/43/3 395/538/290
f 187/539/292 45/48/4 48/47/4 396/540/293
f 192/541/295 49/52/5 52/51/5 397/542/296
f 197/543/298 53/56/6 56/55/6 398/544/299
f 202/545/301 57/60/7 60/59/7 399/546/302
f 207/547/304 61/64/8 64/63/8 400/548/305
f 212/551/307 65/68/9 68/67/9 401/552/308
f 217/553/310 69/72/10 72/71/10 402/554/311
f 222/555/313 73/76/11 76/75/11 403/556/314
f 227/557/316 77/80/12 80/79/12 404/558/317
f 232/559/319 81/84/13 84/83/13 405/560/320
f 237/561/322 85/88/14 88/87/14 406/562/323
f 242/563/325 89/92/15 92/91/15 407/564/326
f 247/567/328 93/96/16 96/95/16 408/568/329
f 252/569/331 97/100/17 100/99/17 409/570/332
f 257/571/334 101/104/18 104/103/18 410/572/335
f 262/573/337 105/108/19 108/107/19 411/574/338
f 267/575/340 109/112/20 112/111/20 412/576/341
f 272/577/343 113/116/21 116/115/21 413/578/344
f 277/579/346 117/120/22 120/119/22 414/580/347
f 282/581/349 121/124/23 124/123/23 415/582/350
f 286/583/352 125/128/24 128/127/24 416/584/353
f 4/3/1 3/2/1 418/585/1 417/586/1
f 8/7/2 7/6/2 420/587/2 419/588/2
f 12/11/3 11/10/3 422/589/3 421/590/3
f 16/15/4 15/14/4 424/591/4 423/592/4
f 20/19/5 19/18/5 426/593/5 425/594/5
f 24/23/6 23/22/6 428/595/6 427/596/6
f 28/27/7 27/26/7 430/597/7 429/598/7
f 32/31/8 31/30/8 432/599/8 431/600/8
f 36/35/9 35/34/9 434/601/9 433/602/9
f 40/39/10 39/38/10 436/603/10 435/604/10
f 44/43/11 43/42/11 438/605/11 437/606/11
f 48/47/12 47/46/12 440/607/12 439/608/12
f 52/51/13 51/50/13 442/609/13 441/610/13
f 56/55/14 55/54/14 444/611/14 443/612/14
f 60/59/15 59/58/15 446/613/15 445/614/15
f 64/63/16 63/62/16 448/615/16 447/616/16
f 68/67/17 67/66/17 450/617/17 449/618/17
f 72/71/18 71/70/18 452/619/18 451/620/18
f 76/75/19 75/74/19 454/621/19 453/622/19
f 80/79/20 79/78/20 456/623/20 455/624/20
f 84/83/21 83/82/21 458/625/21 457/626/21
f 88/87/22 87/86/22 460/627/22 459/628/22
f 92/91/23 91/90/23 462/629/23 461/630/23
f 96/95/24 95/94/24 464/631/24 463/632/24
f 100/99/25 99/98/25 466/633/25 465/634/25
f 104/103/26 103/102/26 468/635/26 467/636/26
f 108/107/27 107/106/27 470/637/27 469/638/27
f 112/111/28 111/110/28 472/639/28 471/640/28
f 116/115/29 115/114/29 474/641/29 473/642/29
f 120/119/30 119/118/30 476/643/30 475/644/30
f 124/123/31 123/122/31 478/645/31 477/646/31
f 128/127/32 127/126/32 480/647/32 479/648/32
f 481/649/354 482/650/355 483/651/355 484/652/356
f 483/653/38 134/134/37 133/133/36 484/654/36
f 484/652/356 485/655/357 486/656/357 487/657/358
f 486/658/43 139/141/42 138/140/41 487/659/41
f 487/657/358 488/660/359 489/661/359 490/662/360
f 489/663/48 144/148/47 143/147/46 490/664/46
f 490/662/360 491/665/361 492/666/361 493/667/362
f 492/668/53 149/155/52 148/154/51 493/669/51
f 493/667/362 494/670/363 495/671/363 496/672/364
f 495/673/58 154/162/57 153/161/56 496/674/56
f 496/672/364 497/675/365 498/676/365 499/677/366
f 498/678/63 159/169/62 158/168/61 499/679/61
f 499/677/366 500/680/367 501/681/367 502/682/368
f 501/683/68 164/176/67 163/175/66 502/684/66
f 502/682/368 503/685/369 504/686/369 505/687/370
f 504/688/73 169/183/72 168/182/71 505/689/71
f 505/687/370 506/690/371 507/691/371 508/692/372
f 507/693/78 174/190/77 173/189/76 508/694/76
f 508/692/372 509/695/373 510/696/373 511/697/374
f 510/698/83 179/197/82 178/196/81 511/699/81
f 511/697/374 512/700/375 513/701/375 514/702/376
f 513/703/88 184/204/87 183/203/86 514/704/86
f 514/702/376 515/705/377 516/706/377 517/707/378
f 516/708/93 189/211/92 188/210/91 517/709/91
f 517/707/378 518/710/379 519/711/379 520/712/380
f 519/713/98 194/218/97 193/217/96 520/714/96
f 520/712/380 521/715/381 522/716/381 523/717/382
f 522/718/103 199/225/102 198/224/101 523/719/101
f 523/717/382 524/720/383 525/721/383 526/722/384
f 525/723/108 204/232/107 203/231/106 526/724/106
f 526/722/384 527/725/385 528/726/385 529/727/386
f 528/728/113 209/239/112 208/238/111 529/729/111
f 529/727/386 530/730/387 531/731/387 532/732/388
f 531/733/118 214/246/117 213/245/116 532/734/116
f 532/732/388 533/735/389 534/736/389 535/737/390
f 534/738/123 219/253/122 218/252/121 535/739/121
f 535/737/390 536/740/391 537/741/391 538/742/392
f 537/743/128 224/260/127 223/259/126 538/744/126
f 538/742/392 539/745/393 540/746/393 541/747/394
f 540/748/133 229/267/132 228/266/131 541/749/131
f 541/747/394 542/750/395 543/751/395 544/752/396
f 543/753/138 234/274/137 233/273/136 544/754/136
f 544/752/396 545/755/397 546/756/397 547/757/398
f 546/758/143 239/281/142 238/280/141 547/759/141
f 547/757/398 548/760/399 549/761/399 550/762/400
f 549/763/148 244/288/147 243/287/146 550/764/146
f 550/762/400 551/765/401 552/766/401 553/767/402
f 552/768/153 249/295/152 248/294/151 553/769/151
f 553/767/402 554/770/403 555/771/403 556/772/404
f 555/773/158 254/302/157 253/301/156 556/774/156
f 556/772/404 557/775/405 558/776/405 559/777/406
f 558/778/163 259/309/162 258/308/161 559/779/161
f 559/777/406 560/780/407 561/781/407 562/782/408
f 561/783/168 264/316/167 263/315/166 562/784/166
f 562/782/408 563/785/409 564/786/409 565/787/410
f 564/788/173 269/323/172 268/322/171 565/789/171
f 565/787/410 566/790/411 567/791/411 568/792/412
f 567/793/178 274/330/177 273/329/176 568/794/176
f 568/792/412 569/795/413 570/796/413 571/797/414
f 570/798/183 279/337/182 278/336/181 571/799/181
f 571/797/414 572/800/415 573/801/415 574/802/416
f 573/803/188 284/344/187 283/343/186 574/804/186
f 574/802/416 575/805/417 576/806/417 481/649/354
f 576/807/192 288/350/191 287/349/190 481/808/190
f 482/650/355 417/809/418 418/810/418 483/651/355
f 418/585/9 3/2/9 134/134/37 483/653/38
f 485/655/357 419/811/418 420/812/418 486/656/357
f 420/587/10 7/6/10 139/141/42 486/658/43
f 488/660/359 421/813/418 422/814/418 489/661/359
f 422/589/11 11/10/11 144/148/47 489/663/48
f 491/665/361 423/815/418 424/816/418 492/666/361
f 424/591/12 15/14/12 149/155/52 492/668/53
f 494/670/363 425/817/418 426/818/418 495/671/363
f 426/593/13 19/18/13 154/162/57 495/673/58
f 497/675/365 427/819/418 428/820/418 498/676/365
f 428/595/14 23/22/14 159/169/62 498/678/63
f 500/680/367 429/821/418 430/822/418 501/681/367
f 430/597/15 27/26/15 164/176/67 501/683/68
f 503/685/369 431/823/418 432/824/418 504/686/369
f 432/599/16 31/30/16 169/183/72 504/688/73
f 506/690/371 433/825/418 434/826/418 507/691/371
f 434/601/17 35/34/17 174/190/77 507/693/78
f 509/695/373 435/827/418 436/828/418 510/696/373
f 436/603/18 39/38/18 179/197/82 510/698/83
f 512/700/375 437/829/418 438/830/418 513/701/375
f 438/605/19 43/42/19 184/204/87 513/703/88
f 515/705/377 439/831/418 440/832/418 516/706/377
f 440/607/20 47/46/20 189/211/92 516/708/93
f 518/710/379 441/833/418 442/834/418 519/711/379
f 442/609/21 51/50/21 194/218/97 519/713/98
f 521/715/381 443/835/418 444/836/418 522/716/381
f 444/611/22 55/54/22 199/225/102 522/718/103
f 524/720/383 445/837/418 446/838/418 525/721/383
f 446/613/23 59/58/23 204/232/107 525/723/108
f 527/725/385 447/839/418 448/840/418 528/726/385
f 448/615/24 63/62/24 209/239/112 528/728/113
f 530/730/387 449/841/418 450/842/418 531/731/387
f 450/617/25 67/66/25 214/246/117 531/733/118
f 533/735/389 451/843/418 452/844/418 534/736/389
f 452/619/26 71/70/26 219/253/122 534/738/123
f 536/740/391 453/845/418 454/846/418 537/741/391
f 454/621/27 75/74/27 224/260/127 537/743/128
f 539/745/393 455/847/418 456/848/418 540/746/393
f 456/623/28 79/78/28 229/267/132 540/748/133
f 542/750/395 457/849/418 458/850/418 543/751/395
f 458/625/29 83/82/29 234/274/137 543/753/138
f 545/755/397 459/851/418 460/852/418 546/756/397
f 460/627/30 87/86/30 239/281/142 546/758/143
f 548/760/399 461/853/418 462/854/418 549/761/399
f 462/629/31 91/90/31 244/288/147 549/763/148
f 551/765/401 463/855/418 464/856/418 552/766/401
f 464/631/32 95/94/32 249/295/152 552/768/153
f 554/770/403 465/857/418 466/858/418 555/771/403
f 466/633/1 99/98/1 254/302/157 555/773/158
f 557/775/405 467/859/418 468/860/418 558/776/405
f 468/635/2 103/102/2 259/309/162 558/778/163
f 560/780/407 469/861/418 470/862/418 561/781/407
f 470/637/3 107/106/3 264/316/167 561/783/168
f 563/785/409 471/863/418 472/864/418 564/786/409
f 472/639/4 111/110/4 269/323/172 564/788/173
f 566/790/411 473/865/418 474/866/418 567/791/411
f 474/641/5 115/114/5 274/330/177 567/793/178
f 569/795/413 475/867/418 476/868/418 570/796/413
f 476/643/6 119/118/6 279/337/182 570/798/183
f 572/800/415 477/869/418 478/870/418 573/801/415
f 478/645/7 123/122/7 284/344/187 573/803/188
f 575/805/417 479/871/418 480/872/418 576/806/417
f 480/647/8 127/126/8 288/350/191 576/807/192
f 578/873/418 481/649/354 484/652/356 577/874/418
f 577/874/418 484/652/356 487/657/358 579/875/418
f 579/875/418 487/657/358 490/662/360 580/876/418
f 580/876/418 490/662/360 493/667/362 581/877/418
f 581/877/418 493/667/362 496/672/364 582/878/418
f 582/878/418 496/672/364 499/677/366 583/879/418
f 583/879/418 499/677/366 502/682/368 584/880/418
f 584/880/418 502/682/368 505/687/370 585/881/418
f 585/881/418 505/687/370 508/692/372 586/882/418
f 586/882/418 508/692/372 511/697/374 587/883/418
f 587/883/418 511/697/374 514/702/376 588/884/418
f 588/884/418 514/702/376 517/707/378 589/885/418
f 589/885/418 517/707/378 520/712/380 590/886/418
f 590/886/418 520/712/380 523/717/382 591/887/418
f 591/887/418 523/717/382 526/722/384 592/888/418
f 592/888/418 526/722/384 529/727/386 593/889/418
f 593/889/418 529/727/386 532/732/388 594/890/418
f 594/890/418 532/732/388 535/737/390 595/891/418
f 595/891/418 535/737/390 538/742/392 596/892/418
f 596/892/418 538/742/392 541/747/394 597/893/418
f 597/893/418 541/747/394 544/752/396 598/894/418
f 598/894/418 544/752/396 547/757/398 599/895/418
f 599/895/418 547/757/398 550/762/400 600/896/418
f 600/896/418 550/762/400 553/767/402 601/897/418
f 601/897/418 553/767/402 556/772/404 602/898/418
f 602/898/418 556/772/404 559/777/406 603/899/418
f 603/899/418 559/777/406 562/782/408 604/900/418
f 604/900/418 562/782/408 565/787/410 605/901/418
f 605/901/418 565/787/410 568/792/412 606/902/418
f 606/902/418 568/792/412 571/797/414 607/903/418
f 607/903/418 571/797/414 574/802/416 608/904/418
f 608/904/418 574/802/416 481/649/354 578/873/418
f 610/905/419 578/906/419 577/907/420 609/908/420
f 609/908/420 577/907/420 579/909/421 611/910/421
f 611/910/421 579/909/421 580/911/422 612/912/422
f 612/912/422 580/911/422 581/913/423 613/914/423
f 613/914/423 581/913/423 582/915/424 614/916/424
f 614/916/424 582/915/424 583/917/425 615/918/425
f 615/918/425 583/917/425 584/919/426 616/920/426
f 616/920/426 584/919/426 585/921/427 617/922/427
f 617/922/427 585/921/427 586/923/428 618/924/428
f 618/924/428 586/923/428 587/925/429 619/926/429
f 619/926/429 587/925/429 588/927/430 620/928/430
f 620/928/430 588/927/430 589/929/431 621/930/431
f 621/930/431 589/929/431 590/931/432 622/932/432
f 622/932/432 590/931/432 591/933/433 623/934/433
f 623/934/433 591/933/433 592/935/434 624/936/434
f 624/936/434 592/935/434 593/937/435 625/938/435
f 625/938/435 593/937/435 594/939/436 626/940/436
f 626/940/436 594/939/436 595/941/437 627/942/437
f 627/942/437 595/941/437 596/943/438 628/944/438
f 628/944/438 596/943/438 597/945/439 629/946/439
f 629/946/439 597/945/439 598/947/440 630/948/440
f 630/948/440 598/947/440 599/949/441 631/950/441
f 631/950/441 599/949/441 600/951/442 632/952/442
f 632/952/442 600/951/442 601/953/443 633/954/443
f 633/954/443 601/953/443 602/955/444 634/956/444
f 634/956/444 602/955/444 603/957/445 635/958/445
f 635/958/445 603/957/445 604/959/446 636/960/446
f 636/960/446 604/959/446 605/961/447 637/962/447
f 637/962/447 605/961/447 606/963/448 638/964/448
f 638/964/448 606/963/448 607/965/449 639/966/449
f 639/966/449 607/965/449 608/967/450 640/968/450
f 640/968/450 608/967/450 578/906/419 610/905/419
f 287/349/258 385/514/260 482/969/259 481/808/258
f 133/515/261 386/518/263 485/970/262 484/971/261
f 138/140/264 387/520/266 488/972/265 487/659/264
f 143/147/267 388/522/269 491/973/268 490/664/267
f 148/154/270 389/524/272 494/974/271 493/669/270
f 153/161/273 390/526/275 497/975/274 496/674/273
f 158/168/276 391/528/278 500/976/277 499/679/276
f 163/175/279 392/530/281 503/977/280 502/684/279
f 168/182/282 393/532/284 506/978/283 505/689/282
f 173/533/285 394/536/287 509/979/286 508/980/285
f 178/196/288 395/538/290 512/981/289 511/699/288
f 183/203/291 396/540/293 515/982/292 514/704/291
f 188/210/294 397/542/296 518/983/295 517/709/294
f 193/217/297 398/544/299 521/984/298 520/714/297
f 198/224/300 399/546/302 524/985/301 523/719/300
f 203/231/303 400/548/305 527/986/304 526/724/303
f 208/549/306 401/552/308 530/987/307 529/988/306
f 213/245/309 402/554/311 533/989/310 532/734/309
f 218/252/312 403/556/314 536/990/313 535/739/312
f 223/259/315 404/558/317 539/991/316 538/744/315
f 228/266/318 405/560/320 542/992/319 541/749/318
f 233/273/321 406/562/323 545/993/322 544/754/321
f 238/280/324 407/564/326 548/994/325 547/759/324
f 243/565/327 408/568/329 551/995/328 550/996/327
f 248/294/330 409/570/332 554/997/331 553/769/330
f 253/301/333 410/572/335 557/998/334 556/774/333
f 258/308/336 411/574/338 560/999/337 559/779/336
f 263/315/339 412/576/341 563/1000/340 562/784/339
f 268/322/342 413/578/344 566/1001/343 565/789/342
f 273/329/345 414/580/347 569/1002/346 568/794/345
f 278/336/348 415/582/350 572/1003/349 571/799/348
f 283/343/351 416/584/353 575/1004/352 574/804/351
f 4/3/25 417/586/25 482/969/259 385/514/260
f 8/7/26 419/588/26 485/970/262 386/518/263
f 12/11/27 421/590/27 488/972/265 387/520/266
f 16/15/28 423/592/28 491/973/268 388/522/269
f 20/19/29 425/594/29 494/974/271 389/524/272
f 24/23/30 427/596/30 497/975/274 390/526/275
f 28/27/31 429/598/31 500/976/277 391/528/278
f 32/31/32 431/600/32 503/977/280 392/530/281
f 36/35/1 433/602/1 506/978/283 393/532/284
f 40/39/2 435/604/2 509/979/286 394/536/287
f 44/43/3 437/606/3 512/981/289 395/538/290
f 48/47/4 439/608/4 515/982/292 396/540/293
f 52/51/5 441/610/5 518/983/295 397/542/296
f 56/55/6 443/612/6 521/984/298 398/544/299
f 60/59/7 445/614/7 524/985/301 399/546/302
f 64/63/8 447/616/8 527/986/304 400/548/305
f 68/67/9 449/618/9 530/987/307 401/552/308
f 72/71/10 451/620/10 533/989/310 402/554/311
f 76/75/11 453/622/11 536/990/313 403/556/314
f 80/79/12 455/624/12 539/991/316 404/558/317
f 84/83/13 457/626/13 542/992/319 405/560/320
f 88/87/14 459/628/14 545/993/322 406/562/323
f 92/91/15 461/630/15 548/994/325 407/564/326
f 96/95/16 463/632/16 551/995/328 408/568/329
f 100/99/17 465/634/17 554/997/331 409/570/332
f 104/103/18 467/636/18 557/998/334 410/572/335
f 108/107/19 469/638/19 560/999/337 411/574/338
f 112/111/20 471/640/20 563/1000/340 412/576/341
f 116/115/21 473/642/21 566/1001/343 413/578/344
f 120/119/22 475/644/22 569/1002/346 414/580/347
f 124/123/23 477/646/23 572/1003/349 415/582/350
f 128/127/24 479/648/24 575/1004/352 416/584/353
f 289/1005/451 290/1006/452 323/1007/452 322/1008/451
f 291/1009/453 289/1005/451 322/1008/451 326/1010/453
f 292/1011/454 291/1009/453 326/1010/453 328/1012/454
f 293/1013/455 292/1011/454 328/1012/454 330/1014/455
f 294/1015/456 293/1013/455 330/1014/455 332/1016/456
f 295/1017/457 294/1015/456 332/1016/456 334/1018/457
f 296/1019/458 295/1017/457 334/1018/457 336/1020/458
f 297/1021/459 296/1019/458 336/1020/458 338/1022/459
f 298/1023/460 297/1021/459 338/1022/459 340/1024/460
f 299/1025/461 298/1023/460 340/1024/460 342/1026/461
f 300/1027/462 299/1025/461 342/1026/461 344/1028/462
f 301/1029/463 300/1027/462 344/1028/462 346/1030/463
f 302/1031/464 301/1029/463 346/1030/463 348/1032/464
f 303/1033/465 302/1031/464 348/1032/464 350/1034/465
f 304/1035/466 303/1033/465 350/1034/465 352/1036/466
f 305/1037/467 304/1035/466 352/1036/466 354/1038/467
f 306/1039/468 305/1037/467 354/1038/467 356/1040/468
f 307/1041/469 306/1039/468 356/1040/468 358/1042/469
f 308/1043/470 307/1041/469 358/1042/469 360/1044/470
f 309/1045/471 308/1043/470 360/1044/470 362/1046/471
f 310/1047/472 309/1045/471 362/1046/471 364/1048/472
f 311/1049/473 310/1047/472 364/1048/472 366/1050/473
f 312/1051/474 311/1049/473 366/1050/473 368/1052/474
f 313/1053/475 312/1051/474 368/1052/474 370/1054/475
f 314/1055/476 313/1056/475 370/1057/475 372/1058/476
f 315/1059/477 314/1055/476 372/1058/476 374/1060/477
f 316/1061/478 315/1059/477 374/1060/477 376/1062/478
f 317/1063/479 316/1061/478 376/1062/478 378/1064/479
f 318/1065/480 317/1063/479 378/1064/479 380/1066/480
f 319/1067/481 318/1065/480 380/1066/480 382/1068/481
f 320/1069/482 319/1067/481 382/1068/481 384/1070/482
f 290/1006/452 320/1069/482 384/1070/482 323/1007/452
f 613/458/483 614/460/483 641/1071/483
f 614/460/484 331/460/484 641/1071/484
f 331/460/205 329/458/203 641/1071/485
f 329/458/486 613/458/486 641/1071/486
f 612/456/487 613/458/487 642/1072/487
f 613/458/488 329/458/488 642/1072/488
f 329/458/203 327/456/201 642/1072/489
f 327/456/490 612/456/490 642/1072/490
f 611/454/491 612/456/491 643/1073/491
f 612/456/492 327/456/492 643/1073/492
f 327/456/201 325/454/199 643/1073/493
f 325/454/494 611/454/494 643/1073/494
f 609/452/495 611/454/495 644/1074/495
f 611/454/496 325/454/496 644/1074/496
f 325/454/199 321/452/197 644/1074/497
f 321/452/498 609/452/498 644/1074/498
f 610/451/499 609/452/499 645/1075/499
f 609/452/500 321/452/500 645/1075/500
f 321/452/197 324/451/196 645/1075/501
f 324/451/502 610/451/502 645/1075/502
f 640/512/503 610/451/503 646/1076/503
f 610/451/504 324/451/504 646/1076/504
f 324/451/196 383/512/257 646/1076/505
f 383/512/506 640/512/506 646/1076/506
f 639/510/507 640/512/507 647/1077/507
f 640/512/508 383/512/508 647/1077/508
f 383/512/257 381/510/255 647/1077/509
f 381/510/510 639/510/510 647/1077/510
f 638/508/511 639/510/511 648/1078/511
f 639/510/512 381/510/512 648/1078/512
f 381/510/255 379/508/253 648/1078/513
f 379/508/514 638/508/514 648/1078/514
f 637/506/515 638/508/515 649/1079/515
f 638/508/516 379/508/516 649/1079/516
f 379/508/253 377/506/251 649/1079/517
f 377/506/518 637/506/518 649/1079/518
f 636/504/519 637/506/519 650/1080/519
f 637/506/520 377/506/520 650/1080/520
f 377/506/251 375/504/249 650/1080/521
f 375/504/522 636/504/522 650/1080/522
f 635/502/523 636/504/523 651/1081/523
f 636/504/524 375/504/524 651/1081/524
f 375/504/249 373/502/247 651/1081/525
f 373/502/526 635/502/526 651/1081/526
f 634/500/527 635/502/527 652/1082/527
f 635/502/528 373/502/528 652/1082/528
f 373/502/247 371/500/245 652/1082/529
f 371/500/530 634/500/530 652/1082/530
f 633/498/531 634/500/531 653/1083/531
f 634/500/532 371/500/532 653/1083/532
f 371/500/245 369/498/243 653/1083/533
f 369/498/534 633/498/534 653/1083/534
f 632/496/535 633/498/535 654/1084/535
f 633/498/536 369/498/536 654/1084/536
f 369/498/243 367/496/241 654/1084/537
f 367/496/538 632/496/538 654/1084/538
f 631/494/539 632/496/539 655/1085/539
f 632/496/540 367/496/540 655/1085/540
f 367/496/241 365/494/239 655/1085/541
f 365/494/542 631/494/542 655/1085/542
f 630/492/543 631/494/543 656/1086/543
f 631/494/544 365/494/544 656/1086/544
f 365/494/239 363/492/237 656/1086/545
f 363/492/546 630/492/546 656/1086/546
f 629/490/547 630/492/547 657/1087/547
f 630/492/548 363/492/548 657/1087/548
f 363/492/237 361/490/235 657/1087/549
f 361/490/550 629/490/550 657/1087/550
f 628/488/551 629/490/551 658/1088/551
f 629/490/552 361/490/552 658/1088/552
f 361/490/235 359/488/233 658/1088/553
f 359/488/554 628/488/554 658/1088/554
f 627/486/555 628/488/555 659/1089/555
f 628/488/556 359/488/556 659/1089/556
f 359/488/233 357/486/231 659/1089/557
f 357/486/558 627/486/558 659/1089/558
f 626/484/559 627/486/559 660/1090/559
f 627/486/560 357/486/560 660/1090/560
f 357/486/231 355/484/229 660/1090/561
f 355/484/562 626/484/562 660/1090/562
f 625/482/563 626/484/563 661/1091/563
f 626/484/564 355/484/564 661/1091/564
f 355/484/229 353/482/227 661/1091/565
f 353/482/566 625/482/566 661/1091/566
f 624/480/567 625/482/567 662/1092/567
f 625/482/568 353/482/568 662/1092/568
f 353/482/227 351/480/225 662/1092/569
f 351/480/570 624/480/570 662/1092/570
f 623/478/571 624/480/571 663/1093/571
f 624/480/572 351/480/572 663/1093/572
f 351/480/225 349/478/223 663/1093/573
f 349/478/574 623/478/574 663/1093/574
f 622/476/575 623/478/575 664/1094/575
f 623/478/576 349/478/576 664/1094/576
f 349/478/223 347/476/221 664/1094/577
f 347/476/578 622/476/578 664/1094/578
f 621/474/579 622/476/579 665/1095/579
f 622/476/580 347/476/580 665/1095/580
f 347/476/221 345/474/219 665/1095/581
f 345/474/582 621/474/582 665/1095/582
f 620/472/583 621/474/583 666/1096/583
f 621/474/584 345/474/584 666/1096/584
f 345/474/219 343/472/217 666/1096/585
f 343/472/586 620/472/586 666/1096/586
f 619/470/587 620/472/587 667/1097/587
f 620/472/588 343/472/588 667/1097/588
f 343/472/217 341/470/215 667/1097/589
f 341/470/590 619/470/590 667/1097/590
f 618/468/591 619/470/591 668/1098/591
f 619/470/592 341/470/592 668/1098/592
f 341/470/215 339/468/213 668/1098/593
f 339/468/594 618/468/594 668/1098/594
f 617/466/595 618/468/595 669/1099/595
f 618/468/596 339/468/596 669/1099/596
f 339/468/213 337/466/211 669/1099/597
f 337/466/598 617/466/598 669/1099/598
f 616/464/599 617/466/599 670/1100/599
f 617/466/600 337/466/600 670/1100/600
f 337/466/211 335/464/209 670/1100/601
f 335/464/602 616/464/602 670/1100/602
f 615/462/603 616/464/603 671/1101/603
f 616/464/604 335/464/604 671/1101/604
f 335/464/209 333/462/207 671/1101/605
f 333/462/606 615/462/606 671/1101/606
f 614/460/607 615/462/607 672/1102/607
f 615/462/608 333/462/608 672/1102/608
f 333/462/207 331/460/205 672/1102/609
f 331/460/610 614/460/610 672/1102/610
f 674/1103/611 690/1104/612 689/1105/613 673/1106/614
f 675/1107/615 691/1108/616 690/1104/612 674/1103/611
f 676/1109/617 692/1110/618 691/1108/616 675/1107/615
f 677/1111/619 693/1112/620 692/1110/618 676/1109/617
f 678/1113/621 694/1114/622 693/1112/620 677/1111/619
f 679/1115/623 695/1116/624 694/1114/622 678/1113/621
f 680/1117/193 696/1118/193 695/1116/624 679/1115/623
f 681/1119/193 697/1120/193 696/1118/193 680/1117/193
f 682/1121/193 698/1122/193 697/1120/193 681/1119/193
f 683/1123/193 699/1124/193 698/1122/193 682/1121/193
f 699/1124/193 683/1123/193 745/1125/193 746/1126/193
f 685/1127/193 701/1128/193 700/1129/193 684/1130/193
f 686/1131/625 702/1132/626 701/1128/193 685/1127/193
f 687/1133/627 703/1134/628 702/1132/626 686/1131/625
f 688/1135/629 704/1136/630 703/1134/628 687/1133/627
f 707/1137/631 708/1138/632 706/1139/633 705/1140/634
f 709/1141/635 710/1142/636 708/1138/632 707/1137/631
f 711/1143/637 712/1144/638 710/1142/636 709/1141/635
f 713/1145/639 714/1146/640 712/1144/638 711/1143/637
f 715/1147/193 716/1148/193 714/1146/640 713/1145/639
f 716/1148/193 715/1147/193 741/1149/193 742/1150/193
f 719/1151/193 720/1152/193 718/1153/193 717/1154/193
f 721/1155/193 722/1156/193 720/1152/193 719/1151/193
f 723/1157/193 724/1158/193 722/1156/193 721/1155/193
f 724/1158/193 723/1157/193 737/1159/641 738/1160/193
f 727/1161/642 728/1162/643 704/1136/630 688/1135/629
f 729/1163/644 730/1164/645 728/1162/643 727/1161/642
f 731/1165/646 732/1166/647 730/1164/645 729/1163/644
f 732/1166/647 731/1165/646 733/1167/648 734/1168/649
f 734/1168/649 733/1167/648 735/1169/650 736/1170/651
f 725/1171/652 726/1172/193 738/1160/193 737/1159/641
f 725/1171/652 737/1159/641 740/1173/653 739/1174/654
f 741/1149/193 743/1175/193 744/1176/193 742/1150/193
f 743/1175/193 717/1154/193 718/1153/193 744/1176/193
f 745/1125/193 747/1177/193 748/1178/193 746/1126/193
f 747/1177/193 684/1130/193 700/1129/193 748/1178/193
f 745/1125/193 742/1150/193 744/1176/193 747/1177/193
f 723/1157/193 721/1155/193 749/1179/193 750/1180/193
f 719/1151/193 717/1154/193 751/1181/193 752/1182/193
f 715/1147/193 713/1145/639 753/1183/193 754/1184/193
f 722/1156/193 686/1131/625 685/1127/193 720/1152/193
f 771/1185/655 772/1186/656 756/1187/657 755/1188/658
f 772/1186/656 773/1189/659 757/1190/660 756/1187/657
f 773/1189/659 774/1191/661 758/1192/662 757/1190/660
f 774/1191/661 775/1193/663 759/1194/664 758/1192/662
f 775/1193/663 776/1195/665 760/1196/666 759/1194/664
f 776/1195/665 777/1197/667 761/1198/668 760/1196/666
f 777/1197/667 778/1199/418 762/1200/418 761/1198/668
f 778/1199/418 779/1201/418 763/1202/418 762/1200/418
f 779/1201/418 780/1203/418 764/1204/418 763/1202/418
f 780/1203/418 781/1205/418 765/1206/418 764/1204/418
f 827/1207/418 765/1206/418 781/1205/418 828/1208/418
f 782/1209/418 783/1210/418 767/1211/418 766/1212/418
f 783/1210/418 784/1213/669 768/1214/670 767/1211/418
f 784/1213/669 785/1215/671 769/1216/672 768/1214/670
f 785/1215/671 786/1217/673 770/1218/674 769/1216/672
f 788/1219/675 790/1220/676 789/1221/677 787/1222/678
f 790/1220/676 792/1223/679 791/1224/680 789/1221/677
f 792/1223/679 794/1225/681 793/1226/682 791/1224/680
f 794/1225/681 796/1227/683 795/1228/684 793/1226/682
f 796/1227/683 798/1229/418 797/1230/418 795/1228/684
f 823/1231/418 797/1230/418 798/1229/418 824/1232/418
f 800/1233/418 802/1234/418 801/1235/418 799/1236/418
f 802/1234/418 804/1237/418 803/1238/418 801/1235/418
f 804/1237/418 806/1239/418 805/1240/418 803/1238/418
f 819/1241/685 805/1240/418 806/1239/418 820/1242/418
f 786/1217/673 810/1243/686 809/1244/687 770/1218/674
f 810/1243/686 812/1245/688 811/1246/689 809/1244/687
f 812/1245/688 814/1247/690 813/1248/691 811/1246/689
f 815/1249/692 813/1248/691 814/1247/690 816/1250/693
f 817/1251/694 815/1249/692 816/1250/693 818/1252/695
f 820/1242/418 808/1253/418 807/1254/696 819/1241/685
f 822/1255/697 819/1241/685 807/1254/696 821/1256/698
f 826/1257/418 825/1258/418 823/1231/418 824/1232/418
f 800/1233/418 799/1236/418 825/1258/418 826/1257/418
f 830/1259/418 829/1260/418 827/1207/418 828/1208/418
f 782/1209/418 766/1212/418 829/1260/418 830/1259/418
f 826/1257/418 824/1232/418 827/1207/418 829/1260/418
f 831/1261/418 803/1238/418 805/1240/418 832/1262/418
f 833/1263/418 799/1236/418 801/1235/418 834/1264/418
f 835/1265/418 795/1228/684 797/1230/418 836/1266/418
f 767/1211/418 768/1214/670 804/1237/418 802/1234/418
f 689/1267/613 690/1268/612 772/1269/656 771/1270/655
f 673/1271/614 689/1267/613 771/1270/655 755/1272/658
f 674/1273/611 673/1271/614 755/1272/658 756/1274/657
f 690/1268/612 691/1275/616 773/1276/659 772/1269/656
f 675/1277/615 674/1273/611 756/1274/657 757/1278/660
f 691/1275/616 692/1279/618 774/1280/661 773/1276/659
f 676/1281/617 675/1277/615 757/1278/660 758/1282/662
f 692/1279/618 693/1283/620 775/1284/663 774/1280/661
f 677/1285/619 676/1281/617 758/1282/662 759/1286/664
f 693/1287/620 694/1288/622 776/1289/665 775/1290/663
f 678/1291/621 677/1285/619 759/1286/664 760/1292/666
f 694/1288/622 695/1293/624 777/1294/667 776/1289/665
f 679/1295/623 678/1291/621 760/1292/666 761/1296/668
f 695/1293/624 696/1297/699 778/1298/699 777/1294/667
f 680/1299/700 679/1295/623 761/1296/668 762/1300/700
f 696/1297/699 697/1301/701 779/1302/701 778/1298/699
f 681/1303/702 680/1299/700 762/1300/700 763/1304/702
f 697/1301/701 698/1305/703 780/1306/703 779/1302/701
f 682/1307/704 681/1303/702 763/1304/702 764/1308/704
f 698/1305/703 699/1309/705 781/1310/705 780/1306/703
f 683/1311/706 682/1307/704 764/1308/704 765/1312/706
f 745/1313/707 683/1311/706 765/1312/706 827/1314/707
f 699/1309/705 746/1315/708 828/1316/708 781/1310/705
f 700/1317/709 701/1318/710 783/1319/710 782/1320/709
f 685/1321/711 684/1322/712 766/1323/712 767/1324/711
f 701/1318/710 702/1325/626 784/1326/669 783/1319/710
f 702/1325/626 703/1327/628 785/1328/671 784/1326/669
f 687/1329/627 686/1330/625 768/1331/670 769/1332/672
f 703/1327/628 704/1333/630 786/1334/673 785/1328/671
f 688/1335/629 687/1329/627 769/1332/672 770/1336/674
f 706/1337/633 708/1338/632 790/1339/676 788/1340/675
f 705/1341/634 706/1337/633 788/1340/675 787/1342/678
f 707/1343/631 705/1341/634 787/1342/678 789/1344/677
f 708/1338/632 710/1345/636 792/1346/679 790/1339/676
f 709/1347/635 707/1343/631 789/1344/677 791/1348/680
f 710/1345/636 712/1349/638 794/1350/681 792/1346/679
f 711/1351/637 709/1347/635 791/1348/680 793/1352/682
f 712/1349/638 714/1353/640 796/1354/683 794/1350/681
f 713/1355/639 711/1351/637 793/1352/682 795/1356/684
f 714/1353/640 716/1357/713 798/1358/713 796/1354/683
f 741/1359/714 715/1360/714 797/1361/714 823/1362/714
f 716/1357/713 742/1363/715 824/1364/715 798/1358/713
f 718/1365/716 720/1366/717 802/1367/717 800/1368/716
f 721/1369/718 719/1370/718 801/1371/718 803/1372/718
f 722/1373/719 724/1374/720 806/1375/720 804/1376/719
f 737/1377/721 723/1378/721 805/1379/721 819/1380/721
f 724/1374/720 738/1381/722 820/1382/722 806/1375/720
f 704/1333/630 728/1383/643 810/1384/686 786/1334/673
f 727/1385/642 688/1335/629 770/1336/674 809/1386/687
f 728/1383/643 730/1387/645 812/1388/688 810/1384/686
f 729/1389/644 727/1385/642 809/1386/687 811/1390/689
f 730/1391/645 732/1392/647 814/1393/690 812/1394/688
f 731/1395/646 729/1389/644 811/1390/689 813/1396/691
f 733/1397/648 731/1395/646 813/1396/691 815/1398/692
f 732/1392/647 734/1399/649 816/1400/693 814/1393/690
f 735/1401/650 733/1397/648 815/1398/692 817/1402/694
f 736/1403/651 735/1401/650 817/1402/694 818/1404/695
f 734/1399/649 736/1403/651 818/1404/695 816/1400/693
f 726/1405/723 725/1406/652 807/1407/696 808/1408/723
f 738/1381/722 726/1409/724 808/1410/724 820/1382/722
f 740/1411/653 737/1377/641 819/1380/685 822/1412/697
f 739/1413/654 740/1411/653 822/1412/697 821/1414/698
f 725/1406/652 739/1413/654 821/1414/698 807/1407/696
f 743/1415/714 741/1359/714 823/1362/714 825/1416/714
f 717/1417/714 743/1415/714 825/1416/714 799/1418/714
f 744/1419/715 718/1365/716 800/1368/716 826/1420/715
f 746/1315/708 748/1421/708 830/1422/708 828/1316/708
f 684/1322/712 747/1423/707 829/1424/707 766/1323/712
f 748/1421/708 700/1317/709 782/1320/709 830/1422/708
f 742/1363/725 745/1425/725 827/1426/725 824/1364/725
f 747/1423/726 744/1419/726 826/1420/726 829/1424/726
f 749/1427/727 721/1369/727 803/1372/727 831/1428/727
f 750/1429/728 749/1427/728 831/1428/728 832/1430/728
f 723/1378/729 750/1429/729 832/1430/729 805/1379/729
f 751/1431/730 717/1417/730 799/1418/730 833/1432/730
f 752/1433/731 751/1434/731 833/1435/731 834/1436/731
f 719/1370/732 752/1433/732 834/1436/732 801/1371/732
f 753/1437/733 713/1355/733 795/1356/733 835/1438/733
f 754/1439/734 753/1437/734 835/1438/734 836/1440/734
f 715/1360/735 754/1439/735 836/1440/735 797/1361/735
f 686/1330/736 722/1373/736 804/1376/736 768/1331/736
f 720/1366/737 685/1441/737 767/1442/737 802/1367/737
f 837/1443/193 838/1444/193 839/1445/193
f 837/1443/193 839/1445/193 840/1446/193
f 837/1443/193 840/1446/193 841/1447/193
f 837/1443/193 841/1447/193 842/1448/193
f 837/1443/193 842/1448/193 843/1449/193
f 837/1443/193 843/1449/193 844/1450/193
f 837/1443/193 844/1450/193 845/1451/193
f 837/1443/193 845/1451/193 846/1452/193
f 837/1443/193 846/1452/193 847/1453/193
f 837/1443/193 847/1453/193 848/1454/193
f 837/1443/193 848/1454/193 849/1455/193
f 837/1443/193 849/1455/193 850/1456/193
f 837/1443/193 850/1456/193 851/1457/193
f 837/1443/193 851/1457/193 852/1458/193
f 837/1443/193 852/1458/193 853/1459/193
f 837/1443/193 853/1459/193 838/1444/193
f 857/1460/738 858/1461/739 859/1462/193 854/1463/193 855/1464/740 856/1465/741
f 859/1462/193 858/1461/739 860/1466/742 861/1467/193
f 863/1468/743 864/1469/744 865/1470/193 861/1467/193 860/1466/742 862/1471/745
f 865/1470/193 864/1469/744 866/1472/746 867/1473/193
f 869/1474/747 870/1475/748 871/1476/193 867/1473/193 866/1472/746 868/1477/749
f 871/1476/193 870/1475/748 872/1478/750 873/1479/193
f 875/1480/751 876/1481/752 877/1482/193 873/1479/193 872/1478/750 874/1483/753
f 877/1482/193 876/1481/752 878/1484/754 879/1485/193
f 881/1486/755 882/1487/756 883/1488/193 879/1485/193 878/1484/754 880/1489/757
f 883/1488/193 882/1487/756 884/1490/758 885/1491/193
f 887/1492/759 888/1493/760 889/1494/193 885/1491/193 884/1490/758 886/1495/761
f 889/1494/193 888/1493/760 890/1496/762 891/1497/193
f 893/1498/763 894/1499/764 895/1500/193 891/1497/193 890/1496/762 892/1501/765
f 895/1500/193 894/1499/764 896/1502/766 897/1503/193
f 899/1504/767 900/1505/768 901/1506/193 897/1503/193 896/1502/766 898/1507/769
f 901/1506/193 900/1505/768 855/1464/740 854/1463/193
f 903/1508/770 904/1509/770 905/1510/770 902/1511/770
f 907/1512/771 908/1513/772 909/1514/773 906/1515/774
f 911/1516/775 912/1517/776 913/1518/777 910/1519/778
f 856/1465/741 914/1520/779 915/1521/780 857/1460/738
f 916/1522/781 917/1523/782 918/1524/783 919/1525/784
f 862/1471/745 920/1526/785 921/1527/786 863/1468/743
f 868/1477/749 922/1528/787 923/1529/788 869/1474/747
f 924/1530/789 925/1531/790 926/1532/791 927/1533/792
f 874/1483/753 928/1534/793 929/1535/794 875/1480/751
f 930/1536/795 931/1537/796 911/1516/775 910/1519/778
f 880/1489/757 932/1538/797 933/1539/798 881/1486/755
f 886/1495/761 934/1540/799 935/1541/800 887/1492/759
f 892/1501/765 936/1542/801 937/1543/802 893/1498/763
f 898/1507/769 938/1544/803 939/1545/804 899/1504/767
f 914/1520/779 940/1546/805 941/1547/806 915/1521/780
f 920/1526/785 942/1548/807 905/1549/808 921/1527/786
f 922/1528/787 943/1550/809 944/1551/810 923/1529/788
f 928/1534/793 945/1552/811 946/1553/812 929/1535/794
f 930/1536/795 947/1554/813 948/1555/814 931/1537/796
f 932/1538/797 949/1556/815 950/1557/816 933/1539/798
f 934/1540/799 951/1558/817 952/1559/818 935/1541/800
f 936/1542/801 953/1560/819 954/1561/820 937/1543/802
f 956/1562/821 957/1563/822 958/1564/823 955/1565/824
f 938/1544/803 959/1566/825 960/1567/826 939/1545/804
f 855/1464/740 961/1568/827 856/1465/741
f 858/1461/739 857/1460/738 916/1569/781
f 860/1466/742 962/1570/828 862/1471/745
f 864/1469/744 863/1468/743 906/1571/774
f 866/1472/746 909/1572/773 868/1477/749
f 870/1475/748 869/1474/747 924/1573/789
f 872/1478/750 963/1574/829 874/1483/753
f 876/1481/752 875/1480/751 910/1575/778
f 878/1484/754 913/1576/777 880/1489/757
f 882/1487/756 881/1486/755 964/1577/830
f 884/1490/758 965/1578/831 886/1495/761
f 888/1493/760 887/1492/759 966/1579/832
f 890/1496/762 967/1580/833 892/1501/765
f 894/1499/764 893/1498/763 968/1581/834
f 896/1502/766 969/1582/835 898/1507/769
f 900/1505/768 899/1504/767 970/1583/836
f 860/1466/742 858/1461/739 916/1569/781 962/1570/828
f 866/1472/746 864/1469/744 906/1571/774 909/1572/773
f 872/1478/750 870/1475/748 924/1573/789 963/1574/829
f 878/1484/754 876/1481/752 910/1575/778 913/1576/777
f 884/1490/758 882/1487/756 964/1577/830 965/1578/831
f 890/1496/762 888/1493/760 966/1579/832 967/1580/833
f 896/1502/766 894/1499/764 968/1581/834 969/1582/835
f 855/1464/740 900/1505/768 970/1583/836 961/1568/827
f 961/1568/827 971/1584/837 914/1520/779 856/1465/741
f 857/1460/738 915/1521/780 917/1585/782 916/1569/781
f 962/1570/828 972/1586/838 920/1526/785 862/1471/745
f 863/1468/743 921/1527/786 973/1587/839 906/1571/774
f 909/1572/773 974/1588/840 922/1528/787 868/1477/749
f 869/1474/747 923/1529/788 925/1589/790 924/1573/789
f 963/1574/829 975/1590/841 928/1534/793 874/1483/753
f 875/1480/751 929/1535/794 930/1591/795 910/1575/778
f 913/1576/777 976/1592/842 932/1538/797 880/1489/757
f 881/1486/755 933/1539/798 977/1593/843 964/1577/830
f 965/1578/831 978/1594/844 934/1540/799 886/1495/761
f 887/1492/759 935/1541/800 979/1595/845 966/1579/832
f 967/1580/833 980/1596/846 936/1542/801 892/1501/765
f 893/1498/763 937/1543/802 955/1597/824 968/1581/834
f 969/1582/835 981/1598/847 938/1544/803 898/1507/769
f 899/1504/767 939/1545/804 982/1599/848 970/1583/836
f 971/1584/837 983/1600/849 940/1546/805 914/1520/779
f 915/1521/780 941/1547/806 984/1601/850 917/1585/782
f 972/1586/838 985/1602/851 942/1548/807 920/1526/785
f 921/1527/786 905/1549/808 904/1603/852 973/1587/839
f 974/1588/840 986/1604/853 943/1550/809 922/1528/787
f 923/1529/788 944/1551/810 987/1605/854 925/1589/790
f 975/1590/841 988/1606/855 945/1552/811 928/1534/793
f 929/1535/794 946/1553/812 947/1607/813 930/1591/795
f 976/1592/842 989/1608/856 949/1556/815 932/1538/797
f 933/1539/798 950/1557/816 990/1609/857 977/1593/843
f 978/1594/844 991/1610/858 951/1558/817 934/1540/799
f 935/1541/800 952/1559/818 992/1611/859 979/1595/845
f 980/1596/846 993/1612/860 953/1560/819 936/1542/801
f 937/1543/802 954/1561/820 956/1613/821 955/1597/824
f 981/1598/847 994/1614/861 959/1566/825 938/1544/803
f 939/1545/804 960/1567/826 995/1615/862 982/1599/848
f 839/1445/193 859/1462/193 861/1467/193 840/1446/193
f 843/1449/193 871/1476/193 873/1479/193 844/1450/193
f 847/1453/193 883/1488/193 885/1491/193 848/1454/193
f 851/1457/193 895/1500/193 897/1503/193 852/1458/193
f 840/1616/770 996/1617/770 997/1618/863 841/1619/863
f 842/1620/864 841/1621/863 997/1622/863 998/1623/864
f 845/1624/865 999/1625/865 1000/1626/866 846/1627/866
f 846/1628/866 1000/1629/866 1001/1630/867 847/1631/867
f 848/1632/868 1002/1633/868 1003/1634/869 849/1635/869
f 850/1636/870 1004/1637/870 1005/1638/871 851/1639/871
f 839/1640/872 1006/1641/872 1007/1642/872 859/1643/872
f 843/1644/873 1008/1645/873 1009/1646/873 871/1647/873
f 883/1648/874 847/1631/874 1001/1630/874 1010/1649/874
f 895/1650/875 851/1639/875 1005/1638/875 1011/1651/875
f 854/1652/866 859/1643/867 1007/1642/867 1012/1653/866
f 871/1647/871 1009/1646/871 1013/1654/870 867/1655/870
f 883/1648/876 1010/1649/876 1014/1656/877 879/1657/877
f 889/1658/863 891/1659/864 1015/1660/864 1016/1661/863
f 897/1662/878 901/1663/865 1017/1664/865 1018/1665/878
f 946/1666/878 1019/1667/878 948/1555/97 947/1554/97
f 968/1668/834 1020/1669/879 1021/1670/880 969/1671/835
f 973/1672/839 904/1509/852 903/1508/881 1022/1673/882
f 992/1674/859 1023/1675/883 1024/1676/884 979/1677/845
f 975/1678/841 963/1679/829 1025/1680/885 1026/1681/886
f 981/1682/847 969/1671/835 1021/1670/880 1027/1683/887
f 971/1684/837 1028/1685/888 1029/1686/889 983/1687/849
f 972/1688/838 1030/1689/890 1031/1690/891 985/1691/851
f 989/1692/856 976/1693/842 1032/1694/892 1033/1695/893
f 988/1696/855 975/1678/841 1026/1681/886 1034/1697/894
f 1035/1698/418 1006/1699/418 1036/1700/418
f 1035/1698/418 996/1701/418 1006/1699/418
f 1035/1698/418 997/1702/418 996/1701/418
f 1035/1698/418 998/1703/418 997/1702/418
f 1035/1698/418 1008/1704/418 998/1703/418
f 1035/1698/418 1037/1705/418 1008/1704/418
f 1035/1698/418 999/1706/418 1037/1705/418
f 1035/1698/418 1000/1707/418 999/1706/418
f 1035/1698/418 1001/1708/418 1000/1707/418
f 1035/1698/418 1002/1709/418 1001/1708/418
f 1035/1698/418 1003/1710/418 1002/1709/418
f 1035/1698/418 1004/1711/418 1003/1710/418
f 1035/1698/418 1005/1712/418 1004/1711/418
f 1035/1698/418 1038/1713/418 1005/1712/418
f 1035/1698/418 1039/1714/418 1038/1713/418
f 1035/1698/418 1036/1700/418 1039/1714/418
f 1041/1715/895 1042/1716/896 1043/1717/897 1012/1718/418 1007/1719/418 1040/1720/898
f 1007/1719/418 1044/1721/418 1045/1722/899 1040/1720/898
f 1048/1723/900 1049/1724/901 1045/1722/899 1044/1721/418 1046/1725/418 1047/1726/902
f 1046/1725/418 1013/1727/418 1050/1728/903 1047/1726/902
f 1052/1729/904 1053/1730/905 1050/1728/903 1013/1727/418 1009/1731/418 1051/1732/906
f 1009/1731/418 1054/1733/418 1055/1734/907 1051/1732/906
f 1058/1735/908 1059/1736/909 1055/1734/907 1054/1733/418 1056/1737/418 1057/1738/910
f 1056/1737/418 1014/1739/418 1060/1740/911 1057/1738/910
f 1062/1741/912 1063/1742/913 1060/1740/911 1014/1739/418 1010/1743/418 1061/1744/914
f 1010/1743/418 1064/1745/418 1065/1746/915 1061/1744/914
f 1067/1747/916 1068/1748/917 1065/1746/915 1064/1745/418 1016/1749/418 1066/1750/918
f 1016/1749/418 1015/1751/418 1069/1752/919 1066/1750/918
f 1071/1753/920 1072/1754/921 1069/1752/919 1015/1751/418 1011/1755/418 1070/1756/922
f 1011/1755/418 1018/1757/418 1073/1758/923 1070/1756/922
f 1075/1759/924 1076/1760/925 1073/1758/923 1018/1757/418 1017/1761/418 1074/1762/926
f 1017/1761/418 1012/1718/418 1043/1717/897 1074/1762/926
f 1078/1763/876 984/1764/876 941/1765/876 1077/1766/876
f 1025/1680/885 963/1679/829 924/1530/789 927/1533/792
f 1080/1767/867 990/1768/867 950/1769/867 1079/1770/867
f 1082/1771/927 965/1772/831 964/1773/830 1081/1774/928
f 1084/1775/868 951/1776/868 991/1777/868 1083/1778/868
f 1086/1779/929 967/1780/833 966/1781/832 1085/1782/930
f 957/1563/871 956/1562/871 954/1783/871 1087/1784/871
f 1089/1785/931 995/1786/931 960/1787/931 1088/1788/931
f 1091/1789/932 961/1790/827 970/1791/836 1090/1792/933
f 1042/1716/896 1041/1715/895 1092/1793/934 1093/1794/935
f 1049/1724/901 1048/1723/900 1094/1795/936 1095/1796/937
f 907/1512/771 906/1515/774 973/1672/839 1022/1673/882
f 1053/1730/905 1052/1729/904 1096/1797/938 1097/1798/939
f 1059/1736/909 1058/1735/908 1098/1799/940 1099/1800/941
f 1063/1742/913 1062/1741/912 1100/1801/942 1101/1802/943
f 964/1773/830 977/1803/843 1102/1804/944 1081/1774/928
f 1068/1748/917 1067/1747/916 1103/1805/945 1104/1806/946
f 966/1781/832 979/1677/845 1024/1676/884 1085/1782/930
f 1072/1754/921 1071/1753/920 1105/1807/947 1106/1808/948
f 1076/1760/925 1075/1759/924 1107/1809/949 1108/1810/950
f 1093/1794/935 1092/1793/934 1077/1811/951 1109/1812/952
f 918/1524/783 917/1523/782 984/1764/850 1078/1763/953
f 1095/1796/937 1094/1795/936 902/1813/954 1110/1814/955
f 1097/1798/939 1096/1797/938 1111/1815/956 1112/1816/957
f 1099/1800/941 1098/1799/940 1019/1817/958 1113/1818/959
f 1101/1802/943 1100/1801/942 1079/1819/960 1114/1820/961
f 1104/1806/946 1103/1805/945 1115/1821/962 1084/1822/963
f 1106/1808/948 1105/1807/947 1087/1823/964 1116/1824/965
f 1108/1810/950 1107/1809/949 1088/1825/966 1117/1826/967
f 1043/1717/897 1042/1716/896 1091/1827/932
f 1040/1720/898 919/1828/784 1041/1715/895
f 1045/1722/899 1049/1724/901 1118/1829/968
f 1047/1726/902 907/1830/771 1048/1723/900
f 1050/1728/903 1053/1730/905 908/1831/772
f 1051/1732/906 927/1832/792 1052/1729/904
f 1055/1734/907 1059/1736/909 1025/1833/885
f 1057/1738/910 911/1834/775 1058/1735/908
f 1060/1740/911 1063/1742/913 912/1835/776
f 1061/1744/914 1081/1836/928 1062/1741/912
f 1065/1746/915 1068/1748/917 1082/1837/927
f 1066/1750/918 1085/1838/930 1067/1747/916
f 1069/1752/919 1072/1754/921 1086/1839/929
f 1070/1756/922 1020/1840/879 1071/1753/920
f 1073/1758/923 1076/1760/925 1021/1841/880
f 1074/1762/926 1090/1842/933 1075/1759/924
f 1045/1722/899 1118/1829/968 919/1828/784 1040/1720/898
f 1050/1728/903 908/1831/772 907/1830/771 1047/1726/902
f 1055/1734/907 1025/1833/885 927/1832/792 1051/1732/906
f 1060/1740/911 912/1835/776 911/1834/775 1057/1738/910
f 1065/1746/915 1082/1837/927 1081/1836/928 1061/1744/914
f 1069/1752/919 1086/1839/929 1085/1838/930 1066/1750/918
f 1073/1758/923 1021/1841/880 1020/1840/879 1070/1756/922
f 1043/1717/897 1091/1827/932 1090/1842/933 1074/1762/926
f 1091/1827/932 1042/1716/896 1093/1794/935 1028/1843/888
f 1041/1715/895 919/1828/784 918/1844/783 1092/1793/934
f 1118/1829/968 1049/1724/901 1095/1796/937 1030/1845/890
f 1048/1723/900 907/1830/771 1022/1846/882 1094/1795/936
f 908/1831/772 1053/1730/905 1097/1798/939 1119/1847/969
f 1052/1729/904 927/1832/792 926/1848/791 1096/1797/938
f 1025/1833/885 1059/1736/909 1099/1800/941 1026/1849/886
f 1058/1735/908 911/1834/775 931/1850/796 1098/1799/940
f 912/1835/776 1063/1742/913 1101/1802/943 1032/1851/892
f 1062/1741/912 1081/1836/928 1102/1852/944 1100/1801/942
f 1082/1837/927 1068/1748/917 1104/1806/946 1120/1853/970
f 1067/1747/916 1085/1838/930 1024/1854/884 1103/1805/945
f 1086/1839/929 1072/1754/921 1106/1808/948 1121/1855/971
f 1071/1753/920 1020/1840/879 958/1856/823 1105/1807/947
f 1021/1841/880 1076/1760/925 1108/1810/950 1027/1857/887
f 1075/1759/924 1090/1842/933 1122/1858/972 1107/1809/949
f 1028/1843/888 1093/1794/935 1109/1812/952 1029/1859/889
f 1092/1793/934 918/1844/783 1078/1860/953 1077/1811/951
f 1030/1845/890 1095/1796/937 1110/1814/955 1031/1861/891
f 1094/1795/936 1022/1846/882 903/1862/881 902/1813/954
f 1119/1847/969 1097/1798/939 1112/1816/957 1123/1863/973
f 1096/1797/938 926/1848/791 1124/1864/974 1111/1815/956
f 1026/1849/886 1099/1800/941 1113/1818/959 1034/1865/894
f 1098/1799/940 931/1850/796 948/1866/814 1019/1817/958
f 1032/1851/892 1101/1802/943 1114/1820/961 1033/1867/893
f 1100/1801/942 1102/1852/944 1080/1868/975 1079/1819/960
f 1120/1853/970 1104/1806/946 1084/1822/963 1083/1869/976
f 1103/1805/945 1024/1854/884 1023/1870/883 1115/1821/962
f 1121/1855/971 1106/1808/948 1116/1824/965 1125/1871/977
f 1105/1807/947 958/1856/823 957/1872/822 1087/1823/964
f 1027/1857/887 1108/1810/950 1117/1826/967 1126/1873/978
f 1107/1809/949 1122/1858/972 1089/1874/979 1088/1825/966
f 1006/1699/418 996/1701/418 1044/1721/418 1007/1719/418
f 1008/1704/418 1037/1705/418 1054/1733/418 1009/1731/418
f 1001/1708/418 1002/1709/418 1064/1745/418 1010/1743/418
f 1005/1712/418 1038/1713/418 1018/1757/418 1011/1755/418
f 839/1640/876 838/1875/877 1036/1876/877 1006/1641/876
f 1008/1645/980 843/1644/980 842/1620/864 998/1623/864
f 999/1625/865 845/1624/865 844/1877/878 1037/1878/878
f 850/1636/870 849/1879/869 1003/1880/869 1004/1637/870
f 853/1881/981 852/1882/931 1038/1883/931 1039/1884/981
f 838/1875/877 853/1885/981 1039/1886/981 1036/1876/877
f 996/1617/982 840/1616/982 861/1887/982 1044/1888/982
f 844/1877/983 873/1889/983 1054/1890/983 1037/1878/983
f 848/1632/984 885/1891/984 1064/1892/984 1002/1633/984
f 1038/1883/985 852/1882/985 897/1662/985 1018/1665/985
f 861/1887/868 865/1893/869 1046/1894/869 1044/1888/868
f 865/1893/869 867/1655/870 1013/1654/870 1046/1894/869
f 873/1889/931 877/1895/981 1056/1896/981 1054/1890/931
f 877/1895/981 879/1657/877 1014/1656/877 1056/1896/981
f 1064/1892/770 885/1891/770 889/1658/863 1016/1661/863
f 1015/1660/864 891/1659/864 895/1650/980 1011/1651/980
f 1017/1664/865 901/1663/865 854/1652/866 1012/1653/866
f 916/1522/781 919/1525/784 1118/1897/968 962/1898/828
f 944/1899/980 1111/1900/980 1124/1901/980 987/1902/980
f 968/1668/834 955/1565/824 958/1564/823 1020/1669/879
f 982/1903/848 1122/1904/972 1090/1792/933 970/1791/836
f 987/1902/854 1124/1901/974 926/1532/791 925/1531/790
f 977/1803/843 990/1768/857 1080/1767/975 1102/1804/944
f 982/1903/848 995/1786/862 1089/1785/979 1122/1904/972
f 909/1514/773 908/1513/772 1119/1905/969 974/1906/840
f 913/1518/777 912/1517/776 1032/1694/892 976/1693/842
f 974/1906/840 1119/1905/969 1123/1907/973 986/1908/853
f 980/1909/846 1121/1910/971 1125/1911/977 993/1912/860
f 961/1790/827 1091/1789/932 1028/1685/888 971/1684/837
f 962/1898/828 1118/1897/968 1030/1689/890 972/1688/838
f 965/1913/831 1082/1914/927 1120/1915/970 978/1916/844
f 967/1780/833 1086/1779/929 1121/1910/971 980/1909/846
f 978/1916/844 1120/1915/970 1083/1778/976 991/1777/858
f 994/1917/861 981/1682/847 1027/1683/887 1126/1918/978
f 953/1919/871 993/1912/871 1125/1911/871 1116/1920/871
f 1087/1784/871 954/1783/871 953/1919/871 1116/1920/871
f 1023/1675/868 992/1674/868 952/1921/868 1115/1922/868
f 1084/1775/868 1115/1922/868 952/1921/868 951/1776/868
f 949/1923/867 1114/1924/867 1079/1770/867 950/1769/867
f 949/1923/867 989/1692/867 1033/1695/867 1114/1924/867
f 945/1925/878 1113/1926/878 1019/1667/878 946/1666/878
f 945/1925/878 988/1696/878 1034/1697/878 1113/1926/878
f 943/1927/980 1112/1928/980 1111/1900/980 944/1899/980
f 943/1927/980 986/1908/980 1123/1907/980 1112/1928/980
f 942/1929/770 1110/1930/770 902/1511/770 905/1510/770
f 942/1929/770 985/1691/770 1031/1690/770 1110/1930/770
f 940/1931/876 1109/1932/876 1077/1766/876 941/1765/876
f 940/1931/876 983/1687/876 1029/1686/876 1109/1932/876
f 959/1933/931 1117/1934/931 1088/1788/931 960/1787/931
f 959/1933/931 994/1917/931 1126/1918/931 1117/1934/931
f 1127/1935/193 1128/1936/193 1129/1937/193 1130/1938/193
f 1128/1936/193 1131/1939/193 1132/1940/193 1129/1937/193
f 1133/1941/193 1127/1935/193 1130/1938/193 1134/1942/193
f 1135/1943/193 1136/1944/193 1137/1945/193 1138/1946/193
f 1139/1947/193 1140/1948/193 1141/1949/193 1142/1950/193
f 1136/1944/193 1139/1947/193 1142/1950/193 1137/1945/193
f 1140/1948/193 1133/1941/193 1134/1942/193 1141/1949/193
f 1131/1939/193 1143/1951/193 1144/1952/193 1132/1940/193
f 1143/1951/193 1145/1953/193 1146/1954/193 1144/1952/193
f 1147/1955/193 1148/1956/193 1149/1957/193 1150/1958/193
f 1145/1953/193 1147/1955/193 1150/1958/193 1146/1954/193
f 1148/1956/193 1151/1959/193 1152/1960/193 1149/1957/193
f 1153/1961/193 1135/1943/193 1138/1946/193 1154/1962/193
f 1155/1963/193 1156/1964/193 1157/1965/193 1158/1966/193
f 1156/1964/193 1153/1961/193 1154/1962/193 1157/1965/193
f 1151/1959/193 1155/1963/193 1158/1966/193 1152/1960/193
f 1130/1938/193 1129/1937/193 1159/1967/193 1160/1968/193
f 1129/1937/193 1132/1940/193 1161/1969/193 1159/1967/193
f 1134/1942/193 1130/1938/193 1160/1968/193 1162/1970/193
f 1138/1946/193 1137/1945/193 1163/1971/193 1164/1972/193
f 1142/1950/193 1141/1949/193 1165/1973/193 1166/1974/193
f 1137/1945/193 1142/1950/193 1166/1974/193 1163/1971/193
f 1141/1949/193 1134/1942/193 1162/1970/193 1165/1973/193
f 1132/1940/193 1144/1952/193 1167/1975/193 1161/1969/193
f 1144/1952/193 1146/1954/193 1168/1976/193 1167/1975/193
f 1150/1958/193 1149/1957/193 1169/1977/193 1170/1978/193
f 1146/1954/193 1150/1958/193 1170/1978/193 1168/1976/193
f 1149/1957/193 1152/1960/193 1171/1979/193 1169/1977/193
f 1154/1962/193 1138/1946/193 1164/1972/193 1172/1980/193
f 1158/1966/193 1157/1965/193 1173/1981/193 1174/1982/193
f 1157/1965/193 1154/1962/193 1172/1980/193 1173/1981/193
f 1152/1960/193 1158/1966/193 1174/1982/193 1171/1979/193
f 1160/1983/986 1159/1984/987 1175/1985/987 1176/1986/986
f 1159/1984/987 1161/1987/988 1177/1988/988 1175/1985/987
f 1162/1989/989 1160/1990/986 1176/1991/986 1178/1992/989
f 1164/1993/990 1163/1994/991 1179/1995/991 1180/1996/990
f 1166/1997/992 1165/1998/993 1181/1999/993 1182/2000/992
f 1163/1994/991 1166/1997/992 1182/2000/992 1179/1995/991
f 1165/1998/993 1162/1989/989 1178/1992/989 1181/1999/993
f 1161/1987/988 1167/2001/994 1183/2002/994 1177/1988/988
f 1167/2001/994 1168/2003/995 1184/2004/995 1183/2002/994
f 1170/2005/996 1169/2006/997 1185/2007/997 1186/2008/996
f 1168/2003/995 1170/2005/996 1186/2008/996 1184/2004/995
f 1169/2006/997 1171/2009/998 1187/2010/998 1185/2007/997
f 1172/2011/999 1164/1993/990 1180/1996/990 1188/2012/999
f 1174/2013/1000 1173/2014/1001 1189/2015/1001 1190/2016/1000
f 1173/2014/1001 1172/2011/999 1188/2012/999 1189/2015/1001
f 1171/2009/998 1174/2013/1000 1190/2016/1000 1187/2010/998
f 1176/2017/193 1175/2018/193 1191/2019/193
f 1175/2018/193 1177/2020/193 1191/2019/193
f 1178/2021/193 1176/2017/193 1191/2019/193
f 1180/2022/193 1179/2023/193 1191/2019/193
f 1182/2024/193 1181/2025/193 1191/2019/193
f 1179/2023/193 1182/2024/193 1191/2019/193
f 1181/2025/193 1178/2021/193 1191/2019/193
f 1177/2020/193 1183/2026/193 1191/2019/193
f 1183/2026/193 1184/2027/193 1191/2019/193
f 1186/2028/193 1185/2029/193 1191/2019/193
f 1184/2027/193 1186/2028/193 1191/2019/193
f 1185/2029/193 1187/2030/193 1191/2019/193
f 1188/2031/193 1180/2022/193 1191/2019/193
f 1190/2032/193 1189/2033/193 1191/2019/193
f 1189/2033/193 1188/2031/193 1191/2019/193
f 1187/2030/193 1190/2032/193 1191/2019/193
f 1143/2034/1002 1131/2035/1002 1192/2036/1002 1193/2037/1002
f 1128/2038/1003 1127/2039/1003 1194/2040/1003 1195/2041/1003
f 1128/2038/1004 1195/2041/1004 1192/2036/1004 1131/2035/1004
f 1127/2039/1005 1133/2042/1005 1196/2043/1005 1194/2040/1005
f 1140/2044/1006 1139/2045/1006 1197/2046/1006 1198/2047/1006
f 1139/2045/1007 1136/2048/1007 1199/2049/1007 1197/2046/1007
f 1133/2042/1008 1140/2044/1008 1198/2047/1008 1196/2043/1008
f 1145/2050/1009 1143/2034/1009 1193/2037/1009 1200/2051/1009
f 1194/2052/418 1201/2053/418 1202/2054/418 1195/2055/418
f 1195/2055/418 1202/2054/418 1203/2056/418 1192/2057/418
f 1196/2058/418 1204/2059/418 1201/2053/418 1194/2052/418
f 1205/2060/418 1206/2061/418 1207/2062/418 1199/2063/418
f 1197/2064/418 1208/2065/418 1209/2066/418 1198/2067/418
f 1199/2063/418 1207/2062/418 1208/2065/418 1197/2064/418
f 1198/2067/418 1209/2066/418 1204/2059/418 1196/2058/418
f 1192/2057/418 1203/2056/418 1210/2068/418 1193/2069/418
f 1193/2069/418 1210/2068/418 1211/2070/418 1200/2071/418
f 1212/2072/418 1213/2073/418 1214/2074/418 1215/2075/418
f 1200/2071/418 1211/2070/418 1213/2073/418 1212/2072/418
f 1215/2075/418 1214/2074/418 1216/2076/418 1217/2077/418
f 1218/2078/418 1219/2079/418 1206/2061/418 1205/2060/418
f 1220/2080/418 1221/2081/418 1222/2082/418 1223/2083/418
f 1223/2083/418 1222/2082/418 1219/2079/418 1218/2078/418
f 1217/2077/418 1216/2076/418 1221/2081/418 1220/2080/418
f 1201/2053/418 1224/2084/418 1225/2085/418 1202/2054/418
f 1202/2054/418 1225/2085/418 1226/2086/418 1203/2056/418
f 1204/2059/418 1227/2087/418 1224/2084/418 1201/2053/418
f 1206/2061/418 1228/2088/418 1229/2089/418 1207/2062/418
f 1208/2065/418 1230/2090/418 1231/2091/418 1209/2066/418
f 1207/2062/418 1229/2089/418 1230/2090/418 1208/2065/418
f 1209/2066/418 1231/2091/418 1227/2087/418 1204/2059/418
f 1203/2056/418 1226/2086/418 1232/2092/418 1210/2068/418
f 1210/2068/418 1232/2092/418 1233/2093/418 1211/2070/418
f 1213/2073/418 1234/2094/418 1235/2095/418 1214/2074/418
f 1211/2070/418 1233/2093/418 1234/2094/418 1213/2073/418
f 1214/2074/418 1235/2095/418 1236/2096/418 1216/2076/418
f 1219/2079/418 1237/2097/418 1228/2088/418 1206/2061/418
f 1221/2081/418 1238/2098/418 1239/2099/418 1222/2082/418
f 1222/2082/418 1239/2099/418 1237/2097/418 1219/2079/418
f 1216/2076/418 1236/2096/418 1238/2098/418 1221/2081/418
f 1224/2100/986 1240/2101/986 1241/2102/987 1225/2103/987
f 1225/2103/987 1241/2102/987 1242/2104/988 1226/2105/988
f 1227/2106/989 1243/2107/989 1240/2101/986 1224/2100/986
f 1228/2108/990 1244/2109/990 1245/2110/991 1229/2111/991
f 1230/2112/992 1246/2113/992 1247/2114/993 1231/2115/993
f 1229/2111/991 1245/2110/991 1246/2113/992 1230/2112/992
f 1231/2115/993 1247/2114/993 1243/2107/989 1227/2106/989
f 1226/2105/988 1242/2104/988 1248/2116/994 1232/2117/994
f 1232/2117/994 1248/2116/994 1249/2118/995 1233/2119/995
f 1234/2120/996 1250/2121/996 1251/2122/997 1235/2123/997
f 1233/2119/995 1249/2118/995 1250/2121/996 1234/2120/996
f 1235/2123/997 1251/2122/997 1252/2124/998 1236/2125/998
f 1237/2126/999 1253/2127/999 1244/2109/990 1228/2108/990
f 1238/2128/1000 1254/2129/1000 1255/2130/1001 1239/2131/1001
f 1239/2131/1001 1255/2130/1001 1253/2127/999 1237/2126/999
f 1236/2125/998 1252/2124/998 1254/2132/1000 1238/2133/1000
f 1240/2134/418 1256/2135/418 1241/2136/418
f 1241/2136/418 1256/2135/418 1242/2137/418
f 1243/2138/418 1256/2135/418 1240/2134/418
f 1244/2139/418 1256/2135/418 1245/2140/418
f 1246/2141/418 1256/2135/418 1247/2142/418
f 1245/2140/418 1256/2135/418 1246/2141/418
f 1247/2142/418 1256/2135/418 1243/2138/418
f 1242/2137/418 1256/2135/418 1248/2143/418
f 1248/2143/418 1256/2135/418 1249/2144/418
f 1250/2145/418 1256/2135/418 1251/2146/418
f 1249/2144/418 1256/2135/418 1250/2145/418
f 1251/2146/418 1256/2135/418 1252/2147/418
f 1253/2148/418 1256/2135/418 1244/2139/418
f 1254/2149/418 1256/2135/418 1255/2150/418
f 1255/2150/418 1256/2135/418 1253/2148/418
f 1252/2147/418 1256/2135/418 1254/2149/418
f 1135/2151/1010 1205/2152/1010 1199/2049/1010 1136/2048/1010
f 1147/2153/1011 1212/2154/1011 1215/2155/1011 1148/2156/1011
f 1147/2153/1012 1145/2050/1012 1200/2051/1012 1212/2154/1012
f 1148/2156/1013 1215/2155/1013 1217/2157/1013 1151/2158/1013
f 1153/2159/1014 1218/2160/1014 1205/2161/1014 1135/2162/1014
f 1156/2163/1015 1155/2164/1015 1220/2165/1015 1223/2166/1015
f 1156/2163/1016 1223/2166/1016 1218/2160/1016 1153/2159/1016
f 1151/2158/1017 1217/2157/1017 1220/2165/1017 1155/2164/1017
f 1257/2167/1018 1258/2168/1019 1259/2169/1020
f 1257/2167/1018 1259/2169/1020 1260/2170/1021
f 1257/2167/1018 1260/2170/1021 1261/2171/1022
f 1257/2167/1018 1261/2171/1022 1262/2172/1023
f 1257/2167/1018 1262/2172/1023 1263/2173/1024
f 1257/2167/1018 1263/2173/1024 1258/2168/1019
f 1258/2168/1019 1264/2174/1025 1265/2175/1026 1259/2169/1020
f 1259/2169/1020 1265/2175/1026 1266/2176/1027 1260/2170/1021
f 1260/2170/1021 1266/2176/1027 1267/2177/1028 1261/2171/1022
f 1261/2171/1022 1267/2177/1028 1268/2178/1029 1262/2172/1023
f 1262/2172/1023 1268/2178/1029 1269/2179/1030 1263/2173/1024
f 1263/2173/1024 1269/2179/1030 1264/2174/1025 1258/2168/1019
f 1270/2180/1031 1265/2175/1026 1264/2174/1025
f 1270/2180/1031 1266/2176/1027 1265/2175/1026
f 1270/2180/1031 1267/2177/1028 1266/2176/1027
f 1270/2180/1031 1268/2178/1029 1267/2177/1028
f 1270/2180/1031 1269/2179/1030 1268/2178/1029
f 1270/2180/1031 1264/2174/1025 1269/2179/1030
f 1272/2181/1032 1273/2182/1033 1274/2183/1034 1271/2184/1035
f 1275/2185/1032 1276/2186/1036 1273/2182/1033 1272/2181/1032
f 1277/2187/1037 1278/2188/1038 1276/2186/1036 1275/2185/1032
f 1279/2189/1037 1280/2190/1039 1278/2188/1038 1277/2187/1037
f 1281/2191/1040 1282/2192/1041 1280/2190/1039 1279/2189/1037
f 1283/2193/1040 1284/2194/1042 1282/2192/1041 1281/2191/1040
f 1285/2195/1043 1286/2196/1044 1284/2194/1042 1283/2193/1040
f 1287/2197/1043 1288/2198/1045 1286/2196/1044 1285/2195/1043
f 1289/2199/1046 1290/2200/1047 1288/2198/1045 1287/2197/1043
f 1291/2201/1046 1292/2202/1048 1290/2200/1047 1289/2199/1046
f 1293/2203/1049 1294/2204/1050 1292/2202/1048 1291/2201/1046
f 1295/2205/1049 1296/2206/1051 1294/2204/1050 1293/2203/1049
f 1297/2207/1052 1298/2208/1053 1296/2206/1051 1295/2205/1049
f 1299/2209/1052 1300/2210/1054 1298/2208/1053 1297/2207/1052
f 1301/2211/1035 1302/2212/1055 1300/2210/1054 1299/2209/1052
f 1271/2184/1035 1274/2183/1034 1302/2212/1055 1301/2211/1035
f 1303/2213/193 1304/2214/193 1305/2215/193 1306/2216/193
f 1305/2215/193 1307/2217/193 1306/2216/193
f 1306/2216/193 1307/2217/193 1308/2218/193 1309/2219/193
f 1308/2218/193 1310/2220/193 1309/2219/193
f 1309/2219/193 1310/2220/193 1311/2221/193 1312/2222/193
f 1311/2221/193 1313/2223/193 1312/2222/193
f 1312/2222/193 1313/2223/193 1314/2224/193 1315/2225/193
f 1314/2224/193 1316/2226/193 1315/2225/193
f 1315/2225/193 1316/2226/193 1317/2227/193 1318/2228/193
f 1317/2227/193 1319/2229/193 1318/2228/193
f 1318/2228/193 1319/2229/193 1320/2230/193 1321/2231/193
f 1320/2230/193 1322/2232/193 1321/2231/193
f 1321/2231/193 1322/2232/193 1323/2233/193 1324/2234/193
f 1323/2233/193 1325/2235/193 1324/2234/193
f 1324/2234/193 1325/2235/193 1326/2236/193 1303/2213/193
f 1326/2236/193 1304/2214/193 1303/2213/193
f 1275/2185/1032 1272/2181/1032 1327/2237/1056 1328/2238/1056
f 1279/2189/1037 1277/2187/1037 1329/2239/1057 1330/2240/1057
f 1283/2193/1040 1281/2191/1040 1331/2241/1058 1332/2242/1058
f 1287/2197/1043 1285/2195/1043 1333/2243/1059 1334/2244/1059
f 1291/2201/1046 1289/2199/1046 1335/2245/1060 1336/2246/1060
f 1337/2247/1061 1338/2248/1061 1335/2249/1061 1289/2250/1061
f 1295/2205/1049 1293/2203/1049 1339/2251/1062 1340/2252/1062
f 1299/2209/1052 1297/2207/1052 1341/2253/1063 1342/2254/1063
f 1271/2184/1035 1301/2211/1035 1343/2255/1064 1344/2256/1064
f 1307/2217/193 1305/2215/193 1346/2257/193 1345/2258/193
f 1310/2220/193 1308/2218/193 1348/2259/193 1347/2260/193
f 1313/2223/193 1311/2221/193 1350/2261/193 1349/2262/193
f 1316/2226/193 1314/2224/193 1352/2263/193 1351/2264/193
f 1319/2229/193 1317/2227/193 1354/2265/193 1353/2266/193
f 1322/2232/193 1320/2230/193 1356/2267/193 1355/2268/193
f 1325/2235/193 1323/2233/193 1358/2269/193 1357/2270/193
f 1304/2214/193 1326/2236/193 1360/2271/193 1359/2272/193
f 1304/2273/876 1361/2274/876 1362/2275/876 1305/2276/876
f 1359/2277/1065 1363/2278/1065 1361/2274/1065 1304/2273/1065
f 1310/2279/980 1364/2280/980 1365/2281/980 1311/2282/980
f 1313/2223/878 1366/2223/878 1367/2224/878 1314/2224/878
f 1316/2283/867 1368/2284/867 1369/2285/867 1317/2286/867
f 1319/2287/868 1370/2288/868 1371/2289/868 1320/2290/868
f 1322/2291/871 1372/2292/871 1373/2293/871 1323/2294/871
f 1325/2295/931 1374/2296/931 1375/2297/931 1326/2298/931
f 1326/2298/1066 1375/2297/1066 1376/2299/1066 1360/2300/1066
f 1357/2301/1067 1377/2302/1067 1374/2296/1067 1325/2295/1067
f 1323/2294/1068 1373/2293/1068 1378/2303/1068 1358/2304/1068
f 1355/2305/1069 1379/2306/1069 1372/2292/1069 1322/2291/1069
f 1356/2307/1070 1320/2290/1070 1371/2289/1070 1380/2308/1070
f 1353/2309/1071 1381/2310/1071 1370/2288/1071 1319/2287/1071
f 1317/2286/1072 1369/2285/1072 1382/2311/1072 1354/2312/1072
f 1351/2313/1073 1383/2314/1073 1368/2284/1073 1316/2283/1073
f 1314/2224/1074 1367/2224/1074 1384/2263/1074 1352/2263/1074
f 1347/2315/1075 1385/2316/1075 1364/2280/1075 1310/2279/1075
f 1308/2317/1076 1386/2318/1076 1387/2319/1076 1348/2320/1076
f 1307/2321/1077 1345/2322/1077 1388/2323/1077 1389/2324/1077
f 1305/2276/1078 1362/2275/1078 1390/2325/1078 1346/2326/1078
f 1346/2327/867 1390/2328/867 1363/2278/867 1359/2277/867
f 1348/2320/868 1387/2319/868 1388/2329/868 1345/2330/868
f 1350/2331/871 1391/2332/871 1385/2316/871 1347/2315/871
f 1354/2333/876 1382/2334/876 1383/2314/876 1351/2313/876
f 1355/2305/980 1358/2335/980 1378/2336/980 1379/2306/980
f 1357/2337/878 1360/2300/878 1376/2299/878 1377/2338/878
f 1327/2339/1079 1392/2340/1079 1393/2341/1079 1328/2342/1079
f 1289/2250/867 1287/2343/867 1394/2344/867 1337/2247/867
f 1299/2345/931 1395/2346/931 1396/2347/931 1301/2348/931
f 1275/2349/1080 1328/2342/1080 1393/2341/1080 1397/2350/1080
f 1283/2351/1081 1332/2352/1081 1398/2353/1081 1399/2354/1081
f 1334/2355/1082 1400/2356/1082 1394/2344/1082 1287/2343/1082
f 1336/2357/1083 1401/2358/1083 1402/2359/1083 1291/2360/1083
f 1363/2272/1084 1390/2257/1085 1404/2181/1086 1403/2184/1087
f 1390/2257/1085 1388/2258/1088 1397/2185/1089 1404/2181/1086
f 1388/2258/1088 1387/2259/1090 1405/2187/1091 1397/2185/1089
f 1387/2259/1090 1385/2260/1092 1406/2189/1093 1405/2187/1091
f 1385/2260/1092 1391/2261/1094 1407/2191/1095 1406/2189/1093
f 1391/2261/1094 1408/2262/1096 1399/2193/1097 1407/2191/1095
f 1408/2262/1096 1384/2263/1098 1409/2195/1099 1399/2193/1097
f 1384/2263/1098 1383/2264/1100 1394/2197/1101 1409/2195/1099
f 1383/2264/1100 1382/2265/1102 1337/2199/1103 1394/2197/1101
f 1382/2265/1102 1381/2266/1104 1402/2201/1105 1337/2199/1103
f 1381/2266/1104 1380/2267/1106 1410/2203/1107 1402/2201/1105
f 1380/2267/1106 1379/2268/1108 1411/2205/1109 1410/2203/1107
f 1379/2268/1108 1378/2269/1110 1412/2207/1111 1411/2205/1109
f 1378/2269/1110 1377/2270/1112 1395/2209/1113 1412/2207/1111
f 1377/2270/1112 1376/2271/1114 1396/2211/1115 1395/2209/1113
f 1376/2271/1114 1363/2272/1084 1403/2184/1087 1396/2211/1115
f 1362/2215/418 1361/2214/418 1414/2213/418 1413/2216/418
f 1389/2217/418 1362/2215/418 1413/2216/418
f 1386/2218/418 1389/2217/418 1413/2216/418 1415/2219/418
f 1364/2220/418 1386/2218/418 1415/2219/418
f 1365/2221/418 1364/2220/418 1415/2219/418 1416/2222/418
f 1366/2223/418 1365/2221/418 1416/2222/418
f 1367/2224/418 1366/2223/418 1416/2222/418 1417/2225/418
f 1368/2226/418 1367/2224/418 1417/2225/418
f 1369/2227/418 1368/2226/418 1417/2225/418 1418/2228/418
f 1370/2229/418 1369/2227/418 1418/2228/418
f 1371/2230/418 1370/2229/418 1418/2228/418 1419/2231/418
f 1372/2232/418 1371/2230/418 1419/2231/418
f 1373/2233/418 1372/2232/418 1419/2231/418 1420/2234/418
f 1374/2235/418 1373/2233/418 1420/2234/418
f 1375/2236/418 1374/2235/418 1420/2234/418 1414/2213/418
f 1361/2214/418 1375/2236/418 1414/2213/418
f 1397/2185/1089 1393/2238/1116 1392/2237/1116 1404/2181/1086
f 1392/2340/1117 1327/2339/1117 1272/2361/1117 1404/2362/1117
f 1406/2189/1093 1421/2240/1118 1422/2239/1118 1405/2187/1091
f 1405/2363/1119 1422/2364/1119 1329/2365/1119 1277/2366/1119
f 1399/2193/1097 1398/2242/1120 1423/2241/1120 1407/2191/1095
f 1423/2367/1121 1331/2368/1121 1281/2369/1121 1407/2370/1121
f 1394/2197/1101 1400/2244/1122 1424/2243/1122 1409/2195/1099
f 1424/2371/1123 1333/2372/1123 1285/2373/1123 1409/2374/1123
f 1402/2201/1105 1401/2246/1124 1338/2245/1124 1337/2199/1103
f 1411/2205/1109 1425/2252/1125 1426/2251/1125 1410/2203/1107
f 1426/2375/1126 1339/2376/1126 1293/2377/1126 1410/2378/1126
f 1395/2209/1113 1427/2254/1127 1428/2253/1127 1412/2207/1111
f 1428/2379/1128 1341/2380/1128 1297/2381/1128 1412/2382/1128
f 1403/2184/1087 1429/2256/1129 1430/2255/1129 1396/2211/1115
f 1396/2347/1130 1430/2383/1130 1343/2384/1130 1301/2348/1130
f 1390/2257/1085 1362/2215/418 1389/2217/418 1388/2258/1088
f 1387/2259/1090 1386/2218/418 1364/2220/418 1385/2260/1092
f 1391/2261/1094 1365/2221/418 1366/2223/418 1408/2262/1096
f 1384/2263/1098 1367/2224/418 1368/2226/418 1383/2264/1100
f 1382/2265/1102 1369/2227/418 1370/2229/418 1381/2266/1104
f 1380/2267/1106 1371/2230/418 1372/2232/418 1379/2268/1108
f 1378/2269/1110 1373/2233/418 1374/2235/418 1377/2270/1112
f 1376/2271/1114 1375/2236/418 1361/2214/418 1363/2272/1084
f 1386/2318/770 1308/2317/770 1307/2321/770 1389/2324/770
f 1366/2385/1131 1313/2386/1131 1349/2387/1131 1408/2388/1131
f 1350/2389/1132 1311/2282/1132 1365/2281/1132 1391/2390/1132
f 1349/2387/931 1352/2391/931 1384/2392/931 1408/2388/931
f 1381/2393/770 1353/2394/770 1356/2307/770 1380/2308/770
f 1272/2361/876 1271/2395/876 1403/2396/876 1404/2362/876
f 1275/2349/770 1397/2350/770 1405/2363/770 1277/2366/770
f 1329/2365/1133 1422/2364/1133 1421/2397/1133 1330/2398/1133
f 1279/2399/980 1406/2400/980 1407/2370/980 1281/2369/980
f 1331/2368/1134 1423/2367/1134 1398/2353/1134 1332/2352/1134
f 1283/2351/878 1399/2354/878 1409/2374/878 1285/2373/878
f 1333/2372/1135 1424/2371/1135 1400/2356/1135 1334/2355/1135
f 1335/2249/1136 1338/2248/1136 1401/2358/1136 1336/2357/1136
f 1293/2401/868 1291/2360/868 1402/2359/868 1410/2402/868
f 1339/2376/1137 1426/2375/1137 1425/2403/1137 1340/2404/1137
f 1295/2405/871 1411/2406/871 1412/2382/871 1297/2381/871
f 1341/2380/1138 1428/2379/1138 1427/2407/1138 1342/2408/1138
f 1343/2384/1139 1430/2383/1139 1429/2409/1139 1344/2410/1139
f 1279/2399/1140 1330/2398/1140 1421/2397/1140 1406/2400/1140
f 1295/2405/1141 1340/2404/1141 1425/2403/1141 1411/2406/1141
f 1299/2345/1142 1342/2408/1142 1427/2407/1142 1395/2346/1142
f 1344/2410/1143 1429/2409/1143 1403/2396/1143 1271/2395/1143
f 1346/2257/1144 1359/2272/1145 1274/2183/1034 1273/2182/1033
f 1345/2258/1146 1346/2257/1144 1273/2182/1033 1276/2186/1036
f 1348/2259/1147 1345/2258/1146 1276/2186/1036 1278/2188/1038
f 1347/2260/1148 1348/2259/1147 1278/2188/1038 1280/2190/1039
f 1350/2261/1149 1347/2260/1148 1280/2190/1039 1282/2192/1041
f 1349/2262/1150 1350/2261/1149 1282/2192/1041 1284/2194/1042
f 1352/2263/1151 1349/2262/1150 1284/2194/1042 1286/2196/1044
f 1351/2264/1152 1352/2263/1151 1286/2196/1044 1288/2198/1045
f 1354/2265/1153 1351/2264/1152 1288/2198/1045 1290/2200/1047
f 1353/2266/1154 1354/2265/1153 1290/2200/1047 1292/2202/1048
f 1356/2267/1155 1353/2266/1154 1292/2202/1048 1294/2204/1050
f 1355/2268/1156 1356/2267/1155 1294/2204/1050 1296/2206/1051
f 1358/2269/1157 1355/2268/1156 1296/2206/1051 1298/2208/1053
f 1357/2270/1158 1358/2269/1157 1298/2208/1053 1300/2210/1054
f 1360/2271/1159 1357/2270/1158 1300/2210/1054 1302/2212/1055
f 1359/2272/1145 1360/2271/1159 1302/2212/1055 1274/2183/1034
f 1431/2216/1160 1432/2411/193 1433/2213/1161
f 1434/2219/1162 1432/2411/193 1431/2216/1160
f 1435/2222/1163 1432/2411/193 1434/2219/1162
f 1436/2225/1164 1432/2411/193 1435/2222/1163
f 1437/2228/1165 1432/2411/193 1436/2225/1164
f 1438/2231/1166 1432/2411/193 1437/2228/1165
f 1439/2234/1167 1432/2411/193 1438/2231/1166
f 1433/2213/1161 1432/2411/193 1439/2234/1167
f 1440/2213/1168 1441/2411/418 1442/2216/1169
f 1442/2216/1169 1441/2411/418 1443/2219/1170
f 1443/2219/1170 1441/2411/418 1444/2222/1171
f 1444/2222/1171 1441/2411/418 1445/2225/1172
f 1445/2225/1172 1441/2411/418 1446/2228/1173
f 1446/2228/1173 1441/2411/418 1447/2231/1174
f 1447/2231/1174 1441/2411/418 1448/2234/1175
f 1448/2234/1175 1441/2411/418 1440/2213/1168
f 1303/2213/275 1306/2216/269 1431/2216/269 1433/2213/275
f 1306/2216/269 1309/2219/1133 1434/2219/1133 1431/2216/269
f 1309/2219/1133 1312/2222/1134 1435/2222/1134 1434/2219/1133
f 1312/2222/1134 1315/2225/878 1436/2225/878 1435/2222/1134
f 1315/2225/867 1318/2228/1136 1437/2228/1136 1436/2225/867
f 1318/2228/1136 1321/2231/1137 1438/2231/1137 1437/2228/1136
f 1321/2231/1137 1324/2234/1138 1439/2234/1138 1438/2231/1137
f 1324/2234/1138 1303/2213/177 1433/2213/177 1439/2234/1138
f 1413/2216/269 1414/2213/275 1440/2213/275 1442/2216/269
f 1414/2213/177 1420/2234/1138 1448/2234/1138 1440/2213/177
f 1420/2234/1138 1419/2231/1137 1447/2231/1137 1448/2234/1138
f 1419/2231/1137 1418/2228/1136 1446/2228/1136 1447/2231/1137
f 1418/2228/1136 1417/2225/867 1445/2225/867 1446/2228/1136
f 1417/2225/878 1416/2222/1134 1444/2222/1134 1445/2225/878
f 1416/2222/1134 1415/2219/1133 1443/2219/1133 1444/2222/1134
f 1415/2219/1133 1413/2216/269 1442/2216/269 1443/2219/1133
s 0
f 1449/2412/193 1450/2412/193 1451/2413/193 1452/2414/193 1453/2414/193
f 1456/2414/193 1457/2414/193 1458/2415/193 1454/2412/193 1455/2412/193
f 1455/2412/193 1459/2412/193 1460/2414/193 1456/2414/193
f 1459/2412/193 1461/2412/193 1462/2414/193 1460/2414/193
f 1465/2412/193 1466/2416/193 1467/2417/193 1463/2418/193 1464/2412/193
f 1466/2416/193 1465/2412/193 1454/2412/193 1458/2415/193
f 1457/2414/193 1468/2414/193 1469/2419/193 1458/2415/193
f 1468/2414/193 1470/2414/193 1471/2420/193 1469/2419/193
f 1452/2414/193 1451/2413/193 1472/2421/193
f 1473/2422/193 1450/2412/193 1464/2412/193 1463/2418/193
f 1473/2422/193 1451/2413/193 1450/2412/193
f 1471/2420/193 1470/2414/193 1452/2414/193 1472/2421/193
f 1474/2412/193 1475/2423/193 1476/2414/193 1477/2414/193
f 1475/2423/193 1449/2412/193 1453/2414/193 1476/2414/193
f 1461/2412/193 1478/2424/193 1479/2414/193 1462/2414/193
f 1478/2424/193 1480/2424/193 1481/2414/193 1479/2414/193
f 1480/2424/193 1482/2425/193 1483/2414/193 1481/2414/193
f 1482/2425/193 1484/2426/193 1483/2414/193
f 1485/2412/418 1489/2414/418 1488/2414/418 1487/2413/418 1486/2412/418
f 1492/2414/418 1491/2412/418 1490/2412/418 1494/2415/418 1493/2414/418
f 1496/2414/418 1495/2412/418 1491/2412/418 1492/2414/418
f 1498/2414/418 1497/2412/418 1495/2412/418 1496/2414/418
f 1501/2412/418 1500/2412/418 1499/2418/418 1503/2417/418 1502/2416/418
f 1490/2412/418 1501/2412/418 1502/2416/418 1494/2415/418
f 1505/2419/418 1504/2414/418 1493/2414/418 1494/2415/418
f 1507/2420/418 1506/2414/418 1504/2414/418 1505/2419/418
f 1508/2421/418 1487/2413/418 1488/2414/418
f 1500/2412/418 1486/2412/418 1509/2422/418 1499/2418/418
f 1486/2412/418 1487/2413/418 1509/2422/418
f 1488/2414/418 1506/2414/418 1507/2420/418 1508/2421/418
f 1512/2414/418 1511/2423/418 1510/2412/418 1513/2414/418
f 1489/2414/418 1485/2412/418 1511/2423/418 1512/2414/418
f 1515/2414/418 1514/2424/418 1497/2412/418 1498/2414/418
f 1517/2414/418 1516/2424/418 1514/2424/418 1515/2414/418
f 1519/2414/418 1518/2425/418 1516/2424/418 1517/2414/418
f 1519/2414/418 1520/2426/418 1518/2425/418
s 1
f 1450/2412/1176 1449/2412/1177 1485/2412/1177 1486/2412/1176
f 1453/2414/1178 1452/2414/1179 1488/2414/1179 1489/2414/1178
f 1455/2412/1180 1454/2412/1181 1490/2412/1181 1491/2412/1180
f 1457/2414/1182 1456/2414/1183 1492/2414/1183 1493/2414/1182
f 1459/2412/1184 1455/2412/1180 1491/2412/1180 1495/2412/1184
f 1456/2414/1183 1460/2414/1185 1496/2414/1185 1492/2414/1183
f 1461/2412/1186 1459/2412/1184 1495/2412/1184 1497/2412/1186
f 1460/2414/1185 1462/2414/1187 1498/2414/1187 1496/2414/1185
f 1465/2412/1188 1464/2412/1189 1500/2412/1189 1501/2412/1188
f 1467/2417/1190 1466/2416/1191 1502/2416/1191 1503/2417/1190
f 1463/2418/1192 1467/2417/1190 1503/2417/1190 1499/2418/1192
f 1454/2412/1181 1465/2412/1188 1501/2412/1188 1490/2412/1181
f 1466/2416/1191 1458/2415/1193 1494/2415/1193 1502/2416/1191
f 1468/2414/1194 1457/2414/1182 1493/2414/1182 1504/2414/1194
f 1458/2415/1195 1469/2419/1196 1505/2419/1196 1494/2415/1195
f 1470/2414/1197 1468/2414/1194 1504/2414/1194 1506/2414/1197
f 1469/2419/1196 1471/2420/1198 1507/2420/1198 1505/2419/1196
f 1472/2421/1199 1451/2413/1200 1487/2413/1200 1508/2421/1199
f 1464/2412/1189 1450/2412/1176 1486/2412/1176 1500/2412/1189
f 1473/2422/1201 1463/2418/1192 1499/2418/1192 1509/2422/1201
f 1451/2413/1202 1473/2422/1201 1509/2422/1201 1487/2413/1202
f 1452/2414/1179 1470/2414/1197 1506/2414/1197 1488/2414/1179
f 1471/2420/1198 1472/2421/1199 1508/2421/1199 1507/2420/1198
f 1475/2423/1203 1474/2412/1204 1510/2412/1204 1511/2423/1203
f 1477/2414/1205 1476/2414/1206 1512/2414/1206 1513/2414/1205
f 1474/2412/1207 1477/2414/1207 1513/2414/1207 1510/2412/1207
f 1449/2412/1177 1475/2423/1203 1511/2423/1203 1485/2412/1177
f 1476/2414/1206 1453/2414/1178 1489/2414/1178 1512/2414/1206
f 1478/2424/1208 1461/2412/1186 1497/2412/1186 1514/2424/1208
f 1462/2414/1187 1479/2414/1209 1515/2414/1209 1498/2414/1187
f 1480/2424/1210 1478/2424/1208 1514/2424/1208 1516/2424/1210
f 1479/2414/1209 1481/2414/1211 1517/2414/1211 1515/2414/1209
f 1482/2425/1212 1480/2424/1210 1516/2424/1210 1518/2425/1212
f 1481/2414/1211 1483/2414/1213 1519/2414/1213 1517/2414/1211
f 1484/2426/1214 1482/2425/1212 1518/2425/1212 1520/2426/1214
f 1483/2414/1213 1484/2426/1215 1520/2426/1215 1519/2414/1213
f 1521/2167/864 1522/2168/1216 1523/2169/1217
f 1521/2167/864 1523/2169/1217 1524/2170/1218
f 1521/2167/864 1524/2170/1218 1525/2171/1219
f 1521/2167/864 1525/2171/1219 1526/2172/1220
f 1521/2167/864 1526/2172/1220 1527/2173/1221
f 1521/2167/864 1527/2173/1221 1522/2168/1216
f 1522/2168/1216 1528/2174/1222 1529/2175/1223 1523/2169/1217
f 1523/2169/1217 1529/2175/1223 1530/2176/1224 1524/2170/1218
f 1524/2170/1218 1530/2176/1224 1531/2177/1225 1525/2171/1219
f 1525/2171/1219 1531/2177/1225 1532/2178/1226 1526/2172/1220
f 1526/2172/1220 1532/2178/1226 1533/2179/1227 1527/2173/1221
f 1527/2173/1221 1533/2179/1227 1528/2174/1222 1522/2168/1216
f 1534/2180/870 1529/2175/1223 1528/2174/1222
f 1534/2180/870 1530/2176/1224 1529/2175/1223
f 1534/2180/870 1531/2177/1225 1530/2176/1224
f 1534/2180/870 1532/2178/1226 1531/2177/1225
f 1534/2180/870 1533/2179/1227 1532/2178/1226
f 1534/2180/870 1528/2174/1222 1533/2179/1227
f 1535/2427/193 1536/2428/193 1537/2429/193
f 1537/2429/193 1538/2430/193 1539/2431/193 1535/2427/193
f 1539/2431/193 1538/2430/193 1540/2432/193 1535/2427/193
f 1535/2427/193 1540/2432/193 1541/2433/193
f 1535/2427/193 1541/2433/193 1542/2434/193
f 1535/2427/193 1542/2434/193 1543/2435/193
f 1535/2427/193 1543/2435/193 1544/2436/193
f 1535/2427/193 1544/2436/193 1545/2437/193
f 1535/2427/193 1545/2437/193 1546/2438/193
f 1535/2427/193 1546/2438/193 1547/2439/193
f 1535/2427/193 1547/2439/193 1548/2440/193
f 1535/2427/193 1548/2440/193 1549/2441/193
f 1535/2427/193 1549/2441/193 1550/2442/193
f 1535/2427/193 1550/2442/193 1551/2443/193
f 1535/2427/193 1551/2443/193 1552/2444/193
f 1535/2427/193 1552/2444/193 1536/2428/193
f 1554/2445/1228 1555/2446/1229 1556/2447/1230 1553/2448/1231
f 1555/2446/1229 1557/2449/1232 1558/2450/1233 1556/2447/1230
f 1557/2449/1232 1559/2451/1234 1560/2452/1235 1558/2450/1233
f 1559/2451/1234 1561/2453/1236 1562/2454/1237 1560/2452/1235
f 1561/2453/1236 1563/2455/1238 1564/2456/1239 1562/2454/1237
f 1563/2455/1238 1565/2457/1240 1566/2458/1241 1564/2456/1239
f 1565/2457/1240 1567/2459/1242 1568/2460/1243 1566/2458/1241
f 1567/2459/1242 1569/2461/1244 1570/2462/1245 1568/2460/1243
f 1569/2461/1244 1571/2463/1246 1572/2464/1247 1570/2462/1245
f 1571/2463/1246 1573/2465/1248 1574/2466/1249 1572/2464/1247
f 1573/2465/1248 1575/2467/1250 1576/2468/1251 1574/2466/1249
f 1575/2467/1250 1577/2469/1252 1578/2470/1253 1576/2468/1251
f 1577/2469/1252 1579/2471/1254 1580/2472/1255 1578/2470/1253
f 1579/2471/1254 1581/2473/1256 1582/2474/1257 1580/2472/1255
f 1581/2473/1256 1583/2475/1258 1584/2476/1259 1582/2474/1257
f 1583/2475/1258 1554/2445/1228 1553/2448/1231 1584/2476/1259
f 1586/2477/1260 1587/2478/1260 1588/2479/1260 1585/2480/1260
f 1590/2481/1261 1591/2482/1261 1592/2483/1261 1589/2484/1261
f 1593/2485/1262 1594/2486/1262 1595/2487/1262 1596/2488/1262
f 1597/2489/1263 1598/2490/1263 1599/2491/1263 1600/2492/1263
f 1601/2493/1264 1602/2494/1265 1603/2495/1265 1604/2496/1266
f 1605/2497/1267 1585/2498/1268 1588/2499/1268 1606/2500/1269
f 1606/2501/1270 1588/2479/1270 1587/2478/1270 1607/2502/1270
f 1608/2503/1271 1609/2504/1272 1610/2505/1272 1611/2506/1273
f 1611/2507/1274 1610/2508/1274 1612/2509/1274 1613/2510/1274
f 1614/2511/1275 1615/2512/1276 1616/2513/1276 1589/2514/1277
f 1616/2515/1278 1617/2516/1278 1590/2481/1278 1589/2484/1278
f 1592/2517/1279 1593/2518/1280 1596/2519/1280 1597/2520/1281
f 1600/2521/1282 1618/2522/1283 1619/2523/1283 1620/2524/1284
f 1621/2525/1285 1622/2526/1286 1623/2527/1286 1624/2528/1287
f 1626/2529/1288 1627/2530/1288 1628/2531/1288 1625/2532/1288
f 1625/2533/1289 1628/2534/1290 1629/2535/1290 1630/2536/1291
f 1601/2493/1264 1604/2496/1266 1632/2537/1292 1631/2538/1293
f 1604/2496/1266 1605/2497/1267 1633/2539/1294 1632/2537/1292
f 1605/2497/1267 1606/2500/1269 1634/2540/1295 1633/2539/1294
f 1606/2500/1269 1608/2503/1271 1635/2541/1296 1634/2540/1295
f 1608/2503/1271 1611/2506/1273 1636/2542/1297 1635/2541/1296
f 1611/2506/1273 1625/2533/1289 1637/2543/1298 1636/2542/1297
f 1625/2533/1289 1630/2536/1291 1638/2544/1299 1637/2543/1298
f 1630/2536/1291 1614/2511/1275 1639/2545/1300 1638/2544/1299
f 1614/2511/1275 1589/2514/1277 1640/2546/1301 1639/2545/1300
f 1589/2514/1277 1592/2517/1279 1641/2547/1302 1640/2546/1301
f 1592/2517/1279 1597/2520/1281 1642/2548/1303 1641/2547/1302
f 1597/2520/1281 1600/2521/1282 1643/2549/1304 1642/2548/1303
f 1600/2521/1282 1620/2524/1284 1644/2550/1305 1643/2549/1304
f 1620/2524/1284 1621/2525/1285 1645/2551/1306 1644/2550/1305
f 1621/2525/1285 1624/2528/1287 1646/2552/1307 1645/2551/1306
f 1624/2528/1287 1601/2493/1264 1631/2538/1293 1646/2552/1307
f 1631/2538/1293 1632/2537/1292 1555/2446/1229 1554/2445/1228
f 1632/2537/1292 1633/2539/1294 1557/2449/1232 1555/2446/1229
f 1633/2539/1294 1634/2540/1295 1559/2451/1234 1557/2449/1232
f 1634/2540/1295 1635/2541/1296 1561/2453/1236 1559/2451/1234
f 1635/2541/1296 1636/2542/1297 1563/2455/1238 1561/2453/1236
f 1636/2542/1297 1637/2543/1298 1565/2457/1240 1563/2455/1238
f 1637/2543/1298 1638/2544/1299 1567/2459/1242 1565/2457/1240
f 1638/2544/1299 1639/2545/1300 1569/2461/1244 1567/2459/1242
f 1639/2545/1300 1640/2546/1301 1571/2463/1246 1569/2461/1244
f 1640/2546/1301 1641/2547/1302 1573/2465/1248 1571/2463/1246
f 1641/2547/1302 1642/2548/1303 1575/2467/1250 1573/2465/1248
f 1642/2548/1303 1643/2549/1304 1577/2469/1252 1575/2467/1250
f 1643/2549/1304 1644/2550/1305 1579/2471/1254 1577/2469/1252
f 1644/2550/1305 1645/2551/1306 1581/2473/1256 1579/2471/1254
f 1645/2551/1306 1646/2552/1307 1583/2475/1258 1581/2473/1256
f 1646/2552/1307 1631/2538/1293 1554/2445/1228 1583/2475/1258
f 1553/2553/1308 1556/2554/1309 1537/2555/1309 1536/2556/1308
f 1556/2554/1309 1558/2557/1310 1538/2558/1310 1537/2555/1309
f 1558/2557/1310 1560/2559/1311 1540/2560/1311 1538/2558/1310
f 1560/2559/1311 1562/2561/1312 1541/2562/1312 1540/2560/1311
f 1562/2561/1312 1564/2563/1313 1542/2564/1313 1541/2562/1312
f 1564/2563/1313 1566/2565/1314 1543/2566/1314 1542/2564/1313
f 1566/2565/1314 1568/2567/1315 1544/2568/1315 1543/2566/1314
f 1568/2567/1315 1570/2569/1316 1545/2570/1316 1544/2568/1315
f 1570/2569/1316 1572/2571/1317 1546/2572/1317 1545/2570/1316
f 1572/2571/1317 1574/2573/1318 1547/2574/1318 1546/2572/1317
f 1574/2573/1318 1576/2575/1319 1548/2576/1319 1547/2574/1318
f 1576/2575/1319 1578/2577/1320 1549/2578/1320 1548/2576/1319
f 1578/2577/1320 1580/2579/1321 1550/2580/1321 1549/2578/1320
f 1580/2579/1321 1582/2581/1322 1551/2582/1322 1550/2580/1321
f 1582/2581/1322 1584/2583/1323 1552/2584/1323 1551/2582/1322
f 1584/2583/1323 1553/2585/1308 1536/2586/1308 1552/2584/1323
f 1605/2587/1324 1604/2588/1324 1647/2589/1324 1648/2590/1324
f 1620/2591/1325 1649/2592/1325 1650/2593/1325 1621/2594/1325
f 1601/2595/1326 1651/2596/1326 1652/2597/1326 1602/2598/1326
f 1585/2480/1327 1605/2587/1327 1648/2590/1327 1586/2477/1327
f 1593/2485/1328 1592/2599/1328 1591/2600/1328 1594/2486/1328
f 1618/2601/1329 1600/2492/1329 1599/2491/1329 1653/2602/1329
f 1654/2603/418 1655/2604/418 1656/2605/418
f 1657/2606/418 1658/2607/418 1655/2604/418 1654/2603/418
f 1659/2608/418 1658/2607/418 1657/2606/418 1654/2603/418
f 1654/2603/418 1660/2609/418 1659/2608/418
f 1654/2603/418 1661/2610/418 1660/2609/418
f 1654/2603/418 1662/2611/418 1661/2610/418
f 1654/2603/418 1663/2612/418 1662/2611/418
f 1654/2603/418 1664/2613/418 1663/2612/418
f 1654/2603/418 1665/2614/418 1664/2613/418
f 1654/2603/418 1666/2615/418 1665/2614/418
f 1654/2603/418 1667/2616/418 1666/2615/418
f 1654/2603/418 1668/2617/418 1667/2616/418
f 1654/2603/418 1669/2618/418 1668/2617/418
f 1654/2603/418 1670/2619/418 1669/2618/418
f 1654/2603/418 1671/2620/418 1670/2619/418
f 1654/2603/418 1656/2605/418 1671/2620/418
f 1673/2621/1330 1674/2622/1331 1675/2623/1332 1672/2624/1333
f 1676/2625/1334 1677/2626/1335 1674/2622/1331 1673/2621/1330
f 1678/2627/1336 1679/2628/1337 1677/2626/1335 1676/2625/1334
f 1680/2629/1338 1681/2630/1339 1679/2628/1337 1678/2627/1336
f 1682/2631/1340 1683/2632/1341 1681/2630/1339 1680/2629/1338
f 1684/2633/1342 1685/2634/1343 1683/2632/1341 1682/2631/1340
f 1686/2635/1344 1687/2636/1345 1685/2634/1343 1684/2633/1342
f 1688/2637/1346 1689/2638/1347 1687/2636/1345 1686/2635/1344
f 1690/2639/1348 1691/2640/1349 1689/2638/1347 1688/2637/1346
f 1692/2641/1350 1693/2642/1351 1691/2640/1349 1690/2639/1348
f 1694/2643/1352 1695/2644/1353 1693/2642/1351 1692/2641/1350
f 1696/2645/1354 1697/2646/1355 1695/2644/1353 1694/2643/1352
f 1698/2647/1356 1699/2648/1357 1697/2646/1355 1696/2645/1354
f 1700/2649/1358 1701/2650/1359 1699/2648/1357 1698/2647/1356
f 1702/2651/1360 1703/2652/1361 1701/2650/1359 1700/2649/1358
f 1672/2624/1333 1675/2623/1332 1703/2652/1361 1702/2651/1360
f 1652/2597/1362 1704/2653/1362 1603/2654/1362 1602/2598/1362
f 1705/2655/1363 1608/2656/1363 1606/2501/1363 1607/2502/1363
f 1626/2529/1364 1625/2532/1364 1611/2507/1364 1613/2510/1364
f 1707/2657/1365 1614/2658/1365 1630/2659/1365 1706/2660/1365
f 1617/2516/1366 1616/2515/1366 1615/2661/1366 1708/2662/1366
f 1709/2663/1367 1619/2664/1367 1618/2601/1367 1653/2602/1367
f 1711/2665/1368 1623/2666/1368 1622/2667/1368 1710/2668/1368
f 1712/2669/1369 1651/2596/1369 1601/2595/1369 1624/2670/1369
f 1651/2671/1370 1647/2672/1371 1704/2673/1372 1652/2674/1372
f 1647/2589/1373 1604/2588/1373 1603/2654/1373 1704/2653/1373
f 1648/2675/1374 1607/2676/1375 1587/2677/1376 1586/2678/1376
f 1705/2679/1377 1613/2680/1378 1612/2681/1379 1713/2682/1379
f 1630/2659/1380 1629/2683/1380 1714/2684/1380 1706/2660/1380
f 1707/2685/1381 1590/2686/1382 1617/2687/1383 1708/2688/1383
f 1591/2689/1384 1598/2690/1385 1595/2691/1386 1594/2692/1386
f 1597/2489/1387 1596/2488/1387 1595/2487/1387 1598/2490/1387
f 1599/2693/1388 1649/2694/1389 1709/2695/1390 1653/2696/1390
f 1650/2697/1391 1712/2698/1392 1711/2699/1393 1710/2700/1393
f 1714/2684/1394 1629/2683/1394 1628/2531/1394 1627/2530/1394
f 1626/2701/1395 1706/2702/1396 1714/2703/1397 1627/2704/1397
f 1716/2705/1398 1647/2672/1371 1651/2671/1370 1715/2706/1399
f 1717/2707/1400 1648/2675/1374 1647/2672/1371 1716/2705/1398
f 1718/2708/1401 1607/2676/1375 1648/2675/1374 1717/2707/1400
f 1719/2709/1402 1705/2679/1377 1607/2676/1375 1718/2708/1401
f 1720/2710/1403 1613/2680/1378 1705/2679/1377 1719/2709/1402
f 1721/2711/1404 1626/2701/1395 1613/2680/1378 1720/2710/1403
f 1722/2712/1405 1706/2702/1396 1626/2701/1395 1721/2711/1404
f 1723/2713/1406 1707/2685/1381 1706/2702/1396 1722/2712/1405
f 1724/2714/1407 1590/2686/1382 1707/2685/1381 1723/2713/1406
f 1725/2715/1408 1591/2689/1384 1590/2686/1382 1724/2714/1407
f 1726/2716/1409 1598/2690/1385 1591/2689/1384 1725/2715/1408
f 1727/2717/1410 1599/2693/1388 1598/2690/1385 1726/2716/1409
f 1728/2718/1411 1649/2694/1389 1599/2693/1388 1727/2717/1410
f 1729/2719/1412 1650/2697/1391 1649/2694/1389 1728/2718/1411
f 1730/2720/1413 1712/2698/1392 1650/2697/1391 1729/2719/1412
f 1715/2706/1399 1651/2671/1370 1712/2698/1392 1730/2720/1413
f 1674/2622/1331 1716/2705/1398 1715/2706/1399 1675/2623/1332
f 1677/2626/1335 1717/2707/1400 1716/2705/1398 1674/2622/1331
f 1679/2628/1337 1718/2708/1401 1717/2707/1400 1677/2626/1335
f 1681/2630/1339 1719/2709/1402 1718/2708/1401 1679/2628/1337
f 1683/2632/1341 1720/2710/1403 1719/2709/1402 1681/2630/1339
f 1685/2634/1343 1721/2711/1404 1720/2710/1403 1683/2632/1341
f 1687/2636/1345 1722/2712/1405 1721/2711/1404 1685/2634/1343
f 1689/2638/1347 1723/2713/1406 1722/2712/1405 1687/2636/1345
f 1691/2640/1349 1724/2714/1407 1723/2713/1406 1689/2638/1347
f 1693/2642/1351 1725/2715/1408 1724/2714/1407 1691/2640/1349
f 1695/2644/1353 1726/2716/1409 1725/2715/1408 1693/2642/1351
f 1697/2646/1355 1727/2717/1410 1726/2716/1409 1695/2644/1353
f 1699/2648/1357 1728/2718/1411 1727/2717/1410 1697/2646/1355
f 1701/2650/1359 1729/2719/1412 1728/2718/1411 1699/2648/1357
f 1703/2652/1361 1730/2720/1413 1729/2719/1412 1701/2650/1359
f 1675/2623/1332 1715/2706/1399 1730/2720/1413 1703/2652/1361
f 1672/2721/1308 1656/2722/1308 1655/2723/1309 1673/2724/1309
f 1673/2724/1309 1655/2723/1309 1658/2725/1310 1676/2726/1310
f 1676/2726/1310 1658/2725/1310 1659/2727/1311 1678/2728/1311
f 1678/2728/1311 1659/2727/1311 1660/2729/1312 1680/2730/1312
f 1680/2730/1312 1660/2729/1312 1661/2731/1313 1682/2732/1313
f 1682/2732/1313 1661/2731/1313 1662/2733/1314 1684/2734/1314
f 1684/2734/1314 1662/2733/1314 1663/2735/1315 1686/2736/1315
f 1686/2736/1315 1663/2735/1315 1664/2737/1316 1688/2738/1316
f 1688/2738/1316 1664/2737/1316 1665/2739/1317 1690/2740/1317
f 1690/2740/1317 1665/2739/1317 1666/2741/1318 1692/2742/1318
f 1692/2742/1318 1666/2741/1318 1667/2743/1319 1694/2744/1319
f 1694/2744/1319 1667/2743/1319 1668/2745/1320 1696/2746/1320
f 1696/2746/1320 1668/2745/1320 1669/2747/1321 1698/2748/1321
f 1698/2748/1321 1669/2747/1321 1670/2749/1322 1700/2750/1322
f 1700/2750/1322 1670/2749/1322 1671/2751/1323 1702/2752/1323
f 1702/2752/1323 1671/2751/1323 1656/2753/1308 1672/2754/1308
f 1609/2755/1414 1713/2756/1414 1612/2509/1414 1610/2508/1414
f 1620/2591/1415 1619/2664/1415 1709/2663/1415 1649/2592/1415
f 1623/2666/1416 1711/2665/1416 1712/2669/1416 1624/2670/1416
f 1608/2656/1417 1705/2655/1417 1713/2756/1417 1609/2755/1417
f 1614/2658/1418 1707/2657/1418 1708/2662/1418 1615/2661/1418
f 1622/2667/1419 1621/2594/1419 1650/2593/1419 1710/2668/1419
s 0
f 1732/2757/1420 1738/2757/1420 1739/2758/1420 1731/2758/1420
f 1733/2412/1421 1737/2412/1421 1738/2757/1421 1732/2757/1421
f 1734/2414/1422 1736/2414/1422 1737/2412/1422 1733/2412/1422
f 1735/2759/1423 1740/2759/1423 1736/2414/1423 1734/2414/1423
f 1731/2758/1424 1739/2758/1424 1740/2759/1424 1735/2759/1424
f 1742/2757/1420 1748/2757/1420 1749/2758/1420 1741/2758/1420
f 1743/2412/1421 1747/2412/1421 1748/2757/1421 1742/2757/1421
f 1744/2414/1422 1746/2414/1422 1747/2412/1422 1743/2412/1422
f 1745/2759/1423 1750/2759/1423 1746/2414/1423 1744/2414/1423
f 1741/2758/1424 1749/2758/1424 1750/2759/1424 1745/2759/1424
f 1752/2412/193 1797/2412/193 1798/2414/193 1751/2414/193
f 1753/2412/193 1757/2412/193 1767/2413/193 1758/2414/193 1754/2414/193
f 1763/2414/193 1761/2414/193 1771/2415/193 1762/2412/193 1764/2412/193
f 1764/2412/193 1766/2412/193 1765/2414/193 1763/2414/193
f 1766/2412/193 1787/2412/193 1786/2414/193 1765/2414/193
f 1759/2412/193 1770/2416/193 1769/2417/193 1768/2418/193 1756/2412/193
f 1770/2416/193 1759/2412/193 1762/2412/193 1771/2415/193
f 1761/2414/193 1760/2414/193 1772/2419/193 1771/2415/193
f 1760/2414/193 1755/2414/193 1773/2420/193 1772/2419/193
f 1758/2414/193 1767/2413/193 1774/2421/193
f 1775/2422/193 1757/2412/193 1756/2412/193 1768/2418/193
f 1775/2422/193 1767/2413/193 1757/2412/193
f 1773/2420/193 1755/2414/193 1758/2414/193 1774/2421/193
f 1777/2412/193 1778/2423/193 1779/2414/193 1776/2414/193
f 1778/2423/193 1753/2412/193 1754/2414/193 1779/2414/193
f 1780/2412/193 1777/2412/193 1776/2414/193 1781/2414/193
f 1782/2412/193 1780/2412/193 1781/2414/193 1783/2414/193
f 1785/2412/193 1782/2412/193 1783/2414/193 1784/2414/193
f 1787/2412/193 1788/2424/193 1789/2414/193 1786/2414/193
f 1788/2424/193 1791/2424/193 1790/2414/193 1789/2414/193
f 1791/2424/193 1792/2425/193 1793/2414/193 1790/2414/193
f 1792/2425/193 1794/2426/193 1793/2414/193
f 1796/2412/193 1785/2412/193 1784/2414/193 1795/2760/193
f 1797/2412/193 1796/2412/193 1795/2760/193 1798/2414/193
f 1846/2414/418 1845/2412/418 1800/2412/418 1799/2414/418
f 1801/2412/418 1802/2414/418 1806/2414/418 1815/2413/418 1805/2412/418
f 1811/2414/418 1812/2412/418 1810/2412/418 1819/2415/418 1809/2414/418
f 1813/2414/418 1814/2412/418 1812/2412/418 1811/2414/418
f 1834/2414/418 1835/2412/418 1814/2412/418 1813/2414/418
f 1807/2412/418 1804/2412/418 1816/2418/418 1817/2417/418 1818/2416/418
f 1810/2412/418 1807/2412/418 1818/2416/418 1819/2415/418
f 1820/2419/418 1808/2414/418 1809/2414/418 1819/2415/418
f 1821/2420/418 1803/2414/418 1808/2414/418 1820/2419/418
f 1822/2421/418 1815/2413/418 1806/2414/418
f 1804/2412/418 1805/2412/418 1823/2422/418 1816/2418/418
f 1805/2412/418 1815/2413/418 1823/2422/418
f 1806/2414/418 1803/2414/418 1821/2420/418 1822/2421/418
f 1827/2414/418 1826/2423/418 1825/2412/418 1824/2414/418
f 1802/2414/418 1801/2412/418 1826/2423/418 1827/2414/418
f 1824/2414/418 1825/2412/418 1828/2412/418 1829/2414/418
f 1829/2414/418 1828/2412/418 1830/2412/418 1831/2414/418
f 1831/2414/418 1830/2412/418 1833/2412/418 1832/2414/418
f 1837/2414/418 1836/2424/418 1835/2412/418 1834/2414/418
f 1838/2414/418 1839/2424/418 1836/2424/418 1837/2414/418
f 1841/2414/418 1840/2425/418 1839/2424/418 1838/2414/418
f 1841/2414/418 1842/2426/418 1840/2425/418
f 1832/2414/418 1833/2412/418 1844/2412/418 1843/2760/418
f 1843/2760/418 1844/2412/418 1845/2412/418 1846/2414/418
s 1
f 1797/2412/1425 1752/2412/1425 1800/2412/1425 1845/2412/1425
f 1751/2414/1426 1798/2414/1426 1846/2414/1426 1799/2414/1426
f 1752/2412/1427 1751/2414/1427 1799/2414/1427 1800/2412/1427
f 1757/2412/1428 1753/2412/1429 1801/2412/1429 1805/2412/1428
f 1754/2414/1430 1758/2414/1431 1806/2414/1431 1802/2414/1430
f 1764/2412/1432 1762/2412/1433 1810/2412/1433 1812/2412/1432
f 1761/2414/1434 1763/2414/1435 1811/2414/1435 1809/2414/1434
f 1766/2412/1436 1764/2412/1432 1812/2412/1432 1814/2412/1436
f 1763/2414/1435 1765/2414/1437 1813/2414/1437 1811/2414/1435
f 1787/2412/1438 1766/2412/1436 1814/2412/1436 1835/2412/1438
f 1765/2414/1437 1786/2414/1439 1834/2414/1439 1813/2414/1437
f 1759/2412/1440 1756/2412/1441 1804/2412/1441 1807/2412/1440
f 1769/2417/1442 1770/2416/1443 1818/2416/1443 1817/2417/1442
f 1768/2418/1444 1769/2417/1442 1817/2417/1442 1816/2418/1444
f 1762/2412/1433 1759/2412/1440 1807/2412/1440 1810/2412/1433
f 1770/2416/1443 1771/2415/1445 1819/2415/1445 1818/2416/1443
f 1760/2414/1446 1761/2414/1434 1809/2414/1434 1808/2414/1446
f 1771/2415/1447 1772/2419/1448 1820/2419/1448 1819/2415/1447
f 1755/2414/1449 1760/2414/1446 1808/2414/1446 1803/2414/1449
f 1772/2419/1448 1773/2420/1450 1821/2420/1450 1820/2419/1448
f 1774/2421/1451 1767/2413/1451 1815/2413/1451 1822/2421/1451
f 1756/2412/1441 1757/2412/1428 1805/2412/1428 1804/2412/1441
f 1775/2422/1452 1768/2418/1444 1816/2418/1444 1823/2422/1452
f 1767/2413/1453 1775/2422/1453 1823/2422/1453 1815/2413/1453
f 1758/2414/1431 1755/2414/1449 1803/2414/1449 1806/2414/1431
f 1773/2420/1450 1774/2421/1454 1822/2421/1454 1821/2420/1450
f 1778/2423/1455 1777/2412/1456 1825/2412/1456 1826/2423/1455
f 1776/2414/1457 1779/2414/1458 1827/2414/1458 1824/2414/1457
f 1753/2412/1429 1778/2423/1455 1826/2423/1455 1801/2412/1429
f 1779/2414/1458 1754/2414/1459 1802/2414/1459 1827/2414/1458
f 1777/2412/1456 1780/2412/1460 1828/2412/1460 1825/2412/1456
f 1781/2414/1461 1776/2414/1457 1824/2414/1457 1829/2414/1461
f 1780/2412/1460 1782/2412/1462 1830/2412/1462 1828/2412/1460
f 1783/2414/1463 1781/2414/1461 1829/2414/1461 1831/2414/1463
f 1782/2412/1462 1785/2412/1464 1833/2412/1464 1830/2412/1462
f 1784/2414/1465 1783/2414/1463 1831/2414/1463 1832/2414/1465
f 1788/2424/1466 1787/2412/1438 1835/2412/1438 1836/2424/1466
f 1786/2414/1467 1789/2414/1468 1837/2414/1468 1834/2414/1467
f 1791/2424/1469 1788/2424/1466 1836/2424/1466 1839/2424/1469
f 1789/2414/1468 1790/2414/1470 1838/2414/1470 1837/2414/1468
f 1792/2425/1471 1791/2424/1469 1839/2424/1469 1840/2425/1471
f 1790/2414/1470 1793/2414/1472 1841/2414/1472 1838/2414/1470
f 1794/2426/1473 1792/2425/1473 1840/2425/1473 1842/2426/1473
f 1793/2414/1472 1794/2426/1474 1842/2426/1474 1841/2414/1472
f 1785/2412/1464 1796/2412/1475 1844/2412/1475 1833/2412/1464
f 1795/2760/1476 1784/2414/1465 1832/2414/1465 1843/2760/1476
f 1796/2412/1475 1797/2412/1425 1845/2412/1425 1844/2412/1475
f 1798/2414/1426 1795/2760/1476 1843/2760/1476 1846/2414/1426
f 1847/2167/1477 1848/2168/1478 1849/2169/1479
f 1847/2167/1477 1849/2169/1479 1850/2170/1480
f 1847/2167/1477 1850/2170/1480 1851/2171/1481
f 1847/2167/1477 1851/2171/1481 1852/2172/1482
f 1847/2167/1477 1852/2172/1482 1853/2173/1483
f 1847/2167/1477 1853/2173/1483 1848/2168/1478
f 1848/2168/1478 1854/2174/1484 1855/2175/1485 1849/2169/1479
f 1849/2169/1479 1855/2175/1485 1856/2176/1486 1850/2170/1480
f 1850/2170/1480 1856/2176/1486 1857/2177/1487 1851/2171/1481
f 1851/2171/1481 1857/2177/1487 1858/2178/1488 1852/2172/1482
f 1852/2172/1482 1858/2178/1488 1859/2179/1489 1853/2173/1483
f 1853/2173/1483 1859/2179/1489 1854/2174/1484 1848/2168/1478
f 1860/2180/1490 1855/2175/1485 1854/2174/1484
f 1860/2180/1490 1856/2176/1486 1855/2175/1485
f 1860/2180/1490 1857/2177/1487 1856/2176/1486
f 1860/2180/1490 1858/2178/1488 1857/2177/1487
f 1860/2180/1490 1859/2179/1489 1858/2178/1488
f 1860/2180/1490 1854/2174/1484 1859/2179/1489
f 1889/2761/193 1888/2762/193 2045/2763/193 2046/2764/193
f 1951/2765/1491 2073/2766/1492 2072/2767/193 1894/2768/193 1893/2769/193
f 2047/2770/193 1895/2771/193 1894/2768/193 2072/2767/193
f 1896/2772/193 1895/2771/193 2047/2770/193 2048/2773/193
f 1897/2774/193 1896/2772/193 2048/2773/193 2049/2775/193
f 1898/2776/193 1897/2774/193 2049/2775/193 2050/2777/193
f 1899/2778/193 1898/2776/193 2050/2777/193 2051/2779/193
f 1900/2780/193 1899/2778/193 2051/2779/193 2052/2781/193
f 1901/2782/193 1900/2780/193 2052/2781/193 2053/2783/193
f 1902/2784/193 1901/2782/193 2053/2783/193 2054/2785/193
f 1903/2786/193 1902/2784/193 2054/2785/193 2055/2787/193
f 1904/2788/193 1903/2786/193 2055/2787/193 2056/2789/193
f 1905/2790/193 1904/2788/193 2056/2789/193 2057/2791/193
f 1906/2792/193 1905/2790/193 2057/2791/193 2058/2793/193
f 1907/2794/193 1906/2792/193 2058/2793/193 2059/2795/193
f 1908/2796/193 1907/2794/193 2059/2795/193 2060/2797/193
f 1909/2798/193 1908/2796/193 2060/2797/193 2061/2799/193
f 1910/2800/193 1909/2798/193 2061/2799/193 2062/2801/193
f 1911/2802/193 1910/2800/193 2062/2801/193 2063/2803/193
f 1912/2804/193 1911/2802/193 2063/2803/193 2064/2805/193
f 1913/2806/193 1912/2804/193 2064/2805/193 2065/2807/193
f 1914/2808/193 1913/2806/193 2065/2807/193 2066/2809/193
f 1915/2810/193 1914/2808/193 2066/2809/193 2067/2811/193
f 1916/2812/193 1915/2810/193 2067/2811/193 2068/2813/193
f 1917/2814/193 1916/2812/193 2068/2813/193 2069/2815/193
f 1918/2816/193 1917/2814/193 2069/2815/193 2070/2817/193
f 1919/2818/193 1918/2816/193 2070/2817/193 2071/2819/193
f 1888/2762/193 1919/2818/193 2071/2819/193 2045/2763/193
f 1920/2820/193 1888/2762/193 1889/2761/193
f 1920/2820/193 1889/2761/193 1890/2821/193
f 1920/2820/193 1890/2821/193 1891/2822/193
f 1920/2820/193 1891/2822/193 1892/2823/193
f 1920/2820/193 1892/2823/193 1893/2769/193
f 1920/2820/193 1893/2769/193 1894/2768/193
f 1920/2820/193 1894/2768/193 1895/2771/193
f 1920/2820/193 1895/2771/193 1896/2772/193
f 1920/2820/193 1896/2772/193 1897/2774/193
f 1920/2820/193 1897/2774/193 1898/2776/193
f 1920/2820/193 1898/2776/193 1899/2778/193
f 1920/2820/193 1899/2778/193 1900/2780/193
f 1920/2820/193 1900/2780/193 1901/2782/193
f 1920/2820/193 1901/2782/193 1902/2784/193
f 1920/2820/193 1902/2784/193 1903/2786/193
f 1920/2820/193 1903/2786/193 1904/2788/193
f 1920/2820/193 1904/2788/193 1905/2790/193
f 1920/2820/193 1905/2790/193 1906/2792/193
f 1920/2820/193 1906/2792/193 1907/2794/193
f 1920/2820/193 1907/2794/193 1908/2796/193
f 1920/2820/193 1908/2796/193 1909/2798/193
f 1920/2820/193 1909/2798/193 1910/2800/193
f 1920/2820/193 1910/2800/193 1911/2802/193
f 1920/2820/193 1911/2802/193 1912/2804/193
f 1920/2820/193 1912/2804/193 1913/2806/193
f 1920/2820/193 1913/2806/193 1914/2808/193
f 1920/2820/193 1914/2808/193 1915/2810/193
f 1920/2820/193 1915/2810/193 1916/2812/193
f 1920/2820/193 1916/2812/193 1917/2814/193
f 1920/2820/193 1917/2814/193 1918/2816/193
f 1920/2820/193 1918/2816/193 1919/2818/193
f 1920/2820/193 1919/2818/193 1888/2762/193
f 1932/2824/193 1947/2825/193 2085/2826/193 2074/2827/193
f 1933/2828/193 1932/2824/193 2074/2827/193 2075/2829/193
f 1934/2830/193 1933/2828/193 2075/2829/193 2076/2831/193
f 1935/2832/193 1934/2830/193 2076/2831/193 2077/2833/193
f 1936/2834/193 1935/2832/193 2077/2833/193 2078/2835/193
f 1937/2836/193 1936/2834/193 2078/2835/193 2079/2837/193
f 1938/2838/1493 1937/2836/193 2079/2837/193 2080/2839/1494
f 2081/2840/1495 1939/2841/1496 1938/2838/1493 2080/2839/1494
f 1939/2841/1496 2081/2840/1495 2073/2766/1492 1951/2765/1491 1940/2842/1497
f 1945/2843/1498 1944/2844/1499 2082/2845/1500 2083/2846/1494
f 2084/2847/193 1946/2848/193 1945/2843/1498 2083/2846/1494
f 1947/2825/193 1946/2848/193 2084/2847/193 2085/2826/193
f 1948/2849/193 1947/2825/193 1932/2824/193
f 1948/2849/193 1932/2824/193 1933/2828/193
f 1948/2849/193 1933/2828/193 1934/2830/193
f 1948/2849/193 1934/2830/193 1935/2832/193
f 1948/2849/193 1935/2832/193 1936/2834/193
f 1948/2849/193 1936/2834/193 1937/2836/193
f 1948/2849/193 1937/2836/193 1938/2838/1493
f 1948/2849/193 1938/2838/1493 1939/2841/1496 1940/2842/1497
f 1948/2849/193 1940/2842/1497 1941/2850/1501
f 1948/2849/193 1941/2850/1501 1942/2851/1502
f 1948/2849/193 1942/2851/1502 1943/2852/1503
f 1948/2849/193 1943/2852/1503 1944/2844/1499
f 1948/2849/193 1944/2844/1499 1945/2843/1498
f 1948/2849/193 1945/2843/1498 1946/2848/193
f 1948/2849/193 1946/2848/193 1947/2825/193
f 1952/2853/1504 1890/2821/193 1889/2761/193 2046/2764/193 2086/2854/1505
f 1952/2853/1504 2086/2854/1505 2082/2845/1500 1944/2844/1499 1943/2852/1503
f 1891/2822/193 1949/2855/1506 1950/2856/1507 1892/2823/193
f 1950/2856/1507 1949/2855/1506 1942/2851/1502 1941/2850/1501
f 1892/2823/193 1950/2856/1507 1951/2765/1491 1893/2769/193
f 1951/2765/1491 1950/2856/1507 1941/2850/1501 1940/2842/1497
f 1943/2852/1503 1942/2851/1502 1949/2855/1506 1952/2853/1504
f 1949/2855/1506 1891/2822/193 1890/2821/193 1952/2853/1504
f 1953/2857/418 1956/2858/418 1955/2859/418 1954/2860/1508
f 1960/2861/1509 1959/2862/418 1958/2863/418 1957/2864/1510
f 1957/2864/1510 1958/2863/418 1962/2865/418 1961/2866/418
f 1961/2866/418 1962/2865/418 1964/2867/418 1963/2868/418
f 1963/2868/418 1964/2867/418 1966/2869/418 1965/2870/418
f 1965/2870/418 1966/2869/418 1968/2871/418 1967/2872/418
f 1967/2872/418 1968/2871/418 1970/2873/418 1969/2874/418
f 1969/2874/418 1970/2873/418 1972/2875/418 1971/2876/418
f 1971/2876/418 1972/2875/418 1974/2877/418 1973/2878/418
f 1973/2878/418 1974/2877/418 1976/2879/418 1975/2880/418
f 1975/2880/418 1976/2879/418 1978/2881/418 1977/2882/418
f 1977/2882/418 1978/2881/418 1980/2883/418 1979/2884/418
f 1979/2884/418 1980/2883/418 1982/2885/418 1981/2886/418
f 1981/2886/418 1982/2885/418 1984/2887/418 1983/2888/418
f 1983/2888/418 1984/2887/418 1986/2889/418 1985/2890/418
f 1985/2890/418 1986/2889/418 1988/2891/418 1987/2892/418
f 1987/2892/418 1988/2891/418 1990/2893/418 1989/2894/418
f 1989/2894/418 1990/2893/418 1992/2895/418 1991/2896/418
f 1991/2896/418 1992/2895/418 1994/2897/418 1993/2898/418
f 1993/2898/418 1994/2897/418 1996/2899/418 1995/2900/418
f 1995/2900/418 1996/2899/418 1998/2901/418 1997/2902/418
f 1997/2902/418 1998/2901/418 2000/2903/418 1999/2904/418
f 1999/2904/418 2000/2903/418 2002/2905/418 2001/2906/418
f 2001/2906/418 2002/2905/418 2004/2907/418 2003/2908/418
f 2003/2908/418 2004/2907/418 2006/2909/418 2005/2910/418
f 2005/2910/418 2006/2909/418 2008/2911/418 2007/2912/418
f 2007/2912/418 2008/2911/418 2010/2913/418 2009/2914/418
f 2009/2914/418 2010/2913/418 1956/2858/418 1953/2857/418
f 2011/2915/418 1955/2859/418 1956/2858/418
f 2011/2915/418 2012/2916/418 1955/2859/418
f 2011/2915/418 2013/2917/418 2012/2916/418
f 2011/2915/418 2014/2918/418 2013/2917/418
f 2011/2915/418 1959/2862/418 2014/2918/418
f 2011/2915/418 1958/2863/418 1959/2862/418
f 2011/2915/418 1962/2865/418 1958/2863/418
f 2011/2915/418 1964/2867/418 1962/2865/418
f 2011/2915/418 1966/2869/418 1964/2867/418
f 2011/2915/418 1968/2871/418 1966/2869/418
f 2011/2915/418 1970/2873/418 1968/2871/418
f 2011/2915/418 1972/2875/418 1970/2873/418
f 2011/2915/418 1974/2877/418 1972/2875/418
f 2011/2915/418 1976/2879/418 1974/2877/418
f 2011/2915/418 1978/2881/418 1976/2879/418
f 2011/2915/418 1980/2883/418 1978/2881/418
f 2011/2915/418 1982/2885/418 1980/2883/418
f 2011/2915/418 1984/2887/418 1982/2885/418
f 2011/2915/418 1986/2889/418 1984/2887/418
f 2011/2915/418 1988/2891/418 1986/2889/418
f 2011/2915/418 1990/2893/418 1988/2891/418
f 2011/2915/418 1992/2895/418 1990/2893/418
f 2011/2915/418 1994/2897/418 1992/2895/418
f 2011/2915/418 1996/2899/418 1994/2897/418
f 2011/2915/418 1998/2901/418 1996/2899/418
f 2011/2915/418 2000/2903/418 1998/2901/418
f 2011/2915/418 2002/2905/418 2000/2903/418
f 2011/2915/418 2004/2907/418 2002/2905/418
f 2011/2915/418 2006/2909/418 2004/2907/418
f 2011/2915/418 2008/2911/418 2006/2909/418
f 2011/2915/418 2010/2913/418 2008/2911/418
f 2011/2915/418 1956/2858/418 2010/2913/418
f 2018/2919/418 2017/2920/418 2016/2921/418 2015/2922/418
f 2015/2922/418 2016/2921/418 2020/2923/418 2019/2924/418
f 2019/2924/418 2020/2923/418 2022/2925/418 2021/2926/418
f 2021/2926/418 2022/2925/418 2024/2927/418 2023/2928/418
f 2023/2928/418 2024/2927/418 2026/2929/418 2025/2930/418
f 2025/2930/418 2026/2929/418 2028/2931/418 2027/2932/418
f 2027/2932/418 2028/2931/418 2030/2933/1511 2029/2934/1512
f 2029/2934/1512 2030/2933/1511 2031/2935/1513 1957/2864/1510
f 1960/2861/1509 1957/2864/1510 2031/2935/1513 2032/2936/1514
f 1954/2860/1508 2035/2937/1515 2034/2938/1516 2033/2939/1517
f 2033/2939/1517 2034/2938/1516 2037/2940/418 2036/2941/418
f 2036/2941/418 2037/2940/418 2017/2920/418 2018/2919/418
f 2038/2942/418 2016/2921/418 2017/2920/418
f 2038/2942/418 2020/2923/418 2016/2921/418
f 2038/2942/418 2022/2925/418 2020/2923/418
f 2038/2942/418 2024/2927/418 2022/2925/418
f 2038/2942/418 2026/2929/418 2024/2927/418
f 2038/2942/418 2028/2931/418 2026/2929/418
f 2038/2942/418 2030/2933/1511 2028/2931/418
f 2038/2942/418 2032/2936/1514 2031/2935/1513 2030/2933/1511
f 2038/2942/418 2039/2943/1518 2032/2936/1514
f 2038/2942/418 2040/2944/1519 2039/2943/1518
f 2038/2942/418 2041/2945/1520 2040/2944/1519
f 2038/2942/418 2035/2937/1515 2041/2945/1520
f 2038/2942/418 2034/2938/1516 2035/2937/1515
f 2038/2942/418 2037/2940/418 2034/2938/1516
f 2038/2942/418 2017/2920/418 2037/2940/418
f 2042/2946/1521 1954/2860/1508 1955/2859/418 2012/2916/418
f 2042/2946/1521 2041/2945/1520 2035/2937/1515 1954/2860/1508
f 2044/2947/1522 2043/2948/1523 2013/2917/418 2014/2918/418
f 2044/2947/1522 2039/2943/1518 2040/2944/1519 2043/2948/1523
f 1960/2861/1509 2044/2947/1522 2014/2918/418 1959/2862/418
f 1960/2861/1509 2032/2936/1514 2039/2943/1518 2044/2947/1522
f 2041/2945/1520 2042/2946/1521 2043/2948/1523 2040/2944/1519
f 2012/2916/418 2013/2917/418 2043/2948/1523 2042/2946/1521
f 2045/2763/193 1861/2949/193 1928/2950/1524 2046/2764/193
f 2073/2766/1492 1862/2951/1525 2072/2767/193
f 2072/2767/193 1862/2951/1525 1863/2952/193 2047/2770/193
f 2047/2770/193 1863/2952/193 1864/2953/193 2048/2773/193
f 2048/2773/193 1864/2953/193 1865/2954/193 2049/2775/193
f 2049/2775/193 1865/2954/193 1866/2955/193 2050/2777/193
f 2050/2777/193 1866/2955/193 1867/2956/193 2051/2779/193
f 2051/2779/193 1867/2956/193 1868/2957/193 2052/2781/193
f 2052/2781/193 1868/2957/193 1869/2958/193 2053/2783/193
f 2053/2783/193 1869/2958/193 1870/2959/193 2054/2785/193
f 2054/2785/193 1870/2959/193 1871/2960/193 2055/2787/193
f 2055/2787/193 1871/2960/193 1872/2961/193 2056/2789/193
f 2056/2789/193 1872/2961/193 1873/2962/193 2057/2791/193
f 2057/2791/193 1873/2962/193 1874/2963/193 2058/2793/193
f 2058/2793/193 1874/2963/193 1875/2964/193 2059/2795/193
f 2059/2795/193 1875/2964/193 1876/2965/193 2060/2797/193
f 2060/2797/193 1876/2965/193 1877/2966/193 2061/2799/193
f 2061/2799/193 1877/2966/193 1878/2967/193 2062/2801/193
f 2062/2801/193 1878/2967/193 1879/2968/193 2063/2803/193
f 2063/2803/193 1879/2968/193 1880/2969/193 2064/2805/193
f 2064/2805/193 1880/2969/193 1881/2970/193 2065/2807/193
f 2065/2807/193 1881/2970/193 1882/2971/193 2066/2809/193
f 2066/2809/193 1882/2971/193 1883/2972/193 2067/2811/193
f 2067/2811/193 1883/2972/193 1884/2973/193 2068/2813/193
f 2068/2813/193 1884/2973/193 1885/2974/193 2069/2815/193
f 2069/2815/193 1885/2974/193 1886/2975/193 2070/2817/193
f 2070/2817/193 1886/2975/193 1887/2976/193 2071/2819/193
f 2071/2819/193 1887/2976/193 1861/2949/193 2045/2763/193
f 2085/2826/193 1931/2977/193 1921/2978/193 2074/2827/193
f 2074/2827/193 1921/2978/193 1922/2979/193 2075/2829/193
f 2075/2829/193 1922/2979/193 1923/2980/193 2076/2831/193
f 2076/2831/193 1923/2980/193 1924/2981/193 2077/2833/193
f 2077/2833/193 1924/2981/193 1925/2982/193 2078/2835/193
f 2078/2835/193 1925/2982/193 1926/2983/193 2079/2837/193
f 2079/2837/193 1926/2983/193 1927/2984/1526 2080/2839/1494
f 2080/2839/1494 1927/2984/1526 1862/2951/1525 2081/2840/1495
f 2081/2840/1495 1862/2951/1525 2073/2766/1492
f 2082/2845/1500 1928/2950/1524 1929/2985/1524 2083/2846/1494
f 2083/2846/1494 1929/2985/1524 1930/2986/193 2084/2847/193
f 2084/2847/193 1930/2986/193 1931/2977/193 2085/2826/193
f 2046/2764/193 1928/2950/1524 2086/2854/1505
f 2086/2854/1505 1928/2950/1524 2082/2845/1500
f 2088/2987/1527 2089/2988/1527 2090/2989/1528 2087/2990/1528
f 2092/2991/1529 2093/2992/1529 2094/2993/1530 2091/2994/1530
f 2096/2995/1531 2097/2996/1531 2098/2997/1532 2095/2998/1532
f 2100/2999/1533 2101/3000/1533 2102/3001/1534 2099/3002/1534
f 2104/3003/1535 2105/3004/1535 2106/3005/1536 2103/3006/1536
f 2108/3007/1537 2109/3008/1537 2110/3009/1538 2107/3010/1538
f 2111/3011/1539 2112/3012/1539 2109/3008/1537 2108/3007/1537
f 2114/3013/1540 2115/3014/1540 2116/3015/1541 2113/3016/1542
f 2118/3017/1543 2119/3018/1543 2120/3019/1544 2117/3020/1545
f 2122/3021/1546 2123/3022/1547 2124/3023/1548 2121/3024/1548
f 2087/2990/1528 2090/2989/1528 2126/3025/1549 2125/3026/1550
f 2127/3027/1551 2128/3028/1551 2089/2988/1527 2088/2987/1527
f 2129/3029/1552 2130/3030/1552 2093/2992/1529 2092/2991/1529
f 2131/3031/1553 2132/3032/1553 2130/3030/1552 2129/3029/1552
f 2095/2998/1532 2098/2997/1532 2132/3032/1553 2131/3031/1553
f 2133/3033/1554 2134/3034/1554 2097/2996/1531 2096/2995/1531
f 2099/3002/1534 2102/3001/1534 2134/3034/1554 2133/3033/1554
f 2135/3035/1555 2136/3036/1555 2101/3000/1533 2100/2999/1533
f 2117/3020/1545 2120/3019/1544 2138/3037/1556 2137/3038/1556
f 2125/3026/1550 2126/3025/1549 2119/3039/1557 2118/3040/1557
f 2139/3041/1558 2140/3042/1558 2141/3043/1559 2142/3044/1559
f 2091/2994/1530 2094/2993/1530 2140/3042/1558 2139/3041/1558
f 2143/3045/1560 2144/3046/1560 2136/3036/1555 2135/3035/1555
f 2103/3006/1536 2106/3005/1536 2144/3046/1560 2143/3045/1560
f 2145/3047/1561 2146/3048/1561 2105/3004/1535 2104/3003/1535
f 2107/3010/1538 2110/3009/1538 2146/3048/1561 2145/3047/1561
f 2147/3049/1562 2148/3050/1562 2112/3012/1539 2111/3011/1539
f 2149/3051/1563 2150/3052/1563 2148/3050/1562 2147/3049/1562
f 2113/3016/1542 2116/3015/1541 2151/3053/1564 2152/3054/1565
f 2153/3055/1566 2154/3056/1566 2115/3014/1540 2114/3013/1540
f 2155/3057/1567 2156/3058/1567 2154/3056/1566 2153/3055/1566
f 2137/3038/1556 2138/3037/1556 2157/3059/1568 2158/3060/1568
f 2159/3061/1569 2160/3062/1569 2123/3022/1547 2122/3021/1546
f 2152/3054/1565 2151/3053/1564 2160/3062/1569 2159/3061/1569
f 2121/3063/1570 2124/3064/1570 2161/3065/1571 2162/3066/1572
f 2142/3044/1559 2141/3043/1559 2128/3028/1551 2127/3027/1551
f 2162/3066/1572 2161/3065/1571 2150/3052/1563 2149/3051/1563
f 2158/3060/1568 2157/3059/1568 2156/3058/1567 2155/3057/1567
f 2124/3064/1573 2164/3067/1574 2163/3068/1575 2161/3065/1576
f 2165/3069/1577 2119/3039/1578 2166/3070/1579
f 2126/3025/1580 2167/3071/1581 2166/3070/1579 2119/3039/1578
f 2090/2989/1582 2168/3072/1582 2167/3071/1581 2126/3025/1580
f 2089/2988/1583 2169/3073/1583 2168/3072/1582 2090/2989/1582
f 2128/3028/1584 2170/3074/1584 2169/3073/1583 2089/2988/1583
f 2141/3043/1585 2171/3075/1585 2170/3074/1584 2128/3028/1584
f 2140/3042/1586 2172/3076/1586 2171/3075/1585 2141/3043/1585
f 2094/2993/1587 2173/3077/1587 2172/3076/1586 2140/3042/1586
f 2093/2992/1588 2174/3078/1588 2173/3077/1587 2094/2993/1587
f 2130/3030/1589 2175/3079/1589 2174/3078/1588 2093/2992/1588
f 2132/3032/1590 2176/3080/1590 2175/3079/1589 2130/3030/1589
f 2098/2997/1591 2177/3081/1591 2176/3080/1590 2132/3032/1590
f 2097/2996/1592 2178/3082/1592 2177/3081/1591 2098/2997/1591
f 2134/3034/1593 2179/3083/1593 2178/3082/1592 2097/2996/1592
f 2102/3001/1594 2180/3084/1594 2179/3083/1593 2134/3034/1593
f 2101/3000/1595 2181/3085/1595 2180/3084/1594 2102/3001/1594
f 2136/3036/1596 2182/3086/1596 2181/3085/1595 2101/3000/1595
f 2144/3046/1597 2183/3087/1597 2182/3086/1596 2136/3036/1596
f 2106/3005/1598 2184/3088/1598 2183/3087/1597 2144/3046/1597
f 2105/3004/1599 2185/3089/1599 2184/3088/1598 2106/3005/1598
f 2146/3048/1600 2186/3090/1600 2185/3089/1599 2105/3004/1599
f 2110/3009/1601 2187/3091/1601 2186/3090/1600 2146/3048/1600
f 2109/3008/1602 2188/3092/1602 2187/3091/1601 2110/3009/1601
f 2112/3012/1603 2189/3093/1603 2188/3092/1602 2109/3008/1602
f 2148/3050/1604 2190/3094/1604 2189/3093/1603 2112/3012/1603
f 2150/3052/1605 2191/3095/1605 2190/3094/1604 2148/3050/1604
f 2161/3065/1576 2163/3068/1575 2191/3095/1605 2150/3052/1605
f 2116/3015/1606 2193/3096/1606 2192/3097/1607 2151/3053/1608
f 2115/3014/1609 2194/3098/1609 2193/3096/1606 2116/3015/1606
f 2154/3056/1610 2195/3099/1610 2194/3098/1609 2115/3014/1609
f 2156/3058/1611 2196/3100/1611 2195/3099/1610 2154/3056/1610
f 2157/3059/1612 2197/3101/1612 2196/3100/1611 2156/3058/1611
f 2138/3037/1613 2198/3102/1613 2197/3101/1612 2157/3059/1612
f 2120/3019/1614 2199/3103/1615 2198/3102/1613 2138/3037/1613
f 2119/3018/1578 2200/3104/1616 2199/3103/1615 2120/3019/1614
f 2200/3104/1616 2119/3018/1578 2165/3105/1577
f 2123/3022/1617 2202/3106/1618 2201/3107/1619 2124/3023/1573
f 2160/3062/1620 2203/3108/1620 2202/3106/1618 2123/3022/1617
f 2151/3053/1608 2192/3097/1607 2203/3108/1620 2160/3062/1620
f 2164/3067/1574 2124/3064/1573 2204/3109/1621
f 2204/3110/1621 2124/3023/1573 2201/3107/1619
f 2208/3111/870 2207/3112/871 2206/3113/871 2205/3114/870
f 2212/3115/931 2211/3116/981 2210/3117/981 2209/3118/931
f 2216/3119/876 2215/3120/873 2214/3121/873 2213/3122/876
f 2220/3123/985 2219/3124/770 2218/3125/770 2217/3126/985
f 2224/3127/864 2223/3128/980 2222/3129/980 2221/3130/864
f 2228/3131/1134 2227/3132/982 2226/3133/982 2225/3134/1134
f 2227/3132/982 2230/3135/878 2229/3136/878 2226/3133/982
f 2234/3137/867 2233/3138/1136 2232/3139/1136 2231/3140/867
f 2238/3141/1622 2237/3142/1623 2236/3143/1623 2235/3144/1622
f 2242/3145/1624 2241/3146/1625 2240/3147/1625 2239/3148/1624
f 2244/3149/1626 2208/3111/870 2205/3114/870 2243/3150/1626
f 2207/3112/871 2246/3151/872 2245/3152/872 2206/3113/871
f 2211/3116/981 2248/3153/1139 2247/3154/1139 2210/3117/981
f 2248/3153/1139 2250/3155/877 2249/3156/877 2247/3154/1139
f 2250/3155/877 2216/3119/876 2213/3122/876 2249/3156/877
f 2215/3120/873 2252/3157/1079 2251/3158/1079 2214/3121/873
f 2252/3157/1079 2220/3123/985 2217/3126/985 2251/3158/1079
f 2219/3124/770 2254/3159/863 2253/3160/863 2218/3125/770
f 2256/3161/1138 2238/3141/1622 2235/3144/1622 2255/3162/1138
f 2237/3163/1627 2244/3149/1626 2243/3150/1626 2236/3164/1627
f 2259/3165/1138 2258/3166/984 2257/3167/984 2260/3168/1138
f 2258/3166/984 2212/3115/931 2209/3118/931 2257/3167/984
f 2254/3159/863 2262/3169/1133 2261/3170/1133 2253/3160/863
f 2262/3169/1133 2224/3127/864 2221/3130/864 2261/3170/1133
f 2223/3128/980 2264/3171/874 2263/3172/874 2222/3129/980
f 2264/3171/874 2228/3131/1134 2225/3134/1134 2263/3172/874
f 2230/3135/878 2266/3173/865 2265/3174/865 2229/3136/878
f 2266/3173/865 2268/3175/1135 2267/3176/1135 2265/3174/865
f 2269/3177/1628 2234/3137/867 2231/3140/867 2270/3178/1628
f 2233/3138/1136 2272/3179/868 2271/3180/868 2232/3139/1136
f 2272/3179/868 2274/3181/1137 2273/3182/1137 2271/3180/868
f 2275/3183/871 2256/3161/1138 2255/3162/1138 2276/3184/871
f 2241/3146/1625 2278/3185/20 2277/3186/20 2240/3147/1625
f 2278/3185/20 2269/3177/1628 2270/3178/1628 2277/3186/20
f 2279/3187/866 2242/3188/16 2239/3189/16 2280/3190/866
f 2246/3151/872 2259/3165/1138 2260/3168/1138 2245/3152/872
f 2268/3175/1135 2279/3187/866 2280/3190/866 2267/3176/1135
f 2274/3181/1137 2275/3183/871 2276/3184/871 2273/3182/1137
f 2281/3191/418 2282/3192/418 2242/3188/1629 2279/3187/418
f 2284/3193/418 2237/3163/1630 2283/3194/1631
f 2284/3193/418 2285/3195/418 2244/3149/418 2237/3163/1630
f 2285/3195/418 2286/3196/418 2208/3111/418 2244/3149/418
f 2286/3196/418 2287/3197/418 2207/3112/418 2208/3111/418
f 2287/3197/418 2288/3198/418 2246/3151/418 2207/3112/418
f 2288/3198/418 2289/3199/418 2259/3165/418 2246/3151/418
f 2289/3199/418 2290/3200/418 2258/3166/418 2259/3165/418
f 2290/3200/418 2291/3201/418 2212/3115/418 2258/3166/418
f 2291/3201/418 2292/3202/418 2211/3116/418 2212/3115/418
f 2292/3202/418 2293/3203/418 2248/3153/418 2211/3116/418
f 2293/3203/418 2294/3204/418 2250/3155/418 2248/3153/418
f 2294/3204/418 2295/3205/418 2216/3119/418 2250/3155/418
f 2295/3205/418 2296/3206/418 2215/3120/418 2216/3119/418
f 2296/3206/418 2297/3207/418 2252/3157/418 2215/3120/418
f 2297/3207/418 2298/3208/418 2220/3123/418 2252/3157/418
f 2298/3208/418 2299/3209/418 2219/3124/418 2220/3123/418
f 2299/3209/418 2300/3210/418 2254/3159/418 2219/3124/418
f 2300/3210/418 2301/3211/418 2262/3169/418 2254/3159/418
f 2301/3211/418 2302/3212/418 2224/3127/418 2262/3169/418
f 2302/3212/418 2303/3213/418 2223/3128/418 2224/3127/418
f 2303/3213/418 2304/3214/418 2264/3171/418 2223/3128/418
f 2304/3214/418 2305/3215/418 2228/3131/418 2264/3171/418
f 2305/3215/418 2306/3216/418 2227/3132/418 2228/3131/418
f 2306/3216/418 2307/3217/418 2230/3135/418 2227/3132/418
f 2307/3217/418 2308/3218/418 2266/3173/418 2230/3135/418
f 2308/3218/418 2309/3219/418 2268/3175/418 2266/3173/418
f 2309/3219/418 2281/3191/418 2279/3187/418 2268/3175/418
f 2310/3220/418 2311/3221/418 2234/3137/418 2269/3177/418
f 2311/3221/418 2312/3222/418 2233/3138/418 2234/3137/418
f 2312/3222/418 2313/3223/418 2272/3179/418 2233/3138/418
f 2313/3223/418 2314/3224/418 2274/3181/418 2272/3179/418
f 2314/3224/418 2315/3225/418 2275/3183/418 2274/3181/418
f 2315/3225/418 2316/3226/418 2256/3161/418 2275/3183/418
f 2316/3226/418 2317/3227/1632 2238/3141/1632 2256/3161/418
f 2317/3227/1632 2318/3228/1633 2237/3142/1630 2238/3141/1632
f 2283/3229/1631 2237/3142/1630 2318/3228/1633
f 2319/3230/1634 2320/3231/1629 2241/3146/1629 2242/3145/1629
f 2320/3231/1629 2321/3232/418 2278/3185/418 2241/3146/1629
f 2321/3232/418 2310/3220/418 2269/3177/418 2278/3185/418
f 2322/3233/1635 2242/3188/1629 2282/3192/418
f 2319/3230/1634 2242/3145/1629 2322/3234/1635
f 2088/2987/418 2087/2990/418 2205/3235/418 2206/3236/418
f 2092/2991/418 2091/2994/418 2209/3237/418 2210/3238/418
f 2096/2995/418 2095/2998/418 2213/3239/418 2214/3240/418
f 2100/2999/418 2099/3002/418 2217/3241/418 2218/3242/418
f 2104/3003/418 2103/3006/418 2221/3243/418 2222/3244/418
f 2108/3007/418 2107/3010/418 2225/3245/418 2226/3246/418
f 2111/3011/418 2108/3007/418 2226/3246/418 2229/3247/418
f 2114/3013/418 2113/3016/418 2231/3248/418 2232/3249/418
f 2118/3017/1636 2117/3020/1637 2235/3250/1636 2236/3251/1636
f 2122/3021/1638 2121/3024/1638 2239/3252/1638 2240/3253/1638
f 2087/2990/418 2125/3026/418 2243/3254/418 2205/3235/418
f 2127/3027/418 2088/2987/418 2206/3236/418 2245/3255/418
f 2129/3029/418 2092/2991/418 2210/3238/418 2247/3256/418
f 2131/3031/418 2129/3029/418 2247/3256/418 2249/3257/418
f 2095/2998/418 2131/3031/418 2249/3257/418 2213/3239/418
f 2133/3033/418 2096/2995/418 2214/3240/418 2251/3258/418
f 2099/3002/418 2133/3033/418 2251/3258/418 2217/3241/418
f 2135/3035/418 2100/2999/418 2218/3242/418 2253/3259/418
f 2117/3020/1637 2137/3038/418 2255/3260/418 2235/3250/1636
f 2125/3026/418 2118/3040/1636 2236/3261/1636 2243/3254/418
f 2139/3041/418 2142/3044/418 2260/3262/418 2257/3263/418
f 2091/2994/418 2139/3041/418 2257/3263/418 2209/3237/418
f 2143/3045/418 2135/3035/418 2253/3259/418 2261/3264/418
f 2103/3006/418 2143/3045/418 2261/3264/418 2221/3243/418
f 2145/3047/418 2104/3003/418 2222/3244/418 2263/3265/418
f 2107/3010/418 2145/3047/418 2263/3265/418 2225/3245/418
f 2147/3049/418 2111/3011/418 2229/3247/418 2265/3266/418
f 2149/3051/418 2147/3049/418 2265/3266/418 2267/3267/418
f 2113/3016/418 2152/3054/418 2270/3268/418 2231/3248/418
f 2153/3055/418 2114/3013/418 2232/3249/418 2271/3269/418
f 2155/3057/418 2153/3055/418 2271/3269/418 2273/3270/418
f 2137/3038/418 2158/3060/418 2276/3271/418 2255/3260/418
f 2159/3061/418 2122/3021/1638 2240/3253/1638 2277/3272/418
f 2152/3054/418 2159/3061/418 2277/3272/418 2270/3268/418
f 2121/3063/1638 2162/3066/418 2280/3273/418 2239/3274/1638
f 2142/3044/418 2127/3027/418 2245/3255/418 2260/3262/418
f 2162/3066/418 2149/3051/418 2267/3267/418 2280/3273/418
f 2158/3060/418 2155/3057/418 2273/3270/418 2276/3271/418
f 2163/3068/866 2164/3067/1639 2282/3192/1639 2281/3191/866
f 2165/3069/1640 2166/3070/1641 2284/3193/1641 2283/3194/1640
f 2166/3070/1641 2167/3071/1642 2285/3195/1642 2284/3193/1641
f 2167/3071/1642 2168/3072/1643 2286/3196/1643 2285/3195/1642
f 2168/3072/1643 2169/3073/871 2287/3197/871 2286/3196/1643
f 2169/3073/871 2170/3074/872 2288/3198/872 2287/3197/871
f 2170/3074/872 2171/3075/1138 2289/3199/1138 2288/3198/872
f 2171/3075/1138 2172/3076/984 2290/3200/984 2289/3199/1138
f 2172/3076/984 2173/3077/931 2291/3201/931 2290/3200/984
f 2173/3077/931 2174/3078/981 2292/3202/981 2291/3201/931
f 2174/3078/981 2175/3079/1139 2293/3203/1139 2292/3202/981
f 2175/3079/1139 2176/3080/877 2294/3204/877 2293/3203/1139
f 2176/3080/877 2177/3081/876 2295/3205/876 2294/3204/877
f 2177/3081/876 2178/3082/873 2296/3206/873 2295/3205/876
f 2178/3082/873 2179/3083/1079 2297/3207/1079 2296/3206/873
f 2179/3083/1079 2180/3084/985 2298/3208/985 2297/3207/1079
f 2180/3084/985 2181/3085/770 2299/3209/770 2298/3208/985
f 2181/3085/770 2182/3086/863 2300/3210/863 2299/3209/770
f 2182/3086/863 2183/3087/1133 2301/3211/1133 2300/3210/863
f 2183/3087/1133 2184/3088/864 2302/3212/864 2301/3211/1133
f 2184/3088/864 2185/3089/980 2303/3213/980 2302/3212/864
f 2185/3089/980 2186/3090/874 2304/3214/874 2303/3213/980
f 2186/3090/874 2187/3091/1134 2305/3215/1134 2304/3214/874
f 2187/3091/1134 2188/3092/982 2306/3216/982 2305/3215/1134
f 2188/3092/982 2189/3093/878 2307/3217/878 2306/3216/982
f 2189/3093/878 2190/3094/865 2308/3218/865 2307/3217/878
f 2190/3094/865 2191/3095/1135 2309/3219/1135 2308/3218/865
f 2191/3095/1135 2163/3068/866 2281/3191/866 2309/3219/1135
f 2192/3097/1644 2193/3096/1645 2311/3221/1645 2310/3220/1644
f 2193/3096/1645 2194/3098/1136 2312/3222/1136 2311/3221/1645
f 2194/3098/1136 2195/3099/868 2313/3223/868 2312/3222/1136
f 2195/3099/868 2196/3100/1137 2314/3224/1137 2313/3223/868
f 2196/3100/1137 2197/3101/871 2315/3225/871 2314/3224/1137
f 2197/3101/871 2198/3102/1646 2316/3226/1646 2315/3225/871
f 2198/3102/1646 2199/3103/1647 2317/3227/1647 2316/3226/1646
f 2199/3103/1647 2200/3104/1648 2318/3228/1648 2317/3227/1647
f 2200/3104/1648 2165/3105/1649 2283/3229/1649 2318/3228/1648
f 2201/3107/1650 2202/3106/1651 2320/3231/1651 2319/3230/1650
f 2202/3106/1651 2203/3108/1652 2321/3232/1652 2320/3231/1651
f 2203/3108/1652 2192/3097/1644 2310/3220/1644 2321/3232/1652
f 2164/3067/1639 2204/3109/1653 2322/3233/1653 2282/3192/1639
f 2204/3110/1654 2201/3107/1650 2319/3230/1650 2322/3234/1654
f 2347/3275/1655 2348/3276/1655 2349/3277/1655 2350/3278/1655
f 2327/3279/1656 2328/3280/1656 2324/3281/1656 2323/3282/1656
f 2326/3283/1657 2325/3284/1657 2329/3285/1657 2330/3286/1657
f 2325/3287/1658 2331/3288/1659 2332/3289/1660 2329/3290/1660
f 2324/3291/1661 2333/3292/1662 2331/3288/1659 2325/3287/1658
f 2328/3293/1663 2334/3294/1663 2333/3292/1662 2324/3291/1661
f 2335/3295/1664 2336/3296/1665 2337/3297/1666 2338/3298/1667
f 2336/3296/1665 2339/3299/1668 2340/3300/1668 2337/3297/1666
f 2341/3301/1669 2335/3295/1664 2338/3298/1667 2342/3302/1669
f 2343/3303/1670 2344/3304/1671 2335/3295/1672 2341/3301/1670
f 2344/3304/1671 2345/3305/1673 2336/3296/1674 2335/3295/1672
f 2345/3305/1673 2346/3306/1675 2339/3299/1675 2336/3296/1674
f 2323/3307/1676 2326/3308/1677 2338/3309/1678 2337/3310/1679
f 2327/3311/1680 2323/3307/1676 2337/3310/1679 2340/3312/1680
f 2326/3308/1677 2330/3313/1681 2342/3314/1681 2338/3309/1678
f 2331/3315/1682 2333/3316/1683 2345/3305/1684 2344/3304/1685
f 2333/3316/1683 2334/3317/1686 2346/3306/1686 2345/3305/1684
f 2339/3299/1687 2346/3306/1687 2334/3318/1687 2328/3319/1687
f 2329/3320/67 2341/3301/67 2342/3302/67 2330/3321/67
f 2328/3319/1687 2327/3322/1687 2340/3300/1687 2339/3299/1687
f 2332/3323/67 2343/3303/67 2341/3301/67 2329/3320/67
f 2332/3324/1688 2331/3315/1682 2344/3304/1685 2343/3303/1688
f 2323/3282/1689 2324/3281/1689 2348/3276/1689 2347/3275/1689
f 2324/3291/1661 2325/3287/1658 2349/3277/1690 2348/3276/1690
f 2325/3284/1691 2326/3283/1691 2350/3278/1691 2349/3277/1691
f 2326/3308/1677 2323/3307/1676 2347/3275/1692 2350/3278/1692
f 2351/3325/1693 2352/3326/1693 2353/3327/1693 2354/3328/1693
f 2355/3329/1694 2356/3330/1694 2357/3331/1694 2358/3332/1694
f 2359/3333/1695 2360/3334/1695 2361/3335/1695 2362/3336/1695
f 2360/3337/1696 2363/3338/1697 2364/3339/1698 2361/3340/1698
f 2357/3341/1699 2365/3342/1700 2363/3338/1697 2360/3337/1696
f 2356/3343/1701 2366/3344/1701 2365/3342/1700 2357/3341/1699
f 2367/3345/1702 2368/3346/1703 2369/3347/1704 2370/3348/1705
f 2368/3346/1703 2371/3349/1706 2372/3350/1706 2369/3347/1704
f 2373/3351/1707 2367/3345/1702 2370/3348/1705 2374/3352/1707
f 2375/3353/1708 2376/3354/1709 2367/3345/1710 2373/3351/1708
f 2376/3354/1709 2377/3355/1711 2368/3346/1712 2367/3345/1710
f 2377/3355/1711 2378/3356/1713 2371/3349/1713 2368/3346/1712
f 2358/3357/1714 2359/3358/1715 2370/3359/1716 2369/3360/1717
f 2355/3361/1718 2358/3357/1714 2369/3360/1717 2372/3362/1718
f 2359/3358/1715 2362/3363/1719 2374/3364/1719 2370/3359/1716
f 2363/3365/1720 2365/3366/1721 2377/3355/1722 2376/3354/1723
f 2365/3366/1721 2366/3367/1724 2378/3356/1724 2377/3355/1722
f 2371/3349/1725 2378/3356/1725 2366/3368/1725 2356/3369/1725
f 2361/3370/1726 2373/3351/1726 2374/3352/1726 2362/3371/1726
f 2356/3369/1725 2355/3372/1725 2372/3350/1725 2371/3349/1725
f 2364/3373/1726 2375/3353/1726 2373/3351/1726 2361/3370/1726
f 2364/3374/1727 2363/3365/1720 2376/3354/1723 2375/3353/1727
f 2358/3332/1728 2357/3331/1728 2352/3326/1728 2351/3325/1728
f 2357/3341/1699 2360/3337/1696 2353/3327/1729 2352/3326/1729
f 2360/3334/1730 2359/3333/1730 2354/3328/1730 2353/3327/1730
f 2359/3358/1715 2358/3357/1714 2351/3325/1731 2354/3328/1731
f 2379/3375/1732 2380/3376/1732 2381/3377/1732 2382/3378/1732
f 2383/3379/1733 2384/3380/1733 2385/3381/1733 2386/3382/1733
f 2387/3383/1734 2388/3384/1734 2389/3385/1734 2390/3386/1734
f 2388/3387/1735 2391/3388/1736 2392/3389/1737 2389/3390/1737
f 2385/3391/1738 2393/3392/1739 2391/3388/1736 2388/3387/1735
f 2384/3393/1740 2394/3394/1740 2393/3392/1739 2385/3391/1738
f 2395/3395/1741 2396/3396/1742 2397/3397/1743 2398/3398/1744
f 2396/3396/1742 2399/3399/1745 2400/3400/1745 2397/3397/1743
f 2401/3401/1746 2395/3395/1741 2398/3398/1744 2402/3402/1746
f 2403/3403/1747 2404/3404/1748 2395/3395/1749 2401/3401/1747
f 2404/3404/1748 2405/3405/1750 2396/3396/1751 2395/3395/1749
f 2405/3405/1750 2406/3406/1752 2399/3399/1752 2396/3396/1751
f 2386/3407/1753 2387/3408/1754 2398/3409/1755 2397/3410/1756
f 2383/3411/1757 2386/3407/1753 2397/3410/1756 2400/3412/1757
f 2387/3408/1754 2390/3413/1758 2402/3414/1758 2398/3409/1755
f 2391/3415/1759 2393/3416/1760 2405/3405/1761 2404/3404/1762
f 2393/3416/1760 2394/3417/1763 2406/3406/1763 2405/3405/1761
f 2399/3399/1764 2406/3406/1764 2394/3418/1764 2384/3419/1764
f 2389/3420/1765 2401/3401/1765 2402/3402/1765 2390/3421/1765
f 2384/3419/1764 2383/3422/1764 2400/3400/1764 2399/3399/1764
f 2392/3423/1765 2403/3403/1765 2401/3401/1765 2389/3420/1765
f 2392/3424/1766 2391/3415/1759 2404/3404/1762 2403/3403/1766
f 2386/3382/1767 2385/3381/1767 2380/3376/1767 2379/3375/1767
f 2385/3391/1738 2388/3387/1735 2381/3377/1768 2380/3376/1768
f 2388/3384/1769 2387/3383/1769 2382/3378/1769 2381/3377/1769
f 2387/3408/1754 2386/3407/1753 2379/3375/1770 2382/3378/1770
f 2408/2181/1032 2409/2182/1033 2410/2183/1034 2407/2184/1035
f 2411/2185/1032 2412/2186/1036 2409/2182/1033 2408/2181/1032
f 2413/2187/1037 2414/2188/1038 2412/2186/1036 2411/2185/1032
f 2415/2189/1037 2416/2190/1039 2414/2188/1038 2413/2187/1037
f 2417/2191/1040 2418/2192/1041 2416/2190/1039 2415/2189/1037
f 2419/2193/1040 2420/2194/1042 2418/2192/1041 2417/2191/1040
f 2421/2195/1043 2422/2196/1044 2420/2194/1042 2419/2193/1040
f 2423/2197/1043 2424/2198/1045 2422/2196/1044 2421/2195/1043
f 2425/2199/1046 2426/2200/1047 2424/2198/1045 2423/2197/1043
f 2427/2201/1046 2428/2202/1048 2426/2200/1047 2425/2199/1046
f 2429/2203/1049 2430/2204/1050 2428/2202/1048 2427/2201/1046
f 2431/2205/1049 2432/2206/1051 2430/2204/1050 2429/2203/1049
f 2433/2207/1052 2434/2208/1053 2432/2206/1051 2431/2205/1049
f 2435/2209/1052 2436/2210/1054 2434/2208/1053 2433/2207/1052
f 2437/2211/1035 2438/2212/1055 2436/2210/1054 2435/2209/1052
f 2407/2184/1035 2410/2183/1034 2438/2212/1055 2437/2211/1035
f 2439/2213/193 2440/2214/193 2441/2215/193 2442/2216/193
f 2441/2215/193 2443/2217/193 2442/2216/193
f 2442/2216/193 2443/2217/193 2444/2218/193 2445/2219/193
f 2444/2218/193 2446/2220/193 2445/2219/193
f 2445/2219/193 2446/2220/193 2447/2221/193 2448/2222/193
f 2447/2221/193 2449/2223/193 2448/2222/193
f 2448/2222/193 2449/2223/193 2450/2224/193 2451/2225/193
f 2450/2224/193 2452/2226/193 2451/2225/193
f 2451/2225/193 2452/2226/193 2453/2227/193 2454/2228/193
f 2453/2227/193 2455/2229/193 2454/2228/193
f 2454/2228/193 2455/2229/193 2456/2230/193 2457/2231/193
f 2456/2230/193 2458/2232/193 2457/2231/193
f 2457/2231/193 2458/2232/193 2459/2233/193 2460/2234/193
f 2459/2233/193 2461/2235/193 2460/2234/193
f 2460/2234/193 2461/2235/193 2462/2236/193 2439/2213/193
f 2462/2236/193 2440/2214/193 2439/2213/193
f 2411/2185/1032 2408/2181/1032 2463/2237/1056 2464/2238/1056
f 2415/2189/1037 2413/2187/1037 2465/2239/1057 2466/2240/1057
f 2419/2193/1040 2417/2191/1040 2467/2241/1058 2468/2242/1058
f 2423/2197/1043 2421/2195/1043 2469/2243/1059 2470/2244/1059
f 2427/2201/1046 2425/2199/1046 2471/2245/1060 2472/2246/1060
f 2473/2247/1061 2474/2248/1061 2471/2249/1061 2425/2250/1061
f 2431/2205/1049 2429/2203/1049 2475/2251/1062 2476/2252/1062
f 2435/2209/1052 2433/2207/1052 2477/2253/1063 2478/2254/1063
f 2407/2184/1035 2437/2211/1035 2479/2255/1064 2480/2256/1064
f 2443/2217/193 2441/2215/193 2482/2257/193 2481/2258/193
f 2446/2220/193 2444/2218/193 2484/2259/193 2483/2260/193
f 2449/2223/193 2447/2221/193 2486/2261/193 2485/2262/193
f 2452/2226/193 2450/2224/193 2488/2263/193 2487/2264/193
f 2455/2229/193 2453/2227/193 2490/2265/193 2489/2266/193
f 2458/2232/193 2456/2230/193 2492/2267/193 2491/2268/193
f 2461/2235/193 2459/2233/193 2494/2269/193 2493/2270/193
f 2440/2214/193 2462/2236/193 2496/2271/193 2495/2272/193
f 2440/2273/876 2497/2274/876 2498/2275/876 2441/2276/876
f 2495/2277/1065 2499/2278/1065 2497/2274/1065 2440/2273/1065
f 2446/2279/980 2500/2280/980 2501/2281/980 2447/2282/980
f 2449/2223/878 2502/2223/878 2503/2224/878 2450/2224/878
f 2452/2283/867 2504/2284/867 2505/2285/867 2453/2286/867
f 2455/2287/868 2506/2288/868 2507/2289/868 2456/2290/868
f 2458/2291/871 2508/2292/871 2509/2293/871 2459/2294/871
f 2461/2295/931 2510/2296/931 2511/2297/931 2462/2298/931
f 2462/2298/1066 2511/2297/1066 2512/2299/1066 2496/2300/1066
f 2493/2301/1067 2513/2302/1067 2510/2296/1067 2461/2295/1067
f 2459/2294/1068 2509/2293/1068 2514/2303/1068 2494/2304/1068
f 2491/2305/1069 2515/2306/1069 2508/2292/1069 2458/2291/1069
f 2492/2307/1070 2456/2290/1070 2507/2289/1070 2516/2308/1070
f 2489/2309/1071 2517/2310/1071 2506/2288/1071 2455/2287/1071
f 2453/2286/1072 2505/2285/1072 2518/2311/1072 2490/2312/1072
f 2487/2313/1073 2519/2314/1073 2504/2284/1073 2452/2283/1073
f 2450/2224/1074 2503/2224/1074 2520/2263/1074 2488/2263/1074
f 2483/2315/1075 2521/2316/1075 2500/2280/1075 2446/2279/1075
f 2444/2317/1076 2522/2318/1076 2523/2319/1076 2484/2320/1076
f 2443/2321/1077 2481/2322/1077 2524/2323/1077 2525/2324/1077
f 2441/2276/1078 2498/2275/1078 2526/2325/1078 2482/2326/1078
f 2482/2327/867 2526/2328/867 2499/2278/867 2495/2277/867
f 2484/2320/868 2523/2319/868 2524/2329/868 2481/2330/868
f 2486/2331/871 2527/2332/871 2521/2316/871 2483/2315/871
f 2490/2333/876 2518/2334/876 2519/2314/876 2487/2313/876
f 2491/2305/980 2494/2335/980 2514/2336/980 2515/2306/980
f 2493/2337/878 2496/2300/878 2512/2299/878 2513/2338/878
f 2463/2339/1079 2528/2340/1079 2529/2341/1079 2464/2342/1079
f 2425/2250/867 2423/2343/867 2530/2344/867 2473/2247/867
f 2435/2345/931 2531/2346/931 2532/2347/931 2437/2348/931
f 2411/2349/1080 2464/2342/1080 2529/2341/1080 2533/2350/1080
f 2419/2351/1081 2468/2352/1081 2534/2353/1081 2535/2354/1081
f 2470/2355/1082 2536/2356/1082 2530/2344/1082 2423/2343/1082
f 2472/2357/1083 2537/2358/1083 2538/2359/1083 2427/2360/1083
f 2499/2272/1084 2526/2257/1085 2540/2181/1086 2539/2184/1087
f 2526/2257/1085 2524/2258/1088 2533/2185/1089 2540/2181/1086
f 2524/2258/1088 2523/2259/1090 2541/2187/1091 2533/2185/1089
f 2523/2259/1090 2521/2260/1092 2542/2189/1093 2541/2187/1091
f 2521/2260/1092 2527/2261/1094 2543/2191/1095 2542/2189/1093
f 2527/2261/1094 2544/2262/1096 2535/2193/1097 2543/2191/1095
f 2544/2262/1096 2520/2263/1098 2545/2195/1099 2535/2193/1097
f 2520/2263/1098 2519/2264/1100 2530/2197/1101 2545/2195/1099
f 2519/2264/1100 2518/2265/1102 2473/2199/1103 2530/2197/1101
f 2518/2265/1102 2517/2266/1104 2538/2201/1105 2473/2199/1103
f 2517/2266/1104 2516/2267/1106 2546/2203/1771 2538/2201/1105
f 2516/2267/1106 2515/2268/1108 2547/2205/1109 2546/2203/1771
f 2515/2268/1108 2514/2269/1110 2548/2207/1111 2547/2205/1109
f 2514/2269/1110 2513/2270/1772 2531/2209/1113 2548/2207/1111
f 2513/2270/1772 2512/2271/1114 2532/2211/1773 2531/2209/1113
f 2512/2271/1114 2499/2272/1084 2539/2184/1087 2532/2211/1773
f 2498/2215/418 2497/2214/418 2550/2213/418 2549/2216/418
f 2525/2217/418 2498/2215/418 2549/2216/418
f 2522/2218/418 2525/2217/418 2549/2216/418 2551/2219/418
f 2500/2220/418 2522/2218/418 2551/2219/418
f 2501/2221/418 2500/2220/418 2551/2219/418 2552/2222/418
f 2502/2223/418 2501/2221/418 2552/2222/418
f 2503/2224/418 2502/2223/418 2552/2222/418 2553/2225/418
f 2504/2226/418 2503/2224/418 2553/2225/418
f 2505/2227/418 2504/2226/418 2553/2225/418 2554/2228/418
f 2506/2229/418 2505/2227/418 2554/2228/418
f 2507/2230/418 2506/2229/418 2554/2228/418 2555/2231/418
f 2508/2232/418 2507/2230/418 2555/2231/418
f 2509/2233/418 2508/2232/418 2555/2231/418 2556/2234/418
f 2510/2235/418 2509/2233/418 2556/2234/418
f 2511/2236/418 2510/2235/418 2556/2234/418 2550/2213/418
f 2497/2214/418 2511/2236/418 2550/2213/418
f 2533/2185/1089 2529/2238/1116 2528/2237/1116 2540/2181/1086
f 2528/2340/1117 2463/2339/1117 2408/2361/1117 2540/2362/1117
f 2542/2189/1093 2557/2240/1118 2558/2239/1118 2541/2187/1091
f 2541/2363/1119 2558/2364/1119 2465/2365/1119 2413/2366/1119
f 2535/2193/1097 2534/2242/1120 2559/2241/1120 2543/2191/1095
f 2559/2367/1121 2467/2368/1121 2417/2369/1121 2543/2370/1121
f 2530/2197/1101 2536/2244/1122 2560/2243/1122 2545/2195/1099
f 2560/2371/1123 2469/2372/1123 2421/2373/1123 2545/2374/1123
f 2538/2201/1105 2537/2246/1124 2474/2245/1124 2473/2199/1103
f 2547/2205/1109 2561/2252/1125 2562/2251/1125 2546/2203/1771
f 2562/2375/1126 2475/2376/1126 2429/2377/1126 2546/2378/1126
f 2531/2209/1113 2563/2254/1127 2564/2253/1127 2548/2207/1111
f 2564/2379/1128 2477/2380/1128 2433/2381/1128 2548/2382/1128
f 2539/2184/1087 2565/2256/1129 2566/2255/1129 2532/2211/1773
f 2532/2347/1130 2566/2383/1130 2479/2384/1130 2437/2348/1130
f 2526/2257/1085 2498/2215/418 2525/2217/418 2524/2258/1088
f 2523/2259/1090 2522/2218/418 2500/2220/418 2521/2260/1092
f 2527/2261/1094 2501/2221/418 2502/2223/418 2544/2262/1096
f 2520/2263/1098 2503/2224/418 2504/2226/418 2519/2264/1100
f 2518/2265/1102 2505/2227/418 2506/2229/418 2517/2266/1104
f 2516/2267/1106 2507/2230/418 2508/2232/418 2515/2268/1108
f 2514/2269/1110 2509/2233/418 2510/2235/418 2513/2270/1772
f 2512/2271/1114 2511/2236/418 2497/2214/418 2499/2272/1084
f 2522/2318/770 2444/2317/770 2443/2321/770 2525/2324/770
f 2502/2385/1131 2449/2386/1131 2485/2387/1131 2544/2388/1131
f 2486/2389/1132 2447/2282/1132 2501/2281/1132 2527/2390/1132
f 2485/2387/931 2488/2391/931 2520/2392/931 2544/2388/931
f 2517/2393/770 2489/2394/770 2492/2307/770 2516/2308/770
f 2408/2361/876 2407/2395/876 2539/2396/876 2540/2362/876
f 2411/2349/770 2533/2350/770 2541/2363/770 2413/2366/770
f 2465/2365/1133 2558/2364/1133 2557/2397/1133 2466/2398/1133
f 2415/2399/980 2542/2400/980 2543/2370/980 2417/2369/980
f 2467/2368/1134 2559/2367/1134 2534/2353/1134 2468/2352/1134
f 2419/2351/878 2535/2354/878 2545/2374/878 2421/2373/878
f 2469/2372/1135 2560/2371/1135 2536/2356/1135 2470/2355/1135
f 2471/2249/1136 2474/2248/1136 2537/2358/1136 2472/2357/1136
f 2429/2401/868 2427/2360/868 2538/2359/868 2546/2402/868
f 2475/2376/1137 2562/2375/1137 2561/2403/1137 2476/2404/1137
f 2431/2405/871 2547/2406/871 2548/2382/871 2433/2381/871
f 2477/2380/1138 2564/2379/1138 2563/2407/1138 2478/2408/1138
f 2479/2384/1139 2566/2383/1139 2565/2409/1139 2480/2410/1139
f 2415/2399/1140 2466/2398/1140 2557/2397/1140 2542/2400/1140
f 2431/2405/1141 2476/2404/1141 2561/2403/1141 2547/2406/1141
f 2435/2345/1142 2478/2408/1142 2563/2407/1142 2531/2346/1142
f 2480/2410/1143 2565/2409/1143 2539/2396/1143 2407/2395/1143
f 2482/2257/1144 2495/2272/1145 2410/2183/1034 2409/2182/1033
f 2481/2258/1146 2482/2257/1144 2409/2182/1033 2412/2186/1036
f 2484/2259/1147 2481/2258/1146 2412/2186/1036 2414/2188/1038
f 2483/2260/1148 2484/2259/1147 2414/2188/1038 2416/2190/1039
f 2486/2261/1149 2483/2260/1148 2416/2190/1039 2418/2192/1041
f 2485/2262/1150 2486/2261/1149 2418/2192/1041 2420/2194/1042
f 2488/2263/1151 2485/2262/1150 2420/2194/1042 2422/2196/1044
f 2487/2264/1152 2488/2263/1151 2422/2196/1044 2424/2198/1045
f 2490/2265/1153 2487/2264/1152 2424/2198/1045 2426/2200/1047
f 2489/2266/1154 2490/2265/1153 2426/2200/1047 2428/2202/1048
f 2492/2267/1774 2489/2266/1154 2428/2202/1048 2430/2204/1050
f 2491/2268/1156 2492/2267/1774 2430/2204/1050 2432/2206/1051
f 2494/2269/1157 2491/2268/1156 2432/2206/1051 2434/2208/1053
f 2493/2270/1158 2494/2269/1157 2434/2208/1053 2436/2210/1054
f 2496/2271/1159 2493/2270/1158 2436/2210/1054 2438/2212/1055
f 2495/2272/1145 2496/2271/1159 2438/2212/1055 2410/2183/1034
f 2567/2216/1160 2568/2411/193 2569/2213/1775
f 2570/2219/1776 2568/2411/193 2567/2216/1160
f 2571/2222/1163 2568/2411/193 2570/2219/1776
f 2572/2225/1164 2568/2411/193 2571/2222/1163
f 2573/2228/1165 2568/2411/193 2572/2225/1164
f 2574/2231/1166 2568/2411/193 2573/2228/1165
f 2575/2234/1167 2568/2411/193 2574/2231/1166
f 2569/2213/1775 2568/2411/193 2575/2234/1167
f 2576/2213/1168 2577/2411/418 2578/2216/1169
f 2578/2216/1169 2577/2411/418 2579/2219/1777
f 2579/2219/1777 2577/2411/418 2580/2222/1171
f 2580/2222/1171 2577/2411/418 2581/2225/1172
f 2581/2225/1172 2577/2411/418 2582/2228/1173
f 2582/2228/1173 2577/2411/418 2583/2231/1174
f 2583/2231/1174 2577/2411/418 2584/2234/1175
f 2584/2234/1175 2577/2411/418 2576/2213/1168
f 2439/2213/275 2442/2216/269 2567/2216/269 2569/2213/275
f 2442/2216/269 2445/2219/1133 2570/2219/1133 2567/2216/269
f 2445/2219/1133 2448/2222/1134 2571/2222/1134 2570/2219/1133
f 2448/2222/1134 2451/2225/878 2572/2225/878 2571/2222/1134
f 2451/2225/867 2454/2228/1136 2573/2228/1136 2572/2225/867
f 2454/2228/1136 2457/2231/1137 2574/2231/1137 2573/2228/1136
f 2457/2231/1137 2460/2234/1138 2575/2234/1138 2574/2231/1137
f 2460/2234/1138 2439/2213/177 2569/2213/177 2575/2234/1138
f 2549/2216/269 2550/2213/275 2576/2213/275 2578/2216/269
f 2550/2213/177 2556/2234/1138 2584/2234/1138 2576/2213/177
f 2556/2234/1138 2555/2231/1137 2583/2231/1137 2584/2234/1138
f 2555/2231/1137 2554/2228/1136 2582/2228/1136 2583/2231/1137
f 2554/2228/1136 2553/2225/867 2581/2225/867 2582/2228/1136
f 2553/2225/878 2552/2222/1134 2580/2222/1134 2581/2225/878
f 2552/2222/1134 2551/2219/1133 2579/2219/1133 2580/2222/1134
f 2551/2219/1133 2549/2216/269 2578/2216/269 2579/2219/1133
s 0
f 2585/2412/193 2586/2412/193 2587/2413/193 2588/2414/193 2589/2414/193
f 2592/2414/193 2593/2414/193 2594/2415/193 2590/2412/193 2591/2412/193
f 2591/2412/193 2595/2412/193 2596/2414/193 2592/2414/193
f 2595/2412/193 2597/2412/193 2598/2414/193 2596/2414/193
f 2601/2412/193 2602/2416/193 2603/2417/193 2599/2418/193 2600/2412/193
f 2602/2416/193 2601/2412/193 2590/2412/193 2594/2415/193
f 2593/2414/193 2604/2414/193 2605/2419/193 2594/2415/193
f 2604/2414/193 2606/2414/193 2607/2420/193 2605/2419/193
f 2588/2414/193 2587/2413/193 2608/2421/193
f 2609/2422/193 2586/2412/193 2600/2412/193 2599/2418/193
f 2609/2422/193 2587/2413/193 2586/2412/193
f 2607/2420/193 2606/2414/193 2588/2414/193 2608/2421/193
f 2610/2412/193 2611/2423/193 2612/2414/193 2613/2414/193
f 2611/2423/193 2585/2412/193 2589/2414/193 2612/2414/193
f 2597/2412/193 2614/2424/193 2615/2414/193 2598/2414/193
f 2614/2424/193 2616/2424/193 2617/2414/193 2615/2414/193
f 2616/2424/193 2618/2425/193 2619/2414/193 2617/2414/193
f 2618/2425/193 2620/2426/193 2619/2414/193
f 2621/2412/418 2625/2414/418 2624/2414/418 2623/2413/418 2622/2412/418
f 2628/2414/418 2627/2412/418 2626/2412/418 2630/2415/418 2629/2414/418
f 2632/2414/418 2631/2412/418 2627/2412/418 2628/2414/418
f 2634/2414/418 2633/2412/418 2631/2412/418 2632/2414/418
f 2637/2412/418 2636/2412/418 2635/2418/418 2639/2417/418 2638/2416/418
f 2626/2412/418 2637/2412/418 2638/2416/418 2630/2415/418
f 2641/2419/418 2640/2414/418 2629/2414/418 2630/2415/418
f 2643/2420/418 2642/2414/418 2640/2414/418 2641/2419/418
f 2644/2421/418 2623/2413/418 2624/2414/418
f 2636/2412/418 2622/2412/418 2645/2422/418 2635/2418/418
f 2622/2412/418 2623/2413/418 2645/2422/418
f 2624/2414/418 2642/2414/418 2643/2420/418 2644/2421/418
f 2648/2414/418 2647/2423/418 2646/2412/418 2649/2414/418
f 2625/2414/418 2621/2412/418 2647/2423/418 2648/2414/418
f 2651/2414/418 2650/2424/418 2633/2412/418 2634/2414/418
f 2653/2414/418 2652/2424/418 2650/2424/418 2651/2414/418
f 2655/2414/418 2654/2425/418 2652/2424/418 2653/2414/418
f 2655/2414/418 2656/2426/418 2654/2425/418
s 1
f 2586/2412/1778 2585/2412/1779 2621/2412/1779 2622/2412/1778
f 2589/2414/1780 2588/2414/1781 2624/2414/1781 2625/2414/1780
f 2591/2412/1782 2590/2412/1783 2626/2412/1783 2627/2412/1782
f 2593/2414/1784 2592/2414/1785 2628/2414/1785 2629/2414/1784
f 2595/2412/1786 2591/2412/1782 2627/2412/1782 2631/2412/1786
f 2592/2414/1785 2596/2414/1787 2632/2414/1787 2628/2414/1785
f 2597/2412/1788 2595/2412/1786 2631/2412/1786 2633/2412/1788
f 2596/2414/1787 2598/2414/1789 2634/2414/1789 2632/2414/1787
f 2601/2412/1790 2600/2412/1791 2636/2412/1791 2637/2412/1790
f 2603/2417/1792 2602/2416/1793 2638/2416/1793 2639/2417/1792
f 2599/2418/1794 2603/2417/1792 2639/2417/1792 2635/2418/1794
f 2590/2412/1783 2601/2412/1790 2637/2412/1790 2626/2412/1783
f 2602/2416/1793 2594/2415/1795 2630/2415/1795 2638/2416/1793
f 2604/2414/1796 2593/2414/1784 2629/2414/1784 2640/2414/1796
f 2594/2415/1797 2605/2419/1798 2641/2419/1798 2630/2415/1797
f 2606/2414/1799 2604/2414/1796 2640/2414/1796 2642/2414/1799
f 2605/2419/1798 2607/2420/1800 2643/2420/1800 2641/2419/1798
f 2608/2421/1801 2587/2413/1802 2623/2413/1802 2644/2421/1801
f 2600/2412/1791 2586/2412/1778 2622/2412/1778 2636/2412/1791
f 2609/2422/1803 2599/2418/1794 2635/2418/1794 2645/2422/1803
f 2587/2413/1804 2609/2422/1803 2645/2422/1803 2623/2413/1804
f 2588/2414/1781 2606/2414/1799 2642/2414/1799 2624/2414/1781
f 2607/2420/1800 2608/2421/1801 2644/2421/1801 2643/2420/1800
f 2611/2423/1805 2610/2412/1806 2646/2412/1806 2647/2423/1805
f 2613/2414/1807 2612/2414/1808 2648/2414/1808 2649/2414/1807
f 2610/2412/1809 2613/2414/1809 2649/2414/1809 2646/2412/1809
f 2585/2412/1779 2611/2423/1805 2647/2423/1805 2621/2412/1779
f 2612/2414/1808 2589/2414/1780 2625/2414/1780 2648/2414/1808
f 2614/2424/1810 2597/2412/1788 2633/2412/1788 2650/2424/1810
f 2598/2414/1789 2615/2414/1811 2651/2414/1811 2634/2414/1789
f 2616/2424/1812 2614/2424/1810 2650/2424/1810 2652/2424/1812
f 2615/2414/1811 2617/2414/1813 2653/2414/1813 2651/2414/1811
f 2618/2425/1814 2616/2424/1812 2652/2424/1812 2654/2425/1814
f 2617/2414/1813 2619/2414/1815 2655/2414/1815 2653/2414/1813
f 2620/2426/1816 2618/2425/1814 2654/2425/1814 2656/2426/1816
f 2619/2414/1815 2620/2426/1817 2656/2426/1817 2655/2414/1815
f 2657/1443/193 2658/1444/193 2659/1445/193
f 2657/1443/193 2659/1445/193 2660/1446/193
f 2657/1443/193 2660/1446/193 2661/1447/193
f 2657/1443/193 2661/1447/193 2662/1448/193
f 2657/1443/193 2662/1448/193 2663/1449/193
f 2657/1443/193 2663/1449/193 2664/1450/193
f 2657/1443/193 2664/1450/193 2665/1451/193
f 2657/1443/193 2665/1451/193 2666/1452/193
f 2657/1443/193 2666/1452/193 2667/1453/193
f 2657/1443/193 2667/1453/193 2668/1454/193
f 2657/1443/193 2668/1454/193 2669/1455/193
f 2657/1443/193 2669/1455/193 2670/1456/193
f 2657/1443/193 2670/1456/193 2671/1457/193
f 2657/1443/193 2671/1457/193 2672/1458/193
f 2657/1443/193 2672/1458/193 2673/1459/193
f 2657/1443/193 2673/1459/193 2658/1444/193
f 2677/1460/1818 2678/1461/1819 2679/1462/193 2674/1463/193 2675/1464/1820 2676/1465/1821
f 2679/1462/193 2678/1461/1819 2680/1466/1822 2681/1467/193
f 2683/1468/1823 2684/1469/1824 2685/1470/193 2681/1467/193 2680/1466/1822 2682/1471/1825
f 2685/1470/193 2684/1469/1824 2686/1472/1826 2687/1473/193
f 2689/1474/1827 2690/1475/1828 2691/1476/193 2687/1473/193 2686/1472/1826 2688/1477/1829
f 2691/1476/193 2690/1475/1828 2692/1478/1830 2693/1479/193
f 2695/1480/1831 2696/1481/1832 2697/1482/193 2693/1479/193 2692/1478/1830 2694/1483/1833
f 2697/1482/193 2696/1481/1832 2698/1484/1834 2699/1485/193
f 2701/1486/1835 2702/1487/1836 2703/1488/193 2699/1485/193 2698/1484/1834 2700/1489/1837
f 2703/1488/193 2702/1487/1836 2704/1490/1838 2705/1491/193
f 2707/1492/1839 2708/1493/1840 2709/1494/193 2705/1491/193 2704/1490/1838 2706/1495/1841
f 2709/1494/193 2708/1493/1840 2710/1496/1842 2711/1497/193
f 2713/1498/1843 2714/1499/1844 2715/1500/193 2711/1497/193 2710/1496/1842 2712/1501/1845
f 2715/1500/193 2714/1499/1844 2716/1502/1846 2717/1503/193
f 2719/1504/1847 2720/1505/1848 2721/1506/193 2717/1503/193 2716/1502/1846 2718/1507/1849
f 2721/1506/193 2720/1505/1848 2675/1464/1820 2674/1463/193
f 2723/1508/1850 2724/1509/1850 2725/1510/1850 2722/1511/1850
f 2727/1512/1851 2728/1513/1852 2729/1514/1853 2726/1515/1854
f 2731/1516/1855 2732/1517/1856 2733/1518/1857 2730/1519/1858
f 2676/1465/1821 2734/1520/1859 2735/1521/1860 2677/1460/1818
f 2736/1522/1861 2737/1523/1862 2738/1524/1863 2739/1525/1864
f 2682/1471/1825 2740/1526/1865 2741/1527/1866 2683/1468/1823
f 2688/1477/1829 2742/1528/1867 2743/1529/1868 2689/1474/1827
f 2744/1530/1869 2745/1531/1870 2746/1532/1871 2747/1533/1872
f 2694/1483/1833 2748/1534/1873 2749/1535/1874 2695/1480/1831
f 2750/1536/1875 2751/1537/1876 2731/1516/1855 2730/1519/1858
f 2700/1489/1837 2752/1538/1877 2753/1539/1878 2701/1486/1835
f 2706/1495/1841 2754/1540/1879 2755/1541/1880 2707/1492/1839
f 2712/1501/1845 2756/1542/1881 2757/1543/1882 2713/1498/1843
f 2718/1507/1849 2758/1544/1883 2759/1545/1884 2719/1504/1847
f 2734/1520/1859 2760/1546/1885 2761/1547/1886 2735/1521/1860
f 2740/1526/1865 2762/1548/1887 2725/1549/1888 2741/1527/1866
f 2742/1528/1867 2763/1550/1889 2764/1551/1890 2743/1529/1868
f 2748/1534/1873 2765/1552/1891 2766/1553/1892 2749/1535/1874
f 2750/1536/1875 2767/1554/1893 2768/1555/1894 2751/1537/1876
f 2752/1538/1877 2769/1556/1895 2770/1557/1896 2753/1539/1878
f 2754/1540/1879 2771/1558/1897 2772/1559/1898 2755/1541/1880
f 2756/1542/1881 2773/1560/1899 2774/1561/1900 2757/1543/1882
f 2776/1562/1901 2777/1563/1902 2778/1564/1903 2775/1565/1904
f 2758/1544/1883 2779/1566/1905 2780/1567/1906 2759/1545/1884
f 2675/1464/1820 2781/1568/1907 2676/1465/1821
f 2678/1461/1819 2677/1460/1818 2736/1569/1861
f 2680/1466/1822 2782/1570/1908 2682/1471/1825
f 2684/1469/1824 2683/1468/1823 2726/1571/1854
f 2686/1472/1826 2729/1572/1853 2688/1477/1829
f 2690/1475/1828 2689/1474/1827 2744/1573/1869
f 2692/1478/1830 2783/1574/1909 2694/1483/1833
f 2696/1481/1832 2695/1480/1831 2730/1575/1858
f 2698/1484/1834 2733/1576/1857 2700/1489/1837
f 2702/1487/1836 2701/1486/1835 2784/1577/1910
f 2704/1490/1838 2785/1578/1911 2706/1495/1841
f 2708/1493/1840 2707/1492/1839 2786/1579/1912
f 2710/1496/1842 2787/1580/1913 2712/1501/1845
f 2714/1499/1844 2713/1498/1843 2788/1581/1914
f 2716/1502/1846 2789/1582/1915 2718/1507/1849
f 2720/1505/1848 2719/1504/1847 2790/1583/1916
f 2680/1466/1822 2678/1461/1819 2736/1569/1861 2782/1570/1908
f 2686/1472/1826 2684/1469/1824 2726/1571/1854 2729/1572/1853
f 2692/1478/1830 2690/1475/1828 2744/1573/1869 2783/1574/1909
f 2698/1484/1834 2696/1481/1832 2730/1575/1858 2733/1576/1857
f 2704/1490/1838 2702/1487/1836 2784/1577/1910 2785/1578/1911
f 2710/1496/1842 2708/1493/1840 2786/1579/1912 2787/1580/1913
f 2716/1502/1846 2714/1499/1844 2788/1581/1914 2789/1582/1915
f 2675/1464/1820 2720/1505/1848 2790/1583/1916 2781/1568/1907
f 2781/1568/1907 2791/1584/1917 2734/1520/1859 2676/1465/1821
f 2677/1460/1818 2735/1521/1860 2737/1585/1862 2736/1569/1861
f 2782/1570/1908 2792/1586/1918 2740/1526/1865 2682/1471/1825
f 2683/1468/1823 2741/1527/1866 2793/1587/1919 2726/1571/1854
f 2729/1572/1853 2794/1588/1920 2742/1528/1867 2688/1477/1829
f 2689/1474/1827 2743/1529/1868 2745/1589/1870 2744/1573/1869
f 2783/1574/1909 2795/1590/1921 2748/1534/1873 2694/1483/1833
f 2695/1480/1831 2749/1535/1874 2750/1591/1875 2730/1575/1858
f 2733/1576/1857 2796/1592/1922 2752/1538/1877 2700/1489/1837
f 2701/1486/1835 2753/1539/1878 2797/1593/1923 2784/1577/1910
f 2785/1578/1911 2798/1594/1924 2754/1540/1879 2706/1495/1841
f 2707/1492/1839 2755/1541/1880 2799/1595/1925 2786/1579/1912
f 2787/1580/1913 2800/1596/1926 2756/1542/1881 2712/1501/1845
f 2713/1498/1843 2757/1543/1882 2775/1597/1904 2788/1581/1914
f 2789/1582/1915 2801/1598/1927 2758/1544/1883 2718/1507/1849
f 2719/1504/1847 2759/1545/1884 2802/1599/1928 2790/1583/1916
f 2791/1584/1917 2803/1600/1929 2760/1546/1885 2734/1520/1859
f 2735/1521/1860 2761/1547/1886 2804/1601/1930 2737/1585/1862
f 2792/1586/1918 2805/1602/1931 2762/1548/1887 2740/1526/1865
f 2741/1527/1866 2725/1549/1888 2724/1603/1932 2793/1587/1919
f 2794/1588/1920 2806/1604/1933 2763/1550/1889 2742/1528/1867
f 2743/1529/1868 2764/1551/1890 2807/1605/1934 2745/1589/1870
f 2795/1590/1921 2808/1606/1935 2765/1552/1891 2748/1534/1873
f 2749/1535/1874 2766/1553/1892 2767/1607/1893 2750/1591/1875
f 2796/1592/1922 2809/1608/1936 2769/1556/1895 2752/1538/1877
f 2753/1539/1878 2770/1557/1896 2810/1609/1937 2797/1593/1923
f 2798/1594/1924 2811/1610/1938 2771/1558/1897 2754/1540/1879
f 2755/1541/1880 2772/1559/1898 2812/1611/1939 2799/1595/1925
f 2800/1596/1926 2813/1612/1940 2773/1560/1899 2756/1542/1881
f 2757/1543/1882 2774/1561/1900 2776/1613/1901 2775/1597/1904
f 2801/1598/1927 2814/1614/1941 2779/1566/1905 2758/1544/1883
f 2759/1545/1884 2780/1567/1906 2815/1615/1942 2802/1599/1928
f 2659/1445/193 2679/1462/193 2681/1467/193 2660/1446/193
f 2663/1449/193 2691/1476/193 2693/1479/193 2664/1450/193
f 2667/1453/193 2703/1488/193 2705/1491/193 2668/1454/193
f 2671/1457/193 2715/1500/193 2717/1503/193 2672/1458/193
f 2660/1616/1850 2816/1617/1850 2817/1618/1943 2661/1619/1943
f 2662/1620/1944 2661/1621/1943 2817/1622/1943 2818/1623/1944
f 2665/1624/1945 2819/1625/1945 2820/1626/1946 2666/1627/1946
f 2666/1628/1946 2820/1629/1946 2821/1630/1947 2667/1631/1947
f 2668/1632/1948 2822/1633/1948 2823/1634/1949 2669/1635/1949
f 2670/1636/1950 2824/1637/1950 2825/1638/1951 2671/1639/1951
f 2659/1640/1952 2826/1641/1952 2827/1642/1952 2679/1643/1952
f 2663/1644/1953 2828/1645/1953 2829/1646/1953 2691/1647/1953
f 2703/1648/1954 2667/1631/1954 2821/1630/1954 2830/1649/1954
f 2715/1650/1955 2671/1639/1955 2825/1638/1955 2831/1651/1955
f 2674/1652/1946 2679/1643/1947 2827/1642/1947 2832/1653/1946
f 2691/1647/1951 2829/1646/1951 2833/1654/1950 2687/1655/1950
f 2703/1648/1956 2830/1649/1956 2834/1656/1957 2699/1657/1957
f 2709/1658/1958 2711/1659/1944 2835/1660/1944 2836/1661/1958
f 2717/1662/1959 2721/1663/1960 2837/1664/1960 2838/1665/1959
f 2766/1666/1959 2839/1667/1959 2768/1555/1959 2767/1554/1959
f 2788/1668/1914 2840/1669/1961 2841/1670/1962 2789/1671/1915
f 2793/1672/1919 2724/1509/1932 2723/1508/1963 2842/1673/1964
f 2812/1674/1939 2843/1675/1965 2844/1676/1966 2799/1677/1925
f 2795/1678/1921 2783/1679/1909 2845/1680/1967 2846/1681/1968
f 2801/1682/1927 2789/1671/1915 2841/1670/1962 2847/1683/1969
f 2791/1684/1917 2848/1685/1970 2849/1686/1971 2803/1687/1929
f 2792/1688/1918 2850/1689/1972 2851/1690/1973 2805/1691/1931
f 2809/1692/1936 2796/1693/1922 2852/1694/1974 2853/1695/1975
f 2808/1696/1935 2795/1678/1921 2846/1681/1968 2854/1697/1976
f 2855/1698/418 2826/1699/418 2856/1700/418
f 2855/1698/418 2816/1701/418 2826/1699/418
f 2855/1698/418 2817/1702/418 2816/1701/418
f 2855/1698/418 2818/1703/418 2817/1702/418
f 2855/1698/418 2828/1704/418 2818/1703/418
f 2855/1698/418 2857/1705/418 2828/1704/418
f 2855/1698/418 2819/1706/418 2857/1705/418
f 2855/1698/418 2820/1707/418 2819/1706/418
f 2855/1698/418 2821/1708/418 2820/1707/418
f 2855/1698/418 2822/1709/418 2821/1708/418
f 2855/1698/418 2823/1710/418 2822/1709/418
f 2855/1698/418 2824/1711/418 2823/1710/418
f 2855/1698/418 2825/1712/418 2824/1711/418
f 2855/1698/418 2858/1713/418 2825/1712/418
f 2855/1698/418 2859/1714/418 2858/1713/418
f 2855/1698/418 2856/1700/418 2859/1714/418
f 2861/1715/1977 2862/1716/1978 2863/1717/1979 2832/1718/418 2827/1719/418 2860/1720/1980
f 2827/1719/418 2864/1721/418 2865/1722/1981 2860/1720/1980
f 2868/1723/1982 2869/1724/1983 2865/1722/1981 2864/1721/418 2866/1725/418 2867/1726/1984
f 2866/1725/418 2833/1727/418 2870/1728/1985 2867/1726/1984
f 2872/1729/1986 2873/1730/1987 2870/1728/1985 2833/1727/418 2829/1731/418 2871/1732/1988
f 2829/1731/418 2874/1733/418 2875/1734/1989 2871/1732/1988
f 2878/1735/1990 2879/1736/1991 2875/1734/1989 2874/1733/418 2876/1737/418 2877/1738/1992
f 2876/1737/418 2834/1739/418 2880/1740/1993 2877/1738/1992
f 2882/1741/1994 2883/1742/1995 2880/1740/1993 2834/1739/418 2830/1743/418 2881/1744/1996
f 2830/1743/418 2884/1745/418 2885/1746/1997 2881/1744/1996
f 2887/1747/1998 2888/1748/1999 2885/1746/1997 2884/1745/418 2836/1749/418 2886/1750/2000
f 2836/1749/418 2835/1751/418 2889/1752/2001 2886/1750/2000
f 2891/1753/2002 2892/1754/2003 2889/1752/2001 2835/1751/418 2831/1755/418 2890/1756/2004
f 2831/1755/418 2838/1757/418 2893/1758/2005 2890/1756/2004
f 2895/1759/2006 2896/1760/2007 2893/1758/2005 2838/1757/418 2837/1761/418 2894/1762/2008
f 2837/1761/418 2832/1718/418 2863/1717/1979 2894/1762/2008
f 2898/1763/1956 2804/1764/1956 2761/1765/1956 2897/1766/1956
f 2845/1680/1967 2783/1679/1909 2744/1530/1869 2747/1533/1872
f 2900/1767/1947 2810/1768/1947 2770/1769/1947 2899/1770/1947
f 2902/1771/2009 2785/1772/1911 2784/1773/1910 2901/1774/2010
f 2904/1775/1948 2771/1776/1948 2811/1777/1948 2903/1778/1948
f 2906/1779/2011 2787/1780/1913 2786/1781/1912 2905/1782/2012
f 2777/1563/2013 2776/1562/2013 2774/1783/1951 2907/1784/1951
f 2909/1785/2014 2815/1786/2014 2780/1787/2014 2908/1788/2014
f 2911/1789/2015 2781/1790/1907 2790/1791/1916 2910/1792/2016
f 2862/1716/1978 2861/1715/1977 2912/1793/2017 2913/1794/2018
f 2869/1724/1983 2868/1723/1982 2914/1795/2019 2915/1796/2020
f 2727/1512/1851 2726/1515/1854 2793/1672/1919 2842/1673/1964
f 2873/1730/1987 2872/1729/1986 2916/1797/2021 2917/1798/2022
f 2879/1736/1991 2878/1735/1990 2918/1799/2023 2919/1800/2024
f 2883/1742/1995 2882/1741/1994 2920/1801/2025 2921/1802/2026
f 2784/1773/1910 2797/1803/1923 2922/1804/2027 2901/1774/2010
f 2888/1748/1999 2887/1747/1998 2923/1805/2028 2924/1806/2029
f 2786/1781/1912 2799/1677/1925 2844/1676/1966 2905/1782/2012
f 2892/1754/2003 2891/1753/2002 2925/1807/2030 2926/1808/2031
f 2896/1760/2007 2895/1759/2006 2927/1809/2032 2928/1810/2033
f 2913/1794/2018 2912/1793/2017 2897/1811/2034 2929/1812/2035
f 2738/1524/1863 2737/1523/1862 2804/1764/1930 2898/1763/2036
f 2915/1796/2020 2914/1795/2019 2722/1813/2037 2930/1814/2038
f 2917/1798/2022 2916/1797/2021 2931/1815/2039 2932/1816/2040
f 2919/1800/2024 2918/1799/2023 2839/1817/2041 2933/1818/2042
f 2921/1802/2026 2920/1801/2025 2899/1819/2043 2934/1820/2044
f 2924/1806/2029 2923/1805/2028 2935/1821/2045 2904/1822/2046
f 2926/1808/2031 2925/1807/2030 2907/1823/2047 2936/1824/2048
f 2928/1810/2033 2927/1809/2032 2908/1825/2049 2937/1826/2050
f 2863/1717/1979 2862/1716/1978 2911/1827/2015
f 2860/1720/1980 2739/1828/1864 2861/1715/1977
f 2865/1722/1981 2869/1724/1983 2938/1829/2051
f 2867/1726/1984 2727/1830/1851 2868/1723/1982
f 2870/1728/1985 2873/1730/1987 2728/1831/1852
f 2871/1732/1988 2747/1832/1872 2872/1729/1986
f 2875/1734/1989 2879/1736/1991 2845/1833/1967
f 2877/1738/1992 2731/1834/1855 2878/1735/1990
f 2880/1740/1993 2883/1742/1995 2732/1835/1856
f 2881/1744/1996 2901/1836/2010 2882/1741/1994
f 2885/1746/1997 2888/1748/1999 2902/1837/2009
f 2886/1750/2000 2905/1838/2012 2887/1747/1998
f 2889/1752/2001 2892/1754/2003 2906/1839/2011
f 2890/1756/2004 2840/1840/1961 2891/1753/2002
f 2893/1758/2005 2896/1760/2007 2841/1841/1962
f 2894/1762/2008 2910/1842/2016 2895/1759/2006
f 2865/1722/1981 2938/1829/2051 2739/1828/1864 2860/1720/1980
f 2870/1728/1985 2728/1831/1852 2727/1830/1851 2867/1726/1984
f 2875/1734/1989 2845/1833/1967 2747/1832/1872 2871/1732/1988
f 2880/1740/1993 2732/1835/1856 2731/1834/1855 2877/1738/1992
f 2885/1746/1997 2902/1837/2009 2901/1836/2010 2881/1744/1996
f 2889/1752/2001 2906/1839/2011 2905/1838/2012 2886/1750/2000
f 2893/1758/2005 2841/1841/1962 2840/1840/1961 2890/1756/2004
f 2863/1717/1979 2911/1827/2015 2910/1842/2016 2894/1762/2008
f 2911/1827/2015 2862/1716/1978 2913/1794/2018 2848/1843/1970
f 2861/1715/1977 2739/1828/1864 2738/1844/1863 2912/1793/2017
f 2938/1829/2051 2869/1724/1983 2915/1796/2020 2850/1845/1972
f 2868/1723/1982 2727/1830/1851 2842/1846/1964 2914/1795/2019
f 2728/1831/1852 2873/1730/1987 2917/1798/2022 2939/1847/2052
f 2872/1729/1986 2747/1832/1872 2746/1848/1871 2916/1797/2021
f 2845/1833/1967 2879/1736/1991 2919/1800/2024 2846/1849/1968
f 2878/1735/1990 2731/1834/1855 2751/1850/1876 2918/1799/2023
f 2732/1835/1856 2883/1742/1995 2921/1802/2026 2852/1851/1974
f 2882/1741/1994 2901/1836/2010 2922/1852/2027 2920/1801/2025
f 2902/1837/2009 2888/1748/1999 2924/1806/2029 2940/1853/2053
f 2887/1747/1998 2905/1838/2012 2844/1854/1966 2923/1805/2028
f 2906/1839/2011 2892/1754/2003 2926/1808/2031 2941/1855/2054
f 2891/1753/2002 2840/1840/1961 2778/1856/1903 2925/1807/2030
f 2841/1841/1962 2896/1760/2007 2928/1810/2033 2847/1857/1969
f 2895/1759/2006 2910/1842/2016 2942/1858/2055 2927/1809/2032
f 2848/1843/1970 2913/1794/2018 2929/1812/2035 2849/1859/1971
f 2912/1793/2017 2738/1844/1863 2898/1860/2036 2897/1811/2034
f 2850/1845/1972 2915/1796/2020 2930/1814/2038 2851/1861/1973
f 2914/1795/2019 2842/1846/1964 2723/1862/1963 2722/1813/2037
f 2939/1847/2052 2917/1798/2022 2932/1816/2040 2943/1863/2056
f 2916/1797/2021 2746/1848/1871 2944/1864/2057 2931/1815/2039
f 2846/1849/1968 2919/1800/2024 2933/1818/2042 2854/1865/1976
f 2918/1799/2023 2751/1850/1876 2768/1866/1894 2839/1817/2041
f 2852/1851/1974 2921/1802/2026 2934/1820/2044 2853/1867/1975
f 2920/1801/2025 2922/1852/2027 2900/1868/2058 2899/1819/2043
f 2940/1853/2053 2924/1806/2029 2904/1822/2046 2903/1869/2059
f 2923/1805/2028 2844/1854/1966 2843/1870/1965 2935/1821/2045
f 2941/1855/2054 2926/1808/2031 2936/1824/2048 2945/1871/2060
f 2925/1807/2030 2778/1856/1903 2777/1872/1902 2907/1823/2047
f 2847/1857/1969 2928/1810/2033 2937/1826/2050 2946/1873/2061
f 2927/1809/2032 2942/1858/2055 2909/1874/2062 2908/1825/2049
f 2826/1699/418 2816/1701/418 2864/1721/418 2827/1719/418
f 2828/1704/418 2857/1705/418 2874/1733/418 2829/1731/418
f 2821/1708/418 2822/1709/418 2884/1745/418 2830/1743/418
f 2825/1712/418 2858/1713/418 2838/1757/418 2831/1755/418
f 2659/1640/1956 2658/1875/1957 2856/1876/1957 2826/1641/1956
f 2828/1645/2063 2663/1644/2063 2662/1620/1944 2818/1623/1944
f 2819/1625/1945 2665/1624/1945 2664/1877/1959 2857/1878/1959
f 2670/1636/1950 2669/1879/1949 2823/1880/1949 2824/1637/1950
f 2673/1881/2064 2672/1882/2014 2858/1883/2014 2859/1884/2064
f 2658/1875/1957 2673/1885/2064 2859/1886/2064 2856/1876/1957
f 2816/1617/2065 2660/1616/2065 2681/1887/2065 2864/1888/2065
f 2664/1877/2066 2693/1889/2066 2874/1890/2066 2857/1878/2066
f 2668/1632/2067 2705/1891/2067 2884/1892/2067 2822/1633/2067
f 2858/1883/2068 2672/1882/2068 2717/1662/2068 2838/1665/2068
f 2681/1887/1948 2685/1893/2069 2866/1894/2069 2864/1888/1948
f 2685/1893/2069 2687/1655/1950 2833/1654/1950 2866/1894/2069
f 2693/1889/2014 2697/1895/2064 2876/1896/2064 2874/1890/2014
f 2697/1895/2064 2699/1657/1957 2834/1656/1957 2876/1896/2064
f 2884/1892/1850 2705/1891/1850 2709/1658/1958 2836/1661/1958
f 2835/1660/1944 2711/1659/1944 2715/1650/2063 2831/1651/2063
f 2837/1664/1960 2721/1663/1960 2674/1652/1946 2832/1653/1946
f 2736/1522/1861 2739/1525/1864 2938/1897/2051 2782/1898/1908
f 2764/1899/2063 2931/1900/2063 2944/1901/2063 2807/1902/2063
f 2788/1668/1914 2775/1565/1904 2778/1564/1903 2840/1669/1961
f 2802/1903/1928 2942/1904/2055 2910/1792/2016 2790/1791/1916
f 2807/1902/1934 2944/1901/2057 2746/1532/1871 2745/1531/1870
f 2797/1803/1923 2810/1768/1937 2900/1767/2058 2922/1804/2027
f 2802/1903/1928 2815/1786/1942 2909/1785/2062 2942/1904/2055
f 2729/1514/1853 2728/1513/1852 2939/1905/2052 2794/1906/1920
f 2733/1518/1857 2732/1517/1856 2852/1694/1974 2796/1693/1922
f 2794/1906/1920 2939/1905/2052 2943/1907/2056 2806/1908/1933
f 2800/1909/1926 2941/1910/2054 2945/1911/2060 2813/1912/1940
f 2781/1790/1907 2911/1789/2015 2848/1685/1970 2791/1684/1917
f 2782/1898/1908 2938/1897/2051 2850/1689/1972 2792/1688/1918
f 2785/1913/1911 2902/1914/2009 2940/1915/2053 2798/1916/1924
f 2787/1780/1913 2906/1779/2011 2941/1910/2054 2800/1909/1926
f 2798/1916/1924 2940/1915/2053 2903/1778/2059 2811/1777/1938
f 2814/1917/1941 2801/1682/1927 2847/1683/1969 2946/1918/2061
f 2773/1919/1951 2813/1912/1951 2945/1911/1951 2936/1920/1951
f 2907/1784/1951 2774/1783/1951 2773/1919/1951 2936/1920/1951
f 2843/1675/1948 2812/1674/1948 2772/1921/1948 2935/1922/1948
f 2904/1775/1948 2935/1922/1948 2772/1921/1948 2771/1776/1948
f 2769/1923/1947 2934/1924/1947 2899/1770/1947 2770/1769/1947
f 2769/1923/1947 2809/1692/1947 2853/1695/1947 2934/1924/1947
f 2765/1925/1959 2933/1926/1959 2839/1667/1959 2766/1666/1959
f 2765/1925/1959 2808/1696/1959 2854/1697/1959 2933/1926/1959
f 2763/1927/2063 2932/1928/2063 2931/1900/2063 2764/1899/2063
f 2763/1927/2063 2806/1908/2063 2943/1907/2063 2932/1928/2063
f 2762/1929/1850 2930/1930/1850 2722/1511/1850 2725/1510/1850
f 2762/1929/1850 2805/1691/1850 2851/1690/1850 2930/1930/1850
f 2760/1931/1956 2929/1932/1956 2897/1766/1956 2761/1765/1956
f 2760/1931/1956 2803/1687/1956 2849/1686/1956 2929/1932/1956
f 2779/1933/2014 2937/1934/2014 2908/1788/2014 2780/1787/2014
f 2779/1933/2014 2814/1917/2014 2946/1918/2014 2937/1934/2014
f 2947/1935/193 2948/1936/193 2949/1937/193 2950/1938/193
f 2948/1936/193 2951/1939/193 2952/1940/193 2949/1937/193
f 2953/1941/193 2947/1935/193 2950/1938/193 2954/1942/193
f 2955/1943/193 2956/1944/193 2957/1945/193 2958/1946/193
f 2959/1947/193 2960/1948/193 2961/1949/193 2962/1950/193
f 2956/1944/193 2959/1947/193 2962/1950/193 2957/1945/193
f 2960/1948/193 2953/1941/193 2954/1942/193 2961/1949/193
f 2951/1939/193 2963/1951/193 2964/1952/193 2952/1940/193
f 2963/1951/193 2965/1953/193 2966/1954/193 2964/1952/193
f 2967/1955/193 2968/1956/193 2969/1957/193 2970/1958/193
f 2965/1953/193 2967/1955/193 2970/1958/193 2966/1954/193
f 2968/1956/193 2971/1959/193 2972/1960/193 2969/1957/193
f 2973/1961/193 2955/1943/193 2958/1946/193 2974/1962/193
f 2975/1963/193 2976/1964/193 2977/1965/193 2978/1966/193
f 2976/1964/193 2973/1961/193 2974/1962/193 2977/1965/193
f 2971/1959/193 2975/1963/193 2978/1966/193 2972/1960/193
f 2950/1938/193 2949/1937/193 2979/1967/193 2980/1968/193
f 2949/1937/193 2952/1940/193 2981/1969/193 2979/1967/193
f 2954/1942/193 2950/1938/193 2980/1968/193 2982/1970/193
f 2958/1946/193 2957/1945/193 2983/1971/193 2984/1972/193
f 2962/1950/193 2961/1949/193 2985/1973/193 2986/1974/193
f 2957/1945/193 2962/1950/193 2986/1974/193 2983/1971/193
f 2961/1949/193 2954/1942/193 2982/1970/193 2985/1973/193
f 2952/1940/193 2964/1952/193 2987/1975/193 2981/1969/193
f 2964/1952/193 2966/1954/193 2988/1976/193 2987/1975/193
f 2970/1958/193 2969/1957/193 2989/1977/193 2990/1978/193
f 2966/1954/193 2970/1958/193 2990/1978/193 2988/1976/193
f 2969/1957/193 2972/1960/193 2991/1979/193 2989/1977/193
f 2974/1962/193 2958/1946/193 2984/1972/193 2992/1980/193
f 2978/1966/193 2977/1965/193 2993/1981/193 2994/1982/193
f 2977/1965/193 2974/1962/193 2992/1980/193 2993/1981/193
f 2972/1960/193 2978/1966/193 2994/1982/193 2991/1979/193
f 2980/1983/986 2979/1984/987 2995/1985/987 2996/1986/986
f 2979/1984/987 2981/1987/988 2997/1988/988 2995/1985/987
f 2982/1989/989 2980/1990/986 2996/1991/986 2998/1992/989
f 2984/1993/990 2983/1994/991 2999/1995/991 3000/1996/990
f 2986/1997/992 2985/1998/993 3001/1999/993 3002/2000/992
f 2983/1994/991 2986/1997/992 3002/2000/992 2999/1995/991
f 2985/1998/993 2982/1989/989 2998/1992/989 3001/1999/993
f 2981/1987/988 2987/2001/994 3003/2002/994 2997/1988/988
f 2987/2001/994 2988/2003/995 3004/2004/995 3003/2002/994
f 2990/2005/996 2989/2006/997 3005/2007/997 3006/2008/996
f 2988/2003/995 2990/2005/996 3006/2008/996 3004/2004/995
f 2989/2006/997 2991/2009/2070 3007/2010/2070 3005/2007/997
f 2992/2011/999 2984/1993/990 3000/1996/990 3008/2012/999
f 2994/2013/1000 2993/2014/1001 3009/2015/1001 3010/2016/1000
f 2993/2014/1001 2992/2011/999 3008/2012/999 3009/2015/1001
f 2991/2009/2070 2994/2013/1000 3010/2016/1000 3007/2010/2070
f 2996/2017/193 2995/2018/193 3011/2019/193
f 2995/2018/193 2997/2020/193 3011/2019/193
f 2998/2021/193 2996/2017/193 3011/2019/193
f 3000/2022/193 2999/2023/193 3011/2019/193
f 3002/2024/193 3001/2025/193 3011/2019/193
f 2999/2023/193 3002/2024/193 3011/2019/193
f 3001/2025/193 2998/2021/193 3011/2019/193
f 2997/2020/193 3003/2026/193 3011/2019/193
f 3003/2026/193 3004/2027/193 3011/2019/193
f 3006/2028/193 3005/2029/193 3011/2019/193
f 3004/2027/193 3006/2028/193 3011/2019/193
f 3005/2029/193 3007/2030/193 3011/2019/193
f 3008/2031/193 3000/2022/193 3011/2019/193
f 3010/2032/193 3009/2033/193 3011/2019/193
f 3009/2033/193 3008/2031/193 3011/2019/193
f 3007/2030/193 3010/2032/193 3011/2019/193
f 2963/2034/1002 2951/2035/1002 3012/2036/1002 3013/2037/1002
f 2948/2038/1003 2947/2039/1003 3014/2040/1003 3015/2041/1003
f 2948/2038/1004 3015/2041/1004 3012/2036/1004 2951/2035/1004
f 2947/2039/1005 2953/2042/1005 3016/2043/1005 3014/2040/1005
f 2960/2044/1006 2959/2045/1006 3017/2046/1006 3018/2047/1006
f 2959/2045/1007 2956/2048/1007 3019/2049/1007 3017/2046/1007
f 2953/2042/1008 2960/2044/1008 3018/2047/1008 3016/2043/1008
f 2965/2050/1009 2963/2034/1009 3013/2037/1009 3020/2051/1009
f 3014/2052/418 3021/2053/418 3022/2054/418 3015/2055/418
f 3015/2055/418 3022/2054/418 3023/2056/418 3012/2057/418
f 3016/2058/418 3024/2059/418 3021/2053/418 3014/2052/418
f 3025/2060/418 3026/2061/418 3027/2062/418 3019/2063/418
f 3017/2064/418 3028/2065/418 3029/2066/418 3018/2067/418
f 3019/2063/418 3027/2062/418 3028/2065/418 3017/2064/418
f 3018/2067/418 3029/2066/418 3024/2059/418 3016/2058/418
f 3012/2057/418 3023/2056/418 3030/2068/418 3013/2069/418
f 3013/2069/418 3030/2068/418 3031/2070/418 3020/2071/418
f 3032/2072/418 3033/2073/418 3034/2074/418 3035/2075/418
f 3020/2071/418 3031/2070/418 3033/2073/418 3032/2072/418
f 3035/2075/418 3034/2074/418 3036/2076/418 3037/2077/418
f 3038/2078/418 3039/2079/418 3026/2061/418 3025/2060/418
f 3040/2080/418 3041/2081/418 3042/2082/418 3043/2083/418
f 3043/2083/418 3042/2082/418 3039/2079/418 3038/2078/418
f 3037/2077/418 3036/2076/418 3041/2081/418 3040/2080/418
f 3021/2053/418 3044/2084/418 3045/2085/418 3022/2054/418
f 3022/2054/418 3045/2085/418 3046/2086/418 3023/2056/418
f 3024/2059/418 3047/2087/418 3044/2084/418 3021/2053/418
f 3026/2061/418 3048/2088/418 3049/2089/418 3027/2062/418
f 3028/2065/418 3050/2090/418 3051/2091/418 3029/2066/418
f 3027/2062/418 3049/2089/418 3050/2090/418 3028/2065/418
f 3029/2066/418 3051/2091/418 3047/2087/418 3024/2059/418
f 3023/2056/418 3046/2086/418 3052/2092/418 3030/2068/418
f 3030/2068/418 3052/2092/418 3053/2093/418 3031/2070/418
f 3033/2073/418 3054/2094/418 3055/2095/418 3034/2074/418
f 3031/2070/418 3053/2093/418 3054/2094/418 3033/2073/418
f 3034/2074/418 3055/2095/418 3056/2096/418 3036/2076/418
f 3039/2079/418 3057/2097/418 3048/2088/418 3026/2061/418
f 3041/2081/418 3058/2098/418 3059/2099/418 3042/2082/418
f 3042/2082/418 3059/2099/418 3057/2097/418 3039/2079/418
f 3036/2076/418 3056/2096/418 3058/2098/418 3041/2081/418
f 3044/2100/986 3060/2101/986 3061/2102/987 3045/2103/987
f 3045/2103/987 3061/2102/987 3062/2104/988 3046/2105/988
f 3047/2106/989 3063/2107/989 3060/2101/986 3044/2100/986
f 3048/2108/990 3064/2109/990 3065/2110/991 3049/2111/991
f 3050/2112/992 3066/2113/992 3067/2114/993 3051/2115/993
f 3049/2111/991 3065/2110/991 3066/2113/992 3050/2112/992
f 3051/2115/993 3067/2114/993 3063/2107/989 3047/2106/989
f 3046/2105/988 3062/2104/988 3068/2116/994 3052/2117/994
f 3052/2117/994 3068/2116/994 3069/2118/995 3053/2119/995
f 3054/2120/996 3070/2121/996 3071/2122/997 3055/2123/997
f 3053/2119/995 3069/2118/995 3070/2121/996 3054/2120/996
f 3055/2123/997 3071/2122/997 3072/2124/2070 3056/2125/2070
f 3057/2126/999 3073/2127/999 3064/2109/990 3048/2108/990
f 3058/2128/1000 3074/2129/1000 3075/2130/1001 3059/2131/1001
f 3059/2131/1001 3075/2130/1001 3073/2127/999 3057/2126/999
f 3056/2125/2070 3072/2124/2070 3074/2132/1000 3058/2133/1000
f 3060/2134/418 3076/2135/418 3061/2136/418
f 3061/2136/418 3076/2135/418 3062/2137/418
f 3063/2138/418 3076/2135/418 3060/2134/418
f 3064/2139/418 3076/2135/418 3065/2140/418
f 3066/2141/418 3076/2135/418 3067/2142/418
f 3065/2140/418 3076/2135/418 3066/2141/418
f 3067/2142/418 3076/2135/418 3063/2138/418
f 3062/2137/418 3076/2135/418 3068/2143/418
f 3068/2143/418 3076/2135/418 3069/2144/418
f 3070/2145/418 3076/2135/418 3071/2146/418
f 3069/2144/418 3076/2135/418 3070/2145/418
f 3071/2146/418 3076/2135/418 3072/2147/418
f 3073/2148/418 3076/2135/418 3064/2139/418
f 3074/2149/418 3076/2135/418 3075/2150/418
f 3075/2150/418 3076/2135/418 3073/2148/418
f 3072/2147/418 3076/2135/418 3074/2149/418
f 2955/2151/1010 3025/2152/1010 3019/2049/1010 2956/2048/1010
f 2967/2153/1011 3032/2154/1011 3035/2155/1011 2968/2156/1011
f 2967/2153/1012 2965/2050/1012 3020/2051/1012 3032/2154/1012
f 2968/2156/1013 3035/2155/1013 3037/2157/1013 2971/2158/1013
f 2973/2159/1014 3038/2160/1014 3025/2161/1014 2955/2162/1014
f 2976/2163/1015 2975/2164/1015 3040/2165/1015 3043/2166/1015
f 2976/2163/1016 3043/2166/1016 3038/2160/1016 2973/2159/1016
f 2971/2158/1017 3037/2157/1017 3040/2165/1017 2975/2164/1017
f 3078/2181/1032 3079/2182/1033 3080/2183/1034 3077/2184/1035
f 3081/2185/1032 3082/2186/1036 3079/2182/1033 3078/2181/1032
f 3083/2187/1037 3084/2188/1038 3082/2186/1036 3081/2185/1032
f 3085/2189/1037 3086/2190/1039 3084/2188/1038 3083/2187/1037
f 3087/2191/1040 3088/2192/1041 3086/2190/1039 3085/2189/1037
f 3089/2193/1040 3090/2194/1042 3088/2192/1041 3087/2191/1040
f 3091/2195/1043 3092/2196/1044 3090/2194/1042 3089/2193/1040
f 3093/2197/1043 3094/2198/1045 3092/2196/1044 3091/2195/1043
f 3095/2199/1046 3096/2200/1047 3094/2198/1045 3093/2197/1043
f 3097/2201/1046 3098/2202/1048 3096/2200/1047 3095/2199/1046
f 3099/2203/1049 3100/2204/1050 3098/2202/1048 3097/2201/1046
f 3101/2205/1049 3102/2206/1051 3100/2204/1050 3099/2203/1049
f 3103/2207/1052 3104/2208/1053 3102/2206/1051 3101/2205/1049
f 3105/2209/1052 3106/2210/1054 3104/2208/1053 3103/2207/1052
f 3107/2211/1035 3108/2212/1055 3106/2210/1054 3105/2209/1052
f 3077/2184/1035 3080/2183/1034 3108/2212/1055 3107/2211/1035
f 3109/2213/193 3110/2214/193 3111/2215/193 3112/2216/193
f 3111/2215/193 3113/2217/193 3112/2216/193
f 3112/2216/193 3113/2217/193 3114/2218/193 3115/2219/193
f 3114/2218/193 3116/2220/193 3115/2219/193
f 3115/2219/193 3116/2220/193 3117/2221/193 3118/2222/193
f 3117/2221/193 3119/2223/193 3118/2222/193
f 3118/2222/193 3119/2223/193 3120/2224/193 3121/2225/193
f 3120/2224/193 3122/2226/193 3121/2225/193
f 3121/2225/193 3122/2226/193 3123/2227/193 3124/2228/193
f 3123/2227/193 3125/2229/193 3124/2228/193
f 3124/2228/193 3125/2229/193 3126/2230/193 3127/2231/193
f 3126/2230/193 3128/2232/193 3127/2231/193
f 3127/2231/193 3128/2232/193 3129/2233/193 3130/2234/193
f 3129/2233/193 3131/2235/193 3130/2234/193
f 3130/2234/193 3131/2235/193 3132/2236/193 3109/2213/193
f 3132/2236/193 3110/2214/193 3109/2213/193
f 3081/2185/1032 3078/2181/1032 3133/2237/1056 3134/2238/1056
f 3085/2189/1037 3083/2187/1037 3135/2239/1057 3136/2240/1057
f 3089/2193/1040 3087/2191/1040 3137/2241/1058 3138/2242/1058
f 3093/2197/1043 3091/2195/1043 3139/2243/1059 3140/2244/1059
f 3097/2201/1046 3095/2199/1046 3141/2245/1060 3142/2246/1060
f 3143/2247/1061 3144/2248/1061 3141/2249/1061 3095/2250/1061
f 3101/2205/1049 3099/2203/1049 3145/2251/1062 3146/2252/1062
f 3105/2209/1052 3103/2207/1052 3147/2253/1063 3148/2254/1063
f 3077/2184/1035 3107/2211/1035 3149/2255/1064 3150/2256/1064
f 3113/2217/193 3111/2215/193 3152/2257/193 3151/2258/193
f 3116/2220/193 3114/2218/193 3154/2259/193 3153/2260/193
f 3119/2223/193 3117/2221/193 3156/2261/193 3155/2262/193
f 3122/2226/193 3120/2224/193 3158/2263/193 3157/2264/193
f 3125/2229/193 3123/2227/193 3160/2265/193 3159/2266/193
f 3128/2232/193 3126/2230/193 3162/2267/193 3161/2268/193
f 3131/2235/193 3129/2233/193 3164/2269/193 3163/2270/193
f 3110/2214/193 3132/2236/193 3166/2271/193 3165/2272/193
f 3110/2273/876 3167/2274/876 3168/2275/876 3111/2276/876
f 3165/2277/1065 3169/2278/1065 3167/2274/1065 3110/2273/1065
f 3116/2279/980 3170/2280/980 3171/2281/980 3117/2282/980
f 3119/2223/878 3172/2223/878 3173/2224/878 3120/2224/878
f 3122/2283/867 3174/2284/867 3175/2285/867 3123/2286/867
f 3125/2287/868 3176/2288/868 3177/2289/868 3126/2290/868
f 3128/2291/871 3178/2292/871 3179/2293/871 3129/2294/871
f 3131/2295/931 3180/2296/931 3181/2297/931 3132/2298/931
f 3132/2298/1066 3181/2297/1066 3182/2299/1066 3166/2300/1066
f 3163/2301/1067 3183/2302/1067 3180/2296/1067 3131/2295/1067
f 3129/2294/1068 3179/2293/1068 3184/2303/1068 3164/2304/1068
f 3161/2305/1069 3185/2306/1069 3178/2292/1069 3128/2291/1069
f 3162/2307/1070 3126/2290/1070 3177/2289/1070 3186/2308/1070
f 3159/2309/1071 3187/2310/1071 3176/2288/1071 3125/2287/1071
f 3123/2286/1072 3175/2285/1072 3188/2311/1072 3160/2312/1072
f 3157/2313/1073 3189/2314/1073 3174/2284/1073 3122/2283/1073
f 3120/2224/1074 3173/2224/1074 3190/2263/1074 3158/2263/1074
f 3153/2315/1075 3191/2316/1075 3170/2280/1075 3116/2279/1075
f 3114/2317/1076 3192/2318/1076 3193/2319/1076 3154/2320/1076
f 3113/2321/1077 3151/2322/1077 3194/2323/1077 3195/2324/1077
f 3111/2276/1078 3168/2275/1078 3196/2325/1078 3152/2326/1078
f 3152/2327/867 3196/2328/867 3169/2278/867 3165/2277/867
f 3154/2320/868 3193/2319/868 3194/2329/868 3151/2330/868
f 3156/2331/871 3197/2332/871 3191/2316/871 3153/2315/871
f 3160/2333/876 3188/2334/876 3189/2314/876 3157/2313/876
f 3161/2305/980 3164/2335/980 3184/2336/980 3185/2306/980
f 3163/2337/878 3166/2300/878 3182/2299/878 3183/2338/878
f 3133/2339/1079 3198/2340/1079 3199/2341/1079 3134/2342/1079
f 3095/2250/867 3093/2343/867 3200/2344/867 3143/2247/867
f 3105/2345/931 3201/2346/931 3202/2347/931 3107/2348/931
f 3081/2349/1080 3134/2342/1080 3199/2341/1080 3203/2350/1080
f 3089/2351/1081 3138/2352/1081 3204/2353/1081 3205/2354/1081
f 3140/2355/1082 3206/2356/1082 3200/2344/1082 3093/2343/1082
f 3142/2357/1083 3207/2358/1083 3208/2359/1083 3097/2360/1083
f 3169/2272/1084 3196/2257/1085 3210/2181/1086 3209/2184/1087
f 3196/2257/1085 3194/2258/1088 3203/2185/1089 3210/2181/1086
f 3194/2258/1088 3193/2259/1090 3211/2187/1091 3203/2185/1089
f 3193/2259/1090 3191/2260/1092 3212/2189/1093 3211/2187/1091
f 3191/2260/1092 3197/2261/1094 3213/2191/1095 3212/2189/1093
f 3197/2261/1094 3214/2262/1096 3205/2193/1097 3213/2191/1095
f 3214/2262/1096 3190/2263/1098 3215/2195/1099 3205/2193/1097
f 3190/2263/1098 3189/2264/1100 3200/2197/1101 3215/2195/1099
f 3189/2264/1100 3188/2265/1102 3143/2199/1103 3200/2197/1101
f 3188/2265/1102 3187/2266/1104 3208/2201/1105 3143/2199/1103
f 3187/2266/1104 3186/2267/1106 3216/2203/1107 3208/2201/1105
f 3186/2267/1106 3185/2268/1108 3217/2205/1109 3216/2203/1107
f 3185/2268/1108 3184/2269/1110 3218/2207/1111 3217/2205/1109
f 3184/2269/1110 3183/2270/1112 3201/2209/1113 3218/2207/1111
f 3183/2270/1112 3182/2271/1114 3202/2211/1115 3201/2209/1113
f 3182/2271/1114 3169/2272/1084 3209/2184/1087 3202/2211/1115
f 3168/2215/418 3167/2214/418 3220/2213/418 3219/2216/418
f 3195/2217/418 3168/2215/418 3219/2216/418
f 3192/2218/418 3195/2217/418 3219/2216/418 3221/2219/418
f 3170/2220/418 3192/2218/418 3221/2219/418
f 3171/2221/418 3170/2220/418 3221/2219/418 3222/2222/418
f 3172/2223/418 3171/2221/418 3222/2222/418
f 3173/2224/418 3172/2223/418 3222/2222/418 3223/2225/418
f 3174/2226/418 3173/2224/418 3223/2225/418
f 3175/2227/418 3174/2226/418 3223/2225/418 3224/2228/418
f 3176/2229/418 3175/2227/418 3224/2228/418
f 3177/2230/418 3176/2229/418 3224/2228/418 3225/2231/418
f 3178/2232/418 3177/2230/418 3225/2231/418
f 3179/2233/418 3178/2232/418 3225/2231/418 3226/2234/418
f 3180/2235/418 3179/2233/418 3226/2234/418
f 3181/2236/418 3180/2235/418 3226/2234/418 3220/2213/418
f 3167/2214/418 3181/2236/418 3220/2213/418
f 3203/2185/1089 3199/2238/1116 3198/2237/1116 3210/2181/1086
f 3198/2340/1117 3133/2339/1117 3078/2361/1117 3210/2362/1117
f 3212/2189/1093 3227/2240/1118 3228/2239/1118 3211/2187/1091
f 3211/2363/1119 3228/2364/1119 3135/2365/1119 3083/2366/1119
f 3205/2193/1097 3204/2242/1120 3229/2241/1120 3213/2191/1095
f 3229/2367/1121 3137/2368/1121 3087/2369/1121 3213/2370/1121
f 3200/2197/1101 3206/2244/1122 3230/2243/1122 3215/2195/1099
f 3230/2371/1123 3139/2372/1123 3091/2373/1123 3215/2374/1123
f 3208/2201/1105 3207/2246/1124 3144/2245/1124 3143/2199/1103
f 3217/2205/1109 3231/2252/1125 3232/2251/1125 3216/2203/1107
f 3232/2375/1126 3145/2376/1126 3099/2377/1126 3216/2378/1126
f 3201/2209/1113 3233/2254/1127 3234/2253/1127 3218/2207/1111
f 3234/2379/1128 3147/2380/1128 3103/2381/1128 3218/2382/1128
f 3209/2184/1087 3235/2256/1129 3236/2255/1129 3202/2211/1115
f 3202/2347/1130 3236/2383/1130 3149/2384/1130 3107/2348/1130
f 3196/2257/1085 3168/2215/418 3195/2217/418 3194/2258/1088
f 3193/2259/1090 3192/2218/418 3170/2220/418 3191/2260/1092
f 3197/2261/1094 3171/2221/418 3172/2223/418 3214/2262/1096
f 3190/2263/1098 3173/2224/418 3174/2226/418 3189/2264/1100
f 3188/2265/1102 3175/2227/418 3176/2229/418 3187/2266/1104
f 3186/2267/1106 3177/2230/418 3178/2232/418 3185/2268/1108
f 3184/2269/1110 3179/2233/418 3180/2235/418 3183/2270/1112
f 3182/2271/1114 3181/2236/418 3167/2214/418 3169/2272/1084
f 3192/2318/770 3114/2317/770 3113/2321/770 3195/2324/770
f 3172/2385/1131 3119/2386/1131 3155/2387/1131 3214/2388/1131
f 3156/2389/1132 3117/2282/1132 3171/2281/1132 3197/2390/1132
f 3155/2387/931 3158/2391/931 3190/2392/931 3214/2388/931
f 3187/2393/770 3159/2394/770 3162/2307/770 3186/2308/770
f 3078/2361/876 3077/2395/876 3209/2396/876 3210/2362/876
f 3081/2349/770 3203/2350/770 3211/2363/770 3083/2366/770
f 3135/2365/1133 3228/2364/1133 3227/2397/1133 3136/2398/1133
f 3085/2399/980 3212/2400/980 3213/2370/980 3087/2369/980
f 3137/2368/1134 3229/2367/1134 3204/2353/1134 3138/2352/1134
f 3089/2351/878 3205/2354/878 3215/2374/878 3091/2373/878
f 3139/2372/1135 3230/2371/1135 3206/2356/1135 3140/2355/1135
f 3141/2249/1136 3144/2248/1136 3207/2358/1136 3142/2357/1136
f 3099/2401/868 3097/2360/868 3208/2359/868 3216/2402/868
f 3145/2376/1137 3232/2375/1137 3231/2403/1137 3146/2404/1137
f 3101/2405/871 3217/2406/871 3218/2382/871 3103/2381/871
f 3147/2380/1138 3234/2379/1138 3233/2407/1138 3148/2408/1138
f 3149/2384/1139 3236/2383/1139 3235/2409/1139 3150/2410/1139
f 3085/2399/1140 3136/2398/1140 3227/2397/1140 3212/2400/1140
f 3101/2405/1141 3146/2404/1141 3231/2403/1141 3217/2406/1141
f 3105/2345/1142 3148/2408/1142 3233/2407/1142 3201/2346/1142
f 3150/2410/1143 3235/2409/1143 3209/2396/1143 3077/2395/1143
f 3152/2257/1144 3165/2272/1145 3080/2183/1034 3079/2182/1033
f 3151/2258/1146 3152/2257/1144 3079/2182/1033 3082/2186/1036
f 3154/2259/1147 3151/2258/1146 3082/2186/1036 3084/2188/1038
f 3153/2260/1148 3154/2259/1147 3084/2188/1038 3086/2190/1039
f 3156/2261/1149 3153/2260/1148 3086/2190/1039 3088/2192/1041
f 3155/2262/1150 3156/2261/1149 3088/2192/1041 3090/2194/1042
f 3158/2263/1151 3155/2262/1150 3090/2194/1042 3092/2196/1044
f 3157/2264/1152 3158/2263/1151 3092/2196/1044 3094/2198/1045
f 3160/2265/1153 3157/2264/1152 3094/2198/1045 3096/2200/1047
f 3159/2266/1154 3160/2265/1153 3096/2200/1047 3098/2202/1048
f 3162/2267/1155 3159/2266/1154 3098/2202/1048 3100/2204/1050
f 3161/2268/1156 3162/2267/1155 3100/2204/1050 3102/2206/1051
f 3164/2269/1157 3161/2268/1156 3102/2206/1051 3104/2208/1053
f 3163/2270/1158 3164/2269/1157 3104/2208/1053 3106/2210/1054
f 3166/2271/1159 3163/2270/1158 3106/2210/1054 3108/2212/1055
f 3165/2272/1145 3166/2271/1159 3108/2212/1055 3080/2183/1034
f 3237/2216/1160 3238/2411/193 3239/2213/1775
f 3240/2219/1776 3238/2411/193 3237/2216/1160
f 3241/2222/1163 3238/2411/193 3240/2219/1776
f 3242/2225/1164 3238/2411/193 3241/2222/1163
f 3243/2228/1165 3238/2411/193 3242/2225/1164
f 3244/2231/1166 3238/2411/193 3243/2228/1165
f 3245/2234/1167 3238/2411/193 3244/2231/1166
f 3239/2213/1775 3238/2411/193 3245/2234/1167
f 3246/2213/1168 3247/2411/418 3248/2216/1169
f 3248/2216/1169 3247/2411/418 3249/2219/1777
f 3249/2219/1777 3247/2411/418 3250/2222/1171
f 3250/2222/1171 3247/2411/418 3251/2225/1172
f 3251/2225/1172 3247/2411/418 3252/2228/1173
f 3252/2228/1173 3247/2411/418 3253/2231/1174
f 3253/2231/1174 3247/2411/418 3254/2234/1175
f 3254/2234/1175 3247/2411/418 3246/2213/1168
f 3109/2213/275 3112/2216/269 3237/2216/269 3239/2213/275
f 3112/2216/269 3115/2219/1133 3240/2219/1133 3237/2216/269
f 3115/2219/1133 3118/2222/1134 3241/2222/1134 3240/2219/1133
f 3118/2222/1134 3121/2225/878 3242/2225/878 3241/2222/1134
f 3121/2225/867 3124/2228/1136 3243/2228/1136 3242/2225/867
f 3124/2228/1136 3127/2231/1137 3244/2231/1137 3243/2228/1136
f 3127/2231/1137 3130/2234/1138 3245/2234/1138 3244/2231/1137
f 3130/2234/1138 3109/2213/177 3239/2213/177 3245/2234/1138
f 3219/2216/269 3220/2213/275 3246/2213/275 3248/2216/269
f 3220/2213/177 3226/2234/1138 3254/2234/1138 3246/2213/177
f 3226/2234/1138 3225/2231/1137 3253/2231/1137 3254/2234/1138
f 3225/2231/1137 3224/2228/1136 3252/2228/1136 3253/2231/1137
f 3224/2228/1136 3223/2225/867 3251/2225/867 3252/2228/1136
f 3223/2225/878 3222/2222/1134 3250/2222/1134 3251/2225/878
f 3222/2222/1134 3221/2219/1133 3249/2219/1133 3250/2222/1134
f 3221/2219/1133 3219/2216/269 3248/2216/269 3249/2219/1133
f 3255/2427/193 3256/2428/193 3257/2429/193
f 3257/2429/193 3258/2430/193 3259/2431/193 3255/2427/193
f 3259/2431/193 3258/2430/193 3260/2432/193 3255/2427/193
f 3255/2427/193 3260/2432/193 3261/2433/193
f 3255/2427/193 3261/2433/193 3262/2434/193
f 3255/2427/193 3262/2434/193 3263/2435/193
f 3255/2427/193 3263/2435/193 3264/2436/193
f 3255/2427/193 3264/2436/193 3265/2437/193
f 3255/2427/193 3265/2437/193 3266/2438/193
f 3255/2427/193 3266/2438/193 3267/2439/193
f 3255/2427/193 3267/2439/193 3268/2440/193
f 3255/2427/193 3268/2440/193 3269/2441/193
f 3255/2427/193 3269/2441/193 3270/2442/193
f 3255/2427/193 3270/2442/193 3271/2443/193
f 3255/2427/193 3271/2443/193 3272/2444/193
f 3255/2427/193 3272/2444/193 3256/2428/193
f 3274/2445/2071 3275/2446/2072 3276/2447/2073 3273/2448/2074
f 3275/2446/2072 3277/2449/2075 3278/2450/2076 3276/2447/2073
f 3277/2449/2075 3279/2451/2077 3280/2452/2078 3278/2450/2076
f 3279/2451/2077 3281/2453/2079 3282/2454/2080 3280/2452/2078
f 3281/2453/2079 3283/2455/2081 3284/2456/2082 3282/2454/2080
f 3283/2455/2081 3285/2457/2083 3286/2458/2084 3284/2456/2082
f 3285/2457/2083 3287/2459/2085 3288/2460/2086 3286/2458/2084
f 3287/2459/2085 3289/2461/2087 3290/2462/2088 3288/2460/2086
f 3289/2461/2087 3291/2463/2089 3292/2464/2090 3290/2462/2088
f 3291/2463/2089 3293/2465/2091 3294/2466/2092 3292/2464/2090
f 3293/2465/2091 3295/2467/2093 3296/2468/2094 3294/2466/2092
f 3295/2467/2093 3297/2469/2095 3298/2470/2096 3296/2468/2094
f 3297/2469/2095 3299/2471/2097 3300/2472/2098 3298/2470/2096
f 3299/2471/2097 3301/2473/2099 3302/2474/2100 3300/2472/2098
f 3301/2473/2099 3303/2475/2101 3304/2476/2102 3302/2474/2100
f 3303/2475/2101 3274/2445/2071 3273/2448/2074 3304/2476/2102
f 3306/2477/770 3307/2478/770 3308/2479/770 3305/2480/770
f 3310/2481/1136 3311/2482/1136 3312/2483/1136 3309/2484/1136
f 3313/2485/868 3314/2486/868 3315/2487/868 3316/2488/868
f 3317/2489/1137 3318/2490/1137 3319/2491/1137 3320/2492/1137
f 3321/2493/2103 3322/2494/2104 3323/2495/2104 3324/2496/2105
f 3325/2497/2106 3305/2498/2107 3308/2499/2107 3326/2500/2108
f 3326/2501/2109 3308/2479/2109 3307/2478/2109 3327/2502/2109
f 3328/2503/2110 3329/2504/2111 3330/2505/2111 3331/2506/2112
f 3331/2507/2113 3330/2508/2113 3332/2509/2113 3333/2510/2113
f 3334/2511/2114 3335/2512/2115 3336/2513/2115 3309/2514/2116
f 3336/2515/2117 3337/2516/2117 3310/2481/2117 3309/2484/2117
f 3312/2517/2118 3313/2518/2119 3316/2519/2119 3317/2520/2120
f 3320/2521/2121 3338/2522/2122 3339/2523/2122 3340/2524/2123
f 3341/2525/2124 3342/2526/2125 3343/2527/2125 3344/2528/2126
f 3346/2529/2127 3347/2530/2127 3348/2531/2127 3345/2532/2127
f 3345/2533/2128 3348/2534/2129 3349/2535/2129 3350/2536/2130
f 3321/2493/2103 3324/2496/2105 3352/2537/2131 3351/2538/2132
f 3324/2496/2105 3325/2497/2106 3353/2539/2133 3352/2537/2131
f 3325/2497/2106 3326/2500/2108 3354/2540/2134 3353/2539/2133
f 3326/2500/2108 3328/2503/2110 3355/2541/2135 3354/2540/2134
f 3328/2503/2110 3331/2506/2112 3356/2542/2136 3355/2541/2135
f 3331/2506/2112 3345/2533/2128 3357/2543/2137 3356/2542/2136
f 3345/2533/2128 3350/2536/2130 3358/2544/2138 3357/2543/2137
f 3350/2536/2130 3334/2511/2114 3359/2545/2139 3358/2544/2138
f 3334/2511/2114 3309/2514/2116 3360/2546/2140 3359/2545/2139
f 3309/2514/2116 3312/2517/2118 3361/2547/2141 3360/2546/2140
f 3312/2517/2118 3317/2520/2120 3362/2548/2142 3361/2547/2141
f 3317/2520/2120 3320/2521/2121 3363/2549/2143 3362/2548/2142
f 3320/2521/2121 3340/2524/2123 3364/2550/2144 3363/2549/2143
f 3340/2524/2123 3341/2525/2124 3365/2551/2145 3364/2550/2144
f 3341/2525/2124 3344/2528/2126 3366/2552/2146 3365/2551/2145
f 3344/2528/2126 3321/2493/2103 3351/2538/2132 3366/2552/2146
f 3351/2538/2132 3352/2537/2131 3275/2446/2072 3274/2445/2071
f 3352/2537/2131 3353/2539/2133 3277/2449/2075 3275/2446/2072
f 3353/2539/2133 3354/2540/2134 3279/2451/2077 3277/2449/2075
f 3354/2540/2134 3355/2541/2135 3281/2453/2079 3279/2451/2077
f 3355/2541/2135 3356/2542/2136 3283/2455/2081 3281/2453/2079
f 3356/2542/2136 3357/2543/2137 3285/2457/2083 3283/2455/2081
f 3357/2543/2137 3358/2544/2138 3287/2459/2085 3285/2457/2083
f 3358/2544/2138 3359/2545/2139 3289/2461/2087 3287/2459/2085
f 3359/2545/2139 3360/2546/2140 3291/2463/2089 3289/2461/2087
f 3360/2546/2140 3361/2547/2141 3293/2465/2091 3291/2463/2089
f 3361/2547/2141 3362/2548/2142 3295/2467/2093 3293/2465/2091
f 3362/2548/2142 3363/2549/2143 3297/2469/2095 3295/2467/2093
f 3363/2549/2143 3364/2550/2144 3299/2471/2097 3297/2469/2095
f 3364/2550/2144 3365/2551/2145 3301/2473/2099 3299/2471/2097
f 3365/2551/2145 3366/2552/2146 3303/2475/2101 3301/2473/2099
f 3366/2552/2146 3351/2538/2132 3274/2445/2071 3303/2475/2101
f 3273/2553/866 3276/2554/875 3257/2555/875 3256/2556/866
f 3276/2554/875 3278/2557/983 3258/2558/983 3257/2555/875
f 3278/2557/983 3280/2559/869 3260/2560/869 3258/2558/983
f 3280/2559/869 3282/2561/870 3261/2562/870 3260/2560/869
f 3282/2561/870 3284/2563/872 3262/2564/872 3261/2562/870
f 3284/2563/872 3286/2565/984 3263/2566/984 3262/2564/872
f 3286/2565/984 3288/2567/981 3264/2568/981 3263/2566/984
f 3288/2567/981 3290/2569/877 3265/2570/877 3264/2568/981
f 3290/2569/877 3292/2571/873 3266/2572/873 3265/2570/877
f 3292/2571/873 3294/2573/985 3267/2574/985 3266/2572/873
f 3294/2573/985 3296/2575/863 3268/2576/863 3267/2574/985
f 3296/2575/863 3298/2577/864 3269/2578/864 3268/2576/863
f 3298/2577/864 3300/2579/874 3270/2580/874 3269/2578/864
f 3300/2579/874 3302/2581/982 3271/2582/982 3270/2580/874
f 3302/2581/982 3304/2583/865 3272/2584/865 3271/2582/982
f 3304/2583/865 3273/2585/866 3256/2586/866 3272/2584/865
f 3325/2587/1079 3324/2588/1079 3367/2589/1079 3368/2590/1079
f 3340/2591/1138 3369/2592/1138 3370/2593/1138 3341/2594/1138
f 3321/2595/2147 3371/2596/2147 3372/2597/2147 3322/2598/2147
f 3305/2480/2148 3325/2587/2148 3368/2590/2148 3306/2477/2148
f 3313/2485/2149 3312/2599/2149 3311/2600/2149 3314/2486/2149
f 3338/2601/2150 3320/2492/2150 3319/2491/2150 3373/2602/2150
f 3374/2603/418 3375/2604/418 3376/2605/418
f 3377/2606/418 3378/2607/418 3375/2604/418 3374/2603/418
f 3379/2608/418 3378/2607/418 3377/2606/418 3374/2603/418
f 3374/2603/418 3380/2609/418 3379/2608/418
f 3374/2603/418 3381/2610/418 3380/2609/418
f 3374/2603/418 3382/2611/418 3381/2610/418
f 3374/2603/418 3383/2612/418 3382/2611/418
f 3374/2603/418 3384/2613/418 3383/2612/418
f 3374/2603/418 3385/2614/418 3384/2613/418
f 3374/2603/418 3386/2615/418 3385/2614/418
f 3374/2603/418 3387/2616/418 3386/2615/418
f 3374/2603/418 3388/2617/418 3387/2616/418
f 3374/2603/418 3389/2618/418 3388/2617/418
f 3374/2603/418 3390/2619/418 3389/2618/418
f 3374/2603/418 3391/2620/418 3390/2619/418
f 3374/2603/418 3376/2605/418 3391/2620/418
f 3393/2621/2151 3394/2622/2152 3395/2623/2153 3392/2624/2154
f 3396/2625/2155 3397/2626/2156 3394/2622/2152 3393/2621/2151
f 3398/2627/2157 3399/2628/2158 3397/2626/2156 3396/2625/2155
f 3400/2629/2159 3401/2630/2160 3399/2628/2158 3398/2627/2157
f 3402/2631/2161 3403/2632/2162 3401/2630/2160 3400/2629/2159
f 3404/2633/2163 3405/2634/2164 3403/2632/2162 3402/2631/2161
f 3406/2635/2165 3407/2636/2166 3405/2634/2164 3404/2633/2163
f 3408/2637/2167 3409/2638/2168 3407/2636/2166 3406/2635/2165
f 3410/2639/2169 3411/2640/2170 3409/2638/2168 3408/2637/2167
f 3412/2641/2171 3413/2642/2172 3411/2640/2170 3410/2639/2169
f 3414/2643/2173 3415/2644/2174 3413/2642/2172 3412/2641/2171
f 3416/2645/2175 3417/2646/2176 3415/2644/2174 3414/2643/2173
f 3418/2647/2177 3419/2648/2178 3417/2646/2176 3416/2645/2175
f 3420/2649/2179 3421/2650/2180 3419/2648/2178 3418/2647/2177
f 3422/2651/2181 3423/2652/2182 3421/2650/2180 3420/2649/2179
f 3392/2624/2154 3395/2623/2153 3423/2652/2182 3422/2651/2181
f 3372/2597/876 3424/2653/876 3323/2654/876 3322/2598/876
f 3425/2655/1133 3328/2656/1133 3326/2501/1133 3327/2502/1133
f 3346/2529/1134 3345/2532/1134 3331/2507/1134 3333/2510/1134
f 3427/2657/1135 3334/2658/1135 3350/2659/1135 3426/2660/1135
f 3337/2516/867 3336/2515/867 3335/2661/867 3428/2662/867
f 3429/2663/871 3339/2664/871 3338/2601/871 3373/2602/871
f 3431/2665/931 3343/2666/931 3342/2667/931 3430/2668/931
f 3432/2669/1139 3371/2596/1139 3321/2595/1139 3344/2670/1139
f 3371/2671/2183 3367/2672/2184 3424/2673/2185 3372/2674/2185
f 3367/2589/2186 3324/2588/2186 3323/2654/2186 3424/2653/2186
f 3368/2675/2187 3327/2676/2188 3307/2677/2189 3306/2678/2189
f 3425/2679/2190 3333/2680/2191 3332/2681/2192 3433/2682/2192
f 3350/2659/2193 3349/2683/2193 3434/2684/2193 3426/2660/2193
f 3427/2685/2194 3310/2686/2195 3337/2687/2196 3428/2688/2196
f 3311/2689/2197 3318/2690/2198 3315/2691/2199 3314/2692/2199
f 3317/2489/2200 3316/2488/2200 3315/2487/2200 3318/2490/2200
f 3319/2693/2201 3369/2694/2202 3429/2695/2203 3373/2696/2203
f 3370/2697/2204 3432/2698/2205 3431/2699/2206 3430/2700/2206
f 3434/2684/2207 3349/2683/2207 3348/2531/2207 3347/2530/2207
f 3346/2701/2208 3426/2702/2209 3434/2703/2210 3347/2704/2210
f 3436/2705/2211 3367/2672/2184 3371/2671/2183 3435/2706/2212
f 3437/2707/2213 3368/2675/2187 3367/2672/2184 3436/2705/2211
f 3438/2708/2214 3327/2676/2188 3368/2675/2187 3437/2707/2213
f 3439/2709/2215 3425/2679/2190 3327/2676/2188 3438/2708/2214
f 3440/2710/2216 3333/2680/2191 3425/2679/2190 3439/2709/2215
f 3441/2711/2217 3346/2701/2208 3333/2680/2191 3440/2710/2216
f 3442/2712/2218 3426/2702/2209 3346/2701/2208 3441/2711/2217
f 3443/2713/2219 3427/2685/2194 3426/2702/2209 3442/2712/2218
f 3444/2714/2220 3310/2686/2195 3427/2685/2194 3443/2713/2219
f 3445/2715/2221 3311/2689/2197 3310/2686/2195 3444/2714/2220
f 3446/2716/2222 3318/2690/2198 3311/2689/2197 3445/2715/2221
f 3447/2717/2223 3319/2693/2201 3318/2690/2198 3446/2716/2222
f 3448/2718/2224 3369/2694/2202 3319/2693/2201 3447/2717/2223
f 3449/2719/2225 3370/2697/2204 3369/2694/2202 3448/2718/2224
f 3450/2720/2226 3432/2698/2205 3370/2697/2204 3449/2719/2225
f 3435/2706/2212 3371/2671/2183 3432/2698/2205 3450/2720/2226
f 3394/2622/2152 3436/2705/2211 3435/2706/2212 3395/2623/2153
f 3397/2626/2156 3437/2707/2213 3436/2705/2211 3394/2622/2152
f 3399/2628/2158 3438/2708/2214 3437/2707/2213 3397/2626/2156
f 3401/2630/2160 3439/2709/2215 3438/2708/2214 3399/2628/2158
f 3403/2632/2162 3440/2710/2216 3439/2709/2215 3401/2630/2160
f 3405/2634/2164 3441/2711/2217 3440/2710/2216 3403/2632/2162
f 3407/2636/2166 3442/2712/2218 3441/2711/2217 3405/2634/2164
f 3409/2638/2168 3443/2713/2219 3442/2712/2218 3407/2636/2166
f 3411/2640/2170 3444/2714/2220 3443/2713/2219 3409/2638/2168
f 3413/2642/2172 3445/2715/2221 3444/2714/2220 3411/2640/2170
f 3415/2644/2174 3446/2716/2222 3445/2715/2221 3413/2642/2172
f 3417/2646/2176 3447/2717/2223 3446/2716/2222 3415/2644/2174
f 3419/2648/2178 3448/2718/2224 3447/2717/2223 3417/2646/2176
f 3421/2650/2180 3449/2719/2225 3448/2718/2224 3419/2648/2178
f 3423/2652/2182 3450/2720/2226 3449/2719/2225 3421/2650/2180
f 3395/2623/2153 3435/2706/2212 3450/2720/2226 3423/2652/2182
f 3392/2721/866 3376/2722/866 3375/2723/875 3393/2724/875
f 3393/2724/875 3375/2723/875 3378/2725/983 3396/2726/983
f 3396/2726/983 3378/2725/983 3379/2727/869 3398/2728/869
f 3398/2728/869 3379/2727/869 3380/2729/870 3400/2730/870
f 3400/2730/870 3380/2729/870 3381/2731/872 3402/2732/872
f 3402/2732/872 3381/2731/872 3382/2733/984 3404/2734/984
f 3404/2734/984 3382/2733/984 3383/2735/981 3406/2736/981
f 3406/2736/981 3383/2735/981 3384/2737/877 3408/2738/877
f 3408/2738/877 3384/2737/877 3385/2739/873 3410/2740/873
f 3410/2740/873 3385/2739/873 3386/2741/985 3412/2742/985
f 3412/2742/985 3386/2741/985 3387/2743/863 3414/2744/863
f 3414/2744/863 3387/2743/863 3388/2745/864 3416/2746/864
f 3416/2746/864 3388/2745/864 3389/2747/874 3418/2748/874
f 3418/2748/874 3389/2747/874 3390/2749/982 3420/2750/982
f 3420/2750/982 3390/2749/982 3391/2751/865 3422/2752/865
f 3422/2752/865 3391/2751/865 3376/2753/866 3392/2754/866
f 3329/2755/980 3433/2756/980 3332/2509/980 3330/2508/980
f 3340/2591/2227 3339/2664/2227 3429/2663/2227 3369/2592/2227
f 3343/2666/2228 3431/2665/2228 3432/2669/2228 3344/2670/2228
f 3328/2656/2229 3425/2655/2229 3433/2756/2229 3329/2755/2229
f 3334/2658/2230 3427/2657/2230 3428/2662/2230 3335/2661/2230
f 3342/2667/2231 3341/2594/2231 3370/2593/2231 3430/2668/2231
