# Blender 5.1.1
# www.blender.org
mtllib head.mtl
g park_cheshirecat_ob0_L0.head_park_cheshirecat_model0.006
v -0.025009 0.408195 -0.000350
v -0.023239 0.410148 -0.010574
v -0.030716 0.417960 -0.006901
v -0.031677 0.416007 -0.001458
v -0.247925 0.318351 -0.025589
v -0.061951 0.397452 -0.047241
v -0.051849 0.386710 -0.044830
v -0.055267 0.400382 -0.052704
v -0.042664 0.404288 -0.059784
v -0.023682 0.403312 -0.064636
v -0.061737 0.419913 -0.051361
v -0.056091 0.418937 -0.057281
v -0.043671 0.416007 -0.064697
v -0.024658 0.417960 -0.069153
v -0.012596 0.420890 -0.067627
v -0.035797 0.452140 -0.063232
v -0.040283 0.453116 -0.062622
v -0.032257 0.444327 -0.065796
v -0.042603 0.441398 -0.066650
v -0.028320 0.431632 -0.069397
v -0.043365 0.429679 -0.065491
v -0.052307 0.441398 -0.061371
v -0.055145 0.430655 -0.059814
v -0.019623 0.437491 -0.070007
v -0.026642 0.450187 -0.067810
v -0.034058 0.460929 -0.062012
v -0.047089 0.449210 -0.061768
v -0.058777 0.433585 -0.052734
v -0.204102 0.238273 0.088257
v -0.205322 0.239249 0.090942
v -0.201904 0.242179 0.091919
v -0.102844 0.325187 0.061249
v -0.100342 0.327140 0.061035
v -0.101990 0.328116 0.059662
v -0.100281 0.329093 0.059692
v -0.096375 0.339835 0.057129
v -0.095642 0.338859 0.057953
v -0.088745 0.349601 0.058258
v -0.089478 0.350577 0.056213
v -0.079712 0.358390 0.061218
v -0.065613 0.366202 0.065125
v -0.050934 0.368155 0.069275
v -0.030945 0.364249 0.077087
v -0.028809 0.368155 0.076599
v -0.016006 0.358390 0.081909
v -0.018005 0.355460 0.082825
v -0.009247 0.346671 0.084839
v -0.010246 0.344718 0.084961
v -0.007095 0.336905 0.089111
v -0.007778 0.336905 0.088501
v -0.105164 0.329093 0.063232
v -0.102905 0.327140 0.064575
v -0.104675 0.326163 0.061920
v -0.101257 0.327140 0.064026
v -0.099182 0.328116 0.063354
v -0.094604 0.336905 0.061859
v -0.087158 0.346671 0.061920
v -0.078308 0.354484 0.065186
v -0.066284 0.359366 0.069214
v -0.051849 0.362296 0.074097
v -0.034210 0.358390 0.079895
v -0.021500 0.351554 0.084351
v -0.013084 0.341788 0.087280
v -0.017181 0.340812 0.089783
v -0.025665 0.349601 0.086792
v -0.036865 0.355460 0.083252
v -0.052399 0.358390 0.079224
v -0.066956 0.355460 0.074402
v -0.078064 0.350577 0.069336
v -0.087219 0.343741 0.066711
v -0.094177 0.335929 0.064941
v -0.094482 0.335929 0.066223
v -0.096069 0.336905 0.066467
v -0.102966 0.329093 0.064514
v -0.097534 0.337882 0.065491
v -0.099304 0.339835 0.063293
v -0.104553 0.331046 0.061554
v -0.103821 0.329093 0.060364
v -0.098511 0.340812 0.058289
v -0.099792 0.341788 0.060638
v -0.091980 0.351554 0.065430
v -0.090210 0.347648 0.067688
v -0.088684 0.344718 0.068359
v -0.087463 0.343741 0.068176
v -0.079102 0.351554 0.072021
v -0.068054 0.355460 0.077332
v -0.067017 0.353507 0.076538
v -0.053650 0.357413 0.082703
v -0.037994 0.355460 0.086487
v -0.026398 0.348624 0.088257
v -0.025818 0.349601 0.090027
v -0.023834 0.351554 0.090027
v -0.013000 0.345695 0.092590
v -0.008827 0.334952 0.094238
v -0.008713 0.339835 0.092651
v -0.006908 0.337882 0.091614
v -0.008011 0.332023 0.093689
v -0.008263 0.332023 0.092590
v -0.077759 0.349601 0.071533
v -0.053192 0.355460 0.081421
v -0.037750 0.353507 0.084961
v -0.017746 0.340812 0.091125
v -0.017105 0.340812 0.092773
v -0.011955 0.335929 0.093445
v -0.012169 0.335929 0.092529
v -0.009041 0.332023 0.091003
v -0.012268 0.335929 0.091553
v -0.081055 0.354484 0.071167
v -0.068604 0.359366 0.076599
v -0.053680 0.361320 0.081604
v -0.036743 0.358390 0.086243
v -0.021164 0.354484 0.090149
v -0.010750 0.346671 0.091064
v -0.008759 0.347648 0.088074
v -0.015732 0.358390 0.084900
v -0.029526 0.370109 0.079285
v -0.050110 0.373038 0.068054
v -0.050751 0.374991 0.070801
v -0.066467 0.372062 0.065308
v -0.065613 0.370109 0.063293
v -0.080750 0.360343 0.058563
v -0.082153 0.362296 0.060120
v -0.091370 0.352530 0.057129
v -0.093262 0.353507 0.061249
v -0.082947 0.359366 0.069092
v -0.068237 0.366202 0.074646
v -0.053406 0.368155 0.079834
v -0.034332 0.364249 0.085815
v -0.017868 0.357413 0.088440
v -0.031128 0.368155 0.083679
v -0.051788 0.373038 0.076111
v -0.067627 0.371085 0.071228
v -0.084106 0.363273 0.065857
v 0.013969 0.162101 0.196533
v 0.016769 0.160636 0.200317
v 0.013550 0.162101 0.200317
v 0.039124 0.160148 0.206909
v 0.048370 0.158195 0.202393
v 0.055206 0.156241 0.200439
v 0.059479 0.155753 0.200195
v 0.062500 0.153800 0.197632
v 0.064758 0.153312 0.196411
v 0.017181 0.160636 0.196533
v 0.017822 0.163566 0.204468
v 0.017700 0.160636 0.204224
v 0.021912 0.160636 0.206421
v 0.028763 0.160148 0.206421
v 0.028915 0.162589 0.206543
v 0.038147 0.159659 0.204712
v 0.048828 0.159659 0.202271
v 0.058716 0.155265 0.199341
v 0.059021 0.156241 0.199219
v 0.062683 0.154777 0.197632
v 0.015099 0.184562 0.207275
v 0.013390 0.181632 0.199219
v 0.011566 0.183585 0.199219
v 0.024078 0.227530 0.200806
v 0.016968 0.235343 0.205688
v 0.027847 0.236320 0.198975
v 0.019287 0.247062 0.202637
v 0.030807 0.246085 0.195190
v 0.015472 0.226554 0.206177
v 0.007221 0.234366 0.209351
v 0.009659 0.248038 0.205688
v 0.010674 0.260734 0.196777
v 0.020813 0.259757 0.194458
v 0.033173 0.256827 0.188843
v 0.019608 0.224601 0.197632
v 0.025848 0.222648 0.194702
v 0.031982 0.225577 0.194336
v 0.039246 0.235343 0.189941
v 0.044250 0.245109 0.185425
v 0.042847 0.253898 0.181641
v 0.034912 0.261710 0.181763
v 0.021698 0.266593 0.183960
v 0.011208 0.267570 0.185547
v 0.038849 0.223624 0.187134
v 0.046722 0.232413 0.180786
v 0.051331 0.243155 0.174438
v 0.046600 0.253898 0.170288
v 0.035339 0.262687 0.167847
v 0.021362 0.267570 0.168579
v 0.010025 0.269523 0.170166
v 0.026978 0.209952 0.192505
v 0.025269 0.212882 0.193726
v 0.034210 0.214835 0.187378
v 0.031830 0.217765 0.193115
v 0.040802 0.220695 0.181030
v 0.049774 0.229484 0.171387
v 0.052734 0.240226 0.163086
v 0.045135 0.250968 0.157349
v 0.032715 0.260734 0.155273
v 0.017792 0.265616 0.154907
v 0.008339 0.267570 0.155151
v 0.000000 0.268546 0.155151
v -0.000190 0.264640 0.139893
v 0.028244 0.252921 0.142456
v 0.051483 0.226554 0.164551
v 0.036255 0.212882 0.183472
v 0.017456 0.204093 0.197021
v 0.007442 0.196280 0.200562
v 0.005478 0.199210 0.203857
v 0.016617 0.207999 0.196655
v 0.007912 0.205070 0.201538
v 0.003822 0.207999 0.204346
v 0.001515 0.205070 0.208252
v 0.001840 0.210929 0.210083
v 0.004040 0.211905 0.205811
v 0.007927 0.217765 0.205566
v 0.005150 0.214835 0.200806
v 0.007935 0.218741 0.200562
v 0.006435 0.217765 0.195435
v 0.000000 0.204093 0.208862
v 0.000000 0.210929 0.210449
v 0.000000 0.219718 0.211304
v 0.005386 0.220695 0.209839
v 0.013878 0.222648 0.202393
v 0.012573 0.221671 0.198486
v 0.009224 0.221671 0.193726
v 0.011375 0.222648 0.193115
v 0.016556 0.222648 0.195190
v 0.000000 0.261710 0.197998
v 0.016388 0.221671 0.192383
v 0.013824 0.222648 0.192017
v 0.014008 0.220695 0.191284
v 0.011452 0.220695 0.191528
v 0.008751 0.218741 0.192261
v 0.013657 0.219718 0.191162
v 0.015442 0.217765 0.192017
v 0.016800 0.219718 0.191895
v 0.020050 0.221671 0.193726
v 0.021729 0.218741 0.193359
v 0.019226 0.214835 0.193970
v 0.006596 0.215812 0.194824
v 0.008659 0.214835 0.193726
v 0.012321 0.215812 0.192993
v 0.015015 0.211905 0.195923
v 0.008392 0.209952 0.198486
v 0.005249 0.211905 0.199951
v 0.018845 0.175773 0.201416
v 0.019958 0.174796 0.205688
v 0.013832 0.174796 0.201416
v 0.016449 0.176749 0.205688
v 0.016068 0.176749 0.201416
v 0.031830 0.175773 0.209351
v 0.019272 0.175773 0.197510
v 0.016617 0.172843 0.201416
v 0.023010 0.174796 0.211304
v 0.023605 0.173820 0.208740
v 0.018951 0.176749 0.208618
v 0.031281 0.177726 0.207397
v 0.040863 0.177726 0.205200
v 0.051331 0.178702 0.201782
v 0.050903 0.177726 0.200562
v 0.060944 0.177726 0.197998
v 0.022888 0.176749 0.209106
v 0.041443 0.176749 0.206909
v 0.052063 0.177726 0.203003
v 0.061493 0.176749 0.198730
v 0.073181 0.175773 0.192261
v 0.072815 0.176749 0.191772
v 0.076294 0.175773 0.188354
v 0.072754 0.175773 0.191895
v 0.060974 0.176749 0.198120
v 0.051666 0.176749 0.201782
v 0.040924 0.175773 0.204956
v 0.031586 0.174796 0.207031
v 0.072327 0.175773 0.191406
v 0.060516 0.176749 0.197388
v 0.040253 0.176749 0.203247
v 0.031021 0.175773 0.205078
v 0.023468 0.175773 0.206665
v 0.019211 0.172843 0.208008
v 0.040619 0.194327 0.199951
v 0.033112 0.192374 0.204346
v 0.026230 0.189445 0.206787
v -0.063110 0.154288 0.198242
v -0.059021 0.156241 0.199219
v -0.059479 0.155753 0.200195
v -0.048828 0.159659 0.202271
v -0.039124 0.160148 0.206909
v -0.029358 0.161124 0.209106
v -0.028915 0.162589 0.206543
v -0.021820 0.163566 0.206543
v -0.016876 0.163566 0.200317
v -0.013550 0.162101 0.200317
v -0.013969 0.162101 0.196533
v -0.033905 0.341788 0.075867
v -0.046844 0.341788 0.082886
v -0.043671 0.342765 0.072571
v -0.053650 0.342765 0.069275
v -0.056152 0.340812 0.079773
v -0.058624 0.337882 0.088806
v -0.049377 0.337882 0.091858
v -0.060669 0.332999 0.097534
v -0.051453 0.332999 0.100220
v -0.053345 0.327140 0.110107
v -0.043732 0.327140 0.110718
v -0.042023 0.332999 0.101746
v -0.040009 0.336905 0.093994
v -0.037537 0.339835 0.085693
v -0.028656 0.337882 0.087708
v -0.031204 0.335929 0.095215
v -0.032928 0.331046 0.102112
v -0.034149 0.325187 0.109131
v -0.034882 0.318351 0.117737
v -0.045135 0.319327 0.119446
v -0.054962 0.319327 0.119202
v -0.063843 0.319327 0.116211
v -0.062408 0.326163 0.107239
v -0.072266 0.318351 0.112122
v -0.071045 0.325187 0.102600
v -0.072876 0.310538 0.118530
v -0.064819 0.311515 0.121948
v -0.056366 0.311515 0.124634
v -0.046082 0.311515 0.125122
v -0.034760 0.310538 0.124634
v -0.024643 0.309562 0.121643
v -0.025223 0.316398 0.114746
v -0.016418 0.307609 0.115479
v -0.016861 0.315421 0.110046
v -0.007797 0.305655 0.106750
v -0.008888 0.312491 0.102783
v -0.024979 0.301749 0.125244
v -0.035858 0.302726 0.128296
v -0.081787 0.301749 0.116394
v -0.081543 0.309562 0.112366
v -0.089172 0.307609 0.105774
v -0.002480 0.310538 0.094910
v -0.004738 0.317374 0.091553
v -0.000530 0.315421 0.083008
v -0.004341 0.321280 0.080200
v -0.007721 0.323234 0.087952
v -0.008049 0.327140 0.077515
v -0.011749 0.329093 0.084778
v -0.013985 0.332023 0.074097
v -0.017715 0.333976 0.081909
v -0.022018 0.336905 0.069702
v -0.025375 0.337882 0.079224
v -0.021194 0.333976 0.089172
v -0.015656 0.330070 0.091125
v -0.012520 0.325187 0.094360
v -0.010399 0.319327 0.098267
v -0.017258 0.321280 0.103760
v -0.025284 0.324210 0.106934
v -0.024765 0.329093 0.101318
v -0.017960 0.327140 0.098999
v -0.018845 0.331046 0.095459
v -0.023743 0.332999 0.095581
v -0.069031 0.331046 0.093445
v -0.067200 0.334952 0.085510
v -0.064880 0.338859 0.076538
v -0.062103 0.340812 0.066345
v -0.058777 0.340812 0.055176
v -0.067017 0.335929 0.053772
v -0.080566 0.316398 0.105286
v -0.078491 0.323234 0.096130
v -0.076233 0.328116 0.088562
v -0.074463 0.332023 0.081848
v -0.072266 0.334952 0.073364
v -0.069702 0.336905 0.063904
v -0.073303 0.332023 0.053284
v -0.087402 0.314445 0.099304
v -0.085083 0.320304 0.090576
v -0.082214 0.325187 0.083679
v -0.080261 0.329093 0.077698
v -0.078308 0.331046 0.070496
v -0.076050 0.332023 0.062073
v -0.079529 0.327140 0.052734
v -0.081116 0.301749 0.114807
v -0.089294 0.299796 0.108521
v -0.095947 0.297843 0.102783
v -0.093872 0.305655 0.098694
v -0.091797 0.312491 0.091919
v -0.088806 0.318351 0.083435
v -0.086426 0.322257 0.078552
v -0.084595 0.326163 0.074036
v -0.083313 0.327140 0.068176
v -0.099121 0.302726 0.090088
v -0.096863 0.309562 0.084595
v -0.091553 0.315421 0.076904
v -0.089172 0.320304 0.073486
v -0.087097 0.323234 0.071411
v -0.086853 0.323234 0.066711
v -0.081543 0.328116 0.060760
v -0.086060 0.323234 0.060120
v -0.090027 0.318351 0.067322
v -0.090088 0.317374 0.060211
v -0.099121 0.307609 0.074158
v -0.094238 0.313468 0.069641
v -0.101990 0.300773 0.077026
v -0.101196 0.298820 0.063660
v -0.098633 0.305655 0.063782
v -0.094543 0.312491 0.061646
v -0.084351 0.322257 0.052399
v -0.089539 0.316398 0.052216
v -0.093018 0.311515 0.052307
v -0.097473 0.304679 0.052521
v -0.101868 0.297843 0.052887
v -0.104980 0.291984 0.065369
v -0.100952 0.295890 0.093933
v -0.094299 0.297843 0.101624
v -0.099121 0.294913 0.093262
v -0.105957 0.293937 0.079468
v -0.104187 0.292960 0.078796
v -0.102722 0.291007 0.064880
v -0.105713 0.291007 0.053345
v -0.103577 0.290030 0.053223
v 0.000000 0.308585 0.090271
v 0.000000 0.313468 0.083679
v 0.000530 0.315421 0.083008
v -0.006729 0.297843 0.109619
v -0.000665 0.302726 0.097717
v 0.000000 0.302726 0.096497
v 0.002480 0.310538 0.094910
v 0.004738 0.317374 0.091553
v 0.004341 0.321280 0.080200
v 0.007721 0.323234 0.087952
v 0.008049 0.327140 0.077515
v 0.000000 0.299796 0.098694
v 0.000665 0.302726 0.097717
v 0.007797 0.305655 0.106750
v 0.008888 0.312491 0.102783
v 0.010399 0.319327 0.098267
v 0.012520 0.325187 0.094360
v 0.011749 0.329093 0.084778
v 0.015656 0.330070 0.091125
v 0.017715 0.333976 0.081909
v 0.021194 0.333976 0.089172
v 0.016373 0.299796 0.118958
v 0.016418 0.307609 0.115479
v 0.016861 0.315421 0.110046
v 0.017258 0.321280 0.103760
v 0.017960 0.327140 0.098999
v 0.024780 0.329093 0.101318
v 0.023743 0.332999 0.095581
v 0.018845 0.331046 0.095459
v 0.025284 0.324210 0.106934
v 0.025223 0.316398 0.114746
v 0.024643 0.309562 0.121643
v 0.024979 0.301749 0.125244
v 0.025375 0.337882 0.079224
v 0.028656 0.337882 0.087708
v 0.031204 0.335929 0.095215
v 0.032928 0.331046 0.102112
v 0.034149 0.325187 0.109131
v 0.034882 0.318351 0.117737
v 0.034760 0.310538 0.124634
v 0.035858 0.302726 0.128296
v 0.013985 0.332023 0.074097
v 0.022018 0.336905 0.069702
v 0.033905 0.341788 0.075867
v 0.037537 0.339835 0.085693
v 0.040009 0.336905 0.093994
v 0.042023 0.332999 0.101746
v 0.043732 0.327140 0.110718
v 0.056152 0.340812 0.079773
v 0.046844 0.341788 0.082886
v 0.043671 0.342765 0.072571
v 0.049377 0.337882 0.091858
v 0.030075 0.340812 0.065491
v 0.039917 0.343741 0.061371
v 0.053650 0.342765 0.069275
v 0.050018 0.343741 0.057648
v 0.058777 0.340812 0.055176
v 0.062103 0.340812 0.066345
v 0.064880 0.338859 0.076538
v 0.072266 0.334952 0.073364
v 0.069702 0.336905 0.063904
v 0.078308 0.331046 0.070496
v 0.076050 0.332023 0.062073
v 0.083313 0.327140 0.068176
v 0.081543 0.328116 0.060760
v 0.086853 0.323234 0.066711
v 0.086060 0.323234 0.060120
v 0.090027 0.318351 0.067322
v 0.087097 0.323234 0.071411
v 0.089172 0.320304 0.073486
v 0.067017 0.335929 0.053772
v 0.073303 0.332023 0.053284
v 0.079529 0.327140 0.052734
v 0.084351 0.322257 0.052399
v 0.089539 0.316398 0.052216
v 0.090088 0.317374 0.060211
v 0.093018 0.311515 0.052307
v 0.094543 0.312491 0.061646
v 0.097473 0.304679 0.052521
v 0.098633 0.305655 0.063782
v 0.094238 0.313468 0.069641
v 0.099121 0.307609 0.074158
v 0.101196 0.298820 0.063660
v 0.101990 0.300773 0.077026
v 0.096863 0.309562 0.084595
v 0.099121 0.302726 0.090088
v 0.091797 0.312491 0.091919
v 0.093872 0.305655 0.098694
v 0.087402 0.314445 0.099304
v 0.089172 0.307609 0.105774
v 0.080566 0.316398 0.105286
v 0.101868 0.297843 0.052887
v 0.105713 0.291007 0.053345
v 0.104980 0.291984 0.065369
v 0.105957 0.293937 0.079468
v 0.095947 0.297843 0.102783
v 0.090454 0.299796 0.109619
v 0.081543 0.309562 0.112366
v 0.081787 0.301749 0.116394
v 0.072266 0.318351 0.112122
v 0.072876 0.310538 0.118530
v 0.063843 0.319327 0.116211
v 0.064819 0.311515 0.121948
v 0.054962 0.319327 0.119202
v 0.056366 0.311515 0.124634
v 0.046082 0.311515 0.125122
v 0.045135 0.319327 0.119446
v 0.053345 0.327140 0.110107
v 0.051453 0.332999 0.100220
v 0.060669 0.332999 0.097534
v 0.062408 0.326163 0.107239
v 0.072510 0.302726 0.122192
v 0.065247 0.303702 0.125122
v 0.056763 0.303702 0.127563
v 0.047180 0.303702 0.128662
v 0.058624 0.337882 0.088806
v 0.069031 0.331046 0.093445
v 0.067200 0.334952 0.085510
v 0.076233 0.328116 0.088562
v 0.074463 0.332023 0.081848
v 0.082214 0.325187 0.083679
v 0.080261 0.329093 0.077698
v 0.086426 0.322257 0.078552
v 0.084595 0.326163 0.074036
v 0.091553 0.315421 0.076904
v 0.088806 0.318351 0.083435
v 0.085083 0.320304 0.090576
v 0.078491 0.323234 0.096130
v 0.071045 0.325187 0.102600
v 0.025452 0.300773 0.123535
v 0.017212 0.299796 0.117432
v 0.007996 0.296866 0.108521
v 0.006729 0.297843 0.109619
v 0.000790 0.294913 0.099121
v -0.000395 0.294913 0.099304
v 0.036133 0.301749 0.126587
v 0.047211 0.303702 0.127075
v 0.056396 0.303702 0.125977
v 0.064514 0.303702 0.123535
v 0.071838 0.302726 0.120728
v 0.081116 0.301749 0.114807
v 0.089294 0.299796 0.108521
v 0.094299 0.297843 0.101624
v 0.099121 0.294913 0.093262
v 0.100952 0.295890 0.093933
v 0.104187 0.292960 0.078796
v 0.102722 0.291007 0.064880
v 0.103577 0.290030 0.053223
v -0.025452 0.300773 0.123535
v -0.016373 0.299796 0.118958
v -0.017212 0.299796 0.117432
v -0.007996 0.296866 0.108521
v 0.000000 0.295890 0.101257
v 0.000000 0.294913 0.099548
v 0.000000 0.294913 0.097229
v -0.036133 0.301749 0.126587
v -0.047180 0.303702 0.128662
v -0.047211 0.303702 0.127075
v -0.056763 0.303702 0.127563
v -0.056396 0.303702 0.125977
v -0.064514 0.303702 0.123535
v -0.065247 0.303702 0.125122
v -0.071838 0.302726 0.120728
v -0.072510 0.302726 0.122192
v -0.090454 0.299796 0.109619
v -0.030075 0.340812 0.065491
v -0.039917 0.343741 0.061371
v -0.050018 0.343741 0.057648
v 0.104126 0.266593 0.054626
v 0.100830 0.243155 0.065552
v 0.106689 0.270499 0.067261
v 0.105042 0.247062 0.078186
v 0.106628 0.274405 0.080139
v 0.104248 0.254874 0.090576
v 0.104309 0.278312 0.091614
v 0.101135 0.261710 0.100891
v 0.094727 0.270499 0.107727
v 0.092346 0.250968 0.110291
v 0.088928 0.260734 0.115845
v 0.080627 0.245109 0.119385
v 0.079041 0.256827 0.122314
v 0.065125 0.243155 0.125977
v 0.066162 0.256827 0.126831
v 0.052856 0.260734 0.129517
v 0.059906 0.274405 0.125977
v 0.042572 0.268546 0.129639
v 0.053131 0.282218 0.125488
v 0.036804 0.279288 0.127075
v 0.049805 0.291007 0.123474
v 0.035950 0.291007 0.123779
v 0.038483 0.302726 0.119446
v 0.026794 0.305655 0.115906
v 0.044403 0.311515 0.114380
v 0.034485 0.319327 0.109924
v 0.052856 0.318351 0.109436
v 0.045685 0.328116 0.103516
v 0.059418 0.331046 0.097473
v 0.054657 0.337882 0.087646
v 0.073181 0.332023 0.080688
v 0.070496 0.335929 0.068848
v 0.090210 0.317374 0.064148
v 0.066589 0.335929 0.057373
v 0.087952 0.315421 0.052429
v 0.103760 0.293937 0.062927
v 0.101074 0.291007 0.050964
v 0.101746 0.295890 0.076172
v 0.090271 0.316398 0.075378
v 0.074463 0.326163 0.091370
v 0.063049 0.320304 0.105042
v 0.065491 0.306632 0.112915
v 0.058655 0.306632 0.115295
v 0.053131 0.299796 0.119324
v 0.067139 0.290030 0.118530
v 0.067749 0.273429 0.123474
v 0.077637 0.272452 0.119873
v 0.081543 0.281241 0.114563
v 0.096680 0.283195 0.101196
v 0.098267 0.296866 0.087830
v 0.083862 0.288077 0.110779
v 0.092163 0.296866 0.098511
v 0.088379 0.313468 0.087952
v 0.074707 0.317374 0.101135
v 0.073120 0.304679 0.110046
v 0.084900 0.307609 0.099487
v 0.080139 0.298820 0.109802
v 0.022507 0.290030 0.121338
v 0.024841 0.274405 0.124756
v 0.010689 0.288077 0.115173
v 0.013351 0.269523 0.118042
v 0.002354 0.286124 0.105652
v 0.005547 0.265616 0.109680
v -0.002335 0.283195 0.095032
v -0.000670 0.304679 0.091248
v 0.006275 0.306632 0.100952
v 0.007324 0.324210 0.084839
v 0.015656 0.324210 0.094360
v 0.023697 0.340812 0.075684
v 0.030182 0.337882 0.085144
v 0.042877 0.342765 0.066284
v 0.049011 0.341788 0.076721
v 0.037689 0.334952 0.095215
v 0.024094 0.324210 0.103394
v 0.015007 0.307609 0.109863
v -0.000606 0.261710 0.098572
v 0.015884 0.244132 0.112061
v 0.010269 0.239249 0.100891
v 0.030762 0.222648 0.098267
v 0.035492 0.228507 0.112244
v 0.057281 0.221671 0.107605
v 0.053497 0.213859 0.094299
v 0.077271 0.222648 0.100098
v 0.072937 0.215812 0.086670
v 0.092896 0.231437 0.089844
v 0.089539 0.224601 0.076660
v 0.093750 0.240226 0.101440
v 0.079590 0.231437 0.111572
v 0.061523 0.230460 0.118164
v 0.040009 0.236320 0.122314
v 0.046509 0.249015 0.129272
v 0.033112 0.260734 0.127563
v 0.023117 0.251945 0.121338
v 0.023682 0.403312 -0.064636
v 0.012596 0.420890 -0.067627
v 0.024658 0.417960 -0.069153
v 0.028320 0.431632 -0.069397
v 0.019623 0.437491 -0.070007
v 0.032257 0.444327 -0.065796
v 0.035797 0.452140 -0.063232
v 0.040283 0.453116 -0.062622
v 0.047333 0.456046 -0.056702
v 0.047089 0.449210 -0.061768
v 0.054779 0.446280 -0.053131
v 0.052307 0.441398 -0.061371
v 0.042603 0.441398 -0.066650
v 0.043365 0.429679 -0.065491
v 0.043671 0.416007 -0.064697
v 0.042664 0.404288 -0.059784
v 0.039459 0.393546 -0.051056
v 0.055267 0.400382 -0.052704
v 0.061951 0.397452 -0.047241
v 0.061737 0.419913 -0.051361
v 0.056091 0.418937 -0.057281
v 0.055145 0.430655 -0.059814
v 0.289062 0.233390 -0.005947
v 0.289307 0.246085 -0.035614
v 0.014984 0.398429 -0.015213
v 0.020187 0.402335 -0.000876
v 0.023239 0.410148 -0.010574
v 0.025009 0.408195 -0.000350
v 0.005836 0.397452 -0.015465
v 0.018204 0.412101 -0.010574
v 0.028336 0.419913 -0.006847
v 0.030716 0.417960 -0.006901
v 0.027603 0.420890 -0.002470
v 0.016174 0.412101 0.000884
v 0.000000 0.393546 -0.013893
v 0.000000 0.395499 -0.039307
v 0.005093 0.398429 -0.038788
v 0.000000 0.392570 -0.061157
v 0.015045 0.398429 -0.038269
v 0.023514 0.396476 -0.056122
v 0.025146 0.398429 -0.036102
v 0.037140 0.394523 -0.035583
v 0.051849 0.386710 -0.044830
v 0.050323 0.390616 -0.032318
v 0.062103 0.383780 -0.027542
v 0.057129 0.383780 -0.042084
v 0.069763 0.376945 -0.035553
v 0.066467 0.375968 -0.028076
v 0.076721 0.376945 -0.021027
v 0.082764 0.366202 -0.026154
v 0.023163 0.401359 -0.018036
v 0.036926 0.403312 -0.024216
v 0.057404 0.400382 -0.018021
v 0.064331 0.396476 -0.018143
v 0.082031 0.400382 -0.008049
v 0.075562 0.403312 -0.011642
v 0.060028 0.417960 -0.012451
v 0.046600 0.412101 -0.017029
v 0.070007 0.422843 -0.004040
v 0.032928 0.410148 -0.002283
v 0.098389 0.421866 -0.006454
v 0.083801 0.421866 -0.005390
v 0.083069 0.420890 -0.009018
v 0.071838 0.418937 -0.010468
v 0.084717 0.417960 -0.007568
v 0.084290 0.417960 -0.005264
v 0.071838 0.410148 -0.002266
v 0.083984 0.409171 -0.007259
v 0.095886 0.414054 -0.002348
v 0.094299 0.417960 0.003893
v 0.106567 0.416007 0.002905
v 0.106262 0.418937 0.007496
v 0.114075 0.415030 0.006790
v 0.113892 0.413077 0.006836
v 0.106995 0.412101 0.003231
v 0.097351 0.409171 -0.001700
v 0.087585 0.403312 -0.005890
v 0.071350 0.389640 -0.015091
v 0.081726 0.394523 0.000937
v 0.107056 0.411124 0.007492
v 0.113892 0.412101 0.009491
v 0.099304 0.373038 0.000000
v 0.089905 0.374991 -0.011131
v 0.097534 0.379874 -0.008347
v 0.086243 0.385734 -0.011002
v 0.096924 0.388663 -0.008369
v 0.107300 0.392570 -0.001939
v 0.106384 0.387687 -0.006199
v 0.116516 0.389640 -0.001884
v 0.115356 0.386710 -0.005363
v 0.125732 0.383780 -0.002081
v 0.124878 0.380851 -0.005306
v 0.131348 0.374991 -0.000830
v 0.130371 0.373038 -0.003075
v 0.132446 0.366202 -0.001117
v 0.130615 0.366202 -0.001632
v 0.129150 0.365226 0.000300
v 0.127441 0.371085 -0.003815
v 0.120117 0.374015 -0.002285
v 0.122009 0.374991 -0.005741
v 0.114136 0.379874 -0.005497
v 0.106018 0.380851 -0.005661
v -0.095947 0.355460 0.001117
v -0.082764 0.366202 -0.026154
v -0.083313 0.369132 -0.020386
v -0.076721 0.376945 -0.021027
v -0.071533 0.370109 -0.029938
v -0.071350 0.389640 -0.015091
v -0.066467 0.375968 -0.028076
v -0.062103 0.383780 -0.027542
v -0.057129 0.383780 -0.042084
v -0.050323 0.390616 -0.032318
v -0.037140 0.394523 -0.035583
v -0.039459 0.393546 -0.051056
v -0.025146 0.398429 -0.036102
v -0.023514 0.396476 -0.056122
v -0.015045 0.398429 -0.038269
v -0.005093 0.398429 -0.038788
v -0.064331 0.396476 -0.018143
v -0.057404 0.400382 -0.018021
v -0.036926 0.403312 -0.024216
v -0.023163 0.401359 -0.018036
v -0.005836 0.397452 -0.015465
v -0.014984 0.398429 -0.015213
v -0.020187 0.402335 -0.000876
v -0.025070 0.405265 -0.002163
v -0.032928 0.410148 -0.002283
v -0.046600 0.412101 -0.017029
v -0.044037 0.415030 -0.002687
v -0.060028 0.417960 -0.012451
v -0.058685 0.421866 -0.003115
v -0.070007 0.422843 -0.004040
v -0.075562 0.403312 -0.011642
v -0.082031 0.400382 -0.008049
v -0.083984 0.409171 -0.007259
v -0.095886 0.414054 -0.002348
v -0.106567 0.416007 0.002905
v -0.106262 0.418937 0.007496
v -0.114075 0.415030 0.006790
v -0.114563 0.416984 0.009727
v -0.113892 0.413077 0.006836
v -0.106995 0.412101 0.003231
v -0.097351 0.409171 -0.001700
v -0.087585 0.403312 -0.005890
v -0.124756 0.411124 0.010567
v -0.107056 0.411124 0.007492
v -0.088440 0.400382 0.002785
v -0.081726 0.394523 0.000937
v -0.086243 0.385734 -0.011002
v -0.089905 0.374991 -0.011131
v -0.091248 0.373038 -0.011497
v -0.109924 0.370109 0.003284
v -0.123962 0.353507 0.010262
v -0.096924 0.388663 -0.008369
v -0.107300 0.392570 -0.001939
v -0.106384 0.387687 -0.006199
v -0.116516 0.389640 -0.001884
v -0.115356 0.386710 -0.005363
v -0.125732 0.383780 -0.002081
v -0.124878 0.380851 -0.005306
v -0.130371 0.373038 -0.003075
v -0.133057 0.367179 0.001086
v -0.132446 0.366202 -0.001117
v -0.130615 0.366202 -0.001632
v -0.129150 0.365226 0.000300
v -0.127441 0.371085 -0.003815
v -0.122009 0.374991 -0.005741
v -0.112183 0.375968 -0.001772
v -0.114136 0.379874 -0.005497
v -0.105042 0.375968 -0.000856
v -0.106018 0.380851 -0.005661
v -0.097534 0.379874 -0.008347
v -0.099304 0.373038 0.000000
v 0.071533 0.370109 -0.029938
v 0.085938 0.368155 -0.029831
v 0.092163 0.358390 -0.021820
v 0.098511 0.353507 0.001785
v 0.083313 0.369132 -0.020386
v 0.118774 0.362296 0.006306
v 0.118103 0.362296 0.003174
v 0.109924 0.370109 0.003284
v 0.091248 0.373038 -0.011497
v 0.090576 0.362296 -0.015198
v 0.088196 0.359366 -0.018860
v 0.095947 0.355460 0.001117
v 0.096619 0.366202 -0.007835
v 0.108826 0.369132 -0.002392
v 0.108398 0.365226 -0.000866
v 0.109619 0.358390 0.006050
v 0.117188 0.360343 0.004078
v 0.117310 0.356437 0.008064
v -0.018204 0.412101 -0.010574
v -0.028336 0.419913 -0.006847
v -0.040314 0.423820 -0.003494
v -0.027603 0.420890 -0.002470
v -0.016174 0.412101 0.000884
v -0.074341 0.413077 -0.002977
v -0.084717 0.417960 -0.007568
v -0.083069 0.420890 -0.009018
v -0.071838 0.418937 -0.010468
v -0.083801 0.421866 -0.005390
v -0.075745 0.413077 -0.008926
v -0.088196 0.359366 -0.018860
v -0.090576 0.362296 -0.015198
v -0.096619 0.366202 -0.007835
v -0.108826 0.369132 -0.002392
v -0.108398 0.365226 -0.000866
v -0.118103 0.362296 0.003174
v -0.117188 0.360343 0.004078
v -0.117310 0.356437 0.008064
v -0.109619 0.358390 0.006050
v -0.068481 0.408195 -0.010605
v 0.075745 0.413077 -0.008926
v 0.068481 0.408195 -0.010605
v -0.095215 0.372062 0.012001
v -0.098938 0.375968 0.006912
v 0.098694 0.358390 0.002478
v 0.098938 0.374015 -0.001517
v 0.098938 0.375968 0.006912
v 0.068542 0.406241 0.011497
v 0.081177 0.414054 -0.000783
v -0.071838 0.410148 -0.002266
v -0.081177 0.414054 -0.000783
v -0.068542 0.406241 0.011497
v -0.091614 0.382804 0.014687
v -0.086975 0.388663 0.008385
v -0.098938 0.385734 0.010017
v -0.096436 0.391593 0.004879
v -0.107239 0.391593 0.003456
v -0.106750 0.385734 0.007633
v -0.109863 0.369132 0.009132
v -0.118774 0.362296 0.006306
v -0.118347 0.363273 0.010292
v -0.110352 0.364249 0.012764
v -0.087646 0.369132 0.016342
v -0.086304 0.366202 0.028320
v 0.095215 0.372062 0.012001
v 0.109863 0.369132 0.009132
v 0.118347 0.363273 0.010292
v 0.110352 0.364249 0.012764
v 0.093201 0.364249 0.016235
v 0.070679 0.376945 0.035492
v 0.068420 0.379874 0.038025
v 0.074646 0.388663 0.024384
v 0.065857 0.392570 0.027740
v 0.075012 0.400382 0.017395
v 0.088440 0.400382 0.002785
v 0.086365 0.402335 0.011215
v 0.080017 0.397452 0.014503
v 0.084290 0.408195 0.013489
v 0.095703 0.414054 0.013115
v 0.097107 0.410148 0.010864
v 0.106750 0.416007 0.013214
v 0.107361 0.413077 0.011635
v 0.114014 0.415030 0.012993
v 0.114258 0.413077 0.012306
v 0.124756 0.411124 0.010567
v 0.097412 0.407218 0.004730
v 0.081909 0.412101 0.009315
v 0.094971 0.416984 0.010796
v 0.106384 0.417960 0.011871
v 0.114075 0.416007 0.012291
v 0.114563 0.416984 0.009727
v 0.059418 0.396476 0.026169
v 0.057343 0.384757 0.038086
v 0.051025 0.379874 0.048126
v 0.065979 0.374015 0.044891
v 0.079468 0.368155 0.038544
v 0.076782 0.384757 0.017227
v 0.098938 0.385734 0.010017
v 0.096436 0.391593 0.004879
v 0.086975 0.388663 0.008385
v 0.091614 0.382804 0.014687
v 0.086243 0.392570 -0.002104
v 0.096985 0.394523 -0.002142
v 0.124695 0.370109 0.001951
v 0.127808 0.373038 0.002439
v 0.119934 0.374015 0.001444
v 0.123230 0.379874 0.002995
v 0.112549 0.377921 0.002659
v 0.114746 0.384757 0.004913
v 0.105408 0.377921 0.005005
v 0.106750 0.385734 0.007633
v 0.107239 0.391593 0.003456
v 0.116089 0.388663 0.001934
v 0.125122 0.382804 0.000793
v 0.130615 0.374991 0.001064
v 0.132202 0.367179 0.002394
v 0.130371 0.367179 0.002863
v 0.128906 0.366202 0.002327
v 0.132324 0.362296 0.002422
v 0.133057 0.367179 0.001086
v 0.105042 0.375968 -0.000856
v 0.112183 0.375968 -0.001772
v 0.125000 0.370109 -0.000912
v -0.098694 0.358390 0.002478
v -0.075073 0.416007 0.004616
v -0.084900 0.419913 -0.001785
v -0.084290 0.417960 -0.005264
v -0.084412 0.421866 -0.001702
v -0.072205 0.420890 0.004566
v -0.092102 0.361320 0.020996
v -0.079468 0.368155 0.038544
v -0.078918 0.365226 0.045471
v -0.063965 0.373038 0.052612
v -0.065979 0.374015 0.044891
v -0.045319 0.377921 0.057190
v -0.051025 0.379874 0.048126
v -0.024567 0.377921 0.055664
v -0.040955 0.384757 0.044739
v -0.057343 0.384757 0.038086
v -0.050385 0.387687 0.035095
v -0.059418 0.396476 0.026169
v -0.043549 0.400382 0.030807
v -0.052094 0.405265 0.024109
v -0.063416 0.413077 0.014099
v -0.059845 0.418937 0.007629
v -0.045685 0.413077 0.014198
v -0.035919 0.407218 0.018951
v -0.026917 0.399405 0.023163
v -0.034027 0.394523 0.037689
v -0.019394 0.382804 0.043091
v 0.000000 0.372062 0.056519
v 0.000000 0.379874 0.042206
v -0.018265 0.392570 0.025085
v -0.098389 0.421866 -0.006454
v -0.113892 0.412101 0.009491
v -0.114258 0.413077 0.012306
v -0.107361 0.413077 0.011635
v -0.114014 0.415030 0.012993
v -0.114075 0.416007 0.012291
v -0.106750 0.416007 0.013214
v -0.106384 0.417960 0.011871
v -0.095703 0.414054 0.013115
v -0.094971 0.416984 0.010796
v -0.084290 0.408195 0.013489
v -0.081909 0.412101 0.009315
v -0.075012 0.400382 0.017395
v -0.080017 0.397452 0.014503
v -0.086365 0.402335 0.011215
v -0.097107 0.410148 0.010864
v -0.094299 0.417960 0.003893
v -0.065857 0.392570 0.027740
v -0.068420 0.379874 0.038025
v -0.070679 0.376945 0.035492
v -0.083679 0.376945 0.023483
v -0.074646 0.388663 0.024384
v -0.097412 0.407218 0.004730
v -0.076782 0.384757 0.017227
v -0.086243 0.392570 -0.002104
v -0.096985 0.394523 -0.002142
v -0.116089 0.388663 0.001934
v -0.125122 0.382804 0.000793
v -0.131348 0.374991 -0.000830
v -0.130615 0.374991 0.001064
v -0.132202 0.367179 0.002394
v -0.130371 0.367179 0.002863
v -0.128906 0.366202 0.002327
v -0.124695 0.370109 0.001951
v -0.127808 0.373038 0.002439
v -0.123230 0.379874 0.002995
v -0.114746 0.384757 0.004913
v -0.105408 0.377921 0.005005
v -0.112549 0.377921 0.002659
v -0.119934 0.374015 0.001444
v -0.132324 0.362296 0.002422
v -0.125000 0.370109 -0.000912
v -0.120117 0.374015 -0.002285
v -0.098938 0.374015 -0.001517
v -0.093201 0.364249 0.016235
v -0.118042 0.361320 0.012398
v -0.024307 0.410148 0.011658
v -0.030762 0.417960 0.002319
v -0.028839 0.419913 0.001945
v -0.019760 0.411124 0.011101
v -0.009346 0.396476 0.026093
v 0.000000 0.389640 0.007046
v -0.005169 0.396476 0.005608
v 0.024307 0.410148 0.011658
v 0.030762 0.417960 0.002319
v 0.031677 0.416007 -0.001458
v 0.040314 0.423820 -0.003494
v 0.009346 0.396476 0.026093
v 0.005169 0.396476 0.005608
v 0.019760 0.411124 0.011101
v 0.028839 0.419913 0.001945
v 0.018265 0.392570 0.025085
v 0.019394 0.382804 0.043091
v 0.034027 0.394523 0.037689
v 0.026917 0.399405 0.023163
v 0.025070 0.405265 -0.002163
v 0.035919 0.407218 0.018951
v 0.045685 0.413077 0.014198
v 0.044037 0.415030 -0.002687
v 0.059845 0.418937 0.007629
v 0.058685 0.421866 -0.003115
v 0.072205 0.420890 0.004566
v 0.084412 0.421866 -0.001702
v 0.075073 0.416007 0.004616
v 0.074341 0.413077 -0.002977
v 0.084900 0.419913 -0.001785
v 0.063416 0.413077 0.014099
v 0.052094 0.405265 0.024109
v 0.043549 0.400382 0.030807
v 0.050385 0.387687 0.035095
v 0.040955 0.384757 0.044739
v 0.063965 0.373038 0.052612
v 0.078918 0.365226 0.045471
v 0.095581 0.355460 0.031219
v 0.086304 0.366202 0.028320
v 0.087646 0.369132 0.016342
v 0.083679 0.376945 0.023483
v 0.092102 0.361320 0.020996
v 0.123962 0.353507 0.010262
v 0.118042 0.361320 0.012398
v -0.267090 0.313468 -0.028183
v -0.258301 0.310538 -0.010765
v -0.248169 0.314445 -0.020721
v -0.246216 0.308585 -0.002621
v -0.237915 0.312491 -0.020004
v -0.233276 0.303702 0.006557
v -0.211548 0.299796 0.015190
v -0.207153 0.303702 0.004181
v -0.220337 0.317374 -0.009445
v -0.237305 0.320304 -0.010292
v -0.235229 0.324210 -0.022491
v -0.235474 0.321280 -0.033264
v -0.218018 0.320304 -0.024292
v -0.203491 0.310538 -0.009674
v -0.201660 0.312491 -0.027985
v -0.179199 0.302726 -0.010597
v -0.180054 0.303702 -0.031052
v -0.155396 0.303702 -0.008987
v -0.153931 0.306632 -0.032318
v -0.131836 0.315421 -0.006004
v -0.129761 0.319327 -0.030457
v -0.114014 0.335929 -0.002407
v -0.098511 0.353507 0.001785
v -0.182007 0.299796 0.008003
v -0.158081 0.299796 0.010056
v -0.133057 0.310538 0.014137
v -0.115601 0.330070 0.021271
v -0.095581 0.355460 0.031219
v -0.096252 0.347648 0.045410
v -0.077881 0.362296 0.054077
v -0.061554 0.371085 0.060181
v -0.042023 0.374015 0.064941
v -0.021133 0.372062 0.067627
v -0.018005 0.366202 0.075867
v -0.015945 0.359366 0.080811
v -0.012741 0.350577 0.084900
v -0.009125 0.332023 0.092163
v 0.000000 0.317374 0.097534
v -0.011810 0.329093 0.095581
v -0.004311 0.316398 0.099487
v -0.023193 0.342765 0.091125
v -0.038025 0.346671 0.086975
v -0.055878 0.348624 0.083618
v -0.055695 0.342765 0.086853
v -0.072266 0.341788 0.080139
v -0.085815 0.332023 0.077454
v -0.095459 0.319327 0.077087
v -0.091370 0.317374 0.081299
v -0.104431 0.303702 0.079712
v -0.103821 0.290030 0.087097
v -0.109436 0.290030 0.085388
v -0.111938 0.279288 0.091553
v -0.110352 0.267570 0.100464
v -0.104553 0.255851 0.110901
v -0.086060 0.250968 0.120972
v -0.089722 0.245109 0.123169
v -0.072693 0.241202 0.130615
v -0.057953 0.241202 0.134399
v -0.058472 0.245109 0.131470
v -0.043854 0.246085 0.132935
v -0.044403 0.248038 0.131348
v -0.031097 0.255851 0.128174
v -0.029053 0.253898 0.129639
v -0.017120 0.260734 0.125732
v -0.021530 0.264640 0.124268
v -0.006756 0.272452 0.119202
v -0.007587 0.267570 0.124573
v -0.016129 0.259757 0.127808
v -0.006828 0.265616 0.130127
v -0.014977 0.259757 0.132324
v -0.027664 0.250968 0.130371
v -0.027191 0.251945 0.134399
v -0.042755 0.244132 0.133911
v -0.041687 0.244132 0.137695
v -0.057343 0.238273 0.135254
v -0.006420 0.264640 0.138428
v -0.014893 0.260734 0.139648
v -0.028534 0.253898 0.140991
v -0.043091 0.246085 0.144165
v -0.058258 0.234366 0.146973
v -0.053650 0.237296 0.151611
v -0.050354 0.236320 0.152588
v -0.041931 0.245109 0.145874
v -0.006042 0.263663 0.140381
v -0.000344 0.265616 0.138184
v 0.000000 0.271476 0.122192
v 0.000000 0.286124 0.110901
v -0.002504 0.287101 0.111084
v -0.008217 0.315421 0.099426
v -0.001392 0.301749 0.104675
v 0.002504 0.287101 0.111084
v 0.001392 0.301749 0.104675
v 0.004311 0.316398 0.099487
v 0.006756 0.272452 0.119202
v 0.007298 0.288077 0.111694
v 0.008217 0.315421 0.099426
v 0.014870 0.326163 0.096375
v 0.000000 0.300773 0.103333
v 0.007587 0.267570 0.124573
v 0.006828 0.265616 0.130127
v 0.000000 0.267570 0.129517
v 0.006420 0.264640 0.138428
v 0.006042 0.263663 0.140381
v 0.014893 0.260734 0.139648
v 0.014381 0.259757 0.141113
v 0.028534 0.253898 0.140991
v 0.043091 0.246085 0.144165
v 0.041931 0.245109 0.145874
v 0.014977 0.259757 0.132324
v 0.027191 0.251945 0.134399
v 0.041687 0.244132 0.137695
v 0.058258 0.234366 0.146973
v 0.017120 0.260734 0.125732
v 0.016129 0.259757 0.127808
v 0.029053 0.253898 0.129639
v 0.027664 0.250968 0.130371
v 0.043854 0.246085 0.132935
v 0.042755 0.244132 0.133911
v 0.057953 0.241202 0.134399
v 0.057343 0.238273 0.135254
v 0.021530 0.264640 0.124268
v 0.044403 0.248038 0.131348
v 0.058472 0.245109 0.131470
v 0.071289 0.247062 0.127808
v 0.072693 0.241202 0.130615
v 0.089722 0.245109 0.123169
v 0.104553 0.255851 0.110901
v 0.110352 0.267570 0.100464
v 0.103943 0.269523 0.100769
v 0.111938 0.279288 0.091553
v 0.105896 0.279288 0.092957
v 0.109436 0.290030 0.085388
v 0.104431 0.303702 0.079712
v 0.099060 0.303702 0.083008
v 0.095459 0.319327 0.077087
v 0.085815 0.332023 0.077454
v 0.070190 0.336905 0.083984
v 0.072266 0.341788 0.080139
v 0.055695 0.342765 0.086853
v 0.055878 0.348624 0.083618
v 0.038025 0.346671 0.086975
v 0.023193 0.342765 0.091125
v 0.011810 0.329093 0.095581
v 0.009125 0.332023 0.092163
v 0.000000 0.333976 0.088684
v 0.012741 0.350577 0.084900
v 0.000000 0.347648 0.085815
v 0.000000 0.356437 0.081299
v 0.015945 0.359366 0.080811
v 0.000000 0.363273 0.075684
v 0.018005 0.366202 0.075867
v 0.000000 0.368155 0.067627
v 0.021133 0.372062 0.067627
v 0.024567 0.377921 0.055664
v 0.042023 0.374015 0.064941
v 0.045319 0.377921 0.057190
v 0.061554 0.371085 0.060181
v 0.077881 0.362296 0.054077
v 0.096252 0.347648 0.045410
v 0.115601 0.330070 0.021271
v 0.114014 0.335929 -0.002407
v 0.131836 0.315421 -0.006004
v 0.133057 0.310538 0.014137
v 0.155396 0.303702 -0.008987
v 0.158081 0.299796 0.010056
v 0.179199 0.302726 -0.010597
v 0.182007 0.299796 0.008003
v 0.203491 0.310538 -0.009674
v 0.207153 0.303702 0.004181
v 0.220337 0.317374 -0.009445
v 0.237305 0.320304 -0.010292
v 0.249634 0.324210 -0.021118
v 0.218018 0.320304 -0.024292
v 0.201660 0.312491 -0.027985
v 0.180054 0.303702 -0.031052
v 0.153931 0.306632 -0.032318
v 0.129761 0.319327 -0.030457
v -0.296387 0.286124 -0.014961
v -0.289551 0.294913 -0.019882
v -0.279053 0.299796 -0.023087
v -0.266113 0.295890 -0.036194
v -0.268066 0.301749 -0.024490
v -0.270508 0.301749 -0.009918
v -0.259766 0.294913 0.008278
v -0.273682 0.285148 -0.035217
v -0.264893 0.290030 -0.042175
v -0.256104 0.297843 -0.051178
v -0.256348 0.312491 -0.040405
v -0.247681 0.311515 -0.043091
v -0.236084 0.304679 -0.051666
v -0.253662 0.292960 -0.060303
v -0.268311 0.277335 -0.060913
v -0.283936 0.273429 -0.026245
v -0.283936 0.276359 -0.004791
v -0.268555 0.287101 0.007118
v -0.278076 0.272452 0.017014
v -0.288330 0.263663 0.011108
v -0.280518 0.253898 0.021103
v -0.293457 0.249015 0.006866
v -0.295166 0.237296 0.003786
v -0.298828 0.236320 -0.003885
v -0.297607 0.253898 -0.006378
v -0.297119 0.249015 -0.020447
v -0.297607 0.233390 -0.009995
v -0.293945 0.231437 -0.015076
v -0.291748 0.265616 -0.005466
v -0.291504 0.263663 -0.025269
v -0.289307 0.246085 -0.035614
v -0.278564 0.256827 -0.052917
v -0.260498 0.268546 -0.073059
v -0.245972 0.286124 -0.070190
v -0.229126 0.296866 -0.061859
v -0.215698 0.304679 -0.053314
v -0.218750 0.292960 -0.072266
v -0.205811 0.297843 -0.065186
v -0.206055 0.291984 -0.080200
v -0.180542 0.294913 -0.086121
v -0.191406 0.281241 -0.111511
v -0.156250 0.285148 -0.126099
v -0.138184 0.305655 -0.091736
v -0.103882 0.309562 -0.117920
v -0.116150 0.286124 -0.143677
v -0.070251 0.311515 -0.135864
v -0.077515 0.289054 -0.159668
v -0.035248 0.311515 -0.145386
v -0.038147 0.289054 -0.168579
v -0.043091 0.264640 -0.196411
v -0.086304 0.264640 -0.188232
v -0.127930 0.263663 -0.172729
v -0.169556 0.262687 -0.155151
v -0.206177 0.259757 -0.135010
v -0.217285 0.278312 -0.097900
v -0.233643 0.280265 -0.083008
v -0.250488 0.260734 -0.090942
v -0.273682 0.248038 -0.067627
v -0.276855 0.231437 -0.046783
v -0.281006 0.232413 -0.011963
v -0.278564 0.222648 -0.021072
v -0.276611 0.215812 -0.068298
v -0.265381 0.236320 -0.088562
v -0.247070 0.230460 -0.120300
v -0.233887 0.257804 -0.113220
v -0.217407 0.229484 -0.149658
v -0.222168 0.193351 -0.152832
v -0.251953 0.197257 -0.116028
v -0.263916 0.166007 -0.069153
v -0.245361 0.160148 -0.112183
v -0.244385 0.131827 -0.066711
v -0.228638 0.124503 -0.104553
v -0.221924 0.103019 -0.065247
v -0.209839 0.099601 -0.096130
v -0.199097 0.079093 -0.062744
v -0.190552 0.079093 -0.090698
v -0.173462 0.059073 -0.057922
v -0.166138 0.062003 -0.090088
v -0.133545 0.045890 -0.089905
v -0.161621 0.072257 -0.119019
v -0.129150 0.060538 -0.128052
v -0.089172 0.028800 -0.095642
v -0.089355 0.050773 -0.136841
v -0.045776 0.019034 -0.101746
v -0.045227 0.045402 -0.143066
v -0.091919 0.075675 -0.171631
v -0.046295 0.072745 -0.179443
v -0.095581 0.107413 -0.201782
v -0.048615 0.103995 -0.210938
v -0.097412 0.146964 -0.220215
v -0.049011 0.145988 -0.230957
v -0.096863 0.191398 -0.223755
v -0.049164 0.190421 -0.234131
v -0.046570 0.231437 -0.220703
v -0.092651 0.232413 -0.210815
v -0.137817 0.231437 -0.195679
v -0.179932 0.230460 -0.174438
v -0.184814 0.191398 -0.181885
v -0.217285 0.154777 -0.147583
v -0.142944 0.190421 -0.205688
v -0.182861 0.153312 -0.177612
v -0.204102 0.122550 -0.136963
v -0.191284 0.098136 -0.123291
v -0.174194 0.119620 -0.163452
v -0.142700 0.150382 -0.202271
v -0.138184 0.112296 -0.185181
v -0.165405 0.092277 -0.143555
v -0.182129 0.082023 -0.111511
v -0.133057 0.082511 -0.160156
v -0.282715 0.286124 -0.014687
v -0.275146 0.286124 -0.017014
v -0.276123 0.293937 -0.029510
v -0.282959 0.288077 -0.004131
v 0.275635 0.306632 -0.034332
v 0.248169 0.314445 -0.020721
v 0.247681 0.311515 -0.043091
v 0.256348 0.312491 -0.040405
v 0.180542 0.294913 -0.086121
v 0.206055 0.291984 -0.080200
v 0.205811 0.297843 -0.065186
v 0.218750 0.292960 -0.072266
v 0.215698 0.304679 -0.053314
v 0.229126 0.296866 -0.061859
v 0.236084 0.304679 -0.051666
v 0.226807 0.313468 -0.045807
v 0.237915 0.312491 -0.020004
v 0.246216 0.308585 -0.002621
v 0.250488 0.301749 0.003077
v 0.233276 0.303702 0.006557
v 0.211548 0.299796 0.015190
v 0.186401 0.297843 0.022644
v 0.172607 0.295890 0.028259
v 0.159912 0.295890 0.031525
v 0.179810 0.294913 0.043823
v 0.201538 0.300773 0.040649
v 0.219116 0.296866 0.024673
v 0.239380 0.298820 0.013504
v 0.248413 0.293937 0.020584
v 0.259766 0.294913 0.008278
v 0.270508 0.301749 -0.009918
v 0.268066 0.301749 -0.024490
v 0.266113 0.295890 -0.036194
v 0.264893 0.290030 -0.042175
v 0.276123 0.293937 -0.029510
v 0.281006 0.299796 -0.010826
v 0.273682 0.285148 -0.035217
v 0.268311 0.277335 -0.060913
v 0.283936 0.273429 -0.026245
v 0.283936 0.276359 -0.004791
v 0.278076 0.272452 0.017014
v 0.288330 0.263663 0.011108
v 0.280518 0.253898 0.021103
v 0.293457 0.249015 0.006866
v 0.295166 0.237296 0.003786
v 0.289062 0.236320 0.008064
v 0.290283 0.220695 0.000521
v 0.297607 0.253898 -0.006382
v 0.297607 0.233390 -0.009995
v 0.297119 0.249015 -0.020447
v 0.291992 0.240226 -0.027084
v 0.291504 0.263663 -0.025269
v 0.278564 0.256827 -0.052917
v 0.276855 0.231437 -0.046783
v 0.273682 0.248038 -0.067627
v 0.260498 0.268546 -0.073059
v 0.250488 0.260734 -0.090942
v 0.233643 0.280265 -0.083008
v 0.233887 0.257804 -0.113220
v 0.217285 0.278312 -0.097900
v 0.206177 0.259757 -0.135010
v 0.191406 0.281241 -0.111511
v 0.169556 0.262687 -0.155151
v 0.156250 0.285148 -0.126099
v 0.127930 0.263663 -0.172729
v 0.116150 0.286124 -0.143677
v 0.086304 0.264640 -0.188232
v 0.077515 0.289054 -0.159668
v 0.043091 0.264640 -0.196411
v 0.038147 0.289054 -0.168579
v 0.035248 0.311515 -0.145386
v 0.070251 0.311515 -0.135864
v 0.103882 0.309562 -0.117920
v 0.138184 0.305655 -0.091736
v 0.245972 0.286124 -0.070190
v 0.291748 0.265616 -0.005466
v 0.253662 0.292960 -0.060303
v 0.256104 0.297843 -0.051178
v 0.282715 0.286124 -0.014687
v 0.268555 0.287101 0.007118
v 0.262451 0.285148 0.021835
v 0.270264 0.267570 0.030380
v 0.262207 0.259757 0.037842
v 0.273193 0.240226 0.020065
v 0.277588 0.231437 0.002834
v 0.281006 0.232413 -0.011963
v 0.278320 0.224601 -0.004089
v 0.278564 0.222648 -0.021072
v 0.269287 0.176749 -0.022583
v 0.276611 0.215812 -0.068298
v 0.263916 0.166007 -0.069153
v 0.250488 0.139640 -0.029251
v 0.244385 0.131827 -0.066711
v 0.221924 0.103019 -0.065247
v 0.199097 0.079093 -0.062744
v 0.173462 0.059073 -0.057922
v 0.146729 0.042472 -0.043152
v 0.133545 0.045890 -0.089905
v 0.090881 0.018546 -0.051727
v 0.089172 0.028800 -0.095642
v 0.045197 0.005851 -0.057831
v 0.045776 0.019034 -0.101746
v 0.000000 0.003409 -0.059570
v 0.000000 0.017081 -0.103394
v 0.045227 0.045402 -0.143066
v 0.000000 0.042472 -0.144653
v 0.000000 0.071769 -0.181763
v 0.046295 0.072745 -0.179443
v 0.000000 0.103995 -0.213745
v 0.048615 0.103995 -0.210938
v 0.049011 0.145988 -0.230957
v 0.000000 0.146476 -0.233398
v 0.049164 0.190421 -0.234131
v 0.000000 0.189445 -0.237427
v 0.000000 0.230460 -0.225464
v 0.046570 0.231437 -0.220703
v 0.000000 0.263663 -0.199951
v 0.000000 0.287101 -0.170776
v 0.000000 0.310538 -0.147705
v 0.000000 0.334952 -0.131714
v 0.032562 0.335929 -0.129028
v 0.000000 0.357413 -0.121277
v 0.030701 0.360343 -0.118164
v 0.060486 0.359366 -0.110779
v 0.063782 0.335929 -0.121277
v 0.083984 0.356437 -0.094299
v 0.091553 0.332999 -0.104675
v 0.100647 0.350577 -0.071167
v 0.113831 0.328116 -0.079529
v 0.106689 0.347648 -0.051971
v 0.125488 0.322257 -0.057526
v 0.151001 0.306632 -0.058441
v 0.184204 0.302726 -0.055725
v 0.204224 0.310538 -0.043274
v 0.219971 0.318351 -0.037262
v 0.235474 0.321280 -0.033264
v 0.237915 0.316398 -0.035309
v 0.286377 0.291984 -0.021835
v -0.070190 0.336905 0.083984
v -0.069580 0.334952 0.079163
v -0.082397 0.328116 0.081787
v -0.079834 0.326163 0.076416
v -0.090820 0.315421 0.075378
v -0.099060 0.303702 0.083008
v -0.097412 0.303702 0.076782
v -0.103271 0.289054 0.081238
v -0.105896 0.279288 0.092957
v -0.105469 0.278312 0.086853
v -0.103943 0.269523 0.100769
v -0.103210 0.265616 0.095886
v -0.098145 0.256827 0.104797
v -0.098694 0.259757 0.109985
v -0.085266 0.249015 0.116394
v -0.071289 0.247062 0.127808
v -0.070923 0.245109 0.124084
v -0.015656 0.279288 0.099426
v -0.030060 0.261710 0.105042
v -0.052032 0.280265 0.088806
v -0.047516 0.250968 0.106873
v -0.071350 0.251945 0.101501
v -0.088013 0.264640 0.092102
v -0.094604 0.285148 0.078125
v -0.085144 0.304679 0.073059
v -0.069824 0.321280 0.073853
v -0.047119 0.329093 0.077148
v -0.025116 0.321280 0.082031
v -0.013733 0.301749 0.089661
v -0.057373 0.244132 0.127075
v -0.044434 0.246085 0.127563
v -0.030151 0.254874 0.125244
v -0.020447 0.262687 0.120850
v -0.010254 0.273429 0.114319
v -0.006195 0.286124 0.108582
v -0.003407 0.299796 0.098389
v -0.006397 0.312491 0.092896
v -0.014626 0.324210 0.089722
v -0.024902 0.334952 0.086365
v -0.041107 0.338859 0.085144
v -0.053467 0.339835 0.082642
v -0.040222 0.341788 0.090027
v -0.026749 0.338859 0.092712
v -0.014870 0.326163 0.096375
v -0.005318 0.302726 0.104858
v -0.007298 0.288077 0.111694
v -0.011200 0.274405 0.118225
v 0.070923 0.245109 0.124084
v 0.085266 0.249015 0.116394
v 0.086060 0.250968 0.120972
v 0.098145 0.256827 0.104797
v 0.098694 0.259757 0.109985
v 0.103210 0.265616 0.095886
v 0.105469 0.278312 0.086853
v 0.103271 0.289054 0.081238
v 0.103821 0.290030 0.087097
v 0.097412 0.303702 0.076782
v 0.090820 0.315421 0.075378
v 0.091370 0.317374 0.081299
v 0.079834 0.326163 0.076416
v 0.082397 0.328116 0.081787
v 0.069580 0.334952 0.079163
v 0.013733 0.301749 0.089661
v 0.025116 0.321280 0.082031
v 0.055481 0.280265 0.079651
v 0.047119 0.329093 0.077148
v 0.069824 0.321280 0.073853
v 0.085144 0.304679 0.073059
v 0.094604 0.285148 0.078125
v 0.088013 0.264640 0.092102
v 0.071350 0.251945 0.101501
v 0.047516 0.250968 0.106873
v 0.030060 0.261710 0.105042
v 0.015656 0.279288 0.099426
v 0.053467 0.339835 0.082642
v 0.041107 0.338859 0.085144
v 0.024902 0.334952 0.086365
v 0.014626 0.324210 0.089722
v 0.006397 0.312491 0.092896
v 0.003407 0.299796 0.098389
v 0.006195 0.286124 0.108582
v 0.010254 0.273429 0.114319
v 0.020447 0.262687 0.120850
v 0.030151 0.254874 0.125244
v 0.044434 0.246085 0.127563
v 0.057373 0.244132 0.127075
v 0.031097 0.255851 0.128174
v 0.011200 0.274405 0.118225
v 0.005318 0.302726 0.104858
v 0.026749 0.338859 0.092712
v 0.040222 0.341788 0.090027
v 0.265381 0.236320 -0.088562
v 0.247070 0.230460 -0.120300
v 0.217407 0.229484 -0.149658
v 0.179932 0.230460 -0.174438
v 0.137817 0.231437 -0.195679
v 0.092651 0.232413 -0.210815
v 0.096863 0.191398 -0.223755
v 0.097412 0.146964 -0.220215
v 0.095581 0.107413 -0.201782
v 0.091919 0.075675 -0.171631
v 0.089355 0.050773 -0.136841
v 0.129150 0.060538 -0.128052
v 0.161621 0.072257 -0.119019
v 0.166138 0.062003 -0.090088
v 0.190552 0.079093 -0.090698
v 0.209839 0.099601 -0.096130
v 0.228638 0.124503 -0.104553
v 0.245361 0.160148 -0.112183
v 0.251953 0.197257 -0.116028
v 0.222168 0.193351 -0.152832
v 0.184814 0.191398 -0.181885
v 0.142944 0.190421 -0.205688
v 0.217285 0.154777 -0.147583
v 0.182861 0.153312 -0.177612
v 0.142700 0.150382 -0.202271
v 0.204102 0.122550 -0.136963
v 0.174194 0.119620 -0.163452
v 0.138184 0.112296 -0.185181
v 0.133057 0.082511 -0.160156
v 0.165405 0.092277 -0.143555
v 0.182129 0.082023 -0.111511
v 0.191284 0.098136 -0.123291
v -0.278320 0.294913 -0.001821
v -0.262451 0.285148 0.021835
v -0.270264 0.267570 0.030380
v -0.269287 0.176749 -0.022583
v -0.250488 0.139640 -0.029251
v -0.228516 0.108390 -0.034454
v -0.204712 0.082023 -0.035767
v -0.146729 0.042472 -0.043152
v -0.045197 0.005851 -0.057831
v -0.032562 0.335929 -0.129028
v -0.030701 0.360343 -0.118164
v -0.063782 0.335929 -0.121277
v -0.083984 0.356437 -0.094299
v -0.091553 0.332999 -0.104675
v -0.113831 0.328116 -0.079529
v -0.125488 0.322257 -0.057526
v -0.151001 0.306632 -0.058441
v -0.184204 0.302726 -0.055725
v -0.204224 0.310538 -0.043274
v -0.219849 0.318351 -0.037262
v -0.226807 0.313468 -0.045807
v -0.248291 0.317374 -0.019974
v 0.262939 0.306632 -0.029449
v 0.258545 0.304679 -0.022919
v 0.272949 0.304679 -0.024979
v 0.259521 0.302726 -0.008774
v 0.291016 0.284171 -0.005344
v 0.296631 0.286124 -0.010155
v 0.293945 0.284171 -0.015076
v 0.279053 0.299796 -0.023087
v 0.289551 0.294913 -0.019882
v 0.019470 0.344718 0.086731
v 0.035980 0.350577 0.083313
v 0.055450 0.351554 0.079773
v 0.072632 0.343741 0.075256
v 0.086792 0.332999 0.072327
v 0.097290 0.319327 0.072449
v 0.106628 0.302726 0.075500
v 0.112732 0.288077 0.082031
v 0.115967 0.277335 0.089172
v 0.116516 0.265616 0.100037
v 0.107910 0.253898 0.110596
v 0.091248 0.240226 0.123657
v 0.074158 0.237296 0.131714
v 0.113770 0.251945 0.115540
v 0.057770 0.236320 0.140869
v 0.127808 0.275382 0.086853
v 0.120605 0.287101 0.076599
v 0.137451 0.289054 0.067444
v 0.120056 0.302726 0.059509
v 0.127808 0.303702 0.048737
v 0.146606 0.282218 0.078552
v 0.112244 0.301749 0.069641
v 0.101318 0.319327 0.067261
v 0.089478 0.335929 0.068542
v 0.073975 0.347648 0.072510
v 0.055817 0.355460 0.077209
v 0.035187 0.355460 0.081665
v 0.036713 0.363273 0.078125
v 0.039398 0.369132 0.071655
v 0.059814 0.368155 0.066895
v 0.076904 0.357413 0.061218
v 0.094116 0.343741 0.053833
v 0.111084 0.322257 0.048401
v 0.113586 0.324210 0.036957
v 0.133423 0.305655 0.033234
v 0.107727 0.320304 0.058929
v 0.091736 0.339835 0.062988
v 0.075439 0.352530 0.068054
v 0.057861 0.362296 0.073425
v -0.074158 0.237296 0.131714
v -0.091248 0.240226 0.123657
v -0.107910 0.253898 0.110596
v -0.116516 0.265616 0.100037
v -0.115967 0.277335 0.089172
v -0.112732 0.288077 0.082031
v -0.106628 0.302726 0.075500
v -0.097290 0.319327 0.072449
v -0.086792 0.332999 0.072327
v -0.072632 0.343741 0.075256
v -0.055450 0.351554 0.079773
v -0.035980 0.350577 0.083313
v -0.019470 0.344718 0.086731
v -0.035187 0.355460 0.081665
v -0.055817 0.355460 0.077209
v -0.073975 0.347648 0.072510
v -0.089478 0.335929 0.068542
v -0.101318 0.319327 0.067261
v -0.112244 0.301749 0.069641
v -0.120605 0.287101 0.076599
v -0.127808 0.275382 0.086853
v -0.137451 0.289054 0.067444
v -0.127808 0.303702 0.048737
v -0.159912 0.295890 0.031525
v -0.179810 0.294913 0.043823
v -0.172607 0.295890 0.028259
v -0.188232 0.298820 0.022339
v -0.120056 0.302726 0.059509
v -0.111084 0.322257 0.048401
v -0.107727 0.320304 0.058929
v -0.094116 0.343741 0.053833
v -0.091736 0.339835 0.062988
v -0.076904 0.357413 0.061218
v -0.075439 0.352530 0.068054
v -0.059814 0.368155 0.066895
v -0.057861 0.362296 0.073425
v -0.039398 0.369132 0.071655
v -0.036713 0.363273 0.078125
v -0.113586 0.324210 0.036957
v -0.133423 0.305655 0.033234
v -0.113770 0.251945 0.115540
v -0.077576 0.236320 0.138550
v -0.057770 0.236320 0.140869
v 0.238281 0.292960 0.032959
v 0.254395 0.284171 0.034973
v -0.250488 0.301749 0.003077
v -0.239380 0.298820 0.013504
v -0.218994 0.296866 0.024673
v -0.238281 0.292960 0.032959
v -0.254395 0.284171 0.034973
v -0.248413 0.293937 0.020584
v -0.289795 0.294913 -0.012077
v -0.293213 0.285148 -0.005344
v -0.276123 0.289054 -0.002550
v -0.293945 0.284171 -0.015076
v -0.286377 0.291984 -0.021835
v -0.287109 0.283195 -0.011108
v -0.299561 0.273429 -0.006718
v -0.291016 0.284171 -0.005344
v 0.258301 0.310538 -0.010765
v 0.266113 0.310538 -0.017776
v 0.267090 0.313468 -0.028183
v 0.267334 0.310538 -0.037933
v 0.258057 0.300773 -0.042053
v 0.258545 0.315421 -0.025879
v 0.262451 0.305655 -0.018356
v 0.285889 0.292960 -0.004086
v 0.282959 0.288077 -0.004131
v 0.276123 0.289054 -0.002550
v 0.241089 0.281241 0.053467
v 0.244507 0.279288 0.044006
v 0.217896 0.253898 0.106140
v 0.206909 0.249991 0.107666
v 0.208252 0.256827 0.112122
v 0.194946 0.251945 0.116516
v 0.207642 0.263663 0.113647
v 0.220703 0.263663 0.106323
v 0.220459 0.242179 0.099792
v 0.226196 0.247062 0.100891
v 0.233154 0.253898 0.099487
v 0.232544 0.237296 0.094788
v 0.223999 0.234366 0.096252
v 0.215576 0.241202 0.096008
v 0.213379 0.240226 0.094238
v 0.211304 0.246085 0.097778
v 0.214478 0.248038 0.103455
v 0.205078 0.247062 0.100769
v 0.204468 0.245109 0.098022
v 0.209717 0.245109 0.095093
v 0.211426 0.240226 0.093323
v 0.208740 0.244132 0.093872
v 0.204102 0.244132 0.096924
v 0.207153 0.243155 0.093079
v 0.209473 0.239249 0.092834
v 0.212891 0.232413 0.093750
v 0.215942 0.232413 0.093933
v 0.219360 0.232413 0.094727
v 0.226562 0.217765 0.093323
v 0.234619 0.216788 0.089417
v 0.243042 0.216788 0.083008
v 0.240356 0.241202 0.091980
v 0.240356 0.263663 0.094299
v 0.249512 0.246085 0.084106
v 0.252686 0.217765 0.072449
v -0.236816 0.189445 0.077698
v -0.219360 0.166007 0.082214
v -0.225098 0.161613 0.074219
v -0.204712 0.139152 0.082825
v -0.210571 0.134757 0.071594
v -0.232300 0.156730 0.060394
v -0.245361 0.186515 0.066528
v -0.252686 0.217765 0.072449
v -0.238892 0.152823 0.043762
v -0.253418 0.184562 0.051147
v -0.261719 0.219718 0.059570
v -0.256348 0.250968 0.073181
v -0.223267 0.124015 0.038330
v -0.217285 0.128898 0.056122
v -0.192749 0.107902 0.068665
v -0.199341 0.102530 0.052307
v -0.204468 0.097648 0.034668
v -0.179321 0.079093 0.047607
v -0.183228 0.075675 0.032990
v -0.159180 0.059562 0.037964
v -0.172119 0.082999 0.065613
v -0.185669 0.112784 0.084717
v -0.198364 0.144034 0.093506
v -0.212158 0.169913 0.090881
v -0.229004 0.192374 0.085571
v -0.243042 0.216788 0.083008
v -0.249512 0.246085 0.084106
v -0.243408 0.271476 0.083862
v -0.242554 0.278312 0.069641
v -0.260254 0.253898 0.057892
v -0.269775 0.219718 0.038452
v -0.259766 0.183585 0.028915
v -0.245117 0.149405 0.022308
v -0.228027 0.119132 0.016998
v -0.208130 0.092277 0.013016
v -0.185913 0.070304 0.009964
v -0.161865 0.052238 0.006397
v -0.087158 0.173820 0.173340
v -0.081482 0.187491 0.172852
v -0.066162 0.168937 0.184082
v -0.061615 0.182609 0.183716
v -0.047272 0.166007 0.193604
v -0.044159 0.179679 0.193237
v -0.030441 0.164054 0.201050
v -0.028503 0.177726 0.200562
v -0.015053 0.162101 0.205566
v -0.013870 0.174796 0.204834
v -0.012299 0.184562 0.203613
v -0.025391 0.187491 0.199707
v -0.039551 0.192374 0.192871
v -0.054749 0.195304 0.183350
v -0.072937 0.200187 0.172241
v -0.097107 0.206046 0.159302
v -0.104248 0.193351 0.160522
v -0.109924 0.180655 0.160767
v -0.133423 0.193351 0.147095
v -0.138062 0.183585 0.145752
v -0.114075 0.167960 0.160156
v -0.090454 0.159659 0.172974
v -0.068726 0.155265 0.183960
v -0.048676 0.150870 0.193604
v -0.030838 0.149405 0.200684
v -0.015335 0.149894 0.204956
v -0.001651 0.150382 0.206421
v -0.001933 0.163566 0.207642
v -0.001851 0.173820 0.207520
v -0.001728 0.182609 0.206421
v 0.000000 0.173820 0.204956
v 0.000000 0.163077 0.203979
v 0.000000 0.151359 0.201904
v -0.089539 0.215812 0.156860
v -0.059601 0.213859 0.171387
v -0.086548 0.224601 0.151489
v -0.062286 0.224601 0.161133
v -0.083374 0.230460 0.145630
v -0.104126 0.236320 0.136597
v -0.110474 0.231437 0.141113
v -0.116333 0.223624 0.145264
v -0.045654 0.206046 0.182861
v -0.034149 0.201163 0.191528
v -0.022629 0.195304 0.198730
v -0.010063 0.192374 0.202759
v -0.001383 0.191398 0.204346
v 0.001383 0.191398 0.204346
v 0.001728 0.182609 0.206421
v 0.010063 0.192374 0.202759
v 0.012299 0.184562 0.203613
v 0.022629 0.195304 0.198730
v 0.025391 0.187491 0.199707
v 0.034149 0.201163 0.191528
v 0.001298 0.194327 0.202393
v 0.008316 0.195304 0.201294
v 0.019547 0.200187 0.197021
v 0.029526 0.206046 0.191284
v 0.038879 0.211905 0.184326
v 0.045654 0.206046 0.182861
v 0.039551 0.192374 0.192871
v 0.028503 0.177726 0.200562
v 0.013870 0.174796 0.204834
v 0.015053 0.162101 0.205566
v 0.030441 0.164054 0.201050
v 0.015335 0.149894 0.204956
v 0.030838 0.149405 0.200684
v 0.015640 0.138663 0.202026
v 0.030945 0.138663 0.199097
v 0.001851 0.173820 0.207520
v 0.001933 0.163566 0.207642
v 0.001651 0.150382 0.206421
v 0.001632 0.139152 0.203613
v 0.000000 0.142081 0.198242
v -0.001632 0.139152 0.203613
v -0.015640 0.138663 0.202026
v -0.030945 0.138663 0.199097
v -0.049561 0.139640 0.192383
v -0.069519 0.143546 0.182129
v -0.091980 0.149405 0.170532
v -0.116333 0.159171 0.157715
v -0.141479 0.175773 0.143799
v -0.165649 0.197257 0.128784
v -0.161255 0.202140 0.131470
v -0.156494 0.208976 0.133667
v -0.128052 0.204093 0.147583
v -0.122253 0.214835 0.147095
v -0.197388 0.238273 0.102234
v -0.185547 0.221671 0.113220
v -0.181885 0.224601 0.116211
v -0.178345 0.228507 0.119080
v -0.151855 0.217765 0.135376
v -0.147095 0.226554 0.135742
v -0.141968 0.233390 0.135132
v -0.135742 0.241202 0.131470
v -0.126953 0.249015 0.125366
v -0.119995 0.251945 0.120117
v -0.099548 0.240226 0.133057
v -0.080322 0.234366 0.141724
v -0.060150 0.231437 0.152466
v -0.054749 0.226554 0.163940
v -0.045929 0.217765 0.175903
v -0.038879 0.211905 0.184326
v -0.029526 0.206046 0.191284
v -0.019547 0.200187 0.197021
v -0.008316 0.195304 0.201294
v -0.001297 0.194327 0.202393
v 0.104126 0.236320 0.136597
v 0.083374 0.230460 0.145630
v 0.086548 0.224601 0.151489
v 0.062286 0.224601 0.161133
v 0.059601 0.213859 0.171387
v 0.119995 0.251945 0.120117
v 0.099548 0.240226 0.133057
v 0.080322 0.234366 0.141724
v 0.060150 0.231437 0.152466
v 0.054749 0.226554 0.163940
v 0.045929 0.217765 0.175903
v 0.054749 0.195304 0.183350
v 0.044159 0.179679 0.193237
v 0.047272 0.166007 0.193604
v 0.048676 0.150870 0.193604
v 0.049561 0.139640 0.192383
v 0.069519 0.143546 0.182129
v 0.068726 0.155265 0.183960
v 0.066162 0.168937 0.184082
v 0.061615 0.182609 0.183716
v 0.072937 0.200187 0.172241
v 0.089539 0.215812 0.156860
v 0.110474 0.231437 0.141113
v 0.126953 0.249015 0.125366
v 0.140137 0.265616 0.104736
v 0.170288 0.291007 0.059967
v 0.183472 0.291984 0.076782
v 0.153809 0.282218 0.082764
v 0.166382 0.281241 0.097900
v 0.153076 0.260734 0.116943
v 0.135742 0.241202 0.131470
v 0.116333 0.223624 0.145264
v 0.097107 0.206046 0.159302
v 0.081482 0.187491 0.172852
v 0.087158 0.173820 0.173340
v 0.090454 0.159659 0.172974
v 0.091980 0.149405 0.170532
v 0.068359 0.138175 0.176636
v 0.047821 0.133292 0.185425
v 0.029266 0.132804 0.191772
v 0.015686 0.132316 0.193970
v 0.001772 0.133780 0.194824
v 0.000000 0.135245 0.193726
v -0.001772 0.133780 0.194824
v -0.015686 0.132316 0.193970
v -0.029266 0.132804 0.191772
v -0.047821 0.133292 0.185425
v -0.068359 0.138175 0.176636
v -0.091736 0.144523 0.166138
v -0.117249 0.155265 0.153931
v -0.143921 0.171866 0.140381
v -0.170288 0.195304 0.125000
v -0.188843 0.217765 0.109680
v -0.199463 0.234366 0.100525
v -0.203979 0.243155 0.095886
v -0.199219 0.234366 0.098450
v -0.188843 0.218741 0.106140
v -0.170532 0.196280 0.118591
v -0.144775 0.174796 0.132812
v -0.116699 0.158195 0.145264
v -0.089722 0.146964 0.156616
v -0.065552 0.140128 0.166748
v -0.045166 0.134269 0.176636
v -0.027328 0.132316 0.183594
v -0.014656 0.132316 0.185669
v -0.001643 0.132804 0.186768
v 0.001643 0.132804 0.186768
v 0.014656 0.132316 0.185669
v 0.027328 0.132316 0.183594
v 0.045197 0.134269 0.176636
v 0.065552 0.140128 0.166748
v 0.091736 0.144523 0.166138
v 0.116333 0.159171 0.157715
v 0.114075 0.167960 0.160156
v 0.109924 0.180655 0.160767
v 0.104248 0.193351 0.160522
v 0.122253 0.214835 0.147095
v 0.141968 0.233390 0.135132
v 0.161499 0.254874 0.123413
v 0.178467 0.276359 0.111084
v 0.192993 0.289054 0.091492
v 0.213745 0.295890 0.067139
v 0.207764 0.299796 0.053650
v 0.180420 0.294913 0.047882
v -0.129517 0.267570 0.099915
v -0.096069 0.241202 0.129272
v -0.051483 0.226554 0.164551
v -0.036255 0.212882 0.183472
v -0.027435 0.207023 0.190308
v -0.018021 0.201163 0.195190
v -0.007442 0.196280 0.200562
v 0.000000 0.193351 0.201538
v 0.000000 0.190421 0.202881
v 0.000000 0.181632 0.204834
v 0.000000 0.194327 0.201660
v 0.018021 0.201163 0.195190
v 0.027435 0.207023 0.190308
v 0.043396 0.217765 0.175415
v 0.050354 0.236320 0.152588
v 0.053650 0.237296 0.151611
v 0.077576 0.236320 0.138550
v 0.096069 0.241202 0.129272
v 0.129517 0.267570 0.099915
v 0.164795 0.290030 0.054749
v 0.226807 0.291984 0.042145
v -0.222534 0.272452 0.102234
v -0.220703 0.263663 0.106323
v -0.233154 0.253898 0.099487
v -0.217896 0.253898 0.106140
v -0.226196 0.247062 0.100891
v -0.214478 0.248038 0.103455
v -0.220459 0.242179 0.099792
v -0.211304 0.246085 0.097778
v -0.205078 0.247062 0.100769
v -0.209717 0.245109 0.095093
v -0.204468 0.245109 0.098022
v -0.208740 0.244132 0.093872
v -0.211426 0.240226 0.093323
v -0.213379 0.240226 0.094238
v -0.215454 0.241202 0.096008
v -0.223999 0.234366 0.096252
v -0.232544 0.237296 0.094788
v -0.219360 0.232413 0.094727
v -0.221436 0.217765 0.094177
v -0.226562 0.217765 0.093323
v -0.206909 0.239249 0.092163
v -0.207153 0.243155 0.093079
v -0.209351 0.239249 0.092834
v -0.209961 0.232413 0.093384
v -0.212891 0.232413 0.093750
v -0.211792 0.219718 0.095093
v -0.215942 0.232413 0.093933
v -0.216675 0.218741 0.094421
v -0.211060 0.200187 0.096863
v -0.204102 0.244132 0.096924
v -0.195801 0.241202 0.103394
v -0.195801 0.243155 0.106262
v -0.206909 0.249991 0.107666
v -0.208252 0.256827 0.112122
v -0.207642 0.263663 0.113647
v -0.204468 0.274405 0.110107
v -0.200928 0.281241 0.103882
v -0.183472 0.291984 0.076782
v -0.166382 0.281241 0.097900
v -0.192871 0.289054 0.091492
v -0.178467 0.276359 0.111084
v -0.185181 0.268546 0.117554
v -0.191895 0.258780 0.118530
v -0.194946 0.251945 0.116516
v -0.195435 0.247062 0.112732
v -0.175415 0.233390 0.122314
v -0.172241 0.239249 0.124268
v -0.167969 0.247062 0.125732
v -0.161499 0.254874 0.123413
v -0.153076 0.260734 0.116943
v -0.140137 0.265616 0.104736
v -0.153809 0.282218 0.082764
v -0.170288 0.291007 0.059967
v -0.162476 0.135734 0.123901
v -0.182861 0.157706 0.112244
v -0.167358 0.130363 0.117126
v -0.157715 0.141593 0.129761
v -0.177856 0.161613 0.116150
v -0.192383 0.183585 0.106323
v -0.190063 0.186515 0.106689
v -0.175293 0.164054 0.117493
v -0.155029 0.143546 0.131714
v -0.197021 0.207023 0.099182
v -0.187866 0.188468 0.106262
v -0.172852 0.166007 0.117798
v -0.152222 0.145988 0.131958
v -0.127075 0.124991 0.144043
v -0.130371 0.122550 0.143066
v -0.132690 0.120109 0.140259
v -0.137695 0.115714 0.136475
v -0.143677 0.108390 0.129028
v -0.149902 0.101554 0.118774
v -0.130493 0.072745 0.107849
v -0.123657 0.081534 0.126099
v -0.116089 0.089835 0.139038
v -0.108582 0.097159 0.146240
v -0.104492 0.102530 0.150757
v -0.102905 0.104972 0.155273
v -0.100647 0.107902 0.156006
v -0.108032 0.046866 0.089905
v -0.101685 0.055167 0.112793
v -0.095154 0.066398 0.134644
v -0.088440 0.074210 0.148438
v -0.083740 0.082023 0.153198
v -0.079163 0.089835 0.158569
v -0.078064 0.091788 0.163696
v -0.075867 0.096183 0.164307
v -0.050568 0.086417 0.171143
v -0.052521 0.082511 0.169434
v -0.054626 0.080558 0.163208
v -0.057159 0.072745 0.156860
v -0.059998 0.065421 0.151245
v -0.064697 0.055655 0.139648
v -0.069458 0.042960 0.117493
v -0.074097 0.032218 0.092163
v -0.078674 0.023429 0.063843
v 0.108643 0.097159 0.146240
v 0.116089 0.089835 0.139038
v 0.137695 0.115714 0.136475
v 0.143677 0.108390 0.129028
v 0.162476 0.135734 0.123901
v 0.167358 0.130363 0.117126
v 0.182861 0.157706 0.112244
v 0.187378 0.154288 0.108154
v 0.104492 0.102530 0.150757
v 0.132690 0.120109 0.140259
v 0.157715 0.141593 0.129761
v 0.177856 0.161613 0.116150
v 0.192383 0.183585 0.106323
v 0.196655 0.180655 0.104248
v 0.201050 0.177726 0.101318
v 0.192383 0.149894 0.102112
v 0.172852 0.124503 0.110352
v 0.149902 0.101554 0.118774
v 0.123657 0.081534 0.126099
v 0.095154 0.066398 0.134644
v 0.088440 0.074210 0.148438
v 0.083801 0.082023 0.153198
v 0.079163 0.089835 0.158569
v 0.050568 0.086417 0.171143
v 0.075867 0.096183 0.164307
v 0.052521 0.082511 0.169434
v 0.078064 0.091788 0.163696
v 0.100647 0.107902 0.156006
v 0.102966 0.104972 0.155273
v 0.127075 0.124991 0.144043
v 0.130371 0.122550 0.143066
v 0.152222 0.145988 0.131958
v 0.155029 0.143546 0.131714
v 0.172852 0.166007 0.117798
v 0.175293 0.164054 0.117493
v 0.187866 0.188468 0.106262
v 0.190063 0.186515 0.106689
v 0.197021 0.207023 0.099182
v 0.199463 0.206046 0.099731
v 0.202637 0.221671 0.094604
v 0.205322 0.221671 0.095276
v 0.202393 0.204093 0.099548
v 0.054626 0.080558 0.163208
v 0.057159 0.072745 0.156860
v 0.059998 0.065421 0.151245
v 0.064697 0.055655 0.139648
v 0.069458 0.042960 0.117493
v 0.101685 0.055167 0.112793
v 0.130493 0.072745 0.107849
v 0.156372 0.094230 0.103577
v 0.178589 0.118644 0.099365
v 0.198364 0.144034 0.093506
v 0.185669 0.112784 0.084717
v 0.204712 0.139152 0.082825
v 0.210571 0.134757 0.071594
v 0.192749 0.107902 0.068665
v 0.217285 0.128898 0.056122
v 0.199341 0.102530 0.052307
v 0.179321 0.079093 0.047607
v 0.172119 0.082999 0.065613
v 0.163940 0.088370 0.085449
v 0.138428 0.065909 0.086121
v 0.108032 0.046866 0.089905
v 0.074097 0.032218 0.092163
v 0.037506 0.022941 0.094360
v 0.034546 0.036124 0.121582
v 0.032410 0.048331 0.144165
v 0.030411 0.057609 0.153320
v 0.027832 0.065421 0.160156
v 0.026917 0.073722 0.166748
v 0.025696 0.075675 0.173706
v 0.024734 0.080558 0.174683
v 0.024078 0.085441 0.171753
v 0.048950 0.090812 0.166016
v 0.073486 0.099113 0.158813
v 0.098267 0.111808 0.152344
v 0.124451 0.126456 0.140381
v 0.150146 0.146476 0.128540
v 0.170288 0.167960 0.115479
v 0.185791 0.189445 0.104492
v 0.194824 0.207023 0.097839
v 0.200806 0.221671 0.092468
v 0.203369 0.231437 0.090393
v 0.205200 0.232413 0.092468
v 0.207397 0.232413 0.093140
v 0.208496 0.220695 0.095276
v 0.205933 0.202140 0.098694
v 0.211060 0.200187 0.096863
v 0.216553 0.197257 0.094238
v 0.206665 0.173820 0.096619
v 0.212158 0.169913 0.090881
v 0.219360 0.166007 0.082214
v 0.225098 0.161613 0.074219
v 0.232300 0.156730 0.060394
v 0.238892 0.152823 0.043762
v 0.223267 0.124015 0.038330
v 0.204468 0.097648 0.034668
v 0.183228 0.075675 0.032990
v 0.159180 0.059562 0.037964
v 0.148315 0.061027 0.061737
v 0.114319 0.039054 0.065002
v 0.078674 0.023429 0.063843
v 0.039948 0.012687 0.062378
v 0.000000 0.009757 0.062042
v 0.000000 0.020011 0.094727
v 0.000000 0.033195 0.124207
v 0.000000 0.045402 0.146729
v 0.000000 0.054191 0.155151
v 0.000000 0.063956 0.160645
v 0.000000 0.072257 0.168091
v 0.000000 0.073722 0.175171
v 0.000000 0.079093 0.176147
v 0.000000 0.083488 0.173828
v 0.000000 0.087394 0.166138
v 0.047699 0.093741 0.158936
v 0.070923 0.100577 0.152588
v 0.169800 0.166984 0.112305
v 0.185181 0.189445 0.102112
v 0.193848 0.204093 0.095276
v 0.202637 0.230460 0.087952
v 0.204102 0.238273 0.088257
v 0.209961 0.232413 0.093384
v 0.211792 0.219718 0.095093
v 0.216675 0.218741 0.094421
v 0.221436 0.217765 0.094177
v 0.221436 0.195304 0.091431
v 0.229004 0.192374 0.085571
v 0.236816 0.189445 0.077698
v 0.245483 0.186515 0.066528
v 0.253418 0.184562 0.051147
v 0.259766 0.183585 0.028915
v 0.245117 0.149405 0.022308
v 0.228027 0.119132 0.016998
v 0.208130 0.092277 0.013016
v 0.185913 0.070304 0.009964
v 0.161865 0.052238 0.006397
v 0.122375 0.034171 0.033813
v 0.083679 0.016593 0.029190
v 0.042328 0.005363 0.026978
v 0.000000 0.002433 0.024612
v 0.023285 0.147452 0.167480
v 0.000000 0.134757 0.187134
v 0.000000 0.148917 0.172852
v -0.143066 0.184562 0.121887
v -0.167480 0.204093 0.110474
v -0.184814 0.222648 0.101624
v -0.196777 0.236320 0.095215
v -0.203491 0.241202 0.094177
v 0.089783 0.146964 0.156616
v 0.116699 0.158195 0.145264
v 0.117249 0.155265 0.153931
v 0.143921 0.171866 0.140381
v 0.141479 0.175773 0.143799
v 0.165649 0.197257 0.128784
v 0.138062 0.183585 0.145752
v 0.161255 0.202140 0.131470
v 0.133423 0.193351 0.147095
v 0.156494 0.208976 0.133667
v 0.128052 0.204093 0.147583
v 0.151855 0.217765 0.135376
v 0.147095 0.226554 0.135742
v 0.172241 0.239249 0.124268
v 0.167969 0.247062 0.125732
v 0.191895 0.258780 0.118530
v 0.185181 0.268546 0.117554
v 0.204468 0.274405 0.110107
v 0.200928 0.281241 0.103882
v 0.222534 0.272452 0.102234
v 0.223267 0.281241 0.094421
v 0.221191 0.290030 0.081482
v 0.243530 0.271476 0.083862
v 0.242554 0.278312 0.069641
v 0.256348 0.250968 0.073181
v 0.260254 0.253898 0.057892
v 0.261719 0.219718 0.059570
v 0.269775 0.219718 0.038452
v 0.195435 0.247062 0.112732
v 0.195801 0.243155 0.106262
v 0.195801 0.241202 0.103394
v 0.197388 0.238273 0.102234
v 0.203979 0.243155 0.095886
v 0.185547 0.221671 0.113220
v 0.181885 0.224601 0.116211
v 0.178345 0.228507 0.119080
v 0.175415 0.233390 0.122314
v 0.170288 0.195304 0.125000
v 0.188843 0.217765 0.109680
v 0.199463 0.234366 0.100525
v 0.199219 0.234366 0.098450
v 0.188843 0.218741 0.106140
v 0.170532 0.196280 0.118591
v 0.144775 0.174796 0.132812
v 0.203491 0.241202 0.094177
v 0.167480 0.204093 0.110474
v 0.143066 0.184562 0.121887
v 0.261963 0.256827 0.045074
v 0.274170 0.226554 0.022186
v 0.264648 0.181632 0.007088
v 0.249268 0.145011 -0.001377
v 0.230103 0.113761 -0.007175
v 0.208740 0.087394 -0.010872
v 0.186523 0.065909 -0.014038
v 0.169067 0.053214 -0.021103
v 0.129272 0.033195 -0.002296
v 0.087585 0.014640 -0.009544
v 0.044220 0.001945 -0.013840
v 0.000000 -0.001473 -0.015778
v 0.177490 0.059073 -0.034546
v 0.204712 0.082023 -0.035767
v 0.228516 0.108390 -0.034454
v -0.244385 0.279288 0.044006
v -0.262207 0.259757 0.037842
v -0.261963 0.256827 0.045074
v -0.273193 0.240226 0.020065
v -0.273926 0.226554 0.022186
v -0.277588 0.231437 0.002834
v -0.278320 0.224601 -0.004089
v -0.264648 0.181632 0.007088
v -0.249268 0.145011 -0.001377
v -0.230103 0.113761 -0.007175
v -0.208740 0.087394 -0.010872
v -0.186523 0.065909 -0.014038
v -0.177490 0.059073 -0.034546
v -0.169067 0.053214 -0.021103
v -0.129272 0.033195 -0.002296
v -0.090881 0.018546 -0.051727
v -0.087585 0.014640 -0.009544
v -0.044220 0.001945 -0.013840
v -0.042328 0.005363 0.026978
v -0.083679 0.016593 0.029190
v -0.122375 0.034171 0.033813
v -0.114319 0.039054 0.065002
v -0.148315 0.061027 0.061737
v -0.138428 0.065909 0.086121
v -0.163940 0.088370 0.085449
v -0.156372 0.094230 0.103577
v -0.178589 0.118644 0.099365
v -0.172852 0.124503 0.110352
v -0.192383 0.149894 0.102112
v -0.187378 0.154288 0.108154
v -0.201050 0.177726 0.101318
v -0.196655 0.180655 0.104248
v -0.205933 0.202140 0.098694
v -0.208496 0.220695 0.095276
v -0.207397 0.232413 0.093140
v -0.205200 0.232413 0.092468
v -0.203369 0.231437 0.090393
v -0.202637 0.221671 0.094604
v -0.199463 0.205070 0.099731
v -0.202393 0.204093 0.099548
v -0.205322 0.221671 0.095276
v -0.039948 0.012687 0.062378
v -0.037506 0.022941 0.094360
v -0.034546 0.036124 0.121582
v -0.032410 0.048331 0.144165
v -0.030411 0.057609 0.153320
v -0.027832 0.065421 0.160156
v -0.026917 0.073722 0.166748
v -0.025696 0.075675 0.173706
v -0.024734 0.080558 0.174683
v -0.024078 0.085441 0.171753
v -0.048950 0.090812 0.166016
v -0.073486 0.099113 0.158813
v -0.098267 0.111808 0.152344
v -0.124451 0.126456 0.140381
v -0.150146 0.146476 0.128540
v -0.170288 0.167960 0.115479
v -0.185791 0.189445 0.104492
v -0.194824 0.207023 0.097839
v -0.200806 0.221671 0.092468
v -0.200928 0.220695 0.090393
v -0.185181 0.189445 0.102112
v -0.096619 0.112784 0.145020
v -0.070923 0.100577 0.152588
v -0.047699 0.093741 0.158936
v -0.216553 0.197257 0.094238
v -0.206665 0.173820 0.096619
v -0.221436 0.195304 0.091431
v -0.234619 0.216788 0.089417
v -0.240356 0.241202 0.091980
v -0.240356 0.263663 0.094299
v -0.223267 0.281241 0.094421
v -0.221191 0.290030 0.081482
v -0.213745 0.295890 0.067139
v -0.241089 0.281241 0.053467
v -0.207764 0.299796 0.053650
v -0.180298 0.294913 0.047882
v -0.226807 0.291984 0.042145
v -0.201538 0.300773 0.040649
v -0.164795 0.290030 0.054749
v -0.146606 0.282218 0.078552
v -0.205566 0.242179 0.091858
v -0.204712 0.242179 0.090454
v -0.103638 0.105948 0.049438
v -0.137207 0.122550 0.079712
v -0.135986 0.130851 0.052307
v -0.063049 0.083976 0.045013
v -0.065308 0.116202 0.012657
v -0.098816 0.128409 0.018692
v -0.131104 0.146476 0.027786
v -0.167847 0.157706 0.057526
v -0.160400 0.171866 0.037903
v -0.185303 0.182609 0.063049
v -0.182007 0.195304 0.049805
v -0.199829 0.204093 0.069214
v -0.197266 0.212882 0.061432
v -0.202026 0.211905 0.077454
v -0.200806 0.223624 0.071899
v -0.202759 0.228507 0.081482
v -0.202515 0.233390 0.079407
v -0.162354 0.145988 0.078979
v -0.179932 0.167960 0.079895
v -0.191772 0.186515 0.082214
v -0.193481 0.196280 0.084656
v -0.193726 0.201163 0.090088
v -0.188232 0.184562 0.089478
v -0.186401 0.185538 0.095581
v -0.173584 0.163077 0.095825
v -0.171997 0.165030 0.104858
v -0.157104 0.141593 0.099854
v -0.202637 0.230460 0.087952
v -0.200562 0.217765 0.084656
v -0.193848 0.204093 0.095276
v -0.169800 0.166984 0.112305
v -0.151733 0.143058 0.115723
v -0.149414 0.145011 0.124451
v -0.128296 0.126945 0.124451
v -0.124023 0.127433 0.133545
v -0.097351 0.109366 0.135010
v -0.133667 0.121573 0.106140
v -0.103882 0.104972 0.112610
v -0.077332 0.090812 0.115784
v -0.070129 0.098624 0.142822
v -0.051514 0.083976 0.121765
v -0.047363 0.092765 0.147705
v -0.109253 0.100089 0.082703
v -0.084167 0.082023 0.080017
v -0.057922 0.073722 0.080322
v -0.030884 0.077628 0.042114
v -0.028549 0.068839 0.082642
v -0.024719 0.079093 0.124023
v -0.022171 0.089347 0.150757
v -0.032867 0.110831 0.007896
v 0.000000 0.074698 0.040924
v 0.000000 0.086417 0.153442
v -0.022964 0.089347 0.163574
v -0.031372 0.148429 -0.009224
v 0.000000 0.146476 -0.012894
v -0.029587 0.183585 0.000000
v -0.063416 0.152335 0.000770
v -0.060760 0.183585 0.006245
v -0.095093 0.159659 0.008591
v -0.091797 0.186515 0.013092
v -0.125244 0.171866 0.018585
v -0.121582 0.194327 0.022110
v -0.152466 0.187491 0.030441
v -0.175049 0.205070 0.042755
v -0.191162 0.221671 0.056488
v -0.197876 0.232413 0.067688
v -0.148438 0.204093 0.031372
v -0.171143 0.215812 0.041382
v -0.187378 0.228507 0.053192
v -0.192993 0.236320 0.063843
v -0.195435 0.242179 0.073730
v -0.183350 0.240226 0.071228
v -0.185913 0.241202 0.081360
v -0.172607 0.234366 0.082275
v -0.177246 0.230460 0.092468
v -0.155518 0.224601 0.085571
v -0.161865 0.217765 0.098206
v -0.200195 0.238273 0.077271
v -0.197144 0.245109 0.082031
v -0.190552 0.240226 0.088257
v -0.107849 0.185538 0.115234
v -0.135986 0.200187 0.106812
v -0.199463 0.245109 0.086060
v -0.202637 0.242179 0.083801
v -0.113770 0.168937 0.132202
v -0.080200 0.174796 0.123657
v -0.085510 0.157218 0.141968
v -0.054901 0.168937 0.132202
v -0.060760 0.151359 0.150635
v -0.034027 0.165030 0.142944
v -0.039673 0.147452 0.161133
v -0.017014 0.164054 0.149902
v -0.023285 0.147452 0.167480
v -0.014542 0.146964 0.170166
v -0.001980 0.166984 0.152588
v -0.002037 0.147941 0.172241
v 0.000000 0.166984 0.153076
v -0.023041 0.179679 0.125244
v -0.045166 0.183585 0.113403
v -0.072571 0.189445 0.104309
v -0.101196 0.198234 0.096863
v -0.130005 0.209952 0.090942
v -0.063965 0.201163 0.082397
v -0.094910 0.207999 0.076660
v -0.123779 0.216788 0.073425
v -0.151489 0.227530 0.071289
v -0.169189 0.234366 0.070801
v -0.027832 0.206046 0.024323
v -0.026108 0.208976 0.057861
v -0.056854 0.210929 0.055786
v -0.091370 0.212882 0.052490
v -0.120544 0.217765 0.054199
v -0.148804 0.225577 0.055267
v -0.167480 0.231437 0.058258
v -0.181519 0.236320 0.061127
v -0.179932 0.230460 0.052704
v -0.166382 0.224601 0.046814
v -0.146729 0.216788 0.040009
v -0.119446 0.210929 0.035370
v -0.089722 0.205070 0.029221
v -0.057922 0.208976 0.022293
v -0.030121 0.196280 0.090698
v 0.000000 0.207023 0.058990
v 0.000000 0.195304 0.092957
v -0.247559 0.319327 -0.014610
v -0.239258 0.315421 -0.022049
v -0.228149 0.310538 -0.000455
v -0.286377 0.237296 -0.006420
v -0.285889 0.243155 0.012856
v -0.262939 0.306632 -0.029449
v -0.258545 0.304679 -0.022919
v -0.262451 0.305655 -0.018356
v -0.259277 0.302726 -0.008774
v -0.266113 0.310538 -0.017776
v -0.272949 0.304679 -0.024979
v -0.267334 0.310538 -0.037933
v -0.285889 0.302726 -0.023804
v -0.258545 0.315421 -0.025879
v -0.273682 0.304679 -0.030350
v -0.275391 0.308585 -0.022919
v -0.274170 0.303702 -0.033569
v -0.264404 0.303702 -0.037415
v -0.258057 0.300773 -0.042053
v -0.275635 0.306632 -0.034332
v -0.276855 0.308585 -0.028061
v -0.291992 0.240226 -0.027084
v -0.290283 0.220695 0.000521
v -0.248291 0.321280 -0.026382
v -0.237915 0.316398 -0.035309
v -0.249634 0.324210 -0.021118
v -0.257812 0.317374 -0.017456
v -0.248657 0.321280 -0.014030
v -0.238159 0.315421 -0.008820
v -0.281006 0.299796 -0.010826
v -0.285889 0.292960 -0.004086
v -0.296631 0.286124 -0.010155
v -0.069763 0.376945 -0.035553
v -0.091064 0.373038 -0.036957
v -0.085938 0.368155 -0.029831
v -0.040527 0.462882 -0.058716
v -0.047333 0.456046 -0.056702
v -0.051636 0.457023 -0.057495
v -0.054779 0.446280 -0.053131
v -0.059418 0.447257 -0.054352
v -0.059875 0.434562 -0.050262
v -0.065247 0.435538 -0.050903
v -0.065369 0.419913 -0.046692
v -0.072205 0.420890 -0.047180
v -0.081482 0.393546 -0.041718
v -0.092346 0.373038 -0.058563
v -0.106689 0.347648 -0.051971
v -0.108276 0.348624 -0.030441
v -0.092163 0.358390 -0.021820
v -0.100647 0.350577 -0.071167
v -0.081360 0.376945 -0.084961
v -0.087036 0.394523 -0.058777
v -0.076660 0.418937 -0.058594
v -0.069092 0.435538 -0.058411
v -0.063354 0.445304 -0.059021
v -0.058075 0.452140 -0.064270
v -0.051300 0.457999 -0.071960
v -0.043549 0.464835 -0.061768
v -0.039093 0.457023 -0.072876
v -0.040863 0.443351 -0.082764
v -0.030167 0.452140 -0.076416
v -0.025070 0.442374 -0.083069
v -0.037506 0.424796 -0.093567
v -0.018204 0.427726 -0.091370
v -0.013092 0.412101 -0.098206
v -0.033417 0.406241 -0.102966
v -0.007732 0.395499 -0.100891
v -0.028519 0.389640 -0.110840
v 0.000000 0.377921 -0.116333
v -0.062866 0.381827 -0.103210
v -0.060486 0.359366 -0.110779
v -0.065247 0.401359 -0.096802
v -0.079468 0.397452 -0.081116
v -0.073730 0.420890 -0.074158
v -0.066284 0.438468 -0.069519
v -0.063232 0.422843 -0.089478
v -0.059113 0.442374 -0.080627
v 0.059875 0.434562 -0.050262
v 0.058777 0.433585 -0.052734
v 0.065369 0.419913 -0.046692
v 0.074585 0.392570 -0.038025
v 0.051636 0.457023 -0.057495
v 0.059418 0.447257 -0.054352
v 0.065247 0.435538 -0.050903
v 0.072205 0.420890 -0.047180
v 0.081482 0.393546 -0.041718
v 0.091064 0.373038 -0.036957
v 0.108276 0.348624 -0.030441
v 0.092346 0.373038 -0.058563
v 0.087036 0.394523 -0.058777
v 0.081360 0.376945 -0.084961
v 0.079468 0.397452 -0.081116
v 0.065247 0.401359 -0.096802
v 0.062866 0.381827 -0.103210
v 0.033417 0.406241 -0.102966
v 0.028519 0.389640 -0.110840
v 0.007732 0.395499 -0.100891
v 0.013092 0.412101 -0.098206
v 0.003656 0.404288 -0.076294
v 0.009918 0.423820 -0.076355
v 0.007942 0.403312 -0.066162
v 0.004940 0.393546 -0.061554
v 0.001316 0.393546 -0.076965
v 0.000000 0.384757 -0.097473
v 0.000000 0.389640 -0.077332
v -0.001316 0.393546 -0.076965
v -0.003656 0.404288 -0.076294
v -0.009918 0.423820 -0.076355
v -0.018677 0.441398 -0.075439
v -0.026840 0.453116 -0.071960
v -0.036072 0.463859 -0.065491
v -0.007942 0.403312 -0.066162
v -0.004940 0.393546 -0.061554
v -0.074585 0.392570 -0.038025
v 0.018677 0.441398 -0.075439
v 0.026642 0.450187 -0.067810
v 0.026840 0.453116 -0.071960
v 0.034058 0.460929 -0.062012
v 0.036072 0.463859 -0.065491
v 0.040527 0.462882 -0.058716
v 0.039093 0.457023 -0.072876
v 0.030167 0.452140 -0.076416
v 0.025070 0.442374 -0.083069
v 0.018204 0.427726 -0.091370
v 0.037506 0.424796 -0.093567
v 0.063232 0.422843 -0.089478
v 0.073730 0.420890 -0.074158
v 0.076660 0.418937 -0.058594
v 0.069092 0.435538 -0.058411
v 0.063354 0.445304 -0.059021
v 0.058075 0.452140 -0.064270
v 0.051300 0.457999 -0.071960
v 0.040863 0.443351 -0.082764
v 0.066284 0.438468 -0.069519
v 0.059113 0.442374 -0.080627
v 0.043549 0.464835 -0.061768
v 0.000000 0.270499 0.171021
v -0.011208 0.267570 0.185547
v 0.000000 0.268546 0.186279
v -0.010674 0.260734 0.196777
v -0.009659 0.248038 0.205688
v 0.000000 0.248038 0.206665
v 0.000000 0.233390 0.210815
v -0.007221 0.234366 0.209351
v -0.005386 0.220695 0.209839
v -0.019287 0.247062 0.202637
v -0.016968 0.235343 0.205688
v -0.015472 0.226554 0.206177
v -0.013878 0.222648 0.202393
v -0.049774 0.229484 0.171387
v -0.043396 0.217765 0.175415
v -0.040802 0.220695 0.181030
v -0.012321 0.215812 0.192993
v -0.015442 0.217765 0.192017
v -0.005150 0.214835 0.200806
v -0.004040 0.211905 0.205811
v -0.005249 0.211905 0.199951
v -0.003822 0.207999 0.204346
v -0.016617 0.207999 0.196655
v -0.007912 0.205070 0.201538
v -0.008392 0.209952 0.198486
v -0.006596 0.215812 0.194824
v -0.006435 0.217765 0.195435
v -0.031982 0.225577 0.194336
v -0.025848 0.222648 0.194702
v -0.031830 0.217765 0.193115
v -0.021729 0.218741 0.193359
v -0.025269 0.212882 0.193726
v -0.019226 0.214835 0.193970
v -0.015015 0.211905 0.195923
v -0.008659 0.214835 0.193726
v -0.008751 0.218741 0.192261
v -0.008270 0.220695 0.195679
v -0.007935 0.218741 0.200562
v -0.016800 0.219718 0.191895
v -0.014008 0.220695 0.191284
v -0.013657 0.219718 0.191162
v -0.011452 0.220695 0.191528
v -0.020050 0.221671 0.193726
v -0.016388 0.221671 0.192383
v -0.016556 0.222648 0.195190
v -0.014511 0.222648 0.193237
v -0.013283 0.222648 0.192627
v -0.019608 0.224601 0.197632
v -0.024078 0.227530 0.200806
v -0.027847 0.236320 0.198975
v -0.039246 0.235343 0.189941
v -0.030807 0.246085 0.195190
v -0.044250 0.245109 0.185425
v -0.012573 0.221671 0.198486
v -0.020813 0.259757 0.194458
v -0.021698 0.266593 0.183960
v -0.033173 0.256827 0.188843
v -0.034912 0.261710 0.181763
v -0.042816 0.253898 0.181641
v -0.051331 0.243155 0.174438
v -0.010025 0.269523 0.170166
v -0.008339 0.267570 0.155151
v -0.014381 0.259757 0.141113
v -0.021362 0.267570 0.168579
v -0.035339 0.262687 0.167847
v -0.046600 0.253898 0.170288
v -0.017792 0.265616 0.154907
v -0.032715 0.260734 0.155273
v -0.045135 0.250968 0.157349
v -0.052734 0.240226 0.163086
v -0.046722 0.232413 0.180786
v -0.028244 0.252921 0.142456
v -0.038849 0.223624 0.187134
v -0.034210 0.214835 0.187378
v -0.026978 0.209952 0.192505
v -0.017456 0.204093 0.197021
v -0.005478 0.199210 0.203857
v -0.001515 0.205070 0.208252
v -0.001840 0.210929 0.210083
v -0.007927 0.217765 0.205566
v 0.000000 0.198234 0.205933
v -0.061523 0.230460 0.118164
v -0.065125 0.243155 0.125977
v -0.079590 0.231437 0.111572
v -0.080627 0.245109 0.119385
v -0.093750 0.240226 0.101440
v -0.040009 0.236320 0.122314
v -0.035492 0.228507 0.112244
v -0.057281 0.221671 0.107605
v -0.077271 0.222648 0.100098
v -0.092896 0.231437 0.089844
v -0.104248 0.254874 0.090576
v -0.101135 0.261710 0.100891
v -0.104309 0.278312 0.091614
v -0.094727 0.270499 0.107727
v -0.096680 0.283195 0.101196
v -0.081543 0.281241 0.114563
v -0.083862 0.288077 0.110779
v -0.067139 0.290030 0.118530
v -0.077637 0.272452 0.119873
v -0.088928 0.260734 0.115845
v -0.092346 0.250968 0.110291
v -0.079041 0.256827 0.122314
v -0.067749 0.273429 0.123474
v -0.066162 0.256827 0.126831
v -0.059906 0.274405 0.125977
v -0.052856 0.260734 0.129517
v -0.053131 0.282218 0.125488
v -0.042572 0.268546 0.129639
v -0.046509 0.249015 0.129272
v -0.036804 0.279288 0.127075
v -0.033112 0.260734 0.127563
v -0.023117 0.251945 0.121338
v -0.015884 0.244132 0.112061
v -0.030762 0.222648 0.098267
v -0.053497 0.213859 0.094299
v -0.072937 0.215812 0.086670
v -0.089539 0.224601 0.076660
v -0.042877 0.342765 0.066284
v -0.023697 0.340812 0.075684
v -0.030182 0.337882 0.085144
v -0.015656 0.324210 0.094360
v -0.007324 0.324210 0.084839
v -0.006275 0.306632 0.100952
v 0.000670 0.304679 0.091248
v -0.002354 0.286124 0.105652
v 0.002335 0.283195 0.095032
v -0.005547 0.265616 0.109680
v 0.000606 0.261710 0.098572
v -0.010269 0.239249 0.100891
v -0.044403 0.311515 0.114380
v -0.052856 0.318351 0.109436
v -0.034485 0.319327 0.109924
v -0.045685 0.328116 0.103516
v -0.037689 0.334952 0.095215
v -0.024094 0.324210 0.103394
v -0.015007 0.307609 0.109863
v -0.010689 0.288077 0.115173
v -0.013351 0.269523 0.118042
v -0.022507 0.290030 0.121338
v -0.035950 0.291007 0.123779
v -0.026794 0.305655 0.115906
v -0.038483 0.302726 0.119446
v -0.024841 0.274405 0.124756
v -0.049805 0.291007 0.123474
v -0.053131 0.299796 0.119324
v -0.058655 0.306632 0.115295
v -0.049011 0.341788 0.076721
v -0.054657 0.337882 0.087646
v -0.059418 0.331046 0.097473
v -0.063049 0.320304 0.105042
v -0.065491 0.306632 0.112915
v -0.073120 0.304679 0.110046
v -0.074707 0.317374 0.101135
v -0.074707 0.326163 0.091125
v -0.073181 0.332023 0.080688
v -0.070496 0.335929 0.068848
v -0.080139 0.298820 0.109802
v -0.084900 0.307609 0.099487
v -0.088379 0.313468 0.087952
v -0.090271 0.316398 0.075378
v -0.090210 0.317374 0.064148
v -0.066589 0.335929 0.057373
v -0.087952 0.315421 0.052429
v -0.103760 0.293937 0.062927
v -0.101074 0.291007 0.050964
v -0.106689 0.270499 0.067261
v -0.104126 0.266593 0.054626
v -0.100830 0.243155 0.065552
v -0.105042 0.247062 0.078186
v -0.106628 0.274405 0.080139
v -0.101746 0.295890 0.076172
v -0.098267 0.296866 0.087830
v -0.092163 0.296866 0.098511
v -0.202881 0.242179 0.087524
v -0.203247 0.236320 0.085632
v -0.289062 0.233390 -0.005947
v -0.289062 0.236320 0.008064
v 0.009041 0.332023 0.091003
v 0.007095 0.336905 0.089111
v 0.007778 0.336905 0.088501
v 0.010246 0.344718 0.084961
v 0.018005 0.355460 0.082825
v 0.030945 0.364249 0.077087
v 0.028809 0.368155 0.076599
v 0.050934 0.368155 0.069275
v 0.065613 0.366202 0.065125
v 0.079712 0.358390 0.061218
v 0.089478 0.350577 0.056213
v 0.088745 0.349601 0.058258
v 0.096375 0.339835 0.057129
v 0.095642 0.338859 0.057953
v 0.100281 0.329093 0.059692
v 0.101990 0.328116 0.059662
v 0.100342 0.327140 0.061035
v 0.104675 0.326163 0.061920
v 0.102844 0.325187 0.061249
v 0.101257 0.327140 0.064026
v 0.099182 0.328116 0.063354
v 0.094604 0.336905 0.061859
v 0.087158 0.346671 0.061920
v 0.078308 0.354484 0.065186
v 0.066284 0.359366 0.069214
v 0.051849 0.362296 0.074097
v 0.034210 0.358390 0.079895
v 0.021500 0.351554 0.084351
v 0.013084 0.341788 0.087280
v 0.017181 0.340812 0.089783
v 0.025665 0.349601 0.086792
v 0.036865 0.355460 0.083252
v 0.052399 0.358390 0.079224
v 0.066956 0.355460 0.074402
v 0.078064 0.350577 0.069336
v 0.087219 0.343741 0.066711
v 0.094177 0.335929 0.064941
v 0.094482 0.335929 0.066223
v 0.096069 0.336905 0.066467
v 0.102966 0.329093 0.064514
v 0.097534 0.337882 0.065491
v 0.099304 0.339835 0.063293
v 0.104553 0.331046 0.061554
v 0.103821 0.329093 0.060364
v 0.098511 0.340812 0.058289
v 0.099792 0.341788 0.060638
v 0.091980 0.351554 0.065430
v 0.090210 0.347648 0.067688
v 0.088684 0.344718 0.068359
v 0.079102 0.351554 0.072021
v 0.068054 0.355460 0.077332
v 0.067017 0.353507 0.076538
v 0.053650 0.357413 0.082703
v 0.053192 0.355460 0.081421
v 0.037994 0.355460 0.086487
v 0.026398 0.348624 0.088257
v 0.025818 0.349601 0.090027
v 0.023834 0.351554 0.090027
v 0.015488 0.342765 0.092773
v 0.013000 0.345695 0.092590
v 0.008713 0.339835 0.092651
v 0.006908 0.337882 0.091614
v 0.008263 0.332023 0.092590
v 0.087463 0.343741 0.068176
v 0.077759 0.349601 0.071533
v 0.037750 0.353507 0.084961
v 0.017746 0.340812 0.091125
v 0.017105 0.340812 0.092773
v 0.011772 0.338859 0.093262
v 0.011955 0.335929 0.093445
v 0.008011 0.332023 0.093689
v 0.012169 0.335929 0.092529
v 0.012268 0.335929 0.091553
v 0.081055 0.354484 0.071167
v 0.082947 0.359366 0.069092
v 0.093262 0.353507 0.061249
v 0.091370 0.352530 0.057129
v 0.082153 0.362296 0.060120
v 0.080750 0.360343 0.058563
v 0.066467 0.372062 0.065308
v 0.065613 0.370109 0.063293
v 0.050110 0.373038 0.068054
v 0.050751 0.374991 0.070801
v 0.029526 0.370109 0.079285
v 0.015732 0.358390 0.084900
v 0.016006 0.358390 0.081909
v 0.009247 0.346671 0.084839
v 0.008759 0.347648 0.088074
v 0.010750 0.346671 0.091064
v 0.021164 0.354484 0.090149
v 0.036743 0.358390 0.086243
v 0.053680 0.361320 0.081604
v 0.068604 0.359366 0.076599
v 0.068237 0.366202 0.074646
v 0.053406 0.368155 0.079834
v 0.034332 0.364249 0.085815
v 0.017868 0.357413 0.088440
v 0.031128 0.368155 0.083679
v 0.051788 0.373038 0.076111
v 0.067627 0.371085 0.071228
v 0.084106 0.363273 0.065857
v 0.008827 0.334952 0.094238
v -0.049469 0.274405 0.127075
v -0.044464 0.272452 0.127319
v -0.038818 0.273429 0.127441
v -0.039154 0.274405 0.126709
v -0.044373 0.275382 0.126343
v -0.040436 0.276359 0.125977
v -0.037354 0.278312 0.125000
v -0.034668 0.288077 0.122620
v -0.035156 0.277335 0.125488
v -0.048157 0.276359 0.126221
v -0.050812 0.279288 0.125366
v -0.052917 0.278312 0.125977
v -0.051697 0.283195 0.124390
v -0.054077 0.283195 0.124573
v -0.050507 0.287101 0.123230
v -0.052551 0.288077 0.123047
v -0.054688 0.283195 0.125122
v -0.053436 0.278312 0.126709
v -0.054535 0.284171 0.126343
v -0.052917 0.289054 0.124634
v -0.053070 0.289054 0.123596
v -0.048706 0.291984 0.121948
v -0.047607 0.290030 0.122314
v -0.043671 0.291007 0.121948
v -0.044495 0.272452 0.128052
v -0.049805 0.274405 0.127808
v -0.053284 0.278312 0.127808
v -0.053711 0.284171 0.127441
v -0.052277 0.289054 0.125854
v -0.048523 0.291984 0.124817
v -0.048859 0.292960 0.123535
v -0.043427 0.292960 0.121460
v -0.044403 0.272452 0.129150
v -0.049652 0.274405 0.128906
v -0.052582 0.279288 0.128784
v -0.050446 0.284171 0.128174
v -0.049561 0.287101 0.127197
v -0.047119 0.290030 0.126465
v -0.043823 0.290030 0.126221
v -0.043427 0.293937 0.124390
v -0.043396 0.293937 0.122986
v -0.046478 0.284171 0.128540
v -0.045959 0.286124 0.127930
v -0.044098 0.286124 0.127808
v -0.040497 0.289054 0.126343
v -0.038574 0.291984 0.124573
v -0.037964 0.292960 0.123291
v -0.043365 0.293937 0.121826
v -0.038239 0.287101 0.126953
v -0.042358 0.285148 0.127808
v -0.044281 0.284171 0.128540
v -0.046112 0.282218 0.129028
v -0.049774 0.280265 0.129272
v -0.047577 0.278312 0.129883
v -0.044342 0.281241 0.129150
v -0.044342 0.277335 0.130005
v -0.041016 0.278312 0.129639
v -0.042511 0.282218 0.128906
v -0.038544 0.280265 0.128906
v -0.042023 0.284171 0.128418
v -0.037567 0.283195 0.127930
v -0.049194 0.275382 0.129883
v -0.044373 0.273429 0.130005
v -0.039337 0.275382 0.129517
v -0.035431 0.278312 0.128296
v -0.033936 0.283195 0.126831
v -0.035034 0.288077 0.125488
v -0.038940 0.274405 0.128540
v -0.034760 0.278312 0.127319
v -0.032990 0.283195 0.125732
v -0.034210 0.288077 0.124207
v -0.033966 0.288077 0.123108
v -0.032806 0.283195 0.124573
v -0.037872 0.292960 0.122070
v -0.033478 0.282218 0.123962
v -0.034546 0.277335 0.126099
v -0.039703 0.290030 0.122131
v -0.036957 0.286124 0.122803
v -0.036102 0.282218 0.123840
v -0.048950 0.292960 0.122375
v -0.038177 0.291984 0.121765
v -0.011772 0.338859 0.093262
v -0.015488 0.342765 0.092773
v 0.105164 0.329093 0.063232
v 0.102905 0.327140 0.064575
v 0.015869 0.089835 0.074280
v 0.015762 0.092765 0.096375
v -0.004162 0.088859 0.074585
v -0.004162 0.091300 0.097107
v -0.023956 0.092765 0.096375
v -0.024078 0.089835 0.074280
v -0.040680 0.092277 0.073486
v -0.040100 0.095695 0.094666
v -0.039520 0.095695 0.113770
v -0.023956 0.091788 0.117554
v -0.004162 0.089835 0.119141
v 0.015762 0.091300 0.117493
v 0.031342 0.095695 0.113770
v 0.031891 0.095695 0.094666
v 0.032471 0.092277 0.073486
v -0.053711 0.090812 0.051056
v -0.041138 0.086905 0.051361
v -0.023956 0.084952 0.051422
v -0.004162 0.084952 0.051422
v 0.015762 0.084952 0.051422
v 0.032928 0.086905 0.051361
v 0.045532 0.090812 0.051056
v 0.044617 0.096671 0.072815
v 0.043243 0.100089 0.093201
v 0.041412 0.100089 0.110840
v 0.039459 0.098136 0.122681
v 0.031433 0.094230 0.129272
v 0.015869 0.089347 0.136475
v -0.004158 0.086905 0.139526
v -0.024078 0.089347 0.136475
v -0.039642 0.094230 0.129272
v -0.047668 0.098136 0.122681
v -0.049591 0.100089 0.110840
v -0.051422 0.100089 0.093201
v -0.052795 0.096671 0.072815
v -0.061615 0.090323 0.029480
v -0.060699 0.096183 0.050659
v -0.059570 0.101554 0.072571
v -0.057617 0.104972 0.093018
v -0.054413 0.103995 0.110840
v -0.049591 0.100089 0.125854
v -0.039978 0.095206 0.138916
v -0.024078 0.089835 0.149292
v -0.004158 0.087394 0.153687
v 0.015869 0.089835 0.149292
v 0.031677 0.095206 0.138916
v 0.041412 0.100089 0.125977
v 0.046204 0.103995 0.110840
v 0.049408 0.104484 0.093018
v 0.051361 0.101554 0.072571
v 0.052490 0.096183 0.050659
v 0.053406 0.090323 0.029480
v 0.046204 0.084464 0.030273
v 0.033051 0.080558 0.030487
v 0.015526 0.079581 0.030365
v -0.004162 0.079581 0.030136
v -0.023743 0.079581 0.030365
v -0.041351 0.080558 0.030487
v -0.054413 0.084464 0.030258
v 0.055695 0.091788 0.012283
v 0.054108 0.085929 0.013771
v 0.046997 0.079581 0.015373
v 0.033386 0.075675 0.016174
v 0.015419 0.075187 0.016403
v -0.004162 0.075187 0.016296
v -0.023743 0.075187 0.016403
v -0.041595 0.075675 0.016174
v -0.055206 0.079581 0.015373
v -0.062317 0.085929 0.013771
v -0.063904 0.091788 0.012283
v -0.063110 0.096183 0.028458
v -0.059113 0.109366 0.093750
v -0.050293 0.103507 0.128418
v -0.024414 0.093741 0.155884
v 0.016220 0.093253 0.155884
v 0.031891 0.098624 0.143433
v 0.047363 0.107902 0.112305
v 0.050903 0.109366 0.093750
v 0.052979 0.106925 0.072754
v 0.053772 0.101554 0.050232
v 0.054901 0.096183 0.028458
v 0.053528 0.097159 0.010796
v 0.017715 0.099113 0.155762
v 0.032471 0.108878 0.138062
v 0.032135 0.103019 0.143555
v 0.041290 0.107413 0.129517
v 0.033508 0.116691 0.123779
v 0.041626 0.114738 0.117920
v 0.039581 0.109855 0.129639
v 0.045746 0.111808 0.114441
v 0.048737 0.114249 0.095581
v 0.043579 0.119132 0.098206
v 0.034424 0.123527 0.101685
v 0.022522 0.126945 0.104858
v 0.021713 0.118155 0.129639
v 0.019775 0.107413 0.147339
v 0.050446 0.112784 0.073547
v 0.044495 0.118155 0.074585
v 0.034546 0.123527 0.075989
v 0.022171 0.127921 0.077271
v 0.010727 0.129874 0.077820
v 0.010841 0.128409 0.106323
v 0.009697 0.118644 0.132446
v 0.007179 0.106925 0.151611
v 0.002483 0.098136 0.161621
v 0.000000 0.105948 0.152710
v 0.000540 0.117667 0.133179
v 0.001228 0.127921 0.106750
v 0.001571 0.129386 0.078186
v 0.000653 0.125968 0.050781
v 0.009583 0.125480 0.049438
v 0.021149 0.123527 0.049316
v 0.034180 0.118644 0.049408
v 0.044830 0.112784 0.049683
v 0.051025 0.106925 0.050049
v 0.052399 0.101554 0.027313
v 0.046082 0.107413 0.025955
v 0.034637 0.113273 0.024475
v 0.019760 0.117667 0.023682
v 0.006947 0.119620 0.023804
v -0.004158 0.121085 0.028275
v -0.004044 0.124991 0.051697
v -0.004040 0.128409 0.078491
v -0.004036 0.126456 0.107056
v -0.004040 0.116691 0.133545
v -0.004040 0.104484 0.153320
v -0.004044 0.096671 0.163330
v -0.010567 0.098136 0.161621
v -0.007935 0.105948 0.152588
v -0.008507 0.117667 0.133179
v -0.009186 0.127921 0.106873
v -0.009537 0.129386 0.078308
v -0.008736 0.125968 0.050781
v -0.017548 0.125480 0.049652
v -0.015266 0.119620 0.023911
v -0.028076 0.117667 0.023804
v -0.029343 0.123527 0.049438
v -0.030365 0.127921 0.077393
v -0.018692 0.129874 0.078064
v -0.018692 0.128409 0.106445
v -0.017426 0.118644 0.132324
v -0.015030 0.106925 0.151367
v -0.025909 0.099113 0.155762
v -0.027847 0.107413 0.147339
v -0.040314 0.103019 0.143555
v -0.030594 0.126945 0.104980
v -0.029678 0.118155 0.129639
v -0.042969 0.112784 0.024475
v -0.042511 0.118644 0.049408
v -0.042725 0.123527 0.075989
v -0.042603 0.123527 0.101685
v -0.041687 0.116691 0.123779
v -0.040680 0.108878 0.138062
v -0.049500 0.107413 0.129517
v -0.054413 0.107413 0.025955
v -0.053040 0.112784 0.049652
v -0.052704 0.118155 0.074585
v -0.051758 0.119132 0.098206
v -0.049835 0.114738 0.117920
v -0.047760 0.110343 0.129639
v -0.053955 0.111808 0.114380
v -0.056915 0.114249 0.095581
v -0.058655 0.112784 0.073547
v -0.059326 0.106925 0.050049
v -0.060608 0.101554 0.027313
v -0.061737 0.097159 0.010796
v -0.055664 0.103019 0.009201
v -0.043549 0.108878 0.007603
v -0.027512 0.113273 0.006691
v -0.014122 0.114738 0.006458
v -0.004162 0.115226 0.006798
v 0.005684 0.114738 0.006458
v 0.019196 0.113273 0.006691
v 0.035339 0.108878 0.007603
v 0.047455 0.103019 0.009201
v 0.042084 0.103507 0.128418
v -0.004044 0.091788 0.163086
v -0.040100 0.098624 0.143433
v -0.055542 0.107902 0.112305
v -0.061157 0.106925 0.072754
v -0.062073 0.101554 0.050232
v 0.044464 0.272452 0.127197
v 0.044373 0.275382 0.126343
v 0.040436 0.276359 0.125977
v 0.039154 0.274405 0.126709
v 0.038818 0.273429 0.127441
v 0.034546 0.277335 0.126099
v 0.033478 0.282218 0.123962
v 0.037354 0.278312 0.125000
v 0.034668 0.288077 0.122620
v 0.035156 0.277335 0.125488
v 0.048157 0.276359 0.126221
v 0.049469 0.274405 0.127075
v 0.050812 0.279288 0.125366
v 0.052917 0.278312 0.125977
v 0.051697 0.283195 0.124329
v 0.054077 0.283195 0.124573
v 0.050507 0.287101 0.123230
v 0.052551 0.288077 0.123047
v 0.054688 0.283195 0.125122
v 0.053436 0.278312 0.126709
v 0.049805 0.274405 0.127808
v 0.044495 0.272452 0.128052
v 0.043671 0.291007 0.121887
v 0.047607 0.290030 0.122314
v 0.048676 0.291984 0.121948
v 0.053070 0.289054 0.123596
v 0.052917 0.289054 0.124634
v 0.054535 0.284171 0.126221
v 0.053284 0.278312 0.127808
v 0.049652 0.274405 0.128906
v 0.044403 0.272452 0.129150
v 0.038940 0.274405 0.128540
v 0.048950 0.292960 0.122314
v 0.048859 0.292960 0.123474
v 0.048523 0.291984 0.124817
v 0.052277 0.289054 0.125854
v 0.053711 0.284171 0.127441
v 0.052582 0.279288 0.128784
v 0.049194 0.275382 0.129883
v 0.044373 0.273429 0.130005
v 0.043396 0.293937 0.122986
v 0.043427 0.293937 0.124390
v 0.043823 0.290030 0.126221
v 0.047119 0.290030 0.126465
v 0.049561 0.287101 0.127197
v 0.050446 0.284171 0.128174
v 0.049774 0.280265 0.129272
v 0.047577 0.278312 0.129761
v 0.044342 0.277335 0.130005
v 0.040497 0.289054 0.126343
v 0.044098 0.286124 0.127808
v 0.045959 0.286124 0.127930
v 0.046478 0.284171 0.128540
v 0.046112 0.282218 0.129028
v 0.044342 0.281241 0.129150
v 0.041016 0.278312 0.129639
v 0.042511 0.282218 0.128906
v 0.038544 0.280265 0.128906
v 0.042023 0.284171 0.128296
v 0.037567 0.283195 0.127930
v 0.038239 0.287101 0.126953
v 0.042358 0.285148 0.127808
v 0.044281 0.284171 0.128418
v 0.039337 0.275382 0.129517
v 0.035431 0.278312 0.128296
v 0.033936 0.283195 0.126831
v 0.035034 0.288077 0.125488
v 0.038574 0.291984 0.124512
v 0.034760 0.278312 0.127319
v 0.032990 0.283195 0.125732
v 0.034210 0.288077 0.124207
v 0.037964 0.292960 0.123230
v 0.043365 0.293937 0.121826
v 0.032806 0.283195 0.124512
v 0.037872 0.291984 0.122070
v 0.043427 0.292960 0.121460
v 0.039703 0.290030 0.122070
v 0.036957 0.286124 0.122803
v 0.036102 0.282218 0.123840
v 0.038177 0.291984 0.121704
v 0.033966 0.288077 0.123108
v 0.175049 0.205070 0.042755
v 0.152466 0.187491 0.030441
v 0.160400 0.171866 0.037903
v 0.125244 0.171866 0.018585
v 0.131104 0.146476 0.027786
v 0.065308 0.116202 0.012657
v 0.063416 0.152335 0.000770
v 0.098816 0.128409 0.018692
v 0.095093 0.159659 0.008591
v 0.091797 0.186515 0.013092
v 0.121582 0.194327 0.022110
v 0.148438 0.204093 0.031372
v 0.171143 0.215812 0.041382
v 0.031372 0.148429 -0.009224
v 0.029587 0.183585 0.000000
v 0.060760 0.183585 0.006245
v 0.057922 0.208976 0.022293
v 0.089722 0.205070 0.029221
v 0.119446 0.210929 0.035370
v 0.146729 0.216788 0.040009
v 0.166382 0.224601 0.046814
v 0.179932 0.230460 0.052704
v 0.187378 0.228507 0.053192
v 0.181519 0.236320 0.061127
v 0.167480 0.231437 0.058258
v 0.148804 0.225577 0.055267
v 0.120544 0.217765 0.054199
v 0.091370 0.212882 0.052490
v 0.056854 0.210929 0.055786
v 0.027832 0.206046 0.024323
v 0.000000 0.079581 0.125488
v 0.024719 0.079093 0.124023
v 0.000000 0.068839 0.084412
v 0.028549 0.068839 0.082642
v 0.030884 0.077628 0.042114
v 0.032867 0.110831 0.007896
v 0.000000 0.111320 0.003571
v 0.000000 0.183585 -0.002827
v 0.000000 0.204093 0.025330
v 0.171997 0.165030 0.104858
v 0.151733 0.143058 0.115723
v 0.149414 0.145011 0.124451
v 0.128296 0.126945 0.124451
v 0.124023 0.127433 0.133545
v 0.097351 0.109366 0.135010
v 0.096619 0.112784 0.145020
v 0.070129 0.098624 0.142822
v 0.047363 0.092765 0.147705
v 0.022171 0.089347 0.150757
v 0.022980 0.089347 0.163574
v 0.173584 0.163077 0.095825
v 0.157104 0.141593 0.099854
v 0.133667 0.121573 0.106140
v 0.103882 0.104972 0.112610
v 0.077332 0.090812 0.115784
v 0.051514 0.083976 0.121765
v 0.191772 0.186515 0.082214
v 0.188232 0.184562 0.089478
v 0.179932 0.167960 0.079895
v 0.162354 0.145988 0.078979
v 0.137207 0.122550 0.079712
v 0.109253 0.100089 0.082703
v 0.084167 0.082023 0.080017
v 0.057922 0.073722 0.080322
v 0.063049 0.083976 0.045013
v 0.103638 0.105948 0.049438
v 0.135986 0.130851 0.052307
v 0.167847 0.157706 0.057526
v 0.185303 0.182609 0.063049
v 0.182007 0.195304 0.049805
v 0.191162 0.221671 0.056488
v 0.199829 0.204093 0.069214
v 0.197266 0.212882 0.061432
v 0.200806 0.223624 0.071899
v 0.202026 0.211905 0.077454
v 0.193481 0.196280 0.084656
v 0.192993 0.236320 0.063843
v 0.197876 0.232413 0.067688
v 0.202515 0.233390 0.079407
v 0.202759 0.228507 0.081482
v 0.200562 0.217765 0.084656
v 0.193726 0.201163 0.090088
v 0.186523 0.185538 0.095581
v 0.200928 0.220695 0.090393
v 0.203369 0.236320 0.085632
v 0.200195 0.238273 0.077271
v 0.195435 0.242179 0.073730
v 0.197144 0.245109 0.082031
v 0.185913 0.241202 0.081360
v 0.183350 0.240226 0.071228
v 0.172607 0.234366 0.082275
v 0.177246 0.230460 0.092468
v 0.190552 0.240226 0.088257
v 0.199463 0.245109 0.086060
v 0.202637 0.242179 0.083801
v 0.196777 0.236320 0.095215
v 0.184814 0.222648 0.101624
v 0.161865 0.217765 0.098206
v 0.135986 0.200187 0.106812
v 0.002037 0.147941 0.172241
v 0.014542 0.146964 0.170166
v 0.001980 0.166984 0.152588
v 0.017014 0.164054 0.149902
v 0.039673 0.147452 0.161133
v 0.034027 0.165030 0.142944
v 0.060760 0.151359 0.150635
v 0.054901 0.168937 0.132202
v 0.085510 0.157218 0.141968
v 0.080200 0.174796 0.123657
v 0.113770 0.168937 0.132202
v 0.107849 0.185538 0.115234
v 0.023041 0.179679 0.125244
v 0.045166 0.183585 0.113403
v 0.072571 0.189445 0.104309
v 0.101196 0.198234 0.096863
v 0.130005 0.209952 0.090942
v 0.155518 0.224601 0.085571
v 0.169189 0.234366 0.070801
v 0.063965 0.201163 0.082397
v 0.094910 0.207999 0.076660
v 0.123779 0.216788 0.073425
v 0.151489 0.227530 0.071289
v 0.026108 0.208976 0.057861
v 0.030121 0.196280 0.090698
v 0.000000 0.180655 0.129395
v 0.063110 0.154288 0.198242
v 0.055573 0.157706 0.200439
v 0.056091 0.156730 0.201416
v 0.049438 0.158195 0.203857
v 0.038483 0.161613 0.204834
v 0.029358 0.161124 0.209106
v 0.021820 0.163566 0.206543
v 0.021423 0.161613 0.209473
v 0.016479 0.161613 0.208008
v 0.013824 0.161613 0.204102
v 0.016876 0.163566 0.200317
v 0.017288 0.163566 0.196533
v 0.012184 0.183585 0.195435
v 0.015205 0.185538 0.195312
v 0.016693 0.183585 0.200928
v 0.018570 0.183585 0.204102
v 0.021210 0.185538 0.204346
v 0.025314 0.189445 0.203857
v 0.026840 0.187491 0.203613
v 0.033081 0.190421 0.201904
v 0.039520 0.194327 0.198364
v 0.040192 0.192374 0.198486
v 0.047760 0.195304 0.194092
v 0.048492 0.195304 0.194214
v 0.054901 0.197257 0.189453
v 0.055359 0.196280 0.189575
v 0.055817 0.197257 0.190308
v 0.049103 0.195304 0.195190
v 0.041351 0.193351 0.199951
v 0.034271 0.190421 0.204224
v 0.027832 0.188468 0.206665
v 0.021118 0.184562 0.207764
v 0.016693 0.182609 0.206665
v 0.014008 0.181632 0.203125
v 0.014008 0.181632 0.195435
v 0.017014 0.183585 0.195312
v 0.012184 0.183585 0.203125
v 0.014893 0.185538 0.200928
v 0.017014 0.185538 0.204590
v 0.019318 0.187491 0.204590
v 0.032074 0.191398 0.202026
v 0.048370 0.196280 0.195068
v 0.055359 0.197257 0.190186
v 0.056427 0.197257 0.188354
v 0.201904 0.242179 0.091919
v -0.017059 0.173820 0.197510
v -0.016617 0.172843 0.201416
v -0.013832 0.174796 0.201416
v -0.017456 0.173820 0.210205
v -0.018845 0.175773 0.201416
v -0.023010 0.174796 0.211304
v -0.016510 0.177726 0.197510
v -0.014282 0.174796 0.197510
v -0.018951 0.176749 0.208618
v -0.023468 0.175773 0.206665
v -0.031281 0.177726 0.207397
v -0.040863 0.177726 0.205200
v -0.051331 0.178702 0.201782
v -0.060944 0.177726 0.197998
v -0.072815 0.176749 0.191772
v -0.072327 0.175773 0.191406
v -0.076294 0.175773 0.188354
v -0.052063 0.177726 0.203003
v -0.031586 0.174796 0.207031
v -0.041443 0.176749 0.206909
v -0.040924 0.175773 0.204956
v -0.051666 0.176749 0.201782
v -0.061493 0.176749 0.198730
v -0.060974 0.176749 0.198120
v -0.073181 0.175773 0.192261
v -0.072754 0.175773 0.191895
v -0.060516 0.176749 0.197388
v -0.050903 0.177726 0.200562
v -0.040253 0.176749 0.203247
v -0.031021 0.175773 0.205078
v -0.019958 0.174796 0.205688
v -0.023605 0.173820 0.208740
v -0.019211 0.172843 0.208008
v -0.019272 0.175773 0.197510
v -0.016891 0.172843 0.205688
v -0.016449 0.176749 0.205688
v -0.014214 0.174796 0.205688
v -0.016068 0.176749 0.201416
v -0.031830 0.175773 0.209351
v -0.022888 0.176749 0.209106
v -0.012184 0.183585 0.195435
v -0.015205 0.185538 0.195312
v -0.011566 0.183585 0.199219
v -0.014893 0.185538 0.200928
v -0.012184 0.183585 0.203125
v -0.015099 0.184562 0.207275
v -0.019440 0.186515 0.208130
v -0.033112 0.192374 0.204346
v -0.040619 0.194327 0.199951
v -0.047760 0.195304 0.194092
v -0.048370 0.196280 0.195068
v -0.054901 0.197257 0.189453
v -0.055359 0.197257 0.190186
v -0.013390 0.181632 0.199219
v -0.014008 0.181632 0.195435
v -0.026230 0.189445 0.206787
v -0.017014 0.183585 0.195312
v -0.016693 0.183585 0.200928
v -0.014008 0.181632 0.203125
v -0.021210 0.185538 0.204346
v -0.027832 0.188468 0.206665
v -0.026840 0.187491 0.203613
v -0.034271 0.190421 0.204224
v -0.033081 0.190421 0.201904
v -0.040192 0.192374 0.198486
v -0.049103 0.195304 0.195190
v -0.048492 0.195304 0.194214
v -0.055817 0.197257 0.190308
v -0.055359 0.196280 0.189575
v -0.056427 0.197257 0.188354
v -0.039520 0.194327 0.198364
v -0.032074 0.191398 0.202026
v -0.025314 0.189445 0.203857
v -0.019318 0.187491 0.204590
v -0.017014 0.185538 0.204590
v -0.018570 0.183585 0.204102
v -0.041351 0.193351 0.199951
v -0.021118 0.184562 0.207764
v -0.016693 0.182609 0.206665
v 0.014214 0.174796 0.205688
v 0.016891 0.172843 0.205688
v 0.017456 0.173820 0.210205
v 0.017059 0.173820 0.197510
v 0.016510 0.177726 0.197510
v 0.014282 0.174796 0.197510
v 0.019440 0.186515 0.208130
v -0.058716 0.155265 0.199341
v -0.055206 0.156241 0.200439
v -0.056091 0.156730 0.201416
v -0.049438 0.158195 0.203857
v -0.048370 0.158195 0.202393
v -0.038147 0.159659 0.204712
v -0.021423 0.161613 0.209473
v -0.016479 0.161613 0.208008
v -0.017700 0.160636 0.204224
v -0.013824 0.161613 0.204102
v -0.017181 0.160636 0.196533
v -0.017288 0.163566 0.196533
v -0.016769 0.160636 0.200317
v -0.017822 0.163566 0.204468
v -0.021912 0.160636 0.206421
v -0.028763 0.160148 0.206421
v -0.038483 0.161613 0.204834
v -0.055573 0.157706 0.200439
v -0.062500 0.153800 0.197632
v -0.062683 0.154777 0.197632
v -0.064758 0.153312 0.196411
v 0.068298 0.172843 0.161499
v 0.066956 0.166984 0.166504
v 0.171631 0.189445 0.080688
v 0.167969 0.211905 0.084229
v 0.178467 0.200187 0.069092
v 0.183594 0.220695 0.074829
v 0.189331 0.206046 0.059601
v 0.199829 0.214835 0.050934
v 0.190186 0.227530 0.065247
v 0.184937 0.236320 0.077393
v 0.176392 0.229484 0.083923
v 0.180176 0.230460 0.093079
v 0.177368 0.224601 0.102173
v 0.180664 0.213859 0.105286
v 0.183350 0.227530 0.097839
v 0.192139 0.234366 0.090332
v 0.188354 0.238273 0.085266
v 0.166504 0.225577 0.088074
v 0.156128 0.218741 0.091736
v 0.153687 0.199210 0.087891
v 0.190918 0.187491 0.062378
v 0.191650 0.190421 0.060486
v 0.194458 0.190421 0.058167
v 0.209595 0.200187 0.045166
v 0.215088 0.208976 0.043213
v 0.214966 0.225577 0.043793
v 0.173828 0.169913 0.083618
v 0.170776 0.188468 0.081299
v 0.127075 0.135734 0.113708
v 0.128296 0.161124 0.106201
v 0.144165 0.147452 0.104126
v 0.142334 0.166984 0.096619
v 0.144531 0.148429 0.101990
v 0.153564 0.175773 0.085266
v 0.146362 0.148917 0.101379
v 0.155396 0.155265 0.091675
v 0.141113 0.186515 0.096069
v 0.126831 0.174796 0.106567
v 0.107727 0.166984 0.120239
v 0.117188 0.188468 0.116638
v 0.126831 0.196280 0.110168
v 0.136841 0.204093 0.101990
v 0.146240 0.210929 0.095093
v 0.159058 0.218741 0.102295
v 0.163696 0.214835 0.110474
v 0.171631 0.220695 0.105164
v 0.176758 0.210929 0.107300
v 0.168213 0.203116 0.113892
v 0.177490 0.191398 0.106384
v 0.169189 0.183585 0.113281
v 0.178955 0.170890 0.104065
v 0.168945 0.163566 0.111511
v 0.162598 0.154288 0.101807
v 0.177124 0.166984 0.097107
v 0.174561 0.172843 0.084412
v 0.177734 0.212882 0.104065
v 0.172485 0.225577 0.099426
v 0.027069 0.171866 0.174316
v 0.027618 0.152823 0.174561
v 0.025879 0.166007 0.177490
v 0.026291 0.151359 0.176147
v 0.028458 0.126456 0.170288
v 0.026321 0.127433 0.172363
v 0.026169 0.103019 0.166870
v 0.026062 0.098624 0.160522
v 0.016602 0.097159 0.160034
v 0.016541 0.101554 0.151855
v 0.016617 0.102042 0.167236
v 0.016617 0.126456 0.172852
v 0.016586 0.150382 0.177002
v 0.016617 0.166007 0.177979
v 0.000000 0.166007 0.177979
v 0.038330 0.171866 0.159668
v 0.039459 0.172843 0.170288
v 0.029831 0.165030 0.176758
v 0.000000 0.171866 0.161377
v 0.016617 0.171866 0.173096
v 0.016632 0.171866 0.161377
v 0.016525 0.153800 0.153687
v 0.026123 0.154777 0.155518
v 0.026154 0.171866 0.161987
v 0.045166 0.155265 0.151123
v 0.041870 0.135734 0.149658
v 0.068604 0.140128 0.143677
v 0.016586 0.132316 0.152466
v 0.024429 0.132804 0.153198
v 0.025528 0.102530 0.153198
v 0.028397 0.104484 0.153809
v 0.069580 0.109855 0.144775
v 0.073120 0.109366 0.143066
v 0.089905 0.145011 0.133301
v 0.109192 0.124991 0.128540
v 0.108093 0.151359 0.122559
v 0.087463 0.160636 0.135010
v 0.067749 0.156241 0.144897
v 0.052429 0.172843 0.155396
v 0.052765 0.173820 0.165894
v 0.052826 0.166007 0.171875
v 0.041138 0.165030 0.175781
v 0.030212 0.150382 0.175293
v 0.197266 0.187491 0.070007
v 0.183594 0.179679 0.074707
v 0.193726 0.182609 0.077148
v 0.185791 0.174796 0.089844
v 0.202148 0.192374 0.079041
v 0.199463 0.187491 0.089111
v 0.189941 0.180655 0.097595
v 0.180786 0.172843 0.095154
v 0.176270 0.173820 0.082947
v 0.199585 0.229484 0.079529
v 0.199829 0.227530 0.083496
v 0.201050 0.208976 0.083008
v 0.198120 0.206046 0.091431
v 0.187622 0.198234 0.100586
v 0.181641 0.194327 0.104675
v 0.186157 0.216788 0.100769
v 0.196167 0.223624 0.091492
v 0.198120 0.238273 0.083191
v 0.197876 0.194327 0.071716
v 0.201660 0.195304 0.074341
v 0.200073 0.208976 0.078186
v 0.202515 0.212882 0.078064
v 0.201904 0.230460 0.078979
v 0.200562 0.241202 0.078125
v 0.196045 0.242179 0.078491
v 0.200684 0.192374 0.052307
v 0.204712 0.189445 0.060638
v 0.199463 0.188468 0.066162
v 0.210205 0.198234 0.068359
v 0.211182 0.217765 0.071472
v 0.209961 0.234366 0.072754
v 0.208008 0.246085 0.071594
v 0.204468 0.250968 0.067322
v 0.191528 0.242179 0.070984
v 0.200317 0.248038 0.061371
v 0.203491 0.236320 0.052155
v 0.209595 0.254874 0.051849
v 0.213257 0.256827 0.057587
v 0.215698 0.252921 0.062622
v 0.216675 0.240226 0.064087
v 0.217041 0.222648 0.063599
v 0.216309 0.204093 0.061188
v 0.212036 0.195304 0.053436
v 0.220337 0.227530 0.048370
v 0.220215 0.247062 0.049561
v 0.215820 0.246085 0.044861
v 0.215332 0.256827 0.047516
v 0.219482 0.254874 0.056793
v 0.220581 0.245109 0.056122
v 0.220581 0.227530 0.055817
v 0.219482 0.210929 0.055786
v 0.219116 0.207023 0.048279
v 0.218506 0.257804 0.051849
v 0.178467 0.192374 0.103088
v 0.182373 0.175773 0.101685
v 0.178467 0.173820 0.099182
v 0.074524 0.108390 0.156494
v 0.071411 0.127433 0.158813
v 0.085815 0.131339 0.157715
v 0.074158 0.128898 0.159668
v 0.086182 0.111320 0.153809
v 0.074097 0.104972 0.151489
v 0.149292 0.166984 0.118958
v 0.140503 0.203116 0.112488
v 0.145874 0.200187 0.114746
v 0.148315 0.186515 0.118103
v 0.150146 0.188468 0.118774
v 0.151123 0.170890 0.119751
v 0.151245 0.151847 0.119812
v 0.154907 0.148429 0.106628
v 0.159302 0.157218 0.116516
v 0.161011 0.177726 0.117920
v 0.160034 0.196280 0.117676
v 0.155151 0.207999 0.112244
v 0.149414 0.212882 0.104919
v 0.031342 0.098624 0.160156
v 0.030960 0.126456 0.171265
v 0.043243 0.125480 0.170410
v 0.031464 0.102530 0.166138
v 0.044250 0.103507 0.165894
v 0.043915 0.098624 0.158569
v 0.031555 0.103019 0.152588
v 0.049042 0.104972 0.149536
v 0.056244 0.100577 0.156128
v 0.070496 0.104972 0.152832
v 0.056580 0.104972 0.163086
v 0.070557 0.107902 0.158203
v 0.055054 0.125480 0.167114
v 0.069092 0.127921 0.161743
v 0.053558 0.148429 0.170532
v 0.068420 0.151847 0.164795
v 0.041901 0.148429 0.174072
v 0.028976 0.104484 0.163330
v 0.128784 0.131827 0.136963
v 0.128906 0.153312 0.136353
v 0.116333 0.147941 0.140259
v 0.115112 0.166984 0.140015
v 0.118469 0.126945 0.140137
v 0.124329 0.124991 0.128784
v 0.113708 0.145011 0.140259
v 0.113464 0.179679 0.137573
v 0.124573 0.186515 0.134277
v 0.127808 0.169913 0.136108
v 0.129517 0.198234 0.119202
v 0.133911 0.192374 0.127441
v 0.120605 0.190421 0.126099
v 0.106812 0.183585 0.125000
v 0.093811 0.179679 0.134155
v 0.094238 0.180655 0.144287
v 0.080505 0.175773 0.143921
v 0.080994 0.177726 0.153687
v 0.067078 0.173820 0.150269
v 0.083923 0.170890 0.159546
v 0.073059 0.167960 0.162842
v 0.086670 0.154777 0.160034
v 0.073853 0.152823 0.162354
v 0.070801 0.153312 0.161987
v 0.072266 0.109366 0.154053
v 0.141968 0.197257 0.118103
v 0.146729 0.185538 0.120850
v 0.147217 0.142081 0.116333
v 0.136108 0.132316 0.121826
v 0.150146 0.146964 0.123291
v 0.141357 0.139152 0.130371
v 0.139526 0.158683 0.130493
v 0.148682 0.167960 0.121948
v 0.138428 0.176749 0.130005
v 0.114563 0.122062 0.133667
v 0.113586 0.129386 0.123291
v 0.111694 0.129386 0.126221
v 0.115784 0.126945 0.137573
v 0.111694 0.119132 0.136719
v 0.097107 0.111808 0.142212
v 0.113953 0.123527 0.141968
v 0.112305 0.144034 0.144043
v 0.110840 0.163566 0.144043
v 0.111816 0.166007 0.139404
v 0.108459 0.176749 0.142700
v 0.108582 0.182609 0.135132
v 0.095520 0.173820 0.151855
v 0.099182 0.158683 0.153564
v 0.098450 0.137687 0.152100
v 0.099426 0.117179 0.148315
v 0.084839 0.106925 0.147827
v 0.089905 0.113273 0.136597
v 0.071228 0.109855 0.144409
v 0.147217 0.145011 0.111572
v 0.149048 0.148917 0.117798
v -0.073059 0.167960 0.162842
v -0.073853 0.152823 0.162354
v -0.086670 0.154777 0.160034
v -0.085815 0.131339 0.157715
v -0.098450 0.137687 0.152100
v -0.099426 0.117179 0.148315
v -0.113953 0.123527 0.141968
v -0.111694 0.119132 0.136719
v -0.115784 0.126945 0.137573
v -0.111694 0.129386 0.126221
v -0.099182 0.158683 0.153564
v -0.083923 0.170890 0.159546
v -0.068298 0.172843 0.161499
v -0.080994 0.177726 0.153687
v -0.094238 0.180655 0.144287
v -0.095520 0.173820 0.151855
v -0.110840 0.163566 0.144043
v -0.112305 0.144034 0.144043
v -0.111816 0.166007 0.139404
v -0.108582 0.182609 0.135132
v -0.108459 0.176749 0.142700
v -0.093811 0.179679 0.134155
v -0.106812 0.183585 0.125000
v -0.107727 0.166984 0.120239
v -0.117188 0.188468 0.116638
v -0.126831 0.174796 0.106567
v -0.126831 0.196280 0.110168
v -0.141113 0.186515 0.096069
v -0.136841 0.204093 0.101990
v -0.153687 0.199210 0.087891
v -0.146240 0.210929 0.095093
v -0.156128 0.218741 0.091736
v -0.159058 0.218741 0.102295
v -0.166504 0.225577 0.088074
v -0.163696 0.214835 0.110474
v -0.171631 0.220695 0.105164
v -0.176758 0.210929 0.107300
v -0.168213 0.203116 0.113892
v -0.177490 0.191398 0.106384
v -0.169189 0.183585 0.113281
v -0.178955 0.170890 0.104065
v -0.168945 0.163566 0.111511
v -0.177124 0.166984 0.097107
v -0.162598 0.154288 0.101807
v -0.159302 0.157218 0.116516
v -0.154907 0.148429 0.106628
v -0.151245 0.151847 0.119812
v -0.147217 0.145011 0.111572
v -0.144531 0.148429 0.101990
v -0.173828 0.169913 0.083618
v -0.178467 0.173820 0.099182
v -0.178467 0.192374 0.103088
v -0.177734 0.212882 0.104065
v -0.172485 0.225577 0.099426
v -0.147217 0.142081 0.116333
v -0.127075 0.135734 0.113708
v -0.136108 0.132316 0.121826
v -0.124329 0.124991 0.128784
v -0.113708 0.145011 0.140259
v -0.118469 0.126945 0.140137
v -0.128784 0.131827 0.136963
v -0.141357 0.139152 0.130371
v -0.150146 0.146964 0.123291
v -0.148682 0.167960 0.121948
v -0.148315 0.186515 0.118103
v -0.146729 0.185538 0.120850
v -0.141968 0.197257 0.118103
v -0.139526 0.158683 0.130493
v -0.128906 0.153312 0.136353
v -0.116333 0.147941 0.140259
v -0.115112 0.166984 0.140015
v -0.127808 0.169913 0.136108
v -0.138428 0.176749 0.130005
v -0.133911 0.192374 0.127441
v -0.124573 0.186515 0.134277
v -0.113464 0.179679 0.137573
v -0.129517 0.198234 0.119202
v -0.120605 0.190421 0.126099
v -0.140503 0.203116 0.112488
v -0.149414 0.212882 0.104919
v -0.155151 0.207999 0.112244
v -0.160034 0.196280 0.117676
v -0.161011 0.177726 0.117920
v -0.151123 0.170890 0.119751
v -0.149292 0.166984 0.118958
v -0.150146 0.188468 0.118774
v -0.145874 0.200187 0.114746
v -0.149048 0.148917 0.117798
v -0.069580 0.109855 0.144775
v -0.071228 0.109855 0.144409
v -0.072266 0.109366 0.154053
v -0.074097 0.104972 0.151489
v -0.074524 0.108390 0.156494
v -0.073120 0.109366 0.143066
v -0.084839 0.106925 0.147827
v -0.097107 0.111808 0.142212
v -0.086182 0.111320 0.153809
v -0.074158 0.128898 0.159668
v -0.069092 0.127921 0.161743
v -0.068420 0.151847 0.164795
v -0.053558 0.148429 0.170532
v -0.052826 0.166007 0.171875
v -0.066956 0.166984 0.166504
v -0.070557 0.107902 0.158203
v -0.055054 0.125480 0.167114
v -0.043243 0.125480 0.170410
v -0.041901 0.148429 0.174072
v -0.041138 0.165030 0.175781
v -0.039459 0.172843 0.170288
v -0.052765 0.173820 0.165894
v -0.070496 0.104972 0.152832
v -0.056580 0.104972 0.163086
v -0.044250 0.103507 0.165894
v -0.031464 0.102530 0.166138
v -0.030960 0.126456 0.171265
v -0.030212 0.150382 0.175293
v -0.029831 0.165030 0.176758
v -0.038330 0.171866 0.159668
v -0.052429 0.172843 0.155396
v -0.067078 0.173820 0.150269
v -0.080505 0.175773 0.143921
v -0.087463 0.160636 0.135010
v -0.067749 0.156241 0.144897
v -0.045166 0.155265 0.151123
v -0.026123 0.154777 0.155518
v -0.026154 0.171866 0.161987
v -0.016632 0.171866 0.161377
v -0.016525 0.153800 0.153687
v 0.000000 0.153800 0.153687
v 0.000000 0.132316 0.152466
v -0.016586 0.132316 0.152466
v -0.024429 0.132804 0.153198
v -0.041870 0.135734 0.149658
v -0.068604 0.140128 0.143677
v -0.089905 0.145011 0.133301
v -0.108093 0.151359 0.122559
v -0.128296 0.161124 0.106201
v -0.142334 0.166984 0.096619
v -0.153564 0.175773 0.085266
v -0.170776 0.188468 0.081299
v -0.155396 0.155265 0.091675
v -0.146362 0.148917 0.101379
v -0.144165 0.147452 0.104126
v -0.113586 0.129386 0.123291
v -0.109192 0.124991 0.128540
v -0.089905 0.113273 0.136597
v -0.049042 0.104972 0.149536
v -0.031555 0.103019 0.152588
v 0.000000 0.101066 0.151855
v -0.028397 0.104484 0.153809
v -0.031342 0.098624 0.160156
v -0.043915 0.098624 0.158569
v -0.056244 0.100577 0.156128
v -0.028976 0.104484 0.163330
v -0.028458 0.126456 0.170288
v -0.027618 0.152823 0.174561
v -0.027069 0.171866 0.174316
v -0.025879 0.166007 0.177490
v -0.026291 0.151359 0.176147
v -0.026321 0.127433 0.172363
v -0.026169 0.103019 0.166870
v -0.026062 0.098624 0.160522
v -0.025528 0.102530 0.153198
v -0.016602 0.097159 0.160034
v -0.016541 0.101554 0.151855
v 0.000000 0.096671 0.160034
v 0.000000 0.101066 0.167236
v -0.016617 0.102042 0.167236
v -0.016617 0.126456 0.172852
v -0.016586 0.150382 0.177002
v -0.016617 0.166007 0.177979
v -0.016617 0.171866 0.173096
v 0.000000 0.126456 0.172852
v 0.000000 0.150382 0.177002
v 0.000000 0.171866 0.173096
v -0.182373 0.175773 0.101685
v -0.181641 0.194327 0.104675
v -0.180664 0.213859 0.105286
v -0.177368 0.224601 0.102173
v -0.180176 0.230460 0.093079
v -0.176392 0.229484 0.083923
v -0.188354 0.238273 0.085266
v -0.184937 0.236320 0.077393
v -0.196045 0.242179 0.078491
v -0.198120 0.238273 0.083191
v -0.192139 0.234366 0.090332
v -0.183350 0.227530 0.097839
v -0.186157 0.216788 0.100769
v -0.187622 0.198234 0.100586
v -0.189941 0.180655 0.097595
v -0.180786 0.172843 0.095154
v -0.174561 0.172843 0.084412
v -0.199585 0.229484 0.079529
v -0.199829 0.227530 0.083496
v -0.196167 0.223624 0.091492
v -0.198120 0.206046 0.091431
v -0.199463 0.187491 0.089111
v -0.185791 0.174796 0.089844
v -0.176270 0.173820 0.082947
v -0.193726 0.182609 0.077148
v -0.202148 0.192374 0.079041
v -0.201050 0.208976 0.083008
v -0.200073 0.208976 0.078186
v -0.197876 0.194327 0.071716
v -0.197266 0.187491 0.070007
v -0.200562 0.241202 0.078125
v -0.201904 0.230460 0.078979
v -0.209961 0.234366 0.072754
v -0.211182 0.217765 0.071472
v -0.217041 0.222648 0.063599
v -0.216309 0.204093 0.061188
v -0.220581 0.227530 0.055817
v -0.219482 0.210929 0.055786
v -0.220337 0.227530 0.048370
v -0.219116 0.207023 0.048279
v -0.212036 0.195304 0.053436
v -0.215820 0.246085 0.044861
v -0.220215 0.247062 0.049561
v -0.215332 0.256827 0.047516
v -0.219482 0.254874 0.056793
v -0.220581 0.245109 0.056122
v -0.215698 0.252921 0.062622
v -0.216675 0.240226 0.064087
v -0.208008 0.246085 0.071594
v -0.204468 0.250968 0.067322
v -0.213257 0.256827 0.057587
v -0.218506 0.257804 0.051849
v -0.209595 0.254874 0.051849
v -0.203491 0.236320 0.052155
v -0.214966 0.225577 0.043793
v -0.199829 0.214835 0.050934
v -0.215088 0.208976 0.043213
v -0.209595 0.200187 0.045166
v -0.200684 0.192374 0.052307
v -0.200317 0.248038 0.061371
v -0.191528 0.242179 0.070984
v -0.190186 0.227530 0.065247
v -0.183594 0.179679 0.074707
v -0.178467 0.200187 0.069092
v -0.190918 0.187491 0.062378
v -0.189331 0.206046 0.059601
v -0.183594 0.220695 0.074829
v -0.167969 0.211905 0.084229
v -0.171631 0.189445 0.080688
v -0.204712 0.189445 0.060638
v -0.194458 0.190421 0.058167
v -0.199463 0.188468 0.066162
v -0.191650 0.190421 0.060486
v -0.210205 0.198234 0.068359
v -0.202515 0.212882 0.078064
v -0.201660 0.195304 0.074341
v -0.070801 0.153312 0.161987
v -0.071411 0.127433 0.158813
v -0.114563 0.122062 0.133667
v 0.205322 0.239249 0.090942
v 0.205688 0.242179 0.091858
v 0.204712 0.242179 0.090454
v 0.202881 0.242179 0.087524
v 0.206909 0.239249 0.092163
v -0.011360 0.221671 0.192261
v -0.009224 0.221671 0.193726
v -0.011497 0.222648 0.194702
v -0.011375 0.222648 0.193115
v -0.013824 0.222648 0.192017
v -0.009415 0.217765 0.191772
v -0.011650 0.218741 0.191406
v -0.008766 0.220695 0.193115
v 0.014511 0.222648 0.193237
v 0.008270 0.220695 0.195679
v 0.008766 0.220695 0.193115
v 0.013283 0.222648 0.192627
v 0.011360 0.221671 0.192261
v 0.011497 0.222648 0.194702
v 0.009415 0.217765 0.191772
v 0.011650 0.218741 0.191406
v 0.274170 0.303702 -0.033569
v 0.273682 0.304679 -0.030350
v 0.275391 0.308585 -0.022919
v 0.264404 0.303702 -0.037415
v 0.276855 0.308585 -0.028061
v 0.285889 0.302726 -0.023804
v 0.286377 0.237296 -0.006420
v 0.285889 0.243155 0.012856
v 0.248291 0.317374 -0.019974
v 0.235229 0.324210 -0.022491
v 0.257812 0.317374 -0.017456
v 0.248291 0.321280 -0.026382
v 0.247925 0.318351 -0.025589
v 0.248657 0.321280 -0.014030
v 0.247559 0.319327 -0.014610
v 0.238159 0.315421 -0.008820
v 0.228149 0.310538 -0.000455
v 0.239258 0.315421 -0.022049
v 0.287109 0.283195 -0.011108
v 0.299561 0.273429 -0.006718
v 0.278320 0.294913 -0.001821
v 0.275146 0.286124 -0.017014
v 0.289795 0.294913 -0.012077
v 0.293213 0.285148 -0.005344
v 0.296387 0.286124 -0.014961
v 0.298828 0.236320 -0.003885
v 0.293945 0.231437 -0.015076
vn 0.7334 0.2125 0.6457
vn -0.3862 0.3426 0.8564
vn -0.1841 0.4228 0.8873
vn 0.7052 0.4163 0.5739
vn -0.8243 0.5660 0.0104
vn -0.8100 0.5518 -0.1984
vn -0.8697 0.4187 -0.2613
vn -0.8941 0.4337 -0.1119
vn -0.4663 0.4619 0.7545
vn -0.4186 0.7272 0.5440
vn -0.7389 0.5124 0.4375
vn -0.6769 0.2460 0.6938
vn 0.1112 0.0828 0.9903
vn 0.0381 0.0165 0.9991
vn 0.6110 0.1364 0.7798
vn 0.6595 0.3615 0.6591
vn -0.3574 0.6914 0.6279
vn -0.6036 0.5678 0.5597
vn -0.7157 0.5126 0.4743
vn -0.5794 0.5646 0.5879
vn -0.5489 0.2181 0.8069
vn -0.7864 0.0034 0.6177
vn -0.7966 0.3124 0.5175
vn -0.5621 0.4837 0.6709
vn 0.8418 0.0667 0.5356
vn 0.9665 0.2358 0.1017
vn 0.8726 0.4794 0.0933
vn 0.8112 0.3417 0.4746
vn -0.5636 -0.4109 -0.7166
vn -0.6315 -0.7754 -0.0052
vn -0.4927 -0.8686 0.0533
vn -0.5461 -0.4395 -0.7131
vn -0.5127 -0.4485 0.7321
vn -0.5336 -0.2902 0.7944
vn -0.5950 -0.3891 0.7033
vn -0.5453 -0.5833 0.6020
vn -0.2020 0.2336 0.9511
vn -0.3005 0.2806 0.9116
vn -0.3308 -0.0951 0.9389
vn -0.1840 -0.1166 0.9760
vn -0.4890 0.0021 0.8723
vn -0.4391 0.1446 0.8867
vn -0.4413 0.1198 0.8893
vn -0.4947 0.0354 0.8684
vn 0.1804 -0.1351 0.9743
vn 0.3102 -0.0807 0.9472
vn 0.3353 0.0415 0.9412
vn 0.2140 0.0020 0.9768
vn -0.5113 0.2846 0.8109
vn -0.5658 0.2883 0.7725
vn -0.7483 0.2792 0.6017
vn -0.7184 0.1612 0.6767
vn -0.3333 -0.7220 0.6063
vn -0.5411 -0.5092 0.6693
vn -0.4114 -0.2561 0.8747
vn -0.4126 -0.3162 0.8543
vn 0.7396 0.5115 0.4375
vn 0.6760 0.2448 0.6950
vn 0.7872 -0.0272 0.6162
vn 0.9034 0.1770 0.3904
vn -0.3140 0.3586 -0.8791
vn -0.2885 -0.4342 -0.8534
vn -0.1938 -0.3954 -0.8978
vn -0.5191 0.3688 -0.7710
vn -0.5567 0.7702 0.3114
vn -0.6520 0.7146 0.2536
vn -0.6574 0.7032 0.2708
vn -0.5631 0.7425 0.3629
vn -0.0528 0.2454 -0.9680
vn -0.0265 0.0402 -0.9988
vn 0.0650 0.0404 -0.9971
vn 0.0606 0.2206 -0.9735
vn 0.9879 0.0935 0.1241
vn 0.9222 0.3682 0.1186
vn 0.8548 0.4057 0.3235
vn 0.9170 0.1899 0.3507
vn -0.6722 0.5231 0.5239
vn -0.7231 0.5524 0.4147
vn -0.7398 0.5652 0.3651
vn -0.7071 0.5130 0.4867
vn 0.2441 0.9696 -0.0167
vn 0.1080 0.9937 -0.0310
vn 0.1341 0.8771 0.4613
vn 0.3135 0.8329 0.4560
vn 0.5680 -0.8176 -0.0946
vn 0.3463 -0.6991 -0.6255
vn 0.4778 -0.4817 -0.7346
vn 0.8796 -0.4684 -0.0832
vn -0.1070 0.4264 0.8982
vn -0.0488 0.4916 0.8694
vn -0.4497 -0.1019 0.8873
vn -0.5008 -0.3426 0.7949
vn -0.0000 -0.1916 0.9815
vn -0.5141 -0.1423 0.8458
vn -0.4336 -0.0248 0.9008
vn -0.0000 -0.0769 0.9970
vn 0.6451 -0.4179 0.6397
vn 0.3210 -0.5341 0.7821
vn 0.2096 -0.9771 -0.0366
vn 0.6072 -0.7864 -0.1136
vn -0.2719 0.9505 0.1501
vn -0.2095 0.7652 0.6087
vn -0.1334 0.7883 0.6007
vn 0.0086 0.9501 0.3117
vn 0.4512 0.4654 0.7615
vn 0.3103 0.3629 0.8786
vn 0.4019 0.0515 0.9142
vn 0.6967 0.0743 0.7135
vn 0.1052 0.6182 0.7789
vn 0.0340 0.7209 0.6922
vn 0.1494 0.7523 0.6417
vn 0.2056 0.6665 0.7166
vn -0.1044 0.5863 0.8034
vn -0.0979 0.4140 0.9050
vn 0.0215 0.4986 0.8666
vn 0.0585 0.7093 0.7024
vn 0.4276 -0.5302 -0.7321
vn 0.2701 -0.5532 -0.7881
vn 0.2926 -0.2508 -0.9227
vn 0.4459 -0.2532 -0.8585
vn -0.2350 0.4293 -0.8720
vn -0.2310 0.4967 -0.8366
vn 0.2826 0.1177 -0.9520
vn 0.4249 0.0885 -0.9009
vn 0.1609 0.4822 0.8611
vn 0.1556 -0.5391 0.8277
vn 0.2512 -0.5235 0.8141
vn 0.3299 0.4844 0.8102
vn 0.5204 0.0632 0.8516
vn 0.7952 0.1240 0.5935
vn 0.6791 0.4641 0.5687
vn 0.4128 0.4797 0.7743
vn -0.1699 -0.9685 -0.1821
vn -0.0000 -0.9802 -0.1982
vn -0.0000 -1.0000 -0.0064
vn -0.1724 -0.9850 -0.0003
vn 0.2150 0.0340 -0.9760
vn 0.2500 0.2192 -0.9431
vn 0.0528 0.2454 -0.9680
vn 0.0265 0.0402 -0.9988
vn 0.1369 0.3742 0.9172
vn 0.7966 0.3124 0.5175
vn 0.7179 0.5781 0.3878
vn 0.0735 0.6554 0.7517
vn 0.6883 0.4993 0.5263
vn -0.1753 -0.1218 0.9769
vn -0.3896 0.0632 0.9188
vn 0.6605 0.4813 0.5763
vn -0.5901 0.8000 0.1085
vn -0.8064 0.5818 0.1056
vn -0.8534 0.4426 0.2754
vn -0.5922 0.7373 0.3252
vn 0.2865 -0.1603 0.9446
vn 0.4967 -0.2201 0.8395
vn 0.3955 -0.2494 0.8839
vn 0.0493 -0.2850 0.9573
vn 0.2064 -0.9781 -0.0253
vn 0.1577 -0.9841 -0.0821
vn 0.3076 -0.9501 -0.0515
vn 0.3850 -0.9229 -0.0024
vn -0.4597 -0.8512 0.2533
vn -0.4670 -0.8394 0.2781
vn -0.1720 -0.9393 0.2969
vn -0.2052 -0.9445 0.2564
vn -0.4500 0.6577 -0.6041
vn -0.5645 0.5996 -0.5673
vn -0.3687 0.7915 -0.4874
vn -0.3119 0.8347 -0.4538
vn 0.8792 0.1630 -0.4477
vn 0.8706 0.1598 -0.4653
vn 0.8982 -0.1463 -0.4146
vn 0.9733 -0.1011 -0.2063
vn -0.2132 0.9563 0.2001
vn -0.3948 0.9056 0.1550
vn -0.4385 0.8538 0.2807
vn -0.2639 0.9000 0.3471
vn 0.6924 0.2228 0.6862
vn 0.8170 0.4517 0.3584
vn 0.7265 0.5713 0.3817
vn 0.6127 0.3321 0.7171
vn -0.6344 -0.3270 -0.7004
vn -0.9958 0.0705 -0.0586
vn 0.2303 -0.1927 0.9539
vn -0.1604 -0.1685 0.9726
vn -0.1597 -0.5458 0.8226
vn 0.3349 -0.5323 0.7775
vn 0.6755 0.6020 0.4258
vn 0.7443 0.6025 0.2882
vn 0.6553 0.7255 0.2103
vn 0.5932 0.7439 0.3077
vn 0.4841 -0.8321 -0.2708
vn 0.3970 -0.8717 -0.2874
vn 0.3697 -0.8112 -0.4530
vn 0.4711 -0.7713 -0.4280
vn -0.5281 -0.4672 0.7091
vn -0.4041 -0.5073 0.7611
vn -0.3302 -0.1314 0.9347
vn -0.4878 -0.0907 0.8683
vn 0.8088 0.4940 -0.3191
vn 0.8103 0.5507 -0.2001
vn 0.8691 0.4174 -0.2652
vn 0.8650 0.3965 -0.3075
vn -0.2394 0.0168 0.9708
vn 0.3057 -0.9520 -0.0140
vn 0.0173 -0.9981 -0.0591
vn -0.1143 -0.0804 0.9902
vn 0.1301 -0.8959 -0.4247
vn 0.4032 -0.8928 0.2008
vn 0.3376 -0.9188 0.2046
vn 0.0483 -0.9069 -0.4186
vn 0.1632 0.9586 0.2331
vn -0.2490 0.9462 0.2064
vn -0.3473 0.8845 0.3115
vn 0.0236 0.9162 0.4001
vn 0.2998 0.5398 -0.7866
vn 0.1441 0.4467 -0.8830
vn 0.3732 -0.2853 -0.8828
vn 0.5779 0.2546 -0.7754
vn 0.8716 -0.3457 -0.3476
vn 0.2322 -0.1456 -0.9617
vn 0.1212 0.0547 -0.9911
vn 0.9134 -0.0083 -0.4070
vn -0.4096 -0.0325 0.9117
vn -0.3953 -0.4531 0.7990
vn -0.2535 -0.4920 0.8329
vn -0.3102 -0.0807 0.9472
vn -0.1718 0.5634 0.8081
vn -0.0000 0.5686 0.8226
vn -0.0000 0.8918 0.4525
vn -0.1341 0.8771 0.4613
vn -0.3263 -0.9357 0.1345
vn 0.2622 -0.9649 0.0116
vn 0.4041 -0.5073 0.7611
vn -0.2152 -0.5415 0.8127
vn 0.4162 0.0797 0.9058
vn 0.4243 0.1667 0.8901
vn 0.3304 0.1322 0.9345
vn -0.4276 -0.5302 -0.7321
vn -0.3901 -0.7079 -0.5888
vn -0.5098 -0.6625 -0.5488
vn -0.5494 -0.5178 -0.6558
vn -0.3178 0.9158 -0.2456
vn -0.4137 0.8194 -0.3967
vn -0.3479 0.9101 0.2253
vn -0.1844 0.9570 0.2238
vn 0.4601 -0.8511 0.2531
vn 0.4667 -0.8396 0.2780
vn 0.8423 -0.5061 0.1853
vn 0.8304 -0.5279 0.1783
vn 0.1722 -0.6727 0.7196
vn -0.0000 -0.6879 0.7258
vn -0.0000 -0.8497 0.5273
vn 0.1757 -0.8067 0.5643
vn -0.1556 -0.5391 0.8277
vn -0.0000 -1.0000 -0.0000
vn -0.0553 -0.9882 0.1427
vn -0.0514 -0.4440 0.8946
vn -0.4926 0.8701 -0.0173
vn -0.7737 0.6252 -0.1029
vn -0.7834 0.6040 0.1464
vn -0.5448 0.8069 0.2284
vn -0.0191 -0.9678 0.2508
vn 0.6812 -0.4571 0.5719
vn 0.5525 -0.4965 0.6695
vn -0.1338 -0.9789 0.1541
vn -0.4450 0.7478 -0.4927
vn -0.2268 0.0902 -0.9698
vn -0.4001 -0.0606 -0.9145
vn -0.8109 0.4148 -0.4128
vn -0.1296 -0.8958 -0.4251
vn -0.0289 -0.7783 -0.6272
vn 0.0922 -0.7762 -0.6237
vn -0.0483 -0.9068 -0.4187
vn 0.8274 0.2877 0.4824
vn 0.9021 -0.1842 0.3903
vn 0.9734 -0.0252 0.2276
vn 0.8507 0.4456 0.2786
vn 0.2497 0.2405 0.9380
vn 0.4286 0.0915 0.8988
vn 0.2592 0.1589 0.9527
vn 0.0683 0.2724 0.9597
vn -0.0004 -0.6274 0.7787
vn -0.0494 -0.9644 0.2598
vn -0.1532 -0.9236 0.3513
vn -0.6308 -0.4081 0.6599
vn -0.2295 0.8121 0.5366
vn -0.5618 0.6496 0.5122
vn 0.0360 0.0884 0.9954
vn 0.0347 0.2055 0.9780
vn -0.0161 0.2272 0.9737
vn -0.0675 0.1255 0.9898
vn -0.1151 0.9933 0.0059
vn -0.1030 0.9811 0.1641
vn -0.3007 0.9064 0.2967
vn -0.3700 0.9288 -0.0194
vn 0.5369 0.8108 0.2331
vn 0.5230 0.8479 0.0870
vn 0.3948 0.9056 0.1550
vn 0.4385 0.8538 0.2807
vn -0.8720 0.4624 -0.1605
vn -0.8655 0.3961 -0.3067
vn -0.8083 0.4945 -0.3197
vn -0.8031 0.5648 -0.1897
vn -0.6908 -0.6542 -0.3079
vn -0.7498 -0.6491 -0.1282
vn -0.8292 -0.5416 -0.1384
vn -0.7530 -0.5478 -0.3645
vn -0.5744 0.5594 0.5976
vn -0.3950 0.6492 0.6501
vn -0.3540 0.6820 0.6400
vn -0.5476 0.5978 0.5855
vn -0.1308 -0.7495 0.6490
vn -0.3787 -0.3134 0.8708
vn -0.4196 -0.4989 0.7583
vn -0.2051 -0.8199 0.5345
vn -0.3869 -0.5220 0.7601
vn -0.2578 -0.6061 0.7525
vn -0.2541 -0.5235 0.8133
vn -0.3527 -0.3959 0.8478
vn -0.2701 -0.5532 -0.7881
vn -0.2392 -0.7422 -0.6261
vn -0.0000 -0.9259 -0.3777
vn -0.0001 -0.9152 -0.4031
vn -0.1196 -0.8610 -0.4943
vn -0.0000 -0.8795 -0.4758
vn -0.2580 0.3844 0.8864
vn 0.0502 0.9362 0.3478
vn 0.1335 0.8985 0.4182
vn -0.3429 0.3957 0.8519
vn 0.0290 -0.9589 0.2821
vn 0.0187 -0.9516 0.3067
vn 0.1601 -0.9354 0.3153
vn 0.1711 -0.9395 0.2968
vn 0.4536 -0.8023 0.3880
vn 0.4556 -0.8351 0.3083
vn 0.5614 -0.7522 0.3451
vn 0.5636 -0.7177 0.4090
vn -0.0824 0.7946 0.6015
vn 0.0861 0.8140 0.5745
vn -0.1175 0.6997 0.7047
vn -0.3775 0.6580 0.6515
vn -0.8265 -0.5583 -0.0727
vn 0.0407 0.8610 -0.5069
vn -0.7894 0.5760 -0.2123
vn -0.5879 -0.1494 -0.7950
vn -0.5002 -0.8582 0.1149
vn -0.2839 -0.9554 0.0808
vn -0.3000 -0.9526 -0.0513
vn -0.5233 -0.8521 0.0077
vn -0.7519 -0.6590 0.0188
vn -0.8895 0.4477 -0.0909
vn -0.5152 -0.2270 -0.8265
vn -0.0806 -0.9931 0.0850
vn -0.9245 -0.3101 0.2218
vn -0.4988 -0.7038 -0.5059
vn -0.3343 -0.7687 0.5452
vn -0.4722 0.2972 0.8299
vn -0.4289 0.3872 0.8161
vn 0.1341 0.8921 0.4314
vn 0.1397 0.8732 0.4670
vn -0.7273 0.4559 -0.5130
vn -0.7022 0.5512 -0.4506
vn -0.5817 0.6113 -0.5365
vn -0.4421 0.6592 -0.6083
vn 0.2278 0.6690 0.7075
vn 0.3731 0.7774 0.5064
vn 0.3875 0.8856 0.2559
vn 0.4901 0.8108 0.3201
vn -0.2312 -0.6803 0.6955
vn -0.1732 -0.1739 0.9694
vn -0.3310 -0.0372 0.9429
vn -0.5066 -0.6072 0.6121
vn -0.6239 0.1254 0.7714
vn -0.7604 -0.0074 0.6494
vn -0.1435 0.4766 0.8673
vn -0.2791 0.4739 0.8352
vn -0.3548 0.2093 0.9112
vn -0.0822 0.1643 0.9830
vn -0.0585 0.7093 0.7024
vn -0.0000 0.7378 0.6750
vn -0.0000 0.5271 0.8498
vn -0.0215 0.4986 0.8666
vn 0.3919 0.8462 0.3612
vn 0.5567 0.8218 -0.1210
vn 0.6874 0.7007 -0.1912
vn 0.5492 0.7886 0.2767
vn -0.1267 -0.0032 0.9919
vn -0.3364 0.0325 0.9412
vn -0.2828 -0.1771 0.9427
vn -0.2129 -0.1499 0.9655
vn -0.6855 -0.0296 0.7275
vn -0.6705 -0.2112 0.7112
vn -0.4117 0.8794 -0.2392
vn -0.4161 0.7247 0.5493
vn -0.2334 0.8097 0.5384
vn -0.2275 0.9390 -0.2578
vn -0.5773 0.2394 0.7807
vn -0.5033 0.2728 0.8199
vn -0.6698 -0.7049 0.2336
vn -0.9735 -0.2028 -0.1058
vn -0.9952 0.0611 0.0768
vn -0.8976 -0.0764 0.4341
vn 0.7005 0.2265 0.6767
vn 0.2415 -0.2519 0.9371
vn 0.2129 -0.1499 0.9655
vn 0.6308 0.3490 0.6930
vn -0.2964 -0.3360 0.8940
vn -0.2565 0.4450 0.8580
vn -0.6308 0.3490 0.6930
vn -0.2415 -0.2519 0.9371
vn 0.2940 -0.4863 -0.8229
vn 0.8081 -0.5744 -0.1305
vn 0.4448 -0.8944 -0.0469
vn 0.1280 -0.5123 -0.8492
vn -0.5119 -0.1221 0.8503
vn -0.5547 0.2491 0.7939
vn -0.4538 0.4779 0.7521
vn -0.3171 0.2311 0.9198
vn -0.5633 -0.7189 -0.4072
vn -0.4711 -0.7713 -0.4280
vn -0.4841 -0.8321 -0.2708
vn -0.6109 -0.7425 -0.2749
vn -0.8381 -0.1639 0.5202
vn 0.6705 -0.2112 0.7112
vn 0.2964 -0.3360 0.8940
vn 0.4709 -0.2784 0.8371
vn 0.2828 -0.1771 0.9427
vn 0.5746 -0.7738 0.2665
vn 0.7538 -0.0015 0.6571
vn 0.9067 -0.0121 0.4217
vn -0.0909 -0.8949 -0.4370
vn -0.5819 -0.8097 -0.0759
vn -0.3316 -0.6573 -0.6768
vn -0.5680 -0.8176 -0.0946
vn -0.0656 -0.9975 0.0269
vn 0.0131 -0.9141 0.4054
vn -0.5294 -0.7300 0.4322
vn 0.5015 -0.2965 0.8128
vn 0.6249 -0.4632 0.6284
vn 0.7855 -0.1458 0.6015
vn 0.6132 -0.0665 0.7871
vn 0.7050 0.4975 0.5054
vn 0.7955 0.4779 0.3725
vn 0.9174 -0.3527 -0.1842
vn 0.9555 0.0637 -0.2880
vn 0.9718 -0.1548 0.1780
vn 0.1462 0.8258 0.5447
vn -0.0772 0.9862 -0.1462
vn -0.4115 0.9099 0.0515
vn -0.1369 0.7336 0.6657
vn 0.2269 0.1729 0.9584
vn 0.2310 0.1049 0.9673
vn 0.3125 0.2082 0.9268
vn -0.5334 -0.0225 0.8456
vn -0.1543 0.1880 0.9700
vn -0.1586 0.2893 0.9440
vn -0.5808 0.2393 0.7781
vn -0.5317 -0.8356 -0.1384
vn -0.6581 -0.7411 -0.1332
vn -0.3432 0.9331 -0.1071
vn -0.2935 0.9553 0.0352
vn -0.6496 0.7599 0.0226
vn -0.6643 0.7368 -0.1259
vn -0.9047 0.2321 0.3573
vn -0.9855 0.1608 0.0547
vn -0.9601 0.2706 -0.0713
vn -0.8809 0.3571 0.3106
vn 0.1877 0.9737 0.1292
vn 0.0770 0.9839 0.1615
vn 0.0952 0.9890 0.1132
vn -0.0128 0.9983 0.0573
vn 0.0507 -0.7097 0.7027
vn 0.0083 0.1241 0.9922
vn -0.0479 0.1529 0.9871
vn 0.2794 -0.6520 0.7048
vn 0.8209 0.5691 -0.0473
vn 0.8028 0.5868 -0.1057
vn 0.5755 0.8020 -0.1598
vn 0.6157 0.7836 -0.0828
vn -0.4231 -0.1025 0.9002
vn -0.4019 0.0515 0.9142
vn -0.6967 0.0743 0.7135
vn -0.7245 -0.0736 0.6853
vn -0.3604 -0.3459 0.8663
vn -0.1047 -0.3532 0.9297
vn -0.2052 0.5202 0.8290
vn -0.4408 0.4917 0.7509
vn -0.4423 0.8946 0.0636
vn -0.4536 0.8779 0.1533
vn -0.4318 0.8737 0.2243
vn -0.5287 0.8313 0.1715
vn 0.4821 -0.5329 -0.6954
vn 0.3600 0.4933 -0.7918
vn 0.4378 0.4282 -0.7906
vn 0.3233 -0.5750 -0.7516
vn 0.0648 0.4848 0.8722
vn -0.0081 0.4844 0.8748
vn 0.2154 0.1972 0.9564
vn 0.2618 0.1089 0.9590
vn 0.1743 0.8968 -0.4066
vn -0.1072 0.8618 -0.4958
vn 0.0918 0.9953 0.0300
vn 0.3050 0.9522 0.0173
vn -0.2277 -0.6788 -0.6981
vn -0.4072 -0.4747 -0.7803
vn -0.4159 -0.6342 -0.6518
vn -0.8277 -0.3367 -0.4488
vn -0.6980 -0.3177 -0.6418
vn -0.6433 -0.5319 -0.5507
vn 0.4139 0.8850 0.2131
vn 0.4457 0.7364 -0.5091
vn -0.0220 0.7811 -0.6240
vn -0.0530 0.9983 0.0256
vn 0.2392 -0.7422 -0.6261
vn 0.1109 -0.7509 -0.6511
vn 0.1199 -0.5718 -0.8116
vn 0.2737 0.3333 0.9022
vn 0.1759 0.3366 0.9251
vn 0.1605 -0.1379 0.9773
vn -0.2298 0.8824 0.4106
vn -0.1133 0.9526 0.2825
vn -0.6418 0.6433 -0.4174
vn -0.7297 0.6099 -0.3092
vn -0.0000 0.0382 -0.9993
vn -0.0000 -0.5119 -0.8591
vn -0.0876 -0.5016 -0.8607
vn -0.0650 0.0404 -0.9971
vn -0.1199 -0.5718 -0.8116
vn -0.0000 -0.5723 -0.8201
vn -0.0000 -0.7511 -0.6602
vn -0.1109 -0.7509 -0.6511
vn -0.5133 0.8471 -0.1379
vn -0.4346 0.8667 0.2448
vn -0.5367 0.8437 -0.0105
vn -0.8716 -0.3457 -0.3476
vn -0.2322 -0.1456 -0.9617
vn -0.0090 -0.4447 -0.8956
vn -0.6419 -0.7344 -0.2208
vn 0.3409 -0.9293 -0.1421
vn 0.3382 -0.9410 0.0137
vn 0.1724 -0.9850 -0.0003
vn 0.1699 -0.9685 -0.1821
vn -0.9578 -0.1952 -0.2110
vn -0.0454 0.9985 -0.0297
vn -0.1696 0.9855 -0.0080
vn -0.9898 -0.1224 0.0733
vn 0.2049 -0.9446 0.2562
vn -0.0565 -0.5678 0.8212
vn -0.0941 -0.9949 0.0364
vn -0.0000 -0.9992 0.0391
vn -0.0000 -0.5823 0.8129
vn -0.0810 0.7458 -0.6612
vn -0.0000 0.7406 -0.6720
vn -0.0000 0.6850 -0.7285
vn -0.0922 0.6850 -0.7227
vn 0.1786 0.9565 -0.2307
vn 0.1289 0.9915 -0.0192
vn 0.2494 0.9665 -0.0611
vn 0.2830 0.9051 -0.3173
vn 0.3562 0.0595 0.9325
vn 0.3053 0.1532 0.9398
vn -0.2269 0.1729 0.9584
vn -0.2310 0.1049 0.9673
vn -0.1098 0.6454 -0.7559
vn -0.0000 0.6386 -0.7695
vn 0.6421 0.7521 -0.1488
vn 0.6274 0.7448 -0.2272
vn 0.5490 0.8113 -0.2008
vn 0.5670 0.8150 -0.1192
vn 0.4694 0.7171 -0.5152
vn -0.0045 0.8305 -0.5570
vn 0.0304 0.9919 0.1235
vn 0.4559 0.8274 0.3280
vn -0.1603 -0.9355 0.3150
vn -0.0188 -0.9516 0.3067
vn -0.0289 -0.9589 0.2822
vn 0.1251 -0.8219 -0.5558
vn -0.0000 -0.8209 -0.5711
vn 0.1326 -0.2546 -0.9579
vn 0.4317 -0.4921 0.7559
vn 0.0565 -0.5678 0.8212
vn 0.0941 -0.9949 0.0364
vn 0.4876 -0.8719 0.0444
vn -0.3948 0.8997 -0.1860
vn -0.2409 0.9510 -0.1937
vn -0.2231 0.9459 -0.2356
vn -0.3799 0.9018 -0.2060
vn -0.6360 -0.6265 0.4505
vn -0.6275 -0.6622 0.4095
vn -0.5614 -0.7522 0.3451
vn -0.5636 -0.7177 0.4090
vn -0.4084 -0.8263 -0.3878
vn 0.4218 0.0153 0.9066
vn 0.3292 -0.0929 0.9397
vn -0.3529 -0.7863 -0.5071
vn 0.7273 0.4559 -0.5130
vn 0.6506 0.4456 -0.6149
vn 0.0638 0.9940 -0.0884
vn 0.5005 0.8605 -0.0953
vn 0.2585 0.9639 -0.0635
vn 0.0998 0.9723 0.2111
vn -0.0000 0.9732 0.2301
vn -0.0000 0.9868 -0.1617
vn 0.1319 0.9745 -0.1815
vn -0.1332 -0.1094 0.9850
vn -0.0600 0.8986 -0.4346
vn -0.0443 0.8959 -0.4419
vn -0.2297 -0.1603 0.9600
vn -0.0233 0.7561 0.6541
vn -0.0999 0.9723 0.2112
vn -0.0000 0.7118 0.7023
vn -0.2118 0.4539 0.8655
vn -0.3087 0.2925 0.9051
vn -0.3441 0.3498 0.8713
vn -0.2911 0.5001 0.8156
vn -0.1014 -0.3379 -0.9357
vn 0.6239 -0.6852 -0.3759
vn -0.0213 -0.9496 -0.3128
vn 0.4758 -0.4075 -0.7795
vn 0.0846 -0.1687 -0.9820
vn 0.6390 -0.4391 -0.6316
vn -0.7802 0.5119 0.3596
vn -0.8352 0.4845 0.2603
vn -0.0000 0.7679 0.6406
vn -0.8117 0.4108 0.4151
vn 0.2311 -0.1202 -0.9655
vn 0.6669 -0.4581 -0.5877
vn -0.2311 -0.1202 -0.9655
vn -0.6669 -0.4581 -0.5877
vn -0.5686 -0.4796 -0.6683
vn -0.2420 0.0585 -0.9685
vn -0.2369 0.6832 0.6908
vn -0.2381 0.7353 0.6346
vn -0.5730 0.6690 0.4734
vn -0.6747 0.6396 0.3685
vn -0.7050 0.4975 0.5054
vn -0.5898 0.5013 0.6331
vn 0.6757 0.0541 -0.7352
vn 0.0369 -0.3152 -0.9483
vn 0.6111 0.2807 -0.7401
vn 0.1076 -0.4774 -0.8720
vn -0.0707 -0.3524 -0.9332
vn -0.6757 0.0541 -0.7352
vn -0.0369 -0.3152 -0.9483
vn 0.9013 -0.2063 -0.3809
vn 0.0707 -0.3524 -0.9332
vn 0.3194 -0.4094 -0.8546
vn -0.9013 -0.2063 -0.3809
vn -0.3194 -0.4094 -0.8546
vn 0.1129 -0.8940 -0.4337
vn -0.2444 -0.9693 -0.0258
vn -0.7437 -0.6598 -0.1074
vn -0.2802 -0.4790 0.8319
vn -0.9421 0.0514 0.3315
vn 0.4421 0.6592 -0.6083
vn 0.1589 0.7949 -0.5856
vn 0.0132 0.8806 -0.4737
vn 0.5770 0.6469 -0.4987
vn 0.7763 -0.5181 -0.3590
vn 0.7207 -0.6481 0.2460
vn -0.5620 -0.5587 -0.6099
vn -0.6668 -0.5040 -0.5490
vn 0.3968 0.2372 0.8867
vn 0.3441 0.3498 0.8713
vn 0.3931 0.3637 0.8445
vn 0.4147 0.2473 0.8757
vn 0.6557 -0.2384 0.7164
vn 0.6741 -0.3261 0.6628
vn 0.7639 -0.3609 0.5350
vn 0.7868 -0.2168 0.5779
vn 0.8481 0.4634 0.2568
vn 0.8230 -0.3627 0.4371
vn 0.9420 -0.2916 0.1662
vn 0.9034 0.4282 0.0223
vn -0.0421 -0.6272 -0.7777
vn -0.2646 -0.4684 -0.8429
vn -0.1076 -0.4774 -0.8720
vn -0.2632 0.4898 0.8312
vn -0.3758 0.7492 -0.5454
vn -0.1686 0.9328 -0.3185
vn -0.6227 0.2091 0.7540
vn -0.0472 0.5637 0.8246
vn 0.0239 0.3832 0.9233
vn 0.0288 -0.7095 -0.7041
vn 0.2446 -0.6703 -0.7006
vn -0.1903 -0.7283 -0.6583
vn 0.6496 0.7599 0.0226
vn 0.6252 0.7726 0.1107
vn 0.2627 0.9561 0.1300
vn 0.2935 0.9553 0.0352
vn -0.7006 -0.6731 -0.2369
vn -0.5733 -0.6940 -0.4354
vn 0.8013 -0.5955 -0.0581
vn 0.7006 -0.6731 -0.2369
vn 0.4804 -0.5301 0.6987
vn 0.2965 -0.7051 0.6442
vn 0.2802 -0.4790 0.8319
vn 0.1898 -0.0637 0.9798
vn -0.4803 -0.5301 0.6987
vn -0.2965 -0.7051 0.6442
vn -0.1898 -0.0637 0.9798
vn -0.4471 0.1111 0.8875
vn -0.4987 0.2061 0.8419
vn 0.9421 0.0514 0.3315
vn 0.7108 0.3444 0.6132
vn 0.4987 0.2061 0.8419
vn 0.4471 0.1111 0.8875
vn -0.9196 0.3109 -0.2400
vn -0.7108 0.3444 0.6132
vn 0.7437 -0.6598 -0.1074
vn 0.6842 -0.0369 -0.7283
vn 0.9196 0.3109 -0.2400
vn 0.5997 0.2189 -0.7697
vn 0.1014 -0.3379 -0.9357
vn -0.0846 -0.1687 -0.9820
vn -0.4129 0.8843 0.2179
vn -0.2775 0.6980 0.6602
vn 0.0665 0.8309 0.5524
vn -0.8959 0.4358 -0.0867
vn 0.8959 0.4358 -0.0867
vn 0.8100 0.5865 -0.0012
vn 0.6617 0.3437 0.6663
vn -0.1381 0.8279 0.5436
vn -0.5963 0.2550 0.7612
vn -0.0968 0.9118 0.3991
vn 0.2344 -0.0962 0.9674
vn 0.4715 0.1497 0.8690
vn -0.3763 -0.6771 0.6324
vn 0.3139 -0.1590 0.9361
vn -0.2801 -0.8736 0.3980
vn -0.6238 0.0722 -0.7783
vn -0.2537 -0.6334 -0.7311
vn -0.4086 -0.6939 -0.5929
vn -0.6936 0.0537 -0.7184
vn -0.5195 0.5415 -0.6610
vn -0.0584 0.5230 -0.8503
vn -0.0736 0.4425 -0.8938
vn -0.5220 0.4096 -0.7481
vn 0.1298 0.8717 -0.4726
vn -0.2953 -0.7382 -0.6065
vn 0.0952 0.8883 -0.4493
vn 0.1780 0.1541 0.9719
vn 0.0130 0.3054 0.9521
vn -0.1284 0.2717 0.9538
vn 0.1207 0.1150 0.9860
vn 0.2407 -0.0135 0.9705
vn 0.1284 0.2717 0.9538
vn -0.1207 0.1150 0.9860
vn 0.5688 0.3078 0.7627
vn 0.9475 0.1041 0.3023
vn 0.3416 -0.7236 0.5998
vn -0.6785 -0.4021 0.6148
vn -0.3924 0.0352 0.9191
vn -0.5560 0.0637 0.8287
vn -0.9091 -0.2154 0.3565
vn -0.6649 0.7459 -0.0381
vn -0.7848 0.6160 -0.0682
vn -0.7913 0.6111 0.0181
vn -0.7060 0.7010 0.1011
vn -0.3257 0.3355 0.8840
vn -0.3053 0.1532 0.9398
vn 0.5660 -0.8236 -0.0370
vn 0.2869 -0.9567 -0.0480
vn 0.6839 -0.7295 -0.0076
vn 0.4701 -0.6428 -0.6049
vn 0.4272 -0.2200 0.8770
vn 0.4947 -0.3490 0.7959
vn -0.4947 -0.3490 0.7959
vn -0.7221 -0.5854 0.3686
vn -0.5536 -0.4197 0.7193
vn 0.7398 0.5652 0.3651
vn 0.5201 0.7726 0.3641
vn 0.5251 0.8203 0.2267
vn 0.7569 0.5878 0.2856
vn 0.7080 -0.6707 0.2210
vn 0.6936 -0.6950 0.1898
vn -0.7080 -0.6707 0.2210
vn -0.4701 -0.6428 -0.6049
vn -0.1129 -0.8940 -0.4337
vn -0.6839 -0.7295 -0.0076
vn 0.7477 0.5678 0.3444
vn 0.7569 0.6197 0.2077
vn 0.6090 0.7233 0.3255
vn 0.6146 0.6757 0.4071
vn -0.6936 -0.6950 0.1898
vn 0.4417 0.1376 0.8865
vn 0.3372 -0.1699 0.9260
vn 0.3982 0.1900 0.8974
vn 0.2885 0.2233 0.9311
vn 0.2831 -0.1585 0.9459
vn 0.9214 0.3137 0.2293
vn 0.6963 0.6884 0.2033
vn 0.1291 0.3901 0.9117
vn 0.2131 0.1910 0.9582
vn 0.0437 0.6537 0.7555
vn 0.2230 -0.1958 0.9550
vn 0.1668 -0.1556 0.9736
vn 0.2577 0.6683 0.6978
vn 0.5294 0.4227 0.7356
vn 0.8837 0.4228 0.2010
vn 0.3634 -0.7823 0.5059
vn 0.6653 -0.5194 0.5363
vn 0.3279 -0.7269 0.6035
vn -0.8837 0.4228 0.2010
vn -0.7160 0.6742 0.1809
vn -0.6111 0.2807 -0.7401
vn 0.2087 0.9118 -0.3538
vn -0.1869 0.2521 -0.9495
vn -0.4011 0.0490 0.9147
vn 0.5053 0.4642 -0.7274
vn 0.7353 -0.0709 0.6741
vn 0.4231 -0.1025 0.9002
vn 0.1405 -0.5234 0.8404
vn 0.7292 -0.4430 0.5215
vn 0.5460 0.3653 0.7539
vn 0.2645 0.4472 0.8545
vn -0.3615 0.5785 0.7312
vn -0.5294 0.4227 0.7356
vn 0.6322 0.7400 0.2297
vn 0.3809 0.7239 -0.5753
vn 0.3936 0.8243 0.4069
vn 0.6024 -0.1762 0.7786
vn 0.4068 0.4218 0.8103
vn -0.4783 -0.8752 -0.0733
vn 0.9998 0.0129 0.0182
vn 0.9437 -0.1109 0.3117
vn -0.3426 -0.8981 -0.2758
vn 0.3426 -0.8981 -0.2758
vn -0.5798 -0.1064 0.8078
vn -0.9437 -0.1109 0.3117
vn -0.1144 -0.8467 -0.5196
vn 0.1531 -0.0886 0.9842
vn 0.1041 -0.8125 -0.5736
vn 0.2136 -0.7551 -0.6198
vn -0.2450 -0.2104 0.9464
vn 0.2953 -0.7382 -0.6065
vn -0.3292 -0.0929 0.9397
vn 0.3529 -0.7863 -0.5071
vn -0.4218 0.0153 0.9066
vn 0.4084 -0.8263 -0.3878
vn -0.6140 -0.0125 0.7892
vn 0.4199 -0.8431 -0.3359
vn -0.4199 -0.8431 -0.3359
vn 0.7567 -0.3659 -0.5417
vn 0.6140 -0.0125 0.7892
vn -0.4851 0.8743 -0.0138
vn -0.5976 0.7992 0.0647
vn -0.5637 -0.8238 0.0610
vn -0.2436 0.9551 -0.1684
vn 0.4687 -0.8591 0.2055
vn 0.2465 -0.9490 0.1965
vn -0.0952 0.8883 -0.4493
vn -0.1298 0.8717 -0.4726
vn -0.0988 0.8226 -0.5600
vn -0.1297 0.8055 -0.5783
vn 0.1297 0.8055 -0.5783
vn -0.9252 0.1245 0.3585
vn -0.2009 -0.9603 0.1935
vn -0.9921 0.1253 -0.0029
vn -0.1945 -0.9809 0.0004
vn -0.9770 0.1416 -0.1595
vn -0.4329 0.0682 0.8989
vn -0.5738 0.0229 0.8187
vn -0.4808 -0.4289 0.7648
vn -0.5084 -0.3489 0.7873
vn 0.4329 0.0682 0.8989
vn 0.5084 -0.3489 0.7873
vn 0.4808 -0.4289 0.7648
vn 0.5738 0.0229 0.8187
vn -0.2515 0.1166 0.9608
vn -0.2144 0.3830 0.8985
vn -0.4101 0.3147 0.8560
vn -0.1409 0.9346 0.3265
vn -0.2740 0.9085 0.3154
vn -0.3408 0.6397 0.6889
vn -0.1779 0.7007 0.6909
vn 0.7596 0.6495 -0.0337
vn 0.8425 0.4817 -0.2412
vn 0.5195 0.5415 -0.6610
vn 0.4420 0.7524 -0.4883
vn -0.1000 0.4746 -0.8745
vn -0.0073 0.6574 -0.7535
vn -0.2808 0.2750 -0.9195
vn -0.4932 -0.6332 -0.5965
vn -0.1216 -0.4562 0.8815
vn 0.1371 -0.5860 0.7986
vn -0.2454 -0.8467 0.4720
vn 0.5498 -0.2188 0.8061
vn 0.1216 -0.4562 0.8815
vn -0.6869 -0.0574 0.7245
vn -0.5552 -0.2181 0.8026
vn -0.6798 -0.2735 0.6805
vn -0.6537 -0.0458 0.7553
vn -0.6393 -0.1538 0.7534
vn -0.6304 -0.5635 0.5339
vn 0.5072 0.8010 0.3179
vn 0.5177 0.5358 0.6670
vn 0.7142 0.5437 0.4407
vn -0.5077 0.8007 0.3180
vn -0.5180 0.5358 0.6667
vn -0.4625 -0.0022 0.8866
vn -0.5242 -0.3220 0.7884
vn -0.2276 -0.3444 0.9108
vn -0.2815 0.0109 0.9595
vn 0.7544 -0.2808 0.5933
vn 0.6978 -0.0745 0.7124
vn -0.1599 0.8168 0.5543
vn -0.0960 0.8691 0.4853
vn 0.1342 0.7471 0.6510
vn -0.1141 0.7682 0.6300
vn -0.6825 0.1570 -0.7138
vn -0.7899 0.6045 -0.1030
vn -0.4745 0.8786 -0.0537
vn -0.5712 0.4123 -0.7097
vn -0.2305 0.8809 0.4134
vn 0.2127 0.6434 0.7354
vn 0.3173 0.5757 0.7536
vn -0.1228 0.8914 0.4364
vn 0.0240 0.8484 0.5288
vn 0.2334 0.8097 0.5384
vn 0.2275 0.9390 -0.2578
vn 0.0139 0.9803 -0.1970
vn -0.6338 0.7692 0.0815
vn -0.6084 0.6846 0.4015
vn -0.5185 0.7400 0.4284
vn -0.5680 0.8228 0.0210
vn -0.0843 0.9651 -0.2481
vn -0.0770 0.9611 -0.2652
vn -0.2080 0.9467 -0.2461
vn 0.7252 -0.3949 0.5641
vn 0.2977 -0.0321 0.9541
vn 0.5836 -0.1923 0.7890
vn 0.4834 -0.3496 0.8026
vn -0.8023 -0.3504 0.4833
vn -0.7252 -0.3949 0.5641
vn -0.4834 -0.3496 0.8026
vn -0.7604 -0.2931 0.5795
vn -0.8412 -0.2038 0.5008
vn -0.9293 -0.2429 0.2781
vn -0.5681 0.3702 0.7350
vn 0.9128 -0.2410 0.3298
vn 0.9450 0.1756 0.2758
vn 0.8327 -0.2081 0.5131
vn -0.9813 0.1758 -0.0780
vn -0.9474 0.1690 0.2719
vn -0.7868 0.6166 0.0277
vn -0.7351 0.5862 -0.3405
vn -0.2154 0.1972 0.9564
vn -0.1967 0.3550 0.9140
vn -0.0425 0.5603 0.8272
vn 0.0081 0.4844 0.8748
vn -0.2830 0.9051 -0.3173
vn -0.2494 0.9665 -0.0611
vn -0.1289 0.9915 -0.0192
vn -0.1795 0.9564 -0.2303
vn -0.0004 0.9807 -0.1957
vn -0.0000 1.0000 0.0027
vn -0.3661 0.9275 0.0758
vn -0.2343 0.9655 0.1138
vn -0.4638 0.7997 -0.3813
vn -0.4666 0.7925 0.3927
vn -0.4239 0.8276 0.3680
vn -0.5890 0.6729 -0.4475
vn -0.6791 0.5660 -0.4675
vn 0.9780 0.1781 -0.1084
vn 0.6380 0.4868 0.5966
vn 0.6096 0.7215 0.3283
vn 0.5681 0.3702 0.7350
vn -0.5320 0.3036 0.7905
vn -0.4048 0.2440 0.8813
vn -0.5836 -0.1923 0.7890
vn -0.8418 0.0667 0.5357
vn -0.5670 -0.4378 0.6978
vn -0.6808 -0.0705 0.7291
vn -0.8112 0.3417 0.4746
vn -0.0000 -0.5589 0.8292
vn -0.5104 -0.3356 0.7918
vn -0.2897 0.1667 0.9425
vn 0.0001 -0.1934 0.9811
vn -0.2977 -0.0321 0.9541
vn -0.0000 -0.1735 0.9848
vn -0.5787 -0.2200 0.7854
vn -0.5839 -0.2101 0.7842
vn -0.0000 -0.3582 0.9336
vn 0.5547 0.2491 0.7939
vn 0.5104 -0.3356 0.7918
vn 0.5119 -0.1221 0.8503
vn -0.8463 0.0493 0.5304
vn -0.4681 -0.2036 0.8599
vn -0.7595 -0.5924 0.2688
vn -0.9063 -0.2820 0.3148
vn -0.6918 -0.7065 -0.1494
vn -0.9453 -0.3229 0.0453
vn -0.5263 -0.8503 0.0106
vn -0.7629 -0.6150 0.1992
vn -0.8207 -0.5592 0.1171
vn -0.9222 -0.3115 0.2289
vn -0.7066 -0.7049 -0.0624
vn -0.6973 -0.4882 0.5248
vn -0.6321 -0.1734 0.7552
vn 0.3758 0.7492 -0.5454
vn -0.2428 -0.5672 -0.7870
vn -0.1598 -0.7035 -0.6925
vn 0.3694 0.6787 -0.6347
vn -0.0748 -0.4967 0.8647
vn 0.0340 -0.6961 0.7171
vn -0.5395 -0.7909 0.2889
vn -0.3875 -0.9160 -0.1036
vn -0.2290 -0.9605 -0.1580
vn 0.6060 -0.7618 0.2292
vn 0.2290 -0.9605 -0.1580
vn 0.7066 -0.7049 -0.0624
vn 0.2761 -0.8896 0.3637
vn -0.0641 -0.9701 0.2340
vn 0.1594 -0.9849 0.0674
vn -0.0000 -0.0368 0.9993
vn -0.0000 0.1279 0.9918
vn -0.8726 0.4794 0.0933
vn -0.9664 0.2358 0.1018
vn -0.0000 0.4053 0.9142
vn -0.0000 0.7208 0.6932
vn -0.0000 0.9442 0.3293
vn -0.1594 -0.9849 0.0674
vn 0.1458 -0.9713 0.1881
vn -0.3053 -0.6396 0.7054
vn 0.0641 -0.9701 0.2340
vn -0.0354 -0.8085 0.5874
vn 0.0901 -0.2062 0.9744
vn 0.0354 -0.8085 0.5874
vn 0.3053 -0.6396 0.7054
vn 0.2816 -0.0346 0.9589
vn 0.3190 -0.5939 0.7386
vn 0.3197 -0.7218 0.6138
vn -0.2770 -0.2772 0.9200
vn -0.3364 -0.5390 0.7722
vn 0.1052 0.2117 0.9717
vn 0.2770 -0.2772 0.9200
vn 0.6321 -0.1734 0.7552
vn -0.0413 0.1305 0.9906
vn 0.0413 0.1305 0.9906
vn 0.1332 0.3692 0.9198
vn 0.0059 0.5566 0.8308
vn -0.1052 0.2117 0.9717
vn 0.3861 0.3663 0.8466
vn 0.4397 0.3803 0.8136
vn 0.2543 0.6118 0.7490
vn 0.1811 0.5853 0.7904
vn -0.0901 -0.2062 0.9744
vn -0.2096 -0.9771 -0.0366
vn -0.6072 -0.7864 -0.1136
vn 0.0289 -0.5628 -0.8261
vn 0.0907 -0.5023 -0.8599
vn -0.1371 -0.5860 0.7986
vn 0.2454 -0.8467 0.4720
vn -0.1086 -0.0401 0.9933
vn 0.1086 -0.0401 0.9933
vn -0.0093 0.3227 0.9465
vn -0.8172 0.2068 0.5380
vn -0.8685 0.2173 0.4455
vn 0.8172 0.2068 0.5380
vn 0.9222 -0.3115 0.2289
vn -0.3057 0.2140 0.9278
vn -0.3490 0.5349 0.7694
vn -0.9062 0.3241 -0.2716
vn -0.8869 0.2830 -0.3652
vn 0.3495 0.4683 -0.8115
vn -0.0729 0.7310 -0.6784
vn 0.0073 0.6574 -0.7535
vn 0.2808 0.2750 -0.9195
vn 0.3171 0.2311 0.9198
vn 0.1462 0.4426 0.8847
vn 0.4538 0.4779 0.7521
vn 0.0093 0.3227 0.9465
vn 0.6918 -0.7065 -0.1494
vn 0.3875 -0.9160 -0.1036
vn 0.5395 -0.7909 0.2889
vn 0.7595 -0.5924 0.2688
vn 0.6806 0.0019 -0.7326
vn -0.0872 -0.9955 -0.0374
vn 0.9664 0.2567 0.0130
vn -0.2563 0.9633 0.0798
vn -0.1445 0.9793 0.1415
vn -0.9986 -0.0507 -0.0122
vn -0.9706 -0.1916 -0.1455
vn -0.9505 -0.0203 0.3100
vn -0.2133 0.9602 0.1800
vn -0.5061 -0.2875 0.8131
vn 0.0796 -0.1444 0.9863
vn -0.2009 0.9426 0.2668
vn 0.2499 -0.1369 0.9586
vn -0.0502 0.9846 0.1674
vn 0.9928 0.0508 0.1086
vn 0.2952 -0.9453 -0.1387
vn 0.1339 -0.9885 -0.0708
vn 0.1453 -0.9890 -0.0262
vn 0.1742 -0.9819 -0.0739
vn -0.0190 -0.7574 -0.6526
vn -0.1241 -0.7391 -0.6620
vn -0.1212 -0.7388 -0.6629
vn 0.1827 -0.0409 -0.9823
vn 0.0476 0.9958 0.0784
vn 0.0502 0.9846 0.1674
vn -0.0098 0.1535 -0.9881
vn -0.3984 0.9065 0.1400
vn -0.2363 0.9540 0.1846
vn -0.2362 0.9695 -0.0649
vn -0.3902 0.9170 -0.0821
vn 0.2891 -0.0296 -0.9568
vn -0.0067 0.9999 -0.0084
vn 0.0451 0.9975 0.0547
vn 0.2140 -0.0166 -0.9767
vn 0.3974 -0.8907 0.2206
vn 0.4723 -0.4205 0.7746
vn 0.7304 -0.2181 0.6473
vn 0.6588 -0.7267 0.1945
vn 0.2539 -0.5235 0.8133
vn 0.1460 -0.5904 0.7938
vn 0.1678 -0.6296 0.7585
vn 0.2577 -0.6063 0.7523
vn -0.0476 0.9958 0.0784
vn 0.3720 -0.0055 0.9282
vn 0.1282 0.0275 0.9914
vn 0.1405 0.1050 0.9845
vn 0.3375 0.0773 0.9381
vn -0.8159 0.5705 -0.0943
vn -0.9950 0.0963 0.0276
vn -0.9950 0.0973 0.0223
vn -0.8033 0.5863 -0.1048
vn -0.0809 0.9947 -0.0636
vn -0.4111 -0.2846 0.8660
vn -0.3770 -0.0154 0.9261
vn -0.1279 0.9909 -0.0407
vn -0.5752 -0.4332 0.6939
vn 0.7117 -0.0657 -0.6994
vn 0.1279 0.9909 -0.0407
vn 0.5752 -0.4332 0.6939
vn -0.4684 -0.5242 -0.7112
vn -0.0297 -0.9992 0.0256
vn -0.1412 -0.9620 0.2335
vn -0.4261 -0.7054 -0.5665
vn -0.0460 -0.9278 0.3703
vn -0.5162 -0.4622 0.7210
vn -0.0459 -0.9544 0.2948
vn -0.0343 -0.9993 0.0151
vn -0.0988 -0.9945 -0.0361
vn -0.3013 -0.0562 0.9519
vn -0.0837 -0.9932 -0.0807
vn -0.2499 -0.1369 0.9586
vn 0.3223 0.4862 0.8122
vn 0.0072 0.7005 0.7136
vn 0.1175 0.6997 0.7047
vn 0.2898 0.5712 0.7679
vn 0.3703 -0.3343 -0.8667
vn 0.0282 -0.9968 0.0744
vn 0.0297 -0.9992 0.0256
vn 0.4684 -0.5242 -0.7112
vn -0.5966 -0.2872 -0.7494
vn -0.2128 0.7701 -0.6013
vn 0.2554 0.9141 0.3150
vn 0.0422 0.8925 0.4491
vn 0.0208 0.9724 0.2323
vn 0.2338 0.9610 0.1478
vn -0.1742 -0.9819 -0.0739
vn 0.5851 -0.6200 0.5227
vn -0.0347 -0.6167 0.7864
vn 0.4462 -0.7672 0.4608
vn -0.0409 0.9905 0.1315
vn 0.6979 0.3875 0.6023
vn 0.5971 0.1838 -0.7809
vn 0.6047 -0.4381 0.6651
vn -0.0243 0.9520 0.3053
vn 0.0243 0.9520 0.3053
vn -0.6047 -0.4381 0.6651
vn -0.5718 -0.4289 0.6993
vn -0.1345 0.8251 0.5488
vn -0.5275 -0.5207 0.6712
vn -0.0216 0.7858 0.6181
vn 0.0216 0.7858 0.6181
vn 0.4319 -0.4914 0.7563
vn 0.5275 -0.5207 0.6712
vn -0.1095 0.6907 0.7148
vn 0.3583 -0.6669 0.6534
vn -0.7567 -0.3659 -0.5417
vn 0.0988 0.8226 -0.5600
vn 0.1576 -0.0650 0.9854
vn 0.3825 -0.3134 0.8692
vn 0.4225 -0.4999 0.7560
vn 0.1936 -0.1846 0.9636
vn 0.2450 -0.2104 0.9464
vn 0.0443 0.8959 -0.4419
vn 0.2297 -0.1603 0.9600
vn 0.0600 0.8986 -0.4346
vn 0.1332 -0.1094 0.9850
vn 0.1625 0.9317 -0.3248
vn -0.1531 -0.0886 0.9842
vn 0.2436 0.9551 -0.1684
vn 0.5798 -0.1064 0.8078
vn 0.4851 0.8743 -0.0138
vn -0.9998 0.0129 0.0182
vn 0.5976 0.7992 0.0647
vn -0.9940 0.0065 -0.1092
vn 0.2848 -0.9227 -0.2600
vn 0.2816 -0.8161 -0.5047
vn 0.1677 -0.8267 -0.5371
vn 0.1658 -0.9208 -0.3530
vn 0.2132 0.9563 0.2001
vn 0.1615 0.9846 0.0676
vn -0.0378 0.9935 0.1070
vn 0.0266 0.9688 0.2464
vn 0.2639 0.9000 0.3471
vn 0.0756 0.9091 0.4097
vn -0.2136 -0.7551 -0.6198
vn -0.1041 -0.8125 -0.5736
vn 0.5827 0.7967 -0.1603
vn 0.8150 0.5719 -0.0931
vn 0.8178 -0.5515 0.1643
vn 0.5494 -0.5178 -0.6558
vn 0.5747 -0.2800 -0.7690
vn 0.6980 -0.3177 -0.6418
vn 0.6433 -0.5319 -0.5507
vn -0.1979 0.8734 0.4449
vn -0.0464 0.9017 0.4298
vn -0.1215 0.9546 0.2719
vn -0.2829 0.9243 0.2562
vn 0.6828 0.7043 -0.1941
vn 0.4095 0.2847 -0.8667
vn 0.1890 0.3976 -0.8979
vn 0.4117 0.8794 -0.2392
vn 0.6943 -0.0177 -0.7195
vn 0.6037 0.3303 -0.7255
vn 0.7529 0.2615 -0.6039
vn 0.8437 -0.0797 -0.5308
vn -0.3318 0.2223 0.9168
vn -0.4460 0.2379 0.8628
vn 0.3109 0.6889 0.6548
vn 0.2918 0.8004 0.5236
vn 0.1307 0.8084 0.5739
vn 0.1367 0.6781 0.7221
vn 0.0847 0.6071 0.7901
vn -0.1355 0.4886 -0.8619
vn -0.1567 0.3358 -0.9288
vn -0.0000 0.3372 -0.9414
vn -0.0000 0.4893 -0.8721
vn -0.0402 -0.8409 0.5396
vn -0.0201 -0.8870 0.4613
vn 0.3154 -0.3051 0.8986
vn 0.5213 -0.0722 0.8503
vn 0.4704 0.0960 0.8772
vn 0.3544 -0.3214 0.8781
vn -0.7116 0.4647 0.5269
vn -0.7372 0.3671 0.5672
vn -0.6324 0.4161 0.6534
vn -0.0263 0.5051 0.8627
vn 0.0514 -0.4440 0.8946
vn -0.1677 -0.8267 -0.5371
vn -0.1658 -0.9208 -0.3530
vn -0.0650 -0.9109 -0.4075
vn -0.0543 -0.8349 -0.5477
vn 0.1634 -0.4097 0.8974
vn 0.3580 0.0245 0.9334
vn 0.2857 0.0460 0.9572
vn 0.1787 -0.4021 0.8980
vn 0.0484 0.9780 0.2030
vn 0.2385 0.9538 0.1828
vn 0.2387 0.9689 -0.0655
vn 0.0632 0.9967 -0.0508
vn -0.8149 0.3468 0.4645
vn -0.6836 0.5391 0.4920
vn 0.6696 0.2195 0.7095
vn 0.5186 0.5965 0.6126
vn 0.6211 0.6559 0.4291
vn 0.7946 0.3000 0.5279
vn -0.6553 0.7255 0.2103
vn -0.6961 0.7016 0.1522
vn -0.7759 0.5930 0.2153
vn -0.7443 0.6025 0.2882
vn 0.5784 0.4174 -0.7009
vn -0.0463 0.3737 -0.9264
vn 0.5012 0.5053 -0.7025
vn -0.8316 0.2719 0.4842
vn -0.9022 -0.1838 0.3901
vn -0.7252 -0.3671 0.5824
vn -0.6684 0.2657 0.6947
vn -0.5932 0.7439 0.3077
vn -0.4374 0.8673 0.2375
vn -0.5056 0.8524 0.1336
vn -0.6755 0.6020 0.4258
vn -0.6372 -0.5802 0.5073
vn -0.5605 -0.6773 0.4765
vn -0.6235 -0.4842 0.6139
vn 0.7347 -0.5115 0.4456
vn 0.7695 -0.5371 0.3456
vn 0.8071 -0.4698 0.3576
vn 0.7512 -0.4513 0.4816
vn -0.9484 0.3161 -0.0243
vn -0.8552 0.2514 -0.4533
vn -0.8055 0.2730 -0.5259
vn -0.9103 0.3892 -0.1407
vn -0.0360 0.9755 -0.2170
vn 0.1151 0.9933 0.0059
vn -0.5302 0.6341 0.5628
vn -0.4935 0.7593 0.4242
vn -0.7440 -0.3996 0.5355
vn -0.4482 0.2608 0.8551
vn -0.8644 -0.2066 0.4585
vn 0.3948 0.1110 0.9120
vn 0.7604 -0.0074 0.6494
vn 0.8381 -0.1639 0.5202
vn 0.4446 0.0574 0.8939
vn 0.3475 -0.0081 0.9377
vn 0.3040 0.3869 0.8706
vn 0.2817 0.8464 0.4520
vn 0.4572 0.7686 0.4474
vn 0.4558 0.8088 0.3716
vn 0.1718 0.5634 0.8081
vn 0.2991 0.5279 0.7949
vn 0.3637 0.9314 -0.0119
vn -0.8437 -0.0797 -0.5308
vn -0.6943 -0.0177 -0.7195
vn 0.2918 -0.7560 0.5859
vn 0.4370 -0.6715 0.5984
vn 0.3868 -0.5225 0.7599
vn 0.3170 -0.9384 -0.1375
vn 0.4936 -0.8501 -0.1836
vn 0.6785 -0.4021 0.6148
vn 0.5225 -0.4346 0.7336
vn 0.5631 0.7425 0.3629
vn 0.5567 0.7702 0.3114
vn 0.1779 0.7007 0.6909
vn 0.2144 0.3830 0.8985
vn 0.4901 0.8527 -0.1809
vn 0.5087 0.8567 -0.0849
vn 0.5730 0.6690 0.4734
vn 0.5898 0.5013 0.6331
vn 0.6747 0.6396 0.3685
vn 0.6574 0.7032 0.2708
vn 0.6520 0.7146 0.2536
vn -0.5525 -0.4965 0.6695
vn 0.1338 -0.9789 0.1541
vn 0.1283 -0.9900 0.0586
vn 0.0837 -0.9932 -0.0807
vn -0.1827 -0.0409 -0.9823
vn -0.2140 -0.0166 -0.9767
vn 0.0988 -0.9945 -0.0361
vn 0.7536 0.6067 0.2530
vn 0.7380 0.6543 0.1652
vn -0.4831 0.2666 -0.8340
vn -0.5299 0.2977 -0.7941
vn -0.0584 0.3642 -0.9295
vn 0.7060 0.7010 0.1011
vn 0.6649 0.7459 -0.0381
vn 0.5781 0.8158 0.0184
vn 0.6164 0.7682 0.1731
vn 0.1297 0.9781 0.1629
vn 0.0892 0.9920 0.0898
vn -0.2625 0.8950 0.3606
vn -0.2465 0.8913 0.3806
vn 0.8066 0.5694 0.1588
vn 0.7689 0.6332 0.0888
vn -0.0240 0.8484 0.5288
vn -0.3335 0.3287 0.8836
vn -0.4626 0.4017 0.7903
vn -0.1229 0.8244 0.5525
vn 0.8137 0.5763 0.0758
vn 0.7913 0.6111 0.0181
vn 0.7552 0.6295 0.1829
vn 0.7848 0.6160 -0.0682
vn -0.9313 0.1774 0.3183
vn -0.8304 -0.3687 0.4177
vn 0.7928 0.6091 -0.0209
vn 0.8095 0.5858 -0.0394
vn 0.8614 0.5080 -0.0036
vn 0.8948 0.4414 -0.0663
vn 0.8818 0.4601 -0.1038
vn 0.4353 0.0172 0.9001
vn 0.5212 0.4375 0.7328
vn 0.7563 0.6360 -0.1532
vn 0.7306 0.6472 -0.2177
vn -0.0130 0.3054 0.9521
vn -0.1780 0.1541 0.9719
vn -0.0027 -0.9992 -0.0387
vn -0.0054 -0.9631 0.2692
vn -0.3270 -0.9048 0.2729
vn -0.2056 -0.9781 -0.0318
vn 0.1011 -0.9947 0.0197
vn 0.2170 -0.9672 0.1322
vn -0.4928 -0.8685 -0.0543
vn -0.5671 -0.8009 -0.1924
vn 0.1600 -0.7570 -0.6335
vn 0.1300 -0.7615 -0.6350
vn 0.2459 -0.9247 0.2907
vn 0.4033 -0.9010 0.1599
vn 0.4010 -0.9109 0.0970
vn 0.9391 -0.3425 0.0281
vn -0.0000 0.8036 0.5952
vn 0.8351 0.4845 0.2603
vn 0.0241 -0.9178 0.3963
vn 0.6453 0.5261 -0.5539
vn -0.3399 0.8607 0.3789
vn -0.2696 0.8609 0.4315
vn -0.1320 0.9706 0.2014
vn -0.1683 0.8950 0.4131
vn -0.0000 0.6698 0.7425
vn 0.8117 0.4108 0.4151
vn 0.8149 0.3468 0.4645
vn 0.7802 0.5119 0.3596
vn 0.7759 0.5930 0.2153
vn 0.6869 -0.5236 0.5040
vn 0.6360 -0.6265 0.4505
vn 0.6275 -0.6622 0.4095
vn 0.6829 -0.5613 0.4676
vn -0.0000 0.5335 0.8458
vn 0.6377 -0.3925 0.6628
vn 0.7372 0.3671 0.5672
vn -0.1957 0.7798 0.5947
vn -0.3264 0.7097 0.6243
vn 0.1781 0.9657 0.1890
vn 0.2146 0.9609 0.1752
vn 0.5883 0.7902 0.1715
vn 0.6324 0.4161 0.6534
vn 0.5162 -0.4622 0.7210
vn -0.0814 -0.9374 -0.3387
vn 0.0213 -0.9411 0.3375
vn -0.4771 -0.8221 0.3106
vn -0.3930 -0.8675 -0.3048
vn 0.5304 0.6340 0.5627
vn 0.5476 0.5977 0.5855
vn 0.6836 0.5391 0.4920
vn 0.3266 0.7096 0.6243
vn 0.4936 0.7593 0.4240
vn 0.3564 0.8184 0.4508
vn 0.4374 0.8673 0.2375
vn -0.3971 0.8521 -0.3408
vn -0.2867 0.8388 -0.4628
vn -0.2230 0.9211 -0.3191
vn -0.0282 -0.9968 0.0744
vn -0.3703 -0.3343 -0.8667
vn 0.3540 0.6819 0.6401
vn 0.3950 0.6492 0.6501
vn 0.5744 0.5594 0.5976
vn 0.4408 0.4917 0.7509
vn 0.3604 -0.3459 0.8663
vn 0.2829 0.9243 0.2562
vn 0.5056 0.8524 0.1336
vn 0.3885 0.9135 0.1206
vn 0.1979 0.8735 0.4448
vn 0.3763 -0.6771 0.6324
vn -0.2344 -0.0962 0.9674
vn 0.2381 0.7352 0.6346
vn 0.2369 0.6832 0.6908
vn 0.2052 0.5202 0.8290
vn 0.1047 -0.3532 0.9297
vn 0.5419 0.8376 0.0691
vn 0.6961 0.7016 0.1522
vn 0.4368 0.8981 0.0509
vn 0.2869 0.9561 0.0591
vn 0.2335 0.9647 0.1221
vn 0.1215 0.9546 0.2719
vn -0.0103 0.9460 0.3239
vn 0.2951 0.9084 0.2962
vn -0.0000 0.9485 0.3169
vn 0.0461 0.8445 0.5335
vn 0.1956 0.7798 0.5947
vn 0.0464 0.9017 0.4298
vn 0.0809 0.7874 0.6111
vn -0.0266 0.9688 0.2464
vn 0.0378 0.9935 0.1070
vn -0.0756 0.9091 0.4097
vn -0.1135 0.8633 0.4918
vn -0.1454 0.9892 0.0192
vn -0.1615 0.9846 0.0676
vn 0.0695 0.9952 0.0694
vn -0.3534 0.9300 -0.1008
vn -0.3637 0.9314 -0.0119
vn -0.5087 0.8567 -0.0849
vn -0.5230 0.8479 0.0870
vn -0.5670 0.8150 -0.1192
vn -0.5781 0.8158 0.0184
vn 0.6236 -0.6903 0.3669
vn 0.6906 -0.5937 0.4131
vn -0.7563 0.6360 -0.1532
vn -0.6421 0.7521 -0.1488
vn -0.7858 0.6052 -0.1277
vn -0.8095 0.5858 -0.0394
vn 0.8105 0.4103 -0.4181
vn 0.3985 -0.0632 -0.9150
vn 0.2205 0.0689 -0.9729
vn -0.4901 0.8527 -0.1809
vn -0.6274 0.7448 -0.2272
vn -0.5490 0.8113 -0.2008
vn -0.7750 0.6076 -0.1736
vn -0.7306 0.6472 -0.2177
vn -0.8147 0.5572 -0.1604
vn -0.8096 0.5746 -0.1201
vn -0.8710 0.4789 -0.1099
vn -0.8818 0.4601 -0.1038
vn -0.7928 0.6091 -0.0209
vn -0.8614 0.5080 -0.0036
vn -0.7536 0.6067 0.2530
vn -0.8066 0.5694 0.1588
vn -0.8481 0.4634 0.2568
vn -0.7955 0.4779 0.3725
vn 0.2375 -0.9372 0.2554
vn -0.0166 -0.9271 -0.3745
vn -0.8816 0.4714 -0.0227
vn -0.8948 0.4414 -0.0663
vn -0.9391 -0.3425 0.0281
vn -0.9358 -0.3418 0.0863
vn -0.9420 -0.2916 0.1662
vn -0.9034 0.4282 0.0223
vn -0.8230 -0.3627 0.4371
vn 0.4524 -0.0179 0.8916
vn 0.4096 -0.0325 0.9117
vn 0.3953 -0.4531 0.7990
vn 0.4794 -0.4166 0.7724
vn -0.6812 -0.4571 0.5719
vn -0.4467 -0.5346 0.7174
vn -0.4626 0.6784 0.5707
vn -0.4755 0.4825 0.7356
vn -0.3299 0.4844 0.8102
vn -0.3109 0.6889 0.6548
vn -0.1609 0.4822 0.8611
vn -0.1367 0.6781 0.7221
vn 0.0263 0.5051 0.8627
vn 0.0706 0.6785 0.7312
vn -0.1307 0.8084 0.5739
vn -0.2918 0.8004 0.5236
vn -0.2817 0.8464 0.4520
vn -0.3345 -0.5457 0.7683
vn -0.2512 -0.5235 0.8141
vn 0.0814 -0.9374 -0.3387
vn 0.1594 -0.7238 -0.6713
vn 0.3302 -0.6771 -0.6576
vn 0.3930 -0.8675 -0.3048
vn -0.4558 0.8088 0.3716
vn -0.5369 0.8108 0.2331
vn -0.6164 0.7682 0.1731
vn -0.7552 0.6295 0.1829
vn -0.1267 0.5913 0.7964
vn 0.3152 -0.1494 0.9372
vn 0.0271 -0.9956 0.0894
vn -0.6081 0.7855 -0.1148
vn -0.4520 0.8279 0.3322
vn -0.5237 0.7687 0.3671
vn -0.7117 0.6997 -0.0626
vn -0.8137 0.5763 0.0758
vn -0.7689 0.6332 0.0888
vn -0.7380 0.6543 0.1652
vn 0.0016 0.9996 -0.0299
vn 0.1197 0.9921 -0.0378
vn 0.1340 0.9698 0.2037
vn 0.0039 0.9762 0.2168
vn 0.8259 0.5512 -0.1183
vn 0.6643 0.7368 -0.1259
vn 0.6636 0.6645 -0.3436
vn 0.8046 0.4944 -0.3290
vn -0.2500 0.2192 -0.9431
vn -0.3694 0.1698 -0.9136
vn -0.3295 0.0031 -0.9441
vn -0.2150 0.0340 -0.9760
vn 0.4857 -0.4237 0.7645
vn 0.0543 -0.7269 0.6846
vn -0.0759 -0.8869 0.4557
vn 0.4818 -0.6444 0.5938
vn -0.4572 0.7686 0.4474
vn -0.4804 0.0658 0.8746
vn -0.5228 0.0412 0.8515
vn 0.0460 -0.9278 0.3703
vn 0.0459 -0.9544 0.2948
vn 0.7345 0.5942 0.3277
vn 0.6284 0.5308 0.5687
vn 0.6661 0.5270 0.5279
vn 0.6196 0.6748 0.4010
vn -0.3575 0.1119 0.9272
vn -0.0791 0.5707 0.8174
vn -0.2539 0.5970 0.7610
vn -0.5438 0.1583 0.8241
vn 0.0087 -0.9725 0.2326
vn -0.0241 -0.9178 0.3963
vn 0.0528 -0.9983 0.0243
vn -0.1282 -0.9900 0.0586
vn 0.4467 -0.5346 0.7174
vn 0.0191 -0.9678 0.2508
vn 0.3168 -0.5659 -0.7612
vn -0.3028 -0.9441 -0.1303
vn -0.4697 -0.8617 -0.1920
vn 0.1623 -0.5850 -0.7946
vn -0.3922 -0.9142 0.1017
vn -0.4010 -0.9109 0.0970
vn -0.4512 0.4654 0.7615
vn -0.3103 0.3629 0.8786
vn 0.0535 0.8537 0.5180
vn 0.2298 0.8824 0.4106
vn 0.0089 -0.9725 0.2328
vn 0.1808 -0.9101 0.3729
vn 0.0084 -0.9726 0.2324
vn -0.2037 -0.9219 0.3294
vn 0.2953 0.5977 0.7453
vn 0.3415 0.6315 0.6961
vn 0.2934 0.5092 0.8091
vn 0.3169 0.5786 0.7515
vn 0.0553 -0.9882 0.1427
vn -0.0970 -0.9943 0.0438
vn 0.3345 -0.5457 0.7683
vn -0.0528 -0.9983 0.0243
vn -0.0694 0.9952 0.0694
vn -0.2869 0.9561 0.0591
vn -0.2335 0.9647 0.1221
vn -0.0620 0.9968 -0.0498
vn -0.0841 0.9784 -0.1887
vn -0.9415 -0.3347 0.0383
vn -0.9956 -0.0031 -0.0934
vn -0.9748 -0.0566 -0.2159
vn -0.9181 -0.3813 -0.1087
vn -0.9430 -0.2017 0.2646
vn -0.9879 0.0935 0.1241
vn -0.8767 -0.0552 0.4779
vn -0.9170 0.1899 0.3507
vn 0.0168 -0.9270 -0.3746
vn -0.2376 -0.9372 0.2553
vn -0.3375 -0.9188 0.2044
vn -0.5862 0.3953 0.7072
vn -0.5020 0.4217 0.7551
vn -0.1091 0.0358 0.9934
vn 0.0518 0.1028 0.9934
vn -0.1694 0.2645 0.9494
vn -0.2434 0.2107 0.9467
vn 0.1694 0.2645 0.9494
vn -0.1152 0.1948 0.9741
vn -0.0518 0.1028 0.9934
vn 0.1152 0.1948 0.9741
vn 0.0927 0.3043 0.9481
vn -0.1351 0.3173 0.9386
vn 0.0429 0.4192 0.9069
vn -0.1727 0.3750 0.9108
vn 0.2611 0.4331 0.8627
vn 0.3553 0.2571 0.8987
vn 0.1254 0.5685 0.8131
vn -0.0363 0.4907 0.8706
vn -0.0497 0.6923 0.7199
vn -0.1584 0.5501 0.8199
vn -0.3287 0.5837 0.7425
vn -0.2899 0.7557 0.5873
vn 0.1299 0.8453 0.5182
vn -0.2063 0.9065 0.3684
vn 0.9164 0.3937 0.0715
vn 0.8648 0.3735 -0.3355
vn 0.8721 0.4708 0.1331
vn -0.2997 0.9068 0.2964
vn -0.7546 0.6037 -0.2574
vn -0.4544 0.8773 -0.1543
vn -0.5098 0.4501 0.7331
vn -0.8263 0.4863 0.2843
vn -0.9106 0.0715 0.4072
vn -0.6014 0.1818 0.7780
vn -0.9415 0.3161 -0.1171
vn -0.9273 0.2734 -0.2557
vn 0.3045 -0.8304 0.4667
vn 0.3109 -0.8726 0.3768
vn 0.4460 -0.7638 0.4665
vn -0.0341 -0.6953 0.7179
vn 0.2071 -0.8195 0.5343
vn -0.2932 -0.8647 0.4078
vn -0.3198 -0.7219 0.6137
vn -0.4294 -0.6139 0.6624
vn -0.0062 -0.9952 -0.0977
vn 0.0363 0.4907 0.8706
vn 0.2208 0.4328 0.8740
vn 0.1584 0.5501 0.8199
vn 0.0600 0.1808 -0.9817
vn 0.9076 0.1186 -0.4028
vn 0.1351 0.3173 0.9386
vn 0.3434 0.3055 0.8881
vn 0.1681 0.3739 0.9121
vn 0.2434 0.2107 0.9467
vn 0.3318 0.2223 0.9168
vn -0.1525 -0.9046 -0.3980
vn -0.3409 -0.9293 -0.1421
vn -0.3062 -0.8888 -0.3409
vn 0.6456 0.0467 0.7623
vn 0.4460 0.2379 0.8628
vn 0.4625 -0.0022 0.8866
vn 0.1967 0.3550 0.9140
vn 0.0425 0.5603 0.8272
vn 0.2118 0.4539 0.8655
vn -0.3451 0.5886 0.7311
vn -0.3062 0.4711 0.8272
vn -0.0986 0.7502 0.6538
vn 0.7690 -0.4999 0.3983
vn 0.6625 -0.0154 0.7489
vn 0.6275 0.0189 0.7784
vn 0.5948 -0.0618 0.8015
vn -0.8548 0.4057 0.3235
vn -0.9222 0.3682 0.1186
vn -0.1656 -0.6832 -0.7112
vn -0.2018 -0.7135 -0.6709
vn 0.5113 0.2846 0.8109
vn 0.5658 0.2883 0.7725
vn -0.5181 0.3650 0.7735
vn -0.7368 0.3888 0.5532
vn 0.3015 -0.1915 0.9340
vn -0.5111 0.5683 0.6448
vn -0.4267 0.4346 0.7931
vn -0.3414 0.4266 0.8375
vn -0.6550 0.4872 0.5776
vn 0.3381 0.4365 0.8338
vn 0.5252 0.3626 0.7698
vn 0.4426 0.4801 0.7574
vn 0.7368 0.3888 0.5532
vn 0.6549 0.4875 0.5774
vn -0.0592 0.9716 0.2291
vn -0.0723 0.9892 0.1275
vn -0.0044 0.9634 0.2679
vn -0.1303 0.8998 0.4163
vn 0.3152 -0.2612 0.9124
vn 0.5294 -0.7300 0.4322
vn 0.8195 -0.3530 0.4515
vn 0.5299 -0.0220 0.8478
vn 0.8455 -0.1785 0.5033
vn 0.8873 0.0854 0.4533
vn 0.8242 0.1260 0.5522
vn 0.8021 0.3521 0.4823
vn 0.7395 0.3977 0.5430
vn 0.7061 0.6253 -0.3322
vn 0.7296 0.6595 -0.1812
vn 0.8033 0.5650 -0.1884
vn 0.5545 0.6587 0.5086
vn 0.5948 0.6314 0.4975
vn 0.2625 0.8950 0.3606
vn 0.2465 0.8913 0.3806
vn -0.1297 0.9781 0.1629
vn -0.0892 0.9920 0.0898
vn -0.2978 0.1312 0.9456
vn -0.0410 -0.6941 0.7187
vn -0.2824 -0.6797 0.6769
vn -0.2943 0.1542 0.9432
vn -0.5598 -0.2959 0.7740
vn -0.5156 -0.8435 0.1504
vn -0.4032 -0.8929 0.2003
vn -0.5151 -0.3818 0.7674
vn -0.3885 0.9135 0.1206
vn 0.6243 0.1886 0.7581
vn 0.5390 0.4423 0.7168
vn 0.3806 0.6614 0.6462
vn -0.1319 0.9745 -0.1815
vn -0.3210 0.2668 0.9087
vn -0.5419 0.8376 0.0691
vn -0.4398 -0.7977 0.4125
vn -0.4099 -0.8497 0.3317
vn -0.7455 -0.6239 0.2347
vn -0.7143 -0.6898 0.1179
vn -0.7721 -0.4544 0.4442
vn -0.7494 -0.2290 0.6213
vn -0.4935 -0.6233 0.6067
vn -0.1333 -0.6707 0.7297
vn 0.2349 -0.5500 0.8015
vn 0.0827 -0.2559 0.9631
vn 0.3024 -0.0992 0.9480
vn 0.3784 0.0583 0.9238
vn 0.2876 0.6647 -0.6895
vn 0.3508 0.5051 -0.7886
vn 0.5610 0.5683 -0.6019
vn 0.4094 0.7301 -0.5472
vn 0.3950 0.9047 0.1597
vn 0.6098 0.4181 0.6733
vn 0.1435 0.4766 0.8673
vn 0.0654 0.9342 0.3507
vn 0.5033 0.2728 0.8199
vn 0.0822 0.1643 0.9830
vn -0.8911 0.3893 0.2332
vn -0.9212 0.3137 0.2300
vn -0.6966 0.6877 0.2044
vn -0.6501 0.7529 0.1024
vn 0.1267 -0.0032 0.9919
vn 0.5773 0.2394 0.7807
vn -0.7005 0.2265 0.6767
vn 0.7921 0.4927 0.3602
vn 0.9097 0.3943 -0.1300
vn 0.9601 0.2706 -0.0713
vn 0.8809 0.3571 0.3106
vn 0.2752 -0.0078 0.9613
vn 0.2565 0.4450 0.8580
vn 0.4011 0.0490 0.9147
vn -0.4709 -0.2784 0.8371
vn 0.2896 0.7557 0.5874
vn 0.5554 0.7026 0.4449
vn 0.5455 0.8062 0.2290
vn 0.2063 0.9065 0.3684
vn 0.2791 0.4739 0.8352
vn -0.0739 0.9057 0.4174
vn 0.4289 0.3872 0.8161
vn -0.1342 0.8921 0.4315
vn 0.3429 0.3957 0.8519
vn 0.0552 0.7798 0.6236
vn -0.0643 0.9852 0.1591
vn 0.3548 0.2093 0.9112
vn 0.6239 0.1254 0.7714
vn 0.3364 0.0325 0.9412
vn 0.6855 -0.0296 0.7275
vn -0.6002 0.7958 -0.0805
vn -0.8960 -0.4091 -0.1727
vn 0.1050 -0.7937 -0.5992
vn -0.1743 -0.9519 0.2520
vn -0.1685 -0.9852 0.0307
vn 0.2193 -0.7113 -0.6678
vn -0.6489 0.0083 0.7609
vn -0.7376 0.2246 0.6368
vn 0.7116 0.4647 0.5269
vn -0.4857 -0.4237 0.7645
vn -0.3269 -0.3181 0.8899
vn -0.5459 0.0069 0.8378
vn -0.7177 -0.0907 0.6904
vn -0.9031 0.1779 0.3910
vn 0.0479 0.1529 0.9871
vn 0.2324 0.8315 0.5045
vn -0.0111 0.8382 0.5453
vn -0.0083 0.1241 0.9922
vn 0.5281 -0.4672 0.7091
vn 0.7752 -0.3610 0.5184
vn 0.7723 0.0044 0.6353
vn 0.4878 -0.0907 0.8683
vn -0.8791 -0.3369 0.3371
vn -0.9641 -0.1732 0.2012
vn -0.5948 -0.0618 0.8015
vn -0.5791 -0.1643 0.7985
vn -0.1615 -0.9146 0.3706
vn -0.3109 -0.8726 0.3768
vn -0.3148 -0.9072 0.2793
vn -0.1582 -0.9527 0.2596
vn 0.3924 0.0352 0.9191
vn 0.3575 0.1119 0.9272
vn 0.0298 0.0950 0.9950
vn 0.1239 0.0260 0.9920
vn -0.5070 -0.1731 -0.8444
vn -0.6038 0.0242 -0.7968
vn -0.6010 0.0539 -0.7974
vn -0.5691 -0.1946 -0.7989
vn 0.6153 -0.0963 0.7824
vn 0.3169 -0.1416 0.9378
vn -0.5967 0.6957 -0.4000
vn -0.5961 0.0400 -0.8019
vn -0.5304 0.0958 -0.8423
vn -0.5230 0.6967 -0.4910
vn 0.5098 -0.6625 -0.5488
vn 0.5995 -0.6439 -0.4754
vn 0.5633 -0.7189 -0.4072
vn -0.8706 0.1598 -0.4653
vn -0.8334 0.5037 -0.2273
vn -0.8344 0.3996 -0.3795
vn 0.4137 0.8194 -0.3967
vn 0.7350 0.2427 -0.6331
vn 0.5824 0.6298 -0.5140
vn 0.3182 0.9155 -0.2461
vn 0.3257 0.3354 0.8840
vn -0.0000 0.3261 0.9453
vn 0.0001 0.2501 0.9682
vn 0.2984 0.6563 0.6930
vn 0.5684 0.8155 0.1091
vn 0.5866 0.7399 0.3293
vn 0.7807 0.6163 0.1039
vn 0.4357 0.2147 0.8741
vn 0.4343 0.1162 0.8932
vn 0.0004 0.8958 0.4444
vn -0.0761 0.8967 0.4361
vn -0.1307 0.9706 0.2021
vn 0.1452 0.1228 0.9818
vn 0.2734 0.7556 0.5953
vn 0.0111 0.8382 0.5453
vn -0.5534 0.5342 0.6391
vn -0.4809 0.4549 0.7495
vn -0.6654 0.1715 -0.7265
vn -0.5948 0.6314 0.4975
vn -0.5545 0.6587 0.5086
vn 0.8718 0.4639 -0.1572
vn -0.3505 0.5943 0.7238
vn 0.2812 0.8797 0.3835
vn -0.7468 0.5650 0.3507
vn -0.0669 0.8319 0.5509
vn 0.2794 0.7007 0.6565
vn -0.4993 0.8629 -0.0775
vn 0.1085 0.3644 0.9249
vn 0.1103 0.3057 0.9457
vn 0.2251 0.2625 0.9383
vn 0.1836 0.3592 0.9150
vn 0.6871 0.7224 0.0777
vn 0.2815 0.7705 0.5720
vn 0.3874 0.7709 0.5056
vn 0.7446 0.6591 0.1056
vn 0.5605 -0.6773 0.4765
vn -0.0809 0.7874 0.6111
vn -0.0706 0.6785 0.7312
vn 0.4422 0.0568 0.8951
vn 0.5187 -0.2736 0.8100
vn 0.5338 -0.2903 0.7942
vn 0.5825 -0.1345 0.8016
vn 0.7494 -0.2290 0.6213
vn 0.7721 -0.4544 0.4442
vn 0.9430 -0.2017 0.2646
vn 0.8767 -0.0552 0.4779
vn -0.5923 -0.0603 0.8035
vn -0.0000 0.9900 -0.1410
vn 0.0965 0.9820 -0.1624
vn 0.2851 0.8018 -0.5252
vn 0.2179 0.7642 -0.6070
vn 0.4760 -0.8309 0.2881
vn 0.8480 -0.4957 0.1874
vn -0.6432 0.0721 -0.7623
vn -0.9180 0.3873 -0.0851
vn -0.6828 0.7043 -0.1941
vn -0.4095 0.2847 -0.8667
vn -0.8288 0.5517 -0.0935
vn -0.9962 0.0810 0.0315
vn -0.0829 -0.9966 0.0006
vn 0.2852 -0.5216 -0.8041
vn 0.4273 -0.9026 0.0524
vn -0.4368 0.8981 0.0509
vn -0.4876 -0.8719 0.0444
vn -0.4192 -0.4812 -0.7699
vn -0.1080 0.9937 -0.0310
vn -0.0000 0.9989 -0.0475
vn -0.0000 0.9613 -0.2754
vn -0.1111 0.9501 -0.2916
vn 0.4809 0.4549 0.7495
vn 0.5090 0.6136 0.6037
vn 0.6455 0.5559 0.5238
vn 0.6059 0.4574 0.6509
vn -0.1556 0.5283 0.8347
vn -0.0414 0.5861 0.8092
vn 0.4449 -0.8407 -0.3086
vn 0.3360 -0.6704 0.6615
vn 0.5414 -0.5310 0.6519
vn 0.5902 -0.7476 -0.3046
vn 0.8214 0.0305 0.5696
vn 0.7339 0.1810 0.6547
vn 0.5560 0.1905 0.8091
vn 0.6214 -0.0134 0.7834
vn 0.8644 -0.2066 0.4585
vn 0.6850 -0.0770 0.7245
vn 0.9516 0.1193 0.2832
vn -0.5874 -0.2771 0.7604
vn -0.6752 -0.3263 0.6616
vn -0.6961 -0.4018 0.5951
vn -0.6581 -0.3392 0.6722
vn 0.1333 -0.6707 0.7297
vn 0.4935 -0.6233 0.6067
vn 0.5242 -0.3220 0.7884
vn 0.2276 -0.3444 0.9108
vn 0.9576 0.2685 0.1046
vn 0.5666 0.5157 0.6427
vn 0.5069 0.2367 0.8289
vn -0.0036 -0.9996 0.0269
vn -0.1557 -0.9843 -0.0836
vn -0.1327 -0.9901 0.0458
vn 0.3232 -0.9101 0.2592
vn 0.4135 0.4884 0.7684
vn 0.5560 0.0637 0.8287
vn 0.5438 0.1583 0.8241
vn 0.9956 -0.0031 -0.0934
vn 0.9415 -0.3347 0.0383
vn 0.9181 -0.3813 -0.1087
vn 0.9748 -0.0566 -0.2159
vn -0.8792 0.1630 -0.4477
vn -0.8511 0.2196 -0.4769
vn -0.9677 -0.0669 -0.2431
vn -0.9733 -0.1011 -0.2063
vn 0.8096 0.5746 -0.1201
vn 0.6493 0.7532 0.1053
vn 0.2490 0.9462 0.2064
vn 0.3469 0.8848 0.3111
vn 0.6233 -0.7247 0.2938
vn 0.6246 -0.7550 0.1999
vn 0.7216 -0.6564 0.2202
vn 0.7094 -0.6268 0.3222
vn 0.5787 -0.7744 0.2558
vn 0.7277 -0.3710 0.5770
vn 0.4567 -0.5148 0.7256
vn 0.6973 -0.4882 0.5248
vn 0.3364 -0.5390 0.7722
vn 0.0590 -0.9711 0.2313
vn -0.6842 -0.0369 -0.7283
vn -0.5997 0.2189 -0.7697
vn -0.6806 0.0019 -0.7326
vn -0.1453 -0.9890 -0.0262
vn 0.1267 0.5913 0.7964
vn 0.1251 0.5196 0.8452
vn -0.0437 0.6537 0.7555
vn 0.9373 -0.3412 0.0716
vn 0.9177 -0.3524 -0.1835
vn 0.9677 -0.0669 -0.2431
vn 0.9590 -0.2821 -0.0254
vn 0.8755 -0.3500 0.3331
vn 0.6601 -0.0392 0.7502
vn 0.8426 -0.4149 0.3435
vn 0.5559 0.5066 0.6590
vn 0.4130 0.5576 0.7201
vn 0.4755 0.4825 0.7356
vn 0.3571 -0.0468 0.9329
vn 0.5923 -0.0603 0.8035
vn 0.3753 -0.1223 0.9188
vn 0.2534 -0.8245 -0.5059
vn 0.3062 -0.8888 -0.3409
vn 0.1525 -0.9046 -0.3980
vn 0.0823 0.3574 0.9303
vn 0.0596 0.4175 0.9067
vn -0.0762 0.4376 0.8960
vn -0.0133 0.3388 0.9407
vn 0.2312 -0.6803 0.6955
vn 0.5066 -0.6072 0.6121
vn 0.8452 -0.3758 0.3801
vn 0.4841 0.5356 0.6920
vn 0.7926 0.5547 0.2532
vn 0.5863 0.6808 0.4390
vn 0.3401 0.8607 0.3789
vn 0.2697 0.8612 0.4307
vn -0.3621 0.4350 -0.8244
vn -0.2859 0.7062 -0.6477
vn -0.2076 0.6917 -0.6917
vn -0.2436 0.4553 -0.8564
vn 0.3615 -0.4243 0.8302
vn -0.4800 -0.3583 0.8008
vn -0.4369 -0.6714 0.5986
vn 0.3922 -0.9142 0.1017
vn 0.9358 -0.3418 0.0863
vn -0.5995 -0.6439 -0.4754
vn -0.3508 0.5051 -0.7886
vn -0.2876 0.6647 -0.6895
vn 0.8231 0.5564 0.1139
vn -0.0709 0.9911 0.1126
vn 0.1439 0.7386 -0.6586
vn -0.0024 -0.5357 0.8444
vn -0.4584 -0.4995 0.7351
vn 0.9596 0.1419 0.2430
vn 0.9952 0.0611 0.0768
vn -0.1184 0.9922 -0.0380
vn 0.3324 0.1814 0.9256
vn 0.3087 0.2925 0.9051
vn 0.3848 0.1876 0.9037
vn 0.4289 0.0933 0.8985
vn 0.2535 -0.4920 0.8329
vn 0.1193 -0.9358 0.3319
vn -0.4730 -0.8562 0.2077
vn -0.8167 -0.5519 0.1683
vn -0.8280 -0.5313 0.1792
vn 0.2009 -0.7754 -0.5987
vn 0.1802 -0.7449 -0.6424
vn 0.1773 -0.7635 -0.6210
vn 0.1880 -0.7745 -0.6040
vn 0.1229 0.8244 0.5525
vn 0.7159 0.4685 0.5176
vn 0.4652 0.4413 0.7674
vn -0.6318 -0.2309 0.7400
vn -0.5931 -0.1484 0.7913
vn 0.1329 -0.9903 0.0399
vn 0.2864 -0.9549 0.0780
vn -0.3848 0.1876 0.9037
vn -0.3968 0.2372 0.8867
vn 0.2652 0.5335 0.8031
vn 0.3809 0.1157 0.9173
vn 0.4659 0.4615 0.7550
vn -0.0893 -0.4946 0.8645
vn 0.0392 -0.9096 0.4136
vn -0.0000 -0.9263 0.3768
vn -0.0000 -0.5345 0.8451
vn 0.1091 0.0358 0.9934
vn -0.1291 0.3901 0.9117
vn -0.2131 0.1910 0.9582
vn -0.0030 -0.3609 -0.9326
vn -0.0767 -0.8468 -0.5263
vn -0.0328 -0.3310 -0.9431
vn 0.0483 0.4924 0.8690
vn -0.3919 0.8462 0.3612
vn -0.2769 0.8412 0.4645
vn 0.1061 0.4273 0.8979
vn 0.1383 0.8128 0.5659
vn -0.5428 -0.1520 0.8260
vn -0.4289 0.0933 0.8985
vn -0.3324 0.1814 0.9256
vn -0.3947 -0.0242 0.9185
vn -0.6456 0.0467 0.7623
vn -0.0827 0.7856 0.6132
vn 0.0552 0.8043 0.5917
vn 0.0772 0.8956 0.4382
vn -0.5075 -0.2589 0.8218
vn -0.2305 0.4172 0.8791
vn -0.0907 -0.5023 -0.8599
vn -0.2852 -0.5216 -0.8041
vn 0.9273 0.2734 -0.2557
vn 0.9415 0.3161 -0.1171
vn 0.2170 0.9467 -0.2381
vn 0.2406 0.9514 -0.1925
vn 0.3956 0.9001 -0.1825
vn 0.3806 0.9012 -0.2074
vn -0.0746 0.1687 0.9828
vn 0.0942 0.1104 0.9894
vn 0.0830 0.0454 0.9955
vn -0.1405 0.1050 0.9845
vn 0.2580 0.3844 0.8864
vn 0.1334 0.7883 0.6007
vn -0.4923 0.5438 0.6797
vn -0.4664 0.6694 0.5782
vn -0.2268 0.3780 0.8976
vn -0.0000 0.4566 0.8897
vn -0.0000 0.3605 0.9328
vn 0.0465 -0.8350 0.5484
vn -0.1011 -0.9947 0.0197
vn -0.2170 -0.9672 0.1322
vn -0.0588 -0.8057 0.5894
vn -0.3732 -0.2853 -0.8828
vn -0.5647 -0.7056 -0.4281
vn -0.1994 -0.9575 -0.2083
vn -0.1434 -0.3832 -0.9125
vn 0.5587 0.2454 0.7922
vn 0.7495 0.1930 0.6332
vn 0.7913 -0.5595 0.2465
vn 0.7956 -0.5902 0.1366
vn 0.8543 -0.4869 0.1818
vn 0.8429 -0.4704 0.2614
vn -0.0733 0.9973 0.0081
vn 0.1179 0.8672 -0.4837
vn -0.1727 0.8968 -0.4074
vn -0.3051 0.9522 0.0168
vn -0.0605 -0.9428 -0.3279
vn 0.0939 -0.2777 -0.9561
vn 0.4384 -0.2267 -0.8697
vn 0.1073 -0.3216 -0.9408
vn 0.1135 0.8633 0.4918
vn -0.0461 0.8445 0.5335
vn 0.7457 0.5624 0.3573
vn 0.5114 0.5683 0.6446
vn 0.7117 0.6997 -0.0626
vn 0.4612 0.7060 0.5374
vn 0.8630 0.5043 0.0292
vn -0.0000 0.4504 -0.8928
vn -0.1225 0.4554 -0.8818
vn -0.2752 -0.0078 0.9613
vn 0.2166 0.8514 0.4778
vn 0.3298 0.9410 0.0763
vn 0.4519 0.8919 -0.0144
vn 0.2769 0.8412 0.4645
vn 0.7100 0.2517 -0.6577
vn 0.6936 0.0537 -0.7184
vn 0.6238 0.0722 -0.7783
vn 0.7920 0.2092 -0.5735
vn 0.0001 -0.9152 -0.4031
vn 0.0570 -0.8487 -0.5257
vn 0.6752 -0.4655 0.5723
vn 0.2824 -0.6797 0.6769
vn 0.2943 0.1542 0.9432
vn 0.3335 0.3287 0.8836
vn -0.0508 -0.6998 0.7126
vn -0.1668 -0.1556 0.9736
vn -0.0911 -0.2265 0.9697
vn 0.2134 -0.6551 0.7248
vn 0.4666 -0.2567 0.8464
vn 0.4369 -0.6417 0.6304
vn 0.5132 -0.4363 0.7391
vn 0.5708 0.0384 0.8202
vn 0.1074 -0.5791 0.8081
vn 0.0233 0.7561 0.6541
vn 0.1852 0.9681 0.1689
vn 0.1021 0.8325 0.5446
vn 0.1336 -0.7500 0.6478
vn 0.7086 -0.4727 0.5238
vn 0.3497 0.9338 -0.0751
vn 0.2975 0.8969 0.3272
vn 0.1095 0.9094 0.4013
vn 0.0536 0.9985 -0.0144
vn -0.2735 0.4871 0.8294
vn -0.1953 0.4270 0.8829
vn 0.0807 0.8925 0.4437
vn -0.0885 0.3249 0.9416
vn -0.2219 0.2635 0.9388
vn -0.2064 0.1848 0.9609
vn -0.0753 0.2463 0.9663
vn -0.0671 0.8973 0.4363
vn 0.3308 -0.0951 0.9389
vn -0.0462 -0.9929 -0.1099
vn -0.6866 -0.2935 -0.6651
vn -0.9932 0.0781 0.0860
vn -0.2373 0.8334 0.4991
vn -0.2947 0.8777 0.3778
vn -0.6567 0.6510 -0.3808
vn -0.5732 0.7190 -0.3930
vn -0.2807 0.9374 -0.2062
vn -0.0372 0.8643 -0.5016
vn 0.7429 0.5940 -0.3088
vn -0.5139 0.8574 0.0271
vn -0.6110 0.1364 0.7798
vn -0.6595 0.3615 0.6591
vn -0.7638 -0.3611 0.5350
vn -0.7515 -0.4507 0.4817
vn 0.2308 0.9665 0.1120
vn -0.0011 0.9900 0.1408
vn 0.1604 -0.1685 0.9726
vn 0.1840 -0.1166 0.9760
vn -0.8311 0.0590 0.5530
vn -0.6924 0.2228 0.6862
vn -0.8038 0.4603 0.3768
vn -0.9196 0.2958 0.2585
vn -0.4199 -0.4773 0.7719
vn -0.5295 -0.4884 0.6937
vn -0.9959 0.0775 0.0456
vn -0.9704 0.2092 -0.1207
vn 0.7541 0.6052 -0.2552
vn 0.2947 0.8777 0.3778
vn 0.6567 0.6510 -0.3808
vn 0.0560 0.4600 0.8862
vn 0.4520 0.8279 0.3322
vn 0.0194 0.4160 0.9092
vn -0.0626 0.7258 0.6850
vn 0.4722 0.2972 0.8299
vn -0.1393 0.8732 0.4671
vn -0.1203 -0.5828 -0.8037
vn 0.1862 -0.5270 -0.8292
vn 0.6253 -0.7581 -0.1852
vn 0.4059 -0.9120 -0.0600
vn 0.2428 -0.5672 -0.7870
vn 0.6002 -0.5468 -0.5837
vn -0.6250 0.5758 0.5271
vn -0.6455 0.5559 0.5238
vn -0.7273 0.5093 0.4601
vn -0.6883 0.4993 0.5263
vn 0.0846 0.9782 -0.1898
vn -0.0977 0.9820 -0.1617
vn -0.0834 -0.3288 -0.9407
vn 0.1434 -0.3832 -0.9125
vn 0.1868 0.3519 -0.9172
vn 0.7483 0.2792 0.6017
vn 0.7184 0.1612 0.6767
vn -0.8247 -0.5470 -0.1438
vn -0.5072 -0.3974 -0.7647
vn 0.0438 -0.6639 -0.7465
vn -0.5662 -0.8204 -0.0800
vn 0.5882 -0.1743 -0.7897
vn 0.8165 -0.5703 -0.0902
vn 0.8895 0.4477 -0.0909
vn 0.7519 -0.6590 0.0188
vn 0.5152 -0.2270 -0.8265
vn -0.4007 0.6417 -0.6539
vn -0.5005 0.8605 -0.0953
vn 0.2018 0.7162 -0.6681
vn 0.4007 0.6417 -0.6539
vn -0.2018 0.7162 -0.6681
vn -0.4225 0.9060 0.0279
vn -0.2865 -0.1603 0.9446
vn -0.5000 -0.2031 0.8419
vn -0.4239 -0.1072 0.8993
vn -0.1342 -0.0703 0.9885
vn -0.3931 0.3637 0.8445
vn -0.3874 0.5017 0.7735
vn -0.0000 0.9962 0.0867
vn -0.0000 0.9979 -0.0645
vn -0.0000 0.9974 -0.0717
vn 0.0626 0.7258 0.6850
vn 0.1850 0.7030 0.6867
vn 0.0254 0.9863 -0.1629
vn -0.0654 0.9342 0.3507
vn -0.0638 0.9940 -0.0884
vn -0.9603 -0.1161 0.2536
vn -0.9072 -0.1383 0.3973
vn -0.2638 0.9191 -0.2925
vn -0.4526 0.7900 -0.4135
vn 0.6186 0.6400 -0.4558
vn 0.4533 0.7895 -0.4138
vn 0.2074 0.6103 0.7645
vn 0.7730 0.6016 -0.2011
vn 0.4707 0.8695 0.1493
vn 0.5142 0.4841 -0.7080
vn -0.5099 0.4923 -0.7054
vn -0.4770 0.8673 0.1424
vn -0.5695 0.8097 0.1419
vn -0.6821 0.4028 -0.6103
vn 0.2807 0.9374 -0.2062
vn -0.0254 0.9863 -0.1629
vn 0.9254 0.3029 0.2279
vn 0.9107 0.3752 -0.1726
vn 0.8959 0.4347 -0.0921
vn 0.7183 0.5072 0.4762
vn 0.7504 0.6506 0.1169
vn 0.6699 0.5277 0.5222
vn 0.5437 0.3550 -0.7605
vn 0.4480 0.4070 -0.7960
vn -0.2794 -0.6520 0.7048
vn -0.0507 -0.7097 0.7027
vn -0.2430 -0.9667 0.0808
vn 0.6310 -0.3279 -0.7031
vn 0.3482 0.3144 -0.8831
vn -0.4444 0.4072 -0.7979
vn -0.3465 0.3312 -0.8776
vn -0.3495 0.4683 -0.8115
vn 0.0729 0.7310 -0.6784
vn 0.0007 0.8475 -0.5309
vn 0.0361 0.9918 -0.1230
vn 0.2261 0.9714 -0.0728
vn 0.3925 0.9183 -0.0514
vn -0.4605 0.8867 -0.0403
vn -0.3925 0.9183 -0.0514
vn 0.4605 0.8867 -0.0403
vn -0.0007 0.8475 -0.5309
vn 0.5139 0.8574 0.0271
vn 0.1083 0.4639 -0.8792
vn -0.0017 0.9904 -0.1384
vn 0.9885 0.1248 -0.0858
vn -0.1083 0.4639 -0.8792
vn 0.0017 0.9904 -0.1384
vn -0.3451 -0.7565 -0.5555
vn 0.3451 -0.7565 -0.5555
vn -0.1617 -0.4195 0.8932
vn -0.0423 -0.8655 0.4991
vn 0.7894 0.5552 0.2619
vn 0.4932 -0.6332 -0.5965
vn 0.2220 0.9458 -0.2371
vn -0.0553 0.5962 0.8009
vn -0.0847 0.6071 0.7901
vn -0.2567 0.7347 0.6280
vn -0.0774 0.8924 0.4445
vn 0.9543 -0.2920 0.0640
vn 0.3898 0.9171 -0.0837
vn -0.3600 0.4933 -0.7918
vn -0.4821 -0.5329 -0.6954
vn -0.3233 -0.5750 -0.7516
vn -0.4378 0.4282 -0.7906
vn 0.2350 0.4293 -0.8720
vn 0.5636 -0.4109 -0.7166
vn 0.9958 0.0705 -0.0586
vn -0.3720 -0.0055 0.9282
vn -0.5937 -0.1820 0.7839
vn -0.5459 -0.0886 0.8332
vn -0.0098 -0.9987 0.0509
vn 0.0098 -0.9987 0.0509
vn 0.5647 -0.7056 -0.4281
vn 0.7291 0.6727 -0.1261
vn -0.2998 0.5398 -0.7866
vn -0.5779 0.2546 -0.7754
vn -0.1441 0.4467 -0.8830
vn -0.0139 0.9803 -0.1970
vn -0.1487 0.9630 -0.2249
vn -0.1868 0.3519 -0.9172
vn -0.1890 0.3976 -0.8979
vn 0.0508 -0.6998 0.7126
vn 0.3054 -0.8918 0.3337
vn 0.6866 -0.2935 -0.6651
vn 0.9932 0.0781 0.0860
vn -0.0469 -0.5376 -0.8419
vn -0.6058 -0.7404 -0.2912
vn 0.7157 0.5126 0.4743
vn 0.7273 0.5093 0.4601
vn 0.0834 -0.3288 -0.9407
vn 0.1848 -0.9482 -0.2584
vn 0.1046 -0.4075 -0.9072
vn -0.0552 0.7798 0.6236
vn 0.1942 0.9170 0.3484
vn 0.2911 0.5001 0.8156
vn 0.3100 0.7481 0.5867
vn 0.5133 0.8471 -0.1379
vn 0.4765 0.8762 -0.0729
vn 0.2494 0.7560 0.6052
vn 0.0440 -0.4294 -0.9021
vn 0.0469 -0.5376 -0.8419
vn 0.7357 0.6720 -0.0843
vn 0.5456 0.7655 0.3412
vn 0.2723 0.6644 0.6960
vn 0.5695 0.8097 0.1419
vn -0.2085 0.6099 0.7646
vn -0.3711 0.6297 0.6825
vn -0.7357 0.6720 -0.0843
vn 0.6971 -0.7167 -0.0200
vn 0.7223 -0.6844 0.0999
vn 0.6314 -0.7711 0.0826
vn 0.5771 -0.8154 -0.0456
vn -0.5433 0.3519 -0.7623
vn -0.7669 0.6050 -0.2143
vn -0.6467 0.6196 -0.4449
vn 0.4058 0.8054 0.4320
vn 0.4318 0.8737 0.2243
vn 0.5287 0.8313 0.1715
vn -0.8205 0.0300 0.5709
vn -0.6149 -0.0191 0.7884
vn -0.1079 0.1245 0.9863
vn -0.5636 0.1952 0.8027
vn 0.2638 0.9191 -0.2925
vn 0.0739 0.9057 0.4174
vn -0.3950 0.9047 0.1597
vn -0.2585 0.9639 -0.0635
vn -0.0502 0.9362 0.3478
vn 0.1440 0.4222 0.8950
vn -0.0227 0.9161 0.4003
vn 0.1271 0.7838 0.6079
vn 0.4181 0.7273 0.5443
vn 0.6026 0.7637 -0.2316
vn 0.6338 0.7692 0.0815
vn 0.7324 0.6768 0.0739
vn 0.5113 0.4472 0.7339
vn 0.3001 0.6147 0.7295
vn 0.1278 0.3941 0.9101
vn -0.1347 0.9725 -0.1902
vn 0.2310 0.4967 -0.8366
vn -0.2220 0.9458 -0.2371
vn 0.1258 0.9798 -0.1553
vn -0.9543 -0.2920 0.0640
vn -0.3898 0.9171 -0.0837
vn -0.4891 0.6383 0.5945
vn -0.5090 0.6136 0.6037
vn 0.3534 0.9300 -0.1008
vn 0.5461 -0.4395 -0.7131
vn -0.4607 0.0373 0.8868
vn -0.2098 -0.3627 0.9080
vn -0.4353 0.0172 0.9001
vn 0.4927 -0.8686 0.0533
vn 0.6315 -0.7754 -0.0052
vn 0.1487 0.9630 -0.2249
vn 0.6821 0.4028 -0.6103
vn -0.6327 0.4165 -0.6529
vn -0.7291 0.6727 -0.1261
vn 0.5712 0.4123 -0.7097
vn 0.4745 0.8786 -0.0537
vn 0.7899 0.6045 -0.1030
vn 0.6825 0.1570 -0.7138
vn -0.6721 -0.7044 0.2284
vn -0.7320 -0.4408 0.5195
vn -0.4086 -0.9122 -0.0314
vn 0.0101 -0.9415 0.3369
vn -0.1405 -0.5234 0.8404
vn -0.0068 0.8082 -0.5888
vn 0.1485 0.7757 -0.6134
vn 0.2070 0.8447 -0.4936
vn 0.0904 0.9042 -0.4174
vn 0.9180 0.3873 -0.0851
vn 0.6432 0.0721 -0.7623
vn -0.3054 -0.8918 0.3337
vn 0.6058 -0.7404 -0.2912
vn -0.5902 -0.7476 -0.3046
vn -0.0440 -0.4294 -0.9021
vn -0.4449 -0.8407 -0.3086
vn -0.1046 -0.4075 -0.9072
vn 0.5490 0.1951 -0.8128
vn 0.7209 -0.0121 -0.6929
vn 0.1994 -0.9575 -0.2083
vn -0.1848 -0.9482 -0.2584
vn -0.1305 0.3977 0.9082
vn -0.3024 0.6176 0.7260
vn -0.1820 0.3575 0.9160
vn -0.7463 0.5619 0.3568
vn -0.6498 -0.4333 0.6245
vn -0.8921 -0.2734 0.3598
vn -0.5580 0.7827 0.2755
vn -0.6716 0.7402 0.0328
vn -0.9339 0.3336 -0.1287
vn 0.2646 -0.4684 -0.8429
vn 0.6721 -0.7044 0.2284
vn 0.6327 0.4165 -0.6529
vn -0.6188 -0.2653 -0.7394
vn -0.8146 -0.0205 -0.5797
vn 0.8146 -0.0205 -0.5797
vn 0.9428 0.3225 -0.0842
vn 0.5359 -0.8385 -0.0989
vn 0.6188 -0.2653 -0.7394
vn 0.2747 -0.5521 -0.7872
vn -0.5240 -0.1293 -0.8418
vn -0.4393 -0.0670 -0.8958
vn 0.1281 -0.5920 -0.7957
vn -0.0173 -0.9981 -0.0591
vn -0.3057 -0.9520 -0.0140
vn -0.6079 0.7309 0.3101
vn -0.6255 0.6828 0.3776
vn -0.8081 0.5444 0.2251
vn -0.7476 0.6286 0.2145
vn -0.7359 0.6414 -0.2166
vn -0.0535 0.8537 0.5180
vn 0.4225 0.9060 0.0279
vn -0.6871 0.7224 0.0777
vn 0.0978 0.1193 0.9880
vn 0.2259 0.6135 0.7567
vn -0.0535 0.5009 0.8638
vn -0.0000 0.9818 0.1897
vn -0.7446 0.6591 0.1056
vn -0.6588 -0.7267 0.1945
vn -0.7894 0.5552 0.2619
vn -0.9885 0.1248 -0.0858
vn -0.3974 -0.8907 0.2206
vn 0.3971 0.8521 -0.3408
vn 0.3432 0.9331 -0.1071
vn 0.1000 0.4746 -0.8745
vn -0.7313 0.2492 0.6349
vn -0.3415 0.2213 0.9135
vn -0.4746 0.0486 0.8789
vn -0.8619 0.0842 0.5000
vn -0.2747 -0.5521 -0.7872
vn -0.1281 -0.5920 -0.7957
vn -0.5359 -0.8385 -0.0989
vn -0.6752 -0.4655 0.5723
vn -0.5672 0.2806 0.7743
vn 0.8299 0.5271 0.1832
vn -0.3169 0.5786 0.7515
vn 0.4124 0.9072 -0.0831
vn -0.7209 -0.0121 -0.6929
vn 0.0556 -0.5229 -0.8506
vn -0.1631 -0.7641 -0.6241
vn -0.5749 -0.1438 -0.8055
vn 0.6494 0.6697 0.3602
vn 0.3825 0.8120 0.4409
vn -0.6494 0.6697 0.3602
vn 0.1143 -0.0804 0.9902
vn 0.2394 0.0168 0.9708
vn 0.1077 0.2876 0.9517
vn -0.1021 0.8325 0.5446
vn 0.0808 0.1799 0.9804
vn -0.6986 0.2707 0.6624
vn -0.7462 0.2863 0.6011
vn 0.6986 0.2707 0.6624
vn 0.7453 0.1935 0.6381
vn -0.3825 0.8120 0.4409
vn -0.2603 0.7461 0.6128
vn -0.2519 0.7536 0.6072
vn 0.8344 0.3996 -0.3795
vn 0.7022 0.5512 -0.4506
vn 0.3833 0.8766 0.2911
vn 0.0615 0.8658 0.4966
vn 0.5967 0.6957 -0.4000
vn 0.7957 -0.3239 0.5119
vn 0.9062 0.3449 -0.2448
vn 0.7698 -0.2354 0.5933
vn 0.8206 0.2151 0.5295
vn 0.6047 0.7057 0.3692
vn 0.0035 0.5132 0.8583
vn 0.0181 0.5457 0.8378
vn -0.5456 -0.5488 0.6334
vn -0.0490 0.2525 0.9664
vn -0.1452 0.1228 0.9818
vn 0.0156 -0.6808 0.7323
vn -0.0156 -0.6808 0.7323
vn 0.0663 0.9744 0.2146
vn -0.1742 0.9658 0.1922
vn -0.2194 0.9594 0.1772
vn 0.3902 0.7334 -0.5567
vn 0.3687 0.7915 -0.4874
vn 0.2187 0.8925 -0.3944
vn 0.3160 0.8170 0.4823
vn -0.2734 0.7556 0.5953
vn -0.1258 0.9798 -0.1553
vn 0.1347 0.9725 -0.1902
vn -0.3160 0.8170 0.4823
vn -0.3415 0.6315 0.6961
vn -0.2953 0.5977 0.7453
vn -0.2934 0.5092 0.8091
vn -0.2471 0.7280 0.6395
vn -0.2577 0.6830 0.6835
vn 0.2471 0.7280 0.6395
vn 0.5835 0.5175 0.6258
vn -0.5835 0.5175 0.6258
vn -0.4859 0.7526 0.4443
vn -0.2549 0.8536 0.4543
vn 0.4859 0.7526 0.4443
vn -0.8038 0.3907 0.4486
vn -0.6661 0.5270 0.5279
vn -0.6279 0.5329 0.5672
vn 0.5670 0.2754 0.7763
vn -0.0250 -0.7738 -0.6329
vn 0.4378 0.5741 -0.6919
vn -0.7159 0.4685 0.5176
vn -0.1112 0.0828 0.9903
vn -0.2266 0.1013 0.9687
vn -0.6134 -0.4463 -0.6516
vn -0.2184 -0.9666 0.1338
vn -0.0381 0.0165 0.9991
vn 0.5643 -0.4630 0.6835
vn -0.5643 -0.4630 0.6835
vn -0.2298 0.9070 -0.3528
vn -0.5785 0.5608 0.5923
vn -0.2246 -0.0550 0.9729
vn -0.2865 -0.2070 0.9355
vn 0.0987 -0.5895 0.8017
vn -0.8648 0.3735 -0.3355
vn -0.8425 0.4817 -0.2412
vn -0.7304 -0.2181 0.6473
vn -0.5625 -0.7793 0.2762
vn -0.7982 -0.5891 0.1260
vn -0.9134 -0.0157 0.4068
vn -0.7412 -0.0028 0.6713
vn -0.4723 -0.4205 0.7746
vn -0.0181 0.5457 0.8378
vn 0.4604 -0.1141 0.8803
vn 0.4439 0.8334 0.3293
vn 0.2549 0.8536 0.4543
vn 0.1250 0.9266 0.3546
vn 0.0960 0.8691 0.4853
vn -0.1250 0.9266 0.3546
vn -0.1342 0.7471 0.6510
vn 0.2577 0.6830 0.6835
vn 0.6752 -0.3516 0.6485
vn 0.6266 -0.1153 0.7707
vn -0.9171 -0.3434 0.2024
vn -0.8992 -0.3586 0.2508
vn -0.9705 -0.0629 0.2326
vn -0.9692 -0.1952 0.1505
vn -0.3173 0.5757 0.7536
vn 0.1228 0.8914 0.4364
vn 0.2266 0.1013 0.9687
vn -0.3360 -0.6704 0.6615
vn -0.5414 -0.5310 0.6519
vn -0.0416 0.3449 0.9377
vn 0.7328 0.5333 0.4225
vn 0.6940 0.4079 0.5932
vn -0.5815 -0.7706 0.2608
vn 0.0529 0.2947 0.9541
vn 0.4638 0.7997 -0.3813
vn 0.4423 0.8946 0.0636
vn 0.3661 0.9275 0.0758
vn -0.9453 -0.1579 -0.2855
vn -0.4620 -0.8803 0.1077
vn -0.0029 -0.9287 0.3709
vn -0.1695 -0.9768 0.1307
vn -0.0255 0.2155 0.9762
vn -0.0280 0.0922 0.9953
vn 0.0658 0.1228 0.9902
vn 0.0123 0.2305 0.9730
vn 0.4622 0.8023 0.3778
vn 0.1064 0.7803 0.6163
vn -0.3470 0.8524 0.3911
vn -0.4622 0.8023 0.3778
vn 0.3470 0.8524 0.3911
vn 0.0862 0.7814 0.6180
vn 0.2673 0.7300 0.6290
vn 0.2519 0.7536 0.6072
vn -0.0361 0.9918 -0.1230
vn -0.2261 0.9714 -0.0728
vn 0.2603 0.7461 0.6128
vn 0.2430 -0.9667 0.0808
vn 0.0701 0.2362 0.9692
vn 0.2149 0.1668 0.9623
vn -0.2324 0.8315 0.5045
vn 0.0490 0.2525 0.9664
vn 0.5456 -0.5488 0.6334
vn -0.4033 -0.9010 0.1599
vn -0.2459 -0.9247 0.2907
vn 0.4315 0.3334 0.8382
vn -0.0000 0.4626 -0.8866
vn 0.0584 0.3642 -0.9295
vn 0.1567 0.3358 -0.9288
vn -0.8206 0.2151 0.5295
vn -0.7698 -0.2354 0.5933
vn -0.0039 0.8020 0.5973
vn -0.0013 0.3265 0.9452
vn 0.2010 0.3704 0.9069
vn -0.0587 0.8015 0.5951
vn -0.5053 0.4642 -0.7274
vn 0.4161 0.7247 0.5493
vn 0.5785 0.5608 0.5923
vn -0.0079 0.9643 0.2646
vn 0.1283 0.9039 0.4081
vn 0.2978 0.1312 0.9456
vn 0.5000 -0.2031 0.8419
vn 0.5874 -0.2771 0.7604
vn 0.0410 -0.6941 0.7187
vn 0.9848 0.1188 0.1265
vn 0.0168 0.2092 0.9777
vn -0.0295 0.9274 0.3730
vn 0.1381 0.8279 0.5436
vn -0.2009 -0.7754 -0.5987
vn -0.2114 -0.7846 -0.5829
vn -0.2577 0.6683 0.6978
vn -0.2857 0.6090 0.7400
vn 0.5411 -0.5092 0.6693
vn 0.5428 -0.1520 0.8260
vn 0.6185 -0.6465 0.4466
vn 0.6489 0.0083 0.7609
vn 0.7376 0.2246 0.6368
vn -0.2815 0.7705 0.5720
vn -0.1383 0.8128 0.5659
vn -0.3874 0.7709 0.5056
vn -0.1064 0.7803 0.6163
vn -0.0000 0.8702 0.4927
vn 0.8783 0.3788 -0.2916
vn -0.8629 -0.0465 0.5033
vn 0.4450 0.8955 0.0090
vn 0.5185 0.7400 0.4284
vn 0.5680 0.8228 0.0210
vn -0.5213 -0.0722 0.8503
vn -0.4704 0.0960 0.8772
vn 0.1599 0.8168 0.5543
vn 0.1141 0.7682 0.6300
vn -0.1625 0.9317 -0.3248
vn 0.2305 0.8809 0.4134
vn 0.0423 -0.8655 0.4991
vn -0.2127 0.6434 0.7354
vn -0.0804 0.7052 0.7045
vn -0.0000 0.9134 0.4071
vn 0.7359 0.6414 -0.2166
vn 0.3627 0.6646 -0.6532
vn 0.6330 0.5308 -0.5635
vn -0.3501 0.7868 0.5084
vn -0.1436 0.8651 0.4806
vn -0.3751 0.7448 0.5519
vn -0.4932 0.7243 0.4817
vn 0.3960 0.7807 0.4834
vn 0.6531 0.7553 0.0550
vn 0.2444 -0.9693 -0.0258
vn -0.3106 0.9502 -0.0264
vn -0.5950 0.4479 0.6674
vn -0.4655 0.4246 0.7765
vn -0.0881 0.9956 0.0328
vn 0.0709 0.9911 0.1126
vn 0.3703 0.7499 0.5483
vn 0.1414 0.8658 0.4800
vn -0.1077 0.8796 0.4634
vn -0.8148 0.5770 0.0556
vn -0.1809 0.7830 0.5951
vn 0.1741 0.7864 0.5926
vn -0.2442 0.8708 0.4267
vn 0.3096 0.8827 0.3535
vn 0.2619 0.8217 0.5062
vn -0.5534 0.6236 0.5521
vn -0.0425 0.7865 0.6162
vn -0.3467 0.4642 0.8151
vn -0.5841 -0.2592 0.7692
vn -0.5584 0.7023 0.4415
vn -0.3874 0.9194 -0.0678
vn 0.4413 0.1198 0.8893
vn 0.4804 0.0658 0.8746
vn 0.9940 0.0065 -0.1092
vn -0.2469 -0.9489 0.1965
vn -0.0986 -0.9807 0.1688
vn 0.7728 0.6115 0.1698
vn 0.7560 0.6490 0.0849
vn 0.4194 0.8008 0.4277
vn -0.4194 0.8008 0.4277
vn -0.4439 0.8334 0.3293
vn 0.3835 0.7227 0.5751
vn 0.0939 0.8444 0.5275
vn -0.0939 0.8444 0.5275
vn 0.0986 0.7502 0.6538
vn -0.0862 0.8629 0.4980
vn -0.0000 0.8910 0.4540
vn -0.9821 -0.0057 0.1881
vn -0.8372 -0.4810 0.2604
vn -0.8270 -0.3739 0.4199
vn -0.9668 -0.0738 0.2448
vn -0.0000 0.3105 0.9506
vn -0.0239 0.3832 0.9233
vn -0.0000 0.3826 0.9239
vn -0.1251 0.5196 0.8452
vn 0.2735 0.4871 0.8294
vn -0.3791 -0.9253 -0.0086
vn 0.5651 -0.2062 0.7988
vn -0.3439 0.3097 0.8865
vn -0.1987 0.9781 -0.0614
vn -0.0341 0.8224 0.5678
vn 0.2520 0.8318 0.4946
vn -0.3375 0.0773 0.9381
vn -0.2401 0.1655 0.9565
vn 0.4891 0.6383 0.5945
vn 0.0911 -0.2265 0.9697
vn -0.0238 -0.1871 0.9821
vn 0.6250 0.5758 0.5271
vn 0.0809 0.9947 -0.0636
vn 0.4111 -0.2846 0.8660
vn -0.5177 0.6527 0.5531
vn -0.1335 0.8985 0.4182
vn 0.1945 -0.9809 0.0004
vn 0.0651 -0.9973 -0.0336
vn 0.3062 0.4711 0.8272
vn 0.2857 0.6090 0.7400
vn -0.0504 -0.2852 0.9571
vn 0.0734 -0.4953 0.8656
vn -0.2278 0.6690 0.7075
vn -0.3731 0.7774 0.5064
vn -0.1074 0.5903 0.8000
vn -0.3190 -0.5939 0.7386
vn -0.1077 0.2876 0.9517
vn -0.0926 0.4007 0.9115
vn -0.4901 0.8108 0.3201
vn -0.3903 0.8851 0.2537
vn 0.5367 0.8437 -0.0105
vn 0.2719 0.9505 0.1501
vn 0.2095 0.7652 0.6087
vn -0.0288 -0.7095 -0.7041
vn 0.0421 -0.6272 -0.7777
vn -0.2446 -0.6703 -0.7006
vn 0.0238 -0.1871 0.9821
vn -0.0194 0.4160 0.9092
vn -0.3100 0.7481 0.5867
vn 0.4346 0.8667 0.2448
vn 0.4536 0.8779 0.1533
vn -0.0840 0.0456 0.9954
vn -0.1557 -0.0635 0.9858
vn 0.3794 0.8976 0.2244
vn -0.3794 0.8976 0.2244
vn -0.4058 0.8054 0.4320
vn -0.2543 0.6118 0.7490
vn -0.2175 0.7020 0.6781
vn -0.1692 -0.8719 0.4595
vn -0.0000 -0.8912 0.4536
vn -0.0000 -0.7928 0.6095
vn -0.1802 -0.7769 0.6033
vn -0.0948 -0.5876 0.8036
vn 0.0336 -0.6155 0.7875
vn 0.2846 -0.2050 0.9365
vn 0.2242 -0.0551 0.9730
vn -0.0000 0.7665 0.6422
vn -0.0000 0.4816 0.8764
vn 0.1074 0.5903 0.8000
vn 0.5746 0.6693 0.4711
vn 0.1841 0.4228 0.8873
vn -0.5746 0.6693 0.4711
vn -0.7052 0.4163 0.5739
vn 0.3862 0.3426 0.8564
vn 0.2268 0.3780 0.8976
vn 0.2142 -0.5490 0.8079
vn 0.2209 -0.9689 0.1113
vn 0.4131 -0.9064 -0.0881
vn 0.7105 -0.4515 0.5398
vn -0.7334 0.2125 0.6457
vn -0.6850 -0.0770 0.7245
vn 0.1953 0.4270 0.8829
vn -0.5651 -0.2062 0.7988
vn 0.4802 -0.3581 0.8008
vn -0.2991 0.5279 0.7949
vn -0.2502 0.0622 0.9662
vn -0.1823 0.0763 0.9803
vn -0.6024 0.7121 0.3606
vn 0.2098 -0.3627 0.9080
vn 0.3866 0.8374 0.3865
vn 0.3948 0.9077 0.1422
vn -0.4765 0.8762 -0.0729
vn 0.3112 -0.5380 -0.7834
vn 0.4619 -0.8662 0.1906
vn -0.0560 0.4600 0.8862
vn -0.2494 0.7560 0.6052
vn -0.1440 0.4222 0.8950
vn 0.0067 0.9999 -0.0084
vn 0.3770 -0.0154 0.9261
vn -0.2975 0.8969 0.3272
vn -0.1095 0.9094 0.4013
vn 0.1802 -0.7769 0.6033
vn 0.1692 -0.8719 0.4595
vn 0.3375 0.8186 0.4648
vn -0.3223 0.4862 0.8122
vn 0.5177 0.6527 0.5531
vn -0.2898 0.5712 0.7679
vn 0.5536 -0.4197 0.7193
vn -0.3416 -0.7236 0.5998
vn -0.4130 0.5576 0.7201
vn 0.5621 0.4837 0.6709
vn 0.5489 0.2181 0.8069
vn -0.5559 0.5066 0.6590
vn 0.3896 0.0632 0.9188
vn -0.6605 0.4813 0.5763
vn 0.1753 -0.1218 0.9769
vn -0.7907 0.5555 0.2573
vn -0.2230 -0.1958 0.9550
vn -0.3152 -0.1494 0.9372
vn 0.0804 0.7052 0.7045
vn 0.0862 0.8629 0.4980
vn 0.3119 0.8347 -0.4538
vn 0.2230 0.9211 -0.3191
vn -0.7723 0.0044 0.6353
vn -0.5204 0.0632 0.8516
vn -0.7952 0.1240 0.5935
vn -0.6146 0.6757 0.4071
vn -0.7477 0.5678 0.3444
vn -0.7569 0.5878 0.2856
vn -0.7728 0.6115 0.1698
vn -0.5660 -0.8236 -0.0370
vn -0.2869 -0.9567 -0.0480
vn -0.7560 0.6490 0.0849
vn -0.6252 0.7726 0.1107
vn -0.5883 0.7902 0.1715
vn -0.2627 0.9561 0.1300
vn 0.1030 0.9811 0.1641
vn 0.0892 0.7575 0.6467
vn 0.6633 -0.3571 0.6577
vn 0.3664 0.4455 0.8169
vn 0.3741 0.9217 -0.1031
vn 0.2195 0.8682 0.4450
vn 0.3705 0.9286 -0.0190
vn 0.3007 0.9064 0.2967
vn -0.7660 0.6380 0.0786
vn 0.4647 -0.8757 -0.1311
vn -0.0783 -0.5957 -0.7994
vn -0.3665 -0.3213 -0.8732
vn -0.4954 -0.8307 0.2541
vn 0.2313 -0.4439 0.8657
vn -0.4451 0.2344 0.8642
vn 0.0584 -0.6232 0.7799
vn -0.8522 0.4539 0.2603
vn -0.8268 0.0904 -0.5552
vn -0.6571 0.5325 -0.5336
vn -0.7350 0.2427 -0.6331
vn -0.5057 -0.7474 -0.4310
vn -0.7690 -0.4999 0.3983
vn -0.8426 -0.4149 0.3435
vn -0.5847 -0.6660 -0.4632
vn 0.7180 0.3914 -0.5756
vn 0.9443 -0.1574 -0.2891
vn -0.3958 0.7813 0.4826
vn 0.1854 0.9569 0.2234
vn 0.3479 0.9101 0.2253
vn -0.9504 -0.2399 -0.1980
vn -0.1922 0.8051 -0.5611
vn -0.8409 0.2649 -0.4720
vn 0.0604 0.8901 -0.4518
vn 0.8334 0.5037 -0.2273
vn -0.7504 0.6506 0.1169
vn -0.6699 0.5277 0.5222
vn 0.7821 -0.6230 0.0132
vn 0.6808 -0.0705 0.7291
vn 0.5670 -0.4378 0.6978
vn -0.2123 -0.5507 0.8073
vn 0.7984 -0.1594 0.5806
vn -0.7984 -0.1594 0.5806
vn 0.1743 -0.9519 0.2520
vn 0.2123 -0.5507 0.8073
vn -0.9718 -0.1548 0.1780
vn 0.0791 0.5707 0.8174
vn -0.0857 0.2989 0.9504
vn -0.5610 0.5683 -0.6019
vn -0.4094 0.7301 -0.5472
vn -0.6636 0.6645 -0.3436
vn -0.5530 0.0446 -0.8320
vn -0.6037 0.3303 -0.7255
vn -0.4695 0.3957 -0.7893
vn 0.4491 0.2841 0.8471
vn -0.8412 -0.5080 0.1853
vn 0.9954 0.0838 0.0460
vn 0.9946 0.1012 0.0212
vn 0.4893 -0.8646 0.1144
vn 0.8128 -0.5651 0.1412
vn 0.8200 -0.5593 0.1215
vn 0.5182 -0.8552 0.0097
vn -0.0904 0.9042 -0.4174
vn -0.2187 0.8925 -0.3944
vn -0.2070 0.8447 -0.4936
vn 0.0250 -0.7738 -0.6329
vn -0.0307 -0.8185 -0.5736
vn 0.5718 -0.4289 0.6993
vn 0.2867 0.8388 -0.4628
vn -0.4505 0.3547 0.8193
vn -0.5995 0.2266 0.7676
vn 0.0985 -0.9807 0.1688
vn 0.0810 0.7458 -0.6612
vn 0.1098 0.6454 -0.7559
vn 0.2076 0.6917 -0.6917
vn 0.0922 0.6850 -0.7227
vn 0.3621 0.4350 -0.8244
vn 0.2859 0.7062 -0.6477
vn 0.3484 0.6971 -0.6266
vn 0.4695 0.3957 -0.7893
vn 0.4500 0.6577 -0.6041
vn 0.5645 0.5996 -0.5673
vn -0.1760 0.8194 0.5456
vn -0.2789 0.8383 0.4684
vn -0.1942 0.9170 0.3484
vn -0.0664 0.8279 0.5569
vn 0.2851 -0.6151 -0.7351
vn 0.3346 -0.7090 -0.6207
vn 0.3509 -0.7775 -0.5219
vn 0.3316 -0.6573 -0.6768
vn 0.7737 0.6252 -0.1029
vn 0.7546 0.6037 -0.2574
vn 0.4544 0.8773 -0.1543
vn 0.4926 0.8701 -0.0173
vn -0.0556 -0.5229 -0.8506
vn -0.7553 -0.5087 -0.4131
vn 0.5026 -0.5249 -0.6869
vn 0.8630 -0.5049 0.0170
vn -0.9590 -0.2821 -0.0254
vn 0.8511 0.2196 -0.4769
vn 0.8277 -0.3367 -0.4488
vn -0.0430 0.2865 0.9571
vn 0.7530 -0.5478 -0.3645
vn 0.8292 -0.5416 -0.1384
vn 0.7498 -0.6491 -0.1282
vn 0.6908 -0.6542 -0.3079
vn 0.6581 -0.7411 -0.1332
vn 0.6109 -0.7425 -0.2749
vn 0.5317 -0.8356 -0.1384
vn 0.1388 0.1156 -0.9835
vn 0.1225 0.4554 -0.8818
vn 0.2436 0.4553 -0.8564
vn 0.5530 0.0446 -0.8320
vn 0.3901 -0.7079 -0.5888
vn -0.7875 -0.0259 0.6157
vn -0.8176 -0.5583 0.1408
vn 0.0869 -0.9526 -0.2915
vn -0.4449 -0.7424 0.5009
vn -0.4394 0.4238 0.7920
vn -0.4283 0.4101 0.8052
vn 0.5331 0.8372 -0.1222
vn 0.6255 0.1985 -0.7545
vn 0.4248 0.5223 -0.7394
vn 0.8856 -0.3188 0.3377
vn -0.1883 -0.9707 0.1496
vn 0.2028 -0.8896 -0.4092
vn 0.0029 -0.9287 0.3709
vn 0.4655 0.4246 0.7765
vn 0.3986 -0.8700 -0.2902
vn 0.0881 0.9956 0.0328
vn -0.1485 0.7757 -0.6134
vn 0.0068 0.8081 -0.5890
vn -0.1589 0.7949 -0.5856
vn 0.2099 0.7687 -0.6042
vn 0.3106 0.9502 -0.0264
vn 0.4902 0.7290 0.4778
vn 0.5968 0.4499 0.6644
vn -0.4378 0.5741 -0.6919
vn -0.3694 0.6787 -0.6347
vn 0.1077 0.8796 0.4633
vn -0.1282 0.0275 0.9914
vn -0.8599 -0.3736 0.3478
vn 0.0762 0.4376 0.8960
vn -0.0619 0.4186 0.9061
vn -0.7140 0.5439 0.4409
vn 0.3476 0.7869 0.5098
vn -0.2534 -0.8245 -0.5059
vn -0.3970 -0.8717 -0.2874
vn -0.3697 -0.8112 -0.4530
vn 0.0948 -0.0820 0.9921
vn 0.4645 -0.0885 0.8811
vn 0.8048 -0.5422 0.2417
vn 0.4681 -0.2036 0.8599
vn -0.5824 0.6298 -0.5140
vn 0.3665 -0.3213 -0.8732
vn -0.0072 0.7005 0.7136
vn 0.2789 0.8383 0.4684
vn 0.9504 -0.2399 -0.1980
vn -0.7183 0.5072 0.4762
vn 0.3239 0.7770 -0.5398
vn 0.2009 0.8013 -0.5636
vn -0.9957 0.0781 0.0494
vn -0.8209 0.5692 -0.0461
vn -0.4952 -0.6319 -0.5961
vn -0.1054 -0.7938 -0.5990
vn -0.9174 -0.3527 -0.1842
vn -0.9555 0.0637 -0.2879
vn -0.8783 0.3788 -0.2916
vn -0.8913 -0.1336 -0.4332
vn -0.3595 -0.9179 -0.1680
vn 0.1213 -0.9841 0.1299
vn 0.3223 -0.8509 0.4148
vn -0.2312 -0.9521 0.1998
vn -0.6506 0.4456 -0.6149
vn -0.6330 0.5308 -0.5635
vn -0.3627 0.6646 -0.6532
vn -0.3902 0.7334 -0.5567
vn -0.3484 0.6971 -0.6266
vn -0.2851 0.8018 -0.5252
vn -0.2179 0.7642 -0.6070
vn -0.4305 0.1451 0.8908
vn -0.5704 -0.0504 0.8198
vn -0.1254 0.5685 0.8131
vn -0.2611 0.4331 0.8627
vn -0.0429 0.4192 0.9069
vn 0.4449 -0.7424 0.5009
vn -0.0869 -0.9526 -0.2915
vn 0.4394 0.4238 0.7920
vn -0.5863 0.6808 0.4390
vn -0.8365 -0.1589 0.5245
vn -0.7937 0.3006 0.5289
vn -0.6692 0.2194 0.7100
vn 0.8399 -0.1507 0.5214
vn 0.9140 -0.3400 0.2214
vn 0.9695 -0.1949 0.1485
vn -0.9177 -0.3524 -0.1835
vn -0.9373 -0.3412 0.0716
vn -0.6971 -0.7167 -0.0200
vn -0.7821 -0.6230 0.0132
vn -0.5771 -0.8154 -0.0456
vn 0.4400 -0.8930 -0.0951
vn -0.4400 -0.8930 -0.0951
vn -0.0000 -0.9091 -0.4166
vn -0.1251 -0.8219 -0.5558
vn -0.1326 -0.2546 -0.9579
vn -0.0000 -0.2554 -0.9668
vn -0.3690 0.9054 -0.2099
vn -0.8046 0.4944 -0.3290
vn -0.6879 0.4208 -0.5914
vn -0.8259 0.5512 -0.1183
vn -0.1332 0.3692 0.9198
vn -0.2816 -0.0346 0.9589
vn 0.5453 0.4294 -0.7199
vn 0.6286 -0.2066 -0.7497
vn -0.4671 0.8700 0.1581
vn -0.5965 0.7049 -0.3838
vn -0.8335 0.3142 -0.4545
vn 0.2302 0.9069 -0.3529
vn -0.1421 0.9837 0.1105
vn -0.3676 0.9071 0.2050
vn -0.4647 -0.8757 -0.1311
vn 0.0783 -0.5957 -0.7994
vn 0.4954 -0.8307 0.2541
vn -0.6024 -0.1762 0.7786
vn 0.9600 -0.1855 0.2097
vn 0.8634 -0.0383 0.5030
vn 0.8738 -0.3422 0.3455
vn -0.1759 0.3366 0.9251
vn -0.1852 0.9681 0.1689
vn -0.2358 0.9479 -0.2141
vn 0.1987 0.9781 -0.0614
vn -0.1960 0.3953 0.8974
vn -0.4227 0.6797 0.5995
vn -0.5156 0.5131 0.6862
vn -0.2454 0.7952 0.5544
vn -0.0006 0.7816 0.6238
vn 0.4129 0.9099 0.0404
vn -0.0258 -0.4029 0.9149
vn 0.6190 0.7612 0.1933
vn -0.1423 0.6801 0.7192
vn -0.7179 0.5781 0.3878
vn -0.2109 0.3640 0.9072
vn 0.7864 0.0034 0.6177
vn 0.0236 0.1014 0.9946
vn 0.5605 -0.3950 0.7279
vn 0.7045 -0.1898 0.6839
vn -0.0961 0.0497 0.9941
vn -0.5605 -0.3950 0.7279
vn -0.3708 -0.5231 0.7674
vn 0.0378 -0.1494 0.9880
vn -0.0791 -0.0853 0.9932
vn 0.3708 -0.5231 0.7674
vn -0.0536 0.9985 -0.0144
vn -0.3497 0.9338 -0.0751
vn -0.9576 0.2685 0.1046
vn -0.8630 0.5043 0.0292
vn 0.8243 0.5660 0.0104
vn -0.9516 0.1193 0.2832
vn 0.3673 -0.0876 0.9260
vn 0.7440 -0.3996 0.5355
vn 0.1718 -0.2385 0.9558
vn -0.2134 -0.6551 0.7248
vn 0.7351 0.5862 -0.3405
vn 0.7868 0.6165 0.0273
vn 0.0832 0.9648 -0.2494
vn 0.0757 0.9608 -0.2666
vn -0.0007 0.9636 -0.2672
vn -0.0014 0.9719 -0.2354
vn 0.5237 0.7687 0.3671
vn 0.6081 0.7855 -0.1148
vn -0.5490 0.1951 -0.8128
vn -0.4719 0.1277 -0.8724
vn 0.1767 0.4006 0.8991
vn -0.7045 -0.1898 0.6839
vn -0.8540 -0.5176 0.0530
vn -0.6190 0.7612 0.1933
vn -0.4129 0.9099 0.0404
vn -0.5588 0.2455 0.7921
vn -0.7495 0.1935 0.6331
vn 0.1144 -0.8467 -0.5196
vn 0.0824 0.1673 0.9825
vn -0.0719 0.2402 0.9680
vn -0.5181 0.5958 0.6136
vn -0.7529 0.2615 -0.6039
vn -0.9475 0.1041 0.3023
vn -0.2826 0.1177 -0.9520
vn -0.1388 0.1156 -0.9835
vn -0.2926 -0.2508 -0.9227
vn -0.6520 -0.3620 0.6662
vn -0.6848 -0.4637 0.5622
vn -0.3840 0.8383 0.3871
vn 0.3013 -0.0562 0.9519
vn -0.4249 0.0885 -0.9009
vn -0.4273 -0.9026 0.0524
vn 0.0829 -0.9966 0.0006
vn 0.1597 -0.5458 0.8226
vn -0.3349 -0.5323 0.7775
vn -0.4459 -0.2532 -0.8585
vn -0.5747 -0.2800 -0.7690
vn -0.0652 0.2861 0.9560
vn -0.5212 0.4375 0.7328
vn -0.4135 0.4884 0.7684
vn -0.7921 0.4927 0.3602
vn -0.9101 0.3930 -0.1315
vn -0.6674 0.6034 0.4364
vn -0.9112 -0.3449 0.2253
vn -0.8266 -0.5611 0.0427
vn 0.8540 -0.5176 0.0530
vn 0.3694 0.1698 -0.9136
vn 0.5304 0.0958 -0.8423
vn 0.4851 0.6982 -0.5265
vn -0.0000 0.1065 -0.9943
vn 0.1355 0.4886 -0.8619
vn 0.4093 0.3625 -0.8373
vn 0.6879 0.4208 -0.5914
vn -0.6352 -0.2695 0.7238
vn 0.9708 -0.0593 0.2326
vn 0.8989 -0.3595 0.2505
vn 0.9170 -0.3444 0.2011
vn 0.0360 0.9755 -0.2170
vn -0.8429 -0.4704 0.2614
vn -0.8070 -0.4695 0.3581
vn -0.8447 -0.3757 0.3813
vn -0.9131 -0.4016 0.0699
vn -0.5960 0.3568 -0.7194
vn -0.4248 0.5223 -0.7394
vn 0.2009 0.9426 0.2668
vn 0.0098 0.1535 -0.9881
vn -0.5588 -0.8229 -0.1027
vn 0.1695 -0.9768 0.1307
vn 0.5847 -0.6660 -0.4632
vn 0.6549 -0.6247 -0.4254
vn 0.4646 -0.8800 0.0985
vn 0.4451 0.2344 0.8642
vn -0.2313 -0.4439 0.8657
vn 0.8522 0.4539 0.2603
vn 0.8268 0.0904 -0.5552
vn 0.6571 0.5325 -0.5336
vn 0.6464 0.7359 0.2017
vn 0.0472 0.5637 0.8246
vn 0.1684 0.8950 0.4131
vn 0.1238 0.9721 0.1994
vn -0.3125 0.2082 0.9268
vn -0.2737 0.3333 0.9022
vn -0.3861 0.3663 0.8466
vn -0.4127 0.2842 0.8654
vn -0.7456 -0.6121 -0.2634
vn 0.0454 0.9985 -0.0297
vn -0.0861 0.8140 0.5745
vn -0.0950 0.2654 0.9594
vn -0.2526 0.2420 0.9368
vn 0.1054 0.4498 0.8869
vn 0.2816 0.4133 0.8660
vn -0.0086 0.9501 0.3117
vn -0.3239 0.7770 -0.5398
vn -0.2009 0.8013 -0.5636
vn 0.2295 0.8121 0.5366
vn 0.5618 0.6496 0.5122
vn -0.0208 0.9724 0.2323
vn -0.0422 0.8925 0.4491
vn 0.0824 0.7946 0.6015
vn 0.1239 0.1192 0.9851
vn 0.0771 0.2226 0.9718
vn -0.6059 0.4574 0.6509
vn -0.1462 0.4426 0.8847
vn 0.0979 0.4140 0.9050
vn -0.3835 0.7227 0.5751
vn -0.6072 0.6092 0.5101
vn -0.5251 0.8203 0.2267
vn 0.4239 -0.1072 0.8993
vn 0.1342 -0.0703 0.9885
vn -0.5201 0.7726 0.3641
vn -0.0081 0.9027 0.4302
vn 0.0536 0.8271 0.5595
vn -0.0437 0.8438 -0.5349
vn 0.0305 0.8261 -0.5626
vn -0.6704 0.4670 0.5766
vn 0.2764 0.7066 0.6514
vn 0.2801 -0.8736 0.3980
vn -0.3139 -0.1590 0.9361
vn -0.3514 0.6677 0.6563
vn -0.3555 0.7954 0.4909
vn -0.1494 0.7523 0.6417
vn -0.2056 0.6665 0.7166
vn 0.8599 -0.3736 0.3478
vn 0.9735 -0.2028 -0.1058
vn 0.3775 0.6580 0.6515
vn 0.6036 0.5678 0.5597
vn 0.1044 0.5863 0.8034
vn 0.0119 0.2848 0.9585
vn 0.4884 0.1980 0.8499
vn 0.6704 0.4670 0.5766
vn 0.5794 0.5646 0.5879
vn 0.3574 0.6914 0.6279
vn -0.4717 -0.8810 -0.0371
vn 0.0414 -0.7361 -0.6756
vn 0.4868 -0.6563 -0.5765
vn 0.3966 -0.8715 0.2883
vn 0.8247 -0.5470 -0.1438
vn 0.5072 -0.3974 -0.7647
vn 0.6319 -0.4246 -0.6484
vn 0.7231 0.5524 0.4147
vn 0.6722 0.5231 0.5239
vn 0.7071 0.5130 0.4867
vn 0.3451 0.5886 0.7311
vn 0.5534 0.5342 0.6391
vn 0.6072 0.6092 0.5101
vn 0.6395 0.2232 0.7356
vn 0.9460 0.1673 0.2778
vn -0.2618 0.1089 0.9590
vn -0.3809 0.1157 0.9173
vn 0.3674 0.9071 0.2053
vn 0.0090 0.9987 0.0498
vn 0.1424 0.1820 0.9729
vn 0.1586 0.2893 0.9440
vn 0.0250 0.2820 0.9591
vn 0.4192 -0.4812 -0.7699
vn -0.0532 -0.4422 -0.8953
vn -0.0082 -0.6970 0.7170
vn 0.5230 0.6967 -0.4910
vn 0.0124 0.9538 0.3003
vn 0.0295 0.9274 0.3730
vn -0.1633 0.9586 0.2331
vn 0.3415 0.2213 0.9135
vn 0.5534 0.6236 0.5521
vn 0.2539 0.5970 0.7610
vn 0.7313 0.2492 0.6349
vn -0.7596 0.6495 -0.0337
vn -0.8248 0.5553 0.1066
vn -0.5331 0.8372 -0.1222
vn -0.6464 0.7359 0.2017
vn 0.1617 -0.9826 0.0908
vn 0.4283 0.4101 0.8052
vn -0.0584 -0.6232 0.7799
vn 0.8910 0.3891 0.2338
vn 0.7957 -0.5901 0.1365
vn 0.1396 -0.7631 0.6310
vn -0.3544 -0.3214 0.8781
vn -0.3154 -0.3051 0.8986
vn -0.3784 0.0583 0.9238
vn -0.3024 -0.0992 0.9480
vn -0.3955 -0.2494 0.8839
vn -0.0494 -0.2683 -0.9621
vn -0.0831 -0.2787 -0.9568
vn -0.4342 -0.2272 -0.8717
vn -0.5369 -0.6096 0.5832
vn -0.3958 -0.7983 0.4539
vn -0.6551 -0.5573 0.5102
vn 0.5380 -0.1419 -0.8309
vn 0.5961 0.0400 -0.8019
vn 0.4521 -0.0721 -0.8890
vn -0.4967 -0.2201 0.8395
vn -0.7867 -0.2175 0.5778
vn -0.6562 -0.2388 0.7158
vn 0.6954 -0.4020 0.5957
vn 0.6581 -0.3392 0.6722
vn 0.7004 -0.4211 0.5762
vn -0.0131 -0.9141 0.4054
vn -0.5527 -0.7894 0.2671
vn -0.6236 -0.6903 0.3669
vn -0.6233 -0.7247 0.2938
vn 0.5527 -0.7894 0.2671
vn 0.5459 0.0069 0.8378
vn 0.6084 0.6846 0.4015
vn 0.6352 -0.2695 0.7238
vn 0.6899 -0.3539 0.6315
vn 0.3534 -0.9267 -0.1275
vn 0.3660 -0.8242 -0.4321
vn 0.8816 0.4714 -0.0227
vn 0.8710 0.4789 -0.1099
vn 0.7160 0.6742 0.1809
vn 0.9585 -0.1174 0.2599
vn 0.9075 -0.1379 0.3967
vn 0.5251 -0.8384 0.1460
vn 0.4364 0.1406 0.8887
vn 0.5686 -0.4796 -0.6683
vn 0.5620 -0.5587 -0.6099
vn 0.6668 -0.5040 -0.5490
vn 0.4391 0.1446 0.8867
vn 0.4890 0.0021 0.8723
vn 0.4947 0.0354 0.8684
vn 0.4707 -0.0213 0.8820
vn -0.8013 -0.5955 -0.0581
vn -0.3562 0.0595 0.9325
vn 0.6674 0.6034 0.4364
vn 0.3514 0.6677 0.6563
vn 0.3874 0.5017 0.7735
vn 0.3555 0.7954 0.4909
vn -0.7763 -0.5181 -0.3590
vn -0.6390 -0.4391 -0.6316
vn 0.4127 0.2842 0.8654
vn -0.1811 0.5853 0.7904
vn -0.4397 0.3803 0.8136
vn -0.4243 0.1667 0.8901
vn -0.3304 0.1322 0.9345
vn -0.3353 0.0415 0.9412
vn -0.2140 0.0020 0.9768
vn -0.1804 -0.1351 0.9743
vn -0.1146 -0.5458 0.8301
vn 0.4336 -0.0248 0.9008
vn 0.5141 -0.1423 0.8458
vn -0.0000 0.0139 0.9999
vn -0.0000 0.1224 0.9925
vn -0.3806 0.6614 0.6462
vn -0.1299 0.8453 0.5182
vn -0.0000 -0.5779 0.8161
vn -0.4955 -0.4799 0.7240
vn 0.1146 -0.5458 0.8301
vn 0.0605 -0.9428 -0.3279
vn 0.6372 -0.5802 0.5073
vn 0.5228 0.0412 0.8515
vn 0.5791 -0.1643 0.7985
vn -0.5390 0.4423 0.7168
vn -0.6243 0.1886 0.7581
vn -0.3553 0.2571 0.8987
vn 0.0584 -0.9885 -0.1397
vn 0.0462 -0.9929 -0.1099
vn 0.4398 -0.7977 0.4125
vn 0.0402 -0.8409 0.5396
vn 0.0859 0.8335 0.5458
vn -0.0859 0.8335 0.5458
vn 0.0553 0.5962 0.8009
vn 0.0679 -0.4358 0.8975
vn -0.3966 -0.8715 0.2883
vn 0.4717 -0.8810 -0.0371
vn 0.5698 -0.4224 0.7049
vn -0.1052 0.6182 0.7789
vn -0.0340 0.7209 0.6922
vn -0.2764 0.7066 0.6514
vn 0.2175 0.7020 0.6781
vn -0.4315 0.3334 0.8382
vn -0.4357 0.2147 0.8741
vn -0.4162 0.0797 0.9058
vn -0.4524 -0.0179 0.8916
vn -0.4794 -0.4166 0.7724
vn -0.4343 0.1162 0.8932
vn -0.4147 0.2473 0.8757
vn -0.1469 -0.7383 0.6583
vn -0.4008 -0.0285 0.9157
vn 0.2091 0.8178 0.5361
vn 0.1760 0.8194 0.5456
vn 0.2676 0.8626 0.4292
vn -0.2091 0.8178 0.5361
vn -0.2675 0.8627 0.4292
vn -0.2554 0.9141 0.3150
vn 0.1175 0.7430 0.6589
vn -0.1850 0.7030 0.6867
vn -0.2138 0.1673 0.9624
vn 0.4626 0.6784 0.5707
vn -0.4707 -0.0213 0.8820
vn -0.1193 -0.9358 0.3319
vn -0.0213 -0.9411 0.3375
vn 0.4771 -0.8221 0.3106
vn 0.4955 -0.4799 0.7240
vn -0.0000 -0.9487 0.3162
vn 0.3333 -0.7220 0.6063
vn 0.4126 -0.3162 0.8543
vn 0.5157 -0.8435 0.1504
vn 0.5598 -0.2959 0.7740
vn 0.5151 -0.3818 0.7674
vn 0.6474 -0.7395 0.1843
vn -0.6620 -0.0143 0.7494
vn 0.6547 -0.5552 0.5130
vn -0.6549 -0.6247 -0.4254
vn -0.8755 -0.3500 0.3331
vn 0.5787 -0.2200 0.7854
vn 0.9063 -0.2820 0.3148
vn 0.5057 -0.7474 -0.4310
vn -0.3429 -0.7919 -0.5052
vn -0.6474 -0.7395 0.1843
vn 0.2216 -0.8376 -0.4994
vn 0.1241 -0.7391 -0.6620
vn 0.3429 -0.7919 -0.5052
vn -0.2216 -0.8376 -0.4993
vn -0.0584 -0.9885 -0.1397
vn -0.0000 -0.9904 -0.1385
vn -0.0000 -0.9168 -0.3994
vn -0.4364 0.1406 0.8887
vn -0.0944 0.1112 0.9893
vn 0.1420 0.9837 0.1106
vn 0.5320 0.3036 0.7905
vn 0.4048 0.2440 0.8813
vn 0.3210 0.2668 0.9087
vn 0.2897 0.1667 0.9425
vn -0.2982 0.6563 0.6931
vn -0.6405 0.5044 0.5791
vn 0.0664 0.8279 0.5569
vn -0.2336 0.9611 0.1477
vn -0.1843 0.9751 0.1235
vn -0.2486 0.9633 0.1008
vn 0.5674 -0.8007 -0.1924
vn 0.7553 -0.5087 -0.4131
vn -0.3534 -0.9267 -0.1275
vn -0.2538 -0.9337 0.2526
vn -0.2848 -0.9227 -0.2600
vn 0.2932 -0.8647 0.4078
vn 0.2813 0.6598 -0.6968
vn 0.7147 0.6708 -0.1980
vn 0.8451 0.5319 -0.0541
vn 0.3908 0.5883 -0.7080
vn 0.3707 -0.9287 0.0122
vn 0.2503 -0.9072 0.3381
vn 0.0759 -0.8869 0.4557
vn 0.2312 -0.9521 0.1998
vn 0.9752 -0.0254 0.2200
vn 0.8208 0.0688 0.5670
vn -0.1935 -0.1831 0.9639
vn -0.7829 0.1016 0.6138
vn 0.4114 -0.2561 0.8747
vn 0.3947 -0.0242 0.9185
vn -0.7347 -0.5115 0.4456
vn -0.7086 -0.4727 0.5238
vn -0.1175 0.7431 0.6588
vn -0.3375 0.8186 0.4648
vn 0.5849 -0.1165 0.8027
vn 0.5704 -0.0504 0.8198
vn 0.6318 -0.2309 0.7400
vn 0.6299 -0.2757 0.7261
vn 0.4305 0.1451 0.8908
vn 0.4957 -0.0017 0.8685
vn -0.1222 0.4536 0.8828
vn -0.0035 0.5132 0.8583
vn -0.3223 -0.8509 0.4148
vn -0.4818 -0.6444 0.5938
vn -0.8240 -0.2715 0.4974
vn 0.5950 -0.3891 0.7033
vn 0.6235 -0.4842 0.6139
vn 0.5453 -0.5833 0.6020
vn 0.5131 -0.4489 0.7316
vn 0.3302 -0.1314 0.9347
vn 0.0071 -0.1368 0.9906
vn -0.4715 0.1497 0.8690
vn 0.4257 -0.4889 0.7614
vn 0.0922 0.4011 0.9114
vn 0.9151 0.4027 0.0200
vn 0.9489 0.3135 0.0365
vn -0.2891 -0.0296 -0.9568
vn -0.0451 0.9975 0.0547
vn 0.3148 -0.9072 0.2793
vn 0.5020 0.4217 0.7551
vn 0.5862 0.3953 0.7072
vn 0.6091 -0.1769 0.7731
vn 0.9103 0.3892 -0.1407
vn 0.9484 0.3161 -0.0243
vn -0.6091 -0.1769 0.7731
vn -0.5849 -0.1165 0.8027
vn -0.4957 -0.0017 0.8685
vn 0.6520 -0.3620 0.6662
vn -0.0827 -0.2559 0.9631
vn -0.8543 -0.4869 0.1818
vn 0.6498 -0.4333 0.6245
vn 0.3405 -0.0225 0.9400
vn -0.0614 -0.0066 0.9981
vn -0.2918 -0.7560 0.5859
vn -0.4460 -0.7638 0.4665
vn -0.3045 -0.8304 0.4667
vn 0.1910 0.1876 0.9635
vn 0.5291 -0.0247 0.8482
vn 0.8478 0.0041 0.5303
vn 0.3721 0.1876 0.9090
vn -0.6899 -0.3539 0.6315
vn -0.7004 -0.4211 0.5762
vn -0.6869 -0.5236 0.5040
vn -0.6829 -0.5613 0.4676
vn -0.6906 -0.5937 0.4131
vn -0.4536 -0.8023 0.3880
vn -0.1678 -0.6296 0.7585
vn -0.1460 -0.5904 0.7938
vn -0.1757 -0.8067 0.5643
vn -0.1722 -0.6727 0.7196
vn -0.0808 0.1799 0.9804
vn 0.2740 0.9085 0.3154
vn 0.3408 0.6397 0.6889
vn -0.3005 0.4224 0.8552
vn 0.4375 0.3491 0.8287
vn 0.9063 0.2327 0.3528
vn 0.5995 0.2266 0.7676
vn -0.5210 0.8083 -0.2743
vn -0.4945 0.8161 -0.2992
vn -0.5567 0.8218 -0.1210
vn -0.5779 0.7409 -0.3421
vn -0.1801 -0.7449 -0.6424
vn -0.1773 -0.7635 -0.6210
vn -0.6098 0.4181 0.6733
vn -0.9151 0.4027 0.0200
vn -0.9489 0.3135 0.0365
vn -0.7695 -0.5371 0.3456
vn -0.7094 -0.6268 0.3222
vn -0.4556 -0.8351 0.3083
vn -0.0590 -0.9711 0.2313
vn 0.8274 0.5539 -0.0929
vn 0.5884 0.7912 -0.1666
vn -0.0000 -0.6324 0.7746
vn -0.2449 0.9188 -0.3095
vn -0.5779 0.8001 -0.1612
vn -0.5836 0.7952 -0.1646
vn 0.9860 0.1577 0.0548
vn 0.4005 -0.0338 0.9157
vn 0.1036 -0.7730 -0.6259
vn 0.6010 0.0539 -0.7974
vn 0.7246 0.5704 -0.3868
vn 0.7090 0.5839 -0.3955
vn 0.6038 0.0242 -0.7968
vn 0.9786 -0.0059 0.2059
vn -0.7913 -0.5595 0.2465
vn -0.7216 -0.6564 0.2202
vn -0.6246 -0.7550 0.1999
vn 0.8685 0.2173 0.4455
vn 0.3490 0.5349 0.7694
vn -0.4571 -0.8677 0.1951
vn -0.5251 -0.8384 0.1460
vn -0.4417 -0.8952 0.0595
vn -0.3246 -0.9329 0.1562
vn -0.1625 -0.9755 0.1482
vn -0.0000 -0.9897 0.1433
vn -0.0000 -0.9679 0.2514
vn -0.0000 -0.7147 -0.6994
vn -0.3302 -0.6771 -0.6576
vn -0.1594 -0.7238 -0.6713
vn -0.0305 0.8261 -0.5626
vn -0.0606 0.2206 -0.9735
vn 0.0437 0.8438 -0.5349
vn -0.4851 0.6982 -0.5265
vn 0.2249 -0.6364 -0.7378
vn -0.0059 0.5566 0.8308
vn -0.0648 0.4848 0.8722
vn -0.2652 0.5335 0.8031
vn -0.1272 0.7838 0.6079
vn 0.9677 -0.0756 0.2406
vn 0.8287 -0.3728 0.4175
vn 0.8405 -0.4763 0.2582
vn 0.9830 0.1761 -0.0519
vn -0.3707 -0.9287 0.0122
vn -0.2503 -0.9072 0.3381
vn -0.6681 -0.0114 0.7440
vn 0.5806 -0.8108 -0.0738
vn -0.4163 -0.1142 -0.9020
vn -0.3665 -0.0952 -0.9255
vn -0.0601 -0.6623 -0.7468
vn -0.2851 -0.6151 -0.7351
vn 0.3057 0.2140 0.9278
vn -0.2249 -0.6364 -0.7378
vn 0.1656 -0.6832 -0.7112
vn 0.0288 -0.7783 -0.6273
vn -0.2645 0.4472 0.8545
vn -0.2885 0.2233 0.9311
vn -0.7956 -0.5902 0.1366
vn -0.9735 -0.0290 0.2267
vn -0.6940 0.4079 0.5932
vn 0.0416 0.3449 0.9377
vn -0.3382 -0.9410 0.0137
vn -0.8480 -0.4958 0.1875
vn 0.5198 -0.8538 0.0296
vn -0.6314 -0.7711 0.0826
vn -0.7223 -0.6844 0.0999
vn -0.6217 0.6577 0.4254
vn -0.5198 -0.8538 0.0296
vn 0.4417 -0.8952 0.0595
vn 0.2007 0.9463 -0.2536
vn 0.1625 -0.9755 0.1482
vn 0.3246 -0.9329 0.1562
vn 0.4571 -0.8677 0.1951
vn 0.6848 -0.4637 0.5622
vn 0.6577 -0.2649 0.7051
vn 0.5937 -0.1820 0.7839
vn 0.5459 -0.0886 0.8332
vn -0.3564 0.8183 0.4510
vn -0.6299 -0.2757 0.7261
vn 0.1615 -0.9146 0.3706
vn 0.1582 -0.9527 0.2596
vn -0.2166 0.8514 0.4778
vn -0.4628 0.6062 -0.6468
vn -0.6047 0.7057 0.3692
vn -0.5492 0.7886 0.2767
vn 0.1111 0.9501 -0.2916
vn -0.3135 0.8329 0.4560
vn 0.4719 0.1277 -0.8724
vn 0.3665 -0.0952 -0.9255
vn 0.5749 -0.1438 -0.8055
vn -0.6874 0.7007 -0.1912
vn -0.4519 0.8919 -0.0144
vn -0.3298 0.9410 0.0763
vn -0.0000 0.1523 0.9883
vn -0.0000 -0.6050 0.7962
vn -0.0000 -0.9309 0.3652
vn 0.0343 -0.9993 0.0151
vn -0.7395 0.3977 0.5430
vn -0.8021 0.3521 0.4823
vn -0.8873 0.0854 0.4533
vn -0.8242 0.1260 0.5522
vn -0.3433 -0.7012 -0.6249
vn -0.0842 -0.3423 -0.9358
vn 0.5733 -0.6940 -0.4354
vn 0.2534 0.9625 0.0972
vn -0.7265 0.5713 0.3817
vn -0.6127 0.3321 0.7171
vn 0.9502 -0.0623 0.3054
vn 0.9963 0.0739 0.0444
vn -0.7324 0.6768 0.0739
vn 0.0587 -0.7508 0.6579
vn 0.0588 -0.8057 0.5894
vn -0.1634 -0.4097 0.8974
vn -0.6026 0.7637 -0.2316
vn -0.7296 0.6595 -0.1812
vn -0.3505 -0.3050 0.8855
vn -0.4698 -0.6223 0.6261
vn -0.7061 0.6253 -0.3322
vn 0.5779 0.7409 -0.3421
vn 0.5210 0.8083 -0.2743
vn -0.4450 0.8955 0.0090
vn -0.3941 0.8675 -0.3035
vn -0.2441 0.9696 -0.0167
vn 0.3598 0.0006 -0.9330
vn 0.0824 -0.2048 -0.9753
vn 0.0211 -0.1889 -0.9818
vn 0.1712 0.0573 -0.9836
vn -0.3701 0.8918 -0.2601
vn 0.4945 0.8161 -0.2992
vn -0.0000 0.0943 0.9955
vn -0.1787 -0.4021 0.8980
vn -0.2857 0.0460 0.9572
vn -0.3580 0.0245 0.9334
vn -0.9502 -0.0623 0.3054
vn 0.3595 -0.9179 -0.1680
vn -0.1213 -0.9841 0.1299
vn 0.4087 -0.8557 -0.3174
vn 0.3941 0.8675 -0.3035
vn -0.1212 0.0547 -0.9911
vn 0.6654 0.1715 -0.7265
vn 0.2018 -0.7135 -0.6709
vn 0.1212 -0.7388 -0.6629
vn 0.2788 -0.6915 -0.6664
vn 0.5866 0.6539 0.4778
vn -0.1629 -0.9672 -0.1949
vn 0.0909 -0.8949 -0.4370
vn 0.1629 -0.9672 -0.1949
vn -0.1020 -0.3176 -0.9427
vn -0.4760 -0.4805 -0.7366
vn 0.0190 -0.7574 -0.6526
vn -0.0922 -0.7762 -0.6237
vn -0.1036 -0.7730 -0.6259
vn -0.1880 -0.7745 -0.6040
vn 0.4831 0.2666 -0.8340
vn 0.8248 0.5553 0.1066
vn 0.4923 0.5438 0.6797
vn 0.2114 -0.7846 -0.5829
vn -0.0000 -0.7958 -0.6055
vn 0.1196 -0.8610 -0.4943
vn -0.0570 -0.8487 -0.5257
vn 0.0543 -0.8349 -0.5477
vn 0.0650 -0.9109 -0.4075
vn -0.3809 0.7239 -0.5753
vn -0.6322 0.7400 0.2297
vn -0.3936 0.8243 0.4069
vn -0.2087 0.9118 -0.3538
vn -0.0927 0.3043 0.9481
vn 0.2538 -0.9337 0.2526
vn -0.0543 -0.7269 0.6846
vn 0.3269 -0.3181 0.8899
vn -0.0418 -0.7296 0.6826
vn 0.9093 0.0722 0.4098
vn 0.6014 0.1818 0.7780
vn 0.5480 -0.1615 0.8208
vn 0.8072 -0.3036 0.5061
vn -0.0465 -0.8350 0.5484
vn 0.1133 0.9526 0.2825
vn -0.5439 0.5208 0.6580
vn 0.9714 0.1988 -0.1297
vn 0.1829 0.8035 -0.5665
vn 0.8960 -0.4094 -0.1722
vn 0.1883 -0.9707 0.1496
vn -0.3986 -0.8700 -0.2902
vn -0.2028 -0.8896 -0.4092
vn -0.6255 0.1985 -0.7545
vn -0.8856 -0.3188 0.3377
vn 0.5070 -0.1731 -0.8444
vn 0.4664 0.6694 0.5782
vn -0.3948 0.1110 0.9120
vn -0.4446 0.0574 0.8939
vn 0.9578 -0.1952 -0.2110
vn -0.7371 0.5062 0.4477
vn 0.8055 0.2730 -0.5259
vn 0.8552 0.2514 -0.4533
vn 0.8240 -0.2715 0.4974
vn 0.7177 -0.0907 0.6904
vn 0.0462 0.6966 -0.7160
vn 0.0736 0.4425 -0.8938
vn 0.0463 0.3737 -0.9264
vn -0.5784 0.4174 -0.7009
vn -0.5012 0.5053 -0.7025
vn -0.6453 0.5261 -0.5539
vn -0.2788 -0.6915 -0.6664
vn -0.3660 -0.8242 -0.4321
vn -0.2816 -0.8161 -0.5047
vn 0.5299 0.2977 -0.7941
vn -0.8721 0.4708 0.1331
vn 0.5220 0.4096 -0.7481
vn 0.0584 0.5230 -0.8503
vn -0.4468 0.2857 0.8478
vn 0.7723 0.6305 0.0777
vn 0.2076 0.1792 0.9617
vn -0.4093 0.3625 -0.8373
vn -0.9137 0.4036 -0.0472
vn 0.9137 0.4036 -0.0472
vn -0.0000 0.9466 -0.3225
vn -0.0000 0.9642 -0.2652
vn -0.3908 0.5883 -0.7080
vn -0.8451 0.5319 -0.0541
vn -0.7147 0.6708 -0.1980
vn -0.2813 0.6598 -0.6968
vn -0.3858 0.9066 -0.1710
vn -0.0462 0.6966 -0.7160
vn 0.1870 0.9745 0.1237
vn -0.4128 0.4797 0.7743
vn -0.3040 0.3869 0.8706
vn -0.1870 0.9745 0.1237
vn -0.9855 0.1132 0.1267
vn 0.6662 0.2696 0.6953
vn 0.3858 0.9066 -0.1710
vn -0.4420 0.7524 -0.4883
vn -0.2035 0.3736 0.9050
vn -0.9164 0.3937 0.0715
vn 0.1409 0.9346 0.3265
vn 0.2515 0.1166 0.9608
vn 0.4101 0.3147 0.8560
vn -0.5480 -0.1615 0.8208
vn -0.1239 0.1192 0.9851
vn 0.8463 0.0493 0.5304
vn 0.9453 -0.3229 0.0453
vn -0.7207 0.2282 0.6546
vn -0.3721 0.1876 0.9090
vn 0.0414 0.5861 0.8092
vn -0.3098 0.6333 0.7092
vn 0.9499 -0.1145 -0.2907
vn 0.9723 0.0642 0.2247
vn 0.5417 0.8222 -0.1748
vn 0.8023 0.4871 0.3450
vn 0.2240 0.2462 0.9430
vn -0.1458 -0.9713 0.1881
vn -0.6451 -0.4179 0.6397
vn -0.6153 -0.0963 0.7824
vn -0.3753 -0.1223 0.9188
vn -0.1124 -0.7444 0.6582
vn -0.4775 0.5346 0.6972
vn -0.1534 0.3721 0.9154
vn -0.3346 -0.7090 -0.6207
vn -0.3509 -0.7775 -0.5219
vn -0.4087 -0.8557 -0.3174
vn 0.4992 0.8630 -0.0777
vn 0.2420 0.0585 -0.9685
vn 0.0418 -0.7296 0.6826
vn 0.0213 -0.9496 -0.3128
vn 0.5839 -0.2101 0.7842
vn -0.6060 -0.7618 0.2292
vn -0.2761 -0.8896 0.3637
vn -0.2349 -0.5500 0.8015
vn 0.7455 -0.6239 0.2347
vn -0.2255 0.8740 0.4305
vn -0.0469 0.9778 0.2043
vn 0.2815 0.0109 0.9595
vn -0.3279 -0.7269 0.6035
vn -0.5015 -0.2965 0.8128
vn -0.6249 -0.4632 0.6284
vn -0.3634 -0.7823 0.5059
vn -0.6653 -0.5194 0.5363
vn 0.0201 -0.8870 0.4613
vn 0.0497 0.6923 0.7199
vn -0.7855 -0.1458 0.6015
vn -0.6132 -0.0665 0.7871
vn 0.3282 0.5833 0.7430
vn -0.6577 -0.2649 0.7051
vn 0.7297 0.6099 -0.3092
vn -0.5225 -0.4346 0.7336
vn 0.0159 -0.5061 0.8623
vn 0.7831 0.6042 0.1474
vn 0.7143 -0.6898 0.1179
vn 0.0969 -0.9943 0.0438
vn -0.0264 -0.0646 0.9976
vn -0.0071 -0.1368 0.9906
vn -0.3571 -0.0468 0.9329
vn 0.1345 0.8251 0.5488
vn -0.3475 -0.0081 0.9377
vn -0.4319 -0.4914 0.7563
vn -0.3583 -0.6669 0.6534
vn -0.8081 -0.3040 0.5046
vn 0.7620 -0.6158 0.2004
vn 0.7858 0.6052 -0.1277
vn -0.0398 -0.1193 0.9921
vn -0.4450 -0.1039 0.8895
vn -0.4345 -0.1679 0.8849
vn -0.0389 -0.1949 0.9801
vn -0.4248 0.0948 0.9003
vn -0.1462 0.8258 0.5447
vn -0.4068 0.4218 0.8103
vn 0.3712 0.9022 -0.2199
vn 0.0548 -0.2638 -0.9630
vn -0.0159 0.6601 -0.7511
vn -0.2240 0.2462 0.9430
vn -0.0884 -0.0856 0.9924
vn -0.4645 -0.0885 0.8811
vn 0.9947 0.0983 0.0286
vn -0.4317 -0.4921 0.7559
vn 0.1095 0.6907 0.7148
vn 0.2632 0.4898 0.8312
vn -0.2831 -0.1585 0.9459
vn -0.3982 0.1900 0.8974
vn -0.3372 -0.1699 0.9260
vn -0.5720 0.8042 -0.1617
vn -0.4417 0.1376 0.8865
vn 0.4666 0.7925 0.3927
vn 0.1556 0.5283 0.8347
vn 0.2173 0.3701 0.9032
vn -0.9420 -0.1132 -0.3159
vn 0.0048 0.3297 0.9441
vn -0.0942 0.3240 0.9414
vn 0.5673 -0.2006 -0.7987
vn 0.4178 -0.1154 -0.9012
vn -0.9846 0.1698 -0.0418
vn -0.8455 -0.1785 0.5033
vn -0.0933 0.3458 0.9336
vn -0.5460 0.3653 0.7539
vn 0.4783 -0.8752 -0.0733
vn -0.6617 0.3437 0.6663
vn -0.8100 0.5865 -0.0012
vn -0.2055 -0.7012 -0.6827
vn 0.4086 -0.9122 -0.0314
vn 0.6419 -0.7344 -0.2208
vn 0.1454 0.9892 0.0192
vn -0.9718 -0.0324 -0.2337
vn 0.1938 -0.3954 -0.8978
vn 0.0876 -0.5016 -0.8607
vn 0.1870 0.2521 -0.9495
vn 0.0772 0.9862 -0.1462
vn 0.3140 0.3586 -0.8791
vn 0.1598 -0.7035 -0.6925
vn -0.6791 0.4641 0.5687
vn 0.6791 0.5660 -0.4675
vn 0.8088 0.4736 0.3486
vn 0.8649 0.3147 -0.3911
vn 0.3701 0.8918 -0.2601
vn -0.0796 -0.1444 0.9863
vn 0.6923 0.5472 -0.4705
vn 0.1823 0.0763 0.9803
vn 0.4099 -0.8497 0.3317
vn 0.4698 -0.6223 0.6261
vn -0.1559 -0.5869 -0.7945
vn -0.4841 -0.5626 -0.6702
vn 0.2307 0.8732 0.4292
vn -0.0119 0.2848 0.9585
vn -0.4884 0.1980 0.8499
vn 0.2502 0.0622 0.9662
vn 0.1617 -0.4195 0.8932
vn 0.0869 -0.3311 -0.9396
vn 0.0771 -0.8385 -0.5394
vn 0.0330 -0.3086 -0.9506
vn 0.5254 -0.8508 0.0087
vn 0.0005 -0.3491 -0.9371
vn -0.1334 -0.5068 -0.8517
vn -0.2940 -0.4863 -0.8229
vn -0.0279 -0.3558 -0.9341
vn -0.0000 -0.9535 0.3014
vn -0.0000 -0.9617 0.2740
vn -0.0000 -0.9762 0.2168
vn -0.0289 -0.5628 -0.8261
vn -0.0001 -0.9881 0.1535
vn 0.2358 0.9479 -0.2142
vn 0.0264 -0.0646 0.9976
vn 0.1534 0.3721 0.9154
vn 0.5191 0.3688 -0.7710
vn 0.2885 -0.4342 -0.8534
vn 0.4072 -0.4747 -0.7803
vn -0.4758 -0.4075 -0.7795
vn -0.6239 -0.6852 -0.3759
vn -0.7207 -0.6481 0.2460
vn 0.4159 -0.6342 -0.6518
vn 0.2277 -0.6788 -0.6981
vn 0.4261 -0.7054 -0.5665
vn 0.1903 -0.7283 -0.6583
vn -0.9723 0.0642 0.2247
vn -0.8208 0.0688 0.5670
vn -0.8023 0.4871 0.3450
vn -0.7105 -0.4515 0.5398
vn 0.1412 -0.9620 0.2335
vn -0.0271 -0.9956 0.0894
vn -0.3015 -0.1915 0.9340
vn -0.4272 -0.2200 0.8770
vn -0.2407 -0.0135 0.9705
vn -0.5688 0.3078 0.7627
vn 0.7221 -0.5854 0.3686
vn 0.4115 0.9099 0.0515
vn 0.3615 0.5785 0.7312
vn 0.1369 0.7336 0.6657
vn 0.8921 -0.2734 0.3598
vn -0.8080 -0.5744 -0.1314
vn -0.4494 -0.8922 -0.0445
vn 0.5297 -0.2968 -0.7946
vn 0.0580 -0.2655 -0.9624
vn 0.0279 -0.3558 -0.9341
vn 0.4628 0.6062 -0.6468
vn -0.0474 -0.2162 -0.9752
vn -0.8670 -0.4779 -0.1414
vn -0.8478 0.0041 0.5303
vn -0.8048 -0.5422 0.2417
vn -0.0306 -0.2350 -0.9715
vn -0.0232 0.0955 -0.9952
vn 0.0652 -0.9975 0.0272
vn 0.5662 -0.8204 -0.0800
vn 0.3505 -0.3050 0.8855
vn 0.0275 -0.4065 0.9133
vn 0.8311 0.0590 0.5530
vn 0.4086 -0.6939 -0.5929
vn 0.2537 -0.6334 -0.7311
vn -0.9076 0.1186 -0.4028
vn -0.9134 -0.0083 -0.4070
vn -0.9748 -0.0283 0.2212
vn 0.0893 -0.4946 0.8645
vn 0.9771 -0.0291 -0.2107
vn 0.0389 -0.1949 0.9801
vn -0.0000 -0.1955 0.9807
vn 0.3505 0.5943 0.7238
vn 0.7468 0.5650 0.3507
vn -0.4764 -0.8308 0.2878
vn 0.9962 0.0810 0.0315
vn -0.0159 -0.5061 0.8623
vn 0.4601 0.6825 0.5679
vn -0.3176 -0.2661 0.9101
vn -0.4575 0.6830 0.5694
vn -0.5622 0.6754 0.4771
vn -0.2173 0.3701 0.9032
vn -0.0890 0.1378 0.9865
vn 0.3295 0.0031 -0.9441
vn 0.3716 -0.5650 -0.7367
vn 0.1096 -0.5731 -0.8121
vn -0.5188 -0.3003 -0.8004
vn -0.0580 -0.2655 -0.9624
vn -0.3678 0.0279 -0.9295
vn 0.0541 -0.2191 -0.9742
vn 0.0315 -0.2104 -0.9771
vn -0.1562 -0.2150 0.9640
vn 0.0082 -0.6970 0.7170
vn 0.0240 0.1053 -0.9941
vn -0.3096 0.8827 0.3535
vn -0.2619 0.8217 0.5062
vn -0.7246 0.5704 -0.3868
vn -0.7090 0.5839 -0.3955
vn -0.3255 0.4520 -0.8305
vn -0.0221 -0.1866 -0.9822
vn -0.0860 -0.2081 -0.9743
vn -0.0587 -0.7508 0.6579
vn -0.0392 -0.9096 0.4136
vn 0.2380 0.1447 0.9604
vn 0.2449 0.9188 -0.3095
vn 0.8147 0.5572 -0.1604
vn 0.7750 0.6076 -0.1736
vn -0.3210 -0.5341 0.7821
vn 0.1696 0.9855 -0.0080
vn 0.1686 0.9328 -0.3185
vn -0.6002 -0.5468 -0.5837
vn 0.0307 -0.8185 -0.5736
vn -0.4183 -0.1392 -0.8976
vn 0.1719 -0.9699 -0.1724
vn -0.4837 0.5951 -0.6418
vn 0.1645 -0.9464 -0.2779
vn -0.1719 -0.9699 -0.1724
vn -0.3833 0.8766 0.2911
vn -0.0351 -0.8615 0.5065
vn 0.2009 -0.9603 0.1935
vn -0.0651 -0.9973 -0.0336
vn 0.0351 -0.8615 0.5065
vn 0.6227 0.2091 0.7540
vn 0.9252 0.1245 0.3585
vn -0.9664 0.2567 0.0130
vn 0.0872 -0.9955 -0.0374
vn -0.1339 -0.9885 -0.0708
vn -0.2952 -0.9453 -0.1387
vn 0.9986 -0.0507 -0.0122
vn 0.9706 -0.1916 -0.1455
vn 0.9505 -0.0203 0.3100
vn 0.5061 -0.2875 0.8131
vn -0.9928 0.0508 0.1086
vn 0.1445 0.9793 0.1415
vn 0.2563 0.9633 0.0798
vn 0.2133 0.9602 0.1800
vn -0.7117 -0.0657 -0.6994
vn 0.9921 0.1253 -0.0029
vn 0.9770 0.1416 -0.1595
vn 0.4183 -0.1392 -0.8976
vn 0.4837 0.5951 -0.6418
vn 0.0409 0.9905 0.1315
vn -0.5971 0.1838 -0.7809
vn 0.9898 -0.1224 0.0733
vn -0.6979 0.3875 0.6023
vn -0.1645 -0.9464 -0.2779
vn 0.5637 -0.8238 0.0610
vn 0.5963 0.2550 0.7612
vn 0.2373 0.8334 0.4991
vn 0.5732 0.7190 -0.3930
vn -0.2259 0.6135 0.7567
vn 0.0535 0.5009 0.8638
vn -0.7100 0.2517 -0.6577
vn -0.7541 0.6052 -0.2552
vn 0.5890 0.6729 -0.4475
vn -0.0565 -0.7632 -0.6437
vn -0.5026 -0.5249 -0.6869
vn 0.0090 -0.4447 -0.8956
vn 0.2055 -0.7012 -0.6827
vn -0.4969 -0.6794 -0.5400
vn 0.0137 -0.7722 -0.6352
vn -0.6923 0.5472 -0.4705
vn 0.4239 0.8276 0.3680
vn 0.3098 0.6333 0.7092
vn 0.7207 0.2282 0.6546
vn -0.5291 -0.0247 0.8482
vn -0.1910 0.1876 0.9635
vn -0.3405 -0.0225 0.9400
vn 0.2456 -0.1005 0.9641
vn 0.4450 -0.1039 0.8895
vn -0.2456 -0.1005 0.9641
vn 0.0532 -0.4422 -0.8953
vn -0.0000 0.2276 -0.9738
vn -0.0000 0.8342 -0.5515
vn -0.0000 0.9056 0.4242
vn -0.0536 0.8271 0.5595
vn 0.0081 0.9027 0.4302
vn -0.0000 -0.1168 0.9932
vn -0.4921 -0.5840 -0.6456
vn -0.3663 -0.5689 -0.7363
vn -0.5483 -0.4907 -0.6771
vn -0.1829 0.8035 -0.5665
vn 0.6698 -0.7049 0.2336
vn -0.2142 -0.5490 0.8079
vn -0.9596 0.1419 0.2430
vn -0.7349 0.1837 0.6528
vn 0.7829 0.1016 0.6138
vn 0.8976 -0.0764 0.4341
vn -0.0101 -0.9415 0.3369
vn 0.6418 0.6433 -0.4174
vn -0.0600 0.1808 -0.9817
vn -0.5417 0.8222 -0.1748
vn 0.0159 0.6601 -0.7511
vn 0.5439 0.5208 0.6580
vn -0.7920 0.2092 -0.5735
vn -0.5005 0.1657 0.8497
vn -0.5708 0.0384 0.8202
vn 0.1124 -0.7444 0.6582
vn 0.2152 -0.5415 0.8127
vn -0.2704 -0.9626 0.0192
vn 0.3284 -0.9343 0.1383
vn 0.4746 0.0486 0.8789
vn 0.9131 -0.4016 0.0699
vn 0.0890 0.1378 0.9865
vn 0.0614 -0.0066 0.9981
vn -0.0679 -0.4358 0.8975
vn -0.5698 -0.4224 0.7049
vn -0.3169 -0.1416 0.9378
vn -0.1605 -0.1379 0.9773
vn 0.1562 -0.2150 0.9640
vn -0.2303 -0.1927 0.9539
vn -0.2380 0.1447 0.9604
vn -0.1239 0.0260 0.9920
vn -0.0298 0.0950 0.9950
vn 0.5005 0.1657 0.8497
vn -0.4548 -0.8708 0.1866
vn -0.0615 0.8658 0.4966
vn 0.0857 0.2989 0.9504
vn -0.0168 0.2092 0.9777
vn 0.8619 0.0842 0.5000
vn 0.9091 -0.2154 0.3565
vn 0.7456 -0.6121 -0.2634
vn -0.4059 -0.9120 -0.0600
vn -0.6253 -0.7581 -0.1852
vn -0.1891 -0.5219 -0.8318
vn -0.7752 -0.3610 0.5184
vn -0.1074 -0.5791 0.8081
vn -0.2812 0.8797 0.3835
vn -0.0124 0.9538 0.3003
vn 0.4921 -0.5840 -0.6456
vn 0.3005 0.2806 0.9116
vn 0.2020 0.2336 0.9511
vn 0.0671 0.8973 0.4363
vn 0.0968 0.9118 0.3991
vn 0.4345 -0.1679 0.8849
vn 0.0398 -0.1193 0.9921
vn -0.0000 0.3109 0.9504
vn 0.3343 -0.7687 0.5452
vn 0.6338 -0.7726 -0.0368
vn 0.0806 -0.9931 0.0850
vn 0.9245 -0.3101 0.2218
vn 0.4988 -0.7038 -0.5059
vt 0.340820 0.868652
vt 0.343262 0.870117
vt 0.352051 0.860352
vt 0.349121 0.858398
vt 0.443359 0.580566
vt 0.438965 0.571777
vt 0.433594 0.586426
vt 0.436523 0.589844
vt 0.251465 0.763184
vt 0.248047 0.766113
vt 0.241699 0.760742
vt 0.246094 0.758301
vt 0.515137 0.744141
vt 0.517578 0.742188
vt 0.517090 0.741211
vt 0.514160 0.742676
vt 0.267090 0.816406
vt 0.273438 0.819336
vt 0.270020 0.832031
vt 0.264160 0.830078
vt 0.280273 0.823242
vt 0.283203 0.824707
vt 0.286621 0.816895
vt 0.284180 0.813477
vt 0.201660 0.760254
vt 0.199707 0.760254
vt 0.199707 0.762695
vt 0.202637 0.763184
vt 0.476074 0.961914
vt 0.482910 0.958496
vt 0.487305 0.966309
vt 0.482910 0.968750
vt 0.297363 0.646973
vt 0.296387 0.666504
vt 0.288574 0.665527
vt 0.286133 0.645996
vt 0.527832 0.052734
vt 0.535645 0.052246
vt 0.535156 0.041992
vt 0.527832 0.042969
vt 0.321777 0.706543
vt 0.325195 0.715820
vt 0.309082 0.728027
vt 0.307129 0.721191
vt 0.396484 0.652832
vt 0.383301 0.661621
vt 0.390137 0.674316
vt 0.404297 0.663574
vt 0.128906 0.513184
vt 0.131836 0.515137
vt 0.128418 0.521484
vt 0.123535 0.518066
vt 0.262207 0.757324
vt 0.267578 0.757324
vt 0.267090 0.759766
vt 0.260742 0.759766
vt 0.242676 0.751953
vt 0.237305 0.752930
vt 0.007812 0.429199
vt 0.012695 0.429688
vt 0.016113 0.409180
vt 0.012207 0.407715
vt 0.117676 0.916016
vt 0.123535 0.912598
vt 0.126465 0.917969
vt 0.121094 0.921875
vt 0.520508 0.076660
vt 0.519531 0.090332
vt 0.513672 0.090332
vt 0.513672 0.077637
vt 0.122559 0.532715
vt 0.134766 0.532715
vt 0.134277 0.526367
vt 0.125488 0.526855
vt 0.263672 0.862305
vt 0.256348 0.865234
vt 0.248047 0.846191
vt 0.256836 0.845215
vt 0.507812 0.535645
vt 0.521973 0.531738
vt 0.522949 0.551758
vt 0.508789 0.553223
vt 0.109375 0.416992
vt 0.110352 0.415039
vt 0.118164 0.425293
vt 0.116699 0.425781
vt 0.317383 0.649414
vt 0.306641 0.667480
vt 0.303711 0.666992
vt 0.313965 0.648438
vt 0.411621 0.638672
vt 0.407715 0.643066
vt 0.417969 0.654785
vt 0.420898 0.650391
vt 0.543457 0.016113
vt 0.535156 0.016602
vt 0.535645 0.012695
vt 0.543945 0.013184
vt 0.346191 0.787109
vt 0.341797 0.793945
vt 0.328613 0.787109
vt 0.329590 0.781250
vt 0.667969 0.056641
vt 0.661621 0.055664
vt 0.659668 0.048340
vt 0.665527 0.048828
vt 0.313477 0.757812
vt 0.314941 0.764648
vt 0.335449 0.763184
vt 0.335938 0.755371
vt 0.292480 0.891602
vt 0.296387 0.888184
vt 0.303223 0.897949
vt 0.298828 0.900391
vt 0.110352 0.700195
vt 0.087891 0.691406
vt 0.079590 0.713867
vt 0.104492 0.719727
vt 0.471680 0.965332
vt 0.480957 0.971191
vt 0.076172 0.738281
vt 0.102051 0.739258
vt 0.106934 0.946777
vt 0.109375 0.954590
vt 0.117676 0.950684
vt 0.114258 0.943359
vt 0.566406 0.042969
vt 0.576660 0.043457
vt 0.577637 0.053223
vt 0.567383 0.053711
vt 0.161133 0.593262
vt 0.148438 0.563477
vt 0.180664 0.553711
vt 0.188965 0.583984
vt 0.532227 0.089355
vt 0.534668 0.077148
vt 0.288086 0.826660
vt 0.293457 0.808594
vt 0.301270 0.814453
vt 0.273438 0.846680
vt 0.276855 0.846680
vt 0.276855 0.834473
vt 0.273926 0.833008
vt 0.679688 0.920898
vt 0.674316 0.922363
vt 0.674805 0.907227
vt 0.678711 0.904785
vt 0.253906 0.740723
vt 0.250000 0.740723
vt 0.250977 0.750000
vt 0.254883 0.749023
vt 0.783203 0.885254
vt 0.784668 0.901855
vt 0.772461 0.905762
vt 0.770996 0.892090
vt 0.839844 0.959473
vt 0.839355 0.975586
vt 0.830078 0.975586
vt 0.830566 0.958984
vt 0.146973 0.770020
vt 0.161133 0.766113
vt 0.163574 0.778320
vt 0.152344 0.785156
vt 0.182129 0.758789
vt 0.187500 0.761230
vt 0.193848 0.758301
vt 0.188965 0.753418
vt 0.099609 0.908203
vt 0.106934 0.905762
vt 0.109375 0.912598
vt 0.102539 0.915527
vt 0.451172 0.599609
vt 0.446777 0.591797
vt 0.457031 0.581543
vt 0.463867 0.591309
vt 0.471680 0.957031
vt 0.480469 0.951660
vt 0.520996 0.030273
vt 0.528320 0.029297
vt 0.528320 0.017090
vt 0.521973 0.016113
vt 0.065918 0.927734
vt 0.059570 0.924316
vt 0.063965 0.919434
vt 0.068848 0.923340
vt 0.158691 0.674805
vt 0.152832 0.657715
vt 0.133301 0.667969
vt 0.145020 0.680664
vt 0.562500 0.017578
vt 0.554199 0.016602
vt 0.555176 0.027832
vt 0.563965 0.029297
vt 0.434082 0.568848
vt 0.430176 0.584473
vt 0.528809 0.747559
vt 0.531738 0.746582
vt 0.533203 0.750488
vt 0.528809 0.751953
vt 0.324707 0.677246
vt 0.332031 0.684082
vt 0.346680 0.670898
vt 0.339355 0.662109
vt 0.251953 0.780273
vt 0.239258 0.774414
vt 0.243652 0.770020
vt 0.253906 0.774414
vt 0.481445 0.936035
vt 0.491699 0.939453
vt 0.493652 0.932129
vt 0.488281 0.925293
vt 0.677734 0.020508
vt 0.683594 0.017578
vt 0.683594 0.036133
vt 0.679688 0.039062
vt 0.368652 0.671875
vt 0.364258 0.663574
vt 0.378418 0.653809
vt 0.522949 0.572266
vt 0.536133 0.573730
vt 0.536133 0.551270
vt 0.548828 0.013184
vt 0.554688 0.012695
vt 0.547852 0.015625
vt 0.374512 0.684082
vt 0.381836 0.696289
vt 0.397461 0.687012
vt 0.119629 0.682617
vt 0.135254 0.692383
vt 0.129395 0.707031
vt 0.195312 0.773438
vt 0.195801 0.772461
vt 0.197266 0.772461
vt 0.197754 0.773926
vt 0.767090 0.959473
vt 0.768066 0.975586
vt 0.761719 0.975586
vt 0.760742 0.959473
vt 0.349609 0.598145
vt 0.369629 0.580566
vt 0.363770 0.573730
vt 0.343750 0.594727
vt 0.109863 0.956055
vt 0.100586 0.959473
vt 0.100098 0.957520
vt 0.156250 0.521973
vt 0.146973 0.533203
vt 0.144531 0.528320
vt 0.152832 0.519531
vt 0.148438 0.930176
vt 0.146973 0.929199
vt 0.140137 0.935547
vt 0.141113 0.937012
vt 0.106445 0.458008
vt 0.107422 0.459473
vt 0.116699 0.450684
vt 0.115234 0.449707
vt 0.317871 0.673340
vt 0.331055 0.656738
vt 0.749023 0.894043
vt 0.751953 0.893066
vt 0.755371 0.906738
vt 0.751465 0.906738
vt 0.277832 0.718750
vt 0.276367 0.717773
vt 0.269043 0.732422
vt 0.270996 0.733398
vt 0.047363 0.950195
vt 0.044922 0.951172
vt 0.055176 0.955566
vt 0.056152 0.953613
vt 0.254883 0.812012
vt 0.254883 0.829102
vt 0.098145 0.424316
vt 0.098145 0.432129
vt 0.100586 0.433105
vt 0.103516 0.425781
vt 0.189453 0.807129
vt 0.200195 0.806641
vt 0.199219 0.796387
vt 0.191895 0.796875
vt 0.115723 0.910156
vt 0.113281 0.903320
vt 0.426270 0.583984
vt 0.431152 0.565918
vt 0.162598 0.700195
vt 0.176758 0.701660
vt 0.178223 0.715332
vt 0.162598 0.712891
vt 0.069824 0.942383
vt 0.078613 0.943359
vt 0.078125 0.936035
vt 0.070801 0.935547
vt 0.262695 0.752930
vt 0.260742 0.751465
vt 0.259766 0.751953
vt 0.261230 0.753906
vt 0.307129 0.627930
vt 0.316406 0.609375
vt 0.323730 0.612305
vt 0.313965 0.629883
vt 0.100586 0.669922
vt 0.536133 0.648926
vt 0.520996 0.647949
vt 0.524414 0.667480
vt 0.536133 0.668945
vt 0.328125 0.791016
vt 0.327148 0.796387
vt 0.313965 0.794922
vt 0.313477 0.790527
vt 0.790527 0.975586
vt 0.791016 0.987305
vt 0.778809 0.987305
vt 0.777832 0.975586
vt 0.261719 0.625000
vt 0.245117 0.626465
vt 0.242676 0.649414
vt 0.258301 0.645996
vt 0.270996 0.805176
vt 0.276367 0.793457
vt 0.284668 0.799805
vt 0.277832 0.810059
vt 0.372070 0.976562
vt 0.369141 0.958008
vt 0.375488 0.973633
vt 0.367188 0.972168
vt 0.840820 0.923340
vt 0.831543 0.921875
vt 0.831055 0.904785
vt 0.840820 0.908203
vt 0.368652 0.980469
vt 0.365723 0.984863
vt 0.365723 0.979004
vt 0.194824 0.785645
vt 0.194336 0.785645
vt 0.145996 0.969727
vt 0.151367 0.965332
vt 0.141113 0.958984
vt 0.137695 0.961914
vt 0.185059 0.768066
vt 0.189941 0.771973
vt 0.187500 0.775391
vt 0.184570 0.774414
vt 0.357422 0.832520
vt 0.362793 0.842285
vt 0.367188 0.838867
vt 0.360352 0.831055
vt 0.300781 0.873047
vt 0.299805 0.867676
vt 0.314941 0.870605
vt 0.312500 0.875977
vt 0.162598 0.972168
vt 0.159180 0.977051
vt 0.168457 0.947754
vt 0.160156 0.958984
vt 0.167480 0.963867
vt 0.176270 0.954590
vt 0.306641 0.907715
vt 0.311035 0.904297
vt 0.309570 0.668945
vt 0.312500 0.671875
vt 0.302734 0.688477
vt 0.299805 0.687012
vt 0.182129 0.961914
vt 0.174805 0.969238
vt 0.180664 0.973145
vt 0.186523 0.969727
vt 0.169922 0.975586
vt 0.176270 0.978027
vt 0.506348 0.749512
vt 0.508301 0.750977
vt 0.506836 0.755859
vt 0.503906 0.754395
vt 0.188477 0.959961
vt 0.182617 0.949707
vt 0.652344 0.019531
vt 0.647949 0.022949
vt 0.651367 0.034668
vt 0.654297 0.033203
vt 0.191895 0.968750
vt 0.188965 0.975098
vt 0.193848 0.978027
vt 0.187012 0.977539
vt 0.191895 0.982422
vt 0.077148 0.423340
vt 0.078613 0.424316
vt 0.087402 0.415527
vt 0.086426 0.414062
vt 0.423828 0.726074
vt 0.437500 0.725586
vt 0.435059 0.732422
vt 0.425293 0.730469
vt 0.151855 0.688965
vt 0.162109 0.687988
vt 0.167969 0.980957
vt 0.182617 0.979492
vt 0.265625 0.750977
vt 0.264648 0.750488
vt 0.265625 0.750000
vt 0.267090 0.750488
vt 0.266602 0.751465
vt 0.268066 0.750000
vt 0.099121 0.412598
vt 0.098633 0.415039
vt 0.108398 0.418457
vt 0.124023 0.486816
vt 0.121582 0.481934
vt 0.131836 0.478516
vt 0.132812 0.484863
vt 0.135254 0.929199
vt 0.141113 0.923340
vt 0.199707 0.758301
vt 0.198242 0.759277
vt 0.200684 0.758789
vt 0.049805 0.429199
vt 0.054688 0.429199
vt 0.050781 0.409668
vt 0.046875 0.410156
vt 0.419434 0.687012
vt 0.412109 0.675781
vt 0.404785 0.697754
vt 0.112305 0.427734
vt 0.107422 0.430664
vt 0.108398 0.437012
vt 0.114258 0.437500
vt 0.174805 0.672852
vt 0.175293 0.687500
vt 0.170410 0.820801
vt 0.187012 0.822266
vt 0.186523 0.840820
vt 0.166016 0.841309
vt 0.266113 0.748535
vt 0.267090 0.748535
vt 0.270508 0.744629
vt 0.269043 0.744141
vt 0.230469 0.799805
vt 0.222168 0.806152
vt 0.216797 0.800293
vt 0.222168 0.793945
vt 0.482422 0.770020
vt 0.480957 0.770996
vt 0.482910 0.775879
vt 0.484863 0.774902
vt 0.751953 0.940430
vt 0.752930 0.958008
vt 0.747070 0.957520
vt 0.746582 0.938965
vt 0.656250 0.035156
vt 0.663574 0.036621
vt 0.079102 0.958984
vt 0.090332 0.958984
vt 0.088379 0.950684
vt 0.078613 0.950684
vt 0.365723 0.812500
vt 0.364258 0.813477
vt 0.359375 0.798828
vt 0.361328 0.797363
vt 0.489746 0.973633
vt 0.488281 0.975586
vt 0.494141 0.978027
vt 0.494629 0.976562
vt 0.266113 0.766113
vt 0.278809 0.764648
vt 0.279297 0.760742
vt 0.266113 0.762695
vt 0.190430 0.789551
vt 0.192383 0.786621
vt 0.194336 0.787109
vt 0.193848 0.790527
vt 0.020996 0.429688
vt 0.013672 0.445312
vt 0.020996 0.445801
vt 0.162598 0.728027
vt 0.145020 0.725586
vt 0.145996 0.710938
vt 0.105469 0.455566
vt 0.094727 0.459473
vt 0.095215 0.457520
vt 0.076660 0.654297
vt 0.061523 0.679688
vt 0.410156 0.706543
vt 0.425781 0.696777
vt 0.520996 0.044434
vt 0.669434 0.060547
vt 0.675781 0.061523
vt 0.677246 0.064941
vt 0.669922 0.065430
vt 0.502441 0.089355
vt 0.502441 0.107910
vt 0.513672 0.107910
vt 0.028809 0.666504
vt 0.048340 0.635742
vt 0.359863 0.816895
vt 0.370117 0.826660
vt 0.364746 0.829590
vt 0.675293 0.007812
vt 0.668457 0.014160
vt 0.173340 0.620117
vt 0.197266 0.611328
vt 0.107910 0.194824
vt 0.111328 0.196289
vt 0.110840 0.193848
vt 0.109375 0.192871
vt 0.776367 0.958984
vt 0.511719 0.017578
vt 0.511719 0.012695
vt 0.502441 0.013672
vt 0.502441 0.018066
vt 0.055664 0.819336
vt 0.027344 0.827148
vt 0.018066 0.797852
vt 0.050293 0.792480
vt 0.398926 0.820801
vt 0.411133 0.812500
vt 0.404297 0.805176
vt 0.395020 0.812988
vt 0.425781 0.666016
vt 0.431641 0.676758
vt 0.063477 0.843750
vt 0.037598 0.853516
vt 0.123535 0.893555
vt 0.122559 0.886719
vt 0.115723 0.886719
vt 0.117676 0.894531
vt 0.084473 0.455566
vt 0.085449 0.454102
vt 0.829590 0.987305
vt 0.818359 0.987305
vt 0.817871 0.975586
vt 0.097168 0.631348
vt 0.074707 0.607422
vt 0.050781 0.707520
vt 0.516602 0.016602
vt 0.516602 0.013184
vt 0.688477 0.957031
vt 0.697266 0.956543
vt 0.698730 0.975098
vt 0.688965 0.975098
vt 0.256836 0.665039
vt 0.244629 0.666504
vt 0.025391 0.312500
vt 0.024902 0.313965
vt 0.023926 0.298828
vt 0.024414 0.297363
vt 0.179688 0.766602
vt 0.369629 0.927246
vt 0.358398 0.955566
vt 0.357910 0.928223
vt 0.518066 0.477051
vt 0.536133 0.474121
vt 0.536133 0.481934
vt 0.519531 0.486328
vt 0.032715 0.205078
vt 0.028809 0.203613
vt 0.028320 0.232422
vt 0.032227 0.233398
vt 0.358887 0.607422
vt 0.364258 0.613281
vt 0.379395 0.603027
vt 0.377930 0.598145
vt 0.313477 0.750488
vt 0.312012 0.743164
vt 0.332031 0.735352
vt 0.335449 0.745605
vt 0.032227 0.490234
vt 0.033203 0.488770
vt 0.035645 0.490234
vt 0.032227 0.488770
vt 0.025879 0.483887
vt 0.026855 0.483398
vt 0.056152 0.930664
vt 0.048828 0.925781
vt 0.048340 0.934570
vt 0.053223 0.936523
vt 0.018555 0.474121
vt 0.020996 0.473633
vt 0.017090 0.461426
vt 0.013672 0.462402
vt 0.087402 0.942871
vt 0.085938 0.935547
vt 0.124512 0.928223
vt 0.130371 0.923340
vt 0.128418 0.935059
vt 0.024902 0.386719
vt 0.021484 0.395508
vt 0.019043 0.394531
vt 0.025879 0.396484
vt 0.026855 0.386719
vt 0.030273 0.382324
vt 0.030762 0.382812
vt 0.033691 0.382324
vt 0.034180 0.381836
vt 0.036133 0.489258
vt 0.035645 0.488281
vt 0.036621 0.488281
vt 0.186035 0.782227
vt 0.189941 0.779785
vt 0.030273 0.482422
vt 0.034180 0.487305
vt 0.022949 0.460449
vt 0.025879 0.472656
vt 0.328125 0.725586
vt 0.354004 0.727539
vt 0.346680 0.715820
vt 0.245605 0.740234
vt 0.245605 0.728027
vt 0.239258 0.727539
vt 0.239258 0.740723
vt 0.145996 0.916504
vt 0.152344 0.921387
vt 0.157227 0.912598
vt 0.150391 0.908691
vt 0.022949 0.410645
vt 0.029785 0.387207
vt 0.111328 0.203613
vt 0.110352 0.203125
vt 0.110840 0.199219
vt 0.111816 0.199219
vt 0.298340 0.884766
vt 0.309570 0.894531
vt 0.028809 0.411621
vt 0.030273 0.398926
vt 0.027344 0.428711
vt 0.204590 0.837891
vt 0.202148 0.820801
vt 0.030762 0.471680
vt 0.028809 0.459473
vt 0.032715 0.481445
vt 0.033691 0.481445
vt 0.034668 0.488281
vt 0.034668 0.481445
vt 0.035645 0.487305
vt 0.036621 0.481445
vt 0.039062 0.481445
vt 0.037598 0.487793
vt 0.038086 0.488770
vt 0.042969 0.482422
vt 0.038574 0.489746
vt 0.044434 0.483887
vt 0.104492 0.453125
vt 0.095215 0.454590
vt 0.041016 0.481934
vt 0.045410 0.471680
vt 0.041016 0.470703
vt 0.548340 0.056641
vt 0.544922 0.052734
vt 0.537109 0.058105
vt 0.034180 0.471680
vt 0.037109 0.471191
vt 0.032227 0.471680
vt 0.033691 0.458984
vt 0.031250 0.458984
vt 0.668945 0.090820
vt 0.659668 0.107910
vt 0.651855 0.107910
vt 0.655273 0.093750
vt 0.232910 0.963379
vt 0.221191 0.958008
vt 0.225586 0.942871
vt 0.242676 0.951172
vt 0.027344 0.297363
vt 0.023438 0.269531
vt 0.027832 0.270020
vt 0.036133 0.398438
vt 0.039551 0.397949
vt 0.038086 0.388672
vt 0.035645 0.389160
vt 0.035156 0.383301
vt 0.037109 0.384766
vt 0.037598 0.383301
vt 0.034668 0.382324
vt 0.590820 0.020508
vt 0.586914 0.031738
vt 0.594727 0.031738
vt 0.598145 0.020996
vt 0.124512 0.899902
vt 0.128906 0.898926
vt 0.128418 0.902832
vt 0.125488 0.904785
vt 0.437988 0.689941
vt 0.031738 0.398926
vt 0.031250 0.411621
vt 0.033203 0.389160
vt 0.032227 0.389160
vt 0.033691 0.398438
vt 0.034180 0.389160
vt 0.035645 0.385742
vt 0.034668 0.384766
vt 0.244629 0.828125
vt 0.232422 0.829102
vt 0.239258 0.847656
vt 0.033203 0.384766
vt 0.034180 0.384766
vt 0.249512 0.868652
vt 0.239258 0.876953
vt 0.256836 0.886719
vt 0.262695 0.882812
vt 0.037598 0.459473
vt 0.033203 0.445312
vt 0.037598 0.444824
vt 0.037109 0.429199
vt 0.033203 0.428711
vt 0.231445 0.753418
vt 0.236816 0.763184
vt 0.041992 0.411133
vt 0.037109 0.412109
vt 0.299316 0.881836
vt 0.300293 0.878906
vt 0.291016 0.874023
vt 0.289062 0.876465
vt 0.039551 0.388184
vt 0.041504 0.387695
vt 0.108887 0.486328
vt 0.119629 0.478027
vt 0.112305 0.489258
vt 0.043945 0.386719
vt 0.045898 0.395996
vt 0.048340 0.395508
vt 0.057617 0.429199
vt 0.054688 0.444336
vt 0.057129 0.444824
vt 0.176758 0.984863
vt 0.050781 0.474121
vt 0.048828 0.473145
vt 0.654785 0.021484
vt 0.661621 0.022461
vt 0.042480 0.459961
vt 0.043945 0.429199
vt 0.042969 0.396973
vt 0.046875 0.460449
vt 0.052246 0.461914
vt 0.049316 0.443848
vt 0.247559 0.750488
vt 0.043945 0.443848
vt 0.023438 0.173340
vt 0.021973 0.172852
vt 0.020996 0.175781
vt 0.022461 0.179688
vt 0.020996 0.180176
vt 0.022461 0.187988
vt 0.020996 0.188477
vt 0.020996 0.204590
vt 0.022461 0.203613
vt 0.022949 0.231934
vt 0.021484 0.233398
vt 0.022461 0.271484
vt 0.025391 0.328125
vt 0.025879 0.327148
vt 0.027832 0.338867
vt 0.026855 0.172852
vt 0.025879 0.169922
vt 0.023438 0.170898
vt 0.028809 0.178711
vt 0.765625 0.941895
vt 0.774902 0.940918
vt 0.027344 0.312500
vt 0.027344 0.327148
vt 0.105957 0.193359
vt 0.105957 0.193848
vt 0.104492 0.196777
vt 0.106934 0.191406
vt 0.106934 0.191895
vt 0.107422 0.190430
vt 0.434082 0.765137
vt 0.420898 0.765137
vt 0.425293 0.756348
vt 0.436035 0.755859
vt 0.053223 0.408691
vt 0.444824 0.764648
vt 0.437988 0.778809
vt 0.429199 0.776367
vt 0.421875 0.802734
vt 0.415039 0.796875
vt 0.421875 0.789062
vt 0.430664 0.792969
vt 0.229980 0.977051
vt 0.240723 0.970215
vt 0.222656 0.972168
vt 0.454102 0.981934
vt 0.438965 0.978027
vt 0.454590 0.965820
vt 0.459473 0.976074
vt 0.419922 0.749512
vt 0.425293 0.746094
vt 0.427734 0.750000
vt 0.414062 0.755371
vt 0.407227 0.765625
vt 0.268066 0.753418
vt 0.277832 0.748535
vt 0.278809 0.750488
vt 0.267578 0.754883
vt 0.406250 0.789551
vt 0.411621 0.784180
vt 0.401855 0.782715
vt 0.120117 0.508301
vt 0.115234 0.508301
vt 0.116699 0.501953
vt 0.121582 0.503418
vt 0.403320 0.754395
vt 0.517090 0.858887
vt 0.541992 0.854492
vt 0.524414 0.835938
vt 0.509277 0.841797
vt 0.515625 0.923340
vt 0.517090 0.924805
vt 0.509277 0.927246
vt 0.507324 0.923828
vt 0.480469 0.825684
vt 0.493164 0.819824
vt 0.480957 0.807129
vt 0.473145 0.811035
vt 0.505371 0.762695
vt 0.500977 0.760254
vt 0.466309 0.557129
vt 0.473145 0.569824
vt 0.489746 0.560059
vt 0.480957 0.545898
vt 0.707031 0.974609
vt 0.707520 0.987305
vt 0.699219 0.987305
vt 0.404785 0.744141
vt 0.416504 0.738281
vt 0.413086 0.735352
vt 0.411621 0.746582
vt 0.396484 0.752441
vt 0.395996 0.765625
vt 0.386230 0.765137
vt 0.389648 0.750977
vt 0.392090 0.775879
vt 0.382812 0.777832
vt 0.393555 0.785156
vt 0.384277 0.789551
vt 0.295410 0.755859
vt 0.295898 0.760742
vt 0.401855 0.827637
vt 0.415527 0.818359
vt 0.382324 0.819336
vt 0.387207 0.828125
vt 0.377441 0.807129
vt 0.389160 0.801270
vt 0.623047 0.062500
vt 0.629883 0.061035
vt 0.630859 0.068359
vt 0.623535 0.069824
vt 0.378418 0.764648
vt 0.373047 0.780762
vt 0.399414 0.742188
vt 0.410645 0.732422
vt 0.203613 0.759277
vt 0.204590 0.761719
vt 0.450684 0.712891
vt 0.441406 0.716797
vt 0.435547 0.711914
vt 0.445801 0.705078
vt 0.456055 0.734863
vt 0.453125 0.734863
vt 0.451660 0.724609
vt 0.454102 0.723633
vt 0.444336 0.729492
vt 0.448730 0.749023
vt 0.442871 0.745117
vt 0.446289 0.736328
vt 0.437988 0.742676
vt 0.439453 0.738281
vt 0.839355 0.897461
vt 0.842285 0.894531
vt 0.846680 0.909180
vt 0.434570 0.740723
vt 0.433594 0.742188
vt 0.432129 0.741699
vt 0.432129 0.741211
vt 0.106445 0.202637
vt 0.105469 0.214355
vt 0.109863 0.214844
vt 0.256348 0.752930
vt 0.258789 0.755859
vt 0.435059 0.749512
vt 0.433594 0.746094
vt 0.431641 0.744141
vt 0.432129 0.742676
vt 0.431152 0.743164
vt 0.428711 0.746582
vt 0.429688 0.744629
vt 0.456055 0.748047
vt 0.453613 0.765625
vt 0.448242 0.782715
vt 0.440430 0.798828
vt 0.428223 0.809082
vt 0.430176 0.743652
vt 0.428223 0.744141
vt 0.429688 0.743652
vt 0.429199 0.742676
vt 0.427246 0.742676
vt 0.334961 0.616699
vt 0.330078 0.615234
vt 0.430664 0.742188
vt 0.431152 0.742676
vt 0.430176 0.741211
vt 0.429199 0.741699
vt 0.427734 0.740723
vt 0.429688 0.738770
vt 0.396484 0.718262
vt 0.382812 0.728516
vt 0.390625 0.733398
vt 0.402832 0.722656
vt 0.546387 0.007812
vt 0.533203 0.007812
vt 0.422363 0.743652
vt 0.423828 0.738770
vt 0.434082 0.739258
vt 0.438965 0.734863
vt 0.431641 0.740723
vt 0.432617 0.738281
vt 0.429199 0.595703
vt 0.433105 0.595215
vt 0.437012 0.950195
vt 0.418457 0.965820
vt 0.427246 0.734375
vt 0.064941 0.194336
vt 0.066406 0.193359
vt 0.064941 0.192871
vt 0.063965 0.192383
vt 0.064453 0.191895
vt 0.063477 0.192871
vt 0.063477 0.193359
vt 0.062988 0.194336
vt 0.062500 0.196777
vt 0.061523 0.203613
vt 0.064941 0.191895
vt 0.065430 0.191895
vt 0.065918 0.192383
vt 0.065918 0.191895
vt 0.066895 0.192871
vt 0.066895 0.194824
vt 0.067383 0.194336
vt 0.067383 0.197266
vt 0.495117 0.667969
vt 0.492188 0.681152
vt 0.477539 0.672852
vt 0.480469 0.660645
vt 0.064453 0.203613
vt 0.062012 0.203613
vt 0.064941 0.196777
vt 0.686523 0.917969
vt 0.695312 0.916016
vt 0.696289 0.936035
vt 0.687500 0.937500
vt 0.064453 0.244141
vt 0.061035 0.244141
vt 0.061523 0.218262
vt 0.064453 0.217773
vt 0.466797 0.788574
vt 0.465332 0.791016
vt 0.472168 0.796875
vt 0.473145 0.791504
vt 0.336914 0.590820
vt 0.326660 0.586426
vt 0.263184 0.730469
vt 0.259766 0.741699
vt 0.262207 0.742188
vt 0.266602 0.731934
vt 0.674805 0.975098
vt 0.670410 0.975586
vt 0.670410 0.958984
vt 0.674316 0.958008
vt 0.061035 0.290527
vt 0.060547 0.291016
vt 0.060547 0.245117
vt 0.062012 0.333496
vt 0.061523 0.333496
vt 0.063477 0.365234
vt 0.063477 0.333496
vt 0.065918 0.333496
vt 0.065430 0.333008
vt 0.031250 0.444824
vt 0.027832 0.445312
vt 0.079102 0.960938
vt 0.067383 0.957520
vt 0.066895 0.959473
vt 0.068359 0.245117
vt 0.067383 0.244629
vt 0.067871 0.218262
vt 0.068359 0.218262
vt 0.067383 0.203613
vt 0.067871 0.203613
vt 0.297852 0.795898
vt 0.296387 0.792969
vt 0.288086 0.803223
vt 0.063965 0.290527
vt 0.066895 0.290527
vt 0.192383 0.785645
vt 0.187988 0.786133
vt 0.264648 0.786621
vt 0.265625 0.792480
vt 0.249023 0.797363
vt 0.249512 0.791016
vt 0.265137 0.752930
vt 0.263184 0.752441
vt 0.264648 0.753906
vt 0.107422 0.353027
vt 0.107910 0.353027
vt 0.109863 0.376953
vt 0.104980 0.317383
vt 0.104492 0.317871
vt 0.102539 0.272461
vt 0.101562 0.272949
vt 0.101562 0.237793
vt 0.101074 0.238281
vt 0.102539 0.214844
vt 0.102051 0.214844
vt 0.103516 0.202148
vt 0.029297 0.327637
vt 0.029785 0.313477
vt 0.259766 0.748047
vt 0.257812 0.748535
vt 0.031250 0.271484
vt 0.030273 0.298340
vt 0.028809 0.187012
vt 0.032715 0.187500
vt 0.032227 0.179199
vt 0.031250 0.174316
vt 0.029785 0.170898
vt 0.028809 0.168945
vt 0.473633 0.633301
vt 0.469238 0.642578
vt 0.484375 0.648926
vt 0.488281 0.637695
vt 0.097168 0.899902
vt 0.089355 0.903320
vt 0.092773 0.911133
vt 0.095703 0.917969
vt 0.747559 0.975098
vt 0.753418 0.975098
vt 0.759766 0.941895
vt 0.126465 0.723633
vt 0.082031 0.922852
vt 0.088867 0.920410
vt 0.085938 0.914062
vt 0.079590 0.916992
vt 0.511719 0.941406
vt 0.511230 0.938965
vt 0.504883 0.940918
vt 0.505371 0.943848
vt 0.144531 0.741211
vt 0.144531 0.755859
vt 0.160645 0.754395
vt 0.162598 0.742188
vt 0.127441 0.505859
vt 0.125977 0.509766
vt 0.110840 0.936035
vt 0.107910 0.929199
vt 0.100586 0.931641
vt 0.103516 0.939453
vt 0.414551 0.711914
vt 0.070312 0.865723
vt 0.074219 0.885254
vt 0.055176 0.896973
vt 0.047363 0.876953
vt 0.105957 0.498047
vt 0.101074 0.496582
vt 0.253906 0.754395
vt 0.250000 0.755859
vt 0.253906 0.760742
vt 0.256348 0.758301
vt 0.061523 0.939941
vt 0.059082 0.946777
vt 0.068848 0.949707
vt 0.097656 0.949219
vt 0.503906 0.643066
vt 0.499023 0.655273
vt 0.481445 0.604492
vt 0.481934 0.593750
vt 0.496094 0.590820
vt 0.496094 0.602539
vt 0.723633 0.915527
vt 0.731445 0.916504
vt 0.730957 0.936523
vt 0.723145 0.936035
vt 0.049316 0.943359
vt 0.063477 0.933594
vt 0.206543 0.765137
vt 0.208984 0.770996
vt 0.211426 0.771484
vt 0.208984 0.764160
vt 0.058105 0.914551
vt 0.053711 0.919922
vt 0.212891 0.927734
vt 0.229004 0.928223
vt 0.211914 0.939941
vt 0.676270 0.893066
vt 0.672852 0.892090
vt 0.681152 0.875488
vt 0.683594 0.879395
vt 0.073730 0.919922
vt 0.069336 0.915039
vt 0.269043 0.664062
vt 0.272949 0.645508
vt 0.279785 0.664551
vt 0.238281 0.698242
vt 0.229004 0.698242
vt 0.230469 0.712402
vt 0.238770 0.712891
vt 0.278320 0.959473
vt 0.264648 0.946289
vt 0.276855 0.934082
vt 0.293457 0.949707
vt 0.177246 0.802734
vt 0.071777 0.929688
vt 0.072266 0.925781
vt 0.320801 0.875488
vt 0.329590 0.863770
vt 0.330078 0.871582
vt 0.262207 0.985840
vt 0.261719 0.990723
vt 0.248535 0.991699
vt 0.248047 0.988770
vt 0.557617 0.041992
vt 0.558105 0.052734
vt 0.104980 0.922363
vt 0.114746 0.925781
vt 0.111816 0.919434
vt 0.509766 0.572754
vt 0.104004 0.897461
vt 0.303711 0.606445
vt 0.295410 0.627441
vt 0.582520 0.014160
vt 0.589844 0.014648
vt 0.583008 0.020020
vt 0.109375 0.887207
vt 0.110840 0.895508
vt 0.133301 0.942871
vt 0.135742 0.917969
vt 0.131348 0.913086
vt 0.257812 0.922852
vt 0.251465 0.937012
vt 0.231445 0.913574
vt 0.119141 0.901367
vt 0.121094 0.907227
vt 0.160156 0.512695
vt 0.162109 0.512695
vt 0.162109 0.502930
vt 0.160645 0.503906
vt 0.140625 0.912109
vt 0.135254 0.908203
vt 0.511230 0.762207
vt 0.514160 0.769531
vt 0.505859 0.771484
vt 0.131348 0.905273
vt 0.127930 0.909180
vt 0.116699 0.437500
vt 0.114746 0.426758
vt 0.138184 0.902344
vt 0.133301 0.900391
vt 0.144043 0.904785
vt 0.154297 0.899902
vt 0.146973 0.897461
vt 0.467285 0.599121
vt 0.479492 0.582031
vt 0.129395 0.893555
vt 0.128906 0.886719
vt 0.798828 0.881348
vt 0.797363 0.869141
vt 0.813965 0.871582
vt 0.815430 0.883301
vt 0.491699 0.625488
vt 0.477051 0.624023
vt 0.634277 0.017090
vt 0.643555 0.015137
vt 0.641602 0.007812
vt 0.632324 0.007812
vt 0.153809 0.922363
vt 0.158691 0.913574
vt 0.163574 0.902832
vt 0.161133 0.902344
vt 0.047852 0.926758
vt 0.090332 0.960938
vt 0.211914 0.913574
vt 0.207520 0.775879
vt 0.210938 0.777832
vt 0.212402 0.786133
vt 0.206055 0.780273
vt 0.048340 0.942871
vt 0.256348 0.682129
vt 0.246094 0.682617
vt 0.047852 0.945801
vt 0.083984 0.928711
vt 0.077637 0.929688
vt 0.226074 0.812500
vt 0.213867 0.817383
vt 0.219238 0.833984
vt 0.375000 0.629883
vt 0.383789 0.638184
vt 0.393555 0.628418
vt 0.386719 0.620605
vt 0.076172 0.924805
vt 0.147461 0.819824
vt 0.135742 0.795898
vt 0.161621 0.798340
vt 0.075684 0.911133
vt 0.063965 0.909668
vt 0.070801 0.903809
vt 0.077637 0.898926
vt 0.082031 0.906738
vt 0.377441 0.840332
vt 0.374512 0.834961
vt 0.369141 0.844238
vt 0.091309 0.927246
vt 0.093262 0.934082
vt 0.098145 0.924805
vt 0.093750 0.890625
vt 0.085449 0.894531
vt 0.101562 0.888184
vt 0.234375 0.668457
vt 0.236816 0.683105
vt 0.134766 0.894043
vt 0.135742 0.886719
vt 0.141602 0.887207
vt 0.140625 0.895508
vt 0.148926 0.888672
vt 0.360352 0.657715
vt 0.352051 0.647949
vt 0.156738 0.890137
vt 0.164062 0.891602
vt 0.353027 0.683594
vt 0.349609 0.675293
vt 0.132324 0.941895
vt 0.117676 0.932617
vt 0.121094 0.939453
vt 0.095703 0.941406
vt 0.124512 0.946777
vt 0.367188 0.621094
vt 0.380371 0.612305
vt 0.310547 0.883301
vt 0.311035 0.880859
vt 0.031250 0.428711
vt 0.349609 0.821777
vt 0.351074 0.820801
vt 0.354004 0.832520
vt 0.352051 0.833008
vt 0.713379 0.935059
vt 0.709961 0.935547
vt 0.709961 0.914551
vt 0.713379 0.914551
vt 0.165527 0.866699
vt 0.146973 0.845215
vt 0.147949 0.867188
vt 0.551270 0.078613
vt 0.551270 0.089355
vt 0.446777 0.612793
vt 0.449219 0.614746
vt 0.446289 0.618164
vt 0.441406 0.616699
vt 0.293945 0.739746
vt 0.292480 0.735840
vt 0.532227 0.778320
vt 0.521484 0.779785
vt 0.525879 0.798828
vt 0.534180 0.790527
vt 0.590332 0.042480
vt 0.593750 0.053711
vt 0.601562 0.054199
vt 0.598633 0.042969
vt 0.045410 0.950684
vt 0.043457 0.950195
vt 0.118164 0.952637
vt 0.579590 0.007812
vt 0.589355 0.007812
vt 0.166504 0.892090
vt 0.659668 0.058105
vt 0.502441 0.811523
vt 0.507324 0.804688
vt 0.494629 0.791992
vt 0.484863 0.798340
vt 0.125488 0.948242
vt 0.704102 0.935547
vt 0.705078 0.956055
vt 0.106934 0.529785
vt 0.118652 0.540039
vt 0.113770 0.549805
vt 0.100098 0.535156
vt 0.113770 0.524902
vt 0.118652 0.521484
vt 0.261719 0.979980
vt 0.248047 0.983887
vt 0.124512 0.499023
vt 0.128418 0.496094
vt 0.132324 0.501465
vt 0.128906 0.502930
vt 0.132812 0.495117
vt 0.137695 0.496094
vt 0.136230 0.500977
vt 0.142578 0.498535
vt 0.139648 0.503418
vt 0.145508 0.494629
vt 0.139160 0.491211
vt 0.150391 0.500000
vt 0.145996 0.501953
vt 0.152832 0.505371
vt 0.147949 0.506348
vt 0.147461 0.510742
vt 0.152832 0.511230
vt 0.157227 0.504883
vt 0.156738 0.512207
vt 0.259766 0.970215
vt 0.252441 0.960449
vt 0.247070 0.976562
vt 0.376465 0.833496
vt 0.371094 0.825684
vt 0.147949 0.537109
vt 0.158203 0.523926
vt 0.081543 0.445312
vt 0.079102 0.446289
vt 0.077148 0.435547
vt 0.079590 0.435547
vt 0.134766 0.541016
vt 0.135254 0.548828
vt 0.284668 0.603027
vt 0.264648 0.601562
vt 0.278320 0.625488
vt 0.263672 0.754883
vt 0.319824 0.631348
vt 0.800781 0.899902
vt 0.142090 0.506836
vt 0.683105 0.058105
vt 0.679688 0.056641
vt 0.134277 0.507812
vt 0.125000 0.611328
vt 0.153320 0.597656
vt 0.166016 0.625000
vt 0.140625 0.634766
vt 0.120605 0.513184
vt 0.281250 0.884766
vt 0.285156 0.881836
vt 0.288086 0.894531
vt 0.288574 0.731934
vt 0.276855 0.747070
vt 0.291016 0.732910
vt 0.461914 0.664062
vt 0.465332 0.652344
vt 0.136719 0.514648
vt 0.134766 0.520996
vt 0.033203 0.412109
vt 0.145508 0.515137
vt 0.140625 0.512207
vt 0.141113 0.509277
vt 0.140137 0.519043
vt 0.209473 0.803223
vt 0.216797 0.800781
vt 0.209961 0.791504
vt 0.205566 0.794434
vt 0.106934 0.420898
vt 0.131836 0.472656
vt 0.143066 0.475586
vt 0.142090 0.479980
vt 0.151367 0.482910
vt 0.150391 0.486328
vt 0.441895 0.550293
vt 0.447754 0.558594
vt 0.156738 0.494629
vt 0.158203 0.491699
vt 0.510742 0.751953
vt 0.514648 0.752441
vt 0.515625 0.756348
vt 0.510742 0.756836
vt 0.319336 0.701172
vt 0.317383 0.698242
vt 0.333984 0.687500
vt 0.140625 0.485840
vt 0.148438 0.490723
vt 0.154297 0.497070
vt 0.421387 0.722656
vt 0.102539 0.507324
vt 0.095703 0.506836
vt 0.103027 0.518066
vt 0.093750 0.520020
vt 0.109863 0.516113
vt 0.116211 0.514648
vt 0.109375 0.507812
vt 0.111328 0.500000
vt 0.116211 0.492188
vt 0.120605 0.495605
vt 0.126465 0.492188
vt 0.132812 0.490234
vt 0.090820 0.835449
vt 0.095215 0.857422
vt 0.121094 0.851074
vt 0.118652 0.828613
vt 0.170898 0.932617
vt 0.175781 0.938477
vt 0.161621 0.943359
vt 0.226562 0.754395
vt 0.230469 0.766602
vt 0.273926 0.734375
vt 0.276367 0.733887
vt 0.185547 0.983887
vt 0.149902 0.517090
vt 0.151855 0.952148
vt 0.313477 0.786621
vt 0.680176 0.938965
vt 0.201172 0.756348
vt 0.199707 0.757812
vt 0.201172 0.757812
vt 0.200684 0.756348
vt 0.197266 0.757812
vt 0.461426 0.870605
vt 0.459473 0.867676
vt 0.464844 0.862305
vt 0.473145 0.868652
vt 0.455566 0.609863
vt 0.454590 0.604492
vt 0.444824 0.610352
vt 0.480957 0.776855
vt 0.479980 0.771484
vt 0.571777 0.017090
vt 0.574219 0.030273
vt 0.667969 0.023926
vt 0.673340 0.026855
vt 0.305176 0.716309
vt 0.268555 0.574219
vt 0.244141 0.602051
vt 0.242676 0.574707
vt 0.582031 0.044434
vt 0.578613 0.031250
vt 0.598145 0.093750
vt 0.600586 0.083984
vt 0.613281 0.083496
vt 0.608398 0.095703
vt 0.544434 0.027832
vt 0.535156 0.028320
vt 0.585938 0.067871
vt 0.584961 0.081055
vt 0.567383 0.079102
vt 0.574219 0.066895
vt 0.148926 0.698242
vt 0.195312 0.765625
vt 0.192383 0.769531
vt 0.194336 0.771484
vt 0.192383 0.773438
vt 0.440918 0.687988
vt 0.442383 0.693848
vt 0.439941 0.695312
vt 0.746582 0.921387
vt 0.747070 0.904785
vt 0.751465 0.923340
vt 0.364746 0.706543
vt 0.358398 0.694824
vt 0.713867 0.893066
vt 0.717285 0.893555
vt 0.717285 0.915039
vt 0.480469 0.767578
vt 0.479980 0.768066
vt 0.271973 0.875000
vt 0.275391 0.872070
vt 0.683594 0.070801
vt 0.673828 0.074707
vt 0.651855 0.054688
vt 0.653320 0.059082
vt 0.657227 0.054688
vt 0.397461 0.795410
vt 0.094238 0.439453
vt 0.093750 0.436035
vt 0.086426 0.436035
vt 0.087402 0.441895
vt 0.470215 0.881348
vt 0.474609 0.873047
vt 0.496094 0.872559
vt 0.484375 0.887695
vt 0.295410 0.685547
vt 0.300781 0.666992
vt 0.292480 0.685547
vt 0.545410 0.042969
vt 0.713867 0.954590
vt 0.710938 0.955078
vt 0.111328 0.805176
vt 0.083984 0.812012
vt 0.768555 0.987305
vt 0.762207 0.987305
vt 0.515625 0.936523
vt 0.516602 0.937988
vt 0.675293 0.987305
vt 0.670410 0.987305
vt 0.528809 0.012695
vt 0.521973 0.007812
vt 0.522461 0.012695
vt 0.061035 0.218262
vt 0.512207 0.007812
vt 0.517578 0.007812
vt 0.536133 0.529785
vt 0.536133 0.504395
vt 0.520508 0.506836
vt 0.278320 0.870117
vt 0.271973 0.858887
vt 0.268066 0.859863
vt 0.622559 0.055176
vt 0.628418 0.054199
vt 0.517578 0.748535
vt 0.515625 0.748047
vt 0.517090 0.745117
vt 0.518066 0.745605
vt 0.645996 0.035645
vt 0.649902 0.046875
vt 0.641602 0.046875
vt 0.637207 0.035645
vt 0.331543 0.875977
vt 0.337891 0.866211
vt 0.250977 0.728516
vt 0.246582 0.713379
vt 0.251953 0.714355
vt 0.347168 0.856934
vt 0.339844 0.849609
vt 0.801758 0.919434
vt 0.817383 0.900879
vt 0.817871 0.919922
vt 0.781738 0.874023
vt 0.495117 0.576172
vt 0.173828 0.755371
vt 0.181152 0.745605
vt 0.226562 0.668945
vt 0.214844 0.669434
vt 0.216797 0.683594
vt 0.227539 0.683594
vt 0.769531 0.883789
vt 0.767578 0.879395
vt 0.779785 0.867188
vt 0.789062 0.958496
vt 0.310059 0.887695
vt 0.195801 0.732910
vt 0.179199 0.729980
vt 0.196289 0.749023
vt 0.268555 0.750977
vt 0.268555 0.752441
vt 0.275879 0.745605
vt 0.276855 0.821289
vt 0.280762 0.812012
vt 0.547852 0.042969
vt 0.546387 0.026855
vt 0.117188 0.650879
vt 0.097168 0.440430
vt 0.096191 0.448242
vt 0.102051 0.447266
vt 0.100586 0.439941
vt 0.231934 0.727051
vt 0.111328 0.446777
vt 0.113281 0.448242
vt 0.206055 0.770508
vt 0.102539 0.760742
vt 0.105469 0.782715
vt 0.079102 0.787598
vt 0.076172 0.763184
vt 0.305664 0.646973
vt 0.194824 0.783203
vt 0.194824 0.780762
vt 0.191406 0.778320
vt 0.795898 0.859863
vt 0.813477 0.864258
vt 0.655273 0.047363
vt 0.717285 0.935547
vt 0.295410 0.750488
vt 0.310547 0.735840
vt 0.294922 0.745117
vt 0.374023 0.647461
vt 0.840332 0.941406
vt 0.846680 0.941895
vt 0.846191 0.958984
vt 0.527344 0.682617
vt 0.523926 0.694824
vt 0.515137 0.692383
vt 0.518555 0.679199
vt 0.510254 0.783691
vt 0.285645 0.684570
vt 0.786133 0.920410
vt 0.773438 0.922852
vt 0.257812 0.766113
vt 0.259277 0.762207
vt 0.523926 0.602539
vt 0.523438 0.616211
vt 0.536133 0.616699
vt 0.536133 0.603027
vt 0.083984 0.407715
vt 0.099121 0.410645
vt 0.099609 0.403809
vt 0.320312 0.651367
vt 0.461426 0.873047
vt 0.279297 0.753418
vt 0.279297 0.756836
vt 0.706055 0.876465
vt 0.711426 0.875000
vt 0.710449 0.893555
vt 0.536621 0.107910
vt 0.524414 0.107910
vt 0.729492 0.975098
vt 0.729980 0.956543
vt 0.739258 0.957031
vt 0.739258 0.975098
vt 0.264160 0.742676
vt 0.262695 0.748047
vt 0.261230 0.748047
vt 0.235352 0.985352
vt 0.233887 0.990234
vt 0.220703 0.986816
vt 0.223145 0.983398
vt 0.333008 0.877930
vt 0.335449 0.881348
vt 0.345215 0.871094
vt 0.495117 0.614258
vt 0.479980 0.614258
vt 0.499023 0.928711
vt 0.501953 0.931152
vt 0.500000 0.935547
vt 0.416504 0.774902
vt 0.402344 0.774414
vt 0.219238 0.698242
vt 0.208496 0.697754
vt 0.210938 0.712402
vt 0.221191 0.712402
vt 0.364746 0.636719
vt 0.126953 0.437988
vt 0.120605 0.437988
vt 0.124023 0.422363
vt 0.142578 0.522949
vt 0.338379 0.832520
vt 0.352051 0.846680
vt 0.012207 0.767090
vt 0.046387 0.765137
vt 0.331543 0.637207
vt 0.336426 0.640137
vt 0.324707 0.654785
vt 0.067383 0.291016
vt 0.650391 0.077148
vt 0.659668 0.076172
vt 0.513184 0.661133
vt 0.518066 0.759277
vt 0.294434 0.870605
vt 0.283691 0.866211
vt 0.287109 0.862793
vt 0.311523 0.647461
vt 0.576660 0.030273
vt 0.575684 0.017090
vt 0.348145 0.626953
vt 0.343750 0.622070
vt 0.247070 0.698730
vt 0.343262 0.810059
vt 0.345215 0.809082
vt 0.336914 0.800293
vt 0.335449 0.803223
vt 0.321777 0.886230
vt 0.321777 0.882324
vt 0.723633 0.894531
vt 0.088379 0.429688
vt 0.094727 0.433105
vt 0.527832 0.058105
vt 0.508789 0.629395
vt 0.518066 0.933594
vt 0.519043 0.934570
vt 0.638184 0.057617
vt 0.645020 0.058594
vt 0.645996 0.066406
vt 0.638672 0.066895
vt 0.380859 0.954590
vt 0.381836 0.975098
vt 0.517090 0.740723
vt 0.513672 0.741699
vt 0.378906 0.838867
vt 0.441406 0.606445
vt 0.439453 0.601074
vt 0.323242 0.632812
vt 0.427246 0.614746
vt 0.431152 0.613281
vt 0.429199 0.606934
vt 0.425293 0.608398
vt 0.654785 0.065430
vt 0.347168 0.806641
vt 0.353516 0.819824
vt 0.295898 0.767578
vt 0.561523 0.007812
vt 0.574707 0.007812
vt 0.571289 0.013672
vt 0.562500 0.012695
vt 0.106934 0.198242
vt 0.275391 0.857422
vt 0.269531 0.846191
vt 0.722656 0.956055
vt 0.716797 0.955078
vt 0.505371 0.936523
vt 0.499023 0.940430
vt 0.623535 0.017090
vt 0.626953 0.007812
vt 0.613770 0.007812
vt 0.613281 0.014648
vt 0.364258 0.970703
vt 0.364258 0.978516
vt 0.362305 0.979492
vt 0.256348 0.729492
vt 0.259277 0.729980
vt 0.256836 0.741211
vt 0.347168 0.966309
vt 0.357422 0.974121
vt 0.365723 0.741211
vt 0.342773 0.955078
vt 0.342773 0.928223
vt 0.342773 0.900391
vt 0.351074 0.900391
vt 0.279297 0.770508
vt 0.383789 0.928711
vt 0.375000 0.900391
vt 0.226074 0.741699
vt 0.233398 0.741211
vt 0.402344 0.925293
vt 0.399414 0.900391
vt 0.421875 0.900391
vt 0.424316 0.923828
vt 0.446777 0.921387
vt 0.431641 0.900391
vt 0.454590 0.900391
vt 0.457031 0.914062
vt 0.463379 0.909668
vt 0.469727 0.921387
vt 0.477051 0.907227
vt 0.479492 0.914062
vt 0.204102 0.765625
vt 0.200684 0.767090
vt 0.202148 0.770996
vt 0.462402 0.939453
vt 0.448730 0.944824
vt 0.487305 0.772949
vt 0.484375 0.769531
vt 0.462891 0.958984
vt 0.402832 0.947266
vt 0.452148 0.991699
vt 0.436523 0.994629
vt 0.410156 0.986816
vt 0.392578 0.979980
vt 0.466309 0.984375
vt 0.467285 0.988281
vt 0.481445 0.985840
vt 0.467773 0.980957
vt 0.468750 0.979004
vt 0.510254 0.602051
vt 0.510254 0.614746
vt 0.461914 0.972656
vt 0.460938 0.971680
vt 0.470215 0.972168
vt 0.429688 0.701660
vt 0.431152 0.703613
vt 0.416504 0.714355
vt 0.695801 0.878906
vt 0.704102 0.894531
vt 0.502441 0.979492
vt 0.494141 0.980469
vt 0.263672 0.715820
vt 0.268555 0.716797
vt 0.492188 0.971680
vt 0.496094 0.975098
vt 0.500488 0.928711
vt 0.492188 0.945801
vt 0.483887 0.946777
vt 0.499512 0.944824
vt 0.520020 0.931152
vt 0.517090 0.933105
vt 0.517090 0.932129
vt 0.505371 0.933594
vt 0.510254 0.933594
vt 0.510742 0.936035
vt 0.312500 0.782227
vt 0.355957 0.818848
vt 0.354004 0.802734
vt 0.349609 0.805176
vt 0.514648 0.934570
vt 0.488281 0.907715
vt 0.488281 0.900391
vt 0.476562 0.900391
vt 0.194824 0.682617
vt 0.206055 0.683594
vt 0.203125 0.669922
vt 0.192871 0.666504
vt 0.360840 0.782715
vt 0.356445 0.782715
vt 0.637207 0.047363
vt 0.339355 0.797363
vt 0.255859 0.769531
vt 0.458984 0.544434
vt 0.453125 0.569336
vt 0.087402 0.451660
vt 0.090820 0.446289
vt 0.479492 0.977051
vt 0.487793 0.979492
vt 0.281250 0.867676
vt 0.467773 0.606934
vt 0.490234 0.922852
vt 0.523926 0.921387
vt 0.660645 0.014160
vt 0.655762 0.015137
vt 0.183105 0.789062
vt 0.180664 0.782715
vt 0.174805 0.784668
vt 0.175781 0.791016
vt 0.513672 0.932617
vt 0.637207 0.077637
vt 0.644043 0.092773
vt 0.615723 0.022949
vt 0.623535 0.022461
vt 0.507812 0.900391
vt 0.505859 0.909668
vt 0.497559 0.917480
vt 0.490723 0.911621
vt 0.506836 0.913086
vt 0.508301 0.920898
vt 0.581543 0.092285
vt 0.577148 0.107910
vt 0.564453 0.107910
vt 0.567383 0.090332
vt 0.516113 0.921875
vt 0.513672 0.916992
vt 0.519043 0.919434
vt 0.541992 0.792480
vt 0.535156 0.767578
vt 0.541992 0.770508
vt 0.661133 0.064941
vt 0.644043 0.054199
vt 0.639648 0.054199
vt 0.342773 0.963379
vt 0.607910 0.045410
vt 0.610352 0.045410
vt 0.605469 0.031738
vt 0.603516 0.033203
vt 0.519043 0.755859
vt 0.523438 0.762695
vt 0.537598 0.754883
vt 0.540039 0.755371
vt 0.518555 0.755371
vt 0.476562 0.785156
vt 0.475098 0.791016
vt 0.739258 0.937500
vt 0.646973 0.107910
vt 0.635254 0.107910
vt 0.632324 0.095215
vt 0.527344 0.747559
vt 0.525879 0.746582
vt 0.522949 0.751465
vt 0.525391 0.752441
vt 0.530273 0.742676
vt 0.339355 0.618652
vt 0.354980 0.602539
vt 0.532227 0.764160
vt 0.526367 0.769531
vt 0.461914 0.792480
vt 0.464355 0.791992
vt 0.469727 0.800781
vt 0.462891 0.802734
vt 0.595215 0.061035
vt 0.583008 0.058594
vt 0.497070 0.784668
vt 0.509277 0.792969
vt 0.497559 0.772461
vt 0.291016 0.704590
vt 0.288574 0.703125
vt 0.297363 0.686035
vt 0.491211 0.780273
vt 0.486816 0.783203
vt 0.480957 0.767578
vt 0.480469 0.762695
vt 0.482422 0.767090
vt 0.492188 0.774414
vt 0.172363 0.775879
vt 0.169434 0.788086
vt 0.482910 0.784668
vt 0.479004 0.767578
vt 0.478027 0.771484
vt 0.478027 0.777832
vt 0.520508 0.816406
vt 0.515137 0.823242
vt 0.525391 0.803711
vt 0.534180 0.808105
vt 0.532227 0.826172
vt 0.104492 0.237793
vt 0.108398 0.237793
vt 0.498047 0.768066
vt 0.512695 0.747070
vt 0.629883 0.007812
vt 0.629883 0.018555
vt 0.518555 0.742676
vt 0.519531 0.740723
vt 0.186035 0.794922
vt 0.509766 0.745117
vt 0.510742 0.746094
vt 0.263184 0.750977
vt 0.262207 0.751465
vt 0.264160 0.751953
vt 0.517090 0.754395
vt 0.516602 0.751953
vt 0.519043 0.743164
vt 0.266602 0.750488
vt 0.459473 0.783203
vt 0.541992 0.755859
vt 0.541992 0.813965
vt 0.541992 0.834961
vt 0.213867 0.727051
vt 0.222656 0.727051
vt 0.218262 0.743164
vt 0.206055 0.743164
vt 0.286621 0.979004
vt 0.309082 0.971680
vt 0.303711 0.965332
vt 0.285645 0.972656
vt 0.832031 0.874023
vt 0.830566 0.879883
vt 0.097656 0.436523
vt 0.194824 0.775879
vt 0.195312 0.776855
vt 0.193848 0.776855
vt 0.193359 0.776367
vt 0.467773 0.855469
vt 0.492188 0.848633
vt 0.495117 0.861328
vt 0.485840 0.836914
vt 0.465820 0.849609
vt 0.465332 0.840332
vt 0.464355 0.827637
vt 0.723145 0.876953
vt 0.732422 0.880371
vt 0.463379 0.812012
vt 0.266113 0.743164
vt 0.264160 0.748047
vt 0.372559 0.717773
vt 0.215820 0.894531
vt 0.242188 0.889648
vt 0.221680 0.883301
vt 0.714844 0.874512
vt 0.715332 0.863770
vt 0.720215 0.866211
vt 0.717773 0.875488
vt 0.754883 0.924805
vt 0.550781 0.052246
vt 0.559082 0.059082
vt 0.535156 0.682617
vt 0.287109 0.878906
vt 0.451660 0.871094
vt 0.489746 0.892578
vt 0.518555 0.877441
vt 0.459961 0.876465
vt 0.196289 0.761719
vt 0.669922 0.037598
vt 0.495117 0.540527
vt 0.500977 0.830566
vt 0.541992 0.877930
vt 0.179688 0.774414
vt 0.171875 0.765625
vt 0.201660 0.777832
vt 0.199219 0.780273
vt 0.196289 0.778320
vt 0.197754 0.776367
vt 0.203125 0.772949
vt 0.193848 0.777832
vt 0.194824 0.777344
vt 0.193848 0.777344
vt 0.193848 0.778809
vt 0.203125 0.783691
vt 0.200684 0.786133
vt 0.197754 0.790039
vt 0.604004 0.061523
vt 0.613281 0.060059
vt 0.609863 0.055176
vt 0.196289 0.786133
vt 0.196777 0.785645
vt 0.831055 0.940430
vt 0.817871 0.939453
vt 0.227051 0.852539
vt 0.208008 0.859375
vt 0.213379 0.878906
vt 0.268555 0.894043
vt 0.272949 0.891113
vt 0.279297 0.899902
vt 0.276855 0.888184
vt 0.283691 0.897461
vt 0.287598 0.907227
vt 0.293457 0.903320
vt 0.297363 0.914062
vt 0.302246 0.910645
vt 0.429199 0.619141
vt 0.431641 0.621582
vt 0.434570 0.618652
vt 0.433105 0.615723
vt 0.316895 0.899902
vt 0.324707 0.893555
vt 0.830566 0.890137
vt 0.321777 0.879883
vt 0.326172 0.798828
vt 0.316895 0.811035
vt 0.332520 0.818848
vt 0.278809 0.856445
vt 0.291016 0.806152
vt 0.054688 0.462891
vt 0.107910 0.191406
vt 0.358398 0.847656
vt 0.327148 0.634277
vt 0.348145 0.781738
vt 0.393555 0.735352
vt 0.383301 0.744629
vt 0.380859 0.743652
vt 0.294434 0.576660
vt 0.297852 0.544922
vt 0.325684 0.551758
vt 0.314941 0.582031
vt 0.363770 0.848145
vt 0.353516 0.860352
vt 0.354980 0.847168
vt 0.629883 0.022949
vt 0.634766 0.023926
vt 0.510254 0.588867
vt 0.523926 0.588379
vt 0.740723 0.900879
vt 0.739746 0.918457
vt 0.578125 0.007812
vt 0.577637 0.014160
vt 0.300293 0.799316
vt 0.183594 0.870117
vt 0.192383 0.887207
vt 0.197266 0.770996
vt 0.196777 0.771484
vt 0.197266 0.771484
vt 0.198242 0.771484
vt 0.286133 0.731934
vt 0.274902 0.745117
vt 0.190430 0.775879
vt 0.196777 0.769531
vt 0.196777 0.696777
vt 0.202148 0.758301
vt 0.201172 0.758789
vt 0.584961 0.054199
vt 0.125000 0.740234
vt 0.125488 0.758301
vt 0.731934 0.870605
vt 0.850098 0.958984
vt 0.850098 0.975586
vt 0.846191 0.975586
vt 0.755859 0.941406
vt 0.756836 0.958984
vt 0.764160 0.924316
vt 0.758789 0.925293
vt 0.758789 0.908203
vt 0.763672 0.908203
vt 0.104980 0.271973
vt 0.267578 0.743652
vt 0.265137 0.748047
vt 0.787598 0.939941
vt 0.128418 0.776367
vt 0.298340 0.774414
vt 0.299805 0.778320
vt 0.316895 0.773926
vt 0.316406 0.770020
vt 0.437988 0.641113
vt 0.442871 0.634277
vt 0.436035 0.627930
vt 0.431641 0.631348
vt 0.648438 0.007812
vt 0.648438 0.015137
vt 0.651367 0.007812
vt 0.198730 0.754395
vt 0.101562 0.436523
vt 0.046387 0.735840
vt 0.846680 0.923828
vt 0.197266 0.770508
vt 0.199219 0.770996
vt 0.198730 0.771973
vt 0.197754 0.771484
vt 0.193359 0.777344
vt 0.192871 0.777344
vt 0.193359 0.776855
vt 0.192383 0.776855
vt 0.109375 0.238281
vt 0.110352 0.215332
vt 0.240723 0.805664
vt 0.642090 0.024414
vt 0.632812 0.035156
vt 0.630371 0.035156
vt 0.626953 0.021484
vt 0.293945 0.786621
vt 0.550781 0.064941
vt 0.539062 0.064941
vt 0.670410 0.941406
vt 0.674805 0.940430
vt 0.439941 0.625488
vt 0.434570 0.623047
vt 0.437988 0.620117
vt 0.443359 0.622070
vt 0.286133 0.702637
vt 0.283691 0.702148
vt 0.206055 0.759766
vt 0.202637 0.754395
vt 0.200684 0.750000
vt 0.187500 0.687988
vt 0.189941 0.702637
vt 0.186035 0.671875
vt 0.178711 0.656250
vt 0.107910 0.583008
vt 0.140625 0.566895
vt 0.016602 0.698730
vt 0.689453 0.987305
vt 0.125977 0.870117
vt 0.077148 0.446777
vt 0.236328 0.781738
vt 0.223633 0.772949
vt 0.498535 0.483887
vt 0.500488 0.492676
vt 0.311523 0.840332
vt 0.313965 0.798340
vt 0.098633 0.417480
vt 0.301270 0.802734
vt 0.286133 0.841797
vt 0.280762 0.845215
vt 0.280762 0.835938
vt 0.283691 0.855469
vt 0.289551 0.855957
vt 0.721191 0.974609
vt 0.720703 0.987305
vt 0.715332 0.987305
vt 0.713867 0.971680
vt 0.008789 0.444824
vt 0.625488 0.081055
vt 0.193359 0.717773
vt 0.038574 0.382324
vt 0.273926 0.682617
vt 0.266113 0.682129
vt 0.389648 0.833008
vt 0.685547 0.900391
vt 0.283691 0.721191
vt 0.281738 0.720703
vt 0.562012 0.065430
vt 0.010742 0.732910
vt 0.100586 0.875000
vt 0.258789 0.715332
vt 0.601562 0.019043
vt 0.194336 0.784180
vt 0.268555 0.750488
vt 0.389648 0.708496
vt 0.598145 0.015625
vt 0.111816 0.196289
vt 0.279785 0.720215
vt 0.272461 0.733887
vt 0.256348 0.801270
vt 0.092285 0.425781
vt 0.267578 0.878418
vt 0.512695 0.058105
vt 0.519531 0.056641
vt 0.520020 0.064453
vt 0.513672 0.065430
vt 0.264648 0.845703
vt 0.367676 0.758789
vt 0.361328 0.775879
vt 0.365234 0.775879
vt 0.371094 0.758789
vt 0.358887 0.756348
vt 0.355957 0.768066
vt 0.512695 0.053711
vt 0.517578 0.053223
vt 0.607910 0.014160
vt 0.605957 0.007812
vt 0.604492 0.007812
vt 0.603516 0.014648
vt 0.845215 0.892090
vt 0.214355 0.780273
vt 0.519531 0.007812
vt 0.519531 0.016113
vt 0.570312 0.060059
vt 0.238281 0.979492
vt 0.222656 0.762207
vt 0.265137 0.751465
vt 0.122559 0.453613
vt 0.265625 0.752441
vt 0.253906 0.699219
vt 0.229004 0.654297
vt 0.261719 0.699707
vt 0.458984 0.628418
vt 0.455078 0.634766
vt 0.211914 0.655273
vt 0.341309 0.705078
vt 0.337402 0.694824
vt 0.390137 0.644531
vt 0.429199 0.663086
vt 0.435059 0.674316
vt 0.403809 0.630371
vt 0.399414 0.635254
vt 0.344238 0.641602
vt 0.356445 0.628418
vt 0.523438 0.631348
vt 0.334473 0.770020
vt 0.603027 0.020996
vt 0.608887 0.022461
vt 0.292969 0.705566
vt 0.264160 0.750488
vt 0.280762 0.778320
vt 0.283203 0.784668
vt 0.264648 0.777344
vt 0.265137 0.770996
vt 0.397949 0.624023
vt 0.303711 0.714355
vt 0.299805 0.713867
vt 0.312500 0.695801
vt 0.305664 0.692383
vt 0.536133 0.631836
vt 0.391602 0.616211
vt 0.334473 0.772949
vt 0.352539 0.774414
vt 0.405273 0.725098
vt 0.442383 0.695801
vt 0.239746 0.793457
vt 0.241211 0.791992
vt 0.232910 0.789551
vt 0.462402 0.621094
vt 0.211426 0.961426
vt 0.207520 0.962891
vt 0.204590 0.952637
vt 0.211426 0.952637
vt 0.450195 0.625000
vt 0.453125 0.619629
vt 0.675293 0.040527
vt 0.671875 0.050781
vt 0.657715 0.048340
vt 0.278809 0.701660
vt 0.280273 0.683594
vt 0.272461 0.717285
vt 0.438965 0.614746
vt 0.548340 0.027832
vt 0.199707 0.939453
vt 0.194336 0.925293
vt 0.274414 0.701172
vt 0.614258 0.034668
vt 0.607422 0.033691
vt 0.619629 0.045898
vt 0.621094 0.035156
vt 0.628418 0.035156
vt 0.625977 0.046875
vt 0.473633 0.529785
vt 0.468262 0.515625
vt 0.450195 0.527832
vt 0.452148 0.534180
vt 0.185547 0.928711
vt 0.193359 0.940918
vt 0.817871 0.958496
vt 0.752930 0.987305
vt 0.747559 0.987305
vt 0.339355 0.557617
vt 0.503906 0.511719
vt 0.680664 0.975098
vt 0.681641 0.987305
vt 0.507812 0.673340
vt 0.504395 0.686523
vt 0.615723 0.068848
vt 0.605957 0.068848
vt 0.266602 0.750000
vt 0.225586 0.630371
vt 0.205566 0.636230
vt 0.221191 0.605469
vt 0.216797 0.578125
vt 0.210938 0.548340
vt 0.241699 0.543457
vt 0.386230 0.608887
vt 0.293945 0.711914
vt 0.281738 0.731934
vt 0.272949 0.744629
vt 0.433594 0.604980
vt 0.618164 0.096191
vt 0.631348 0.095215
vt 0.625488 0.107910
vt 0.611816 0.107910
vt 0.670898 0.908203
vt 0.850098 0.987305
vt 0.845215 0.987305
vt 0.186035 0.650879
vt 0.198730 0.660645
vt 0.200195 0.711426
vt 0.202637 0.726562
vt 0.207031 0.746582
vt 0.213867 0.751953
vt 0.219727 0.754883
vt 0.729004 0.987305
vt 0.268555 0.700684
vt 0.108398 0.271973
vt 0.374512 0.588867
vt 0.353516 0.565430
vt 0.272461 0.542480
vt 0.114258 0.409668
vt 0.437012 0.610352
vt 0.579590 0.107910
vt 0.581055 0.107910
vt 0.466309 0.613770
vt 0.425781 0.596191
vt 0.089844 0.419922
vt 0.088379 0.417480
vt 0.437988 0.545898
vt 0.489258 0.520508
vt 0.075684 0.447754
vt 0.069336 0.450195
vt 0.080078 0.462402
vt 0.083496 0.456543
vt 0.484863 0.501465
vt 0.481445 0.495117
vt 0.464355 0.509277
vt 0.536133 0.588867
vt 0.446289 0.629395
vt 0.683594 0.099609
vt 0.684082 0.083008
vt 0.448242 0.652344
vt 0.451172 0.642090
vt 0.746582 0.895020
vt 0.432617 0.624023
vt 0.429688 0.626465
vt 0.430176 0.623535
vt 0.528320 0.696289
vt 0.266602 0.901855
vt 0.536133 0.682617
vt 0.456055 0.614746
vt 0.082520 0.426758
vt 0.080566 0.425293
vt 0.673828 0.058105
vt 0.534668 0.696777
vt 0.536133 0.696777
vt 0.528809 0.064941
vt 0.280762 0.991211
vt 0.299316 0.983887
vt 0.211914 0.981445
vt 0.326660 0.955078
vt 0.319824 0.970703
vt 0.304199 0.930176
vt 0.316895 0.940918
vt 0.287598 0.916992
vt 0.215332 0.968262
vt 0.697266 0.863770
vt 0.697266 0.869141
vt 0.292969 0.994629
vt 0.180176 0.921387
vt 0.191895 0.916504
vt 0.179199 0.917480
vt 0.205078 0.905273
vt 0.191406 0.913574
vt 0.210938 0.974121
vt 0.214844 0.978516
vt 0.207031 0.974609
vt 0.203613 0.963379
vt 0.199707 0.952637
vt 0.670410 0.923828
vt 0.732910 0.865723
vt 0.745117 0.878418
vt 0.742676 0.881836
vt 0.710449 0.865234
vt 0.374023 0.793945
vt 0.633301 0.047852
vt 0.634766 0.054688
vt 0.119141 0.437988
vt 0.676758 0.054199
vt 0.678223 0.061523
vt 0.676758 0.059082
vt 0.635254 0.047852
vt 0.545898 0.015137
vt 0.106445 0.443359
vt 0.694824 0.895996
vt 0.703613 0.915039
vt 0.577148 0.018066
vt 0.549805 0.042969
vt 0.759766 0.892090
vt 0.762695 0.895020
vt 0.512207 0.045410
vt 0.518066 0.045410
vt 0.517578 0.031250
vt 0.512207 0.031738
vt 0.738770 0.987305
vt 0.680176 0.063965
vt 0.757324 0.975586
vt 0.680176 0.957520
vt 0.614746 0.055176
vt 0.604492 0.107910
vt 0.603027 0.007812
vt 0.075195 0.435547
vt 0.520020 0.107910
vt 0.596191 0.069336
vt 0.590820 0.107910
vt 0.732422 0.896973
vt 0.764648 0.897949
vt 0.071777 0.419434
vt 0.804688 0.987305
vt 0.804199 0.975586
vt 0.803711 0.958496
vt 0.550293 0.107910
vt 0.802734 0.938965
vt 0.022461 0.170898
vt 0.850098 0.908203
vt 0.850098 0.922363
vt 0.073242 0.435547
vt 0.066895 0.434570
vt 0.108887 0.272461
vt 0.110840 0.464844
vt 0.094727 0.467773
vt 0.094727 0.460938
vt 0.655762 0.007812
vt 0.664551 0.007812
vt 0.502441 0.033691
vt 0.838867 0.987305
vt 0.502441 0.007324
vt 0.757324 0.987305
vt 0.741699 0.888184
vt 0.685059 0.886719
vt 0.679199 0.894043
vt 0.612305 0.045410
vt 0.553223 0.107910
vt 0.715820 0.859375
vt 0.519531 0.030762
vt 0.521484 0.052734
vt 0.850098 0.941406
vt 0.111816 0.194336
vt 0.111816 0.193848
vt 0.108887 0.317383
vt 0.106934 0.317383
vt 0.109863 0.353027
vt 0.108887 0.352539
vt 0.109375 0.317871
vt 0.110352 0.353027
vt 0.066406 0.192383
vt 0.627930 0.107910
vt 0.648926 0.107910
vt 0.674316 0.107910
vt 0.626953 0.107910
vt 0.602539 0.107910
vt 0.603516 0.107910
vt 0.519531 0.045898
vt 0.502441 0.077637
vt 0.502441 0.066895
vt 0.502441 0.058105
vt 0.502441 0.045898
vt 0.521973 0.107910
vt 0.551758 0.107910
vt 0.579590 0.044922
vt 0.548828 0.007812
vt 0.547363 0.007812
vt 0.502441 0.054199
s 1
g Bip001 Head
g park_cheshirecat_ob0_L0.head_Material.001
usemtl Material.001
f 1597/1/1 1176/2/2 1175/3/3 1179/4/4
g !BN_Jaw
f 3388/5/5 3380/6/6 3387/7/7 3386/8/8
g !BN_RBottomLip_4
f 2054/9/9 2431/10/10 1833/11/11 2430/12/12
g Bip001 Head
f 946/13/13 958/14/14 957/15/15 956/16/16
f 1721/17/17 1707/18/18 1708/19/19 1720/20/20
f 1564/21/21 1563/22/22 1562/23/23 1215/24/24
g !BN_LCheek_5
f 1414/25/25 1418/26/26 1446/27/27 1412/28/28
g Bip001 Head
f 813/29/29 816/30/30 1017/31/31 812/32/32
g !BN_Jaw
f 2128/33/33 2123/34/34 2124/35/35 2127/36/36
g Bip001 Head
f 3962/37/37 3956/38/38 3955/39/39 3961/40/40
f 1863/41/41 1860/42/42 1861/43/43 1862/44/44
f 1907/45/45 1908/46/46 1906/47/47 1905/48/48
f 2799/49/49 2800/50/50 2798/51/51 2797/52/52
g !BN_RBottomLip_4
f 2086/53/53 2098/54/54 2097/55/55 2087/56/56
g !BN_LTopLip_4
f 2320/11/57 1803/12/58 1804/57/59 2322/58/60
g !BN_LBrow_2
f 2962/59/61 2888/60/62 2886/61/63 2887/62/64
g Bip001 Head
f 358/63/65 365/64/66 364/65/67 357/66/68
f 3686/67/69 3692/68/70 3691/69/71 3685/70/72
f 581/71/73 614/72/74 626/73/75 583/74/76
g !BN_RBrow_4
f 1733/75/77 1732/76/78 1730/77/79 1731/78/80
g !BN_Jaw
f 2487/79/81 2489/80/82 2488/81/83 2446/82/84
g !BN_Leye
f 3269/83/85 3260/84/86 3262/85/87 3268/86/88
g !BN_Jaw
f 2132/87/89 2120/88/90 2121/89/91 2131/90/92
g Bip001 Head
f 1875/91/93 1913/92/94 1912/93/95 1874/94/96
f 3793/95/97 3792/96/98 3790/97/99 3791/98/100
g !BN_RCheek_1
f 1744/99/101 1159/100/102 1702/101/103 1743/102/104
g Bip001 Head
f 3738/103/105 3730/104/106 3729/105/107 3737/106/108
g !BN_LCheek_1
f 1971/107/109 1949/108/110 1950/109/111 1951/110/112
g !BN_RBrow_2
f 1739/111/113 1715/112/114 1119/113/115 1118/114/116
g Bip001 Head
f 1627/115/117 1608/116/118 1607/117/119 1624/118/120
f 804/119/121 813/29/29 812/32/32 805/120/122
f 1607/117/119 1606/121/123 1621/122/124 1624/118/120
g !BN_LToplid
f 513/123/125 522/124/126 521/125/127 511/126/128
g Bip001 Head
f 3847/127/129 3842/128/130 3844/129/131 3846/130/132
f 1640/131/133 1473/132/134 2356/133/135 2377/134/136
f 3987/135/137 3978/136/138 3979/67/139 3986/68/140
f 1532/137/141 1518/23/142 1520/138/143 1531/139/144
f 1219/140/145 1567/141/146 1218/142/147 1217/143/148
g !BN_Tingue_3
f 3225/144/149 3229/145/150 3228/146/151 3226/147/152
g !BN_LTopLip_4
f 1799/148/153 1800/149/154 1782/150/155 1783/151/156
g !BN_Tingue_3
f 3095/152/157 3079/153/158 3080/154/159 3094/155/160
g !BN_Tingue
f 3083/156/161 3126/157/162 3125/158/163 3084/159/164
g Bip001 Head
f 1315/160/165 1326/161/166 1316/162/167 1302/163/168
g !BN_LCheek_5
f 1425/164/169 1423/165/170 693/166/171 1424/167/172
g Bip001 Head
f 292/168/173 352/169/174 351/170/175 293/171/176
g !BN_Jaw
f 2453/172/177 2452/173/178 2450/174/179 2451/175/180
g Bip001 Head
f 803/176/181 817/177/182 816/30/30 813/29/29
f 3969/178/183 3960/179/184 3967/180/185 3968/181/186
f 342/182/187 333/183/188 335/184/189 341/185/190
f 1613/186/191 1468/187/192 1611/188/193 1612/189/194
f 3860/190/195 3951/191/196 3858/192/197 3859/193/198
g !BN_RBottomLip_3
f 2468/194/199 2467/6/200 2465/7/201 2466/195/202
g Bip001 Head
f 1040/196/203 879/197/204 880/198/205 903/199/206
f 2298/200/207 2020/201/208 1986/202/209 2019/203/210
g !BN_RCheek_3
f 2091/204/211 2433/205/212 2432/206/213 2093/207/214
g Bip001 Head
f 754/208/215 755/209/216 753/210/217 752/211/218
f 3758/212/219 3631/213/220 3632/214/221 3750/215/222
f 1866/216/223 1919/217/224 1918/218/225 1867/46/226
g !BN_Jaw
f 3365/219/227 3366/220/228 2493/221/229 3364/81/230
g Bip001 Head
f 3768/222/231 3850/223/232 3767/191/233 3763/224/234
f 1906/47/47 1962/225/235 1961/226/236 1903/227/237
f 1367/115/238 1370/228/239 1368/229/240 1365/230/241
g !BN_RCheek_4
f 1266/231/242 1264/232/243 2596/233/244 1267/234/245
g !BN_Tingue
f 3089/235/246 3120/236/247 3119/237/248 3118/238/249
g !BN_RBottomLip_1
f 2220/239/250 2260/240/251 2259/241/252 2219/242/253
g !BN_RToplid
f 567/124/254 568/243/255 566/244/256 565/245/257
g Bip001 Head
f 2859/246/258 2864/247/259 2863/248/260 2858/249/261
g !BN_LToplid
f 551/250/262 504/251/263 505/252/264 550/253/265
g !BN_REye
f 3062/254/266 3004/255/267 2998/256/268 3003/257/269
g Bip001 Head
f 2009/200/270 2529/258/271 2531/259/272 2010/203/273
g !BN_Tingue_3
f 3153/260/274 3243/261/275 3144/262/276 3157/263/277
g !BN_LTopLip_4
f 2186/264/278 2162/265/279 2191/266/280 2188/267/281
g Bip001 Head
f 561/268/282 542/269/283 540/270/284 541/271/285
f 1723/272/286 1721/17/17 1720/20/20 1729/273/287
g !BN_REye
f 3038/274/288 3037/275/289 3034/276/290 3036/277/291
g Bip001 Head
f 1259/278/292 1250/279/293 1252/280/294 1258/281/295
f 528/282/296 468/283/297 467/169/298 526/170/299
g !BN_LBottomLip_3
f 2267/284/300 3412/195/301 3369/194/302 2266/285/303
g Bip001 Head
f 1335/286/304 1334/287/305 1332/288/306 1333/289/307
f 432/290/308 439/291/309 438/292/310 433/293/311
g !BN_LTopLip_4
f 1790/294/312 1785/295/313 1784/296/314 1786/297/315
g !BN_Jaw
f 2136/298/316 2145/299/317 2144/300/318 2137/301/319
g Bip001 Head
f 1349/116/320 1347/302/321 1370/228/239 1367/115/238
f 2566/303/322 3453/304/323 3441/305/324 3454/306/325
f 1141/307/326 1524/308/327 1139/309/328 1140/310/329
g !BN_Tingue
f 3122/311/330 3131/312/331 3130/313/332 3121/314/333
g !BN_Jaw
f 2212/315/334 2250/316/335 2249/317/336 2211/318/337
g Bip001 Head
f 1722/319/338 2033/320/339 1705/321/340 1706/322/341
f 1/323/342 793/324/343 794/325/344
f 1/323/342 2/326/345 793/324/343
g !BN_Tingue_3
f 3101/327/346 3075/328/347 3076/329/348 3100/330/349
g Bip001 Head
f 4/331/350 863/332/351 3/333/352
g !BN_RCheek_4
f 1653/334/353 2593/334/354 5/335/355
f 1653/334/353 2567/334/356 2593/334/354
g Bip001 Head
f 688/336/357 687/337/358 712/338/359 715/339/360
f 1276/340/361 1270/341/362 1271/342/363 1275/343/364
f 1197/344/365 1183/345/366 1184/346/367 1198/347/368
f 1548/348/369 1535/349/370 1536/350/371 1547/351/372
g Bip001 Ponytail2
f 690/352/373 687/337/358 688/336/357 689/353/374
f 670/354/375 685/355/376 684/356/377 672/357/378
g !BN_LBrow_2
f 1235/114/379 1234/358/380 1232/359/381 1233/113/382
g !BN_Jaw
f 2414/360/383 2477/361/384 2475/362/385 2415/363/386
g Bip001 Ponytail21
f 673/364/387 683/365/388 682/366/389 675/367/390
f 691/368/391 681/369/392 682/366/389 683/365/388
g Bip001 Head
f 826/370/393 1021/371/394 898/372/395 824/373/396
g Bip001 Ponytail21
f 672/357/378 684/356/377 683/365/388 673/364/387
f 673/364/387 674/374/397 671/375/398 672/357/378
g Bip001 Head
f 4058/376/399 4055/377/400 4056/378/401 4057/379/402
g Bip001 Ponytail11
f 25/380/403 16/381/404 18/367/405
f 26/382/406 16/381/404 25/380/403
g Bip001 Ponytail21
f 677/383/407 2686/384/408 2684/382/409 676/381/410
g !BN_REye
f 2991/385/411 3058/386/412 2985/387/413 2986/388/414
g Bip001 Head
f 2778/389/415 2726/390/416 2727/391/417 2725/392/418
f 1369/393/419 1341/189/420 1339/186/421 1337/394/422
g Bip001 Ponytail21
f 690/352/373 689/353/374 2645/395/423 691/368/391
g Bip001 Ponytail11
f 22/369/424 17/383/425 27/396/426
f 22/369/424 19/366/427 17/383/425
g !BN_RBottomLip_4
f 2442/397/428 30/398/429 29/399/430
f 31/400/431 2297/401/432 2442/397/428
f 31/400/431 2296/402/433 2297/401/432
g !BN_REye
f 3008/83/434 3007/403/435 3015/404/436 3016/405/437
g Bip001 Head
f 2815/406/438 2816/407/439 2830/408/440 2841/409/441
g !BN_LToplid
f 498/410/442 505/252/264 504/251/263 496/411/443
g !BN_LCheek_5
f 1419/412/444 1420/413/445 1418/26/26 4155/414/446
g !BN_LBrow_2
f 2979/415/447 2963/416/448 2964/417/449 2978/418/450
g Bip001 Head
f 1892/419/451 1904/420/452 1903/227/237 1894/421/453
g !BN_REye
f 3017/422/454 3035/423/455 3018/424/456 3010/425/457
g Bip001 Head
f 1339/186/421 1338/426/458 1336/427/459 1337/394/422
f 1648/428/460 1103/429/461 1105/430/462 1647/431/463
g !BN_LTopLip_4
f 2232/432/464 2269/433/465 3413/434/466 2231/435/467
g !BN_RCheek_3
f 1726/436/468 1727/437/469 1728/438/470 2438/439/471
g Bip001 Head
f 923/440/472 922/441/473 920/442/474 921/443/475
g !BN_Tingue_2
f 3164/444/476 3182/445/477 3181/446/478 3165/447/479
g Bip001 Head
f 4104/448/480 4061/105/481 4062/106/482 4063/449/483
g !BN_LToplid
f 441/450/484 449/451/485 448/452/486 440/453/487
g Bip001 Head
f 2774/454/488 1162/455/489 1163/456/490 1167/457/491
f 744/458/492 740/459/493 742/460/494 743/461/495
g !BN_LTopLip_4
f 2314/462/496 2027/463/497 2312/464/498 2313/465/499
g Bip001 Head
f 1651/466/500 1096/467/501 1095/468/502 1097/469/503
g !BN_LBrow_2
f 2906/470/504 2888/60/62 2889/471/505 2905/472/506
g Bip001 Head
f 1333/289/307 1331/473/507 1360/474/508 1363/475/509
g !BN_Leye
f 3282/476/510 3281/254/511 3321/477/512 3289/478/513
g Bip001 Head
f 1609/302/514 1478/479/515 1480/480/516 1608/116/118
f 1894/421/453 1893/481/517 1891/482/518 1892/419/451
f 3970/483/519 3961/40/40 3960/179/184 3969/178/183
f 3739/484/520 3744/485/521 3743/486/522 3741/487/523
f 3984/488/524 4003/489/525 4019/490/526 3985/69/527
f 1350/480/528 1479/491/529 1477/492/530 1348/479/531
f 1156/493/532 1162/455/489 1161/494/533 1154/495/534
f 4069/212/535 4086/213/536 4087/496/537 4070/497/538
f 1469/498/539 2354/499/540 2355/134/541 1471/131/542
f 3557/500/543 3543/501/544 3541/502/545 3556/503/546
g !BN_Tingue
f 3088/504/547 3121/314/333 3120/236/247 3089/235/246
g Bip001 Head
f 4022/505/548 4018/506/549 4020/507/550 4021/508/551
f 1310/509/552 1488/510/553 1487/511/554 1311/512/555
f 194/513/556 183/514/557 182/515/558 193/516/559
f 1871/517/560 1872/518/561 1853/419/562 1852/420/563
f 1309/519/564 1489/520/565 1488/510/553 1310/509/552
f 473/521/566 481/522/567 480/523/568 471/524/569
g !BN_REye
f 3056/525/570 3030/477/571 3023/478/572 3029/526/573
g !BN_Tingue
f 3125/158/163 3134/527/574 3133/528/575 3124/529/576
g Bip001 Head
f 1477/492/530 1478/479/515 1475/530/577 1476/531/578
f 1608/116/118 1480/480/516 1481/532/579 1607/117/119
f 3670/533/580 3674/505/581 3672/506/582 3671/534/583
g !BN_Tingue
f 3216/535/584 3204/536/585 3203/537/586 3215/538/587
g !BN_Jaw
f 2384/539/588 1826/540/589 2382/317/590 2383/318/591
g Bip001 Head
f 151/541/592 140/542/593 3457/543/594 139/544/595
g !BN_LCheek_5
f 1408/340/596 1423/165/170 1425/164/169 1426/545/597
g Bip001 Head
f 786/546/598 793/324/343 792/547/599 787/548/600
g !BN_RBottomLip_1
f 2495/549/601 2263/550/602 2494/551/603 2491/552/604
g Bip001 Head
f 282/553/605 283/554/606 3602/555/607 281/556/608
g !BN_RBottomLip_1
f 2222/557/609 3379/558/610 2263/559/602 2262/560/611
g Bip001 Head
f 1883/561/612 1928/562/613 1858/563/614 1876/564/615
g !BN_RBrow_4
f 34/565/616 33/566/617 32/567/618
f 34/565/616 35/568/619 33/566/617
f 36/569/620 35/568/619 34/565/616
f 36/569/620 37/570/621 35/568/619
g Bip001 Head
f 416/571/622 411/572/623 409/573/624 415/574/625
g !BN_RBrow_3
f 39/575/626 38/576/627 36/569/620
g !BN_LBrow_3
f 2891/575/628 2892/576/629 2890/577/630 2959/578/631
g Bip001 Head
f 439/291/309 447/579/632 446/580/633 438/292/310
g !BN_RToplid
f 356/581/634 363/582/635 328/410/636 327/583/637
g !BN_RBrow_1
f 47/584/638 46/585/639 45/586/640
f 2908/587/641 2884/588/642 2967/584/643 2885/585/644
f 49/589/645 48/588/646 47/584/638
f 49/589/645 50/590/647 48/588/646
f 2882/589/648 2883/590/649 2881/591/650 2943/592/651
g !BN_RBrow_4
f 53/593/652 52/594/653 51/595/654
g Bip001 Head
f 1447/343/655 1385/596/656 1377/597/657 1448/342/658
g !BN_RBrow_4
f 33/566/617 56/598/659 55/599/660
f 35/568/619 56/598/659 33/566/617
f 37/570/621 56/598/659 35/568/619
g !BN_LBrow_3
f 2904/600/661 2890/577/630 2892/576/629 2903/601/662
g Bip001 Head
f 2024/602/663 1981/563/664 1969/603/665 1982/604/666
g !BN_LTopLip_4
f 1801/605/667 2277/606/668 2278/607/669 1805/608/670
g !BN_LToplid
f 494/609/671 553/610/672 503/611/673 492/612/674
g !BN_LBrow_2
f 2908/587/641 2885/585/644 2886/61/63 2907/613/675
g !BN_RBrow_1
f 48/588/646 63/614/676 62/587/677
f 50/590/647 63/614/676 48/588/646
g Bip001 Head
f 3585/615/678 3494/616/679 3493/617/680 154/618/681
g !BN_RBrow_2
f 1119/113/115 1715/112/114 1713/619/682 1120/620/683
g !BN_LBrow_2
f 2907/613/675 2912/621/684 2911/622/685 2908/587/641
f 2906/470/504 2913/623/686 2912/621/684 2907/613/675
g Bip001 Head
f 1261/430/687 1246/624/688 1248/625/689 1260/429/690
g !BN_LBrow_3
f 2903/601/662 2916/626/691 2915/627/692 2904/600/661
g !BN_RBrow_4
f 71/628/693 56/598/659 70/626/694
f 71/628/693 55/599/660 56/598/659
f 72/629/695 55/599/660 71/628/693
f 72/629/695 54/630/696 55/599/660
g !BN_LBrow_4
f 3067/594/697 2919/631/698 2918/629/699 2900/630/700
g !BN_RBrow_4
f 73/631/701 74/632/702 52/594/653
f 75/633/703 74/632/702 73/631/701
g !BN_LBrow_4
f 3066/595/704 2922/634/705 2921/633/706 2920/632/707
g !BN_RBrow_4
f 77/635/708 51/595/654 76/634/709
g !BN_LBrow_4
f 2898/593/710 2924/636/711 2923/635/712 3066/595/704
f 2925/637/713 2924/636/711 2896/638/714 2893/639/715
g !BN_REye
f 3023/478/572 3013/476/716 3012/640/717 3022/641/718
g !BN_RBrow_4
f 76/634/709 80/642/719 77/635/708
g !BN_LBrow_3
f 2926/642/720 2956/643/721 2927/644/722 2922/634/705
g Bip001 Head
f 3867/645/723 3957/646/724 3956/38/38 3964/647/725
g !BN_LBrow_3
f 2929/648/726 2919/631/698 2921/633/706 2928/649/727
f 2929/648/726 2944/650/728 2918/629/699 2919/631/698
f 2930/651/729 2945/652/730 2944/650/728 2929/648/726
g Bip001 Head
f 3614/653/731 3732/654/732 3629/655/733 3613/656/734
g Bip001 Ponytail11
f 2643/657/735 2626/658/736 2629/659/737 2642/660/738
g Bip001 Head
f 3456/661/739 139/544/595 138/662/740 150/663/741
g !BN_RBrow_1
f 2938/664/742 2970/665/743 2940/666/744 2939/667/745
f 94/668/746 93/666/747 3065/667/748
f 94/668/746 95/669/749 93/666/747
f 94/668/746 96/670/750 95/669/749
f 97/671/751 96/670/750 94/668/746
g Bip001 Head
f 3916/672/752 3923/673/753 3922/674/754 3917/675/755
f 378/676/756 384/677/757 383/678/758 377/679/759
f 1892/419/451 1891/482/518 1889/680/760 1890/518/761
g !BN_LBrow_2
f 2936/681/762 2911/622/685 2912/621/684 2946/682/763
g !BN_RBrow_1
f 2936/681/762 2947/683/764 2910/684/765 2911/622/685
f 2937/685/766 2948/686/767 2947/683/764 2936/681/762
f 103/686/768 3064/687/769 3065/667/748
f 104/688/770 3064/687/769 103/686/768
f 104/688/770 94/668/746 3064/687/769
f 104/688/770 97/671/751 94/668/746
g !BN_LBrow_4
f 1695/77/771 1682/689/772 1697/690/773 1696/691/774
g !BN_RBrow_1
f 2881/591/650 2953/692/775 2952/693/776 2943/592/651
f 107/692/777 64/684/778 106/591/779
f 107/692/777 102/683/780 64/684/778
g Bip001 Head
f 1243/694/781 1078/695/782 1077/696/783 1242/697/784
g !BN_RBrow_1
f 104/688/770 103/686/768 105/693/785
g !BN_LBrow_3
f 2928/649/727 2954/698/786 2930/651/729 2929/648/726
g !BN_LBrow_2
f 2931/699/787 2973/700/788 2972/701/789 2933/702/790
g !BN_LCheek_4
f 2322/58/60 2323/703/791 2321/704/792 2320/11/57
g !BN_LBrow_2
f 2976/705/793 2970/665/743 2938/664/742 2971/706/794
g Bip001 Head
f 1225/707/795 1599/708/796 1223/709/797 1224/710/798
g !BN_RBrow_1
f 95/669/749 113/711/799 93/666/747
f 95/669/749 114/712/800 113/711/799
f 96/670/750 114/712/800 95/669/749
g Bip001 Head
f 2817/713/801 2832/714/802 2816/407/439 2790/715/803
g !BN_RBrow_1
f 2967/716/643 2968/712/804 2965/717/805 2966/718/806
g !BN_LBrow_2
f 2962/719/61 2963/416/448 2960/720/807 2961/721/808
g Bip001 Ponytail21
f 691/368/391 2645/395/423 680/722/809 681/369/392
g !BN_LBrow_3
f 2891/723/628 2957/724/810 2925/637/713 2893/639/715
g Bip001 Head
f 3736/449/811 3728/448/812 3726/725/813 3735/726/814
g !BN_LBrow_3
f 2927/644/722 2955/727/815 2954/698/786 2928/649/727
g !BN_LBrow_2
f 2976/705/793 2971/706/794 2972/701/789 2975/728/816
g !BN_RBrow_1
f 2977/729/817 2965/717/805 2968/712/804 2969/711/818
g !BN_LBrow_3
f 2981/730/819 2958/731/820 2960/720/807 2980/732/821
g !BN_LTopLip_4
f 1801/605/667 1805/608/670 1804/57/59 1802/733/822
g !BN_LBrow_3
f 2980/732/821 2974/734/823 2955/727/815 2981/730/819
g !BN_LBrow_2
f 2979/415/447 2975/728/816 2974/734/823 2980/732/821
f 2978/418/450 2976/705/793 2975/728/816 2979/415/447
g Bip001 Head
f 3598/735/824 286/736/825 3595/737/826 3594/738/827
f 145/738/828 3463/739/829 3464/737/830
f 3600/740/831 3592/741/832 282/742/605 3601/743/833
f 3591/744/834 281/745/608 3589/746/835 3590/662/836
f 3590/662/836 3589/746/835 3588/543/837 3587/544/838
f 3587/544/838 3588/543/837 279/542/839 3586/541/840
f 3586/541/840 279/542/839 277/747/841 3604/748/842
f 141/748/843 142/749/844 3455/747/845
f 3598/735/824 285/750/846 3597/751/847 3596/752/848
f 3594/738/827 3599/753/849 285/750/846 3598/735/824
g !BN_Tingue_2
f 3090/754/850 3082/755/851 3088/504/547 3089/235/246
g Bip001 Head
f 3591/744/834 3602/555/607 283/554/606 3601/743/833
f 3590/662/836 280/663/852 3602/555/607 3591/744/834
f 3587/544/838 3603/661/853 280/663/852 3590/662/836
f 3586/541/840 278/756/854 3603/661/853 3587/544/838
f 3604/748/842 3605/757/855 278/756/854 3586/541/840
f 153/757/856 142/749/844 141/748/843
f 3491/758/857 3488/759/858 154/760/681
f 156/761/859 155/762/860 3491/758/857
f 156/761/859 3467/763/861 155/762/860
f 2713/764/862 2752/765/863 2751/766/864 2714/767/865
f 158/764/866 162/767/867 157/766/868 159/765/869
g !BN_LBrow_2
f 2966/718/806 2965/717/805 2964/417/449 2887/768/64
g Bip001 Head
f 2713/764/862 2710/769/870 2707/770/871 2712/771/872
f 2704/772/873 2758/773/874 2757/774/875 2706/775/876
g Bip001 Ponytail21
f 2697/776/877 2700/777/878 2701/657/879 2698/778/880
g Bip001 Head
f 869/779/881 799/780/882 881/781/883 871/782/884
f 2751/766/864 2731/783/885 2745/784/886 2750/785/887
f 170/786/888 157/766/868 169/783/889
f 2752/765/863 2753/787/890 2730/786/891 2751/766/864
g !BN_RBottomLip_4
f 2084/788/892 1931/789/893 1932/790/894 2085/791/895
g Bip001 Head
f 174/792/896 167/793/897 173/794/898
f 2757/774/875 2758/773/874 2760/792/899 2759/793/900
f 2805/795/901 2787/796/902 2785/797/903 2807/798/904
f 177/799/905 171/787/906 170/786/888
f 1057/800/907 1238/801/908 1075/802/909 1058/803/910
f 877/804/911 901/805/912 821/806/913 875/807/914
f 1062/808/915 1072/809/916 1071/810/917 1064/811/918
f 940/812/919 953/372/920 756/373/921 944/813/922
g !BN_Jaw
f 3390/814/923 3396/815/924 3395/816/925 3391/817/926
g !BN_Tingue
f 3202/818/927 3237/819/928 3236/820/929 3203/537/586
g Bip001 Head
f 186/821/930 185/822/931 184/823/932
f 186/821/930 187/824/933 185/822/931
f 2718/825/934 2776/821/935 2732/824/936 2775/799/937
f 2718/825/934 2773/826/938 2716/827/939 2717/828/940
f 189/827/941 179/829/942 178/826/943
f 171/787/906 159/765/869 157/766/868 170/786/888
f 2772/830/944 2762/829/945 2768/831/946 2771/832/947
f 2101/464/948 1935/833/949 1936/834/950 2102/463/951
f 2769/516/952 2766/515/953 2763/514/954 2764/513/955
f 195/835/956 2764/513/955 2763/514/954 2703/836/957
f 2765/837/958 2769/516/952 2764/513/955 1168/838/959
f 2774/839/488 2770/840/960 2769/516/952 2765/837/958
f 3781/841/961 3650/842/962 3625/843/963 3649/844/964
g !BN_LCheek_1
f 190/830/965 198/845/966 2047/846/967
f 189/827/941 2046/828/968 198/845/966
g Bip001 Head
f 2036/847/969 2776/821/935 2718/825/934 2717/828/940
f 2037/848/970 2777/823/971 2776/821/935 2036/847/969
g !BN_RCheek_5
f 1283/25/972 2571/849/973 1282/850/974 1281/28/975
g Bip001 Head
f 2783/851/976 2779/852/977 2039/853/978 2043/854/979
f 2778/389/415 2725/392/418 2734/822/980 2777/823/971
f 214/855/981 2781/856/982 2780/857/983 213/858/984
f 204/390/985 202/852/986 200/389/987
f 2780/857/983 2724/859/988 2726/390/416 2779/852/977
f 2711/860/989 2782/861/990 2722/862/991 2781/856/982
f 2740/863/992 2721/864/993 2722/862/991 2782/861/990
g !BN_Tingue_3
f 3099/865/994 3108/866/995 3107/867/996 3100/330/349
g Bip001 Head
f 2729/868/997 2739/869/998 4121/870/999 2738/871/1000
f 3573/616/1001 3559/872/1002 3561/873/1003 3572/874/1004
g !BN_LTopLip_4
f 1779/875/1005 1787/876/1006 1786/297/315 1784/296/314
g Bip001 Head
f 2715/877/1007 2782/861/990 2711/860/989 2714/767/865
f 2756/878/1008 2740/863/992 2782/861/990 2715/877/1007
f 4116/879/1009 2739/869/998 2740/863/992 2756/878/1008
f 219/880/1010 4127/879/1011 4123/869/1012
f 219/880/1010 220/881/1013 4127/879/1011
f 2756/878/1008 2747/882/1014 2748/883/1015 4116/879/1009
f 2715/877/1007 2750/785/887 2747/882/1014 2756/878/1008
f 2711/860/989 215/884/1016 2709/885/1017 2710/769/870
g !BN_RCheek_5
f 1281/28/975 1290/27/1018 1286/26/1019 1283/25/972
g Bip001 Head
f 2707/770/871 2708/886/1020 222/887/1021 2706/775/876
f 2706/775/876 222/887/1021 2705/888/1022 2704/772/873
f 4122/883/1023 4127/879/1011 4125/889/1024
f 4122/883/1023 223/890/1025 221/882/1026
f 224/891/1027 223/890/1025 4122/883/1023
f 2742/892/1028 4118/891/1029 2746/890/1030 2741/893/1031
g !BN_RBottomLip_1
f 2175/894/1032 2220/239/250 2219/242/253 2192/895/1033
g Bip001 Head
f 2744/896/1034 2738/871/1000 4121/870/999 4114/897/1035
f 4129/898/1036 226/896/1037 227/871/1038
f 4129/898/1036 228/899/1039 226/896/1037
f 2743/899/1040 2720/900/1041 2719/901/1042 4120/898/1043
f 1895/902/1044 1901/903/1045 1900/904/1046 1899/905/1047
f 225/892/1048 226/896/1037 228/899/1039
f 4007/97/1049 3965/98/1050 3943/906/1051 4001/907/1052
f 231/784/1053 221/882/1026 223/890/1025
f 231/784/1053 168/785/1054 221/882/1026
f 231/784/1053 232/908/1055 169/783/889
f 2741/893/1031 2733/908/1056 2735/909/1057 2720/900/1041
f 2721/864/993 2729/868/997 2728/910/1058 2723/911/1059
f 234/910/1060 227/871/1038 212/868/1061
f 4119/912/1062 2737/913/1063 2728/910/1058 2738/871/1000
f 2719/901/1042 2737/913/1063 4119/912/1062 4120/898/1043
g !BN_LBottomLip_3
f 3387/7/7 3412/195/301 3411/914/1064 3405/915/1065
g Bip001 Head
f 2728/910/1058 2737/913/1063 2727/391/417 2723/911/1059
f 722/916/1066 727/917/1067 726/780/1068 883/781/1069
f 203/392/1070 237/918/1071 238/391/1072
f 203/392/1070 233/909/1073 237/918/1071
f 185/822/931 233/909/1073 203/392/1070
f 185/822/931 232/908/1055 233/909/1073
f 211/863/1074 218/878/1075 217/877/1076 209/861/1077
f 187/824/933 170/786/888 169/783/889
f 187/824/933 177/799/905 170/786/888
f 241/919/1078 3580/920/1079 240/921/1080
f 244/922/1081 240/921/1080 3583/923/1082
f 242/922/1083 244/922/1081 3584/923/1084
f 3579/924/1085 243/925/1086 242/922/1083
f 3579/924/1085 3581/926/1087 243/925/1086
f 3581/926/1087 248/927/1088 250/926/1089
f 244/922/1081 243/925/1086 240/921/1080
f 248/927/1088 245/928/1090 256/927/1091
f 246/929/1092 240/921/1080 3582/930/1093
f 3582/930/1093 247/931/1094 3584/932/1084
f 3580/920/1079 3579/933/1085 247/931/1094
f 273/934/1095 3581/935/1087 3580/920/1079
f 249/936/1096 248/936/1088 273/934/1095
f 243/925/1086 241/919/1078 240/921/1080
f 250/926/1089 241/919/1078 243/925/1086
f 2528/937/1097 2529/938/271 2527/939/1098 2523/940/1099
f 3529/941/1100 3510/942/1101 3539/927/1102 3509/943/1103
g !BN_Tingue_2
f 3218/944/1104 3213/945/1105 3205/946/1106 3217/947/1107
g Bip001 Head
f 3527/948/1108 3512/949/1109 3511/950/1110 3528/951/1111
f 735/952/1112 1070/953/1113 1068/954/1114 1069/955/1115
g !BN_RBottomLip_1
f 2193/300/1116 2218/956/1117 2217/957/1118 2194/299/1119
g Bip001 Head
f 245/928/1090 251/942/1120 256/927/1091
g !BN_LTopLip_4
f 2237/958/1121 2273/959/1122 2272/960/1123 2236/961/1124
g !BN_Tingue
f 3232/962/1125 3138/963/1126 3248/964/1127 3231/965/1128
g Bip001 Head
f 3513/966/1129 3522/967/1130 3517/968/1131 3512/949/1109
f 3514/969/1132 3524/970/1133 3522/967/1130 3513/966/1129
f 262/971/1134 261/969/1135 260/970/1136
f 261/969/1135 262/971/1134 268/972/1137
f 260/973/1136 263/974/1138 262/971/1134
g !BN_LBrow_3
f 2932/975/1139 2914/976/1140 2915/627/692 2945/652/730
g !BN_LToplid
f 538/977/1141 441/450/484 430/978/1142 539/979/1143
g Bip001 Head
f 3517/980/1131 3521/981/1144 3520/982/1145 3519/983/1146
f 3519/983/1146 3520/982/1145 3518/984/1147 3538/985/1148
f 1211/986/1149 1673/987/1150 1672/321/1151 1212/988/1152
f 263/974/1138 268/972/1137 262/971/1134
f 3526/989/1153 3523/990/1154 3525/974/1155 3515/972/1156
f 2591/991/1157 1096/467/501 1651/466/500 1652/992/1158
g !BN_RCheek_3
f 2105/993/1159 2440/994/1160 2439/995/1161 2106/996/1162
g Bip001 Head
f 3529/941/1100 3518/984/1147 3520/982/1145 3528/951/1111
f 3509/943/1103 3531/936/1163 3518/984/1147 3529/941/1100
g !BN_LTopLip_4
f 1793/997/1164 1792/998/1165 1790/294/312 1789/999/1166
g Bip001 Head
f 273/934/1095 3580/920/1079 241/919/1078
f 3497/1000/1167 3481/1001/1168 3498/1002/1169
f 3497/1000/1167 3482/1003/1170 3481/1001/1168
f 3496/1004/1171 3482/1003/1170 3497/1000/1167
f 3550/1004/1172 3565/1003/1173 3576/1005/1174 3548/1006/1175
f 3548/1006/1175 3576/1005/1174 3562/1007/1176 3547/1008/1177
f 275/1008/1178 3485/1009/1179 3484/1007/1180
f 276/1010/1181 3485/1009/1179 275/1008/1178
f 276/1010/1181 3486/1011/1182 3485/1009/1179
f 277/1012/841 3605/757/855 3606/749/1183
f 152/756/1184 140/1013/593 3455/1012/845 153/757/856
g !BN_RBottomLip_4
f 2080/1014/1185 2067/295/1186 2068/296/1187 2071/1015/1188
g Bip001 Head
f 150/663/741 3458/1016/1189 3457/1017/594 3456/661/739
f 3459/555/1190 137/556/1191 3458/1016/1189 150/663/741
f 148/554/1192 3460/553/1193 137/556/1191 3459/555/1190
f 3461/1018/1194 3462/1019/1195 3460/553/1193 148/554/1192
f 144/753/1196 3463/1020/829 3462/1019/1195 3461/1018/1194
f 3595/1021/826 3599/753/849 3593/1020/1197
f 3465/750/1198 136/1022/1199 3464/1021/830 144/753/1196
f 3466/751/1200 134/1023/1201 136/1022/1199 3465/750/1198
f 3450/1024/1202 3445/1025/1203 3444/1026/1204 3449/1027/1205
f 457/168/1206 463/1028/1207 459/1029/1208 458/1030/1209
f 524/171/1210 457/168/1206 458/1030/1209 460/1031/1211
f 3459/555/1190 149/744/1212 147/743/1213 148/554/1192
g !BN_Tingue
f 3184/1032/1214 3181/446/478 3182/445/477 3183/1033/1215
g !BN_Tingue_2
f 3089/235/246 3118/238/249 3117/1034/1216 3090/754/850
g Bip001 Head
f 1626/230/1217 1623/1035/1218 1622/474/1219 1625/475/1220
f 444/1036/1221 454/1037/1222 453/1038/1223 443/1039/1224
f 760/1040/1225 761/1041/1226 759/1042/1227 758/1043/1228
f 1619/1044/1229 1602/1045/1230 1601/1046/1231 1618/1047/1232
f 2806/1048/1233 2802/1049/1234 2805/795/901 2807/798/904
f 510/1050/1235 519/1051/1236 516/1052/1237 512/1053/1238
f 1895/902/1044 1899/905/1047 1898/1054/1239 1893/481/517
f 1641/1055/1240 1642/1056/1241 1492/1057/1242 1490/1058/1243
f 2791/1059/1244 2818/1060/1245 2817/713/801 2790/715/803
g !BN_LTopLip_4
f 1780/1061/1246 1781/1062/1247 1778/1063/1248 1773/1064/1249
g Bip001 Head
f 432/290/308 423/1065/1250 422/1066/1251 431/1067/1252
g !BN_LToplid
f 514/1068/1253 448/452/486 449/451/485 523/245/1254
f 514/1068/1253 523/245/1254 522/124/126 513/123/125
g Bip001 Head
f 2543/1026/1255 2546/1027/1256 2545/1069/1257 2542/1070/1258
f 2504/1071/1259 2503/1072/1260 2501/1073/1261 2502/1074/1262
g !BN_Tingue_2
f 3169/1075/1263 3161/1076/1264 3167/1077/1265 3168/1078/1266
g Bip001 Head
f 423/1065/1250 415/574/625 421/1079/1267 422/1066/1251
f 424/1080/1268 416/571/622 415/574/625 423/1065/1250
g !BN_LCheek_4
f 1452/1081/1269 1746/1082/1270 1772/1083/1271 1453/1084/1272
g Bip001 Head
f 426/184/1273 419/1085/1274 417/1086/1275 418/183/1276
g Bip001 Ponytail1
f 2631/1087/1277 2632/1088/1278 2629/659/737 2630/1089/1279
g !BN_Tingue_3
f 3221/1090/1280 3140/1091/1281 3245/1092/1282 3212/1093/1283
g Bip001 Head
f 427/185/1284 429/1094/1285 428/1095/1286 426/184/1273
f 427/185/1284 426/184/1273 418/183/1276 425/182/1287
f 425/182/1287 418/183/1276 416/571/622 424/1080/1268
f 433/293/311 424/1080/1268 423/1065/1250 432/290/308
g !BN_Jaw
f 2385/1096/1288 2126/1097/1289 2127/36/36 2125/1098/1290
f 2206/1099/1291 2245/1100/1292 2244/1101/1293 2243/1102/1294
g Bip001 Head
f 2618/1103/1295 2639/1104/1296 2617/1105/1297 2612/1106/1298
f 1649/1107/1299 1101/278/1300 1103/429/461 1648/428/460
f 434/1108/1301 437/1109/1302 427/185/1284 425/182/1287
f 1546/1110/1303 1536/350/371 1537/1111/1304 1545/1112/1305
g Bip001 Ponytail11
f 2609/1113/1306 11/1114/1307 28/1115/1308 2607/1116/1309
g Bip001 Head
f 3821/1117/1310 3847/127/129 3846/130/132 3819/1118/1311
f 518/1119/1312 519/1051/1236 537/1120/1313 525/1121/1314
g !BN_Jaw
f 2488/81/83 2492/219/1315 2447/1122/1316 2446/82/84
g Bip001 Head
f 526/170/299 467/169/298 457/168/1206 524/171/1210
f 467/169/298 466/1123/1317 463/1028/1207 457/168/1206
f 1331/473/507 1329/1047/1318 1328/1044/1319 1360/474/508
g !BN_Jaw
f 2195/1124/1320 2169/1125/1321 2170/298/1322 2194/299/1119
g Bip001 Head
f 3805/1126/1323 3828/1127/1324 3830/672/1325 3800/1128/1326
f 525/1121/1314 537/1120/1313 536/66/1327 527/63/1328
f 527/63/1328 528/282/296 526/170/299 525/1121/1314
f 165/775/1329 222/887/1021 2708/886/1020 164/770/1330
f 471/524/569 480/523/568 479/1129/1331 469/1130/1332
g !BN_LToplid
f 499/581/1333 506/583/1334 498/410/442 497/582/1335
g Bip001 Head
f 527/63/1328 536/66/1327 535/65/1336 529/64/1337
g !BN_RToplid
f 573/252/1338 371/253/1339 370/1131/1340
g Bip001 Head
f 267/984/1341 271/941/1342 270/951/1343 266/982/1344
g !BN_LToplid
f 497/582/1335 498/410/442 496/411/443 495/1132/1345
g Bip001 Head
f 535/65/1336 497/582/1335 495/1132/1345 534/1133/1346
g !BN_RBrow_1
f 2977/729/817 2969/711/818 2940/666/744 2970/665/743
g Bip001 Head
f 2636/1134/1347 2638/1135/1348 2632/1088/1278 2634/1136/1349
f 532/679/1350 472/676/1351 470/1137/1352 530/1138/1353
f 648/1139/1354 647/1140/1355 645/1141/1356 646/1142/1357
f 534/1133/1346 495/1132/1345 493/1143/1358 533/1144/1359
f 897/812/1360 896/1145/1361 894/1146/1362 895/1147/1363
f 478/1148/1364 477/678/1365 532/679/1350 531/1149/1366
f 477/678/1365 474/677/1367 472/676/1351 532/679/1350
g !BN_REye
f 3017/422/454 3010/425/457 3001/1150/1368 3009/1151/1369
g Bip001 Head
f 533/1144/1359 489/1152/1370 476/1153/1371 478/1148/1364
f 477/678/1365 478/1148/1364 476/1153/1371 474/677/1367
f 493/1143/1358 494/609/671 492/612/674 490/1154/1372
f 490/1154/1372 492/612/674 491/1155/1373 488/1156/1374
f 2505/1157/1375 2451/175/180 2449/1158/1376 2503/1072/1260
f 472/676/1351 473/521/566 471/524/569 470/1137/1352
f 475/1159/1377 482/1160/1378 481/522/567 473/521/566
g !BN_RBrow_1
f 93/666/747 112/665/1379 92/664/1380 3065/667/748
g !BN_Tingue_3
f 3096/1161/1381 3111/1162/1382 3110/1163/1383 3097/1164/1384
g Bip001 Head
f 3449/1027/1205 3357/1165/1385 3356/1166/1386 3450/1024/1202
f 4052/1167/1387 4054/1168/1388 4092/1169/1389 4053/1170/1390
g !BN_LToplid
f 496/411/443 504/251/263 553/610/672 494/609/671
f 552/1171/1391 553/610/672 504/251/263 551/250/262
f 554/1172/1392 503/611/673 553/610/672 552/1171/1391
g Bip001 Head
f 555/1173/1393 502/1174/1394 503/611/673 554/1172/1392
f 409/573/624 410/1175/1395 331/572/1396
f 411/572/623 410/1175/1395 409/573/624
g !BN_LToplid
f 544/1176/1397 449/451/485 441/450/484 538/977/1141
g Bip001 Head
f 474/677/1367 475/1159/1377 473/521/566 472/676/1351
f 2633/1177/1398 2634/1136/1349 2632/1088/1278 2631/1087/1277
g !BN_RCheek_4
f 1752/1178/1399 1750/1179/1400 1749/1180/1401 1748/1181/1402
g Bip001 Head
f 414/1182/1403 409/573/624 329/574/1404 413/1079/1405
f 409/573/624 331/572/1396 330/571/1406 329/574/1404
f 332/1086/1407 333/183/188 330/571/1406 331/572/1396
g !BN_Jaw
f 2202/1183/1408 2210/539/1409 2209/540/1410 2205/1184/1411
g Bip001 Head
f 420/1185/1412 414/1182/1403 413/1079/1405
f 421/1079/1267 414/1182/1403 420/1185/1412
f 561/268/282 420/1185/1412 412/271/1413
f 541/271/285 420/1185/1412 561/268/282
f 420/1185/1412 413/1079/1405 322/1066/1414 412/271/1413
f 438/292/310 446/580/633 445/1186/1415 435/1187/1416
f 1697/690/773 1394/1188/1417 1249/1189/1418 1247/1190/1419
g !BN_RToplid
f 412/271/1413 322/1066/1414 320/1067/1420 558/978/1421
g !BN_RTopLip_1
f 2016/1191/1422 1989/1192/1423 1990/1193/1424 2015/1194/1425
g Bip001 Head
f 342/182/187 347/1108/1426 344/293/1427 343/1080/1428
f 346/1187/1429 347/1108/1426 348/1109/1430 349/1195/1431
f 349/1195/1431 348/1109/1430 341/185/190 340/1094/1432
f 1304/1196/1433 1303/1197/1434 1302/163/168 1301/1198/1435
f 264/990/1436 269/989/1437 268/972/1137 263/974/1138
f 345/292/1438 319/291/1439 321/290/1440 344/293/1427
g !BN_RToplid
f 320/1067/1420 321/290/1440 319/291/1439 318/453/1441
f 558/978/1421 320/1067/1420 318/453/1441 324/450/1442
g Bip001 Head
f 302/1039/1443 340/1094/1432 337/1095/1444 339/1199/1445
f 303/1036/1446 349/1195/1431 340/1094/1432 302/1039/1443
g !BN_RBrow_3
f 84/650/1447 83/648/1448 73/631/701 72/629/695
g Bip001 Head
f 305/580/1449 306/579/1450 319/291/1439 345/292/1438
g !BN_RToplid
f 318/453/1441 319/291/1439 306/579/1450 317/452/1451
f 317/452/1451 325/451/1452 324/450/1442 318/453/1441
g Bip001 Head
f 336/1200/1453 337/1095/1444 335/184/189 334/1085/1454
f 338/1201/1455 339/1199/1445 337/1095/1444 336/1200/1453
f 574/1202/1456 288/1203/1457 339/1199/1445 338/1201/1455
f 301/1038/1458 302/1039/1443 339/1199/1445 288/1203/1457
f 1169/1204/1459 1186/1205/1460 1184/346/367 1185/1206/1461
f 299/1207/1462 304/1186/1463 303/1036/1446 300/1037/1464
f 298/1208/1465 305/580/1449 304/1186/1463 299/1207/1462
f 289/1030/1466 301/1038/1458 288/1203/1457 290/1029/1467
f 301/1038/1458 289/1030/1466 294/1031/1468 300/1037/1464
f 300/1037/1464 294/1031/1468 296/1209/1469 299/1207/1462
f 576/1210/1470 291/1028/1471 290/1029/1467 575/1211/1472
f 576/1210/1470 354/1212/1473 353/1123/1474 291/1028/1471
f 353/1123/1474 361/1130/1475 360/283/1476 352/169/174
f 361/1130/1475 368/524/1477 367/1137/1478 360/283/1476
g !BN_Jaw
f 2205/1184/1411 2209/540/1410 2208/1213/1479 2207/1214/1480
g Bip001 Head
f 386/1159/1481 384/677/757 378/676/756 385/521/1482
f 388/1215/1483 387/1153/1484 384/677/757 386/1159/1481
g !BN_Leye
f 3281/254/511 3274/257/1485 3266/256/1486 3273/255/1487
g Bip001 Head
f 355/1129/1488 361/1130/1475 353/1123/1474 354/1212/1473
f 369/522/1489 385/521/1482 368/524/1477 362/523/1490
f 396/1216/1491 388/1215/1483 386/1159/1481 395/1160/1492
f 397/1217/1493 394/1218/1494 388/1215/1483 396/1216/1491
f 398/1219/1495 393/1156/1496 394/1218/1494 397/1217/1493
f 387/1153/1484 388/1215/1483 394/1218/1494 390/1152/1497
f 390/1152/1497 394/1218/1494 393/1156/1496 389/1154/1498
g !BN_LBrow_3
f 2981/730/819 2956/643/721 2957/724/810 2958/731/820
g !BN_RToplid
f 374/1132/1499 380/1143/1500 379/609/1501 373/411/1502
g Bip001 Head
f 2019/203/210 1986/202/209 1987/1220/1503 2018/1221/1504
f 399/1222/1505 392/1155/1506 393/1156/1496 398/1219/1495
f 400/1174/1507 392/1155/1506 399/1222/1505 407/1223/1508
f 404/611/1509 391/612/1510 392/1155/1506 400/1174/1507
g !BN_RToplid
f 401/610/1511 379/609/1501 391/612/1510 404/611/1509
g Bip001 Head
f 1966/1224/1512 1963/216/1513 1964/217/1514 1965/1225/1515
g !BN_RToplid
f 328/410/636 373/411/1502 372/251/1516 573/252/1338
f 327/583/637 328/410/636 573/252/1338 326/1226/1517
f 311/1227/1518 356/581/634 327/583/637 313/1228/1519
f 314/126/1520 309/1050/1521 311/1227/1518 313/1228/1519
f 315/123/1522 308/1053/1523 309/1050/1521 314/126/1520
f 316/1068/1524 307/1229/1525 308/1053/1523 315/123/1522
g Bip001 Head
f 297/1052/1526 308/1053/1523 307/1229/1525 298/1208/1465
f 299/1207/1462 296/1209/1469 297/1052/1526 298/1208/1465
f 310/1051/1527 297/1052/1526 296/1209/1469 295/1119/1528
g !BN_RToplid
f 327/583/637 326/1226/1517 572/1230/1529 313/1228/1519
f 313/1228/1519 572/1230/1529 570/125/1530 314/126/1520
f 314/126/1520 570/125/1530 567/124/254 315/123/1522
g !BN_RTopLip_1
f 2013/1191/1531 2536/1231/1532 2538/1232/1533 2014/1194/1534
g !BN_RToplid
f 317/452/1451 306/579/1450 307/1229/1525 316/1068/1524
g Bip001 Head
f 298/1208/1465 307/1229/1525 306/579/1450 305/580/1449
f 295/1119/1528 296/1209/1469 294/1031/1468 293/171/176
f 293/171/176 351/170/175 350/1121/1535 295/1119/1528
f 359/282/1536 366/1138/1537 365/64/66 358/63/65
f 366/1138/1537 377/679/759 376/1149/1538 365/64/66
f 1226/1233/1539 1598/1234/1540 1599/708/796 1225/707/795
f 352/169/174 360/283/1476 359/282/1536 351/170/175
f 360/283/1476 367/1137/1478 366/1138/1537 359/282/1536
g !BN_LBrow_2
f 2933/702/790 2934/1235/1541 2932/975/1139 2931/699/787
g Bip001 Head
f 1540/1236/1542 1146/1237/1543 1149/1238/1544 1541/1239/1545
f 376/1149/1538 382/1148/1546 381/1144/1547 375/1133/1548
f 365/64/66 376/1149/1538 375/1133/1548 364/65/67
g !BN_Tingue_2
f 3190/1240/1549 3199/1241/1550 3198/1242/1551 3191/1243/1552
g Bip001 Head
f 1500/1244/1553 1501/431/1554 1499/1245/1555 1498/1246/1556
f 3688/136/1557 3701/1247/1558 3690/1248/1559 3689/135/1560
f 381/1144/1547 390/1152/1497 389/1154/1498 380/1143/1500
g !BN_RBottomLip_4
f 2511/1249/1561 2558/1250/1562 2557/1251/1563 2512/1252/1564
g Bip001 Head
f 357/66/68 364/65/67 363/582/635 356/581/634
f 312/1120/1565 357/66/68 356/581/634 311/1227/1518
f 312/1120/1565 311/1227/1518 309/1050/1521 310/1051/1527
f 1861/43/43 1926/1253/1566 1925/1254/1567 1862/44/44
g !BN_RToplid
f 324/450/1442 557/977/1568 559/979/1569 558/978/1421
g Bip001 Head
f 1079/1255/1570 1081/1256/1571 911/1257/1572 937/1258/1573
f 3926/1259/1574 3929/1260/1575 3928/1261/1576 3927/1262/1577
f 543/1263/1578 542/269/283 561/268/282
f 543/1263/1578 563/1264/255 542/269/283
g !BN_RToplid
f 325/451/1452 564/1176/1579 557/977/1568 324/450/1442
f 565/245/257 566/244/256 564/1176/1579 325/451/1452
f 570/125/1530 569/1265/1580 568/243/255 567/124/254
g !BN_LToplid
f 549/1131/1581 505/252/264 507/1226/1582
f 550/253/265 505/252/264 549/1131/1581
g !BN_RToplid
f 372/251/1516 402/250/1583 371/253/1339 573/252/1338
g Bip001 Head
f 3998/1266/1584 3912/1126/1585 3911/1127/1586 3910/1267/1587
f 407/1223/1508 408/1268/1588 406/1173/1589 400/1174/1507
f 4078/103/1590 4060/104/1591 4038/1269/1592 4079/484/1593
g !BN_LToplid
f 541/271/285 540/270/284 539/979/1143 430/978/1142
g Bip001 Head
f 543/269/1594 412/271/1413 560/270/1595
f 543/269/1594 561/268/282 412/271/1413
f 543/269/1596 562/1263/1597 561/268/282
f 563/1264/255 562/1263/1597 543/269/1596
f 933/1270/1598 914/1271/1599 915/1272/1600 889/1273/1601
g !BN_LToplid
f 546/243/255 522/124/126 523/245/1254 545/244/1602
f 548/1274/1603 520/1230/1604 521/125/127 547/1265/1605
f 549/1131/1581 507/1226/1582 520/1230/1604 548/1274/1603
g !BN_RToplid
f 326/1226/1517 573/252/1338 370/1131/1340
g Bip001 Head
f 459/1029/1208 462/1211/1606 461/1202/1607 452/1203/1608
g !BN_Tingue_2
f 3206/1275/1609 3201/1276/1610 3204/536/585 3205/946/1106
g Bip001 Head
f 2872/1277/1611 2869/1278/1612 2870/1279/1613 2871/1280/1614
f 2872/1277/1611 2794/1281/1615 2873/71/1616 2869/1278/1612
f 2873/71/1616 2794/1281/1615 2795/1282/1617 2796/74/1618
f 2797/52/52 2798/51/51 2796/74/1618 2795/1282/1617
f 2011/1221/1619 1995/1220/1620 1996/202/1621 2010/203/273
g Bip001 Ponytail11
f 2610/1283/1622 2609/1113/1306 2607/1116/1309 2608/1284/1623
g Bip001 Head
f 2809/1285/1624 2811/1286/1625 2810/1287/1626 2808/1288/1627
f 595/1287/1628 596/1289/1629 594/1286/1630
f 2810/1287/1626 2813/1289/1631 2843/1290/1632 2847/1291/1633
f 2845/1292/1634 2848/1293/1635 2847/1291/1633 2843/1290/1632
f 2844/1294/1636 2845/1292/1634 2843/1290/1632 2842/1295/1637
f 2844/1294/1636 2835/1296/1638 2833/1297/1639 2845/1292/1634
f 2835/1296/1638 2836/1298/1640 2834/1299/1641 2833/1297/1639
f 2853/1300/1642 2834/1299/1641 2836/1298/1640 2852/1301/1643
f 2852/1301/1643 2836/1298/1640 2837/1302/1644 2851/1303/1645
g Bip001 Ponytail21
f 2694/1304/1646 2693/1305/1647 2700/777/878 2695/1306/1648
g Bip001 Head
f 1168/1307/959 1160/1205/1649 1161/494/533 2765/1308/958
f 2866/1309/1650 2864/247/259 2859/246/258 2865/1310/1651
g !BN_Leye
f 3315/1311/1652 3319/1312/1653 3318/1313/1654 3314/1314/1655
g Bip001 Head
f 2870/1279/1613 2869/1278/1612 2867/1315/1656 2868/1316/1657
g !BN_Jaw
f 2196/1317/1658 2213/1318/1659 2212/315/334 2197/1319/1660
g !BN_RBottomLip_4
f 2086/53/53 2059/876/1661 2061/297/1662 2062/1320/1663
g !BN_Jaw
f 2137/301/319 2144/300/318 2143/895/1664 2138/1321/1665
g !BN_Tingue_3
f 3096/1161/1381 3078/1322/1666 3079/153/158 3095/152/157
g Bip001 Head
f 601/1297/1667 619/1323/1668 603/1299/1669
f 3752/1324/1670 3751/1325/1671 3750/215/222 3632/214/221
f 597/1291/1672 621/1326/1673 620/1293/1674
f 595/1287/1628 621/1326/1673 597/1291/1672
f 593/1288/1675 621/1326/1673 595/1287/1628
f 593/1288/1675 622/1048/1676 621/1326/1673
f 1345/1327/1677 1640/1328/133 2375/1329/1678 1343/1330/1679
f 587/1331/1680 623/1049/1681 589/795/1682
f 2026/833/1683 1979/834/1684 1971/107/109 1980/561/1685
g !BN_RBrow_2
f 1737/1332/1686 1716/1333/1687 1739/111/113 1738/1334/1688
g Bip001 Head
f 2335/1335/1689 2331/1336/1690 2332/789/1691 2303/1337/1692
f 2873/71/1616 2796/74/1618 2875/73/1693 2874/72/1694
f 2523/940/1099 2527/939/1098 2293/1338/1695 2524/1339/1696
f 624/49/1697 627/50/1698 621/1326/1673
f 2860/1340/1699 2876/1341/1700 2798/51/51 2800/50/50
g !BN_LBrow_2
f 2933/702/790 2972/701/789 2971/706/794 2935/1342/1701
g Bip001 Head
f 295/1119/1528 350/1121/1535 312/1120/1565 310/1051/1527
f 2853/1300/1642 2856/1343/1702 2855/1344/1703 2854/1345/1704
f 2856/1343/1702 2861/1346/1705 2860/1340/1699 2855/1344/1703
f 618/1345/1706 633/1340/1707 631/1344/1708
f 618/1345/1706 621/1326/1673 633/1340/1707
f 619/1323/1668 621/1326/1673 618/1345/1706
f 619/1323/1668 620/1293/1674 621/1326/1673
f 633/1340/1707 628/1341/1709 632/1346/1710
f 621/1326/1673 627/50/1698 633/1340/1707
f 1251/1347/1711 1392/1348/1712 1391/1349/1713 1253/1350/1714
g !BN_Leye
f 3287/1351/1715 3278/405/1716 3277/1151/1717 3286/422/1718
g Bip001 Head
f 2830/408/440 2831/1352/1719 2829/1353/1720 2828/1354/1721
f 2828/1354/1721 2829/1353/1720 2827/1355/1722 2826/1356/1723
g !BN_Jaw
f 2474/1357/1724 2469/1358/1725 2468/194/199 2473/285/1726
g Bip001 Head
f 2824/1359/1727 2825/1360/1728 2822/1141/1729 2823/1142/1730
f 2850/1139/1731 2823/1142/1730 2822/1141/1729 2821/1140/1732
f 1031/1361/1733 1033/1362/1734 1032/1363/1735 899/1364/1736
f 1922/1365/1737 1998/1366/1738 1997/201/1739 1921/1367/1740
f 429/1094/1285 443/1039/1224 442/1199/1741 428/1095/1286
f 2842/1295/1637 2840/1368/1742 2839/1369/1743 2844/1294/1636
f 2838/1370/1744 2824/1359/1727 2823/1142/1730 2837/1302/1644
g !BN_RBottomLip_1
f 2494/551/603 2263/550/602 3379/549/610 3378/552/1745
g Bip001 Head
f 2038/1371/1746 2778/389/415 2777/823/971 2037/848/970
f 2816/407/439 2832/714/802 2831/1352/1719 2830/408/440
f 368/524/1477 385/521/1482 378/676/756 367/1137/1478
f 428/1095/1286 450/1200/1747 419/1085/1274 426/184/1273
f 2792/1372/1748 2819/1373/1749 2818/1060/1245 2791/1059/1244
f 2793/1374/1750 2820/1375/1751 2819/1373/1749 2792/1372/1748
f 2788/1376/1752 2804/1377/1753 2795/1282/1617 2794/1281/1615
f 2787/796/902 2804/1377/1753 2788/1376/1752 2786/1378/1754
f 2787/796/902 2786/1378/1754 2784/1379/1755 2785/797/903
f 2786/1378/1754 2792/1372/1748 2791/1059/1244 2784/1379/1755
f 2788/1376/1752 2793/1374/1750 2792/1372/1748 2786/1378/1754
f 2784/1379/1755 2791/1059/1244 2790/715/803 2789/1380/1756
f 2812/1381/1757 2814/1382/1758 2811/1286/1625 2809/1285/1624
f 2814/1382/1758 2846/1383/1759 2813/1289/1631 2811/1286/1625
f 1442/1384/1760 1495/1385/1761 1497/1386/1762 1443/1387/1763
f 2789/1380/1756 2815/406/438 2814/1382/1758 2812/1381/1757
f 2679/1388/1764 2678/1389/1765 10/354/1766 785/1390/1767
g Bip001 Ponytail1
f 2678/1389/1765 15/375/1768 14/357/1769 10/354/1766
g !BN_RCheek_4
f 2362/1391/1770 1835/703/1771 1834/704/1772 2434/1392/1773
g Bip001 Ponytail11
f 25/380/403 18/367/405 20/364/1774 24/374/1775
g Bip001 Ponytail21
f 676/381/410 2682/380/1776 675/367/390
f 676/381/410 2684/382/409 2682/380/1776
g !BN_RBottomLip_4
f 2418/1393/1777 2472/1394/1778 2420/434/1779 2419/435/1780
g Bip001 Ponytail11
f 2603/1395/1781 27/396/426 17/383/425 2602/384/1782
f 2605/722/1783 22/369/424 27/396/426 2603/1395/1781
g Bip001 Ponytail21
f 677/383/407 681/369/392 679/396/1784
f 677/383/407 682/366/389 681/369/392
g Bip001 Ponytail11
f 19/366/427 18/367/405 16/381/404 17/383/425
g Bip001 Head
f 1648/428/460 1304/1196/1433 1301/1198/1435 1649/1107/1299
f 605/1301/1785 616/1396/1786 607/249/1787 606/1303/1788
f 2839/1369/1743 2826/1356/1723 2824/1359/1727 2838/1370/1744
f 785/1390/1767 10/354/1766 9/355/1789 783/1397/1790
f 783/1397/1790 9/355/1789 8/337/1791 7/338/1792
f 1210/310/1793 1674/1398/1794 1673/987/1150 1211/986/1149
f 1249/1189/1418 1393/437/1795 1392/1348/1712 1251/1347/1711
g Bip001 Ponytail1
f 9/355/1789 13/356/1796 12/352/1797 8/337/1791
g Bip001 Ponytail11
f 13/356/1796 21/365/1798 23/368/1799 12/352/1797
f 28/395/1308 23/368/1799 22/369/424 2605/722/1783
g !BN_Tingue_2
f 3225/144/149 3218/944/1104 3217/947/1107 3224/1399/1800
g !BN_LCheek_5
f 692/1400/1801 4156/1401/1802 1417/1402/1803
f 4136/1403/1804 1421/1404/1805 4156/1401/1802
f 4136/1403/1804 693/166/171 1421/1404/1805
g Bip001 Head
f 1042/1405/1806 4/1406/350 1/1407/342 1041/1408/1807
f 343/1080/1428 323/1065/1808 329/574/1404 330/571/1406
f 3352/1249/1809 3342/1409/1810 3330/1410/1811 3400/1411/1812
f 377/679/759 383/678/758 382/1148/1546 376/1149/1538
g !BN_RCheek_4
f 1835/703/1771 1817/58/1813 1833/11/11 1834/704/1772
g Bip001 Head
f 1003/442/1814 1004/1412/1815 1002/1413/1816 1001/441/1817
f 3849/190/1818 3840/1414/1819 3841/1415/1820 3848/193/1821
f 4069/212/535 4070/497/538 4065/1416/1822 4067/1417/1823
f 1862/44/44 1925/1254/1567 1924/1337/1824 1923/1418/1825
g !BN_Jaw
f 2402/1419/1826 2148/1318/1827 2149/1420/1828 2401/1421/1829
g Bip001 Head
f 3801/673/1830 3809/1259/1831 3803/1422/1832 3802/1423/1833
f 3636/1424/1834 3644/1425/1835 3643/1426/1836 3638/1427/1837
f 3795/1428/1838 3794/1429/1839 3792/96/98 3793/95/97
f 3813/1430/1840 3645/1431/1841 3700/1432/1842 3814/1433/1843
f 1629/229/1844 1631/1434/1845 1630/393/1846 1612/189/194
g !BN_RCheek_5
f 1276/340/361 1293/165/1847 1277/1435/1848 1269/1436/1849
g !BN_LCheek_4
f 1661/232/1850 1405/1437/1851 1403/1438/1852 1402/231/1853
g Bip001 Head
f 1888/680/1854 2041/1439/1855 2040/1440/1856 1948/1441/1857
g !BN_Tingue_3
f 3159/1442/1858 3155/1443/1859 3157/263/277 3158/1444/1860
g Bip001 Head
f 1968/1445/1861 1961/226/236 1962/225/235 1967/1446/1862
g !BN_Tingue_3
f 3192/1447/1863 3174/1448/1864 3175/1449/1865 3191/1243/1552
g Bip001 Head
f 924/1450/1866 931/1451/1867 930/1413/1868 922/441/473
g !BN_RBrow_3
f 1735/1452/1869 1717/1453/1870 1716/1333/1687 1737/1332/1686
g Bip001 Head
f 3752/1454/1670 3742/1455/1871 3741/487/523 3743/486/522
f 646/1142/1357 645/1141/1356 643/1360/1872 644/1359/1873
f 305/580/1449 345/292/1438 346/1187/1429 304/1186/1463
g !BN_RBottomLip_3
f 2473/285/1726 2468/194/199 2466/195/202 2421/284/1874
g Bip001 Head
f 4040/1456/1875 4036/1457/1876 4038/1269/1592 4039/1458/1877
g !BN_Leye
f 3290/641/1878 3283/640/1879 3282/476/510 3289/478/513
g Bip001 Head
f 375/1133/1548 381/1144/1547 380/1143/1500 374/1132/1499
f 2767/1459/1880 2760/792/899 2758/773/874 2766/515/953
g !BN_REye
f 3032/1460/1881 3042/1461/1882 3043/1462/1883 3031/1463/1884
g Bip001 Head
f 865/1464/1885 1044/1465/1886 1045/1466/1887 1047/1467/1888
g !BN_Jaw
f 2197/1319/1660 2212/315/334 2211/318/337 2198/1097/1889
g Bip001 Head
f 456/1208/1890 446/580/633 447/579/632 515/1229/1891
g !BN_Jaw
f 2182/1468/1892 2159/1469/1893 2152/34/1894 2160/1470/1895
g Bip001 Head
f 586/1377/1896 663/1376/1897 582/1281/1898 584/1282/1899
f 3957/646/724 3954/1471/1900 3955/39/39 3956/38/38
g !BN_Tingue_2
f 3189/1472/1901 3200/1473/1902 3199/1241/1550 3190/1240/1549
g Bip001 Head
f 1443/1387/1763 1436/1474/1903 1438/1475/1904 1442/1384/1760
g !BN_Tingue
f 3120/236/247 3129/1476/1905 3128/1477/1906 3119/237/248
g Bip001 Head
f 830/1478/1907 1023/1479/1908 828/1040/1909 829/1041/1910
g !BN_Tingue
f 3233/1480/1911 3137/1481/1912 3138/963/1126 3232/962/1125
g Bip001 Head
f 150/663/741 138/662/740 149/744/1212 3459/555/1190
f 2841/409/441 2830/408/440 2828/1354/1721 2840/1368/1742
f 4006/1482/1913 4001/907/1052 4002/1483/1914 4005/1484/1915
f 452/1203/1608 461/1202/1607 451/1201/1916 442/1199/1741
f 3511/950/1110 3519/1485/1146 3538/928/1148 3510/942/1101
f 4019/1486/526 4018/506/549 4016/534/1917 4017/1487/1918
g !BN_Jaw
f 3363/80/1919 3362/1488/1920 3360/1489/1921 3361/1490/1922
g Bip001 Head
f 152/756/1184 151/541/592 139/544/595 3456/661/739
g !BN_LBrow_3
f 1687/1453/1923 1666/1491/1924 1667/1492/1925 1686/1493/1926
g Bip001 Head
f 531/1149/1366 534/1133/1346 533/1144/1359 478/1148/1364
f 3780/1494/1927 3651/1495/1928 3650/842/962 3781/841/961
f 1037/1496/1929 1034/1497/1930 1028/1498/1931 1036/1499/1932
g !BN_REye
f 3030/477/571 3062/254/266 3013/476/716 3023/478/572
g Bip001 Head
f 530/1138/1353 470/1137/1352 468/283/297 528/282/296
f 3719/1500/1933 3723/1501/1934 3722/1502/1935 3720/1503/1936
f 138/662/740 3458/746/1189 137/745/1191 149/744/1212
f 1587/1112/1937 1180/1504/1938 1597/1/1 1588/1505/1939
g !BN_RBottomLip_4
f 1830/1506/1940 1806/606/1941 1808/1507/1942 1807/1508/1943
g Bip001 Head
f 421/1079/1267 415/574/625 409/573/624 414/1182/1403
f 665/1379/1944 664/1378/1945 588/796/1946 590/797/1947
f 1589/1509/1948 1582/1510/1949 1571/1111/1950 1588/1505/1939
g !BN_Tingue_3
f 3071/1511/1951 3078/1322/1666 3077/1512/1952 3072/1513/1953
f 3095/152/157 3112/1514/1954 3111/1162/1382 3096/1161/1381
g !BN_Jaw
f 2503/1072/1260 2449/1158/1376 2448/1515/1955 2501/1073/1261
g Bip001 Head
f 3801/673/1830 3831/674/1956 3833/1262/1957 3809/1259/1831
f 579/1278/1958 580/1277/1959 578/1280/1960 577/1279/1961
g !BN_RCheek_5
f 1319/164/1962 1324/1516/1963 1323/1517/1964 1320/167/1965
g Bip001 Head
f 490/1154/1372 488/1156/1374 486/1218/1966 489/1152/1370
g !BN_LCheek_4
f 2321/704/792 1771/1392/1967 2030/205/1968 2319/206/1969
g !BN_Jaw
f 2247/1518/1970 2284/1519/1971 2283/1520/1972 2246/1521/1973
g !BN_Tingue_3
f 3113/1522/1974 3143/1523/1975 3142/1524/1976 3112/1514/1954
g Bip001 Head
f 4124/870/1977 227/871/1038 226/896/1037 4126/897/1978
f 2706/775/876 2757/774/875 2712/771/872 2707/770/871
g !BN_Tingue
f 3087/1525/1979 3122/311/330 3121/314/333 3088/504/547
g Bip001 Head
f 516/1052/1237 456/1208/1890 515/1229/1891 512/1053/1238
g !BN_RBrow_4
f 78/636/1980 79/637/1981 36/639/620 34/638/616
g Bip001 Head
f 3530/919/1982 3532/934/1983 3531/936/1163 3509/943/1103
g !BN_RBrow_2
f 1125/1233/1984 1714/1526/1985 1713/619/682 1126/707/1986
g Bip001 Head
f 389/1154/1498 393/1156/1496 392/1155/1506 391/612/1510
g !BN_LCheek_5
f 1459/1527/1987 1461/1528/1988 1460/1517/1989 1458/1529/1990
g !BN_LTopLip_4
f 2337/1530/1991 2329/1531/1992 2331/1336/1690 2336/1532/1993
g Bip001 Head
f 2770/840/960 2767/1459/1880 2766/515/953 2769/516/952
f 1631/1434/1845 1629/229/1844 1626/230/1217 1625/475/1220
f 1216/1533/1994 1564/21/21 1215/24/24 1214/1534/1995
g !BN_LToplid
f 511/126/128 521/125/127 520/1230/1604 509/1228/1996
g Bip001 Head
f 3823/1535/1997 3797/1471/1998 3795/1428/1838 3764/1536/1999
f 1610/1537/2000 1470/1330/2001 1472/1327/2002 1475/530/577
g !BN_REye
f 3026/1538/2003 3021/1539/2004 3020/1540/2005 3025/1541/2006
g Bip001 Head
f 1584/348/2007 1599/708/796 1598/1234/1540 1585/351/2008
g !BN_LTopLip_4
f 2244/1101/1293 2279/1542/2009 2278/607/669 2243/1102/1294
g !BN_Leye
f 3284/1543/2010 3275/1544/2011 3282/476/510 3283/640/1879
g !BN_LCheek_4
f 1451/1545/2012 1399/1178/2013 1745/1179/2014 1746/1082/1270
g Bip001 Head
f 1357/1546/2015 1313/1547/2016 1312/1548/2017 1356/1549/2018
g !BN_Jaw
f 2194/299/1119 2170/298/1322 2171/301/2019 2193/300/1116
f 2136/298/316 2129/1550/2020 2128/33/33 2135/1125/2021
g Bip001 Head
f 556/1268/2022 501/1223/2023 502/1174/1394 555/1173/1393
f 1363/475/509 1364/1434/2024 1335/286/304 1333/289/307
f 1643/1385/2025 1641/1055/1240 1309/519/564 1307/1384/2026
g !BN_LCheek_4
f 1387/1551/2027 1376/1552/2028 1378/1553/2029 1377/597/657
g !BN_Tingue_3
f 3111/1162/1382 3244/1554/2030 3141/1555/2031 3110/1163/1383
g Bip001 Head
f 3717/1556/2032 3723/1501/1934 3719/1500/1933 3718/378/2033
g !BN_Tingue_2
f 3168/1078/1266 3176/1557/2034 3175/1449/1865 3169/1075/1263
g Bip001 Head
f 2310/1558/2035 2025/562/2036 2308/1559/2037 2309/1560/2038
g !BN_RTopLip_1
f 1910/218/2039 1988/1561/2040 1987/1220/1503 1964/217/1514
g Bip001 Head
f 1641/1055/1240 1490/1058/1243 1489/520/565 1309/519/564
g !BN_Tingue_2
f 3102/1562/2041 3105/1563/2042 3104/1564/2043 3083/156/161
g !BN_RTopLip_1
f 2534/1565/2044 2535/1566/2045 2533/1567/2046 2532/1568/2047
g Bip001 Head
f 941/1147/2048 938/1569/2049 1081/1256/1571 942/1146/2050
g !BN_Jaw
f 2107/1570/2051 2124/35/35 2123/34/34 2110/1470/2052
g !BN_Tingue_3
f 3069/1571/2053 3081/1572/2054 3080/154/159 3079/153/158
g Bip001 Head
f 1858/563/614 1928/562/613 1927/1559/2055 1859/602/2056
g !BN_LTopLip_4
f 2315/1573/2057 1777/1574/2058 1778/1063/1248 2317/9/2059
g Bip001 Head
f 3344/1575/2060 3359/1576/2061 3368/1577/2062 3367/1578/2063
f 595/1287/1628 594/1286/1630 592/1285/2064 593/1288/1675
g !BN_RBrow_2
f 112/665/1379 128/705/2065 111/706/2066 92/664/1380
g !BN_REye
f 2988/1579/2067 2986/388/414 2984/1580/2068 2987/1581/2069
g !BN_Jaw
f 2179/88/2070 2226/360/2071 2225/1582/2072 2177/87/2073
g Bip001 Head
f 1041/1408/1807 1044/1465/1886 1043/1583/2074 1042/1405/1806
f 2099/1584/2075 1933/1560/2076 1934/1558/2077 2100/1585/2078
f 2797/52/52 2803/1331/2079 2802/1049/1234 2799/49/49
g !BN_Tingue_3
f 3209/1586/2080 3196/1587/2081 3192/1447/1863 3197/1588/2082
g !BN_Jaw
f 2129/1550/2020 2122/1469/2083 2123/34/34 2128/33/33
g Bip001 Ponytail11
f 28/395/1308 11/353/1307 12/352/1797 23/368/1799
g Bip001 Head
f 2833/1297/1639 2849/1323/2084 2848/1293/1635 2845/1292/1634
f 2781/856/982 2722/862/991 2724/859/988 2780/857/983
g !BN_LBrow_2
f 2935/1342/1701 2946/682/763 2934/1235/1541 2933/702/790
g Bip001 Head
f 3689/135/1560 3789/1589/2085 3788/1590/2086 3692/68/70
f 579/1278/1958 577/1279/1961 613/1316/2087 612/1315/2088
g !BN_Tingue
f 3186/1591/2089 3179/1592/2090 3180/1593/2091 3185/1594/2092
g !BN_RBottomLip_4
f 2393/1595/2093 2077/1596/2094 2078/1597/2095 2079/960/2096
g Bip001 Head
f 1209/307/2097 1675/101/2098 1674/1398/1794 1210/310/1793
g Bip001 Ponytail11
f 2606/1598/2099 2605/1599/1783 2603/1600/1781 2604/1601/2100
g Bip001 Head
f 1177/1602/2101 1122/1603/2102 1182/1604/2103 1176/2/2
f 2562/1605/2104 2553/1165/2105 2554/1166/2106 2561/1606/2107
f 841/210/2108 1038/1607/2109 839/1608/2110 840/1609/2111
f 173/794/898 167/793/897 161/1610/2112 172/1611/2113
f 3601/743/833 282/742/605 281/745/608 3591/744/834
f 2282/1612/2114 2349/1613/2115 2348/1614/2116 2281/1615/2117
f 4139/468/2118 1506/467/2119 1505/466/2120 1257/469/2121
g !BN_RTopLip_1
f 2017/1616/2122 1988/1561/2040 1989/1192/1423 2016/1191/1422
g Bip001 Head
f 3594/738/827 3593/739/1197 3592/741/832 3600/740/831
g !BN_Leye
f 3263/1617/2123 3264/1618/2124 3262/85/87 3261/1619/2125
g Bip001 Head
f 517/1209/2126 460/1031/1211 454/1037/1222 455/1207/2127
g !BN_LToplid
f 431/1067/1252 440/453/487 439/291/309 432/290/308
g Bip001 Head
f 529/64/1337 535/65/1336 534/1133/1346 531/1149/1366
f 632/1346/1710 629/1620/2128 616/1396/1786 630/1343/2129
f 1591/1239/2130 1581/1621/2131 1582/1510/1949 1590/1622/2132
f 1311/512/555 1487/511/554 1485/1623/2133 1355/1624/2134
g Bip001 Ponytail21
f 679/396/1784 681/369/392 680/722/809 678/1395/2135
g !BN_Jaw
f 2412/1625/2136 2423/1626/2137 2422/1627/2138 2413/1582/2139
g Bip001 Head
f 3524/973/1133 3525/974/1155 3523/990/1154 3522/1628/1130
f 4096/1629/2140 4095/656/2141 4085/653/2142 4091/1630/2143
f 2564/304/2144 2541/1631/2145 2542/1070/1258 2545/1069/1257
f 888/1632/2146 951/1363/2147 952/1364/2148 939/1145/2149
f 1549/1633/2150 1128/709/2151 1509/1634/2152 1510/1635/2153
g !BN_Jaw
f 2178/90/2154 2172/1321/2155 2171/301/2019 2158/1636/2156
g Bip001 Head
f 3806/1637/2157 3841/1415/1820 3840/1414/1819 3837/1638/2158
g !BN_RBottomLip_1
f 2410/557/2159 2495/558/601 2424/1639/2160 2411/1640/2161
g !BN_RBottomLip_4
f 2061/297/1662 2068/296/1187 2067/295/1186 2063/294/2162
g !BN_Jaw
f 2207/1214/1480 2206/1099/1291 2204/1641/2163 2205/1184/1411
g Bip001 Head
f 1593/1642/2164 1206/1643/2165 1207/1644/2166 1594/1645/2167
f 286/1022/825 285/750/846 3599/753/849 3595/1021/826
g !BN_RBrow_1
f 1228/1646/2168 1122/1603/2102 1177/1602/2101 1227/1647/2169
g Bip001 Head
f 2842/1295/1637 2846/1383/1759 2841/409/441 2840/1368/1742
g !BN_Tingue_3
f 3169/1075/1263 3175/1449/1865 3174/1448/1864 3170/1648/2170
g !BN_Leye
f 3307/1461/2171 3308/1462/2172 3306/1649/2173 3305/1650/2174
g Bip001 Head
f 3964/647/725 3956/38/38 3962/37/37 3963/1651/2175
f 3797/1471/1998 3796/39/2176 3794/1429/1839 3795/1428/1838
f 2546/1027/1256 2553/1165/2105 2552/1652/2177 2545/1069/1257
f 525/1121/1314 526/170/299 524/171/1210 518/1119/1312
f 832/1653/2178 831/1654/2179 1023/1479/1908 830/1478/1907
f 3663/1655/2180 3618/1656/2181 3617/1657/2182 3624/1658/2183
f 720/1659/2184 694/324/2185 695/325/2186 1060/1660/2187
g !BN_RBottomLip_4
f 2100/1585/2078 2097/55/55 2098/54/54 2099/1584/2075
g Bip001 Head
f 831/1661/2179 1025/15/2188 1024/16/2189 1023/1662/1908
f 2789/1380/1756 2812/1381/1757 2785/797/903 2784/1379/1755
g !BN_RBottomLip_4
f 1806/606/1941 1812/607/2190 1811/1102/2191 1808/1507/1942
g Bip001 Head
f 1187/1307/2192 1186/1205/1460 1169/1204/1459 196/1663/2193
f 3784/179/2194 3794/1429/1839 3796/39/2176 3798/40/2195
g !BN_LTopLip_4
f 3402/1664/2196 3399/172/2197 3398/173/2198 3401/1665/2199
g !BN_Jaw
f 2139/1666/2200 2131/90/92 2130/1636/2201 2138/1321/1665
g !BN_LTopLip_4
f 2269/1667/465 3409/1668/2202 3410/1669/2203 3413/1670/466
g Bip001 Head
f 3528/951/1111 3511/950/1110 3510/942/1101 3529/941/1100
f 4037/1671/2204 4036/1457/1876 4034/1656/2205 4035/1657/2206
g !BN_Leye
f 3282/476/510 3275/1544/2011 3274/257/1485 3281/254/511
g Bip001 Head
f 1201/1672/2207 1206/1643/2165 1595/1237/2208 1199/1673/2209
g !BN_LCheek_2
f 1971/107/109 1979/834/1684 1972/1674/2210 1949/108/110
g Bip001 Head
f 7/338/1792 8/337/1791 6/336/2211 780/339/2212
f 3851/1675/2213 3698/1676/2214 3838/1677/2215 3839/1678/2216
g !BN_LBrow_3
f 2905/472/506 2889/471/505 2890/577/630 2904/600/661
g Bip001 Head
f 3494/616/679 3471/872/2217 3470/1679/2218 3493/617/680
g !BN_RBrow_4
f 1130/1680/2219 1710/1492/2220 1709/1681/2221 1131/140/2222
g Bip001 Head
f 581/71/73 582/1281/1898 580/1277/1959 579/1278/1958
g !BN_Tingue_2
f 3168/1078/1266 3178/1682/2223 3177/1683/2224 3176/1557/2034
g Bip001 Head
f 759/1042/1227 770/1684/2225 771/1609/2226 757/1685/2227
f 583/74/76 625/51/2228 585/52/2229 584/1282/1899
f 2874/72/1694 2867/1315/1656 2869/1278/1612 2873/71/1616
f 3897/1686/2230 3904/1687/2231 3995/1688/2232 3898/1689/2233
f 696/326/2234 695/325/2186 694/324/2185
f 696/326/2234 697/323/2235 695/325/2186
f 4/331/350 3/333/352 2/326/345 1/323/342
f 1051/332/2236 1050/331/2237 701/333/2238
f 699/1690/2239 694/324/2185 698/547/2240
f 699/1690/2239 696/326/2234 694/324/2185
f 3/333/352 862/1691/2241 861/1690/2242 2/326/345
f 700/1691/2243 1051/332/2236 701/333/2238
f 700/1691/2243 702/1692/2244 1051/332/2236
g !BN_RBottomLip_4
f 2073/148/2245 2427/1693/2246 2425/1694/2247 2072/1695/2248
g Bip001 Head
f 1047/1696/1888 792/547/599 861/1690/2242 865/1697/1885
f 1857/603/2249 1877/1698/2250 1876/564/615 1858/563/614
f 787/548/600 792/547/599 704/1699/2251 705/1700/2252
f 705/1700/2252 707/1701/2253 2679/1702/1764 787/548/600
g !BN_RCheek_2
f 2102/463/951 1936/834/950 1937/1674/2254 2103/1703/2255
g Bip001 Head
f 710/1704/2256 709/1705/2257 708/546/2258
g !BN_RCheek_4
f 2362/1391/1770 1836/1706/2259 1816/1707/2260 1835/703/1771
g Bip001 Head
f 782/1708/2261 783/1709/1790 7/1710/1792 781/1711/2262
f 714/1712/2263 712/1710/359 713/1711/2264
f 714/1712/2263 715/1713/360 712/1710/359
f 714/1712/2263 716/1714/2265 715/1713/360
f 717/1715/2266 716/1714/2265 714/1712/2263
f 717/1715/2266 843/1716/2267 716/1714/2265
f 718/1717/2268 843/1716/2267 717/1715/2266
f 775/1717/2269 776/1716/2270 773/1718/2271 774/1719/2272
f 791/1659/2273 793/324/343 786/546/598 784/1704/2274
g !BN_Jaw
f 2454/1665/2275 2463/915/2276 2462/8/2277 2452/173/178
g !BN_LCheek_4
f 1411/1720/2278 1412/28/28 1410/1721/2279 1450/1722/2280
g Bip001 Head
f 747/1723/2281 714/1712/2263 723/1724/2282
f 1017/1725/31 1010/443/2283 998/440/2284 815/1726/2285
f 723/1724/2282 724/176/2286 747/1723/2281
f 723/1724/2282 725/1727/2287 724/176/2286
f 788/1724/2288 802/1727/2289 881/781/883 789/916/2290
f 789/916/2290 881/781/883 799/780/882 797/917/2291
f 721/1728/2292 727/917/1067 722/916/1066
f 869/779/881 801/1729/2293 800/1730/2294 799/780/882
f 799/780/882 800/1730/2294 798/1731/2295 797/917/2291
f 727/917/1067 729/1732/2296 1063/1731/2297
f 797/917/2291 796/1732/2298 791/1659/2273 790/1728/2299
f 720/1659/2184 1060/1660/2187 729/1732/2296
f 791/1659/2273 795/1660/2300 794/325/344 793/324/343
f 732/1733/2301 731/1734/2302 730/1735/2303
f 868/1733/2304 870/1734/2305 801/1729/2293 869/779/881
f 869/779/881 871/782/884 867/1736/2306 868/1733/2304
f 730/1735/2303 734/1736/2307 732/1733/2301
f 735/1737/1112 734/1736/2307 730/1735/2303
f 3344/1575/2060 3345/1738/2308 3346/1739/2309 3359/1576/2061
f 1069/1740/1115 736/1741/2310 882/782/2311
f 804/119/121 892/1742/2312 881/781/883 802/1727/2289
f 1947/1743/2313 2039/1744/978 2038/1745/1746 1946/1054/2314
g !BN_Tingue_3
f 3211/1746/2315 3209/1586/2080 3197/1588/2082 3208/1747/2316
g Bip001 Head
f 926/1748/2317 742/460/494 932/1749/2318
f 743/461/495 742/460/494 926/1748/2317
f 806/459/2319 811/458/2320 810/461/2321 808/460/2322
f 805/120/122 812/32/32 811/458/2320 806/459/2319
f 724/176/2286 737/119/2323 746/29/2324
f 724/176/2286 725/1727/2287 737/119/2323
f 724/176/2286 748/177/2325 747/1723/2281
g !BN_RBottomLip_4
f 2082/958/2326 2425/1694/2247 2426/1750/2327 2390/1751/2328
g Bip001 Head
f 812/32/32 1017/31/31 815/1752/2285 811/458/2320
f 811/458/2320 815/1752/2285 996/1753/2329 810/461/2321
f 926/1748/2317 750/1753/2330 743/461/495
f 752/211/218 887/1607/2331 751/1754/2332
f 752/211/218 753/210/217 887/1607/2331
f 818/208/2333 819/211/2334 841/210/2108 823/209/2335
f 823/209/2335 1020/1755/2336 1019/1756/2337 818/208/2333
f 825/1685/2338 824/1757/396 1020/1755/2336 823/209/2335
f 827/1042/2339 826/1043/393 824/1757/396 825/1685/2338
f 829/1041/1910 828/1040/1909 826/1043/393 827/1042/2339
f 1583/1633/2340 1223/709/797 1599/708/796 1584/348/2007
f 960/1758/2341 764/1653/2342 961/1654/2343
f 960/1758/2341 765/1759/2344 764/1653/2342
f 766/1760/2345 765/1759/2344 960/1758/2341
f 1217/143/148 1669/19/2346 1668/1681/2347 1219/140/145
f 838/1684/2348 837/1761/2349 1037/1762/1929 836/1763/2350
g !BN_RCheek_1
f 1743/102/104 1702/101/103 1703/1398/2351 2034/1764/2352
g !BN_LCheek_1
f 1970/564/2353 1980/561/1685 1971/107/109 1951/110/112
g Bip001 Head
f 1200/1765/2354 1194/493/2355 1195/1766/2356 1202/1767/2357
f 825/1685/2338 840/1609/2111 838/1684/2348 827/1042/2339
f 827/1042/2339 838/1684/2348 836/1763/2350 829/1041/1910
f 829/1041/1910 836/1763/2350 835/1768/2358 830/1478/1907
f 830/1478/1907 835/1768/2358 833/1759/2359 832/1653/2178
f 853/1769/2360 845/1770/2361 844/1771/2362 719/1718/2363
f 773/1718/2271 2599/1714/2364 2601/1771/2365
f 776/1716/2270 2599/1714/2364 773/1718/2271
f 774/1719/2272 773/1718/2271 872/1769/2366
f 2358/1772/2367 2350/1773/2368 2351/1774/2369 2357/1775/2370
f 777/1723/2371 776/1716/2270 775/1717/2269
f 778/1715/2372 776/1716/2270 777/1723/2371
f 778/1715/2372 2599/1714/2364 776/1716/2270
f 779/1712/2373 2599/1714/2364 778/1715/2372
g !BN_LCheek_1
f 2047/1776/967 2048/1777/2374 1191/456/2375 1192/457/2376
g Bip001 Head
f 781/1711/2262 7/1710/1792 780/1713/2212
f 4050/1500/2377 4043/1503/2378 4032/1778/2379 4042/1502/2380
f 711/1708/2381 686/1709/2382 709/1705/2257 710/1704/2256
f 786/546/598 785/1705/1767 784/1704/2274
f 708/546/2258 709/1705/2257 2668/1702/2383 706/548/2384
f 777/1723/2371 779/1712/2373 778/1715/2372
f 788/1724/2288 779/1712/2373 777/1723/2371
f 723/1724/2282 714/1712/2263 713/1711/2264 722/916/1066
f 722/916/1066 713/1711/2264 711/1708/2381 721/1728/2292
f 721/1728/2292 711/1708/2381 710/1704/2256 720/1659/2184
f 706/548/2384 698/547/2240 694/324/2185 708/546/2258
f 791/1659/2273 796/1732/2298 795/1660/2300
f 797/917/2291 798/1731/2295 796/1732/2298
f 1209/307/2097 1208/308/2385 1207/1644/2166 1203/1779/2386
g !BN_LCheek_3
f 2319/206/1969 2029/207/2387 2316/1780/2388 2318/10/2389
g Bip001 Head
f 789/916/2290 797/917/2291 790/1728/2299
g !BN_Jaw
f 2479/1781/2390 2444/814/2391 2460/1782/2392 2469/1358/1725
g !BN_REye
f 3049/1311/2393 3028/1783/2394 3027/1784/2395 3031/1463/1884
g Bip001 Head
f 777/1723/2371 802/1727/2289 788/1724/2288
f 803/176/181 802/1727/2289 777/1723/2371
f 804/119/121 802/1727/2289 803/176/181
f 739/1785/2396 738/120/2397 737/119/2323 890/1742/2398
f 741/1786/2399 740/459/493 738/120/2397 739/1785/2396
f 932/1749/2318 742/460/494 740/459/493 741/1786/2399
f 808/460/2322 814/1748/2400 809/1749/2401
f 808/460/2322 810/461/2321 814/1748/2400
g !BN_RBrow_3
f 1129/1787/2402 1711/1491/2403 1710/1492/2220 1130/1680/2219
g Bip001 Head
f 469/1130/1332 479/1129/1331 465/1212/2404 466/1123/1317
f 746/29/2324 737/119/2323 738/120/2397 745/32/2405
f 804/119/121 803/176/181 813/29/29
f 810/461/2321 996/1753/2329 814/1748/2400
g !BN_Jaw
f 2110/1470/2052 2122/1469/2083 2121/89/91 2115/1468/2406
g Bip001 Head
f 3330/1410/1811 3342/1409/1810 3341/1788/2407 3331/1157/2408
f 745/32/2405 927/31/2409 916/30/2410 746/29/2324
f 746/29/2324 916/30/2410 748/177/2325 724/176/2286
f 777/1723/2371 817/177/182 803/176/181
f 754/208/215 747/1723/2281 748/177/2325 943/1756/2411
f 775/1717/2269 818/208/2333 777/1723/2371
f 847/1719/2412 718/1717/2268 754/208/215 752/211/218
f 820/1789/2413 819/211/2334 774/1719/2272
f 820/1789/2413 842/1754/2414 819/211/2334
f 875/807/914 842/1754/2414 820/1789/2413
f 875/807/914 821/806/913 842/1754/2414
f 856/807/2415 850/806/2416 848/805/2417 849/804/2418
f 822/1790/2419 901/805/912 877/804/911
f 4103/726/2420 4099/1791/2421 4101/1792/2422 4105/725/2423
g !BN_Jaw
f 2246/1521/1973 2283/1520/1972 2282/1612/2114 2245/1100/1292
g Bip001 Head
f 1383/1793/2424 1384/1794/2425 1382/1795/2426 1381/1796/2427
f 762/1479/2428 763/1478/2429 761/1041/1226 760/1040/1225
f 961/1654/2343 764/1653/2342 763/1478/2429 762/1479/2428
f 832/1653/2178 1035/1758/2430 831/1654/2179
f 833/1759/2359 1035/1758/2430 832/1653/2178
f 833/1759/2359 834/1760/2431 1035/1758/2430
f 964/1797/2432 767/1768/2433 765/1759/2344 766/1760/2345
f 768/1762/2434 769/1763/2435 767/1768/2433 964/1797/2432
f 4097/1798/2436 4093/1799/2437 4095/656/2141 4096/1629/2140
f 962/1608/2438 771/1609/2226 770/1684/2225 963/1761/2439
f 753/210/217 771/1609/2226 962/1608/2438 887/1607/2331
f 819/211/2334 1038/1607/2109 841/210/2108
f 819/211/2334 842/1754/2414 1038/1607/2109
g !BN_Leye
f 3298/1784/2440 3316/1783/2441 3315/1311/1652 3309/1463/2442
g Bip001 Head
f 2862/1620/2443 2875/73/1693 2876/1341/1700 2861/1346/1705
f 755/209/216 757/1685/2227 771/1609/2226 753/210/217
f 3898/1689/2233 3896/1800/2444 3895/1801/2445 3897/1686/2230
f 719/1718/2363 716/1714/2265 843/1716/2267
f 719/1718/2363 844/1771/2362 716/1714/2265
g !BN_RToplid
f 560/270/1595 412/271/1413 558/978/1421 559/979/1569
g Bip001 Head
f 872/1769/2366 2615/1770/2446 1107/1802/2447 772/1803/2448
g !BN_RBrow_1
f 2909/614/2449 2910/684/765 2881/591/650 2883/590/649
g Bip001 Head
f 754/208/215 718/1717/2268 747/1723/2281
f 853/1769/2360 719/1718/2363 847/1719/2412
f 849/804/2418 848/805/2417 1083/1790/2450
f 963/1761/2439 770/1684/2225 769/1763/2435 768/1762/2434
f 856/807/2415 751/1754/2332 850/806/2416
f 851/1789/2451 751/1754/2332 856/807/2415
f 851/1789/2451 752/211/218 751/1754/2332
f 851/1789/2451 847/1719/2412 752/211/218
f 874/1804/2452 820/1789/2413 774/1719/2272 873/1805/2453
f 852/1805/2454 853/1769/2360 847/1719/2412
f 852/1805/2454 854/1803/2455 853/1769/2360
f 852/1805/2454 886/1806/2456 854/1803/2455
f 852/1805/2454 855/1804/2457 886/1806/2456
f 856/807/2415 855/1804/2457 851/1789/2451
f 857/1807/2458 855/1804/2457 856/807/2415
f 3699/1808/2459 3698/1809/2214 3851/1810/2213 3697/1811/2460
f 859/1812/2461 858/1813/2462 857/1807/2458
f 859/1812/2461 860/1814/2463 858/1813/2462
f 859/1812/2461 1083/1790/2450 860/1814/2463
f 859/1812/2461 849/804/2418 1083/1790/2450
f 973/1815/2464 972/1258/2465 971/1816/2466 1112/1817/2467
f 793/324/343 861/1690/2242 792/547/599
f 2/326/345 861/1690/2242 793/324/343
f 3741/487/523 3740/1818/2468 3731/1269/2469 3739/484/520
f 863/332/351 862/1691/2241 3/333/352
f 864/1692/2470 862/1691/2241 863/332/351
f 699/1690/2239 703/1697/2471 702/1692/2244 700/1691/2243
f 3620/1778/2472 3722/1502/1935 3621/1819/2473 3619/1820/2474
f 704/1699/2251 1046/1821/2475 1053/1696/2476 698/547/2240
f 866/1740/2477 871/782/884 891/1741/2478
f 1069/1740/1115 882/782/2311 734/1736/2307 735/1737/1112
f 995/1735/2479 867/1736/2306 968/1737/2480
f 868/1733/2304 867/1736/2306 995/1735/2479
f 1444/1196/2481 1499/1245/1555 1501/431/1554 1502/428/2482
f 733/779/2483 882/782/2311 883/781/1069 726/780/1068
f 995/1735/2479 870/1734/2305 868/1733/2304
f 881/781/883 891/1741/2478 871/782/884
f 873/1805/2453 774/1719/2272 872/1769/2366
f 3920/1822/2484 3919/1823/2485 3939/1824/2486 3918/1825/2487
f 874/1804/2452 875/807/914 820/1789/2413
f 876/1807/2488 875/807/914 874/1804/2452
f 857/1807/2458 856/807/2415 849/804/2418 859/1812/2461
f 878/1812/2489 822/1790/2419 877/804/911
f 878/1812/2489 879/1814/204 822/1790/2419
f 878/1812/2489 880/1813/205 879/1814/204
f 876/1807/2488 880/1813/205 878/1812/2489
f 857/1807/2458 858/1813/2462 886/1806/2456 855/1804/2457
f 873/1805/2453 965/1806/2490 874/1804/2452
f 873/1805/2453 772/1803/2448 965/1806/2490
f 872/1769/2366 772/1803/2448 873/1805/2453
f 891/1741/2478 881/781/883 892/1742/2312
f 883/781/1069 736/1741/2310 890/1742/2398
f 883/781/1069 882/782/2311 736/1741/2310
f 885/1632/2491 842/1826/2414 884/1827/2492
f 886/1828/2456 1082/1816/2493 854/1829/2455
f 888/1632/2146 751/1826/2332 887/1830/2331
f 889/1273/1601 890/1831/2398 736/1832/2310
f 892/1831/2312 893/1273/2494 891/1832/2478
f 942/1146/2050 939/1145/2149 940/812/919 941/1147/2048
g !BN_Tingue_2
f 3166/1833/2495 3159/1442/1858 3158/1444/1860 3165/447/479
g Bip001 Head
f 3611/1799/2496 3627/1834/2497 3708/1835/2498 3609/1836/2499
f 908/1837/2500 848/1838/2417 850/1839/2416 907/1840/2501
f 822/1841/2419 902/1837/2502 901/1838/912
f 1040/196/203 902/1837/2502 822/1841/2419
f 907/1840/2501 909/199/2503 1084/196/2504 908/1837/2500
g !BN_RBottomLip_1
f 2173/1842/2505 2223/1640/2506 2222/557/609 2221/1843/2507
g Bip001 Head
f 1039/1844/2508 904/1845/2509 884/1827/2492
f 1079/1255/1570 1082/1816/2493 910/1844/2510 1080/1845/2511
f 821/1839/913 900/1840/2512 884/1827/2492 842/1826/2414
f 870/1846/2305 969/1847/2513 970/1848/2514 801/1849/2293
f 908/1837/2500 1083/1841/2450 848/1838/2417
f 908/1837/2500 1084/196/2504 1083/1841/2450
f 1407/1436/2515 1404/341/2516 1403/1438/1852 1405/1437/1851
f 1039/1844/2508 884/1827/2492 900/1840/2512 903/199/206
f 3932/1850/2517 3929/1260/1575 3874/1851/2518 3877/1430/2519
f 188/825/2520 178/826/943 171/787/906 177/799/905
g !BN_RBottomLip_3
f 2466/195/202 2465/7/201 2463/915/2276 2464/914/2521
g Bip001 Head
f 918/1852/2522 913/1853/2523 748/1854/2325
g !BN_Jaw
f 2416/1855/2524 2118/1856/2525 2119/1857/2526 2415/363/386
g Bip001 Head
f 1003/442/1814 1010/443/2283 1009/1858/2527 1005/1859/2528
f 1001/441/1817 998/440/2284 1010/443/2283 1003/442/1814
f 1001/441/1817 999/1450/2529 997/1860/2530 998/440/2284
f 925/1860/2531 926/1861/2317 924/1450/1866
f 925/1860/2531 750/1862/2330 926/1861/2317
f 1108/1347/2532 1727/437/469 1725/1188/2533 1109/1189/2534
f 816/1863/30 1009/1858/2527 1010/443/2283 1017/1725/31
f 1382/1795/2426 1428/1864/2535 1430/162/2536 1380/1865/2537
f 1005/1859/2528 1006/1866/2538 1004/1412/1815 1003/442/1814
f 519/1051/1236 518/1119/1312 517/1209/2126 516/1052/1237
f 1000/1451/2539 999/1450/2529 1001/441/1817 1002/1413/1816
f 926/1861/2317 931/1451/1867 924/1450/1866
f 932/1867/2318 931/1451/1867 926/1861/2317
f 1002/1413/1816 807/1868/2540 809/1867/2401 1000/1451/2539
f 1004/1412/1815 1011/1869/2541 807/1868/2540 1002/1413/1816
f 1006/1866/2538 892/1831/2312 1011/1869/2541 1004/1412/1815
f 889/1273/1601 928/1866/2542 890/1831/2398
f 1012/1271/2543 982/1270/2544 893/1273/2494 1007/1272/2545
f 1012/1271/2543 980/1870/2546 981/1871/2547 982/1270/2544
f 934/1870/2548 912/1872/2549 914/1271/1599
f 1013/1872/2550 975/1873/2551 977/1874/2552 980/1870/2546
f 936/1873/2553 911/1257/1572 912/1872/2549
f 937/1258/1573 911/1257/1572 936/1873/2553
f 905/1255/2554 972/1258/2465 1014/1257/2555 1015/1256/2556
f 938/1569/2049 911/1257/1572 1081/1256/1571
f 938/1569/2049 913/1853/2523 911/1257/1572
f 938/1569/2049 748/1854/2325 913/1853/2523
f 888/1632/2146 906/1827/2557 751/1826/2332
f 3572/874/1004 3561/873/1003 3563/1875/2558 3571/1876/2559
f 942/1146/2050 1081/1256/1571 906/1827/2557
f 1018/1569/2560 895/1147/1363 894/1146/1362 1015/1256/2556
f 941/1147/2048 748/1854/2325 938/1569/2049
f 941/1147/2048 943/1877/2411 748/1854/2325
f 1029/13/2561 1028/1498/1931 1034/1497/1930 1030/1878/2562
f 1030/1878/2562 1034/1497/1930 1033/1362/1734 1031/1361/1733
f 1031/1361/1733 899/1364/1736 898/372/395 1021/371/394
f 4053/1170/1390 4046/1879/2563 4045/1880/2564 4052/1167/1387
f 1029/13/2561 1024/16/2189 1025/15/2188 1026/14/2565
f 1029/13/2561 1026/14/2565 1027/1881/2566 1028/1498/1931
f 960/1882/2341 958/14/14 959/1881/2567
f 960/1882/2341 957/15/15 958/14/14
f 961/1661/2343 957/15/15 960/1882/2341
f 1257/469/2121 1505/466/2120 1504/1883/2568 1258/281/295
g Bip001 Ponytail1
f 2642/660/738 2629/659/737 2632/1088/1278 2638/1135/1348
g Bip001 Head
f 828/1884/1909 1022/1885/2569 1021/371/394 826/370/393
g !BN_LTopLip_4
f 1795/1886/2570 1791/1887/2571 1792/998/1165 1794/1888/2572
g Bip001 Head
f 824/373/396 898/372/395 897/812/1360 1020/813/2336
f 898/372/395 899/1364/1736 896/1145/1361 897/812/1360
f 885/1632/2491 896/1145/1361 899/1364/1736 1032/1363/1735
f 885/1632/2491 1032/1363/1735 839/1889/2110 1038/1830/2109
g Bip001 Ponytail11
f 2642/660/738 2640/1305/2573 2641/777/2574 2643/657/735
g Bip001 Head
f 837/1890/2349 1033/1362/1734 1034/1497/1930 1037/1496/1929
f 789/916/2290 781/1711/2262 779/1712/2373 788/1724/2288
f 766/1891/2345 960/1882/2341 959/1881/2567
f 971/1816/2466 965/1828/2490 772/1829/2448
f 966/954/2575 891/1832/2478 893/1273/2494
f 966/954/2575 866/955/2477 891/1832/2478
g !BN_LTopLip_4
f 4111/397/2576 4112/1892/2577 2270/399/2578 4109/398/2579
g Bip001 Head
f 967/953/2580 995/1893/2479 968/952/2480
f 967/953/2580 969/1847/2513 995/1893/2479
f 787/548/600 2679/1702/1764 785/1705/1767 786/546/598
g !BN_Jaw
f 2182/1468/1892 2181/1857/2581 2179/88/2070 2180/89/2582
g Bip001 Head
f 1107/1894/2447 971/1816/2466 772/1829/2448
f 1112/1817/2467 971/1816/2466 1107/1894/2447
f 212/868/1061 227/871/1038 4124/870/1977 4123/869/1012
f 1077/1815/783 937/1258/1573 936/1873/2553 1076/1895/2583
f 1076/1895/2583 936/1873/2553 935/1874/2584 1240/1896/2585
f 978/801/2586 977/1874/2552 976/1896/2587
f 979/802/2588 977/1874/2552 978/801/2586
f 1075/802/909 935/1874/2584 934/1870/2548 1074/1871/2589
g !BN_LTopLip_4
f 2328/788/2590 2333/790/2591 2332/789/1691 2329/1531/1992
g !BN_RCheek_5
f 2367/1897/2592 1837/1898/2593 2364/1899/2594 2366/1900/2595
g Bip001 Head
f 1072/809/916 933/1270/1598 889/1273/1601 1071/810/917
f 985/810/2596 986/811/2597 970/1848/2514
f 948/1878/2598 947/1497/2599 945/1498/2600 946/13/13
f 2647/1901/2601 844/1902/2362 2653/1903/2602 2652/1904/2603
g !BN_Tingue_3
f 3110/1163/1383 3141/1555/2031 3245/1905/1282 3109/1906/2604
g !BN_REye
f 3033/1907/2605 3042/1461/1882 3032/1460/1881 3026/1538/2003
g Bip001 Head
f 192/840/2606 197/839/2607 1189/837/2608 193/516/559
g !BN_RCheek_4
f 2573/1908/2609 2574/1909/2610 2577/1910/2611 2572/1911/2612
g !BN_Leye
f 3303/275/2613 3297/274/2614 3296/277/2615 3302/276/2616
g Bip001 Head
f 794/1912/344 989/1913/2617 994/1914/2618
f 1061/1915/2619 1060/1916/2187 695/1912/2186 1059/1913/2620
f 796/1917/2298 988/1915/2621 795/1916/2300
f 1062/808/915 1063/1918/2297 729/1917/2296 1061/1915/2619
g !BN_Tingue_3
f 3170/1648/2170 3174/1448/1864 3171/1919/2622 3163/1920/2623
g Bip001 Head
f 1066/1848/2624 728/1849/2625 1065/1921/2626 1064/811/918
f 1067/1847/2627 731/1846/2302 728/1849/2625 1066/1848/2624
f 870/1846/2305 995/1893/2479 969/1847/2513
f 996/1862/2329 997/1860/2530 814/1861/2400
f 923/440/472 749/1726/2628 750/1862/2330 925/1860/2531
g !BN_LBrow_3
f 2928/649/727 2921/633/706 2922/634/705 2927/644/722
g Bip001 Head
f 999/1450/2529 814/1861/2400 997/1860/2530
g !BN_RBottomLip_4
f 2393/1595/2093 2400/1922/2629 2394/1923/2630 2077/1596/2094
g Bip001 Head
f 922/441/473 930/1413/1868 929/1412/2631 920/442/474
f 889/1273/1601 915/1272/1600 919/1859/2632 928/1866/2542
f 917/1858/2633 919/1859/2632 915/1272/1600 918/1852/2522
f 741/1868/2399 930/1413/1868 931/1451/1867 932/1867/2318
g !BN_RToplid
f 404/611/1509 405/1172/2634 403/1171/2635 401/610/1511
g Bip001 Head
f 1000/1451/2539 814/1861/2400 999/1450/2529
f 1000/1451/2539 809/1867/2401 814/1861/2400
f 840/1609/2111 839/1608/2110 837/1761/2349 838/1684/2348
f 1968/1445/1861 1982/604/666 1969/603/665 1960/1924/2636
f 1006/1866/2538 893/1273/2494 892/1831/2312
g !BN_RBrow_1
f 48/588/646 62/587/677 46/585/639 47/584/638
g Bip001 Head
f 1013/1872/2550 980/1870/2546 1012/1271/2543
f 747/1723/2281 718/1717/2268 717/1715/2266 714/1712/2263
f 1014/1257/2555 975/1873/2551 1013/1872/2550
f 1014/1257/2555 972/1258/2465 975/1873/2551
f 400/1174/1507 406/1173/1589 405/1172/2634 404/611/1509
f 918/1852/2522 915/1272/1600 914/1271/1599 913/1853/2523
f 913/1853/2523 914/1271/1599 912/1872/2549 911/1257/1572
f 921/443/475 927/1725/2409 749/1726/2628 923/440/472
f 2635/1925/2637 2662/1136/2638 1493/1926/2639 1492/1927/1242
f 918/1852/2522 748/1854/2325 916/1863/2410 917/1858/2633
f 817/1854/182 1016/1853/2640 1008/1852/2641
f 1018/1569/2560 1016/1853/2640 817/1854/182
f 1018/1569/2560 1014/1257/2555 1016/1853/2640
f 1018/1569/2560 1015/1256/2556 1014/1257/2555
g !BN_Tingue_3
f 3193/1928/2642 3194/1929/2643 3172/1930/2644 3173/1931/2645
g Bip001 Head
f 817/1854/182 895/1147/1363 1018/1569/2560
f 1019/1877/2337 895/1147/1363 817/1854/182
f 940/812/919 944/813/922 943/1877/2411 941/1147/2048
g !BN_RBrow_3
f 79/637/1981 123/724/2646 39/723/626 36/639/620
g Bip001 Head
f 756/373/921 953/372/920 954/371/2647 758/370/1228
g !BN_Tingue_2
f 3206/1275/1609 3199/1241/1550 3200/1473/1902 3201/1276/1610
g Bip001 Head
f 760/1884/1225 955/1885/2648 956/16/16 762/1662/2428
f 762/1662/2428 956/16/16 957/15/15 961/1661/2343
f 1035/1882/2430 1025/15/2188 831/1661/2179
f 1035/1882/2430 1026/14/2565 1025/15/2188
f 1027/1881/2566 1026/14/2565 1035/1882/2430
f 1091/1349/2649 1728/438/470 1108/1347/2532 1092/1350/2650
f 946/13/13 956/16/16 955/1885/2648 948/1878/2598
f 948/1878/2598 955/1885/2648 954/371/2647 950/1361/2651
g !BN_LTopLip_4
f 1799/148/153 2275/1693/2652 2276/1506/2653 1800/149/154
g Bip001 Head
f 950/1361/2651 952/1364/2148 951/1363/2147 949/1362/2654
f 141/748/843 3455/747/845 140/542/593 151/541/592
g !BN_Tingue_2
f 3158/1444/1860 3145/1932/2655 3164/444/476 3165/447/479
g Bip001 Head
f 834/1891/2431 1027/1881/2566 1035/1882/2430
f 766/1891/2345 959/1881/2567 945/1498/2600 964/1499/2432
f 964/1499/2432 945/1498/2600 947/1497/2599 768/1496/2434
f 3820/1933/2656 3819/1118/1311 3817/1934/2657 3607/645/2658
f 963/1890/2439 949/1362/2654 951/1363/2147 962/1889/2438
f 3454/306/325 3441/305/324 3432/1565/2659 3431/1935/2660
g !BN_RBrow_3
f 1127/710/2661 1712/1936/2662 1711/1491/2403 1129/1787/2402
g Bip001 Head
f 942/1146/2050 906/1827/2557 888/1632/2146 939/1145/2149
g !BN_LTopLip_4
f 2326/54/2663 2334/1584/2664 2333/790/2591 2327/791/2665
g Bip001 Head
f 905/1255/2554 1015/1256/2556 904/1845/2509
f 905/1255/2554 971/1816/2466 972/1258/2465
f 1039/1844/2508 965/1828/2490 971/1816/2466
f 910/1844/2510 886/1828/2456 858/198/2462 909/199/2503
f 909/199/2503 858/198/2462 860/197/2463 1084/196/2504
f 1040/196/203 822/1841/2419 879/197/204
f 994/1914/2618 1/1407/342 794/1912/344
f 1041/1408/1807 1/1407/342 994/1914/2618
f 1050/1406/2237 1049/1405/2666 1048/1408/2667 697/1407/2235
f 1042/1405/1806 863/1937/351 4/1406/350
f 1042/1405/1806 1043/1583/2074 863/1937/351
f 1054/1465/2668 1048/1408/2667 1049/1405/2666 1055/1583/2669
f 1052/1466/2670 1056/1914/2671 1048/1408/2667 1054/1465/2668
f 1046/1938/2475 1045/1466/1887 993/1939/2672
f 1047/1467/1888 1045/1466/1887 1046/1938/2475
f 1054/1465/2668 703/1464/2471 1053/1467/2476 1052/1466/2670
f 901/1838/912 902/1837/2502 900/1840/2512 821/1839/913
f 864/1940/2470 863/1937/351 1043/1583/2074
f 697/1407/2235 1056/1914/2671 695/1912/2186
f 697/1407/2235 1048/1408/2667 1056/1914/2671
g !BN_LCheek_5
f 693/166/171 1422/1941/2673 1420/413/445 1421/1404/1805
g Bip001 Head
f 1050/1406/2237 1051/1937/2236 1049/1405/2666
f 1052/1466/2670 1046/1938/2475 993/1939/2672
f 1052/1466/2670 1053/1467/2476 1046/1938/2475
f 4103/726/2420 4063/449/483 4064/1942/2674 4065/1416/1822
f 864/1940/2470 1043/1583/2074 1044/1465/1886 865/1464/1885
f 1055/1583/2669 1051/1937/2236 702/1940/2244
f 1055/1583/2669 1049/1405/2666 1051/1937/2236
g !BN_Jaw
f 2486/1943/2675 2446/82/84 2443/816/2676 2485/817/2677
g !BN_RBottomLip_4
f 2054/9/9 2430/12/12 2056/1062/2678 2055/1063/2679
g Bip001 Head
f 993/1939/2672 1045/1466/1887 994/1914/2618 991/800/2680
f 994/1914/2618 989/1913/2617 990/803/2681 991/800/2680
f 1059/1913/2620 695/1912/2186 1056/1914/2671
f 1061/1915/2619 729/1917/2296 1060/1916/2187
f 3593/1020/1197 3599/753/849 284/1018/2682 3592/1019/832
f 800/1921/2294 986/811/2597 987/808/2683 798/1918/2295
f 758/370/1228 954/371/2647 955/1885/2648 760/1884/1225
f 2563/1739/2684 2552/1652/2177 2553/1165/2105 2562/1605/2104
f 1067/1847/2627 730/1893/2303 731/1846/2302
f 736/1832/2310 1068/954/1114 889/1273/1601
f 1069/955/1115 1068/954/1114 736/1832/2310
f 967/953/2580 968/952/2480 866/955/2477 966/954/2575
f 730/1893/2303 1070/953/1113 735/952/1112
f 1067/1847/2627 1070/953/1113 730/1893/2303
f 966/954/2575 970/1848/2514 969/1847/2513 967/953/2580
f 985/810/2596 970/1848/2514 966/954/2575 893/1273/2494
f 1064/811/918 1071/810/917 1066/1848/2624
f 984/809/2685 987/808/2683 986/811/2597 985/810/2596
f 983/1944/2686 988/1915/2621 987/808/2683 984/809/2685
f 983/1944/2686 990/803/2681 989/1913/2617 988/1915/2621
f 979/802/2588 990/803/2681 983/1944/2686 981/1871/2547
f 978/801/2586 991/800/2680 990/803/2681 979/802/2588
f 993/1939/2672 991/800/2680 978/801/2586 992/1945/2687
f 4090/1818/2688 4038/1269/1592 4036/1457/1876 4037/1671/2204
f 984/809/2685 982/1270/2544 981/1871/2547 983/1944/2686
f 1445/1946/2689 1426/545/597 1427/1947/2690 1428/1864/2535
f 1238/801/908 935/1874/2584 1075/802/909
f 1240/1896/2585 935/1874/2584 1238/801/908
g !BN_RCheek_4
f 1747/1948/2691 1088/1949/2692 1086/1950/2693 2575/1951/2694
g Bip001 Head
f 1078/1817/782 937/1258/1573 1077/1815/783
f 1079/1255/1570 937/1258/1573 1078/1817/782
f 1079/1255/1570 1080/1845/2511 1081/1256/1571
g !BN_LCheek_4
f 1400/1952/2695 1399/1178/2013 1451/1545/2012 1450/1722/2280
g Bip001 Head
f 906/1827/2557 1080/1845/2511 910/1844/2510
f 906/1827/2557 1081/1256/1571 1080/1845/2511
f 910/1844/2510 1082/1816/2493 886/1828/2456
f 1078/1817/782 1082/1816/2493 1079/1255/1570
f 1078/1817/782 854/1829/2455 1082/1816/2493
f 1078/1817/782 846/1894/2696 854/1829/2455
f 1084/196/2504 860/197/2463 1083/1841/2450
g !BN_RBrow_1
f 98/592/2697 106/591/779 50/590/647 49/589/645
g !BN_RCheek_4
f 1085/1953/2698 2576/1954/2699 1086/1950/2693
f 1085/1953/2698 2582/1955/2700 2576/1954/2699
f 1086/1950/2693 2580/1956/2701 1085/1953/2698
f 1086/1950/2693 1087/1552/2702 2580/1956/2701
g !BN_LCheek_4
f 1761/1950/2703 1376/1552/2028 1387/1551/2027 1388/1949/2704
g !BN_RCheek_4
f 1090/1957/2705 1089/1551/2706 1088/1949/2692
f 1090/1957/2705 2569/1958/2707 1089/1551/2706
g Bip001 Head
f 4146/1958/2708 1254/1959/2709 1252/280/294 1253/1350/1714
f 3931/1960/2710 3933/1961/2711 3921/1962/2712 3928/1261/1576
g !BN_RCheek_4
f 1094/1963/2713 2594/334/2714 2595/1964/2715
f 1094/1963/2713 1095/468/502 2594/334/2714
g Bip001 Head
f 2858/249/261 2863/248/260 2862/1620/2443 2857/1396/2716
g !BN_RCheek_4
f 1095/468/502 1096/467/501 2592/334/2717
g Bip001 Head
f 1258/281/295 1252/280/294 1254/1959/2709 1257/469/2121
f 2309/1560/2038 2308/1559/2037 2306/43/2718 2307/1253/2719
g !BN_Jaw
f 2180/89/2582 2179/88/2070 2177/87/2073 2178/90/2154
g Bip001 Head
f 1253/1350/1714 1252/280/294 1250/279/293 1251/1347/1711
f 287/1023/2720 3597/751/847 285/750/846 286/1022/825
g !BN_Tingue_2
f 3072/1513/1953 3075/328/347 3074/1965/2721 3073/1966/2722
g Bip001 Head
f 1244/1967/2723 1245/1968/2724 846/1969/2696 1078/695/782
f 994/1914/2618 1045/1466/1887 1044/1465/1886 1041/1408/1807
g !BN_LBrow_3
f 1242/697/784 1077/696/783 1076/1970/2583 1241/1971/2725
g Bip001 Head
f 1115/1971/2726 976/1972/2587 974/1970/2727
g !BN_LBrow_2
f 1692/1973/2728 1241/1971/2725 1240/1972/2585 1239/1974/2729
g Bip001 Head
f 1116/1974/2730 978/1975/2586 976/1972/2587
g !BN_LBrow_2
f 1691/1334/2731 1239/1974/2729 1238/1975/908 1237/1976/2732
g Bip001 Head
f 1237/1976/2732 1238/1975/908 992/1977/2687 1236/1978/2733
g !BN_LTopLip_4
f 3414/1979/2734 3424/1980/2735 3415/1981/2736 3408/1982/2737
g !BN_RBrow_1
f 1233/113/382 1232/359/381 1231/1983/2738 1230/620/2739
f 1120/620/683 1229/1984/2740 1231/1983/2738
f 1663/1526/2741 1230/620/2739 1229/1984/2740 1228/1646/2168
f 1121/1646/2742 1122/1603/2102 1229/1984/2740
g !BN_Tingue_3
f 3098/1985/2743 3076/329/348 3077/1512/1952 3097/1164/1384
g Bip001 Head
f 1227/1647/2169 1181/1986/2744 1598/1234/1540 1226/1233/1539
f 2806/1048/1233 2801/1326/2745 2799/49/49 2802/1049/1234
f 1594/1645/2167 1556/1987/2746 1579/1988/2747 1580/1989/2748
g !BN_RBottomLip_4
f 2392/961/2749 2399/266/2750 2393/1595/2093 2079/960/2096
g Bip001 Head
f 1222/1787/2751 1221/1634/2752 1569/1990/2753 1220/1680/2754
g !BN_LBrow_2
f 2980/732/821 2960/720/807 2963/416/448 2979/415/447
g Bip001 Head
f 260/970/1136 261/969/1135 255/966/2755 259/967/2756
f 1030/1878/2562 1022/1885/2569 1024/16/2189 1029/13/2561
f 1214/1534/1995 1215/24/24 1213/1991/2757 1212/988/1152
g Bip001 Ponytail11
f 23/368/1799 21/365/1798 19/366/427 22/369/424
g !BN_LBrow_3
f 2961/721/808 2960/720/807 2958/731/820 2959/1992/631
g Bip001 Head
f 1210/310/1793 1558/309/2758 1208/308/2385 1209/307/2097
f 3553/762/2759 3557/500/543 3556/503/546 3554/1993/2760
g !BN_LBrow_3
f 1688/1333/2761 1665/1936/2762 1666/1491/1924 1687/1453/1923
g !BN_RBottomLip_4
f 2069/151/2763 2071/1015/1188 2068/296/1187 2060/875/2764
g Bip001 Head
f 2310/1558/2035 2026/833/1683 1980/561/1685 2025/562/2036
f 1148/344/2765 1151/345/2766 1150/1994/2767
g !BN_Jaw
f 2139/1666/2200 2142/894/2768 2141/1842/2769 2140/1995/2770
g Bip001 Head
f 1152/347/2771 1154/495/534 1153/346/2772
f 1198/347/368 1193/495/2773 1194/493/2355 1200/1765/2354
f 1195/1766/2356 1677/99/2774 1204/100/2775 1202/1767/2357
g !BN_RBrow_2
f 66/621/2776 61/613/2777 62/587/677 65/622/2778
g Bip001 Head
f 1130/1680/2219 1511/1990/2779 1509/1634/2152 1129/1787/2402
f 1152/347/2771 1147/1673/2780 1155/1765/2781
f 1152/347/2771 1148/344/2765 1147/1673/2780
f 1188/494/2782 1193/495/2773 1184/346/367 1186/1205/1460
f 1190/455/2783 1194/493/2355 1193/495/2773 1188/494/2782
g !BN_LTopLip_4
f 1796/1597/2784 2272/960/1123 2273/959/1122 1797/1014/2785
g !BN_LCheek_1
f 1196/1996/2786 1677/99/2774 1195/1766/2356 1191/456/2375
g !BN_RCheek_1
f 1164/1996/2787 1165/1777/2788 1163/456/490
g Bip001 Head
f 1944/904/2789 2036/1997/969 2717/1998/940 1943/1999/2790
f 1192/457/2376 1191/456/2375 1190/455/2783 197/454/2607
f 197/454/2607 1190/455/2783 1188/494/2782 1189/1308/2608
f 1189/1308/2608 1188/494/2782 1186/1205/1460 1187/1307/2192
g !BN_RBottomLip_1
f 2403/2000/2791 2255/2001/2792 2256/2002/2793 2404/2003/2794
g !BN_RBottomLip_4
f 2075/1888/2795 2065/998/2796 2066/1887/2797 2076/1886/2798
g Bip001 Head
f 1185/1206/1461 1184/346/367 1183/345/366 1170/2004/2799
f 1170/2004/2799 1150/1994/2767 1151/345/2766
f 1171/2005/2800 1150/1994/2767 1170/2004/2799
f 1171/2005/2800 1178/1994/2801 1596/2006/2802 1175/3/3
f 1182/1604/2103 1172/3/2803 1171/2005/2800
f 1555/2006/2804 1172/3/2803 1554/4/2805
f 1016/1853/2640 1012/1271/2543 1007/1272/2545 1008/1852/2641
f 1172/3/2803 1182/1604/2103 1174/2/2806
f 1176/2/2 1182/1604/2103 1175/3/3
f 1174/2/2806 1182/1604/2103 1122/1603/2102 1124/1602/2807
f 3761/2007/2808 3714/1880/2809 3710/1167/2810 3713/2008/2811
f 1179/4/4 1175/3/3 1596/2006/2802
f 1554/4/2805 1172/3/2803 1174/2/2806 1553/1/2812
f 1553/1/2812 1174/2/2806 1124/1602/2807 1173/1504/2813
f 1173/1504/2813 1124/1602/2807 1123/1647/2814 1552/1986/2815
f 1171/2005/2800 1175/3/3 1182/1604/2103
f 1170/2004/2799 1178/1994/2801 1171/2005/2800
f 1170/2004/2799 1183/345/366 1178/1994/2801
f 442/1199/1741 451/1201/1916 450/1200/1747 428/1095/1286
g !BN_Jaw
f 2180/89/2582 2158/1636/2156 2150/1550/2816 2159/1469/1893
f 3335/1122/2817 3336/2009/2818 3343/2010/2819 3365/219/227
g !BN_RCheek_1
f 1167/457/491 1163/456/490 1165/1777/2788 1166/1776/2820
g Bip001 Head
f 2509/1788/2821 2505/1157/1375 2503/1072/1260 2504/1071/1259
g !BN_Tingue_3
f 3161/1076/1264 3154/2011/2822 3155/1443/1859 3160/2012/2823
g Bip001 Head
f 1158/1766/2824 1163/456/490 1162/455/489 1156/493/532
f 3864/2013/2825 4108/2014/2826 3912/1126/1585 3998/1266/1584
g !BN_LCheek_1
f 2048/1777/2374 1196/1996/2786 1191/456/2375
g Bip001 Head
f 1198/347/368 1199/1673/2209 1197/344/365
f 1200/1765/2354 1199/1673/2209 1198/347/368
f 1155/1765/2781 1147/1673/2780 1144/1672/2827 1157/1767/2828
f 1157/1767/2828 1144/1672/2827 1142/1779/2829 1159/100/102
f 259/967/2756 255/966/2755 253/949/2830 258/968/2831
f 1157/1767/2828 1158/1766/2824 1156/493/532 1155/1765/2781
f 1198/347/368 1184/346/367 1193/495/2773
f 1152/347/2771 1153/346/2772 1151/345/2766 1148/344/2765
f 1197/344/365 1178/1994/2801 1183/345/366
f 1148/344/2765 1150/1994/2767 1555/2006/2804 1149/1238/1544
f 1148/344/2765 1149/1238/1544 1146/1237/1543 1147/1673/2780
f 1147/1673/2780 1146/1237/1543 1145/1643/2832 1144/1672/2827
f 1144/1672/2827 1145/1643/2832 1143/1644/2833 1142/1779/2829
f 1142/1779/2829 1143/1644/2833 1524/308/327 1141/307/326
g !BN_RBottomLip_1
f 2195/1124/1320 2216/2003/2834 2215/2000/2835 2196/1317/1658
g Bip001 Head
f 1140/310/329 1139/309/328 1522/2015/2836 1138/986/2837
f 1138/986/2837 1522/2015/2836 1519/1991/2838 1137/988/2839
g !BN_RBrow_1
f 2943/592/651 2952/693/776 2950/688/2840 2951/671/2841
g Bip001 Head
f 1136/1534/2842 1517/24/2843 1134/21/2844 1135/1533/2845
f 1135/1533/2845 1134/21/2844 1514/142/2846 1133/143/2847
f 1133/143/2847 1514/142/2846 1132/141/2848 1131/140/2222
f 1131/140/2222 1132/141/2848 1511/1990/2779 1130/1680/2219
g !BN_REye
f 3062/254/266 3003/257/269 3002/1544/2849 3013/476/716
g Bip001 Head
f 1129/1787/2402 1509/1634/2152 1128/709/2151 1127/710/2661
f 1127/710/2661 1128/709/2151 1550/708/2850 1126/707/1986
f 1126/707/1986 1550/708/2850 1551/1234/2851 1125/1233/1984
g !BN_RBrow_1
f 1123/1647/2814 1124/1602/2807 1122/1603/2102 1121/1646/2742
f 1228/1646/2168 1229/1984/2740 1122/1603/2102
g Bip001 Head
f 2745/784/886 2733/908/1056 2741/893/1031 2746/890/1030
g !BN_RBrow_1
f 1230/620/2739 1231/1983/2738 1229/1984/2740
g Bip001 Head
f 1058/803/910 1073/1944/2852 1061/1915/2619 1059/1913/2620
g !BN_RBrow_2
f 1119/113/115 1232/359/381 1234/358/380 1118/114/116
f 1118/114/116 1234/358/380 1236/1978/2733 1117/1976/2853
g Bip001 Head
f 1380/1865/2537 1430/162/2536 1432/163/2854 1379/1198/2855
f 1239/1974/2729 1240/1972/2585 1238/1975/908
f 1241/1971/2725 1076/1970/2583 1240/1972/2585
f 3872/1415/2856 3859/193/198 3865/127/2857 3871/128/2858
f 1114/697/2859 973/696/2464 1112/695/2467 1113/694/2860
g !BN_RBrow_4
f 1740/691/2861 1113/694/2860 1112/695/2467 1111/1967/2862
g !BN_RBrow_2
f 65/622/2778 90/681/2863 101/682/2864 66/621/2776
g Bip001 Head
f 1111/1967/2862 1106/1968/2865 1104/624/2866 1110/1190/2867
f 1110/1190/2867 1104/624/2866 1102/625/2868 1109/1189/2534
f 1109/1189/2534 1102/625/2868 1100/279/2869 1108/1347/2532
f 4146/1958/2708 1255/1963/2870 1254/1959/2709
g !BN_LCheek_4
f 4145/1964/2871 1255/1963/2870 4146/1958/2708
f 4145/1964/2871 4143/334/2872 1255/1963/2870
f 4139/468/2118 1255/1963/2870 1256/334/2873
g Bip001 Head
f 1093/1959/2874 1097/469/503 1095/468/502 1094/1963/2713
f 1100/279/2869 1101/278/1300 1099/281/2875 1098/280/2876
f 1102/625/2868 1103/429/461 1101/278/1300 1100/279/2869
f 1104/624/2866 1105/430/462 1103/429/461 1102/625/2868
f 1106/1968/2865 2614/2016/2877 1105/430/462 1104/624/2866
f 1107/1969/2447 2615/2017/2446 2614/2016/2877 1106/1968/2865
g !BN_RCheek_4
f 1758/2018/2878 1756/2018/2879 1757/2019/2880
f 1758/2018/2878 1759/2020/2881 1756/2018/2879
f 1760/2018/2882 1754/2020/2883 1759/2020/2881
f 1760/2018/2882 1374/2021/2884 1754/2020/2883
f 2598/2020/2885 1759/2020/2881 1754/2020/2883
f 2598/2020/2885 1262/2020/2886 1759/2020/2881
f 1263/2019/2887 1757/2019/2880 1262/2020/2886
f 1264/232/243 1757/2019/2880 1263/2019/2887
f 1264/232/243 1373/1437/2888 1757/2019/2880
g Bip001 Head
f 2006/2022/2889 2000/1335/2890 2001/1532/2891 2005/2023/2892
g !BN_LCheek_4
f 1403/1438/1852 1765/2024/2893 1655/1908/2894 1402/231/1853
g !BN_RCheek_4
f 1267/234/245 1268/1952/2895 2575/1951/2694
f 1267/234/245 2596/233/244 1268/1952/2895
g !BN_LCheek_4
f 1661/232/1850 1402/231/1853 1401/234/2896 1406/233/2897
g Bip001 Head
f 1373/1437/2888 1269/1436/1849 1372/2025/2898
f 1448/342/658 1765/2024/2893 1403/1438/1852 1404/341/2516
g !BN_RCheek_4
f 1272/1553/2899 1271/342/363 2585/2024/2900
f 1273/597/2901 1271/342/363 1272/1553/2899
g Bip001 Head
f 2775/799/937 2730/786/891 2753/787/890 2773/826/938
f 1448/342/658 1404/341/2516 1408/340/596 1447/343/655
f 1276/340/361 1269/1436/1849 1270/341/362
g !BN_LCheek_5
f 1409/1435/2902 1423/165/170 1408/340/596 1407/1436/2515
g Bip001 Head
f 1277/1435/1848 1372/2025/2898 1269/1436/1849
g !BN_RCheek_4
f 1278/1721/2903 1372/2025/2898 1277/1435/1848
f 1278/1721/2903 1279/1722/2904 1372/2025/2898
g Bip001 Head
f 2359/2026/2905 2349/1613/2115 2350/1773/2368 2358/1772/2367
g !BN_LCheek_4
f 1452/1081/1269 1413/850/2906 1412/28/28 1411/1720/2278
g !BN_LCheek_5
f 4137/849/2907 1414/25/25 1412/28/28 1413/850/2906
f 1416/2027/2908 1415/2028/2909 1414/25/25 4137/849/2907
g !BN_RCheek_5
f 1284/2028/2910 2589/1402/2911 2880/2027/2912
f 1284/2028/2910 1285/414/2913 2589/1402/2911
g !BN_LCheek_5
f 1418/26/26 1414/25/25 1415/2028/2909 4155/414/446
g Bip001 Head
f 3803/1422/1832 3809/1259/1831 3808/1260/2914 3807/2029/2915
f 1645/1386/2916 1305/1387/2917 1304/1196/1433 1646/1245/2918
f 798/1918/2295 987/808/2683 988/1915/2621 796/1917/2298
g !BN_RCheek_5
f 1278/1721/2903 1290/27/1018 1281/28/975
g Bip001 Head
f 1359/2030/2919 1328/1044/1319 1327/1045/2920 1358/2031/2921
g !BN_Tingue_3
f 3171/1919/2622 3173/1931/2645 3172/1930/2644 3150/2032/2922
g !BN_LCheek_5
f 1409/1435/2902 1422/1941/2673 693/166/171 1423/165/170
g !BN_Tingue
f 3104/1564/2043 3248/2033/1127 3138/2034/1126 3103/2035/2923
g !BN_Tingue_2
f 3164/444/476 3146/2036/2924 3147/2037/2925 3182/445/477
g !BN_Tingue_3
f 3091/2038/2926 3116/2039/2927 3115/2040/2928 3092/2041/2929
g Bip001 Head
f 1299/1796/2930 1300/1865/2931 1298/1795/2932
f 3484/1007/1180 3474/1875/2933 3476/2042/2934 3483/1005/2935
f 536/66/1327 499/581/1333 497/582/1335 535/65/1336
f 1379/1198/2855 1432/163/2854 1434/1197/2936 1444/1196/2481
g !BN_LTopLip_4
f 2189/2043/2937 2233/2044/2938 2232/432/464 2231/435/467
g !BN_Tingue_2
f 3068/2045/2939 3082/755/851 3081/1572/2054 3069/1571/2053
g Bip001 Head
f 1442/1384/1760 1438/1475/1904 1440/509/2940 1441/519/2941
f 1440/509/2940 1438/1475/1904 1437/1548/2942 1439/512/2943
f 1604/1546/2944 1435/1547/2945 1433/2046/2946 1603/2031/2947
f 1435/1547/2945 1436/1474/1903 1434/1197/2936 1433/2046/2946
f 1431/160/2948 1432/163/2854 1430/162/2536 1429/161/2949
g !BN_LCheek_2
f 1954/2047/2950 1676/2048/2951 2050/2049/2952 1955/2050/2953
g Bip001 Head
f 1445/1946/2689 1428/1864/2535 1382/1795/2426 1384/1794/2425
g !BN_LTopLip_4
f 3426/2051/2954 3421/2052/2955 3422/2053/2956 3425/2054/2957
g Bip001 Head
f 609/247/2958 611/1309/2959 610/1310/2960 608/246/2961
f 4094/2055/2962 4059/2056/2963 4058/376/399 4102/2057/2964
g !BN_LCheek_5
f 1458/1529/1990 1424/167/172 693/166/171 1456/2058/2965
g !BN_RCheek_5
f 1320/167/1965 1323/1517/1964 1322/1529/2966
g !BN_LCheek_5
f 1600/1516/2967 1425/164/169 1424/167/172 1460/1517/1989
g Bip001 Head
f 1602/1045/1230 1431/160/2948 1429/161/2949 1601/1046/1231
f 720/1659/2184 729/1732/2296 727/917/1067 721/1728/2292
f 1618/1047/1232 1460/1517/1989 1461/1528/1988 1617/473/2968
g !BN_REye
f 3024/2059/2969 3033/1907/2605 3026/1538/2003 3025/1541/2006
g Bip001 Head
f 1616/289/2970 1463/288/2971 1464/287/2972 1615/286/2973
f 1615/286/2973 1464/287/2972 1465/427/2974 1614/394/2975
f 1614/394/2975 1465/427/2974 1466/426/2976 1613/186/191
g !BN_Jaw
f 2193/300/1116 2171/301/2019 2172/1321/2155 2192/895/1033
g Bip001 Head
f 1611/188/193 1468/187/192 1470/1330/2001 1610/1537/2000
f 1606/121/123 1483/2060/2977 1486/1624/2978 1605/1549/2979
f 1605/1549/2979 1486/1624/2978 1439/512/2943 1437/1548/2942
f 1605/1549/2979 1437/1548/2942 1435/1547/2945 1604/1546/2944
f 1603/2031/2947 1433/2046/2946 1431/160/2948 1602/1045/1230
f 1620/2030/2980 1603/2031/2947 1602/1045/1230 1619/1044/1229
f 1623/1035/1218 1620/2030/2980 1619/1044/1229 1622/474/1219
f 1622/474/1219 1619/1044/1229 1618/1047/1232 1617/473/2968
f 1622/474/1219 1617/473/2968 1616/289/2970 1625/475/1220
f 1625/475/1220 1616/289/2970 1615/286/2973 1631/1434/1845
g !BN_LToplid
f 440/453/487 448/452/486 447/579/632 439/291/309
g Bip001 Head
f 1627/115/117 1624/118/120 1623/1035/1218 1626/230/1217
f 1627/115/117 1626/230/1217 1629/229/1844 1628/228/2981
f 382/1148/1546 387/1153/1484 390/1152/1497 381/1144/1547
g !BN_RBottomLip_4
f 2430/12/12 1833/11/11 1817/58/1813 1832/57/2982
g Bip001 Head
f 1630/393/1846 1614/394/2975 1613/186/191 1612/189/194
g !BN_Tingue_3
f 3100/330/349 3107/867/996 3106/2061/2983 3101/327/346
f 3069/1571/2053 3079/153/158 3078/1322/1666 3071/1511/1951
g Bip001 Head
f 1628/228/2981 1609/302/514 1608/116/118 1627/115/117
g !BN_RCheek_4
f 1372/2025/2898 1371/2062/2984 1757/2019/2880
f 1372/2025/2898 1755/2063/2985 1371/2062/2984
f 1279/1722/2904 1755/2063/2985 1372/2025/2898
f 1373/1437/2888 1372/2025/2898 1757/2019/2880
f 1374/2021/2884 1371/2062/2984 1755/2063/2985
f 1632/2064/2986 2597/2065/2987 1755/2063/2985
f 1755/2063/2985 1279/1722/2904 1632/2064/2986
f 1760/2018/2882 1758/2018/2878 1374/2021/2884
f 2597/2065/2987 1754/2020/2883 1374/2021/2884
g !BN_LCheek_4
f 4134/2066/2988 1375/2066/2989 1764/2067/2990
f 4134/2066/2988 4135/1955/2991 1375/2066/2989
f 4135/1955/2991 4131/2068/2992 4130/2068/2993
f 4135/1955/2991 1656/1910/2994 4131/2068/2992
f 4132/1955/2995 1656/1910/2994 4135/1955/2991
f 4130/2068/2993 4133/2069/2996 1375/2066/2989
g !BN_RCheek_4
f 1089/1551/2706 1273/597/2901 1272/1553/2899 1087/1552/2702
g !BN_LCheek_4
f 1378/1553/2029 1765/2024/2893 1377/597/657
f 1378/1553/2029 1764/2067/2990 1765/2024/2893
f 1378/1553/2029 1766/1956/2997 1764/2067/2990
f 1376/1552/2028 1766/1956/2997 1378/1553/2029
g Bip001 Head
f 1649/1107/1299 1301/1198/1435 1300/1865/2931 1299/1796/2930
f 1381/1796/2427 1382/1795/2426 1380/1865/2537
f 1299/1796/2930 1298/1795/2932 1296/1794/2998 1297/1793/2999
f 1652/992/1158 1297/1793/2999 1296/1794/2998 1274/596/3000
g !BN_LCheek_4
f 1387/1551/2027 1385/596/656 1386/992/3001
f 1387/1551/2027 1377/597/657 1385/596/656
g !BN_RBottomLip_4
f 2078/1597/2095 2066/1887/2797 2067/295/1186 2080/1014/1185
g !BN_LCheek_4
f 1761/1950/2703 1766/1956/2997 1376/1552/2028
f 1763/1953/3002 1766/1956/2997 1761/1950/2703
f 1761/1950/2703 1657/1951/3003 1762/1954/3004
g Bip001 Head
f 275/2070/1178 3495/1876/3005 3472/874/3006 276/2071/1181
g !BN_LCheek_4
f 1387/1551/2027 1390/1957/3007 1388/1949/2704
f 4146/1958/2708 1390/1957/3007 1387/1551/2027
g Bip001 Head
f 1092/1350/2650 2569/1958/2707 1090/1957/2705 1091/1349/2649
f 981/1871/2547 980/1870/2546 977/1874/2552 979/802/2588
g !BN_RBottomLip_4
f 2080/1014/1185 2071/1015/1188 2072/1695/2248 2081/959/3008
g Bip001 Head
f 1394/1188/1417 1393/437/1795 1249/1189/1418
g !BN_RCheek_3
f 1725/1188/2533 1727/437/469 1726/436/468 2439/2072/1161
g Bip001 Head
f 4055/377/400 4059/2056/2963 4054/1168/1388 4051/2073/3009
g !BN_Leye
f 3292/1540/3010 3283/640/1879 3290/641/1878 3291/1539/3011
g Bip001 Head
f 698/547/2240 1053/1696/2476 703/1697/2471 699/1690/2239
f 2768/831/946 2761/794/3012 2760/792/899 2767/1459/1880
g !BN_LCheek_4
f 1400/1952/2695 1657/1951/3003 1389/1948/3013
f 1401/234/2896 1657/1951/3003 1400/1952/2695
g Bip001 Head
f 1344/1537/3014 1343/1330/1679 1340/187/3015 1342/188/3016
f 3761/2007/2808 3721/2074/3017 3760/2075/3018 3762/2076/3019
f 162/767/867 216/860/3020 209/861/1077 217/877/1076
f 1265/1438/3021 1270/341/362 1269/1436/1849 1373/1437/2888
g !BN_RCheek_4
f 1266/231/242 1265/1438/3021 1373/1437/2888 1264/232/243
g !BN_LCheek_4
f 1661/232/1850 1508/2019/3022 1405/1437/1851
f 1406/233/2897 1401/234/2896 1400/1952/2695
g !BN_LTopLip_4
f 3414/1979/2734 3408/1982/2737 3409/1668/2202 2269/1667/465
g Bip001 Head
f 1407/1436/2515 1408/340/596 1404/341/2516
g !BN_RCheek_2
f 2034/1764/2352 1703/1398/2351 1704/987/3023 1742/2077/3024
g Bip001 Head
f 4151/2025/3025 1409/1435/2902 1407/1436/2515
g !BN_LCheek_4
f 4151/2025/3025 1410/1721/2279 1409/1435/2902
f 1450/1722/2280 1410/1721/2279 4151/2025/3025
g !BN_RCheek_4
f 1281/28/975 1280/1720/3026 1279/1722/2904 1278/1721/2903
g Bip001 Head
f 383/678/758 384/677/757 387/1153/1484 382/1148/1546
f 3974/2078/3027 3867/645/723 3964/647/725 3973/2079/3028
g !BN_LCheek_5
f 1417/1402/1803 1415/2028/2909 1416/2027/2908
f 4155/414/446 1415/2028/2909 1417/1402/1803
g !BN_Tingue_2
f 3231/965/1128 3248/964/1127 3247/2080/3029 3230/2081/3030
g !BN_RCheek_5
f 2588/1404/3031 1289/1401/3032 1288/412/3033 1287/413/3034
f 1291/1941/3035 1292/166/3036 2588/1404/3031 1287/413/3034
g !BN_RBottomLip_4
f 2515/2082/3037 2521/2083/3038 2513/2084/3039 2514/2085/3040
g !BN_RCheek_5
f 1320/167/1965 1292/166/3036 1293/165/1847 1319/164/1962
f 1319/164/1962 1293/165/1847 1276/340/361 1294/545/3041
f 1318/1947/3042 1324/1516/1963 1319/164/1962 1294/545/3041
g Bip001 Head
f 1318/1947/3042 1294/545/3041 1295/1946/3043 1317/1864/3044
f 1316/162/167 1326/161/166 1318/1947/3042 1317/1864/3044
f 1315/160/165 1302/163/168 1303/1197/1434 1314/2046/3045
f 1313/1547/2016 1306/1474/3046 1308/1475/3047 1312/1548/2017
f 1307/1384/2026 1308/1475/3047 1306/1474/3046 1305/1387/2917
f 1305/1387/2917 1306/1474/3046 1303/1197/1434 1304/1196/1433
g !BN_Jaw
f 2110/1470/2052 2114/2086/3048 2111/2087/3049 2107/1570/2051
g Bip001 Head
f 1316/162/167 1300/1865/2931 1301/1198/1435 1302/163/168
f 1317/1864/3044 1298/1795/2932 1300/1865/2931 1316/162/167
g !BN_RCheek_5
f 1275/343/364 1295/1946/3043 1294/545/3041 1276/340/361
f 1291/1941/3035 1290/27/1018 1278/1721/2903 1277/1435/1848
g !BN_LCheek_5
f 1412/28/28 1446/27/27 1410/1721/2279
g Bip001 Head
f 2710/769/870 2709/885/1017 2708/886/1020 2707/770/871
f 601/1297/1667 602/1296/3050 600/1294/3051 599/1292/3052
g !BN_LCheek_4
f 1448/342/658 1377/597/657 1765/2024/2893
g Bip001 Head
f 1275/343/364 1271/342/363 1273/597/2901 1274/596/3000
f 1274/596/3000 1296/1794/2998 1295/1946/3043 1275/343/364
g !BN_LCheek_4
f 1770/2063/3053 4151/2025/3025 1449/2062/3054
f 1770/2063/3053 1450/1722/2280 4151/2025/3025
f 4150/2064/3055 1450/1722/2280 1770/2063/3053
f 1400/1952/2695 4150/2064/3055 1406/233/2897
f 1400/1952/2695 1450/1722/2280 4150/2064/3055
g !BN_RCheek_4
f 1752/1178/1399 1268/1952/2895 1279/1722/2904 1633/1545/3056
g !BN_LCheek_4
f 1451/1545/2012 1411/1720/2278 1450/1722/2280
g !BN_RCheek_4
f 1282/850/974 2363/2088/3057 2361/1084/3058 1634/1081/3059
g !BN_LCheek_5
f 1454/2088/3060 4137/849/2907 1413/850/2906
f 1455/2089/3061 4137/849/2907 1454/2088/3060
f 1455/2089/3061 1456/2058/2965 4137/849/2907
f 1457/2090/3062 1456/2058/2965 1455/2089/3061
f 1457/2090/3062 1458/1529/1990 1456/2058/2965
f 1459/1527/1987 1458/1529/1990 1457/2090/3062
g !BN_RCheek_5
f 1330/1528/3063 1635/1527/3064 1322/1529/2966 1323/1517/1964
g Bip001 Head
f 1336/427/459 1638/2091/3065 1637/2092/3066 1334/287/305
f 1338/426/458 2372/2093/3067 1638/2091/3065 1336/427/459
f 1467/2094/3068 1466/426/2976 2357/2093/2370
f 1340/187/3015 1639/2094/3069 1338/426/458 1339/186/421
f 1343/1330/1679 2375/1329/1678 1639/2094/3069 1340/187/3015
f 418/183/1276 417/1086/1275 411/572/623 416/571/622
f 1345/1327/1677 1474/2095/3070 1473/2096/134 1640/1328/133
f 1348/479/531 1477/492/530 1476/531/578 1346/530/3071
f 1352/532/3072 1482/2097/3073 1479/491/529 1350/480/528
f 291/1028/1471 353/1123/1474 352/169/174 292/168/173
g !BN_Tingue
f 3203/537/586 3236/820/929 3235/2098/3074 3215/538/587
g Bip001 Head
f 1859/602/2056 1927/1559/2055 1861/43/43 1860/42/42
g !BN_Tingue
f 3185/1594/2092 3180/1593/2091 3181/446/478 3184/1032/1214
g Bip001 Head
f 1646/1245/2918 2616/1246/3075 1644/2099/3076 1645/1386/2916
f 1647/431/463 2613/1244/3077 2616/1246/3075 1646/1245/2918
f 1647/431/463 1105/430/462 2614/2016/2877 2613/1244/3077
f 229/900/3078 233/909/1073 232/908/1055 230/893/3079
f 1224/710/798 1223/709/797 1221/1634/2752 1222/1787/2751
g !BN_LCheek_4
f 4141/335/3080 1506/467/2119 4139/468/2118
f 1507/991/3081 1506/467/2119 4141/335/3080
g !BN_Leye
f 3320/526/3082 3323/525/3083 3329/2100/3084 3319/1312/1653
g Bip001 Head
f 1649/1107/1299 1299/1796/2930 1297/1793/2999 1650/1883/3085
f 1646/1245/2918 1304/1196/1433 1648/428/460 1647/431/463
g !BN_RCheek_4
f 2435/2101/3086 2437/2102/3087 2434/1392/1773 2433/205/212
g Bip001 Head
f 1643/1385/2025 1307/1384/2026 1305/1387/2917 1645/1386/2916
f 1405/1437/1851 4151/2025/3025 1407/1436/2515
g !BN_LCheek_4
f 1405/1437/1851 1508/2019/3022 4151/2025/3025
f 1449/2062/3054 1508/2019/3022 4148/2018/3088
f 4148/2018/3088 1660/2018/3089 4149/2020/3090
g !BN_RBottomLip_4
f 2056/1062/2678 2430/12/12 1832/57/2982 2429/733/3091
g Bip001 Head
f 3757/1417/3092 3747/1942/3093 3736/449/811 3748/1416/3094
f 1888/680/1854 1948/1441/1857 1947/1743/2313 1887/482/3095
g !BN_RBottomLip_1
f 3378/552/1745 3379/549/610 2264/2103/3096 3377/2104/3097
g Bip001 Head
f 1143/1644/2833 1525/1987/3098 1524/308/327
f 1528/2105/3099 1527/1621/3100 1526/1510/3101
f 1528/2105/3099 1529/1989/3102 1527/1621/3100
f 1530/1988/3103 1529/1989/3102 1528/2105/3099
f 3589/1016/835 280/663/852 3603/661/853 3588/1017/837
f 1530/1988/3103 1523/2106/3104 1525/1987/3098
g !BN_Leye
f 3297/274/2614 3288/2107/3105 3287/1351/1715 3296/277/2615
g Bip001 Head
f 1531/139/144 1520/138/143 1521/2108/3106
f 1578/139/3107 1561/138/3108 1562/23/23 1577/137/3109
f 1532/137/141 1516/22/3110 1518/23/142
f 2741/893/1031 2720/900/1041 2743/899/1040 2742/892/1028
f 1533/2109/3111 1513/2110/3112 1515/2111/3113
f 1576/2109/3114 1566/2110/3115 1568/2112/3116 1575/2113/3117
f 1534/2113/3118 1510/1635/2153 1512/2112/3119
f 936/1873/2553 912/1872/2549 934/1870/2548 935/1874/2584
f 1528/2105/3099 1535/349/370 1534/2113/3118
f 1528/2105/3099 1536/350/371 1535/349/370
f 1528/2105/3099 1537/1111/1304 1536/350/371
f 1526/1510/3101 1537/1111/1304 1528/2105/3099
f 1533/2109/3111 1528/2105/3099 1534/2113/3118
f 1532/137/141 1528/2105/3099 1533/2109/3111
f 1531/139/144 1528/2105/3099 1532/137/141
f 1531/139/144 1530/1988/3103 1528/2105/3099
f 1538/1645/3120 1525/1987/3098 1143/1644/2833
f 1539/1642/3121 1529/1989/3102 1538/1645/3120
f 1541/1239/1545 1527/1621/3100 1540/1236/1542
f 1543/1509/3122 1526/1510/3101 1542/1622/3123
g !BN_Jaw
f 2461/5/3124 2467/6/200 2469/1358/1725 2460/1782/2392
g Bip001 Head
f 1545/1112/1305 1537/1111/1304 1544/1505/3125
f 1587/1112/1937 1571/1111/1950 1572/350/3126 1586/1110/3127
f 1547/351/372 1536/350/371 1546/1110/1303
f 1585/351/2008 1572/350/3126 1574/349/3128 1584/348/2007
f 1549/1633/2150 1535/349/370 1548/348/369
f 1221/1634/2752 1223/709/797 1583/1633/2340 1570/1635/3129
f 191/832/3130 180/831/3131 179/829/942 190/830/965
f 1585/351/2008 1598/1234/1540 1181/1986/2744 1586/1110/3127
f 1586/1110/3127 1181/1986/2744 1180/1504/1938 1587/1112/1937
f 1588/1505/1939 1597/1/1 1179/4/4 1589/1509/1948
g !BN_Tingue
f 3187/2114/3132 3239/2115/3133 3238/2116/3134 3188/2117/3135
g !BN_LBrow_3
f 2959/578/631 2890/577/630 2889/471/505 2961/2118/808
g Bip001 Head
f 1591/1239/2130 1205/1238/3136 1595/1237/2208 1592/1236/3137
f 1592/1236/3137 1595/1237/2208 1206/1643/2165 1593/1642/2164
f 3649/844/964 3625/843/963 3610/1798/3138 3626/2119/3139
f 1208/308/2385 1556/1987/2746 1207/1644/2166
f 1524/308/327 1525/1987/3098 1523/2106/3104 1139/309/328
f 1139/309/328 1523/2106/3104 1521/2108/3106 1522/2015/2836
f 1522/2015/2836 1521/2108/3106 1520/138/143 1519/1991/2838
f 1519/1991/2838 1520/138/143 1518/23/142 1517/24/2843
f 1517/24/2843 1518/23/142 1516/22/3110 1134/21/2844
f 1134/21/2844 1516/22/3110 1515/2111/3113 1514/142/2846
f 1514/142/2846 1515/2111/3113 1513/2110/3112 1132/141/2848
f 1132/141/2848 1513/2110/3112 1512/2112/3119 1511/1990/2779
f 1511/1990/2779 1512/2112/3119 1510/1635/2153 1509/1634/2152
f 1573/2105/3140 1572/350/3126 1571/1111/1950
f 1573/2105/3140 1574/349/3128 1572/350/3126
f 1575/2113/3117 1574/349/3128 1573/2105/3140
f 1549/1633/2150 1510/1635/2153 1534/2113/3118 1535/349/370
f 1575/2113/3117 1568/2112/3116 1570/1635/3129
f 168/785/1054 217/877/1076 218/878/1075 221/882/1026
f 1576/2109/3114 1565/2111/3141 1566/2110/3115
f 1533/2109/3111 1515/2111/3113 1516/22/3110 1532/137/141
f 1577/137/3109 1562/23/23 1563/22/22
f 1332/288/306 1636/2120/3142 1635/1527/3064 1330/1528/3063
f 1578/139/3107 1559/2108/3143 1561/138/3108
f 1531/139/144 1521/2108/3106 1523/2106/3104 1530/1988/3103
f 1579/1988/2747 1556/1987/2746 1557/2106/3144
f 1538/1645/3120 1529/1989/3102 1530/1988/3103 1525/1987/3098
f 1573/2105/3140 1580/1989/2748 1579/1988/2747
f 1573/2105/3140 1581/1621/2131 1580/1989/2748
f 1573/2105/3140 1582/1510/1949 1581/1621/2131
f 1571/1111/1950 1582/1510/1949 1573/2105/3140
f 1578/139/3107 1573/2105/3140 1579/1988/2747
f 1577/137/3109 1573/2105/3140 1578/139/3107
f 1576/2109/3114 1573/2105/3140 1577/137/3109
f 1576/2109/3114 1575/2113/3117 1573/2105/3140
f 2754/1610/3145 2759/793/900 2761/794/3012 2755/1611/3146
f 1584/348/2007 1574/349/3128 1583/1633/2340
f 1586/1110/3127 1572/350/3126 1585/351/2008
g !BN_LCheek_4
f 1388/1949/2704 1389/1948/3013 1657/1951/3003 1761/1950/2703
g Bip001 Head
f 1588/1505/1939 1571/1111/1950 1587/1112/1937
f 1544/1505/3125 1537/1111/1304 1526/1510/3101 1543/1509/3122
f 1590/1622/2132 1582/1510/1949 1589/1509/1948
f 1542/1622/3123 1526/1510/3101 1527/1621/3100 1541/1239/1545
f 1592/1236/3137 1581/1621/2131 1591/1239/2130
f 1540/1236/1542 1527/1621/3100 1529/1989/3102 1539/1642/3121
f 1594/1645/2167 1580/1989/2748 1593/1642/2164
f 1594/1645/2167 1207/1644/2166 1556/1987/2746
f 1538/1645/3120 1143/1644/2833 1145/1643/2832 1539/1642/3121
f 1066/1848/2624 1068/954/1114 1070/953/1113 1067/1847/2627
f 1541/1239/1545 1149/1238/1544 1555/2006/2804 1542/1622/3123
f 1542/1622/3123 1555/2006/2804 1554/4/2805 1543/1509/3122
f 1337/394/422 1336/427/459 1334/287/305 1335/286/304
f 1544/1505/3125 1553/1/2812 1173/1504/2813 1545/1112/1305
f 147/743/1213 3460/742/1193 3462/741/1195 146/740/3147
g !BN_LTopLip_4
f 2191/266/280 2235/1595/3148 2190/1922/3149 2188/267/281
g Bip001 Head
f 1547/351/372 1551/1234/2851 1550/708/2850 1548/348/369
f 1548/348/369 1550/708/2850 1128/709/2151 1549/1633/2150
g !BN_LCheek_5
f 1456/2058/2965 693/166/171 4136/1403/1804
f 1460/1517/1989 1424/167/172 1458/1529/1990
g !BN_RCheek_4
f 1751/1082/3150 1633/1545/3056 1280/1720/3026 1634/1081/3059
g Bip001 Head
f 1318/1947/3042 1326/161/166 1325/1046/3151 1324/1516/1963
f 492/612/674 503/611/673 502/1174/1394 491/1155/1373
g !BN_RBrow_1
f 2942/670/3152 2968/712/804 2967/716/643 2882/2121/648
g Bip001 Head
f 1358/2031/2921 1314/2046/3045 1313/1547/2016 1357/1546/2015
f 1346/530/3071 1476/531/578 1474/2095/3070 1345/1327/1677
f 1353/121/3153 1354/2060/3154 1352/532/3072 1351/117/3155
f 1351/117/3155 1352/532/3072 1350/480/528 1349/116/320
f 1349/116/320 1350/480/528 1348/479/531 1347/302/321
f 1347/302/321 1348/479/531 1346/530/3071 1344/1537/3014
f 1344/1537/3014 1346/530/3071 1345/1327/1677 1343/1330/1679
g !BN_Jaw
f 2385/1096/1288 2125/1098/1290 2387/2122/3156 2386/2123/3157
g Bip001 Head
f 1342/188/3016 1340/187/3015 1339/186/421 1341/189/420
f 1168/838/959 2764/513/955 195/835/956 196/2124/2193
g !BN_Tingue_3
f 3226/147/152 3219/2125/3158 3213/945/1105 3218/944/1104
g Bip001 Head
f 1333/289/307 1332/288/306 1330/1528/3063 1331/473/507
g !BN_LBottomLip_3
f 3380/6/6 3369/194/302 3412/195/301 3387/7/7
g Bip001 Head
f 1329/1047/1318 1323/1517/1964 1324/1516/1963 1325/1046/3151
f 1329/1047/1318 1325/1046/3151 1327/1045/2920 1328/1044/1319
f 245/985/1090 267/984/1341 266/982/1344 257/983/3159
f 1361/122/3160 1359/2030/2919 1358/2031/2921 1357/1546/2015
f 1361/122/3160 1357/1546/2015 1356/1549/2018 1353/121/3153
f 2840/1368/1742 2828/1354/1721 2826/1356/1723 2839/1369/1743
f 3782/1484/3161 3787/1482/3162 3786/180/3163 3785/181/3164
f 1361/122/3160 1366/118/3165 1362/1035/3166 1359/2030/2919
f 1353/121/3153 1351/117/3155 1366/118/3165 1361/122/3160
f 1362/1035/3166 1365/230/241 1363/475/509 1360/474/508
f 529/64/1337 530/1138/1353 528/282/296 527/63/1328
f 1349/116/320 1367/115/238 1366/118/3165 1351/117/3155
f 1370/228/239 1347/302/321 1344/1537/3014 1342/188/3016
f 1370/228/239 1342/188/3016 1341/189/420 1368/229/240
f 1368/229/240 1341/189/420 1369/393/419 1364/1434/2024
g !BN_Leye
f 3311/1907/3167 3305/1650/2174 3303/275/2613 3302/276/2616
g Bip001 Head
f 1369/393/419 1337/394/422 1335/286/304 1364/1434/2024
g !BN_Tingue_3
f 3116/2039/2927 3145/1932/2655 3144/262/276 3115/2040/2928
g !BN_Jaw
f 3396/815/924 3334/1158/3168 3337/1515/3169 3395/816/925
g Bip001 Head
f 1368/229/240 1364/1434/2024 1363/475/509 1365/230/241
g !BN_RCheek_4
f 1632/2064/2986 2596/233/244 2597/2065/2987
f 1632/2064/2986 1268/1952/2895 2596/233/244
f 1279/1722/2904 1268/1952/2895 1632/2064/2986
g !BN_LTopLip_4
f 2230/1393/3170 2268/1394/3171 2267/2126/300 2229/2127/3172
g !BN_RCheek_4
f 1280/1720/3026 1633/1545/3056 1279/1722/2904
g !BN_LCheek_4
f 1451/1545/2012 1746/1082/1270 1452/1081/1269 1411/1720/2278
g Bip001 Head
f 1057/800/907 1056/1914/2671 1052/1466/2670 993/1939/2672
g !BN_RCheek_5
f 2571/849/973 2363/2088/3057 1282/850/974
f 2571/849/973 2365/2089/3173 2363/2088/3057
f 1321/2058/3174 2365/2089/3173 2571/849/973
f 1321/2058/3174 2366/2090/2595 2365/2089/3173
f 1322/1529/2966 2366/2090/2595 1321/2058/3174
f 1322/1529/2966 1635/1527/3064 2366/2090/2595
g Bip001 Head
f 921/443/475 920/442/474 919/1859/2632 917/1858/2633
f 1462/2120/3175 1463/288/2971 1461/1528/1988 1459/1527/1987
f 2359/2092/2905 1464/287/2972 1463/288/2971 1462/2120/3175
f 3974/2078/3027 3977/1247/3176 3976/1432/3177 3975/2128/3178
f 2765/1308/958 1161/494/533 1162/455/489 2774/454/488
f 1338/426/458 1639/2094/3069 2372/2093/3067
f 2100/1585/2078 1934/1558/2077 1935/833/949 2101/464/948
f 1471/1328/542 1472/1327/2002 1470/1330/2001 1469/1329/539
f 1476/531/578 1475/530/577 1472/1327/2002 1474/2095/3070
f 1479/491/529 1480/480/516 1478/479/515 1477/492/530
f 1484/2129/3179 1483/2060/2977 1481/532/579 1482/2097/3073
f 1485/1623/2133 1486/1624/2978 1483/2060/2977 1484/2129/3179
f 1487/511/554 1439/512/2943 1486/1624/2978 1485/1623/2133
f 1488/510/553 1440/509/2940 1439/512/2943 1487/511/554
f 1489/520/565 1441/519/2941 1440/509/2940 1488/510/553
f 1490/1058/1243 1491/1055/3180 1441/519/2941 1489/520/565
f 1493/1056/2639 1491/1055/3180 1490/1058/1243 1492/1057/1242
f 1494/2130/3181 1495/1385/1761 1491/1055/3180 1493/1056/2639
f 1496/2099/3182 1497/1386/1762 1495/1385/1761 1494/2130/3181
g !BN_RBottomLip_4
f 2427/1693/2246 1830/1506/1940 1807/1508/1943 1829/2131/3183
g !BN_LCheek_5
f 1457/1900/3062 2346/1899/3184 2280/1898/3185 2347/1897/3186
g !BN_RToplid
f 315/123/1522 567/124/254 565/245/257 316/1068/1524
g Bip001 Head
f 1260/429/690 1502/428/2482 1501/431/1554 1261/430/687
f 1259/278/292 1503/1107/3187 1502/428/2482 1260/429/690
f 1258/281/295 1504/1883/2568 1503/1107/3187 1259/278/292
g !BN_RBottomLip_4
f 1838/1615/3188 1814/1101/3189 1815/1542/3190 1837/1898/2593
g Bip001 Head
f 3918/1825/2487 3939/1824/2486 3942/2132/3191 3917/675/755
g !BN_RCheek_4
f 2591/991/1157 2590/335/3192 1096/467/501
f 2578/2067/3193 1272/1553/2899 2585/2024/2900
f 2580/1956/2701 1272/1553/2899 2578/2067/3193
f 1087/1552/2702 1272/1553/2899 2580/1956/2701
f 1089/1551/2706 1274/596/3000 1273/597/2901
f 1652/992/1158 1274/596/3000 1089/1551/2706
g Bip001 Head
f 2841/409/441 2846/1383/1759 2814/1382/1758 2815/406/438
f 3509/943/1103 3539/927/1102 3508/926/3194 3530/919/1982
f 1444/1196/2481 1502/428/2482 1503/1107/3187 1379/1198/2855
f 251/942/1120 271/941/1342 272/943/3195 256/927/1091
f 1443/1387/1763 1497/1386/1762 1499/1245/1555 1444/1196/2481
f 1441/519/2941 1491/1055/3180 1495/1385/1761 1442/1384/1760
g !BN_RCheek_4
f 2568/2133/3196 1652/992/1158 1089/1551/2706
f 2568/2133/3196 2591/991/1157 1652/992/1158
f 2568/2133/3196 5/335/355 2591/991/1157
f 1653/334/353 5/335/355 2568/2133/3196
f 2593/334/354 2590/335/3192 5/335/355
g !BN_LCheek_4
f 1654/1911/3197 1765/2024/2893 4133/2069/2996
f 1654/1911/3197 1655/1908/2894 1765/2024/2893
g !BN_LTopLip_4
f 2336/1532/1993 2339/2023/3198 2338/2134/3199 2337/1530/1991
g !BN_LCheek_4
f 1657/1951/3003 1767/1909/3200 1762/1954/3004
f 1657/1951/3003 1655/1908/2894 1767/1909/3200
f 4149/2020/3090 4153/2020/3201 1658/2018/3202
f 4149/2020/3090 1659/2020/3203 4153/2020/3201
f 4149/2020/3090 4154/2020/3204 1659/2020/3203
f 1660/2018/3089 4154/2020/3204 4149/2020/3090
f 1660/2018/3089 4148/2018/3088 1508/2019/3022
f 1662/2019/3205 1508/2019/3022 1661/232/1850
f 4152/2020/3206 1662/2019/3205 1406/233/2897
f 1659/2020/3203 4154/2020/3204 4152/2020/3206
f 1662/2019/3205 4154/2020/3204 1508/2019/3022
g Bip001 Head
f 1117/1976/2853 1236/1978/2733 992/1977/2687 978/1975/2586
g !BN_LBrow_2
f 1663/1526/2741 1664/619/3207 1230/620/2739
g !BN_LCheek_4
f 1398/1181/3208 1390/1957/3007 1391/1349/1713 1397/1180/3209
g Bip001 Head
f 1854/421/3210 1886/481/3211 1885/902/3212 1855/2135/3213
f 1131/140/2222 1709/1681/2221 1708/19/19 1133/143/2847
f 1133/143/2847 1708/19/19 1707/18/18 1135/1533/2845
f 3917/675/755 3909/2136/3214 3911/1127/1586 3916/672/752
g !BN_LBrow_3
f 2981/730/819 2955/727/815 2927/644/722 2956/643/721
g Bip001 Head
f 1137/988/2839 1705/321/340 1704/987/3023 1138/986/2837
f 1138/986/2837 1704/987/3023 1703/1398/2351 1140/310/329
f 1140/310/329 1703/1398/2351 1702/101/103 1141/307/326
f 154/618/681 3493/617/680 3492/501/3215 3491/2137/857
g !BN_LCheek_2
f 1672/321/1151 1676/2077/2951 2051/320/3216
f 1673/987/1150 1676/2077/2951 1672/321/1151
g !BN_RBottomLip_4
f 2398/267/3217 2113/264/3218 2117/2138/3219 2116/2139/3220
g Bip001 Head
f 2502/1074/1262 2562/1605/2104 2561/1606/2107 2504/1071/1259
f 1135/1533/2845 1707/18/18 1706/322/341 1136/1534/2842
g !BN_LCheek_1
f 1196/1996/2786 2049/102/3221 1677/99/2774
g Bip001 Head
f 3818/2078/3222 3701/1247/1558 3688/136/1557 3702/2079/3223
f 768/1496/2434 947/1497/2599 949/1362/2654 963/1890/2439
f 1680/272/3224 1682/689/772 1681/273/3225
g !BN_LCheek_3
f 1680/272/3224 2052/2072/3226 1682/689/772
f 1680/272/3224 1683/2140/3227 2052/2072/3226
f 1678/319/3228 2051/320/3216 1683/2140/3227
g !BN_REye
f 3039/2141/3229 3040/1650/3230 3037/275/289 3038/274/288
g Bip001 Head
f 1722/319/338 1706/322/341 1707/18/18 1721/17/17
f 805/120/122 1011/1785/2541 892/1742/2312 804/119/121
f 4123/869/1012 4127/879/1011 218/878/1075 211/863/1074
g !BN_RBrow_3
f 1718/1493/3231 1710/1492/2220 1711/1491/2403 1717/1453/1870
f 1717/1453/1870 1711/1491/2403 1712/1936/2662 1716/1333/1687
g Bip001 Head
f 2720/900/1041 2735/909/1057 2736/918/3232 2719/901/1042
g !BN_LBrow_2
f 1689/112/3233 1664/619/3207 1665/1936/2762
g Bip001 Head
f 925/1860/2531 924/1450/1866 922/441/473 923/440/472
g !BN_RBrow_2
f 1117/1976/2853 1738/1334/1688 1739/111/113 1118/114/116
f 1116/1974/2730 1736/1973/3234 1737/1332/1686 1738/1334/1688
g !BN_RBrow_3
f 1114/697/2859 1734/2142/3235 1736/1973/3234 1115/1971/2726
g Bip001 Head
f 1031/1361/1733 1021/371/394 1022/1885/2569 1030/1878/2562
g !BN_RBrow_4
f 1740/691/2861 1730/77/79 1732/76/78 1113/694/2860
g Bip001 Head
f 1740/691/2861 1111/1967/2862 1110/1190/2867 1741/690/3236
f 1741/690/3236 1110/1190/2867 1109/1189/2534 1725/1188/2533
g !BN_LTopLip_4
f 2238/1694/3237 2274/1695/3238 2273/959/1122 2237/958/1121
g !BN_RBrow_4
f 1741/690/3236 1724/689/3239 1730/77/79 1740/691/2861
f 1731/78/80 1730/77/79 1724/689/3239 1729/273/287
g Bip001 Head
f 1697/690/773 1247/1190/1419 1244/1967/2723 1696/691/774
g !BN_RBrow_3
f 1735/1452/1869 1734/2142/3235 1732/76/78 1733/75/77
g Bip001 Head
f 3683/2143/3240 3664/2144/3241 3687/2145/3242 3684/2146/3243
f 188/825/2520 2046/828/968 189/827/941 178/826/943
f 1729/273/287 1720/20/20 1719/2147/3244 1731/78/80
g !BN_LCheek_1
f 1958/2148/3245 2048/2149/2374 2047/2150/967 198/2151/966
g !BN_RBrow_3
f 1733/75/77 1718/1493/3231 1717/1453/1870 1735/1452/1869
f 99/652/3246 85/651/3247 83/648/1448 84/650/1447
g Bip001 Head
f 1203/1779/2386 1204/100/2775 1675/101/2098 1209/307/2097
g !BN_RCheek_1
f 1879/2152/3248 1941/2153/3249 1880/109/3250 1878/110/3251
g Bip001 Head
f 364/65/67 375/1133/1548 374/1132/1499 363/582/635
f 3719/1500/1933 3712/2073/3252 3711/377/3253 3718/378/2033
f 1212/988/1152 1672/321/1151 1671/322/3254 1214/1534/1995
f 1214/1534/1995 1671/322/3254 1670/18/3255 1216/1533/1994
f 2852/1301/1643 2857/1396/2716 2856/1343/1702 2853/1300/1642
f 836/1763/2350 1037/1762/1929 1036/1797/1932 835/1768/2358
g !BN_LBrow_4
f 1219/140/145 1668/1681/2347 1667/1492/1925 1220/1680/2754
g !BN_LBrow_3
f 1220/1680/2754 1667/1492/1925 1666/1491/1924 1222/1787/2751
f 1222/1787/2751 1666/1491/1924 1665/1936/2762 1224/710/798
g !BN_LBrow_2
f 1224/710/798 1665/1936/2762 1664/619/3207 1225/707/795
f 1225/707/795 1664/619/3207 1663/1526/2741 1226/1233/1539
g !BN_RBrow_1
f 1663/1526/2741 1228/1646/2168 1227/1647/2169 1226/1233/1539
g !BN_RBrow_2
f 1120/620/683 1713/619/682 1714/1526/1985
g !BN_LBrow_2
f 1689/112/3233 1233/113/382 1230/620/2739 1664/619/3207
g !BN_RBrow_2
f 1715/112/114 1712/1936/2662 1713/619/682
g !BN_LBrow_2
f 1690/111/3256 1689/112/3233 1665/1936/2762 1688/1333/2761
g Bip001 Head
f 3683/2143/3240 3677/2154/3257 3666/2155/3258 3664/2144/3241
g !BN_LBrow_4
f 1686/1493/1926 1667/1492/1925 1668/1681/2347 1685/2147/3259
g Bip001 Head
f 1685/2147/3259 1668/1681/2347 1669/19/2346 1684/20/3260
f 1684/20/3260 1669/19/2346 1670/18/3255 1679/17/3261
f 1678/319/3228 1671/322/3254 1672/321/1151 2051/320/3216
g !BN_RCheek_3
f 1722/319/338 2440/2140/1160 2033/320/339
g Bip001 Head
f 1678/319/3228 1683/2140/3227 1680/272/3224 1679/17/3261
g !BN_RCheek_3
f 1723/272/286 2439/2072/1161 2440/2140/1160
f 1724/689/3239 2439/2072/1161 1723/272/286
g !BN_LCheek_3
f 2052/2072/3226 1394/1188/1417 1697/690/773 1682/689/772
g Bip001 Head
f 1108/1347/2532 1728/438/470 1727/437/469
f 3900/2156/3262 3996/2157/3263 3903/2158/3264 3902/2159/3265
g !BN_Tingue_3
f 3109/1906/2604 3245/1905/1282 3140/2160/1281 3108/866/995
g Bip001 Head
f 1729/273/287 1724/689/3239 1723/272/286
f 3762/2076/3019 3660/1686/3266 3633/1687/3267 3661/1879/3268
g !BN_LBrow_4
f 1694/76/3269 1699/75/3270 1698/78/3271 1695/77/771
g Bip001 Head
f 706/548/2384 705/1700/2252 704/1699/2251 698/547/2240
g !BN_LBrow_3
f 1692/1973/2728 1701/1332/3272 1700/1452/3273 1693/2142/3274
g !BN_LBrow_2
f 1690/111/3256 1688/1333/2761 1701/1332/3272 1691/1334/2731
g !BN_Tingue_3
f 3097/1164/1384 3077/1512/1952 3078/1322/1666 3096/1161/1381
g !BN_LBrow_2
f 1690/111/3256 1235/114/379 1233/113/382 1689/112/3233
g !BN_LBrow_3
f 1701/1332/3272 1688/1333/2761 1687/1453/1923 1700/1452/3273
g !BN_Leye
f 3285/425/3275 3276/1150/3276 3275/1544/2011 3284/1543/2010
g !BN_LBrow_4
f 1699/75/3270 1686/1493/1926 1685/2147/3259 1698/78/3271
g Bip001 Head
f 1681/273/3225 1684/20/3260 1679/17/3261 1680/272/3224
g !BN_LBrow_3
f 1694/76/3269 1243/694/781 1242/697/784 1693/2142/3274
g Bip001 Head
f 1601/1046/1231 1429/161/2949 1427/1947/2690 1600/1516/2967
g !BN_RBottomLip_4
f 2087/56/56 2097/55/55 2096/465/3277 2088/1574/3278
g !BN_RCheek_2
f 1742/2077/3024 1705/321/340 2033/320/339
f 1742/2077/3024 1704/987/3023 1705/321/340
g !BN_LCheek_2
f 1674/1398/1794 2050/1764/2952 1676/2077/2951 1673/987/1150
g !BN_LCheek_1
f 1675/101/2098 2049/102/3221 2050/1764/2952 1674/1398/1794
f 1204/100/2775 1677/99/2774 2049/102/3221 1675/101/2098
g !BN_RCheek_1
f 1743/102/104 1164/1996/2787 1744/99/101
g !BN_LCheek_4
f 2053/2161/3279 1397/1180/3209 1396/439/3280
f 1745/1179/2014 1397/1180/3209 2053/2161/3279
g Bip001 Ponytail11
f 19/366/427 21/365/1798 20/364/1774 18/367/405
g !BN_RCheek_4
f 1751/1082/3150 1750/1179/1400 1752/1178/1399 1633/1545/3056
f 1266/231/242 2573/1908/2609 2585/2024/2900 1265/1438/3021
g !BN_Leye
f 3302/276/2616 3295/423/3281 3294/424/3282 3301/2059/3283
g !BN_RCheek_4
f 2575/1951/2694 1086/1950/2693 2576/1954/2699
g Bip001 Head
f 3671/534/583 3693/1487/3284 3694/2162/3285 3799/2163/3286
g !BN_LCheek_4
f 1398/1181/3208 1389/1948/3013 1388/1949/2704 1390/1957/3007
g Bip001 Ponytail2
f 690/352/373 684/356/377 685/355/376 687/337/358
g !BN_RCheek_4
f 1749/1180/1401 2437/2161/3087 2438/439/471
f 1750/1179/1400 2437/2161/3087 1749/1180/1401
g Bip001 Head
f 3876/1433/3287 3869/2164/3288 3868/1934/3289 3975/2128/3178
g !BN_LCheek_3
f 2319/206/1969 2030/205/1968 1975/204/3290 2029/207/2387
g Bip001 Head
f 3772/1823/3291 3825/1962/3292 3811/1261/3293 3826/1822/3294
g !BN_LCheek_4
f 1400/1952/2695 1389/1948/3013 1398/1181/3208 1399/1178/2013
g !BN_RCheek_4
f 1747/1948/2691 2575/1951/2694 1268/1952/2895
g Bip001 Ponytail11
f 2604/1601/2100 2622/776/3295 2621/2165/3296 2606/1598/2099
g !BN_RCheek_4
f 1085/1953/2698 2578/2067/3193 2587/2066/3297
f 1264/232/243 1263/2019/2887 2596/233/244
f 1753/2020/3298 2596/233/244 1263/2019/2887
f 2598/2020/2885 1753/2020/3298 1262/2020/2886
f 2597/2065/2987 1753/2020/3298 1754/2020/2883
g !BN_RCheek_5
f 2570/1403/3299 2588/1404/3031 1321/2058/3174
f 1292/166/3036 1321/2058/3174 2588/1404/3031
f 1288/412/3033 1289/1401/3032 2589/1402/2911
g !BN_RCheek_4
f 1374/2021/2884 1755/2063/2985 2597/2065/2987
f 1759/2020/2881 1262/2020/2886 1756/2018/2879
f 1756/2018/2879 1262/2020/2886 1757/2019/2880
f 1263/2019/2887 1262/2020/2886 1753/2020/3298
f 1371/2062/2984 1758/2018/2878 1757/2019/2880
f 1371/2062/2984 1374/2021/2884 1758/2018/2878
f 1758/2018/2878 1760/2018/2882 1759/2020/2881
g !BN_LCheek_4
f 1762/1954/3004 1763/1953/3002 1761/1950/2703
f 1661/232/1850 1406/233/2897 1662/2019/3205
f 4134/2066/2988 1763/1953/3002 4132/1955/2995
f 1660/2018/3089 1508/2019/3022 4154/2020/3204
f 4133/2069/2996 1765/2024/2893 1764/2067/2990
f 1763/1953/3002 1764/2067/2990 1766/1956/2997
f 1654/1911/3197 4133/2069/2996 4131/2068/2992
f 1762/1954/3004 1767/1909/3200 4132/1955/2995
f 1768/2065/3300 4153/2020/3201 4152/2020/3206
f 4150/2064/3055 1768/2065/3300 1406/233/2897
f 1658/2018/3202 4153/2020/3201 1769/2021/3301
f 1769/2021/3301 1768/2065/3300 1770/2063/3053
f 2345/1391/3302 1772/2166/1271 1771/1392/1967
g !BN_RBottomLip_4
f 2442/397/428 29/399/430 2877/1892/3303
f 2441/2167/3304 30/398/429 2442/397/428
f 2087/56/56 2057/1064/3305 2059/876/1661 2086/53/53
g Bip001 Head
f 1650/1883/3085 1297/1793/2999 1652/992/1158 1651/466/500
f 3528/951/1111 3520/982/1145 3521/981/1144 3527/948/1108
g !BN_RBottomLip_4
f 2060/875/2764 2059/876/1661 2057/1064/3305 2058/1061/3306
f 2058/1061/3306 2057/1064/3305 2055/1063/2679 2056/1062/2678
g Bip001 Head
f 635/1383/3307 668/1382/3308 594/1286/1630 596/1289/1629
g !BN_RBottomLip_4
f 2058/1061/3306 2070/150/3309 2069/151/2763 2060/875/2764
g !BN_Leye
f 3278/405/1716 3269/83/85 3268/86/88 3277/1151/1717
g !BN_REye
f 2998/256/268 2997/2168/3310 2995/1617/3311 2996/1618/3312
g Bip001 Head
f 1253/1350/1714 1391/1349/1713 1390/1957/3007 4146/1958/2708
f 839/1889/2110 1032/1363/1735 1033/1362/1734 837/1890/2349
f 1218/142/147 1565/2111/3141 1563/22/22 1564/21/21
g !BN_RBottomLip_4
f 2063/294/2162 2067/295/1186 2066/1887/2797 2065/998/2796
f 2083/997/3313 2064/999/3314 2063/294/2162 2065/998/2796
f 2075/1888/2795 2003/2169/3315 2083/997/3313 2065/998/2796
g Bip001 Head
f 3990/1808/3316 3878/1431/3317 3976/1432/3177 3989/1811/3318
f 884/1827/2492 894/1146/1362 896/1145/1361 885/1632/2491
g !BN_RBottomLip_4
f 2069/151/2763 2073/148/2245 2072/1695/2248 2071/1015/1188
f 2070/150/3309 2428/149/3319 2073/148/2245 2069/151/2763
g Bip001 Head
f 2719/901/1042 2736/918/3232 2727/391/417 2737/913/1063
g !BN_LBrow_3
f 2974/734/823 2973/700/788 2954/698/786 2955/727/815
g !BN_RBottomLip_4
f 2429/733/3091 1832/57/2982 1813/608/3320 1831/605/3321
g !BN_LTopLip_4
f 2242/1507/3322 2277/606/668 2276/1506/2653 2241/1508/3323
f 2204/1641/2163 2242/1507/3322 2241/1508/3323 2203/2170/3324
g !BN_Jaw
f 2206/1099/1291 2243/1102/1294 2242/1507/3322 2204/1641/2163
g Bip001 Head
f 1445/1946/2689 1384/1794/2425 1385/596/656 1447/343/655
g !BN_Leye
f 3288/2107/3105 3279/404/3325 3278/405/1716 3287/1351/1715
g Bip001 Head
f 1074/1871/2589 933/1270/1598 1072/809/916 1073/1944/2852
f 1546/1110/1303 1552/1986/2815 1551/1234/2851 1547/351/372
g !BN_Jaw
f 1825/2171/3326 1823/1213/3327 1824/1518/3328
f 2209/540/1410 2249/317/336 2248/2171/3329 2208/1213/1479
g !BN_LToplid
f 547/1265/1605 521/125/127 522/124/126 546/243/255
g !BN_LBrow_2
f 2976/705/793 2978/418/450 2977/729/817 2970/665/743
g Bip001 Head
f 2506/1410/3330 2453/172/177 2451/175/180 2505/1157/1375
g !BN_Jaw
f 2451/175/180 2450/174/179 2445/815/3331 2449/1158/1376
g !BN_LBottomLip_3
f 2203/2170/3324 2241/1508/3323 2240/2131/3332 2201/2172/3333
g !BN_LTopLip_4
f 2241/1508/3323 2276/1506/2653 2275/1693/2652 2240/2131/3332
g Bip001 Head
f 3451/2173/3334 3446/2174/3335 3445/1025/1203 3450/1024/1202
f 491/1155/1373 500/1222/3336 487/1219/3337 488/1156/1374
g !BN_RBrow_1
f 45/718/640 115/717/3338 114/712/800 47/716/638
g !BN_RCheek_4
f 1835/703/1771 1816/1707/2260 1817/58/1813
g !BN_LCheek_4
f 2325/1706/3339 2345/1391/3302 2323/703/791 2324/1707/3340
g !BN_LTopLip_4
f 2244/1101/1293 2281/1615/2117 2280/1898/3185 2279/1542/2009
g !BN_LToplid
f 495/1132/1345 496/411/443 494/609/671 493/1143/1358
g Bip001 Head
f 1327/1045/2920 1325/1046/3151 1326/161/166 1315/160/165
g !BN_Jaw
f 2248/2171/3329 2285/2175/3341 2284/1519/1971 2247/1518/1970
g Bip001 Head
f 1967/1446/1862 1983/2176/3342 1982/604/666 1968/1445/1861
f 292/168/173 289/1030/1466 290/1029/1467 291/1028/1471
g !BN_RBrow_3
f 40/577/3343 58/600/3344 57/601/3345 38/576/627
g Bip001 Head
f 1221/1634/2752 1570/1635/3129 1568/2112/3116 1569/1990/2753
f 2308/1559/2037 2024/602/663 2023/42/3346 2306/43/2718
f 2306/43/2718 2023/42/3346 2022/41/3347 2304/44/3348
f 1966/1224/1512 1984/2177/3349 1983/2176/3342 1967/1446/1862
f 1967/1446/1862 1962/225/235 1963/216/1513 1966/1224/1512
g !BN_LBrow_3
f 2944/650/728 2916/626/691 2917/628/3350 2918/629/699
g Bip001 Head
f 2851/1303/1645 2837/1302/1644 2823/1142/1730 2850/1139/1731
f 1912/93/95 1905/48/48 1904/420/452 1911/517/3351
f 1890/518/761 1911/517/3351 1904/420/452 1892/419/451
g !BN_RBrow_1
f 107/692/777 106/591/779 98/592/2697 105/693/785
g !BN_RBottomLip_3
f 2417/2127/3352 2117/2138/3219 2118/1856/2525 2416/1855/2524
g Bip001 Head
f 1970/564/2353 1951/110/112 1952/2152/3353 1953/1698/3354
g !BN_LCheek_1
f 1957/2153/3355 1952/2152/3353 1951/110/112 1950/109/111
g !BN_LBrow_3
f 2902/598/3356 2916/626/691 2903/601/662 2894/570/3357
g Bip001 Head
f 2771/832/947 2768/831/946 2767/1459/1880 2770/840/960
f 2025/562/2036 1980/561/1685 1970/564/2353 1981/563/664
f 1969/603/665 1981/563/664 1970/564/2353 1953/1698/3354
f 1969/603/665 1953/1698/3354 1901/903/1045 1960/1924/2636
f 1902/2135/3358 1960/1924/2636 1901/903/1045 1895/902/1044
f 1894/421/453 1902/2135/3358 1895/902/1044 1893/481/517
f 1872/518/561 1888/680/1854 1887/482/3095 1853/419/562
f 1853/419/562 1887/482/3095 1886/481/3211 1854/421/3210
f 939/1145/2149 952/1364/2148 953/372/920 940/812/919
g !BN_Tingue_2
f 3165/447/479 3181/446/478 3180/1593/2091 3166/1833/2495
g Bip001 Head
f 1886/481/3211 1946/1054/2314 1945/905/3359 1885/902/3212
f 1885/902/3212 1945/905/3359 1944/904/2789 1884/903/3360
f 1855/2135/3213 1848/226/3361 1850/227/3362 1854/421/3210
f 1854/421/3210 1850/227/3362 1852/420/563 1853/419/562
f 1852/420/563 1850/227/3362 1849/47/3363 1851/48/3364
f 1868/45/3365 1851/48/3364 1849/47/3363 1867/46/226
f 1867/46/226 1918/218/225 1917/2178/3366 1868/45/3365
g !BN_LCheek_4
f 2320/11/57 2321/704/792 2319/206/1969 2318/10/2389
g Bip001 Head
f 1870/93/3367 1851/48/3364 1868/45/3365 1869/92/3368
f 1873/2179/3369 2042/2180/3370 1872/518/561 1871/517/560
f 1870/93/3367 1874/94/96 1873/2179/3369 1871/517/560
f 1869/92/3368 1875/91/93 1874/94/96 1870/93/3367
f 644/1359/1873 650/1370/3371 649/1302/3372 646/1142/1357
f 1875/91/93 1915/2181/3373 1914/2182/3374 1913/92/94
f 1914/2182/3374 1909/2178/3375 1907/45/45 1913/92/94
g !BN_RTopLip_1
f 2011/1221/1619 2533/2183/2046 2535/2184/2045 2012/1616/3376
g Bip001 Head
f 1910/218/2039 1964/217/1514 1963/216/1513 1908/46/46
g !BN_Jaw
f 2198/1097/1889 2211/318/337 2210/539/1409 2199/1096/3377
g Bip001 Head
f 2305/1254/3378 2304/44/3348 2302/1418/3379 2303/1337/1692
f 2307/1253/2719 2306/43/2718 2304/44/3348 2305/1254/3378
f 2308/1559/2037 2025/562/2036 1981/563/664 2024/602/663
f 1444/1196/2481 1434/1197/2936 1436/1474/1903 1443/1387/1763
f 651/1369/3380 636/1368/3381 634/1295/3382 600/1294/3051
f 3452/2185/3383 3359/1576/2061 3346/1739/2309 3358/1652/3384
f 1926/1253/1566 1932/790/894 1925/1254/1567
f 2307/1253/2719 2333/790/2591 2334/1584/2664 2309/1560/2038
f 659/1372/3385 664/1378/1945 665/1379/1944 657/1059/3386
f 434/1108/1301 425/182/1287 424/1080/1268 433/293/311
f 1589/1509/1948 1179/4/4 1596/2006/2802 1590/1622/2132
g !BN_LCheek_2
f 1972/1674/2210 1954/2047/2950 1955/2050/2953 1949/108/110
g !BN_LCheek_1
f 1956/2186/3387 1950/109/111 1949/108/110 1955/2050/2953
g !BN_RCheek_1
f 1880/109/3250 1941/2153/3249 1940/2186/3388
g !BN_LCheek_3
f 1397/1180/3209 1391/1349/1713 1392/1348/1712 1396/439/3280
g Bip001 Head
f 1877/1698/2250 1944/904/2789 1943/1999/2790
f 1884/903/3360 1944/904/2789 1877/1698/2250
f 1893/481/517 1898/1054/1239 1897/1743/3389 1891/482/518
f 3775/2187/3390 3853/2159/3391 3776/2156/3392 3777/2188/3393
g !BN_RCheek_1
f 1882/107/3394 1878/110/3251 1880/109/3250 1881/108/3395
g !BN_LBrow_2
f 1691/1334/2731 1237/1976/2732 1235/114/379 1690/111/3256
g Bip001 Head
f 2723/911/1059 2727/391/417 2726/390/416 2724/859/988
g !BN_LCheek_1
f 1957/2153/3355 1950/109/111 1956/2186/3387
g !BN_RCheek_1
f 1942/2148/3396 1165/2149/2788 1941/2153/3249 1879/2152/3248
g Bip001 Head
f 1877/1698/2250 1943/1999/2790 1942/2148/3396 1879/2152/3248
f 1900/904/1046 1953/1698/3354 1959/1999/3397
f 1901/903/1045 1953/1698/3354 1900/904/1046
f 1856/1924/3398 1846/1445/3399 1848/226/3361 1855/2135/3213
f 1849/47/3363 1850/227/3362 1848/226/3361 1847/225/3400
f 1867/46/226 1849/47/3363 1847/225/3400 1866/216/223
g !BN_RBottomLip_3
f 2415/363/386 2475/362/385 2473/2189/1726 2416/1855/2524
g Bip001 Head
f 1865/1224/3401 1920/1225/3402 1919/217/224 1866/216/223
f 1847/225/3400 1848/226/3361 1846/1445/3399 1845/1446/3403
f 1857/603/2249 1844/604/3404 1846/1445/3399 1856/1924/3398
g !BN_LTopLip_4
f 1794/1888/2572 4110/2167/3405 4113/2190/3406 1795/1886/2570
g !BN_RCheek_1
f 1883/561/612 1876/564/615 1878/110/3251 1882/107/3394
g !BN_RCheek_2
f 1881/108/3395 1937/1674/2254 1936/834/950 1882/107/3394
f 2104/2191/3407 1937/1674/2254 1938/2047/3408 2033/2192/339
g !BN_RCheek_3
f 2105/993/1159 2106/996/1162 2091/204/211 2092/2193/3409
g !BN_LCheek_3
f 1973/2191/3410 1977/2193/3411 1976/993/3412
g !BN_RCheek_2
f 2104/2191/3407 2092/2193/3409 2094/2194/3413 2103/1703/2255
g !BN_LCheek_2
f 1972/1674/2210 1978/1703/3414 1973/2191/3410
g !BN_LTopLip_4
f 2234/1923/3415 4113/2190/3406 4109/398/2579 2233/2044/2938
g Bip001 Head
f 1882/107/3394 1936/834/950 1935/833/949 1883/561/612
f 1216/1533/1994 1670/18/3255 1669/19/2346 1217/143/148
f 1859/602/2056 1844/604/3404 1857/603/2249 1858/563/614
g !BN_LToplid
f 510/1050/1235 511/126/128 509/1228/1996 508/1227/3416
g Bip001 Head
f 1864/2177/3417 1921/1367/1740 1920/1225/3402 1865/1224/3401
g !BN_RTopLip_2
f 1921/1367/1740 1997/201/1739 1996/202/1621 1920/1225/3402
g !BN_RTopLip_1
f 1919/217/224 1995/1220/1620 1994/1561/3418 1918/218/225
f 1917/2178/3366 1993/1192/3419 1992/1193/3420 1916/2182/3421
g Bip001 Head
f 974/1895/2727 975/1873/2551 972/1258/2465 973/1815/2464
g !BN_RTopLip_1
f 1915/2181/3373 1991/2195/3422 1990/1193/1424 1914/2182/3374
g !BN_LTopLip_4
f 1774/53/3423 1787/876/1006 1773/1064/1249 1775/56/3424
g !BN_RTopLip_1
f 1909/2178/3375 1989/1192/1423 1988/1561/2040 1910/218/2039
g !BN_LTopLip_2
f 1964/217/1514 1987/1220/1503 1986/202/209 1965/1225/1515
g Bip001 Head
f 2300/1366/3425 2021/1365/3426 1985/1367/3427 2020/201/208
f 2335/1335/1689 2303/1337/1692 2302/1418/3379 2301/2196/3428
f 1930/1336/3429 2001/1532/2891 2000/1335/2890
g !BN_LTopLip_4
f 2330/2169/3430 1794/1888/2572 1792/998/1165 1793/997/1164
g !BN_RBottomLip_4
f 2004/2134/3431 2002/1530/3432 2003/2169/3315
g Bip001 Head
f 209/861/1077 216/860/3020 207/856/3433 208/862/3434
f 2335/1335/1689 2340/2022/3435 2339/2023/3198 2336/1532/1993
f 2007/2197/3436 2000/1335/2890 2006/2022/2889
f 2007/2197/3436 1999/2196/3437 2000/1335/2890
f 2299/2198/3438 3439/2199/3439 2341/2197/3440 2301/2196/3428
f 2008/2198/3441 1998/1366/1738 1999/2196/3437
f 1744/99/101 1158/1766/2824 1157/1767/2828 1159/100/102
f 2009/200/270 1997/201/1739 1998/1366/1738
f 422/1066/1251 421/1079/1267 420/1185/1412 541/271/285
f 1698/78/3271 1685/2147/3259 1684/20/3260 1681/273/3225
f 2566/303/322 2564/304/2144 2551/2185/3442 2565/2200/3443
g !BN_Tingue_2
f 3191/1243/1552 3175/1449/1865 3176/1557/2034 3190/1240/1549
g !BN_RTopLip_1
f 2015/1194/1425 1990/1193/1424 1991/2195/3422 2291/2201/3444
f 2014/1194/1534 1992/1193/3420 1993/1192/3419 2013/1191/1531
f 2013/1191/1531 1993/1192/3419 1994/1561/3418 2012/1616/3376
g !BN_LBrow_2
f 2978/418/450 2964/417/449 2965/717/805 2977/729/817
g Bip001 Head
f 1863/41/41 1922/1365/1737 1921/1367/1740 1864/2177/3417
f 1864/2177/3417 1843/2176/3445 1860/42/42 1863/41/41
f 1859/602/2056 1860/42/42 1843/2176/3445 1844/604/3404
f 1883/561/612 1935/833/949 1934/1558/2077 1928/562/613
g !BN_LTopLip_4
f 1795/1886/2570 4113/2190/3406 2234/1923/3415 2271/1596/3446
g !BN_LCheek_3
f 2029/207/2387 1975/204/3290 1977/2193/3411
g !BN_LBrow_3
f 2930/651/729 2954/698/786 2973/700/788 2931/699/787
g !BN_LCheek_3
f 2031/2101/3447 1975/204/3290 2030/205/1968
g !BN_RCheek_2
f 1938/2047/3408 1742/2048/3024 2033/2192/339
g !BN_LCheek_1
f 1955/2050/2953 2050/2049/2952 2049/2202/3221 1956/2186/3387
g !BN_RCheek_1
f 1941/2153/3249 1165/2149/2788 1164/2203/2787
g !BN_RBottomLip_4
f 2076/1886/2798 2066/1887/2797 2078/1597/2095 2077/1596/2094
g Bip001 Head
f 976/1896/2587 977/1874/2552 975/1873/2551 974/1895/2727
f 1959/1999/3397 2046/1998/968 199/1997/3448 1900/904/1046
f 1900/904/1046 199/1997/3448 2045/2204/3449 1899/905/1047
f 774/1719/2272 819/211/2334 818/208/2333 775/1717/2269
f 1898/1054/1239 2044/1745/3450 201/1744/3451 1897/1743/3389
f 1948/1441/1857 2039/1744/978 1947/1743/2313
f 1948/1441/1857 2043/2205/979 2039/1744/978
f 1948/1441/1857 2040/1440/1856 2043/2205/979
f 1896/1441/3452 2040/1440/1856 2041/1439/1855 1889/680/760
f 1579/1988/2747 1557/2106/3144 1559/2108/3143 1578/139/3107
f 1872/518/561 2042/2180/3370 2041/1439/1855 1888/680/1854
f 1896/1441/3452 2043/2205/979 2040/1440/1856
f 1896/1441/3452 201/1744/3451 2043/2205/979
f 1897/1743/3389 201/1744/3451 1896/1441/3452
f 2302/1418/3379 2021/1365/3426 2300/1366/3425 2301/2196/3428
f 1946/1054/2314 2038/1745/1746 2037/2204/970 1945/905/3359
g !BN_RBrow_1
f 2948/686/767 2952/693/776 2953/692/775 2947/683/764
g Bip001 Head
f 1943/1999/2790 2717/1998/940 2035/2151/3453 1942/2148/3396
g !BN_RCheek_1
f 1942/2148/3396 2035/2151/3453 1166/2150/2820 1165/2149/2788
g !BN_LCheek_1
f 1957/2153/3355 1196/2203/2786 2048/2149/2374
g !BN_RCheek_1
f 1941/2153/3249 1164/2203/2787 1743/2202/104 1940/2186/3388
g !BN_RCheek_2
f 1939/2050/3454 2034/2049/2352 1742/2048/3024 1938/2047/3408
g !BN_LCheek_2
f 1954/2047/2950 2051/2192/3216 1676/2048/2951
g Bip001 Head
f 1220/1680/2754 1569/1990/2753 1567/141/146 1219/140/145
g !BN_Tingue_3
f 3191/1243/1552 3198/1242/1551 3197/1588/2082 3192/1447/1863
g !BN_LCheek_3
f 1974/996/3455 1395/2206/3456 2052/995/3226
f 2032/2207/3457 1395/2206/3456 1974/996/3455
g Bip001 Head
f 3709/1168/3458 3708/1169/2498 3627/2055/2497 3707/2056/3459
g !BN_LCheek_4
f 2031/2101/3447 2053/2102/3279 1396/2208/3280
g !BN_LCheek_3
f 2031/2101/3447 2032/2207/3457 1974/996/3455 1975/204/3290
g !BN_LCheek_4
f 1771/1392/1967 1772/2166/1271 2053/2102/3279
g !BN_LTopLip_4
f 2317/9/2059 1778/1063/1248 1781/1062/1247 1803/12/58
g Bip001 Head
f 2548/2173/3460 2555/2209/3461 2554/1166/2106 2547/1024/3462
f 3621/1819/2473 3618/1656/2181 3663/1655/2180 3619/1820/2474
g !BN_LTopLip_4
f 1788/1320/3463 1786/297/315 1787/876/1006 1774/53/3423
f 1790/294/312 1786/297/315 1788/1320/3463 1789/999/1166
g Bip001 Ponytail11
f 2627/2210/3464 2676/2211/3465 2675/2212/3466 2628/2213/3467
g Bip001 Head
f 1899/905/1047 2045/2204/3449 2044/1745/3450 1898/1054/1239
g !BN_LTopLip_4
f 1802/733/822 1781/1062/1247 1780/1061/1246 1782/150/155
g Bip001 Head
f 3620/1778/2472 3721/2074/3017 3720/1503/1936 3722/1502/1935
f 904/1845/2509 1015/1256/2556 894/1146/1362 884/1827/2492
g !BN_LTopLip_4
f 3447/2214/3468 3354/2215/3469 3353/1251/3470 3419/2085/3471
g !BN_LBrow_4
f 1695/77/771 1698/78/3271 1681/273/3225 1682/689/772
g !BN_LTopLip_4
f 1796/1597/2784 2271/1596/3446 2235/1595/3148 2272/960/1123
g Bip001 Head
f 3756/2216/3472 3746/2217/3473 3737/106/108 3747/1942/3093
g !BN_LTopLip_4
f 1797/1014/2785 2273/959/1122 2274/1695/3238 1798/1015/3474
f 1797/1014/2785 1785/295/313 1791/1887/2571 1796/1597/2784
g Bip001 Head
f 950/1361/2651 949/1362/2654 947/1497/2599 948/1878/2598
g !BN_RBottomLip_4
f 2084/788/892 2064/999/3314 2083/997/3313
g !BN_LTopLip_4
f 2328/788/2590 1789/999/1166 1788/1320/3463 2327/791/2665
g !BN_RToplid
f 363/582/635 374/1132/1499 373/411/1502 328/410/636
g Bip001 Head
f 2797/52/52 2795/1282/1617 2804/1377/1753 2803/1331/2079
g !BN_LTopLip_4
f 1773/1064/1249 1778/1063/1248 1777/1574/2058 1775/56/3424
g !BN_Jaw
f 2450/174/179 2460/1782/2392 2444/814/2391 2445/815/3331
g !BN_LTopLip_4
f 2318/10/2389 2316/1780/2388 2315/1573/2057 2317/9/2059
g !BN_RCheek_3
f 2093/207/214 2092/2193/3409 2091/204/211
g Bip001 Head
f 4060/104/1591 4061/105/481 4047/2218/3475 4038/1269/1592
g !BN_LTopLip_4
f 2313/465/499 1777/1574/2058 2315/1573/2057 2314/462/496
f 2313/465/499 1776/55/3476 1775/56/3424 1777/1574/2058
f 2326/54/2663 1774/53/3423 1775/56/3424 1776/55/3476
g Bip001 Head
f 1016/1853/2640 1014/1257/2555 1013/1872/2550 1012/1271/2543
g !BN_LTopLip_4
f 2311/1585/3477 2334/1584/2664 2326/54/2663 1776/55/3476
g !BN_Jaw
f 1819/1099/3478 1810/1641/3479 1808/1507/1942 1811/1102/2191
g !BN_LCheek_2
f 2314/462/496 2028/2194/3480 1978/1703/3414 2027/463/497
g Bip001 Head
f 1560/2015/3481 1559/2108/3143 1557/2106/3144 1558/309/2758
g !BN_RCheek_3
f 2105/993/1159 2092/2193/3409 2104/2191/3407
g !BN_Jaw
f 2156/2219/3482 2161/2087/3483 2154/1570/3484 2155/2220/3485
f 2184/2086/3486 2160/1470/1895 2154/1570/3484 2161/2087/3483
g !BN_LBottomLip_3
f 2156/2219/3482 2163/2221/3487 2162/265/279 2161/2087/3483
f 2184/2086/3486 2161/2087/3483 2162/265/279 2186/264/278
g !BN_Jaw
f 2110/1470/2052 2115/1468/2406 2114/2086/3048
g Bip001 Head
f 808/460/2322 809/1749/2401 807/1786/2540 806/459/2319
g !BN_LBottomLip_3
f 2186/264/278 2185/2138/3488 2183/1856/3489 2184/2086/3486
g !BN_RBrow_3
f 1737/1332/1686 1736/1973/3234 1734/2142/3235 1735/1452/1869
g !BN_LTopLip_4
f 3416/2084/3490 3406/1252/3491 3407/2222/3492 3415/1981/2736
g !BN_Jaw
f 2110/1470/2052 2123/34/34 2122/1469/2083
f 2154/1570/3484 2160/1470/1895 2152/34/1894 2153/35/3493
f 2153/35/3493 2167/1098/3494 2155/2220/3485 2154/1570/3484
f 2199/1096/3377 2167/1098/3494 2168/36/3495 2198/1097/1889
f 2127/36/36 2124/35/35 2125/1098/1290
f 2151/33/3496 2168/36/3495 2153/35/3493 2152/34/1894
g Bip001 Head
f 470/1137/1352 471/524/569 469/1130/1332 468/283/297
g !BN_Jaw
f 2131/90/92 2121/89/91 2130/1636/2201
g Bip001 Head
f 3763/224/234 3767/191/233 3765/192/3497 3766/2223/3498
g !BN_Jaw
f 2198/1097/1889 2168/36/3495 2169/1125/1321 2197/1319/1660
f 2135/1125/2021 2128/33/33 2127/36/36
g !BN_LBrow_2
f 2961/2118/808 2889/471/505 2888/60/62 2962/59/61
g !BN_Jaw
f 2138/1321/1665 2130/1636/2201 2137/301/319
g !BN_RBrow_3
f 73/631/701 83/648/1448 82/649/3499 75/633/703
g !BN_Jaw
f 2176/1666/3500 2174/1995/3501 2173/1842/2505 2175/894/1032
g Bip001 Ponytail1
f 2630/1089/1279 2674/2224/3502 2673/2225/3503 2631/1087/1277
g Bip001 Head
f 3526/989/1153 3513/966/1129 3512/949/1109 3527/948/1108
f 253/949/2830 254/948/3504 270/951/1343 252/950/3505
f 575/1211/1472 290/1029/1467 288/1203/1457 574/1202/1456
g !BN_Jaw
f 2213/1318/1659 2251/1420/3506 2250/316/335 2212/315/334
g Bip001 Ponytail21
f 2695/1306/1648 2650/1284/3507 2651/1283/3508 2694/1304/1646
g Bip001 Head
f 2844/1294/1636 2839/1369/1743 2838/1370/1744 2835/1296/1638
g !BN_LBottomLip_3
f 2155/2220/3485 2157/2226/3509 2156/2219/3482
g Bip001 Head
f 3515/972/1156 3514/969/1132 3513/966/1129 3526/989/1153
f 2655/1106/3510 2656/1103/3511 2652/1904/2603 2653/1903/2602
g !BN_RBottomLip_3
f 2389/2226/3512 2108/2219/3513 2391/2221/3514 2390/1751/2328
g Bip001 Head
f 1845/1446/3403 1846/1445/3399 1844/604/3404 1843/2176/3445
g !BN_Jaw
f 2155/2220/3485 2167/1098/3494 2166/2122/3515
f 2153/35/3493 2168/36/3495 2167/1098/3494
f 2151/33/3496 2169/1125/1321 2168/36/3495
g !BN_LCheek_5
f 1422/1941/2673 1446/27/27 1418/26/26 1420/413/445
g Bip001 Head
f 594/1286/1630 668/1382/3308 667/1381/3516 592/1285/2064
f 531/1149/1366 532/679/1350 530/1138/1353 529/64/1337
g !BN_Jaw
f 2115/1468/2406 2121/89/91 2120/88/90 2119/1857/2526
f 2115/1468/2406 2119/1857/2526 2118/1856/2525 2114/2086/3048
g Bip001 Head
f 2368/1614/3517 1838/1615/3188 1837/1898/2593 2367/1897/2592
f 3777/2188/3393 3658/1800/3518 3778/2227/3519 3774/2228/3520
f 184/823/932 2045/848/3449 199/847/3448 186/821/930
g !BN_Jaw
f 2182/1468/1892 2160/1470/1895 2184/2086/3486
f 2180/89/2582 2159/1469/1893 2182/1468/1892
f 2178/90/2154 2158/1636/2156 2180/89/2582
f 2176/1666/3500 2172/1321/2155 2178/90/2154
f 2138/1321/1665 2143/895/1664 2142/894/2768 2139/1666/2200
f 2135/1125/2021 2146/1124/3521 2145/299/317 2136/298/316
f 2134/1319/3522 2147/1317/3523 2146/1124/3521 2135/1125/2021
g Bip001 Head
f 3779/2229/3524 3656/2230/3525 3655/2231/3526 3654/2232/3527
g !BN_RBottomLip_4
f 2085/791/895 2062/1320/1663 2064/999/3314 2084/788/892
g !BN_Jaw
f 2386/2123/3157 1828/2172/3528 1809/2170/3529 1827/1183/3530
f 1827/1183/3530 1809/2170/3529 1810/1641/3479 1820/1184/3531
f 1819/1099/3478 1821/1214/3532 1820/1184/3531 1810/1641/3479
f 1826/540/589 1820/1184/3531 1821/1214/3532 1823/1213/3327
f 2384/539/588 1827/1183/3530 1820/1184/3531 1826/540/589
f 2383/318/591 2126/1097/1289 2385/1096/1288 2384/539/588
f 2383/318/591 2133/315/3533 2134/1319/3522 2126/1097/1289
f 2133/315/3533 2148/1318/1827 2147/1317/3523 2134/1319/3522
f 2403/2000/2791 2147/1317/3523 2148/1318/1827 2402/1419/1826
g !BN_RBottomLip_1
f 2404/2003/2794 2146/1124/3521 2147/1317/3523 2403/2000/2791
f 2405/957/3534 2145/299/317 2146/1124/3521 2404/2003/2794
f 2406/956/3535 2144/300/318 2145/299/317 2405/957/3534
f 2407/242/3536 2143/895/1664 2144/300/318 2406/956/3535
f 2408/239/3537 2142/894/2768 2143/895/1664 2407/242/3536
g !BN_LToplid
f 509/1228/1996 520/1230/1604 507/1226/1582 506/583/1334
g !BN_RBottomLip_1
f 2411/1640/2161 2141/1842/2769 2409/1843/3538 2410/557/2159
g !BN_Jaw
f 2412/1625/2136 2140/1995/2770 2141/1842/2769 2411/1640/2161
g Bip001 Head
f 175/773/3539 166/774/3540 167/793/897 174/792/896
g !BN_Jaw
f 2414/360/383 2120/88/90 2132/87/89 2413/1582/2139
f 2415/363/386 2119/1857/2526 2120/88/90 2414/360/383
g !BN_LTopLip_4
f 2188/267/281 2187/2139/3541 2185/2138/3488 2186/264/278
g !BN_RBottomLip_4
f 2418/1393/1777 2116/2139/3220 2117/2138/3219 2417/2127/3352
f 2419/435/1780 2397/2043/3542 2116/2139/3220 2418/1393/1777
f 2419/435/1780 2396/432/3543 2395/2044/3544 2397/2043/3542
f 2394/1923/2630 2400/1922/2629 2397/2043/3542 2395/2044/3544
g !BN_Jaw
f 3383/2233/3545 3374/2234/3546 3373/2235/3547 3372/2236/3548
g !BN_RTopLip_1
f 2017/1616/2122 2290/2184/3549 3433/2183/3550 2018/1221/1504
g !BN_RBottomLip_4
f 2392/961/2749 2082/958/2326 2390/1751/2328 2391/2221/3514
g Bip001 Ponytail2
f 2667/2237/3551 671/2238/398 2666/2224/3552 2665/2225/3553
g !BN_RBrow_2
f 1739/111/113 1716/1333/1687 1712/1936/2662 1715/112/114
g Bip001 Head
f 1023/1662/1908 1024/16/2189 1022/1885/2569 828/1884/1909
g !BN_Jaw
f 1819/1099/3478 1811/1102/2191 1814/1101/3189 1818/1100/3554
f 1822/1521/3555 1821/1214/3532 1819/1099/3478 1818/1100/3554
f 1824/1518/3328 1823/1213/3327 1821/1214/3532 1822/1521/3555
f 2208/1213/1479 2248/2171/3329 2247/1518/1970
g Bip001 Head
f 1213/1991/2757 1561/138/3108 1559/2108/3143 1560/2015/3481
g !BN_Jaw
f 2381/316/3556 2133/315/3533 2383/318/591 2382/317/590
g Bip001 Head
f 1169/1204/1459 1160/1205/1649 1168/1307/959 196/1663/2193
g !BN_Tingue_2
f 3085/2239/3557 3073/1966/2722 3074/1965/2721 3084/159/164
g !BN_Tingue
f 3183/1033/1215 3149/2240/3558 3242/2241/3559 3184/1032/1214
g !BN_RBottomLip_1
f 2404/2003/2794 2256/2002/2793 2257/2242/3560 2405/957/3534
f 2407/242/3536 2259/241/252 2260/240/251 2408/239/3537
f 2410/557/2159 2262/560/611 2263/559/602 2495/558/601
g !BN_Jaw
f 2382/317/590 1826/540/589 1823/1213/3327 1825/2171/3326
g !BN_RBottomLip_1
f 3361/1490/1922 3378/552/1745 3377/2104/3097 3385/2243/3561
g !BN_Jaw
f 2413/1582/2139 2422/1627/2138 2477/361/384 2414/360/383
g Bip001 Head
f 1092/1350/2650 1098/280/2876 1093/1959/2874 2569/1958/2707
g !BN_Tingue
f 3222/2244/3562 3234/2245/3563 3233/1480/1911 3232/962/1125
g Bip001 Head
f 906/1827/2557 910/1844/2510 909/199/2503 907/1840/2501
g !BN_RBottomLip_4
f 2417/2127/3352 2421/2126/1874 2472/1394/1778 2418/1393/1777
f 2419/435/1780 2420/434/1779 2470/433/3564 2396/432/3543
g !BN_LTopLip_4
f 2232/432/464 2270/399/2578 2269/433/465
g Bip001 Head
f 1879/2152/3248 1878/110/3251 1876/564/615 1877/1698/2250
g !BN_RBottomLip_4
f 2395/2044/3544 30/398/429 2074/2190/3565 2394/1923/2630
g Bip001 Head
f 2530/2246/3566 2531/2247/272 2529/938/271 2528/937/1097
g !BN_RBottomLip_4
f 2392/961/2749 2079/960/2096 2081/959/3008 2082/958/2326
f 2072/1695/2248 2425/1694/2247 2082/958/2326 2081/959/3008
g Bip001 Head
f 3882/1426/3567 3883/2248/3568 3881/2249/3569 3880/1425/3570
g !BN_RBottomLip_4
f 2427/1693/2246 1829/2131/3183 2426/1750/2327 2425/1694/2247
f 2396/432/3543 2470/433/3564 2878/2250/3571 29/399/430
g !BN_LBrow_2
f 2887/62/64 2886/61/63 2885/585/644 2966/586/806
g Bip001 Head
f 2826/1356/1723 2827/1355/1722 2825/1360/1728 2824/1359/1727
g !BN_Jaw
f 1839/1612/3572 1818/1100/3554 1814/1101/3189 1838/1615/3188
f 1840/1520/3573 1822/1521/3555 1818/1100/3554 1839/1612/3572
f 1841/1519/3574 1824/1518/3328 1822/1521/3555 1840/1520/3573
g Bip001 Head
f 234/910/1060 239/911/3575 238/391/1072 235/913/3576
g !BN_Jaw
f 2380/2251/3577 1825/2171/3326 1842/2175/3578 2374/2252/3579
f 2379/2253/3580 2149/1420/1828 2381/316/3556 2380/2251/3577
f 2401/1421/1829 2149/1420/1828 2379/2253/3580 2378/2254/3581
f 2378/2254/3581 2289/2255/3582 2253/2256/3583 2401/1421/1829
g !BN_RCheek_1
f 1880/109/3250 1940/2186/3388 1939/2050/3454 1881/108/3395
g !BN_RTopLip_1
f 2014/1194/1534 2538/1232/1533 2292/2257/3584 2291/2201/3444
g !BN_RBrow_4
f 76/634/709 51/595/654 74/632/702 75/633/703
g !BN_RTopLip_1
f 2015/1194/1425 3429/1232/3585 3430/1231/3586 2016/1191/1422
f 2016/1191/1422 3430/1231/3586 2290/2184/3549 2017/1616/2122
g Bip001 Head
f 3981/2146/3587 3982/70/3588 3979/67/139 3980/2145/3589
f 1890/518/761 2042/2180/3370 1873/2179/3369 1911/517/3351
f 2008/2198/3441 2527/2199/1098 2529/258/271
f 2007/2197/3436 2293/2258/1695 2527/2199/1098
f 3607/645/2658 3817/1934/2657 3816/2128/3590 3818/2078/3222
f 2340/2022/3435 2343/2259/3591 3426/2260/2954 2339/2023/3198
g !BN_RBottomLip_4
f 2004/2134/3431 2297/401/432 2296/402/433
g Bip001 Head
f 236/901/3592 229/900/3078 228/899/1039 4129/898/1036
f 2301/2196/3428 2300/1366/3425 2299/2198/3438
f 1923/1418/1825 1999/2196/3437 1998/1366/1738 1922/1365/1737
g !BN_LBrow_3
f 2925/637/713 2957/724/810 2956/643/721 2926/642/720
g Bip001 Head
f 1927/1559/2055 1933/1560/2076 1926/1253/1566 1861/43/43
f 1928/562/613 1934/1558/2077 1933/1560/2076 1927/1559/2055
g !BN_LTopLip_4
f 2188/267/281 2190/1922/3149 2189/2043/2937 2187/2139/3541
g !BN_RBottomLip_4
f 2101/464/948 2096/465/3277 2097/55/55 2100/1585/2078
f 2102/463/951 2095/462/3593 2096/465/3277 2101/464/948
f 2089/1573/3594 2095/462/3593 2094/2194/3413 2090/1780/3595
f 2878/1979/3571 2459/1982/3596 2520/1981/3597 2526/1980/3598
g !BN_LCheek_4
f 2324/1707/3340 2323/703/791 2322/58/60
g Bip001 Head
f 341/185/190 348/1109/1430 347/1108/1426 342/182/187
g !BN_RBottomLip_4
f 1832/57/2982 1817/58/1813 1816/1707/2260 1813/608/3320
f 2464/914/2521 2463/915/2276 2454/1665/2275 2456/2261/3599
g Bip001 Head
f 2874/72/1694 2875/73/1693 2862/1620/2443 2863/248/260
f 279/1013/839 278/756/854 3605/757/855 277/1012/841
g !BN_RBottomLip_4
f 2089/1573/3594 2054/9/9 2055/1063/2679 2088/1574/3278
g Bip001 Head
f 2549/2214/3600 2556/2215/3601 2555/2209/3461 2548/2173/3460
g !BN_RBottomLip_4
f 2085/791/895 2098/54/54 2086/53/53 2062/1320/1663
g Bip001 Head
f 823/209/2335 841/210/2108 840/1609/2111 825/1685/2338
g !BN_LTopLip_4
f 2329/1531/1992 1789/999/1166 2328/788/2590
f 2329/1531/1992 1793/997/1164 1789/999/1166
g !BN_RBottomLip_4
f 2083/997/3313 2003/2169/3315 2002/1530/3432 1929/1531/3602
g !BN_RCheek_4
f 1088/1949/2692 1089/1551/2706 1087/1552/2702 1086/1950/2693
g !BN_LTopLip_4
f 2330/2169/3430 2338/2134/3199 2342/401/3603
f 2329/1531/1992 2332/789/1691 2331/1336/1690
g Bip001 Head
f 1212/988/1152 1213/1991/2757 1560/2015/3481 1211/986/1149
g !BN_LTopLip_4
f 2327/791/2665 2333/790/2591 2328/788/2590
g !BN_RBottomLip_4
f 2085/791/895 1932/790/894 2099/1584/2075 2098/54/54
g Bip001 Head
f 2305/1254/3378 2333/790/2591 2307/1253/2719
f 1925/1254/1567 1932/790/894 1931/789/893 1924/1337/1824
f 1930/1336/3429 2000/1335/2890 1924/1337/1824 1931/789/893
f 2336/1532/1993 2331/1336/1690 2335/1335/1689
g !BN_RBottomLip_4
f 1929/1531/3602 2002/1530/3432 2001/1532/2891 1930/1336/3429
g !BN_LTopLip_4
f 2337/1530/1991 2338/2134/3199 2330/2169/3430
g !BN_RBottomLip_4
f 2005/2023/2892 2001/1532/2891 2002/1530/3432 2004/2134/3431
g Bip001 Head
f 3640/2262/3604 3634/2263/3605 3633/2264/3267 3642/2265/3606
f 2335/1335/1689 2341/2197/3440 2340/2022/3435
f 2301/2196/3428 2341/2197/3440 2335/1335/1689
g !BN_RBottomLip_4
f 2076/1886/2798 2074/2190/3565 2441/2167/3304 2075/1888/2795
g !BN_LTopLip_4
f 2338/2134/3199 3425/402/2957 2342/401/3603
g !BN_RBottomLip_4
f 2004/2134/3431 2296/402/433 2295/2260/3607 2005/2023/2892
g Bip001 Head
f 236/901/3592 4129/898/1036 4128/912/3608 235/913/3576
f 2006/2022/2889 2294/2259/3609 2293/2258/1695 2007/2197/3436
f 2341/2197/3440 3439/2199/3439 2344/2258/3610
f 2299/2198/3438 3437/258/3611 3439/2199/3439
f 2300/1366/3425 2020/201/208 2298/200/207
f 1862/44/44 1923/1418/1825 1922/1365/1737 1863/41/41
g !BN_RCheek_4
f 2434/1392/1773 1834/704/1772 2432/206/213 2433/205/212
g Bip001 Head
f 701/333/2238 1050/331/2237 697/323/2235 696/326/2234
g !BN_LCheek_5
f 2325/1706/3339 2346/1899/3184 2345/1391/3302
f 2325/1706/3339 2280/1898/3185 2346/1899/3184
g !BN_RBottomLip_4
f 1837/1898/2593 1815/1542/3190 1816/1707/2260 1836/1706/2259
f 2428/149/3319 1831/605/3321 1806/606/1941 1830/1506/1940
f 2073/148/2245 2428/149/3319 1830/1506/1940 2427/1693/2246
f 2081/959/3008 2079/960/2096 2078/1597/2095 2080/1014/1185
g Bip001 Head
f 712/338/359 687/337/358 685/355/376 686/1397/2382
g !BN_LTopLip_4
f 2324/1707/3340 2279/1542/2009 2280/1898/3185 2325/1706/3339
g !BN_RBrow_2
f 111/706/2066 128/705/2065 127/728/3612 110/701/3613
g Bip001 Head
f 2369/1613/3614 1839/1612/3572 1838/1615/3188 2368/1614/3517
g !BN_LBrow_2
f 2907/613/675 2886/61/63 2888/60/62 2906/470/504
g !BN_Tingue_3
f 3228/146/151 3246/2266/3615 3140/1091/1281 3221/1090/1280
g !BN_RCheek_4
f 1748/1181/1402 1747/1948/2691 1268/1952/2895 1752/1178/1399
g Bip001 Ponytail1
f 2611/1904/3616 2680/1901/3617 2609/1113/1306 2610/1283/1622
g !BN_Jaw
f 2379/2253/3580 2380/2251/3577 2374/2252/3579 2376/499/3618
g !BN_Tingue
f 3103/2035/2923 3138/2034/1126 3137/2267/1912 3136/2268/3619
g !BN_Jaw
f 2377/134/136 2356/133/135 2289/2255/3582 2378/2254/3581
g Bip001 Head
f 2377/134/136 2376/499/3618 2375/498/1678 1640/131/133
f 2375/498/1678 2376/499/3618 2374/2252/3579 1639/2269/3069
f 2357/1775/2370 2352/2270/3620 1467/2269/3068
f 2357/1775/2370 2351/1774/2369 2352/2270/3620
f 2372/1775/3067 2371/1774/3621 2370/1773/3622 1638/1772/3065
f 1638/1772/3065 2370/1773/3622 2369/1613/3614 1637/2026/3066
f 1637/2026/3066 2369/1613/3614 2368/1614/3517 1636/2271/3142
f 213/858/984 2780/857/983 2779/852/977 2783/851/976
g !BN_LCheek_5
f 1457/1900/3062 2347/1897/3186 1459/2272/1987
f 1455/2273/3061 2346/1899/3184 1457/1900/3062
f 1454/2274/3060 2346/1899/3184 1455/2273/3061
f 1454/2274/3060 2345/1391/3302 2346/1899/3184
g !BN_LCheek_4
f 1453/2275/1272 2345/1391/3302 1454/2274/3060
f 1453/2275/1272 1772/2166/1271 2345/1391/3302
g !BN_RCheek_4
f 2360/2166/3623 2362/1391/1770 2434/1392/1773
f 2361/2275/3058 2362/1391/1770 2360/2166/3623
f 2363/2274/3057 2362/1391/1770 2361/2275/3058
g !BN_RCheek_5
f 2363/2274/3057 2364/1899/2594 2362/1391/1770
f 2365/2273/3173 2364/1899/2594 2363/2274/3057
f 2366/1900/2595 2364/1899/2594 2365/2273/3173
f 1635/2272/3064 2367/1897/2592 2366/1900/2595
g Bip001 Head
f 1459/2272/1987 2347/1897/3186 2348/1614/2116 1462/2271/3175
f 2723/911/1059 2724/859/988 2722/862/991 2721/864/993
f 851/1789/2451 855/1804/2457 852/1805/2454 847/1719/2412
f 2372/1775/3067 2373/2270/3624 2371/1774/3621
f 1639/2269/3069 2373/2270/3624 2372/1775/3067
g !BN_Jaw
f 1467/2269/3068 2352/2270/3620 2285/2175/3341 2353/2252/3625
g !BN_Tingue
f 3186/1591/2089 3240/2276/3626 3239/2115/3133 3187/2114/3132
g !BN_Jaw
f 2288/2254/3627 2355/134/541 2354/499/540 2287/2253/3628
f 2250/316/335 2286/2251/3629 2248/2171/3329 2249/317/336
g !BN_RBrow_2
f 1126/707/1986 1713/619/682 1712/1936/2662 1127/710/2661
g !BN_Jaw
f 2211/318/337 2249/317/336 2209/540/1410 2210/539/1409
f 2199/1096/3377 2210/539/1409 2202/1183/1408 2200/2123/3630
f 2200/2123/3630 2166/2122/3515 2167/1098/3494 2199/1096/3377
f 2200/2123/3630 2201/2172/3333 2165/2277/3631 2166/2122/3515
f 2155/2220/3485 2166/2122/3515 2165/2277/3631 2157/2226/3509
g !BN_LBottomLip_3
f 2165/2277/3631 2239/1750/3632 2164/1751/3633 2157/2226/3509
g !BN_LTopLip_4
f 2236/961/1124 2272/960/1123 2235/1595/3148 2191/266/280
f 2235/1595/3148 2271/1596/3446 2234/1923/3415 2190/1922/3149
g Bip001 Head
f 389/1154/1498 391/612/1510 379/609/1501 380/1143/1500
g !BN_LTopLip_4
f 2233/2044/2938 4109/398/2579 2270/399/2578 2232/432/464
g Bip001 Head
f 903/199/206 900/1840/2512 902/1837/2502 1040/196/203
g !BN_RBrow_4
f 1719/2147/3244 1709/1681/2221 1710/1492/2220 1718/1493/3231
g Bip001 Head
f 436/1195/3634 444/1036/1221 443/1039/1224 429/1094/1285
g !BN_LTopLip_4
f 2163/2221/3487 2236/961/1124 2191/266/280 2162/265/279
g !BN_RBottomLip_3
f 2389/2226/3512 2109/2220/3635 2108/2219/3513
g !BN_Jaw
f 2387/2122/3156 2125/1098/1290 2109/2220/3635
g !BN_Tingue_2
f 3102/1562/2041 3083/156/161 3084/159/164 3074/1965/2721
g !BN_Jaw
f 2214/1419/3636 2252/1421/3637 2251/1420/3506 2213/1318/1659
g Bip001 Head
f 2523/940/1099 2543/1026/1255 2542/1070/1258 2528/937/1097
g !BN_LBrow_3
f 1700/1452/3273 1687/1453/1923 1686/1493/1926 1699/75/3270
g Bip001 Head
f 433/293/311 438/292/310 435/1187/1416 434/1108/1301
g !BN_LToplid
f 508/1227/3416 509/1228/1996 506/583/1334 499/581/1333
g !BN_RBottomLip_1
f 2173/1842/2505 2221/1843/2507 2220/239/250 2175/894/1032
g Bip001 Head
f 761/1041/1226 769/1763/2435 770/1684/2225 759/1042/1227
f 1545/1112/1305 1173/1504/2813 1552/1986/2815 1546/1110/1303
g !BN_Jaw
f 2177/87/2073 2225/1582/2072 2224/1625/3638 2174/1995/3501
g Bip001 Head
f 3475/2278/3639 3476/2042/2934 3474/1875/2933 3495/1876/3005
g !BN_Jaw
f 2183/1856/3489 2228/1855/3640 2227/363/3641 2181/1857/2581
g !BN_LBottomLip_3
f 2185/2138/3488 2229/2127/3172 2228/1855/3640 2183/1856/3489
g !BN_RBottomLip_1
f 2491/552/604 2494/551/603 3360/1489/1921 2490/1490/3642
g !BN_Jaw
f 3395/816/925 3337/1515/3169 3335/1122/2817 3394/82/3643
g !BN_RBrow_1
f 1120/620/683 1714/1526/1985 1121/1646/2742 1229/1984/2740
g !BN_LTopLip_4
f 2231/435/467 3413/434/466 2268/1394/3171 2230/1393/3170
g Bip001 Head
f 4097/1798/2436 3884/2119/3644 3994/2263/3645 4098/1836/3646
g !BN_LBottomLip_3
f 2229/2127/3172 2267/2126/300 2266/2189/303 2228/1855/3640
f 2228/1855/3640 2266/2189/303 3371/362/3647 2227/363/3641
g !BN_Jaw
f 2227/363/3641 3371/362/3647 3373/361/3547 2226/360/2071
f 2225/1582/2072 3375/1627/3648 2265/1626/3649 2224/1625/3638
f 2224/1625/3638 2265/1626/3649 2264/1639/3096 2223/1640/2506
g !BN_RBottomLip_1
f 2222/557/609 2262/560/611 2261/2279/3650 2221/1843/2507
f 2221/1843/2507 2261/2279/3650 2260/240/251 2220/239/250
f 2219/242/253 2259/241/252 2258/2280/3651 2218/956/1117
f 2218/956/1117 2258/2280/3651 2257/2242/3560 2217/957/1118
f 2216/2003/2834 2256/2002/2793 2255/2001/2792 2215/2000/2835
f 2215/2000/2835 2255/2001/2792 2254/2281/3652 2214/1419/3636
g !BN_Jaw
f 2214/1419/3636 2254/2281/3652 2253/2256/3583 2252/1421/3637
f 2252/1421/3637 2288/2254/3627 2287/2253/3628 2251/1420/3506
g Bip001 Head
f 1471/131/542 2355/134/541 2356/133/135 1473/132/134
f 993/1939/2672 992/1945/2687 1238/801/908 1057/800/907
g !BN_LTopLip_4
f 1802/733/822 1782/150/155 1800/149/154 1801/605/667
f 1802/733/822 1804/57/59 1803/12/58 1781/1062/1247
g Bip001 Head
f 257/983/3159 266/982/1344 265/981/3653 258/980/2831
f 642/1356/3654 641/1355/3655 640/1353/3656 638/1354/3657
g !BN_LCheek_4
f 2323/703/791 2345/1391/3302 1771/1392/1967 2321/704/792
g !BN_RCheek_5
f 2364/1899/2594 1836/1706/2259 2362/1391/1770
f 2364/1899/2594 1837/1898/2593 1836/1706/2259
g Bip001 Head
f 2281/1615/2117 2348/1614/2116 2347/1897/3186 2280/1898/3185
g !BN_REye
f 2983/84/3658 2992/2282/3659 2987/1581/2069 2984/1580/2068
g Bip001 Head
f 2283/1520/1972 2350/1773/2368 2349/1613/2115 2282/1612/2114
f 2284/1519/1971 2351/1774/2369 2350/1773/2368 2283/1520/1972
g !BN_Jaw
f 2285/2175/3341 2352/2270/3620 2351/1774/2369 2284/1519/1971
g !BN_LBottomLip_3
f 2201/2172/3333 2240/2131/3332 2239/1750/3632 2165/2277/3631
g !BN_LTopLip_4
f 2164/1751/3633 2239/1750/3632 2238/1694/3237 2237/958/1121
f 1799/148/153 2274/1695/3238 2238/1694/3237 2275/1693/2652
g Bip001 Head
f 1558/309/2758 1557/2106/3144 1556/1987/2746 1208/308/2385
g !BN_RBrow_3
f 70/626/694 57/601/3345 58/600/3344 69/627/3660
g !BN_RCheek_3
f 2091/204/211 2435/2101/3086 2433/205/212
g !BN_RTopLip_1
f 2291/2201/3444 1991/2195/3422 1992/1193/3420 2014/1194/1534
g !BN_RCheek_4
f 2434/1392/1773 2437/2102/3087 2360/2166/3623
g !BN_LCheek_4
f 1771/1392/1967 2053/2102/3279 2031/2101/3447 2030/205/1968
g !BN_RCheek_4
f 2435/2101/3086 2438/2208/471 2437/2102/3087
g !BN_Tingue_3
f 3157/263/277 3144/262/276 3145/1932/2655 3158/1444/1860
g !BN_RCheek_3
f 2106/996/1162 1726/2206/468 2436/2207/3661
f 2106/996/1162 2439/995/1161 1726/2206/468
g !BN_LCheek_3
f 1974/996/3455 2052/995/3226 1683/994/3227 1976/993/3412
f 1976/993/3412 1683/994/3227 2051/2192/3216 1973/2191/3410
g Bip001 Head
f 1467/2269/3068 2353/2252/3625 2354/499/540 1469/498/539
g !BN_RCheek_2
f 2103/1703/2255 1937/1674/2254 2104/2191/3407
g !BN_LCheek_2
f 2027/463/497 1978/1703/3414 1972/1674/2210 1979/834/1684
g Bip001 Head
f 2312/464/498 2027/463/497 1979/834/1684 2026/833/1683
f 2312/464/498 2026/833/1683 2310/1558/2035 2311/1585/3477
f 2309/1560/2038 2334/1584/2664 2311/1585/3477 2310/1558/2035
g !BN_RTopLip_1
f 1916/2182/3421 1992/1193/3420 1991/2195/3422 1915/2181/3373
g !BN_RBottomLip_4
f 2083/997/3313 1929/1531/3602 2084/788/892
f 2003/2169/3315 2297/401/432 2004/2134/3431
f 2441/2167/3304 2442/397/428 2297/401/432
g !BN_Jaw
f 2202/1183/1408 2203/2170/3324 2201/2172/3333 2200/2123/3630
f 3397/174/3662 3332/175/3663 3334/1158/3168 3396/815/924
f 3399/172/2197 3332/175/3663 3397/174/3662 3398/173/2198
f 2382/317/590 1825/2171/3326 2380/2251/3577 2381/316/3556
g !BN_LTopLip_4
f 2330/2169/3430 2342/401/3603 4110/2167/3405 1794/1888/2572
g !BN_RBottomLip_4
f 2457/2283/3664 2459/1982/3596 2458/1668/3665
g !BN_Jaw
f 3389/1782/3666 3397/174/3662 3396/815/924 3390/814/923
f 3388/5/5 3398/173/2198 3397/174/3662 3389/1782/3666
f 2452/173/178 2462/8/2277 2461/5/3124
g Bip001 Head
f 3989/1811/3318 3864/2284/2825 3998/2285/1584 3990/1808/3316
f 1058/803/910 1075/802/909 1074/1871/2589 1073/1944/2852
f 3341/1788/2407 3349/2286/3667 3348/1606/3668 3340/1071/3669
g !BN_RBottomLip_3
f 2468/194/199 2469/1358/1725 2467/6/200
g !BN_Jaw
f 3390/814/923 3382/1781/3670 3381/1358/3671 3389/1782/3666
f 3389/1782/3666 3381/1358/3671 3380/6/6 3388/5/5
g Bip001 Head
f 1039/1844/2508 971/1816/2466 905/1255/2554 904/1845/2509
g !BN_RBottomLip_3
f 2462/8/2277 2463/915/2276 2465/7/201
g !BN_Jaw
f 2207/1214/1480 2246/1521/1973 2245/1100/1292 2206/1099/1291
g Bip001 Head
f 3767/191/233 3850/223/232 3839/1678/2216 3849/190/1818
g !BN_LTopLip_4
f 3413/1670/466 3410/1669/2203 3411/914/1064 2268/2287/3171
g Bip001 Head
f 1539/1642/3121 1145/1643/2832 1146/1237/1543 1540/1236/1542
g !BN_Leye
f 3312/2288/3672 3280/2289/3673 3279/404/3325 3288/2107/3105
g !BN_Jaw
f 3381/1358/3671 3370/1357/3674 2266/285/303 3369/194/302
f 2475/2290/385 2474/1357/1724 2473/285/1726
f 3382/1781/3670 3372/2236/3548 3371/2290/3647 3370/1357/3674
f 2477/2235/384 2476/2236/3675 2475/2290/385
g Bip001 Head
f 2805/795/901 2803/1331/2079 2804/1377/1753 2787/796/902
g !BN_Jaw
f 2476/2236/3675 2480/2233/3676 2479/1781/2390
g Bip001 Head
f 732/1733/2301 734/1736/2307 882/782/2311 733/779/2483
g !BN_Jaw
f 3391/817/926 3383/2233/3545 3382/1781/3670 3390/814/923
f 3392/1943/3677 3384/2291/3678 3383/2233/3545 3391/817/926
f 2479/1781/2390 2469/1358/1725 2474/1357/1724
f 3391/817/926 3395/816/925 3394/82/3643 3392/1943/3677
f 2487/79/81 2446/82/84 2486/1943/2675
f 3393/79/3679 3394/82/3643 3364/81/230 3363/80/1919
g !BN_LCheek_4
f 1402/231/1853 1655/1908/2894 1657/1951/3003 1401/234/2896
g Bip001 Head
f 1567/141/146 1566/2110/3115 1565/2111/3141 1218/142/147
g !BN_Jaw
f 3394/82/3643 3335/1122/2817 3365/219/227 3364/81/230
f 3364/81/230 2493/221/229 3362/1488/1920 3363/80/1919
g !BN_RBottomLip_1
f 3360/1489/1921 2494/551/603 3378/552/1745 3361/1490/1922
g !BN_Jaw
f 2489/80/82 3362/1488/1920 2493/221/229 2488/81/83
g !BN_REye
f 2990/2292/3680 3060/2293/3681 3059/2294/3682 3063/2295/3683
g !BN_Jaw
f 3376/2296/3684 2265/2297/3649 3375/2298/3648 3374/2234/3546
f 2478/2234/3685 2477/2235/384 2422/2298/2138
f 3343/2010/2819 2497/2299/3686 3366/220/228 3365/219/227
f 3336/2009/2818 3345/1738/2308 3344/1575/2060 3343/2010/2819
g Bip001 Head
f 3339/1074/3687 3345/1738/2308 3336/2009/2818 3338/1073/3688
f 3333/1072/3689 3340/1071/3669 3339/1074/3687 3338/1073/3688
f 3331/1157/2408 3341/1788/2407 3340/1071/3669 3333/1072/3689
g !BN_Jaw
f 3333/1072/3689 3338/1073/3688 3337/1515/3169 3334/1158/3168
g Bip001 Head
f 3333/1072/3689 3334/1158/3168 3332/175/3663 3331/1157/2408
f 3399/172/2197 3330/1410/1811 3331/1157/2408 3332/175/3663
f 3402/1664/2196 3400/1411/1812 3330/1410/1811 3399/172/2197
g !BN_LTopLip_4
f 3403/2283/3690 3407/2222/3492 3400/1411/1812 3402/1664/2196
f 3400/1411/1812 3407/2222/3492 3406/1252/3491 3352/1249/1809
g !BN_RCheek_4
f 1748/1181/1402 1090/1957/2705 1088/1949/2692 1747/1948/2691
g !BN_LTopLip_4
f 3419/2085/3471 3353/1251/3470 3406/1252/3491 3416/2084/3490
f 3418/2082/3691 3419/2085/3471 3416/2084/3490 3417/2083/3692
g !BN_RBottomLip_4
f 2060/875/2764 2068/296/1187 2061/297/1662 2059/876/1661
g !BN_LTopLip_4
f 3418/2082/3691 3422/2053/2956 3421/2052/2955 3420/2300/3693
g !BN_Jaw
f 2481/2291/3694 2486/1943/2675 2485/817/2677 2480/2233/3676
g Bip001 Head
f 4085/653/2142 4086/2301/536 4084/2302/3695 4083/1455/3696
f 3428/1339/3697 2344/1338/3610 3439/939/3439 3440/940/3698
f 2343/2303/3591 2344/1338/3610 3428/1339/3697 3427/2304/3699
g !BN_Tingue_3
f 3157/263/277 3155/1443/1859 3156/2305/3700 3153/260/274
g Bip001 Head
f 443/1039/1224 453/1038/1223 452/1203/1608 442/1199/1741
g !BN_LTopLip_4
f 3425/2054/2957 3422/2053/2956 3423/2306/3701 3499/2307/3702
g !BN_RBottomLip_4
f 2526/1980/3598 2521/2083/3038 2525/2306/3703
g !BN_REye
f 2996/1618/3312 2995/1617/3311 2993/1619/3704 2994/85/3705
g !BN_RBottomLip_4
f 2526/1980/3598 2877/2308/3303 2878/1979/3571
f 2525/2306/3703 2877/2308/3303 2526/1980/3598
f 2525/2306/3703 31/2307/431 2877/2308/3303
g Bip001 Head
f 3440/940/3698 3439/939/3439 3437/938/3611 3438/937/3706
f 3438/937/3706 3437/938/3611 3435/2247/3707 3436/2246/3708
g !BN_RTopLip_1
f 3434/1568/3709 3433/1567/3550 2290/1566/3549 3432/1565/2659
f 2534/1565/2044 2536/2309/1532 2535/1566/2045
g Bip001 Head
f 2660/1134/3710 1494/2310/3181 1493/1926/2639 2662/1136/2638
g Bip001 Ponytail21
f 2696/2165/3711 2649/1598/3712 2650/1284/3507 2695/1306/1648
g Bip001 Head
f 2537/1935/3713 3454/306/325 2539/2311/3714
g !BN_RCheek_2
f 1881/108/3395 1939/2050/3454 1938/2047/3408 1937/1674/2254
g Bip001 Head
f 2532/1568/2047 2540/305/3715 2534/1565/2044
f 3442/1631/3716 3436/2246/3708 3434/1568/3709 3441/305/324
f 3444/1026/1204 3440/940/3698 3438/937/3706 3443/1070/3717
f 3446/2174/3335 3427/2304/3699 3428/1339/3697 3445/1025/1203
f 3442/1631/3716 3453/304/323 3448/1069/3718 3443/1070/3717
f 3449/1027/1205 3444/1026/1204 3443/1070/3717 3448/1069/3718
g !BN_RBottomLip_1
f 2192/895/1033 2219/242/253 2218/956/1117 2193/300/1116
g !BN_Jaw
f 2111/2087/3049 2108/2219/3513 2109/2220/3635 2107/1570/2051
g !BN_RBrow_3
f 122/731/3719 133/730/3720 132/732/3721 119/720/3722
g Bip001 Head
f 413/1079/1405 329/574/1404 323/1065/1808 322/1066/1414
f 2022/41/3347 1984/2177/3349 1985/1367/3427 2021/1365/3426
f 3448/1069/3718 3358/1652/3384 3357/1165/1385 3449/1027/1205
f 597/1291/1672 598/1290/3723 596/1289/1629 595/1287/1628
f 3450/1024/1202 3356/1166/1386 3355/2209/3724 3451/2173/3334
f 3451/2173/3334 3355/2209/3724 3354/2215/3469 3447/2214/3468
g !BN_LTopLip_4
f 3352/1249/1809 3406/1252/3491 3353/1251/3470 3351/1250/3725
g !BN_RBottomLip_4
f 2510/1409/3726 2558/1250/1562 2511/1249/1561
g Bip001 Head
f 2510/1409/3726 2559/2312/3727 2558/1250/1562
g !BN_REye
f 3052/1313/3728 3048/1314/3729 3047/2313/3730 3051/2314/3731
g Bip001 Head
f 3356/1166/1386 3348/1606/3668 3349/2286/3667 3355/2209/3724
f 3357/1165/1385 3347/1605/3732 3348/1606/3668 3356/1166/1386
f 3358/1652/3384 3346/1739/2309 3347/1605/3732 3357/1165/1385
f 4080/485/3733 4076/2315/3734 4078/103/1590 4079/484/1593
g !BN_RTopLip_1
f 2539/2311/3714 3431/1935/2660 3429/2316/3585 2292/2317/3584
g Bip001 Head
f 3340/1071/3669 3348/1606/3668 3347/1605/3732 3339/1074/3687
g !BN_LCheek_2
f 1973/2191/3410 2051/2192/3216 1954/2047/2950 1972/1674/2210
g !BN_RBottomLip_4
f 2471/1669/3735 2464/914/2521 2456/2261/3599
g Bip001 Head
f 2540/305/3715 2541/1631/2145 2564/304/2144
f 2565/2200/3443 3452/2185/3383 3453/304/323 2566/303/322
f 3980/2145/3589 3979/67/139 3978/136/138 3972/2318/3736
g !BN_RBottomLip_4
f 30/398/429 2441/2167/3304 2074/2190/3565
g Bip001 Head
f 1038/1830/2109 842/1826/2414 885/1632/2491
g !BN_RCheek_4
f 2568/2133/3196 2595/1964/2715 2567/334/356
f 1089/1551/2706 2595/1964/2715 2568/2133/3196
f 1089/1551/2706 2569/1958/2707 2595/1964/2715
g !BN_RCheek_5
f 2879/1400/3737 2880/2027/2912 2589/1402/2911
f 2571/849/973 2880/2027/2912 2570/1403/3299
f 1288/412/3033 2589/1402/2911 1285/414/2913
g !BN_RCheek_4
f 2581/2068/3738 2584/2069/3739 2572/1911/2612
f 2585/2024/2900 2572/1911/2612 2584/2069/3739
f 2585/2024/2900 2573/1908/2609 2572/1911/2612
g !BN_LCheek_4
f 1656/1910/2994 1767/1909/3200 1655/1908/2894 1654/1911/3197
g !BN_RCheek_4
f 2575/1951/2694 2574/1909/2610 2573/1908/2609
f 2576/1954/2699 2574/1909/2610 2575/1951/2694
f 2576/1954/2699 2582/1955/2700 2574/1909/2610
f 2581/2068/3738 2572/1911/2612 2577/1910/2611
f 2583/2068/3740 2584/2069/3739 2581/2068/3738
f 2577/1910/2611 2574/1909/2610 2582/1955/2700
f 2578/2067/3193 2584/2069/3739 2586/2066/3741
f 2586/2066/3741 2583/2068/3740 2579/1955/3742
f 2579/1955/3742 2582/1955/2700 2587/2066/3297
f 1085/1953/2698 2580/1956/2701 2578/2067/3193
f 2579/1955/3742 2581/2068/3738 2577/1910/2611
f 2579/1955/3742 2583/2068/3740 2581/2068/3738
f 2577/1910/2611 2582/1955/2700 2579/1955/3742
f 2586/2066/3741 2584/2069/3739 2583/2068/3740
f 2578/2067/3193 2585/2024/2900 2584/2069/3739
f 2587/2066/3297 2586/2066/3741 2579/1955/3742
f 2587/2066/3297 2578/2067/3193 2586/2066/3741
f 2582/1955/2700 1085/1953/2698 2587/2066/3297
g !BN_RCheek_5
f 2879/1400/3737 2588/1404/3031 2570/1403/3299
f 2879/1400/3737 1289/1401/3032 2588/1404/3031
f 2589/1402/2911 1289/1401/3032 2879/1400/3737
g !BN_RCheek_4
f 2590/335/3192 2591/991/1157 5/335/355
f 2593/334/354 2592/334/2717 2590/335/3192
f 2593/334/354 2594/334/2714 2592/334/2717
f 2567/334/356 2594/334/2714 2593/334/354
f 2567/334/356 2595/1964/2715 2594/334/2714
f 2568/2133/3196 2567/334/356 1653/334/353
f 1753/2020/3298 2597/2065/2987 2596/233/244
f 2598/2020/2885 1754/2020/2883 1753/2020/3298
f 2592/334/2717 1096/467/501 2590/335/3192
f 2594/334/2714 1095/468/502 2592/334/2717
g Bip001 Head
f 202/852/986 2783/851/976 2043/854/979 201/853/3451
g Bip001 Ponytail1
f 11/1114/1307 2680/1901/3617 6/2319/2211
g Bip001 Head
f 3991/1424/3743 3880/1425/3570 3878/1431/3317 3990/1808/3316
f 2601/1902/2365 2599/2320/2364 2680/1901/3617
g Bip001 Ponytail11
f 2604/1601/2100 2603/1600/1781 2602/2321/1782
g Bip001 Ponytail21
f 680/1599/809 2649/1598/3712 2648/1601/3744 678/1600/2135
g Bip001 Head
f 3758/212/219 3750/215/222 3756/2216/3472 3757/1417/3092
g Bip001 Ponytail21
f 2646/1113/3745 2651/1283/3508 2650/1284/3507 2644/1116/3746
g Bip001 Ponytail2
f 2647/1901/2601 2652/1904/2603 2651/1283/3508 2646/1113/3745
g Bip001 Head
f 3493/617/680 3470/1679/2218 3469/500/3747 3492/501/3215
f 2614/2322/2877 2601/1902/2365 2600/1903/3748
f 2615/2323/2446 2601/1902/2365 2614/2322/2877
f 2612/1106/1298 2616/2324/3075 2613/2325/3077
f 2655/1106/3510 1498/2324/1556 1496/2326/3182 2657/1105/3749
f 2657/1105/3749 2658/1104/3750 2656/1103/3511 2655/1106/3510
g Bip001 Ponytail2
f 2694/1304/1646 2651/1283/3508 2652/1904/2603 2656/1103/3511
g Bip001 Head
f 1968/1445/1861 1960/1924/2636 1902/2135/3358 1961/226/236
g !BN_Jaw
f 2192/895/1033 2172/1321/2155 2176/1666/3500 2175/894/1032
g Bip001 Ponytail21
f 2697/776/877 2648/1601/3744 2649/1598/3712 2696/2165/3711
g !BN_RBottomLip_4
f 2512/1252/1564 2508/2222/3751 2507/1411/3752 2511/1249/1561
g Bip001 Ponytail11
f 2627/2210/3464 2626/658/736 2625/2327/3753
f 2628/2213/3467 2626/658/736 2627/2210/3464
g Bip001 Head
f 1098/280/2876 1099/281/2875 1097/469/503 1093/1959/2874
g Bip001 Ponytail2
f 2691/659/3754 2661/1088/3755 2664/1087/3756 2690/1089/3757
g Bip001 Head
f 2663/1177/3758 2664/1087/3756 2661/1088/3755 2662/1136/2638
f 2635/1925/2637 2634/1136/1349 2633/1177/1398
f 2519/2304/3759 2518/2174/3760 2544/1025/3761 2524/1339/1696
f 2660/1134/3710 2662/1136/2638 2661/1088/3755 2659/1135/3762
g !BN_Jaw
f 1841/1519/3574 1842/2175/3578 1825/2171/3326 1824/1518/3328
g Bip001 Ponytail2
f 2694/1304/1646 2656/1103/3511 2658/1104/3750 2693/1305/1647
g !BN_Tingue
f 3202/818/927 3201/1276/1610 3200/1473/1902 3188/2117/3135
g Bip001 Ponytail11
f 2620/1306/3763 2622/776/3295 2641/777/2574
f 2621/2165/3296 2622/776/3295 2620/1306/3763
g Bip001 Head
f 310/1051/1527 309/1050/1521 308/1053/1523 297/1052/1526
g Bip001 Ponytail2
f 2692/660/3764 2659/1135/3762 2661/1088/3755 2691/659/3754
g Bip001 Ponytail21
f 2699/658/3765 2701/657/879 2692/660/3764 2691/659/3754
g Bip001 Head
f 1136/1534/2842 1706/322/341 1705/321/340 1137/988/2839
g Bip001 Ponytail21
f 2692/660/3764 2701/657/879 2700/777/878 2693/1305/1647
f 2645/1115/423 2644/1116/3746 680/1599/809
g Bip001 Ponytail2
f 689/1114/374 2647/1901/2601 2646/1113/3745
g Bip001 Ponytail21
f 678/1600/2135 2648/1601/3744 2686/2321/408
g !BN_Tingue_3
f 3212/1093/1283 3245/1092/1282 3141/2328/2031 3210/2329/3766
g Bip001 Ponytail11
f 2608/1284/1623 2607/1116/1309 2605/1599/1783 2606/1598/2099
g !BN_Jaw
f 2373/2270/3624 1842/2175/3578 1841/1519/3574 2371/1774/3621
g Bip001 Head
f 2611/1904/3616 2600/1903/3748 2601/1902/2365 2680/1901/3617
f 716/2320/2265 844/1902/2362 2647/1901/2601
g Bip001 Ponytail2
f 688/2319/357 2647/1901/2601 689/1114/374
g Bip001 Head
f 6/2319/2211 2680/1901/3617 2599/2320/2364 780/2330/2212
f 845/2323/2361 2653/1903/2602 844/1902/2362
f 2654/2322/3767 2653/1903/2602 845/2323/2361
f 2614/2322/2877 2600/1903/3748 2612/1106/1298 2613/2325/3077
f 2611/1904/3616 2618/1103/1295 2612/1106/1298 2600/1903/3748
g !BN_REye
f 3043/1462/1883 3042/1461/1882 3040/1650/3230 3041/1649/3768
g Bip001 Head
f 2617/1105/1297 2639/1104/1296 2638/1135/1348 2636/1134/1347
g !BN_RBottomLip_1
f 2223/1640/2506 2264/1639/3096 3379/558/610 2222/557/609
g Bip001 Head
f 2636/1134/1347 2634/1136/1349 1642/1926/1241 2637/2310/3769
f 2636/1134/1347 2637/2310/3769 1644/2326/3076 2617/1105/1297
f 2655/1106/3510 1500/2325/1553 1498/2324/1556
f 2635/1925/2637 1492/1927/1242 1642/1926/1241 2634/1136/1349
f 2663/1177/3758 2662/1136/2638 2635/1925/2637
f 2768/831/946 2762/829/945 2755/1611/3146 2761/794/3012
g Bip001 Ponytail1
f 2678/2237/1765 2673/2225/3503 2674/2224/3502 15/2238/1768
g Bip001 Head
f 2668/2331/2383 2669/2332/3770 707/2333/2253
f 2679/2331/1764 2672/2332/3771 2673/2225/3503 2678/2237/1765
g !BN_LCheek_3
f 2052/2072/3226 1395/436/3456 1393/437/1795 1394/1188/1417
g Bip001 Head
f 2635/1925/2637 2670/2334/3772 2663/1177/3758
f 2633/1177/1398 2670/2334/3772 2635/1925/2637
f 2671/2335/3773 2669/2332/3770 2663/1177/3758 2670/2334/3772
f 2671/2335/3773 707/2333/2253 2669/2332/3770
f 2671/2335/3773 2672/2332/3771 707/2333/2253
f 2663/1177/3758 2669/2332/3770 2665/2225/3553 2664/1087/3756
g Bip001 Ponytail2
f 2690/1089/3757 2664/1087/3756 2665/2225/3553 2666/2224/3552
g Bip001 Head
f 1180/1504/1938 1177/1602/2101 1176/2/2 1597/1/1
g Bip001 Ponytail21
f 2689/2213/3774 2681/2212/3775 2683/2211/3776 2688/2210/3777
f 2688/2210/3777 2683/2211/3776 2685/2336/3778 2687/2327/3779
f 2702/2337/3780 2685/2336/3778 2684/2338/409 2686/2321/408
f 2684/2338/409 2685/2336/3778 2683/2211/3776 2682/2339/1776
g !BN_LCheek_3
f 2031/2101/3447 1396/2208/3280 1395/2206/3456 2032/2207/3457
g Bip001 Head
f 3870/130/3781 3866/1118/3782 3868/1934/3289 3869/2164/3288
f 634/1295/3382 598/1290/3723 599/1292/3052 600/1294/3051
f 1577/137/3109 1563/22/22 1565/2111/3141 1576/2109/3114
f 2679/2331/1764 707/2333/2253 2672/2332/3771
g Bip001 Ponytail11
f 2624/2337/3783 2604/1601/2100 2602/2321/1782
f 2607/1116/1309 28/1115/1308 2605/1599/1783
g Bip001 Ponytail21
f 689/1114/374 2646/1113/3745 2644/1116/3746 2645/1115/423
g Bip001 Ponytail1
f 2680/1901/3617 11/1114/1307 2609/1113/1306
g Bip001 Ponytail11
f 15/2238/1768 2674/2224/3502 2675/2212/3466 24/2340/1775
f 24/2340/1775 2675/2212/3466 2676/2211/3465 25/2339/403
g !BN_Tingue_3
f 3229/145/150 3139/2341/3784 3246/2266/3615 3228/146/151
f 3150/2032/2922 3142/2342/1976 3143/2343/1975 3152/2344/3785
g Bip001 Ponytail11
f 2624/2337/3783 2677/2336/3786 2625/2327/3753 2623/778/3787
g !BN_Tingue_3
f 3209/1586/2080 3210/2329/3766 3195/2345/3788 3196/1587/2081
g Bip001 Ponytail21
f 2691/659/3754 2690/1089/3757 2689/2213/3774 2699/658/3765
g Bip001 Ponytail11
f 2628/2213/3467 2675/2212/3466 2674/2224/3502 2630/1089/1279
g Bip001 Head
f 758/1043/1228 759/1042/1227 757/1685/2227 756/1757/921
g Bip001 Ponytail1
f 2642/660/738 2638/1135/1348 2639/1104/1296 2640/1305/2573
g Bip001 Head
f 1555/2006/2804 1150/1994/2767 1171/2005/2800 1172/3/2803
g Bip001 Ponytail11
f 2608/1284/1623 2620/1306/3763 2619/1304/3789 2610/1283/1622
f 2606/1598/2099 2621/2165/3296 2620/1306/3763 2608/1284/1623
f 2624/2337/3783 2623/778/3787 2622/776/3295 2604/1601/2100
f 2643/657/735 2623/778/3787 2625/2327/3753 2626/658/736
g Bip001 Ponytail21
f 2699/658/3765 2688/2210/3777 2687/2327/3779
f 2699/658/3765 2689/2213/3774 2688/2210/3777
g Bip001 Ponytail11
f 2630/1089/1279 2629/659/737 2626/658/736 2628/2213/3467
g Bip001 Head
f 950/1361/2651 954/371/2647 953/372/920 952/1364/2148
g !BN_Jaw
f 2286/2251/3629 2353/2252/3625 2285/2175/3341 2248/2171/3329
g Bip001 Ponytail11
f 2643/657/735 2641/777/2574 2622/776/3295 2623/778/3787
g Bip001 Ponytail21
f 2695/1306/1648 2697/776/877 2696/2165/3711
f 2695/1306/1648 2700/777/878 2697/776/877
g Bip001 Ponytail11
f 2620/1306/3763 2641/777/2574 2640/1305/2573 2619/1304/3789
g Bip001 Ponytail21
f 2702/2337/3780 2686/2321/408 2648/1601/3744
g Bip001 Head
f 2703/836/957 2705/888/1022 176/772/3790 183/514/557
f 1362/1035/3166 1360/474/508 1328/1044/1319 1359/2030/2919
g !BN_LToplid
f 430/978/1142 441/450/484 440/453/487 431/1067/1252
g Bip001 Head
f 164/770/1330 2708/886/1020 2709/885/1017 163/769/3791
f 1020/813/2336 897/812/1360 895/1147/1363 1019/1877/2337
f 207/856/3433 216/860/3020 215/884/1016 214/855/981
f 160/771/3792 166/774/3540 165/775/1329 164/770/1330
g !BN_Leye
f 3306/1649/2173 3313/2313/3793 3312/2288/3672 3304/2141/3794
g Bip001 Head
f 163/769/3791 216/860/3020 162/767/867 158/764/866
g !BN_LTopLip_4
f 2337/1530/1991 2330/2169/3430 1793/997/1164 2329/1531/1992
g Bip001 Head
f 791/1659/2273 784/1704/2274 782/1708/2261 790/1728/2299
g !BN_RCheek_1
f 2717/828/940 2716/827/939 2035/845/3453
g Bip001 Head
f 2371/1774/3621 1841/1519/3574 1840/1520/3573 2370/1773/3622
f 1094/1963/2713 2595/1964/2715 2569/1958/2707 1093/1959/2874
f 708/546/2258 694/324/2185 720/1659/2184 710/1704/2256
g !BN_RCheek_1
f 1166/846/2820 2772/830/944 2771/832/947 1167/2346/491
g Bip001 Head
f 205/859/3795 239/911/3575 210/864/3796 208/862/3434
f 203/392/1070 238/391/1072 204/390/985 200/389/987
f 204/390/985 238/391/1072 239/911/3575 205/859/3795
f 341/185/190 335/184/189 337/1095/1444 340/1094/1432
g !BN_RBottomLip_4
f 2090/1780/3595 2431/10/10 2054/9/9 2089/1573/3594
g Bip001 Head
f 2732/824/936 2731/783/885 2730/786/891
f 187/824/933 169/783/889 232/908/1055 185/822/931
f 2734/822/980 2735/909/1057 2733/908/1056
f 2725/392/418 2735/909/1057 2734/822/980
f 2725/392/418 2736/918/3232 2735/909/1057
f 2727/391/417 2736/918/3232 2725/392/418
f 235/913/3576 238/391/1072 237/918/1071 236/901/3592
f 3891/2347/3797 3892/2232/3798 3889/1495/3799 3890/2348/3800
f 2729/868/997 2738/871/1000 2728/910/1058
f 212/868/1061 4123/869/1012 211/863/1074 210/864/3796
f 236/901/3592 237/918/1071 233/909/1073 229/900/3078
f 225/892/1048 228/899/1039 229/900/3078 230/893/3079
f 2743/899/1040 2744/896/1034 2742/892/1028
f 230/893/3079 232/908/1055 231/784/1053 223/890/1025
g !BN_Leye
f 3276/1150/3276 3267/2349/3801 3274/257/1485 3275/1544/2011
g Bip001 Head
f 4126/897/1978 226/896/1037 225/892/1048 224/891/1027
f 3755/2350/3802 3751/1325/1671 3759/2351/3803 3754/2352/3804
f 2744/896/1034 4120/898/1043 2738/871/1000
f 2743/899/1040 4120/898/1043 2744/896/1034
f 2745/784/886 2731/783/885 2733/908/1056
f 3620/1778/2472 3619/1820/2474 3663/1655/2180 3662/2353/3805
f 2748/883/1015 2749/889/3806 4116/879/1009
f 2748/883/1015 4118/891/1029 2749/889/3806
f 2748/883/1015 2746/890/1030 4118/891/1029
f 2747/882/1014 2746/890/1030 2748/883/1015
f 2747/882/1014 2745/784/886 2746/890/1030
f 2750/785/887 2745/784/886 2747/882/1014
f 3958/95/3807 3953/1428/3808 4107/1536/3809 3945/2354/3810
f 2751/766/864 2730/786/891 2731/783/885
f 781/1711/2262 780/1713/2212 2599/1714/2364 779/1712/2373
f 172/1611/2113 161/1610/2112 159/765/869 171/787/906
f 235/913/3576 4128/912/3608 227/871/1038 234/910/1060
f 162/767/867 217/877/1076 168/785/1054 157/766/868
g !BN_LCheek_3
f 1396/439/3280 1392/1348/1712 1393/437/1795 1395/436/3456
g Bip001 Head
f 161/1610/2112 160/771/3792 158/764/866 159/765/869
f 161/1610/2112 167/793/897 166/774/3540 160/771/3792
f 175/773/3539 176/772/3790 165/775/1329 166/774/3540
f 907/1840/2501 850/1839/2416 751/1826/2332 906/1827/2557
f 2760/792/899 2761/794/3012 2759/793/900
f 179/829/942 172/1611/2113 171/787/906 178/826/943
g !BN_REye
f 3020/1540/2005 3012/640/717 3011/1543/3811 3019/2355/3812
g Bip001 Head
f 183/514/557 176/772/3790 175/773/3539 182/515/558
g !BN_RToplid
f 316/1068/1524 565/245/257 325/451/1452 317/452/1451
g !BN_Jaw
f 2152/34/1894 2159/1469/1893 2150/1550/2816 2151/33/3496
g !BN_RBottomLip_4
f 2517/2052/3813 2522/2053/3814 2515/2082/3037 2516/2300/3815
g Bip001 Head
f 182/515/558 175/773/3539 174/792/896 181/1459/3816
g !BN_Tingue_2
f 3118/238/249 3147/2037/2925 3146/2036/2924 3117/1034/1216
g !BN_RBrow_3
f 121/578/3817 40/577/3343 38/576/627 39/575/626
g Bip001 Head
f 192/840/2606 193/516/559 182/515/558 181/1459/3816
f 192/840/2606 181/1459/3816 180/831/3131 191/832/3130
f 1064/811/918 1065/1921/2626 1063/1918/2297 1062/808/915
f 4090/1818/2688 4037/1671/2204 4096/1629/2140 4091/1630/2143
f 1613/186/191 1466/426/2976 1467/2094/3068 1468/187/192
f 191/832/3130 1192/2346/2376 197/839/2607 192/840/2606
g !BN_LCheek_1
f 191/832/3130 190/830/965 2047/846/967 1192/2346/2376
g Bip001 Head
f 2718/825/934 2775/799/937 2773/826/938
g !BN_LTopLip_4
f 3354/2215/3469 3350/2312/3818 3351/1250/3725 3353/1251/3470
g Bip001 Head
f 2775/799/937 2732/824/936 2730/786/891
g !BN_Jaw
f 2226/360/2071 3373/361/3547 3375/1627/3648 2225/1582/2072
g Bip001 Head
f 202/852/986 201/853/3451 2044/1371/3450 200/389/987
g !BN_Jaw
f 3384/2291/3678 3376/2296/3684 3374/2234/3546 3383/2233/3545
g Bip001 Head
f 2776/821/935 2734/822/980 2732/824/936
f 2777/823/971 2734/822/980 2776/821/935
g !BN_LBrow_4
f 2900/630/700 2899/567/3819 2898/593/710 3067/594/697
g Bip001 Head
f 2779/852/977 2726/390/416 2778/389/415
g !BN_RCheek_3
f 2436/2207/3661 1726/2206/468 2438/2208/471 2435/2101/3086
g Bip001 Head
f 208/862/3434 207/856/3433 206/857/3820 205/859/3795
g !BN_LTopLip_4
f 3415/1981/2736 3424/1980/2735 3417/2083/3692 3416/2084/3490
g Bip001 Head
f 206/857/3820 213/858/984 2783/851/976 202/852/986
f 207/856/3433 214/855/981 213/858/984 206/857/3820
f 1462/2271/3175 2348/1614/2116 2349/1613/2115 2359/2026/2905
f 4116/879/1009 4115/880/3821 2739/869/998
f 4116/879/1009 4117/881/3822 4115/880/3821
f 2749/889/3806 4114/897/1035 4117/881/3822
g !BN_RCheek_5
f 2570/1403/3299 1321/2058/3174 2571/849/973
g !BN_LTopLip_4
f 2316/1780/2388 2028/2194/3480 2314/462/496 2315/1573/2057
g Bip001 Head
f 590/797/1947 667/1381/3516 666/1380/3823 665/1379/1944
f 582/1281/1898 663/1376/1897 661/1374/3824 580/1277/1959
g !BN_LBrow_2
f 2934/1235/1541 2913/623/686 2914/976/1140 2932/975/1139
g !BN_Tingue_3
f 3214/2356/3825 3208/1747/2316 3207/2357/3826 3213/945/1105
g Bip001 Head
f 625/51/2228 627/50/1698 624/49/1697 585/52/2229
f 624/49/1697 621/1326/1673 622/1048/1676 623/1049/1681
f 585/52/2229 624/49/1697 623/1049/1681 587/1331/1680
f 587/1331/1680 586/1377/1896 584/1282/1899 585/52/2229
f 589/795/1682 623/1049/1681 622/1048/1676 591/798/3827
f 591/798/3827 622/1048/1676 593/1288/1675 592/1285/2064
f 592/1285/2064 667/1381/3516 590/797/1947 591/798/3827
f 591/798/3827 590/797/1947 588/796/1946 589/795/1682
f 589/795/1682 588/796/1946 586/1377/1896 587/1331/1680
f 2805/795/901 2802/1049/1234 2803/1331/2079
f 2808/1288/1627 2801/1326/2745 2806/1048/1233
f 2808/1288/1627 2810/1287/1626 2801/1326/2745
g !BN_Tingue_3
f 3112/1514/1954 3142/1524/1976 3244/1554/2030 3111/1162/1382
g Bip001 Head
f 1215/24/24 1562/23/23 1561/138/3108 1213/1991/2757
f 2811/1286/1625 2813/1289/1631 2810/1287/1626
f 2857/1396/2716 2862/1620/2443 2861/1346/1705 2856/1343/1702
f 656/715/3828 666/1380/3823 669/406/3829 653/407/3830
f 655/713/3831 656/715/3828 653/407/3830 654/714/3832
f 658/1060/3833 657/1059/3386 656/715/3828 655/713/3831
g !BN_LToplid
f 512/1053/1238 513/123/125 511/126/128 510/1050/1235
g !BN_Tingue
f 3188/2117/3135 3238/2116/3134 3237/819/928 3202/818/927
g Bip001 Head
f 644/1359/1873 643/1360/1872 641/1355/3655 642/1356/3654
g !BN_RBottomLip_4
f 2472/2287/1778 2464/914/2521 2471/1669/3735 2420/1670/1779
g Bip001 Head
f 362/523/1490 368/524/1477 361/1130/1475 355/1129/1488
f 650/1370/3371 602/1296/3050 604/1298/3834 649/1302/3372
f 3339/1074/3687 3347/1605/3732 3346/1739/2309 3345/1738/2308
f 642/1356/3654 651/1369/3380 650/1370/3371 644/1359/1873
f 636/1368/3381 651/1369/3380 642/1356/3654 638/1354/3657
f 638/1354/3657 639/408/3835 637/409/3836 636/1368/3381
f 653/407/3830 669/406/3829 637/409/3836 639/408/3835
f 1874/94/96 1912/93/95 1911/517/3351 1873/2179/3369
g Bip001 Ponytail21
f 2698/778/880 2701/657/879 2699/658/3765 2687/2327/3779
g Bip001 Head
f 651/1369/3380 600/1294/3051 602/1296/3050 650/1370/3371
f 637/409/3836 669/406/3829 668/1382/3308 635/1383/3307
f 636/1368/3381 637/409/3836 635/1383/3307 634/1295/3382
f 634/1295/3382 635/1383/3307 596/1289/1629 598/1290/3723
g !BN_Tingue_2
f 3167/1077/1265 3161/1076/1264 3160/2012/2823 3166/1833/2495
g Bip001 Head
f 599/1292/3052 620/1293/1674 619/1323/1668 601/1297/1667
f 2833/1297/1639 2834/1299/1641 2849/1323/2084
f 646/1142/1357 649/1302/3372 606/1303/1788 648/1139/1354
f 1383/1793/2424 1504/1883/2568 1505/466/2120 1386/992/3001
f 603/1299/1669 619/1323/1668 618/1345/1706 617/1300/3837
f 2854/1345/1704 2848/1293/1635 2849/1323/2084
f 2801/1326/2745 2848/1293/1635 2854/1345/1704
f 2801/1326/2745 2847/1291/1633 2848/1293/1635
f 2810/1287/1626 2847/1291/1633 2801/1326/2745
f 2854/1345/1704 2855/1344/1703 2801/1326/2745
g !BN_Jaw
f 2388/2277/3838 1828/2172/3528 2386/2123/3157 2387/2122/3156
g Bip001 Head
f 4091/1630/2143 4083/1455/3696 4089/487/3839 4090/1818/2688
f 648/1139/1354 606/1303/1788 607/249/1787 608/246/2961
f 2801/1326/2745 2800/50/50 2799/49/49
f 2801/1326/2745 2860/1340/1699 2800/50/50
f 2855/1344/1703 2860/1340/1699 2801/1326/2745
f 3915/1128/3840 3912/1126/1585 4108/2014/2826 3914/2358/3841
f 616/1396/1786 629/1620/2128 615/248/3842 607/249/1787
f 2875/73/1693 2796/74/1618 2798/51/51 2876/1341/1700
f 607/249/1787 615/248/3842 609/247/2958 608/246/2961
g !BN_LCheek_5
f 1447/343/655 1408/340/596 1426/545/597 1445/1946/2689
g Bip001 Head
f 648/1139/1354 608/246/2961 610/1310/2960 647/1140/1355
f 612/1315/2088 613/1316/2087 611/1309/2959 609/247/2958
f 1310/509/552 1308/1475/3047 1307/1384/2026 1309/519/564
g !BN_RCheek_4
f 1267/234/245 2575/1951/2694 2573/1908/2609 1266/231/242
g Bip001 Head
f 612/1315/2088 614/72/74 581/71/73 579/1278/1958
f 609/247/2958 615/248/3842 614/72/74 612/1315/2088
f 615/248/3842 629/1620/2128 626/73/75 614/72/74
f 626/73/75 628/1341/1709 625/51/2228 583/74/76
f 205/859/3795 206/857/3820 202/852/986 204/390/985
f 2861/1346/1705 2876/1341/1700 2860/1340/1699
f 632/1346/1710 628/1341/1709 626/73/75 629/1620/2128
f 580/1277/1959 661/1374/3824 662/1375/3843 578/1280/1960
g !BN_RBottomLip_4
f 2442/397/428 2877/1892/3303 31/400/431
f 29/399/430 2878/2250/3571 2877/1892/3303
g !BN_RCheek_5
f 2570/1403/3299 2880/2027/2912 2879/1400/3737
g Bip001 Ponytail11
f 14/357/1769 20/364/1774 21/365/1798 13/356/1796
g Bip001 Head
f 1358/2031/2921 1327/1045/2920 1315/160/165 1314/2046/3045
g !BN_RToplid
f 572/1230/1529 571/1274/3844 569/1265/1580 570/125/1530
g Bip001 Head
f 304/1186/1463 346/1187/1429 349/1195/1431 303/1036/1446
g !BN_RToplid
f 401/610/1511 403/1171/2635 402/250/1583 372/251/1516
g !BN_LTopLip_4
f 1779/875/1005 1783/151/156 1782/150/155 1780/1061/1246
f 2187/2139/3541 2230/1393/3170 2229/2127/3172 2185/2138/3488
g Bip001 Head
f 2343/2303/3591 3427/2304/3699 3421/2052/2955 3426/2051/2954
f 1108/1347/2532 1100/279/2869 1098/280/2876 1092/1350/2650
f 453/1038/1223 458/1030/1209 459/1029/1208 452/1203/1608
g !BN_Jaw
f 2158/1636/2156 2171/301/2019 2170/298/1322 2150/1550/2816
g Bip001 Head
f 3856/2359/3845 3952/2223/3846 4107/1536/3809 4106/1535/3847
g !BN_Jaw
f 2178/90/2154 2177/87/2073 2174/1995/3501 2176/1666/3500
g Bip001 Head
f 1261/430/687 1501/431/1554 1500/1244/1553 2654/2016/3767
g !BN_Jaw
f 3337/1515/3169 3338/1073/3688 3336/2009/2818 3335/1122/2817
g Bip001 Head
f 944/1755/922 755/209/216 754/208/215 943/1756/2411
f 533/1144/1359 493/1143/1358 490/1154/1372 489/1152/1370
f 275/1008/1178 3484/1007/1180 3483/1005/2935 274/1006/3848
f 706/548/2384 2668/1702/2383 707/1701/2253 705/1700/2252
f 3858/192/197 3952/2223/3846 3856/2359/3845 3857/1117/3849
f 153/757/856 141/748/843 151/541/592 152/756/1184
f 1381/1796/2427 1503/1107/3187 1504/1883/2568 1383/1793/2424
f 1386/992/3001 1385/596/656 1384/1794/2425 1383/1793/2424
g !BN_RBottomLip_4
f 2397/2043/3542 2400/1922/2629 2398/267/3217 2116/2139/3220
g !BN_LCheek_3
f 1976/993/3412 1977/2193/3411 1975/204/3290 1974/996/3455
g Bip001 Ponytail11
f 26/2338/406 2677/2336/3786 2624/2337/3783 2602/2321/1782
g Bip001 Head
f 468/283/297 469/1130/1332 466/1123/1317 467/169/298
f 1543/1509/3122 1554/4/2805 1553/1/2812 1544/1505/3125
g !BN_RBottomLip_1
f 2409/1843/3538 2141/1842/2769 2142/894/2768 2408/239/3537
g !BN_RBottomLip_4
f 2421/284/1874 2466/195/202 2464/914/2521 2472/2287/1778
g Bip001 Head
f 3560/1009/3850 3561/873/1003 3559/872/1002 3577/1011/3851
g !BN_Tingue_2
f 3117/1034/1216 3146/2036/2924 3145/1932/2655 3116/2039/2927
g !BN_Leye
f 3313/2313/3793 3317/2314/3852 3280/2289/3673 3312/2288/3672
g Bip001 Head
f 744/458/492 749/1752/2628 927/31/2409 745/32/2405
f 1869/92/3368 1916/2182/3421 1915/2181/3373 1875/91/93
g !BN_Tingue_3
f 3115/2040/2928 3144/262/276 3243/2360/275 3114/2361/3853
g Bip001 Head
f 476/1153/1371 484/1215/3854 475/1159/1377 474/677/1367
f 1959/1999/3397 1953/1698/3354 1952/2152/3353 1958/2148/3245
f 203/392/1070 200/389/987 184/823/932 185/822/931
g !BN_LTopLip_4
f 1773/1064/1249 1787/876/1006 1779/875/1005 1780/1061/1246
g Bip001 Head
f 445/1186/1415 455/1207/2127 454/1037/1222 444/1036/1221
f 3592/1019/832 284/1018/2682 283/554/606 282/553/605
f 4024/2362/3855 4013/2363/3856 4014/2364/3857 4023/2365/3858
g !BN_RBottomLip_4
f 2391/2221/3514 2112/265/3859 2399/266/2750 2392/961/2749
g Bip001 Head
f 962/1889/2438 951/1363/2147 888/1632/2146 887/1830/2331
g !BN_RBottomLip_4
f 2070/150/3309 2429/733/3091 1831/605/3321 2428/149/3319
g !BN_Jaw
f 2197/1319/1660 2169/1125/1321 2195/1124/1320 2196/1317/1658
g !BN_RBrow_2
f 127/728/3612 131/415/3860 132/732/3721 126/734/3861
g Bip001 Head
f 603/1299/1669 617/1300/3837 605/1301/1785 604/1298/3834
g !BN_RTopLip_1
f 3432/1565/2659 3430/2309/3586 3429/2316/3585 3431/1935/2660
g Bip001 Head
f 669/406/3829 666/1380/3823 667/1381/3516 668/1382/3308
f 745/32/2405 738/120/2397 740/459/493 744/458/492
g !BN_Jaw
f 2253/2256/3583 2289/2255/3582 2288/2254/3627 2252/1421/3637
g !BN_Tingue_3
f 3208/1747/2316 3197/1588/2082 3198/1242/1551 3207/2357/3826
g !BN_LBrow_2
f 2935/1342/1701 2937/685/766 2936/681/762 2946/682/763
g !BN_RCheek_3
f 2104/2191/3407 2033/2192/339 2440/994/1160 2105/993/1159
g !BN_RTopLip_1
f 1918/218/225 1994/1561/3418 1993/1192/3419 1917/2178/3366
g !BN_Tingue
f 3184/1032/1214 3242/2241/3559 3241/2366/3862 3185/1594/2092
g !BN_Leye
f 3309/1463/2442 3315/1311/1652 3314/1314/1655 3308/1462/2172
g Bip001 Head
f 2660/1134/3710 2659/1135/3762 2658/1104/3750 2657/1105/3749
g !BN_Tingue
f 3084/159/164 3125/158/163 3124/529/576 3085/2239/3557
g !BN_Leye
f 3265/2168/3863 3266/256/1486 3264/1618/2124 3263/1617/2123
g !BN_Jaw
f 3393/79/3679 3385/2243/3561 3384/2291/3678 3392/1943/3677
g Bip001 Head
f 3753/2367/3864 3743/486/522 3744/485/521 3759/2351/3803
f 1908/46/46 1963/216/1513 1962/225/235 1906/47/47
g !BN_LBrow_2
f 2946/682/763 2912/621/684 2913/623/686 2934/1235/1541
g Bip001 Head
f 2024/602/663 1982/604/666 1983/2176/3342 2023/42/3346
f 163/769/3791 2709/885/1017 215/884/1016 216/860/3020
f 3907/2353/3865 4032/1778/2379 4031/2074/3866 3906/2075/3867
f 3512/949/1109 3517/968/1131 3519/1485/1146 3511/950/1110
g !BN_Jaw
f 2208/1213/1479 2247/1518/1970 2246/1521/1973 2207/1214/1480
g !BN_Tingue
f 3119/237/248 3148/2368/3868 3147/2037/2925 3118/238/249
g Bip001 Head
f 2018/1221/1504 3433/2183/3550 3435/259/3707 2019/203/210
g !BN_RCheek_1
f 1744/99/101 1164/1996/2787 1163/456/490 1158/1766/2824
g Bip001 Head
f 1866/216/223 1847/225/3400 1845/1446/3403 1865/1224/3401
g !BN_Tingue_2
f 3102/1562/2041 3074/1965/2721 3075/328/347 3101/327/346
g Bip001 Head
f 4023/2365/3858 4014/2364/3857 4015/533/3869 4022/505/548
f 300/1037/1464 303/1036/1446 302/1039/1443 301/1038/1458
f 1036/1499/1932 1028/1498/1931 1027/1881/2566 834/1891/2431
g !BN_LCheek_4
f 1772/1083/1271 1746/1082/1270 1745/1179/2014 2053/2161/3279
g !BN_RBrow_1
f 102/683/780 90/681/2863 65/622/2778 64/684/778
g Bip001 Head
f 454/1037/1222 460/1031/1211 458/1030/1209 453/1038/1223
g !BN_Tingue_2
f 3166/1833/2495 3180/1593/2091 3179/1592/2090 3167/1077/1265
g !BN_RBottomLip_1
f 2402/1419/1826 2254/2281/3652 2255/2001/2792 2403/2000/2791
g !BN_LToplid
f 515/1229/1891 447/579/632 448/452/486 514/1068/1253
g Bip001 Head
f 3572/874/1004 3555/2071/3870 3546/615/3871 3573/616/1001
g !BN_RBrow_2
f 88/702/3872 110/701/3613 109/700/3873 86/699/3874
g Bip001 Head
f 1355/1624/2134 1485/1623/2133 1484/2129/3179 1354/2060/3154
g !BN_Jaw
f 2287/2253/3628 2354/499/540 2353/2252/3625 2286/2251/3629
g !BN_Tingue
f 3223/2369/3875 3216/535/584 3215/538/587 3222/2244/3562
g !BN_RBottomLip_1
f 2217/957/1118 2257/2242/3560 2256/2002/2793 2216/2003/2834
g !BN_RBrow_3
f 85/651/3247 108/698/3876 82/649/3499 83/648/1448
g Bip001 Head
f 3456/661/739 3457/1017/594 140/1013/593 152/756/1184
f 200/389/987 2044/1371/3450 2045/848/3449 184/823/932
f 1312/1548/2017 1308/1475/3047 1310/509/552 1311/512/555
g !BN_Tingue_2
f 3223/2369/3875 3231/965/1128 3230/2081/3030 3224/1399/1800
g Bip001 Head
f 3934/841/3877 3935/1494/3878 3941/2370/3879 3933/1961/2711
f 3973/2079/3028 3964/647/725 3963/1651/2175 3972/2318/3736
f 865/1697/1885 861/1690/2242 862/1691/2241 864/1692/2470
f 1167/2346/491 2771/832/947 2770/840/960 2774/839/488
g Bip001 Ponytail21
f 691/368/391 683/365/388 684/356/377 690/352/373
g !BN_REye
f 3003/257/269 2999/2349/3880 3001/1150/1368 3002/1544/2849
g Bip001 Head
f 517/1209/2126 455/1207/2127 456/1208/1890 516/1052/1237
g !BN_Jaw
f 2184/2086/3486 2183/1856/3489 2181/1857/2581 2182/1468/1892
g Bip001 Head
f 1913/92/94 1907/45/45 1905/48/48 1912/93/95
g !BN_LTopLip_4
f 2268/2287/3171 3411/914/1064 3412/195/301 2267/284/300
g !BN_Jaw
f 2411/1640/2161 2424/1639/2160 2423/1626/2137 2412/1625/2136
f 2140/1995/2770 2132/87/89 2131/90/92 2139/1666/2200
g Bip001 Head
f 920/442/474 929/1412/2631 928/1866/2542 919/1859/2632
g !BN_LCheek_5
f 1600/1516/2967 1427/1947/2690 1426/545/597 1425/164/169
g Bip001 Head
f 1007/1272/2545 893/1273/2494 1006/1866/2538 1005/1859/2528
g !BN_Leye
f 3311/1907/3167 3301/2059/3283 3300/1541/3881 3299/1538/3882
g !BN_RBrow_4
f 1731/78/80 1719/2147/3244 1718/1493/3231 1733/75/77
g Bip001 Head
f 3992/1427/3883 3996/2371/3263 3995/2265/2232 3993/2262/3884
f 2754/1610/3145 2755/1611/3146 2753/787/890 2752/765/863
g !BN_LTopLip_4
f 3401/1665/2199 3404/2261/3885 3403/2283/3690 3402/1664/2196
g Bip001 Head
f 790/1728/2299 782/1708/2261 781/1711/2262 789/916/2290
f 1629/229/1844 1612/189/194 1611/188/193 1628/228/2981
f 351/170/175 359/282/1536 358/63/65 350/1121/1535
g !BN_LCheek_1
f 1956/2186/3387 2049/2202/3221 1196/2203/2786 1957/2153/3355
g !BN_RBottomLip_3
f 1829/2131/3183 1807/1508/1943 1809/2170/3529 1828/2172/3528
g Bip001 Head
f 652/1352/3886 639/408/3835 638/1354/3657 640/1353/3656
f 3446/2174/3335 3420/2300/3693 3421/2052/2955 3427/2304/3699
g !BN_Leye
f 3310/1460/3887 3309/1463/2442 3308/1462/2172 3307/1461/2171
g Bip001 Head
f 700/1691/2243 701/333/2238 696/326/2234 699/1690/2239
f 2868/1316/1657 2867/1315/1656 2864/247/259 2866/1309/1650
f 603/1299/1669 604/1298/3834 602/1296/3050 601/1297/1667
f 2785/797/903 2812/1381/1757 2809/1285/1624 2807/798/904
f 3759/2351/3803 3751/1325/1671 3752/1324/1670 3753/2367/3864
g !BN_LTopLip_4
f 1798/1015/3474 2274/1695/3238 1799/148/153 1783/151/156
g !BN_Jaw
f 3377/2104/3097 2264/2103/3096 2265/2297/3649 3376/2296/3684
g Bip001 Head
f 194/513/556 195/835/956 2703/836/957 183/514/557
g !BN_RBottomLip_3
f 2114/2086/3048 2118/1856/2525 2117/2138/3219 2113/264/3218
g Bip001 Head
f 661/1374/3824 663/1376/1897 664/1378/1945 659/1372/3385
f 343/1080/1428 330/571/1406 333/183/188 342/182/187
f 2099/1584/2075 1932/790/894 1926/1253/1566 1933/1560/2076
g !BN_RBrow_1
f 2939/667/745 2948/686/767 2937/685/766 2938/664/742
g !BN_LTopLip_4
f 2311/1585/3477 1776/55/3476 2313/465/499 2312/464/498
g !BN_RBrow_3
f 126/734/3861 132/732/3721 133/730/3720 125/727/3888
g Bip001 Head
f 1331/473/507 1330/1528/3063 1323/1517/1964 1329/1047/1318
f 145/738/828 3464/737/830 136/736/1199 135/735/3889
f 631/1344/1708 630/1343/2129 617/1300/3837 618/1345/1706
g !BN_RCheek_4
f 2432/206/213 1834/704/1772 1833/11/11 2431/10/10
g !BN_Jaw
f 2150/1550/2816 2170/298/1322 2169/1125/1321 2151/33/3496
g Bip001 Head
f 518/1119/1312 524/171/1210 460/1031/1211 517/1209/2126
f 1534/2113/3118 1512/2112/3119 1513/2110/3112 1533/2109/3111
g !BN_LBottomLip_3
f 2157/2226/3509 2164/1751/3633 2163/2221/3487 2156/2219/3482
g Bip001 Head
f 2790/715/803 2816/407/439 2815/406/438 2789/1380/1756
f 2850/1139/1731 2821/1140/1732 2865/1310/1651 2859/246/258
g !BN_RBottomLip_3
f 2111/2087/3049 2114/2086/3048 2113/264/3218 2112/265/3859
g !BN_Tingue_2
f 3217/947/1107 3205/946/1106 3204/536/585 3216/535/584
g Bip001 Head
f 1645/1386/2916 1644/2099/3076 2637/2130/3769 1643/1385/2025
f 1202/1767/2357 1204/100/2775 1203/1779/2386 1201/1672/2207
g !BN_RTopLip_1
f 1914/2182/3374 1990/1193/1424 1989/1192/1423 1909/2178/3375
g !BN_RBrow_3
f 82/649/3499 108/698/3876 125/727/3888 81/644/3890
f 81/644/3890 124/643/3891 80/642/719 76/634/709
g !BN_Tingue_3
f 3072/1513/1953 3077/1512/1952 3076/329/348 3075/328/347
g Bip001 Head
f 917/1858/2633 916/1863/2410 927/1725/2409 921/443/475
g !BN_RTopLip_1
f 2012/1616/3376 1994/1561/3418 1995/1220/1620 2011/1221/1619
g Bip001 Head
f 489/1152/1370 486/1218/1966 484/1215/3854 476/1153/1371
f 3910/1267/1587 3911/1127/1586 3909/2136/3214 3997/2372/3892
f 3733/1791/3893 3749/497/3894 3748/1416/3094 3735/726/814
f 463/1028/1207 466/1123/1317 465/1212/2404 464/1210/3895
g !BN_Leye
f 3319/1312/1653 3329/2100/3084 3322/2373/3896 3318/1313/1654
g Bip001 Head
f 1722/319/338 1721/17/17 1723/272/286 2440/2140/1160
f 2665/2225/3553 2669/2332/3770 2668/2331/2383 2667/2237/3551
g !BN_RBottomLip_3
f 2388/2277/3838 2426/1750/2327 1829/2131/3183 1828/2172/3528
g !BN_LBrow_4
f 1696/691/774 1243/694/781 1694/76/3269 1695/77/771
g !BN_RBrow_3
f 1115/1971/2726 974/1970/2727 973/696/2464 1114/697/2859
g !BN_LTopLip_4
f 2189/2043/2937 2231/435/467 2230/1393/3170 2187/2139/3541
g !BN_RBrow_2
f 46/585/639 62/587/677 61/613/2777 43/61/3897
g Bip001 Head
f 1636/2271/3142 2368/1614/3517 2367/1897/2592 1635/2272/3064
f 3692/68/70 3693/2374/3284 3673/490/3898 3691/69/71
g !BN_Tingue_2
f 3101/327/346 3106/2061/2983 3105/1563/2042 3102/1562/2041
g Bip001 Head
f 2714/767/865 2751/766/864 2750/785/887 2715/877/1007
g !BN_RBrow_2
f 120/721/3899 119/720/3722 118/416/3900 117/719/3901
g Bip001 Head
f 3485/1009/1179 3473/873/3902 3474/1875/2933 3484/1007/1180
g !BN_LBrow_3
f 2931/699/787 2932/975/1139 2945/652/730 2930/651/729
g !BN_Jaw
f 3385/2243/3561 3377/2104/3097 3376/2296/3684 3384/2291/3678
g !BN_LCheek_5
f 1410/1721/2279 1446/27/27 1422/1941/2673 1409/1435/2902
g Bip001 Head
f 3869/2164/3288 3874/1851/2518 3875/129/3903 3870/130/3781
g !BN_Tingue_3
f 3193/1928/2642 3196/1587/2081 3195/2345/3788 3194/1929/2643
g Bip001 Head
f 1871/517/560 1852/420/563 1851/48/3364 1870/93/3367
f 3884/2119/3644 3885/844/3904 3883/2248/3568 3882/1426/3567
g !BN_LTopLip_4
f 3415/1981/2736 3407/2222/3492 3403/2283/3690 3408/1982/2737
g Bip001 Head
f 733/779/2483 726/780/1068 1065/1730/2626 728/1729/2625
f 1624/118/120 1621/122/124 1620/2030/2980 1623/1035/1218
g !BN_REye
f 3053/1312/3905 3054/2100/3906 3056/525/570 3029/526/573
g Bip001 Head
f 3898/1689/2233 3995/1688/2232 3996/2157/3263 3900/2156/3262
f 890/1742/2398 737/119/2323 725/1727/2287 883/781/1069
g !BN_Jaw
f 2109/2220/3635 2125/1098/1290 2124/35/35 2107/1570/2051
g Bip001 Head
f 2872/1277/1611 2793/1374/1750 2788/1376/1752 2794/1281/1615
g !BN_RBottomLip_4
f 1831/605/3321 1813/608/3320 1812/607/2190 1806/606/1941
g !BN_Jaw
f 2478/2234/3685 2422/2298/2138 2423/2297/2137 2482/2296/3907
g !BN_LTopLip_4
f 2240/2131/3332 2275/1693/2652 2238/1694/3237 2239/1750/3632
g !BN_LBrow_2
f 2935/1342/1701 2971/706/794 2938/664/742 2937/685/766
g Bip001 Head
f 2357/2093/2370 1466/426/2976 1465/427/2974 2358/2091/2367
g !BN_LBrow_3
f 1693/2142/3274 1242/697/784 1241/1971/2725 1692/1973/2728
g Bip001 Head
f 1856/1924/3398 1884/903/3360 1877/1698/2250 1857/603/2249
f 2854/1345/1704 2849/1323/2084 2834/1299/1641 2853/1300/1642
g !BN_Jaw
f 2381/316/3556 2149/1420/1828 2148/1318/1827 2133/315/3533
g !BN_RCheek_3
f 2093/207/214 2432/206/213 2431/10/10 2090/1780/3595
g Bip001 Head
f 739/1869/2396 929/1412/2631 930/1413/1868 741/1868/2399
f 2744/896/1034 4114/897/1035 4118/891/1029 2742/892/1028
g !BN_RCheek_5
f 1291/1941/3035 1287/413/3034 1286/26/1019 1290/27/1018
g Bip001 Head
f 665/1379/1944 666/1380/3823 656/715/3828 657/1059/3386
f 2851/1303/1645 2850/1139/1731 2859/246/258 2858/249/261
g !BN_Jaw
f 3344/1575/2060 3367/1578/2063 2497/2299/3686 3343/2010/2819
g Bip001 Head
f 395/1160/1492 386/1159/1481 385/521/1482 369/522/1489
f 1474/2095/3070 1472/1327/2002 1471/1328/542 1473/2096/134
f 2010/203/273 2531/259/272 2533/2183/2046 2011/1221/1619
g !BN_RCheek_2
f 2103/1703/2255 2094/2194/3413 2095/462/3593 2102/463/951
g !BN_Tingue_2
f 3190/1240/1549 3176/1557/2034 3177/1683/2224 3189/1472/1901
g Bip001 Head
f 194/513/556 1187/838/2192 196/2124/2193 195/835/956
f 1191/456/2375 1195/1766/2356 1194/493/2355 1190/455/2783
g !BN_RBottomLip_1
f 2406/956/3535 2258/2280/3651 2259/241/252 2407/242/3536
g !BN_LBrow_2
f 2975/728/816 2972/701/789 2973/700/788 2974/734/823
g !BN_RToplid
f 372/251/1516 373/411/1502 379/609/1501 401/610/1511
g Bip001 Ponytail21
f 676/381/410 675/367/390 682/366/389 677/383/407
g Bip001 Head
f 1217/143/148 1218/142/147 1564/21/21 1216/1533/1994
f 2843/1290/1632 2813/1289/1631 2846/1383/1759 2842/1295/1637
g !BN_Jaw
f 2181/1857/2581 2227/363/3641 2226/360/2071 2179/88/2070
g !BN_LTopLip_4
f 2243/1102/1294 2278/607/669 2277/606/668 2242/1507/3322
g Bip001 Head
f 1203/1779/2386 1207/1644/2166 1206/1643/2165 1201/1672/2207
g !BN_RBottomLip_4
f 1808/1507/1942 1810/1641/3479 1809/2170/3529 1807/1508/1943
f 2394/1923/2630 2074/2190/3565 2076/1886/2798 2077/1596/2094
g !BN_Tingue
f 3182/445/477 3147/2037/2925 3148/2368/3868 3183/1033/1215
g Bip001 Head
f 3538/985/1148 3518/984/1147 3531/936/1163 3505/936/3908
f 3932/1850/2517 3879/2375/3909 3881/2249/3569 3931/1960/2710
g !BN_Jaw
f 2497/2299/3686 2496/2010/3910 2492/219/1315 3366/220/228
g Bip001 Head
f 660/1373/3911 659/1372/3385 657/1059/3386 658/1060/3833
f 1202/1767/2357 1201/1672/2207 1199/1673/2209 1200/1765/2354
f 491/1155/1373 502/1174/1394 501/1223/2023 500/1222/3336
g !BN_REye
f 3050/2289/3912 2985/387/413 3058/386/412 3051/2314/3731
g !BN_Jaw
f 2174/1995/3501 2224/1625/3638 2223/1640/2506 2173/1842/2505
g Bip001 Head
f 3699/1808/2459 3636/1424/1834 3635/2376/3913 3835/2285/3914
g !BN_LBrow_2
f 1691/1334/2731 1701/1332/3272 1692/1973/2728 1239/1974/2729
g !BN_Tingue_3
f 3170/1648/2170 3162/2377/3915 3161/1076/1264 3169/1075/1263
g Bip001 Head
f 1498/1246/1556 1499/1245/1555 1497/1386/1762 1496/2099/3182
f 4025/2154/3916 4012/2155/3917 4013/2363/3856 4024/2362/3855
f 2502/1074/1262 2501/1073/1261 2499/2009/3918 2500/1738/3919
g !BN_LBrow_3
f 2904/600/661 2915/627/692 2914/976/1140 2905/472/506
g Bip001 Head
f 1257/469/2121 1254/1959/2709 1255/1963/2870 4139/468/2118
g !BN_Tingue_3
f 3092/2041/2929 3080/154/159 3081/1572/2054 3091/2038/2926
g Bip001 Head
f 2633/1177/1398 2672/2332/3771 2671/2335/3773 2670/2334/3772
g !BN_RBrow_4
f 78/636/1980 53/593/652 51/595/654 77/635/708
g !BN_RBrow_3
f 1113/694/2860 1732/76/78 1734/2142/3235 1114/697/2859
g Bip001 Head
f 231/784/1053 169/783/889 157/766/868 168/785/1054
g !BN_LBrow_3
f 2945/652/730 2915/627/692 2916/626/691 2944/650/728
g !BN_Leye
f 3259/2282/3920 3260/84/86 3249/1580/3921 3250/1581/3922
g !BN_Tingue_3
f 3092/2041/2929 3115/2040/2928 3114/2361/3853 3093/2378/3923
g Bip001 Head
f 3342/1409/1810 3350/2312/3818 3349/2286/3667 3341/1788/2407
f 463/1028/1207 464/1210/3895 462/1211/1606 459/1029/1208
f 1621/122/124 1604/1546/2944 1603/2031/2947 1620/2030/2980
g !BN_Tingue
f 3103/2035/2923 3126/157/162 3083/156/161 3104/1564/2043
g Bip001 Head
f 1909/2178/3375 1910/218/2039 1908/46/46 1907/45/45
f 2023/42/3346 1983/2176/3342 1984/2177/3349 2022/41/3347
f 1905/48/48 1906/47/47 1903/227/237 1904/420/452
f 1367/115/238 1365/230/241 1362/1035/3166 1366/118/3165
g !BN_LTopLip_4
f 3447/2214/3468 3419/2085/3471 3418/2082/3691 3420/2300/3693
g Bip001 Head
f 3786/180/3163 3792/96/98 3794/1429/1839 3784/179/2194
f 322/1066/1414 323/1065/1808 321/290/1440 320/1067/1420
g !BN_RBottomLip_4
f 2056/1062/2678 2429/733/3091 2070/150/3309 2058/1061/3306
f 2063/294/2162 2064/999/3314 2062/1320/1663 2061/297/1662
g Bip001 Head
f 344/293/1427 347/1108/1426 346/1187/1429 345/292/1438
f 3765/192/3497 3848/193/1821 3847/127/129 3821/1117/1310
f 2703/836/957 2763/514/954 2704/772/873 2705/888/1022
g !BN_Tingue_2
f 3224/1399/1800 3217/947/1107 3216/535/584 3223/2369/3875
g Bip001 Head
f 334/1085/1454 335/184/189 333/183/188 332/1086/1407
g !BN_Leye
f 3251/1579/3924 3252/388/3925 3258/385/3926 3256/2379/3927
g !BN_Tingue
f 3124/529/576 3133/528/575 3132/2380/3928 3123/2381/3929
g Bip001 Head
f 1314/2046/3045 1303/1197/1434 1306/1474/3046 1313/1547/2016
g !BN_Tingue
f 3204/536/585 3201/1276/1610 3202/818/927 3203/537/586
f 3215/538/587 3235/2098/3074 3234/2245/3563 3222/2244/3562
f 3187/2114/3132 3178/1682/2223 3179/1592/2090 3186/1591/2089
g !BN_Jaw
f 2379/2253/3580 2376/499/3618 2377/134/136 2378/2254/3581
g Bip001 Head
f 1865/1224/3401 1845/1446/3403 1843/2176/3445 1864/2177/3417
g !BN_Tingue
f 3085/2239/3557 3124/529/576 3123/2381/3929 3086/2382/3930
g !BN_Jaw
f 2251/1420/3506 2287/2253/3628 2286/2251/3629 2250/316/335
g Bip001 Head
f 3690/1248/1559 3695/2383/3931 3789/1589/2085 3689/135/1560
f 2657/1105/3749 1496/2326/3182 1494/2310/3181 2660/1134/3710
f 2766/515/953 2758/773/874 2704/772/873 2763/514/954
f 654/714/3832 653/407/3830 639/408/3835 652/1352/3886
f 1356/1549/2018 1355/1624/2134 1354/2060/3154 1353/121/3153
g !BN_RBottomLip_1
f 2409/1843/3538 2261/2279/3650 2262/560/611 2410/557/2159
g Bip001 Head
f 1643/1385/2025 2637/2130/3769 1642/1056/1241 1641/1055/1240
g !BN_Tingue_2
f 3167/1077/1265 3179/1592/2090 3178/1682/2223 3168/1078/1266
f 3090/754/850 3117/1034/1216 3116/2039/2927 3091/2038/2926
g !BN_Tingue
f 3185/1594/2092 3241/2366/3862 3240/2276/3626 3186/1591/2089
g Bip001 Head
f 1610/1537/2000 1475/530/577 1478/479/515 1609/302/514
f 1356/1549/2018 1312/1548/2017 1311/512/555 1355/1624/2134
f 1482/2097/3073 1481/532/579 1480/480/516 1479/491/529
f 3443/1070/3717 3438/937/3706 3436/2246/3708 3442/1631/3716
g !BN_Tingue
f 3121/314/333 3130/313/332 3129/1476/1905 3120/236/247
g Bip001 Head
f 1251/1347/1711 1250/279/293 1248/625/689 1249/1189/1418
g !BN_Tingue_2
f 3087/1525/1979 3068/2045/2939 3070/2384/3932 3086/2382/3930
g Bip001 Head
f 176/772/3790 2705/888/1022 222/887/1021 165/775/1329
g !BN_RBottomLip_1
f 2484/2104/3933 2424/2103/2160 2495/549/601 2491/552/604
g !BN_LBrow_4
f 2899/567/3819 2896/638/714 2924/636/711 2898/593/710
g !BN_Jaw
f 2387/2122/3156 2109/2220/3635 2389/2226/3512 2388/2277/3838
g Bip001 Head
f 3822/2359/3934 3821/1117/1310 3819/1118/1311 3820/1933/2656
f 2711/860/989 2781/856/982 214/855/981 215/884/1016
g !BN_RCheek_3
f 1741/690/3236 1725/1188/2533 2439/2072/1161 1724/689/3239
g Bip001 Head
f 795/1916/2300 988/1915/2621 989/1913/2617 794/1912/344
f 835/1768/2358 1036/1797/1932 834/1760/2431 833/1759/2359
f 1593/1642/2164 1580/1989/2748 1581/1621/2131 1592/1236/3137
g Bip001 Ponytail1
f 10/354/1766 14/357/1769 13/356/1796 9/355/1789
g Bip001 Head
f 784/1704/2274 785/1705/1767 783/1709/1790 782/1708/2261
g !BN_LTopLip_4
f 2190/1922/3149 2234/1923/3415 2233/2044/2938 2189/2043/2937
g Bip001 Head
f 1155/1765/2781 1156/493/532 1154/495/534 1152/347/2771
g !BN_REye
f 3011/1543/3811 3002/1544/2849 3001/1150/1368 3010/425/457
g !BN_Tingue_3
f 3192/1447/1863 3173/1931/2645 3171/1919/2622 3174/1448/1864
g Bip001 Head
f 3598/735/824 3596/752/848 287/2385/2720 286/736/825
f 1628/228/2981 1611/188/193 1610/1537/2000 1609/302/514
g !BN_LTopLip_2
f 2020/201/208 1985/1367/3427 1965/1225/1515 1986/202/209
g !BN_Leye
f 3301/2059/3283 3294/424/3282 3293/2355/3935 3300/1541/3881
g Bip001 Head
f 181/1459/3816 174/792/896 173/794/898 180/831/3131
f 446/580/633 456/1208/1890 455/1207/2127 445/1186/1415
f 2005/2023/2892 2295/2260/3607 2294/2259/3609 2006/2022/2889
g !BN_RBrow_1
f 2882/589/648 2884/588/642 2883/590/649
f 2967/584/643 2884/588/642 2882/589/648
g !BN_RCheek_5
f 1283/25/972 1286/26/1019 1285/414/2913 1284/2028/2910
g !BN_RBrow_1
f 2966/586/806 2885/585/644 2967/584/643
g !BN_RBrow_2
f 45/586/640 46/585/639 43/61/3897 44/62/3936
f 44/62/3936 43/61/3897 42/60/3937 117/59/3901
f 117/59/3901 42/60/3937 41/471/3938 120/2118/3899
g !BN_RBrow_3
f 120/2118/3899 41/471/3938 40/577/3343 121/578/3817
g !BN_LBrow_3
f 2893/569/715 2892/576/629 2891/575/628
g !BN_RBrow_3
f 38/576/627 57/601/3345 37/570/621 36/569/620
g !BN_LBrow_4
f 2893/569/715 2895/568/3939 2894/570/3357
f 2896/565/714 2895/568/3939 2893/569/715
f 2896/565/714 2897/566/3940 2895/568/3939
f 2899/567/3819 2897/566/3940 2896/565/714
f 3067/594/697 2898/593/710 3066/595/704
g !BN_RBrow_4
f 32/567/618 54/630/696 52/594/653 53/593/652
f 33/566/617 55/599/660 54/630/696 32/567/618
g !BN_LBrow_4
f 2902/598/3356 2897/566/3940 2901/599/3941
f 2902/598/3356 2895/568/3939 2897/566/3940
f 2902/598/3356 2894/570/3357 2895/568/3939
g !BN_RBrow_3
f 70/626/694 56/598/659 37/570/621 57/601/3345
f 41/471/3938 59/472/3942 58/600/3344 40/577/3343
g !BN_RBrow_2
f 42/60/3937 60/470/3943 59/472/3942 41/471/3938
f 43/61/3897 61/613/2777 60/470/3943 42/60/3937
g !BN_Tingue_3
f 3107/867/996 3246/2386/3615 3139/2387/3784 3106/2061/2983
g !BN_RBrow_1
f 2909/614/2449 2884/588/642 2908/587/641
f 2909/614/2449 2883/590/649 2884/588/642
f 64/684/778 63/614/676 50/590/647 106/591/779
f 65/622/2778 62/587/677 63/614/676 64/684/778
g !BN_RBrow_2
f 68/976/3944 59/472/3942 60/470/3943 67/623/3945
g !BN_RBrow_3
f 69/627/3660 58/600/3344 59/472/3942 68/976/3944
g !BN_REye
f 2994/85/3705 2993/1619/3704 2992/2282/3659 2983/84/3658
g !BN_LBrow_4
f 2902/598/3356 2917/628/3350 2916/626/691
f 2901/599/3941 2917/628/3350 2902/598/3356
f 2901/599/3941 2918/629/699 2917/628/3350
f 2900/630/700 2918/629/699 2901/599/3941
g Bip001 Head
f 427/185/1284 437/1109/1302 436/1195/3634 429/1094/1285
g !BN_LBrow_4
f 2920/632/707 2919/631/698 3067/594/697
f 2920/632/707 2921/633/706 2919/631/698
g Bip001 Head
f 4075/2350/3946 4077/2217/3947 4076/2315/3734 4074/2352/3948
g !BN_LBrow_4
f 3066/595/704 2923/635/712 2922/634/705
g !BN_REye
f 3013/476/716 3002/1544/2849 3011/1543/3811 3012/640/717
g !BN_RBrow_4
f 34/638/616 32/567/618 53/593/652 78/636/1980
f 77/635/708 80/642/719 79/637/1981 78/636/1980
g !BN_LBrow_4
f 2926/642/720 2922/634/705 2923/635/712
g Bip001 Head
f 4051/2073/3009 4054/1168/1388 4052/1167/1387 4044/2008/3949
g !BN_RBrow_3
f 75/633/703 82/649/3499 81/644/3890 76/634/709
g Bip001 Head
f 764/1653/2342 765/1759/2344 767/1768/2433 763/1478/2429
f 2303/1337/1692 2332/789/1691 2333/790/2591 2305/1254/3378
f 2871/1280/1614 2820/1375/1751 2793/1374/1750 2872/1277/1611
g !BN_RBrow_3
f 87/975/3950 86/699/3874 85/651/3247 99/652/3246
g !BN_RBrow_2
f 100/1235/3951 88/702/3872 86/699/3874 87/975/3950
f 101/682/2864 89/1342/3952 88/702/3872 100/1235/3951
f 91/685/3953 89/1342/3952 101/682/2864 90/681/2863
f 92/664/1380 111/706/2066 89/1342/3952 91/685/3953
g !BN_RBrow_1
f 103/686/768 3065/667/748 92/664/1380 91/685/3953
f 2940/666/744 2982/668/3954 2939/667/745
f 2941/669/3955 2982/668/3954 2940/666/744
f 2942/670/3152 2982/668/3954 2941/669/3955
f 2942/670/3152 2951/671/2841 2982/668/3954
f 97/671/751 98/592/2697 49/2121/645 96/670/750
g !BN_RBrow_3
f 70/626/694 84/650/1447 72/629/695 71/628/693
f 69/627/3660 99/652/3246 84/650/1447 70/626/694
f 68/976/3944 87/975/3950 99/652/3246 69/627/3660
g !BN_RBrow_2
f 67/623/3945 100/1235/3951 87/975/3950 68/976/3944
f 66/621/2776 101/682/2864 100/1235/3951 67/623/3945
g Bip001 Head
f 249/936/1096 272/943/3195 271/941/1342 267/984/1341
g Bip001 Ponytail21
f 674/2340/397 2681/2212/3775 2666/2224/3552 671/2238/398
g !BN_RTopLip_1
f 2291/2201/3444 2292/2257/3584 3429/1232/3585 2015/1194/1425
g !BN_RBrow_1
f 2949/687/3956 2948/686/767 2939/667/745
f 2949/687/3956 2950/688/2840 2948/686/767
f 2982/668/3954 2950/688/2840 2949/687/3956
f 2951/671/2841 2950/688/2840 2982/668/3954
f 105/693/785 98/592/2697 97/671/751 104/688/770
f 2910/684/765 2953/692/775 2881/591/650
f 2947/683/764 2953/692/775 2910/684/765
f 105/693/785 103/686/768 102/683/780 107/692/777
f 2948/686/767 2950/688/2840 2952/693/776
g Bip001 Head
f 144/753/1196 145/738/828 135/735/3889 3465/750/1198
g !BN_Jaw
f 2130/1636/2201 2121/89/91 2122/1469/2083 2129/1550/2020
g !BN_RBrow_3
f 125/727/3888 133/730/3720 124/643/3891 81/644/3890
f 80/642/719 124/643/3891 123/724/2646 79/637/1981
f 39/723/626 123/724/2646 122/731/3719 121/1992/3817
f 121/1992/3817 122/731/3719 119/720/3722 120/721/3899
g Bip001 Head
f 1429/161/2949 1430/162/2536 1428/1864/2535 1427/1947/2690
g !BN_RBrow_2
f 117/719/3901 118/416/3900 116/417/3957 44/768/3936
f 44/768/3936 116/417/3957 115/717/3338 45/718/640
g Bip001 Head
f 160/771/3792 164/770/1330 163/769/3791 158/764/866
g !BN_RBrow_1
f 47/716/638 114/712/800 96/670/750 49/2121/645
f 2941/669/3955 2968/712/804 2942/670/3152
f 2941/669/3955 2969/711/818 2968/712/804
f 2940/666/744 2969/711/818 2941/669/3955
f 113/711/799 129/729/3958 112/665/1379 93/666/747
g !BN_LTopLip_4
f 2317/9/2059 1803/12/58 2320/11/57 2318/10/2389
g !BN_RBrow_2
f 89/1342/3952 111/706/2066 110/701/3613 88/702/3872
g !BN_RBrow_3
f 86/699/3874 109/700/3873 108/698/3876 85/651/3247
f 109/700/3873 126/734/3861 125/727/3888 108/698/3876
g !BN_RBrow_2
f 110/701/3613 127/728/3612 126/734/3861 109/700/3873
g Bip001 Head
f 1855/2135/3213 1885/902/3212 1884/903/3360 1856/1924/3398
g !BN_RBrow_2
f 129/729/3958 130/418/3959 128/705/2065 112/665/1379
g !BN_LBrow_4
f 1696/691/774 1244/1967/2723 1078/695/782 1243/694/781
g !BN_RBrow_2
f 116/417/3957 130/418/3959 129/729/3958 115/717/3338
f 118/416/3900 131/415/3860 130/418/3959 116/417/3957
f 119/720/3722 132/732/3721 131/415/3860 118/416/3900
f 128/705/2065 130/418/3959 131/415/3860 127/728/3612
g !BN_RBrow_3
f 124/643/3891 133/730/3720 122/731/3719 123/724/2646
g Bip001 Head
f 350/1121/1535 358/63/65 357/66/68 312/1120/1565
f 3778/2227/3519 3658/1800/3518 3657/1801/3960 3656/2230/3525
g !BN_RBrow_1
f 2939/667/745 2982/668/3954 2949/687/3956
g !BN_REye
f 2984/1580/2068 3007/403/435 2983/84/3658
f 3007/403/435 2984/1580/2068 2985/387/413
f 2986/388/414 2985/387/413 2984/1580/2068
g !BN_Leye
f 3254/386/3961 3258/385/3926 3252/388/3925 3253/387/3962
g !BN_REye
f 3057/2388/3963 3058/386/412 2991/385/411
g Bip001 Head
f 180/831/3131 173/794/898 172/1611/2113 179/829/942
g !BN_RBottomLip_4
f 2296/2054/433 31/2307/431 2525/2306/3703 2522/2053/3814
g !BN_REye
f 3061/2389/3964 2991/385/411 2989/2379/3965
f 3057/2388/3963 3061/2389/3964 2990/2292/3680
f 3057/2388/3963 2991/385/411 3061/2389/3964
g Bip001 Head
f 3570/2278/3966 3548/2390/1175 3547/2070/1177 3571/1876/2559
g !BN_Leye
f 3261/1619/2125 3262/85/87 3260/84/86 3259/2282/3920
g Bip001 Head
f 727/917/1067 1063/1731/2297 1065/1730/2626 726/780/1068
f 1111/1967/2862 1112/695/2467 1107/1969/2447 1106/1968/2865
g !BN_REye
f 2998/256/268 3005/2391/3967 2997/2168/3310
f 2996/1618/3312 2999/2349/3880 2998/256/268
f 2996/1618/3312 2994/85/3705 2999/2349/3880
g Bip001 Head
f 1617/473/2968 1461/1528/1988 1463/288/2971 1616/289/2970
g !BN_REye
f 3000/86/3968 2999/2349/3880 2994/85/3705
g Bip001 Ponytail21
f 2682/2339/1776 2683/2211/3776 2681/2212/3775 674/2340/397
g Bip001 Head
f 3893/2231/3969 3906/2075/3867 3905/2076/3970 3895/1801/2445
g !BN_REye
f 3003/257/269 2998/256/268 2999/2349/3880
g Bip001 Head
f 210/864/3796 239/911/3575 234/910/1060 212/868/1061
g !BN_REye
f 3004/255/267 3005/2391/3967 2998/256/268
f 3006/2392/3971 3005/2391/3967 3004/255/267
f 3008/83/434 2983/84/3658 3007/403/435
g !BN_LTopLip_4
f 1795/1886/2570 2271/1596/3446 1796/1597/2784 1791/1887/2571
g Bip001 Ponytail21
f 2690/1089/3757 2666/2224/3552 2681/2212/3775 2689/2213/3774
g !BN_Tingue_3
f 3097/1164/1384 3110/1163/1383 3109/1906/2604 3098/1985/2743
g Bip001 Head
f 2838/1370/1744 2837/1302/1644 2836/1298/1640 2835/1296/1638
g !BN_REye
f 3014/2393/3972 3004/255/267 3062/254/266
g !BN_Leye
f 3279/404/3325 3270/403/3973 3269/83/85 3278/405/1716
f 3295/423/3281 3286/422/1718 3285/425/3275 3294/424/3282
g !BN_Jaw
f 2374/2252/3579 1842/2175/3578 2373/2270/3624 1639/2269/3069
g !BN_Leye
f 3293/2355/3935 3284/1543/2010 3283/640/1879 3292/1540/3010
g !BN_LTopLip_4
f 3404/2261/3885 3410/1669/2203 3409/1668/2202 3403/2283/3690
g Bip001 Head
f 773/1718/2271 2601/1771/2365 2615/1770/2446 872/1769/2366
g !BN_REye
f 3025/1541/2006 3020/1540/2005 3019/2355/3812
g !BN_Leye
f 3300/1541/3881 3292/1540/3010 3291/1539/3011 3299/1538/3882
f 3310/1460/3887 3299/1538/3882 3291/1539/3011 3298/1784/2440
g !BN_RBottomLip_4
f 2088/1574/3278 2096/465/3277 2095/462/3593 2089/1573/3594
g !BN_REye
f 3028/1783/2394 3023/478/572 3022/641/718
f 3029/526/573 3023/478/572 3028/1783/2394
g Bip001 Head
f 1354/2060/3154 1484/2129/3179 1482/2097/3073 1352/532/3072
g !BN_REye
f 3056/525/570 3063/2295/3683 3030/477/571
f 3056/525/570 2990/2292/3680 3063/2295/3683
g Bip001 Head
f 3776/2156/3392 3659/1689/3974 3658/1800/3518 3777/2188/3393
g !BN_REye
f 3027/1784/2395 3032/1460/1881 3031/1463/1884
g !BN_RBottomLip_4
f 2512/1252/1564 2557/1251/1563 2514/2085/3040 2513/2084/3039
g !BN_REye
f 3024/2059/2969 3034/276/290 3033/1907/2605
f 3046/2288/3975 3039/2141/3229 3038/274/288 3045/2107/3976
f 3036/277/291 3034/276/290 3035/423/455
g !BN_RBottomLip_4
f 2508/2222/3751 2457/2283/3664 2455/1664/3977 2507/1411/3752
g !BN_Leye
f 3305/1650/2174 3304/2141/3794 3297/274/2614 3303/275/2613
g !BN_REye
f 3041/1649/3768 3040/1650/3230 3039/2141/3229
g !BN_RBottomLip_4
f 2458/1668/3665 2459/1982/3596 2878/1979/3571 2470/1667/3564
g Bip001 Head
f 878/1812/2489 877/804/911 875/807/914 876/1807/2488
g !BN_REye
f 3033/1907/2605 3040/1650/3230 3042/1461/1882
g Bip001 Head
f 713/1711/2264 712/1710/359 686/1709/2382 711/1708/2381
f 4100/2394/3978 4101/1792/2422 4099/1791/2421 4088/2395/3979
g !BN_RBrow_1
f 1123/1647/2814 1121/1646/2742 1714/1526/1985 1125/1233/1984
g !BN_Leye
f 3304/2141/3794 3312/2288/3672 3288/2107/3105 3297/274/2614
g Bip001 Head
f 890/1831/2398 928/1866/2542 929/1412/2631 739/1869/2396
g !BN_Leye
f 3308/1462/2172 3314/1314/1655 3313/2313/3793 3306/1649/2173
g !BN_RBottomLip_1
f 2194/299/1119 2217/957/1118 2216/2003/2834 2195/1124/1320
g Bip001 Head
f 1386/992/3001 1505/466/2120 1506/467/2119 1507/991/3081
g !BN_Leye
f 3314/1314/1655 3318/1313/1654 3317/2314/3852 3313/2313/3793
g Bip001 Head
f 4072/1325/3980 4068/215/3981 4066/2216/3982 4075/2350/3946
g !BN_Jaw
f 2500/1738/3919 2499/2009/3918 2496/2010/3910 2498/1575/3983
g Bip001 Head
f 2617/1105/1297 1644/2326/3076 2616/2324/3075 2612/1106/1298
g !BN_RCheek_3
f 1749/1180/1401 2438/439/471 1728/438/470 1091/1349/2649
g !BN_Leye
f 3317/2314/3852 3254/386/3961 3253/387/3962 3280/2289/3673
g !BN_REye
f 3050/2289/3912 3007/403/435 2985/387/413
f 3015/404/436 3007/403/435 3050/2289/3912
f 3054/2100/3906 2990/2292/3680 3056/525/570
f 3054/2100/3906 3057/2388/3963 2990/2292/3680
f 3055/2373/3984 3057/2388/3963 3054/2100/3906
f 3055/2373/3984 3058/386/412 3057/2388/3963
f 3063/2295/3683 3059/2294/3682 3014/2393/3972
g Bip001 Head
f 1137/988/2839 1519/1991/2838 1517/24/2843 1136/1534/2842
g !BN_REye
f 2990/2292/3680 3061/2389/3964 3060/2293/3681
f 3014/2393/3972 3006/2392/3971 3004/255/267
f 3014/2393/3972 3059/2294/3682 3006/2392/3971
f 3030/477/571 3014/2393/3972 3062/254/266
f 3030/477/571 3063/2295/3683 3014/2393/3972
g !BN_RBrow_1
f 94/668/746 3065/667/748 3064/687/769
g !BN_LBrow_4
f 2920/632/707 3067/594/697 3066/595/704
g !BN_Jaw
f 2289/2255/3582 2356/133/135 2355/134/541 2288/2254/3627
g !BN_RBottomLip_1
f 2405/957/3534 2257/2242/3560 2258/2280/3651 2406/956/3535
g Bip001 Head
f 1868/45/3365 1917/2178/3366 1916/2182/3421 1869/92/3368
f 1606/121/123 1605/1549/2979 1604/1546/2944 1621/122/124
g !BN_REye
f 3028/1783/2394 3022/641/718 3021/1539/2004 3027/1784/2395
g !BN_LToplid
f 506/583/1334 507/1226/1582 505/252/264 498/410/442
g Bip001 Head
f 3600/740/831 284/1018/2682 3599/753/849 3594/738/827
f 4021/508/551 3674/505/581 3675/2365/3985 4027/2396/3986
g !BN_Jaw
f 2401/1421/1829 2253/2256/3583 2254/2281/3652 2402/1419/1826
g Bip001 Ponytail11
f 24/374/1775 20/364/1774 14/357/1769 15/375/1768
g !BN_Tingue_3
f 3093/2378/3923 3080/154/159 3092/2041/2929
f 3094/155/160 3080/154/159 3093/2378/3923
g !BN_LTopLip_4
f 2339/2023/3198 3426/2260/2954 3425/402/2957 2338/2134/3199
g !BN_Tingue_3
f 3099/865/994 3076/329/348 3098/1985/2743
f 3100/330/349 3076/329/348 3099/865/994
g Bip001 Head
f 2370/1773/3622 1840/1520/3573 1839/1612/3572 2369/1613/3614
f 3448/1069/3718 3453/304/323 3452/2185/3383 3358/1652/3384
g !BN_RBottomLip_4
f 2441/2167/3304 2297/401/432 2003/2169/3315 2075/1888/2795
g !BN_Tingue_3
f 3098/1985/2743 3108/866/995 3099/865/994
f 3098/1985/2743 3109/1906/2604 3108/866/995
g Bip001 Head
f 847/1719/2412 719/1718/2363 843/1716/2267 718/1717/2268
f 3622/1456/3987 3723/1501/1934 3717/1556/2032 3724/1458/3988
g !BN_Tingue_3
f 3094/155/160 3114/2361/3853 3113/1522/1974
f 3093/2378/3923 3114/2361/3853 3094/155/160
f 3094/155/160 3113/1522/1974 3112/1514/1954 3095/152/157
g Bip001 Head
f 2304/44/3348 2022/41/3347 2021/1365/3426 2302/1418/3379
g !BN_Tingue
f 3123/2381/3929 3132/2380/3928 3131/312/331 3122/311/330
f 3086/2382/3930 3123/2381/3929 3122/311/330 3087/1525/1979
g Bip001 Head
f 3368/1577/2062 3359/1576/2061 3452/2185/3383 2565/2200/3443
g !BN_LBrow_2
f 2905/472/506 2914/976/1140 2913/623/686 2906/470/504
g Bip001 Head
f 3690/1248/1559 3701/1247/1558 3700/1432/1842 3697/1811/2460
g !BN_Tingue
f 3126/157/162 3135/2397/3989 3134/527/574 3125/158/163
g !BN_LBrow_2
f 2887/768/64 2964/417/449 2963/416/448 2962/719/61
g Bip001 Head
f 3672/506/582 4020/507/550 4003/2398/525 3673/1486/3898
g !BN_Tingue
f 3127/2399/3990 3148/2368/3868 3119/237/248 3128/1477/1906
g Bip001 Head
f 281/556/608 3602/555/607 280/663/852 3589/1016/835
g !BN_RBrow_2
f 1116/1974/2730 1738/1334/1688 1117/1976/2853 978/1975/2586
g Bip001 Head
f 649/1302/3372 604/1298/3834 605/1301/1785 606/1303/1788
g Bip001 Ponytail1
f 8/337/1791 12/352/1797 11/353/1307 6/336/2211
g Bip001 Head
f 3804/2358/3991 3800/1128/1326 3801/673/1830 3802/1423/1833
f 617/1300/3837 630/1343/2129 616/1396/1786 605/1301/1785
g !BN_LTopLip_4
f 2164/1751/3633 2237/958/1121 2236/961/1124 2163/2221/3487
g Bip001 Head
f 1379/1198/2855 1503/1107/3187 1381/1796/2427 1380/1865/2537
g !BN_RBottomLip_4
f 1813/608/3320 1816/1707/2260 1815/1542/3190 1812/607/2190
g Bip001 Head
f 2874/72/1694 2863/248/260 2864/247/259 2867/1315/1656
f 3446/2174/3335 3451/2173/3334 3447/2214/3468 3420/2300/3693
g !BN_Tingue_3
f 3152/2344/3785 3151/2400/3992 3150/2032/2922
f 3152/2344/3785 3153/260/274 3151/2400/3992
f 3151/2400/3992 3155/1443/1859 3154/2011/2822
f 3151/2400/3992 3156/2305/3700 3155/1443/1859
f 3153/260/274 3156/2305/3700 3151/2400/3992
g Bip001 Head
f 715/2330/360 716/2320/2265 2647/1901/2601 688/2319/357
g !BN_RCheek_4
f 1282/850/974 1634/1081/3059 1280/1720/3026 1281/28/975
g !BN_Tingue_3
f 3160/2012/2823 3155/1443/1859 3159/1442/1858
f 3162/2377/3915 3154/2011/2822 3161/1076/1264
f 3162/2377/3915 3151/2400/3992 3154/2011/2822
g !BN_RCheek_3
f 2106/996/1162 2436/2207/3661 2435/2101/3086 2091/204/211
g !BN_Tingue_3
f 3163/1920/2623 3150/2032/2922 3151/2400/3992
g Bip001 Head
f 1055/1583/2669 702/1940/2244 703/1464/2471 1054/1465/2668
g Bip001 Ponytail2
f 672/357/378 671/375/398 2667/1389/3551 670/354/375
g !BN_Tingue_2
f 3166/1833/2495 3160/2012/2823 3159/1442/1858
g Bip001 Head
f 2298/200/207 2019/203/210 3435/259/3707 3437/258/3611
f 1249/1189/1418 1248/625/689 1246/624/688 1247/1190/1419
g !BN_Jaw
f 2137/301/319 2130/1636/2201 2129/1550/2020 2136/298/316
g !BN_Tingue_3
f 3171/1919/2622 3150/2032/2922 3163/1920/2623
g Bip001 Head
f 1903/227/237 1961/226/236 1902/2135/3358 1894/421/453
g !BN_LToplid
f 431/1067/1252 422/1066/1251 541/271/285 430/978/1142
g Bip001 Ponytail1
f 2610/1283/1622 2619/1304/3789 2618/1103/1295 2611/1904/3616
g Bip001 Head
f 3436/2246/3708 3435/2247/3707 3433/1567/3550 3434/1568/3709
f 1437/1548/2942 1438/1475/1904 1436/1474/1903 1435/1547/2945
g !BN_Tingue_2
f 3071/1511/1951 3070/2384/3932 3068/2045/2939 3069/1571/2053
g !BN_Tingue
f 3189/1472/1901 3177/1683/2224 3188/2117/3135
g !BN_Tingue_3
f 3193/1928/2642 3173/1931/2645 3192/1447/1863
g !BN_LCheek_2
f 2028/2194/3480 1977/2193/3411 1973/2191/3410 1978/1703/3414
g !BN_Tingue_3
f 3192/1447/1863 3196/1587/2081 3193/1928/2642
g Bip001 Head
f 435/1187/1416 445/1186/1415 444/1036/1221 436/1195/3634
f 3650/842/962 3663/1655/2180 3624/1658/2183 3625/843/963
g !BN_RBrow_2
f 1115/1971/2726 1736/1973/3234 1116/1974/2730 976/1972/2587
g !BN_Tingue
f 3188/2117/3135 3200/1473/1902 3189/1472/1901
g !BN_Tingue_3
f 3108/866/995 3140/2160/1281 3246/2386/3615 3107/867/996
g Bip001 Head
f 1260/429/690 1248/625/689 1250/279/293 1259/278/292
f 2851/1303/1645 2858/249/261 2857/1396/2716 2852/1301/1643
g !BN_LToplid
f 545/244/1602 523/245/1254 449/451/485 544/1176/1397
g Bip001 Head
f 2716/827/939 2773/826/938 2762/829/945 2772/830/944
g !BN_Tingue_3
f 3211/1746/2315 3210/2329/3766 3209/1586/2080
f 3211/1746/2315 3212/1093/1283 3210/2329/3766
g Bip001 Head
f 1074/1871/2589 934/1870/2548 914/1271/1599 933/1270/1598
g !BN_REye
f 3044/1351/3993 3036/277/291 3035/423/455 3017/422/454
g !BN_Tingue_3
f 3152/2344/3785 3143/2343/1975 3243/261/275 3153/260/274
g !BN_Jaw
f 2476/2236/3675 2479/1781/2390 2474/1357/1724 2475/2290/385
g !BN_Tingue_3
f 3219/2125/3158 3214/2356/3825 3213/945/1105
f 3220/2401/3994 3214/2356/3825 3219/2125/3158
f 3220/2401/3994 3212/1093/1283 3211/1746/2315
f 3221/1090/1280 3212/1093/1283 3220/2401/3994
f 3226/147/152 3218/944/1104 3225/144/149
f 3226/147/152 3220/2401/3994 3219/2125/3158
f 3227/2402/3995 3220/2401/3994 3226/147/152
f 3227/2402/3995 3221/1090/1280 3220/2401/3994
g Bip001 Head
f 3780/1494/1927 3771/2370/3996 3773/2403/3997 3779/2229/3524
g Bip001 Ponytail11
f 2625/2327/3753 2677/2336/3786 2676/2211/3465 2627/2210/3464
g !BN_Tingue_2
f 3224/1399/1800 3229/145/150 3225/144/149
g Bip001 Head
f 1227/1647/2169 1177/1602/2101 1180/1504/1938 1181/1986/2744
g Bip001 Ponytail1
f 2619/1304/3789 2640/1305/2573 2639/1104/1296 2618/1103/1295
g Bip001 Head
f 2507/1411/3752 2455/1664/3977 2453/172/177 2506/1410/3330
f 662/1375/3843 661/1374/3824 659/1372/3385 660/1373/3911
g !BN_Tingue_2
f 3088/504/547 3082/755/851 3068/2045/2939 3087/1525/1979
f 3207/2357/3826 3198/1242/1551 3199/1241/1550 3206/1275/1609
f 3164/444/476 3145/1932/2655 3146/2036/2924
g Bip001 Head
f 597/1291/1672 620/1293/1674 599/1292/3052 598/1290/3723
f 3988/1248/3998 3948/2404/3999 4000/1810/4000 3989/1811/3318
f 2712/771/872 2754/1610/3145 2752/765/863 2713/764/862
g !BN_Tingue_3
f 3172/1930/2644 3142/2342/1976 3150/2032/2922
f 3172/1930/2644 3244/2405/2030 3142/2342/1976
f 3194/1929/2643 3244/2405/2030 3172/1930/2644
f 3195/2345/3788 3244/2405/2030 3194/1929/2643
f 3195/2345/3788 3141/2328/2031 3244/2405/2030
f 3210/2329/3766 3141/2328/2031 3195/2345/3788
g Bip001 Head
f 3885/844/3904 3934/841/3877 3933/1961/2711 3883/2248/3568
g !BN_Jaw
f 2245/1100/1292 2282/1612/2114 2281/1615/2117 2244/1101/1293
g !BN_RBottomLip_4
f 2088/1574/3278 2055/1063/2679 2057/1064/3305 2087/56/56
g Bip001 Head
f 633/1340/1707 627/50/1698 625/51/2228 628/1341/1709
g !BN_Tingue_2
f 3230/2081/3030 3247/2080/3029 3139/2341/3784
g !BN_RCheek_5
f 1287/413/3034 1288/412/3033 1285/414/2913 1286/26/1019
g !BN_Tingue
f 3183/1033/1215 3148/2368/3868 3127/2399/3990 3149/2240/3558
g !BN_Leye
f 3249/1580/3921 3260/84/86 3270/403/3973
f 3270/403/3973 3253/387/3962 3249/1580/3921
g Bip001 Head
f 1170/2004/2799 1151/345/2766 1153/346/2772 1185/1206/1461
g !BN_Leye
f 3253/387/3962 3252/388/3925 3249/1580/3921
g Bip001 Head
f 3927/1262/1577 3920/1822/2484 3918/1825/2487 3922/674/754
g !BN_Leye
f 3254/386/3961 3255/2388/4001 3258/385/3926
f 3256/2379/3927 3258/385/3926 3327/2389/4002
g !BN_REye
f 2989/2379/3965 2991/385/411 2986/388/414 2988/1579/2067
g !BN_Leye
f 3327/2389/4002 3255/2388/4001 3257/2292/4003
f 3327/2389/4002 3258/385/3926 3255/2388/4001
g Bip001 Head
f 2757/774/875 2759/793/900 2754/1610/3145 2712/771/872
f 3849/190/1818 3839/1678/2216 3838/1677/2215 3840/1414/1819
f 2358/2091/2367 1465/427/2974 1464/287/2972 2359/2092/2905
f 1211/986/1149 1560/2015/3481 1558/309/2758 1210/310/1793
g !BN_Leye
f 3265/2168/3863 3272/2391/4004 3266/256/1486
f 3264/1618/2124 3267/2349/3801 3262/85/87
f 3264/1618/2124 3266/256/1486 3267/2349/3801
f 3268/86/88 3262/85/87 3267/2349/3801
g !BN_REye
f 3008/83/434 3000/86/3968 2994/85/3705 2983/84/3658
g !BN_Leye
f 3269/83/85 3270/403/3973 3260/84/86
f 3273/255/1487 3272/2391/4004 3271/2392/4005
f 3273/255/1487 3266/256/1486 3272/2391/4004
f 3274/257/1485 3267/2349/3801 3266/256/1486
g Bip001 Head
f 4009/2406/4006 3969/178/183 3968/181/186 4008/2163/4007
g !BN_Leye
f 3276/1150/3276 3268/86/88 3267/2349/3801
g !BN_LCheek_3
f 2316/1780/2388 2029/207/2387 1977/2193/3411 2028/2194/3480
g !BN_REye
f 3016/405/437 3009/1151/1369 3000/86/3968 3008/83/434
g Bip001 Head
f 3445/1025/1203 3428/1339/3697 3440/940/3698 3444/1026/1204
g !BN_Leye
f 3280/2289/3673 3270/403/3973 3279/404/3325
f 3280/2289/3673 3253/387/3962 3270/403/3973
f 3281/254/511 3273/255/1487 3324/2393/4008
g !BN_RTopLip_1
f 2012/1616/3376 2535/2184/2045 2536/1231/1532 2013/1191/1531
g Bip001 Head
f 903/199/206 880/198/205 965/1828/2490 1039/1844/2508
g !BN_Leye
f 3286/422/1718 3277/1151/1717 3285/425/3275
g !BN_REye
f 3016/405/437 3044/1351/3993 3017/422/454 3009/1151/1369
f 3015/404/436 3045/2107/3976 3044/1351/3993 3016/405/437
g !BN_Leye
f 3316/1783/2441 3320/526/3082 3319/1312/1653 3315/1311/1652
g !BN_REye
f 3022/641/718 3012/640/717 3020/1540/2005 3021/1539/2004
f 3019/2355/3812 3011/1543/3811 3010/425/457 3018/424/456
g Bip001 Head
f 756/1757/921 757/1685/2227 755/209/216 944/1755/922
f 210/864/3796 211/863/1074 209/861/1077 208/862/3434
f 2039/853/978 2779/852/977 2778/389/415 2038/1371/1746
g Bip001 Ponytail21
f 2644/1116/3746 2650/1284/3507 2649/1598/3712 680/1599/809
g !BN_LBrow_3
f 2903/601/662 2892/576/629 2893/569/715 2894/570/3357
g !BN_Leye
f 3300/1541/3881 3293/2355/3935 3292/1540/3010
g !BN_REye
f 3025/1541/2006 3019/2355/3812 3018/424/456 3024/2059/2969
f 3018/424/456 3035/423/455 3034/276/290 3024/2059/2969
g !BN_Leye
f 3302/276/2616 3296/277/2615 3295/423/3281
g !BN_RBottomLip_3
f 2416/1855/2524 2473/2189/1726 2421/2126/1874 2417/2127/3352
g !BN_Leye
f 3305/1650/2174 3306/1649/2173 3304/2141/3794
g !BN_RBrow_1
f 115/717/3338 129/729/3958 113/711/799 114/712/800
g !BN_Leye
f 3321/477/512 3323/525/3083 3320/526/3082 3289/478/513
f 3310/1460/3887 3298/1784/2440 3309/1463/2442
f 3311/1907/3167 3299/1538/3882 3310/1460/3887
g Bip001 Head
f 1197/344/365 1205/1238/3136 1596/2006/2802 1178/1994/2801
g !BN_Leye
f 3311/1907/3167 3302/276/2616 3301/2059/3283
f 3307/1461/2171 3305/1650/2174 3311/1907/3167
g !BN_RCheek_4
f 1751/1082/3150 1634/1081/3059 2361/1084/3058 2360/1083/3623
g !BN_REye
f 3047/2313/3730 3041/1649/3768 3039/2141/3229 3046/2288/3975
f 3049/1311/2393 3031/1463/1884 3043/1462/1883 3048/1314/3729
g !BN_LCheek_5
f 1421/1404/1805 1420/413/445 1419/412/444 4156/1401/1802
g !BN_Leye
f 3290/641/1878 3289/478/513 3316/1783/2441
g !BN_REye
f 3050/2289/3912 3046/2288/3975 3045/2107/3976 3015/404/436
f 3051/2314/3731 3047/2313/3730 3046/2288/3975 3050/2289/3912
g Bip001 Head
f 3779/2229/3524 3654/2232/3527 3651/1495/1928 3780/1494/1927
g !BN_REye
f 3053/1312/3905 3049/1311/2393 3048/1314/3729 3052/1313/3728
g Bip001 Head
f 3810/1960/4009 3770/1961/4010 3648/2248/4011 3647/2249/4012
g !BN_Leye
f 3289/478/513 3320/526/3082 3316/1783/2441
f 3296/277/2615 3287/1351/1715 3286/422/1718 3295/423/3281
g !BN_REye
f 3052/1313/3728 3055/2373/3984 3054/2100/3906 3053/1312/3905
g Bip001 Head
f 3527/948/1108 3521/981/1144 3523/990/1154 3526/989/1153
g !BN_Leye
f 3328/2295/4013 3323/525/3083 3321/477/512
f 3328/2295/4013 3257/2292/4003 3323/525/3083
f 3257/2292/4003 3329/2100/3084 3323/525/3083
f 3257/2292/4003 3255/2388/4001 3329/2100/3084
f 3325/2294/4014 3328/2295/4013 3324/2393/4008
f 3327/2389/4002 3257/2292/4003 3326/2293/4015
f 3271/2392/4005 3324/2393/4008 3273/255/1487
f 3271/2392/4005 3325/2294/4014 3324/2393/4008
f 3324/2393/4008 3321/477/512 3281/254/511
f 3324/2393/4008 3328/2295/4013 3321/477/512
f 3255/2388/4001 3322/2373/3896 3329/2100/3084
f 3255/2388/4001 3254/386/3961 3322/2373/3896
f 3307/1461/2171 3311/1907/3167 3310/1460/3887
g !BN_Jaw
f 2501/1073/1261 2448/1515/1955 2447/1122/1316 2499/2009/3918
g Bip001 Head
f 519/1051/1236 510/1050/1235 508/1227/3416 537/1120/1313
f 1720/20/20 1708/19/19 1709/1681/2221 1719/2147/3244
f 2510/1409/3726 2506/1410/3330 2505/1157/1375 2509/1788/2821
g !BN_Jaw
f 2205/1184/1411 2204/1641/2163 2203/2170/3324 2202/1183/1408
g Bip001 Head
f 2500/1738/3919 2563/1739/2684 2562/1605/2104 2502/1074/1262
f 2504/1071/1259 2561/1606/2107 2560/2286/4016 2509/1788/2821
f 2509/1788/2821 2560/2286/4016 2559/2312/3727 2510/1409/3726
f 3342/1409/1810 3351/1250/3725 3350/2312/3818
g !BN_LTopLip_4
f 3342/1409/1810 3352/1249/1809 3351/1250/3725
g !BN_RBottomLip_4
f 2398/267/3217 2399/266/2750 2112/265/3859 2113/264/3218
f 2557/1251/1563 2558/1250/1562 2559/2312/3727 2556/2215/3601
g Bip001 Head
f 2556/2215/3601 2559/2312/3727 2560/2286/4016 2555/2209/3461
f 1005/1859/2528 1009/1858/2527 1008/1852/2641 1007/1272/2545
g !BN_REye
f 3045/2107/3976 3038/274/288 3036/277/291 3044/1351/3993
g !BN_Leye
f 3294/424/3282 3285/425/3275 3284/1543/2010 3293/2355/3935
g Bip001 Head
f 2563/1739/2684 2550/1576/4017 2551/2185/3442 2552/1652/2177
f 2500/1738/3919 2498/1575/3983 2550/1576/4017 2563/1739/2684
g !BN_Jaw
f 2490/1490/3642 3360/1489/1921 3362/1488/1920 2489/80/82
g Bip001 Head
f 3971/2407/4018 3962/37/37 3961/40/40 3970/483/519
g !BN_Jaw
f 3366/220/228 2492/219/1315 2488/81/83 2493/221/229
g !BN_RTopLip_2
f 1920/1225/3402 1996/202/1621 1995/1220/1620 1919/217/224
g !BN_Jaw
f 2498/1575/3983 2496/2010/3910 2497/2299/3686 3367/1578/2063
g Bip001 Head
f 3368/1577/2062 2550/1576/4017 2498/1575/3983 3367/1578/2063
g !BN_Jaw
f 2499/2009/3918 2447/1122/1316 2492/219/1315 2496/2010/3910
g !BN_LBrow_3
f 1693/2142/3274 1700/1452/3273 1699/75/3270 1694/76/3269
g !BN_Jaw
f 3370/1357/3674 3371/2290/3647 2266/285/303
f 3372/2236/3548 3373/2235/3547 3371/2290/3647
f 2478/2234/3685 2480/2233/3676 2476/2236/3675 2477/2235/384
f 3374/2234/3546 3375/2298/3648 3373/2235/3547
g Bip001 Head
f 2631/1087/1277 2673/2225/3503 2672/2332/3771 2633/1177/1398
g !BN_Jaw
f 2482/2296/3907 2423/2297/2137 2424/2103/2160 2484/2104/3933
g !BN_RToplid
f 326/1226/1517 370/1131/1340 571/1274/3844 572/1230/1529
g Bip001 Ponytail2
f 2693/1305/1647 2658/1104/3750 2659/1135/3762 2692/660/3764
g !BN_LBottomLip_3
f 3381/1358/3671 3369/194/302 3380/6/6
g !BN_Jaw
f 3382/1781/3670 3370/1357/3674 3381/1358/3671
f 3383/2233/3545 3372/2236/3548 3382/1781/3670
f 2482/2296/3907 2481/2291/3694 2480/2233/3676 2478/2234/3685
f 2484/2104/3933 2483/2243/4019 2481/2291/3694 2482/2296/3907
g !BN_RBottomLip_1
f 2484/2104/3933 2491/552/604 2490/1490/3642 2483/2243/4019
g !BN_Tingue_2
f 3105/1563/2042 3247/2408/3029 3248/2033/1127 3104/1564/2043
g !BN_Jaw
f 2462/8/2277 2465/7/201 2467/6/200 2461/5/3124
g Bip001 Head
f 1046/1821/2475 704/1699/2251 792/547/599 1047/1696/1888
g !BN_LTopLip_4
f 3405/915/1065 3411/914/1064 3410/1669/2203 3404/2261/3885
g Bip001 Ponytail21
f 2698/778/880 2687/2327/3779 2685/2336/3778 2702/2337/3780
g Bip001 Head
f 1185/1206/1461 1153/346/2772 1160/1205/1649 1169/1204/1459
g !BN_Jaw
f 2483/2243/4019 2487/79/81 2486/1943/2675 2481/2291/3694
f 2483/2243/4019 2490/1490/3642 2489/80/82 2487/79/81
f 3392/1943/3677 3394/82/3643 3393/79/3679
f 2485/817/2677 2443/816/2676 2445/815/3331 2444/814/2391
g Bip001 Head
f 2655/1106/3510 2653/1903/2602 2654/2322/3767 1500/2325/1553
f 293/171/176 294/1031/1468 289/1030/1466 292/168/173
g !BN_Jaw
f 2448/1515/1955 2443/816/2676 2446/82/84 2447/1122/1316
f 2449/1158/1376 2445/815/3331 2443/816/2676 2448/1515/1955
g !BN_LTopLip_4
f 1805/608/670 2278/607/669 2279/1542/2009 2324/1707/3340
g Bip001 Head
f 801/1849/2293 970/1848/2514 986/811/2597 800/1921/2294
f 2511/1249/1561 2507/1411/3752 2506/1410/3330 2510/1409/3726
g !BN_Jaw
f 3386/8/8 3398/173/2198 3388/5/5
f 3401/1665/2199 3398/173/2198 3386/8/8
g !BN_RBottomLip_4
f 2455/1664/3977 2454/1665/2275 2452/173/178 2453/172/177
f 2457/2283/3664 2456/2261/3599 2454/1665/2275 2455/1664/3977
g !BN_LTopLip_4
f 3386/8/8 3404/2261/3885 3401/1665/2199
f 3386/8/8 3405/915/1065 3404/2261/3885
g !BN_LBottomLip_3
f 3386/8/8 3387/7/7 3405/915/1065
g Bip001 Head
f 763/1478/2429 767/1768/2433 769/1763/2435 761/1041/1226
g !BN_RBottomLip_4
f 2508/2222/3751 2520/1981/3597 2459/1982/3596 2457/2283/3664
g !BN_LTopLip_4
f 3403/2283/3690 3409/1668/2202 3408/1982/2737
g !BN_RBottomLip_4
f 2471/1669/3735 2456/2261/3599 2457/2283/3664 2458/1668/3665
g Bip001 Head
f 817/1854/182 1008/1852/2641 1009/1858/2527 816/1863/30
f 274/1006/3848 3483/1005/2935 3482/1003/1170 3496/1004/1171
g !BN_RBottomLip_4
f 2396/432/3543 29/399/430 30/398/429 2395/2044/3544
g Bip001 Head
f 486/1218/1966 485/1217/4020 483/1216/4021 484/1215/3854
f 1651/466/500 1097/469/503 1099/281/2875 1650/1883/3085
g !BN_RBottomLip_4
f 2084/788/892 1929/1531/3602 1930/1336/3429 1931/789/893
f 2420/1670/1779 2471/1669/3735 2458/1668/3665 2470/1667/3564
g Bip001 Head
f 486/1218/1966 488/1156/1374 487/1219/3337 485/1217/4020
f 1569/1990/2753 1568/2112/3116 1566/2110/3115 1567/141/146
g !BN_RBottomLip_4
f 2513/2084/3039 2520/1981/3597 2508/2222/3751 2512/1252/1564
f 2526/1980/3598 2520/1981/3597 2513/2084/3039 2521/2083/3038
g Bip001 Head
f 818/208/2333 1019/1756/2337 817/177/182 777/1723/2371
g !BN_RBottomLip_4
f 2514/2085/3040 2549/2214/3600 2516/2300/3815 2515/2082/3037
g !BN_RBrow_2
f 67/623/3945 60/470/3943 61/613/2777 66/621/2776
g !BN_RBottomLip_4
f 2525/2306/3703 2521/2083/3038 2515/2082/3037 2522/2053/3814
g !BN_LTopLip_4
f 3417/2083/3692 3424/1980/2735 3423/2306/3701
f 4112/2308/2577 3424/1980/2735 3414/1979/2734
f 4112/2308/2577 3423/2306/3701 3424/1980/2735
f 3499/2307/3702 3423/2306/3701 4112/2308/2577
g !BN_RBottomLip_4
f 2296/2054/433 2522/2053/3814 2517/2052/3813 2295/2051/3607
g Bip001 Head
f 2295/2051/3607 2517/2052/3813 2519/2304/3759 2294/2303/3609
g !BN_REye
f 3009/1151/1369 3001/1150/1368 2999/2349/3880 3000/86/3968
g !BN_RTopLip_1
f 2537/1935/3713 2538/2316/1533 2536/2309/1532 2534/1565/2044
f 3432/1565/2659 2290/1566/3549 3430/2309/3586
g Bip001 Head
f 2530/2246/3566 2541/1631/2145 2540/305/3715 2532/1568/2047
f 2532/1568/2047 2533/1567/2046 2531/2247/272 2530/2246/3566
g !BN_LTopLip_4
f 1800/149/154 2276/1506/2653 2277/606/668 1801/605/667
g !BN_RBrow_1
f 2908/587/641 2911/622/685 2910/684/765 2909/614/2449
g Bip001 Head
f 4006/1482/1913 3967/180/185 3966/96/4022 4007/97/1049
f 2528/937/1097 2542/1070/1258 2541/1631/2145 2530/2246/3566
f 2524/1339/1696 2544/1025/3761 2543/1026/1255 2523/940/1099
g !BN_Jaw
f 2386/2123/3157 1827/1183/3530 2384/539/588 2385/1096/1288
g Bip001 Head
f 2518/2174/3760 2519/2304/3759 2517/2052/3813 2516/2300/3815
f 2516/2300/3815 2549/2214/3600 2548/2173/3460 2518/2174/3760
g !BN_Jaw
f 2196/1317/1658 2215/2000/2835 2214/1419/3636 2213/1318/1659
g !BN_Tingue
f 3103/2035/2923 3136/2268/3619 3135/2397/3989 3126/157/162
g Bip001 Head
f 2544/1025/3761 2547/1024/3462 2546/1027/1256 2543/1026/1255
f 2518/2174/3760 2548/2173/3460 2547/1024/3462 2544/1025/3761
f 4077/2217/3947 4062/106/482 4078/103/1590 4076/2315/3734
g !BN_RBottomLip_4
f 2514/2085/3040 2557/1251/1563 2556/2215/3601 2549/2214/3600
g Bip001 Head
f 2547/1024/3462 2554/1166/2106 2553/1165/2105 2546/1027/1256
f 2564/304/2144 2545/1069/1257 2552/1652/2177 2551/2185/3442
f 3442/1631/3716 3441/305/324 3453/304/323
g !BN_RTopLip_1
f 2539/2311/3714 2292/2317/3584 2538/2316/1533 2537/1935/3713
g Bip001 Head
f 3454/306/325 3431/1935/2660 2539/2311/3714
f 2534/1565/2044 2540/305/3715 3454/306/325 2537/1935/3713
f 3454/306/325 2540/305/3715 2564/304/2144 2566/303/322
f 2565/2200/3443 2551/2185/3442 2550/1576/4017 3368/1577/2062
f 3432/1565/2659 3441/305/324 3434/1568/3709
f 153/757/856 3455/1012/845 142/749/844
f 686/1397/2382 685/355/376 670/354/375 709/1390/2257
f 3588/1017/837 3603/661/853 278/756/854 279/1013/839
g !BN_RBottomLip_3
f 2391/2221/3514 2108/2219/3513 2111/2087/3049 2112/265/3859
g Bip001 Head
f 1199/1673/2209 1595/1237/2208 1205/1238/3136 1197/344/365
f 144/753/1196 3464/1021/830 3463/1020/829
g !BN_RBottomLip_4
f 1812/607/2190 1815/1542/3190 1814/1101/3189 1811/1102/2191
g !BN_Tingue_2
f 3213/945/1105 3207/2357/3826 3206/1275/1609 3205/946/1106
g Bip001 Head
f 156/2409/859 3468/502/4023 3467/2410/861
f 3574/617/4024 3543/501/544 3557/500/543 3575/1679/4025
f 3574/617/4024 3575/1679/4025 3559/872/1002 3573/616/1001
g !BN_RBrow_1
f 2882/2121/648 2943/592/651 2951/671/2841 2942/670/3152
g Bip001 Head
f 3571/1876/2559 3563/1875/2558 3564/2042/4026 3570/2278/3966
f 3477/2411/4027 3476/2042/2934 3475/2278/3639
f 3477/2411/4027 3478/2412/4028 3476/2042/2934
f 3479/2413/4029 3478/2412/4028 3477/2411/4027
f 3479/2413/4029 3480/2414/4030 3478/2412/4028
f 3498/1002/1169 3480/2414/4030 3479/2413/4029
f 3481/1001/1168 3480/2414/4030 3498/1002/1169
f 3481/1001/1168 3478/2412/4028 3480/2414/4030
f 3482/1003/1170 3478/2412/4028 3481/1001/1168
f 3565/1003/1173 3566/2412/4031 3564/2042/4026 3576/1005/1174
f 3576/1005/1174 3564/2042/4026 3563/1875/2558 3562/1007/1176
f 3562/1007/1176 3563/1875/2558 3561/873/1003 3560/1009/3850
f 3812/1850/4032 3808/1260/2914 3811/1261/3293 3810/1960/4009
f 3578/760/4033 3575/1679/4025 3557/500/543 3558/759/4034
f 3488/759/858 155/762/860 3469/500/3747
f 3489/1993/4035 155/762/860 3467/763/861
g !BN_Tingue_2
f 3072/1513/1953 3073/1966/2722 3070/2384/3932 3071/1511/1951
g Bip001 Head
f 3488/759/858 3491/758/857 155/762/860
f 3487/760/4036 154/760/681 3488/759/858
f 156/2409/859 3492/501/3215 3468/502/4023
f 3491/2137/857 3492/501/3215 156/2409/859
f 3574/617/4024 3545/618/4037 3544/2137/4038 3543/501/544
f 3573/616/1001 3546/615/3871 3545/618/4037 3574/617/4024
f 1650/1883/3085 1099/281/2875 1101/278/1300 1649/1107/1299
f 3571/1876/2559 3547/2070/1177 3555/2071/3870 3572/874/1004
f 434/1108/1301 435/1187/1416 436/1195/3634 437/1109/1302
f 274/2390/3848 3477/2411/4027 3475/2278/3639
f 3496/2415/1171 3477/2411/4027 274/2390/3848
f 3496/2415/1171 3479/2413/4029 3477/2411/4027
f 3497/2416/1167 3479/2413/4029 3496/2415/1171
f 3497/2416/1167 3498/1002/1169 3479/2413/4029
g !BN_LTopLip_4
f 3499/400/3702 2342/401/3603 3425/402/2957
f 4112/1892/2577 4111/397/2576 3499/400/3702
f 3414/2250/2734 2270/399/2578 4112/1892/2577
f 3499/400/3702 4111/397/2576 2342/401/3603
g Bip001 Head
f 3530/919/1982 3504/921/4039 3534/920/4040
f 3501/931/4041 3504/921/4039 3500/930/4042
f 3502/2417/4043 3501/931/4041 3507/932/4044
f 3502/2417/4043 3536/933/4045 3501/931/4041
f 3536/933/4045 3503/935/4046 3534/920/4040
f 3501/931/4041 3534/920/4040 3504/921/4039
f 3503/935/4046 3505/936/3908 3532/934/1983
f 3533/929/4047 3504/921/4039 3506/923/4048
f 3506/923/4048 3537/922/4049 3507/923/4044
f 3537/922/4049 3535/925/4050 3502/922/4043
f 3530/919/1982 3535/925/4050 3504/921/4039
f 3530/919/1982 3508/926/3194 3535/925/4050
f 256/927/1091 272/943/3195 241/919/1078 250/926/1089
f 3539/927/1102 3505/927/3908 3508/926/3194
f 985/810/2596 893/1273/2494 982/1270/2544 984/809/2685
f 252/950/3505 270/951/1343 271/941/1342 251/942/1120
f 255/966/2755 269/989/1437 254/948/3504 253/949/2830
f 261/969/1135 268/972/1137 269/989/1437 255/966/2755
f 3515/972/1156 3516/971/4051 3514/969/1132
f 3510/942/1101 3538/928/1148 3539/927/1102
f 257/1485/3159 252/950/3505 251/942/1120 245/928/1090
f 258/968/2831 253/949/2830 252/950/3505 257/1485/3159
f 537/1120/1313 508/1227/3416 499/581/1333 536/66/1327
f 1469/1329/539 1470/1330/2001 1468/187/192 1467/2094/3068
f 3514/969/1132 3516/971/4051 3524/970/1133
f 3508/926/3194 3503/926/4046 3535/925/4050
f 248/936/1088 249/936/1096 267/984/1341 245/985/1090
f 3601/743/833 283/554/606 284/1018/2682 3600/740/831
f 258/980/2831 265/981/3653 264/990/1436 259/1628/2756
f 259/1628/2756 264/990/1436 263/974/1138 260/973/1136
f 3516/971/4051 3525/974/1155 3524/973/1133
f 3515/972/1156 3525/974/1155 3516/971/4051
f 265/981/3653 254/948/3504 269/989/1437 264/990/1436
f 266/982/1344 270/951/1343 254/948/3504 265/981/3653
g !BN_Jaw
f 2413/1582/2139 2132/87/89 2140/1995/2770 2412/1625/2136
g Bip001 Head
f 273/934/1095 241/919/1078 272/943/3195 249/936/1096
f 3534/920/4040 3532/934/1983 3530/919/1982
f 3532/934/1983 3505/936/3908 3531/936/1163
f 3500/930/4042 3504/921/4039 3533/929/4047
f 3534/920/4040 3503/935/4046 3532/934/1983
f 3507/932/4044 3501/931/4041 3500/930/4042
f 3501/931/4041 3536/933/4045 3534/920/4040
f 3536/924/4045 3502/922/4043 3535/925/4050
f 3502/922/4043 3507/923/4044 3537/922/4049
f 3536/924/4045 3535/925/4050 3503/926/4046
f 3537/922/4049 3506/923/4048 3504/921/4039
f 3537/922/4049 3504/921/4039 3535/925/4050
f 3503/926/4046 3508/926/3194 3505/927/3908
f 3505/927/3908 3539/927/1102 3538/928/1148
f 3541/502/545 3542/2409/4052 3540/2410/4053
f 3543/501/544 3542/2409/4052 3541/502/545
f 3543/501/544 3544/2137/4038 3542/2409/4052
f 276/2071/1181 3472/874/3006 3494/616/679 3585/615/678
g !BN_RCheek_1
f 1940/2186/3388 1743/2202/104 2034/2049/2352 1939/2050/3454
g Bip001 Head
f 274/2390/3848 3475/2278/3639 3495/1876/3005 275/2070/1178
f 3549/2411/4054 3548/2390/1175 3570/2278/3966
f 3549/2411/4054 3550/2415/1172 3548/2390/1175
f 3551/2413/4055 3550/2415/1172 3549/2411/4054
f 3551/2413/4055 3552/2416/4056 3550/2415/1172
f 3569/1002/4057 3552/2416/4056 3551/2413/4055
f 3558/759/4034 3545/760/4037 3578/760/4033
f 3553/762/2759 3544/758/4038 3558/759/4034
f 3540/763/4053 3553/762/2759 3554/1993/2760
f 3546/1011/3871 3577/1011/3851 3545/760/4037
f 3546/1011/3871 3555/1010/3870 3577/1011/3851
f 3544/758/4038 3545/760/4037 3558/759/4034
f 3542/761/4052 3544/758/4038 3553/762/2759
f 3490/503/4058 3469/500/3747 155/762/860 3489/1993/4035
f 3558/759/4034 3557/500/543 3553/762/2759
f 2008/2198/3441 2529/258/271 2009/200/270 1998/1366/1738
f 3487/760/4036 3470/1679/2218 3471/872/2217 3486/1011/1182
f 3486/1011/1182 3471/872/2217 3473/873/3902 3485/1009/1179
f 2294/2303/3609 2519/2304/3759 2524/1339/1696 2293/1338/1695
f 3567/1001/4059 3566/2412/4031 3565/1003/1173
f 3567/1001/4059 3568/2414/4060 3566/2412/4031
f 3569/1002/4057 3568/2414/4060 3567/1001/4059
f 3551/2413/4055 3568/2414/4060 3569/1002/4057
f 3551/2413/4055 3566/2412/4031 3568/2414/4060
f 3549/2411/4054 3566/2412/4031 3551/2413/4055
f 3549/2411/4054 3564/2042/4026 3566/2412/4031
f 3570/2278/3966 3564/2042/4026 3549/2411/4054
g !BN_LTopLip_4
f 1798/1015/3474 1783/151/156 1779/875/1005 1784/296/314
g Bip001 Head
f 3495/1876/3005 3474/1875/2933 3473/873/3902 3472/874/3006
f 3472/874/3006 3473/873/3902 3471/872/2217 3494/616/679
f 588/796/1946 664/1378/1945 663/1376/1897 586/1377/1896
g !BN_LBrow_2
f 1237/1976/2732 1236/1978/2733 1234/358/380 1235/114/379
g Bip001 Head
f 3468/502/4023 3492/501/3215 3469/500/3747 3490/503/4058
f 3542/761/4052 3553/762/2759 3540/763/4053
f 3555/1010/3870 3560/1009/3850 3577/1011/3851
f 3547/1008/1177 3560/1009/3850 3555/1010/3870
f 3547/1008/1177 3562/1007/1176 3560/1009/3850
f 1154/495/534 1161/494/533 1160/1205/1649 1153/346/2772
g !BN_Jaw
f 2485/817/2677 2444/814/2391 2479/1781/2390 2480/2233/3676
g Bip001 Head
f 3552/1000/4056 3565/1003/1173 3550/1004/1172
f 3552/1000/4056 3567/1001/4059 3565/1003/1173
f 3552/1000/4056 3569/1002/4057 3567/1001/4059
f 3578/760/4033 3545/760/4037 3577/1011/3851
g !BN_RBrow_4
f 51/595/654 52/594/653 74/632/702
g Bip001 Head
f 242/2417/1083 247/931/1094 3579/933/1085
f 247/931/1094 240/921/1080 3580/920/1079
f 3579/933/1085 3580/920/1079 3581/935/1087
f 242/2417/1083 3584/932/1084 247/931/1094
f 247/931/1094 3582/930/1093 240/921/1080
f 3581/935/1087 273/934/1095 248/936/1088
f 250/926/1089 248/927/1088 256/927/1091
f 3583/923/1082 240/921/1080 246/929/1092
f 243/925/1086 3581/926/1087 250/926/1089
f 3584/923/1084 244/922/1081 3583/923/1082
f 242/922/1083 243/925/1086 244/922/1081
f 3585/1011/678 154/760/681 3486/1011/1182
f 3486/1011/1182 154/760/681 3487/760/4036
f 3585/1011/678 3486/1011/1182 276/1010/1181
f 3604/748/842 277/747/841 3606/749/1183
g !BN_Jaw
f 3363/80/1919 3361/1490/1922 3385/2243/3561 3393/79/3679
g Bip001 Head
f 1889/680/760 2041/1439/1855 2042/2180/3370 1890/518/761
f 2773/826/938 2753/787/890 2755/1611/3146 2762/829/945
f 149/744/1212 137/745/1191 3460/742/1193 147/743/1213
f 367/1137/1478 378/676/756 377/679/759 366/1138/1537
f 146/740/3147 3462/741/1195 3463/739/829 145/738/828
f 3594/738/827 3595/737/826 3593/739/1197
g !BN_Tingue_2
f 3230/2081/3030 3139/2341/3784 3229/145/150 3224/1399/1800
g Bip001 Head
f 135/735/3889 136/736/1199 134/2385/1201 143/752/4061
f 3461/1018/1194 146/740/3147 145/738/828 144/753/1196
f 148/554/1192 147/743/1213 146/740/3147 3461/1018/1194
f 1247/1190/1419 1246/624/688 1245/1968/2724 1244/1967/2723
f 484/1215/3854 483/1216/4021 482/1160/1378 475/1159/1377
f 3606/749/1183 3605/757/855 3604/748/842
f 3608/646/4062 3823/1535/1997 3607/645/2658
f 3610/1798/3138 3611/1799/2496 3609/1836/2499
g !BN_LCheek_1
f 1957/2153/3355 2048/2149/2374 1958/2148/3245 1952/2152/3353
g Bip001 Head
f 3577/1011/3851 3559/872/1002 3575/1679/4025 3578/760/4033
f 4035/1657/2206 4034/1656/2205 3908/1655/4063 3888/1658/4064
f 4041/1819/4065 4033/1820/4066 3908/1655/4063 4034/1656/2205
f 3908/1655/4063 4033/1820/4066 4032/1778/2379 3907/2353/3865
f 4042/1502/2380 4032/1778/2379 4033/1820/4066 4041/1819/4065
f 4041/1819/4065 4034/1656/2205 4036/1457/1876 4040/1456/1875
f 3612/1629/4067 3617/1657/2182 3616/1671/4068
f 2007/2197/3436 2527/2199/1098 2008/2198/3441 1999/2196/3437
f 3610/1798/3138 3625/843/963 3624/1658/2183
f 4097/1798/2436 3886/843/4069 3885/844/3904 3884/2119/3644
f 874/1804/2452 965/1806/2490 880/1813/205 876/1807/2488
f 3778/2227/3519 3773/2403/3997 3772/1823/3291 3774/2228/3520
f 3609/1836/2499 3708/1835/2498 3715/2418/4070
f 4098/1836/3646 4092/1835/1389 4094/1834/2962 4093/1799/2437
f 3613/656/734 3627/1834/2497 3611/1799/2496
f 3613/656/734 3628/2419/4071 3627/1834/2497
f 3613/656/734 3629/655/733 3628/2419/4071
f 4085/653/2142 4095/656/2141 4100/655/3978 4088/654/3979
f 3614/653/731 3630/2420/4072 3732/654/732
f 3614/653/731 3631/2301/220 3630/2420/4072
f 2585/2024/2900 1271/342/363 1270/341/362 1265/1438/3021
f 3633/2264/3267 3634/2263/3605 3661/2421/3268
f 3990/1808/3316 3998/2285/1584 3910/2376/1587 3991/1424/3743
f 3636/1424/1834 3637/2422/4073 3635/2376/3913
f 3638/1427/1837 3637/2422/4073 3636/1424/1834
f 3638/1427/1837 3639/2423/4074 3637/2422/4073
f 3640/2262/3604 3639/2423/4074 3638/1427/1837
f 3640/2262/3604 3641/2371/4075 3639/2423/4074
f 3640/2262/3604 3642/2265/3606 3641/2371/4075
f 3993/2262/3884 3995/2265/2232 3904/2264/2231 3994/2263/3645
f 3993/2262/3884 3994/2263/3645 3884/2119/3644 3882/1426/3567
f 3638/1427/1837 3643/1426/1836 3640/2262/3604
f 3992/1427/3883 3882/1426/3567 3880/1425/3570 3991/1424/3743
f 3483/1005/2935 3476/2042/2934 3478/2412/4028 3482/1003/1170
g !BN_Leye
f 3249/1580/3921 3252/388/3925 3251/1579/3924 3250/1581/3922
g Bip001 Head
f 3647/2249/4012 3644/1425/1835 3646/2375/4076
g !BN_Leye
f 3285/425/3275 3277/1151/1717 3268/86/88 3276/1150/3276
f 3326/2293/4015 3257/2292/4003 3328/2295/4013 3325/2294/4014
g Bip001 Head
f 3887/842/4077 3934/841/3877 3885/844/3904 3886/843/4069
f 3908/1655/4063 3887/842/4077 3886/843/4069 3888/1658/4064
f 3651/1495/1928 3663/1655/2180 3650/842/962
f 3651/1495/1928 3652/2348/4078 3663/1655/2180
f 631/1344/1708 633/1340/1707 632/1346/1710 630/1343/2129
f 3654/2232/3527 3655/2231/3526 3653/2347/4079
f 3894/2230/4080 3936/2229/4081 3892/2232/3798 3893/2231/3969
f 3656/2230/3525 3657/1801/3960 3655/2231/3526
f 3896/1800/2444 3937/2227/4082 3894/2230/4080 3895/1801/2445
f 1066/1848/2624 1071/810/917 889/1273/1601 1068/954/1114
f 3897/1686/2230 3905/2076/3970 4046/1879/2563 3904/1687/2231
f 3762/2076/3019 3657/1801/3960 3660/1686/3266
g !BN_LBrow_4
f 2926/642/720 2923/635/712 2924/636/711 2925/637/713
g Bip001 Head
f 3891/2347/3797 3907/2353/3865 3906/2075/3867 3893/2231/3969
f 3662/2353/3805 3652/2348/4078 3653/2347/4079
f 3662/2353/3805 3663/1655/2180 3652/2348/4078
f 3666/2155/3258 3665/2424/4083 3664/2144/3241
f 3667/2363/4084 3665/2424/4083 3666/2155/3258
f 4009/2406/4006 4014/2364/3857 4013/2363/3856 4010/2424/4085
g !BN_REye
f 3053/1312/3905 3029/526/573 3028/1783/2394 3049/1311/2393
g Bip001 Head
f 3671/534/583 3799/2163/3286 3670/533/580
f 4017/1487/1918 4016/534/1917 4008/2163/4007 4004/2162/4086
f 4020/507/550 4018/506/549 4019/1486/526 4003/2398/525
f 4022/505/548 4015/533/3869 4016/534/1917 4018/506/549
g !BN_RBottomLip_1
f 2408/239/3537 2260/240/251 2261/2279/3650 2409/1843/3538
g !BN_Tingue
f 3222/2244/3562 3232/962/1125 3231/965/1128 3223/2369/3875
g !BN_RBottomLip_4
f 2393/1595/2093 2399/266/2750 2398/267/3217 2400/1922/2629
g Bip001 Head
f 3985/69/527 3982/70/3588 3983/2425/4087 3984/488/524
f 3683/2143/3240 3684/2146/3243 3682/2426/4088 4029/2427/4089
f 4027/2396/3986 4023/2365/3858 4022/505/548 4021/508/551
f 3972/2318/3736 3963/1651/2175 4011/2144/4090 3980/2145/3589
g !BN_LBrow_3
f 2959/1992/631 2958/731/820 2957/724/810 2891/723/628
g Bip001 Head
f 4026/2143/4091 4029/2427/4089 3682/2426/4088 3981/2146/3587
f 4026/2143/4091 3981/2146/3587 3980/2145/3589 4011/2144/4090
f 4026/2143/4091 4011/2144/4090 4012/2155/3917 4025/2154/3916
f 4028/2428/4092 4024/2362/3855 4023/2365/3858 4027/2396/3986
f 3465/750/1198 135/735/3889 143/752/4061 3466/751/1200
g !BN_REye
f 3026/1538/2003 3032/1460/1881 3027/1784/2395 3021/1539/2004
g Bip001 Head
f 344/293/1427 321/290/1440 323/1065/1808 343/1080/1428
f 3988/1248/3998 3977/1247/3176 3978/136/138 3987/135/137
f 3682/2426/4088 3983/2425/4087 3982/70/3588 3981/2146/3587
f 3986/68/140 3979/67/139 3982/70/3588 3985/69/527
f 3985/69/527 4019/490/526 4017/2374/1918 3986/68/140
f 3692/68/70 3694/2429/3285 3693/2374/3284
f 3692/68/70 3788/1590/2086 3694/2429/3285
f 3986/68/140 4002/1590/1914 4001/1589/1052 3987/135/137
f 3987/135/137 4001/1589/1052 3943/2383/1051 3988/1248/3998
f 3690/1248/1559 3852/2430/4093 3695/2383/3931
f 3690/1248/1559 3696/2404/4094 3852/2430/4093
g !BN_RCheek_5
f 1277/1435/1848 1293/165/1847 1292/166/3036 1291/1941/3035
g Bip001 Head
f 3699/1808/2459 3836/2284/4095 3698/1809/2214
f 3699/1808/2459 3835/2285/3914 3836/2284/4095
g !BN_REye
f 3048/1314/3729 3043/1462/1883 3041/1649/3768 3047/2313/3730
g Bip001 Head
f 3989/1811/3318 3976/1432/3177 3977/1247/3176 3988/1248/3998
f 3973/2079/3028 3978/136/138 3977/1247/3176 3974/2078/3027
f 3679/2318/4096 3702/2079/3223 3688/136/1557
f 2010/203/273 1996/202/1621 1997/201/1739 2009/200/270
f 854/1803/2455 846/1802/2696 845/1770/2361 853/1769/2360
f 4054/1168/1388 4059/2056/2963 4094/2055/2962 4092/1169/1389
f 3709/1168/3458 3710/1167/2810 3708/1169/2498
f 743/461/495 750/1753/2330 749/1752/2628 744/458/492
f 3711/377/3253 3707/2056/3459 3725/376/4097
f 4044/2008/3949 4030/2007/4098 4031/2074/3866 4043/1503/2378
f 4052/1167/1387 4045/1880/2564 4030/2007/4098 4044/2008/3949
f 3714/1880/2809 3708/1169/2498 3710/1167/2810
f 3714/1880/2809 3715/1170/4070 3708/1169/2498
f 3714/1880/2809 3661/1879/3268 3715/1170/4070
f 4050/1500/2377 4056/378/401 4055/377/400 4051/2073/3009
g !BN_LTopLip_4
f 2327/791/2665 1788/1320/3463 1774/53/3423 2326/54/2663
g Bip001 Head
f 4122/883/1023 221/882/1026 218/878/1075 4127/879/1011
f 1924/1337/1824 2000/1335/2890 1999/2196/3437 1923/1418/1825
f 4096/1629/2140 4035/1657/2206 3888/1658/4064 4097/1798/2436
f 4048/1556/4099 4056/378/401 4050/1500/2377 4049/1501/4100
f 4049/1501/4100 4040/1456/1875 4039/1458/1877 4048/1556/4099
f 3716/2218/4101 3724/1458/3988 3717/1556/2032
f 3716/2218/4101 3731/1269/2469 3724/1458/3988
f 3726/725/813 3727/379/4102 3725/376/4097
f 3728/448/812 3727/379/4102 3726/725/813
f 3728/448/812 3716/2218/4101 3727/379/4102
f 3729/105/107 3716/2218/4101 3728/448/812
f 3662/2353/3805 3653/2347/4079 3655/2231/3526 3760/2075/3018
f 3734/1792/4103 3628/2057/4071 3629/2394/733
f 3734/1792/4103 3725/376/4097 3628/2057/4071
f 3734/1792/4103 3726/725/813 3725/376/4097
g !BN_RTopLip_1
f 2018/1221/1504 1987/1220/1503 1988/1561/2040 2017/1616/2122
g Bip001 Head
f 4103/726/2420 4105/725/2423 4104/448/480 4063/449/483
f 3488/759/858 3469/500/3747 3470/1679/2218 3487/760/4036
f 4078/103/1590 4062/106/482 4061/105/481 4060/104/1591
g !BN_LCheek_4
f 1454/2088/3060 1413/850/2906 1452/1081/1269 1453/1084/1272
g Bip001 Head
f 4079/484/1593 4038/1269/1592 4090/1818/2688 4089/487/3839
f 4082/486/4104 4089/487/3839 4083/1455/3696 4071/1454/4105
f 4079/484/1593 4089/487/3839 4082/486/4104 4080/485/3733
f 4088/2395/3979 4099/1791/2421 4070/497/538 4087/496/537
f 4098/1836/3646 3994/2263/3645 4046/2421/2563 4053/2418/1390
f 4077/2217/3947 4066/2216/3982 4064/1942/2674 4062/106/482
f 3736/449/811 3747/1942/3093 3737/106/108
f 3735/726/814 3748/1416/3094 3736/449/811
f 4103/726/2420 4065/1416/1822 4070/497/538 4099/1791/2421
g !BN_Jaw
f 2452/173/178 2461/5/3124 2460/1782/2392 2450/174/179
g Bip001 Head
f 4072/1325/3980 4071/1324/4105 4084/214/3695 4068/215/3981
f 4072/1325/3980 4081/2351/4106 4073/2367/4107 4071/1324/4105
f 4075/2350/3946 4074/2352/3948 4081/2351/4106 4072/1325/3980
f 4069/212/535 4067/1417/1823 4066/2216/3982 4068/215/3981
f 4068/215/3981 4084/214/3695 4086/213/536 4069/212/535
g !BN_LCheek_4
f 1745/1179/2014 1399/1178/2013 1398/1181/3208 1397/1180/3209
g Bip001 Head
f 2734/822/980 2733/908/1056 2731/783/885 2732/824/936
f 3756/2216/3472 3747/1942/3093 3757/1417/3092
f 3755/2350/3802 3746/2217/3473 3756/2216/3472
g !BN_Leye
f 3318/1313/1654 3322/2373/3896 3254/386/3961 3317/2314/3852
g Bip001 Head
f 3754/2352/3804 3744/485/521 3745/2315/4108
f 3759/2351/3803 3744/485/521 3754/2352/3804
f 4082/486/4104 4073/2367/4107 4081/2351/4106 4080/485/3733
f 3752/1454/1670 3743/486/522 3753/2367/3864
f 3632/2302/221 3742/1455/1871 3752/1454/1670
f 3615/1630/4109 3742/1455/1871 3614/653/731
f 815/1726/2285 998/440/2284 997/1860/2530 996/1862/2329
f 230/893/3079 223/890/1025 224/891/1027 225/892/1048
f 3871/128/2858 3873/2431/4110 3913/1637/4111 3872/1415/2856
g !BN_LTopLip_4
f 1798/1015/3474 1784/296/314 1785/295/313 1797/1014/2785
g Bip001 Head
f 3906/2075/3867 4031/2074/3866 4030/2007/4098 3905/2076/3970
f 3762/2076/3019 3714/1880/2809 3761/2007/2808
f 3762/2076/3019 3661/1879/3268 3714/1880/2809
f 3763/224/234 3764/1536/1999 3824/2354/4112
f 3858/192/197 3951/191/196 3947/224/4113 3952/2223/3846
f 3947/224/4113 3951/191/196 3949/223/4114 3946/222/4115
f 3775/2187/3390 3769/1824/4116 3854/2132/4117
f 3772/1823/3291 3771/2370/3996 3770/1961/4010
f 3772/1823/3291 3773/2403/3997 3771/2370/3996
f 3940/2403/4118 3937/2227/4082 3938/2228/4119 3919/1823/2485
f 3769/1824/4116 3774/2228/3520 3772/1823/3291
f 3769/1824/4116 3775/2187/3390 3774/2228/3520
f 3902/2159/3265 3901/2187/4120 3899/2188/4121 3900/2156/3262
f 3777/2188/3393 3774/2228/3520 3775/2187/3390
f 3899/2188/4121 3938/2228/4119 3937/2227/4082 3896/1800/2444
f 1141/307/326 1702/101/103 1159/100/102 1142/1779/2829
f 3935/1494/3878 3936/2229/4081 3940/2403/4118 3941/2370/3879
g !BN_Tingue_3
f 3114/2361/3853 3243/2360/275 3143/1523/1975 3113/1522/1974
g Bip001 Head
f 670/354/375 2667/1389/3551 2668/1388/2383 709/1390/2257
f 3889/1495/3799 3935/1494/3878 3934/841/3877 3887/842/4077
f 3892/2232/3798 3936/2229/4081 3935/1494/3878 3889/1495/3799
f 3900/2156/3262 3899/2188/4121 3896/1800/2444 3898/1689/2233
f 2654/2016/3767 1245/1968/2724 1246/624/688 1261/430/687
g !BN_RBrow_1
f 103/686/768 91/685/3953 90/681/2863 102/683/780
g Bip001 Head
f 3775/2187/3390 3854/2132/4117 3853/2159/3391
f 3694/2162/3285 3782/1484/3161 3799/2163/3286
f 4005/1484/1915 3968/181/186 3967/180/185 4006/1482/1913
f 3788/1483/2086 3782/1484/3161 3694/2162/3285
f 3789/907/2085 3790/97/99 3787/1482/3162
f 4007/97/1049 3966/96/4022 3958/95/3807 3965/98/1050
f 3966/96/4022 3959/1429/4122 3953/1428/3808 3958/95/3807
f 3959/1429/4122 3955/39/39 3954/1471/1900 3953/1428/3808
f 3961/40/40 3955/39/39 3959/1429/4122 3960/179/184
f 3967/180/185 3960/179/184 3959/1429/4122 3966/96/4022
f 3785/181/3164 3799/2163/3286 3782/1484/3161
g !BN_RBrow_4
f 73/631/701 52/594/653 54/630/696 72/629/695
g Bip001 Head
f 3706/483/4123 3668/2406/4124 3783/178/4125
f 3706/483/4123 3665/2424/4083 3668/2406/4124
f 3681/2407/4126 3665/2424/4083 3706/483/4123
f 3681/2407/4126 3664/2144/3241 3665/2424/4083
f 3914/2358/3841 3924/1423/4127 3923/673/753 3915/1128/3840
f 3926/1259/1574 3923/673/753 3924/1423/4127 3925/1422/4128
f 3843/2431/4129 3802/1423/1833 3803/1422/1832
f 3806/1637/2157 3802/1423/1833 3843/2431/4129
f 3804/2358/3991 3802/1423/1833 3806/1637/2157
f 3804/2358/3991 3837/1638/2158 3834/2014/4130
f 3804/2358/3991 3806/1637/2157 3837/1638/2158
f 3807/2029/2915 3843/2431/4129 3803/1422/1832
f 3807/2029/2915 3845/1851/4131 3843/2431/4129
f 3807/2029/2915 3808/1260/2914 3845/1851/4131
f 3925/1422/4128 3930/2029/4132 3929/1260/1575 3926/1259/1574
f 3931/1960/2710 3928/1261/1576 3929/1260/1575 3932/1850/2517
g !BN_LCheek_1
f 189/827/941 198/845/966 190/830/965 179/829/942
g Bip001 Head
f 186/821/930 199/847/3448 2046/828/968 188/825/2520
f 2341/2197/3440 2344/2258/3610 2343/2259/3591 2340/2022/3435
f 3975/2128/3178 3868/1934/3289 3867/645/723 3974/2078/3027
f 3868/1934/3289 3866/1118/3782 3855/1933/4133 3867/645/723
f 3855/1933/4133 3866/1118/3782 3857/1117/3849 3856/2359/3845
f 583/74/76 584/1282/1899 582/1281/1898 581/71/73
f 3820/1933/2656 3823/1535/1997 3822/2359/3934
f 3820/1933/2656 3607/645/2658 3823/1535/1997
f 3764/1536/1999 3763/224/234 3766/2223/3498
f 3824/2354/4112 3791/98/100 3695/906/3931
f 3824/2354/4112 3793/95/97 3791/98/100
f 722/916/1066 883/781/1069 725/1727/2287 723/1724/2282
f 3953/1428/3808 3954/1471/1900 4106/1535/3847 4107/1536/3809
f 3608/646/4062 3797/1471/1998 3823/1535/1997
f 1059/1913/2620 1056/1914/2671 1057/800/907 1058/803/910
g !BN_RCheek_3
f 2090/1780/3595 2094/2194/3413 2092/2193/3409 2093/207/214
g Bip001 Head
f 3814/1433/1843 3700/1432/1842 3816/2128/3590
f 3876/1433/3287 3976/1432/3177 3878/1431/3317 3877/1430/2519
f 3812/1850/4032 3646/2375/4076 3813/1430/1840
f 1887/482/3095 1947/1743/2313 1946/1054/2314 1886/481/3211
f 3883/2248/3568 3933/1961/2711 3931/1960/2710 3881/2249/3569
g Bip001 Ponytail21
f 679/396/1784 678/1395/2135 2686/384/408 677/383/407
g Bip001 Head
f 3928/1261/1576 3921/1962/2712 3919/1823/2485 3920/1822/2484
f 3772/1823/3291 3770/1961/4010 3825/1962/3292
f 1590/1622/2132 1596/2006/2802 1205/1238/3136 1591/1239/2130
g !BN_RBrow_1
f 1120/620/683 1231/1983/2738 1232/359/381 1119/113/115
g Bip001 Head
f 3832/1825/4134 3831/674/1956 3829/675/4135
f 1958/2148/3245 198/2151/966 2046/1998/968 1959/1999/3397
f 3854/2132/4117 3637/2372/4073 3639/2158/4074
f 3854/2132/4117 3827/2136/4136 3637/2372/4073
f 3854/2132/4117 3829/675/4135 3827/2136/4136
f 3522/1628/1130 3523/990/1154 3521/981/1144 3517/980/1131
f 2729/868/997 2721/864/993 2740/863/992 2739/869/998
f 3811/1261/3293 3833/1262/1957 3826/1822/3294
f 3927/1262/1577 3922/674/754 3923/673/753 3926/1259/1574
f 3800/1128/1326 3830/672/1325 3801/673/1830
f 3916/672/752 3911/1127/1586 3912/1126/1585 3915/1128/3840
f 3805/1126/1323 3635/1267/3913 3828/1127/1324
f 3834/2014/4130 3635/1267/3913 3805/1126/1323
f 3834/2014/4130 3835/1266/3914 3635/1267/3913
f 3834/2014/4130 3836/2013/4095 3835/1266/3914
f 3837/1638/2158 3698/1676/2214 3836/2013/4095
f 3838/1677/2215 3698/1676/2214 3837/1638/2158
f 3950/1678/4137 3862/1677/4138 3999/1676/4139 4000/1675/4000
f 3950/1678/4137 3860/190/195 3861/1414/4140 3862/1677/4138
f 3837/1638/2158 3840/1414/1819 3838/1677/2215
f 3872/1415/2856 3913/1637/4111 3863/1638/4141 3861/1414/4140
f 3623/1457/4142 3618/1656/2181 3621/1819/2473 3622/1456/3987
f 3843/2431/4129 3844/129/131 3842/128/130
f 3843/2431/4129 3845/1851/4131 3844/129/131
f 188/825/2520 177/799/905 187/824/933 186/821/930
f 3870/130/3781 3875/129/3903 3871/128/2858 3865/127/2857
g Bip001 Ponytail11
f 2602/384/1782 17/383/425 16/381/404 26/382/406
g Bip001 Head
f 3872/1415/2856 3861/1414/4140 3860/190/195 3859/193/198
f 3949/223/4114 3951/191/196 3860/190/195 3950/1678/4137
f 3851/1675/2213 3839/1678/2216 3850/223/232
g !BN_Tingue_3
f 3220/2401/3994 3211/1746/2315 3208/1747/2316 3214/2356/3825
g Bip001 Head
f 3870/130/3781 3865/127/2857 3857/1117/3849 3866/1118/3782
f 3857/1117/3849 3865/127/2857 3859/193/198 3858/192/197
f 4011/2144/4090 3963/1651/2175 3962/37/37 3971/2407/4018
f 3768/222/231 3851/1675/2213 3850/223/232
f 3768/222/231 3696/2432/4094 3851/1675/2213
f 3852/2433/4093 3696/2432/4094 3768/222/231
f 3852/2433/4093 3824/2354/4112 3695/906/3931
f 3768/222/231 3824/2354/4112 3852/2433/4093
f 3768/222/231 3763/224/234 3824/2354/4112
f 3854/2132/4117 3639/2158/4074 3853/2159/3391
f 3836/2013/4095 3834/2014/4130 3837/1638/2158
f 3855/1933/4133 4106/1535/3847 3867/645/723
f 3855/1933/4133 3856/2359/3845 4106/1535/3847
f 3822/2359/3934 3766/2223/3498 3765/192/3497 3821/1117/1310
g !BN_Tingue_3
f 3170/1648/2170 3163/1920/2623 3151/2400/3992 3162/2377/3915
g Bip001 Head
f 3767/191/233 3849/190/1818 3848/193/1821 3765/192/3497
f 3880/1425/3570 3879/2375/3909 3877/1430/2519 3878/1431/3317
f 3863/1638/4141 3862/1677/4138 3861/1414/4140
f 3863/1638/4141 3999/1676/4139 3862/1677/4138
f 3864/2013/2825 3999/1676/4139 3863/1638/4141
g !BN_Tingue_3
f 3226/147/152 3228/146/151 3221/1090/1280 3227/2402/3995
g Bip001 Head
f 3819/1118/1311 3846/130/132 3815/2164/4143 3817/1934/2657
f 1125/1233/1984 1551/1234/2851 1552/1986/2815 1123/1647/2814
f 3848/193/1821 3841/1415/1820 3842/128/130 3847/127/129
f 4047/2218/3475 4057/379/402 4056/378/401 4048/1556/4099
f 3843/2431/4129 3842/128/130 3841/1415/1820 3806/1637/2157
f 3873/2431/4110 3875/129/3903 3874/1851/2518
f 3871/128/2858 3875/129/3903 3873/2431/4110
f 3846/130/132 3844/129/131 3845/1851/4131 3815/2164/4143
f 3814/1433/1843 3815/2164/4143 3845/1851/4131 3813/1430/1840
g !BN_REye
f 3034/276/290 3037/275/289 3040/1650/3230 3033/1907/2605
g Bip001 Head
f 3813/1430/1840 3646/2375/4076 3644/1425/1835 3645/1431/1841
f 3880/1425/3570 3881/2249/3569 3879/2375/3909
f 3648/2248/4011 3643/1426/1836 3644/1425/1835 3647/2249/4012
f 3649/844/964 3626/2119/3139 3643/1426/1836 3648/2248/4011
g !BN_Tingue
f 3188/2117/3135 3177/1683/2224 3178/1682/2223 3187/2114/3132
g Bip001 Head
f 3908/1655/4063 3889/1495/3799 3887/842/4077
f 3890/2348/3800 3889/1495/3799 3908/1655/4063
f 3654/2232/3527 3653/2347/4079 3652/2348/4078 3651/1495/1928
f 3893/2231/3969 3892/2232/3798 3891/2347/3797
f 3895/1801/2445 3894/2230/4080 3893/2231/3969
f 968/1737/2480 867/1736/2306 871/782/884 866/1740/2477
f 3659/1689/3974 3660/1686/3266 3657/1801/3960 3658/1800/3518
f 733/779/2483 728/1729/2625 731/1734/2302 732/1733/2301
f 1891/482/518 1897/1743/3389 1896/1441/3452 1889/680/760
f 3902/2159/3265 3942/2132/3191 3901/2187/4120
f 3776/2156/3392 3853/2159/3391 3639/2158/4074 3641/2157/4075
f 3776/2156/3392 3641/2157/4075 3642/1688/3606 3659/1689/3974
f 3633/1687/3267 3660/1686/3266 3659/1689/3974 3642/1688/3606
f 3895/1801/2445 3905/2076/3970 3897/1686/2230
f 3760/2075/3018 3655/2231/3526 3657/1801/3960 3762/2076/3019
f 1334/287/305 1637/2092/3066 1636/2120/3142 1332/288/306
f 3890/2348/3800 3907/2353/3865 3891/2347/3797
f 3890/2348/3800 3908/1655/4063 3907/2353/3865
f 3997/2372/3892 3942/2132/3191 3903/2158/3264
f 3997/2372/3892 3909/2136/3214 3942/2132/3191
f 3827/2136/4136 3828/1127/1324 3635/1267/3913 3637/2372/4073
f 3876/1433/3287 3877/1430/2519 3874/1851/2518 3869/2164/3288
f 3914/2358/3841 3863/1638/4141 3913/1637/4111
f 3914/2358/3841 4108/2014/2826 3863/1638/4141
f 3804/2358/3991 3834/2014/4130 3805/1126/1323 3800/1128/1326
f 2298/200/207 3437/258/3611 2299/2198/3438 2300/1366/3425
f 3829/675/4135 3830/672/1325 3828/1127/1324 3827/2136/4136
f 3917/675/755 3942/2132/3191 3909/2136/3214
f 3769/1824/4116 3832/1825/4134 3829/675/4135 3854/2132/4117
f 3826/1822/3294 3832/1825/4134 3769/1824/4116 3772/1823/3291
f 2714/767/865 2711/860/989 2710/769/870 2713/764/862
f 3921/1962/2712 3933/1961/2711 3919/1823/2485
f 3801/673/1830 3830/672/1325 3829/675/4135 3831/674/1956
f 3915/1128/3840 3923/673/753 3916/672/752
f 1679/17/3261 1670/18/3255 1671/322/3254 1678/319/3228
f 3913/1637/4111 3924/1423/4127 3914/2358/3841
f 3873/2431/4110 3924/1423/4127 3913/1637/4111
f 3925/1422/4128 3924/1423/4127 3873/2431/4110
f 4008/2163/4007 4015/533/3869 4014/2364/3857 4009/2406/4006
f 3826/1822/3294 3833/1262/1957 3831/674/1956 3832/1825/4134
f 3918/1825/2487 3917/675/755 3922/674/754
f 3809/1259/1831 3833/1262/1957 3811/1261/3293 3808/1260/2914
f 845/2017/2361 846/1969/2696 1245/1968/2724 2654/2016/3767
f 3873/2431/4110 3930/2029/4132 3925/1422/4128
f 3874/1851/2518 3930/2029/4132 3873/2431/4110
f 3874/1851/2518 3929/1260/1575 3930/2029/4132
f 3810/1960/4009 3647/2249/4012 3646/2375/4076 3812/1850/4032
f 3932/1850/2517 3877/1430/2519 3879/2375/3909
f 3813/1430/1840 3845/1851/4131 3808/1260/2914 3812/1850/4032
g !BN_LTopLip_4
f 3417/2083/3692 3423/2306/3701 3422/2053/2956 3418/2082/3691
g Bip001 Head
f 3928/1261/1576 3920/1822/2484 3927/1262/1577
f 3811/1261/3293 3825/1962/3292 3770/1961/4010 3810/1960/4009
f 3781/841/961 3649/844/964 3648/2248/4011 3770/1961/4010
g !BN_RCheek_5
f 1320/167/1965 1322/1529/2966 1321/2058/3174 1292/166/3036
g Bip001 Head
f 3778/2227/3519 3656/2230/3525 3779/2229/3524 3773/2403/3997
f 3901/2187/4120 3938/2228/4119 3899/2188/4121
f 3939/1824/2486 3938/2228/4119 3901/2187/4120
f 3919/1823/2485 3938/2228/4119 3939/1824/2486
f 3640/2262/3604 3643/1426/1836 3626/2119/3139 3634/2263/3605
f 4049/1501/4100 4042/1502/2380 4041/1819/4065 4040/1456/1875
f 3919/1823/2485 3941/2370/3879 3940/2403/4118
f 3933/1961/2711 3941/2370/3879 3919/1823/2485
f 3781/841/961 3770/1961/4010 3771/2370/3996 3780/1494/1927
f 3942/2132/3191 3939/1824/2486 3901/2187/4120
f 3945/2354/3810 3944/2433/4144 3943/906/1051
f 3945/2354/3810 3946/222/4115 3944/2433/4144
f 3947/224/4113 3946/222/4115 3945/2354/3810
f 3946/222/4115 3948/2432/3999 3944/2433/4144
f 3949/223/4114 3948/2432/3999 3946/222/4115
f 3949/223/4114 4000/1675/4000 3948/2432/3999
f 3950/1678/4137 4000/1675/4000 3949/223/4114
g !BN_LTopLip_4
f 2322/58/60 1804/57/59 1805/608/670 2324/1707/3340
g Bip001 Head
f 4107/1536/3809 3952/2223/3846 3947/224/4113
f 3764/1536/1999 3766/2223/3498 3822/2359/3934 3823/1535/1997
f 1631/1434/1845 1615/286/2973 1614/394/2975 1630/393/1846
f 3608/646/4062 3704/38/4145 3796/39/2176 3797/1471/1998
f 3957/646/724 4106/1535/3847 3954/1471/1900
f 3764/1536/1999 3795/1428/1838 3793/95/97 3824/2354/4112
g !BN_LToplid
f 512/1053/1238 515/1229/1891 514/1068/1253 513/123/125
g Bip001 Head
f 3705/37/4146 3798/40/2195 3796/39/2176 3704/38/4145
f 3680/1651/4147 3705/37/4146 3704/38/4145 3703/647/4148
f 3607/645/2658 3703/647/4148 3704/38/4145 3608/646/4062
f 3965/98/1050 3945/2354/3810 3943/906/1051
f 3965/98/1050 3958/95/3807 3945/2354/3810
g !BN_RBottomLip_3
f 2390/1751/2328 2426/1750/2327 2388/2277/3838 2389/2226/3512
g Bip001 Head
f 3785/181/3164 3786/180/3163 3784/179/2194 3783/178/4125
f 3784/179/2194 3798/40/2195 3706/483/4123 3783/178/4125
f 3706/483/4123 3798/40/2195 3705/37/4146 3681/2407/4126
f 3681/2407/4126 3705/37/4146 3680/1651/4147 3664/2144/3241
g !BN_Jaw
f 2135/1125/2021 2127/36/36 2126/1097/1289 2134/1319/3522
g Bip001 Head
f 3680/1651/4147 3703/647/4148 3702/2079/3223 3679/2318/4096
f 3818/2078/3222 3702/2079/3223 3703/647/4148 3607/645/2658
g !BN_LBrow_4
f 2901/599/3941 2897/566/3940 2899/567/3819 2900/630/700
g Bip001 Head
f 3816/2128/3590 3817/1934/2657 3815/2164/4143 3814/1433/1843
f 3975/2128/3178 3976/1432/3177 3876/1433/3287
f 3816/2128/3590 3700/1432/1842 3701/1247/1558 3818/2078/3222
f 806/459/2319 807/1786/2540 1011/1785/2541 805/120/122
f 3972/2318/3736 3978/136/138 3973/2079/3028
f 3688/136/1557 3686/67/69 3687/2145/3242 3679/2318/4096
f 3687/2145/3242 3686/67/69 3685/70/72 3684/2146/3243
f 3684/2146/3243 3685/70/72 3983/2425/4087 3682/2426/4088
f 3685/70/72 3691/69/71 3984/488/524 3983/2425/4087
f 3689/135/1560 3692/68/70 3686/67/69 3688/136/1557
f 3697/1811/2460 3700/1432/1842 3645/1431/1841 3699/1808/2459
f 3699/1808/2459 3645/1431/1841 3644/1425/1835 3636/1424/1834
f 3993/2262/3884 3882/1426/3567 3992/1427/3883
f 3669/2364/4149 3668/2406/4124 3665/2424/4083 3667/2363/4084
g !BN_RCheek_1
f 2716/827/939 2772/830/944 1166/846/2820 2035/845/3453
g Bip001 Head
f 3992/1427/3883 3903/2423/3264 3996/2371/3263
f 3992/1427/3883 3997/2422/3892 3903/2423/3264
f 3991/1424/3743 3997/2422/3892 3992/1427/3883
f 3991/1424/3743 3910/2376/1587 3997/2422/3892
g !BN_REye
f 3051/2314/3731 3058/386/412 3055/2373/3984 3052/1313/3728
g Bip001 Head
f 3989/1811/3318 3999/1809/4139 3864/2284/2825
f 3989/1811/3318 4000/1810/4000 3999/1809/4139
f 3697/1811/2460 3851/1810/2213 3696/2404/4094 3690/1248/1559
f 3988/1248/3998 3944/2430/4144 3948/2404/3999
f 3988/1248/3998 3943/2383/1051 3944/2430/4144
f 1317/1864/3044 1295/1946/3043 1296/1794/2998 1298/1795/2932
f 3986/68/140 4004/2429/4086 4002/1590/1914
f 3986/68/140 4017/2374/1918 4004/2429/4086
f 3691/69/71 3673/490/3898 4003/489/525 3984/488/524
f 4005/1484/1915 4004/2162/4086 4008/2163/4007
f 4005/1484/1915 4002/1483/1914 4004/2162/4086
f 3789/907/2085 3787/1482/3162 3782/1484/3161 3788/1483/2086
f 4007/97/1049 4001/907/1052 4006/1482/1913
f 3791/98/100 3790/97/99 3789/907/2085 3695/906/3931
f 3787/1482/3162 3790/97/99 3792/96/98 3786/180/3163
f 1965/1225/1515 1985/1367/3427 1984/2177/3349 1966/1224/1512
f 4008/2163/4007 3968/181/186 4005/1484/1915
f 3783/178/4125 3668/2406/4124 3799/2163/3286 3785/181/3164
f 4009/2406/4006 3970/483/519 3969/178/183
f 4010/2424/4085 3970/483/519 4009/2406/4006
f 4010/2424/4085 3971/2407/4018 3970/483/519
f 4011/2144/4090 3971/2407/4018 4010/2424/4085
f 4010/2424/4085 4012/2155/3917 4011/2144/4090
f 4010/2424/4085 4013/2363/3856 4012/2155/3917
f 3670/533/580 3799/2163/3286 3668/2406/4124 3669/2364/4149
f 4008/2163/4007 4016/534/1917 4015/533/3869
f 139/544/595 3457/543/594 3458/746/1189 138/662/740
f 3672/506/582 3673/1486/3898 3693/1487/3284 3671/534/583
f 1607/117/119 1481/532/579 1483/2060/2977 1606/121/123
f 3672/506/582 3674/505/581 4021/508/551 4020/507/550
g !BN_Tingue_2
f 3091/2038/2926 3081/1572/2054 3082/755/851 3090/754/850
g Bip001 Head
f 3669/2364/4149 3675/2365/3985 3674/505/581 3670/533/580
f 3667/2363/4084 3676/2362/4150 3675/2365/3985 3669/2364/4149
f 3677/2154/3257 3676/2362/4150 3667/2363/4084 3666/2155/3258
g !BN_Tingue_2
f 3106/2061/2983 3139/2387/3784 3247/2408/3029 3105/1563/2042
g Bip001 Head
f 1433/2046/2946 1434/1197/2936 1432/163/2854 1431/160/2948
f 3678/2434/4151 4025/2154/3916 4024/2362/3855 4028/2428/4092
g !BN_Tingue_2
f 3086/2382/3930 3070/2384/3932 3073/1966/2722 3085/2239/3557
g Bip001 Head
f 4027/2396/3986 3675/2365/3985 3676/2362/4150 4028/2428/4092
f 4028/2428/4092 3676/2362/4150 3677/2154/3257 3678/2434/4151
f 4029/2427/4089 3678/2434/4151 3677/2154/3257 3683/2143/3240
g !BN_RCheek_4
f 1751/1082/3150 2360/1083/3623 2437/2161/3087 1750/1179/1400
g Bip001 Head
f 3662/2353/3805 3760/2075/3018 3721/2074/3017 3620/1778/2472
g Bip001 Ponytail21
f 675/367/390 2682/380/1776 674/374/397 673/364/387
g Bip001 Head
f 1061/1915/2619 1073/1944/2852 1072/809/916 1062/808/915
f 3664/2144/3241 3680/1651/4147 3679/2318/4096 3687/2145/3242
f 3616/1671/4068 3617/1657/2182 3618/1656/2181 3623/1457/4142
f 3623/1457/4142 3731/1269/2469 3740/1818/2468 3616/1671/4068
f 3622/1456/3987 3724/1458/3988 3731/1269/2469 3623/1457/4142
g !BN_LTopLip_4
f 1790/294/312 1792/998/1165 1791/1887/2571 1785/295/313
g Bip001 Head
f 959/1881/2567 958/14/14 946/13/13 945/1498/2600
f 4043/1503/2378 4031/2074/3866 4032/1778/2379
f 3761/2007/2808 3713/2008/2811 3720/1503/1936 3721/2074/3017
f 4045/1880/2564 3905/2076/3970 4030/2007/4098
f 4046/1879/2563 3905/2076/3970 4045/1880/2564
f 4047/2218/3475 4039/1458/1877 4038/1269/1592
f 4048/1556/4099 4039/1458/1877 4047/2218/3475
f 3355/2209/3724 3349/2286/3667 3350/2312/3818 3354/2215/3469
f 3621/1819/2473 3722/1502/1935 3723/1501/1934 3622/1456/3987
f 4050/1500/2377 4042/1502/2380 4049/1501/4100
f 3720/1503/1936 3713/2008/2811 3712/2073/3252 3719/1500/1933
f 3713/2008/2811 3710/1167/2810 3709/1168/3458 3712/2073/3252
f 1945/905/3359 2037/2204/970 2036/1997/969 1944/904/2789
f 3712/2073/3252 3709/1168/3458 3707/2056/3459 3711/377/3253
f 2561/1606/2107 2554/1166/2106 2555/2209/3461 2560/2286/4016
f 3718/378/2033 3727/379/4102 3716/2218/4101 3717/1556/2032
f 3718/378/2033 3711/377/3253 3725/376/4097 3727/379/4102
f 4058/376/399 4059/2056/2963 4055/377/400
f 3707/2056/3459 3627/2055/2497 3628/2057/4071 3725/376/4097
g Bip001 Ponytail11
f 25/2339/403 2676/2211/3465 2677/2336/3786 26/2338/406
g Bip001 Head
f 3730/104/106 3731/1269/2469 3716/2218/4101 3729/105/107
f 1618/1047/1232 1601/1046/1231 1600/1516/2967 1460/1517/1989
f 3737/106/108 3729/105/107 3728/448/812 3736/449/811
f 4064/1942/2674 4063/449/483 4062/106/482
f 4066/2216/3982 4065/1416/1822 4064/1942/2674
f 4066/2216/3982 4067/1417/1823 4065/1416/1822
f 193/516/559 1189/837/2608 1187/838/2192 194/513/556
f 3757/1417/3092 3748/1416/3094 3749/497/3894 3758/212/219
f 3758/212/219 3749/497/3894 3630/496/4072 3631/213/220
f 3940/2403/4118 3936/2229/4081 3894/2230/4080 3937/2227/4082
f 4051/2073/3009 4044/2008/3949 4043/1503/2378 4050/1500/2377
f 3754/2352/3804 3745/2315/4108 3746/2217/3473 3755/2350/3802
f 4075/2350/3946 4066/2216/3982 4077/2217/3947
f 3756/2216/3472 3750/215/222 3751/1325/1671 3755/2350/3802
f 3737/106/108 3746/2217/3473 3745/2315/4108 3738/103/105
f 3738/103/105 3745/2315/4108 3744/485/521 3739/484/520
f 4080/485/3733 4074/2352/3948 4076/2315/3734
f 4080/485/3733 4081/2351/4106 4074/2352/3948
f 4082/486/4104 4071/1454/4105 4073/2367/4107
g !BN_RCheek_4
f 1749/1180/1401 1091/1349/2649 1090/1957/2705 1748/1181/1402
g Bip001 Head
f 4083/1455/3696 4084/2302/3695 4071/1454/4105
f 3614/653/731 3742/1455/1871 3632/2302/221 3631/2301/220
f 4085/653/2142 4087/2420/537 4086/2301/536
f 4085/653/2142 4088/654/3979 4087/2420/537
g !BN_RCheek_5
f 1284/2028/2910 2880/2027/2912 2571/849/973 1283/25/972
g Bip001 Ponytail21
f 2698/778/880 2702/2337/3780 2648/1601/3744 2697/776/877
g Bip001 Head
f 3615/1630/4109 3740/1818/2468 3741/487/523 3742/1455/1871
f 4091/1630/2143 4085/653/2142 4083/1455/3696
f 2807/798/904 2809/1285/1624 2808/1288/1627 2806/1048/1233
f 4094/1834/2962 4095/656/2141 4093/1799/2437
f 4102/2419/2964 4095/656/2141 4094/1834/2962
f 4100/655/3978 4095/656/2141 4102/2419/2964
f 3612/1629/4067 3615/1630/4109 3614/653/731 3613/656/734
f 3612/1629/4067 3613/656/734 3611/1799/2496 3610/1798/3138
f 4098/1836/3646 4093/1799/2437 4097/1798/2436
f 4098/1836/3646 4053/2418/1390 4092/1835/1389
f 3609/1836/2499 3715/2418/4070 3661/2421/3268 3634/2263/3605
f 3609/1836/2499 3634/2263/3605 3626/2119/3139 3610/1798/3138
f 4097/1798/2436 3888/1658/4064 3886/843/4069
f 3610/1798/3138 3624/1658/2183 3617/1657/2182 3612/1629/4067
f 4096/1629/2140 4037/1671/2204 4035/1657/2206
f 3616/1671/4068 3740/1818/2468 3615/1630/4109 3612/1629/4067
f 3739/484/520 3731/1269/2469 3730/104/106 3738/103/105
f 1583/1633/2340 1574/349/3128 1575/2113/3117 1570/1635/3129
f 3732/2395/732 3630/496/4072 3749/497/3894 3733/1791/3893
f 3734/1792/4103 3629/2394/733 3732/2395/732 3733/1791/3893
f 4102/2057/2964 4101/1792/2422 4100/2394/3978
f 4058/376/399 4101/1792/2422 4102/2057/2964
f 4105/725/2423 4101/1792/2422 4058/376/399
f 3735/726/814 3726/725/813 3734/1792/4103 3733/1791/3893
g !BN_Leye
f 3290/641/1878 3316/1783/2441 3298/1784/2440 3291/1539/3011
g Bip001 Head
f 4104/448/480 4047/2218/3475 4061/105/481
f 4104/448/480 4057/379/402 4047/2218/3475
f 4104/448/480 4105/725/2423 4057/379/402
f 4058/376/399 4057/379/402 4105/725/2423
f 3867/645/723 4106/1535/3847 3957/646/724
f 3945/2354/3810 4107/1536/3809 3947/224/4113
f 4046/2421/2563 3994/2263/3645 3904/2264/2231
f 3902/2159/3265 3903/2158/3264 3942/2132/3191
f 3863/1638/4141 4108/2014/2826 3864/2013/2825
g !BN_LTopLip_4
f 4109/398/2579 4110/2167/3405 4111/397/2576
f 2342/401/3603 4111/397/2576 4110/2167/3405
f 4113/2190/3406 4110/2167/3405 4109/398/2579
g Bip001 Head
f 4114/897/1035 4115/880/3821 4117/881/3822
f 4121/870/999 2739/869/998 4115/880/3821
f 4117/881/3822 4116/879/1009 2749/889/3806
f 4118/891/1029 4114/897/1035 2749/889/3806
f 2738/871/1000 4120/898/1043 4119/912/1062
f 4121/870/999 4115/880/3821 4114/897/1035
f 224/891/1027 4122/883/1023 4125/889/1024
f 220/881/1013 4126/897/1978 4125/889/1024
f 220/881/1013 219/880/1010 4126/897/1978
f 4123/869/1012 4124/870/1977 219/880/1010
f 4124/870/1977 4126/897/1978 219/880/1010
f 4125/889/1024 4126/897/1978 224/891/1027
f 220/881/1013 4125/889/1024 4127/879/1011
f 4129/898/1036 227/871/1038 4128/912/3608
g !BN_LTopLip_4
f 3414/2250/2734 2269/433/465 2270/399/2578
g !BN_LCheek_4
f 1375/2066/2989 4135/1955/2991 4130/2068/2993
f 4131/2068/2992 1656/1910/2994 1654/1911/3197
f 1656/1910/2994 4132/1955/2995 1767/1909/3200
f 4130/2068/2993 4131/2068/2992 4133/2069/2996
f 1764/2067/2990 1375/2066/2989 4133/2069/2996
f 1763/1953/3002 4134/2066/2988 1764/2067/2990
f 4132/1955/2995 4135/1955/2991 4134/2066/2988
f 1762/1954/3004 4132/1955/2995 1763/1953/3002
g !BN_LCheek_5
f 4137/849/2907 1456/2058/2965 4136/1403/1804
f 4136/1403/1804 4156/1401/1802 692/1400/1801
f 1416/2027/2908 4136/1403/1804 692/1400/1801
f 4137/849/2907 4136/1403/1804 1416/2027/2908
f 1416/2027/2908 692/1400/1801 1417/1402/1803
g !BN_LCheek_4
f 4144/334/4152 4147/2133/4153 4138/334/4154
f 4143/334/2872 4145/1964/2871 4144/334/4152
f 4141/335/3080 4139/468/2118 1256/334/2873
f 1256/334/2873 1255/1963/2870 4143/334/2872
f 4140/334/4155 4138/334/4154 4142/335/4156
f 4140/334/4155 4144/334/4152 4138/334/4154
f 4142/335/4156 1507/991/3081 4141/335/3080
f 4138/334/4154 4147/2133/4153 4142/335/4156
f 4141/335/3080 4140/334/4155 4142/335/4156
f 1256/334/2873 4140/334/4155 4141/335/3080
f 4143/334/2872 4140/334/4155 1256/334/2873
f 4143/334/2872 4144/334/4152 4140/334/4155
f 1507/991/3081 1387/1551/2027 1386/992/3001
f 1387/1551/2027 4147/2133/4153 4145/1964/2871
f 1507/991/3081 4147/2133/4153 1387/1551/2027
f 1507/991/3081 4142/335/4156 4147/2133/4153
f 1387/1551/2027 4145/1964/2871 4146/1958/2708
f 4147/2133/4153 4144/334/4152 4145/1964/2871
f 4148/2018/3088 1658/2018/3202 1769/2021/3301
f 4148/2018/3088 4149/2020/3090 1658/2018/3202
f 1769/2021/3301 1770/2063/3053 1449/2062/3054
f 4150/2064/3055 1770/2063/3053 1768/2065/3300
f 1449/2062/3054 4151/2025/3025 1508/2019/3022
f 1768/2065/3300 1769/2021/3301 4153/2020/3201
f 4152/2020/3206 4153/2020/3201 1659/2020/3203
f 1406/233/2897 1768/2065/3300 4152/2020/3206
f 1449/2062/3054 4148/2018/3088 1769/2021/3301
f 4152/2020/3206 4154/2020/3204 1662/2019/3205
g !BN_LCheek_5
f 1417/1402/1803 1419/412/444 4155/414/446
f 4156/1401/1802 1419/412/444 1417/1402/1803
g Bip001 Head
f 4029/2427/4089 4026/2143/4091 4025/2154/3916 3678/2434/4151
