# Blender 5.1.1
# www.blender.org
mtllib weapon.mtl
g weapon_Mesh_0530Mesh
v -0.012100 0.129991 0.965983
v 0.014061 0.129991 0.939822
v 0.014061 0.129991 0.965983
v -0.012100 0.129991 0.939822
v -0.124771 0.064935 0.965983
v -0.098610 0.064935 0.939822
v -0.098610 0.064935 0.965983
v -0.124771 0.064935 0.939822
v 0.100544 0.064935 0.965983
v 0.126705 0.064935 0.939822
v 0.126705 0.064935 0.965983
v 0.100544 0.064935 0.939822
v 0.100578 -0.065177 0.965983
v 0.126739 -0.065177 0.939822
v 0.126739 -0.065177 0.965983
v 0.100578 -0.065177 0.939822
v -0.012093 -0.130233 0.965983
v 0.014069 -0.130233 0.939822
v 0.014069 -0.130233 0.965983
v -0.012093 -0.130233 0.939822
v -0.124741 -0.065177 0.965983
v -0.098572 -0.065177 0.939822
v -0.098572 -0.065177 0.965983
v -0.124741 -0.065177 0.939822
v -0.012100 0.129800 0.965892
v 0.014061 0.129800 0.965892
v 0.014061 0.129800 0.939731
v -0.012100 0.129800 0.939731
v -0.124771 0.064752 0.965892
v -0.098610 0.064752 0.965892
v -0.098610 0.064752 0.939731
v -0.124771 0.064752 0.939731
v 0.100544 0.064752 0.965892
v 0.126705 0.064752 0.965892
v 0.126705 0.064752 0.939731
v 0.100544 0.064752 0.939731
v 0.100578 -0.065368 0.965892
v 0.126739 -0.065368 0.965892
v 0.126739 -0.065368 0.939731
v 0.100578 -0.065368 0.939731
v -0.012093 -0.130416 0.965892
v 0.014069 -0.130416 0.965892
v 0.014069 -0.130416 0.939731
v -0.012093 -0.130416 0.939731
v -0.124741 -0.065368 0.965892
v -0.098572 -0.065368 0.965892
v -0.098572 -0.065368 0.939731
v -0.124741 -0.065368 0.939731
v 0.002029 -0.020766 0.986949
v -0.001900 -0.020766 0.987994
v -0.001900 -0.028296 0.987994
v -0.002953 -0.020766 0.991916
v -0.002953 -0.028296 0.991916
v -0.000076 -0.020766 0.994792
v 0.003853 -0.020766 0.993739
v 0.003853 -0.028296 0.993739
v 0.004906 -0.020766 0.989810
v 0.004906 -0.028296 0.989810
v 0.012077 -0.092177 1.082057
v 0.012558 -0.092177 1.082057
v 0.011620 -0.090720 1.079310
v 0.013336 -0.090621 1.079158
v 0.004532 -0.080947 1.085994
v 0.014168 -0.088263 1.078006
v 0.005333 -0.065329 1.094615
v 0.006218 -0.050704 1.101474
v 0.006195 -0.040084 1.108111
v 0.019096 -0.040084 1.108111
v 0.018188 -0.043959 1.109385
v 0.006271 -0.043959 1.109385
v 0.005211 -0.048858 1.108508
v -0.003258 -0.048858 1.108508
v 0.011772 -0.056639 1.116519
v -0.004318 -0.043959 1.109385
v -0.009811 -0.056639 1.116519
v 0.009300 -0.063384 1.116313
v -0.006798 -0.059661 1.122706
v -0.006226 -0.055648 1.129771
v 0.008186 -0.055648 1.129771
v -0.004265 -0.050704 1.101474
v -0.013428 -0.065352 1.094615
v -0.011269 -0.080947 1.085994
v -0.002579 -0.080947 1.085994
v -0.003609 -0.055625 1.138919
v -0.002228 -0.090712 1.079326
v 0.004257 -0.054900 1.145434
v -0.002304 -0.054900 1.145434
v -0.001129 -0.057189 1.146304
v -0.000023 -0.058066 1.151629
v 0.000977 -0.059645 1.156703
v -0.001007 -0.090110 1.077434
v -0.011726 -0.090110 1.077434
v -0.012207 -0.088263 1.078006
v -0.013374 -0.085501 1.075168
v 0.015266 -0.086379 1.073527
v -0.013306 -0.086379 1.073527
v 0.016846 -0.082045 1.071651
v -0.014893 -0.082045 1.071651
v -0.014107 -0.085494 1.069278
v 0.015984 -0.086463 1.067660
v 0.013390 -0.093993 1.061313
v -0.012352 -0.093428 1.054873
v 0.015121 -0.090346 1.050647
v -0.010498 -0.101104 1.047175
v -0.008286 -0.108962 1.042132
v -0.006111 -0.116576 1.033977
v -0.004128 -0.123153 1.021174
v -0.003037 -0.125785 1.010150
v 0.004997 -0.125785 1.010150
v 0.004089 -0.126700 0.996303
v -0.048714 -0.029959 1.151629
v -0.050583 -0.029876 1.156695
v -0.049713 -0.028220 1.151637
v -0.049507 -0.026824 1.146297
v -0.045197 -0.030089 1.146678
v -0.048073 -0.025107 1.146678
v -0.048111 -0.024665 1.145434
v -0.045029 -0.033652 1.132899
v -0.042717 -0.033171 1.132594
v -0.049500 -0.021422 1.132594
v -0.050720 -0.021636 1.129771
v -0.043510 -0.034118 1.129771
v -0.057976 -0.024535 1.116313
v -0.049652 -0.038955 1.116313
v -0.053368 -0.019027 1.116519
v -0.049408 -0.013923 1.111026
v -0.039986 -0.028090 1.109538
v -0.043739 -0.021598 1.109538
v -0.045601 -0.007132 1.109385
v -0.036247 -0.015586 1.108111
v -0.042694 -0.004409 1.108111
v -0.029854 -0.024016 1.106814
v -0.041588 -0.003920 1.106769
v -0.034584 -0.039702 1.101474
v -0.035141 -0.014861 1.106814
v -0.051086 -0.011115 1.101481
v -0.045456 -0.020865 1.101481
v -0.053322 -0.036490 1.094607
v -0.062729 -0.020255 1.094607
v -0.062904 -0.051131 1.085994
v -0.057671 -0.028952 1.094607
v -0.075150 -0.029929 1.085994
v -0.070801 -0.037452 1.085994
v -0.082809 -0.036200 1.079310
v -0.075966 -0.046836 1.077434
v -0.079086 -0.042632 1.079326
v -0.071228 -0.056075 1.079158
v -0.072968 -0.056174 1.082057
v -0.076263 -0.042624 1.078006
v -0.079208 -0.029959 1.078670
v -0.084305 -0.036528 1.082057
v -0.080147 -0.030371 1.075168
v -0.065796 -0.055236 1.075160
v -0.080872 -0.030875 1.073527
v -0.066589 -0.055617 1.073527
v -0.079697 -0.029525 1.073138
v -0.062042 -0.054824 1.071651
v -0.065422 -0.055861 1.069285
v -0.080505 -0.029738 1.069278
v -0.063965 -0.056159 1.064746
v -0.080032 -0.028334 1.064746
v -0.069702 -0.057425 1.064326
v -0.084000 -0.032660 1.064326
v -0.086807 -0.035765 1.064021
v -0.084892 -0.034400 1.060237
v -0.071655 -0.057334 1.060237
v -0.082840 -0.031676 1.057750
v -0.084877 -0.033622 1.055659
v -0.086502 -0.035224 1.054873
v -0.070091 -0.057471 1.050647
v -0.084236 -0.032981 1.050647
v -0.080742 -0.060553 1.047175
v -0.096336 -0.064483 1.033977
v -0.103020 -0.066054 1.021174
v -0.082809 0.035974 1.079318
v -0.083588 0.034440 1.079158
v -0.083313 0.033876 1.077434
v -0.077957 0.043168 1.077434
v -0.070801 0.037225 1.085994
v -0.075150 0.029702 1.085994
v -0.057671 0.028726 1.094607
v -0.045456 0.020654 1.101474
v -0.035141 0.014634 1.106814
v -0.041588 0.003694 1.106769
v -0.042694 0.004182 1.108111
v -0.039642 0.017228 1.109385
v -0.043350 0.020593 1.108508
v -0.049408 0.013696 1.111026
v -0.039986 0.027879 1.109538
v -0.054710 0.018655 1.111087
v -0.043121 0.038743 1.111087
v -0.034348 0.026399 1.109385
v -0.042580 0.037507 1.116519
v -0.031029 0.024392 1.108111
v -0.024582 0.035562 1.108111
v -0.029854 0.023782 1.106814
v -0.040215 0.029725 1.101474
v -0.050720 0.021417 1.129771
v -0.048317 0.044984 1.094615
v -0.053322 0.036264 1.094607
v -0.045029 0.033425 1.132892
v -0.067253 0.043382 1.085994
v -0.075966 0.046609 1.077434
v -0.044830 0.030122 1.145434
v -0.048111 0.024446 1.145427
v -0.048073 0.024888 1.146686
v -0.047401 0.030252 1.146304
v -0.049507 0.026599 1.146304
v -0.050583 0.029657 1.156703
v -0.068771 0.055383 1.078006
v -0.073204 0.055535 1.082057
v -0.072968 0.055947 1.082057
v -0.064964 0.054406 1.078662
v -0.080147 0.030160 1.075168
v -0.066589 0.055390 1.073520
v -0.079697 0.029298 1.073138
v -0.063965 0.055932 1.064746
v -0.084000 0.032449 1.064319
v -0.086807 0.035539 1.064021
v -0.082840 0.031449 1.057757
v -0.084877 0.033403 1.055652
v -0.070969 0.057489 1.055652
v -0.070091 0.057252 1.050639
v -0.084236 0.032754 1.050647
v -0.092224 0.040444 1.047175
v -0.088661 0.062326 1.042132
v -0.097916 0.046289 1.042132
v -0.103424 0.051980 1.033977
v -0.103020 0.065835 1.021174
v -0.110207 0.060479 0.996295
v -0.107094 0.065873 0.996295
v -0.010123 0.094733 1.079210
v -0.002228 0.090486 1.079326
v -0.013260 0.084260 1.078670
v -0.004265 0.050485 1.101481
v -0.016235 0.043733 1.109385
v -0.004318 0.043733 1.109385
v -0.014236 0.048631 1.108508
v 0.002785 0.088052 1.078013
v -0.010612 0.057504 1.111087
v 0.011772 0.056413 1.116519
v 0.018188 0.043733 1.109385
v 0.019096 0.039857 1.108111
v 0.008751 0.059434 1.122706
v -0.006226 0.055421 1.129771
v 0.017483 0.050485 1.101481
v 0.015388 0.065126 1.094615
v -0.005806 0.054254 1.132594
v 0.005333 0.065095 1.094607
v -0.005066 0.056504 1.132892
v -0.003609 0.055398 1.138919
v 0.011620 0.090493 1.079318
v 0.004257 0.054681 1.145427
v -0.000023 0.057840 1.151637
v 0.000977 0.059419 1.156695
v 0.002968 0.089891 1.077434
v 0.013687 0.089891 1.077434
v 0.013336 0.090402 1.079158
v 0.012558 0.091958 1.082057
v 0.012077 0.091958 1.082057
v 0.015335 0.085275 1.075168
v -0.013306 0.086145 1.073520
v 0.015266 0.086145 1.073520
v 0.016846 0.081819 1.071651
v -0.014893 0.081819 1.071651
v -0.014107 0.085267 1.069278
v 0.015533 0.087228 1.068408
v -0.014023 0.086244 1.067660
v 0.017044 0.084161 1.064746
v -0.013321 0.089761 1.064319
v 0.015274 0.089761 1.064319
v -0.012260 0.091394 1.060237
v 0.015556 0.088258 1.057750
v -0.012932 0.090997 1.055659
v -0.012352 0.093194 1.054873
v -0.013161 0.090119 1.050647
v 0.015121 0.090119 1.050647
v 0.012459 0.100885 1.047175
v -0.008286 0.108735 1.042132
v 0.006088 0.122926 1.021174
v -0.003037 0.125566 1.010150
v 0.004089 0.126474 0.996295
v -0.002129 0.126474 0.996295
v 0.050667 0.029733 1.151637
v 0.051464 0.026605 1.146304
v 0.050030 0.024888 1.146686
v 0.047153 0.029878 1.146686
v 0.046787 0.030122 1.145434
v 0.051346 0.023675 1.138919
v 0.046757 0.031610 1.138919
v 0.053032 0.022966 1.132892
v 0.044670 0.032945 1.132594
v 0.048660 0.036393 1.122706
v 0.044533 0.037507 1.116519
v 0.036304 0.026399 1.109385
v 0.050800 0.011087 1.108508
v 0.032990 0.024392 1.108111
v 0.047558 0.006906 1.109385
v 0.026539 0.035562 1.108111
v 0.038204 0.015367 1.108111
v 0.031807 0.023782 1.106814
v 0.043545 0.003694 1.106769
v 0.042171 0.029725 1.101474
v 0.055279 0.036264 1.094607
v 0.064861 0.050912 1.085994
v 0.074127 0.054406 1.079318
v 0.084770 0.035974 1.079318
v 0.077927 0.046609 1.077434
v 0.081043 0.042405 1.079326
v 0.076420 0.045526 1.078013
v 0.070728 0.055383 1.078006
v 0.075161 0.055535 1.082057
v 0.066925 0.054406 1.078662
v 0.078224 0.042405 1.078006
v 0.082104 0.030160 1.075168
v 0.067749 0.055017 1.075160
v 0.085545 0.034440 1.079158
v 0.068546 0.055390 1.073520
v 0.081654 0.029298 1.073138
v 0.063999 0.054589 1.071651
v 0.079868 0.027101 1.071651
v 0.082462 0.029519 1.069278
v 0.069344 0.056169 1.068408
v 0.068260 0.056047 1.067660
v 0.083263 0.030069 1.067660
v 0.065922 0.055932 1.064746
v 0.085957 0.032449 1.064319
v 0.088764 0.035539 1.064021
v 0.073608 0.057107 1.060237
v 0.086834 0.033403 1.055652
v 0.072926 0.057489 1.055652
v 0.075127 0.058091 1.054873
v 0.088455 0.034997 1.054873
v 0.086189 0.032754 1.050647
v 0.094181 0.040444 1.047175
v 0.090614 0.062326 1.042132
v 0.099876 0.046289 1.042132
v 0.098293 0.064256 1.033977
v 0.104980 0.065835 1.021174
v 0.111824 0.059236 1.010150
v 0.107807 0.066209 1.010150
v 0.112160 0.060479 0.996295
v 0.111820 0.060708 0.984645
v 0.000976 0.013002 0.075986
v -0.011101 0.004892 0.811870
v -0.011101 0.004892 0.075986
v -0.012138 -0.000113 0.811870
v -0.011101 -0.005118 0.811870
v -0.008293 -0.009391 0.811870
v -0.004028 -0.012191 0.811870
v -0.004029 -0.012191 0.075986
v 0.000976 -0.013228 0.811870
v 0.000976 -0.013228 0.075986
v 0.005981 -0.012191 0.811870
v 0.013061 -0.005118 0.811870
v 0.013061 -0.005118 0.075986
v 0.014091 -0.000113 0.811870
v 0.010254 0.009164 0.811870
v 0.010254 0.009164 0.075986
v 0.000976 0.013002 0.811870
v -0.014946 -0.013839 0.989818
v -0.016380 -0.011351 0.986949
v -0.022903 -0.015113 0.986949
v -0.015472 -0.012931 0.993739
v -0.017433 -0.009528 0.994792
v -0.023956 -0.013289 0.994792
v -0.018868 -0.007033 0.991916
v -0.024864 -0.011710 0.987994
v -0.018341 -0.007949 0.987994
v -0.017433 0.009301 0.986949
v -0.015472 0.012704 0.987994
v -0.014946 0.013612 0.991916
v -0.022903 0.014886 0.994792
v -0.016380 0.011125 0.994792
v -0.024864 0.011491 0.993739
v -0.018341 0.007722 0.993739
v -0.018868 0.006814 0.989818
v -0.023956 0.013070 0.986949
v 0.003853 0.020539 0.987994
v -0.000076 0.028070 0.986949
v 0.003853 0.028070 0.987994
v 0.004906 0.020539 0.991916
v 0.004906 0.028070 0.991916
v 0.002029 0.020539 0.994792
v 0.002029 0.028070 0.994792
v -0.001900 0.020539 0.993739
v -0.001900 0.028070 0.993739
v -0.002953 0.020539 0.989810
v -0.000076 0.020539 0.986949
v 0.016899 0.013620 0.989818
v 0.018337 0.011125 0.986949
v 0.023418 0.017381 0.989818
v 0.017426 0.012696 0.993739
v 0.019390 0.009301 0.994792
v 0.027348 0.010575 0.991916
v 0.020828 0.006814 0.991916
v 0.026821 0.011499 0.987994
v 0.020302 0.007722 0.987994
v 0.023945 -0.016692 0.987994
v 0.017426 -0.012931 0.987994
v 0.023418 -0.017608 0.991916
v 0.016899 -0.013839 0.991916
v 0.018337 -0.011351 0.994792
v 0.020302 -0.007949 0.993739
v 0.026821 -0.011710 0.993739
v 0.020828 -0.007041 0.989818
v 0.027348 -0.010802 0.989818
v 0.019390 -0.009528 0.986949
v 0.084770 -0.036200 1.079310
v 0.085274 -0.034102 1.077434
v 0.077106 -0.029929 1.085994
v 0.083916 -0.032767 1.078006
v 0.059631 -0.028952 1.094607
v 0.081165 -0.029959 1.078670
v 0.064682 -0.020255 1.094607
v 0.047413 -0.020865 1.101481
v 0.037094 -0.014861 1.106814
v 0.038204 -0.015586 1.108111
v 0.044655 -0.004409 1.108111
v 0.047558 -0.007132 1.109385
v 0.041599 -0.017455 1.109385
v 0.045311 -0.020819 1.108508
v 0.051365 -0.013923 1.111026
v 0.045692 -0.021598 1.109538
v 0.041943 -0.028090 1.109538
v 0.035587 -0.037658 1.108508
v 0.045074 -0.038962 1.111087
v 0.036304 -0.026625 1.109385
v 0.055325 -0.019027 1.116519
v 0.026539 -0.035788 1.108111
v 0.059933 -0.024535 1.116313
v 0.048660 -0.036620 1.122706
v 0.031807 -0.024016 1.106814
v 0.036537 -0.039702 1.101474
v 0.052677 -0.021636 1.129771
v 0.044670 -0.033171 1.132594
v 0.055279 -0.036490 1.094607
v 0.051453 -0.021422 1.132594
v 0.069206 -0.043608 1.085994
v 0.053032 -0.023185 1.132899
v 0.074127 -0.054633 1.079310
v 0.077835 -0.048194 1.079326
v 0.051346 -0.023894 1.138919
v 0.077927 -0.046836 1.077434
v 0.050068 -0.024665 1.145434
v 0.050030 -0.025107 1.146678
v 0.047153 -0.030089 1.146678
v 0.051464 -0.026821 1.146297
v 0.072563 -0.056113 1.077426
v 0.076420 -0.045752 1.078006
v 0.073181 -0.056075 1.079158
v 0.070728 -0.055610 1.078006
v 0.066925 -0.054633 1.078670
v 0.082829 -0.030875 1.073527
v 0.068546 -0.055617 1.073527
v 0.066788 -0.055274 1.073138
v 0.081654 -0.029525 1.073138
v 0.063999 -0.054824 1.071651
v 0.082462 -0.029738 1.069278
v 0.083900 -0.031180 1.068408
v 0.069344 -0.056395 1.068408
v 0.068260 -0.056281 1.067660
v 0.083263 -0.030295 1.067660
v 0.065922 -0.056159 1.064746
v 0.088764 -0.035765 1.064021
v 0.075748 -0.058310 1.064021
v 0.088490 -0.036307 1.061313
v 0.086849 -0.034400 1.060237
v 0.073608 -0.057334 1.060237
v 0.070217 -0.056914 1.057757
v 0.072926 -0.057708 1.055652
v 0.088455 -0.035224 1.054873
v 0.099876 -0.046515 1.042132
v 0.090614 -0.062560 1.042132
v 0.098293 -0.064483 1.033977
v 0.112160 -0.060714 0.996295
v 0.109051 -0.066100 0.996295
v 0.109066 -0.065696 0.984645
v 0.111820 -0.060927 0.984645
v 0.021107 0.002740 1.164621
v 0.018361 -0.002172 1.162366
v 0.021110 -0.002967 1.164625
v 0.023495 -0.004569 1.167979
v 0.003040 0.017266 1.162366
v 0.007883 0.015962 1.162366
v 0.003827 0.020013 1.164620
v 0.006175 0.023445 1.167912
v 0.005432 0.022409 1.167972
v 0.008255 0.022882 1.167926
v 0.008377 0.021615 1.167972
v 0.005505 0.023128 1.168265
v 0.008672 0.022275 1.168271
v 0.004089 0.022821 1.166011
v 0.009743 0.021302 1.166011
v 0.008926 0.020433 1.165797
v 0.002998 0.022477 1.163547
v 0.003685 0.021379 1.164096
v 0.010521 0.020463 1.163547
v 0.001877 0.023339 1.162028
v 0.000977 0.023568 1.160792
v 0.011925 0.020639 1.162028
v 0.000977 0.024423 1.161410
v 0.013252 0.021142 1.161410
v 0.000076 0.023339 1.162028
v 0.000977 0.023286 1.163722
v -0.001045 0.022477 1.163547
v -0.001724 0.021379 1.164096
v 0.000977 0.023874 1.165988
v -0.002136 0.022821 1.166011
v -0.003479 0.022409 1.167972
v -0.003552 0.023128 1.168265
v 0.000977 0.027658 1.173205
v 0.006432 0.025912 1.173198
v -0.004219 0.023439 1.167918
v 0.007561 0.025775 1.173343
v -0.004478 0.025912 1.173198
v -0.002518 0.020790 1.164647
v -0.001869 0.019994 1.164641
v -0.006620 0.018738 1.164631
v -0.006297 0.022882 1.167926
v -0.005608 0.025775 1.173343
v -0.003670 0.026736 1.177485
v -0.007378 0.022607 1.168269
v 0.000977 0.028187 1.177485
v -0.007790 0.021302 1.166011
v -0.006966 0.020433 1.165797
v 0.005623 0.026736 1.177485
v -0.008568 0.020463 1.163547
v 0.000977 0.026189 1.182473
v -0.009964 0.020639 1.162028
v -0.010857 0.020394 1.160792
v -0.011020 0.020661 1.165988
v -0.010719 0.020158 1.163730
v -0.011291 0.021142 1.161410
v -0.011528 0.019746 1.162021
v -0.012070 0.018441 1.163547
v -0.012108 0.017144 1.164088
v -0.013184 0.018182 1.166011
v -0.014137 0.017152 1.167979
v -0.014553 0.017745 1.168263
v -0.015297 0.017678 1.167926
v -0.011542 0.015889 1.164639
v -0.016759 0.019700 1.173190
v -0.007309 0.025149 1.173190
v -0.012909 0.023942 1.173198
v -0.013942 0.014816 1.164647
v -0.009494 0.013903 1.162366
v -0.015020 0.012420 1.164630
v -0.016029 0.016893 1.167918
v -0.016815 0.016160 1.167918
v -0.017667 0.019021 1.173343
v -0.018147 0.018541 1.173343
v -0.017616 0.015382 1.168269
v -0.016469 0.020816 1.177493
v -0.018834 0.017619 1.173190
v -0.017319 0.014047 1.166011
v -0.016174 0.013711 1.165797
v -0.019794 0.011880 1.165988
v -0.017578 0.012933 1.163547
v -0.019279 0.011582 1.163722
v -0.018875 0.012391 1.162028
v -0.020279 0.012162 1.161418
v -0.019783 0.010827 1.162028
v -0.019600 0.009431 1.163547
v -0.018982 0.008294 1.164096
v -0.020439 0.008653 1.166011
v -0.020752 0.007287 1.167979
v -0.021398 0.007585 1.168263
v -0.022011 0.007165 1.167926
v -0.017884 0.007489 1.164622
v -0.024289 0.008180 1.173198
v -0.023071 0.013772 1.173198
v -0.022574 0.005090 1.167912
v -0.019945 0.017327 1.177493
v -0.023532 0.014039 1.177493
v -0.024904 0.006471 1.173343
v -0.024594 0.009293 1.177485
v -0.021798 0.013038 1.182473
v -0.025085 0.008378 1.178058
v -0.022751 0.010682 1.180697
v -0.020233 0.015046 1.180697
v -0.021179 0.012681 1.182986
v -0.023392 0.010690 1.181491
v -0.019403 0.018207 1.178058
v -0.020561 0.015588 1.181491
v -0.021606 0.012918 1.184039
v -0.018385 0.019248 1.177911
v -0.016649 0.017510 1.181688
v -0.017346 0.020274 1.178058
v -0.023096 0.006334 1.181688
v -0.014175 0.021096 1.180697
v -0.025838 0.005571 1.178058
v -0.014725 0.021432 1.181491
v -0.012175 0.022666 1.182473
v -0.011810 0.022042 1.182986
v -0.013168 0.024400 1.177485
v -0.008420 0.025462 1.177493
v -0.009811 0.023622 1.180697
v -0.007515 0.025956 1.178058
v -0.009827 0.024255 1.181491
v -0.012062 0.022470 1.184039
v -0.004700 0.026704 1.178058
v -0.005473 0.023976 1.181688
v -0.001541 0.025834 1.180697
v -0.001854 0.026399 1.181491
v 0.000977 0.025468 1.182986
v 0.003502 0.025834 1.180697
v 0.000977 0.025972 1.184039
v 0.003807 0.026399 1.181491
v 0.006660 0.026704 1.178058
v 0.007426 0.023976 1.181688
v 0.009468 0.025956 1.178058
v 0.000977 0.020341 1.188119
v -0.009250 0.017600 1.188116
v -0.004135 0.018975 1.185664
v -0.004066 0.018724 1.187068
v -0.012985 0.013856 1.185664
v -0.016737 0.010122 1.188115
v -0.012810 0.013681 1.187068
v -0.008617 0.016509 1.190853
v 0.000977 0.019073 1.190864
v -0.003815 0.017793 1.188365
v -0.012123 0.012986 1.188365
v -0.003723 0.008027 1.193530
v -0.015639 0.009479 1.190852
v -0.001373 0.008660 1.191737
v -0.005440 0.006303 1.191737
v 0.000977 0.009286 1.193538
v -0.007164 0.004594 1.193538
v 0.000977 -0.000113 1.194720
v -0.016922 0.004686 1.188365
v 0.005775 0.017793 1.188365
v -0.007797 0.002236 1.191737
v 0.003326 0.008660 1.191737
v 0.006027 0.018724 1.187068
v 0.005676 0.008027 1.193530
v 0.006088 0.018975 1.185664
v 0.010570 0.016509 1.190853
v 0.011203 0.017600 1.188116
v 0.014084 0.012986 1.188365
v 0.014763 0.013681 1.187068
v 0.007401 0.006303 1.191737
v 0.009117 0.004594 1.193538
v 0.017595 0.009479 1.190852
v 0.014946 0.013856 1.185664
v 0.018875 0.004686 1.188365
v 0.018690 0.010122 1.188115
v 0.009750 0.002236 1.191737
v 0.019810 0.004937 1.187068
v 0.010384 -0.000113 1.193530
v 0.020168 -0.000113 1.190856
v 0.020054 0.004998 1.185664
v 0.018875 -0.004905 1.188365
v 0.021432 -0.000113 1.188119
v 0.009750 -0.002463 1.191737
v 0.019810 -0.005164 1.187060
v 0.009117 -0.004821 1.193530
v 0.017595 -0.009706 1.190860
v 0.020054 -0.005225 1.185664
v 0.014084 -0.013213 1.188365
v 0.018690 -0.010341 1.188116
v 0.007401 -0.006530 1.191737
v 0.014763 -0.013900 1.187060
v 0.005676 -0.008254 1.193530
v 0.010570 -0.016729 1.190852
v 0.014946 -0.014075 1.185664
v 0.005775 -0.018012 1.188365
v 0.011203 -0.017827 1.188115
v 0.003326 -0.008887 1.191737
v 0.006027 -0.018943 1.187060
v 0.000977 -0.009513 1.193530
v 0.000977 -0.019301 1.190857
v 0.006088 -0.019187 1.185664
v -0.003815 -0.018012 1.188365
v 0.000977 -0.020569 1.188119
v -0.001373 -0.008887 1.191737
v -0.004066 -0.018943 1.187060
v -0.003723 -0.008254 1.193530
v -0.008617 -0.016729 1.190852
v -0.004135 -0.019187 1.185664
v -0.005440 -0.006530 1.191737
v -0.009250 -0.017827 1.188115
v -0.012123 -0.013213 1.188365
v -0.007164 -0.004821 1.193530
v -0.012810 -0.013900 1.187060
v -0.015639 -0.009706 1.190860
v -0.007797 -0.002463 1.191737
v -0.016922 -0.004905 1.188365
v -0.008423 -0.000113 1.193530
v -0.018211 -0.000113 1.190856
v -0.017853 -0.005164 1.187060
v -0.017853 0.004937 1.187068
v -0.018097 0.004998 1.185664
v -0.019479 -0.000113 1.188119
v -0.016737 -0.010341 1.188116
v -0.018097 -0.005225 1.185664
v -0.025101 -0.000113 1.184039
v -0.023096 -0.006553 1.181688
v -0.025528 0.002717 1.181491
v -0.012985 -0.014075 1.185664
v -0.024971 0.002412 1.180697
v -0.016649 -0.017736 1.181688
v -0.024605 -0.000113 1.182986
v -0.025528 -0.002944 1.181491
v -0.025865 0.004533 1.177485
v -0.025318 -0.000113 1.182473
v -0.024971 -0.002631 1.180697
v -0.025049 0.005342 1.173190
v -0.025838 -0.005790 1.178058
v -0.022255 0.004415 1.168257
v -0.026794 -0.000113 1.173198
v -0.027324 -0.000113 1.177485
v -0.025865 -0.004760 1.177493
v -0.021950 0.002992 1.166011
v -0.024213 -0.000113 1.168269
v -0.021614 0.001908 1.163547
v -0.020515 0.002595 1.164096
v -0.022409 -0.000113 1.163722
v -0.022469 0.000787 1.162028
v -0.023567 -0.000113 1.161410
v -0.022469 -0.001014 1.162021
v -0.021446 -0.001220 1.161738
v -0.021614 -0.002128 1.163547
v -0.021950 -0.003234 1.166003
v -0.021538 -0.004569 1.167979
v -0.022255 -0.004642 1.168265
v -0.025049 -0.005568 1.173198
v -0.022568 -0.005317 1.167926
v -0.024907 -0.006698 1.173343
v -0.019919 -0.003606 1.164647
v -0.015106 -0.007020 1.162366
v -0.017874 -0.007711 1.164631
v -0.022011 -0.007384 1.167918
v -0.020752 -0.007514 1.167972
v -0.025085 -0.008605 1.178058
v -0.024289 -0.008407 1.173190
v -0.021398 -0.007811 1.168271
v -0.020439 -0.008880 1.166003
v -0.018982 -0.008513 1.164096
v -0.019794 -0.012107 1.165988
v -0.019600 -0.009658 1.163547
v -0.019783 -0.011054 1.162021
v -0.019279 -0.011809 1.163730
v -0.020279 -0.012381 1.161410
v -0.018875 -0.012618 1.162021
v -0.017891 -0.012282 1.161738
v -0.017578 -0.013160 1.163547
v -0.016281 -0.013198 1.164088
v -0.017319 -0.014274 1.166003
v -0.016174 -0.013938 1.165797
v -0.016296 -0.015227 1.167972
v -0.017616 -0.015609 1.168277
v -0.018834 -0.017849 1.173190
v -0.016815 -0.016387 1.167918
v -0.015020 -0.012639 1.164639
v -0.023071 -0.013999 1.173205
v -0.013942 -0.015035 1.164647
v -0.013041 -0.010587 1.162366
v -0.009494 -0.014138 1.162366
v -0.024594 -0.009513 1.177493
v -0.015297 -0.017905 1.167918
v -0.016029 -0.017119 1.167926
v -0.018147 -0.018757 1.173343
v -0.017667 -0.019237 1.173343
v -0.019945 -0.017561 1.177485
v -0.023532 -0.014258 1.177485
v -0.021798 -0.013265 1.182473
v -0.022751 -0.010901 1.180697
v -0.023392 -0.010917 1.181491
v -0.021179 -0.012900 1.182979
v -0.021606 -0.013152 1.184039
v -0.020233 -0.015265 1.180697
v -0.020561 -0.015815 1.181491
v -0.019403 -0.018436 1.178058
v -0.018385 -0.019475 1.177919
v -0.017346 -0.020493 1.178058
v -0.014725 -0.021651 1.181491
v -0.016469 -0.021035 1.177485
v -0.012062 -0.022696 1.184039
v -0.014175 -0.021323 1.180697
v -0.011810 -0.022269 1.182986
v -0.005473 -0.024186 1.181688
v -0.009827 -0.024482 1.181491
v -0.012174 -0.022888 1.182473
v -0.009811 -0.023841 1.180697
v -0.007515 -0.026175 1.178058
v -0.008420 -0.025684 1.177485
v -0.013168 -0.024622 1.177493
v -0.012909 -0.024161 1.173198
v -0.016759 -0.019924 1.173190
v -0.007309 -0.025376 1.173198
v -0.014519 -0.018706 1.168277
v -0.011017 -0.020888 1.165988
v -0.013184 -0.018416 1.166003
v -0.012840 -0.017264 1.165797
v -0.012108 -0.017371 1.164096
v -0.012070 -0.018668 1.163547
v -0.011192 -0.018981 1.161738
v -0.010719 -0.020369 1.163722
v -0.011528 -0.019965 1.162028
v -0.011291 -0.021369 1.161410
v -0.009964 -0.020873 1.162021
v -0.008568 -0.020690 1.163547
v -0.007790 -0.021529 1.166003
v -0.006966 -0.020659 1.165797
v -0.007378 -0.022826 1.168277
v -0.006294 -0.023107 1.167912
v -0.005608 -0.026002 1.173343
v -0.005930 -0.016196 1.162366
v -0.004219 -0.023655 1.167918
v -0.004700 -0.026928 1.178058
v -0.004478 -0.026139 1.173190
v -0.003143 -0.023963 1.168269
v -0.003670 -0.026955 1.177493
v -0.002136 -0.023040 1.166003
v 0.000977 -0.027884 1.173198
v -0.001045 -0.022704 1.163547
v -0.001724 -0.021605 1.164088
v -0.000130 -0.022536 1.161738
v 0.000977 -0.024100 1.165988
v 0.000076 -0.023558 1.162021
v 0.000977 -0.023787 1.160785
v 0.000977 -0.023505 1.163730
v 0.000977 -0.024657 1.161418
v 0.001877 -0.023558 1.162021
v 0.002998 -0.022704 1.163547
v 0.004372 -0.021880 1.165797
v 0.004089 -0.023040 1.166003
v 0.005096 -0.023963 1.168269
v 0.006175 -0.023663 1.167912
v 0.006432 -0.026139 1.173190
v 0.008581 -0.018974 1.164621
v 0.003042 -0.017493 1.162366
v 0.008255 -0.023098 1.167918
v 0.007561 -0.026004 1.173343
v 0.005623 -0.026955 1.177493
v 0.009338 -0.022826 1.168277
v 0.000977 -0.028414 1.177493
v 0.009743 -0.021529 1.166003
v 0.009384 -0.020072 1.164096
v 0.000977 -0.026408 1.182473
v 0.010521 -0.020690 1.163547
v -0.001541 -0.026061 1.180697
v 0.011925 -0.020873 1.162021
v -0.001854 -0.026618 1.181491
v 0.000977 -0.025695 1.182979
v 0.000977 -0.026191 1.184039
v 0.003502 -0.026061 1.180697
v 0.003807 -0.026618 1.181491
v 0.007426 -0.024186 1.181688
v 0.006660 -0.026928 1.178058
v 0.009468 -0.026175 1.178058
v 0.009270 -0.025376 1.173198
v 0.011780 -0.024482 1.181491
v 0.012970 -0.020888 1.165988
v 0.014015 -0.022696 1.184039
v 0.012672 -0.020369 1.163722
v 0.011772 -0.023841 1.180697
v 0.013252 -0.021369 1.161410
v 0.013481 -0.019965 1.162028
v 0.013153 -0.018981 1.161738
v 0.014023 -0.018668 1.163547
v 0.014069 -0.017371 1.164096
v 0.015137 -0.018416 1.166003
v 0.014801 -0.017264 1.165797
v 0.016472 -0.018706 1.168277
v 0.018716 -0.019924 1.173190
v 0.017250 -0.017905 1.167918
v 0.013502 -0.016109 1.164632
v 0.014862 -0.024161 1.173198
v 0.015895 -0.015035 1.164647
v 0.010381 -0.025684 1.177485
v 0.015129 -0.024622 1.177493
v 0.018772 -0.016387 1.167918
v 0.014128 -0.022888 1.182473
v 0.018250 -0.015227 1.167972
v 0.018426 -0.021035 1.177485
v 0.013771 -0.022269 1.182986
v 0.016136 -0.021323 1.180697
v 0.019624 -0.019237 1.173343
v 0.016686 -0.021651 1.181491
v 0.019303 -0.020493 1.178058
v 0.018605 -0.017736 1.181688
v 0.020342 -0.019475 1.177919
v 0.017983 -0.017119 1.167926
v 0.020104 -0.018757 1.173343
v 0.021356 -0.018436 1.178058
v 0.023563 -0.013152 1.184039
v 0.022518 -0.015815 1.181491
v 0.021902 -0.017561 1.177485
v 0.022190 -0.015265 1.180697
v 0.020791 -0.017849 1.173190
v 0.023132 -0.012900 1.182979
v 0.023752 -0.013265 1.182473
v 0.019577 -0.015609 1.168277
v 0.025028 -0.013999 1.173205
v 0.019280 -0.014274 1.166003
v 0.018135 -0.013938 1.165797
v 0.021754 -0.012107 1.165988
v 0.019531 -0.013160 1.163547
v 0.019844 -0.012282 1.161738
v 0.025489 -0.014258 1.177485
v 0.020836 -0.012618 1.162021
v 0.021484 -0.011954 1.160785
v 0.021240 -0.011809 1.163730
v 0.022236 -0.012381 1.161410
v 0.021736 -0.011054 1.162021
v 0.020954 -0.010367 1.161738
v 0.021553 -0.009658 1.163547
v 0.022392 -0.008880 1.166003
v 0.021526 -0.008056 1.165797
v 0.023358 -0.007811 1.168271
v 0.026246 -0.008407 1.173190
v 0.023974 -0.007384 1.167912
v 0.026551 -0.009513 1.177493
v 0.024712 -0.010901 1.180697
v 0.024525 -0.005317 1.167926
v 0.025349 -0.010917 1.181491
v 0.027042 -0.008605 1.178058
v 0.025053 -0.006553 1.181688
v 0.026865 -0.006698 1.173343
v 0.027795 -0.005790 1.178058
v 0.027058 -0.000113 1.184039
v 0.027002 -0.005568 1.173198
v 0.027485 -0.002944 1.181491
v 0.027822 -0.004760 1.177493
v 0.026928 -0.002631 1.180697
v 0.024212 -0.004642 1.168265
v 0.026562 -0.000113 1.182986
v 0.023907 -0.003234 1.166003
v 0.022747 -0.003508 1.165797
v 0.028751 -0.000113 1.173198
v 0.023567 -0.002128 1.163547
v 0.022469 -0.002814 1.164096
v 0.024966 -0.000113 1.165988
v 0.024426 -0.001014 1.162021
v 0.024372 -0.000113 1.163722
v 0.025524 -0.000113 1.161410
v 0.024426 0.000787 1.162028
v 0.023403 0.000993 1.161738
v 0.023567 0.001908 1.163547
v 0.023907 0.002992 1.166011
v 0.024212 0.004415 1.168257
v 0.024531 0.005090 1.167912
v 0.027002 0.005342 1.173190
v 0.023968 0.007165 1.167926
v 0.026868 0.006471 1.173343
v 0.027822 0.004533 1.177485
v 0.023358 0.007585 1.168263
v 0.029281 -0.000113 1.177485
v 0.027279 -0.000113 1.182473
v 0.026928 0.002412 1.180697
v 0.027795 0.005571 1.178058
v 0.027485 0.002717 1.181491
v 0.026246 0.008180 1.173198
v 0.025053 0.006334 1.181688
v 0.027042 0.008378 1.178058
v 0.022392 0.008653 1.166011
v 0.023563 0.012918 1.184039
v 0.021553 0.009431 1.163547
v 0.021754 0.011880 1.165988
v 0.021736 0.010827 1.162028
v 0.021484 0.011727 1.160792
v 0.021240 0.011582 1.163722
v 0.022236 0.012162 1.161418
v 0.020836 0.012391 1.162028
v 0.019844 0.012063 1.161738
v 0.019531 0.012933 1.163547
v 0.018238 0.012971 1.164096
v 0.019280 0.014047 1.166011
v 0.019577 0.015382 1.168269
v 0.020791 0.017619 1.173190
v 0.018772 0.016160 1.167918
v 0.025028 0.013772 1.173198
v 0.015895 0.014816 1.164647
v 0.011455 0.013904 1.162366
v 0.026551 0.009293 1.177485
v 0.017250 0.017678 1.167926
v 0.016098 0.017152 1.167979
v 0.017983 0.016893 1.167918
v 0.020104 0.018541 1.173343
v 0.019624 0.019021 1.173343
v 0.021902 0.017327 1.177493
v 0.025489 0.014039 1.177493
v 0.023752 0.013038 1.182473
v 0.024712 0.010682 1.180697
v 0.025349 0.010690 1.181491
v 0.023132 0.012681 1.182986
v 0.022190 0.015046 1.180697
v 0.021356 0.018207 1.178058
v 0.022518 0.015588 1.181491
v 0.018605 0.017510 1.181688
v 0.020342 0.019248 1.177911
v 0.019303 0.020274 1.178058
v 0.014015 0.022470 1.184039
v 0.016686 0.021432 1.181491
v 0.011780 0.024255 1.181491
v 0.013771 0.022042 1.182986
v 0.016136 0.021096 1.180697
v 0.011772 0.023622 1.180697
v 0.018426 0.020816 1.177493
v 0.014128 0.022666 1.182473
v 0.010381 0.025462 1.177493
v 0.015129 0.024400 1.177485
v 0.018716 0.019700 1.173190
v 0.014862 0.023942 1.173198
v 0.009270 0.025150 1.173190
v 0.016514 0.017745 1.168263
v 0.012973 0.020667 1.165985
v 0.015137 0.018182 1.166011
v 0.014069 0.017144 1.164088
v 0.012672 0.020158 1.163730
v 0.014023 0.018441 1.163547
v 0.013481 0.019746 1.162021
v 0.000977 0.023446 1.167938
v -0.006424 0.021615 1.167972
v 0.019839 -0.007707 1.164625
v 0.016981 -0.012639 1.164637
v -0.019427 -0.011893 1.167928
v -0.006617 -0.018972 1.164625
v -0.011542 -0.016110 1.164630
v 0.011455 -0.014138 1.162366
v 0.007884 -0.016196 1.162366
v 0.016098 -0.017386 1.167972
v 0.008377 -0.021842 1.167979
v 0.003830 -0.020240 1.164629
v -0.001866 -0.020243 1.164625
v 0.000977 -0.023668 1.167931
v 0.005432 -0.022628 1.167979
v -0.003479 -0.022628 1.167979
v -0.015106 0.006793 1.162366
v -0.019427 0.011674 1.167935
v -0.016296 0.015008 1.167979
v -0.019129 -0.002967 1.164649
v -0.016400 -0.002172 1.162366
v -0.019150 0.002740 1.164620
v -0.022578 -0.000113 1.167931
v 0.008581 0.018747 1.164622
v 0.013502 0.015890 1.164638
v 0.016981 0.012420 1.164631
v 0.015002 0.010375 1.162366
v 0.017059 0.006793 1.162366
v 0.019841 0.007493 1.164621
v 0.021381 0.011674 1.167935
v 0.022705 0.007287 1.167979
v -0.004028 0.011972 0.811870
v -0.004677 0.013536 0.813807
v 0.000976 0.012643 0.815845
v -0.008293 0.009164 0.811870
v -0.003883 0.011644 0.815845
v -0.009506 0.010377 0.813807
v -0.003784 0.011392 0.819865
v -0.008041 0.008905 0.815845
v -0.003166 0.009889 0.831141
v -0.007787 0.008664 0.819857
v -0.012680 0.005548 0.813807
v -0.010765 0.004754 0.815845
v -0.013847 -0.000113 0.813807
v -0.011772 -0.000113 0.815845
v -0.012680 -0.005767 0.813807
v -0.010521 0.004655 0.819865
v -0.009506 -0.010596 0.813807
v -0.009026 0.004029 0.831141
v -0.004677 -0.013770 0.813807
v -0.008041 -0.009131 0.815845
v -0.010765 -0.004981 0.815845
v -0.011505 -0.000113 0.819865
v -0.010521 -0.004874 0.819865
v -0.007789 -0.008879 0.819857
v -0.003883 -0.011855 0.815845
v -0.009026 -0.004256 0.831141
v 0.000976 -0.014945 0.813807
v 0.000976 -0.012862 0.815845
v 0.006637 -0.013770 0.813807
v 0.010254 -0.009391 0.811870
v -0.003784 -0.011611 0.819865
v 0.011467 -0.010596 0.813807
v -0.003166 -0.010116 0.831141
v 0.014633 -0.005767 0.813807
v 0.009994 -0.009131 0.815845
v 0.005844 -0.011855 0.815845
v 0.000976 -0.012603 0.819865
v 0.005745 -0.011611 0.819865
v 0.009750 -0.008879 0.819857
v 0.012726 -0.004981 0.815845
v 0.005119 -0.010116 0.831141
v 0.000976 -0.010877 0.831141
v 0.015808 -0.000113 0.813807
v 0.013061 0.004892 0.811870
v 0.013733 -0.000113 0.815845
v 0.014633 0.005548 0.813807
v 0.012482 -0.004874 0.819865
v 0.011467 0.010377 0.813807
v 0.010979 -0.004256 0.831141
v 0.006637 0.013536 0.813807
v 0.005981 0.011972 0.811870
v 0.000976 0.014718 0.813807
v 0.009994 0.008905 0.815845
v 0.005844 0.011644 0.815845
v 0.012726 0.004754 0.815845
v 0.009811 0.008729 0.819865
v 0.005745 0.011392 0.819865
v 0.000976 0.012376 0.819865
v 0.012482 0.004655 0.819865
v 0.008659 0.007569 0.831141
v 0.005119 0.009889 0.831141
v 0.000976 0.010751 0.831141
v 0.000975 0.010223 0.844593
v 0.013466 -0.000113 0.819865
v 0.010979 0.004029 0.831141
v 0.008196 0.007155 0.844592
v 0.011747 -0.000113 0.831141
v 0.010330 0.003762 0.844592
v 0.005081 0.009782 0.859035
v 0.000976 0.010644 0.859035
v 0.000976 0.012658 0.870425
v 0.010879 0.003991 0.859035
v 0.005844 0.011636 0.870425
v 0.008583 0.007493 0.859035
v 0.011647 -0.000113 0.859035
v 0.005981 0.011972 0.874270
v 0.010330 -0.003981 0.844592
v 0.010002 0.008912 0.870425
v 0.012726 0.004754 0.870425
v 0.013740 -0.000113 0.870425
v 0.010879 -0.004226 0.859035
v 0.008108 -0.007252 0.844585
v 0.012726 -0.004981 0.870425
v 0.004852 -0.009459 0.844592
v 0.008583 -0.007720 0.859035
v 0.005081 -0.010016 0.859035
v 0.000976 -0.010777 0.859035
v -0.002892 -0.009459 0.844592
v 0.000976 -0.012870 0.870425
v -0.006155 -0.007252 0.844585
v -0.003121 -0.010016 0.859035
v 0.005844 -0.011863 0.870425
v 0.010002 -0.009131 0.870425
v 0.000976 -0.013228 0.874270
v 0.005981 -0.012191 0.874270
v -0.003891 -0.011863 0.870425
v -0.006622 -0.007720 0.859035
v -0.008370 -0.003981 0.844592
v -0.008926 -0.004226 0.859035
v -0.009787 -0.000113 0.831141
v -0.009687 -0.000113 0.859035
v -0.008370 0.003762 0.844592
v -0.006194 0.007105 0.844586
v -0.008926 0.003991 0.859035
v -0.011780 -0.000113 0.870425
v -0.003121 0.009782 0.859035
v -0.006622 0.007493 0.859035
v -0.003891 0.011636 0.870425
v 0.000976 0.013002 0.874270
v -0.010773 0.004754 0.870425
v -0.008041 0.008912 0.870425
v -0.004028 0.011972 0.874270
v -0.004517 0.013154 0.874919
v 0.000976 0.014283 0.874919
v -0.008293 0.009164 0.874270
v -0.011101 0.004892 0.874270
v -0.012138 -0.000113 0.874270
v -0.010773 -0.004981 0.870425
v -0.012291 0.005387 0.874919
v -0.008041 -0.009131 0.870425
v -0.011101 -0.005118 0.874270
v -0.004028 -0.012191 0.874270
v -0.008293 -0.009391 0.874270
v -0.012291 -0.005614 0.874919
v -0.004517 -0.013381 0.874919
v -0.013428 -0.000113 0.874919
v -0.009209 -0.010299 0.874919
v -0.012291 -0.005614 0.876628
v -0.009209 -0.010299 0.876628
v -0.013428 -0.000113 0.876628
v -0.004517 -0.013381 0.876628
v -0.008293 -0.009391 0.877284
v -0.009209 0.010072 0.874919
v -0.012291 0.005387 0.876628
v -0.009209 0.010072 0.876628
v -0.004517 0.013154 0.876628
v 0.000976 0.014283 0.876628
v 0.000976 0.013002 0.877284
v -0.008293 0.009164 0.877284
v -0.004028 0.011972 0.877284
v -0.004028 0.011972 0.882464
v 0.000976 0.013002 0.882464
v -0.008293 0.009164 0.882464
v -0.004517 0.013154 0.883098
v 0.000976 0.014283 0.883098
v -0.011101 0.004892 0.877284
v -0.004517 0.013154 0.884852
v 0.000976 0.014283 0.884852
v 0.000976 0.013002 0.885486
v -0.011101 0.004892 0.882464
v -0.012138 -0.000113 0.877284
v -0.012291 0.005387 0.883098
v -0.011101 -0.005118 0.877284
v -0.012138 -0.000113 0.882464
v -0.011101 -0.005118 0.882464
v -0.009209 0.010072 0.883098
v -0.009209 0.010072 0.884852
v -0.012291 0.005387 0.884852
v -0.008293 0.009164 0.885486
v -0.004028 0.011972 0.885486
v -0.004028 0.011972 0.907023
v -0.008293 0.009164 0.907023
v -0.011101 0.004892 0.885486
v -0.011101 0.004892 0.907023
v -0.012138 -0.000113 0.907023
v -0.012138 -0.000113 0.885486
v -0.013428 -0.000113 0.884852
v -0.013428 -0.000113 0.883098
v -0.012291 -0.005614 0.884852
v -0.011101 -0.005118 0.885486
v -0.011101 -0.005118 0.907023
v -0.008293 -0.009391 0.907023
v -0.012291 -0.005614 0.883098
v -0.008293 -0.009391 0.885486
v -0.009209 -0.010299 0.884852
v -0.008293 -0.009391 0.882464
v -0.009209 -0.010299 0.883098
v -0.004517 -0.013381 0.884852
v -0.004028 -0.012191 0.885486
v -0.004028 -0.012191 0.907023
v 0.000977 -0.013228 0.907023
v -0.004517 -0.013381 0.883098
v 0.000976 -0.013228 0.885486
v -0.004028 -0.012191 0.882464
v 0.000976 -0.014518 0.884852
v -0.004028 -0.012191 0.877284
v 0.000976 -0.014518 0.883098
v 0.000976 -0.013228 0.877284
v 0.000976 -0.013228 0.882464
v 0.006477 -0.013381 0.884852
v 0.006477 -0.013381 0.883098
v 0.005981 -0.012191 0.885486
v 0.005981 -0.012191 0.907023
v 0.010254 -0.009391 0.907023
v 0.010254 -0.009391 0.885486
v 0.011162 -0.010299 0.884852
v 0.013061 -0.005118 0.885486
v 0.013061 -0.005118 0.907023
v 0.014091 -0.000113 0.907023
v 0.014244 -0.005614 0.884852
v 0.011162 -0.010299 0.883098
v 0.014091 -0.000113 0.885486
v 0.010254 -0.009391 0.882464
v 0.013061 0.004892 0.885486
v 0.013061 0.004892 0.907023
v 0.010254 0.009164 0.907023
v 0.005981 -0.012191 0.882464
v 0.014244 -0.005614 0.883098
v 0.005981 -0.012191 0.877284
v 0.015388 -0.000113 0.884852
v 0.010254 -0.009391 0.877284
v 0.006477 -0.013381 0.876628
v 0.000976 -0.014518 0.876628
v 0.000976 -0.014518 0.874919
v 0.006477 -0.013381 0.874919
v 0.011162 -0.010299 0.876628
v 0.010254 -0.009391 0.874270
v 0.011162 -0.010299 0.874919
v 0.013061 -0.005118 0.874270
v 0.014244 -0.005614 0.874919
v 0.014244 -0.005614 0.876628
v 0.014091 -0.000113 0.874270
v 0.013061 -0.005118 0.877284
v 0.013061 0.004892 0.874270
v 0.013061 -0.005118 0.882464
v 0.010254 0.009164 0.874270
v 0.014244 0.005387 0.874919
v 0.015388 -0.000113 0.874919
v 0.015388 -0.000113 0.876628
v 0.014091 -0.000113 0.877284
v 0.014244 0.005387 0.876628
v 0.014091 -0.000113 0.882464
v 0.015388 -0.000113 0.883098
v 0.013061 0.004892 0.882464
v 0.014244 0.005387 0.883098
v 0.013061 0.004892 0.877284
v 0.010254 0.009164 0.877284
v 0.011162 0.010072 0.876628
v 0.011162 0.010072 0.874919
v 0.006477 0.013154 0.876628
v 0.006477 0.013154 0.874919
v 0.005981 0.011972 0.877284
v 0.005981 0.011972 0.882464
v 0.010254 0.009164 0.882464
v 0.006477 0.013154 0.883098
v 0.011162 0.010072 0.883098
v 0.006477 0.013154 0.884852
v 0.011162 0.010072 0.884852
v 0.014244 0.005387 0.884852
v 0.010254 0.009164 0.885486
v 0.005981 0.011972 0.885486
v 0.000977 0.013002 0.907023
v 0.005981 0.011972 0.907023
v 0.000976 0.027543 -0.155266
v 0.020534 0.019441 -0.155266
v 0.014747 0.013650 -0.150775
v 0.000976 0.007173 -0.147835
v 0.028637 -0.000113 -0.155266
v 0.033050 -0.000113 -0.160415
v 0.006126 0.005036 -0.147835
v 0.000976 0.007173 -0.145791
v 0.020454 -0.000113 -0.150775
v 0.008262 -0.000113 -0.147835
v 0.006126 0.005036 -0.145791
v 0.000976 0.008119 -0.144760
v 0.020534 -0.019667 -0.155266
v 0.023658 -0.022788 -0.160415
v 0.013214 -0.029654 -0.160415
v 0.014747 -0.013884 -0.150775
v 0.000976 -0.027770 -0.155266
v 0.006126 -0.005263 -0.147835
v -0.018578 -0.019667 -0.155266
v -0.021698 -0.022788 -0.160415
v 0.000976 -0.019591 -0.150775
v 0.008262 -0.000113 -0.145791
v -0.026680 -0.000113 -0.155266
v -0.031098 -0.000113 -0.160415
v -0.012795 -0.013884 -0.150775
v -0.018578 0.019441 -0.155266
v -0.011254 0.029435 -0.160415
v 0.000976 0.019357 -0.150775
v -0.018502 -0.000113 -0.150775
v -0.012795 0.013650 -0.150775
v -0.004174 -0.005263 -0.147835
v -0.004174 0.005036 -0.147835
v -0.006302 -0.000113 -0.147835
v -0.004174 0.005036 -0.145791
v -0.006302 -0.000113 -0.145791
v 0.000976 -0.007392 -0.147835
v -0.004174 -0.005263 -0.145791
v -0.007256 -0.000113 -0.144760
v -0.004845 0.005700 -0.144760
v -0.004174 0.005036 -0.143708
v 0.006126 -0.005263 -0.145791
v 0.000976 -0.007392 -0.145791
v 0.000976 -0.008345 -0.144760
v -0.004845 -0.005927 -0.144760
v 0.009216 -0.000113 -0.144760
v -0.004174 -0.005263 -0.143708
v -0.006302 -0.000113 -0.143708
v 0.006797 -0.005927 -0.144760
v 0.000976 -0.007392 -0.143708
v 0.006126 -0.005263 -0.143708
v -0.005890 -0.006972 -0.142428
v 0.000976 -0.009826 -0.142428
v -0.005890 0.006745 -0.142428
v -0.008736 -0.000113 -0.142428
v -0.003198 0.009948 -0.140785
v -0.009097 0.004066 -0.140788
v -0.006481 0.007348 -0.139144
v -0.009097 -0.004285 -0.140788
v -0.009571 -0.000113 -0.139144
v -0.005425 0.006288 -0.137991
v -0.003198 -0.010186 -0.140788
v -0.006481 -0.007567 -0.139144
v -0.008072 -0.000113 -0.137991
v 0.000976 -0.010663 -0.139144
v -0.005425 -0.006514 -0.137991
v 0.005151 -0.010186 -0.140788
v -0.010636 -0.000113 -0.132155
v -0.007233 0.008096 -0.132155
v 0.007843 -0.006972 -0.142428
v -0.003876 0.011621 -0.127380
v 0.008262 -0.000113 -0.143708
v -0.008027 0.008897 -0.127380
v -0.007470 0.008340 -0.122572
v -0.010750 0.004747 -0.127380
v -0.005234 0.006105 -0.116470
v -0.010971 -0.000113 -0.122572
v -0.011757 -0.000113 -0.127380
v -0.010750 -0.004966 -0.127380
v -0.007233 -0.008323 -0.132155
v -0.007470 -0.008559 -0.122572
v -0.008027 -0.009116 -0.127380
v -0.003876 -0.011840 -0.127380
v 0.000976 -0.011725 -0.132155
v 0.000976 -0.009162 -0.137991
v 0.000976 -0.012847 -0.127380
v 0.007377 -0.006514 -0.137991
v 0.000976 -0.012061 -0.122572
v 0.005836 -0.011840 -0.127380
v 0.009185 -0.008323 -0.132155
v 0.008441 -0.007567 -0.139144
v 0.009979 -0.009116 -0.127380
v 0.011057 -0.004285 -0.140788
v 0.009430 -0.008559 -0.122572
v 0.012703 -0.004966 -0.127380
v 0.010688 -0.000113 -0.142428
v 0.012588 -0.000113 -0.132155
v 0.007843 0.006745 -0.142428
v 0.010025 -0.000113 -0.137991
v 0.011523 -0.000113 -0.139144
v 0.011057 0.004066 -0.140788
v 0.007377 0.006288 -0.137991
v 0.008441 0.007348 -0.139144
v 0.005151 0.009948 -0.140785
v 0.006126 0.005036 -0.143708
v 0.000976 0.009599 -0.142428
v 0.000976 0.010797 -0.140782
v 0.000976 0.007173 -0.143708
v 0.000976 0.010430 -0.139143
v 0.000976 0.008935 -0.137991
v 0.006797 0.005700 -0.144760
v 0.000976 0.011499 -0.132155
v 0.009185 0.008096 -0.132155
v 0.005836 0.011621 -0.127380
v 0.000976 0.012620 -0.127380
v 0.000976 0.011834 -0.122572
v 0.012703 0.004747 -0.127380
v 0.009979 0.008897 -0.127380
v 0.009430 0.008340 -0.122572
v 0.013710 -0.000113 -0.127380
v 0.012924 -0.000113 -0.122572
v 0.007194 0.006105 -0.116470
v 0.000976 0.008676 -0.116470
v 0.007194 -0.006331 -0.116470
v 0.009765 -0.000113 -0.116470
v 0.005981 0.011972 -0.098952
v 0.010254 0.009164 -0.098952
v 0.014091 -0.000113 -0.098952
v 0.010254 -0.009391 -0.098952
v 0.005981 -0.012191 -0.098952
v 0.000976 -0.008902 -0.116470
v 0.000976 -0.013228 -0.098952
v -0.005234 -0.006331 -0.116470
v -0.008294 -0.009391 -0.098952
v -0.011101 -0.005118 -0.098952
v -0.007813 -0.000113 -0.116470
v -0.012139 -0.000113 -0.098952
v -0.011101 0.004892 -0.098952
v -0.008294 0.009164 -0.098952
v 0.000976 0.013002 -0.098952
v 0.000977 0.010179 0.937045
v 0.008293 0.007226 0.936809
v 0.000977 0.006051 0.940417
v 0.011078 -0.000113 0.937045
v 0.011856 -0.006400 0.933078
v 0.005272 0.004182 0.940417
v 0.006470 0.005365 0.941043
v 0.000977 0.007783 0.941043
v 0.007019 -0.000113 0.940417
v 0.005569 0.004472 0.943240
v 0.000977 0.006486 0.943240
v 0.008697 -0.000113 0.941043
v 0.005272 -0.004401 0.940417
v 0.008293 -0.007460 0.936809
v 0.008507 0.007402 0.946109
v 0.000977 0.010720 0.946109
v 0.000915 -0.010444 0.937045
v 0.000977 -0.013083 0.933024
v 0.006287 0.005181 0.951106
v 0.000977 0.007524 0.951106
v -0.006752 -0.007705 0.936809
v 0.000977 -0.006263 0.940417
v -0.003319 -0.004409 0.940417
v -0.009186 -0.000152 0.937045
v -0.011711 -0.000113 0.933055
v -0.009895 0.006173 0.933078
v 0.006470 -0.005584 0.941043
v -0.006332 0.007226 0.936809
v -0.003311 0.004182 0.940417
v -0.005058 -0.000113 0.940417
v -0.004509 0.005357 0.941043
v -0.006744 -0.000113 0.941043
v -0.003616 0.004472 0.943240
v -0.004509 -0.005591 0.941043
v -0.006554 0.007402 0.946109
v 0.000977 -0.007995 0.941043
v -0.004326 0.005181 0.951106
v -0.009628 -0.000113 0.946109
v -0.005486 -0.000113 0.943240
v -0.003616 -0.004691 0.943240
v 0.005569 -0.004691 0.943240
v 0.000977 -0.006713 0.943240
v -0.006554 -0.007628 0.946109
v 0.007446 -0.000113 0.943240
v 0.008507 -0.007621 0.946109
v 0.011589 -0.000113 0.946109
v 0.000977 -0.010947 0.946109
v 0.006287 -0.005408 0.951106
v 0.008461 -0.000113 0.951106
v -0.004326 -0.005408 0.951106
v 0.000977 -0.007758 0.951106
v -0.006508 -0.000113 0.951106
v -0.004791 -0.005858 0.951465
v 0.006744 -0.005866 0.951465
v -0.004791 0.005639 0.951465
v -0.007156 -0.000113 0.951465
v 0.000977 -0.008424 0.951471
v -0.004766 -0.005841 0.953209
v -0.007133 -0.000113 0.953211
v -0.004766 0.005621 0.953209
v -0.004136 0.005000 0.955790
v 0.000977 0.005899 0.956126
v -0.006247 -0.000113 0.955792
v -0.003204 0.004068 0.956126
v 0.000977 0.005860 1.174365
v -0.003159 0.004029 1.174365
v -0.004921 -0.000113 0.956126
v -0.004906 -0.000113 1.174373
v -0.003159 -0.004248 1.174373
v -0.003204 -0.004294 0.956126
v -0.004136 -0.005227 0.955791
v 0.000977 -0.006125 0.956126
v 0.000977 -0.006087 1.174373
v 0.005119 -0.004248 1.174373
v 0.000977 -0.007509 0.953567
v 0.000977 -0.007491 0.955798
v 0.005157 -0.004294 0.956126
v 0.006866 -0.000113 1.174365
v 0.006098 -0.005227 0.955792
v 0.006882 -0.000113 0.956126
v 0.005119 0.004029 1.174365
v 0.006727 -0.005841 0.953211
v 0.009109 -0.000113 0.951465
v 0.005157 0.004068 0.956126
v 0.006103 0.005006 0.955798
v 0.000977 0.007264 0.955798
v 0.008199 -0.000113 0.955791
v 0.006115 0.005010 0.953567
v 0.000977 0.007264 0.953555
v 0.000977 0.008195 0.953227
v 0.009085 -0.000113 0.953209
v 0.006750 0.005638 0.951471
v 0.000977 0.008195 0.951465
v 0.053043 -0.011115 1.101481
v 0.043545 -0.003920 1.106769
v 0.055946 -0.012641 1.103396
v 0.050800 -0.011313 1.108508
v 0.067307 -0.021262 1.097178
v 0.059353 -0.017470 1.104831
v 0.056671 -0.018882 1.111087
v 0.079704 -0.031081 1.088580
v 0.069744 -0.025191 1.099025
v 0.086262 -0.036528 1.082057
v 0.064641 -0.025576 1.107305
v 0.080353 -0.033461 1.091319
v 0.088794 -0.040290 1.084010
v 0.081028 -0.036960 1.094043
v 0.089642 -0.038767 1.077530
v 0.068051 -0.030420 1.115941
v 0.060966 -0.026854 1.124064
v 0.056435 -0.023154 1.122706
v 0.084965 -0.040498 1.097324
v 0.057266 -0.025489 1.130511
v 0.064148 -0.028243 1.125857
v 0.054966 -0.025503 1.137980
v 0.060535 -0.026862 1.131793
v 0.058170 -0.026709 1.138453
v 0.053776 -0.027430 1.150966
v 0.051670 -0.028220 1.151637
v 0.057327 -0.028205 1.147548
v 0.054653 -0.028960 1.156085
v 0.052536 -0.029876 1.156695
v 0.058704 -0.030486 1.155139
v 0.059357 -0.030761 1.138919
v 0.057049 -0.031394 1.161220
v 0.059166 -0.031653 1.147075
v 0.061459 -0.031440 1.132899
v 0.059006 -0.033614 1.138934
v 0.064819 -0.033034 1.127353
v 0.060879 -0.034697 1.132983
v 0.079041 -0.036391 1.109623
v 0.071711 -0.036754 1.119644
v 0.064104 -0.036559 1.127526
v 0.095938 -0.047592 1.089381
v 0.088566 -0.046767 1.101556
v 0.078789 -0.045036 1.111850
v 0.061413 -0.038939 1.127353
v 0.068078 -0.043051 1.119652
v 0.096475 -0.055250 1.091601
v 0.058350 -0.036826 1.132899
v 0.096813 -0.052146 1.091144
v 0.092758 -0.046080 1.087184
v 0.104702 -0.054366 1.074161
v 0.106167 -0.058524 1.076091
v 0.090309 -0.044501 1.085353
v 0.101582 -0.052733 1.071864
v 0.110222 -0.061339 1.066752
v 0.092327 -0.043122 1.080335
v 0.106220 -0.060877 1.076222
v 0.109859 -0.058440 1.060214
v 0.113658 -0.065164 1.057515
v 0.100067 -0.051894 1.070971
v 0.106602 -0.056479 1.057948
v 0.092181 -0.039923 1.076506
v 0.099655 -0.049643 1.070155
v 0.093560 -0.042168 1.073520
v 0.092093 -0.037885 1.068217
v 0.103828 -0.050954 1.055133
v 0.114571 -0.062117 1.041987
v 0.111999 -0.060881 1.040484
v 0.115932 -0.066481 1.048198
v 0.110641 -0.057326 1.039515
v 0.117308 -0.067277 1.038716
v 0.102766 -0.047977 1.053586
v 0.116642 -0.063895 1.025035
v 0.114353 -0.061431 1.024020
v 0.109909 -0.054778 1.038592
v 0.114742 -0.063201 1.024234
v 0.100487 -0.047126 1.052089
v 0.113880 -0.059203 1.023417
v 0.115578 -0.063460 1.011821
v 0.116970 -0.064551 1.012301
v 0.108002 -0.054313 1.037684
v 0.118124 -0.067745 1.012876
v 0.116615 -0.064574 0.997310
v 0.114044 -0.068389 1.025035
v 0.117344 -0.067298 0.997569
v 0.115559 -0.064193 0.997035
v 0.114777 -0.068343 1.012301
v 0.116100 -0.064505 0.985209
v 0.114624 -0.068023 0.997310
v 0.115520 -0.062308 0.996837
v 0.115200 -0.061187 1.011386
v 0.113834 -0.062346 0.996661
v 0.113640 -0.062743 0.985240
v 0.113640 -0.061011 1.011004
v 0.112267 -0.058959 1.022822
v 0.113613 -0.061087 0.996531
v 0.111824 -0.059470 1.010150
v 0.113350 -0.059798 1.010699
v 0.110088 -0.057212 1.021174
v 0.111771 -0.057601 1.022120
v 0.105381 -0.052207 1.033977
v 0.107273 -0.052756 1.036082
v 0.101871 -0.047293 1.045779
v 0.094181 -0.040664 1.047175
v 0.098137 -0.043586 1.050654
v 0.093292 -0.038726 1.055224
v 0.086189 -0.032981 1.050647
v 0.092346 -0.039336 1.061648
v 0.085957 -0.032660 1.064326
v 0.089607 -0.035651 1.057628
v 0.087685 -0.033759 1.057956
v 0.086834 -0.033622 1.055659
v 0.084793 -0.031676 1.057750
v 0.085144 -0.030806 1.066226
v 0.081985 -0.028334 1.064746
v 0.082920 -0.029364 1.071246
v 0.079868 -0.027335 1.071651
v 0.083694 -0.031096 1.076411
v 0.082104 -0.030371 1.075168
v 0.087681 -0.035689 1.078761
v 0.085545 -0.034659 1.079158
v 0.088669 -0.037920 1.079221
v 0.086498 -0.036124 1.082057
v 0.113766 -0.067298 0.997035
v 0.113140 -0.067679 1.011821
v 0.112114 -0.068213 0.996837
v 0.112495 -0.067092 1.024234
v 0.110981 -0.068496 1.011386
v 0.110771 -0.067633 1.024028
v 0.111305 -0.066726 0.996661
v 0.111546 -0.066367 0.985240
v 0.109112 -0.065879 1.040484
v 0.110104 -0.067168 0.996531
v 0.107807 -0.066428 1.010150
v 0.108856 -0.067588 1.010692
v 0.104980 -0.066054 1.021174
v 0.110050 -0.067229 1.011004
v 0.106159 -0.067321 1.022120
v 0.107586 -0.067069 1.022822
v 0.099720 -0.065841 1.036082
v 0.108601 -0.068343 1.023417
v 0.101429 -0.065696 1.037684
v 0.092285 -0.063903 1.045779
v 0.105362 -0.066474 1.039515
v 0.102787 -0.067115 1.038592
v 0.087204 -0.062522 1.050654
v 0.082703 -0.060553 1.047175
v 0.091450 -0.062781 1.052089
v 0.080574 -0.060752 1.055224
v 0.072052 -0.057471 1.050647
v 0.075127 -0.058310 1.054873
v 0.093327 -0.064328 1.053585
v 0.096436 -0.063754 1.055133
v 0.102604 -0.063407 1.057948
v 0.111473 -0.067488 1.041987
v 0.105934 -0.065238 1.060214
v 0.093208 -0.060805 1.070163
v 0.108627 -0.064101 1.066752
v 0.096851 -0.060927 1.071864
v 0.104160 -0.062003 1.076091
v 0.099823 -0.062812 1.074161
v 0.093964 -0.057090 1.091144
v 0.095367 -0.060035 1.070971
v 0.085182 -0.052630 1.101552
v 0.089584 -0.058547 1.089358
v 0.086678 -0.056609 1.087184
v 0.080735 -0.054409 1.099810
v 0.063627 -0.044986 1.117947
v 0.077948 -0.052660 1.097329
v 0.084062 -0.055411 1.085392
v 0.056931 -0.040740 1.125857
v 0.060766 -0.043043 1.115934
v 0.054842 -0.042625 1.107348
v 0.083900 -0.057713 1.080328
v 0.054131 -0.038695 1.124064
v 0.083691 -0.059250 1.073517
v 0.051609 -0.038955 1.116313
v 0.044533 -0.037719 1.116519
v 0.051098 -0.036170 1.130504
v 0.045467 -0.034118 1.129771
v 0.046989 -0.033652 1.132899
v 0.053921 -0.038314 1.131793
v 0.049969 -0.034171 1.137980
v 0.046757 -0.031844 1.138919
v 0.056705 -0.035346 1.138919
v 0.052609 -0.036345 1.138453
v 0.049355 -0.030478 1.146297
v 0.046787 -0.030349 1.145427
v 0.050247 -0.032775 1.145564
v 0.053482 -0.034865 1.147548
v 0.051044 -0.032172 1.150973
v 0.050667 -0.029959 1.151629
v 0.057388 -0.034736 1.147075
v 0.052795 -0.032172 1.156093
v 0.056145 -0.034919 1.155139
v 0.056103 -0.033034 1.161220
v 0.059380 -0.033828 1.147044
v 0.056118 -0.031951 1.162242
v 0.061718 -0.034026 1.153728
v 0.059319 -0.033797 1.163638
v 0.059514 -0.032316 1.162150
v 0.058132 -0.034700 1.162149
v 0.062485 -0.035621 1.163280
v 0.064217 -0.035034 1.160272
v 0.062841 -0.037414 1.160272
v 0.060719 -0.035758 1.153735
v 0.064945 -0.037047 1.161242
v 0.064079 -0.037459 1.158175
v 0.062454 -0.035605 1.153674
v 0.065716 -0.037490 1.158328
v 0.064869 -0.036086 1.158175
v 0.038132 -0.036841 1.111026
v 0.045187 -0.042051 1.104859
v 0.069536 -0.052237 1.091348
v 0.039310 -0.041449 1.103396
v 0.030346 -0.036940 1.109385
v 0.025558 -0.035071 1.106769
v 0.050274 -0.045211 1.094607
v 0.052460 -0.046981 1.097178
v 0.064861 -0.051131 1.085994
v 0.067162 -0.052810 1.088580
v 0.075161 -0.055762 1.082057
v 0.079678 -0.056072 1.084010
v 0.077569 -0.057147 1.079218
v 0.078785 -0.057575 1.077538
v 0.081055 -0.059188 1.076506
v 0.079250 -0.060122 1.068214
v 0.075142 -0.057410 1.078761
v 0.074924 -0.056174 1.082057
v 0.080635 -0.059623 1.061648
v 0.069172 -0.056258 1.076411
v 0.067749 -0.055236 1.075160
v 0.076076 -0.057799 1.061313
v 0.076073 -0.059096 1.057628
v 0.073467 -0.058379 1.057948
v 0.069641 -0.057654 1.066226
v 0.071659 -0.057425 1.064326
v 0.067280 -0.056449 1.071246
v 0.067379 -0.055861 1.069285
v 0.017483 -0.050704 1.101474
v 0.018963 -0.038878 1.106769
v 0.017612 -0.053977 1.103396
v 0.015388 -0.065352 1.094615
v 0.016190 -0.048858 1.108508
v 0.015823 -0.068129 1.097178
v 0.013222 -0.080947 1.085994
v 0.015137 -0.059348 1.104831
v 0.014214 -0.050658 1.111026
v 0.012573 -0.057723 1.111087
v 0.013519 -0.083777 1.088580
v 0.013675 -0.072219 1.099041
v 0.010755 -0.067980 1.107313
v 0.010134 -0.096270 1.084030
v 0.012076 -0.094961 1.079218
v 0.011838 -0.096226 1.077530
v 0.009097 -0.087864 1.094049
v 0.008267 -0.073351 1.115933
v 0.007813 -0.065436 1.124064
v 0.008751 -0.059661 1.122706
v 0.007992 -0.093042 1.097323
v 0.007149 -0.061545 1.130511
v 0.007019 -0.056731 1.132892
v 0.007759 -0.054480 1.132594
v 0.007202 -0.099669 1.085353
v 0.005982 -0.059566 1.137988
v 0.005569 -0.055625 1.138919
v 0.007591 -0.065062 1.131793
v 0.003085 -0.057187 1.146304
v 0.003853 -0.055091 1.146686
v 0.006538 -0.062941 1.138453
v 0.003719 -0.059495 1.150973
v 0.001984 -0.058066 1.151629
v 0.004829 -0.062957 1.147548
v 0.002838 -0.061019 1.156085
v 0.003540 -0.065291 1.155139
v 0.003624 -0.065993 1.138919
v 0.001923 -0.064315 1.161220
v 0.008186 -0.068885 1.125857
v 0.004089 -0.068152 1.132899
v 0.002754 -0.066275 1.147075
v 0.008518 -0.076805 1.117947
v 0.004387 -0.071860 1.127353
v 0.008125 -0.096328 1.099811
v 0.004611 -0.079692 1.119645
v 0.000977 -0.073004 1.127526
v 0.000977 -0.069281 1.132983
v 0.007057 -0.102576 1.087184
v 0.000977 -0.067115 1.138927
v 0.005676 -0.111815 1.070971
v 0.000977 -0.067550 1.147044
v 0.009403 -0.100728 1.080335
v 0.001976 -0.069670 1.153728
v 0.012100 -0.098998 1.076506
v 0.007423 -0.110335 1.070163
v 0.010837 -0.101311 1.073517
v 0.013811 -0.097900 1.068214
v 0.004974 -0.119765 1.057948
v 0.008366 -0.114599 1.055133
v 0.005707 -0.113547 1.071864
v 0.010420 -0.112200 1.053585
v 0.007278 -0.106063 1.089351
v 0.008102 -0.121787 1.038592
v 0.004357 -0.099289 1.101552
v 0.006256 -0.123694 1.039515
v 0.000977 -0.089944 1.111836
v 0.003830 -0.109130 1.091144
v 0.000977 -0.110366 1.091587
v 0.005859 -0.117064 1.074161
v 0.004906 -0.123572 1.060214
v 0.002983 -0.120414 1.076091
v 0.002571 -0.125335 1.066752
v 0.000977 -0.121611 1.076213
v 0.000977 -0.126525 1.066859
v 0.000977 -0.130202 1.057506
v -0.001877 -0.109130 1.091144
v -0.001030 -0.120414 1.076091
v -0.000618 -0.125335 1.066752
v -0.002404 -0.099289 1.101552
v -0.003899 -0.117064 1.074161
v -0.005325 -0.106063 1.089351
v -0.002658 -0.079692 1.119645
v -0.006170 -0.096328 1.099811
v -0.002945 -0.123572 1.060214
v -0.003754 -0.113547 1.071864
v -0.005104 -0.102576 1.087184
v 0.000977 -0.132850 1.048198
v -0.003021 -0.119765 1.057948
v 0.004074 -0.129493 1.041987
v -0.002121 -0.129493 1.041987
v 0.000977 -0.134437 1.038716
v 0.003860 -0.126639 1.040484
v 0.003578 -0.132170 1.025035
v 0.004562 -0.128959 1.024020
v 0.003227 -0.130179 1.024234
v 0.000977 -0.135378 1.012868
v 0.003174 -0.132781 1.012301
v 0.003410 -0.131034 1.011821
v 0.006256 -0.127433 1.023417
v -0.001617 -0.132170 1.025035
v 0.007553 -0.119895 1.037684
v -0.001907 -0.126639 1.040484
v -0.001213 -0.132781 1.012301
v -0.001267 -0.130179 1.024234
v 0.000977 -0.134482 0.997569
v 0.002968 -0.132483 0.997310
v -0.001457 -0.131034 1.011821
v 0.002769 -0.131385 0.997035
v -0.002602 -0.128959 1.024020
v 0.002777 -0.132010 0.985209
v 0.000977 -0.133735 0.984866
v 0.002480 -0.131110 0.985240
v -0.000816 -0.132010 0.985209
v 0.004387 -0.130408 0.996837
v -0.001015 -0.132483 0.997310
v -0.000816 -0.131385 0.997035
v -0.000526 -0.131110 0.985240
v 0.005203 -0.129569 1.011386
v -0.002426 -0.130408 0.996837
v 0.005661 -0.125914 1.022822
v 0.004570 -0.128135 1.011012
v 0.003509 -0.128966 0.996661
v 0.006592 -0.124801 1.022120
v 0.004486 -0.128150 0.996531
v 0.004089 -0.127982 0.984797
v 0.005478 -0.127272 1.010692
v 0.006088 -0.123153 1.021174
v 0.008064 -0.116576 1.033977
v 0.008530 -0.118491 1.036082
v 0.010239 -0.108962 1.042132
v 0.010567 -0.111075 1.045779
v 0.010017 -0.109793 1.052089
v 0.011909 -0.105986 1.050654
v 0.012459 -0.101104 1.047175
v 0.013695 -0.099364 1.055224
v 0.014305 -0.093428 1.054873
v 0.012688 -0.098853 1.061648
v 0.014519 -0.094642 1.057628
v 0.013992 -0.093962 1.064021
v 0.015190 -0.092025 1.057948
v 0.014885 -0.091224 1.055652
v 0.014214 -0.091620 1.060237
v 0.015556 -0.088477 1.057757
v 0.016479 -0.088347 1.066226
v 0.015274 -0.089980 1.064326
v 0.017044 -0.084380 1.064746
v 0.015533 -0.087462 1.068408
v 0.016617 -0.085700 1.071246
v 0.016060 -0.085494 1.069278
v 0.015846 -0.084685 1.073138
v 0.015503 -0.087241 1.076411
v 0.015335 -0.085501 1.075168
v 0.015221 -0.084479 1.078670
v 0.013687 -0.090110 1.077434
v 0.013519 -0.092986 1.078761
v -0.001114 -0.128997 0.985240
v -0.001549 -0.128966 0.996661
v -0.002533 -0.128150 0.996531
v -0.001778 -0.126509 0.984645
v -0.002129 -0.126700 0.996303
v -0.003517 -0.127272 1.010692
v -0.002617 -0.128135 1.011012
v -0.004631 -0.124801 1.022120
v -0.003243 -0.129569 1.011386
v -0.003700 -0.125914 1.022822
v -0.006577 -0.118491 1.036082
v -0.004303 -0.127433 1.023417
v -0.005592 -0.119895 1.037684
v -0.008614 -0.111075 1.045779
v -0.006142 -0.121787 1.038592
v -0.009956 -0.105986 1.050654
v -0.008057 -0.109793 1.052089
v -0.011742 -0.099364 1.055224
v -0.013161 -0.090346 1.050647
v -0.008459 -0.112200 1.053585
v -0.004303 -0.123694 1.039515
v -0.006406 -0.114599 1.055133
v -0.005470 -0.110335 1.070163
v -0.008878 -0.101312 1.073517
v -0.003723 -0.111815 1.070971
v -0.007450 -0.100728 1.080335
v -0.005377 -0.099713 1.085393
v -0.011859 -0.097900 1.068214
v -0.010147 -0.098999 1.076506
v -0.008138 -0.096251 1.084010
v -0.009877 -0.096226 1.077530
v -0.010123 -0.094961 1.079218
v -0.010124 -0.092177 1.082057
v -0.006048 -0.093045 1.097329
v -0.009884 -0.085546 1.091355
v -0.006566 -0.076806 1.117947
v -0.008908 -0.068017 1.107349
v -0.002434 -0.071860 1.127353
v -0.006312 -0.073351 1.115934
v -0.006233 -0.068885 1.125857
v -0.002129 -0.068152 1.132899
v -0.005859 -0.065436 1.124064
v -0.001671 -0.065993 1.138919
v -0.005638 -0.065062 1.131793
v -0.000801 -0.066275 1.147075
v -0.004585 -0.062941 1.138453
v -0.007347 -0.063384 1.116313
v -0.005188 -0.061545 1.130511
v -0.010612 -0.057723 1.111087
v -0.005066 -0.056731 1.132892
v -0.005806 -0.054480 1.132594
v -0.013232 -0.059369 1.104859
v -0.012253 -0.050658 1.111026
v -0.014236 -0.048858 1.108508
v -0.004021 -0.059569 1.137988
v -0.015656 -0.053977 1.103396
v -0.016235 -0.043959 1.109385
v -0.017136 -0.040084 1.108111
v -0.015526 -0.050704 1.101474
v -0.017006 -0.038878 1.106769
v -0.013870 -0.068129 1.097178
v -0.011566 -0.083777 1.088580
v -0.009666 -0.090720 1.079310
v -0.001900 -0.055091 1.146686
v -0.002678 -0.059111 1.145564
v -0.001755 -0.059501 1.150973
v -0.002869 -0.062957 1.147548
v -0.000877 -0.061019 1.156085
v -0.001587 -0.065291 1.155139
v 0.000031 -0.064315 1.161220
v 0.000977 -0.063781 1.162242
v -0.000402 -0.066904 1.162149
v -0.000015 -0.069670 1.153728
v -0.000399 -0.072336 1.160272
v 0.000977 -0.067481 1.163638
v 0.000977 -0.071097 1.153682
v 0.002355 -0.066904 1.162150
v 0.000977 -0.071135 1.163280
v 0.002352 -0.072336 1.160272
v 0.000977 -0.073973 1.161242
v 0.000191 -0.073432 1.158175
v 0.001770 -0.073432 1.158175
v 0.000977 -0.074866 1.158328
v -0.024582 -0.035788 1.108111
v -0.023598 -0.035071 1.106769
v -0.037354 -0.041449 1.103396
v -0.028389 -0.036940 1.109385
v -0.048317 -0.045211 1.094607
v -0.033630 -0.037658 1.108508
v -0.050507 -0.046981 1.097178
v -0.043236 -0.041991 1.104831
v -0.036179 -0.036841 1.111026
v -0.043121 -0.038962 1.111087
v -0.065208 -0.052810 1.088580
v -0.072174 -0.054633 1.079310
v -0.073204 -0.055762 1.082057
v -0.055127 -0.047160 1.099040
v -0.052902 -0.042514 1.107313
v -0.077717 -0.056117 1.084029
v -0.042580 -0.037719 1.116519
v -0.076828 -0.057575 1.077538
v -0.070953 -0.051019 1.094056
v -0.058804 -0.043045 1.115933
v -0.052177 -0.038695 1.124064
v -0.046707 -0.036620 1.122706
v -0.075989 -0.052650 1.097323
v -0.049141 -0.036170 1.130504
v -0.082130 -0.055281 1.085353
v -0.048004 -0.034176 1.137980
v -0.044800 -0.031844 1.138919
v -0.054977 -0.040740 1.125857
v -0.047398 -0.030481 1.146297
v -0.044830 -0.030349 1.145427
v -0.051964 -0.038314 1.131793
v -0.049078 -0.032178 1.150973
v -0.050652 -0.036345 1.138453
v -0.050842 -0.032172 1.156093
v -0.051521 -0.034865 1.147548
v -0.054184 -0.034919 1.155139
v -0.054749 -0.035346 1.138919
v -0.056396 -0.036826 1.132899
v -0.055435 -0.034736 1.147075
v -0.057053 -0.033614 1.138934
v -0.059456 -0.038939 1.127353
v -0.054146 -0.033034 1.161220
v -0.061675 -0.044984 1.117946
v -0.058922 -0.034697 1.132983
v -0.078773 -0.054410 1.099810
v -0.066121 -0.043051 1.119652
v -0.062157 -0.036567 1.127543
v -0.084717 -0.056609 1.087184
v -0.083225 -0.052630 1.101552
v -0.068877 -0.040438 1.120127
v -0.087631 -0.058547 1.089358
v -0.069755 -0.036754 1.119644
v -0.092003 -0.057090 1.091144
v -0.085973 -0.050310 1.102037
v -0.097870 -0.062812 1.074161
v -0.062866 -0.033034 1.127353
v -0.059502 -0.031440 1.132899
v -0.069214 -0.031916 1.117944
v -0.058586 -0.026834 1.131787
v -0.057396 -0.030761 1.138919
v -0.056213 -0.026709 1.138453
v -0.057213 -0.031653 1.147075
v -0.055374 -0.028205 1.147548
v -0.057419 -0.033828 1.147044
v -0.059761 -0.034026 1.153728
v -0.058762 -0.035758 1.153735
v -0.060501 -0.035605 1.153674
v -0.056747 -0.030486 1.155139
v -0.062912 -0.036086 1.158175
v -0.062126 -0.037459 1.158175
v -0.063759 -0.037490 1.158328
v -0.060884 -0.037414 1.160272
v -0.062988 -0.037047 1.161242
v -0.062260 -0.035034 1.160272
v -0.060524 -0.035621 1.163280
v -0.056175 -0.034700 1.162149
v -0.057553 -0.032316 1.162150
v -0.057365 -0.033797 1.163638
v -0.055092 -0.031394 1.161220
v -0.054161 -0.031951 1.162242
v -0.052696 -0.028960 1.156085
v -0.051819 -0.027442 1.150966
v -0.051941 -0.026450 1.145564
v -0.049385 -0.023894 1.138919
v -0.053009 -0.025512 1.137980
v -0.051071 -0.023185 1.132899
v -0.055305 -0.025489 1.130511
v -0.054481 -0.023154 1.122706
v -0.059016 -0.026844 1.124064
v -0.066093 -0.030422 1.115941
v -0.083019 -0.040492 1.097329
v -0.062776 -0.025501 1.107342
v -0.054710 -0.018882 1.111087
v -0.085920 -0.042033 1.099810
v -0.048843 -0.011313 1.108508
v -0.086606 -0.046772 1.101552
v -0.057447 -0.017428 1.104862
v -0.093933 -0.047629 1.089358
v -0.094856 -0.052146 1.091144
v -0.094482 -0.055228 1.091556
v -0.090805 -0.046080 1.087184
v -0.102203 -0.062003 1.076091
v -0.102745 -0.054366 1.074161
v -0.104210 -0.058524 1.076091
v -0.104266 -0.060877 1.076222
v -0.106667 -0.064101 1.066752
v -0.108261 -0.061339 1.066752
v -0.111704 -0.065164 1.057515
v -0.103973 -0.065238 1.060214
v -0.107903 -0.058440 1.060214
v -0.099625 -0.052733 1.071864
v -0.088458 -0.044412 1.085393
v -0.114048 -0.066523 1.048208
v -0.078444 -0.033419 1.091350
v -0.094894 -0.060927 1.071864
v -0.093407 -0.060035 1.070971
v -0.100647 -0.063407 1.057948
v -0.081947 -0.057713 1.080328
v -0.091255 -0.060805 1.070163
v -0.079102 -0.059188 1.076506
v -0.081734 -0.059250 1.073517
v -0.094482 -0.063754 1.055133
v -0.109520 -0.067488 1.041987
v -0.077293 -0.060122 1.068214
v -0.091370 -0.064328 1.053585
v -0.103401 -0.066474 1.039515
v -0.100830 -0.067115 1.038592
v -0.107155 -0.065879 1.040484
v -0.089493 -0.062781 1.052089
v -0.106644 -0.068343 1.023417
v -0.108810 -0.067633 1.024028
v -0.110542 -0.067092 1.024234
v -0.099472 -0.065696 1.037684
v -0.111183 -0.067679 1.011821
v -0.112096 -0.068414 1.025035
v -0.116233 -0.067782 1.025927
v -0.112618 -0.062117 1.041987
v -0.115427 -0.067321 0.997568
v -0.104645 -0.056479 1.057948
v -0.114709 -0.063887 1.025035
v -0.098106 -0.051894 1.070971
v -0.110039 -0.060881 1.040484
v -0.097686 -0.049654 1.070152
v -0.090366 -0.043122 1.080335
v -0.101868 -0.050956 1.055133
v -0.086837 -0.040290 1.084010
v -0.091606 -0.042167 1.073520
v -0.090228 -0.039923 1.076506
v -0.090121 -0.037896 1.068213
v -0.087689 -0.038767 1.077530
v -0.086712 -0.037920 1.079220
v -0.077751 -0.031081 1.088580
v -0.065353 -0.021262 1.097178
v -0.053993 -0.012641 1.103396
v -0.085724 -0.035689 1.078761
v -0.084541 -0.036124 1.082057
v -0.083588 -0.034659 1.079158
v -0.083313 -0.034102 1.077434
v -0.081741 -0.031096 1.076411
v -0.081963 -0.032767 1.078006
v -0.080963 -0.029364 1.071246
v -0.077911 -0.027335 1.071651
v -0.081947 -0.031180 1.068408
v -0.083191 -0.030806 1.066226
v -0.081306 -0.030295 1.067660
v -0.090393 -0.039336 1.061648
v -0.091331 -0.038726 1.055224
v -0.086533 -0.036307 1.061313
v -0.098534 -0.047126 1.052089
v -0.100813 -0.047977 1.053586
v -0.108681 -0.057326 1.039515
v -0.107956 -0.054778 1.038592
v -0.112396 -0.061431 1.024020
v -0.112785 -0.063201 1.024234
v -0.111923 -0.059203 1.023417
v -0.113617 -0.063460 1.011821
v -0.106049 -0.054313 1.037684
v -0.114669 -0.064569 0.997310
v -0.113243 -0.061187 1.011386
v -0.113602 -0.064193 0.997035
v -0.112666 -0.068038 0.997310
v -0.112351 -0.067618 0.985209
v -0.113564 -0.062308 0.996837
v -0.113373 -0.062438 0.985240
v -0.111809 -0.067298 0.997035
v -0.111877 -0.062346 0.996661
v -0.110153 -0.068213 0.996837
v -0.109024 -0.068496 1.011386
v -0.109345 -0.066726 0.996661
v -0.108093 -0.067229 1.011004
v -0.105629 -0.067069 1.022822
v -0.108147 -0.067168 0.996531
v -0.108208 -0.066741 0.984790
v -0.107094 -0.066100 0.996295
v -0.105850 -0.066428 1.010150
v -0.106895 -0.067588 1.010692
v -0.104202 -0.067321 1.022120
v -0.097763 -0.065841 1.036082
v -0.088661 -0.062560 1.042132
v -0.090324 -0.063903 1.045779
v -0.085243 -0.062522 1.050654
v -0.078613 -0.060752 1.055224
v -0.073166 -0.058310 1.054873
v -0.078674 -0.059623 1.061648
v -0.073792 -0.058310 1.064021
v -0.074120 -0.057799 1.061313
v -0.074112 -0.059096 1.057628
v -0.071510 -0.058379 1.057948
v -0.070969 -0.057708 1.055652
v -0.068260 -0.056914 1.057757
v -0.067688 -0.057654 1.066226
v -0.066299 -0.056281 1.067660
v -0.067390 -0.056395 1.068408
v -0.065323 -0.056449 1.071246
v -0.064835 -0.055274 1.073138
v -0.067215 -0.056258 1.076411
v -0.064964 -0.054633 1.078670
v -0.068771 -0.055610 1.078006
v -0.070610 -0.056113 1.077426
v -0.073189 -0.057410 1.078761
v -0.075612 -0.057147 1.079218
v -0.111656 -0.061087 0.996531
v -0.109863 -0.060927 0.984645
v -0.110207 -0.060714 0.996295
v -0.109871 -0.059470 1.010150
v -0.111397 -0.059798 1.010699
v -0.108131 -0.057212 1.021174
v -0.111687 -0.061011 1.011004
v -0.109818 -0.057601 1.022120
v -0.103424 -0.052207 1.033977
v -0.110306 -0.058959 1.022822
v -0.105316 -0.052756 1.036082
v -0.097916 -0.046515 1.042132
v -0.099915 -0.047293 1.045779
v -0.092224 -0.040664 1.047175
v -0.096176 -0.043586 1.050654
v -0.087654 -0.035651 1.057628
v -0.085724 -0.033759 1.057956
v -0.051086 0.010888 1.101474
v -0.053993 0.012414 1.103389
v -0.045601 0.006906 1.109385
v -0.062729 0.020028 1.094607
v -0.048843 0.011087 1.108508
v -0.065353 0.021035 1.097178
v -0.057396 0.017244 1.104838
v -0.077751 0.030854 1.088580
v -0.084305 0.036309 1.082057
v -0.067817 0.024951 1.099040
v -0.062688 0.025360 1.107305
v -0.086873 0.040030 1.084030
v -0.053368 0.018808 1.116519
v -0.057976 0.024316 1.116313
v -0.087689 0.038537 1.077530
v -0.079080 0.036731 1.094056
v -0.066095 0.030200 1.115932
v -0.059013 0.026635 1.124057
v -0.054481 0.022927 1.122706
v -0.083012 0.040278 1.097323
v -0.055305 0.025262 1.130504
v -0.051071 0.022966 1.132892
v -0.049500 0.021211 1.132594
v -0.062195 0.028016 1.125857
v -0.053009 0.025275 1.137988
v -0.049385 0.023675 1.138919
v -0.058578 0.026628 1.131793
v -0.056213 0.026498 1.138453
v -0.051819 0.027203 1.150973
v -0.049713 0.027993 1.151629
v -0.055374 0.027978 1.147548
v -0.052696 0.028733 1.156093
v -0.056747 0.030259 1.155131
v -0.057396 0.030534 1.138919
v -0.055092 0.031167 1.161220
v -0.057213 0.031434 1.147067
v -0.059502 0.031213 1.132892
v -0.057053 0.033387 1.138927
v -0.062866 0.032807 1.127353
v -0.058922 0.034471 1.132983
v -0.077088 0.036165 1.109630
v -0.069754 0.036530 1.119651
v -0.062157 0.036340 1.127543
v -0.093984 0.047366 1.089381
v -0.086612 0.046549 1.101555
v -0.068876 0.040226 1.120126
v -0.059456 0.038720 1.127353
v -0.066121 0.042824 1.119644
v -0.085973 0.050089 1.102044
v -0.056396 0.036607 1.132892
v -0.094856 0.051927 1.091144
v -0.083225 0.052411 1.101552
v -0.090805 0.045854 1.087184
v -0.061675 0.044766 1.117947
v -0.088356 0.044274 1.085353
v -0.102745 0.054139 1.074161
v -0.099625 0.052514 1.071864
v -0.090366 0.042895 1.080328
v -0.098106 0.051675 1.070971
v -0.090226 0.039697 1.076506
v -0.097702 0.049417 1.070163
v -0.091603 0.041955 1.073520
v -0.104645 0.056253 1.057956
v -0.101871 0.050737 1.055140
v -0.090137 0.037674 1.068217
v -0.107903 0.058213 1.060214
v -0.110039 0.060655 1.040484
v -0.108261 0.061120 1.066752
v -0.112618 0.061891 1.041987
v -0.104210 0.058297 1.076091
v -0.111704 0.064945 1.057515
v -0.094482 0.055001 1.091556
v -0.104266 0.060644 1.076222
v -0.092003 0.056855 1.091144
v -0.102203 0.061776 1.076091
v -0.106667 0.063882 1.066760
v -0.113976 0.066255 1.048198
v -0.103973 0.065026 1.060214
v -0.097870 0.062600 1.074161
v -0.087631 0.058320 1.089351
v -0.078774 0.054182 1.099810
v -0.084717 0.056382 1.087184
v -0.094894 0.060701 1.071864
v -0.075988 0.052440 1.097337
v -0.100647 0.063180 1.057948
v -0.093407 0.059808 1.070971
v -0.082104 0.055188 1.085393
v -0.058806 0.042822 1.115933
v -0.109520 0.067254 1.041980
v -0.052880 0.042394 1.107342
v -0.115311 0.067025 1.038722
v -0.054977 0.040513 1.125857
v -0.114709 0.063662 1.025035
v -0.051964 0.038087 1.131793
v -0.116174 0.067521 1.025912
v -0.054749 0.035119 1.138919
v -0.112097 0.068188 1.025035
v -0.115429 0.067089 0.997569
v -0.107155 0.065652 1.040484
v -0.110542 0.066865 1.024234
v -0.108810 0.067407 1.024028
v -0.111183 0.067468 1.011821
v -0.103401 0.066247 1.039523
v -0.112666 0.067812 0.997310
v -0.106644 0.068124 1.023417
v -0.114739 0.066697 0.984866
v -0.112351 0.067392 0.985209
v -0.114143 0.064279 0.985209
v -0.111809 0.067063 0.997035
v -0.111717 0.066690 0.985240
v -0.114669 0.064341 0.997310
v -0.110153 0.067987 0.996837
v -0.109024 0.068277 1.011386
v -0.109345 0.066507 0.996661
v -0.108093 0.067002 1.011004
v -0.105629 0.066842 1.022822
v -0.108147 0.066941 0.996531
v -0.108208 0.066522 0.984790
v -0.106895 0.067353 1.010692
v -0.107109 0.065469 0.984645
v -0.105850 0.066209 1.010150
v -0.104202 0.067094 1.022120
v -0.096336 0.064256 1.033977
v -0.097763 0.065614 1.036082
v -0.099472 0.065469 1.037684
v -0.090324 0.063676 1.045779
v -0.085243 0.062295 1.050662
v -0.080742 0.060327 1.047175
v -0.100830 0.066888 1.038592
v -0.089493 0.062554 1.052096
v -0.078613 0.060525 1.055224
v -0.073166 0.058091 1.054873
v -0.094482 0.063528 1.055133
v -0.091370 0.064109 1.053585
v -0.091255 0.060578 1.070163
v -0.081734 0.059024 1.073517
v -0.081947 0.057493 1.080335
v -0.077293 0.059896 1.068214
v -0.079102 0.058969 1.076506
v -0.077721 0.055841 1.084010
v -0.078674 0.059396 1.061648
v -0.076828 0.057345 1.077530
v -0.067579 0.052017 1.091355
v -0.072174 0.054406 1.079318
v -0.062904 0.050912 1.085994
v -0.065208 0.052583 1.088580
v -0.050507 0.046754 1.097178
v -0.043226 0.041830 1.104866
v -0.037354 0.041223 1.103389
v -0.034584 0.039483 1.101481
v -0.023598 0.034845 1.106769
v -0.028389 0.036721 1.109385
v -0.033630 0.037446 1.108508
v -0.036179 0.036630 1.111026
v -0.049652 0.038736 1.116313
v -0.052177 0.038461 1.124057
v -0.046707 0.036393 1.122706
v -0.049141 0.035943 1.130511
v -0.043510 0.033898 1.129771
v -0.042717 0.032945 1.132594
v -0.048012 0.033944 1.137988
v -0.044800 0.031610 1.138919
v -0.050652 0.036126 1.138453
v -0.045197 0.029878 1.146686
v -0.048286 0.032548 1.145564
v -0.051521 0.034646 1.147548
v -0.049088 0.031945 1.150973
v -0.048714 0.029733 1.151637
v -0.055435 0.034509 1.147067
v -0.050842 0.031961 1.156085
v -0.054184 0.034700 1.155131
v -0.054146 0.032807 1.161220
v -0.057419 0.033609 1.147044
v -0.054161 0.031724 1.162242
v -0.059761 0.033807 1.153735
v -0.057365 0.033570 1.163638
v -0.057553 0.032088 1.162150
v -0.056175 0.034481 1.162149
v -0.060524 0.035401 1.163280
v -0.062260 0.034810 1.160280
v -0.060884 0.037189 1.160272
v -0.058762 0.035539 1.153728
v -0.062988 0.036813 1.161242
v -0.062126 0.037240 1.158175
v -0.060501 0.035379 1.153674
v -0.063759 0.037263 1.158328
v -0.062912 0.035867 1.158175
v -0.111656 0.060868 0.996531
v -0.111687 0.062516 0.985240
v -0.109871 0.059236 1.010150
v -0.111877 0.062120 0.996661
v -0.111397 0.059571 1.010699
v -0.108131 0.056977 1.021174
v -0.113564 0.062081 0.996837
v -0.113220 0.064088 0.985240
v -0.111687 0.060784 1.011004
v -0.109818 0.057374 1.022120
v -0.113602 0.063974 0.997035
v -0.105316 0.052537 1.036082
v -0.113617 0.063241 1.011821
v -0.113243 0.060960 1.011386
v -0.110306 0.058732 1.022822
v -0.112785 0.062982 1.024234
v -0.111923 0.058976 1.023417
v -0.112396 0.061212 1.024028
v -0.106049 0.054093 1.037692
v -0.099915 0.047067 1.045779
v -0.107956 0.054559 1.038585
v -0.108681 0.057107 1.039515
v -0.100813 0.047764 1.053586
v -0.098534 0.046907 1.052089
v -0.096176 0.043359 1.050654
v -0.091331 0.038499 1.055224
v -0.086502 0.034997 1.054873
v -0.090393 0.039117 1.061648
v -0.086533 0.036080 1.061313
v -0.087654 0.035424 1.057635
v -0.085724 0.033532 1.057948
v -0.084892 0.034181 1.060237
v -0.083191 0.030580 1.066226
v -0.080032 0.028108 1.064746
v -0.081306 0.030069 1.067660
v -0.081947 0.030954 1.068408
v -0.080963 0.029138 1.071246
v -0.080505 0.029519 1.069278
v -0.077911 0.027101 1.071651
v -0.080872 0.030641 1.073520
v -0.081741 0.030877 1.076411
v -0.079208 0.029740 1.078670
v -0.081963 0.032540 1.078006
v -0.085724 0.035470 1.078761
v -0.086712 0.037698 1.079220
v -0.084541 0.035897 1.082057
v -0.015526 0.050485 1.101481
v -0.017136 0.039857 1.108111
v -0.017006 0.038652 1.106769
v -0.015656 0.053750 1.103396
v -0.013428 0.065126 1.094615
v -0.013870 0.067903 1.097178
v -0.011269 0.080720 1.085994
v -0.013176 0.059121 1.104838
v -0.012253 0.050439 1.111026
v -0.011566 0.083551 1.088580
v -0.009666 0.090493 1.079318
v -0.010124 0.091958 1.082057
v -0.011681 0.071977 1.099025
v -0.008803 0.067751 1.107305
v -0.009827 0.085298 1.091327
v -0.009811 0.056413 1.116519
v -0.007347 0.063157 1.116313
v -0.008138 0.096025 1.084010
v -0.007137 0.087640 1.094051
v -0.009877 0.096002 1.077538
v -0.006314 0.073131 1.115934
v -0.010147 0.098779 1.076513
v -0.005859 0.065210 1.124057
v -0.006798 0.059434 1.122706
v -0.005249 0.099443 1.085353
v -0.005188 0.061326 1.130511
v -0.006039 0.092821 1.097324
v -0.007450 0.100501 1.080335
v -0.005104 0.102357 1.087184
v -0.003723 0.111589 1.070971
v -0.008877 0.101092 1.073509
v -0.006171 0.096108 1.099810
v -0.005470 0.110108 1.070163
v -0.003754 0.113320 1.071864
v -0.003021 0.119546 1.057948
v -0.006406 0.114381 1.055133
v -0.005325 0.105844 1.089358
v -0.008459 0.111971 1.053585
v -0.011859 0.097673 1.068214
v -0.006142 0.121560 1.038592
v -0.011559 0.092767 1.078761
v -0.010597 0.091958 1.082057
v -0.011383 0.090402 1.079158
v -0.011726 0.089891 1.077434
v -0.004303 0.123468 1.039515
v -0.013550 0.087014 1.076411
v -0.012207 0.088052 1.078013
v -0.013374 0.085275 1.075168
v -0.001907 0.126420 1.040484
v -0.014656 0.085473 1.071246
v -0.013886 0.084458 1.073138
v -0.013580 0.087228 1.068408
v -0.002602 0.128732 1.024028
v -0.014526 0.088136 1.066226
v -0.015091 0.084161 1.064746
v -0.012039 0.093736 1.064021
v -0.010735 0.098626 1.061648
v -0.008057 0.109574 1.052089
v -0.011742 0.099137 1.055232
v -0.011436 0.093782 1.061313
v -0.005592 0.119668 1.037684
v -0.012558 0.094415 1.057635
v -0.004303 0.127198 1.023417
v -0.013237 0.091798 1.057948
v -0.013596 0.088258 1.057750
v -0.010498 0.100885 1.047175
v -0.009956 0.105775 1.050654
v -0.008614 0.110849 1.045779
v -0.006577 0.118264 1.036082
v -0.006111 0.116349 1.033977
v -0.003700 0.125688 1.022815
v -0.004631 0.124581 1.022113
v -0.004128 0.122926 1.021174
v -0.003243 0.129335 1.011394
v -0.003517 0.127046 1.010692
v -0.002617 0.127916 1.011004
v -0.002533 0.127923 0.996531
v -0.001549 0.128739 0.996661
v -0.002228 0.130082 0.985248
v -0.002426 0.130181 0.996829
v -0.000816 0.131158 0.997035
v -0.000816 0.131776 0.985209
v -0.001457 0.130807 1.011821
v -0.001026 0.132275 0.997310
v -0.001267 0.129953 1.024234
v -0.001635 0.131967 1.025035
v 0.000977 0.134297 0.997576
v 0.002777 0.131776 0.985209
v -0.002121 0.129266 1.041980
v 0.000977 0.135173 1.025912
v -0.002945 0.123338 1.060206
v 0.000977 0.134164 1.038714
v 0.000977 0.132623 1.048198
v -0.003899 0.116845 1.074161
v 0.003596 0.131967 1.025035
v 0.004074 0.129266 1.041980
v 0.002979 0.132275 0.997310
v 0.002769 0.131158 0.997035
v 0.002480 0.130883 0.985240
v 0.003410 0.130807 1.011821
v 0.004387 0.130181 0.996829
v 0.005203 0.129335 1.011394
v 0.003509 0.128739 0.996661
v 0.003075 0.128770 0.985240
v 0.004570 0.127916 1.011004
v 0.004486 0.127923 0.996531
v 0.003731 0.126275 0.984645
v 0.004997 0.125566 1.010150
v 0.005478 0.127046 1.010692
v 0.006592 0.124581 1.022113
v 0.008064 0.116349 1.033977
v 0.005661 0.125688 1.022815
v 0.008530 0.118264 1.036082
v 0.010239 0.108735 1.042132
v 0.006256 0.127198 1.023417
v 0.007553 0.119668 1.037684
v 0.010567 0.110849 1.045779
v 0.011909 0.105775 1.050654
v 0.010017 0.109574 1.052089
v 0.013695 0.099137 1.055232
v 0.014305 0.093194 1.054873
v 0.008102 0.121560 1.038592
v 0.014519 0.094415 1.057635
v 0.004562 0.128732 1.024028
v 0.015190 0.091798 1.057948
v 0.014885 0.090997 1.055659
v 0.014214 0.091394 1.060237
v 0.013390 0.093782 1.061313
v 0.013992 0.093736 1.064021
v 0.003227 0.129953 1.024234
v 0.012688 0.098626 1.061648
v 0.003860 0.126420 1.040484
v 0.006256 0.123468 1.039515
v 0.004974 0.119546 1.057948
v 0.008366 0.114381 1.055133
v 0.010420 0.111971 1.053585
v 0.004906 0.123338 1.060206
v 0.013812 0.097673 1.068214
v 0.010836 0.101092 1.073509
v 0.007423 0.110108 1.070163
v 0.005676 0.111589 1.070971
v 0.009403 0.100501 1.080335
v 0.012100 0.098779 1.076513
v 0.005707 0.113320 1.071864
v 0.007330 0.099486 1.085393
v 0.007057 0.102357 1.087184
v 0.010091 0.096025 1.084010
v 0.011838 0.096002 1.077538
v 0.013519 0.092767 1.078761
v 0.012076 0.094733 1.079210
v 0.011845 0.085320 1.091355
v 0.013519 0.083551 1.088580
v 0.013222 0.080720 1.085994
v 0.015823 0.067903 1.097178
v 0.010862 0.067790 1.107341
v 0.017612 0.053750 1.103396
v 0.015193 0.059143 1.104866
v 0.018963 0.038652 1.106769
v 0.016190 0.048631 1.108508
v 0.014214 0.050439 1.111026
v 0.012573 0.057504 1.111087
v 0.009300 0.063157 1.116313
v 0.008001 0.092826 1.097329
v 0.008265 0.073131 1.115933
v 0.007813 0.065210 1.124057
v 0.008519 0.076579 1.117947
v 0.007149 0.061326 1.130511
v 0.008186 0.055421 1.129771
v 0.008186 0.068666 1.125857
v 0.007759 0.054254 1.132594
v 0.007019 0.056504 1.132892
v 0.007591 0.064843 1.131793
v 0.005974 0.059350 1.137980
v 0.005569 0.055398 1.138919
v 0.006538 0.062715 1.138453
v 0.003082 0.056977 1.146297
v 0.003853 0.054864 1.146678
v 0.004631 0.058892 1.145564
v 0.003624 0.065766 1.138919
v 0.003708 0.059274 1.150966
v 0.001984 0.057840 1.151637
v 0.004829 0.062738 1.147548
v 0.002838 0.060792 1.156093
v 0.003540 0.065057 1.155131
v 0.002754 0.066056 1.147067
v 0.001923 0.064088 1.161220
v 0.004089 0.067941 1.132899
v 0.002355 0.066682 1.162150
v 0.004387 0.071641 1.127353
v 0.000977 0.063554 1.162242
v 0.004611 0.079465 1.119652
v 0.000977 0.067254 1.163638
v 0.000977 0.072801 1.127543
v 0.000977 0.069055 1.132983
v 0.000977 0.066896 1.138934
v 0.008123 0.096108 1.099810
v 0.007278 0.105844 1.089358
v 0.004356 0.099070 1.101552
v 0.005859 0.116845 1.074161
v 0.003830 0.108895 1.091144
v 0.000977 0.100288 1.102037
v 0.002571 0.125108 1.066752
v 0.000977 0.080551 1.120126
v 0.002983 0.120187 1.076091
v 0.000977 0.130010 1.057518
v 0.000977 0.121411 1.076225
v -0.000618 0.125108 1.066752
v 0.000977 0.110116 1.091556
v -0.001030 0.120187 1.076091
v -0.001877 0.108895 1.091144
v -0.002403 0.099069 1.101552
v -0.002658 0.079465 1.119652
v -0.006564 0.076578 1.117947
v -0.002434 0.071641 1.127353
v -0.006233 0.068666 1.125857
v -0.002129 0.067941 1.132899
v -0.005638 0.064843 1.131793
v -0.001671 0.065766 1.138919
v -0.004585 0.062715 1.138453
v -0.004029 0.059344 1.137980
v -0.002869 0.062738 1.147548
v -0.000801 0.066056 1.147067
v -0.001132 0.056977 1.146297
v -0.002304 0.054681 1.145427
v -0.001900 0.054864 1.146678
v -0.001766 0.059268 1.150966
v -0.001587 0.065057 1.155131
v -0.000877 0.060792 1.156093
v 0.000031 0.064088 1.161220
v -0.000402 0.066682 1.162149
v -0.000015 0.069444 1.153728
v 0.000977 0.070909 1.163280
v -0.000399 0.072114 1.160280
v 0.002352 0.072114 1.160280
v 0.000977 0.073754 1.161242
v 0.000191 0.073205 1.158175
v 0.001976 0.069444 1.153728
v 0.001770 0.073205 1.158175
v 0.000977 0.074647 1.158328
v 0.000977 0.070878 1.153674
v 0.000977 0.067323 1.147044
v 0.036537 0.039483 1.101481
v 0.025558 0.034845 1.106769
v 0.039310 0.041223 1.103389
v 0.030346 0.036721 1.109385
v 0.050274 0.044984 1.094615
v 0.035587 0.037446 1.108508
v 0.052460 0.046754 1.097178
v 0.045197 0.041772 1.104838
v 0.038132 0.036630 1.111026
v 0.045074 0.038743 1.111087
v 0.067162 0.052583 1.088580
v 0.057083 0.046899 1.099025
v 0.054863 0.042283 1.107306
v 0.069546 0.051957 1.091327
v 0.051609 0.038736 1.116313
v 0.079678 0.055841 1.084010
v 0.072914 0.050795 1.094043
v 0.078785 0.057345 1.077530
v 0.060765 0.042825 1.115934
v 0.054131 0.038461 1.124057
v 0.077950 0.052431 1.097331
v 0.051098 0.035943 1.130511
v 0.045467 0.033898 1.129771
v 0.046989 0.033425 1.132892
v 0.084087 0.055055 1.085353
v 0.049962 0.033950 1.137988
v 0.056931 0.040513 1.125857
v 0.049352 0.030252 1.146304
v 0.053921 0.038087 1.131793
v 0.051035 0.031951 1.150973
v 0.052609 0.036126 1.138453
v 0.052795 0.031961 1.156085
v 0.052536 0.029657 1.156703
v 0.053482 0.034646 1.147548
v 0.056145 0.034700 1.155131
v 0.056705 0.035119 1.138919
v 0.058350 0.036607 1.132892
v 0.057388 0.034509 1.147067
v 0.059006 0.033387 1.138927
v 0.061413 0.038720 1.127353
v 0.056103 0.032807 1.161220
v 0.063628 0.044765 1.117946
v 0.060879 0.034471 1.132983
v 0.080734 0.054183 1.099810
v 0.068078 0.042824 1.119644
v 0.064105 0.036334 1.127527
v 0.086678 0.056382 1.087184
v 0.085182 0.052411 1.101552
v 0.089584 0.058320 1.089351
v 0.078790 0.044809 1.111852
v 0.064819 0.032807 1.127353
v 0.093964 0.056855 1.091144
v 0.071712 0.036528 1.119652
v 0.096475 0.055024 1.091602
v 0.088559 0.046555 1.101552
v 0.099823 0.062600 1.074161
v 0.104160 0.061776 1.076091
v 0.087877 0.041814 1.099810
v 0.108627 0.063882 1.066760
v 0.071174 0.031683 1.117944
v 0.106220 0.060644 1.076222
v 0.061459 0.031213 1.132892
v 0.060543 0.026600 1.131787
v 0.096813 0.051927 1.091144
v 0.059357 0.030534 1.138919
v 0.106167 0.058297 1.076091
v 0.095886 0.047403 1.089358
v 0.104702 0.054139 1.074161
v 0.110222 0.061120 1.066752
v 0.084973 0.040272 1.097329
v 0.092758 0.045854 1.087184
v 0.113658 0.064945 1.057515
v 0.109859 0.058213 1.060214
v 0.101582 0.052514 1.071864
v 0.105934 0.065026 1.060214
v 0.115932 0.066255 1.048198
v 0.096851 0.060701 1.071864
v 0.111473 0.067254 1.041980
v 0.095367 0.059808 1.070971
v 0.102604 0.063180 1.057948
v 0.083900 0.057493 1.080335
v 0.093208 0.060578 1.070163
v 0.081055 0.058969 1.076506
v 0.083691 0.059025 1.073517
v 0.096436 0.063528 1.055133
v 0.079250 0.059896 1.068214
v 0.093327 0.064109 1.053585
v 0.105362 0.066247 1.039523
v 0.102787 0.066888 1.038592
v 0.109112 0.065652 1.040484
v 0.091450 0.062554 1.052096
v 0.108601 0.068124 1.023417
v 0.110771 0.067407 1.024028
v 0.114044 0.068162 1.025035
v 0.112495 0.066865 1.024234
v 0.113140 0.067468 1.011821
v 0.114777 0.068124 1.012301
v 0.117308 0.067050 1.038724
v 0.118124 0.067525 1.012876
v 0.114571 0.061891 1.041987
v 0.116642 0.063668 1.025035
v 0.106602 0.056253 1.057956
v 0.111999 0.060655 1.040484
v 0.116970 0.064332 1.012301
v 0.114742 0.062982 1.024234
v 0.117344 0.067063 0.997569
v 0.114624 0.067796 0.997310
v 0.115578 0.063241 1.011821
v 0.114307 0.067392 0.985209
v 0.113766 0.067063 0.997035
v 0.116615 0.064347 0.997310
v 0.115559 0.063974 0.997035
v 0.112114 0.067987 0.996837
v 0.110981 0.068277 1.011386
v 0.111305 0.066507 0.996661
v 0.110050 0.067002 1.011004
v 0.107586 0.066842 1.022822
v 0.110104 0.066941 0.996531
v 0.108856 0.067353 1.010692
v 0.109051 0.065873 0.996295
v 0.109066 0.065469 0.984645
v 0.106159 0.067094 1.022120
v 0.099720 0.065614 1.036082
v 0.101429 0.065469 1.037684
v 0.092285 0.063676 1.045779
v 0.087204 0.062295 1.050662
v 0.082703 0.060327 1.047175
v 0.080574 0.060525 1.055224
v 0.072052 0.057252 1.050639
v 0.080635 0.059396 1.061648
v 0.075748 0.058084 1.064021
v 0.076076 0.057572 1.061313
v 0.076073 0.058869 1.057635
v 0.073467 0.058152 1.057956
v 0.070217 0.056695 1.057750
v 0.069641 0.057443 1.066226
v 0.071659 0.057206 1.064319
v 0.067280 0.056222 1.071246
v 0.067379 0.055642 1.069285
v 0.066788 0.055055 1.073138
v 0.069172 0.056039 1.076411
v 0.072563 0.055902 1.077434
v 0.075142 0.057183 1.078761
v 0.073181 0.055848 1.079158
v 0.077569 0.056920 1.079220
v 0.074924 0.055947 1.082057
v 0.115520 0.062081 0.996837
v 0.115200 0.060960 1.011386
v 0.113834 0.062120 0.996661
v 0.113640 0.060784 1.011004
v 0.113613 0.060868 0.996531
v 0.113270 0.061128 0.984790
v 0.113350 0.059571 1.010699
v 0.110088 0.056977 1.021174
v 0.111771 0.057374 1.022120
v 0.105381 0.051980 1.033977
v 0.112267 0.058732 1.022822
v 0.107273 0.052537 1.036082
v 0.113880 0.058976 1.023417
v 0.108002 0.054093 1.037692
v 0.101871 0.047067 1.045779
v 0.114353 0.061212 1.024028
v 0.109909 0.054559 1.038585
v 0.110641 0.057107 1.039515
v 0.103825 0.050737 1.055140
v 0.102766 0.047763 1.053586
v 0.100487 0.046907 1.052089
v 0.098137 0.043359 1.050654
v 0.093292 0.038499 1.055224
v 0.092078 0.037684 1.068213
v 0.092346 0.039117 1.061648
v 0.088490 0.036080 1.061313
v 0.089607 0.035424 1.057635
v 0.087685 0.033532 1.057948
v 0.086849 0.034181 1.060237
v 0.084793 0.031449 1.057757
v 0.099639 0.049428 1.070160
v 0.100067 0.051675 1.070971
v 0.092327 0.042895 1.080328
v 0.090411 0.044185 1.085393
v 0.093563 0.041955 1.073520
v 0.092180 0.039697 1.076506
v 0.088793 0.040055 1.084010
v 0.089642 0.038537 1.077530
v 0.086262 0.036309 1.082057
v 0.080404 0.033193 1.091350
v 0.064729 0.025282 1.107343
v 0.077106 0.029702 1.085994
v 0.068051 0.030202 1.115934
v 0.079704 0.030854 1.088580
v 0.067307 0.021035 1.097178
v 0.064682 0.020028 1.094607
v 0.060969 0.026625 1.124057
v 0.055946 0.012414 1.103389
v 0.053043 0.010888 1.101474
v 0.059404 0.017202 1.104869
v 0.044655 0.004182 1.108111
v 0.056671 0.018655 1.111087
v 0.051365 0.013696 1.111026
v 0.059933 0.024316 1.116313
v 0.055325 0.018808 1.116519
v 0.056435 0.022927 1.122706
v 0.057266 0.025262 1.130504
v 0.052677 0.021417 1.129771
v 0.051453 0.021211 1.132594
v 0.058170 0.026498 1.138453
v 0.054966 0.025285 1.137988
v 0.050068 0.024446 1.145427
v 0.053898 0.026216 1.145564
v 0.057327 0.027978 1.147548
v 0.053776 0.027215 1.150973
v 0.051670 0.027993 1.151629
v 0.059166 0.031434 1.147067
v 0.054653 0.028733 1.156093
v 0.058704 0.030259 1.155131
v 0.057049 0.031167 1.161220
v 0.059380 0.033609 1.147044
v 0.056118 0.031724 1.162242
v 0.061718 0.033807 1.153735
v 0.059319 0.033570 1.163638
v 0.060719 0.035539 1.153728
v 0.062454 0.035379 1.153674
v 0.058132 0.034481 1.162149
v 0.062841 0.037189 1.160272
v 0.059514 0.032088 1.162150
v 0.062485 0.035401 1.163280
v 0.064217 0.034810 1.160280
v 0.064869 0.035867 1.158175
v 0.064945 0.036813 1.161242
v 0.065716 0.037263 1.158328
v 0.064079 0.037240 1.158175
v 0.024654 -0.000113 1.160792
v 0.023403 -0.001220 1.161738
v 0.023102 -0.000113 1.163218
v 0.022469 0.002595 1.164096
v 0.023502 -0.000113 1.165561
v 0.022747 0.003282 1.165797
v 0.024539 -0.000113 1.167931
v 0.023495 0.004342 1.167979
v -0.000130 0.022309 1.161738
v 0.002083 0.022309 1.161738
v 0.000977 0.022012 1.163218
v 0.000977 0.022409 1.165568
v 0.004372 0.021646 1.165797
v -0.002411 0.021646 1.165797
v -0.011192 0.018754 1.161738
v -0.009277 0.019860 1.161738
v -0.010086 0.019036 1.163218
v -0.007423 0.019853 1.164088
v -0.010284 0.019403 1.165561
v -0.012840 0.017045 1.165797
v -0.010805 0.020295 1.167928
v 0.020138 -0.011176 1.163218
v 0.018238 -0.013198 1.164088
v 0.020943 -0.008513 1.164096
v 0.020485 -0.011374 1.165561
v 0.021381 -0.011893 1.167928
v 0.022705 -0.007514 1.167972
v -0.019524 -0.011954 1.160785
v -0.018997 -0.010367 1.161738
v -0.018181 -0.011176 1.163218
v -0.018524 -0.011374 1.165561
v -0.019569 -0.008056 1.165797
v -0.010857 -0.020613 1.160785
v -0.009277 -0.020087 1.161738
v -0.010086 -0.019271 1.163218
v -0.007423 -0.020072 1.164096
v -0.010284 -0.019614 1.165561
v -0.010805 -0.020517 1.167935
v -0.014137 -0.017386 1.167972
v -0.006424 -0.021842 1.167979
v 0.012817 -0.020613 1.160785
v 0.011230 -0.020087 1.161738
v 0.012039 -0.019271 1.163218
v 0.012238 -0.019614 1.165561
v 0.008926 -0.020659 1.165797
v 0.012758 -0.020517 1.167935
v 0.002083 -0.022536 1.161738
v 0.000977 -0.022231 1.163218
v 0.003685 -0.021605 1.164088
v 0.000977 -0.022635 1.165561
v -0.002411 -0.021880 1.165797
v -0.019524 0.011727 1.160792
v -0.018997 0.010141 1.161738
v -0.017891 0.012063 1.161738
v -0.018181 0.010942 1.163218
v -0.016281 0.012971 1.164096
v -0.018524 0.011148 1.165568
v -0.019569 0.007836 1.165797
v -0.022697 -0.000113 1.160792
v -0.021446 0.000993 1.161738
v -0.021141 -0.000113 1.163218
v -0.020515 -0.002814 1.164096
v -0.021545 -0.000113 1.165561
v -0.020790 0.003282 1.165797
v -0.020790 -0.003508 1.165797
v -0.021538 0.004342 1.167979
v 0.012817 0.020394 1.160792
v 0.011230 0.019860 1.161738
v 0.013153 0.018754 1.161738
v 0.012039 0.019036 1.163218
v 0.009384 0.019853 1.164088
v 0.012238 0.019403 1.165561
v 0.014801 0.017045 1.165797
v 0.012758 0.020295 1.167928
v 0.020954 0.010141 1.161738
v 0.020138 0.010942 1.163218
v 0.020943 0.008294 1.164096
v 0.020485 0.011148 1.165568
v 0.021526 0.007836 1.165797
v 0.018135 0.013711 1.165797
v 0.018250 0.015008 1.167979
v -0.010887 0.004800 0.906909
v 0.012848 -0.005027 0.906909
v -0.003937 -0.011977 0.906909
v 0.000976 0.014199 -0.097330
v 0.006431 0.013070 -0.097331
v 0.006431 0.013093 -0.094168
v 0.000976 0.014230 -0.094167
v 0.011085 0.010011 -0.097334
v 0.005981 0.012056 -0.092569
v 0.000976 0.013101 -0.092569
v 0.011077 0.010049 -0.094171
v 0.006057 0.012277 -0.085244
v 0.000976 0.014604 -0.082092
v 0.010254 0.009256 -0.092569
v 0.014137 0.005395 -0.094176
v 0.014145 0.005357 -0.097339
v 0.013061 0.004892 -0.098952
v 0.013061 0.004983 -0.092569
v 0.015266 -0.000098 -0.097344
v 0.013061 -0.005118 -0.098952
v 0.015274 -0.000052 -0.094181
v 0.014137 -0.005553 -0.097349
v 0.014145 -0.005500 -0.094186
v 0.014091 -0.000022 -0.092569
v 0.011077 -0.010199 -0.097353
v 0.013061 -0.005027 -0.092569
v 0.014297 0.000016 -0.085244
v 0.011093 -0.010169 -0.094190
v 0.010254 -0.009292 -0.092569
v 0.006424 -0.013251 -0.097355
v 0.006431 -0.013228 -0.094192
v 0.000976 -0.014380 -0.097355
v -0.004029 -0.012191 -0.098952
v 0.000976 -0.014357 -0.094192
v -0.004471 -0.013251 -0.097355
v 0.005981 -0.012099 -0.092569
v -0.009125 -0.010199 -0.097353
v 0.013244 -0.005065 -0.085244
v -0.004479 -0.013228 -0.094192
v -0.012177 -0.005553 -0.097349
v -0.009133 -0.010169 -0.094190
v -0.004029 -0.012099 -0.092569
v -0.013314 -0.000098 -0.097344
v -0.012192 -0.005500 -0.094186
v -0.008294 -0.009292 -0.092569
v -0.012185 0.005357 -0.097339
v -0.013314 -0.000052 -0.094181
v -0.011101 -0.005027 -0.092569
v -0.009133 0.010011 -0.097334
v -0.012139 -0.000022 -0.092569
v -0.012185 0.005395 -0.094176
v -0.004479 0.013070 -0.097331
v -0.004029 0.011972 -0.098952
v -0.009125 0.010049 -0.094171
v -0.011101 0.004983 -0.092569
v -0.004471 0.013093 -0.094168
v -0.008294 0.009256 -0.092569
v -0.004029 0.012056 -0.092569
v 0.000976 0.013330 -0.085244
v -0.004105 0.012277 -0.085244
v -0.011284 0.005082 -0.085244
v -0.008438 0.009431 -0.085244
v -0.004639 0.013436 -0.082092
v -0.012337 0.000016 -0.085244
v -0.012574 0.005502 -0.082092
v -0.011284 -0.005065 -0.085244
v -0.013733 -0.000113 -0.082092
v -0.009430 0.010293 -0.082092
v -0.004250 0.012513 -0.079416
v 0.000976 0.013597 -0.079416
v -0.008713 0.009576 -0.079416
v -0.003754 0.011216 -0.067907
v 0.000976 0.012193 -0.067907
v -0.011650 0.005120 -0.079416
v -0.007737 0.008536 -0.067910
v -0.003363 0.010141 -0.042305
v -0.010445 0.004579 -0.067907
v -0.003209 0.010145 0.011472
v -0.006689 0.007498 -0.015114
v -0.003548 0.010995 0.037655
v -0.007363 0.008372 0.037657
v -0.004029 0.011972 0.063839
v 0.000976 0.014856 0.066876
v -0.009336 0.004069 -0.042303
v -0.009717 0.004397 0.037658
v -0.012726 -0.000113 -0.079416
v -0.011201 -0.000113 -0.067912
v -0.009871 -0.000113 0.011469
v -0.011650 -0.005347 -0.079416
v -0.010445 -0.004805 -0.067907
v -0.009335 -0.004296 -0.042303
v -0.012574 -0.005729 -0.082092
v -0.007737 -0.008756 -0.067910
v -0.008713 -0.009803 -0.079416
v -0.008438 -0.009406 -0.085244
v -0.009430 -0.010520 -0.082092
v -0.004639 -0.013663 -0.082092
v -0.004105 -0.012252 -0.085244
v -0.004250 -0.012740 -0.079416
v 0.000976 -0.014823 -0.082092
v 0.000976 -0.013305 -0.085244
v 0.000976 -0.013137 -0.092569
v 0.006057 -0.012252 -0.085244
v 0.010391 -0.009406 -0.085244
v 0.006591 -0.013663 -0.082092
v 0.000976 -0.013823 -0.079416
v 0.011383 -0.010520 -0.082092
v -0.003754 -0.011443 -0.067907
v 0.006210 -0.012740 -0.079416
v 0.010673 -0.009803 -0.079416
v 0.014526 -0.005729 -0.082092
v 0.005706 -0.011443 -0.067907
v 0.015693 -0.000113 -0.082092
v 0.013603 -0.005340 -0.079416
v 0.009697 -0.008755 -0.067910
v 0.000976 -0.012412 -0.067907
v 0.005315 -0.010362 -0.042305
v -0.003362 -0.010361 -0.042305
v 0.000976 -0.011085 -0.042302
v -0.006690 -0.007718 -0.015114
v -0.003208 -0.010373 0.011472
v 0.005168 -0.010374 0.011472
v -0.009716 -0.004623 0.037658
v 0.000976 -0.011949 0.037658
v -0.010880 -0.000113 0.037655
v -0.007363 -0.008591 0.037657
v -0.012139 -0.000113 0.063839
v -0.003548 -0.011222 0.037655
v -0.011101 -0.005118 0.063839
v -0.004029 -0.012191 0.063839
v -0.011101 0.004892 0.063839
v 0.000976 -0.013228 0.063839
v -0.008293 0.009164 0.063839
v 0.005500 -0.011222 0.037655
v -0.004731 0.013673 0.066876
v -0.012810 0.005601 0.066876
v -0.004029 0.011972 0.069912
v 0.000976 0.014856 0.072949
v -0.009606 0.010469 0.066876
v -0.008293 0.009164 0.069912
v -0.004731 0.013673 0.072949
v -0.004029 0.011972 0.075986
v -0.008293 0.009164 0.075986
v -0.009606 0.010469 0.072949
v -0.012810 0.005601 0.072949
v -0.011101 0.004892 0.069912
v -0.013993 -0.000113 0.072949
v -0.012139 -0.000113 0.075986
v -0.011101 -0.005118 0.075986
v -0.013993 -0.000113 0.066876
v -0.012139 -0.000113 0.069912
v -0.012810 -0.005820 0.072949
v -0.008293 -0.009391 0.075986
v -0.011101 -0.005118 0.069912
v -0.012810 -0.005820 0.066876
v -0.009606 -0.010695 0.072949
v -0.008293 -0.009391 0.069912
v -0.004731 -0.013900 0.072949
v -0.008293 -0.009391 0.063839
v -0.009606 -0.010695 0.066876
v -0.004731 -0.013900 0.066876
v -0.004029 -0.012191 0.069912
v 0.000976 -0.015082 0.072949
v 0.005981 -0.012191 0.075986
v 0.000976 -0.015082 0.066876
v 0.000976 -0.013228 0.069912
v 0.006691 -0.013900 0.072949
v 0.010254 -0.009391 0.075986
v 0.005981 -0.012191 0.069912
v 0.011558 -0.010695 0.072949
v 0.005981 -0.012191 0.063839
v 0.006691 -0.013900 0.066876
v 0.010254 -0.009391 0.069912
v 0.014763 -0.005820 0.072949
v 0.011558 -0.010695 0.066876
v 0.015945 -0.000113 0.072949
v 0.014091 -0.000113 0.075986
v 0.013061 0.004892 0.075986
v 0.013061 -0.005118 0.069912
v 0.014763 -0.005820 0.066876
v 0.010254 -0.009391 0.063839
v 0.014763 0.005601 0.072949
v 0.009315 -0.008591 0.037657
v 0.013061 -0.005118 0.063839
v 0.008641 -0.007717 -0.015114
v 0.011676 -0.004623 0.037658
v 0.015945 -0.000113 0.066876
v 0.011295 -0.004296 -0.042303
v 0.014091 -0.000113 0.069912
v 0.013061 0.004892 0.069912
v 0.012397 -0.004805 -0.067907
v 0.014091 -0.000113 0.063839
v 0.014686 -0.000113 -0.079416
v 0.013159 -0.000113 -0.067912
v 0.011823 -0.000113 0.011469
v 0.012840 -0.000113 0.037655
v 0.011677 0.004397 0.037658
v 0.013061 0.004892 0.063839
v 0.011296 0.004069 -0.042303
v 0.012397 0.004579 -0.067907
v 0.013603 0.005120 -0.079416
v 0.009696 0.008535 -0.067910
v 0.008641 0.007498 -0.015114
v 0.014526 0.005502 -0.082092
v 0.009314 0.008371 0.037657
v 0.010673 0.009576 -0.079416
v 0.013244 0.005082 -0.085244
v 0.010391 0.009431 -0.085244
v 0.011383 0.010293 -0.082092
v 0.006591 0.013436 -0.082092
v 0.006210 0.012513 -0.079416
v 0.005706 0.011216 -0.067907
v 0.005340 0.010202 -0.042305
v 0.000976 0.010864 -0.042303
v 0.005140 0.009861 -0.015112
v 0.000976 0.011720 0.037658
v 0.005477 0.010940 0.037657
v 0.000976 0.013002 0.063839
v 0.005981 0.011972 0.063839
v 0.010254 0.009164 0.063839
v 0.006691 0.013673 0.066876
v 0.014763 0.005601 0.066876
v 0.011558 0.010469 0.066876
v 0.005981 0.011972 0.069912
v 0.000976 0.013002 0.069912
v 0.010254 0.009164 0.069912
v 0.006691 0.013673 0.072949
v 0.005981 0.011972 0.075986
v 0.011558 0.010469 0.072949
v 0.033527 -0.014899 1.119571
v 0.041077 -0.028151 1.108508
v 0.030056 -0.020911 1.119571
v 0.026840 -0.020911 1.117694
v 0.032990 -0.024611 1.108111
v 0.023094 -0.016158 1.129970
v 0.031921 -0.012107 1.117694
v 0.025932 -0.011245 1.129970
v 0.024364 -0.008483 1.128612
v 0.027138 -0.009246 1.113955
v 0.019684 -0.005660 1.125857
v 0.035961 -0.014167 1.104922
v 0.032978 -0.014243 1.102405
v 0.016563 -0.005607 1.124484
v 0.014885 -0.003775 1.137439
v 0.011818 -0.003760 1.136432
v 0.008606 -0.002776 1.148189
v 0.046494 -0.020308 1.097438
v 0.053356 -0.026633 1.089969
v 0.056431 -0.026610 1.092402
v 0.069027 -0.036986 1.083323
v 0.071831 -0.036811 1.085170
v 0.072762 -0.037452 1.085994
v 0.078224 -0.042624 1.078006
v 0.081043 -0.042632 1.079326
v 0.079914 -0.043387 1.077434
v 0.011623 -0.002729 1.148906
v 0.007045 -0.002482 1.160541
v 0.019474 -0.006499 1.139468
v 0.010069 -0.002832 1.166430
v 0.016090 -0.005340 1.150340
v 0.020996 -0.009208 1.140483
v 0.014412 -0.004943 1.161845
v 0.014450 -0.005393 1.166926
v 0.017559 -0.007972 1.151057
v 0.015846 -0.007529 1.162280
v 0.015968 -0.007811 1.167163
v 0.018860 -0.012900 1.140483
v 0.014847 -0.009276 1.162280
v 0.015137 -0.009246 1.167163
v 0.012283 -0.009139 1.166926
v 0.016075 -0.010543 1.151065
v 0.011879 -0.009337 1.161845
v 0.007885 -0.006626 1.166430
v 0.013062 -0.010589 1.150340
v 0.019920 -0.016181 1.128604
v 0.015762 -0.012938 1.139468
v 0.008562 -0.008021 1.148906
v 0.011108 -0.010321 1.137439
v 0.015137 -0.013541 1.125857
v 0.006056 -0.004186 1.160541
v 0.006401 -0.004180 1.166186
v 0.007210 -0.002776 1.166186
v 0.007111 -0.005385 1.148189
v 0.009560 -0.007674 1.136432
v 0.013519 -0.010863 1.124484
v 0.023964 -0.009177 1.112079
v 0.021969 -0.018203 1.113955
v 0.020321 -0.015487 1.112071
v 0.030643 -0.023383 1.104922
v 0.042171 -0.029944 1.101481
v 0.029217 -0.020758 1.102405
v 0.041229 -0.029433 1.097438
v 0.039612 -0.026702 1.094974
v 0.043324 -0.020270 1.094974
v 0.051651 -0.034888 1.092402
v 0.050133 -0.032210 1.089969
v 0.066940 -0.040610 1.083323
v 0.068188 -0.043120 1.085170
v 0.107101 -0.061385 0.982501
v 0.106632 -0.067054 0.982501
v 0.110161 -0.066741 0.984790
v 0.112129 -0.067984 0.985240
v 0.103867 -0.065162 0.978984
v 0.113674 -0.066916 0.985240
v 0.114307 -0.067618 0.985209
v 0.107483 -0.066825 0.978396
v 0.115520 -0.072181 0.982501
v 0.116699 -0.066924 0.984866
v 0.109909 -0.071647 0.982501
v 0.105087 -0.070105 0.978984
v 0.108757 -0.073638 0.978984
v 0.107483 -0.066825 0.976542
v 0.107895 -0.061843 0.976542
v 0.110363 -0.070853 0.978396
v 0.113647 -0.075049 0.978984
v 0.110363 -0.070853 0.976542
v 0.115292 -0.071334 0.978396
v 0.118542 -0.073638 0.978984
v 0.109429 -0.066298 0.975944
v 0.111398 -0.069055 0.975944
v 0.115292 -0.071334 0.976542
v 0.110352 -0.066047 0.974510
v 0.111893 -0.068209 0.974513
v 0.109299 -0.066336 0.973307
v 0.106373 -0.067122 0.970706
v 0.111328 -0.069182 0.973307
v 0.109768 -0.071883 0.970706
v 0.115589 -0.072448 0.970706
v 0.114773 -0.069384 0.975944
v 0.114807 -0.069510 0.973307
v 0.114525 -0.068460 0.974510
v 0.117706 -0.067504 0.973307
v 0.120438 -0.069083 0.970706
v 0.120926 -0.063201 0.970706
v 0.116721 -0.066939 0.974513
v 0.117996 -0.063987 0.973307
v 0.117583 -0.067438 0.975944
v 0.115967 -0.061148 0.973307
v 0.117531 -0.058440 0.970706
v 0.116942 -0.064277 0.974510
v 0.109589 -0.062819 0.973307
v 0.106857 -0.061240 0.970706
v 0.117866 -0.064025 0.975944
v 0.112488 -0.060813 0.973307
v 0.110574 -0.063392 0.974513
v 0.115402 -0.062122 0.974513
v 0.112770 -0.061863 0.974510
v 0.112526 -0.060939 0.975944
v 0.109711 -0.062885 0.975944
v 0.115901 -0.061268 0.975944
v 0.112003 -0.058997 0.976542
v 0.107895 -0.061843 0.978396
v 0.119812 -0.063498 0.976542
v 0.116936 -0.059470 0.976542
v 0.112003 -0.058997 0.978396
v 0.119400 -0.068480 0.976542
v 0.108757 -0.056693 0.978984
v 0.105087 -0.060218 0.978984
v 0.119400 -0.068480 0.978396
v 0.111778 -0.058142 0.982501
v 0.113270 -0.061354 0.984790
v 0.113647 -0.055274 0.978984
v 0.115330 -0.062438 0.985240
v 0.116936 -0.059470 0.978396
v 0.117390 -0.058684 0.982501
v 0.118542 -0.056693 0.978984
v 0.119812 -0.063498 0.978396
v 0.122211 -0.060218 0.978984
v 0.123432 -0.065162 0.978984
v 0.120663 -0.063269 0.982501
v 0.122208 -0.070105 0.978984
v 0.115177 -0.064307 0.985240
v 0.120193 -0.068938 0.982501
v 0.004730 -0.049582 1.109538
v 0.004448 -0.035697 1.119571
v -0.002769 -0.049582 1.109538
v 0.006058 -0.032904 1.117686
v 0.006264 -0.038764 1.106814
v -0.002495 -0.035697 1.119571
v 0.003815 -0.027289 1.129977
v -0.004105 -0.032904 1.117686
v -0.004234 -0.040084 1.108111
v -0.004311 -0.038764 1.106814
v -0.001862 -0.027289 1.129977
v 0.005425 -0.024550 1.128612
v 0.003113 -0.021994 1.140483
v 0.006149 -0.027335 1.113963
v -0.003464 -0.024550 1.128612
v 0.006294 -0.037436 1.104922
v -0.004189 -0.027335 1.113963
v 0.006241 -0.049628 1.097438
v 0.005561 -0.019076 1.125857
v 0.005753 -0.061385 1.092402
v 0.004616 -0.079825 1.085170
v 0.002785 -0.088263 1.078006
v 0.002968 -0.090110 1.077434
v 0.004189 -0.090712 1.079326
v 0.004692 -0.019324 1.139468
v 0.004070 -0.010623 1.148906
v 0.001964 -0.006547 1.160541
v 0.003168 -0.009352 1.166430
v 0.004005 -0.015815 1.150340
v 0.002457 -0.018401 1.151057
v 0.003517 -0.014167 1.161845
v 0.003143 -0.014418 1.166926
v 0.001976 -0.016700 1.162280
v 0.001808 -0.016944 1.167171
v -0.001160 -0.021994 1.140483
v -0.000023 -0.016700 1.162280
v 0.000145 -0.016944 1.167171
v -0.001190 -0.014418 1.166926
v -0.000504 -0.018401 1.151057
v -0.001556 -0.014167 1.161845
v -0.001207 -0.009352 1.166430
v -0.002739 -0.019324 1.139468
v -0.002052 -0.015815 1.150340
v -0.003601 -0.019077 1.125857
v -0.002108 -0.010623 1.148906
v -0.000011 -0.006547 1.160541
v 0.000175 -0.006835 1.166186
v 0.001785 -0.006835 1.166186
v -0.000519 -0.008056 1.148189
v 0.002480 -0.008056 1.148189
v 0.003250 -0.011315 1.136432
v -0.001297 -0.011315 1.136432
v -0.002060 -0.016349 1.124484
v 0.004021 -0.016349 1.124484
v 0.004616 -0.024550 1.112079
v -0.002663 -0.024550 1.112079
v 0.004738 -0.034888 1.102412
v -0.002785 -0.034888 1.102412
v -0.004341 -0.037436 1.104922
v -0.002731 -0.046866 1.094974
v 0.004692 -0.046866 1.094974
v 0.004204 -0.058730 1.089969
v -0.004288 -0.049628 1.097438
v -0.002243 -0.058730 1.089969
v 0.003067 -0.077483 1.083323
v -0.003799 -0.061385 1.092402
v -0.003372 -0.065329 1.094615
v -0.001114 -0.077483 1.083323
v -0.000824 -0.088263 1.078006
v -0.002663 -0.079825 1.085170
v 0.003731 -0.126509 0.984645
v -0.004166 -0.125083 0.982501
v -0.002129 -0.127982 0.984797
v -0.002228 -0.130309 0.985240
v -0.003914 -0.121741 0.978984
v 0.000977 -0.120330 0.978984
v -0.003540 -0.125708 0.978396
v -0.004166 -0.135344 0.982501
v -0.006508 -0.130210 0.982501
v -0.007584 -0.125274 0.978984
v -0.008804 -0.130210 0.978984
v -0.003540 -0.125708 0.976542
v 0.000977 -0.125667 0.975944
v -0.005600 -0.130210 0.978396
v -0.007584 -0.135154 0.978984
v -0.005600 -0.130210 0.976542
v -0.003540 -0.134719 0.978389
v -0.003914 -0.138686 0.978984
v -0.002116 -0.127124 0.975944
v 0.000977 -0.126659 0.974513
v -0.003520 -0.130210 0.975944
v -0.003540 -0.134719 0.976535
v -0.001437 -0.127804 0.974510
v -0.002536 -0.130210 0.974513
v -0.002116 -0.133295 0.975944
v -0.002213 -0.127036 0.973308
v -0.003662 -0.130210 0.973308
v -0.006783 -0.130210 0.970706
v -0.001437 -0.132624 0.974510
v -0.002213 -0.133391 0.973308
v 0.000977 -0.134894 0.973308
v 0.000977 -0.133760 0.974513
v 0.000977 -0.134760 0.975944
v 0.004166 -0.133391 0.973308
v 0.000977 -0.136855 0.976542
v 0.003398 -0.132624 0.974510
v 0.005615 -0.130210 0.973308
v 0.006317 -0.124892 0.970706
v 0.004069 -0.133295 0.975944
v 0.004489 -0.130210 0.974513
v 0.004166 -0.127036 0.973308
v 0.005501 -0.134719 0.976535
v 0.000977 -0.125525 0.973308
v 0.003398 -0.127804 0.974510
v 0.005481 -0.130210 0.975944
v 0.004069 -0.127124 0.975944
v 0.005501 -0.125708 0.976542
v 0.000977 -0.123572 0.976542
v 0.000977 -0.123572 0.978396
v 0.007553 -0.130210 0.976542
v 0.005501 -0.125708 0.978396
v 0.005501 -0.134719 0.978389
v 0.007553 -0.130210 0.978396
v 0.005867 -0.121741 0.978984
v 0.000977 -0.122649 0.982501
v 0.009537 -0.125274 0.978984
v 0.006126 -0.125083 0.982501
v 0.010765 -0.130210 0.978984
v 0.004181 -0.130309 0.985240
v 0.003075 -0.128997 0.985240
v 0.008461 -0.130210 0.982501
v 0.009537 -0.135154 0.978984
v 0.006126 -0.135344 0.982501
v 0.005867 -0.138686 0.978984
v 0.000977 -0.137770 0.982501
v 0.000977 -0.140097 0.978984
v 0.000977 -0.136855 0.978396
v -0.107109 -0.065696 0.984645
v -0.105148 -0.061385 0.982501
v -0.109825 -0.058142 0.982501
v -0.111313 -0.061354 0.984790
v -0.111687 -0.062743 0.985240
v -0.106804 -0.056693 0.978984
v -0.103134 -0.060218 0.978984
v -0.113220 -0.064307 0.985240
v -0.114143 -0.064505 0.985209
v -0.110046 -0.058997 0.978396
v -0.118706 -0.063269 0.982501
v -0.114739 -0.066924 0.984866
v -0.115433 -0.058684 0.982501
v -0.111694 -0.055274 0.978984
v -0.116585 -0.056693 0.978984
v -0.110046 -0.058997 0.976542
v -0.105942 -0.061843 0.976542
v -0.107755 -0.062885 0.975945
v -0.114983 -0.059470 0.978396
v -0.120255 -0.060218 0.978984
v -0.114983 -0.059470 0.976542
v -0.117859 -0.063498 0.978396
v -0.121475 -0.065162 0.978984
v -0.110565 -0.060939 0.975944
v -0.108617 -0.063392 0.974513
v -0.113940 -0.061268 0.975945
v -0.117859 -0.063498 0.976542
v -0.110817 -0.061863 0.974510
v -0.113449 -0.062122 0.974513
v -0.110535 -0.060813 0.973308
v -0.107636 -0.062819 0.973308
v -0.104904 -0.061240 0.970706
v -0.109749 -0.057883 0.970706
v -0.114014 -0.061148 0.973308
v -0.115570 -0.058440 0.970706
v -0.118965 -0.063201 0.970706
v -0.115909 -0.064025 0.975944
v -0.116043 -0.063987 0.973308
v -0.114986 -0.064277 0.974510
v -0.115753 -0.067504 0.973308
v -0.114764 -0.066939 0.974513
v -0.112854 -0.069510 0.973308
v -0.115626 -0.067438 0.975945
v -0.109375 -0.069182 0.973308
v -0.112572 -0.068460 0.974510
v -0.112816 -0.069384 0.975944
v -0.107346 -0.066336 0.973308
v -0.109940 -0.068209 0.974513
v -0.108395 -0.066047 0.974510
v -0.107472 -0.066298 0.975944
v -0.109441 -0.069055 0.975945
v -0.105530 -0.066825 0.976542
v -0.105942 -0.061843 0.978396
v -0.113335 -0.071334 0.976542
v -0.108406 -0.070853 0.976542
v -0.105530 -0.066825 0.978396
v -0.117447 -0.068480 0.976542
v -0.101906 -0.065162 0.978984
v -0.117447 -0.068480 0.978396
v -0.104675 -0.067054 0.982501
v -0.103134 -0.070105 0.978984
v -0.109589 -0.066367 0.985240
v -0.110168 -0.067984 0.985240
v -0.108406 -0.070853 0.978396
v -0.107948 -0.071647 0.982501
v -0.106804 -0.073638 0.978984
v -0.113335 -0.071334 0.978396
v -0.111694 -0.075049 0.978984
v -0.116585 -0.073638 0.978984
v -0.113564 -0.072181 0.982501
v -0.120255 -0.070105 0.978984
v -0.111717 -0.066916 0.985240
v -0.118240 -0.068938 0.982501
v -0.005249 -0.002776 1.166186
v -0.005092 -0.002482 1.160541
v -0.008116 -0.002831 1.166430
v -0.006653 -0.002776 1.148189
v -0.005150 -0.005385 1.148189
v -0.009662 -0.002729 1.148906
v -0.009857 -0.003760 1.136432
v -0.012932 -0.003775 1.137439
v -0.014603 -0.005607 1.124484
v -0.011566 -0.010863 1.124484
v -0.014137 -0.005340 1.150340
v -0.022003 -0.009177 1.112079
v -0.012459 -0.004943 1.161845
v -0.012489 -0.005393 1.166926
v -0.017517 -0.006499 1.139468
v -0.013885 -0.007529 1.162280
v -0.014008 -0.007811 1.167163
v -0.015602 -0.007972 1.151057
v -0.012886 -0.009276 1.162280
v -0.013184 -0.009246 1.167163
v -0.010330 -0.009139 1.166926
v -0.019043 -0.009208 1.140483
v -0.009926 -0.009337 1.161845
v -0.005925 -0.006625 1.166430
v -0.014122 -0.010543 1.151065
v -0.011108 -0.010589 1.150340
v -0.004448 -0.004180 1.166186
v -0.004103 -0.004186 1.160541
v -0.016907 -0.012900 1.140483
v -0.006609 -0.008021 1.148906
v -0.013802 -0.012938 1.139468
v -0.009148 -0.010321 1.137439
v -0.007599 -0.007674 1.136432
v -0.017967 -0.016181 1.128604
v -0.013176 -0.013541 1.125857
v -0.023972 -0.011245 1.129970
v -0.020012 -0.018203 1.113955
v -0.018364 -0.015487 1.112071
v -0.022408 -0.008483 1.128612
v -0.021133 -0.016158 1.129970
v -0.017731 -0.005660 1.125857
v -0.024879 -0.020911 1.117694
v -0.031570 -0.014899 1.119571
v -0.028099 -0.020911 1.119571
v -0.029961 -0.012107 1.117694
v -0.025185 -0.009246 1.113955
v -0.034348 -0.026625 1.109385
v -0.039124 -0.028151 1.108508
v -0.031029 -0.024611 1.108111
v -0.039642 -0.017455 1.109385
v -0.043350 -0.020819 1.108508
v -0.028687 -0.023383 1.104922
v -0.040215 -0.029944 1.101481
v -0.034004 -0.014167 1.104922
v -0.039276 -0.029433 1.097438
v -0.049698 -0.034888 1.092402
v -0.064980 -0.040610 1.083323
v -0.066231 -0.043120 1.085170
v -0.074463 -0.045752 1.078006
v -0.067253 -0.043608 1.085994
v -0.075882 -0.048194 1.079326
v -0.031021 -0.014243 1.102405
v -0.027260 -0.020758 1.102405
v -0.037651 -0.026702 1.094974
v -0.041367 -0.020270 1.094974
v -0.048172 -0.032210 1.089969
v -0.044540 -0.020308 1.097438
v -0.051399 -0.026633 1.089969
v -0.054474 -0.026610 1.092402
v -0.067070 -0.036986 1.083323
v -0.069870 -0.036811 1.085170
v -0.077957 -0.043387 1.077434
v -0.105148 0.061158 0.982501
v -0.104675 0.066827 0.982501
v -0.109589 0.066140 0.985240
v -0.110168 0.067758 0.985240
v -0.101906 0.064935 0.978984
v -0.105530 0.066598 0.978396
v -0.113564 0.071954 0.982501
v -0.107948 0.071427 0.982501
v -0.103134 0.069879 0.978984
v -0.106804 0.073411 0.978984
v -0.105530 0.066598 0.976542
v -0.107755 0.062677 0.975945
v -0.108406 0.070634 0.978396
v -0.111694 0.074830 0.978984
v -0.108406 0.070634 0.976542
v -0.113335 0.071099 0.978396
v -0.116585 0.073419 0.978984
v -0.107472 0.066072 0.975944
v -0.109441 0.068833 0.975945
v -0.113335 0.071099 0.976542
v -0.108395 0.065827 0.974510
v -0.109940 0.067979 0.974513
v -0.107346 0.066110 0.973308
v -0.107636 0.062600 0.973308
v -0.104416 0.066896 0.970706
v -0.109375 0.068956 0.973308
v -0.112816 0.069160 0.975944
v -0.112854 0.069291 0.973308
v -0.112572 0.068223 0.974510
v -0.115753 0.067277 0.973308
v -0.114764 0.066712 0.974513
v -0.116043 0.063768 0.973308
v -0.115626 0.067208 0.975945
v -0.114014 0.060922 0.973308
v -0.109749 0.057664 0.970706
v -0.114986 0.064050 0.974510
v -0.104904 0.061013 0.970706
v -0.115909 0.063798 0.975944
v -0.110535 0.060586 0.973308
v -0.108617 0.063165 0.974513
v -0.113449 0.061891 0.974513
v -0.110817 0.061647 0.974510
v -0.110565 0.060718 0.975944
v -0.113940 0.061044 0.975945
v -0.110046 0.058770 0.976542
v -0.105942 0.061616 0.976535
v -0.105942 0.061616 0.978389
v -0.117859 0.063279 0.976542
v -0.114983 0.059243 0.976542
v -0.110046 0.058770 0.978396
v -0.117447 0.068261 0.976542
v -0.106804 0.056474 0.978984
v -0.103134 0.059999 0.978984
v -0.117447 0.068261 0.978396
v -0.109825 0.057916 0.982501
v -0.109863 0.060708 0.984645
v -0.111313 0.061128 0.984790
v -0.111694 0.055055 0.978984
v -0.113373 0.062211 0.985240
v -0.114983 0.059243 0.978396
v -0.115433 0.058457 0.982501
v -0.116585 0.056474 0.978984
v -0.117859 0.063279 0.978396
v -0.120255 0.060006 0.978984
v -0.121475 0.064927 0.978984
v -0.118706 0.063050 0.982501
v -0.120255 0.069879 0.978984
v -0.118240 0.068719 0.982501
v -0.074463 0.045526 1.078013
v -0.076263 0.042405 1.078006
v -0.067070 0.036775 1.083323
v -0.064980 0.040383 1.083323
v -0.066231 0.042894 1.085170
v -0.075882 0.047967 1.079318
v -0.048172 0.031991 1.089969
v -0.049698 0.034661 1.092402
v -0.039276 0.029214 1.097438
v -0.037651 0.026490 1.094966
v -0.027260 0.020532 1.102412
v -0.028687 0.023164 1.104922
v -0.018364 0.015260 1.112079
v -0.020012 0.017984 1.113955
v -0.011566 0.010644 1.124476
v -0.024879 0.020684 1.117686
v -0.013176 0.013314 1.125857
v -0.007599 0.007440 1.136432
v -0.009857 0.003533 1.136432
v -0.039124 0.027932 1.108508
v -0.005150 0.005159 1.148189
v -0.028099 0.020684 1.119571
v -0.006653 0.002565 1.148196
v -0.043739 0.021363 1.109538
v -0.004103 0.003951 1.160541
v -0.005092 0.002255 1.160541
v -0.004448 0.003945 1.166186
v -0.005924 0.006392 1.166430
v -0.009148 0.010102 1.137446
v -0.006609 0.007794 1.148906
v -0.017967 0.015954 1.128612
v -0.013802 0.012712 1.139468
v -0.011108 0.010362 1.150340
v -0.021133 0.015931 1.129977
v -0.016907 0.012681 1.140483
v -0.031570 0.014672 1.119571
v -0.009926 0.009111 1.161845
v -0.010330 0.008912 1.166919
v -0.014122 0.010324 1.151065
v -0.012886 0.009050 1.162280
v -0.013184 0.009019 1.167163
v -0.014008 0.007585 1.167171
v -0.023972 0.011018 1.129977
v -0.013885 0.007318 1.162280
v -0.012489 0.005166 1.166919
v -0.015602 0.007753 1.151065
v -0.019043 0.008981 1.140483
v -0.012459 0.004724 1.161845
v -0.008116 0.002612 1.166430
v -0.014137 0.005113 1.150340
v -0.017517 0.006280 1.139468
v -0.005249 0.002557 1.166186
v -0.009662 0.002502 1.148906
v -0.022408 0.008256 1.128604
v -0.012932 0.003556 1.137439
v -0.014603 0.005380 1.124476
v -0.029961 0.011888 1.117686
v -0.036247 0.015367 1.108111
v -0.017731 0.005433 1.125857
v -0.022003 0.008950 1.112071
v -0.025185 0.009027 1.113963
v -0.031021 0.014024 1.102412
v -0.034004 0.013948 1.104922
v -0.041367 0.020051 1.094966
v -0.044540 0.020089 1.097438
v -0.051399 0.026406 1.089969
v -0.054474 0.026376 1.092402
v -0.069870 0.036592 1.085170
v -0.079086 0.042405 1.079326
v -0.001778 0.126275 0.984645
v 0.006126 0.124864 0.982501
v 0.004089 0.127748 0.984797
v 0.004181 0.130082 0.985248
v 0.005867 0.121514 0.978984
v 0.000977 0.120095 0.978984
v 0.000977 0.123345 0.978396
v 0.005501 0.125489 0.978396
v 0.006126 0.135118 0.982501
v 0.000977 0.133508 0.984866
v 0.008461 0.129983 0.982501
v 0.009537 0.125047 0.978984
v 0.010765 0.129991 0.978984
v 0.005501 0.125489 0.976542
v 0.000977 0.123345 0.976542
v 0.007553 0.129991 0.978389
v 0.000977 0.125430 0.975944
v 0.009537 0.134935 0.978984
v 0.004069 0.126914 0.975944
v 0.007553 0.129991 0.976535
v 0.003398 0.127580 0.974510
v 0.005481 0.129991 0.975944
v 0.004489 0.129998 0.974513
v 0.004166 0.126809 0.973308
v 0.000977 0.122148 0.970706
v 0.006317 0.124665 0.970706
v 0.005615 0.129991 0.973308
v 0.008743 0.129983 0.970706
v 0.006317 0.135308 0.970706
v 0.004069 0.133078 0.975944
v 0.004166 0.133165 0.973308
v 0.003398 0.132386 0.974510
v 0.000977 0.134675 0.973308
v -0.004356 0.135308 0.970706
v 0.000977 0.133531 0.974513
v 0.005501 0.134492 0.976535
v 0.000977 0.134536 0.975952
v -0.002213 0.133165 0.973308
v 0.005501 0.134492 0.978396
v -0.001437 0.132386 0.974510
v -0.003662 0.129991 0.973308
v -0.004356 0.124665 0.970706
v -0.002116 0.133078 0.975944
v -0.002536 0.129998 0.974513
v -0.002213 0.126809 0.973308
v 0.000977 0.125299 0.973308
v -0.001437 0.127580 0.974510
v 0.000977 0.126443 0.974513
v -0.002116 0.126913 0.975944
v -0.003520 0.129991 0.975944
v -0.003540 0.125489 0.976542
v -0.003540 0.134492 0.976535
v -0.005600 0.129991 0.976535
v -0.003540 0.125489 0.978396
v -0.005600 0.129991 0.978389
v -0.003914 0.121514 0.978984
v 0.000977 0.122430 0.982501
v 0.000977 0.136636 0.976535
v -0.004166 0.124864 0.982501
v -0.002129 0.127748 0.984797
v -0.007584 0.125047 0.978984
v -0.001114 0.128770 0.985240
v -0.006508 0.129983 0.982501
v -0.008804 0.129991 0.978984
v -0.000526 0.130883 0.985240
v -0.007584 0.134935 0.978984
v -0.004166 0.135118 0.982501
v -0.003540 0.134492 0.978396
v -0.003914 0.138459 0.978984
v 0.000977 0.137544 0.982501
v 0.000977 0.136636 0.978389
v 0.000977 0.139871 0.978984
v 0.005867 0.138459 0.978984
v 0.005211 0.048631 1.108508
v 0.006271 0.043733 1.109385
v 0.004730 0.049356 1.109538
v 0.004448 0.035470 1.119571
v -0.002769 0.049356 1.109538
v -0.003258 0.048631 1.108508
v 0.006058 0.032685 1.117694
v 0.006195 0.039857 1.108111
v 0.006264 0.038530 1.106814
v -0.002495 0.035470 1.119571
v -0.004105 0.032685 1.117694
v -0.004234 0.039857 1.108111
v -0.004311 0.038530 1.106814
v -0.001862 0.027063 1.129977
v 0.003815 0.027063 1.129977
v -0.004189 0.027108 1.113963
v -0.003464 0.024331 1.128604
v -0.001160 0.021768 1.140483
v -0.004341 0.037210 1.104922
v -0.002785 0.034661 1.102405
v -0.002663 0.024324 1.112071
v -0.004288 0.049409 1.097438
v -0.002243 0.058503 1.089969
v -0.003601 0.018850 1.125857
v -0.002060 0.016122 1.124476
v -0.001297 0.011088 1.136432
v -0.003799 0.061166 1.092402
v -0.003372 0.065095 1.094607
v -0.002663 0.079599 1.085170
v -0.002579 0.080720 1.085994
v -0.001007 0.089891 1.077434
v -0.002739 0.019105 1.139468
v -0.002108 0.010397 1.148906
v -0.000519 0.007829 1.148196
v -0.000011 0.006320 1.160541
v -0.001206 0.009118 1.166430
v -0.002052 0.015596 1.150340
v -0.000504 0.018190 1.151065
v -0.001556 0.013940 1.161845
v -0.001190 0.014192 1.166919
v -0.000023 0.016481 1.162280
v 0.000145 0.016717 1.167163
v 0.003113 0.021768 1.140483
v 0.001976 0.016481 1.162280
v 0.001808 0.016717 1.167163
v 0.003143 0.014192 1.166919
v 0.002457 0.018190 1.151065
v 0.003517 0.013940 1.161845
v 0.003167 0.009118 1.166430
v 0.004005 0.015596 1.150340
v 0.004692 0.019105 1.139468
v 0.005425 0.024331 1.128604
v 0.004069 0.010397 1.148906
v 0.005561 0.018850 1.125857
v 0.006149 0.027108 1.113963
v 0.001964 0.006320 1.160541
v 0.001785 0.006608 1.166186
v 0.000175 0.006608 1.166186
v 0.002480 0.007829 1.148196
v 0.003250 0.011088 1.136432
v 0.004021 0.016122 1.124476
v 0.004616 0.024324 1.112071
v 0.004738 0.034661 1.102405
v -0.002731 0.046640 1.094974
v 0.006294 0.037210 1.104922
v 0.006218 0.050485 1.101481
v 0.004692 0.046640 1.094974
v 0.006241 0.049409 1.097438
v 0.004204 0.058503 1.089969
v 0.005753 0.061166 1.092402
v 0.003067 0.077256 1.083331
v -0.001114 0.077256 1.083331
v -0.000824 0.088052 1.078013
v 0.004616 0.079599 1.085170
v 0.004532 0.080720 1.085994
v 0.004189 0.090486 1.079326
v 0.041077 0.027932 1.108508
v 0.041943 0.027879 1.109538
v 0.030056 0.020684 1.119571
v 0.045692 0.021363 1.109538
v 0.045311 0.020593 1.108508
v 0.041599 0.017228 1.109385
v 0.026840 0.020684 1.117686
v 0.033527 0.014672 1.119571
v 0.023094 0.015931 1.129977
v 0.021969 0.017984 1.113955
v 0.031921 0.011888 1.117686
v 0.037094 0.014634 1.106814
v 0.030643 0.023164 1.104922
v 0.020321 0.015260 1.112079
v 0.029217 0.020532 1.102412
v 0.041229 0.029214 1.097438
v 0.015137 0.013314 1.125857
v 0.009560 0.007440 1.136432
v 0.051651 0.034661 1.092402
v 0.068188 0.042894 1.085170
v 0.069206 0.043382 1.085994
v 0.077835 0.047967 1.079318
v 0.011108 0.010102 1.137446
v 0.019920 0.015954 1.128612
v 0.008562 0.007795 1.148906
v 0.006056 0.003951 1.160541
v 0.015762 0.012712 1.139468
v 0.006401 0.003945 1.166186
v 0.007885 0.006392 1.166430
v 0.018860 0.012681 1.140483
v 0.013062 0.010362 1.150340
v 0.011879 0.009111 1.161845
v 0.012283 0.008912 1.166919
v 0.016075 0.010324 1.151065
v 0.014847 0.009050 1.162280
v 0.015137 0.009019 1.167163
v 0.015968 0.007585 1.167171
v 0.025932 0.011018 1.129977
v 0.015846 0.007318 1.162280
v 0.014450 0.005166 1.166919
v 0.017559 0.007753 1.151065
v 0.020996 0.008981 1.140483
v 0.014412 0.004724 1.161845
v 0.010069 0.002612 1.166430
v 0.016090 0.005113 1.150340
v 0.019474 0.006280 1.139468
v 0.024364 0.008256 1.128604
v 0.011623 0.002502 1.148906
v 0.014885 0.003556 1.137439
v 0.019684 0.005433 1.125857
v 0.007045 0.002255 1.160541
v 0.007210 0.002557 1.166186
v 0.008606 0.002565 1.148196
v 0.007111 0.005159 1.148189
v 0.011818 0.003533 1.136432
v 0.016563 0.005380 1.124476
v 0.013519 0.010644 1.124476
v 0.023964 0.008950 1.112071
v 0.027138 0.009027 1.113963
v 0.032978 0.014024 1.102412
v 0.035961 0.013948 1.104922
v 0.047413 0.020654 1.101474
v 0.043324 0.020051 1.094966
v 0.039612 0.026490 1.094966
v 0.046494 0.020089 1.097438
v 0.053356 0.026406 1.089969
v 0.050133 0.031991 1.089969
v 0.066940 0.040383 1.083323
v 0.056431 0.026376 1.092402
v 0.059631 0.028726 1.094607
v 0.069027 0.036775 1.083323
v 0.071831 0.036592 1.085170
v 0.072762 0.037225 1.085994
v 0.079914 0.043168 1.077434
v 0.111778 0.057916 0.982501
v 0.113640 0.062516 0.985240
v 0.115330 0.062211 0.985240
v 0.108757 0.056474 0.978984
v 0.107895 0.061616 0.978389
v 0.115177 0.064088 0.985240
v 0.116100 0.064279 0.985209
v 0.112003 0.058770 0.978396
v 0.120663 0.063050 0.982501
v 0.116699 0.066697 0.984866
v 0.117390 0.058457 0.982501
v 0.113647 0.055055 0.978984
v 0.118542 0.056474 0.978984
v 0.112003 0.058770 0.976542
v 0.107895 0.061616 0.976535
v 0.116936 0.059243 0.978396
v 0.122211 0.060006 0.978984
v 0.116936 0.059243 0.976542
v 0.119812 0.063279 0.978396
v 0.123432 0.064927 0.978984
v 0.112526 0.060718 0.975944
v 0.115901 0.061044 0.975944
v 0.119812 0.063279 0.976542
v 0.112770 0.061647 0.974510
v 0.115402 0.061891 0.974513
v 0.112488 0.060586 0.973307
v 0.115967 0.060922 0.973307
v 0.117531 0.058213 0.970706
v 0.117866 0.063798 0.975944
v 0.117996 0.063768 0.973307
v 0.116942 0.064050 0.974510
v 0.117706 0.067277 0.973307
v 0.115589 0.072221 0.970706
v 0.116721 0.066712 0.974513
v 0.114807 0.069291 0.973307
v 0.117583 0.067208 0.975944
v 0.111328 0.068956 0.973307
v 0.109768 0.071656 0.970706
v 0.114525 0.068223 0.974510
v 0.109589 0.062600 0.973307
v 0.114773 0.069160 0.975944
v 0.109299 0.066110 0.973307
v 0.110574 0.063165 0.974513
v 0.111893 0.067979 0.974513
v 0.110352 0.065827 0.974510
v 0.109429 0.066072 0.975944
v 0.109711 0.062677 0.975944
v 0.111398 0.068833 0.975944
v 0.107483 0.066598 0.976542
v 0.115292 0.071099 0.976542
v 0.110363 0.070634 0.976542
v 0.107483 0.066598 0.978396
v 0.119400 0.068261 0.976542
v 0.103867 0.064935 0.978984
v 0.105087 0.059999 0.978984
v 0.107101 0.061158 0.982501
v 0.119400 0.068261 0.978396
v 0.106632 0.066827 0.982501
v 0.110161 0.066522 0.984790
v 0.105087 0.069879 0.978984
v 0.111546 0.066140 0.985240
v 0.112129 0.067758 0.985240
v 0.110363 0.070634 0.978396
v 0.109909 0.071427 0.982501
v 0.108757 0.073411 0.978984
v 0.115292 0.071099 0.978396
v 0.113647 0.074830 0.978984
v 0.118542 0.073419 0.978984
v 0.115520 0.071954 0.982501
v 0.122208 0.069879 0.978984
v 0.113674 0.066690 0.985240
v 0.120193 0.068719 0.982501
v 0.000977 0.050836 1.090953
v 0.010918 0.049859 1.090961
v 0.020473 0.046952 1.082355
v 0.011986 0.055230 1.090953
v 0.000977 0.056321 1.090953
v 0.020477 0.046960 1.090961
v 0.011986 0.055238 1.082355
v 0.000977 0.056337 1.082355
v 0.000977 0.050836 1.082355
v 0.010918 0.049844 1.082355
v 0.022579 0.052034 1.090953
v 0.022579 0.052034 1.082355
v 0.032333 0.046815 1.082355
v 0.029278 0.042245 1.082355
v 0.032330 0.046807 1.090953
v 0.029282 0.042245 1.090961
v 0.040890 0.039804 1.082347
v 0.040890 0.039796 1.090953
v 0.047901 0.031243 1.082355
v 0.043331 0.028184 1.082355
v 0.048046 0.019387 1.082355
v 0.037006 0.035905 1.090953
v 0.037003 0.035905 1.082355
v 0.047897 0.031236 1.090961
v 0.053127 0.021485 1.082355
v 0.043335 0.028192 1.090953
v 0.048050 0.019395 1.090961
v 0.053123 0.021485 1.090961
v 0.050941 0.009828 1.090953
v 0.050938 0.009828 1.082355
v 0.051926 -0.000113 1.082355
v 0.056324 0.010896 1.090953
v 0.056328 0.010896 1.082355
v 0.051929 -0.000113 1.090953
v 0.057419 -0.000113 1.090953
v 0.057423 -0.000113 1.082355
v 0.056328 -0.011123 1.082355
v 0.050938 -0.010047 1.082355
v 0.048046 -0.019606 1.082355
v 0.056324 -0.011123 1.090953
v 0.050941 -0.010047 1.090953
v 0.053127 -0.021712 1.082355
v 0.048050 -0.019614 1.090961
v 0.053123 -0.021712 1.090961
v 0.047901 -0.031462 1.082355
v 0.043331 -0.028411 1.082355
v 0.047897 -0.031462 1.090953
v 0.037003 -0.036139 1.082355
v 0.043335 -0.028411 1.090953
v 0.037006 -0.036139 1.090953
v 0.040890 -0.040023 1.090953
v 0.040890 -0.040023 1.082355
v 0.032333 -0.047034 1.082355
v 0.029278 -0.042464 1.082355
v 0.020473 -0.047179 1.082355
v 0.032330 -0.047034 1.090953
v 0.029282 -0.042472 1.090961
v 0.022579 -0.052260 1.082355
v 0.020477 -0.047187 1.090953
v 0.022579 -0.052260 1.090961
v 0.011986 -0.055465 1.082355
v 0.010918 -0.050071 1.082355
v 0.000977 -0.051055 1.082355
v 0.011986 -0.055457 1.090961
v 0.010918 -0.050071 1.090961
v 0.000977 -0.051062 1.090961
v 0.000977 -0.056556 1.090961
v 0.000977 -0.056556 1.082355
v -0.008957 -0.050071 1.090961
v -0.008957 -0.050071 1.082355
v -0.010033 -0.055465 1.082355
v -0.010033 -0.055457 1.090961
v -0.018517 -0.047187 1.090953
v -0.018517 -0.047179 1.082355
v -0.020622 -0.052260 1.090961
v -0.020622 -0.052260 1.082355
v -0.027321 -0.042472 1.090961
v -0.030373 -0.047034 1.090953
v -0.035049 -0.036139 1.090953
v -0.035049 -0.036139 1.082355
v -0.030373 -0.047034 1.082355
v -0.027321 -0.042464 1.082355
v -0.041374 -0.028411 1.090953
v -0.041374 -0.028411 1.082355
v -0.038933 -0.040023 1.090953
v -0.045944 -0.031462 1.090953
v -0.046097 -0.019614 1.090961
v -0.046089 -0.019606 1.082355
v -0.038933 -0.040023 1.082355
v -0.045944 -0.031462 1.082355
v -0.051170 -0.021712 1.082355
v -0.051170 -0.021712 1.090961
v -0.054375 -0.011123 1.082355
v -0.054367 -0.011123 1.090961
v -0.048981 -0.010047 1.090961
v -0.048981 -0.010047 1.082355
v -0.055466 -0.000113 1.082355
v -0.049973 -0.000113 1.090953
v -0.049965 -0.000113 1.082355
v -0.055466 -0.000113 1.090953
v -0.054375 0.010896 1.082355
v -0.048981 0.009828 1.082355
v -0.054367 0.010896 1.090953
v -0.048981 0.009828 1.090953
v -0.051170 0.021485 1.082355
v -0.046089 0.019387 1.082355
v -0.046097 0.019395 1.090961
v -0.051170 0.021485 1.090961
v -0.045944 0.031236 1.082355
v -0.041374 0.028184 1.082355
v -0.045944 0.031236 1.090953
v -0.035049 0.035905 1.082355
v -0.041374 0.028192 1.090953
v -0.038933 0.039804 1.082355
v -0.035049 0.035905 1.090953
v -0.038933 0.039796 1.090961
v -0.030373 0.046807 1.082355
v -0.027321 0.042237 1.082355
v -0.030373 0.046807 1.090961
v -0.027321 0.042245 1.090961
v -0.018517 0.046960 1.090961
v -0.018517 0.046952 1.082347
v -0.020622 0.052034 1.090953
v -0.020622 0.052034 1.082355
v -0.010033 0.055238 1.082355
v -0.008957 0.049844 1.082355
v -0.010033 0.055230 1.090953
v -0.008957 0.049859 1.090961
v 0.005897 0.011750 0.906909
v -0.003937 0.011750 0.906909
v -0.005333 0.015123 0.902096
v -0.010681 0.011544 0.902096
v -0.003067 0.020227 0.899803
v -0.010544 0.017121 0.899824
v -0.003694 0.023389 0.901451
v -0.012331 0.019800 0.901463
v -0.004047 0.025151 0.906411
v -0.003641 0.023114 0.910440
v -0.013329 0.021297 0.906410
v -0.002361 0.016667 0.912663
v 0.000977 0.016626 0.912417
v -0.012170 0.019564 0.910424
v -0.008524 0.014103 0.912648
v -0.011704 0.008363 0.920675
v -0.013240 0.009388 0.912649
v -0.018714 0.013039 0.910441
v -0.018930 0.013194 0.901462
v -0.020434 0.014194 0.906410
v -0.020332 0.008714 0.910190
v -0.015794 0.003222 0.912651
v -0.013977 0.002854 0.920675
v -0.016263 0.011407 0.899824
v -0.022511 0.004557 0.901463
v -0.014252 0.006196 0.902096
v -0.019353 0.003930 0.899825
v -0.015060 -0.000113 0.902263
v -0.010887 -0.005027 0.906920
v -0.024278 0.004908 0.906410
v -0.022511 -0.004784 0.901463
v -0.019353 -0.004157 0.899825
v -0.014252 -0.006423 0.902096
v -0.010681 -0.011771 0.902096
v -0.016263 -0.011634 0.899824
v -0.018930 -0.013422 0.901462
v -0.005333 -0.015349 0.902096
v -0.010544 -0.017356 0.899824
v -0.012330 -0.020020 0.901462
v 0.000976 -0.016150 0.902263
v 0.005897 -0.011977 0.906909
v -0.003067 -0.020443 0.899825
v -0.003694 -0.023601 0.901463
v 0.007286 -0.015349 0.902096
v 0.005020 -0.020443 0.899825
v 0.005647 -0.023601 0.901463
v 0.012634 -0.011771 0.902096
v 0.012497 -0.017356 0.899824
v 0.014284 -0.020020 0.901462
v 0.016212 -0.006423 0.902096
v 0.018216 -0.011634 0.899824
v 0.020891 -0.013421 0.901462
v 0.017021 -0.000113 0.902263
v 0.012848 0.004800 0.906920
v 0.021313 -0.004157 0.899825
v 0.024464 -0.004784 0.901463
v 0.016212 0.006196 0.902096
v 0.021313 0.003930 0.899825
v 0.024464 0.004557 0.901463
v 0.012634 0.011544 0.902096
v 0.018216 0.011407 0.899824
v 0.007286 0.015123 0.902096
v 0.000976 0.015931 0.902263
v 0.012497 0.017121 0.899824
v 0.005020 0.020227 0.899803
v 0.000976 0.020051 0.900363
v 0.000976 0.023194 0.901759
v 0.020891 0.013195 0.901462
v 0.005647 0.023388 0.901452
v 0.000977 0.024949 0.906276
v 0.014283 0.019801 0.901462
v 0.006001 0.025152 0.906412
v 0.015283 0.021297 0.906410
v 0.022387 0.014193 0.906410
v 0.005594 0.023114 0.910440
v 0.000977 0.022958 0.910190
v 0.014123 0.019564 0.910425
v 0.026235 0.004908 0.906410
v 0.020667 0.013040 0.910442
v 0.004314 0.016667 0.912663
v 0.009453 0.012574 0.920674
v 0.010477 0.014104 0.912649
v 0.015193 0.009388 0.912648
v 0.013656 0.008363 0.920676
v 0.022293 0.008714 0.910190
v 0.017747 0.003222 0.912651
v 0.024216 0.004510 0.910457
v 0.026235 -0.005135 0.906410
v 0.024048 -0.000113 0.910190
v 0.017747 -0.003449 0.912651
v 0.015938 -0.003081 0.920675
v 0.024216 -0.004737 0.910457
v 0.022387 -0.014420 0.906410
v 0.022293 -0.008941 0.910190
v 0.015194 -0.009615 0.912649
v 0.020676 -0.013274 0.910457
v 0.015283 -0.021524 0.906410
v 0.017292 -0.016425 0.910190
v 0.010477 -0.014331 0.912649
v 0.014137 -0.019812 0.910457
v 0.006000 -0.025368 0.906410
v 0.009804 -0.021422 0.910190
v 0.004314 -0.016884 0.912651
v 0.003952 -0.015075 0.920674
v 0.005600 -0.023345 0.910457
v -0.004048 -0.025368 0.906410
v 0.000977 -0.023185 0.910190
v -0.002361 -0.016884 0.912651
v -0.001999 -0.015075 0.920674
v -0.003647 -0.023345 0.910457
v -0.013330 -0.021524 0.906410
v -0.007851 -0.021422 0.910190
v -0.008524 -0.014331 0.912649
v -0.007492 -0.012793 0.920676
v -0.012184 -0.019812 0.910457
v -0.020434 -0.014420 0.906410
v -0.015335 -0.016425 0.910190
v -0.013241 -0.009615 0.912649
v -0.011704 -0.008590 0.920676
v -0.018723 -0.013274 0.910457
v -0.024278 -0.005135 0.906410
v -0.020332 -0.008941 0.910190
v -0.015794 -0.003449 0.912650
v -0.022255 -0.004737 0.910457
v -0.022087 -0.000113 0.910190
v -0.022255 0.004510 0.910457
v 0.079300 0.050553 1.074763
v 0.082375 0.046884 1.076869
v 0.068447 0.044366 1.080066
v 0.057011 0.037629 1.082103
v 0.058941 0.033342 1.084422
v 0.068111 0.044175 1.075389
v 0.077866 0.049729 1.070567
v 0.079514 0.045220 1.068500
v 0.057838 0.038118 1.077472
v 0.045704 0.031037 1.080592
v 0.047752 0.032220 1.076404
v 0.070351 0.039941 1.073085
v 0.035252 0.025262 1.075213
v 0.060612 0.034318 1.075160
v 0.072895 0.035874 1.075389
v 0.082584 0.041558 1.070560
v 0.084019 0.042382 1.074756
v 0.051109 0.028833 1.074306
v 0.062511 0.030023 1.077472
v 0.073235 0.036080 1.080066
v 0.071011 0.040322 1.082400
v 0.061680 0.029542 1.082103
v 0.052364 0.024232 1.076404
v 0.050316 0.023049 1.080592
v 0.047005 0.026460 1.082667
v 0.042648 0.023950 1.070064
v 0.043392 0.018785 1.071780
v 0.040092 0.016885 1.075213
v 0.036053 0.020135 1.076938
v 0.038551 0.027169 1.071780
v 0.031403 0.011720 1.066363
v 0.035625 0.014161 1.063991
v 0.035286 0.019700 1.062823
v 0.030663 0.022760 1.063998
v 0.024631 0.008248 1.054469
v 0.029102 0.010842 1.053432
v 0.029079 0.016114 1.052943
v 0.019520 0.005944 1.035426
v 0.015335 0.008180 1.035335
v 0.023911 0.008477 1.035647
v 0.024116 0.013246 1.035777
v 0.024525 0.018769 1.053432
v 0.026440 0.020311 1.066371
v 0.026840 0.014825 1.067592
v 0.020050 0.016191 1.054469
v 0.020130 0.010949 1.055018
v 0.019886 0.015451 1.035647
v 0.015495 0.012910 1.035426
v 0.023113 0.012658 1.012340
v 0.018959 0.014817 1.012202
v 0.014648 0.012338 1.011966
v 0.022907 0.007981 1.012202
v 0.013962 0.011941 0.960933
v 0.017883 0.014207 0.960734
v 0.021820 0.011918 0.960605
v 0.013634 0.012147 0.946666
v 0.018593 0.005502 1.011966
v 0.014479 0.007684 1.011859
v 0.012482 0.012307 0.937846
v 0.012726 0.006669 0.935771
v 0.017467 0.014367 0.945643
v 0.010673 0.011720 0.934390
v 0.007309 0.010919 0.933070
v 0.015945 0.014306 0.934649
v 0.021526 0.011750 0.945102
v 0.013405 0.013276 0.928813
v 0.010666 0.011903 0.924396
v 0.006149 0.008851 0.919436
v 0.020241 0.011012 0.933156
v 0.014486 0.007683 0.921530
v 0.009155 0.004609 0.917598
v 0.000977 -0.000113 0.915195
v 0.011322 -0.000113 0.919436
v 0.016228 0.002267 0.924388
v 0.018791 0.003953 0.928813
v 0.016083 0.002366 0.934375
v 0.011856 0.006166 0.933078
v 0.020954 0.005639 0.934649
v 0.017487 0.003640 0.937839
v 0.013428 0.007074 0.939097
v 0.021763 0.006929 0.945643
v 0.017925 0.004724 0.946658
v 0.013844 0.007311 0.947185
v 0.021831 0.007371 0.960727
v 0.017906 0.005105 0.960925
v 0.084019 -0.042609 1.074763
v 0.073235 -0.036300 1.080066
v 0.061680 -0.029761 1.082103
v 0.072895 -0.036109 1.075389
v 0.082584 -0.041777 1.070567
v 0.079514 -0.045455 1.068500
v 0.062511 -0.030242 1.077472
v 0.050316 -0.023276 1.080592
v 0.047005 -0.026686 1.082667
v 0.052364 -0.024459 1.076396
v 0.070351 -0.040160 1.073085
v 0.040092 -0.017104 1.075213
v 0.036053 -0.020362 1.076938
v 0.060612 -0.034545 1.075160
v 0.068111 -0.044394 1.075389
v 0.077866 -0.049956 1.070560
v 0.079300 -0.050780 1.074763
v 0.051109 -0.029052 1.074306
v 0.057838 -0.038337 1.077472
v 0.068447 -0.044593 1.080066
v 0.071011 -0.040549 1.082400
v 0.082375 -0.047103 1.076869
v 0.057011 -0.037856 1.082103
v 0.058941 -0.033576 1.084422
v 0.047752 -0.032439 1.076404
v 0.045704 -0.031256 1.080592
v 0.042648 -0.024169 1.070064
v 0.038551 -0.027396 1.071780
v 0.035252 -0.025489 1.075213
v 0.043392 -0.019011 1.071780
v 0.026440 -0.020545 1.066363
v 0.026840 -0.015044 1.067584
v 0.030663 -0.022979 1.063991
v 0.035286 -0.019919 1.062823
v 0.035625 -0.014388 1.063998
v 0.020050 -0.016410 1.054469
v 0.020130 -0.011168 1.055018
v 0.024525 -0.018996 1.053432
v 0.029079 -0.016333 1.052943
v 0.015495 -0.013144 1.035434
v 0.019886 -0.015677 1.035647
v 0.024116 -0.013472 1.035777
v 0.029102 -0.011062 1.053432
v 0.031403 -0.011947 1.066371
v 0.024631 -0.008475 1.054469
v 0.023911 -0.008704 1.035647
v 0.019520 -0.006171 1.035426
v 0.015335 -0.008399 1.035335
v 0.023113 -0.012893 1.012340
v 0.022907 -0.008216 1.012202
v 0.018593 -0.005729 1.011966
v 0.018959 -0.015052 1.012202
v 0.017906 -0.005332 0.960925
v 0.013969 -0.007605 0.961040
v 0.021831 -0.007605 0.960727
v 0.021820 -0.012145 0.960605
v 0.017925 -0.004950 0.946658
v 0.021763 -0.007140 0.945643
v 0.017487 -0.003867 0.937839
v 0.012726 -0.006904 0.935771
v 0.014648 -0.012557 1.011966
v 0.014481 -0.007911 1.011859
v 0.016083 -0.002593 0.934375
v 0.013664 -0.000113 0.933055
v 0.013962 -0.012168 0.960933
v 0.013855 -0.007544 0.947185
v 0.017883 -0.014426 0.960734
v 0.013634 -0.012374 0.946666
v 0.013428 -0.007300 0.939097
v 0.017467 -0.014594 0.945643
v 0.012482 -0.012526 0.937846
v 0.021526 -0.011977 0.945102
v 0.015945 -0.014533 0.934649
v 0.010673 -0.011947 0.934390
v 0.007309 -0.011145 0.933070
v 0.020954 -0.005866 0.934649
v 0.013405 -0.013503 0.928813
v 0.018791 -0.004180 0.928813
v 0.020240 -0.011230 0.933157
v 0.016228 -0.002494 0.924388
v 0.014486 -0.007909 0.921531
v 0.009155 -0.004844 0.917598
v 0.006149 -0.009070 0.919444
v 0.010666 -0.012122 0.924396
v 0.005699 -0.093276 1.074763
v 0.005768 -0.080779 1.080066
v 0.005653 -0.067511 1.082103
v 0.005768 -0.080390 1.075389
v 0.005699 -0.091620 1.070560
v 0.000977 -0.090796 1.068500
v 0.005653 -0.068465 1.077472
v 0.005592 -0.054419 1.080592
v 0.005592 -0.056784 1.076404
v 0.000977 -0.080214 1.073085
v 0.005821 -0.042487 1.075213
v 0.000977 -0.068969 1.075160
v -0.003807 -0.080390 1.075389
v -0.003738 -0.091620 1.070567
v -0.003738 -0.093276 1.074763
v 0.000977 -0.057998 1.074306
v -0.003693 -0.068465 1.077472
v -0.003807 -0.080779 1.080066
v 0.000977 -0.080977 1.082400
v 0.000977 -0.094100 1.076869
v -0.003693 -0.067511 1.082103
v 0.000977 -0.067038 1.084422
v -0.003632 -0.056784 1.076404
v -0.003632 -0.054419 1.080592
v 0.000977 -0.053260 1.082667
v 0.000977 -0.048232 1.070064
v -0.003860 -0.046294 1.071780
v -0.003860 -0.042487 1.075213
v 0.000977 -0.040610 1.076938
v 0.005821 -0.046294 1.071780
v -0.003983 -0.032378 1.066363
v 0.000977 -0.029975 1.067592
v 0.000977 -0.022231 1.055018
v -0.003983 -0.037253 1.063991
v 0.000977 -0.039725 1.062823
v -0.003601 -0.029944 1.053432
v -0.003601 -0.024779 1.054469
v 0.005943 -0.037253 1.063998
v -0.003044 -0.019202 1.035426
v 0.005943 -0.032378 1.066371
v 0.005562 -0.029944 1.053432
v 0.005562 -0.024779 1.054469
v 0.000977 -0.016692 1.035335
v 0.000977 -0.032561 1.052943
v 0.005005 -0.024268 1.035647
v 0.005005 -0.019202 1.035426
v -0.003044 -0.024268 1.035647
v 0.000977 -0.026831 1.035777
v 0.000977 -0.025672 1.012340
v 0.004921 -0.023154 1.012202
v 0.004921 -0.018172 1.011966
v 0.000977 -0.015708 1.011867
v -0.002968 -0.023154 1.012202
v 0.004921 -0.017379 0.960933
v 0.000977 -0.014975 0.947200
v 0.004921 -0.021910 0.960734
v 0.000977 -0.024176 0.960620
v 0.005272 -0.017203 0.946666
v 0.000977 -0.014541 0.939097
v 0.005272 -0.021628 0.945643
v 0.005981 -0.016295 0.937846
v 0.000977 -0.013884 0.935740
v -0.002968 -0.018172 1.011966
v 0.000977 -0.015113 0.961055
v 0.006378 -0.014457 0.934390
v -0.002968 -0.017379 0.960933
v -0.002968 -0.021910 0.960734
v -0.003311 -0.017203 0.946666
v -0.003319 -0.021628 0.945643
v -0.004021 -0.016295 0.937846
v 0.000977 -0.023841 0.945102
v -0.004028 -0.020285 0.934649
v -0.004417 -0.014457 0.934390
v -0.005356 -0.011145 0.933070
v 0.005981 -0.020285 0.934649
v -0.004410 -0.017569 0.928813
v 0.006363 -0.017569 0.928813
v 0.000977 -0.022307 0.933185
v 0.006538 -0.014502 0.924396
v 0.000977 -0.019225 0.926547
v -0.004585 -0.014502 0.924396
v -0.004196 -0.009070 0.919444
v 0.000977 -0.015654 0.921565
v 0.000977 -0.009551 0.917598
v -0.003738 0.093049 1.074763
v 0.000977 0.093873 1.076869
v -0.003807 0.080560 1.080066
v -0.003693 0.067285 1.082103
v 0.000977 0.066827 1.084422
v -0.003807 0.080163 1.075389
v -0.003738 0.091401 1.070560
v 0.000977 0.090577 1.068500
v -0.003693 0.068246 1.077472
v -0.003632 0.054193 1.080592
v -0.003632 0.056558 1.076396
v 0.000977 0.079988 1.073085
v -0.003860 0.042260 1.075213
v 0.000977 0.040391 1.076938
v 0.000977 0.068742 1.075160
v 0.005768 0.080163 1.075389
v 0.005699 0.091401 1.070567
v 0.005699 0.093049 1.074763
v 0.000977 0.057771 1.074306
v 0.005646 0.068246 1.077472
v 0.005768 0.080560 1.080066
v 0.000977 0.080766 1.082400
v 0.005646 0.067285 1.082103
v 0.005592 0.056558 1.076404
v 0.005592 0.054193 1.080592
v 0.000977 0.053033 1.082667
v 0.000977 0.047998 1.070064
v 0.005821 0.046067 1.071780
v 0.005821 0.042260 1.075213
v -0.003860 0.046067 1.071780
v 0.005943 0.032151 1.066363
v 0.000977 0.029748 1.067584
v 0.000977 0.022004 1.055018
v 0.005943 0.037027 1.063991
v 0.000977 0.039506 1.062823
v 0.005562 0.029718 1.053432
v 0.005562 0.024552 1.054469
v 0.000977 0.016465 1.035335
v -0.003983 0.037027 1.063998
v 0.005005 0.018968 1.035426
v -0.003983 0.032151 1.066371
v -0.003601 0.029718 1.053432
v -0.003601 0.024552 1.054469
v 0.000977 0.032334 1.052943
v -0.003044 0.024041 1.035647
v -0.003044 0.018968 1.035426
v 0.005005 0.024041 1.035647
v 0.000977 0.026605 1.035777
v 0.000977 0.025445 1.012340
v -0.002968 0.022927 1.012202
v -0.002968 0.017945 1.011966
v 0.000977 0.015481 1.011859
v 0.004921 0.022927 1.012202
v -0.002968 0.017160 0.960933
v -0.002968 0.021691 0.960734
v 0.000977 0.023950 0.960620
v -0.003311 0.016976 0.946666
v -0.003319 0.021409 0.945643
v -0.004021 0.016069 0.937846
v 0.004921 0.017945 1.011966
v 0.000977 0.014886 0.961055
v -0.004425 0.014238 0.934390
v -0.005356 0.010919 0.933070
v 0.004921 0.017160 0.960933
v 0.000977 0.014749 0.947200
v 0.004921 0.021691 0.960734
v 0.005272 0.016976 0.946666
v 0.000977 0.014314 0.939097
v 0.005272 0.021409 0.945643
v 0.005981 0.016069 0.937846
v 0.000977 0.013658 0.935740
v 0.000977 0.023614 0.945102
v 0.005981 0.020066 0.934649
v 0.006378 0.014238 0.934390
v 0.000977 0.012849 0.933024
v -0.004028 0.020066 0.934649
v 0.006363 0.017343 0.928813
v -0.004410 0.017343 0.928813
v 0.000977 0.022129 0.933156
v -0.004585 0.014276 0.924396
v 0.000977 0.015488 0.921530
v 0.000977 0.009332 0.917598
v 0.006538 0.014276 0.924396
v -0.082062 0.042390 1.074763
v -0.069054 0.040322 1.082408
v -0.071281 0.036080 1.080066
v -0.059723 0.029542 1.082103
v -0.070938 0.035874 1.075389
v -0.080627 0.041551 1.070567
v -0.077560 0.045228 1.068500
v -0.060555 0.030030 1.077472
v -0.048355 0.023049 1.080600
v -0.045052 0.026460 1.082675
v -0.050407 0.024224 1.076396
v -0.068390 0.039941 1.073085
v -0.038139 0.016885 1.075213
v -0.034096 0.020135 1.076938
v -0.058655 0.034326 1.075160
v -0.066154 0.044175 1.075389
v -0.075905 0.049729 1.070560
v -0.077339 0.050553 1.074756
v -0.049149 0.028833 1.074298
v -0.055885 0.038118 1.077479
v -0.066490 0.044366 1.080058
v -0.080414 0.046884 1.076877
v -0.055054 0.037629 1.082103
v -0.056984 0.033342 1.084422
v -0.045799 0.032220 1.076404
v -0.043747 0.031037 1.080600
v -0.040695 0.023950 1.070056
v -0.036591 0.027169 1.071780
v -0.033295 0.025262 1.075213
v -0.041435 0.018785 1.071780
v -0.024483 0.020318 1.066363
v -0.024887 0.014825 1.067592
v -0.028709 0.022760 1.063991
v -0.033333 0.019693 1.062823
v -0.033669 0.014161 1.063998
v -0.018089 0.016191 1.054469
v -0.018173 0.010949 1.055018
v -0.022568 0.018769 1.053432
v -0.027123 0.016114 1.052943
v -0.013542 0.012918 1.035426
v -0.013382 0.008180 1.035335
v -0.017929 0.015451 1.035647
v -0.022163 0.013246 1.035777
v -0.027145 0.010835 1.053432
v -0.029449 0.011720 1.066371
v -0.022675 0.008248 1.054469
v -0.021957 0.008477 1.035647
v -0.017563 0.005944 1.035426
v -0.021156 0.012666 1.012340
v -0.020950 0.007981 1.012202
v -0.016632 0.005502 1.011966
v -0.017006 0.014817 1.012202
v -0.015953 0.005105 0.960925
v -0.012009 0.007379 0.961040
v -0.019875 0.007379 0.960727
v -0.019859 0.011918 0.960605
v -0.015968 0.004724 0.946658
v -0.019806 0.006921 0.945643
v -0.015533 0.003640 0.937839
v -0.010773 0.006669 0.935771
v -0.012688 0.012338 1.011966
v -0.012527 0.007684 1.011859
v -0.014130 0.002366 0.934375
v -0.012001 0.011941 0.960933
v -0.011894 0.007318 0.947185
v -0.015930 0.014215 0.960734
v -0.011673 0.012147 0.946666
v -0.011467 0.007074 0.939097
v -0.015511 0.014367 0.945643
v -0.010529 0.012307 0.937846
v -0.019569 0.011750 0.945102
v -0.013992 0.014306 0.934649
v -0.008713 0.011720 0.934390
v -0.018997 0.005639 0.934649
v -0.011444 0.013276 0.928813
v -0.016831 0.003953 0.928813
v -0.018242 0.010987 0.933185
v -0.014267 0.002267 0.924388
v -0.015572 0.009454 0.926547
v -0.008705 0.011911 0.924396
v -0.004196 0.008851 0.919436
v -0.012482 0.007653 0.921565
v -0.007195 0.004609 0.917598
v -0.069054 -0.040549 1.082400
v -0.077339 -0.050780 1.074763
v -0.066490 -0.044593 1.080066
v -0.055054 -0.037856 1.082103
v -0.066154 -0.044394 1.075389
v -0.075905 -0.049956 1.070560
v -0.077560 -0.045455 1.068500
v -0.055885 -0.038337 1.077472
v -0.043747 -0.031256 1.080600
v -0.045799 -0.032439 1.076396
v -0.068390 -0.040160 1.073085
v -0.033295 -0.025489 1.075213
v -0.058655 -0.034545 1.075160
v -0.070938 -0.036109 1.075389
v -0.080627 -0.041777 1.070560
v -0.082062 -0.042609 1.074763
v -0.049149 -0.029052 1.074306
v -0.060555 -0.030242 1.077472
v -0.071274 -0.036300 1.080066
v -0.080414 -0.047103 1.076869
v -0.059723 -0.029761 1.082103
v -0.056984 -0.033576 1.084422
v -0.050407 -0.024459 1.076404
v -0.048355 -0.023276 1.080592
v -0.045052 -0.026686 1.082667
v -0.040695 -0.024169 1.070064
v -0.041435 -0.019011 1.071780
v -0.038139 -0.017104 1.075213
v -0.034096 -0.020362 1.076938
v -0.036591 -0.027396 1.071780
v -0.029449 -0.011947 1.066363
v -0.033669 -0.014388 1.063991
v -0.033333 -0.019919 1.062823
v -0.028709 -0.022979 1.063998
v -0.022675 -0.008475 1.054469
v -0.027145 -0.011062 1.053432
v -0.027123 -0.016333 1.052943
v -0.017563 -0.006171 1.035426
v -0.021957 -0.008704 1.035647
v -0.022163 -0.013472 1.035777
v -0.022568 -0.018996 1.053432
v -0.024483 -0.020545 1.066371
v -0.024887 -0.015044 1.067592
v -0.018089 -0.016410 1.054469
v -0.018173 -0.011168 1.055018
v -0.017929 -0.015677 1.035647
v -0.013542 -0.013144 1.035426
v -0.013382 -0.008399 1.035335
v -0.021156 -0.012893 1.012340
v -0.017006 -0.015052 1.012202
v -0.012688 -0.012557 1.011966
v -0.020950 -0.008216 1.012202
v -0.012001 -0.012168 0.960933
v -0.011883 -0.007537 0.947185
v -0.015930 -0.014426 0.960734
v -0.019859 -0.012145 0.960605
v -0.011673 -0.012374 0.946666
v -0.011467 -0.007300 0.939097
v -0.016632 -0.005729 1.011966
v -0.012526 -0.007911 1.011859
v -0.010529 -0.012526 0.937846
v -0.015511 -0.014594 0.945643
v -0.008713 -0.011947 0.934390
v -0.013992 -0.014533 0.934649
v -0.019569 -0.011977 0.945102
v -0.011444 -0.013503 0.928813
v -0.008705 -0.012122 0.924396
v -0.018283 -0.011230 0.933157
v -0.012532 -0.007909 0.921531
v -0.007195 -0.004844 0.917598
v -0.009361 -0.000113 0.919436
v -0.014267 -0.002494 0.924388
v -0.016831 -0.004180 0.928813
v -0.014130 -0.002593 0.934375
v -0.009895 -0.006392 0.933078
v -0.010773 -0.006904 0.935771
v -0.018997 -0.005866 0.934649
v -0.015533 -0.003867 0.937839
v -0.019806 -0.007148 0.945643
v -0.015968 -0.004950 0.946658
v -0.019875 -0.007598 0.960727
v -0.015953 -0.005332 0.960925
v -0.017105 -0.028701 0.992763
v -0.017105 -0.028701 0.988963
v -0.017426 -0.029433 0.990863
v -0.021890 -0.026028 0.990866
v -0.022041 -0.025740 0.993724
v -0.016318 -0.026522 0.994680
v -0.017677 -0.027701 0.997073
v -0.022041 -0.025740 0.988002
v -0.016317 -0.026523 0.987053
v -0.017677 -0.027701 0.984652
v -0.023952 -0.025097 0.987185
v -0.018517 -0.027556 0.998958
v -0.024647 -0.023901 0.996951
v -0.022621 -0.024733 0.996356
v -0.018631 -0.026053 1.000369
v -0.018631 -0.023452 1.001269
v -0.020208 -0.023319 1.003517
v -0.021477 -0.022422 1.004886
v -0.021858 -0.020469 1.005427
v -0.024628 -0.021247 1.000384
v -0.025948 -0.018966 1.001544
v -0.021525 -0.017507 1.005093
v -0.024010 -0.016738 1.006579
v -0.026697 -0.020349 1.000040
v -0.027397 -0.016492 1.001876
v -0.025528 -0.015410 1.007060
v -0.025917 -0.013442 1.006579
v -0.028809 -0.014006 1.001544
v -0.025335 -0.010901 1.005094
v -0.028069 -0.009711 1.005427
v -0.031589 -0.011883 0.998656
v -0.031765 -0.019012 0.990855
v -0.030129 -0.011725 1.000384
v -0.029572 -0.008399 1.004886
v -0.029717 -0.006858 1.003520
v -0.031288 -0.009711 0.998691
v -0.029038 -0.005423 1.001269
v -0.031288 -0.004126 1.000369
v -0.032143 -0.008239 0.996356
v -0.033124 -0.009208 0.994548
v -0.032539 -0.003272 0.998958
v -0.032242 -0.002478 0.997073
v -0.032723 -0.007239 0.993724
v -0.032822 -0.001487 0.992770
v -0.032905 -0.006965 0.990860
v -0.030543 -0.001885 0.994688
v -0.033623 -0.001380 0.990863
v -0.032822 -0.001487 0.988963
v -0.032723 -0.007239 0.988002
v -0.032242 -0.002478 0.984652
v -0.032431 -0.010405 0.984775
v -0.032143 -0.008239 0.985370
v -0.030441 -0.002059 0.982776
v -0.032539 -0.003272 0.982776
v -0.031288 -0.004126 0.981357
v -0.028633 -0.005187 0.980456
v -0.029038 -0.005423 0.980456
v -0.029711 -0.006858 0.978209
v -0.030388 -0.013964 0.981687
v -0.029572 -0.008399 0.976840
v -0.030126 -0.011725 0.981341
v -0.028069 -0.009711 0.976298
v -0.028809 -0.014006 0.980182
v -0.025334 -0.010901 0.976632
v -0.025917 -0.013442 0.975146
v -0.025494 -0.022428 0.983078
v -0.027395 -0.016496 0.979857
v -0.023430 -0.014205 0.974681
v -0.025528 -0.015410 0.974681
v -0.024010 -0.016738 0.975146
v -0.025948 -0.018966 0.980182
v -0.021525 -0.017507 0.976633
v -0.021858 -0.020469 0.976298
v -0.024628 -0.021247 0.981341
v -0.022621 -0.024733 0.985370
v -0.023468 -0.023261 0.983043
v -0.021477 -0.022422 0.976840
v -0.019379 -0.021216 0.976840
v -0.020210 -0.023322 0.978206
v -0.018227 -0.023215 0.980456
v -0.018631 -0.023452 0.980456
v -0.018631 -0.026053 0.981357
v -0.016418 -0.026351 0.982776
v -0.018517 -0.027556 0.982776
v -0.032822 0.001245 0.992763
v -0.032822 0.001245 0.988963
v -0.033623 0.001168 0.990870
v -0.032883 0.006738 0.990863
v -0.032723 0.007012 0.993724
v -0.032242 0.002259 0.997073
v -0.032723 0.007012 0.988002
v -0.032242 0.002259 0.984652
v -0.033442 0.008449 0.992263
v -0.033100 0.008981 0.987182
v -0.032143 0.008012 0.985370
v -0.030543 0.001658 0.987053
v -0.030441 0.001832 0.982776
v -0.032539 0.003045 0.982776
v -0.031288 0.003900 0.981357
v -0.029038 0.005204 0.980456
v -0.031288 0.009477 0.983043
v -0.029717 0.006631 0.978206
v -0.031567 0.011651 0.983093
v -0.029572 0.008172 0.976840
v -0.030129 0.011499 0.981341
v -0.028069 0.009477 0.976298
v -0.028809 0.013780 0.980182
v -0.025917 0.013215 0.975146
v -0.031763 0.018796 0.990858
v -0.029238 0.015737 0.981065
v -0.027382 0.016259 0.979869
v -0.023430 0.013978 0.974681
v -0.025528 0.015191 0.974681
v -0.024010 0.016511 0.975146
v -0.025948 0.018739 0.980182
v -0.021858 0.020242 0.976298
v -0.024647 0.021032 0.981330
v -0.021525 0.017279 0.976633
v -0.021477 0.022203 0.976840
v -0.024661 0.023687 0.984763
v -0.020208 0.023089 0.978209
v -0.018227 0.022988 0.980456
v -0.018631 0.023225 0.980456
v -0.018631 0.025819 0.981357
v -0.016418 0.026132 0.982776
v -0.022621 0.024507 0.985370
v -0.018517 0.027330 0.982768
v -0.017677 0.027475 0.984652
v -0.022041 0.025514 0.988002
v -0.017105 0.028474 0.988963
v -0.021890 0.025793 0.990861
v -0.023951 0.024871 0.994548
v -0.016318 0.026304 0.987053
v -0.017426 0.029214 0.990863
v -0.017105 0.028474 0.992770
v -0.022041 0.025514 0.993724
v -0.017677 0.027475 0.997073
v -0.022621 0.024507 0.996356
v -0.025494 0.022209 0.998655
v -0.016418 0.026132 0.998958
v -0.018517 0.027330 0.998958
v -0.018631 0.025819 1.000369
v -0.018631 0.023225 1.001269
v -0.023468 0.023034 0.998691
v -0.020210 0.023095 1.003520
v -0.019379 0.020990 1.004886
v -0.024635 0.021020 1.000384
v -0.021477 0.022203 1.004886
v -0.021858 0.020242 1.005427
v -0.025948 0.018739 1.001544
v -0.024010 0.016511 1.006579
v -0.027394 0.016268 1.001876
v -0.030416 0.013738 1.000048
v -0.021525 0.017280 1.005093
v -0.025528 0.015191 1.007060
v -0.025917 0.013215 1.006579
v -0.025334 0.010682 1.005093
v -0.028809 0.013780 1.001544
v -0.028069 0.009477 1.005427
v -0.030129 0.011506 1.000384
v -0.032163 0.008012 0.996363
v -0.031288 0.009477 0.998691
v -0.029572 0.008172 1.004886
v -0.027473 0.006974 1.004886
v -0.029717 0.006631 1.003520
v -0.029038 0.005204 1.001269
v -0.031288 0.003900 1.000369
v -0.030441 0.001832 0.998958
v -0.032539 0.003045 0.998958
v 0.017288 0.028001 0.990863
v 0.019058 0.028474 0.992763
v 0.019058 0.028474 0.988963
v 0.019386 0.029214 0.990863
v 0.023847 0.025808 0.990866
v 0.023994 0.025514 0.993724
v 0.019634 0.027475 0.997073
v 0.023994 0.025514 0.988002
v 0.019634 0.027475 0.984652
v 0.018372 0.026124 0.998958
v 0.018275 0.026304 0.994680
v 0.025908 0.024878 0.987185
v 0.020470 0.027345 0.998958
v 0.026600 0.023674 0.996951
v 0.024574 0.024514 0.996356
v 0.020588 0.025827 1.000369
v 0.020180 0.022981 1.001269
v 0.020588 0.023225 1.001269
v 0.022161 0.023089 1.003517
v 0.021336 0.020990 1.004886
v 0.023434 0.022203 1.004886
v 0.023811 0.020242 1.005427
v 0.026588 0.021020 1.000384
v 0.027904 0.018739 1.001544
v 0.025967 0.016511 1.006579
v 0.028658 0.020122 1.000040
v 0.025383 0.013978 1.007060
v 0.029354 0.016265 1.001876
v 0.027481 0.015191 1.007060
v 0.027870 0.013215 1.006579
v 0.030769 0.013772 1.001544
v 0.030022 0.009492 1.005427
v 0.033546 0.011657 0.998656
v 0.033718 0.018794 0.990853
v 0.032085 0.011499 1.000384
v 0.027291 0.010690 1.005094
v 0.031528 0.008180 1.004886
v 0.031670 0.006631 1.003520
v 0.030586 0.004968 1.001269
v 0.033249 0.009492 0.998691
v 0.030994 0.005204 1.001269
v 0.033245 0.003900 1.000369
v 0.034100 0.008012 0.996356
v 0.035057 0.008974 0.994551
v 0.034492 0.003045 0.998958
v 0.034199 0.002252 0.997073
v 0.034679 0.007012 0.993724
v 0.032499 0.001658 0.994688
v 0.034775 0.001260 0.992770
v 0.034836 0.006738 0.990863
v 0.035395 0.008456 0.989463
v 0.033478 -0.000052 0.990863
v 0.035576 0.001168 0.990863
v 0.034775 0.001260 0.988963
v 0.034679 0.007012 0.988002
v 0.034199 0.002252 0.984652
v 0.034120 0.008012 0.985362
v 0.032369 0.013739 0.981677
v 0.032394 0.001832 0.982776
v 0.032499 0.001658 0.987053
v 0.034492 0.003045 0.982776
v 0.033245 0.003900 0.981357
v 0.030586 0.004968 0.980456
v 0.030994 0.005204 0.980456
v 0.033249 0.009492 0.983043
v 0.031670 0.006631 0.978206
v 0.032085 0.011499 0.981341
v 0.031528 0.008180 0.976840
v 0.030022 0.009492 0.976298
v 0.030769 0.013772 0.980182
v 0.027291 0.010690 0.976632
v 0.027870 0.013215 0.975146
v 0.029351 0.016269 0.979857
v 0.027451 0.022216 0.983078
v 0.027481 0.015191 0.974681
v 0.025967 0.016511 0.975146
v 0.027904 0.018739 0.980182
v 0.023811 0.020242 0.976298
v 0.026588 0.021020 0.981341
v 0.024574 0.024514 0.985370
v 0.025429 0.023034 0.983043
v 0.023434 0.022203 0.976840
v 0.022163 0.023095 0.978206
v 0.020180 0.022981 0.980456
v 0.020588 0.023225 0.980456
v 0.020588 0.025827 0.981357
v 0.018274 0.026304 0.987053
v 0.020470 0.027345 0.982776
v 0.033482 -0.000182 0.990863
v 0.034775 -0.001479 0.992763
v 0.034775 -0.001479 0.988963
v 0.035576 -0.001387 0.990863
v 0.034858 -0.006965 0.990866
v 0.034679 -0.007232 0.993724
v 0.034199 -0.002486 0.997073
v 0.034679 -0.007232 0.988002
v 0.034199 -0.002486 0.984652
v 0.034492 -0.003272 0.998958
v 0.034492 -0.003272 0.982776
v 0.033249 -0.004134 1.000369
v 0.030586 -0.005187 1.001269
v 0.034100 -0.008239 0.996356
v 0.030994 -0.005423 1.001269
v 0.034392 -0.010405 0.996951
v 0.031668 -0.006858 1.003517
v 0.035081 -0.009208 0.987185
v 0.031528 -0.008399 1.004886
v 0.034100 -0.008239 0.985370
v 0.033249 -0.004134 0.981357
v 0.030586 -0.005187 0.980456
v 0.030994 -0.005423 0.980456
v 0.033249 -0.009711 0.983043
v 0.031673 -0.006858 0.978206
v 0.030022 -0.009711 1.005427
v 0.031528 -0.008399 0.976840
v 0.032083 -0.011725 1.000384
v 0.030022 -0.009711 0.976298
v 0.032085 -0.011725 0.981341
v 0.030769 -0.014006 1.001544
v 0.027295 -0.010901 1.005093
v 0.027870 -0.013442 1.006579
v 0.033524 -0.011863 0.983093
v 0.030769 -0.014006 0.980182
v 0.027870 -0.013442 0.975146
v 0.033717 -0.019014 0.990855
v 0.031195 -0.015964 0.981065
v 0.032342 -0.013964 1.000039
v 0.029339 -0.016486 0.979869
v 0.029351 -0.016495 1.001876
v 0.027295 -0.010901 0.976632
v 0.025383 -0.014205 0.974681
v 0.025383 -0.014205 1.007060
v 0.027481 -0.015410 0.974681
v 0.027481 -0.015410 1.007060
v 0.025967 -0.016738 0.975146
v 0.025967 -0.016738 1.006579
v 0.027904 -0.018966 0.980182
v 0.023482 -0.017507 0.976633
v 0.023815 -0.020469 0.976298
v 0.027904 -0.018966 1.001544
v 0.023815 -0.020469 1.005427
v 0.026600 -0.021258 0.981330
v 0.027451 -0.022428 0.998655
v 0.026588 -0.021247 1.000384
v 0.023482 -0.017507 1.005093
v 0.023434 -0.022422 1.004886
v 0.022163 -0.023322 1.003520
v 0.025429 -0.023261 0.998691
v 0.020588 -0.023452 1.001269
v 0.020588 -0.026053 1.000369
v 0.018372 -0.026343 0.998958
v 0.024574 -0.024733 0.996356
v 0.020470 -0.027556 0.998958
v 0.019638 -0.027701 0.997073
v 0.025908 -0.025098 0.994548
v 0.023994 -0.025733 0.993724
v 0.019058 -0.028701 0.992770
v 0.026614 -0.023914 0.984763
v 0.023847 -0.026028 0.990861
v 0.019386 -0.029433 0.990863
v 0.019058 -0.028701 0.988963
v 0.023994 -0.025733 0.988002
v 0.019638 -0.027701 0.984652
v 0.024574 -0.024733 0.985370
v 0.018275 -0.026522 0.987053
v 0.020470 -0.027556 0.982776
v 0.020588 -0.026053 0.981357
v 0.020180 -0.023215 0.980456
v 0.020588 -0.023452 0.980456
v 0.022161 -0.023319 0.978209
v 0.023434 -0.022422 0.976840
v -0.068260 0.056695 1.057750
v -0.071510 0.058152 1.057956
v -0.071655 0.057107 1.060237
v -0.074112 0.058869 1.057635
v -0.074120 0.057572 1.061313
v -0.073792 0.058084 1.064021
v -0.067688 0.057443 1.066226
v -0.069702 0.057206 1.064319
v -0.066299 0.056047 1.067660
v -0.067390 0.056169 1.068408
v -0.065323 0.056222 1.071246
v -0.065422 0.055642 1.069285
v -0.062042 0.054589 1.071651
v -0.064835 0.055055 1.073138
v -0.067215 0.056039 1.076411
v -0.065796 0.055017 1.075160
v -0.070610 0.055902 1.077434
v -0.073189 0.057183 1.078761
v -0.071228 0.055848 1.079158
v -0.075612 0.056920 1.079220
v 0.085144 0.030580 1.066226
v 0.081985 0.028108 1.064746
v 0.083900 0.030954 1.068408
v 0.082920 0.029138 1.071246
v 0.082829 0.030641 1.073520
v 0.083694 0.030877 1.076411
v 0.081165 0.029740 1.078670
v 0.083916 0.032540 1.078006
v 0.085274 0.033876 1.077434
v 0.087681 0.035470 1.078761
v 0.086498 0.035897 1.082057
v 0.088669 0.037698 1.079221
v -0.027473 -0.007186 0.976832
v -0.030542 -0.001885 0.987053
v -0.025391 -0.010802 0.991916
v -0.031525 -0.000174 0.990863
v -0.030441 -0.002059 0.998958
v -0.028633 -0.005187 1.001269
v -0.021462 -0.017608 0.989818
v -0.027473 -0.007186 1.004886
v -0.023430 -0.014205 1.007060
v -0.015327 -0.028228 0.990863
v -0.021988 -0.016692 0.993739
v -0.019379 -0.021216 1.004886
v -0.016418 -0.026351 0.998958
v -0.018227 -0.023215 1.001269
v -0.021988 0.016458 0.987994
v -0.019379 0.020990 0.976832
v -0.021462 0.017381 0.991916
v -0.015335 0.028001 0.990863
v -0.016317 0.026304 0.994688
v -0.025334 0.010682 0.976632
v -0.027473 0.006974 0.976840
v -0.018227 0.022988 1.001269
v -0.028633 0.004968 0.980456
v -0.025391 0.010583 0.989818
v -0.023430 0.013978 1.007060
v -0.031525 -0.000045 0.990863
v -0.030543 0.001658 0.994680
v -0.028633 0.004968 1.001269
v 0.014999 0.028070 0.982776
v 0.009071 0.028070 0.976840
v 0.015198 0.028070 0.987056
v 0.015198 0.028070 0.994685
v 0.014999 0.028070 0.998958
v -0.007118 0.028070 0.976840
v -0.009430 0.028070 0.980456
v -0.002953 0.028070 0.989818
v 0.009071 0.028070 1.004886
v -0.013237 0.028070 0.987056
v -0.002831 0.028070 1.005084
v -0.013046 0.028070 0.998958
v 0.029430 0.006959 0.976840
v 0.024857 0.014894 0.986949
v 0.025383 0.013978 0.974681
v 0.023482 0.017280 0.976633
v 0.032394 0.001832 0.998958
v 0.021336 0.020990 0.976840
v 0.025909 0.013070 0.994792
v 0.029430 0.006959 1.004886
v 0.018372 0.026124 0.982776
v 0.023482 0.017280 1.005093
v 0.023945 0.016473 0.993739
v 0.018372 -0.026343 0.982776
v 0.021336 -0.021216 0.976840
v 0.025909 -0.013289 0.986949
v 0.017288 -0.028228 0.990863
v 0.018274 -0.026523 0.994688
v 0.029430 -0.007201 0.976840
v 0.020180 -0.023215 1.001269
v 0.024857 -0.015113 0.994792
v 0.021336 -0.021216 1.004886
v 0.032394 -0.002059 0.982776
v 0.032503 -0.001885 0.987053
v 0.032503 -0.001885 0.994680
v 0.029430 -0.007201 1.004886
v 0.032394 -0.002059 0.998958
v -0.013046 -0.028296 0.982776
v -0.009430 -0.028296 0.980456
v -0.007118 -0.028296 0.976840
v 0.002029 -0.028296 0.986949
v -0.015213 -0.028296 0.990863
v -0.013046 -0.028296 0.998958
v 0.011383 -0.028296 0.980456
v -0.000076 -0.028296 0.994792
v 0.014999 -0.028296 0.982776
v 0.015198 -0.028296 0.987056
v 0.004791 -0.028296 1.005084
v 0.009071 -0.028296 1.004886
v -0.013260 -0.084479 1.078670
v -0.013550 -0.087241 1.076411
v -0.014656 -0.085700 1.071246
v -0.013886 -0.084685 1.073138
v -0.013580 -0.087462 1.068408
v -0.011559 -0.092986 1.078761
v -0.011383 -0.090621 1.079158
v -0.010597 -0.092177 1.082057
v -0.014526 -0.088347 1.066226
v -0.014023 -0.086463 1.067660
v -0.015091 -0.084380 1.064746
v -0.013321 -0.089980 1.064326
v -0.012039 -0.093962 1.064021
v -0.010735 -0.098853 1.061648
v -0.011436 -0.093993 1.061313
v -0.012558 -0.094642 1.057628
v -0.013237 -0.092025 1.057948
v -0.012260 -0.091620 1.060237
v -0.012932 -0.091224 1.055652
v -0.013596 -0.088477 1.057757
v 0.015221 0.084260 1.078670
v 0.015503 0.087014 1.076411
v 0.014168 0.088052 1.078013
v 0.016617 0.085473 1.071246
v 0.015846 0.084458 1.073138
v 0.016060 0.085267 1.069278
v 0.016479 0.088136 1.066226
v 0.015984 0.086244 1.067660
v 0.113647 -0.065162 0.965678
v 0.111710 -0.057883 0.970706
v 0.006317 -0.135535 0.970706
v 0.000977 -0.130210 0.965678
v 0.000977 -0.138053 0.970706
v 0.008743 -0.130210 0.970706
v -0.004356 -0.135535 0.970706
v 0.000977 -0.122374 0.970706
v -0.004356 -0.124892 0.970706
v -0.113632 -0.072448 0.970706
v -0.111694 -0.065162 0.965678
v -0.118485 -0.069083 0.970706
v -0.107811 -0.071883 0.970706
v -0.104416 -0.067122 0.970706
v -0.118965 0.062966 0.970706
v -0.111694 0.064935 0.965678
v -0.118485 0.068849 0.970706
v -0.115570 0.058213 0.970706
v -0.113632 0.072221 0.970706
v -0.107811 0.071656 0.970706
v 0.000977 0.129991 0.965678
v 0.000977 0.137834 0.970706
v -0.006783 0.129983 0.970706
v 0.113647 0.064935 0.965678
v 0.120438 0.068849 0.970706
v 0.120926 0.062966 0.970706
v 0.106373 0.066896 0.970706
v 0.106857 0.061013 0.970706
v 0.111710 0.057664 0.970706
v 0.011093 -0.015265 0.929484
v 0.009994 -0.015731 0.929729
v 0.011475 -0.015868 0.925250
v 0.012848 -0.018401 0.927028
v 0.012657 -0.017852 0.920550
v 0.015442 -0.023116 0.925197
v 0.017212 -0.028228 0.926326
v 0.014580 -0.021140 0.917811
v 0.018135 -0.027930 0.925776
v 0.019180 -0.031638 0.928500
v 0.013481 -0.019225 0.916781
v 0.012230 -0.019599 0.916980
v 0.020157 -0.031447 0.928172
v 0.018737 -0.027436 0.920679
v 0.012367 -0.017234 0.913028
v 0.012947 -0.020842 0.910289
v 0.014198 -0.020377 0.910663
v 0.015266 -0.022239 0.910457
v 0.014778 -0.021308 0.906314
v 0.013420 -0.021659 0.906199
v 0.013939 -0.022559 0.901256
v 0.021671 -0.031981 0.909068
v 0.015251 -0.022078 0.901408
v 0.016113 -0.023528 0.897716
v 0.017559 -0.026084 0.902339
v 0.017494 -0.028716 0.898166
v 0.019802 -0.027732 0.898463
v 0.021572 -0.031653 0.902263
v 0.022171 -0.031913 0.894069
v 0.023582 -0.034941 0.892207
v 0.020225 -0.033454 0.908877
v 0.023516 -0.035320 0.915022
v 0.022098 -0.036696 0.914668
v 0.022484 -0.033118 0.896823
v 0.029125 -0.045270 0.926085
v 0.027801 -0.046569 0.925723
v 0.024522 -0.036351 0.928337
v 0.031311 -0.049170 0.933009
v 0.021091 -0.033110 0.929935
v 0.025884 -0.037683 0.931371
v 0.028763 -0.040996 0.936218
v 0.031937 -0.050330 0.938334
v 0.030743 -0.051665 0.938289
v 0.030571 -0.051368 0.944034
v 0.023640 -0.033187 0.931392
v 0.031757 -0.050078 0.943889
v 0.029427 -0.049384 0.949214
v 0.023772 -0.032055 0.935097
v 0.020611 -0.029453 0.933151
v 0.026492 -0.035196 0.939951
v 0.017757 -0.026305 0.937861
v 0.022117 -0.029583 0.939430
v 0.017731 -0.025946 0.942996
v 0.016067 -0.026252 0.943080
v 0.018700 -0.027594 0.948047
v 0.018959 -0.031256 0.952571
v 0.020520 -0.030733 0.952137
v 0.027353 -0.039028 0.945815
v 0.022892 -0.034995 0.954326
v 0.030586 -0.048201 0.948894
v 0.027164 -0.045462 0.953036
v 0.025627 -0.039733 0.954516
v 0.028370 -0.044440 0.952571
v 0.010109 -0.018531 0.913028
v 0.011024 -0.017516 0.912913
v 0.011276 -0.020499 0.916781
v 0.011925 -0.021697 0.910663
v 0.013985 -0.022635 0.910213
v 0.013367 -0.021567 0.917842
v 0.012993 -0.023551 0.910457
v 0.012390 -0.022406 0.917811
v 0.012436 -0.022658 0.906314
v 0.010506 -0.019095 0.920550
v 0.011421 -0.018203 0.920421
v 0.010292 -0.016250 0.925250
v 0.012863 -0.023459 0.901408
v 0.013687 -0.024932 0.897716
v 0.014893 -0.024207 0.897433
v 0.015182 -0.027457 0.902339
v 0.016365 -0.026763 0.902026
v 0.018234 -0.033965 0.909068
v 0.015488 -0.030219 0.898463
v 0.019985 -0.033034 0.893825
v 0.017998 -0.033721 0.902263
v 0.017918 -0.034362 0.894069
v 0.018810 -0.035239 0.896823
v 0.019840 -0.037108 0.892207
v 0.021770 -0.036124 0.892062
v 0.020840 -0.034514 0.896899
v 0.020065 -0.033171 0.902347
v 0.020199 -0.037235 0.915022
v 0.024593 -0.041014 0.919635
v 0.015761 -0.029152 0.920680
v 0.026016 -0.047062 0.926085
v 0.020589 -0.038618 0.928338
v 0.013672 -0.024138 0.925197
v 0.028297 -0.050910 0.933009
v 0.030071 -0.050505 0.932803
v 0.028987 -0.052031 0.938334
v 0.022493 -0.044611 0.936218
v 0.028860 -0.051748 0.943889
v 0.021061 -0.040462 0.931371
v 0.027821 -0.049796 0.948894
v 0.018579 -0.039765 0.939957
v 0.025659 -0.046014 0.952574
v 0.024338 -0.040572 0.955066
v 0.022961 -0.041267 0.954516
v 0.020213 -0.036536 0.954329
v 0.021492 -0.035643 0.954860
v 0.017747 -0.032335 0.952133
v 0.017244 -0.035823 0.935097
v 0.015915 -0.029197 0.948047
v 0.017059 -0.027968 0.948329
v 0.015933 -0.033151 0.939430
v 0.014976 -0.027541 0.942996
v 0.016251 -0.026564 0.937755
v 0.015274 -0.027739 0.937861
v 0.017896 -0.029412 0.932291
v 0.016568 -0.031783 0.933151
v 0.018288 -0.036277 0.931392
v 0.019497 -0.034026 0.929935
v 0.020138 -0.033294 0.929935
v 0.018528 -0.032386 0.928172
v 0.016495 -0.028884 0.925776
v 0.014572 -0.023658 0.925754
v 0.011909 -0.019049 0.927463
v 0.010879 -0.019530 0.927028
v 0.009041 -0.016448 0.929484
v 0.009376 -0.017074 0.925250
v -0.008156 -0.018531 0.913028
v -0.009323 -0.020499 0.916781
v -0.009964 -0.021697 0.910663
v -0.012024 -0.022635 0.910213
v -0.011406 -0.021567 0.917842
v -0.011040 -0.023551 0.910457
v -0.010429 -0.022406 0.917811
v -0.010483 -0.022658 0.906314
v -0.011459 -0.021659 0.906199
v -0.008545 -0.019095 0.920550
v -0.010902 -0.023459 0.901408
v -0.011734 -0.024932 0.897716
v -0.012932 -0.024207 0.897433
v -0.013222 -0.027457 0.902339
v -0.014412 -0.026763 0.902026
v -0.016274 -0.033965 0.909068
v -0.013527 -0.030219 0.898463
v -0.016045 -0.033721 0.902263
v -0.015961 -0.034362 0.894069
v -0.016853 -0.035239 0.896823
v -0.017883 -0.037108 0.892207
v -0.018883 -0.034514 0.896899
v -0.018105 -0.033171 0.902347
v -0.018242 -0.037235 0.915022
v -0.020142 -0.036696 0.914668
v -0.013801 -0.029152 0.920679
v -0.024063 -0.047062 0.926085
v -0.018636 -0.038618 0.928337
v -0.011711 -0.024138 0.925197
v -0.026344 -0.050910 0.933009
v -0.027031 -0.052031 0.938334
v -0.028786 -0.051665 0.938289
v -0.020532 -0.044613 0.936218
v -0.026899 -0.051749 0.943889
v -0.028618 -0.051368 0.944034
v -0.027466 -0.049384 0.949214
v -0.019108 -0.040462 0.931371
v -0.025864 -0.049796 0.948894
v -0.016636 -0.039760 0.939955
v -0.023705 -0.046014 0.952574
v -0.022377 -0.040572 0.955066
v -0.021008 -0.041268 0.954516
v -0.018226 -0.036549 0.954335
v -0.015291 -0.035823 0.935097
v -0.015816 -0.032325 0.952128
v -0.017006 -0.031256 0.952571
v -0.013943 -0.033164 0.939435
v -0.013962 -0.029197 0.948047
v -0.013023 -0.027541 0.942996
v -0.013321 -0.027739 0.937861
v -0.015943 -0.029412 0.932291
v -0.014615 -0.031783 0.933151
v -0.016335 -0.036277 0.931392
v -0.017540 -0.034026 0.929935
v -0.018181 -0.033294 0.929935
v -0.016571 -0.032386 0.928172
v -0.014534 -0.028884 0.925776
v -0.008926 -0.019530 0.927028
v -0.007080 -0.016448 0.929484
v -0.007416 -0.017074 0.925250
v -0.008339 -0.016250 0.925250
v -0.008041 -0.015731 0.929729
v -0.009140 -0.015265 0.929484
v -0.009956 -0.019049 0.927463
v -0.009514 -0.015868 0.925250
v -0.009468 -0.018203 0.920421
v -0.010887 -0.018401 0.927028
v -0.010696 -0.017852 0.920550
v -0.013481 -0.023116 0.925197
v -0.012619 -0.023658 0.925754
v -0.015259 -0.028228 0.926326
v -0.012627 -0.021140 0.917811
v -0.016182 -0.027930 0.925776
v -0.017220 -0.031638 0.928500
v -0.011528 -0.019225 0.916781
v -0.010269 -0.019599 0.916980
v -0.018196 -0.031447 0.928172
v -0.016780 -0.027436 0.920680
v -0.013306 -0.022239 0.910457
v -0.010407 -0.017234 0.913028
v -0.009071 -0.017516 0.912913
v -0.010986 -0.020842 0.910289
v -0.012238 -0.020377 0.910663
v -0.019135 -0.033110 0.929935
v -0.012817 -0.021308 0.906314
v -0.011986 -0.022559 0.901256
v -0.022565 -0.036351 0.928338
v -0.013298 -0.022078 0.901408
v -0.019714 -0.031981 0.909068
v -0.014160 -0.023528 0.897716
v -0.015602 -0.026084 0.902339
v -0.015534 -0.028716 0.898166
v -0.021559 -0.035320 0.915022
v -0.017845 -0.027732 0.898463
v -0.018028 -0.033034 0.893825
v -0.019615 -0.031653 0.902263
v -0.018272 -0.033454 0.908877
v -0.022636 -0.041014 0.919635
v -0.020523 -0.033118 0.896823
v -0.019814 -0.036124 0.892062
v -0.027168 -0.045270 0.926085
v -0.025848 -0.046569 0.925723
v -0.021629 -0.034941 0.892207
v -0.020218 -0.031913 0.894069
v -0.029358 -0.049170 0.933009
v -0.028114 -0.050505 0.932803
v -0.023927 -0.037683 0.931371
v -0.026802 -0.040996 0.936218
v -0.029976 -0.050330 0.938334
v -0.029799 -0.050078 0.943889
v -0.021683 -0.033187 0.931392
v -0.028633 -0.048201 0.948894
v -0.025208 -0.045462 0.953036
v -0.018654 -0.029453 0.933151
v -0.021867 -0.032009 0.935097
v -0.015801 -0.026305 0.937861
v -0.014298 -0.026564 0.937755
v -0.024572 -0.035172 0.939959
v -0.015781 -0.025935 0.942996
v -0.014114 -0.026252 0.943080
v -0.015106 -0.027968 0.948329
v -0.016786 -0.027553 0.948053
v -0.026429 -0.044433 0.952574
v -0.018529 -0.030758 0.952128
v -0.019539 -0.035643 0.954860
v -0.023677 -0.039733 0.954516
v -0.020949 -0.034985 0.954329
v -0.024941 -0.000113 0.901256
v -0.026848 -0.000113 0.897433
v -0.026871 -0.001517 0.897716
v -0.029800 -0.000113 0.902026
v -0.025177 -0.001502 0.901408
v -0.023895 -0.000113 0.906199
v -0.029808 -0.001487 0.902339
v -0.024277 -0.001464 0.906314
v -0.025024 -0.000113 0.910213
v -0.032349 -0.002601 0.898463
v -0.032051 -0.000113 0.898166
v -0.037041 -0.000113 0.893825
v -0.025330 -0.001426 0.910457
v -0.037155 -0.002570 0.894069
v -0.036972 -0.002097 0.909068
v -0.040489 -0.002272 0.892207
v -0.040604 -0.000113 0.892062
v -0.038742 -0.000113 0.896899
v -0.038353 -0.002227 0.896823
v -0.036636 -0.002173 0.902263
v -0.037193 -0.000113 0.902347
v -0.037514 -0.000113 0.908877
v -0.041260 -0.000113 0.914668
v -0.040776 -0.002036 0.915022
v -0.046249 -0.000113 0.919635
v -0.031565 -0.001829 0.920679
v -0.052205 -0.001906 0.926084
v -0.052666 -0.000113 0.925723
v -0.057205 -0.000113 0.932803
v -0.042178 -0.002379 0.928337
v -0.056671 -0.001853 0.933002
v -0.058548 -0.000113 0.938289
v -0.044011 -0.002896 0.931370
v -0.057991 -0.001815 0.938334
v -0.048317 -0.003731 0.936218
v -0.057682 -0.001785 0.943889
v -0.058212 -0.000113 0.944034
v -0.038078 -0.003881 0.935097
v -0.055473 -0.001708 0.948894
v -0.055916 -0.000113 0.949214
v -0.042165 -0.004684 0.939955
v -0.051110 -0.001688 0.952574
v -0.045662 -0.001640 0.954516
v -0.040178 -0.001704 0.954335
v -0.035109 -0.003707 0.939435
v -0.035317 -0.001670 0.952128
v -0.031677 -0.001716 0.948047
v -0.029770 -0.001700 0.942996
v -0.030098 -0.001548 0.937861
v -0.034245 -0.002445 0.933151
v -0.038994 -0.003203 0.931392
v -0.037651 -0.001037 0.929935
v -0.035751 -0.001052 0.928172
v -0.035423 -0.000113 0.928500
v -0.031693 -0.001052 0.925776
v -0.031487 -0.000113 0.926326
v -0.026177 -0.001136 0.925197
v -0.026207 -0.000113 0.925754
v -0.024033 -0.001380 0.917811
v -0.020790 -0.001243 0.927028
v -0.023186 -0.001426 0.910663
v -0.017197 -0.001296 0.929484
v -0.017059 -0.000113 0.929729
v -0.017654 -0.000113 0.925250
v -0.019539 -0.001410 0.913028
v -0.017914 -0.001334 0.925250
v -0.021828 -0.001387 0.916781
v -0.023796 -0.000113 0.917842
v -0.020226 -0.001357 0.920550
v -0.019905 -0.000113 0.920421
v -0.026871 0.001290 0.897716
v -0.025177 0.001275 0.901408
v -0.029808 0.001260 0.902339
v -0.024277 0.001237 0.906314
v -0.032349 0.002381 0.898463
v -0.025330 0.001199 0.910457
v -0.037155 0.002336 0.894069
v -0.036972 0.001878 0.909068
v -0.040489 0.002053 0.892207
v -0.038353 0.002000 0.896823
v -0.036636 0.001954 0.902263
v -0.040776 0.001794 0.915022
v -0.031565 0.001602 0.920680
v -0.052206 0.001680 0.926084
v -0.042178 0.002159 0.928338
v -0.056671 0.001626 0.933009
v -0.044011 0.002676 0.931370
v -0.057991 0.001588 0.938334
v -0.048317 0.003509 0.936218
v -0.057682 0.001558 0.943889
v -0.042163 0.004470 0.939957
v -0.055473 0.001489 0.948894
v -0.051392 -0.000113 0.953036
v -0.051110 0.001460 0.952574
v -0.045738 -0.000113 0.955066
v -0.045662 0.001429 0.954516
v -0.040184 0.001445 0.954329
v -0.040054 -0.000113 0.954860
v -0.035314 0.001478 0.952133
v -0.034988 -0.000113 0.952571
v -0.031189 -0.000113 0.948329
v -0.038078 0.003654 0.935097
v -0.031677 0.001496 0.948047
v -0.029205 -0.000113 0.943080
v -0.035114 0.003455 0.939430
v -0.029770 0.001474 0.942996
v -0.030098 0.001321 0.937861
v -0.029572 -0.000113 0.937755
v -0.032859 -0.000113 0.932288
v -0.034245 0.002233 0.933151
v -0.038994 0.002977 0.931392
v -0.037651 0.000810 0.929935
v -0.037338 -0.000113 0.929935
v -0.035751 0.000825 0.928172
v -0.031693 0.000840 0.925776
v -0.026177 0.000909 0.925197
v -0.020882 -0.000113 0.927463
v -0.024033 0.001153 0.917811
v -0.020790 0.001023 0.927028
v -0.023186 0.001191 0.910663
v -0.022957 -0.000113 0.910289
v -0.017197 0.001077 0.929484
v -0.019539 0.001191 0.913028
v -0.019119 -0.000113 0.912913
v -0.017914 0.001107 0.925250
v -0.021828 0.001153 0.916781
v -0.021523 -0.000113 0.916980
v -0.020226 0.001138 0.920550
v -0.009140 0.015039 0.929484
v -0.008041 0.015519 0.929729
v -0.009956 0.018823 0.927463
v -0.009514 0.015641 0.925250
v -0.009468 0.017976 0.920421
v -0.010887 0.018174 0.927028
v -0.010696 0.017625 0.920550
v -0.011406 0.021340 0.917842
v -0.013481 0.022905 0.925197
v -0.012619 0.023431 0.925754
v -0.012627 0.020913 0.917811
v -0.016182 0.027711 0.925776
v -0.017220 0.031411 0.928500
v -0.011528 0.018998 0.916781
v -0.010269 0.019372 0.916980
v -0.018196 0.031228 0.928172
v -0.016780 0.027209 0.920679
v -0.010407 0.017015 0.913028
v -0.009071 0.017289 0.912913
v -0.012238 0.020166 0.910663
v -0.013306 0.022020 0.910457
v -0.012817 0.021081 0.906314
v -0.011459 0.021440 0.906199
v -0.019714 0.031755 0.909068
v -0.013298 0.021852 0.901408
v -0.014160 0.023301 0.897716
v -0.015602 0.025857 0.902339
v -0.015534 0.028489 0.898166
v -0.017845 0.027505 0.898463
v -0.018028 0.032807 0.893825
v -0.019615 0.031434 0.902263
v -0.020218 0.031686 0.894069
v -0.021629 0.034722 0.892207
v -0.018883 0.034288 0.896899
v -0.021559 0.035096 0.915022
v -0.020142 0.036470 0.914668
v -0.022636 0.040788 0.919635
v -0.020523 0.032891 0.896823
v -0.027168 0.045053 0.926085
v -0.025848 0.046350 0.925723
v -0.022565 0.036124 0.928337
v -0.029358 0.048944 0.933009
v -0.028114 0.050279 0.932803
v -0.019135 0.032884 0.929935
v -0.015943 0.029185 0.932291
v -0.023927 0.037449 0.931371
v -0.026803 0.040762 0.936218
v -0.029976 0.050103 0.938334
v -0.028618 0.051149 0.944034
v -0.021683 0.032968 0.931392
v -0.029800 0.049851 0.943889
v -0.021819 0.031829 0.935097
v -0.018654 0.029216 0.933151
v -0.024535 0.034969 0.939951
v -0.015801 0.026086 0.937861
v -0.014298 0.026345 0.937755
v -0.020157 0.029372 0.939430
v -0.015770 0.025727 0.942996
v -0.014114 0.026025 0.943080
v -0.015106 0.027749 0.948329
v -0.016739 0.027368 0.948047
v -0.017006 0.031030 0.952571
v -0.018564 0.030513 0.952137
v -0.019539 0.035424 0.954860
v -0.025392 0.038800 0.945815
v -0.020935 0.034768 0.954326
v -0.028633 0.047975 0.948894
v -0.025208 0.045251 0.953036
v -0.023674 0.039498 0.954516
v -0.026413 0.044221 0.952571
v -0.008156 0.018312 0.913028
v -0.010986 0.020616 0.910289
v -0.009323 0.020272 0.916781
v -0.009964 0.021470 0.910663
v -0.012024 0.022409 0.910213
v -0.011040 0.023332 0.910457
v -0.010429 0.022187 0.917811
v -0.010483 0.022439 0.906314
v -0.008545 0.018876 0.920550
v -0.008339 0.016023 0.925250
v -0.010902 0.023233 0.901408
v -0.011986 0.022340 0.901256
v -0.011734 0.024705 0.897716
v -0.012932 0.023988 0.897433
v -0.013222 0.027230 0.902339
v -0.014412 0.026544 0.902026
v -0.016274 0.033746 0.909068
v -0.013527 0.030000 0.898463
v -0.016045 0.033494 0.902263
v -0.015961 0.034143 0.894069
v -0.016853 0.035012 0.896823
v -0.017883 0.036882 0.892207
v -0.019814 0.035897 0.892062
v -0.018105 0.032945 0.902347
v -0.018272 0.033227 0.908877
v -0.018242 0.037011 0.915022
v -0.013801 0.028918 0.920680
v -0.024063 0.046846 0.926084
v -0.018636 0.038406 0.928338
v -0.011711 0.023912 0.925197
v -0.026344 0.050683 0.933009
v -0.027030 0.051805 0.938334
v -0.028786 0.051431 0.938289
v -0.020533 0.044387 0.936218
v -0.026900 0.051529 0.943889
v -0.027466 0.049157 0.949214
v -0.019108 0.040235 0.931371
v -0.025864 0.049577 0.948894
v -0.016626 0.039538 0.939957
v -0.023705 0.045780 0.952574
v -0.022377 0.040338 0.955066
v -0.021008 0.041055 0.954516
v -0.018256 0.036317 0.954329
v -0.015790 0.032117 0.952133
v -0.015291 0.035598 0.935097
v -0.013962 0.028970 0.948047
v -0.013973 0.032933 0.939429
v -0.013023 0.027314 0.942996
v -0.013321 0.027520 0.937861
v -0.014615 0.031564 0.933151
v -0.016335 0.036058 0.931392
v -0.017540 0.033807 0.929935
v -0.018181 0.033067 0.929935
v -0.016571 0.032167 0.928172
v -0.014534 0.028657 0.925776
v -0.015259 0.028009 0.926326
v -0.008926 0.019311 0.927028
v -0.007080 0.016221 0.929484
v -0.007416 0.016854 0.925250
v 0.026901 -0.000113 0.901256
v 0.028805 -0.000113 0.897433
v 0.028824 0.001290 0.897716
v 0.027138 0.001275 0.901408
v 0.031761 0.001260 0.902339
v 0.026234 0.001237 0.906314
v 0.034309 0.002381 0.898463
v 0.038994 -0.000113 0.893825
v 0.027283 0.001199 0.910457
v 0.039112 0.002336 0.894069
v 0.038925 0.001878 0.909068
v 0.042446 0.002053 0.892207
v 0.042561 -0.000113 0.892062
v 0.040699 -0.000113 0.896899
v 0.040314 0.002000 0.896823
v 0.038593 0.001954 0.902263
v 0.043217 -0.000113 0.914668
v 0.042737 0.001794 0.915022
v 0.048210 -0.000113 0.919635
v 0.033518 0.001602 0.920679
v 0.054159 0.001680 0.926084
v 0.054623 -0.000113 0.925723
v 0.044131 0.002159 0.928337
v 0.058632 0.001626 0.933009
v 0.045967 0.002676 0.931370
v 0.059944 0.001588 0.938334
v 0.050274 0.003512 0.936218
v 0.059639 0.001559 0.943890
v 0.060165 -0.000113 0.944034
v 0.040035 0.003654 0.935097
v 0.057430 0.001489 0.948894
v 0.057873 -0.000113 0.949214
v 0.053348 -0.000113 0.953036
v 0.044122 0.004458 0.939955
v 0.053067 0.001461 0.952574
v 0.047615 0.001429 0.954516
v 0.042135 0.001477 0.954334
v 0.037066 0.003488 0.939435
v 0.037273 0.001451 0.952128
v 0.033638 0.001496 0.948047
v 0.031731 0.001474 0.942996
v 0.032055 0.001321 0.937861
v 0.031525 -0.000113 0.937755
v 0.034812 -0.000113 0.932288
v 0.036202 0.002233 0.933151
v 0.040951 0.002977 0.931392
v 0.039612 0.000810 0.929935
v 0.039295 -0.000113 0.929935
v 0.037704 0.000825 0.928172
v 0.037380 -0.000113 0.928500
v 0.033649 0.000840 0.925776
v 0.028133 0.000909 0.925197
v 0.028164 -0.000113 0.925754
v 0.022842 -0.000113 0.927463
v 0.025989 0.001153 0.917811
v 0.022751 0.001023 0.927028
v 0.025139 0.001191 0.910663
v 0.019157 0.001077 0.929484
v 0.019016 -0.000113 0.929729
v 0.019611 -0.000113 0.925250
v 0.021500 0.001191 0.913028
v 0.021072 -0.000113 0.912913
v 0.019867 0.001107 0.925250
v 0.023781 0.001153 0.916781
v 0.023476 -0.000113 0.916980
v 0.022179 0.001138 0.920550
v 0.021866 -0.000113 0.920421
v 0.028824 -0.001517 0.897716
v 0.031753 -0.000113 0.902026
v 0.027138 -0.001502 0.901408
v 0.025856 -0.000113 0.906199
v 0.031761 -0.001487 0.902339
v 0.026234 -0.001464 0.906314
v 0.026985 -0.000113 0.910213
v 0.034309 -0.002601 0.898463
v 0.034008 -0.000113 0.898166
v 0.027283 -0.001426 0.910457
v 0.039112 -0.002570 0.894069
v 0.038925 -0.002097 0.909068
v 0.042446 -0.002272 0.892207
v 0.040314 -0.002227 0.896823
v 0.038593 -0.002173 0.902263
v 0.039150 -0.000113 0.902347
v 0.039474 -0.000113 0.908877
v 0.042737 -0.002036 0.915022
v 0.033518 -0.001829 0.920680
v 0.054158 -0.001906 0.926085
v 0.059166 -0.000113 0.932803
v 0.044131 -0.002379 0.928338
v 0.058632 -0.001853 0.933002
v 0.060505 -0.000113 0.938289
v 0.045968 -0.002896 0.931370
v 0.059944 -0.001815 0.938334
v 0.050274 -0.003728 0.936218
v 0.059639 -0.001784 0.943889
v 0.044120 -0.004696 0.939957
v 0.057430 -0.001708 0.948894
v 0.053067 -0.001687 0.952574
v 0.047695 -0.000113 0.955066
v 0.047615 -0.001640 0.954516
v 0.042141 -0.001672 0.954329
v 0.042007 -0.000113 0.954860
v 0.037270 -0.001697 0.952133
v 0.036941 -0.000113 0.952571
v 0.033146 -0.000113 0.948329
v 0.040035 -0.003881 0.935097
v 0.033638 -0.001716 0.948047
v 0.031158 -0.000113 0.943080
v 0.037070 -0.003675 0.939430
v 0.031731 -0.001700 0.942996
v 0.032055 -0.001548 0.937861
v 0.036202 -0.002445 0.933151
v 0.040951 -0.003203 0.931392
v 0.039612 -0.001037 0.929935
v 0.037704 -0.001052 0.928172
v 0.033649 -0.001052 0.925776
v 0.033447 -0.000113 0.926326
v 0.028133 -0.001136 0.925197
v 0.025989 -0.001380 0.917811
v 0.022751 -0.001243 0.927028
v 0.025139 -0.001426 0.910663
v 0.024914 -0.000113 0.910289
v 0.019157 -0.001296 0.929484
v 0.021500 -0.001410 0.913028
v 0.019867 -0.001334 0.925250
v 0.023781 -0.001387 0.916781
v 0.025749 -0.000113 0.917842
v 0.022179 -0.001357 0.920550
v 0.010109 0.018312 0.913028
v 0.011276 0.020272 0.916781
v 0.011925 0.021470 0.910663
v 0.013367 0.021340 0.917842
v 0.012993 0.023332 0.910457
v 0.012390 0.022187 0.917811
v 0.012436 0.022431 0.906314
v 0.010506 0.018876 0.920550
v 0.011421 0.017976 0.920421
v 0.012863 0.023233 0.901408
v 0.013687 0.024705 0.897716
v 0.014893 0.023988 0.897433
v 0.015182 0.027230 0.902339
v 0.018234 0.033746 0.909068
v 0.015488 0.030000 0.898463
v 0.019985 0.032807 0.893825
v 0.017998 0.033494 0.902263
v 0.017918 0.034143 0.894069
v 0.018810 0.035012 0.896823
v 0.019840 0.036882 0.892207
v 0.021770 0.035897 0.892062
v 0.020065 0.032945 0.902347
v 0.020225 0.033227 0.908877
v 0.020199 0.037011 0.915022
v 0.022098 0.036470 0.914668
v 0.015762 0.028918 0.920679
v 0.026016 0.046846 0.926084
v 0.027801 0.046350 0.925723
v 0.020590 0.038407 0.928337
v 0.013672 0.023912 0.925197
v 0.028297 0.050683 0.933009
v 0.028988 0.051805 0.938334
v 0.030743 0.051431 0.938289
v 0.022492 0.044387 0.936218
v 0.028860 0.051529 0.943889
v 0.029427 0.049157 0.949214
v 0.021061 0.040235 0.931371
v 0.027821 0.049577 0.948894
v 0.018591 0.039533 0.939955
v 0.025658 0.045780 0.952574
v 0.024338 0.040338 0.955066
v 0.022961 0.041055 0.954516
v 0.020183 0.036330 0.954335
v 0.021492 0.035424 0.954860
v 0.017244 0.035598 0.935097
v 0.017773 0.032106 0.952128
v 0.018959 0.031030 0.952571
v 0.015903 0.032944 0.939435
v 0.015915 0.028970 0.948047
v 0.014976 0.027314 0.942996
v 0.016251 0.026345 0.937755
v 0.015274 0.027520 0.937861
v 0.016568 0.031564 0.933151
v 0.018288 0.036058 0.931392
v 0.019497 0.033807 0.929935
v 0.018528 0.032167 0.928172
v 0.016495 0.028657 0.925776
v 0.017212 0.028009 0.926326
v 0.010879 0.019311 0.927028
v 0.009041 0.016221 0.929484
v 0.009994 0.015519 0.929729
v 0.009376 0.016854 0.925250
v 0.010292 0.016023 0.925250
v 0.011093 0.015039 0.929484
v 0.011909 0.018823 0.927463
v 0.011475 0.015641 0.925250
v 0.012848 0.018174 0.927028
v 0.012657 0.017625 0.920550
v 0.015442 0.022905 0.925197
v 0.014572 0.023431 0.925754
v 0.014580 0.020913 0.917811
v 0.018135 0.027711 0.925776
v 0.019180 0.031411 0.928500
v 0.013481 0.018998 0.916781
v 0.012230 0.019372 0.916980
v 0.020157 0.031228 0.928172
v 0.020138 0.033067 0.929935
v 0.018736 0.027209 0.920680
v 0.012367 0.017015 0.913028
v 0.011024 0.017289 0.912913
v 0.012947 0.020616 0.910289
v 0.014198 0.020166 0.910663
v 0.013985 0.022409 0.910213
v 0.015266 0.022020 0.910457
v 0.014778 0.021081 0.906314
v 0.013420 0.021440 0.906199
v 0.013939 0.022340 0.901256
v 0.021671 0.031755 0.909068
v 0.015251 0.021852 0.901408
v 0.016113 0.023301 0.897716
v 0.016365 0.026544 0.902026
v 0.017559 0.025857 0.902339
v 0.017494 0.028489 0.898166
v 0.019802 0.027505 0.898463
v 0.021572 0.031434 0.902263
v 0.022171 0.031686 0.894069
v 0.023582 0.034722 0.892207
v 0.020840 0.034288 0.896899
v 0.023515 0.035096 0.915022
v 0.024593 0.040788 0.919635
v 0.022484 0.032891 0.896823
v 0.029125 0.045053 0.926085
v 0.024521 0.036124 0.928338
v 0.031311 0.048944 0.933009
v 0.030071 0.050279 0.932803
v 0.021091 0.032884 0.929935
v 0.017896 0.029185 0.932291
v 0.025883 0.037449 0.931371
v 0.028763 0.040762 0.936218
v 0.031937 0.050103 0.938334
v 0.030571 0.051149 0.944034
v 0.031757 0.049852 0.943889
v 0.023640 0.032968 0.931392
v 0.030586 0.047975 0.948894
v 0.027164 0.045251 0.953036
v 0.020611 0.029216 0.933151
v 0.023800 0.031800 0.935097
v 0.017757 0.026086 0.937861
v 0.026505 0.034967 0.939954
v 0.017748 0.025710 0.942996
v 0.016067 0.026025 0.943080
v 0.017059 0.027749 0.948329
v 0.028387 0.044214 0.952574
v 0.018700 0.027368 0.948047
v 0.022681 0.030602 0.943866
v 0.020481 0.030542 0.952128
v 0.022909 0.034757 0.954329
v 0.025630 0.039498 0.954516
v -0.008171 -0.013587 -0.133739
v -0.008553 -0.014190 -0.129509
v -0.009926 -0.016730 -0.131287
v -0.009736 -0.016181 -0.124804
v -0.010445 -0.019889 -0.122101
v -0.012520 -0.021445 -0.129449
v -0.011650 -0.021987 -0.130012
v -0.014290 -0.026557 -0.130579
v -0.011658 -0.019469 -0.122068
v -0.015213 -0.026259 -0.130032
v -0.016259 -0.029967 -0.132759
v -0.010559 -0.017554 -0.121035
v -0.017235 -0.029776 -0.132423
v -0.015819 -0.025765 -0.124936
v -0.009446 -0.015563 -0.117284
v -0.010025 -0.019172 -0.114542
v -0.011277 -0.018706 -0.114919
v -0.012345 -0.020568 -0.114711
v -0.011856 -0.019637 -0.110569
v -0.011017 -0.020888 -0.105511
v -0.018746 -0.030310 -0.113323
v -0.012329 -0.020400 -0.105666
v -0.011971 -0.022536 -0.101691
v -0.013192 -0.021857 -0.101973
v -0.014641 -0.024413 -0.106595
v -0.016877 -0.026061 -0.102715
v -0.017067 -0.031363 -0.098081
v -0.018654 -0.029982 -0.106516
v -0.019249 -0.030234 -0.098324
v -0.020661 -0.033271 -0.096463
v -0.018845 -0.034453 -0.096316
v -0.017304 -0.031775 -0.113131
v -0.019562 -0.031447 -0.101081
v -0.020600 -0.033649 -0.119274
v -0.021597 -0.034680 -0.132594
v -0.026200 -0.043599 -0.130336
v -0.018174 -0.031440 -0.134187
v -0.028389 -0.047499 -0.137260
v -0.027153 -0.048827 -0.137058
v -0.022966 -0.036012 -0.135626
v -0.029015 -0.048659 -0.142590
v -0.027817 -0.049994 -0.142546
v -0.027649 -0.049697 -0.148287
v -0.025842 -0.039325 -0.140473
v -0.028840 -0.048407 -0.148145
v -0.026505 -0.047713 -0.153472
v -0.020722 -0.031516 -0.135649
v -0.027665 -0.046531 -0.153147
v -0.020850 -0.030384 -0.139350
v -0.017685 -0.027782 -0.137407
v -0.023567 -0.033525 -0.144208
v -0.014840 -0.024634 -0.142117
v -0.013329 -0.024894 -0.142009
v -0.019196 -0.027912 -0.143685
v -0.014809 -0.024276 -0.147249
v -0.013146 -0.024581 -0.147331
v -0.014138 -0.026297 -0.152584
v -0.015778 -0.025924 -0.152304
v -0.017595 -0.029062 -0.156389
v -0.024431 -0.037357 -0.150070
v -0.019974 -0.033316 -0.158579
v -0.021416 -0.038894 -0.159320
v -0.025452 -0.042769 -0.156823
v -0.022705 -0.038062 -0.158770
v -0.009308 -0.017920 -0.121231
v -0.007187 -0.016860 -0.117284
v -0.008103 -0.015845 -0.117168
v -0.008355 -0.018828 -0.121035
v -0.009003 -0.020018 -0.114919
v -0.011063 -0.020964 -0.114466
v -0.010079 -0.021880 -0.114711
v -0.009468 -0.020736 -0.122068
v -0.009514 -0.020987 -0.110569
v -0.010498 -0.019988 -0.110457
v -0.007584 -0.017424 -0.124804
v -0.008500 -0.016532 -0.124677
v -0.007370 -0.014579 -0.129508
v -0.009941 -0.021788 -0.105666
v -0.010765 -0.023253 -0.101973
v -0.012261 -0.025786 -0.106595
v -0.013443 -0.025092 -0.106280
v -0.015313 -0.032294 -0.113323
v -0.012566 -0.028548 -0.102715
v -0.014573 -0.027045 -0.102423
v -0.015076 -0.032050 -0.106516
v -0.015000 -0.032691 -0.098324
v -0.015885 -0.033568 -0.101081
v -0.016915 -0.035430 -0.096463
v -0.017914 -0.032843 -0.101156
v -0.017144 -0.031501 -0.106601
v -0.017281 -0.035564 -0.119274
v -0.019181 -0.035018 -0.118925
v -0.021676 -0.039344 -0.123889
v -0.012840 -0.027481 -0.124936
v -0.023095 -0.045391 -0.130336
v -0.024880 -0.044898 -0.129978
v -0.017668 -0.036946 -0.132594
v -0.025376 -0.049239 -0.137260
v -0.018140 -0.038791 -0.135626
v -0.026069 -0.050361 -0.142590
v -0.019572 -0.042941 -0.140473
v -0.025939 -0.050077 -0.148145
v -0.015657 -0.038094 -0.144214
v -0.024895 -0.048125 -0.153147
v -0.024239 -0.043792 -0.157294
v -0.022737 -0.044336 -0.156826
v -0.020040 -0.039596 -0.158770
v -0.017287 -0.034866 -0.158582
v -0.018570 -0.033973 -0.159118
v -0.014829 -0.030664 -0.156386
v -0.016037 -0.029586 -0.156826
v -0.014323 -0.034152 -0.139350
v -0.012993 -0.027526 -0.152304
v -0.013012 -0.031481 -0.143685
v -0.012055 -0.025863 -0.147249
v -0.012352 -0.026069 -0.142117
v -0.014974 -0.027741 -0.136543
v -0.013646 -0.030112 -0.137407
v -0.015366 -0.034606 -0.135649
v -0.016579 -0.032355 -0.134187
v -0.017212 -0.031623 -0.134190
v -0.015610 -0.030715 -0.132423
v -0.013573 -0.027213 -0.130032
v -0.010750 -0.022467 -0.129449
v -0.008988 -0.017371 -0.131717
v -0.007965 -0.017859 -0.131287
v -0.006455 -0.015403 -0.129509
v -0.006119 -0.014777 -0.133739
v -0.007073 -0.014060 -0.133982
v 0.010131 0.013368 -0.133739
v 0.009330 0.014352 -0.129508
v 0.010948 0.017152 -0.131717
v 0.010505 0.013970 -0.129509
v 0.011879 0.016503 -0.131287
v 0.011688 0.015954 -0.124804
v 0.012397 0.019670 -0.122101
v 0.014473 0.021218 -0.129449
v 0.016250 0.026338 -0.130579
v 0.013618 0.019250 -0.122068
v 0.017170 0.026033 -0.130032
v 0.012519 0.017327 -0.121035
v 0.011261 0.017701 -0.121231
v 0.019191 0.029542 -0.132423
v 0.017771 0.025538 -0.124936
v 0.011398 0.015344 -0.117284
v 0.010063 0.015618 -0.117168
v 0.011978 0.018945 -0.114542
v 0.013229 0.018487 -0.114919
v 0.013015 0.020738 -0.114466
v 0.014297 0.020333 -0.114711
v 0.013809 0.019410 -0.110569
v 0.020706 0.030084 -0.113323
v 0.014289 0.020173 -0.105666
v 0.013923 0.022317 -0.101691
v 0.015152 0.021630 -0.101973
v 0.015403 0.024881 -0.106280
v 0.016594 0.024186 -0.106595
v 0.018837 0.025842 -0.102715
v 0.020607 0.029763 -0.106516
v 0.021206 0.030007 -0.098324
v 0.022617 0.033044 -0.096463
v 0.020801 0.034227 -0.096316
v 0.019874 0.032617 -0.101156
v 0.019260 0.031556 -0.113131
v 0.021518 0.031221 -0.101081
v 0.022551 0.033425 -0.119274
v 0.023557 0.034453 -0.132594
v 0.028160 0.043374 -0.130336
v 0.020126 0.031213 -0.134187
v 0.030346 0.047273 -0.137260
v 0.024918 0.035786 -0.135626
v 0.030971 0.048432 -0.142590
v 0.029605 0.049478 -0.148287
v 0.027798 0.039099 -0.140473
v 0.030792 0.048180 -0.148145
v 0.028461 0.047486 -0.153472
v 0.022674 0.031297 -0.135649
v 0.029621 0.046304 -0.153147
v 0.026199 0.043573 -0.157294
v 0.019645 0.027553 -0.137407
v 0.022806 0.030151 -0.139350
v 0.016792 0.024423 -0.142117
v 0.015289 0.024675 -0.142009
v 0.025527 0.033298 -0.144208
v 0.021151 0.027686 -0.143686
v 0.016761 0.024049 -0.147249
v 0.016098 0.026071 -0.152584
v 0.017734 0.025697 -0.152304
v 0.017994 0.029359 -0.156826
v 0.019555 0.028843 -0.156390
v 0.026387 0.037130 -0.150070
v 0.021926 0.033090 -0.158579
v 0.027404 0.042550 -0.156823
v 0.024662 0.037828 -0.158770
v 0.009147 0.016633 -0.117284
v 0.010307 0.018602 -0.121035
v 0.010955 0.019799 -0.114919
v 0.012031 0.021661 -0.114711
v 0.011421 0.020509 -0.122068
v 0.011474 0.020761 -0.110569
v 0.012451 0.019769 -0.110457
v 0.009536 0.017198 -0.124804
v 0.010452 0.016313 -0.124677
v 0.011894 0.021562 -0.105666
v 0.012977 0.020669 -0.105511
v 0.012725 0.023034 -0.101973
v 0.014213 0.025567 -0.106595
v 0.017269 0.032075 -0.113323
v 0.014518 0.028329 -0.102715
v 0.016525 0.026818 -0.102423
v 0.019020 0.031137 -0.098081
v 0.017036 0.031823 -0.106516
v 0.016952 0.032464 -0.098324
v 0.017845 0.033342 -0.101081
v 0.018875 0.035218 -0.096463
v 0.019100 0.031266 -0.106601
v 0.019233 0.035340 -0.119274
v 0.021133 0.034799 -0.118925
v 0.023628 0.039125 -0.123889
v 0.014792 0.027255 -0.124936
v 0.025051 0.045182 -0.130336
v 0.026836 0.044671 -0.129978
v 0.019624 0.036720 -0.132594
v 0.027332 0.049012 -0.137260
v 0.029106 0.048608 -0.137058
v 0.020096 0.038564 -0.135626
v 0.028022 0.050141 -0.142590
v 0.029777 0.049768 -0.142546
v 0.021524 0.042716 -0.140473
v 0.027895 0.049850 -0.148145
v 0.017613 0.037867 -0.144214
v 0.026855 0.047906 -0.153147
v 0.024693 0.044116 -0.156826
v 0.023372 0.038674 -0.159320
v 0.021996 0.039376 -0.158770
v 0.019243 0.034631 -0.158582
v 0.020526 0.033746 -0.159118
v 0.016781 0.030446 -0.156386
v 0.016275 0.033927 -0.139350
v 0.014953 0.027299 -0.152304
v 0.014964 0.031262 -0.143686
v 0.014015 0.025643 -0.147249
v 0.015106 0.024354 -0.147331
v 0.014312 0.025842 -0.142117
v 0.016934 0.027514 -0.136543
v 0.015606 0.029885 -0.137407
v 0.017322 0.034387 -0.135649
v 0.018531 0.032136 -0.134187
v 0.019172 0.031404 -0.134190
v 0.017562 0.030496 -0.132423
v 0.018215 0.029740 -0.132759
v 0.015525 0.026986 -0.130032
v 0.012703 0.022248 -0.129449
v 0.013603 0.021760 -0.130012
v 0.009918 0.017633 -0.131287
v 0.008407 0.015184 -0.129509
v 0.008071 0.014550 -0.133739
v 0.009033 0.013841 -0.133982
v -0.008103 0.015618 -0.117168
v -0.007187 0.016633 -0.117284
v -0.009308 0.017701 -0.121231
v -0.010025 0.018945 -0.114542
v -0.008355 0.018602 -0.121035
v -0.009003 0.019799 -0.114919
v -0.011063 0.020738 -0.114466
v -0.010445 0.019670 -0.122101
v -0.010079 0.021661 -0.114711
v -0.009468 0.020509 -0.122068
v -0.009514 0.020761 -0.110569
v -0.007584 0.017198 -0.124804
v -0.007370 0.014352 -0.129508
v -0.009941 0.021562 -0.105666
v -0.010765 0.023034 -0.101973
v -0.011971 0.022317 -0.101691
v -0.012261 0.025567 -0.106595
v -0.015313 0.032075 -0.113323
v -0.012566 0.028329 -0.102715
v -0.017067 0.031137 -0.098081
v -0.015076 0.031823 -0.106516
v -0.015000 0.032464 -0.098324
v -0.015885 0.033342 -0.101081
v -0.016915 0.035218 -0.096463
v -0.018845 0.034227 -0.096316
v -0.017144 0.031266 -0.106601
v -0.017304 0.031556 -0.113131
v -0.017281 0.035340 -0.119274
v -0.012840 0.027255 -0.124935
v -0.023095 0.045182 -0.130336
v -0.017668 0.036721 -0.132594
v -0.025376 0.049012 -0.137260
v -0.026070 0.050141 -0.142590
v -0.027817 0.049768 -0.142546
v -0.019571 0.042716 -0.140473
v -0.025938 0.049851 -0.148145
v -0.027649 0.049478 -0.148287
v -0.018140 0.038564 -0.135626
v -0.024895 0.047906 -0.153147
v -0.015669 0.037862 -0.144212
v -0.022737 0.044117 -0.156826
v -0.021416 0.038674 -0.159320
v -0.020040 0.039376 -0.158770
v -0.017257 0.034644 -0.158588
v -0.018570 0.033746 -0.159118
v -0.014323 0.033927 -0.139350
v -0.014855 0.030435 -0.156381
v -0.016037 0.029359 -0.156826
v -0.012982 0.031273 -0.143690
v -0.012993 0.027299 -0.152304
v -0.014138 0.026071 -0.152584
v -0.012055 0.025643 -0.147249
v -0.013146 0.024354 -0.147331
v -0.012352 0.025842 -0.142117
v -0.014974 0.027514 -0.136543
v -0.013646 0.029885 -0.137407
v -0.015366 0.034387 -0.135649
v -0.016579 0.032136 -0.134187
v -0.015610 0.030496 -0.132423
v -0.016259 0.029740 -0.132759
v -0.013573 0.026986 -0.130032
v -0.010750 0.022248 -0.129449
v -0.011650 0.021760 -0.130012
v -0.008988 0.017152 -0.131717
v -0.007965 0.017633 -0.131287
v -0.006455 0.015184 -0.129509
v -0.006119 0.014550 -0.133739
v -0.007073 0.013841 -0.133982
v -0.008171 0.013368 -0.133739
v -0.008553 0.013970 -0.129509
v -0.008500 0.016313 -0.124677
v -0.009926 0.016503 -0.131287
v -0.009736 0.015954 -0.124804
v -0.012520 0.021218 -0.129449
v -0.014290 0.026338 -0.130579
v -0.011658 0.019250 -0.122068
v -0.015213 0.026033 -0.130032
v -0.010559 0.017327 -0.121035
v -0.017235 0.029542 -0.132423
v -0.017212 0.031404 -0.134190
v -0.015819 0.025538 -0.124936
v -0.012345 0.020333 -0.114711
v -0.009446 0.015344 -0.117284
v -0.011277 0.018487 -0.114919
v -0.018174 0.031213 -0.134187
v -0.011856 0.019410 -0.110569
v -0.010498 0.019769 -0.110457
v -0.011017 0.020669 -0.105511
v -0.021596 0.034453 -0.132594
v -0.012329 0.020173 -0.105666
v -0.018746 0.030084 -0.113323
v -0.013192 0.021630 -0.101973
v -0.013443 0.024881 -0.106280
v -0.014641 0.024186 -0.106595
v -0.014573 0.026818 -0.102423
v -0.020599 0.033425 -0.119274
v -0.016877 0.025842 -0.102715
v -0.018654 0.029763 -0.106516
v -0.019181 0.034799 -0.118925
v -0.017914 0.032617 -0.101156
v -0.021676 0.039125 -0.123889
v -0.019562 0.031221 -0.101081
v -0.026200 0.043374 -0.130336
v -0.024880 0.044671 -0.129978
v -0.020661 0.033044 -0.096463
v -0.019249 0.030007 -0.098324
v -0.028389 0.047273 -0.137260
v -0.027153 0.048608 -0.137058
v -0.022966 0.035786 -0.135626
v -0.029015 0.048432 -0.142590
v -0.025842 0.039099 -0.140473
v -0.028840 0.048180 -0.148145
v -0.026505 0.047486 -0.153472
v -0.020722 0.031297 -0.135649
v -0.027665 0.046304 -0.153147
v -0.024239 0.043573 -0.157294
v -0.017685 0.027553 -0.137407
v -0.020879 0.030122 -0.139349
v -0.014840 0.024423 -0.142117
v -0.013329 0.024675 -0.142009
v -0.023581 0.033296 -0.144211
v -0.025469 0.042543 -0.156826
v -0.014827 0.024031 -0.147249
v -0.022708 0.037828 -0.158770
v -0.019991 0.033079 -0.158583
v -0.019763 0.028939 -0.148122
v -0.017556 0.028871 -0.156382
v -0.015778 0.025697 -0.152304
v 0.024971 -0.000113 -0.105511
v 0.026874 -0.000113 -0.101691
v 0.026893 -0.001517 -0.101973
v 0.029823 -0.000113 -0.106280
v 0.025207 -0.001502 -0.105666
v 0.023925 -0.000113 -0.110457
v 0.029831 -0.001487 -0.106595
v 0.024303 -0.001464 -0.110569
v 0.032375 -0.002601 -0.102715
v 0.025352 -0.001426 -0.114711
v 0.037181 -0.002570 -0.098324
v 0.036995 -0.002097 -0.113323
v 0.040516 -0.002272 -0.096463
v 0.040630 -0.000113 -0.096316
v 0.038768 -0.000113 -0.101156
v 0.038383 -0.002227 -0.101081
v 0.036663 -0.002173 -0.106516
v 0.037220 -0.000113 -0.106601
v 0.040806 -0.002036 -0.119274
v 0.031588 -0.001829 -0.124935
v 0.052227 -0.001914 -0.130336
v 0.057232 -0.000113 -0.137058
v 0.042201 -0.002379 -0.132594
v 0.056701 -0.001853 -0.137260
v 0.058574 -0.000113 -0.142546
v 0.044037 -0.002896 -0.135625
v 0.058014 -0.001815 -0.142590
v 0.048343 -0.003739 -0.140472
v 0.057708 -0.001785 -0.148145
v 0.058235 -0.000113 -0.148287
v 0.038105 -0.003881 -0.139350
v 0.055500 -0.001708 -0.153147
v 0.055942 -0.000113 -0.153472
v 0.051418 -0.000113 -0.157294
v 0.042188 -0.004684 -0.144212
v 0.051137 -0.001688 -0.156826
v 0.045684 -0.001640 -0.158770
v 0.040204 -0.001704 -0.158587
v 0.035136 -0.003707 -0.143691
v 0.035343 -0.001677 -0.156382
v 0.031707 -0.001716 -0.152304
v 0.029800 -0.001700 -0.147249
v 0.030124 -0.001548 -0.142117
v 0.034272 -0.002445 -0.137406
v 0.039020 -0.003203 -0.135649
v 0.037681 -0.001037 -0.134187
v 0.035774 -0.001052 -0.132423
v 0.035450 -0.000113 -0.132759
v 0.031719 -0.001052 -0.130032
v 0.026203 -0.001136 -0.129449
v 0.026233 -0.000113 -0.130012
v 0.020912 -0.000113 -0.131717
v 0.024059 -0.001380 -0.122068
v 0.020820 -0.001243 -0.131287
v 0.023208 -0.001426 -0.114919
v 0.017227 -0.001288 -0.133739
v 0.017089 -0.000113 -0.133982
v 0.017681 -0.000113 -0.129508
v 0.019565 -0.001410 -0.117284
v 0.019142 -0.000113 -0.117168
v 0.017936 -0.001334 -0.129509
v 0.021850 -0.001387 -0.121035
v 0.020248 -0.001357 -0.124804
v 0.026893 0.001290 -0.101973
v 0.025207 0.001275 -0.105666
v 0.029831 0.001260 -0.106595
v 0.024303 0.001237 -0.110569
v 0.025055 -0.000113 -0.114466
v 0.032375 0.002389 -0.102715
v 0.032074 -0.000113 -0.102423
v 0.037063 -0.000113 -0.098081
v 0.025352 0.001199 -0.114711
v 0.037181 0.002336 -0.098324
v 0.036995 0.001878 -0.113323
v 0.040516 0.002053 -0.096463
v 0.038383 0.002000 -0.101081
v 0.036663 0.001954 -0.106516
v 0.037544 -0.000113 -0.113131
v 0.041286 -0.000113 -0.118925
v 0.040806 0.001794 -0.119274
v 0.046280 -0.000113 -0.123889
v 0.031587 0.001602 -0.124936
v 0.052228 0.001687 -0.130336
v 0.052692 -0.000113 -0.129978
v 0.042201 0.002159 -0.132594
v 0.056701 0.001626 -0.137260
v 0.044037 0.002676 -0.135625
v 0.058014 0.001588 -0.142590
v 0.048343 0.003517 -0.140472
v 0.057708 0.001558 -0.148145
v 0.042186 0.004470 -0.144214
v 0.055500 0.001489 -0.153147
v 0.051136 0.001460 -0.156826
v 0.045765 -0.000113 -0.159320
v 0.045684 0.001429 -0.158770
v 0.040210 0.001445 -0.158582
v 0.040077 -0.000113 -0.159118
v 0.035340 0.001478 -0.156386
v 0.035011 -0.000113 -0.156826
v 0.031215 -0.000113 -0.152584
v 0.038105 0.003654 -0.139350
v 0.031707 0.001496 -0.152304
v 0.029228 -0.000113 -0.147331
v 0.035140 0.003455 -0.143685
v 0.029800 0.001474 -0.147249
v 0.030124 0.001321 -0.142117
v 0.029594 -0.000113 -0.142009
v 0.032881 -0.000113 -0.136541
v 0.034272 0.002226 -0.137406
v 0.039020 0.002977 -0.135649
v 0.037681 0.000810 -0.134187
v 0.037365 -0.000113 -0.134190
v 0.035774 0.000825 -0.132423
v 0.031719 0.000840 -0.130032
v 0.031517 -0.000113 -0.130579
v 0.026203 0.000909 -0.129449
v 0.024059 0.001153 -0.122068
v 0.020820 0.001023 -0.131287
v 0.023208 0.001191 -0.114919
v 0.022983 -0.000113 -0.114542
v 0.017227 0.001069 -0.133739
v 0.019565 0.001199 -0.117284
v 0.017936 0.001107 -0.129509
v 0.021850 0.001153 -0.121035
v 0.021545 -0.000113 -0.121231
v 0.023819 -0.000113 -0.122101
v 0.020248 0.001138 -0.124804
v 0.019935 -0.000113 -0.124677
v -0.024941 0.001290 -0.101973
v -0.027871 -0.000113 -0.106280
v -0.023247 0.001275 -0.105666
v -0.027878 0.001260 -0.106595
v -0.022347 0.001237 -0.110569
v -0.023095 -0.000113 -0.114466
v -0.030419 0.002389 -0.102715
v -0.030121 -0.000113 -0.102423
v -0.035111 -0.000113 -0.098081
v -0.023400 0.001199 -0.114711
v -0.035225 0.002336 -0.098324
v -0.035042 0.001878 -0.113323
v -0.038559 0.002053 -0.096463
v -0.038674 -0.000113 -0.096316
v -0.036812 -0.000113 -0.101156
v -0.036423 0.002000 -0.101081
v -0.034707 0.001954 -0.106516
v -0.035263 -0.000113 -0.106601
v -0.035584 -0.000113 -0.113131
v -0.038846 0.001794 -0.119274
v -0.029635 0.001602 -0.124935
v -0.050276 0.001687 -0.130336
v -0.040248 0.002159 -0.132594
v -0.054741 0.001626 -0.137260
v -0.056618 -0.000113 -0.142546
v -0.042081 0.002676 -0.135625
v -0.056061 0.001588 -0.142590
v -0.046387 0.003519 -0.140472
v -0.055752 0.001559 -0.148145
v -0.056282 -0.000113 -0.148287
v -0.036148 0.003654 -0.139350
v -0.053543 0.001489 -0.153147
v -0.053986 -0.000113 -0.153472
v -0.049462 -0.000113 -0.157294
v -0.040235 0.004458 -0.144212
v -0.049181 0.001461 -0.156826
v -0.043808 -0.000113 -0.159320
v -0.043724 0.001429 -0.158769
v -0.038248 0.001477 -0.158587
v -0.033179 0.003488 -0.143690
v -0.033387 0.001451 -0.156382
v -0.029747 0.001496 -0.152304
v -0.027275 -0.000113 -0.147331
v -0.027840 0.001474 -0.147249
v -0.028168 0.001321 -0.142117
v -0.027642 -0.000113 -0.142009
v -0.030929 -0.000113 -0.136541
v -0.032316 0.002226 -0.137406
v -0.037064 0.002977 -0.135649
v -0.035721 0.000810 -0.134187
v -0.033822 0.000825 -0.132423
v -0.029763 0.000840 -0.130032
v -0.024247 0.000909 -0.129449
v -0.024277 -0.000113 -0.130012
v -0.018952 -0.000113 -0.131717
v -0.022103 0.001153 -0.122068
v -0.018860 0.001023 -0.131287
v -0.021256 0.001191 -0.114919
v -0.015267 0.001069 -0.133739
v -0.015725 -0.000113 -0.129508
v -0.017609 0.001199 -0.117284
v -0.015984 0.001107 -0.129509
v -0.019890 0.001153 -0.121035
v -0.019593 -0.000113 -0.121231
v -0.021866 -0.000113 -0.122101
v -0.018296 0.001138 -0.124804
v -0.024941 -0.001517 -0.101973
v -0.024918 -0.000113 -0.101691
v -0.023011 -0.000113 -0.105511
v -0.023247 -0.001502 -0.105666
v -0.021965 -0.000113 -0.110457
v -0.027878 -0.001487 -0.106595
v -0.022347 -0.001464 -0.110569
v -0.030419 -0.002601 -0.102715
v -0.023400 -0.001426 -0.114711
v -0.035225 -0.002570 -0.098324
v -0.035042 -0.002097 -0.113323
v -0.038559 -0.002272 -0.096463
v -0.036423 -0.002227 -0.101081
v -0.034707 -0.002173 -0.106516
v -0.039330 -0.000113 -0.118925
v -0.038846 -0.002036 -0.119274
v -0.044320 -0.000113 -0.123889
v -0.029635 -0.001829 -0.124936
v -0.050275 -0.001914 -0.130336
v -0.050736 -0.000113 -0.129978
v -0.055275 -0.000113 -0.137058
v -0.040248 -0.002379 -0.132594
v -0.054741 -0.001853 -0.137260
v -0.042081 -0.002896 -0.135625
v -0.056061 -0.001815 -0.142590
v -0.046387 -0.003736 -0.140472
v -0.055752 -0.001784 -0.148145
v -0.040233 -0.004696 -0.144214
v -0.053543 -0.001708 -0.153147
v -0.049180 -0.001687 -0.156826
v -0.043724 -0.001640 -0.158769
v -0.038254 -0.001672 -0.158582
v -0.038124 -0.000113 -0.159118
v -0.033384 -0.001704 -0.156386
v -0.033059 -0.000113 -0.156826
v -0.029259 -0.000113 -0.152584
v -0.036148 -0.003881 -0.139350
v -0.029747 -0.001716 -0.152304
v -0.033184 -0.003675 -0.143686
v -0.027840 -0.001700 -0.147249
v -0.028168 -0.001548 -0.142117
v -0.032316 -0.002445 -0.137406
v -0.037064 -0.003203 -0.135649
v -0.035721 -0.001037 -0.134187
v -0.035408 -0.000113 -0.134190
v -0.033822 -0.001052 -0.132423
v -0.033493 -0.000113 -0.132759
v -0.029763 -0.001052 -0.130032
v -0.029557 -0.000113 -0.130579
v -0.024247 -0.001136 -0.129449
v -0.022103 -0.001380 -0.122068
v -0.018860 -0.001243 -0.131287
v -0.021256 -0.001426 -0.114919
v -0.021027 -0.000113 -0.114542
v -0.015267 -0.001288 -0.133739
v -0.015129 -0.000113 -0.133982
v -0.017609 -0.001410 -0.117284
v -0.017189 -0.000113 -0.117168
v -0.015984 -0.001334 -0.129509
v -0.019890 -0.001387 -0.121035
v -0.018296 -0.001357 -0.124804
v -0.017975 -0.000113 -0.124677
v 0.010063 -0.015845 -0.117168
v 0.009147 -0.016860 -0.117284
v 0.011261 -0.017920 -0.121231
v 0.011978 -0.019172 -0.114542
v 0.010307 -0.018828 -0.121035
v 0.010955 -0.020018 -0.114919
v 0.012397 -0.019889 -0.122101
v 0.012031 -0.021880 -0.114711
v 0.011421 -0.020736 -0.122068
v 0.011474 -0.020987 -0.110569
v 0.012451 -0.019988 -0.110457
v 0.009536 -0.017424 -0.124804
v 0.011894 -0.021788 -0.105666
v 0.012725 -0.023253 -0.101973
v 0.013923 -0.022536 -0.101691
v 0.014213 -0.025786 -0.106595
v 0.015403 -0.025092 -0.106280
v 0.017269 -0.032294 -0.113323
v 0.014518 -0.028548 -0.102715
v 0.019020 -0.031363 -0.098081
v 0.017036 -0.032050 -0.106516
v 0.016952 -0.032691 -0.098324
v 0.017845 -0.033568 -0.101081
v 0.018875 -0.035430 -0.096463
v 0.019100 -0.031501 -0.106601
v 0.019233 -0.035564 -0.119274
v 0.021133 -0.035018 -0.118925
v 0.023628 -0.039344 -0.123889
v 0.014792 -0.027481 -0.124936
v 0.025051 -0.045391 -0.130336
v 0.026836 -0.044898 -0.129978
v 0.019624 -0.036947 -0.132594
v 0.027332 -0.049239 -0.137260
v 0.028022 -0.050361 -0.142590
v 0.021523 -0.042942 -0.140473
v 0.027894 -0.050078 -0.148145
v 0.020096 -0.038791 -0.135626
v 0.026855 -0.048125 -0.153147
v 0.026199 -0.043792 -0.157294
v 0.017625 -0.038089 -0.144212
v 0.024693 -0.044336 -0.156826
v 0.023372 -0.038894 -0.159320
v 0.021996 -0.039597 -0.158770
v 0.019213 -0.034878 -0.158588
v 0.016275 -0.034152 -0.139350
v 0.016807 -0.030654 -0.156382
v 0.014934 -0.031493 -0.143690
v 0.014953 -0.027526 -0.152304
v 0.016098 -0.026297 -0.152584
v 0.014015 -0.025863 -0.147249
v 0.015106 -0.024581 -0.147331
v 0.014312 -0.026069 -0.142117
v 0.016934 -0.027741 -0.136543
v 0.015606 -0.030112 -0.137407
v 0.017322 -0.034606 -0.135649
v 0.018531 -0.032355 -0.134187
v 0.019172 -0.031623 -0.134190
v 0.017562 -0.030715 -0.132423
v 0.018215 -0.029967 -0.132759
v 0.015525 -0.027213 -0.130032
v 0.016250 -0.026557 -0.130579
v 0.012703 -0.022467 -0.129449
v 0.013603 -0.021987 -0.130012
v 0.010948 -0.017371 -0.131717
v 0.009918 -0.017859 -0.131287
v 0.008407 -0.015403 -0.129509
v 0.008071 -0.014777 -0.133739
v 0.009330 -0.014579 -0.129508
v 0.009033 -0.014060 -0.133982
v 0.010131 -0.013587 -0.133739
v 0.010505 -0.014190 -0.129509
v 0.010452 -0.016532 -0.124677
v 0.011879 -0.016730 -0.131287
v 0.011688 -0.016181 -0.124804
v 0.014473 -0.021445 -0.129449
v 0.013618 -0.019469 -0.122068
v 0.017170 -0.026259 -0.130032
v 0.012519 -0.017554 -0.121035
v 0.019191 -0.029776 -0.132423
v 0.017771 -0.025765 -0.124936
v 0.011398 -0.015563 -0.117284
v 0.013229 -0.018706 -0.114919
v 0.013015 -0.020964 -0.114466
v 0.014297 -0.020568 -0.114711
v 0.013809 -0.019637 -0.110569
v 0.012977 -0.020888 -0.105511
v 0.020706 -0.030310 -0.113323
v 0.014289 -0.020400 -0.105666
v 0.015152 -0.021857 -0.101973
v 0.016594 -0.024413 -0.106595
v 0.016525 -0.027045 -0.102423
v 0.018837 -0.026061 -0.102715
v 0.020607 -0.029982 -0.106516
v 0.021206 -0.030234 -0.098324
v 0.022617 -0.033271 -0.096463
v 0.020801 -0.034453 -0.096316
v 0.019874 -0.032843 -0.101156
v 0.019260 -0.031775 -0.113131
v 0.021518 -0.031447 -0.101081
v 0.022551 -0.033649 -0.119274
v 0.023557 -0.034680 -0.132594
v 0.028160 -0.043599 -0.130336
v 0.020126 -0.031440 -0.134187
v 0.030346 -0.047499 -0.137260
v 0.029106 -0.048827 -0.137058
v 0.024918 -0.036012 -0.135626
v 0.030971 -0.048659 -0.142590
v 0.029777 -0.049994 -0.142546
v 0.029605 -0.049697 -0.148287
v 0.027798 -0.039325 -0.140473
v 0.030791 -0.048407 -0.148145
v 0.028461 -0.047713 -0.153472
v 0.022674 -0.031516 -0.135649
v 0.029621 -0.046531 -0.153147
v 0.019645 -0.027782 -0.137407
v 0.022855 -0.030338 -0.139351
v 0.016792 -0.024634 -0.142117
v 0.015289 -0.024894 -0.142009
v 0.025564 -0.033502 -0.144216
v 0.016773 -0.024265 -0.147249
v 0.017781 -0.025882 -0.152309
v 0.017994 -0.029586 -0.156826
v 0.027420 -0.042762 -0.156826
v 0.019520 -0.029087 -0.156382
v 0.020526 -0.033973 -0.159118
v 0.024665 -0.038062 -0.158770
v 0.021940 -0.033307 -0.158582
v 0.025194 -0.000115 -0.165851
v 0.030517 -0.012351 -0.160415
v 0.030517 0.012124 -0.160415
v 0.018099 -0.017237 -0.165851
v 0.018103 0.017009 -0.165851
v 0.023658 0.022576 -0.160415
v 0.013214 0.029435 -0.160415
v 0.014823 -0.000114 -0.170995
v 0.000976 -0.024328 -0.165851
v 0.000976 -0.032187 -0.160415
v -0.011254 -0.029654 -0.160415
v 0.010766 -0.009904 -0.170995
v 0.010769 0.009676 -0.170995
v -0.016146 -0.017233 -0.165851
v -0.028557 -0.012351 -0.160415
v 0.000976 -0.013958 -0.170995
v -0.023237 -0.000110 -0.165851
v -0.008814 -0.009901 -0.170995
v -0.028557 0.012124 -0.160415
v 0.000976 -0.000113 -0.174280
v -0.012868 -0.000111 -0.170995
v -0.008811 0.009679 -0.170995
v -0.016143 0.017012 -0.165851
v -0.021698 0.022576 -0.160415
v 0.000979 0.013733 -0.170995
v 0.000981 0.024103 -0.165851
v 0.000976 0.031961 -0.160415
v 0.000977 0.014878 0.920360
v 0.000977 -0.000113 0.918506
v -0.001999 0.014848 0.920692
v 0.003952 0.014848 0.920692
v -0.007492 0.012574 0.920675
v 0.015938 0.002854 0.920675
v -0.013977 -0.003081 0.920676
v 0.013657 -0.008590 0.920676
v 0.009453 -0.012793 0.920676
v 0.000977 -0.000113 1.162372
v 0.017059 -0.007020 1.162366
v 0.018361 0.001945 1.162366
v 0.015004 -0.010581 1.162366
v -0.001079 -0.017493 1.162366
v -0.001082 0.017266 1.162366
v -0.005931 0.015962 1.162366
v -0.013043 0.010369 1.162366
v -0.016400 0.001945 1.162366
v -0.013046 0.030488 0.998958
v -0.013588 0.029832 0.997073
v -0.011681 0.029832 1.000369
v -0.013237 0.028070 0.994677
v -0.009430 0.028070 1.001269
v -0.008554 0.032644 0.996362
v -0.013237 0.028543 0.994677
v -0.009430 0.028543 1.001269
v -0.014740 0.029832 0.992763
v -0.015213 0.028070 0.990863
v -0.008530 0.029832 1.003520
v -0.007118 0.028070 1.004886
v -0.015213 0.030488 0.990863
v -0.007118 0.030488 1.004886
v -0.014740 0.029832 0.988971
v -0.010041 0.032659 0.990866
v -0.013237 0.028543 0.987056
v -0.013588 0.029832 0.984652
v -0.013046 0.028070 0.982776
v -0.008554 0.032644 0.985364
v -0.013046 0.030488 0.982776
v -0.011681 0.029832 0.981357
v -0.009430 0.028543 0.980456
v -0.008209 0.033997 0.987168
v -0.008530 0.029832 0.978206
v -0.004538 0.032660 0.981321
v -0.007118 0.030488 0.976840
v -0.005234 0.029832 0.976298
v -0.002831 0.028070 0.976642
v -0.002831 0.028543 0.976642
v -0.000923 0.029832 0.975146
v 0.000977 0.028070 0.974681
v 0.000977 0.032644 0.979858
v 0.000977 0.030488 0.974681
v 0.002884 0.029832 0.975146
v 0.004784 0.028070 0.976642
v -0.000404 0.033997 0.981055
v 0.004784 0.028543 0.976642
v 0.006488 0.032659 0.981320
v 0.007187 0.029832 0.976298
v 0.009071 0.030488 0.976840
v 0.010483 0.029832 0.978206
v 0.011383 0.028070 0.980456
v 0.011383 0.028543 0.980456
v 0.013634 0.029832 0.981357
v 0.010507 0.032644 0.985364
v 0.014999 0.030488 0.982776
v 0.015541 0.029832 0.984652
v 0.008780 0.033996 0.984757
v 0.015198 0.028543 0.987056
v 0.000977 0.037711 0.990853
v 0.016693 0.029832 0.988971
v 0.017170 0.028070 0.990863
v 0.012001 0.032658 0.990860
v 0.017170 0.030488 0.990863
v 0.016693 0.029832 0.992770
v 0.010162 0.033996 0.994565
v 0.015198 0.028543 0.994685
v -0.006819 0.033997 0.996967
v 0.015541 0.029832 0.997073
v 0.010507 0.032644 0.996362
v 0.014999 0.030488 0.998958
v 0.013634 0.029832 1.000369
v 0.011383 0.028070 1.001269
v 0.011383 0.028543 1.001269
v 0.006491 0.032659 1.000404
v 0.010483 0.029832 1.003520
v 0.002365 0.033998 1.000667
v 0.009071 0.030488 1.004886
v 0.007187 0.029832 1.005427
v 0.004784 0.028070 1.005084
v 0.004784 0.028543 1.005084
v 0.000977 0.032644 1.001876
v 0.002884 0.029832 1.006579
v 0.000977 0.028070 1.007060
v -0.004534 0.032660 1.000406
v 0.000977 0.030488 1.007060
v -0.000923 0.029832 1.006579
v -0.002831 0.028543 1.005084
v -0.005234 0.029832 1.005427
v 0.014999 -0.030715 0.998958
v 0.014999 -0.028296 0.998958
v 0.015541 -0.030066 0.997073
v 0.013634 -0.030066 1.000369
v 0.015198 -0.028296 0.994677
v 0.011383 -0.028296 1.001269
v 0.010515 -0.032870 0.996362
v 0.015198 -0.028762 0.994677
v 0.011383 -0.028762 1.001269
v 0.016693 -0.030066 0.992763
v 0.017170 -0.028296 0.990863
v 0.010483 -0.030066 1.003520
v 0.017170 -0.030715 0.990863
v 0.009071 -0.030715 1.004886
v 0.016693 -0.030066 0.988971
v 0.012001 -0.032886 0.990866
v 0.015198 -0.028762 0.987056
v 0.015541 -0.030066 0.984652
v 0.010515 -0.032870 0.985364
v 0.014999 -0.030715 0.982776
v 0.013634 -0.030066 0.981357
v 0.011383 -0.028762 0.980456
v 0.010165 -0.034226 0.987170
v 0.010483 -0.030066 0.978206
v 0.009071 -0.028296 0.976840
v 0.006491 -0.032887 0.981322
v 0.009071 -0.030715 0.976840
v 0.007187 -0.030066 0.976298
v 0.004791 -0.028296 0.976642
v 0.004791 -0.028762 0.976642
v 0.002884 -0.030066 0.975146
v 0.000977 -0.028296 0.974681
v 0.000977 -0.032869 0.979858
v 0.000977 -0.030715 0.974681
v -0.000923 -0.030066 0.975146
v -0.002831 -0.028296 0.976642
v 0.002365 -0.034225 0.981059
v -0.002831 -0.028762 0.976642
v -0.004527 -0.032887 0.981320
v -0.005234 -0.030066 0.976298
v -0.007118 -0.030715 0.976840
v -0.008530 -0.030066 0.978206
v -0.007034 -0.008128 0.831282
v -0.009430 -0.028762 0.980456
v -0.011681 -0.030066 0.981357
v 0.000976 -0.010829 0.844599
v -0.008554 -0.032870 0.985364
v -0.013046 -0.030715 0.982776
v -0.013588 -0.030066 0.984652
v -0.013237 -0.028296 0.987056
v -0.006820 -0.034224 0.984759
v -0.013237 -0.028762 0.987056
v 0.000971 -0.037932 0.990858
v -0.014740 -0.030066 0.988971
v 0.008991 -0.008127 0.831283
v -0.010041 -0.032885 0.990860
v -0.015213 -0.030715 0.990863
v -0.014740 -0.030066 0.992770
v -0.013237 -0.028296 0.994685
v -0.008209 -0.034224 0.994565
v -0.013237 -0.028762 0.994685
v 0.008777 -0.034226 0.996967
v -0.013588 -0.030066 0.997073
v 0.011699 -0.000113 0.844599
v -0.008554 -0.032870 0.996362
v -0.013046 -0.030715 0.998958
v -0.011681 -0.030066 1.000369
v -0.009430 -0.028296 1.001269
v -0.009430 -0.028762 1.001269
v -0.004530 -0.032886 1.000404
v -0.008530 -0.030066 1.003520
v -0.007118 -0.028296 1.004886
v -0.000404 -0.034224 1.000671
v -0.007118 -0.030715 1.004886
v -0.005234 -0.030066 1.005427
v -0.002831 -0.028296 1.005084
v -0.002831 -0.028762 1.005084
v 0.000977 -0.032869 1.001876
v -0.000923 -0.030066 1.006579
v 0.000977 -0.028296 1.007060
v 0.006488 -0.032887 1.000406
v 0.000977 -0.030715 1.007060
v 0.002884 -0.030066 1.006579
v 0.004639 0.008666 0.844593
v 0.004791 -0.028762 1.005084
v 0.007187 -0.030066 1.005427
v -0.009739 -0.000113 0.844599
v -0.007051 0.007943 0.831289
v -0.002674 0.008636 0.844590
v -0.011101 0.004892 0.744971
v -0.011101 0.004892 0.678073
v -0.011101 0.004892 0.611174
v -0.011101 0.004892 0.544276
v -0.011101 0.004892 0.477377
v -0.011101 0.004892 0.410478
v -0.011101 0.004892 0.343580
v -0.011101 0.004892 0.276681
v -0.011101 0.004892 0.209783
v -0.011101 0.004892 0.142884
v -0.004028 -0.012191 0.744971
v -0.004028 -0.012191 0.678073
v -0.004028 -0.012191 0.611174
v -0.004029 -0.012191 0.544276
v -0.004029 -0.012191 0.477377
v -0.004029 -0.012191 0.410478
v -0.004029 -0.012191 0.343580
v -0.004029 -0.012191 0.276681
v -0.004029 -0.012191 0.209783
v -0.004029 -0.012191 0.142884
v 0.000976 -0.013228 0.744971
v 0.000976 -0.013228 0.678073
v 0.000976 -0.013228 0.611174
v 0.000976 -0.013228 0.544276
v 0.000976 -0.013228 0.477377
v 0.000976 -0.013228 0.410478
v 0.000976 -0.013228 0.343580
v 0.000976 -0.013228 0.276681
v 0.000976 -0.013228 0.209783
v 0.000976 -0.013228 0.142884
v 0.013061 -0.005118 0.744971
v 0.013061 -0.005118 0.678073
v 0.013061 -0.005118 0.611174
v 0.013061 -0.005118 0.544276
v 0.013061 -0.005118 0.477377
v 0.013061 -0.005118 0.410478
v 0.013061 -0.005118 0.343580
v 0.013061 -0.005118 0.276681
v 0.013061 -0.005118 0.209783
v 0.013061 -0.005118 0.142884
v 0.010254 0.009164 0.744971
v 0.010254 0.009164 0.678073
v 0.010254 0.009164 0.611174
v 0.010254 0.009164 0.544276
v 0.010254 0.009164 0.477377
v 0.010254 0.009164 0.410478
v 0.010254 0.009164 0.343580
v 0.010254 0.009164 0.276681
v 0.010254 0.009164 0.209783
v 0.010254 0.009164 0.142884
v -0.008293 0.009164 0.744971
v -0.008293 0.009164 0.678073
v -0.008293 0.009164 0.611174
v -0.008293 0.009164 0.544276
v -0.008293 0.009164 0.477377
v -0.008293 0.009164 0.410478
v -0.008293 0.009164 0.343580
v -0.008293 0.009164 0.276681
v -0.008293 0.009164 0.209783
v -0.008293 0.009164 0.142884
v 0.010254 -0.009391 0.744971
v 0.010254 -0.009391 0.678073
v 0.010254 -0.009391 0.611174
v 0.010254 -0.009391 0.544276
v 0.010254 -0.009391 0.477377
v 0.010254 -0.009391 0.410478
v 0.010254 -0.009391 0.343580
v 0.010254 -0.009391 0.276681
v 0.010254 -0.009391 0.209783
v 0.010254 -0.009391 0.142884
v 0.000976 0.013002 0.142884
v 0.000976 0.013002 0.209783
v 0.000976 0.013002 0.276682
v 0.000976 0.013002 0.343580
v 0.000976 0.013002 0.410479
v 0.000976 0.013002 0.477377
v 0.000976 0.013002 0.544276
v 0.000976 0.013002 0.611174
v 0.000976 0.013002 0.678073
v 0.000976 0.013002 0.744971
v -0.004028 0.011972 0.744971
v -0.004028 0.011972 0.678073
v -0.004028 0.011972 0.611174
v -0.004029 0.011972 0.544276
v -0.004029 0.011972 0.477377
v -0.004029 0.011972 0.410478
v -0.004029 0.011972 0.343580
v -0.004029 0.011972 0.276681
v -0.004029 0.011972 0.209783
v -0.004029 0.011972 0.142884
v -0.012138 -0.000113 0.744971
v -0.012139 -0.000113 0.678073
v -0.012139 -0.000113 0.611174
v -0.012139 -0.000113 0.544276
v -0.012139 -0.000113 0.477377
v -0.012139 -0.000113 0.410478
v -0.012139 -0.000113 0.343580
v -0.012139 -0.000113 0.276681
v -0.012139 -0.000113 0.209783
v -0.012139 -0.000113 0.142884
v -0.008293 -0.009391 0.744971
v -0.008293 -0.009391 0.678073
v -0.008293 -0.009391 0.611174
v -0.008293 -0.009391 0.544276
v -0.008293 -0.009391 0.477377
v -0.008293 -0.009391 0.410478
v -0.008293 -0.009391 0.343580
v -0.008293 -0.009391 0.276681
v -0.008293 -0.009391 0.209783
v -0.008293 -0.009391 0.142884
v -0.011101 -0.005118 0.744971
v -0.011101 -0.005118 0.678073
v -0.011101 -0.005118 0.611174
v -0.011101 -0.005118 0.544276
v -0.011101 -0.005118 0.477377
v -0.011101 -0.005118 0.410478
v -0.011101 -0.005118 0.343580
v -0.011101 -0.005118 0.276681
v -0.011101 -0.005118 0.209783
v -0.011101 -0.005118 0.142884
v 0.013061 0.004892 0.744971
v 0.013061 0.004892 0.678073
v 0.013061 0.004892 0.611174
v 0.013061 0.004892 0.544276
v 0.013061 0.004892 0.477377
v 0.013061 0.004892 0.410478
v 0.013061 0.004892 0.343580
v 0.013061 0.004892 0.276681
v 0.013061 0.004892 0.209783
v 0.013061 0.004892 0.142884
v 0.005981 0.011972 0.744971
v 0.005981 0.011972 0.678073
v 0.005981 0.011972 0.611174
v 0.005981 0.011972 0.544276
v 0.005981 0.011972 0.477377
v 0.005981 0.011972 0.410478
v 0.005981 0.011972 0.343580
v 0.005981 0.011972 0.276681
v 0.005981 0.011972 0.209783
v 0.005981 0.011972 0.142884
v 0.005981 -0.012191 0.744971
v 0.005981 -0.012191 0.678073
v 0.005981 -0.012191 0.611174
v 0.005981 -0.012191 0.544276
v 0.005981 -0.012191 0.477377
v 0.005981 -0.012191 0.410478
v 0.005981 -0.012191 0.343580
v 0.005981 -0.012191 0.276681
v 0.005981 -0.012191 0.209783
v 0.005981 -0.012191 0.142884
v 0.014091 -0.000113 0.744971
v 0.014091 -0.000113 0.678073
v 0.014091 -0.000113 0.611174
v 0.014091 -0.000113 0.544276
v 0.014091 -0.000113 0.477377
v 0.014091 -0.000113 0.410478
v 0.014091 -0.000113 0.343580
v 0.014091 -0.000113 0.276681
v 0.014091 -0.000113 0.209783
v 0.014091 -0.000113 0.142884
v 0.013770 0.005184 -0.170995
v 0.023351 0.009152 -0.165851
v 0.006278 0.012678 -0.170995
v 0.010247 0.022259 -0.165851
v -0.004319 0.012680 -0.170995
v -0.008286 0.022260 -0.165851
v -0.021393 0.009157 -0.165851
v -0.011813 0.005188 -0.170995
v -0.011815 -0.005409 -0.170995
v -0.021394 -0.009377 -0.165851
v -0.008291 -0.022483 -0.165851
v -0.004323 -0.012903 -0.170995
v 0.006274 -0.012905 -0.170995
v 0.010243 -0.022485 -0.165851
v 0.023349 -0.009381 -0.165851
v 0.013768 -0.005413 -0.170995
v 0.009858 0.021318 -0.106839
v 0.010003 0.021153 -0.108014
v 0.017391 0.016298 -0.108014
v 0.017433 0.016340 -0.106839
v 0.022245 0.008914 -0.108013
v 0.022408 0.008768 -0.106839
v 0.024137 -0.000113 -0.108045
v 0.024249 -0.000113 -0.106839
v 0.022245 -0.009133 -0.108013
v 0.022408 -0.008988 -0.106839
v 0.017391 -0.016524 -0.108014
v 0.017433 -0.016566 -0.106839
v 0.010003 -0.021380 -0.108014
v 0.009858 -0.021545 -0.106839
v 0.000976 -0.023262 -0.108047
v 0.000976 -0.023379 -0.106839
v -0.008042 -0.021375 -0.108017
v -0.007899 -0.021545 -0.106839
v -0.015427 -0.016517 -0.108020
v -0.015476 -0.016567 -0.106839
v -0.020475 -0.008792 -0.107991
v -0.020455 -0.008988 -0.106839
v -0.022266 -0.000113 -0.107992
v -0.022289 -0.000113 -0.106839
v -0.020475 0.008573 -0.107991
v -0.020455 0.008768 -0.106839
v -0.015427 0.016290 -0.108020
v -0.015476 0.016340 -0.106839
v -0.008042 0.021148 -0.108017
v -0.007898 0.021318 -0.106839
v 0.000976 0.023050 -0.108047
v 0.000976 0.023166 -0.106839
vn -0.0000 1.0000 -0.0000
vn -0.0000 -1.0000 -0.0000
vn 0.2584 -0.0000 -0.9660
vn -0.7063 -0.0000 -0.7079
vn -0.3845 0.8388 -0.3854
vn -0.9660 -0.0000 0.2586
vn -0.5261 0.8387 0.1408
vn -0.2588 -0.0000 0.9659
vn 0.7071 -0.0000 0.7071
vn 0.3852 0.8386 0.3852
vn 0.9656 -0.0000 -0.2601
vn 0.5254 0.8390 -0.1415
vn 0.8829 -0.1346 0.4498
vn 0.4600 0.0949 0.8828
vn 0.2600 0.9656 -0.0028
vn 0.6257 0.6678 0.4032
vn 0.6231 0.3835 -0.6817
vn 0.4566 -0.3208 0.8298
vn 0.7218 0.2838 -0.6313
vn 0.7078 0.2792 -0.6489
vn 0.7393 0.2778 0.6134
vn 0.7170 0.3585 0.5978
vn 0.5794 -0.0499 0.8135
vn 0.6051 -0.0983 0.7900
vn 0.5241 0.2266 0.8209
vn -0.5216 0.2267 0.8225
vn 0.6171 0.5542 0.5586
vn -0.6046 -0.0984 0.7904
vn -0.6168 0.5544 0.5586
vn 0.9031 0.0488 0.4267
vn -0.7686 0.5821 -0.2653
vn -0.7749 0.6079 -0.1730
vn 0.7752 0.6078 -0.1720
vn -0.7079 0.2791 -0.6489
vn -0.6542 0.2665 -0.7078
vn -0.6649 0.3135 -0.6780
vn -0.6231 0.3834 -0.6817
vn -0.7017 0.7077 0.0827
vn -0.4582 0.8296 -0.3191
vn 0.7245 0.6561 0.2111
vn -0.7249 0.6558 0.2109
vn -0.6985 0.4313 0.5711
vn -0.3659 0.8900 0.2722
vn -0.0010 0.8575 0.5145
vn -0.7026 0.3455 0.6221
vn -0.7833 -0.0424 0.6202
vn -0.4554 -0.3207 0.8305
vn -0.6639 0.6902 -0.2878
vn 0.9011 0.2159 0.3761
vn -0.9012 0.2171 0.3752
vn 0.6332 0.7721 0.0530
vn -0.6340 0.7715 0.0533
vn -0.6086 0.2672 -0.7472
vn 0.5721 0.4567 0.6813
vn 0.7588 0.5451 0.3565
vn -0.9457 0.2174 -0.2417
vn 0.6461 0.7134 -0.2712
vn -0.7138 0.1444 -0.6853
vn -0.6977 0.3398 -0.6306
vn -0.6739 0.5399 -0.5043
vn -0.6390 0.6945 -0.3306
vn -0.6162 0.7700 -0.1655
vn 0.6168 0.7695 -0.1656
vn 0.6125 0.7889 -0.0496
vn 0.9491 0.1476 0.2783
vn 0.7417 0.4306 0.5142
vn 0.5879 0.7616 0.2726
vn 0.0236 0.8206 0.5710
vn 0.6277 -0.2929 0.7212
vn 0.0580 0.6912 0.7203
vn 0.2052 0.9557 0.2108
vn 0.5878 -0.6272 0.5110
vn 0.8719 -0.1996 0.4472
vn 0.2636 0.8545 0.4475
vn 0.1390 0.9752 -0.1720
vn 0.9141 -0.3668 -0.1727
vn -0.4064 0.8060 0.4304
vn 0.4939 -0.7575 0.4268
vn 0.1719 0.8118 0.5581
vn 0.0528 0.5185 0.8534
vn 0.5272 -0.0317 0.8491
vn 0.2397 0.4743 0.8471
vn -0.3329 0.4771 0.8134
vn -0.1297 0.7792 0.6132
vn -0.0476 0.7997 0.5985
vn 0.7561 -0.6530 -0.0442
vn 0.3941 0.9013 -0.1798
vn 0.5384 -0.4503 -0.7123
vn -0.1872 0.9813 -0.0443
vn -0.1204 0.6912 -0.7125
vn -0.1122 0.7527 -0.6488
vn 0.6068 -0.4839 -0.6306
vn -0.0962 0.6999 -0.7077
vn 0.6037 -0.4189 -0.6783
vn -0.1162 0.7679 -0.6300
vn -0.0609 0.7324 -0.6782
vn 0.0197 0.7318 -0.6812
vn 0.7057 0.7085 -0.0025
vn 0.6490 -0.4368 0.6229
vn 0.4887 0.8120 -0.3191
vn 0.8909 -0.2113 0.4020
vn 0.3107 -0.3510 0.8833
vn -0.2931 0.7857 0.5448
vn 0.2389 0.7825 0.5750
vn -0.5582 0.6846 0.4687
vn 0.2639 0.9204 -0.2886
vn 0.9297 -0.2292 -0.2885
vn -0.2634 0.8887 0.3752
vn 0.6381 -0.6723 0.3754
vn -0.1224 0.5284 0.8401
vn 0.9852 -0.1628 0.0530
vn 0.5365 -0.3903 -0.7482
vn -0.0722 0.6603 -0.7476
vn 0.9205 -0.2264 -0.3184
vn 0.2648 0.9102 -0.3185
vn 0.1776 -0.5367 -0.8249
vn -0.4045 0.4233 -0.8107
vn -0.3286 0.7990 -0.5036
vn -0.0602 0.6134 0.7875
vn 0.5007 -0.3592 0.7876
vn 0.3335 0.9427 0.0106
vn -0.1094 0.6747 -0.7299
vn -0.2842 0.9282 -0.2403
vn 0.9410 -0.2023 -0.2712
vn 0.2950 0.9163 -0.2710
vn 0.4820 -0.5464 -0.6849
vn 0.8046 -0.3137 -0.5042
vn 0.9210 -0.2059 -0.3308
vn 0.7047 -0.7095 -0.0027
vn 0.2603 -0.8764 0.4051
vn -0.4297 -0.6562 0.6203
vn -0.0516 -0.7817 0.6215
vn 0.0205 -0.7312 -0.6818
vn -0.0611 -0.7323 -0.6782
vn -0.1163 -0.7679 -0.6300
vn -0.1125 -0.7531 -0.6483
vn -0.1865 -0.9815 -0.0442
vn 0.3940 -0.9015 -0.1793
vn -0.0476 -0.7995 0.5987
vn -0.3873 -0.4756 0.7898
vn -0.0666 -0.5696 0.8192
vn 0.0529 -0.5187 0.8533
vn 0.5291 0.0307 0.8480
vn -0.3901 -0.6947 0.6044
vn 0.4213 0.6842 0.5953
vn 0.2178 0.5731 0.7900
vn 0.7886 0.2575 0.5584
vn 0.6104 0.5007 0.6138
vn 0.6681 0.4417 0.5988
vn 0.7543 0.6551 -0.0430
vn 0.5957 0.4743 -0.6482
vn 0.1392 -0.9753 -0.1713
vn 0.5579 0.4339 -0.7074
vn 0.6067 0.4842 -0.6304
vn 0.5861 0.6275 0.5126
vn 0.6436 0.3485 -0.6814
vn 0.6487 0.4361 0.6237
vn 0.9311 0.2989 0.2093
vn 0.2066 -0.9555 0.2106
vn 0.0579 -0.6911 0.7204
vn 0.7231 0.3890 0.5708
vn -0.0202 -0.8273 0.5614
vn 0.7430 -0.4281 0.5144
vn -0.0489 0.5524 0.8322
vn 0.3126 0.8262 0.4687
vn 0.3109 0.3516 0.8830
vn 0.7979 0.1834 0.5742
vn 0.2681 -0.9204 -0.2848
vn 0.6370 0.6723 0.3772
vn -0.1229 -0.5271 0.8409
vn 0.9209 0.2256 -0.3179
vn -0.4030 -0.4221 -0.8121
vn -0.3288 -0.7990 -0.5034
vn 0.3329 -0.9429 0.0110
vn -0.1082 -0.6737 -0.7311
vn 0.5289 0.4326 -0.7302
vn 0.9409 0.2028 -0.2714
vn 0.2950 -0.9162 -0.2713
vn -0.2326 -0.6904 -0.6850
vn 0.6432 0.4337 -0.6311
vn -0.0548 -0.7742 -0.6306
vn 0.1303 -0.8538 -0.5040
vn 0.9206 0.2080 -0.3306
vn 0.3753 -0.9256 -0.0498
vn 0.9895 0.1360 -0.0495
vn -0.8328 0.4725 0.2885
vn -0.4581 -0.8291 -0.3206
vn -0.5577 -0.5985 0.5750
vn -0.7077 -0.2791 -0.6490
vn -0.5804 0.0496 0.8128
vn -0.6046 0.0985 0.7904
vn -0.5461 0.1560 0.8231
vn 0.8280 -0.1417 0.5425
vn -0.8067 -0.0197 0.5906
vn 0.6170 -0.5546 0.5582
vn 0.5794 0.0499 0.8135
vn 0.7170 -0.3580 0.5981
vn 0.7685 -0.5820 -0.2658
vn -0.7749 -0.6079 -0.1730
vn 0.6592 -0.2409 -0.7124
vn 0.6548 -0.2664 -0.7073
vn -0.6085 -0.6553 0.4477
vn 0.7223 -0.2838 -0.6307
vn -0.8373 -0.1939 0.5112
vn -0.7011 -0.7083 0.0828
vn 0.2627 -0.9649 -0.0046
vn 0.7256 -0.6551 0.2105
vn -0.3463 -0.8962 0.2773
vn 0.0001 -0.8577 0.5142
vn 0.7024 -0.3442 0.6231
vn 0.7850 0.0442 0.6179
vn 0.6277 -0.6660 0.4030
vn 0.4620 -0.0930 0.8820
vn 0.8722 0.1430 0.4677
vn 0.6655 -0.6900 -0.2846
vn -0.9000 -0.2162 0.3784
vn 0.8999 -0.2150 0.3793
vn 0.6332 -0.7721 0.0530
vn -0.6340 -0.7715 0.0533
vn -0.6088 -0.2673 -0.7469
vn 0.9698 -0.2403 0.0417
vn -0.5715 -0.4593 0.6800
vn 0.6562 -0.6843 -0.3181
vn -0.5541 0.1155 -0.8244
vn 0.5541 0.1155 -0.8244
vn -0.5605 -0.2559 0.7876
vn 0.6503 -0.7596 0.0095
vn -0.6392 -0.2418 -0.7300
vn -0.9453 -0.2193 -0.2416
vn -0.6458 -0.7135 -0.2719
vn 0.6461 -0.7132 -0.2717
vn 0.7144 -0.1440 -0.6848
vn -0.6977 -0.3400 -0.6306
vn 0.6389 -0.6945 -0.3308
vn -0.6162 -0.7700 -0.1655
vn 0.6125 -0.7890 -0.0491
vn -0.6119 -0.7894 -0.0490
vn -0.9489 -0.1481 0.2786
vn -0.0258 -0.8210 0.5703
vn -0.0572 -0.6912 0.7204
vn -0.6272 0.3010 0.7184
vn -0.9313 0.2983 0.2091
vn -0.2623 -0.9614 0.0827
vn -0.9642 0.2520 0.0824
vn 0.2500 -0.8222 0.5113
vn -0.8715 0.1987 0.4484
vn -0.8882 0.3749 -0.2654
vn -0.7887 0.2575 0.5583
vn -0.2179 0.5731 0.7900
vn 0.4021 -0.4056 0.8209
vn -0.6101 0.5008 0.6140
vn 0.3329 -0.4769 0.8135
vn -0.6682 0.4416 0.5988
vn 0.1299 -0.7792 0.6132
vn -0.7543 0.6552 -0.0426
vn -0.3944 -0.9014 -0.1789
vn -0.5958 0.4743 -0.6481
vn -0.6067 0.4843 -0.6304
vn -0.6038 0.4194 -0.6778
vn -0.9667 -0.2560 -0.0042
vn -0.7051 -0.7091 -0.0026
vn -0.6496 0.4360 0.6228
vn -0.4894 -0.8110 -0.3206
vn -0.5378 0.6454 0.5425
vn 0.0489 0.5523 0.8322
vn -0.2946 0.8176 0.4947
vn -0.7976 0.1836 0.5746
vn 0.2998 -0.7838 0.5439
vn -0.2677 -0.9205 -0.2846
vn -0.9296 0.2308 -0.2873
vn -0.2618 -0.8761 0.4048
vn -0.6368 0.6726 0.3769
vn 0.1229 -0.5271 0.8409
vn -0.9856 0.1610 0.0526
vn -0.3505 -0.9351 0.0528
vn 0.0708 -0.6594 -0.7485
vn -0.6922 0.7204 0.0436
vn -0.6838 0.2613 0.6813
vn -0.1096 -0.7242 0.6808
vn -0.9210 0.2255 -0.3177
vn 0.4039 -0.4225 -0.8114
vn 0.3300 -0.7997 -0.5016
vn -0.5006 0.3586 0.7879
vn 0.1086 -0.6734 -0.7312
vn -0.5286 0.4327 -0.7303
vn -0.6609 0.7109 -0.2404
vn 0.2845 -0.9279 -0.2411
vn -0.2952 -0.9161 -0.2715
vn 0.2324 -0.6904 -0.6850
vn -0.6432 0.4338 -0.6310
vn 0.0550 -0.7743 -0.6304
vn -0.8046 0.3139 -0.5041
vn -0.9206 0.2080 -0.3305
vn -0.3558 -0.9198 -0.1655
vn -0.9745 0.1518 -0.1654
vn -0.3756 -0.9254 -0.0498
vn -0.3071 -0.7535 0.5813
vn -0.0000 0.9601 0.2797
vn -0.8589 0.3558 -0.3683
vn -0.8872 0.3677 0.2788
vn -0.9290 -0.0000 -0.3700
vn -0.8590 -0.3560 -0.3679
vn -0.6568 -0.6572 -0.3699
vn -0.3560 -0.8589 -0.3680
vn -0.3677 -0.8873 0.2785
vn -0.0000 -0.9288 -0.3706
vn -0.0000 -0.9599 0.2802
vn 0.3556 -0.8591 -0.3682
vn 0.8593 -0.3556 -0.3677
vn 0.8876 -0.3673 0.2780
vn 0.9291 -0.0000 -0.3699
vn 0.6568 0.6571 -0.3699
vn 0.6790 0.6790 0.2793
vn -0.0000 0.9293 -0.3694
vn 0.4831 -0.8362 -0.2594
vn 0.1296 -0.2242 -0.9659
vn 0.7966 0.2967 -0.5268
vn 0.3536 -0.6121 0.7073
vn -0.1296 0.2244 0.9658
vn 0.6557 0.5417 0.5259
vn -0.4829 0.8367 0.2583
vn 0.5341 0.7525 -0.3853
vn -0.3531 0.6119 -0.7078
vn -0.1299 -0.2247 -0.9657
vn 0.3531 0.6117 -0.7079
vn 0.4830 0.8366 0.2584
vn 0.7966 -0.2974 0.5263
vn 0.1294 0.2239 0.9660
vn 0.5335 -0.7530 0.3852
vn -0.3539 -0.6126 0.7068
vn -0.4832 -0.8363 -0.2590
vn 0.6553 -0.5420 -0.5262
vn 0.7063 -0.0000 -0.7079
vn -0.1411 -0.8381 -0.5269
vn 0.3845 -0.8388 -0.3854
vn 0.9660 -0.0000 0.2586
vn 0.5261 -0.8387 0.1408
vn 0.2588 -0.0000 0.9659
vn 0.1410 -0.8386 0.5262
vn -0.7070 -0.0001 0.7072
vn -0.3852 -0.8386 0.3853
vn -0.9656 0.0001 -0.2600
vn -0.2587 0.0002 -0.9660
vn -0.4833 0.8364 -0.2587
vn -0.1293 0.2241 -0.9660
vn -0.9894 0.0362 -0.1404
vn -0.3536 0.6116 0.7078
vn 0.1292 -0.2240 0.9660
vn -0.4635 -0.8749 0.1405
vn 0.4834 -0.8365 0.2582
vn -0.5339 -0.7524 -0.3859
vn 0.3535 -0.6114 -0.7079
vn -0.9187 0.0860 -0.3854
vn -0.3532 -0.6118 -0.7078
vn -0.9894 -0.0360 0.1409
vn -0.4831 -0.8365 0.2586
vn -0.1296 -0.2242 0.9659
vn 0.3534 0.6125 0.7071
vn -0.5336 0.7530 0.3852
vn 0.4826 0.8365 -0.2594
vn -0.4633 0.8749 -0.1408
vn 0.1295 0.2245 -0.9658
vn -0.7061 0.7081 -0.0025
vn 0.4284 0.6575 0.6198
vn 0.0609 0.7324 -0.6781
vn 0.5059 0.2350 0.8300
vn 0.1160 0.7678 -0.6302
vn -0.2386 0.7823 0.5754
vn 0.0963 0.6999 -0.7077
vn 0.1121 0.7526 -0.6488
vn 0.1877 0.9812 -0.0442
vn 0.1297 0.7790 0.6134
vn 0.0482 0.7999 0.5982
vn 0.3329 0.4769 0.8135
vn 0.3877 0.4747 0.7902
vn 0.0639 0.5665 0.8216
vn -0.0532 0.5188 0.8533
vn -0.2377 0.4732 0.8483
vn -0.5275 -0.0311 0.8490
vn -0.1406 -0.5508 0.8227
vn -0.4218 -0.6840 0.5951
vn -0.2168 -0.5726 0.7906
vn -0.1721 0.8117 0.5581
vn -0.6684 -0.4417 0.5984
vn 0.3973 0.8203 0.4114
vn -0.8884 -0.3747 -0.2653
vn -0.7560 -0.6531 -0.0437
vn -0.5384 -0.4504 -0.7122
vn -0.1387 0.9752 -0.1724
vn -0.8720 -0.1999 0.4469
vn -0.6068 -0.4839 -0.6305
vn -0.2648 0.8543 0.4473
vn -0.6435 -0.3481 -0.6817
vn 0.2495 0.8224 0.5113
vn -0.9663 0.2574 -0.0027
vn -0.9474 0.0180 -0.3196
vn -0.2625 0.9614 0.0828
vn -0.6498 -0.4367 0.6221
vn -0.2057 0.9557 0.2107
vn -0.0583 0.6911 0.7204
vn -0.6276 -0.2934 0.7212
vn 0.0214 0.8270 0.5618
vn -0.3539 -0.7004 0.6198
vn -0.5327 -0.6477 0.5446
vn -0.8907 -0.2113 0.4024
vn 0.0513 -0.5560 0.8296
vn -0.7968 -0.1849 0.5753
vn 0.2630 0.8887 0.3755
vn -0.6379 -0.6726 0.3750
vn -0.3964 -0.3703 0.8401
vn 0.1224 0.5284 0.8401
vn -0.9852 -0.1629 0.0529
vn 0.0726 0.6603 -0.7475
vn 0.2782 0.9596 0.0421
vn -0.6914 -0.7212 0.0424
vn -0.6826 -0.2661 0.6806
vn -0.1097 0.7242 0.6808
vn -0.9206 -0.2263 -0.3182
vn 0.3277 0.7982 -0.5055
vn -0.5160 -0.6813 -0.5192
vn -0.0936 0.9298 0.3560
vn 0.0604 0.6133 0.7876
vn -0.5006 -0.3594 0.7876
vn -0.9832 -0.1820 0.0106
vn -0.5288 -0.4311 -0.7311
vn 0.2839 0.9281 -0.2409
vn 0.0548 0.7742 -0.6306
vn -0.6430 -0.4345 -0.6307
vn -0.8046 -0.3136 -0.5042
vn -0.3778 0.9246 -0.0495
vn -0.9895 -0.1357 -0.0495
vn -0.8061 -0.1113 0.5811
vn -0.3063 0.7540 0.5810
vn 0.6651 0.0752 -0.7429
vn 0.3523 -0.0426 -0.9349
vn 0.6728 -0.0656 -0.7369
vn 0.6858 0.1141 -0.7188
vn 0.0417 0.3531 -0.9347
vn 0.1398 0.3258 -0.9351
vn 0.0645 0.6724 -0.7374
vn -0.1823 0.7997 -0.5720
vn -0.1206 0.6869 -0.7166
vn 0.5662 0.5963 -0.5691
vn 0.4500 0.5370 -0.7135
vn -0.0349 0.7709 -0.6360
vn 0.4156 0.6507 -0.6355
vn 0.6288 0.6555 -0.4184
vn -0.2199 0.8812 -0.4185
vn -0.9417 -0.3142 -0.1207
vn 0.7083 0.6254 -0.3274
vn 0.6135 -0.7190 -0.3267
vn -0.3017 0.8951 -0.3281
vn 0.7824 0.6004 -0.1651
vn -0.0000 0.1797 -0.9837
vn -0.3791 0.9102 -0.1665
vn -0.0000 0.9537 -0.3007
vn 0.4770 0.8257 -0.3012
vn -0.7824 0.6004 -0.1651
vn -0.0000 1.0000 0.0069
vn -0.7100 0.6232 -0.3278
vn -0.6117 -0.7210 -0.3254
vn -0.0000 0.9300 -0.3675
vn -0.6299 0.6539 -0.4191
vn 0.1604 0.6528 -0.7404
vn 0.0314 0.7702 -0.6370
vn -0.0000 0.9523 -0.3053
vn 0.2094 0.9274 -0.3099
vn 0.1687 0.8147 -0.5548
vn 0.2178 0.9337 -0.2842
vn -0.2097 0.9273 -0.3102
vn 0.3218 0.7470 -0.5818
vn 0.3678 0.7111 -0.5992
vn -0.2962 0.5960 -0.7464
vn -0.4176 0.6381 -0.6469
vn -0.2177 0.9336 -0.2845
vn -0.1606 0.9862 0.0413
vn -0.1353 0.7907 -0.5971
vn -0.0000 0.9927 0.1209
vn 0.2379 0.8546 -0.4617
vn 0.9484 -0.2958 -0.1144
vn 0.1605 0.9862 0.0415
vn 0.2998 0.8961 -0.3273
vn -0.0005 0.7323 0.6809
vn 0.3808 0.9094 -0.1673
vn -0.0843 0.1547 -0.9844
vn -0.4727 0.7978 -0.3743
vn -0.4986 0.8668 0.0045
vn -0.4750 0.8266 -0.3018
vn -0.9774 0.1257 -0.1701
vn -0.9264 0.1864 -0.3270
vn -0.1706 -0.9312 -0.3221
vn -0.8734 0.2500 -0.4178
vn -0.2349 0.6549 -0.7183
vn -0.3648 0.6726 -0.6439
vn -0.2095 0.8167 -0.5377
vn -0.3257 0.6185 -0.7151
vn -0.6453 0.6978 -0.3110
vn -0.2481 0.9217 -0.2981
vn -0.4858 0.8216 -0.2983
vn -0.4556 0.4713 -0.7552
vn -0.1979 0.2801 -0.9393
vn -0.5620 0.3544 -0.7473
vn -0.5825 0.5701 -0.5793
vn -0.6997 0.3235 -0.6370
vn -0.6440 0.7080 -0.2898
vn -0.7034 0.6487 -0.2907
vn -0.5132 0.6164 -0.5972
vn -0.6315 0.7742 0.0425
vn -0.6902 0.6563 -0.3047
vn -0.2216 0.8586 -0.4622
vn 0.9684 0.2207 -0.1161
vn -0.8078 0.4555 -0.3741
vn -0.1883 0.9264 -0.3262
vn -0.8655 0.5008 0.0087
vn -0.1278 0.9781 -0.1641
vn -0.8259 0.4793 -0.2971
vn -0.9107 -0.3779 -0.1669
vn -0.8948 -0.3029 -0.3280
vn 0.3205 -0.8904 -0.3233
vn -0.8824 -0.2183 -0.4167
vn -0.5351 0.4492 -0.7154
vn -0.6505 0.4071 -0.6412
vn -0.5969 0.5652 -0.5695
vn -0.6151 0.2801 -0.7370
vn -0.9195 0.2477 -0.3053
vn -0.8314 0.4687 -0.2984
vn -0.7998 -0.1803 -0.5726
vn -0.7742 0.6315 0.0418
vn -0.8593 0.4968 0.1219
vn -0.9333 0.2195 -0.2842
vn -0.9332 0.3569 0.0419
vn -0.6357 0.3664 0.6794
vn -0.9335 0.3231 0.1556
vn -0.8448 0.5259 0.0990
vn -0.8792 0.4667 0.0957
vn -0.8664 0.4979 -0.0386
vn -0.8424 0.5177 0.1492
vn -0.7479 0.6417 0.1697
vn -0.8591 0.4927 0.1387
vn -0.7551 0.4362 0.4894
vn -0.6966 0.6911 0.1927
vn -0.5432 0.5428 0.6406
vn -0.6443 0.7457 0.1698
vn -0.7387 0.2015 0.6432
vn -0.4677 0.8784 0.0981
vn -0.9771 0.1519 0.1489
vn -0.4909 0.8604 0.1370
vn -0.3677 0.6328 0.6814
vn -0.4999 0.8651 -0.0401
vn -0.4959 0.8599 0.1210
vn -0.3598 0.9321 0.0406
vn -0.5283 0.8435 0.0973
vn -0.3255 0.9329 0.1540
vn -0.5203 0.8414 0.1463
vn -0.4363 0.7558 0.4882
vn -0.1520 0.9771 0.1486
vn -0.2019 0.7394 0.6423
vn 0.0348 0.9947 0.0968
vn 0.0050 0.9907 0.1363
vn -0.0003 0.9991 -0.0425
vn -0.0372 0.9949 0.0942
vn -0.0001 0.8735 0.4868
vn -0.0058 0.9908 0.1352
vn 0.1521 0.9771 0.1487
vn 0.2020 0.7393 0.6424
vn 0.3242 0.9333 0.1544
vn -0.0002 0.7671 0.6416
vn -0.3841 0.6638 0.6417
vn -0.2122 0.7909 0.5740
vn -0.2460 0.9175 0.3125
vn -0.5807 0.5806 0.5708
vn -0.6633 0.3837 0.6425
vn -0.6722 0.6726 0.3094
vn -0.2925 0.5064 0.8111
vn -0.0002 0.5845 0.8114
vn -0.1882 0.6995 0.6894
vn -0.5104 0.5113 0.6914
vn -0.0912 0.1572 0.9833
vn -0.5059 0.2920 0.8117
vn -0.0904 0.3334 0.9385
vn -0.2437 0.2453 0.9383
vn -0.0001 0.1812 0.9835
vn -0.1567 0.0919 0.9834
vn -0.0000 -0.0001 1.0000
vn -0.6991 0.1874 0.6900
vn 0.1878 0.6996 0.6894
vn -0.3337 0.0894 0.9384
vn 0.0903 0.3334 0.9385
vn 0.2457 0.9178 0.3117
vn 0.0907 0.1576 0.9833
vn 0.2124 0.7911 0.5736
vn 0.2923 0.5068 0.8110
vn 0.3839 0.6641 0.6415
vn 0.5105 0.5122 0.6907
vn 0.6720 0.6721 0.3108
vn 0.2431 0.2458 0.9383
vn 0.1566 0.0921 0.9834
vn 0.5062 0.2919 0.8115
vn 0.5798 0.5802 0.5720
vn 0.6990 0.1874 0.6901
vn 0.6634 0.3838 0.6423
vn 0.3337 0.0895 0.9384
vn 0.9185 0.2460 0.3096
vn 0.1817 -0.0001 0.9834
vn 0.5847 -0.0003 0.8112
vn 0.7925 0.2125 0.5717
vn 0.6992 -0.1881 0.6898
vn 0.7670 -0.0002 0.6416
vn 0.3334 -0.0899 0.9385
vn 0.9185 -0.2459 0.3095
vn 0.1564 -0.0921 0.9834
vn 0.5065 -0.2926 0.8111
vn 0.7923 -0.2124 0.5719
vn 0.5115 -0.5128 0.6895
vn 0.6642 -0.3838 0.6415
vn 0.2432 -0.2454 0.9384
vn 0.6723 -0.6722 0.3102
vn 0.0907 -0.1577 0.9833
vn 0.2924 -0.5068 0.8110
vn 0.5795 -0.5801 0.5725
vn 0.1876 -0.6994 0.6897
vn 0.3832 -0.6644 0.6417
vn 0.0896 -0.3336 0.9384
vn 0.2461 -0.9185 0.3096
vn -0.0001 -0.1817 0.9834
vn -0.0002 -0.5849 0.8111
vn 0.2125 -0.7924 0.5719
vn -0.1881 -0.6993 0.6897
vn -0.0002 -0.7670 0.6416
vn -0.0897 -0.3336 0.9384
vn -0.2464 -0.9182 0.3103
vn -0.0912 -0.1573 0.9833
vn -0.2927 -0.5064 0.8111
vn -0.2123 -0.7921 0.5723
vn -0.2438 -0.2448 0.9384
vn -0.3833 -0.6641 0.6419
vn -0.5115 -0.5120 0.6901
vn -0.1566 -0.0920 0.9834
vn -0.6725 -0.6727 0.3087
vn -0.5062 -0.2926 0.8112
vn -0.3334 -0.0898 0.9385
vn -0.6992 -0.1881 0.6897
vn -0.1817 -0.0001 0.9834
vn -0.5846 -0.0002 0.8113
vn -0.9185 -0.2459 0.3096
vn -0.9185 0.2460 0.3096
vn -0.7926 0.2125 0.5715
vn -0.7670 -0.0002 0.6417
vn -0.6641 -0.3836 0.6417
vn -0.7924 -0.2124 0.5718
vn -0.8727 -0.0002 0.4882
vn -0.7387 -0.2019 0.6431
vn -0.9904 -0.0032 0.1382
vn -0.5803 -0.5804 0.5712
vn -0.9948 -0.0375 0.0942
vn -0.5429 -0.5430 0.6406
vn -0.9992 -0.0003 -0.0404
vn -0.9902 0.0021 0.1396
vn -0.9862 0.1605 0.0411
vn -0.7341 -0.0005 0.6791
vn -0.9946 0.0345 0.0977
vn -0.9265 0.2104 -0.3119
vn -0.9772 -0.1516 0.1489
vn -0.7678 -0.0199 -0.6403
vn -0.9512 -0.0002 -0.3086
vn -0.9925 0.0001 0.1219
vn -0.9863 -0.1599 0.0416
vn -0.6261 0.6479 -0.4338
vn -0.8952 -0.0000 -0.4456
vn -0.6235 0.7084 -0.3308
vn 0.7182 0.6159 -0.3239
vn -0.9995 -0.0001 -0.0305
vn -0.5998 0.7830 -0.1644
vn -0.9540 0.0004 -0.2998
vn -0.5972 -0.7847 -0.1664
vn 0.4846 -0.5472 -0.6825
vn -0.6230 -0.7086 -0.3314
vn -0.6224 -0.6510 -0.4345
vn -0.6519 0.1563 -0.7420
vn -0.7697 0.0145 -0.6382
vn -0.9268 -0.2089 -0.3121
vn -0.8149 0.1665 -0.5551
vn -0.9337 -0.2173 -0.2846
vn -0.7467 0.3248 -0.5804
vn -0.3073 -0.1489 -0.9399
vn -0.5982 -0.3078 -0.7399
vn -0.5951 -0.5887 -0.5471
vn -0.5378 -0.4478 -0.7143
vn -0.9332 -0.3241 0.1554
vn -0.9195 -0.2471 -0.3057
vn -0.6535 -0.4133 -0.6342
vn -0.8834 0.2167 -0.4155
vn 0.3202 0.8899 -0.3248
vn -0.8078 -0.4555 -0.3740
vn -0.8955 0.3012 -0.3278
vn -0.9092 0.3806 -0.1685
vn -0.8655 -0.5008 0.0062
vn -0.8279 -0.4752 -0.2979
vn -0.1248 -0.9780 -0.1674
vn 0.6944 -0.2293 -0.6821
vn -0.1885 -0.9259 -0.3275
vn 0.9300 -0.1695 -0.3260
vn -0.2217 -0.8593 -0.4609
vn 0.9685 -0.2199 -0.1165
vn -0.6431 -0.1329 -0.7542
vn -0.5105 -0.6208 -0.5950
vn -0.7027 -0.6436 -0.3032
vn -0.6918 -0.3349 -0.6397
vn -0.6072 -0.3315 -0.7221
vn -0.8315 -0.4686 -0.2983
vn -0.4698 -0.4568 -0.7554
vn -0.2802 -0.1984 -0.9392
vn -0.1865 -0.2813 -0.9413
vn -0.9325 -0.3588 0.0423
vn -0.3248 -0.6994 -0.6366
vn -0.5699 -0.5834 -0.5787
vn -0.7102 -0.6415 -0.2899
vn -0.6501 -0.7020 -0.2908
vn -0.7735 -0.6324 0.0414
vn -0.8597 -0.4962 0.1212
vn -0.6312 -0.3672 0.6832
vn -0.8438 -0.5278 0.0972
vn -0.8418 -0.5195 0.1467
vn -0.8648 -0.5007 -0.0372
vn -0.7556 -0.4362 0.4886
vn -0.8776 -0.4691 0.0985
vn -0.8589 -0.4931 0.1383
vn -0.7464 -0.6435 0.1696
vn -0.6926 -0.6949 0.1935
vn -0.6422 -0.7476 0.1695
vn -0.4926 -0.8592 0.1380
vn -0.6323 -0.7736 0.0414
vn -0.4362 -0.7559 0.4882
vn -0.4687 -0.8779 0.0979
vn -0.5007 -0.8646 -0.0407
vn -0.2013 -0.7389 0.6430
vn -0.5199 -0.8416 0.1465
vn -0.3684 -0.6337 0.6803
vn -0.5284 -0.8435 0.0961
vn -0.3252 -0.9328 0.1551
vn -0.3585 -0.9326 0.0406
vn -0.4960 -0.8597 0.1218
vn -0.4782 -0.8285 -0.2913
vn -0.6581 -0.6886 -0.3046
vn -0.2481 -0.9219 -0.2976
vn -0.6154 -0.5157 -0.5961
vn -0.4621 -0.8008 -0.3811
vn -0.8594 -0.2213 -0.4610
vn -0.2173 0.9693 -0.1153
vn -0.1688 0.9305 -0.3250
vn -0.9260 -0.1867 -0.3283
vn -0.2306 0.6936 -0.6824
vn -0.5005 -0.8657 0.0070
vn -0.9778 -0.1277 -0.1661
vn -0.4768 -0.8267 -0.2988
vn 0.3805 -0.9096 -0.1671
vn 0.3014 -0.8953 -0.3282
vn 0.2382 -0.8552 -0.4604
vn 0.9485 0.2948 -0.1159
vn -0.1407 -0.7903 -0.5963
vn -0.3945 -0.6340 -0.6651
vn -0.2127 -0.9348 -0.2845
vn -0.1400 -0.3269 -0.9346
vn 0.0083 -0.7439 -0.6683
vn -0.1518 -0.9771 0.1488
vn -0.2056 -0.9304 -0.3035
vn -0.2854 -0.7502 -0.5965
vn -0.1594 -0.9863 0.0417
vn -0.6342 -0.6204 -0.4614
vn -0.0000 -0.9567 -0.2910
vn -0.7083 -0.6254 -0.3275
vn -0.6135 0.7202 -0.3239
vn -0.5466 0.4851 -0.6825
vn -0.0000 -0.9244 -0.3815
vn -0.7848 -0.5966 -0.1676
vn -0.0000 -0.1774 -0.9841
vn -0.0000 -1.0000 0.0054
vn -0.0000 -0.9558 -0.2941
vn 0.7848 -0.5966 -0.1676
vn 0.7066 -0.6275 -0.3270
vn 0.6748 0.7287 -0.1168
vn 0.6332 -0.6220 -0.4607
vn 0.2826 -0.7510 -0.5968
vn -0.0096 -0.7443 -0.6678
vn 0.2037 -0.9309 -0.3031
vn 0.2800 -0.6154 -0.7368
vn 0.0425 -0.3526 -0.9348
vn 0.3936 -0.6332 -0.6664
vn 0.2125 -0.9349 -0.2843
vn 0.1590 -0.9864 0.0419
vn 0.1373 -0.7916 -0.5955
vn -0.0000 -0.9925 0.1224
vn -0.2393 -0.8547 -0.4607
vn -0.8900 0.3214 -0.3236
vn -0.0005 -0.7313 0.6821
vn -0.3030 -0.8946 -0.3286
vn 0.0344 -0.9946 0.0979
vn -0.3788 -0.9104 -0.1663
vn 0.0021 -0.9902 0.1394
vn -0.0002 -0.9993 -0.0370
vn -0.0001 -0.8725 0.4887
vn -0.0368 -0.9948 0.0953
vn -0.0029 -0.9904 0.1383
vn 0.2014 -0.7388 0.6431
vn 0.1518 -0.9771 0.1490
vn 0.3240 -0.9332 0.1556
vn 0.2492 -0.9216 -0.2977
vn 0.5179 -0.8424 0.1486
vn 0.4621 -0.8008 -0.3811
vn 0.4360 -0.7555 0.4889
vn 0.5004 -0.8657 0.0072
vn 0.5261 -0.8447 0.0984
vn 0.4787 -0.8258 -0.2982
vn 0.9783 -0.1280 -0.1628
vn 0.2345 0.6924 -0.6824
vn 0.9260 -0.1903 -0.3262
vn 0.1720 0.9296 -0.3259
vn 0.8588 -0.2242 -0.4607
vn 0.2203 0.9685 -0.1165
vn 0.6155 -0.5161 -0.5956
vn 0.6580 -0.6886 -0.3049
vn 0.3243 -0.6993 -0.6370
vn 0.3323 -0.6068 -0.7220
vn 0.4781 -0.8285 -0.2915
vn 0.4568 -0.4699 -0.7554
vn 0.3572 -0.9331 0.0413
vn 0.4964 -0.8595 0.1219
vn 0.6910 -0.3355 -0.6403
vn 0.3663 -0.6358 0.6794
vn 0.6448 -0.1307 -0.7531
vn 0.6323 -0.7736 0.0411
vn 0.4991 -0.8656 -0.0396
vn 0.4671 -0.8789 0.0963
vn 0.6443 -0.7073 -0.2909
vn 0.4929 -0.8589 0.1390
vn 0.6435 -0.7465 0.1693
vn 0.5429 -0.5429 0.6407
vn 0.6955 -0.6920 0.1935
vn 0.5692 -0.5839 -0.5789
vn 0.7046 -0.6476 -0.2899
vn 0.7473 -0.6424 0.1701
vn 0.7557 -0.4363 0.4883
vn 0.8592 -0.4928 0.1378
vn 0.7728 -0.6332 0.0421
vn 0.8778 -0.4689 0.0981
vn 0.7023 -0.6441 -0.3030
vn 0.8651 -0.5003 -0.0374
vn 0.6308 -0.3678 0.6833
vn 0.5101 -0.6214 -0.5947
vn 0.8316 -0.4686 -0.2981
vn 0.2219 -0.8592 -0.4610
vn -0.9684 -0.2200 -0.1174
vn 0.8079 -0.4549 -0.3746
vn 0.1871 -0.9260 -0.3279
vn -0.6944 -0.2287 -0.6823
vn 0.8597 -0.4961 0.1214
vn 0.1254 -0.9780 -0.1667
vn 0.1519 -0.0902 -0.9843
vn 0.8662 -0.4996 0.0052
vn 0.8282 -0.4749 -0.2976
vn 0.9089 0.3817 -0.1680
vn -0.1469 0.7163 -0.6822
vn 0.8960 0.3004 -0.3271
vn 0.8827 0.2177 -0.4165
vn -0.3114 0.9423 -0.1230
vn 0.6519 -0.4160 -0.6340
vn 0.9197 -0.2469 -0.3054
vn 0.5973 -0.5639 -0.5704
vn 0.9324 -0.3589 0.0421
vn 0.8428 -0.5296 0.0958
vn 0.8000 0.1790 -0.5727
vn 0.8418 -0.5194 0.1470
vn 0.9332 -0.3240 0.1554
vn 0.7386 -0.2018 0.6432
vn 0.9341 -0.2157 -0.2844
vn 0.9772 -0.1513 0.1488
vn 0.8727 -0.0002 0.4883
vn 0.9272 -0.2097 -0.3104
vn 0.9902 0.0021 0.1396
vn 0.9863 -0.1595 0.0412
vn 0.9946 0.0337 0.0982
vn 0.7675 0.0241 -0.6406
vn 0.9992 -0.0003 -0.0397
vn 0.6531 -0.6310 -0.4186
vn -0.7420 -0.6587 -0.1250
vn 0.9522 -0.0002 -0.3054
vn 0.6264 -0.7077 -0.3268
vn -0.7217 -0.6108 -0.3257
vn 0.9297 0.0002 -0.3683
vn 0.5965 -0.7851 -0.1670
vn 1.0000 -0.0001 0.0068
vn 0.9538 0.0004 -0.3005
vn 0.5991 0.7835 -0.1650
vn -0.4840 0.5466 -0.6833
vn 0.6263 0.7077 -0.3268
vn 0.6561 0.6280 -0.4184
vn 0.7657 -0.0291 -0.6426
vn 0.7997 -0.1803 -0.5726
vn 0.9273 0.2093 -0.3104
vn 0.5967 0.5651 -0.5698
vn 0.9338 0.2176 -0.2841
vn 0.9864 0.1593 0.0407
vn 0.6502 0.4070 -0.6416
vn 0.9926 0.0001 0.1214
vn 0.7333 -0.0005 0.6799
vn 0.9948 -0.0367 0.0947
vn 0.9772 0.1513 0.1490
vn 0.9904 -0.0032 0.1382
vn 0.9194 0.2483 -0.3052
vn 0.7387 0.2015 0.6432
vn 0.9334 0.3231 0.1558
vn 0.8817 -0.2192 -0.4178
vn 0.7552 0.4364 0.4891
vn 0.8954 -0.3020 -0.3273
vn 0.8079 0.4549 -0.3747
vn 0.9103 -0.3790 -0.1664
vn 0.1539 0.0896 -0.9840
vn 0.8663 0.4995 0.0077
vn 0.8261 0.4790 -0.2968
vn 0.1284 0.9781 -0.1635
vn -0.6908 0.2342 -0.6840
vn 0.1868 0.9265 -0.3266
vn -0.9311 0.1696 -0.3230
vn 0.2219 0.8585 -0.4623
vn 0.5126 0.6173 -0.5968
vn 0.6898 0.6568 -0.3045
vn 0.6988 0.3242 -0.6376
vn 0.8315 0.4687 -0.2983
vn 0.4680 0.4590 -0.7552
vn 0.1859 0.2810 -0.9415
vn 0.9333 0.3566 0.0418
vn 0.2088 0.8168 -0.5378
vn 0.1810 0.6577 -0.7312
vn 0.5821 0.5703 -0.5795
vn 0.7031 0.6490 -0.2907
vn 0.6440 0.7079 -0.2900
vn 0.7736 0.6323 0.0424
vn 0.8592 0.4968 0.1221
vn 0.6354 0.3670 0.6794
vn 0.8439 0.5276 0.0977
vn 0.8425 0.5176 0.1494
vn 0.8666 0.4974 -0.0389
vn 0.8794 0.4664 0.0952
vn 0.7478 0.6418 0.1702
vn 0.8593 0.4924 0.1382
vn 0.5432 0.5427 0.6406
vn 0.6972 0.6905 0.1927
vn 0.6444 0.7456 0.1697
vn 0.4361 0.7555 0.4889
vn 0.4911 0.8601 0.1380
vn 0.5183 0.8422 0.1484
vn 0.4983 0.8661 -0.0390
vn 0.4660 0.8795 0.0964
vn 0.5259 0.8447 0.0996
vn 0.6315 0.7742 0.0423
vn 0.3655 0.6351 0.6805
vn 0.3585 0.9326 0.0415
vn 0.4963 0.8597 0.1211
vn 0.6453 0.6977 -0.3111
vn 0.4758 0.8248 -0.3054
vn 0.2478 0.9194 -0.3055
vn 0.3636 0.6737 -0.6434
vn 0.4650 0.8050 -0.3684
vn 0.8726 0.2515 -0.4188
vn 0.1739 -0.9303 -0.3229
vn 0.4986 0.8668 0.0039
vn 0.9264 0.1897 -0.3253
vn 0.9779 0.1260 -0.1669
vn 0.0078 -0.6371 -0.7707
vn -0.4928 0.4351 -0.7535
vn 0.6152 -0.2798 -0.7371
vn 0.5622 -0.3544 -0.7472
vn 0.5474 0.3280 -0.7699
vn -0.2798 -0.6153 -0.7369
vn -0.3542 -0.5621 -0.7474
vn 0.1987 -0.2798 -0.9392
vn 0.1398 -0.3266 -0.9348
vn 0.1309 -0.6450 -0.7529
vn 0.4708 -0.4784 -0.7413
vn 0.0749 -0.6654 -0.7428
vn -0.0651 -0.6730 -0.7368
vn -0.0117 0.6358 -0.7718
vn -0.2108 -0.6200 -0.7558
vn 0.1663 -0.6476 -0.7436
vn -0.3263 0.1396 -0.9349
vn 0.5462 -0.3279 -0.7708
vn -0.6423 0.1293 -0.7554
vn -0.7116 0.3720 -0.5961
vn -0.3407 -0.0307 -0.9397
vn -0.6729 0.0643 -0.7370
vn 0.6365 0.0061 -0.7712
vn 0.2802 0.6145 -0.7375
vn 0.3538 0.5627 -0.7471
vn 0.6065 0.3328 -0.7221
vn 0.2796 0.1988 -0.9393
vn 0.3260 0.1394 -0.9350
vn 0.6153 0.2802 -0.7368
vn -0.5455 -0.3273 -0.7716
vn 0.5351 0.4493 -0.7154
vn -0.3558 0.8593 -0.3673
vn -0.3826 0.9233 0.0327
vn -0.0001 0.9005 0.4349
vn -0.6569 0.6570 -0.3699
vn -0.3462 0.8311 0.4352
vn -0.7063 0.7071 0.0326
vn -0.3719 0.9229 0.1000
vn -0.6352 0.6348 0.4401
vn -0.3598 0.9271 0.1048
vn -0.7036 0.7039 0.0967
vn -0.9234 0.3823 0.0329
vn -0.8307 0.3461 0.4360
vn -0.9995 -0.0001 0.0330
vn -0.9000 -0.0001 0.4359
vn -0.9235 -0.3821 0.0330
vn -0.9237 0.3697 0.1006
vn -0.7067 -0.7067 0.0328
vn -0.9262 0.3659 0.0905
vn -0.3825 -0.9233 0.0332
vn -0.6346 -0.6349 0.4406
vn -0.8306 -0.3464 0.4360
vn -0.9944 -0.0001 0.1058
vn -0.9233 -0.3705 0.1013
vn -0.7036 -0.7038 0.0976
vn -0.3464 -0.8307 0.4359
vn -0.9246 -0.3698 0.0913
vn -0.0001 -0.9995 0.0329
vn -0.0001 -0.8999 0.4360
vn 0.3826 -0.9233 0.0331
vn 0.6567 -0.6572 -0.3699
vn -0.3709 -0.9232 0.1009
vn 0.7070 -0.7065 0.0330
vn -0.3699 -0.9246 0.0913
vn 0.9235 -0.3823 0.0330
vn 0.6346 -0.6351 0.4404
vn 0.3464 -0.8306 0.4360
vn -0.0001 -0.9944 0.1054
vn 0.3709 -0.9232 0.1009
vn 0.7037 -0.7038 0.0975
vn 0.8307 -0.3467 0.4356
vn 0.3698 -0.9246 0.0914
vn -0.0001 -0.9960 0.0889
vn 0.9995 -0.0001 0.0326
vn 0.8592 0.3553 -0.3681
vn 0.9002 -0.0001 0.4355
vn 0.9234 0.3825 0.0329
vn 0.9232 -0.3708 0.1013
vn 0.7066 0.7069 0.0328
vn 0.9244 -0.3703 0.0914
vn 0.3827 0.9233 0.0327
vn 0.3554 0.8594 -0.3675
vn -0.0001 0.9995 0.0322
vn 0.6369 0.6366 0.4349
vn 0.3446 0.8331 0.4327
vn 0.8328 0.3447 0.4331
vn 0.7033 0.7033 0.1036
vn 0.3802 0.9190 0.1038
vn -0.0001 0.9945 0.1045
vn 0.9199 0.3780 0.1045
vn 0.6902 0.7162 0.1031
vn 0.3825 0.9178 0.1063
vn -0.0010 0.9942 0.1080
vn -0.0021 1.0000 0.0064
vn 0.9944 -0.0001 0.1059
vn 0.9166 0.3890 0.0923
vn 0.6789 0.7342 0.0059
vn 0.9961 -0.0001 0.0888
vn 0.9146 0.4044 0.0049
vn 0.3827 0.9166 -0.1158
vn -0.0011 0.9930 -0.1180
vn -0.0000 0.9912 -0.1323
vn 0.9153 0.3894 -0.1027
vn 0.3796 0.9157 -0.1321
vn 0.6891 0.7158 -0.1129
vn 0.9950 -0.0000 -0.0998
vn 0.3085 0.7454 -0.5910
vn 0.9167 -0.3994 0.0093
vn 0.7007 0.7010 -0.1328
vn 0.9165 0.3772 -0.1331
vn 0.9910 -0.0000 -0.1341
vn 0.9134 -0.3936 -0.1041
vn 0.7067 -0.7074 0.0146
vn 0.9164 -0.3774 -0.1332
vn 0.3986 -0.9171 0.0093
vn 0.7026 -0.7031 -0.1096
vn 0.3927 -0.9138 -0.1041
vn -0.0002 -0.9950 -0.0999
vn -0.3986 -0.9171 0.0094
vn -0.0000 -0.9910 -0.1341
vn -0.7067 -0.7074 0.0147
vn -0.3927 -0.9137 -0.1041
vn 0.3769 -0.9166 -0.1331
vn 0.7008 -0.7009 -0.1327
vn -0.0000 -0.8037 -0.5950
vn 0.3083 -0.7449 -0.5917
vn -0.3773 -0.9165 -0.1331
vn -0.7023 -0.7034 -0.1096
vn -0.9170 -0.3989 0.0093
vn -0.9135 -0.3933 -0.1042
vn -0.9961 -0.0001 0.0887
vn -0.9950 -0.0000 -0.0999
vn -0.9192 0.3938 0.0097
vn -0.6770 0.7358 0.0160
vn -0.9146 0.3909 -0.1035
vn -0.9910 -0.0000 -0.1340
vn -0.3847 0.9156 -0.1168
vn -0.6881 0.7166 -0.1143
vn -0.3800 0.9155 -0.1322
vn -0.0000 0.8050 -0.5933
vn -0.9165 0.3772 -0.1330
vn -0.7006 0.7011 -0.1326
vn -0.3088 0.7453 -0.5910
vn -0.3314 0.8017 -0.4973
vn -0.0001 0.8684 -0.4959
vn -0.5684 0.5686 -0.5947
vn -0.7447 0.3085 -0.5918
vn -0.8037 -0.0000 -0.5950
vn -0.9164 -0.3774 -0.1330
vn -0.8010 0.3320 -0.4982
vn -0.7007 -0.7010 -0.1325
vn -0.7446 -0.3086 -0.5920
vn -0.3087 -0.7447 -0.5917
vn -0.5680 -0.5686 -0.5951
vn -0.8010 -0.3320 -0.4982
vn -0.3317 -0.8012 -0.4981
vn -0.8679 -0.0000 -0.4968
vn -0.6136 -0.6139 -0.4967
vn -0.8019 -0.3324 0.4964
vn -0.6143 -0.6146 0.4949
vn -0.8689 -0.0000 0.4950
vn -0.3321 -0.8022 0.4962
vn -0.5878 -0.5883 0.5554
vn -0.6137 0.6139 -0.4965
vn -0.8019 0.3324 0.4964
vn -0.6144 0.6147 0.4947
vn -0.3318 0.8027 0.4955
vn -0.0001 0.8694 0.4941
vn -0.0000 0.8325 0.5540
vn -0.5882 0.5882 0.5550
vn -0.3190 0.7708 0.5514
vn -0.3174 0.7667 -0.5581
vn -0.0000 0.8280 -0.5607
vn -0.5850 0.5850 -0.5617
vn -0.3306 0.7998 -0.5011
vn -0.0001 0.8662 -0.4996
vn -0.7701 0.3191 0.5523
vn -0.3306 0.7998 0.5011
vn -0.0001 0.8662 0.4996
vn -0.0000 0.8280 0.5607
vn -0.7661 0.3174 -0.5589
vn -0.8315 -0.0000 0.5555
vn -0.7990 0.3312 -0.5020
vn -0.7701 -0.3191 0.5523
vn -0.8270 -0.0000 -0.5621
vn -0.7661 -0.3174 -0.5589
vn -0.6122 0.6124 -0.5002
vn -0.6122 0.6124 0.5002
vn -0.7990 0.3312 0.5020
vn -0.5850 0.5850 0.5617
vn -0.3174 0.7667 0.5581
vn -0.3826 0.9239 -0.0000
vn -0.7074 0.7068 -0.0000
vn -0.7661 0.3174 0.5589
vn -0.9238 0.3829 -0.0000
vn -1.0000 -0.0000 -0.0000
vn -0.8270 -0.0000 0.5621
vn -0.8658 -0.0000 0.5005
vn -0.8658 -0.0000 -0.5005
vn -0.7990 -0.3312 0.5020
vn -0.7661 -0.3174 0.5589
vn -0.9238 -0.3829 -0.0000
vn -0.7070 -0.7073 -0.0000
vn -0.7990 -0.3312 -0.5020
vn -0.5846 -0.5851 0.5620
vn -0.6121 -0.6124 0.5004
vn -0.5846 -0.5851 -0.5620
vn -0.6121 -0.6124 -0.5004
vn -0.3309 -0.7992 0.5018
vn -0.3175 -0.7663 0.5586
vn -0.3827 -0.9239 -0.0000
vn -0.3309 -0.7992 -0.5018
vn -0.0000 -0.8271 0.5621
vn -0.3175 -0.7663 -0.5586
vn -0.0001 -0.8658 0.5004
vn -0.3192 -0.7704 0.5520
vn -0.0001 -0.8658 -0.5004
vn -0.0000 -0.8316 0.5554
vn -0.0000 -0.8271 -0.5621
vn 0.3312 -0.7991 0.5018
vn 0.3312 -0.7991 -0.5018
vn 0.3171 -0.7664 0.5586
vn 0.3823 -0.9240 -0.0000
vn 0.7067 -0.7075 -0.0000
vn 0.5848 -0.5853 0.5616
vn 0.6123 -0.6123 0.5001
vn 0.7664 -0.3171 0.5586
vn 0.9241 -0.3822 -0.0000
vn 1.0000 -0.0000 -0.0000
vn 0.7989 -0.3317 0.5017
vn 0.6123 -0.6124 -0.5001
vn 0.8272 -0.0000 0.5619
vn 0.5848 -0.5853 -0.5616
vn 0.7664 0.3171 0.5586
vn 0.9241 0.3822 -0.0000
vn 0.7071 0.7071 -0.0000
vn 0.3171 -0.7664 -0.5586
vn 0.7989 -0.3317 -0.5017
vn 0.3188 -0.7705 0.5520
vn 0.8659 -0.0000 0.5003
vn 0.5880 -0.5885 0.5550
vn 0.3324 -0.8021 0.4962
vn -0.0001 -0.8690 0.4949
vn -0.0001 -0.8679 -0.4967
vn 0.3320 -0.8011 -0.4980
vn 0.6146 -0.6146 0.4945
vn 0.5682 -0.5686 -0.5949
vn 0.6138 -0.6139 -0.4964
vn 0.7448 -0.3084 -0.5918
vn 0.8009 -0.3326 -0.4979
vn 0.8019 -0.3330 0.4961
vn 0.8039 -0.0000 -0.5948
vn 0.7705 -0.3188 0.5520
vn 0.7449 0.3084 -0.5917
vn 0.7664 -0.3172 -0.5586
vn 0.5686 0.5686 -0.5944
vn 0.8009 0.3326 -0.4979
vn 0.8680 -0.0000 -0.4966
vn 0.8690 -0.0000 0.4948
vn 0.8317 -0.0000 0.5553
vn 0.8019 0.3330 0.4961
vn 0.8272 -0.0000 -0.5619
vn 0.8659 -0.0000 -0.5003
vn 0.7664 0.3172 -0.5586
vn 0.7989 0.3317 -0.5017
vn 0.7705 0.3188 0.5520
vn 0.5884 0.5884 0.5546
vn 0.6147 0.6147 0.4943
vn 0.6139 0.6139 -0.4962
vn 0.3321 0.8026 0.4955
vn 0.3317 0.8016 -0.4973
vn 0.3187 0.7710 0.5514
vn 0.3170 0.7669 -0.5581
vn 0.5852 0.5852 -0.5613
vn 0.3309 0.7997 -0.5010
vn 0.6124 0.6124 -0.4998
vn 0.3309 0.7997 0.5010
vn 0.6124 0.6124 0.4999
vn 0.7989 0.3317 0.5017
vn 0.5852 0.5852 0.5613
vn 0.3170 0.7669 0.5581
vn 0.3822 0.9241 -0.0000
vn -0.0000 0.6206 0.7841
vn 0.4388 0.4386 0.7843
vn 0.2750 0.2750 0.9213
vn -0.0000 0.7104 0.7038
vn 0.6209 -0.0000 0.7839
vn 0.9932 -0.0000 -0.1162
vn 0.5025 0.5025 0.7036
vn -0.0000 0.9182 -0.3962
vn 0.3889 -0.0000 0.9213
vn 0.7103 -0.0000 0.7039
vn 0.6486 0.6495 -0.3967
vn -0.0000 1.0000 -0.0043
vn 0.4390 -0.4390 0.7839
vn 0.7024 -0.7022 -0.1162
vn 0.3820 -0.9222 -0.0606
vn 0.2750 -0.2751 0.9213
vn -0.0000 -0.6208 0.7839
vn 0.5021 -0.5026 0.7038
vn -0.4392 -0.4391 0.7838
vn -0.7024 -0.7023 -0.1162
vn -0.0000 -0.3890 0.9212
vn 0.9174 -0.0000 -0.3980
vn -0.6209 -0.0000 0.7839
vn -0.9932 -0.0000 -0.1161
vn -0.2751 -0.2751 0.9212
vn -0.4389 0.4387 0.7842
vn -0.3818 0.9223 -0.0606
vn -0.0000 0.3888 0.9213
vn -0.3890 -0.0000 0.9212
vn -0.2751 0.2750 0.9213
vn -0.5022 -0.5022 0.7040
vn -0.5026 0.5021 0.7038
vn -0.7106 -0.0000 0.7036
vn -0.6490 0.6491 -0.3969
vn -0.9175 -0.0000 -0.3977
vn -0.0000 -0.7106 0.7036
vn -0.6486 -0.6491 -0.3975
vn -1.0000 -0.0000 -0.0044
vn -0.7078 0.7064 -0.0044
vn -0.6892 0.6900 -0.2213
vn 0.6482 -0.6496 -0.3974
vn -0.0000 -0.9178 -0.3971
vn -0.0000 -1.0000 -0.0043
vn -0.7079 -0.7063 -0.0044
vn 1.0000 -0.0000 -0.0043
vn -0.6891 -0.6901 -0.2211
vn -0.9754 -0.0000 -0.2204
vn 0.7075 -0.7067 -0.0044
vn -0.0000 -0.9753 -0.2208
vn 0.6889 -0.6904 -0.2208
vn -0.5370 -0.5366 -0.6509
vn -0.0000 -0.7606 -0.6492
vn -0.5368 0.5374 -0.6504
vn -0.7603 -0.0000 -0.6496
vn -0.4081 0.9037 -0.1292
vn -0.9158 0.3799 -0.1303
vn -0.6544 0.6558 0.3765
vn -0.9159 -0.3797 -0.1302
vn -0.9261 -0.0001 0.3773
vn -0.6760 0.6758 0.2937
vn -0.3800 -0.9157 -0.1306
vn -0.6548 -0.6545 0.3780
vn -0.9560 -0.0001 0.2934
vn -0.0001 -0.9265 0.3763
vn -0.6760 -0.6760 0.2934
vn 0.3798 -0.9158 -0.1309
vn -0.9340 -0.0001 -0.3572
vn -0.6604 0.6603 -0.3576
vn 0.5365 -0.5366 -0.6514
vn -0.3820 0.9237 -0.0303
vn 0.9755 -0.0000 -0.2201
vn -0.7067 0.7067 -0.0339
vn -0.6621 0.6623 0.3507
vn -0.9235 0.3825 -0.0301
vn -0.6447 0.6772 -0.3547
vn -0.9365 -0.0001 0.3506
vn -0.9994 -0.0002 -0.0335
vn -0.9234 -0.3826 -0.0300
vn -0.6605 -0.6605 -0.3571
vn -0.6623 -0.6622 0.3505
vn -0.7067 -0.7067 -0.0334
vn -0.3826 -0.9234 -0.0300
vn -0.0001 -0.9340 -0.3572
vn -0.0001 -0.9559 0.2936
vn -0.0002 -0.9994 -0.0335
vn 0.6757 -0.6761 0.2939
vn -0.0002 -0.9366 0.3504
vn 0.3827 -0.9234 -0.0301
vn 0.6605 -0.6604 -0.3572
vn 0.6549 -0.6545 0.3778
vn 0.7069 -0.7065 -0.0339
vn 0.9160 -0.3794 -0.1304
vn 0.6626 -0.6621 0.3502
vn 0.9235 -0.3824 -0.0303
vn 0.7590 -0.0000 -0.6511
vn 0.9340 -0.0001 -0.3572
vn 0.5363 0.5374 -0.6509
vn 0.9558 -0.0001 0.2941
vn 0.9251 -0.0001 0.3796
vn 0.9159 0.3796 -0.1305
vn 0.6757 0.6759 0.2943
vn 0.6545 0.6558 0.3763
vn 0.4079 0.9038 -0.1295
vn 0.6889 0.6903 -0.2210
vn -0.0000 0.6481 -0.7616
vn -0.0000 0.9811 -0.1934
vn -0.0000 0.9751 -0.2219
vn -0.0001 0.8353 0.5499
vn -0.0001 0.9559 0.2937
vn 0.7075 0.7067 -0.0044
vn -0.0001 0.9339 -0.3575
vn 0.6605 0.6602 -0.3577
vn 0.3822 0.9236 -0.0304
vn -0.0002 0.9994 -0.0335
vn -0.0002 0.9365 0.3507
vn 0.9235 0.3823 -0.0305
vn 0.7069 0.7065 -0.0344
vn 0.6624 0.6621 0.3505
vn 0.9994 -0.0002 -0.0335
vn 0.9366 -0.0001 0.3503
vn 0.6604 0.6603 -0.3576
vn -0.0002 0.9359 -0.3521
vn 0.6602 -0.6604 -0.3577
vn 0.9360 -0.0001 -0.3521
vn 0.3784 0.9133 0.1505
vn 0.6990 0.6987 0.1522
vn 0.9881 -0.0006 0.1535
vn 0.6978 -0.6990 0.1562
vn 0.3777 -0.9128 0.1554
vn -0.0002 -0.9359 -0.3523
vn -0.0000 -0.9876 0.1567
vn -0.6446 -0.6772 -0.3548
vn -0.6979 -0.6990 0.1556
vn -0.9128 -0.3786 0.1534
vn -0.9339 -0.0001 -0.3576
vn -0.9881 -0.0007 0.1536
vn -0.9134 0.3779 0.1511
vn -0.6992 0.6987 0.1516
vn -0.0000 0.9885 0.1513
vn -0.0001 0.7289 0.6846
vn 0.5455 0.5313 0.6482
vn -0.0006 0.9749 -0.2226
vn 0.7369 0.0001 0.6760
vn -0.0797 0.0817 0.9935
vn 0.7004 0.6791 -0.2195
vn 0.6848 0.6674 -0.2927
vn -0.0006 0.9575 -0.2886
vn 0.9757 -0.0001 -0.2192
vn 0.6922 0.6713 -0.2650
vn -0.0004 0.9629 -0.2699
vn 0.9562 -0.0002 -0.2928
vn 0.7005 -0.6793 -0.2187
vn 0.5453 -0.5313 0.6483
vn 0.7041 0.6882 -0.1750
vn -0.0001 0.9849 -0.1730
vn 0.0064 -0.7315 0.6818
vn 0.0068 0.2039 0.9790
vn 0.6839 0.6631 -0.3041
vn 0.0006 0.9498 -0.3128
vn -0.5615 -0.5389 0.6280
vn 0.0138 -0.9769 -0.2134
vn -0.7021 -0.6835 -0.1999
vn -0.7410 0.0106 0.6714
vn -0.7384 0.0059 0.6744
vn 0.0785 -0.0795 0.9937
vn 0.6843 -0.6676 -0.2933
vn -0.5448 0.5321 0.6482
vn -0.6993 0.6807 -0.2184
vn -0.9778 0.0164 -0.2088
vn -0.6849 0.6671 -0.2932
vn -0.9562 0.0001 -0.2929
vn -0.6924 0.6708 -0.2659
vn -0.6836 -0.6684 -0.2930
vn -0.7043 0.6880 -0.1750
vn 0.0002 -0.9573 -0.2891
vn -0.6832 0.6627 -0.3067
vn -0.9846 -0.0000 -0.1746
vn -0.9640 -0.0000 -0.2661
vn -0.6927 -0.6706 -0.2655
vn 0.6921 -0.6713 -0.2654
vn 0.0003 -0.9625 -0.2712
vn -0.7043 -0.6879 -0.1752
vn 0.9639 -0.0003 -0.2664
vn 0.7043 -0.6879 -0.1753
vn 0.9846 -0.0001 -0.1747
vn 0.0002 -0.9848 -0.1734
vn 0.6839 -0.6629 -0.3046
vn 0.9521 0.0002 -0.3059
vn -0.6829 -0.6642 -0.3041
vn -0.0002 -0.9507 -0.3100
vn -0.9515 -0.0002 -0.3077
vn -0.6460 -0.6496 -0.4009
vn 0.6447 -0.6510 -0.4007
vn -0.6378 0.6196 -0.4575
vn -0.8911 -0.0003 -0.4539
vn -0.0005 -0.9320 -0.3624
vn -0.6829 -0.7050 0.1915
vn -0.9861 -0.0002 0.1663
vn -0.6971 0.7008 0.1514
vn -0.5231 0.5456 0.6548
vn -0.0010 0.7062 0.7081
vn -0.7319 -0.0001 0.6815
vn -0.5135 0.5007 0.6968
vn -0.0002 1.0000 0.0002
vn -0.7145 0.6997 0.0002
vn -0.7158 -0.0000 0.6983
vn -1.0000 -0.0004 0.0002
vn -0.7145 -0.6997 0.0002
vn -0.5136 -0.5006 0.6969
vn -0.5232 -0.5450 0.6552
vn -0.0003 -0.7066 0.7076
vn -0.0002 -1.0000 0.0002
vn 0.7139 -0.7002 0.0002
vn -0.0004 -0.9782 0.2077
vn -0.0003 -0.7801 0.6257
vn 0.5133 -0.5007 0.6970
vn 1.0000 -0.0004 0.0002
vn 0.5236 -0.5445 0.6552
vn 0.7150 -0.0007 0.6991
vn 0.7139 0.7002 0.0002
vn 0.6837 -0.7042 0.1913
vn 0.9161 0.0156 -0.4005
vn 0.5121 0.4998 0.6985
vn 0.5599 0.5789 0.5928
vn 0.0229 0.8070 0.5901
vn 0.7558 0.0246 0.6543
vn 0.6928 0.6977 0.1823
vn 0.0152 0.7412 0.6711
vn 0.0146 0.8276 0.5612
vn 0.9813 0.0279 0.1906
vn 0.6668 0.6486 -0.3672
vn 0.0160 0.9149 -0.4034
vn 0.1206 0.6912 -0.7125
vn -0.3945 0.9012 -0.1794
vn 0.6342 0.7593 0.1459
vn 0.4031 0.4047 0.8208
vn 0.6479 0.7516 0.1238
vn 0.6743 0.6133 0.4114
vn 0.3903 0.6951 0.6037
vn 0.6711 0.7359 0.0904
vn 0.7150 0.5599 0.4188
vn 0.5594 0.6649 0.4949
vn 0.6688 0.6740 0.3138
vn 0.7431 0.5546 0.3745
vn 0.7613 0.5214 0.3854
vn 0.7023 0.6624 0.2609
vn 0.7557 0.5909 0.2822
vn 0.5385 0.8390 0.0777
vn 0.5222 0.8468 0.1012
vn -0.1198 0.9566 -0.2655
vn 0.5720 0.8201 0.0138
vn 0.4905 0.8607 0.1366
vn 0.6924 0.6615 0.2880
vn 0.4122 0.8909 0.1909
vn 0.6759 0.6998 0.2313
vn 0.6640 0.7223 0.1932
vn 0.0539 0.9680 0.2450
vn -0.6021 0.7482 0.2787
vn 0.6404 0.7579 0.1242
vn 0.0640 0.9422 0.3287
vn -0.7423 0.4296 0.5142
vn 0.5772 0.8113 0.0930
vn 0.9717 0.1415 0.1893
vn 0.0936 0.8927 0.4409
vn 0.9474 0.3162 -0.0499
vn 0.9070 0.0795 0.4135
vn 0.8513 -0.4915 0.1835
vn 0.8164 0.0852 0.5712
vn 0.7634 -0.4408 0.4721
vn 0.6955 0.6631 0.2766
vn 0.7578 0.1148 0.6424
vn 0.6548 -0.3778 0.6546
vn 0.7309 0.6564 0.1868
vn 0.7869 0.1160 0.6060
vn 0.5911 -0.3410 0.7310
vn 0.3336 -0.7500 0.5711
vn 0.2706 -0.7233 0.6353
vn 0.6716 -0.3881 0.6311
vn 0.3844 -0.8255 0.4132
vn 0.8438 0.1853 0.5036
vn 0.5347 0.8427 -0.0630
vn 0.7669 0.6251 0.1457
vn 0.8935 0.2119 0.3960
vn 0.7284 0.6523 0.2096
vn 0.5728 0.8191 -0.0322
vn 0.9250 0.2662 0.2711
vn 0.8156 0.4485 0.3656
vn 0.7461 -0.4312 0.5074
vn 0.7216 0.6905 0.0506
vn 0.8312 -0.4796 0.2813
vn 0.7335 0.6662 0.1349
vn 0.7111 0.6992 0.0742
vn 0.7644 0.5998 0.2363
vn 0.8425 0.4669 0.2686
vn 0.8558 0.4832 0.1849
vn 0.7426 0.6665 0.0657
vn 0.8595 0.4638 0.2150
vn 0.7298 0.6831 0.0279
vn 0.7139 0.6988 0.0452
vn 0.8432 -0.4866 0.2285
vn 0.9109 0.3756 0.1707
vn 0.8597 -0.4963 0.1211
vn 0.7116 0.7024 0.0183
vn 0.7467 0.6651 -0.0087
vn 0.9340 0.3428 0.1006
vn 0.7261 0.6876 0.0049
vn 0.6824 0.7307 0.0205
vn 0.6381 0.7687 -0.0446
vn 0.7249 0.6881 -0.0308
vn 0.8790 0.4762 0.0224
vn 0.8529 0.5221 -0.0024
vn 0.6230 0.7804 -0.0530
vn 0.8659 -0.5001 -0.0128
vn 0.7648 0.6435 -0.0321
vn -0.2028 -0.9792 -0.0089
vn 0.8647 -0.4997 -0.0514
vn 0.8184 0.5744 -0.0171
vn -0.0271 -0.9996 -0.0026
vn 0.6463 0.4245 0.6341
vn -0.1760 -0.9839 -0.0319
vn 0.7016 0.7111 -0.0452
vn 0.7152 0.6972 -0.0488
vn 0.6104 0.7909 -0.0432
vn 0.4816 0.7464 0.4593
vn 0.6334 0.7721 -0.0511
vn 0.6187 0.7837 -0.0548
vn 0.7346 0.6772 -0.0426
vn -0.3583 0.9189 -0.1653
vn 0.7287 0.6831 -0.0491
vn -0.2819 0.9007 -0.3307
vn 0.7155 0.6975 -0.0385
vn -0.1312 0.8535 -0.5043
vn 0.7192 0.6946 -0.0160
vn 0.7358 0.6770 0.0151
vn 0.2327 0.6906 -0.6848
vn 0.7286 0.6839 0.0374
vn 0.7041 0.7081 0.0533
vn -0.2953 0.9161 -0.2712
vn 0.6873 0.7264 -0.0025
vn 0.4038 0.4237 -0.8108
vn 0.6841 0.7185 0.1256
vn 0.6329 0.7649 0.1198
vn 0.1098 0.6745 -0.7301
vn -0.3344 0.9424 0.0104
vn 0.6594 0.7496 0.0582
vn -0.2651 0.9101 -0.3184
vn 0.6303 0.7703 0.0965
vn -0.3516 0.9347 0.0530
vn 0.6299 0.7516 0.1957
vn -0.2635 0.9205 -0.2884
vn 0.6827 0.6909 0.2379
vn -0.2630 0.8763 0.4036
vn 0.8261 0.4846 0.2875
vn 0.1482 0.4424 0.8845
vn -0.0880 -0.9960 -0.0168
vn 0.0269 -0.9994 0.0224
vn -0.2649 -0.9632 -0.0451
vn -0.2929 -0.9559 0.0200
vn -0.2460 -0.9680 -0.0488
vn 0.1697 -0.9803 0.1006
vn -0.3795 -0.9242 -0.0430
vn -0.4050 -0.7903 0.4598
vn -0.2485 -0.9676 0.0451
vn -0.2176 -0.9751 -0.0425
vn -0.9749 -0.1492 -0.1655
vn -0.2260 -0.9729 -0.0492
vn -0.9210 -0.2059 -0.3307
vn -0.3520 -0.9346 -0.0512
vn -0.2460 -0.9685 -0.0383
vn -0.3695 -0.9276 -0.0547
vn -0.2417 -0.9702 -0.0160
vn -0.2332 -0.9719 -0.0307
vn -0.3643 -0.9298 -0.0531
vn -0.2177 -0.9759 0.0155
vn 0.1296 -0.9768 0.1705
vn -0.2321 -0.9727 0.0053
vn -0.2279 -0.9729 0.0381
vn -0.4820 -0.5465 -0.6848
vn -0.3462 -0.9372 -0.0437
vn -0.2612 -0.9638 0.0536
vn -0.9410 -0.2024 -0.2712
vn -0.6616 -0.7099 -0.2415
vn -0.2522 -0.9675 0.0188
vn 0.0275 -0.9762 0.2149
vn -0.2499 -0.9654 0.0743
vn -0.2261 -0.9737 0.0282
vn -0.2365 -0.9703 0.0510
vn 0.0162 -0.9631 0.2687
vn 0.2317 -0.9344 0.2707
vn -0.4173 -0.9083 -0.0279
vn 0.2615 -0.8805 0.3953
vn -0.1585 -0.9765 0.1461
vn 0.2633 -0.8231 0.5032
vn -0.2048 -0.9691 0.1376
vn 0.3127 -0.7212 0.6181
vn -0.1962 -0.9623 0.1886
vn -0.4615 -0.8854 -0.0555
vn -0.2036 -0.9451 0.2556
vn -0.2309 -0.9300 0.2859
vn -0.4513 -0.8922 -0.0168
vn -0.2194 -0.9543 0.2028
vn -0.2581 -0.9304 0.2601
vn -0.4590 -0.8848 0.0804
vn -0.2474 -0.9186 0.3082
vn 0.0102 -0.9350 0.3544
vn -0.4825 -0.8714 0.0882
vn 0.0094 -0.9829 0.1841
vn -0.4945 -0.7550 0.4306
vn -0.7889 -0.2565 0.5584
vn -0.5000 -0.8551 0.1369
vn -0.9140 -0.3670 -0.1728
vn -0.5873 -0.6273 0.5114
vn -0.2681 -0.9353 0.2310
vn -0.5633 -0.8045 0.1883
vn -0.9635 -0.2544 0.0829
vn 0.3632 -0.9123 0.1893
vn -0.2878 -0.9386 0.1902
vn -0.7228 -0.3897 0.5707
vn -0.9302 -0.3000 0.2115
vn -0.8002 -0.5764 0.1658
vn -0.3362 -0.9334 0.1256
vn -0.8040 -0.5437 0.2409
vn -0.9538 0.1277 0.2719
vn 0.2001 -0.9785 -0.0500
vn -0.7848 -0.5255 0.3285
vn -0.4182 -0.9026 0.1022
vn -0.7262 -0.5276 0.4408
vn 0.8444 -0.4869 -0.2234
vn -0.5177 0.2989 0.8016
vn 0.8406 0.4914 -0.2278
vn -0.0374 0.0208 0.9991
vn 0.3643 0.8178 0.4455
vn -0.5115 -0.7521 0.4156
vn 0.2941 -0.1696 0.9406
vn 0.7363 0.6439 0.2080
vn -0.1709 -0.9672 0.1881
vn -0.0660 -0.9843 -0.1639
vn 0.7226 -0.4191 0.5497
vn -0.0303 -0.9831 -0.1803
vn 0.7014 -0.4795 -0.5274
vn 0.8559 -0.4946 -0.1510
vn 0.8286 0.5365 -0.1597
vn -0.4741 -0.2401 0.8471
vn -0.1974 -0.8909 0.4090
vn -0.0684 -0.9036 0.4228
vn -0.3381 -0.9279 0.1572
vn -0.2466 -0.5268 0.8134
vn -0.9778 -0.1088 -0.1792
vn -0.5579 -0.4334 -0.7077
vn -0.3066 -0.9405 0.1462
vn -0.6038 -0.4188 -0.6783
vn -0.3150 -0.9459 0.0782
vn -0.3126 -0.8262 0.4688
vn -0.0845 -0.9243 0.3722
vn -0.0079 -0.9571 0.2898
vn -0.1342 -0.9499 0.2823
vn -0.1354 -0.9624 0.2354
vn -0.2039 -0.9767 0.0666
vn -0.2573 -0.9368 0.2369
vn -0.3103 -0.3511 0.8834
vn -0.2846 -0.9586 -0.0017
vn -0.3358 -0.9213 0.1961
vn -0.9296 -0.2295 -0.2884
vn -0.8520 -0.3837 0.3563
vn -0.2802 -0.9517 0.1255
vn -0.3456 -0.9309 0.1184
vn -0.3232 -0.9445 0.0585
vn -0.1776 -0.5365 -0.8250
vn -0.3524 -0.9310 0.0952
vn -0.5368 -0.3901 -0.7481
vn 0.6590 0.2410 -0.7125
vn 0.5828 0.7925 -0.1797
vn 0.9718 -0.1741 0.1592
vn 0.6547 0.2662 -0.7075
vn 0.5462 -0.1556 0.8231
vn 0.9754 -0.1835 0.1222
vn 0.6651 0.3133 -0.6779
vn 0.8683 -0.2738 0.4137
vn 0.4456 0.2874 0.8478
vn 0.8065 0.0195 0.5909
vn 0.9678 -0.2217 0.1194
vn 0.8445 -0.3379 0.4156
vn 0.9179 -0.2418 0.3146
vn 0.8846 -0.3525 0.3055
vn 0.8359 -0.4687 0.2858
vn 0.8906 -0.3589 0.2794
vn 0.9106 -0.2978 0.2867
vn 0.9966 -0.0409 0.0709
vn 0.9960 -0.0178 0.0881
vn 0.7685 0.5820 -0.2658
vn 0.9915 -0.1164 0.0588
vn 0.9906 0.0053 0.1368
vn 0.8367 0.1944 0.5119
vn 0.6077 0.6556 0.4482
vn 0.9500 -0.2653 0.1645
vn 0.9777 0.0885 0.1907
vn 0.7018 0.7076 0.0827
vn 0.9439 -0.2358 0.2310
vn 0.7266 0.3951 0.5621
vn 0.5697 0.3950 0.7207
vn 0.9575 -0.2144 0.1931
vn 0.8648 0.4383 0.2450
vn 0.3467 0.8957 0.2785
vn 0.9766 -0.1756 0.1239
vn 0.8477 0.4161 0.3289
vn 0.9907 -0.0896 0.1025
vn 0.6082 -0.7709 0.1892
vn 0.8199 0.3649 0.4410
vn 0.9347 -0.2420 0.2603
vn 0.5227 -0.7456 0.4133
vn 0.7471 -0.6629 -0.0501
vn 0.9209 -0.2651 0.2859
vn 0.4827 -0.6641 0.5709
vn 0.9167 -0.3028 0.2607
vn 0.4901 -0.5967 0.6354
vn -0.0001 -0.7560 0.6546
vn -0.0002 -0.8815 0.4722
vn 0.9972 -0.0239 -0.0702
vn -0.0001 -0.9829 0.1839
vn 0.9435 -0.3025 0.1352
vn -0.0004 -0.9748 -0.2232
vn 0.7955 -0.4847 0.3636
vn 0.8848 -0.4361 -0.1642
vn 0.9015 -0.3643 0.2336
vn 0.8257 -0.4960 0.2688
vn 0.8466 -0.4995 0.1838
vn 0.9478 -0.3118 0.0666
vn 0.9611 -0.2661 0.0741
vn 0.8311 -0.5126 0.2154
vn 0.9957 -0.0876 -0.0309
vn 0.9639 -0.2656 0.0191
vn 0.9327 -0.3082 0.1871
vn 0.9582 -0.2860 0.0056
vn 0.4658 -0.6324 0.6190
vn 0.7804 -0.6014 0.1710
vn -0.0000 -0.6825 0.7308
vn 0.5780 -0.6412 0.5048
vn -0.0000 -0.7755 0.6314
vn 0.9249 -0.3510 0.1463
vn 0.9527 -0.2977 0.0613
vn 0.6352 -0.6631 0.3960
vn 0.7897 -0.5716 0.2228
vn -0.0000 -0.8575 0.5144
vn -0.0002 -0.9263 0.3768
vn -0.0004 -0.9600 0.2800
vn -0.5781 -0.6412 0.5047
vn -0.6356 -0.6629 0.3958
vn -0.7900 -0.5713 0.2226
vn -0.4658 -0.6323 0.6190
vn -0.9249 -0.3509 0.1462
vn -0.9315 -0.3112 0.1884
vn -0.4901 -0.5967 0.6354
vn -0.9202 -0.2964 0.2557
vn -0.9526 -0.2979 0.0614
vn -0.9953 -0.0928 -0.0280
vn -0.9975 -0.0435 -0.0553
vn -0.0002 -0.9735 0.2286
vn -0.9610 -0.2664 0.0742
vn 0.9564 -0.2907 0.0280
vn -0.9564 -0.2908 0.0280
vn -0.0001 -0.9926 0.1213
vn 0.9621 -0.2688 0.0454
vn 0.9492 -0.3144 -0.0086
vn 0.7640 -0.6373 0.1006
vn 0.9743 -0.2244 0.0204
vn -0.0007 -0.9999 -0.0129
vn 0.8792 -0.4764 -0.0026
vn 0.8526 -0.5221 0.0223
vn 0.9583 -0.2840 -0.0307
vn -0.9494 -0.3139 -0.0088
vn 0.9874 -0.1492 -0.0531
vn -0.9621 -0.2690 0.0453
vn -0.8791 -0.4767 -0.0024
vn -0.9742 -0.2249 0.0204
vn -0.0005 -0.9987 -0.0514
vn 0.9404 -0.3385 -0.0321
vn -0.8522 -0.5227 0.0225
vn 0.9073 -0.4202 -0.0170
vn -0.7637 -0.6377 0.1007
vn 0.6901 -0.3464 0.6355
vn -0.0004 -0.7459 0.6661
vn 0.7621 -0.3493 0.5451
vn -0.6908 -0.3473 0.6342
vn 0.9666 -0.2524 -0.0452
vn -0.9401 -0.3394 -0.0320
vn -0.9069 -0.4210 -0.0170
vn -0.7611 -0.3502 0.5461
vn 0.9615 -0.2704 -0.0488
vn -0.9667 -0.2518 -0.0452
vn 0.9882 -0.1431 -0.0549
vn 0.9857 -0.1606 -0.0512
vn 0.9902 -0.1327 -0.0432
vn 0.9620 -0.2703 -0.0384
vn 0.9535 -0.2983 -0.0426
vn 0.8213 0.0412 0.5691
vn 0.9559 -0.2894 -0.0494
vn 0.6391 0.6945 -0.3305
vn 0.6739 0.5401 -0.5041
vn 0.9612 -0.2753 -0.0161
vn 0.6977 0.3397 -0.6307
vn 0.9542 -0.2987 0.0150
vn 0.9847 -0.1684 -0.0442
vn 0.9566 -0.2889 0.0373
vn 0.7143 0.1440 -0.6849
vn 0.9652 -0.2560 0.0535
vn 0.9455 0.2180 -0.2418
vn 0.9726 -0.2326 -0.0017
vn 0.9643 -0.2330 0.1256
vn 0.8479 0.1064 -0.5193
vn 0.9789 -0.1659 0.1192
vn 0.6383 0.2422 -0.7307
vn 0.5606 0.2549 0.7879
vn 0.6501 0.7597 0.0114
vn 0.9795 -0.1928 0.0592
vn 0.5540 -0.1151 -0.8245
vn 0.6562 0.6841 -0.3186
vn 0.9707 0.2366 0.0431
vn 0.9825 -0.1603 0.0952
vn 0.6071 0.2680 -0.7480
vn 0.5192 0.1587 0.8398
vn 0.9657 -0.1700 0.1963
vn 0.6652 0.6892 -0.2873
vn 0.5581 0.5983 0.5749
vn 0.7837 -0.0425 0.6197
vn 0.9400 -0.2452 0.2373
vn -0.8861 -0.0444 0.4615
vn -0.9901 -0.1332 -0.0432
vn -0.9536 -0.2981 -0.0426
vn -0.4994 0.6422 0.5816
vn -0.6120 0.7893 -0.0496
vn -0.9562 -0.2885 -0.0494
vn -0.9857 -0.1607 -0.0513
vn -0.9620 -0.2702 -0.0385
vn -0.9615 -0.2703 -0.0489
vn -0.9883 -0.1427 -0.0549
vn -0.9609 -0.2764 -0.0156
vn -0.9585 -0.2834 -0.0308
vn -0.9873 -0.1497 -0.0527
vn -0.9540 -0.2993 0.0156
vn -0.9584 -0.2853 0.0054
vn -0.9566 -0.2891 0.0378
vn -0.9847 -0.1689 -0.0437
vn -0.9652 -0.2559 0.0532
vn -0.6458 0.7137 -0.2714
vn -0.9639 -0.2656 0.0190
vn -0.7806 -0.6012 0.1709
vn -0.8314 -0.5123 0.2152
vn -0.8260 -0.4957 0.2684
vn -0.8465 -0.4998 0.1835
vn -0.9415 -0.3076 0.1377
vn -0.8049 -0.4760 0.3544
vn -0.9360 -0.2874 0.2032
vn -0.9478 -0.3119 0.0668
vn -0.9017 -0.3629 0.2349
vn -0.8430 -0.3885 0.3721
vn -0.8902 -0.3583 0.2815
vn -0.8333 -0.4725 0.2869
vn -0.8719 -0.1421 0.4685
vn -0.9983 -0.0553 -0.0168
vn -0.8170 -0.3924 0.4226
vn -0.9208 -0.2652 0.2861
vn -0.9194 -0.2447 0.3080
vn -0.4827 -0.6640 0.5711
vn -0.9958 -0.0446 0.0803
vn -0.9348 -0.2417 0.2604
vn -0.5225 -0.7458 0.4133
vn -0.9960 -0.0175 0.0882
vn -0.6084 -0.7708 0.1892
vn -0.9441 -0.2352 0.2310
vn -0.7474 -0.6625 -0.0498
vn -0.9568 -0.2201 0.1902
vn -0.9012 0.0509 0.4303
vn -0.9906 0.0058 0.1368
vn -0.8031 0.0237 0.5954
vn -0.8373 0.1935 0.5114
vn -0.6085 0.6553 0.4476
vn -0.8701 -0.2746 0.4092
vn -0.4448 0.2895 0.8475
vn -0.5472 -0.1541 0.8227
vn -0.9783 0.0860 0.1884
vn -0.9727 -0.1712 0.1568
vn -0.5804 -0.0496 0.8128
vn -0.7164 0.3585 0.5985
vn -0.6590 0.2411 -0.7124
vn -0.5834 0.7921 -0.1794
vn -0.9679 -0.2046 0.1463
vn -0.9767 -0.2001 0.0782
vn -0.2599 0.9656 -0.0028
vn -0.5699 0.3947 0.7207
vn -0.8991 0.4052 0.1656
vn -0.8727 0.4247 0.2411
vn -0.9764 -0.1758 0.1256
vn -0.8479 0.4164 0.3281
vn -0.9908 -0.0890 0.1022
vn -0.8202 0.3648 0.4407
vn -0.0004 0.5981 0.8014
vn -0.9071 0.0672 0.4156
vn -0.8849 -0.4359 -0.1642
vn -0.9229 -0.3362 0.1876
vn -0.0001 0.0425 0.9991
vn -0.0008 -0.8583 -0.5132
vn 0.9070 0.0674 0.4158
vn -0.0001 -0.3399 0.9405
vn 0.9227 -0.3364 0.1883
vn -0.0004 -0.8355 0.5495
vn -0.8669 -0.4648 -0.1802
vn 0.8660 -0.4662 -0.1805
vn -0.0008 -0.9885 -0.1509
vn 0.6684 -0.4418 0.5984
vn 0.9778 -0.1085 -0.1794
vn 0.3352 -0.9286 0.1595
vn 0.2466 -0.5269 0.8134
vn 0.5579 -0.4335 -0.7076
vn 0.1383 -0.5509 0.8230
vn 0.3288 -0.9365 0.1222
vn 0.1972 -0.8888 0.4138
vn 0.4724 -0.2416 0.8476
vn 0.4204 -0.6889 0.5905
vn 0.2917 -0.9490 0.1198
vn 0.9663 0.2573 -0.0026
vn 0.3246 -0.8318 0.4502
vn 0.1295 -0.9002 0.4158
vn 0.2495 -0.9158 0.3147
vn 0.1366 -0.9423 0.3055
vn 0.7888 -0.2566 0.5585
vn 0.1342 -0.9506 0.2800
vn 0.1977 -0.9376 0.2862
vn 0.4625 -0.8837 0.0713
vn 0.4825 -0.8714 0.0883
vn 0.8884 -0.3747 -0.2653
vn 0.3947 -0.9169 0.0590
vn 0.4998 -0.8553 0.1365
vn 0.2456 -0.9554 0.1640
vn 0.5656 -0.8024 0.1906
vn 0.9637 -0.2537 0.0830
vn 0.2578 -0.9305 0.2603
vn 0.7063 -0.4314 0.5614
vn 0.9304 -0.2995 0.2115
vn 0.2679 -0.9354 0.2308
vn 0.8123 -0.5291 0.2454
vn 0.2933 -0.9363 0.1931
vn 0.7850 -0.5248 0.3291
vn 0.3362 -0.9336 0.1242
vn 0.4181 -0.9026 0.1024
vn -0.3632 -0.9123 0.1893
vn -0.3838 -0.8257 0.4134
vn -0.2003 -0.9784 -0.0501
vn -0.8516 -0.4910 0.1836
vn -0.3296 -0.7522 0.5706
vn 0.7263 -0.5273 0.4410
vn 0.2309 -0.9300 0.2859
vn -0.7631 -0.4405 0.4729
vn 0.1962 -0.9453 0.2607
vn -0.2830 -0.7165 0.6376
vn -0.6546 -0.3779 0.6547
vn 0.4777 -0.8757 -0.0700
vn -0.2761 -0.7493 0.6019
vn -0.5941 -0.3422 0.7280
vn 0.1989 -0.9619 0.1874
vn -0.7621 0.1128 0.6376
vn -0.2732 -0.8154 0.5103
vn -0.6137 -0.3538 0.7058
vn 0.1582 -0.9765 0.1463
vn -0.8101 0.0454 0.5846
vn -0.9077 0.0817 0.4116
vn -0.6916 0.6637 0.2849
vn -0.6699 0.7049 0.2331
vn -0.9717 0.1413 0.1895
vn -0.6683 0.7189 0.1910
vn -0.9475 0.3159 -0.0501
vn -0.6401 0.7579 0.1256
vn -0.8442 -0.4872 -0.2235
vn -0.8407 0.4914 -0.2276
vn 0.0658 -0.9843 -0.1640
vn -0.7018 -0.4789 -0.5274
vn -0.5769 0.8115 0.0931
vn -0.8286 0.5367 -0.1594
vn 0.0301 -0.9831 -0.1803
vn -0.8559 -0.4946 -0.1508
vn 0.1709 -0.9672 0.1880
vn -0.7226 -0.4189 0.5499
vn -0.7362 0.6439 0.2081
vn -0.2938 -0.1698 0.9407
vn 0.5115 -0.7520 0.4158
vn -0.3641 0.8179 0.4456
vn 0.0366 0.0212 0.9991
vn -0.0937 0.8927 0.4408
vn 0.5178 0.2989 0.8016
vn -0.0640 0.9424 0.3283
vn -0.0696 0.9681 0.2408
vn -0.0992 0.9812 0.1657
vn 0.2621 0.9615 0.0829
vn -0.4141 0.8905 0.1887
vn -0.2498 0.8218 0.5122
vn -0.4868 0.8628 0.1366
vn 0.1202 0.9567 -0.2653
vn -0.5276 0.8440 0.0963
vn -0.5380 0.8388 0.0838
vn -0.5469 0.8370 -0.0170
vn -0.6717 0.6737 0.3083
vn -0.3845 0.6956 0.6069
vn -0.7168 0.6486 0.2557
vn -0.4019 0.4049 0.8213
vn -0.7870 0.1358 0.6018
vn -0.6752 0.6154 0.4066
vn -0.7355 0.6507 0.1888
vn -0.8428 0.1710 0.5103
vn -0.6714 -0.3877 0.6316
vn -0.5363 0.8422 -0.0555
vn -0.2637 -0.8792 0.3969
vn -0.7665 0.6253 0.1463
vn -0.8932 0.2111 0.3970
vn -0.7459 -0.4307 0.5081
vn -0.2305 -0.9347 0.2704
vn -0.9247 0.2679 0.2706
vn -0.8300 -0.4784 0.2868
vn 0.2368 -0.9702 0.0514
vn -0.7212 0.6908 0.0510
vn -0.5776 0.8158 -0.0283
vn -0.7167 0.6673 0.2025
vn -0.8456 -0.4883 0.2158
vn -0.7484 0.5113 0.4225
vn 0.4214 -0.9064 -0.0305
vn 0.2099 -0.9683 0.1354
vn 0.2499 -0.9654 0.0743
vn -0.0219 -0.9314 0.3634
vn -0.0163 -0.9631 0.2688
vn 0.1342 -0.9629 0.2340
vn -0.0095 -0.9829 0.1841
vn -0.0276 -0.9762 0.2149
vn 0.2139 -0.9766 0.0218
vn 0.2039 -0.9767 0.0666
vn 0.2522 -0.9675 0.0188
vn -0.1296 -0.9768 0.1705
vn 0.2320 -0.9727 0.0053
vn 0.2494 -0.9674 0.0450
vn 0.3461 -0.9372 -0.0437
vn 0.2330 -0.9720 -0.0307
vn -0.2493 -0.9629 0.1036
vn 0.2355 -0.9712 0.0367
vn 0.3643 -0.9298 -0.0531
vn 0.0468 -0.9989 0.0103
vn 0.2185 -0.9758 -0.0012
vn -0.8649 -0.4990 0.0540
vn -0.7382 0.6743 0.0216
vn -0.8653 -0.4996 -0.0409
vn -0.7105 0.6998 0.0740
vn -0.7354 0.6776 -0.0012
vn -0.7362 0.6629 0.1364
vn -0.7130 0.6997 0.0451
vn -0.8461 0.4534 0.2804
vn -0.8146 0.4588 0.3547
vn -0.8592 0.4658 0.2116
vn -0.7581 0.5357 0.3719
vn -0.8514 0.4901 0.1867
vn -0.7646 0.5999 0.2357
vn -0.7370 0.6731 0.0605
vn -0.7554 0.5917 0.2815
vn -0.8256 0.4850 0.2883
vn -0.6615 0.7459 0.0777
vn -0.6611 0.7360 0.1458
vn -0.6321 0.7611 0.1452
vn -0.6827 0.6912 0.2372
vn -0.1487 0.4429 0.8842
vn 0.2615 0.8766 0.4039
vn -0.4293 0.6569 0.6199
vn -0.6303 0.7514 0.1954
vn -0.5068 0.2348 0.8294
vn -0.6306 0.7700 0.0967
vn 0.3515 0.9347 0.0531
vn -0.2804 0.9589 0.0434
vn -0.6600 0.7490 0.0582
vn 0.1104 0.7239 0.6810
vn -0.6879 0.7258 -0.0012
vn -0.7041 0.7081 0.0530
vn 0.0937 0.9298 0.3559
vn -0.6377 0.7690 -0.0446
vn -0.7076 0.7065 0.0108
vn -0.9111 0.3750 0.1710
vn -0.7267 0.6870 0.0053
vn -0.9589 0.2642 0.1037
vn -0.7240 0.6888 0.0371
vn -0.7253 0.6878 -0.0307
vn -0.8420 0.5394 0.0102
vn -0.6228 0.7805 -0.0532
vn -0.7254 0.6874 -0.0347
vn -0.7155 0.6969 -0.0487
vn -0.7910 0.6114 -0.0224
vn 0.2342 -0.9716 -0.0346
vn 0.0463 -0.7718 0.6342
vn -0.7018 0.7110 -0.0452
vn -0.4440 0.5601 0.6993
vn 0.1352 -0.9906 -0.0223
vn -0.6102 0.7911 -0.0432
vn 0.2656 -0.9630 -0.0450
vn 0.2460 -0.9681 -0.0487
vn 0.3794 -0.9242 -0.0430
vn 0.3521 -0.9346 -0.0511
vn 0.3696 -0.9276 -0.0548
vn 0.2174 -0.9752 -0.0425
vn 0.4470 -0.6877 0.5720
vn 0.9895 -0.1355 -0.0495
vn 0.9749 -0.1488 -0.1656
vn 0.2263 -0.9728 -0.0493
vn 0.2459 -0.9685 -0.0383
vn 0.2418 -0.9702 -0.0160
vn 0.6430 -0.4344 -0.6307
vn 0.2177 -0.9759 0.0153
vn 0.2279 -0.9729 0.0380
vn 0.2612 -0.9638 0.0537
vn 0.6617 -0.7098 -0.2414
vn 0.2845 -0.9587 -0.0015
vn 0.5161 -0.6813 -0.5191
vn 0.8522 -0.3833 0.3562
vn 0.2804 -0.9516 0.1256
vn 0.3459 -0.9307 0.1187
vn 0.5290 -0.4310 -0.7310
vn 0.9833 -0.1817 0.0108
vn 0.3228 -0.9446 0.0586
vn 0.6821 -0.2666 0.6810
vn 0.6904 -0.7221 0.0431
vn 0.3524 -0.9310 0.0953
vn 0.3963 -0.3701 0.8402
vn 0.3359 -0.9213 0.1959
vn 0.7971 -0.1848 0.5749
vn -0.0513 -0.5560 0.8296
vn 0.3539 -0.7003 0.6199
vn 0.2572 -0.9369 0.2369
vn 0.0121 -0.9579 0.2868
vn -0.7344 0.6774 -0.0427
vn 0.3064 0.7541 0.5809
vn 0.3774 0.9247 -0.0495
vn 0.3580 0.9190 -0.1654
vn -0.7291 0.6826 -0.0490
vn 0.2820 0.9006 -0.3307
vn -0.6338 0.7718 -0.0509
vn -0.7161 0.6970 -0.0382
vn 0.1313 0.8535 -0.5043
vn -0.6193 0.7832 -0.0545
vn -0.7191 0.6947 -0.0161
vn -0.0546 0.7741 -0.6307
vn -0.7354 0.6774 0.0147
vn -0.2329 0.6905 -0.6848
vn -0.7283 0.6843 0.0369
vn -0.6843 0.7183 0.1260
vn -0.6328 0.7650 0.1200
vn -0.1202 -0.6912 -0.7126
vn -0.6340 -0.7595 0.1457
vn -0.3329 -0.4772 0.8133
vn -0.0964 -0.6998 -0.7078
vn -0.4032 -0.4048 0.8207
vn -0.6467 -0.7529 0.1223
vn -0.6739 -0.6136 0.4115
vn -0.6759 -0.7272 0.1195
vn -0.5584 -0.6975 0.4491
vn -0.7148 -0.5619 0.4163
vn -0.6684 -0.6739 0.3149
vn -0.7624 -0.5272 0.3752
vn 0.1721 -0.8114 0.5586
vn -0.3973 -0.8204 0.4112
vn -0.7558 -0.5921 0.2796
vn -0.7015 -0.6631 0.2611
vn -0.5381 -0.8393 0.0772
vn -0.5220 -0.8470 0.1006
vn 0.1191 -0.9568 -0.2653
vn -0.5718 -0.8202 0.0137
vn -0.4902 -0.8608 0.1367
vn -0.2497 -0.8222 0.5115
vn 0.2640 -0.8538 0.4488
vn -0.6922 -0.6619 0.2877
vn -0.4119 -0.8911 0.1906
vn 0.2636 -0.9611 0.0825
vn -0.6754 -0.7002 0.2314
vn -0.6655 -0.7210 0.1931
vn -0.0530 -0.9680 0.2453
vn 0.6030 -0.7476 0.2785
vn -0.6408 -0.7576 0.1239
vn -0.0630 -0.9422 0.3292
vn -0.5779 -0.8108 0.0928
vn -0.9717 -0.1418 0.1891
vn -0.0931 -0.8926 0.4411
vn -0.9476 -0.3154 -0.0500
vn -0.9067 -0.0803 0.4141
vn -0.8516 0.4909 0.1839
vn -0.8159 -0.0897 0.5712
vn -0.7634 0.4399 0.4730
vn -0.6955 -0.6632 0.2765
vn -0.7577 -0.0999 0.6449
vn -0.6545 0.3778 0.6548
vn -0.7310 -0.6563 0.1869
vn -0.7919 -0.1618 0.5888
vn -0.5933 0.3434 0.7281
vn -0.3294 0.7522 0.5707
vn -0.2826 0.7169 0.6374
vn -0.6132 0.3549 0.7057
vn -0.3838 0.8255 0.4137
vn -0.8421 -0.1727 0.5109
vn -0.2754 0.7501 0.6013
vn -0.5347 -0.8427 -0.0629
vn 0.2306 0.9300 0.2863
vn -0.7308 -0.6493 0.2107
vn -0.7670 -0.6250 0.1455
vn -0.5726 -0.8192 -0.0324
vn -0.8176 -0.4467 0.3633
vn -0.7338 -0.6657 0.1355
vn -0.7662 -0.5984 0.2342
vn -0.8426 -0.4662 0.2696
vn -0.8558 -0.4833 0.1844
vn -0.7109 -0.6994 0.0741
vn -0.8595 -0.4638 0.2150
vn -0.7429 -0.6661 0.0659
vn -0.7215 -0.6906 0.0508
vn -0.7127 -0.7000 0.0449
vn -0.9247 -0.2675 0.2708
vn -0.7330 -0.6798 0.0266
vn -0.8935 -0.2096 0.3972
vn -0.8314 0.4795 0.2810
vn -0.6713 0.3882 0.6314
vn -0.7462 0.4299 0.5083
vn -0.2734 0.8154 0.5103
vn -0.2648 0.8784 0.3979
vn -0.2325 0.9340 0.2714
vn -0.8434 0.4871 0.2267
vn 0.2368 0.9702 0.0506
vn 0.1580 0.9764 0.1469
vn 0.1959 0.9623 0.1888
vn 0.2031 0.9452 0.2557
vn 0.4612 0.8856 -0.0554
vn 0.4181 0.9079 -0.0283
vn 0.4512 0.8923 -0.0168
vn 0.2505 0.9653 0.0739
vn 0.2048 0.9691 0.1376
vn 0.2195 0.9543 0.2029
vn 0.4592 0.8847 0.0806
vn 0.2216 0.9748 0.0265
vn 0.2470 0.9186 0.3084
vn -0.8598 0.4966 0.1190
vn 0.2585 0.9304 0.2600
vn -0.7310 -0.6823 -0.0050
vn 0.2686 0.9353 0.2303
vn -0.8654 0.4992 0.0437
vn -0.3637 0.9121 0.1891
vn 0.2237 0.9747 -0.0045
vn -0.8658 0.4988 -0.0401
vn 0.2491 0.9674 0.0449
vn 0.2355 0.9712 0.0374
vn -0.2495 0.9628 0.1041
vn 0.0422 0.9991 0.0103
vn -0.1300 0.9767 0.1708
vn 0.2341 0.9716 -0.0347
vn 0.2338 0.9718 -0.0306
vn -0.6463 0.3729 0.6658
vn 0.0465 0.7714 0.6347
vn -0.6437 -0.4267 0.6353
vn 0.1366 0.9904 -0.0228
vn 0.0801 0.8326 0.5480
vn -0.7239 -0.6890 -0.0346
vn 0.2649 0.9632 -0.0453
vn 0.2467 0.9679 -0.0490
vn 0.3807 0.9237 -0.0430
vn 0.3545 0.9336 -0.0515
vn 0.3710 0.9270 -0.0552
vn 0.2183 0.9750 -0.0423
vn 0.4472 0.6878 0.5718
vn 0.2265 0.9728 -0.0492
vn 0.8064 0.1106 0.5809
vn 0.9745 0.1514 -0.1655
vn 0.2454 0.9687 -0.0381
vn 0.8046 0.3139 -0.5040
vn 0.2419 0.9702 -0.0160
vn 0.3650 0.9295 -0.0534
vn 0.2181 0.9758 0.0149
vn 0.2279 0.9730 0.0379
vn 0.4817 0.5465 -0.6851
vn 0.2321 0.9727 0.0052
vn 0.3470 0.9368 -0.0445
vn 0.2610 0.9638 0.0538
vn 0.6610 0.7108 -0.2403
vn -0.0279 0.9762 0.2152
vn 0.2527 0.9674 0.0184
vn -0.0164 0.9631 0.2685
vn -0.0100 0.9830 0.1835
vn -0.0098 0.9348 0.3550
vn 0.2037 0.9768 0.0666
vn 0.1362 0.9624 0.2352
vn 0.0854 0.9245 0.3716
vn 0.2845 0.9587 -0.0016
vn 0.1347 0.9498 0.2824
vn 0.0682 0.9036 0.4229
vn 0.9667 -0.2560 -0.0042
vn 0.6038 0.4195 -0.6778
vn 0.3150 0.9459 0.0778
vn 0.3071 0.9405 0.1454
vn 0.1977 0.8913 0.4081
vn 0.3384 0.9280 0.1560
vn 0.5384 0.4513 -0.7117
vn 0.9778 0.1090 -0.1788
vn 0.2475 0.5278 0.8125
vn 0.1417 0.5524 0.8214
vn 0.4741 0.2408 0.8469
vn 0.4938 0.7552 0.4311
vn 0.4823 0.8715 0.0886
vn 0.8882 0.3750 -0.2654
vn 0.4999 0.8552 0.1365
vn 0.9141 0.3676 -0.1714
vn 0.8714 0.1984 0.4488
vn 0.5642 0.8039 0.1882
vn 0.9639 0.2530 0.0828
vn 0.2877 0.9387 0.1900
vn 0.6271 0.3012 0.7183
vn 0.8013 0.5749 0.1656
vn 0.3365 0.9333 0.1254
vn 0.8046 0.5427 0.2409
vn 0.9536 -0.1281 0.2724
vn -0.2012 0.9783 -0.0503
vn 0.7844 0.5262 0.3283
vn 0.4181 0.9027 0.1022
vn 0.7264 0.5268 0.4414
vn -0.8439 0.4874 -0.2241
vn 0.5179 -0.2987 0.8016
vn -0.8404 -0.4918 -0.2276
vn 0.0366 -0.0215 0.9991
vn -0.3640 -0.8178 0.4458
vn 0.5117 0.7517 0.4160
vn -0.2934 0.1714 0.9405
vn -0.7361 -0.6441 0.2082
vn 0.1689 0.9674 0.1888
vn 0.0647 0.9843 -0.1644
vn -0.7244 0.4158 0.5499
vn 0.0271 0.9833 -0.1800
vn -0.7031 0.4772 -0.5273
vn -0.8569 0.4932 -0.1501
vn -0.8280 -0.5374 -0.1598
vn -0.7360 -0.6757 -0.0427
vn -0.4806 -0.7469 0.4595
vn 0.3555 -0.9199 -0.1656
vn -0.6099 -0.7913 -0.0432
vn -0.7307 -0.6810 -0.0487
vn 0.2804 -0.9012 -0.3305
vn -0.7018 -0.7109 -0.0452
vn -0.6811 -0.4877 0.5461
vn -0.6337 -0.7719 -0.0509
vn -0.7170 -0.6961 -0.0376
vn -0.7888 -0.6143 -0.0224
vn -0.7195 -0.6943 -0.0158
vn -0.8409 -0.5411 0.0102
vn -0.7157 -0.6967 -0.0487
vn -0.6191 -0.7834 -0.0544
vn -0.7234 -0.6894 0.0369
vn -0.7252 -0.6879 -0.0306
vn -0.9589 -0.2643 0.1038
vn -0.6227 -0.7807 -0.0532
vn -0.7357 -0.6771 0.0151
vn -0.7262 -0.6874 0.0052
vn -0.9110 -0.3755 0.1708
vn -0.7119 -0.7020 0.0188
vn -0.6383 -0.7685 -0.0441
vn -0.7283 -0.6842 0.0372
vn -0.7043 -0.7079 0.0531
vn -0.2847 -0.9279 -0.2406
vn -0.6878 -0.7259 -0.0019
vn 0.0940 -0.9299 0.3557
vn -0.6840 -0.7183 0.1269
vn -0.6324 -0.7654 0.1190
vn -0.0594 -0.6132 0.7877
vn -0.6601 -0.7490 0.0568
vn 0.2648 -0.9102 -0.3184
vn 0.1103 -0.7239 0.6811
vn -0.2798 -0.9591 0.0437
vn -0.6306 -0.7702 0.0956
vn -0.0704 -0.6594 -0.7485
vn 0.3504 -0.9351 0.0529
vn -0.2642 -0.8864 0.3801
vn -0.6290 -0.7523 0.1960
vn 0.2391 -0.7829 0.5743
vn -0.5072 -0.2357 0.8289
vn -0.6827 -0.6909 0.2377
vn -0.8234 -0.4905 0.2855
vn -0.1487 -0.4477 0.8817
vn -0.6592 -0.2410 -0.7123
vn -0.7164 -0.3580 0.5988
vn -0.5839 -0.7918 -0.1791
vn -0.9719 0.1739 0.1589
vn -0.6543 -0.2667 -0.7077
vn -0.9748 0.1855 0.1238
vn -0.6650 -0.3133 -0.6780
vn -0.8681 0.2743 0.4138
vn -0.4455 -0.2867 0.8482
vn -0.9727 0.2135 0.0908
vn -0.2627 -0.9649 -0.0046
vn -0.8559 0.1538 0.4937
vn -0.8424 0.3391 0.4187
vn -0.9181 0.2423 0.3138
vn -0.8520 0.3659 0.3744
vn -0.6168 -0.5549 0.5583
vn -0.9032 -0.0490 0.4264
vn -0.8794 0.3555 0.3166
vn -0.9109 0.2979 0.2854
vn -0.8901 0.3580 0.2821
vn -0.9967 0.0408 0.0707
vn -0.9014 0.3636 0.2351
vn -0.9959 0.0176 0.0883
vn -0.7686 -0.5820 -0.2654
vn -0.9510 0.2624 0.1634
vn -0.9906 -0.0057 0.1365
vn -0.9916 0.1155 0.0576
vn -0.7962 0.4824 0.3651
vn -0.9972 0.0241 -0.0701
vn -0.9435 0.3026 0.1353
vn -0.8465 0.4998 0.1833
vn -0.9166 0.3030 0.2608
vn -0.8259 0.4957 0.2686
vn -0.9956 0.0881 -0.0308
vn -0.9610 0.2662 0.0742
vn -0.8316 0.5121 0.2150
vn -0.9324 0.3090 0.1876
vn -0.9640 0.2653 0.0187
vn -0.9478 0.3118 0.0666
vn -0.9585 0.2849 0.0051
vn -0.9398 0.2461 0.2372
vn -0.4615 -0.0930 0.8822
vn -0.6298 -0.6646 0.4020
vn -0.7846 0.0442 0.6184
vn -0.7811 0.6007 0.1705
vn -0.9662 0.1684 0.1954
vn -0.4568 0.3220 0.8292
vn -0.6643 -0.6910 -0.2851
vn -0.9624 0.2678 0.0451
vn -0.9820 0.1617 0.0974
vn -0.5184 -0.1569 0.8406
vn -0.9698 -0.2404 0.0420
vn -0.7091 0.6974 0.1034
vn -0.9795 0.1923 0.0600
vn -0.6564 -0.6842 -0.3178
vn -0.8469 -0.1054 -0.5212
vn -0.9725 0.2329 -0.0016
vn -0.9846 0.1690 -0.0438
vn -0.9652 0.2558 0.0534
vn -0.7600 -0.5455 0.3533
vn -0.9873 0.1498 -0.0526
vn -0.9645 0.2324 0.1256
vn -0.9588 0.2823 -0.0313
vn -0.9790 0.1656 0.1189
vn -0.6494 -0.7604 0.0095
vn -0.7140 -0.1445 -0.6851
vn -0.9565 0.2893 0.0382
vn -0.9541 0.2992 0.0152
vn -0.9609 0.2766 -0.0155
vn -0.6739 -0.5400 -0.5043
vn -0.9883 0.1425 -0.0547
vn -0.9620 0.2704 -0.0383
vn -0.6389 -0.6945 -0.3309
vn -0.9620 0.2687 -0.0492
vn -0.9565 0.2876 -0.0495
vn -0.9859 0.1591 -0.0515
vn -0.9539 0.2970 -0.0428
vn -0.9903 0.1319 -0.0434
vn -0.7072 0.1051 0.6991
vn -0.9669 0.2510 -0.0451
vn -0.9254 0.3783 -0.0223
vn -0.6912 0.3458 0.6345
vn -0.8890 0.4578 0.0101
vn -0.9577 0.2858 -0.0345
vn -0.9585 0.2828 0.0370
vn -0.9561 0.2930 -0.0048
vn -0.0005 0.9992 -0.0404
vn 0.6904 0.3449 0.6359
vn -0.9550 0.2953 0.0269
vn -0.0004 0.9990 0.0439
vn -0.9589 0.2793 0.0505
vn -0.0003 0.9928 0.1194
vn -0.0002 0.9739 0.2271
vn -0.9247 0.3514 0.1464
vn 0.9560 0.2932 -0.0047
vn 0.9550 0.2952 0.0268
vn 0.9578 0.2855 -0.0345
vn 0.9255 0.3780 -0.0222
vn 0.7617 0.3482 0.5464
vn 0.8895 0.4569 0.0099
vn 0.9668 0.2515 -0.0452
vn 0.9620 0.2688 -0.0491
vn 0.9904 0.1314 -0.0434
vn 0.8851 0.0428 0.4634
vn 0.9859 0.1591 -0.0514
vn 0.9538 0.2973 -0.0427
vn 0.4982 -0.6439 0.5807
vn 0.6167 -0.7696 -0.1656
vn 0.9562 0.2885 -0.0495
vn 0.9620 0.2704 -0.0383
vn 0.6738 -0.5402 -0.5041
vn 0.9882 0.1430 -0.0547
vn 0.9612 0.2755 -0.0160
vn 0.6977 -0.3398 -0.6307
vn 0.9586 0.2829 -0.0311
vn 0.9874 0.1493 -0.0530
vn 0.9543 0.2985 0.0146
vn 0.9566 0.2891 0.0377
vn 0.9847 0.1684 -0.0442
vn 0.9652 0.2559 0.0537
vn 0.9451 -0.2199 -0.2417
vn 0.9584 0.2855 0.0053
vn 0.9644 0.2326 0.1256
vn 0.7091 0.6974 0.1034
vn 0.9790 0.1656 0.1189
vn 0.6387 -0.2420 -0.7304
vn 0.5601 -0.2562 0.7878
vn 0.7598 -0.5456 0.3537
vn 0.8469 -0.1054 -0.5211
vn 0.9585 0.2828 0.0369
vn 0.9726 0.2325 -0.0016
vn 0.9625 0.2676 0.0452
vn 0.7809 0.6009 0.1707
vn 0.9611 0.2660 0.0741
vn 0.8314 0.5124 0.2152
vn 0.9640 0.2653 0.0188
vn 0.9589 0.2792 0.0504
vn 0.9479 0.3116 0.0664
vn 0.8466 0.4995 0.1837
vn 0.8256 0.4961 0.2689
vn 0.9415 0.3075 0.1377
vn 0.8044 0.4765 0.3548
vn 0.9012 0.3641 0.2353
vn 0.9953 0.0923 -0.0283
vn 0.9360 0.2873 0.2031
vn 0.9975 0.0432 -0.0554
vn 0.8430 0.3886 0.3719
vn 0.8898 0.3584 0.2825
vn 0.9397 0.2459 0.2378
vn 0.8323 0.4722 0.2905
vn 0.8169 0.3925 0.4226
vn 0.9767 0.1999 0.0777
vn 0.6651 -0.3131 -0.6779
vn 0.9680 0.2044 0.1456
vn 0.9191 0.2451 0.3085
vn 0.9728 0.1709 0.1567
vn 0.8704 0.2746 0.4087
vn 0.5833 -0.7922 -0.1794
vn 0.5471 0.1534 0.8229
vn 0.4454 -0.2888 0.8475
vn 0.8031 -0.0229 0.5954
vn 0.9011 -0.0505 0.4307
vn 0.9983 0.0553 -0.0168
vn 0.9958 0.0445 0.0802
vn 0.9960 0.0179 0.0881
vn 0.9209 0.2650 0.2859
vn 0.9906 -0.0057 0.1369
vn 0.7752 -0.6078 -0.1720
vn 0.9348 0.2419 0.2600
vn 0.6077 -0.6556 0.4482
vn 0.8366 -0.1940 0.5124
vn 0.9440 0.2353 0.2312
vn 0.9783 -0.0856 0.1885
vn 0.7024 -0.7069 0.0832
vn 0.9568 0.2196 0.1904
vn 0.6985 -0.4330 0.5698
vn 0.5690 -0.3984 0.7194
vn 0.8986 -0.4065 0.1649
vn 0.6083 0.7707 0.1895
vn 0.8727 -0.4251 0.2402
vn 0.3660 -0.8903 0.2711
vn 0.9765 0.1755 0.1254
vn 0.8478 -0.4163 0.3287
vn 0.9907 0.0892 0.1025
vn 0.7469 0.6631 -0.0499
vn 0.8197 -0.3651 0.4413
vn 0.5228 0.7452 0.4139
vn 0.9070 -0.0671 0.4157
vn 0.4866 0.6617 0.5705
vn -0.0004 -0.5982 0.8013
vn 0.4791 0.6034 0.6375
vn -0.0001 -0.0431 0.9991
vn -0.0001 0.7559 0.6547
vn -0.0002 0.8810 0.4730
vn -0.0001 0.9830 0.1838
vn 0.9201 0.2966 0.2558
vn 0.9312 0.3117 0.1890
vn 0.5109 0.6138 0.6018
vn 0.9247 0.3515 0.1466
vn 0.5694 0.6444 0.5104
vn -0.0000 0.7085 0.7057
vn 0.6948 0.6664 0.2705
vn -0.0000 0.6857 0.7279
vn 0.6292 0.6680 0.3973
vn -0.0004 0.9599 0.2804
vn -0.0000 0.8611 0.5084
vn -0.6950 0.6662 0.2704
vn -0.0000 0.7754 0.6315
vn -0.6296 0.6678 0.3971
vn -0.5695 0.6444 0.5103
vn -0.5108 0.6138 0.6019
vn -0.4791 0.6034 0.6375
vn -0.9210 0.2649 0.2857
vn -0.4866 0.6616 0.5705
vn -0.9348 0.2418 0.2603
vn -0.5227 0.7453 0.4139
vn -0.9440 0.2354 0.2310
vn -0.6085 0.7706 0.1895
vn -0.9576 0.2135 0.1933
vn -0.9776 -0.0891 0.1906
vn -0.9765 0.1762 0.1239
vn -0.7472 0.6628 -0.0496
vn -0.7264 -0.3978 0.5605
vn -0.7251 -0.6558 0.2101
vn -0.5687 -0.3987 0.7194
vn -0.8648 -0.4387 0.2444
vn -0.9907 0.0894 0.1024
vn -0.8475 -0.4166 0.3289
vn -0.8200 -0.3649 0.4409
vn -0.9072 -0.0669 0.4154
vn -0.8853 0.4353 -0.1637
vn -0.0001 0.3390 0.9408
vn -0.9229 0.3359 0.1884
vn 0.9227 0.3361 0.1890
vn -0.0004 0.8358 0.5490
vn -0.8677 0.4634 -0.1798
vn 0.8852 0.4355 -0.1638
vn 0.8669 0.4648 -0.1800
vn -0.0008 0.9885 -0.1511
vn -0.0008 0.8585 -0.5127
vn -0.0004 0.9747 -0.2235
vn -0.5385 0.4514 -0.7115
vn -0.9778 0.1093 -0.1786
vn -0.3354 0.9287 0.1584
vn -0.2475 0.5278 0.8125
vn -0.5579 0.4338 -0.7074
vn -0.1395 0.5526 0.8217
vn -0.3265 0.9370 0.1240
vn -0.1968 0.8893 0.4127
vn -0.4726 0.2421 0.8474
vn -0.4197 0.6892 0.5907
vn -0.3018 0.9491 0.0901
vn -0.1274 0.8991 0.4189
vn -0.2487 0.9163 0.3138
vn -0.1088 0.9209 0.3743
vn -0.4931 0.7580 0.4270
vn -0.1317 0.9393 0.3167
vn -0.1971 0.9379 0.2856
vn -0.1349 0.9497 0.2825
vn -0.4630 0.8835 0.0709
vn -0.4823 0.8715 0.0886
vn -0.3955 0.9167 0.0576
vn -0.4998 0.8553 0.1364
vn -0.9140 0.3678 -0.1714
vn -0.5864 0.6274 0.5123
vn -0.2484 0.9548 0.1635
vn -0.5665 0.8018 0.1904
vn -0.2586 0.9303 0.2600
vn -0.7054 0.4319 0.5621
vn -0.2682 0.9354 0.2304
vn -0.8120 0.5299 0.2448
vn -0.2931 0.9364 0.1929
vn -0.7841 0.5265 0.3287
vn -0.7426 -0.4289 0.5145
vn -0.3360 0.9337 0.1239
vn -0.4175 0.9029 0.1022
vn 0.3637 0.9121 0.1891
vn 0.3843 0.8254 0.4136
vn 0.2010 0.9783 -0.0502
vn 0.8513 0.4914 0.1839
vn 0.3337 0.7500 0.5711
vn -0.7263 0.5271 0.4412
vn -0.2309 0.9300 0.2859
vn 0.7636 0.4403 0.4723
vn -0.1957 0.9454 0.2607
vn 0.2702 0.7236 0.6351
vn 0.6816 0.3298 0.6532
vn -0.4781 0.8755 -0.0703
vn 0.3129 0.7212 0.6180
vn -0.1995 0.9619 0.1871
vn 0.5911 0.3410 0.7309
vn 0.8166 -0.0808 0.5716
vn 0.2633 0.8232 0.5030
vn 0.7581 -0.1021 0.6441
vn 0.6715 0.3883 0.6311
vn 0.7810 -0.0897 0.6181
vn -0.1582 0.9764 0.1468
vn 0.2626 0.8797 0.3964
vn 0.7168 -0.6487 0.2556
vn 0.2337 0.9336 0.2717
vn 0.7033 -0.6418 0.3057
vn 0.7464 0.4304 0.5076
vn 0.9077 -0.0809 0.4117
vn 0.6697 -0.7052 0.2329
vn 0.8444 -0.1833 0.5033
vn 0.9716 -0.1414 0.1895
vn 0.8933 -0.2135 0.3956
vn 0.7353 -0.6509 0.1888
vn 0.7664 -0.6255 0.1462
vn 0.9251 -0.2658 0.2712
vn 0.5467 -0.8371 -0.0172
vn 0.5362 -0.8423 -0.0554
vn 0.8312 0.4798 0.2811
vn 0.7216 -0.6904 0.0507
vn 0.5776 -0.8158 -0.0282
vn -0.2368 0.9702 0.0506
vn 0.8433 0.4868 0.2278
vn -0.4226 0.9058 -0.0311
vn -0.2266 0.9736 0.0278
vn -0.2103 0.9683 0.1350
vn -0.2505 0.9653 0.0739
vn 0.0193 0.9306 0.3656
vn 0.0163 0.9632 0.2685
vn -0.1366 0.9623 0.2352
vn 0.0099 0.9830 0.1835
vn 0.0279 0.9762 0.2152
vn -0.2036 0.9768 0.0666
vn -0.2527 0.9674 0.0184
vn 0.1300 0.9767 0.1708
vn -0.2321 0.9727 0.0051
vn -0.2482 0.9677 0.0450
vn -0.3470 0.9368 -0.0445
vn -0.2339 0.9718 -0.0306
vn 0.1704 0.9802 0.1011
vn -0.2030 0.9792 -0.0085
vn -0.2922 0.9561 0.0206
vn 0.0275 0.9994 0.0224
vn -0.0261 0.9997 -0.0025
vn 0.8594 0.4967 0.1214
vn 0.8659 0.5000 -0.0128
vn 0.7296 -0.6833 0.0278
vn 0.7460 -0.6659 -0.0091
vn 0.7104 -0.6999 0.0741
vn 0.7135 -0.6992 0.0450
vn 0.8526 -0.5226 -0.0023
vn 0.6813 -0.7317 0.0201
vn 0.8653 0.4986 -0.0515
vn -0.1757 0.9839 -0.0323
vn 0.8789 -0.4765 0.0225
vn -0.0443 0.7714 0.6348
vn -0.0881 0.9960 -0.0172
vn 0.7633 -0.6453 -0.0320
vn 0.8170 -0.5764 -0.0170
vn -0.2643 0.9634 -0.0453
vn -0.2467 0.9678 -0.0491
vn -0.3807 0.9237 -0.0430
vn -0.3544 0.9337 -0.0515
vn -0.3710 0.9270 -0.0552
vn -0.2185 0.9749 -0.0423
vn -0.2262 0.9728 -0.0491
vn -0.9895 0.1361 -0.0494
vn -0.8065 0.1102 0.5808
vn -0.2454 0.9687 -0.0382
vn -0.2418 0.9702 -0.0160
vn -0.3650 0.9295 -0.0534
vn -0.2180 0.9758 0.0150
vn -0.2279 0.9729 0.0380
vn -0.4817 0.5466 -0.6850
vn -0.2610 0.9639 0.0538
vn -0.9408 0.2029 -0.2715
vn -0.2846 0.9586 -0.0017
vn -0.5146 0.6816 -0.5203
vn -0.8519 0.3835 0.3565
vn -0.2794 0.9517 0.1272
vn -0.3449 0.9308 0.1207
vn -0.9831 0.1826 0.0108
vn -0.3250 0.9438 0.0597
vn -0.1767 0.5365 -0.8252
vn -0.3520 0.9311 0.0959
vn -0.5363 0.3930 -0.7470
vn -0.3950 0.3730 0.8396
vn -0.3367 0.9208 0.1970
vn -0.3540 0.7011 0.6190
vn -0.2559 0.9370 0.2380
vn -0.8905 0.2097 0.4038
vn -0.0065 0.9573 0.2889
vn -0.3105 0.3519 0.8830
vn 0.7016 -0.7111 -0.0452
vn 0.7154 -0.6971 -0.0488
vn 0.6101 -0.7911 -0.0432
vn 0.6333 -0.7722 -0.0511
vn 0.7361 -0.6755 -0.0426
vn 0.3726 -0.7315 0.5710
vn 0.7303 -0.6814 -0.0488
vn -0.2803 -0.9012 -0.3305
vn 0.7165 -0.6966 -0.0378
vn -0.1301 -0.8538 -0.5041
vn 0.6185 -0.7839 -0.0547
vn 0.7196 -0.6942 -0.0156
vn 0.7249 -0.6882 -0.0307
vn 0.6228 -0.7806 -0.0530
vn 0.7361 -0.6767 0.0154
vn 0.9341 -0.3426 0.1007
vn 0.7258 -0.6879 0.0050
vn 0.9108 -0.3761 0.1706
vn 0.8588 -0.4668 0.2111
vn 0.7074 -0.7067 0.0107
vn 0.6386 -0.7683 -0.0435
vn 0.7287 -0.6838 0.0377
vn 0.7043 -0.7078 0.0534
vn 0.7373 -0.6728 0.0606
vn 0.6889 -0.7248 -0.0001
vn -0.0939 -0.9299 0.3557
vn 0.6839 -0.7185 0.1265
vn 0.6326 -0.7653 0.1188
vn 0.0597 -0.6131 0.7878
vn -0.3338 -0.9426 0.0109
vn 0.8459 -0.4538 0.2802
vn 0.7360 -0.6631 0.1362
vn 0.8149 -0.4586 0.3544
vn 0.7170 -0.6669 0.2031
vn 0.8513 -0.4906 0.1863
vn 0.7646 -0.6003 0.2348
vn 0.7581 -0.5357 0.3718
vn 0.7556 -0.5918 0.2808
vn 0.5593 -0.6844 0.4677
vn 0.7484 -0.5114 0.4224
vn 0.6719 -0.6733 0.3087
vn 0.0612 -0.7324 -0.6781
vn 0.5372 -0.8394 0.0828
vn 0.6613 -0.7461 0.0773
vn 0.6610 -0.7362 0.1453
vn 0.0964 -0.6998 -0.7078
vn 0.5270 -0.8445 0.0954
vn 0.6321 -0.7613 0.1447
vn 0.1205 -0.6912 -0.7126
vn 0.6752 -0.6157 0.4061
vn 0.0483 -0.7997 0.5984
vn 0.3848 -0.6953 0.6070
vn -0.0533 -0.5189 0.8532
vn 0.4068 -0.8058 0.4304
vn -0.1723 -0.8113 0.5586
vn -0.1199 -0.9566 -0.2656
vn 0.4866 -0.8629 0.1364
vn -0.1393 -0.9753 -0.1715
vn -0.2652 -0.8535 0.4486
vn 0.6693 -0.7179 0.1912
vn 0.4141 -0.8905 0.1887
vn -0.2057 -0.9556 0.2107
vn 0.0978 -0.9814 0.1651
vn 0.6408 -0.7574 0.1255
vn 0.0684 -0.9681 0.2412
vn -0.5877 -0.7620 0.2721
vn 0.9475 -0.3158 -0.0498
vn 0.0633 -0.9423 0.3286
vn 0.5776 -0.8110 0.0925
vn 0.0930 -0.8926 0.4411
vn 0.8441 0.4871 -0.2240
vn -0.5179 -0.2987 0.8016
vn 0.8404 -0.4918 -0.2277
vn -0.0374 -0.0212 0.9991
vn -0.0649 0.9843 -0.1643
vn 0.7026 0.4778 -0.5273
vn -0.5117 0.7519 0.4158
vn -0.1690 0.9674 0.1889
vn 0.3642 -0.8177 0.4457
vn 0.2937 0.1713 0.9404
vn 0.7361 -0.6441 0.2080
vn 0.8281 -0.5373 -0.1601
vn 0.7244 0.4159 0.5497
vn 0.8569 0.4932 -0.1503
vn -0.0273 0.9833 -0.1801
vn 0.1748 0.0008 -0.9846
vn -0.4850 -0.5471 -0.6822
vn -0.9971 0.0001 -0.0762
vn -0.7190 0.6147 -0.3242
vn -0.9503 0.0001 0.3112
vn -0.7395 0.6616 -0.1242
vn -0.6361 -0.0128 -0.7715
vn 0.6593 -0.1660 -0.7333
vn -0.5459 -0.4856 -0.6828
vn 0.5458 -0.4856 -0.6829
vn 0.0002 -0.9971 -0.0766
vn 0.0002 -0.9504 0.3112
vn 0.6592 -0.7420 -0.1221
vn -0.6573 -0.7438 -0.1213
vn -0.2301 -0.6919 -0.6843
vn 0.7149 -0.1445 -0.6842
vn 0.4994 -0.8629 -0.0767
vn 0.8922 -0.3154 -0.3233
vn 0.4747 -0.8226 0.3129
vn -0.1994 -0.9723 -0.1217
vn 0.3065 -0.5602 -0.7696
vn -0.8632 0.4992 -0.0760
vn -0.9305 -0.1696 -0.3246
vn -0.3179 0.8907 -0.3251
vn -0.8231 0.4749 0.3112
vn -0.5467 0.3265 -0.7710
vn 0.5374 -0.4472 -0.7150
vn -0.1493 -0.0907 -0.9846
vn 0.1481 0.7155 -0.6827
vn 0.8634 0.4985 -0.0770
vn 0.8228 0.4750 0.3119
vn 0.3114 0.9425 -0.1217
vn -0.0872 -0.1497 -0.9849
vn 0.7160 0.1483 -0.6821
vn 0.4985 0.8634 -0.0773
vn 0.8899 0.3202 -0.3248
vn 0.4753 0.8228 0.3116
vn 0.3280 0.5463 -0.7707
vn -0.1329 -0.6431 -0.7542
vn -0.4666 -0.4787 -0.7438
vn 0.0893 -0.1498 -0.9847
vn -0.7156 0.1471 -0.6829
vn -0.4978 0.8638 -0.0778
vn -0.4749 0.8231 0.3113
vn -0.9482 0.2958 -0.1157
vn -0.3260 0.5466 -0.7713
vn 0.5465 0.4851 -0.6826
vn 0.0002 0.9970 -0.0769
vn 0.6152 0.7182 -0.3252
vn 0.0002 0.9506 0.3105
vn -0.6729 0.7306 -0.1160
vn -0.1512 0.0901 -0.9844
vn 0.1466 -0.7146 -0.6840
vn 0.6908 0.2348 -0.6838
vn 0.8638 -0.4977 -0.0785
vn 0.9306 0.1695 -0.3244
vn 0.8226 -0.4751 0.3124
vn 0.3122 -0.9422 -0.1218
vn -0.1748 0.0008 -0.9846
vn 0.4836 0.5467 -0.6836
vn 0.9970 0.0001 -0.0769
vn 0.7208 -0.6120 -0.3254
vn 0.9505 0.0001 0.3108
vn 0.7395 0.6617 -0.1241
vn 0.7420 -0.6587 -0.1250
vn -0.6852 -0.1195 -0.7185
vn 0.0864 0.1548 -0.9842
vn -0.7144 -0.1432 -0.6849
vn 0.2340 -0.6906 -0.6843
vn -0.4986 -0.8634 -0.0772
vn -0.8922 -0.3166 -0.3221
vn -0.4744 -0.8230 0.3126
vn 0.2020 -0.9716 -0.1230
vn -0.3256 -0.5478 -0.7706
vn -0.1454 -0.7153 -0.6835
vn -0.8635 -0.4983 -0.0775
vn -0.3182 -0.8911 -0.3236
vn -0.8229 -0.4750 0.3118
vn -0.3122 -0.9420 -0.1231
vn -0.9683 0.2207 -0.1170
vn 0.6440 0.1269 -0.7545
vn 0.4546 -0.1891 -0.8704
vn -0.4494 0.1797 -0.8751
vn 0.1769 0.4578 -0.8713
vn -0.0000 0.9524 -0.3047
vn 0.3645 0.8800 -0.3045
vn 0.3667 0.8843 0.2892
vn -0.0001 0.9576 0.2882
vn 0.6739 0.6738 -0.3030
vn 0.3650 0.8818 0.2988
vn -0.0000 0.9540 0.2998
vn 0.6761 0.6768 0.2912
vn 0.3732 0.9034 -0.2111
vn -0.0000 0.9999 -0.0117
vn 0.6734 0.6745 0.3027
vn 0.8828 0.3659 0.2947
vn 0.8810 0.3645 -0.3017
vn 0.9135 0.3776 0.1514
vn 0.8799 0.3651 0.3042
vn 0.9541 -0.0007 -0.2994
vn 0.9128 -0.3783 0.1537
vn 0.9544 0.0003 0.2984
vn 0.8820 -0.3660 -0.2967
vn 0.8809 -0.3640 0.3025
vn 0.9509 0.0007 0.3095
vn 0.6752 -0.6762 -0.2946
vn 0.8782 -0.3632 0.3112
vn 0.9742 0.0030 -0.2258
vn 0.6734 -0.6732 0.3056
vn 0.6712 -0.6703 0.3164
vn 0.3653 -0.8833 -0.2937
vn 0.3638 -0.8790 0.3082
vn -0.0000 -0.9561 -0.2931
vn -0.3779 -0.9128 0.1552
vn -0.0000 -0.9512 0.3087
vn -0.3655 -0.8833 -0.2937
vn 0.3633 -0.8761 0.3170
vn -0.6756 -0.6758 -0.2949
vn 0.8999 -0.3702 -0.2304
vn -0.3640 -0.8789 0.3083
vn -0.8819 -0.3661 -0.2970
vn -0.6733 -0.6731 0.3061
vn -0.3635 -0.8760 0.3169
vn -0.9541 -0.0007 -0.2994
vn -0.8809 -0.3639 0.3027
vn -0.6714 -0.6701 0.3165
vn -0.8808 0.3645 -0.3022
vn -0.9544 0.0003 0.2985
vn -0.8780 -0.3634 0.3115
vn -0.6741 0.6734 -0.3036
vn -0.9508 0.0007 0.3098
vn -0.8828 0.3655 0.2950
vn -0.3646 0.8800 -0.3045
vn -0.3786 0.9133 0.1503
vn -0.6761 0.6766 0.2917
vn -0.8796 0.3651 0.3048
vn -0.3664 0.8843 0.2893
vn -0.6733 0.6744 0.3032
vn -0.3653 0.8817 0.2986
vn -0.0000 0.9775 -0.2110
vn -0.3733 0.9034 -0.2111
vn -0.9007 0.3749 -0.2195
vn -0.6893 0.6916 -0.2159
vn -0.3837 0.9234 -0.0124
vn -0.9741 0.0030 -0.2260
vn -0.9245 0.3806 -0.0219
vn -0.8999 -0.3699 -0.2309
vn -0.9996 -0.0022 -0.0280
vn -0.7082 0.7058 -0.0162
vn -0.3725 0.8961 0.2413
vn -0.0001 0.9704 0.2416
vn -0.6852 0.6871 0.2417
vn -0.3810 0.9207 0.0841
vn -0.0018 0.9964 0.0847
vn -0.8977 0.3688 0.2410
vn -0.7032 0.7062 0.0824
vn -0.3373 0.9410 0.0256
vn -0.9241 0.3726 0.0846
vn -0.4004 0.9162 -0.0159
vn -0.6942 0.7198 -0.0016
vn -0.3740 0.9266 -0.0397
vn -0.7224 0.6905 -0.0373
vn -0.3627 0.8824 -0.2997
vn -0.0001 1.0000 -0.0000
vn -0.9170 0.3982 0.0218
vn -0.9239 0.3806 -0.0391
vn -0.9703 -0.0000 0.2418
vn -0.9965 -0.0000 0.0831
vn -1.0000 -0.0001 -0.0063
vn -0.8977 -0.3689 0.2410
vn -0.9240 -0.3728 0.0847
vn -0.9169 -0.3985 0.0218
vn -0.9228 -0.3838 -0.0339
vn -0.7033 -0.7061 0.0826
vn -0.6852 -0.6870 0.2418
vn -0.6884 -0.6855 -0.2370
vn -0.7056 -0.7076 -0.0385
vn -0.3816 -0.9234 -0.0419
vn -0.3725 -0.8969 -0.2386
vn -0.3723 -0.8963 0.2411
vn -0.0000 -0.9991 -0.0435
vn -0.0000 -0.9707 -0.2404
vn -0.0000 -0.9477 0.3192
vn 0.3724 -0.8969 -0.2385
vn 0.6882 -0.6859 -0.2366
vn 0.3815 -0.9234 -0.0423
vn -0.0001 -0.9705 0.2411
vn 0.7055 -0.7076 -0.0387
vn -0.3810 -0.9207 0.0844
vn 0.3723 -0.8963 0.2407
vn 0.6858 -0.6866 0.2414
vn 0.9225 -0.3844 -0.0336
vn 0.3807 -0.9208 0.0844
vn 0.9996 -0.0022 -0.0275
vn 0.8977 -0.3689 0.2409
vn 0.7035 -0.7058 0.0825
vn -0.0001 -0.9964 0.0852
vn 0.3371 -0.9411 0.0256
vn -0.3372 -0.9411 0.0256
vn -0.0001 -0.9997 0.0241
vn -0.6941 -0.7199 -0.0016
vn -0.4009 -0.9160 -0.0160
vn 0.4011 -0.9159 -0.0160
vn -0.9238 -0.3809 -0.0391
vn -0.0000 -0.9993 -0.0383
vn -0.9990 -0.0001 -0.0456
vn -0.7225 -0.6904 -0.0373
vn -0.9521 -0.0001 -0.3059
vn -0.3746 -0.9263 -0.0397
vn -0.8803 -0.3651 -0.3028
vn -0.3629 -0.8822 -0.3000
vn -0.8804 0.3649 -0.3029
vn -0.0000 -0.9536 -0.3011
vn -0.6797 0.6681 -0.3027
vn 0.3745 -0.9264 -0.0396
vn -0.3827 0.9239 -0.0000
vn -0.9237 0.3830 -0.0000
vn -0.3828 0.9238 -0.0000
vn -0.0001 1.0000 -0.0001
vn -0.7072 0.7070 -0.0000
vn -0.7069 0.7073 -0.0000
vn -0.3827 0.9239 -0.0001
vn -0.3676 0.8874 0.2781
vn -0.6789 0.6788 0.2797
vn -0.7072 0.7070 -0.0001
vn -0.9237 0.3830 -0.0001
vn -0.9238 0.3830 -0.0000
vn -1.0000 -0.0001 -0.0001
vn -0.9599 -0.0000 0.2802
vn -0.8872 -0.3678 0.2786
vn -1.0000 -0.0001 -0.0000
vn -0.9239 -0.3827 -0.0001
vn -0.6787 -0.6790 0.2798
vn -0.9237 -0.3831 -0.0000
vn -0.9239 -0.3827 -0.0000
vn -0.7072 -0.7070 -0.0001
vn -0.7069 -0.7073 -0.0000
vn -0.3826 -0.9239 -0.0001
vn -0.6796 -0.6682 -0.3028
vn -0.7072 -0.7070 -0.0000
vn -0.3826 -0.9239 -0.0000
vn -0.3830 -0.9238 -0.0000
vn -0.0001 -1.0000 -0.0001
vn 0.3674 -0.8874 0.2785
vn -0.0001 -1.0000 -0.0000
vn 0.3828 -0.9238 -0.0001
vn 0.6787 -0.6792 0.2794
vn 0.3827 -0.9239 -0.0000
vn 0.7071 -0.7071 -0.0001
vn 0.3627 -0.8823 -0.3001
vn 0.3828 -0.9238 -0.0000
vn 0.7071 -0.7071 -0.0000
vn 0.9239 -0.3825 -0.0001
vn 1.0000 -0.0001 -0.0001
vn 0.9601 -0.0000 0.2797
vn 0.8875 0.3673 0.2782
vn 0.9239 -0.3827 -0.0000
vn 0.9239 -0.3825 -0.0000
vn 0.6796 -0.6684 -0.3025
vn 0.9238 0.3828 -0.0001
vn 0.7220 -0.6908 -0.0373
vn 0.8806 -0.3650 -0.3022
vn 0.6939 -0.7201 -0.0017
vn 0.9237 -0.3812 -0.0392
vn 1.0000 -0.0001 -0.0000
vn 0.9169 -0.3985 0.0219
vn 0.9239 0.3826 -0.0000
vn 0.9240 -0.3729 0.0845
vn 0.9523 -0.0001 -0.3052
vn 0.9703 -0.0001 0.2420
vn 0.9965 -0.0000 0.0830
vn 1.0000 -0.0001 -0.0063
vn 0.9990 -0.0001 -0.0457
vn 0.9238 0.3810 -0.0392
vn 0.8806 0.3648 -0.3024
vn 0.9170 0.3982 0.0219
vn 0.9241 0.3727 0.0845
vn 0.8977 0.3691 0.2407
vn 0.7037 0.7058 0.0819
vn 0.6349 0.7726 -0.0038
vn 0.9243 0.3812 -0.0217
vn 0.7205 0.6926 -0.0346
vn 0.6856 0.6868 0.2412
vn 0.9007 0.3752 -0.2191
vn 0.6890 0.6920 -0.2154
vn 0.7081 0.7059 -0.0166
vn 0.3835 0.9235 -0.0128
vn 0.3725 0.8962 0.2409
vn 0.3791 0.9216 0.0833
vn 0.3821 0.9237 0.0291
vn 0.0448 0.9986 0.0271
vn 0.3804 0.9248 -0.0063
vn 0.0027 0.9993 -0.0360
vn 0.3744 0.9267 -0.0336
vn 0.0015 0.9536 -0.3010
vn 0.3624 0.8823 -0.3002
vn 0.6785 0.6693 -0.3027
vn 0.3828 0.9238 -0.0000
vn 0.9238 0.3828 -0.0000
vn 0.3826 0.9239 -0.0000
vn 0.3828 0.9238 -0.0001
vn 0.3673 0.8875 0.2782
vn 0.7071 0.7071 -0.0001
vn 0.7694 0.2413 0.5915
vn -0.4580 -0.3384 0.8220
vn 0.1750 -0.7873 0.5912
vn -0.3885 -0.9094 0.1487
vn -0.6102 -0.5022 0.6127
vn 0.3345 -0.8101 0.4815
vn 0.5936 0.7909 0.1489
vn 0.8688 0.1148 0.4817
vn 0.6348 0.7544 0.1672
vn 0.3316 0.9353 -0.1235
vn 0.2894 0.9549 -0.0668
vn 0.3765 0.9109 -0.1688
vn -0.1820 0.7187 -0.6711
vn -0.4046 0.8306 -0.3827
vn 0.2642 0.9641 -0.0275
vn -0.4617 0.8488 -0.2574
vn -0.5008 0.8529 -0.1476
vn 0.4272 0.8816 -0.2006
vn 0.0061 0.5936 -0.8047
vn 0.4567 0.8607 -0.2249
vn -0.0191 0.5929 -0.8051
vn 0.4070 0.8715 -0.2736
vn -0.0198 0.7317 -0.6813
vn 0.2936 0.7854 0.5449
vn -0.4885 0.8121 -0.3192
vn 0.0525 0.7807 0.6226
vn 0.2443 0.9697 -0.0007
vn -0.4840 0.8750 -0.0130
vn 0.6616 0.7353 0.1467
vn 0.2741 0.9604 0.0499
vn 0.6793 0.7260 0.1069
vn 0.9318 0.0590 0.3580
vn 0.6813 0.7296 0.0603
vn 0.7197 0.6927 0.0474
vn 0.9734 0.0298 0.2270
vn 0.9975 0.0214 0.0675
vn 0.9995 -0.0280 -0.0174
vn 0.4146 -0.8367 0.3579
vn 0.4831 -0.8729 0.0676
vn 0.5250 -0.8509 -0.0173
vn -0.2399 -0.9696 0.0478
vn 0.4621 -0.8573 0.2269
vn -0.2914 -0.9547 0.0602
vn -0.6941 -0.7181 0.0505
vn -0.2889 -0.9514 0.1069
vn -0.3362 -0.9268 0.1671
vn -0.3060 -0.9407 0.1466
vn -0.7186 -0.6954 -0.0014
vn -0.7030 -0.7107 -0.0274
vn -0.6818 -0.7286 -0.0663
vn -0.9997 -0.0199 -0.0126
vn -0.9979 -0.0234 0.0607
vn -0.4791 0.8757 0.0599
vn -0.9889 0.0075 -0.1481
vn -0.9660 -0.0248 -0.2572
vn -0.9217 -0.0649 -0.3825
vn -0.3063 0.7850 -0.5384
vn -0.6438 -0.7552 -0.1232
vn -0.8329 -0.1271 -0.5387
vn -0.6006 -0.7815 -0.1690
vn -0.5958 -0.4736 -0.6486
vn -0.7133 -0.2016 -0.6712
vn -0.5500 -0.8107 -0.2006
vn -0.5990 -0.2686 -0.7543
vn -0.0666 0.6533 -0.7542
vn -0.5172 -0.8258 -0.2249
vn -0.5111 -0.3019 -0.8048
vn -0.5231 -0.2803 -0.8049
vn -0.5514 -0.7879 -0.2742
vn -0.6107 0.3525 0.7091
vn -0.6920 -0.2025 0.6929
vn -0.4471 -0.6884 0.5712
vn -0.2628 -0.6646 0.6994
vn -0.9403 0.0098 -0.3403
vn -0.0770 -0.8340 0.5464
vn -0.0442 -0.7718 0.6344
vn -0.6630 -0.1821 -0.7262
vn 0.1812 -0.6683 0.7214
vn 0.6461 -0.3729 0.6659
vn -0.3375 -0.5950 0.7294
vn -0.8118 -0.4806 -0.3317
vn -0.4726 -0.8187 -0.3261
vn -0.8101 -0.2233 -0.5422
vn -0.7322 0.4228 -0.5340
vn -0.3319 -0.5748 -0.7480
vn -0.0103 -0.9434 -0.3316
vn -0.4224 -0.7316 -0.5350
vn 0.1740 -0.6649 -0.7263
vn 0.4788 -0.8095 -0.3398
vn -0.5205 -0.1435 -0.8417
vn -0.2597 -0.4490 -0.8549
vn 0.2120 -0.8131 -0.5421
vn -0.9605 -0.2644 0.0871
vn -0.4970 -0.8630 0.0908
vn -0.6652 -0.1836 0.7237
vn -0.9809 -0.1825 -0.0675
vn -0.3387 -0.5870 0.7353
vn -0.4995 -0.8648 -0.0502
vn 0.3323 -0.9408 -0.0672
vn 0.1361 -0.5228 -0.8415
vn 0.1743 -0.6681 0.7234
vn 0.2502 -0.9644 0.0863
vn 0.5835 -0.3367 0.7390
vn 0.8657 -0.4998 -0.0280
vn 0.9809 0.1825 -0.0672
vn 0.8621 -0.4985 0.0907
vn 0.6648 0.1837 0.7240
vn 0.4439 -0.2566 -0.8585
vn 0.3387 0.5869 0.7354
vn 0.4992 0.8650 -0.0500
vn 0.9604 0.2648 0.0866
vn -0.5833 0.3370 0.7391
vn -0.8655 0.5000 -0.0281
vn 0.5203 0.1434 -0.8418
vn -0.1738 0.6680 0.7236
vn -0.8629 0.4971 0.0907
vn 0.4976 0.8628 0.0894
vn -0.2498 0.9645 0.0860
vn -0.1357 0.5226 -0.8417
vn -0.4436 0.2569 -0.8586
vn 0.2594 0.4485 -0.8553
vn -0.2122 0.8130 -0.5421
vn -0.5716 0.3301 -0.7512
vn 0.8101 0.2230 -0.5422
vn 0.4222 0.7320 -0.5348
vn -0.1742 0.6653 -0.7260
vn 0.7324 -0.4223 -0.5341
vn -0.4788 0.8093 -0.3403
vn -0.8195 0.4734 -0.3230
vn 0.5720 -0.3298 -0.7510
vn -0.1706 0.7004 0.6930
vn 0.3728 0.7317 0.5707
vn 0.0103 0.9434 -0.3314
vn 0.4441 0.5601 0.6993
vn 0.3315 0.5747 -0.7482
vn 0.3463 0.5899 0.7295
vn 0.4728 0.8186 -0.3262
vn 0.6631 0.1819 -0.7261
vn 0.8118 0.4808 -0.3314
vn 0.9403 -0.0100 -0.3401
vn 0.6693 0.1777 0.7214
vn 0.8196 -0.4732 -0.3230
vn 0.6838 0.4838 0.5462
vn 0.5920 -0.3414 0.7301
vn 0.2904 0.4422 0.8486
vn 0.5941 -0.5454 0.5913
vn -0.2900 0.4411 0.8493
vn 0.9817 -0.1189 0.1488
vn 0.9434 0.3285 -0.0451
vn -0.5945 -0.5452 0.5911
vn 0.5343 -0.6948 0.4815
vn -0.9818 -0.1184 0.1485
vn -0.7400 0.2776 0.6126
vn -0.9433 0.3291 -0.0445
vn -0.5348 -0.6945 0.4813
vn 0.9703 -0.1741 0.1677
vn 0.5174 -0.7772 0.3582
vn 0.9757 0.1803 -0.1243
vn -0.9705 -0.1737 0.1673
vn 0.9770 0.1297 -0.1694
vn -0.9758 0.1802 -0.1239
vn 0.9771 0.0709 -0.2004
vn 0.9719 0.2260 -0.0655
vn 0.9738 0.0350 -0.2248
vn 0.9580 0.0838 -0.2743
vn 0.8266 0.1371 0.5458
vn 0.7025 0.3455 0.6222
vn 0.4580 0.8297 -0.3190
vn 0.9666 -0.2093 0.1482
vn 0.9603 0.2791 -0.0022
vn 0.5153 0.8569 -0.0123
vn 0.9689 0.2422 0.0509
vn 0.9674 -0.2290 0.1080
vn 0.5113 -0.8288 0.2271
vn 0.9723 -0.2259 0.0599
vn 0.9593 -0.2783 0.0472
vn 0.5146 -0.8548 0.0671
vn 0.4740 -0.8803 -0.0181
vn -0.5176 -0.7771 0.3581
vn -0.5151 -0.8545 0.0670
vn -0.4745 -0.8801 -0.0185
vn -0.9597 -0.2770 0.0462
vn -0.5116 -0.8287 0.2272
vn -0.9724 -0.2255 0.0599
vn -0.9689 0.2423 0.0510
vn -0.9668 -0.2084 0.1478
vn -0.9676 -0.2281 0.1079
vn -0.9719 0.2259 -0.0655
vn -0.9601 0.2795 -0.0022
vn -0.5162 0.8564 -0.0122
vn -0.5186 0.8529 0.0607
vn 0.5189 0.8527 0.0600
vn -0.4793 0.8651 -0.1480
vn 0.4794 0.8650 -0.1480
vn 0.5347 0.8069 -0.2510
vn -0.5355 0.8065 -0.2508
vn -0.5172 0.7656 -0.3827
vn 0.5171 0.7656 -0.3826
vn 0.5254 0.6580 -0.5395
vn -0.5258 0.6579 -0.5392
vn 0.5313 0.5171 -0.6710
vn -0.5314 0.5170 -0.6710
vn -0.9770 0.1298 -0.1694
vn -0.5321 0.3846 -0.7543
vn 0.5327 0.3845 -0.7539
vn 0.5179 0.2914 -0.8043
vn -0.9770 0.0710 -0.2009
vn -0.5172 0.2916 -0.8046
vn 0.5047 0.3128 -0.8046
vn -0.9738 0.0350 -0.2249
vn -0.7224 0.2836 -0.6307
vn -0.5046 0.3128 -0.8047
vn -0.8269 0.1375 0.5453
vn -0.9581 0.0835 -0.2741
vn 0.4981 0.6431 0.5816
vn -0.5216 0.4982 0.6926
vn -0.8209 0.0414 0.5696
vn -0.7067 -0.1048 0.6997
vn -0.4620 0.8190 -0.3404
vn -0.0001 0.9462 -0.3235
vn -0.4890 0.4838 -0.7258
vn -0.4885 -0.4912 0.7212
vn -0.6842 -0.0048 0.7293
vn -0.8221 0.4627 -0.3318
vn -0.9453 0.0004 -0.3261
vn -0.5978 0.5904 -0.5423
vn -0.0001 0.5134 -0.8582
vn -0.6632 0.0005 -0.7484
vn -0.8225 -0.4623 -0.3312
vn -0.8450 0.0005 -0.5348
vn -0.4897 -0.4842 -0.7250
vn -0.4616 -0.8195 -0.3397
vn -0.3843 0.3793 -0.8417
vn -0.0002 0.9959 0.0906
vn -0.5179 0.0006 -0.8554
vn -0.5974 -0.5898 -0.5434
vn -0.7098 0.6991 0.0862
vn -0.9959 0.0004 0.0904
vn -0.3841 -0.3782 -0.8423
vn -0.4919 0.4845 0.7234
vn -0.6777 0.0003 0.7354
vn -0.9987 0.0002 -0.0502
vn -0.7095 -0.6994 0.0867
vn -0.4915 -0.4844 0.7237
vn -0.0001 -0.6740 0.7388
vn -0.0002 -0.9959 0.0902
vn -0.0001 -0.5119 -0.8591
vn 0.4913 -0.4847 0.7237
vn -0.0003 -0.8454 -0.5342
vn 0.7100 -0.6989 0.0863
vn 0.6777 0.0003 0.7353
vn 0.6484 0.7583 -0.0671
vn 0.3839 -0.3787 -0.8421
vn 0.9960 0.0004 0.0892
vn 0.4916 0.4848 0.7234
vn 0.5977 -0.5896 -0.5433
vn -0.0001 0.6740 0.7387
vn 0.7104 0.6986 0.0858
vn 0.5175 0.0006 -0.8557
vn 0.3841 0.3798 -0.8415
vn 0.5981 0.5902 -0.5422
vn -0.0003 0.8456 -0.5338
vn -0.0002 0.6600 -0.7513
vn 0.8449 0.0005 -0.5350
vn 0.4891 0.4835 -0.7260
vn 0.4898 -0.4839 -0.7252
vn 0.6636 0.0005 -0.7481
vn 0.4617 0.8191 -0.3406
vn -0.0001 0.7054 0.7088
vn 0.8220 0.4628 -0.3320
vn 0.5217 0.4982 0.6926
vn 0.9454 0.0004 -0.3258
vn 0.7069 -0.1055 0.6994
vn 0.8861 -0.0445 0.4614
vn 0.6842 -0.0047 0.7293
vn 0.8224 -0.4624 -0.3315
vn 0.4887 -0.4911 0.7211
vn 0.4613 -0.8196 -0.3398
vn -0.0001 -0.6835 0.7300
vn -0.0001 -0.9465 -0.3227
vn -0.0002 -0.6602 -0.7511
vn 0.8060 -0.1117 0.5813
vn 0.6105 0.3528 0.7091
vn 0.1705 0.7005 0.6930
vn -0.3728 0.7318 0.5705
vn -0.4808 0.7467 0.4595
vn 0.4788 0.8093 -0.3403
vn 0.8192 0.4738 -0.3231
vn -0.6826 0.4849 0.5467
vn -0.6455 0.4259 0.6339
vn 0.1744 0.6652 -0.7260
vn -0.6692 0.1778 0.7215
vn -0.6462 -0.3732 0.6657
vn -0.3463 0.5898 0.7295
vn -0.0104 0.9434 -0.3314
vn -0.4728 0.8186 -0.3262
vn 0.2124 0.8130 -0.5421
vn 0.7323 0.4227 -0.5339
vn 0.4437 0.2568 -0.8586
vn -0.3315 0.5747 -0.7482
vn -0.8118 0.4809 -0.3314
vn -0.4222 0.7319 -0.5349
vn -0.6631 0.1819 -0.7261
vn -0.9403 -0.0097 -0.3401
vn 0.1361 0.5224 -0.8418
vn 0.8631 0.4970 0.0897
vn -0.2590 0.4490 -0.8552
vn -0.8100 0.2230 -0.5424
vn 0.2492 0.9647 0.0856
vn -0.4982 0.8623 0.0903
vn 0.1737 0.6680 0.7236
vn 0.5835 0.3371 0.7389
vn 0.8656 0.4999 -0.0280
vn 0.3327 0.9406 -0.0672
vn -0.3390 0.5869 0.7353
vn -0.4990 0.8652 -0.0502
vn -0.9808 0.1829 -0.0675
vn -0.5202 0.1434 -0.8419
vn -0.6648 0.1838 0.7240
vn -0.9603 0.2648 0.0878
vn -0.5835 -0.3364 0.7392
vn -0.8620 -0.4985 0.0916
vn -0.1743 -0.6680 0.7235
vn -0.4438 -0.2566 -0.8586
vn 0.3386 -0.5870 0.7353
vn -0.2506 -0.9642 0.0866
vn -0.1360 -0.5229 -0.8415
vn 0.6654 -0.1837 0.7235
vn 0.4966 -0.8633 0.0903
vn 0.9605 -0.2645 0.0861
vn 0.5206 -0.1435 -0.8417
vn 0.2598 -0.4489 -0.8550
vn 0.8102 -0.2231 -0.5421
vn 0.5717 0.3301 -0.7511
vn -0.2118 -0.8131 -0.5422
vn 0.4227 -0.7316 -0.5350
vn 0.6630 -0.1819 -0.7261
vn -0.7323 -0.4224 -0.5342
vn 0.9404 0.0099 -0.3400
vn -0.5719 -0.3299 -0.7511
vn 0.6921 -0.2023 0.6929
vn 0.8115 -0.4808 -0.3321
vn 0.4053 -0.7904 0.4594
vn 0.2634 -0.6643 0.6995
vn 0.3321 -0.5746 -0.7480
vn 0.3378 -0.5951 0.7292
vn 0.4724 -0.8188 -0.3263
vn -0.1739 -0.6650 -0.7263
vn 0.0101 -0.9434 -0.3316
vn -0.4787 -0.8096 -0.3399
vn -0.1811 -0.6684 0.7214
vn -0.8197 -0.4731 -0.3229
vn 0.0797 -0.8332 0.5472
vn -0.5919 -0.3412 0.7302
vn 0.4803 0.8751 0.0596
vn 0.4839 0.8750 -0.0131
vn -0.2742 0.9604 0.0501
vn 0.5003 0.8532 -0.1474
vn 0.9890 0.0073 -0.1477
vn -0.2440 0.9698 -0.0008
vn 0.4618 0.8488 -0.2574
vn -0.2642 0.9641 -0.0275
vn 0.4049 0.8304 -0.3828
vn 0.9216 -0.0648 -0.3826
vn -0.6795 0.7259 0.1069
vn 0.3065 0.7849 -0.5385
vn -0.6819 0.7290 0.0606
vn -0.7202 0.6921 0.0481
vn -0.6617 0.7353 0.1466
vn -0.9975 0.0213 0.0677
vn -0.9995 -0.0276 -0.0175
vn -0.9734 0.0296 0.2272
vn -0.4833 -0.8728 0.0676
vn -0.5261 -0.8502 -0.0178
vn 0.2396 -0.9697 0.0478
vn -0.9319 0.0590 0.3579
vn 0.2910 -0.9548 0.0603
vn 0.6946 -0.7176 0.0505
vn -0.4624 -0.8571 0.2272
vn 0.2888 -0.9514 0.1070
vn 0.9979 -0.0232 0.0603
vn 0.9997 -0.0196 -0.0129
vn -0.4148 -0.8366 0.3578
vn 0.7181 -0.6959 -0.0010
vn 0.3060 -0.9407 0.1467
vn 0.7029 -0.7107 -0.0273
vn 0.9660 -0.0247 -0.2572
vn 0.3361 -0.9269 0.1671
vn 0.6820 -0.7284 -0.0665
vn -0.8689 0.1148 0.4816
vn 0.6439 -0.7551 -0.1234
vn 0.8328 -0.1271 -0.5387
vn -0.6349 0.7543 0.1672
vn -0.3344 -0.8102 0.4814
vn -0.2895 0.9548 -0.0668
vn 0.3885 -0.9094 0.1486
vn -0.7693 0.2414 0.5915
vn -0.1750 -0.7872 0.5913
vn -0.5937 0.7908 0.1491
vn -0.3317 0.9353 -0.1234
vn 0.2167 -0.5727 0.7906
vn 0.4582 -0.3385 0.8219
vn 0.6105 -0.5022 0.6125
vn -0.3877 0.4749 0.7900
vn -0.0661 0.5680 0.8204
vn 0.6004 -0.7817 -0.1687
vn 0.5958 -0.4735 -0.6487
vn -0.3763 0.9110 -0.1690
vn 0.5498 -0.8109 -0.2003
vn 0.5172 -0.8259 -0.2246
vn 0.5232 -0.2806 -0.8047
vn 0.5511 -0.7884 -0.2735
vn 0.5348 -0.6466 0.5439
vn 0.6435 -0.3485 -0.6815
vn 0.9480 0.0175 -0.3179
vn 0.1821 0.7187 -0.6711
vn 0.7133 -0.2017 -0.6712
vn 0.5991 -0.2689 -0.7542
vn 0.0667 0.6533 -0.7541
vn 0.5112 -0.3023 -0.8046
vn -0.4273 0.8816 -0.2006
vn -0.0061 0.5937 -0.8047
vn -0.4569 0.8607 -0.2247
vn 0.0190 0.5930 -0.8050
vn -0.4071 0.8715 -0.2734
vn -0.0525 0.7808 0.6226
vn 0.6105 -0.3532 0.7089
vn 0.6922 0.2022 0.6928
vn 0.4048 0.7912 0.4585
vn 0.2627 0.6642 0.6998
vn 0.9405 -0.0097 -0.3396
vn 0.6633 0.1819 -0.7259
vn -0.1811 0.6680 0.7218
vn 0.3378 0.5951 0.7292
vn 0.8116 0.4806 -0.3322
vn 0.4727 0.8185 -0.3266
vn 0.8101 0.2229 -0.5423
vn 0.4440 -0.2552 -0.8589
vn 0.3313 0.5744 -0.7485
vn 0.0101 0.9434 -0.3314
vn 0.4220 0.7322 -0.5347
vn -0.1742 0.6655 -0.7258
vn -0.4786 0.8097 -0.3397
vn 0.5202 0.1434 -0.8419
vn 0.2588 0.4482 -0.8556
vn -0.2121 0.8129 -0.5424
vn 0.9602 0.2659 0.0860
vn 0.4967 0.8633 0.0900
vn 0.6655 0.1835 0.7235
vn 0.5836 -0.3367 0.7389
vn 0.9809 0.1823 -0.0673
vn 0.3385 0.5866 0.7357
vn -0.1357 0.5217 -0.8422
vn -0.1739 0.6670 0.7245
vn -0.2514 0.9640 0.0869
vn -0.5833 0.3362 0.7394
vn -0.8619 0.4987 0.0921
vn -0.6652 -0.1831 0.7239
vn -0.4437 0.2563 -0.8588
vn -0.3388 -0.5869 0.7354
vn 0.3331 -0.9405 -0.0672
vn -0.9603 -0.2650 0.0876
vn 0.8654 -0.5003 -0.0280
vn -0.5204 -0.1436 -0.8418
vn 0.1740 -0.6679 0.7237
vn 0.8621 -0.4986 0.0909
vn -0.4969 -0.8630 0.0909
vn 0.2510 -0.9641 0.0869
vn 0.1361 -0.5218 -0.8421
vn -0.2591 -0.4491 -0.8551
vn 0.2120 -0.8128 -0.5425
vn 0.7316 -0.4225 -0.5351
vn 0.5724 -0.3306 -0.7503
vn -0.8101 -0.2225 -0.5425
vn -0.4225 -0.7317 -0.5349
vn 0.1743 -0.6654 -0.7258
vn -0.7317 0.4235 -0.5341
vn 0.4786 -0.8094 -0.3403
vn 0.8194 -0.4736 -0.3229
vn -0.5712 0.3304 -0.7514
vn 0.1707 -0.7008 0.6927
vn 0.3072 -0.7536 0.5812
vn -0.3727 -0.7317 0.5707
vn -0.0104 -0.9433 -0.3318
vn -0.4442 -0.5601 0.6993
vn -0.3318 -0.5746 -0.7482
vn -0.3467 -0.5902 0.7290
vn -0.4732 -0.8182 -0.3265
vn -0.6634 -0.1817 -0.7259
vn -0.8118 -0.4806 -0.3318
vn -0.9403 0.0090 -0.3401
vn -0.6694 -0.1777 0.7213
vn -0.8198 0.4727 -0.3231
vn -0.5917 0.3415 0.7303
vn 0.5453 0.6386 0.5430
vn -0.2918 -0.7860 0.5450
vn 0.0196 -0.5922 -0.8056
vn 0.5230 0.2808 -0.8047
vn 0.5511 0.7883 -0.2736
vn 0.9484 -0.0181 -0.3166
vn 0.5110 0.3030 -0.8044
vn 0.5168 0.8262 -0.2242
vn 0.5495 0.8113 -0.1994
vn 0.5994 0.2693 -0.7538
vn 0.7135 0.2012 -0.6711
vn 0.6001 0.7822 -0.1675
vn 0.8328 0.1270 -0.5389
vn 0.6441 0.7549 -0.1237
vn 0.9216 0.0652 -0.3826
vn 0.3886 0.9094 0.1485
vn 0.6819 0.7284 -0.0664
vn 0.9661 0.0237 -0.2572
vn 0.4615 -0.8491 -0.2570
vn 0.4592 0.3405 0.8205
vn 0.9890 -0.0085 -0.1478
vn -0.1751 0.7872 0.5913
vn 0.5008 -0.8529 -0.1476
vn 0.2372 -0.4724 0.8488
vn 0.9998 0.0178 -0.0129
vn 0.4822 -0.8759 -0.0129
vn 0.9979 0.0215 0.0606
vn 0.6952 0.7171 0.0505
vn 0.7030 0.7107 -0.0273
vn 0.7183 0.6957 -0.0008
vn 0.3360 0.9269 0.1670
vn 0.3065 0.9405 0.1464
vn 0.2895 0.9512 0.1070
vn -0.3343 0.8104 0.4812
vn -0.4141 0.8370 0.3577
vn -0.7693 -0.2422 0.5911
vn 0.2919 0.9545 0.0603
vn 0.2400 0.9696 0.0478
vn -0.4612 0.8577 0.2271
vn -0.4823 0.8734 0.0679
vn -0.5264 0.8501 -0.0174
vn -0.9994 0.0282 -0.0176
vn -0.8690 -0.1155 0.4812
vn -0.9975 -0.0192 0.0677
vn -0.7203 -0.6921 0.0469
vn -0.9734 -0.0290 0.2272
vn -0.9319 -0.0597 0.3577
vn -0.6824 -0.7285 0.0606
vn -0.2741 -0.9604 0.0504
vn -0.6796 -0.7257 0.1070
vn -0.6615 -0.7355 0.1466
vn 0.4792 -0.8756 0.0605
vn -0.2427 -0.9701 -0.0013
vn -0.6345 -0.7547 0.1669
vn -0.2642 -0.9641 -0.0273
vn 0.4045 -0.8306 -0.3827
vn -0.5933 -0.7912 0.1486
vn -0.1300 -0.7794 0.6129
vn -0.2902 -0.9547 -0.0664
vn 0.3060 -0.7849 -0.5388
vn -0.3325 -0.9351 -0.1230
vn 0.1819 -0.7188 -0.6710
vn -0.3761 -0.9109 -0.1694
vn 0.0671 -0.6533 -0.7541
vn -0.4272 -0.8818 -0.2000
vn -0.0060 -0.5935 -0.8048
vn -0.4567 -0.8608 -0.2247
vn -0.4061 -0.8714 -0.2751
vn 0.4897 -0.8109 -0.3205
vn -0.4995 -0.6430 0.5806
vn 0.5220 -0.4980 0.6924
vn 0.8213 -0.0426 0.5689
vn 0.7074 0.1057 0.6988
vn 0.4621 -0.8190 -0.3401
vn -0.0001 -0.9465 -0.3226
vn -0.0002 -0.6594 -0.7518
vn 0.4894 -0.4833 -0.7258
vn 0.4885 0.4913 0.7211
vn -0.0004 0.7459 0.6661
vn 0.6843 0.0046 0.7292
vn 0.8219 -0.4633 -0.3315
vn 0.9455 0.0001 -0.3256
vn 0.5982 -0.5900 -0.5422
vn -0.0003 -0.8456 -0.5338
vn 0.6643 -0.0000 -0.7475
vn -0.0001 -0.5111 -0.8595
vn 0.8219 0.4634 -0.3313
vn 0.3850 -0.3793 -0.8414
vn 0.8442 -0.0003 -0.5360
vn 0.7108 -0.6980 0.0870
vn 0.5162 -0.0008 -0.8565
vn 0.9960 0.0024 0.0894
vn 0.4911 -0.4842 0.7241
vn -0.0001 -0.9996 -0.0282
vn 0.6485 -0.7583 -0.0672
vn 0.6775 0.0002 0.7355
vn 0.9988 -0.0004 -0.0499
vn 0.6488 0.7580 -0.0671
vn 0.3814 0.3781 -0.8435
vn 0.4910 0.4843 0.7241
vn 0.7108 0.6982 0.0857
vn -0.0001 0.6723 0.7403
vn -0.6487 0.7581 -0.0674
vn -0.0002 0.9959 0.0907
vn 0.5977 0.5891 -0.5438
vn -0.0001 0.5087 -0.8610
vn -0.4913 0.4841 0.7241
vn 0.4895 0.4834 -0.7257
vn -0.7103 0.6987 0.0861
vn -0.6774 0.0002 0.7356
vn -0.6484 -0.7583 -0.0674
vn -0.3816 0.3775 -0.8437
vn -0.9959 0.0024 0.0907
vn -0.4914 -0.4839 0.7241
vn -0.0001 -0.6732 0.7395
vn -0.7102 -0.6985 0.0873
vn -0.0002 -0.9959 0.0908
vn -0.3851 -0.3788 -0.8415
vn -0.5166 -0.0008 -0.8562
vn -0.5979 -0.5902 -0.5423
vn -0.5974 0.5893 -0.5439
vn -0.8444 -0.0003 -0.5358
vn -0.4894 -0.4836 -0.7256
vn -0.6639 -0.0000 -0.7479
vn -0.4624 -0.8189 -0.3399
vn -0.0001 -0.7052 0.7090
vn -0.0003 0.8447 -0.5353
vn -0.5219 -0.4981 0.6925
vn -0.8209 -0.0428 0.5694
vn -0.8220 -0.4632 -0.3313
vn -0.8851 0.0428 0.4635
vn -0.6843 0.0047 0.7292
vn -0.9454 0.0001 -0.3259
vn -0.7607 0.3490 0.5473
vn -0.8220 0.4634 -0.3311
vn -0.4883 0.4913 0.7213
vn -0.4895 0.4837 -0.7255
vn -0.4618 0.8193 -0.3397
vn -0.0001 0.6835 0.7300
vn -0.0002 0.6606 -0.7508
vn -0.0001 0.9465 -0.3227
vn 0.4616 0.8194 -0.3399
vn 0.5240 -0.2260 0.8212
vn 0.6051 0.0983 0.7900
vn 0.2901 -0.4404 0.8497
vn 0.5939 0.5455 0.5913
vn -0.2897 -0.4393 0.8503
vn -0.5215 -0.2261 0.8227
vn 0.9816 0.1192 0.1490
vn 0.7390 -0.2775 0.6139
vn 0.9437 -0.3276 -0.0449
vn -0.5943 0.5453 0.5912
vn -0.9817 0.1186 0.1487
vn -0.7397 -0.2773 0.6131
vn -0.9436 -0.3282 -0.0442
vn -0.5344 0.6947 0.4814
vn 0.5340 0.6950 0.4815
vn -0.9759 -0.1800 -0.1236
vn -0.9704 0.1738 0.1674
vn -0.5176 0.7773 0.3576
vn -0.9770 -0.1296 -0.1692
vn -0.5316 -0.5168 -0.6710
vn -0.5260 -0.6577 -0.5391
vn -0.9771 -0.0709 -0.2008
vn -0.5172 -0.2915 -0.8047
vn -0.9720 -0.2258 -0.0653
vn -0.5173 -0.7655 -0.3826
vn -0.5355 -0.8065 -0.2506
vn -0.9738 -0.0349 -0.2249
vn -0.7228 -0.2835 -0.6302
vn -0.9579 -0.0836 -0.2745
vn -0.6232 -0.3832 -0.6818
vn -0.7025 -0.3441 0.6229
vn -0.9668 0.2086 0.1477
vn -0.9601 -0.2795 -0.0023
vn -0.4793 -0.8651 -0.1479
vn -0.5160 -0.8565 -0.0123
vn -0.9687 -0.2429 0.0510
vn -0.9677 0.2278 0.1079
vn -0.5118 0.8286 0.2269
vn -0.9725 0.2249 0.0600
vn -0.9599 0.2765 0.0466
vn -0.5155 0.8542 0.0679
vn -0.4749 0.8798 -0.0173
vn 0.5174 0.7774 0.3577
vn 0.5150 0.8545 0.0680
vn 0.4745 0.8801 -0.0170
vn 0.9595 0.2777 0.0476
vn 0.5115 0.8288 0.2269
vn 0.9724 0.2253 0.0600
vn 0.9687 -0.2428 0.0509
vn 0.9675 0.2287 0.1080
vn 0.9665 0.2094 0.1481
vn 0.9703 0.1743 0.1678
vn 0.9603 -0.2791 -0.0022
vn 0.9720 -0.2259 -0.0653
vn 0.9758 -0.1801 -0.1241
vn 0.5151 -0.8570 -0.0124
vn 0.5186 -0.8529 0.0599
vn -0.5182 -0.8531 0.0607
vn 0.4794 -0.8650 -0.1479
vn 0.5347 -0.8070 -0.2509
vn 0.5173 -0.7656 -0.3825
vn 0.5256 -0.6578 -0.5394
vn 0.5315 -0.5169 -0.6711
vn -0.5323 -0.3844 -0.7543
vn 0.9770 -0.1295 -0.1692
vn 0.7077 -0.2792 -0.6490
vn 0.5329 -0.3843 -0.7539
vn 0.9772 -0.0707 -0.2002
vn 0.5179 -0.2913 -0.8043
vn 0.9738 -0.0349 -0.2248
vn 0.5044 -0.3125 -0.8049
vn -0.5042 -0.3125 -0.8051
vn -0.8282 -0.1421 0.5421
vn 0.9579 -0.0839 -0.2747
vn 0.6231 -0.3833 -0.6818
vn 0.4579 -0.8292 -0.3205
vn -0.4590 0.3405 0.8206
vn -0.5293 0.0301 0.8479
vn 0.1751 0.7872 0.5913
vn -0.2351 -0.4714 0.8500
vn 0.0644 -0.5681 0.8204
vn 0.3873 -0.4754 0.7900
vn -0.3886 0.9094 0.1486
vn 0.7694 -0.2421 0.5911
vn 0.3344 0.8103 0.4813
vn -0.6439 0.7550 -0.1235
vn 0.5932 -0.7913 0.1484
vn 0.1871 -0.9814 -0.0440
vn -0.6002 0.7820 -0.1678
vn -0.8328 0.1271 -0.5389
vn -0.7135 0.2011 -0.6712
vn -0.5497 0.8111 -0.1998
vn -0.6817 0.7286 -0.0662
vn -0.9661 0.0237 -0.2572
vn -0.5168 0.8261 -0.2246
vn -0.5513 0.7879 -0.2742
vn -0.6436 0.3481 -0.6816
vn -0.9478 -0.0186 -0.3184
vn -0.7030 0.7107 -0.0273
vn -0.3362 0.9269 0.1670
vn -0.7188 0.6953 -0.0012
vn -0.9998 0.0181 -0.0126
vn -0.3065 0.9405 0.1464
vn -0.9979 0.0216 0.0610
vn -0.6947 0.7175 0.0506
vn 0.4139 0.8371 0.3577
vn -0.2896 0.9512 0.1069
vn -0.2923 0.9544 0.0602
vn -0.2403 0.9695 0.0479
vn 0.4609 0.8579 0.2269
vn 0.4820 0.8735 0.0679
vn 0.5252 0.8508 -0.0169
vn 0.9994 0.0287 -0.0175
vn 0.8689 -0.1155 0.4814
vn 0.9975 -0.0193 0.0675
vn 0.7198 -0.6927 0.0462
vn 0.9735 -0.0291 0.2270
vn 0.9319 -0.0596 0.3579
vn 0.6818 -0.7291 0.0603
vn 0.2740 -0.9604 0.0502
vn 0.6795 -0.7259 0.1070
vn 0.6615 -0.7355 0.1466
vn 0.6343 -0.7548 0.1668
vn 0.2430 -0.9700 -0.0012
vn 0.2642 -0.9641 -0.0273
vn 0.2901 -0.9547 -0.0664
vn -0.4823 -0.8759 -0.0128
vn -0.4780 -0.8763 0.0608
vn -0.5013 -0.8525 -0.1478
vn -0.9889 -0.0087 -0.1482
vn -0.4614 -0.8491 -0.2570
vn -0.4042 -0.8308 -0.3826
vn -0.9217 0.0652 -0.3825
vn -0.3057 -0.7851 -0.5387
vn 0.3324 -0.9351 -0.1230
vn -0.1818 -0.7189 -0.6709
vn 0.3763 -0.9109 -0.1692
vn 0.1124 -0.7530 -0.6483
vn -0.0670 -0.6533 -0.7541
vn -0.5992 0.2690 -0.7540
vn 0.4271 -0.8818 -0.2000
vn 0.0059 -0.5934 -0.8049
vn -0.5109 0.3026 -0.8046
vn -0.5230 0.2805 -0.8049
vn 0.4565 -0.8608 -0.2248
vn 0.1160 -0.7677 -0.6302
vn -0.0198 -0.5921 -0.8057
vn 0.4060 -0.8714 -0.2752
vn -0.0206 -0.7311 -0.6819
vn 0.0516 -0.7817 0.6215
vn -0.1708 -0.7007 0.6927
vn 0.4814 -0.7466 0.4592
vn 0.4442 -0.5602 0.6992
vn -0.4786 -0.8094 -0.3403
vn -0.5724 -0.3307 -0.7504
vn 0.6824 -0.4865 0.5456
vn 0.6445 -0.4252 0.6355
vn -0.1741 -0.6655 -0.7258
vn 0.6695 -0.1776 0.7213
vn 0.6462 0.3726 0.6660
vn 0.3467 -0.5902 0.7290
vn 0.0104 -0.9433 -0.3318
vn 0.4732 -0.8182 -0.3265
vn -0.2119 -0.8128 -0.5426
vn -0.7314 -0.4226 -0.5352
vn 0.3317 -0.5746 -0.7482
vn 0.8118 -0.4805 -0.3318
vn 0.4224 -0.7318 -0.5348
vn 0.6633 -0.1817 -0.7260
vn 0.9403 0.0093 -0.3401
vn -0.1357 -0.5221 -0.8420
vn 0.2594 -0.4486 -0.8553
vn 0.8102 -0.2226 -0.5423
vn -0.2516 -0.9639 0.0873
vn 0.4964 -0.8634 0.0900
vn -0.1741 -0.6678 0.7237
vn 0.3385 -0.5869 0.7355
vn 0.4986 -0.8654 -0.0500
vn 0.5205 -0.1435 -0.8417
vn 0.6652 -0.1830 0.7239
vn 0.9604 -0.2650 0.0864
vn 0.5834 0.3365 0.7392
vn 0.3325 0.9407 -0.0674
vn 0.8620 0.4987 0.0912
vn 0.1739 0.6670 0.7245
vn 0.4438 0.2563 -0.8587
vn -0.3387 0.5865 0.7357
vn -0.4996 0.8648 -0.0503
vn 0.2510 0.9641 0.0866
vn -0.5835 -0.3365 0.7391
vn 0.1359 0.5217 -0.8423
vn -0.6653 0.1834 0.7237
vn -0.8619 -0.4987 0.0919
vn -0.4971 0.8629 0.0905
vn -0.9601 0.2657 0.0870
vn -0.4438 -0.2553 -0.8590
vn -0.2587 0.4484 -0.8556
vn -0.8100 0.2232 -0.5423
vn 0.2122 0.8129 -0.5424
vn -0.4217 0.7322 -0.5348
vn -0.6632 0.1820 -0.7260
vn 0.7319 0.4233 -0.5340
vn -0.9404 -0.0096 -0.3399
vn -0.8196 -0.4733 -0.3229
vn -0.6107 -0.3529 0.7089
vn 0.5713 0.3303 -0.7514
vn -0.6922 0.2023 0.6928
vn -0.4473 0.6885 0.5710
vn -0.8119 0.4804 -0.3318
vn -0.4045 0.7911 0.4589
vn -0.2620 0.6646 0.6998
vn -0.3311 0.5746 -0.7485
vn -0.3375 0.5950 0.7294
vn -0.4728 0.8185 -0.3264
vn 0.1743 0.6654 -0.7258
vn -0.0103 0.9434 -0.3314
vn 0.4787 0.8096 -0.3396
vn 0.1812 0.6680 0.7218
vn 0.8198 0.4728 -0.3232
vn -0.0774 0.8334 0.5472
vn 0.5918 0.3417 0.7301
vn -0.0000 -0.6832 0.7302
vn -0.1333 -0.6696 0.7307
vn -0.2617 -0.6318 -0.7296
vn 0.1418 0.7138 0.6859
vn -0.0000 0.7278 0.6858
vn -0.2613 -0.6306 0.7308
vn 0.1419 0.7140 -0.6856
vn -0.0000 0.7286 -0.6849
vn -0.0000 -0.6836 -0.7298
vn -0.1336 -0.6711 -0.7292
vn 0.2786 0.6730 0.6851
vn 0.2785 0.6728 -0.6854
vn 0.4043 0.6054 -0.6856
vn -0.3802 -0.5685 -0.7296
vn 0.4044 0.6051 0.6858
vn -0.3795 -0.5679 0.7304
vn 0.5148 0.5147 -0.6857
vn 0.5148 0.5147 0.6857
vn 0.6053 0.4043 -0.6857
vn -0.5687 -0.3805 -0.7293
vn -0.6316 -0.2617 -0.7298
vn -0.4835 -0.4832 0.7299
vn -0.4837 -0.4836 -0.7295
vn 0.6045 0.4041 0.6865
vn 0.6728 0.2787 -0.6853
vn -0.5686 -0.3799 0.7296
vn -0.6310 -0.2616 0.7304
vn 0.6724 0.2784 0.6859
vn -0.6706 -0.1337 0.7297
vn -0.6709 -0.1334 -0.7295
vn -0.6835 -0.0000 -0.7299
vn 0.7137 0.1417 0.6860
vn 0.7139 0.1420 -0.6858
vn -0.6832 -0.0000 0.7302
vn 0.7279 -0.0000 0.6857
vn 0.7282 -0.0000 -0.6853
vn 0.7139 -0.1420 -0.6858
vn -0.6709 0.1335 -0.7295
vn -0.6316 0.2616 -0.7298
vn 0.7137 -0.1417 0.6860
vn -0.6706 0.1337 0.7297
vn 0.6728 -0.2787 -0.6853
vn -0.6310 0.2614 0.7304
vn 0.6724 -0.2786 0.6858
vn 0.6051 -0.4043 -0.6858
vn -0.5688 0.3800 -0.7295
vn 0.6049 -0.4045 0.6860
vn -0.4834 0.4833 -0.7299
vn -0.5687 0.3796 0.7297
vn -0.4831 0.4831 0.7303
vn 0.5150 -0.5148 0.6854
vn 0.5149 -0.5148 -0.6855
vn 0.4044 -0.6050 -0.6858
vn -0.3801 0.5689 -0.7293
vn -0.2615 0.6317 -0.7298
vn 0.4045 -0.6050 0.6858
vn -0.3794 0.5682 0.7302
vn 0.2786 -0.6727 -0.6854
vn -0.2613 0.6314 0.7301
vn 0.2786 -0.6724 0.6857
vn 0.1419 -0.7139 -0.6857
vn -0.1334 0.6708 -0.7295
vn -0.0000 0.6836 -0.7298
vn 0.1419 -0.7134 0.6863
vn -0.1332 0.6708 0.7296
vn -0.0000 0.6831 0.7303
vn -0.0000 -0.7280 0.6856
vn -0.0000 -0.7281 -0.6854
vn 0.1332 0.6708 0.7296
vn 0.1334 0.6708 -0.7295
vn -0.1420 -0.7139 -0.6857
vn -0.1420 -0.7134 0.6863
vn 0.2613 0.6315 0.7300
vn 0.2615 0.6316 -0.7298
vn -0.2787 -0.6724 0.6857
vn -0.2787 -0.6727 -0.6854
vn 0.3794 0.5683 0.7301
vn -0.4045 -0.6051 0.6857
vn 0.4831 0.4831 0.7302
vn 0.4833 0.4831 -0.7301
vn -0.4043 -0.6050 -0.6859
vn 0.3800 0.5689 -0.7294
vn 0.5689 0.3798 0.7295
vn 0.5687 0.3800 -0.7295
vn -0.5150 -0.5148 0.6854
vn -0.6049 -0.4046 0.6858
vn 0.6310 0.2611 0.7305
vn 0.6316 0.2616 -0.7298
vn -0.5148 -0.5148 -0.6855
vn -0.6050 -0.4043 -0.6859
vn -0.6727 -0.2787 -0.6854
vn -0.6724 -0.2788 0.6856
vn -0.7139 -0.1420 -0.6857
vn -0.7135 -0.1417 0.6862
vn 0.6706 0.1336 0.7297
vn 0.6709 0.1333 -0.7295
vn -0.7281 -0.0000 -0.6854
vn 0.6832 0.0003 0.7302
vn 0.6836 -0.0000 -0.7298
vn -0.7281 0.0002 0.6855
vn -0.7139 0.1420 -0.6857
vn 0.6709 -0.1333 -0.7295
vn -0.7136 0.1417 0.6861
vn 0.6707 -0.1336 0.7296
vn -0.6727 0.2787 -0.6854
vn 0.6316 -0.2617 -0.7298
vn 0.6308 -0.2614 0.7306
vn -0.6725 0.2786 0.6857
vn -0.6050 0.4043 -0.6859
vn 0.5687 -0.3803 -0.7294
vn -0.6050 0.4043 0.6859
vn 0.4834 -0.4833 -0.7299
vn 0.5685 -0.3801 0.7296
vn -0.5149 0.5150 -0.6853
vn 0.4833 -0.4837 0.7297
vn -0.5147 0.5144 0.6859
vn -0.4044 0.6051 -0.6858
vn 0.3800 -0.5687 -0.7295
vn -0.4041 0.6049 0.6861
vn 0.3798 -0.5682 0.7300
vn 0.2615 -0.6306 0.7307
vn 0.2616 -0.6313 -0.7301
vn -0.2787 0.6731 0.6851
vn -0.2788 0.6729 -0.6852
vn -0.1419 0.7141 -0.6855
vn 0.1337 -0.6710 -0.7293
vn -0.1419 0.7138 0.6859
vn 0.1333 -0.6696 0.7307
vn -0.1866 -0.4625 -0.8667
vn 0.1792 -0.4490 -0.8754
vn 0.2259 -0.5516 -0.8030
vn 0.4341 -0.4325 -0.7903
vn 0.0366 0.0560 -0.9978
vn -0.0250 0.0358 -0.9990
vn -0.1130 0.7503 -0.6514
vn -0.4273 0.6381 -0.6405
vn -0.1712 0.9833 0.0616
vn -0.1029 0.6673 0.7376
vn -0.5549 0.8297 0.0612
vn -0.1128 0.7079 0.6973
vn -0.0000 0.7396 0.6731
vn -0.3764 0.5628 0.7359
vn -0.3959 0.5912 0.7026
vn -0.5141 0.3434 0.7860
vn -0.6003 0.3902 0.6982
vn -0.5772 0.3594 0.7333
vn -0.6382 0.4264 -0.6410
vn -0.8334 0.5486 0.0668
vn -0.6054 0.2552 0.7539
vn -0.7069 0.1342 0.6945
vn -0.6059 0.1203 0.7864
vn -0.0368 0.0245 -0.9990
vn -0.7528 0.1497 -0.6410
vn 0.5755 -0.2147 -0.7891
vn -0.0450 0.0107 -0.9989
vn 0.6238 0.0002 -0.7816
vn 0.4626 0.1866 -0.8667
vn -0.9777 0.1975 0.0707
vn -0.7528 -0.1497 -0.6410
vn -0.0450 -0.0107 -0.9989
vn 0.5833 0.2313 -0.7786
vn 0.4342 0.4326 -0.7902
vn -0.0369 -0.0246 -0.9990
vn -0.6382 -0.4265 -0.6409
vn 0.2406 0.5597 -0.7930
vn -0.0246 -0.0370 -0.9990
vn -0.4265 -0.6382 -0.6409
vn 0.0003 0.6237 -0.7817
vn -0.1888 0.4542 -0.8706
vn -0.0108 -0.0449 -0.9989
vn -0.1497 -0.7528 -0.6410
vn -0.2145 0.5754 -0.7892
vn 0.0108 -0.0449 -0.9989
vn 0.1497 -0.7528 -0.6410
vn -0.4327 0.4341 -0.7902
vn 0.0245 -0.0370 -0.9990
vn 0.4264 -0.6383 -0.6409
vn -0.5521 0.2247 -0.8029
vn 0.0366 -0.0244 -0.9990
vn 0.6383 -0.4266 -0.6408
vn -0.6239 -0.0002 -0.7815
vn -0.4575 -0.1773 -0.8714
vn 0.0454 -0.0107 -0.9989
vn 0.7528 -0.1497 -0.6410
vn -0.5599 -0.2414 -0.7926
vn 0.0454 0.0107 -0.9989
vn 0.7528 0.1497 -0.6409
vn -0.4327 -0.4345 -0.7899
vn 0.0365 0.0242 -0.9990
vn -0.2328 -0.5825 -0.7788
vn -0.0003 -0.6102 -0.7923
vn 0.0249 0.0357 -0.9991
vn -0.0366 0.0560 -0.9978
vn -0.0000 -0.0060 -1.0000
vn -0.0000 0.7470 -0.6648
vn 0.6383 0.4265 -0.6408
vn 0.1130 0.7503 -0.6514
vn -0.0000 0.9987 0.0503
vn 0.4272 0.6382 -0.6405
vn 0.1712 0.9833 0.0616
vn 0.5549 0.8297 0.0613
vn 0.8298 0.5548 0.0603
vn 0.1029 0.6673 0.7376
vn -0.0000 0.6633 0.7484
vn 0.3764 0.5628 0.7359
vn 0.9779 0.1992 0.0633
vn 0.5653 0.3668 0.7389
vn 0.1127 0.7079 0.6972
vn 0.3449 0.5139 0.7855
vn 0.3959 0.5913 0.7026
vn 0.6003 0.3902 0.6981
vn 0.5139 0.3433 0.7861
vn 0.5881 0.2300 0.7754
vn 0.7049 0.1407 0.6952
vn 0.6537 0.1436 0.7430
vn 0.9778 -0.1975 0.0702
vn 0.6294 -0.0214 0.7768
vn 0.7069 -0.1341 0.6945
vn 0.6064 -0.1205 0.7860
vn 0.6649 -0.1412 0.7335
vn 0.8337 -0.5483 0.0648
vn 0.6060 -0.2547 0.7536
vn 0.6017 -0.3943 0.6945
vn 0.5622 -0.3703 0.7395
vn 0.5580 -0.8274 0.0635
vn 0.4303 -0.4603 0.7765
vn 0.4052 -0.5946 0.6944
vn 0.3775 -0.5574 0.7395
vn 0.1990 -0.9779 0.0637
vn 0.2207 -0.5894 0.7771
vn 0.1408 -0.7065 0.6936
vn 0.1206 -0.6065 0.7859
vn 0.1453 -0.6617 0.7356
vn -0.1977 -0.9777 0.0706
vn -0.0147 -0.6304 0.7761
vn -0.1470 -0.7044 0.6944
vn -0.1207 -0.6065 0.7859
vn -0.1246 -0.6679 0.7337
vn -0.5481 -0.8339 0.0647
vn -0.2484 -0.6083 0.7538
vn -0.4051 -0.5946 0.6945
vn -0.3431 -0.5138 0.7863
vn -0.3555 -0.5720 0.7392
vn -0.8274 -0.5580 0.0634
vn -0.4557 -0.4345 0.7769
vn -0.5975 -0.3992 0.6954
vn -0.5141 -0.3435 0.7860
vn -0.5490 -0.3825 0.7432
vn -0.9779 -0.1989 0.0637
vn -0.5894 -0.2207 0.7771
vn -0.7043 -0.1466 0.6945
vn -0.6593 -0.1359 0.7395
vn -0.6292 0.0213 0.7769
vn -0.6648 0.1412 0.7336
vn -0.2420 0.8392 0.4869
vn 0.3385 0.1952 0.9205
vn -0.2813 0.7944 0.5383
vn -0.4073 0.7215 0.5600
vn 0.0037 0.0014 1.0000
vn -0.5555 0.6760 -0.4842
vn -0.6031 0.6196 -0.5023
vn -0.3420 -0.1977 -0.9187
vn -0.4545 0.7393 -0.4968
vn -0.5353 0.6439 0.5467
vn -0.3260 0.8228 -0.4655
vn -0.2559 -0.1475 -0.9554
vn -0.6658 0.5745 0.4760
vn -0.0504 -0.0292 -0.9983
vn 0.3076 -0.8191 -0.4842
vn 0.2349 -0.8321 -0.5025
vn 0.6060 -0.6294 0.4864
vn 0.2032 0.1173 -0.9721
vn 0.4127 -0.7632 -0.4972
vn 0.5475 -0.6409 0.5381
vn 0.2286 0.1319 0.9646
vn 0.4214 -0.7138 0.5593
vn 0.5496 -0.6936 -0.4657
vn 0.2901 -0.7857 0.5463
vn -0.2404 -0.1391 0.9606
vn 0.4540 0.2625 -0.8515
vn 0.6728 -0.6242 -0.3971
vn 0.1650 -0.8639 0.4759
vn -0.4745 -0.2743 0.8364
vn -0.2045 0.8947 -0.3971
vn 0.0614 -0.9344 0.3508
vn 0.7470 -0.5797 -0.3255
vn 0.6317 0.3652 -0.6838
vn -0.1295 0.9369 -0.3248
vn -0.0043 -0.9785 0.2060
vn 0.7985 -0.5578 -0.2266
vn 0.7644 0.4415 -0.4698
vn -0.0189 -0.9967 0.0783
vn -0.8565 -0.4940 0.1494
vn 0.8330 -0.5455 -0.0921
vn 0.8489 0.4902 -0.1978
vn -0.0847 0.9704 -0.2262
vn -0.7787 0.5199 0.3513
vn -0.6664 -0.3844 0.6389
vn -0.8495 0.4857 0.2059
vn -0.7965 -0.4592 0.3934
vn -0.0559 0.9942 -0.0923
vn -0.8724 0.4825 0.0782
vn 0.8654 0.4996 -0.0383
vn -0.0185 0.9996 -0.0192
vn -0.8589 0.5120 0.0133
vn 0.8560 -0.5166 -0.0192
vn -0.8684 0.4957 0.0132
vn 0.0029 1.0000 -0.0032
vn 0.8659 0.4998 -0.0201
vn -0.8737 0.4826 0.0612
vn 0.0128 -0.9998 0.0133
vn -0.8658 -0.4996 0.0282
vn -0.8416 0.5091 0.1803
vn -0.8049 -0.4657 0.3677
vn 0.0516 0.9987 -0.0051
vn -0.7236 0.5434 0.4256
vn 0.3677 0.6609 0.6543
vn 0.0847 0.9908 -0.1055
vn 0.8642 0.4991 -0.0639
vn 0.0882 0.9630 -0.2545
vn -0.0239 0.9184 -0.3949
vn 0.3210 0.5558 -0.7669
vn 0.8267 0.4779 -0.2969
vn 0.6251 0.3609 -0.6921
vn 0.3660 0.2113 -0.9063
vn -0.0001 -0.0003 -1.0000
vn 0.6415 -0.0001 -0.7671
vn 0.7820 -0.4824 -0.3946
vn 0.8770 -0.4073 -0.2550
vn 0.1104 -0.8995 0.4227
vn -0.0793 -0.0816 0.9935
vn 0.9006 -0.4216 -0.1054
vn 0.0199 -0.9834 0.1804
vn -0.8422 -0.4870 0.2315
vn 0.8906 -0.4548 -0.0050
vn -0.0182 -0.9980 0.0613
vn -0.8640 -0.4998 0.0604
vn 0.8672 -0.4979 -0.0033
vn -0.0051 -0.9999 0.0132
vn 0.6058 0.6293 0.4868
vn 0.5475 0.6411 0.5379
vn 0.4212 0.7140 0.5593
vn 0.3075 0.8189 -0.4846
vn 0.2349 0.8321 -0.5025
vn -0.3420 0.1977 -0.9187
vn 0.4127 0.7630 -0.4975
vn 0.2901 0.7856 0.5465
vn -0.2405 0.1388 0.9607
vn 0.5495 0.6933 -0.4662
vn -0.2556 0.1480 -0.9554
vn 0.1651 0.8639 0.4758
vn -0.4747 0.2740 0.8364
vn -0.0506 0.0288 -0.9983
vn -0.5556 -0.6756 -0.4846
vn -0.6035 -0.6189 -0.5027
vn -0.2423 -0.8393 0.4866
vn 0.2032 -0.1175 -0.9721
vn -0.4545 -0.7390 -0.4973
vn -0.2814 -0.7946 0.5379
vn 0.2285 -0.1321 0.9645
vn 0.3384 -0.1952 0.9205
vn -0.4076 -0.7218 0.5594
vn 0.0034 -0.0020 1.0000
vn -0.3259 -0.8228 -0.4657
vn -0.5353 -0.6440 0.5466
vn 0.4541 -0.2621 -0.8515
vn -0.2040 -0.8947 -0.3973
vn -0.6657 -0.5748 0.4759
vn 0.6727 0.6241 -0.3974
vn -0.7786 -0.5204 0.3508
vn -0.6665 0.3845 0.6388
vn -0.1286 -0.9367 -0.3255
vn 0.6321 -0.3646 -0.6838
vn 0.7469 0.5799 -0.3254
vn -0.8496 -0.4855 0.2061
vn -0.7962 0.4597 0.3934
vn -0.0842 -0.9704 -0.2264
vn 0.7647 -0.4411 -0.4697
vn -0.8724 -0.4824 0.0783
vn -0.0559 -0.9942 -0.0921
vn 0.8490 -0.4901 -0.1977
vn 0.7983 0.5582 -0.2263
vn 0.0612 0.9343 0.3511
vn -0.0041 0.9785 0.2060
vn 0.8330 0.5455 -0.0922
vn -0.0183 0.9968 0.0782
vn -0.8563 0.4945 0.1493
vn 0.8653 -0.4998 -0.0383
vn 0.8563 0.5161 -0.0192
vn 0.0092 0.9999 0.0128
vn -0.0190 -0.9996 -0.0192
vn -0.0029 0.9999 0.0146
vn -0.8656 0.5005 0.0156
vn 0.8674 0.4976 -0.0031
vn 0.8657 -0.5001 -0.0201
vn -0.0151 0.9981 0.0597
vn 0.8901 0.4557 -0.0049
vn 0.0189 0.9834 0.1802
vn -0.8053 0.4654 0.3674
vn -0.8615 -0.5076 0.0128
vn -0.8656 0.4999 0.0273
vn 0.1101 0.8995 0.4227
vn 0.7293 -0.0000 0.6842
vn -0.8675 -0.4972 0.0146
vn -0.8642 0.4998 0.0583
vn 0.0026 -1.0000 -0.0032
vn -0.8719 -0.4861 0.0595
vn -0.8421 0.4871 0.2316
vn 0.0515 -0.9987 -0.0052
vn -0.8421 -0.5082 0.1806
vn 0.8642 -0.4991 -0.0640
vn 0.0850 -0.9908 -0.1055
vn -0.7236 -0.5434 0.4255
vn 0.3684 -0.6614 0.6533
vn 0.9006 0.4217 -0.1055
vn 0.0881 -0.9630 -0.2547
vn 0.8770 0.4072 -0.2550
vn 0.8270 -0.4775 -0.2970
vn 0.7820 0.4824 -0.3947
vn 0.6249 -0.3613 -0.6921
vn 0.3654 -0.2124 -0.9063
vn 0.3193 -0.5575 -0.7663
vn -0.0244 -0.9183 -0.3952
vn 0.8479 -0.2100 0.4868
vn 0.8287 -0.1536 0.5381
vn 0.8287 -0.0080 0.5596
vn 0.8629 0.1433 -0.4847
vn 0.8377 0.2129 -0.5029
vn -0.0005 0.3949 -0.9187
vn 0.8671 0.0241 -0.4975
vn 0.8253 0.1417 0.5466
vn 0.8754 -0.1292 -0.4659
vn -0.0005 0.2953 -0.9554
vn 0.8307 0.2890 0.4759
vn -0.0003 0.0582 -0.9983
vn -0.8631 0.1431 -0.4844
vn -0.8381 0.2125 -0.5024
vn -0.8480 -0.2099 0.4866
vn -0.0003 -0.2347 -0.9721
vn -0.8673 0.0241 -0.4972
vn -0.8289 -0.1536 0.5379
vn -0.0003 -0.2639 0.9646
vn -0.0003 -0.3906 0.9206
vn -0.8289 -0.0080 0.5593
vn -0.0003 -0.0039 1.0000
vn -0.8755 -0.1292 -0.4656
vn -0.8255 0.1416 0.5463
vn -0.0003 0.2777 0.9607
vn -0.0002 -0.5243 -0.8515
vn -0.8769 -0.2705 -0.3973
vn -0.8309 0.2889 0.4756
vn -0.0004 0.5481 0.8364
vn 0.8768 -0.2706 -0.3975
vn -0.8401 0.4139 0.3507
vn -0.0005 0.7694 0.6388
vn -0.0004 0.9194 0.3933
vn -0.8757 -0.3568 -0.3253
vn -0.0001 -0.7297 -0.6838
vn -0.8827 -0.4120 -0.2263
vn -0.8454 0.4929 0.2059
vn 0.8757 -0.3568 -0.3253
vn -0.8541 0.5142 0.0783
vn 0.8397 0.4143 0.3511
vn 0.8825 -0.4122 -0.2263
vn 0.8452 0.4932 0.2060
vn -0.0003 0.9888 0.1494
vn -0.0003 -0.8828 -0.4697
vn 0.8889 -0.4487 -0.0923
vn 0.8539 0.5145 0.0782
vn -0.8890 -0.4485 -0.0921
vn -0.0003 -0.9803 -0.1977
vn -0.0001 -0.9993 -0.0383
vn 0.8751 -0.4835 -0.0193
vn 0.8702 0.4925 0.0128
vn -0.0001 0.9996 0.0273
vn -0.8752 -0.4834 -0.0192
vn 0.8642 0.5029 0.0147
vn -0.0003 0.9984 0.0562
vn 0.8647 -0.5023 -0.0031
vn -0.0000 -0.9998 -0.0201
vn 0.8565 0.5128 0.0585
vn -0.0003 0.9760 0.2179
vn 0.8386 -0.5448 -0.0057
vn 0.8581 0.4829 0.1745
vn -0.0002 0.9454 0.3259
vn -0.8703 0.4924 0.0129
vn -0.0001 0.9999 0.0157
vn 0.8250 0.3726 0.4249
vn -0.8642 0.5030 0.0146
vn -0.8648 -0.5021 -0.0032
vn -0.8563 0.5132 0.0584
vn -0.8389 -0.5442 -0.0057
vn -0.8578 0.4835 0.1746
vn -0.0000 -0.9979 -0.0651
vn -0.8123 -0.5724 -0.1116
vn -0.8245 0.3730 0.4254
vn -0.3676 -0.6809 0.6335
vn 0.8119 -0.5729 -0.1118
vn -0.8051 -0.5404 -0.2446
vn 0.8050 -0.5403 -0.2449
vn -0.0000 -0.9605 -0.2783
vn 0.8099 -0.4318 -0.3971
vn -0.0000 -0.8648 -0.5021
vn -0.8099 -0.4319 -0.3970
vn -0.3193 -0.5575 -0.7663
vn -0.0000 -0.7067 -0.7075
vn -0.0000 -0.4244 -0.9055
vn -0.8483 0.2099 0.4861
vn -0.0003 0.3909 0.9205
vn -0.8290 0.1536 0.5378
vn -0.8289 0.0079 0.5593
vn -0.0002 0.0042 1.0000
vn -0.8630 -0.1432 -0.4845
vn -0.8377 -0.2127 -0.5029
vn -0.0001 -0.3947 -0.9188
vn -0.8673 -0.0241 -0.4973
vn -0.8254 -0.1416 0.5464
vn -0.8752 0.1293 -0.4661
vn -0.0001 -0.2952 -0.9554
vn -0.8307 -0.2891 0.4758
vn -0.0002 -0.5481 0.8364
vn -0.0000 -0.0581 -0.9983
vn 0.8629 -0.1433 -0.4846
vn 0.8378 -0.2125 -0.5029
vn 0.8481 0.2100 0.4864
vn 0.0001 0.2347 -0.9721
vn 0.8672 -0.0242 -0.4974
vn 0.8289 0.1534 0.5380
vn -0.0002 0.2641 0.9645
vn 0.8287 0.0079 0.5596
vn 0.8754 0.1295 -0.4657
vn 0.8253 -0.1415 0.5466
vn -0.0002 -0.2777 0.9607
vn -0.0003 0.5244 -0.8514
vn 0.8768 0.2707 -0.3975
vn 0.8305 -0.2893 0.4760
vn -0.8769 0.2704 -0.3974
vn 0.8397 -0.4143 0.3511
vn -0.0001 -0.7694 0.6388
vn -0.0003 -0.9194 0.3934
vn 0.8756 0.3570 -0.3254
vn -0.0006 0.7297 -0.6838
vn 0.8826 0.4121 -0.2264
vn 0.8451 -0.4933 0.2062
vn -0.0003 -0.9888 0.1494
vn -0.8759 0.3565 -0.3250
vn 0.8537 -0.5148 0.0783
vn -0.8397 -0.4142 0.3511
vn -0.8827 0.4118 -0.2262
vn -0.8452 -0.4930 0.2061
vn -0.0005 0.8828 -0.4698
vn -0.8890 0.4485 -0.0921
vn -0.8539 -0.5146 0.0784
vn 0.8889 0.4487 -0.0923
vn -0.0003 0.9803 -0.1977
vn -0.0001 0.9993 -0.0383
vn -0.8751 0.4835 -0.0191
vn -0.8703 -0.4923 0.0129
vn -0.0001 -0.9996 0.0272
vn 0.8751 0.4836 -0.0193
vn -0.8644 -0.5026 0.0147
vn -0.8645 0.5026 -0.0032
vn -0.0000 0.9998 -0.0201
vn -0.8563 -0.5131 0.0585
vn -0.8391 0.5440 -0.0051
vn -0.8577 -0.4837 0.1746
vn 0.8702 -0.4925 0.0128
vn -0.0001 -0.9999 0.0159
vn -0.8256 -0.3715 0.4246
vn -0.3674 0.6606 0.6547
vn 0.8644 -0.5025 0.0148
vn -0.0003 -0.9984 0.0564
vn 0.8644 0.5028 -0.0031
vn 0.8566 -0.5127 0.0586
vn -0.0002 -0.9760 0.2176
vn 0.8387 0.5445 -0.0051
vn 0.8580 -0.4832 0.1742
vn -0.0001 -0.9452 0.3265
vn -0.0000 0.9980 -0.0639
vn 0.8151 0.5696 -0.1059
vn 0.8257 -0.3719 0.4243
vn -0.0000 -0.2092 0.9779
vn -0.8152 0.5694 -0.1056
vn 0.7916 0.5552 -0.2552
vn -0.7916 0.5552 -0.2551
vn -0.0000 0.9548 -0.2971
vn -0.8098 0.4347 -0.3941
vn -0.0000 0.7220 -0.6919
vn -0.0000 0.4228 -0.9062
vn 0.8098 0.4347 -0.3941
vn -0.6061 -0.6289 0.4870
vn -0.2281 0.1323 0.9646
vn -0.5475 -0.6411 0.5378
vn -0.4215 -0.7140 0.5591
vn -0.3075 -0.8192 -0.4842
vn -0.2354 -0.8321 -0.5021
vn 0.3419 -0.1977 -0.9187
vn -0.4127 -0.7630 -0.4975
vn -0.2900 -0.7856 0.5466
vn 0.2403 -0.1392 0.9607
vn -0.5499 -0.6936 -0.4654
vn 0.2560 -0.1475 -0.9553
vn -0.1650 -0.8640 0.4758
vn 0.4748 -0.2743 0.8363
vn 0.0508 -0.0283 -0.9983
vn 0.5557 0.6760 -0.4840
vn 0.6033 0.6190 -0.5028
vn 0.2429 0.8396 0.4858
vn -0.2033 0.1182 -0.9720
vn 0.4547 0.7397 -0.4962
vn 0.2818 0.7948 0.5375
vn -0.3379 0.1961 0.9205
vn 0.4073 0.7218 0.5596
vn -0.0038 0.0016 1.0000
vn 0.3261 0.8230 -0.4651
vn 0.5353 0.6438 0.5468
vn -0.4539 0.2623 -0.8516
vn 0.2046 0.8948 -0.3968
vn 0.6659 0.5746 0.4759
vn -0.6726 -0.6246 -0.3968
vn 0.7786 0.5203 0.3509
vn 0.6664 -0.3843 0.6389
vn 0.1287 0.9368 -0.3254
vn -0.6321 0.3642 -0.6839
vn -0.7468 -0.5801 -0.3252
vn 0.8495 0.4857 0.2060
vn 0.7965 -0.4592 0.3934
vn 0.0842 0.9704 -0.2265
vn -0.7645 0.4413 -0.4698
vn 0.8723 0.4827 0.0782
vn 0.8565 -0.4941 0.1494
vn 0.0557 0.9942 -0.0923
vn -0.8488 0.4903 -0.1977
vn -0.7982 -0.5582 -0.2263
vn -0.0613 -0.9344 0.3510
vn 0.0047 -0.9785 0.2062
vn -0.8329 -0.5457 -0.0922
vn 0.0193 -0.9967 0.0783
vn -0.8653 0.4998 -0.0383
vn -0.8561 -0.5165 -0.0193
vn -0.0084 -0.9999 0.0129
vn 0.0183 0.9996 -0.0192
vn 0.0027 -0.9999 0.0145
vn 0.8654 -0.5008 0.0156
vn -0.8675 -0.4974 -0.0032
vn -0.8660 0.4996 -0.0201
vn 0.0144 -0.9981 0.0596
vn -0.8909 -0.4541 -0.0056
vn -0.0198 -0.9834 0.1802
vn 0.8045 -0.4662 0.3679
vn 0.8614 0.5078 0.0129
vn 0.8655 -0.5001 0.0274
vn -0.1108 -0.8997 0.4223
vn 0.8676 0.4970 0.0146
vn 0.8641 -0.5000 0.0582
vn -0.0034 1.0000 -0.0033
vn 0.8719 0.4861 0.0592
vn 0.8422 -0.4869 0.2316
vn -0.0528 0.9986 -0.0060
vn 0.8414 0.5094 0.1803
vn -0.8643 0.4988 -0.0652
vn -0.0901 0.9896 -0.1117
vn 0.7234 0.5432 0.4261
vn -0.9022 -0.4166 -0.1119
vn -0.0681 0.9674 -0.2438
vn -0.8707 -0.4265 -0.2449
vn -0.8316 0.4805 -0.2784
vn -0.7793 -0.4845 -0.3975
vn -0.7487 0.4332 -0.5018
vn 0.0280 0.9171 -0.3977
vn -0.3228 0.5550 -0.7667
vn -0.6125 0.3529 -0.7073
vn -0.3677 0.2121 -0.9054
vn -0.2285 -0.1321 0.9645
vn 0.2424 -0.8393 0.4866
vn 0.2815 -0.7946 0.5379
vn 0.4076 -0.7218 0.5594
vn 0.5557 -0.6756 -0.4846
vn 0.6035 -0.6187 -0.5030
vn 0.3421 0.1978 -0.9186
vn 0.4544 -0.7390 -0.4974
vn 0.5352 -0.6437 0.5470
vn 0.3256 -0.8226 -0.4662
vn 0.2557 0.1478 -0.9554
vn 0.6657 -0.5747 0.4760
vn 0.0505 0.0290 -0.9983
vn -0.3074 0.8190 -0.4845
vn -0.2345 0.8320 -0.5028
vn -0.6058 0.6294 0.4867
vn -0.2036 -0.1171 -0.9720
vn -0.4127 0.7631 -0.4974
vn -0.5475 0.6410 0.5379
vn -0.3384 -0.1952 0.9205
vn -0.4212 0.7139 0.5593
vn -0.0036 -0.0018 1.0000
vn -0.5495 0.6936 -0.4657
vn -0.2900 0.7856 0.5466
vn 0.2403 0.1392 0.9607
vn -0.4543 -0.2619 -0.8515
vn -0.6729 0.6240 -0.3972
vn -0.1653 0.8640 0.4756
vn 0.4745 0.2744 0.8364
vn 0.2042 -0.8947 -0.3972
vn -0.0617 0.9345 0.3506
vn -0.7470 0.5797 -0.3256
vn -0.6319 -0.3648 -0.6838
vn 0.1288 -0.9367 -0.3255
vn 0.0041 0.9785 0.2060
vn -0.7982 0.5582 -0.2264
vn -0.7646 -0.4412 -0.4697
vn 0.0186 0.9968 0.0782
vn -0.8330 0.5456 -0.0922
vn -0.8490 -0.4901 -0.1976
vn 0.0842 -0.9704 -0.2264
vn 0.7786 -0.5202 0.3510
vn 0.6660 0.3850 0.6389
vn 0.8497 -0.4854 0.2061
vn 0.7961 0.4599 0.3934
vn 0.0559 -0.9942 -0.0921
vn 0.8725 -0.4824 0.0782
vn 0.8562 0.4946 0.1493
vn -0.8653 -0.4998 -0.0384
vn 0.0186 -0.9996 -0.0192
vn 0.8593 -0.5113 0.0133
vn -0.8562 0.5163 -0.0193
vn 0.8683 -0.4959 0.0133
vn 0.8640 0.5000 0.0603
vn -0.0032 -1.0000 -0.0032
vn -0.8658 -0.5001 -0.0201
vn 0.8735 -0.4830 0.0610
vn 0.8422 0.4871 0.2309
vn -0.0129 0.9998 0.0132
vn 0.8656 0.4999 0.0282
vn 0.8418 -0.5088 0.1802
vn -0.0517 -0.9986 -0.0052
vn 0.7234 -0.5434 0.4259
vn -0.0855 -0.9907 -0.1057
vn -0.8642 -0.4991 -0.0639
vn -0.0878 -0.9631 -0.2546
vn 0.0250 -0.9183 -0.3951
vn -0.8270 -0.4773 -0.2971
vn -0.6251 -0.3610 -0.6921
vn -0.3653 -0.2124 -0.9063
vn -0.6418 0.0019 -0.7668
vn -0.7819 0.4826 -0.3947
vn -0.8769 0.4073 -0.2551
vn -0.1107 0.8997 0.4223
vn 0.0461 0.0832 0.9955
vn 0.8046 0.4655 0.3686
vn -0.9007 0.4214 -0.1057
vn -0.0198 0.9835 0.1798
vn -0.8904 0.4551 -0.0050
vn 0.0183 0.9980 0.0613
vn -0.8674 0.4977 -0.0032
vn 0.0047 0.9999 0.0133
vn 0.0799 -0.8675 0.4911
vn 0.0801 -0.8671 -0.4916
vn -0.0821 -0.9966 -0.0000
vn -0.5386 -0.8424 0.0175
vn -0.4715 -0.8735 0.1207
vn 0.9448 -0.2682 0.1880
vn 0.1513 -0.9881 -0.0293
vn -0.3619 -0.9201 -0.1501
vn 0.9447 -0.2676 -0.1893
vn 0.1514 -0.9881 0.0285
vn -0.4531 -0.8719 -0.1860
vn -0.1658 -0.8718 0.4610
vn -0.4883 -0.8309 0.2668
vn -0.3630 -0.8952 0.2585
vn -0.1745 -0.4964 0.8504
vn 0.0653 -0.7501 0.6581
vn 0.0819 -0.8755 0.4763
vn -0.2702 -0.6890 0.6725
vn -0.3303 -0.1577 0.9306
vn -0.5681 -0.6346 0.5240
vn -0.5920 -0.5174 0.6179
vn 0.6861 0.1782 0.7053
vn -0.0688 -0.6084 0.7906
vn -0.6212 -0.5763 0.5310
vn -0.7772 -0.4286 0.4607
vn -0.4931 -0.2841 0.8223
vn -0.5620 0.2446 0.7901
vn -0.7919 -0.3152 0.5231
vn 0.4980 0.5046 0.7053
vn -0.3017 -0.2077 0.9305
vn -0.8757 -0.1307 0.4648
vn -0.8660 -0.5000 -0.0005
vn -0.8392 -0.1583 0.5203
vn -0.6993 0.0712 0.7112
vn -0.7165 0.4813 0.5049
vn -0.9170 0.1449 0.3716
vn -0.6303 0.4042 0.6629
vn -0.5169 0.0961 0.8506
vn -0.9446 0.0780 0.3190
vn -0.9814 0.0455 0.1863
vn -0.8376 0.2927 0.4612
vn -0.7807 0.6242 -0.0303
vn -0.9773 0.1481 0.1514
vn -0.7117 0.5006 0.4929
vn -0.9988 -0.0450 -0.0177
vn 0.2390 0.9527 0.1877
vn -0.9026 0.4304 -0.0003
vn -0.7111 0.5005 -0.4938
vn -0.9921 0.0294 -0.1223
vn -0.7806 0.6244 0.0293
vn -0.9638 -0.0068 -0.2667
vn -0.9571 0.1323 -0.2577
vn 0.2430 0.8942 -0.3760
vn -0.8380 0.2930 -0.4603
vn -0.5173 0.0975 -0.8502
vn 0.4735 0.7693 -0.4289
vn -0.6214 0.4291 -0.6555
vn -0.7187 0.5079 -0.4749
vn -0.8094 -0.2494 -0.5317
vn -0.7325 0.1109 -0.6716
vn -0.8337 -0.1740 -0.5242
vn -0.3024 -0.2089 -0.9300
vn -0.7436 -0.2546 -0.6183
vn 0.4984 0.5039 -0.7055
vn -0.5597 0.2430 -0.7923
vn -0.5523 -0.6928 -0.4636
vn -0.7596 -0.4591 -0.4607
vn 0.5703 0.3289 -0.7527
vn -0.4939 -0.2846 -0.8216
vn -0.0689 -0.6056 -0.7928
vn -0.6710 -0.5277 -0.5209
vn 0.6858 0.1784 -0.7056
vn -0.3303 -0.1577 -0.9306
vn -0.5581 -0.6480 -0.5184
vn -0.4060 -0.8564 -0.3190
vn -0.3345 -0.8663 -0.3711
vn -0.2888 -0.6411 -0.7111
vn 0.7582 0.0017 -0.6520
vn 0.0593 -0.8608 -0.5055
vn 0.9038 0.0277 -0.4271
vn 0.0392 -0.7452 -0.6657
vn -0.1735 -0.4974 -0.8500
vn 0.8957 -0.2366 -0.3764
vn -0.1657 -0.8722 -0.4602
vn -0.7102 -0.5053 0.4902
vn -0.7102 -0.5051 -0.4904
vn -0.9054 -0.4246 0.0008
vn -0.9946 -0.1019 -0.0177
vn -0.9732 -0.1445 0.1790
vn -0.7812 -0.6235 -0.0315
vn -0.9778 -0.1462 -0.1502
vn -0.7818 -0.6229 0.0297
vn -0.9927 -0.0657 0.1015
vn -0.9745 -0.0524 -0.2183
vn -0.9458 -0.0722 -0.3166
vn 0.2399 -0.9520 -0.1900
vn 0.2428 -0.8944 -0.3757
vn -0.8381 -0.2937 -0.4598
vn -0.5170 -0.0981 -0.8503
vn -0.6310 -0.4044 -0.6620
vn -0.9192 -0.1399 -0.3682
vn -0.7149 -0.4829 -0.5056
vn -0.8856 0.1017 -0.4531
vn -0.6992 -0.0720 -0.7113
vn -0.8420 0.1637 -0.5141
vn -0.3013 0.2058 -0.9311
vn -0.7588 0.2288 -0.6098
vn -0.5598 -0.2424 -0.7924
vn -0.8617 0.5074 0.0058
vn -0.7383 0.3674 -0.5656
vn -0.6897 0.4157 -0.5929
vn 0.5700 -0.3297 -0.7526
vn -0.4948 0.2859 -0.8206
vn -0.0697 0.6053 -0.7929
vn -0.6526 0.5566 -0.5140
vn -0.3312 0.1554 -0.9307
vn -0.6815 0.5909 -0.4316
vn 0.6854 -0.1794 -0.7057
vn -0.2695 0.6892 -0.6726
vn -0.5131 0.8125 -0.2768
vn 0.0843 0.8761 -0.4748
vn 0.9038 -0.0270 -0.4271
vn 0.0665 0.7502 -0.6578
vn -0.1744 0.4956 -0.8509
vn 0.8953 0.2380 -0.3766
vn -0.3591 0.8965 -0.2595
vn -0.1664 0.8711 -0.4621
vn 0.1498 0.9883 0.0285
vn -0.4701 0.8744 -0.1200
vn 0.0805 0.8673 -0.4913
vn -0.5387 0.8423 -0.0170
vn -0.4520 0.8723 0.1864
vn 0.9443 0.2695 -0.1888
vn -0.0810 0.9967 -0.0003
vn 0.0803 0.8678 0.4904
vn -0.3627 0.9199 0.1490
vn 0.1497 0.9883 -0.0293
vn -0.4048 0.8569 0.3191
vn -0.5507 0.6935 0.4644
vn 0.8947 0.2382 0.3778
vn -0.1669 0.8712 0.4617
vn -0.1754 0.4955 0.8507
vn 0.0397 0.7454 0.6654
vn -0.3330 0.8668 0.3711
vn 0.0604 0.8610 0.5050
vn 0.7584 -0.0020 0.6518
vn -0.5573 0.6474 0.5200
vn -0.2883 0.6413 0.7111
vn -0.3302 0.1569 0.9308
vn -0.6698 0.5278 0.5223
vn -0.0682 0.6085 0.7906
vn -0.7589 0.4594 0.4615
vn -0.8266 0.2340 0.5118
vn 0.6862 -0.1781 0.7053
vn -0.4932 0.2850 0.8219
vn -0.5618 -0.2453 0.7900
vn 0.4967 -0.5066 0.7048
vn -0.7406 0.2510 0.6234
vn -0.3011 0.2058 0.9311
vn -0.8497 0.1312 0.5108
vn -0.9645 0.0562 0.2580
vn -0.9515 -0.0515 0.3034
vn -0.6990 -0.0720 0.7115
vn 0.3822 -0.6553 0.6515
vn -0.7147 -0.4825 0.5064
vn -0.6302 -0.4044 0.6628
vn -0.5159 -0.0979 0.8510
vn 0.2426 -0.8941 0.3765
vn -0.8374 -0.2952 0.4599
vn -0.9463 0.3232 -0.0002
vn -0.0815 0.8671 0.4914
vn -0.0816 0.8668 -0.4920
vn 0.0822 0.9966 -0.0000
vn 0.5381 0.8427 0.0177
vn 0.4706 0.8739 0.1216
vn -0.1514 0.9880 -0.0306
vn 0.3596 0.9208 -0.1509
vn -0.1516 0.9880 0.0299
vn -0.8960 0.2354 0.3764
vn -0.9443 0.2703 0.1879
vn 0.4516 0.8727 -0.1856
vn 0.1636 0.8722 0.4609
vn 0.4884 0.8308 0.2668
vn 0.3650 0.8949 0.2569
vn 0.1749 0.4947 0.8513
vn -0.9045 -0.0301 0.4255
vn -0.0688 0.7474 0.6609
vn -0.0838 0.8757 0.4756
vn -0.7583 -0.0016 0.6519
vn 0.2696 0.6903 0.6714
vn 0.3296 0.1570 0.9310
vn 0.5678 0.6348 0.5240
vn 0.5918 0.5170 0.6184
vn 0.0686 0.6086 0.7905
vn 0.6212 0.5763 0.5310
vn -0.5694 -0.3290 0.7534
vn 0.7772 0.4285 0.4608
vn 0.4929 0.2848 0.8221
vn 0.5611 -0.2457 0.7904
vn 0.7917 0.3154 0.5232
vn 0.3014 0.2079 0.9306
vn 0.8765 0.1309 0.4632
vn 0.8648 0.5021 -0.0058
vn 0.8391 0.1582 0.5204
vn -0.4963 -0.5062 0.7053
vn 0.6996 -0.0698 0.7111
vn 0.7158 -0.4824 0.5050
vn -0.4750 -0.7689 0.4279
vn 0.9176 -0.1438 0.3705
vn 0.6292 -0.4051 0.6633
vn 0.5171 -0.0969 0.8504
vn 0.9454 -0.0756 0.3170
vn 0.9746 -0.0549 0.2173
vn 0.8375 -0.2932 0.4612
vn 0.7808 -0.6241 -0.0298
vn 0.9779 -0.1465 0.1495
vn -0.2386 -0.9528 0.1876
vn 0.7130 -0.5011 0.4904
vn 0.9947 -0.1017 0.0173
vn 0.9928 -0.0644 -0.1013
vn -0.1912 -0.9816 -0.0006
vn 0.9049 -0.4255 -0.0003
vn 0.7126 -0.5009 -0.4912
vn 0.9735 -0.1434 -0.1782
vn 0.7800 -0.6251 0.0298
vn 0.9645 0.0561 -0.2580
vn 0.8268 0.2345 -0.5113
vn -0.2438 -0.8939 -0.3763
vn -0.2394 -0.9522 -0.1896
vn 0.8376 -0.2953 -0.4596
vn 0.5167 -0.0995 -0.8503
vn -0.4750 -0.7691 -0.4277
vn 0.6285 -0.4046 -0.6643
vn 0.9517 -0.0497 -0.3028
vn 0.7157 -0.4818 -0.5056
vn 0.8505 0.1315 -0.5093
vn 0.6997 -0.0698 -0.7111
vn 0.3013 0.2080 -0.9306
vn 0.7407 0.2524 -0.6226
vn -0.4968 -0.5059 -0.7052
vn 0.5588 -0.2441 -0.7926
vn 0.7589 0.4593 -0.4617
vn 0.5503 0.6937 -0.4648
vn 0.4937 0.2853 -0.8215
vn 0.0687 0.6058 -0.7926
vn 0.6705 0.5272 -0.5220
vn 0.3295 0.1570 -0.9310
vn 0.5569 0.6477 -0.5200
vn 0.4047 0.8572 -0.3186
vn 0.3329 0.8664 -0.3723
vn 0.2888 0.6413 -0.7109
vn -0.0612 0.8607 -0.5055
vn -0.9045 -0.0300 -0.4253
vn -0.0430 0.7428 -0.6681
vn 0.1738 0.4957 -0.8509
vn -0.9442 0.2698 -0.1891
vn 0.1635 0.8727 -0.4601
vn -0.1931 0.9812 -0.0003
vn 0.7106 0.5036 0.4914
vn 0.7102 0.5036 -0.4920
vn 0.9036 0.4284 -0.0000
vn 0.9988 -0.0449 0.0176
vn 0.9921 0.0296 0.1219
vn 0.7820 0.6225 -0.0295
vn 0.9775 0.1473 -0.1509
vn 0.7819 0.6227 0.0288
vn 0.8374 0.2945 0.4604
vn 0.8378 0.2948 -0.4596
vn 0.5184 0.0943 0.8499
vn -0.4749 0.7683 0.4292
vn 0.9569 0.1333 0.2581
vn 0.6193 0.4304 0.6566
vn 0.9637 -0.0071 0.2668
vn 0.7165 0.5093 0.4767
vn 0.9814 0.0429 -0.1869
vn 0.7314 0.1126 0.6726
vn 0.9449 0.0749 -0.3187
vn 0.5188 0.0957 -0.8495
vn -0.4748 0.7686 -0.4287
vn 0.6283 0.4054 -0.6640
vn 0.9184 0.1405 -0.3699
vn 0.7150 0.4822 -0.5062
vn 0.3011 -0.2069 0.9309
vn 0.6988 0.0720 -0.7117
vn 0.8335 -0.1744 0.5242
vn 0.3010 -0.2069 -0.9309
vn 0.8421 -0.1642 -0.5137
vn 0.7441 -0.2542 0.6179
vn -0.4970 0.5053 0.7055
vn 0.5614 0.2441 0.7907
vn 0.8850 -0.1014 -0.4544
vn 0.7589 -0.2292 -0.6095
vn 0.5593 0.2412 -0.7931
vn 0.8631 -0.5051 0.0004
vn 0.7386 -0.3677 -0.5650
vn 0.8097 -0.2500 0.5309
vn 0.6896 -0.4157 -0.5930
vn 0.7597 -0.4590 0.4606
vn -0.4970 0.5048 -0.7058
vn -0.5704 0.3291 -0.7525
vn -0.5695 0.3284 0.7536
vn 0.4943 -0.2850 -0.8212
vn 0.4928 -0.2841 0.8225
vn 0.0706 -0.6053 -0.7928
vn 0.0691 -0.6085 0.7905
vn 0.6528 -0.5569 -0.5135
vn -0.6859 0.1781 -0.7056
vn 0.3299 -0.1561 -0.9310
vn 0.6700 -0.5280 0.5219
vn 0.3302 -0.1575 0.9307
vn 0.6815 -0.5911 -0.4313
vn 0.5523 -0.6925 0.4640
vn 0.5576 -0.6475 0.5194
vn -0.6862 0.1775 0.7054
vn 0.2889 -0.6408 0.7113
vn -0.0602 -0.8605 0.5058
vn 0.3340 -0.8664 0.3712
vn -0.0377 -0.7464 0.6644
vn 0.1748 -0.4968 0.8501
vn -0.8960 -0.2353 0.3765
vn 0.4052 -0.8570 0.3184
vn 0.1641 -0.8723 0.4607
vn -0.1503 -0.9882 -0.0299
vn 0.4515 -0.8725 0.1867
vn 0.3599 -0.9207 0.1512
vn -0.0811 -0.8673 0.4912
vn 0.5130 -0.8126 -0.2767
vn 0.5379 -0.8429 -0.0170
vn 0.0834 -0.9965 -0.0003
vn -0.0814 -0.8668 -0.4920
vn 0.4669 -0.8758 -0.1226
vn -0.1505 -0.9882 0.0290
vn 0.3594 -0.8968 -0.2581
vn -0.9447 -0.2683 -0.1885
vn 0.1640 -0.8727 -0.4598
vn 0.1737 -0.4978 -0.8497
vn -0.9033 0.0274 -0.4282
vn -0.0647 -0.7515 -0.6565
vn -0.0842 -0.8751 -0.4766
vn 0.2696 -0.6879 -0.6739
vn 0.9832 0.1824 0.0109
vn 0.3452 0.9307 0.1210
vn 0.5006 0.3584 0.7880
vn 0.2796 0.9516 0.1273
vn 0.8521 0.3832 0.3564
vn 0.5147 0.6816 -0.5202
vn 0.3246 0.9440 0.0597
vn 0.1768 0.5367 -0.8251
vn 0.6832 0.2618 0.6817
vn 0.6912 0.7213 0.0443
vn 0.3520 0.9311 0.0959
vn 0.5359 0.3932 -0.7471
vn 0.9856 0.1609 0.0527
vn 0.3949 0.3728 0.8397
vn 0.3369 0.9207 0.1969
vn 0.9297 0.2305 -0.2874
vn 0.3541 0.7010 0.6191
vn 0.2558 0.9370 0.2379
vn 0.8907 0.2097 0.4034
vn 0.0065 0.9573 0.2889
vn 0.6605 -0.7486 0.0575
vn -0.2651 -0.9102 -0.3183
vn 0.2798 -0.9591 0.0435
vn 0.6311 -0.7698 0.0955
vn 0.2654 -0.8861 0.3801
vn 0.6293 -0.7521 0.1957
vn -0.2388 -0.7828 0.5747
vn 0.5063 -0.2359 0.8294
vn 0.4300 -0.6572 0.6190
vn 0.6831 -0.6908 0.2371
vn 0.1481 -0.4473 0.8820
vn 0.8253 -0.4859 0.2877
vn 0.3794 0.6557 -0.6528
vn 0.2395 0.9523 -0.1892
vn 0.4630 0.8751 0.1409
vn 0.1925 0.9813 -0.0006
vn 0.2429 0.8939 0.3769
vn 0.4739 0.7691 0.4288
vn 0.9894 -0.0356 -0.1411
vn 0.3808 0.6560 0.6516
vn 0.5693 0.3284 0.7537
vn 0.9460 -0.3243 -0.0001
vn 0.9186 0.0856 0.3857
vn 0.7583 0.0013 0.6520
vn 0.8954 -0.2367 0.3771
vn 0.9037 0.0277 0.4273
vn 0.9184 -0.0855 -0.3864
vn 0.7574 -0.0007 -0.6529
vn 0.9894 0.0360 0.1406
vn 0.9464 0.3230 -0.0006
vn 0.9444 0.2700 0.1876
vn 0.4969 -0.5061 -0.7050
vn 0.3823 -0.6553 -0.6515
vn 0.9039 -0.0276 0.4269
vn 0.4745 -0.7687 -0.4289
vn 0.4632 -0.8749 -0.1414
vn 0.5691 -0.3287 0.7537
vn 0.1935 -0.9811 -0.0003
vn 0.2394 -0.9524 0.1887
vn 0.4745 -0.7686 0.4291
vn 0.6522 -0.6581 -0.3762
vn 0.3770 -0.6578 -0.6521
vn 0.5855 -0.7954 -0.1565
vn 0.5855 -0.7954 0.1563
vn 0.6521 -0.6578 0.3770
vn -0.3770 -0.6578 -0.6521
vn -0.4282 -0.7959 -0.4280
vn -0.5257 -0.8388 -0.1412
vn 0.3770 -0.6578 0.6521
vn -0.5847 -0.7961 -0.1561
vn -0.1568 -0.7956 0.5851
vn -0.6522 -0.6578 0.3767
vn -0.3807 -0.6559 -0.6518
vn -0.7963 -0.2974 -0.5267
vn -0.5705 -0.3295 -0.7523
vn -0.6860 -0.1778 -0.7056
vn -0.2434 -0.8937 0.3769
vn -0.7582 -0.0021 -0.6520
vn -0.6559 -0.5412 0.5263
vn -0.3806 -0.6559 0.6518
vn -0.8963 0.2354 -0.3759
vn -0.6865 -0.1774 0.7052
vn -0.9187 -0.0861 0.3854
vn -0.8963 -0.2353 -0.3758
vn -0.7580 0.0016 -0.6522
vn -0.6553 0.5415 -0.5267
vn -0.9460 -0.3241 -0.0006
vn -0.9448 -0.2691 0.1868
vn -0.3821 0.6547 -0.6522
vn -0.9034 0.0275 0.4279
vn -0.7966 0.2971 0.5264
vn -0.7581 0.0018 0.6522
vn -0.2428 0.8944 -0.3756
vn -0.2382 0.9526 -0.1893
vn -0.2377 0.9530 0.1880
vn -0.3817 0.6550 0.6521
vn -0.2426 0.8941 0.3764
vn -0.6524 0.6581 -0.3760
vn -0.4283 0.7959 -0.4280
vn -0.3770 0.6577 -0.6521
vn 0.1410 0.8380 -0.5271
vn -0.7532 0.6578 -0.0009
vn -0.6522 0.6577 0.3768
vn 0.4283 0.7959 -0.4280
vn -0.1410 0.8386 0.5262
vn 0.6522 0.6580 -0.3762
vn 0.5855 0.7954 -0.1565
vn 0.1567 0.7956 0.5852
vn 0.3770 0.6577 0.6521
vn -0.5576 0.5987 0.5751
vn -0.9658 -0.1689 0.1967
vn -0.9821 -0.1612 0.0969
vn -0.5188 0.1583 0.8401
vn -0.9706 0.2367 0.0433
vn -0.9401 -0.2453 0.2367
vn -0.6278 0.6664 0.4022
vn -0.4595 0.0950 0.8831
vn -0.9796 -0.1921 0.0596
vn -0.5705 0.4586 0.6813
vn -0.6564 0.6840 -0.3183
vn -0.5540 -0.1151 -0.8245
vn -0.8479 0.1064 -0.5194
vn -0.9725 -0.2329 -0.0017
vn -0.7590 0.5450 0.3561
vn -0.9644 -0.2328 0.1256
vn -0.9789 -0.1659 0.1192
vn -0.5610 0.2546 0.7877
vn -0.6388 0.2421 -0.7303
vn -0.6492 0.7606 0.0114
vn 0.5583 -0.5982 0.5748
vn 0.9660 0.1696 0.1950
vn 0.4580 0.3221 0.8285
vn 0.9823 0.1607 0.0957
vn 0.5189 -0.1573 0.8403
vn 0.6074 -0.2680 -0.7478
vn 0.9794 0.1930 0.0597
vn 0.5731 -0.4573 0.6800
vn -0.0001 0.0001 -1.0000
vn -0.3322 0.9408 -0.0672
vn 0.6485 -0.7583 -0.0670
vn -0.0002 0.0002 -1.0000
vn -0.0001 -0.9996 -0.0280
vn 0.9988 0.0002 -0.0499
vn -0.6484 -0.7583 -0.0673
vn -0.0001 0.9996 -0.0280
vn -0.6484 0.7583 -0.0673
vn -0.3322 -0.9408 -0.0672
vn -0.8658 -0.4995 -0.0281
vn 0.4996 -0.8648 -0.0501
vn 0.9809 -0.1824 -0.0673
vn -0.9807 -0.1835 -0.0674
vn -0.0001 -0.0002 -1.0000
vn -0.8661 0.4990 -0.0284
vn -0.4984 -0.8655 -0.0501
vn -0.3324 0.9407 -0.0675
vn 0.4997 0.8647 -0.0503
vn -0.0002 0.0001 -1.0000
vn -0.0001 0.9996 -0.0278
vn -0.9987 -0.0004 -0.0502
vn -0.0001 -0.0001 -1.0000
vn 0.8660 0.4992 -0.0283
vn 0.9808 -0.1832 -0.0671
vn -0.9809 0.1825 -0.0675
vn -0.8653 -0.5004 -0.0281
vn -0.3326 -0.9407 -0.0673
vn 0.4229 0.6965 0.5797
vn -0.2760 0.4781 0.8338
vn 0.3349 0.9223 -0.1927
vn 0.8437 0.2061 0.4956
vn 0.3810 0.8092 -0.4472
vn 0.7740 0.4013 0.4898
vn -0.1522 0.2626 0.9528
vn 0.7137 0.6991 0.0442
vn 0.6500 0.5814 0.4893
vn -0.2844 0.4930 0.8223
vn 0.4063 0.7443 0.5300
vn -0.3321 0.5763 0.7467
vn 0.5274 0.7102 0.4664
vn 0.8331 0.5508 0.0511
vn 0.2772 0.9497 -0.1457
vn -0.1661 0.2873 -0.9433
vn 0.5527 0.5548 -0.6219
vn 0.6880 0.7074 -0.1622
vn 0.2936 0.9555 0.0283
vn -0.4995 0.8660 0.0211
vn -0.4740 0.8207 -0.3189
vn 0.9865 0.0223 -0.1621
vn 0.3347 0.9201 -0.2032
vn 0.5449 0.3627 -0.7560
vn 0.7954 0.5523 -0.2494
vn -0.3848 0.6673 -0.6377
vn 0.4047 0.8444 -0.3510
vn 0.9918 -0.0505 0.1170
vn 0.4912 0.6787 -0.5460
vn 0.8065 -0.1497 -0.5720
vn 0.4764 -0.8256 -0.3024
vn 0.9338 0.0512 -0.3542
vn 0.3886 -0.6737 -0.6286
vn 0.9539 -0.1724 0.2456
vn 0.8979 -0.0516 -0.4371
vn 0.3850 -0.6679 -0.6369
vn 0.8105 0.5855 -0.0161
vn 0.9432 -0.1756 -0.2821
vn 0.5536 0.8143 -0.1743
vn 0.8521 0.4856 -0.1954
vn 0.9190 0.3866 -0.0772
vn 0.9710 -0.2321 -0.0573
vn 0.4977 -0.8626 -0.0902
vn 0.4854 -0.8415 0.2371
vn 0.6908 0.4950 -0.5271
vn 0.9625 -0.2130 0.1679
vn 0.4008 -0.6925 0.5998
vn 0.7613 0.6154 -0.2041
vn 0.4101 0.7819 -0.4695
vn 0.8647 0.5020 0.0187
vn 0.2532 0.9402 -0.2278
vn 0.7156 0.6985 -0.0004
vn 0.2384 0.9651 0.1079
vn -0.4952 0.8566 0.1448
vn 0.3227 0.8703 0.3721
vn -0.2962 0.5118 0.8065
vn 0.4265 0.7046 0.5671
vn 0.8870 0.4343 0.1569
vn 0.5520 0.4898 0.6748
vn 0.9008 -0.1187 0.4177
vn 0.2512 -0.4312 0.8666
vn 0.6784 0.2725 0.6823
vn 0.7972 0.0640 0.6003
vn -0.9610 0.2352 -0.1455
vn -0.4876 0.8443 -0.2222
vn -0.8479 0.0203 0.5298
vn -0.7562 -0.2016 -0.6225
vn -0.4094 0.7109 -0.5719
vn -0.4980 0.8614 0.1001
vn -0.9566 -0.2419 -0.1625
vn -0.9622 -0.2685 0.0448
vn -0.9741 0.2242 0.0282
vn -0.8913 0.0743 -0.4474
vn -0.3847 0.6657 -0.6394
vn -0.4786 0.8299 -0.2866
vn -0.9645 0.1695 -0.2027
vn -0.5861 -0.2915 -0.7560
vn -0.0295 0.0518 -0.9982
vn -0.8760 -0.4129 -0.2491
vn -0.0043 0.0090 -1.0000
vn -0.5127 -0.8431 -0.1620
vn -0.9335 0.0726 -0.3512
vn -0.2832 0.4912 -0.8237
vn -0.4521 -0.8842 0.1170
vn -0.8334 -0.0856 -0.5460
vn -0.3275 -0.9123 0.2461
vn -0.2727 -0.7741 -0.5713
vn 0.3371 -0.5822 -0.7399
vn 0.4705 -0.8139 0.3409
vn 0.4965 -0.8594 0.1225
vn -0.5115 -0.7830 -0.3539
vn 0.3484 -0.6041 -0.7167
vn -0.8936 -0.4459 0.0513
vn -0.4047 -0.8033 -0.4369
vn -0.9123 -0.4093 -0.0162
vn -0.7348 -0.4696 0.4893
vn -0.3201 -0.9044 -0.2822
vn 0.4593 -0.7965 -0.3932
vn -0.2878 -0.9561 -0.0554
vn -0.7929 -0.6051 -0.0727
vn -0.2973 -0.9403 0.1657
vn -0.8462 -0.4954 -0.1964
vn -0.3481 -0.8385 0.4192
vn -0.8628 -0.5051 0.0223
vn -0.4598 -0.6587 0.5956
vn 0.0781 -0.1318 0.9882
vn -0.5755 -0.4539 0.6803
vn -0.7092 -0.2208 0.6695
vn -0.1134 0.1974 0.9738
vn -0.8289 0.0008 0.5594
vn -0.9137 -0.3510 -0.2050
vn -0.9148 0.1590 0.3714
vn -0.4285 0.7407 0.5174
vn -0.9607 -0.2775 0.0044
vn -0.9553 0.2754 0.1075
vn -0.4757 0.8235 -0.3090
vn -0.9409 0.2507 -0.2277
vn -0.3513 0.6097 -0.7106
vn -0.8822 0.0363 -0.4694
vn -0.7738 -0.3514 -0.5271
vn -0.9820 -0.0711 -0.1751
vn -0.4969 0.8663 -0.0518
vn -0.8787 -0.1012 0.4665
vn -0.8288 -0.2722 0.4889
vn 0.0582 -0.1025 0.9930
vn 0.2189 -0.3818 0.8979
vn -0.6012 -0.6278 0.4944
vn -0.8153 -0.0178 0.5788
vn -0.9659 0.1723 -0.1934
vn 0.9610 0.2351 -0.1454
vn 0.8479 0.0201 0.5297
vn 0.7567 -0.2016 -0.6219
vn 0.4109 0.7096 -0.5724
vn 0.4978 0.8615 0.1000
vn 0.9565 -0.2425 -0.1624
vn 0.9623 -0.2684 0.0442
vn 0.9743 0.2236 0.0285
vn 0.5003 0.8656 0.0210
vn 0.8912 0.0756 -0.4473
vn 0.9645 0.1692 -0.2027
vn 0.5850 -0.2921 -0.7566
vn 0.0303 0.0532 -0.9981
vn 0.8760 -0.4132 -0.2490
vn 0.0045 0.0103 -0.9999
vn 0.5130 -0.8429 -0.1620
vn 0.9335 0.0724 -0.3511
vn 0.4513 -0.8847 0.1170
vn 0.8333 -0.0857 -0.5461
vn 0.3273 -0.9123 0.2461
vn 0.2727 -0.7741 -0.5713
vn -0.4706 -0.8138 0.3410
vn -0.4965 -0.8594 0.1224
vn 0.5115 -0.7831 -0.3538
vn -0.3886 -0.6737 -0.6286
vn 0.8935 -0.4461 0.0513
vn 0.4045 -0.8033 -0.4371
vn 0.9121 -0.4097 -0.0162
vn 0.7344 -0.4694 0.4902
vn 0.3196 -0.9045 -0.2824
vn 0.2848 -0.9569 -0.0574
vn -0.4980 -0.8625 -0.0902
vn 0.7957 -0.6015 -0.0708
vn 0.2961 -0.9412 0.1629
vn -0.4857 -0.8414 0.2370
vn -0.3997 -0.6931 0.5999
vn 0.8463 -0.4953 -0.1962
vn 0.3483 -0.8413 0.4134
vn 0.8632 -0.5043 0.0243
vn 0.4600 -0.6587 0.5954
vn -0.0774 -0.1323 0.9882
vn 0.5736 -0.4553 0.6809
vn 0.7091 -0.2220 0.6692
vn 0.9130 -0.3518 -0.2067
vn 0.8282 0.0020 0.5605
vn 0.2963 0.5115 0.8066
vn 0.9610 -0.2766 0.0027
vn 0.9143 0.1580 0.3729
vn 0.9545 0.2780 0.1080
vn 0.9402 0.2525 -0.2287
vn 0.3512 0.6098 -0.7105
vn 0.8815 0.0370 -0.4707
vn 0.7739 -0.3515 -0.5268
vn 0.9820 -0.0716 -0.1750
vn 0.4972 0.8661 -0.0516
vn 0.8786 -0.1015 0.4666
vn 0.8283 -0.2722 0.4898
vn 0.6004 -0.6281 0.4950
vn 0.8152 -0.0158 0.5789
vn 0.9657 0.1734 -0.1935
vn 0.4775 0.8306 -0.2867
vn 0.2742 0.4787 0.8341
vn -0.4238 0.6966 0.5790
vn -0.2200 -0.3811 0.8979
vn -0.3341 0.9225 -0.1931
vn 0.3838 0.6661 -0.6396
vn -0.8442 0.2064 0.4946
vn -0.3803 0.8096 -0.4472
vn -0.7742 0.4017 0.4891
vn -0.0598 -0.1007 0.9931
vn 0.1508 0.2637 0.9528
vn -0.7140 0.6987 0.0441
vn -0.6507 0.5810 0.4888
vn 0.2847 0.4926 0.8224
vn -0.4068 0.7444 0.5296
vn 0.3330 0.5763 0.7463
vn -0.5272 0.7101 0.4666
vn -0.8331 0.5508 0.0511
vn -0.6880 0.7073 -0.1625
vn -0.2766 0.9499 -0.1457
vn 0.4877 0.8442 -0.2223
vn 0.1664 0.2872 -0.9433
vn -0.5524 0.5546 -0.6223
vn -0.5525 0.8145 -0.1768
vn -0.2933 0.9556 0.0284
vn 0.4737 0.8209 -0.3190
vn -0.8105 0.5856 -0.0161
vn -0.3355 0.9200 -0.2027
vn -0.9865 0.0226 -0.1621
vn -0.5457 0.3619 -0.7558
vn -0.7957 0.5521 -0.2491
vn 0.3846 0.6675 -0.6376
vn -0.9338 0.0514 -0.3540
vn -0.4048 0.8443 -0.3510
vn 0.2830 0.4912 -0.8238
vn -0.9919 -0.0506 0.1168
vn -0.4765 -0.8255 -0.3025
vn -0.3485 -0.6040 -0.7167
vn -0.9536 -0.1729 0.2465
vn -0.3373 -0.5820 -0.7400
vn -0.8980 -0.0512 -0.4370
vn -0.3854 -0.6677 -0.6369
vn -0.8069 -0.1495 -0.5714
vn -0.4922 0.6786 -0.5452
vn -0.9434 -0.1754 -0.2816
vn -0.4594 -0.7965 -0.3931
vn -0.8526 0.4837 -0.1977
vn -0.9197 0.3862 -0.0711
vn -0.9711 -0.2317 -0.0571
vn -0.9630 -0.2154 0.1620
vn -0.6861 0.4935 -0.5345
vn -0.9027 -0.1198 0.4132
vn -0.2496 -0.4321 0.8666
vn -0.4130 0.7854 -0.4611
vn -0.7587 0.6288 -0.1700
vn -0.2725 0.9375 -0.2166
vn 0.4765 0.8230 -0.3092
vn -0.8577 0.5136 0.0239
vn -0.2665 0.9590 0.0967
vn 0.4987 0.8547 0.1442
vn 0.4323 0.7380 0.5181
vn -0.3274 0.8739 0.3595
vn -0.7999 0.0688 0.5961
vn -0.4173 0.7106 0.5665
vn 0.1119 0.1988 0.9736
vn -0.6810 0.2708 0.6804
vn -0.5494 0.4953 0.6729
vn 0.9476 -0.0000 -0.3195
vn 0.0591 -0.0000 -0.9982
vn 0.0411 -0.6524 -0.7568
vn 0.0114 -0.0001 -0.9999
vn 0.6287 -0.7507 -0.2030
vn 0.9998 -0.0000 0.0213
vn 0.0797 -0.9652 -0.2489
vn 0.6799 -0.7327 0.0286
vn 0.8194 0.0003 -0.5732
vn 0.5295 -0.7721 -0.3513
vn 0.7704 -0.0001 -0.6375
vn 0.5669 -0.0000 -0.8238
vn 0.2681 -0.9498 -0.1614
vn 0.3414 -0.7658 -0.5450
vn -0.4752 -0.8647 -0.1628
vn -0.5336 -0.6235 -0.5713
vn -0.6726 -0.0001 -0.7400
vn -0.9401 -0.0001 0.3409
vn -0.6266 -0.7392 0.2468
vn -0.5406 -0.8332 0.1165
vn -0.9925 -0.0004 0.1220
vn -0.9533 -0.0001 -0.3019
vn -0.7779 0.0007 -0.6284
vn -0.4226 -0.8343 -0.3540
vn -0.6971 0.0005 -0.7170
vn 0.0606 -0.9968 0.0517
vn -0.4941 -0.7514 -0.4374
vn -0.7710 0.0001 -0.6369
vn -0.9195 0.0003 -0.3931
vn 0.1015 -0.9947 -0.0168
vn -0.6240 -0.7286 -0.2826
vn -0.9959 0.0001 -0.0908
vn -0.0057 -0.9805 -0.1962
vn -0.6864 -0.7249 -0.0575
vn -0.1232 -0.9899 -0.0705
vn -0.6671 -0.7269 0.1627
vn -0.9715 -0.0002 0.2368
vn 0.1521 -0.9667 -0.2060
vn -0.5542 -0.7226 0.4132
vn -0.8000 -0.0003 0.6000
vn -0.0049 -0.9997 0.0244
vn -0.3394 -0.7283 0.5952
vn -0.1080 -0.7242 0.6811
vn 0.1621 -0.7256 0.6688
vn 0.2408 -0.9706 0.0035
vn 0.4162 -0.7160 0.5604
vn 0.5936 -0.7130 0.3732
vn 0.7184 -0.6872 0.1080
vn 0.6887 -0.6881 -0.2285
vn 0.4729 -0.7451 -0.4703
vn 0.0829 -0.8461 -0.5265
vn 0.4289 -0.8860 -0.1762
vn 0.3517 -0.8123 0.4652
vn 0.5692 -0.0009 0.8222
vn 0.1790 -0.8538 0.4889
vn 0.3033 -0.0019 0.9529
vn -0.0394 -0.8713 0.4892
vn -0.1182 -0.0012 0.9930
vn 0.2486 -0.9676 0.0446
vn -0.2444 -0.8335 0.4955
vn 0.2039 -0.7558 -0.6222
vn 0.3944 -0.7138 0.5788
vn 0.5494 -0.0009 0.8355
vn 0.9581 -0.0003 -0.2866
vn 0.6845 -0.7144 -0.1455
vn 0.6299 -0.7525 -0.1921
vn 0.4416 -0.7242 0.5295
vn 0.9950 -0.0000 0.0998
vn 0.5097 -0.7351 -0.4471
vn 0.7692 -0.0003 -0.6390
vn 0.0411 0.6524 -0.7568
vn 0.6287 0.7507 -0.2030
vn 0.0805 0.9652 -0.2490
vn 0.6801 0.7326 0.0286
vn 0.5293 0.7723 -0.3512
vn 0.2689 0.9497 -0.1606
vn 0.3430 0.7644 -0.5459
vn -0.4752 0.8648 -0.1621
vn -0.5329 0.6246 -0.5708
vn -0.6268 0.7394 0.2458
vn -0.5406 0.8332 0.1164
vn -0.4228 0.8343 -0.3539
vn 0.0603 0.9969 0.0511
vn -0.4942 0.7513 -0.4375
vn 0.1017 0.9947 -0.0173
vn -0.6240 0.7287 -0.2823
vn -0.0056 0.9805 -0.1965
vn -0.6845 0.7269 -0.0558
vn -0.1278 0.9892 -0.0718
vn -0.6658 0.7276 0.1653
vn -0.0058 0.9997 0.0224
vn -0.5517 0.7211 0.4192
vn -0.4991 -0.0005 0.8665
vn -0.3402 0.7274 0.5959
vn -0.1531 0.0006 0.9882
vn -0.1062 0.7253 0.6802
vn 0.1636 0.7243 0.6697
vn 0.2276 0.0008 0.9738
vn 0.4155 0.7169 0.5598
vn 0.5914 -0.0011 0.8064
vn 0.8553 -0.0015 0.5181
vn 0.1526 0.9669 -0.2045
vn 0.5955 0.7122 0.3717
vn 0.9895 -0.0002 0.1445
vn 0.2399 0.9708 0.0048
vn 0.7176 0.6881 0.1073
vn 0.6884 0.6887 -0.2276
vn 0.9510 -0.0004 -0.3092
vn 0.7037 -0.0008 -0.7105
vn 0.4725 0.7461 -0.4692
vn 0.0827 0.8461 -0.5266
vn 0.4292 0.8858 -0.1763
vn 0.9986 -0.0008 -0.0527
vn 0.3517 0.8121 0.4657
vn 0.1776 0.8541 0.4888
vn -0.0395 0.8708 0.4900
vn -0.4404 -0.0007 0.8978
vn 0.2491 0.9675 0.0434
vn -0.2444 0.8335 0.4956
vn 0.2046 0.7552 -0.6227
vn 0.3324 0.0001 -0.9432
vn 0.3946 0.7134 0.5791
vn 0.6827 0.7162 -0.1451
vn 0.9749 0.0001 -0.2224
vn 0.6312 0.7513 -0.1925
vn 0.4424 0.7236 0.5298
vn 0.6655 0.0001 0.7464
vn 0.5093 0.7353 -0.4472
vn -0.4208 -0.6990 0.5783
vn 0.2734 -0.4735 0.8373
vn -0.2209 0.3812 0.8977
vn -0.3328 -0.9231 -0.1929
vn 0.3853 -0.6654 -0.6394
vn -0.8445 -0.2064 0.4941
vn -0.3806 -0.8094 -0.4471
vn 0.4995 -0.8605 0.1004
vn -0.7738 -0.4022 0.4893
vn -0.0609 0.1012 0.9930
vn -0.7141 -0.6987 0.0440
vn -0.6509 -0.5812 0.4884
vn 0.2841 -0.4931 0.8223
vn -0.4073 -0.7448 0.5286
vn 0.3331 -0.5764 0.7462
vn -0.5278 -0.7106 0.4654
vn -0.8329 -0.5510 0.0515
vn -0.2791 -0.9491 -0.1461
vn 0.4865 -0.8450 -0.2220
vn -0.5536 -0.5538 -0.6219
vn -0.6881 -0.7075 -0.1613
vn -0.2920 -0.9560 0.0286
vn 0.5015 -0.8649 0.0209
vn -0.9865 -0.0225 -0.1620
vn -0.3332 -0.9207 -0.2032
vn -0.5441 -0.3640 -0.7560
vn -0.7961 -0.5515 -0.2490
vn 0.3853 -0.6672 -0.6375
vn -0.4046 -0.8445 -0.3508
vn 0.2834 -0.4911 -0.8237
vn -0.9918 0.0520 0.1168
vn -0.4925 -0.6783 -0.5453
vn -0.8072 0.1510 -0.5706
vn -0.4700 0.8141 0.3410
vn -0.9338 -0.0512 -0.3542
vn -0.3892 0.6734 -0.6285
vn -0.3488 0.6036 -0.7169
vn -0.9535 0.1732 0.2466
vn -0.8978 0.0517 -0.4373
vn -0.3855 0.6676 -0.6369
vn -0.8105 -0.5856 -0.0169
vn -0.9433 0.1759 -0.2815
vn -0.4598 0.7966 -0.3925
vn -0.5536 -0.8139 -0.1761
vn 0.3523 -0.6094 -0.7103
vn -0.8519 -0.4857 -0.1959
vn -0.9190 -0.3866 -0.0772
vn -0.9710 0.2322 -0.0574
vn -0.4865 0.8410 0.2365
vn -0.6907 -0.4945 -0.5276
vn -0.9627 0.2125 0.1674
vn -0.7615 -0.6155 -0.2033
vn -0.4100 -0.7823 -0.4689
vn -0.8645 -0.5023 0.0190
vn -0.2534 -0.9403 -0.2270
vn 0.4760 -0.8233 -0.3091
vn -0.7155 -0.6986 0.0007
vn -0.2388 -0.9651 0.1074
vn 0.4946 -0.8570 0.1445
vn 0.4284 -0.7406 0.5177
vn -0.3222 -0.8707 0.3717
vn 0.2960 -0.5122 0.8063
vn -0.4265 -0.7047 0.5671
vn 0.1132 -0.1971 0.9738
vn -0.8869 -0.4345 0.1569
vn -0.5516 -0.4903 0.6748
vn -0.9010 0.1183 0.4173
vn -0.2504 0.4324 0.8662
vn -0.6787 -0.2727 0.6819
vn -0.7969 -0.0635 0.6008
vn 0.9614 -0.2336 -0.1456
vn 0.1655 -0.2886 -0.9430
vn 0.8480 -0.0204 0.5296
vn 0.7568 0.2010 -0.6220
vn 0.4105 -0.7089 -0.5736
vn 0.9566 0.2425 -0.1615
vn 0.9620 0.2695 0.0438
vn 0.9744 -0.2232 0.0281
vn 0.8916 -0.0739 -0.4468
vn 0.4790 -0.8299 -0.2860
vn 0.9641 -0.1708 -0.2031
vn 0.4745 -0.8204 -0.3190
vn 0.5864 0.2901 -0.7563
vn 0.0299 -0.0511 -0.9982
vn 0.8756 0.4138 -0.2490
vn 0.0070 -0.0122 -0.9999
vn 0.5121 0.8434 -0.1624
vn 0.9338 -0.0716 -0.3506
vn 0.4509 0.8849 0.1169
vn 0.8336 0.0872 -0.5454
vn 0.3266 0.9124 0.2465
vn 0.2728 0.7741 -0.5713
vn -0.3365 0.5821 -0.7403
vn -0.4963 0.8595 0.1222
vn -0.4772 0.8251 -0.3024
vn 0.5109 0.7832 -0.3542
vn 0.8935 0.4461 0.0513
vn 0.4041 0.8035 -0.4371
vn 0.9120 0.4098 -0.0158
vn 0.7341 0.4698 0.4903
vn 0.3190 0.9048 -0.2821
vn 0.2869 0.9563 -0.0562
vn -0.4986 0.8620 -0.0907
vn 0.7929 0.6050 -0.0721
vn 0.2968 0.9405 0.1652
vn -0.4004 0.6925 0.6001
vn 0.8463 0.4955 -0.1956
vn 0.3487 0.8382 0.4193
vn 0.8627 0.5052 0.0221
vn 0.4605 0.6582 0.5956
vn -0.0773 0.1310 0.9884
vn 0.5750 0.4552 0.6798
vn 0.7091 0.2208 0.6697
vn 0.8288 -0.0006 0.5596
vn 0.9135 0.3512 -0.2053
vn 0.9144 -0.1604 0.3716
vn 0.9607 0.2775 0.0040
vn 0.9550 -0.2764 0.1076
vn 0.9409 -0.2507 -0.2279
vn 0.8822 -0.0361 -0.4694
vn 0.7739 0.3521 -0.5264
vn 0.9819 0.0725 -0.1748
vn 0.4989 -0.8651 -0.0530
vn 0.8790 0.1016 0.4659
vn 0.8283 0.2724 0.4897
vn 0.1504 -0.2645 0.9526
vn 0.6003 0.6280 0.4952
vn 0.8164 0.0128 0.5774
vn 0.9659 -0.1728 -0.1930
vn -0.9477 -0.0000 -0.3191
vn -0.0582 -0.0000 -0.9983
vn -0.0427 0.6523 -0.7567
vn -0.6291 0.7504 -0.2028
vn -0.0802 0.9651 -0.2492
vn -0.6811 0.7317 0.0283
vn -0.5287 0.7728 -0.3511
vn -0.5670 -0.0000 -0.8237
vn -0.2695 0.9493 -0.1616
vn -0.3429 0.7645 -0.5458
vn 0.4744 0.8653 -0.1619
vn 0.5332 0.6243 -0.5709
vn 0.6727 -0.0001 -0.7399
vn 0.9401 -0.0001 0.3408
vn 0.6272 0.7390 0.2460
vn 0.5404 0.8333 0.1165
vn 0.7777 0.0007 -0.6286
vn 0.4228 0.8341 -0.3542
vn 0.6973 0.0004 -0.7168
vn -0.0603 0.9969 0.0511
vn 0.4937 0.7517 -0.4373
vn 0.7709 -0.0000 -0.6369
vn -0.1018 0.9947 -0.0171
vn 0.6239 0.7288 -0.2821
vn 0.0055 0.9806 -0.1962
vn 0.6864 0.7250 -0.0573
vn 0.1234 0.9898 -0.0706
vn 0.6678 0.7264 0.1626
vn 0.9716 -0.0003 0.2368
vn -0.1517 0.9667 -0.2059
vn 0.5543 0.7224 0.4135
vn 0.8001 -0.0005 0.5998
vn 0.4991 -0.0006 0.8666
vn 0.0050 0.9997 0.0244
vn 0.3400 0.7277 0.5957
vn 0.1078 0.7244 0.6808
vn -0.1625 0.7250 0.6693
vn -0.2406 0.9706 0.0036
vn -0.4158 0.7163 0.5604
vn -0.5933 0.7135 0.3727
vn -0.7180 0.6876 0.1078
vn -0.6886 0.6884 -0.2281
vn -0.9511 -0.0004 -0.3089
vn -0.7036 -0.0008 -0.7106
vn -0.4723 0.7455 -0.4703
vn -0.0828 0.8461 -0.5266
vn -0.4286 0.8862 -0.1760
vn -0.9986 -0.0008 -0.0522
vn -0.3517 0.8116 0.4664
vn -0.5691 -0.0009 0.8223
vn -0.1776 0.8539 0.4891
vn 0.0395 0.8708 0.4900
vn 0.1183 -0.0012 0.9930
vn 0.4404 -0.0007 0.8978
vn -0.2487 0.9676 0.0433
vn 0.2445 0.8333 0.4958
vn -0.2049 0.7552 -0.6226
vn -0.3937 0.7129 0.5803
vn -0.5505 -0.0010 0.8348
vn -0.9581 -0.0003 -0.2864
vn -0.6818 0.7169 -0.1456
vn -0.9750 0.0001 -0.2222
vn -0.6322 0.7505 -0.1926
vn -0.4422 0.7240 0.5294
vn -0.6656 0.0001 0.7463
vn -0.5103 0.7345 -0.4474
vn -0.7688 -0.0003 -0.6395
vn -0.0427 -0.6523 -0.7567
vn -0.0107 -0.0001 -0.9999
vn -0.6291 -0.7504 -0.2028
vn -0.9998 -0.0000 0.0209
vn -0.0795 -0.9652 -0.2490
vn -0.6809 -0.7318 0.0284
vn -0.8203 0.0003 -0.5719
vn -0.5289 -0.7726 -0.3512
vn -0.7703 -0.0001 -0.6377
vn -0.2687 -0.9494 -0.1624
vn -0.3413 -0.7659 -0.5449
vn 0.4744 -0.8652 -0.1625
vn 0.5339 -0.6232 -0.5715
vn 0.6270 -0.7388 0.2469
vn 0.5404 -0.8333 0.1165
vn 0.9925 -0.0004 0.1222
vn 0.9532 -0.0001 -0.3022
vn 0.4226 -0.8342 -0.3543
vn -0.0606 -0.9968 0.0517
vn 0.4936 -0.7519 -0.4370
vn 0.9196 0.0003 -0.3929
vn -0.1016 -0.9947 -0.0166
vn 0.6238 -0.7288 -0.2823
vn 0.9959 -0.0000 -0.0903
vn 0.0058 -0.9805 -0.1965
vn 0.6841 -0.7273 -0.0554
vn 0.1276 -0.9892 -0.0726
vn 0.6657 -0.7276 0.1655
vn 0.0057 -0.9997 0.0224
vn 0.5520 -0.7208 0.4192
vn 0.3395 -0.7282 0.5954
vn 0.1533 -0.0019 0.9882
vn 0.1060 -0.7252 0.6803
vn -0.1627 -0.7253 0.6690
vn -0.2278 -0.0019 0.9737
vn -0.4155 -0.7175 0.5591
vn -0.5918 -0.0000 0.8061
vn -0.8554 0.0005 0.5180
vn -0.1531 -0.9668 -0.2046
vn -0.5944 -0.7133 0.3713
vn -0.9895 -0.0002 0.1447
vn -0.2402 -0.9707 0.0047
vn -0.7157 -0.6900 0.1078
vn -0.6870 -0.6902 -0.2273
vn -0.4724 -0.7462 -0.4690
vn -0.0830 -0.8461 -0.5265
vn -0.4282 -0.8864 -0.1758
vn -0.3518 -0.8119 0.4659
vn -0.1790 -0.8536 0.4892
vn -0.3040 -0.0019 0.9527
vn 0.0395 -0.8713 0.4892
vn -0.2482 -0.9677 0.0445
vn 0.2445 -0.8334 0.4957
vn -0.2042 -0.7558 -0.6221
vn -0.3320 0.0001 -0.9433
vn -0.3935 -0.7133 0.5799
vn -0.6836 -0.7151 -0.1460
vn -0.6309 -0.7516 -0.1923
vn -0.4414 -0.7246 0.5292
vn -0.9950 0.0001 0.1001
vn -0.5106 -0.7343 -0.4473
vn -0.9613 -0.2337 -0.1458
vn -0.8480 -0.0206 0.5296
vn -0.7562 0.2009 -0.6227
vn -0.4997 -0.8603 0.1005
vn -0.9567 0.2419 -0.1617
vn -0.9620 0.2695 0.0445
vn -0.9739 -0.2255 0.0280
vn -0.8917 -0.0726 -0.4468
vn -0.3862 -0.6650 -0.6392
vn -0.9641 -0.1713 -0.2031
vn -0.5875 0.2895 -0.7557
vn -0.0290 -0.0497 -0.9983
vn -0.8758 0.4135 -0.2489
vn -0.5118 0.8436 -0.1625
vn -0.9337 -0.0718 -0.3508
vn -0.2836 -0.4910 -0.8237
vn -0.4518 0.8844 0.1169
vn -0.8337 0.0870 -0.5453
vn -0.3269 0.9124 0.2464
vn -0.2728 0.7741 -0.5713
vn 0.3363 0.5822 -0.7402
vn 0.4963 0.8595 0.1223
vn 0.4770 0.8253 -0.3023
vn -0.5110 0.7832 -0.3543
vn 0.3892 0.6734 -0.6285
vn -0.8936 0.4460 0.0513
vn -0.4042 0.8036 -0.4369
vn 0.3852 0.6678 -0.6369
vn -0.9122 0.4095 -0.0158
vn -0.7345 0.4700 0.4895
vn -0.3193 0.9048 -0.2818
vn -0.2840 0.9571 -0.0578
vn 0.4985 0.8622 -0.0907
vn -0.7956 0.6016 -0.0706
vn -0.2947 0.9417 0.1624
vn 0.4005 0.6927 0.5998
vn -0.8464 0.4956 -0.1952
vn -0.3488 0.8412 0.4131
vn -0.8631 0.5044 0.0242
vn -0.4608 0.6582 0.5953
vn 0.0779 0.1313 0.9883
vn -0.5733 0.4561 0.6807
vn -0.7092 0.2219 0.6692
vn -0.1122 -0.1985 0.9736
vn -0.9130 0.3519 -0.2063
vn -0.8283 -0.0012 0.5602
vn -0.2948 -0.5134 0.8059
vn -0.9609 0.2770 0.0032
vn -0.9143 -0.1580 0.3729
vn -0.9545 -0.2781 0.1078
vn -0.4769 -0.8227 -0.3093
vn -0.9404 -0.2518 -0.2286
vn -0.8817 -0.0365 -0.4705
vn -0.7738 0.3519 -0.5267
vn -0.9819 0.0720 -0.1750
vn -0.8791 0.1013 0.4658
vn -0.8288 0.2724 0.4888
vn -0.1518 -0.2634 0.9527
vn -0.6012 0.6277 0.4945
vn -0.8165 0.0148 0.5772
vn -0.2753 -0.4729 0.8370
vn -0.9661 -0.1717 -0.1928
vn -0.4801 -0.8293 -0.2860
vn 0.4199 -0.6989 0.5790
vn 0.2197 0.3819 0.8977
vn 0.3336 -0.9229 -0.1924
vn 0.8440 -0.2061 0.4952
vn 0.3813 -0.8091 -0.4472
vn 0.7736 -0.4018 0.4899
vn 0.0592 0.1029 0.9929
vn 0.7137 -0.6990 0.0441
vn 0.6501 -0.5816 0.4889
vn -0.2838 -0.4934 0.8222
vn 0.4068 -0.7447 0.5290
vn -0.3321 -0.5764 0.7466
vn 0.5279 -0.7106 0.4652
vn -0.4985 -0.8652 -0.0532
vn 0.8329 -0.5510 0.0515
vn 0.2796 -0.9489 -0.1460
vn -0.4863 -0.8452 -0.2219
vn -0.1651 -0.2886 -0.9431
vn 0.5539 -0.5540 -0.6216
vn -0.4083 -0.7108 -0.5728
vn 0.6881 -0.7075 -0.1610
vn 0.2923 -0.9559 0.0284
vn -0.4999 -0.8658 0.0210
vn -0.4744 -0.8205 -0.3190
vn 0.9865 -0.0223 -0.1621
vn 0.3324 -0.9209 -0.2037
vn 0.5434 -0.3647 -0.7561
vn -0.0068 -0.0109 -0.9999
vn 0.7959 -0.5517 -0.2493
vn -0.3855 -0.6670 -0.6375
vn 0.4045 -0.8446 -0.3508
vn 0.9918 0.0519 0.1171
vn 0.4915 -0.6784 -0.5461
vn 0.8067 0.1511 -0.5713
vn 0.4699 0.8142 0.3409
vn 0.9337 -0.0510 -0.3543
vn 0.3488 0.6036 -0.7169
vn 0.9538 0.1726 0.2458
vn 0.8978 0.0520 -0.4374
vn 0.8105 -0.5855 -0.0169
vn 0.9431 0.1760 -0.2821
vn 0.4597 0.7966 -0.3926
vn 0.5530 -0.8142 -0.1767
vn -0.3524 -0.6093 -0.7103
vn 0.8522 -0.4848 -0.1969
vn 0.9192 -0.3875 -0.0702
vn 0.9709 0.2324 -0.0574
vn 0.4864 0.8411 0.2366
vn 0.9630 0.2147 0.1629
vn 0.6883 -0.4937 -0.5315
vn 0.9030 0.1182 0.4130
vn 0.2497 0.4329 0.8662
vn 0.4151 -0.7857 -0.4587
vn 0.7580 -0.6269 -0.1800
vn 0.2814 -0.9367 -0.2082
vn 0.8665 -0.4989 0.0178
vn 0.2565 -0.9617 0.0971
vn -0.4961 -0.8562 0.1445
vn -0.4283 -0.7401 0.5185
vn 0.8006 -0.0697 0.5952
vn 0.3045 -0.8759 0.3743
vn 0.7619 -0.6391 0.1052
vn 0.4108 -0.7094 0.5727
vn 0.5468 -0.4983 0.6728
vn 0.6791 -0.2777 0.6795
vn -0.4190 0.6977 -0.5810
vn -0.3336 0.9227 0.1932
vn -0.8435 0.2053 -0.4963
vn -0.3805 0.8092 0.4477
vn 0.4973 0.8620 -0.0981
vn -0.7743 0.4016 -0.4891
vn -0.0583 -0.1026 -0.9930
vn 0.1523 0.2622 -0.9529
vn -0.7139 0.6989 -0.0441
vn -0.6501 0.5815 -0.4892
vn 0.2854 0.4925 -0.8222
vn -0.4073 0.7445 -0.5291
vn -0.5287 0.7098 -0.4655
vn -0.8330 0.5509 -0.0512
vn -0.2782 0.9495 0.1453
vn 0.1659 0.2872 0.9434
vn -0.5532 0.5552 0.6211
vn -0.6880 0.7073 0.1623
vn -0.2931 0.9557 -0.0286
vn 0.4746 0.8204 0.3190
vn -0.9865 0.0216 0.1624
vn -0.3336 0.9205 0.2034
vn 0.0304 0.0501 0.9983
vn -0.5439 0.3621 0.7570
vn -0.7954 0.5525 0.2490
vn -0.4035 0.8446 0.3520
vn 0.2835 0.4911 0.8237
vn -0.9918 -0.0509 -0.1171
vn -0.4910 0.6788 0.5460
vn -0.8061 -0.1511 0.5721
vn -0.3354 -0.5827 0.7402
vn -0.4769 -0.8254 0.3021
vn -0.9537 -0.1731 -0.2459
vn -0.9335 0.0502 0.3551
vn -0.8105 0.5855 0.0169
vn -0.8978 -0.0519 0.4373
vn -0.5543 0.8139 0.1742
vn -0.9430 -0.1762 0.2824
vn -0.4601 -0.7961 0.3931
vn -0.8520 0.4855 0.1959
vn -0.9708 -0.2329 0.0577
vn -0.4974 -0.8628 0.0904
vn -0.4850 -0.8418 -0.2368
vn -0.9190 0.3867 0.0771
vn -0.9624 -0.2134 -0.1679
vn -0.3998 -0.6928 -0.6001
vn -0.6911 0.4955 0.5262
vn -0.9008 -0.1187 -0.4177
vn -0.7613 0.6155 0.2039
vn -0.4099 0.7821 0.4695
vn -0.8646 0.5021 -0.0189
vn -0.2536 0.9401 0.2276
vn 0.4753 0.8237 0.3092
vn -0.7158 0.6983 0.0004
vn -0.2383 0.9652 -0.1080
vn 0.4946 0.8570 -0.1445
vn 0.4284 0.7408 -0.5174
vn -0.3227 0.8702 -0.3723
vn -0.4264 0.7049 -0.5668
vn -0.8869 0.4346 -0.1566
vn -0.5525 0.4903 -0.6740
vn -0.0779 -0.1315 -0.9882
vn -0.7976 0.0643 -0.5998
vn -0.6788 0.2721 -0.6820
vn 0.3325 0.5779 -0.7453
vn 0.9612 0.2344 0.1452
vn 0.4871 0.8445 0.2227
vn 0.8484 0.0194 -0.5290
vn 0.7567 -0.2017 0.6219
vn 0.4107 0.7105 0.5714
vn 0.9566 -0.2425 0.1615
vn 0.9621 -0.2689 -0.0443
vn 0.9742 0.2237 -0.0286
vn 0.5005 0.8655 -0.0218
vn 0.8913 0.0744 0.4472
vn 0.3853 0.6655 0.6393
vn 0.4804 0.8288 0.2869
vn 0.9644 0.1695 0.2028
vn 0.5875 -0.2892 0.7558
vn 0.8761 -0.4128 0.2490
vn 0.0056 0.0084 0.9999
vn 0.5118 -0.8437 0.1623
vn 0.9333 0.0730 0.3517
vn 0.3851 0.6672 0.6376
vn 0.4517 -0.8844 -0.1174
vn 0.8331 -0.0846 0.5465
vn 0.3282 -0.9122 -0.2452
vn 0.2737 -0.7731 0.5722
vn -0.4697 -0.8145 -0.3406
vn -0.4963 -0.8594 -0.1227
vn 0.5100 -0.7834 0.3552
vn -0.3889 -0.6730 0.6291
vn -0.3486 -0.6040 0.7167
vn 0.8936 -0.4460 -0.0512
vn 0.4039 -0.8035 0.4373
vn -0.3856 -0.6678 0.6367
vn 0.9124 -0.4090 0.0161
vn 0.3189 -0.9047 0.2825
vn 0.8462 -0.4953 0.1964
vn 0.2868 -0.9564 0.0556
vn 0.7928 -0.6052 0.0725
vn 0.2972 -0.9403 -0.1656
vn 0.8628 -0.5050 -0.0223
vn 0.3494 -0.8382 -0.4187
vn -0.2500 -0.4314 -0.8668
vn 0.4609 -0.6583 -0.5951
vn 0.5756 -0.4547 -0.6797
vn 0.7096 -0.2211 -0.6690
vn 0.1133 0.1971 -0.9738
vn 0.8291 0.0006 -0.5591
vn 0.2965 0.5116 -0.8064
vn 0.9136 -0.3510 0.2051
vn 0.9147 0.1588 -0.3717
vn 0.9608 -0.2774 -0.0044
vn 0.9550 0.2766 -0.1075
vn 0.9409 0.2508 0.2276
vn 0.3514 0.6095 0.7107
vn 0.8824 0.0361 0.4692
vn 0.7740 -0.3513 0.5268
vn 0.9820 -0.0724 0.1745
vn 0.4996 0.8645 0.0548
vn 0.8794 -0.1032 -0.4648
vn 0.8289 -0.2730 -0.4883
vn 0.7353 -0.4695 -0.4888
vn -0.2198 -0.3815 -0.8978
vn 0.5998 -0.6279 -0.4959
vn 0.9661 0.1715 0.1930
vn 0.8142 -0.0174 -0.5804
vn 0.2771 0.4763 -0.8344
vn 0.4216 -0.6974 -0.5796
vn -0.4788 -0.8299 0.2864
vn 0.2198 0.3811 -0.8980
vn 0.3330 -0.9229 0.1932
vn 0.8441 -0.2057 -0.4951
vn 0.3797 -0.8095 0.4478
vn -0.4961 -0.8627 -0.0980
vn 0.7743 -0.4018 -0.4889
vn -0.1528 -0.2635 -0.9525
vn 0.7140 -0.6987 -0.0443
vn 0.6494 -0.5817 -0.4898
vn 0.4072 -0.7449 -0.5284
vn -0.3319 -0.5777 -0.7457
vn 0.5272 -0.7097 -0.4674
vn 0.8330 -0.5509 -0.0512
vn 0.2784 -0.9494 0.1454
vn -0.4859 -0.8453 0.2223
vn -0.1659 -0.2883 0.9431
vn 0.5532 -0.5550 0.6213
vn -0.4132 -0.7088 0.5717
vn 0.6871 -0.7080 0.1633
vn 0.2904 -0.9565 -0.0278
vn 0.9865 -0.0219 0.1624
vn 0.3324 -0.9210 0.2033
vn -0.0302 -0.0514 0.9982
vn 0.5440 -0.3641 0.7560
vn -0.0075 -0.0146 0.9999
vn 0.7967 -0.5507 0.2491
vn 0.4041 -0.8446 0.3512
vn 0.9917 0.0524 -0.1171
vn 0.4912 -0.6789 0.5457
vn 0.8063 0.1507 0.5720
vn 0.3363 0.5814 0.7408
vn 0.4706 0.8138 -0.3410
vn 0.4770 0.8252 0.3025
vn 0.9536 0.1731 -0.2462
vn 0.9336 -0.0505 0.3547
vn 0.8105 -0.5855 0.0160
vn 0.8978 0.0522 0.4374
vn 0.5535 -0.8148 0.1722
vn 0.9430 0.1759 0.2823
vn 0.8521 -0.4856 0.1954
vn 0.9711 0.2318 0.0574
vn 0.4859 0.8414 -0.2368
vn 0.9190 -0.3866 0.0772
vn 0.9627 0.2123 -0.1679
vn 0.4009 0.6921 -0.6002
vn 0.6910 -0.4947 0.5271
vn 0.9012 0.1178 -0.4171
vn 0.2511 0.4311 -0.8666
vn 0.4097 -0.7823 0.4692
vn 0.7611 -0.6157 0.2043
vn 0.2534 -0.9401 0.2279
vn -0.4750 -0.8239 0.3093
vn 0.8647 -0.5020 -0.0188
vn 0.7151 -0.6990 0.0002
vn 0.2380 -0.9654 -0.1069
vn -0.4285 -0.7408 -0.5173
vn 0.3230 -0.8701 -0.3723
vn -0.2962 -0.5123 -0.8061
vn 0.4272 -0.7046 -0.5666
vn 0.8869 -0.4344 -0.1569
vn 0.5522 -0.4905 -0.6741
vn 0.7976 -0.0643 -0.5998
vn 0.6789 -0.2730 -0.6815
vn -0.9608 -0.2361 0.1451
vn -0.8483 -0.0207 -0.5291
vn -0.7570 0.2018 0.6215
vn -0.9565 0.2430 0.1616
vn -0.9624 0.2680 -0.0446
vn -0.9740 -0.2248 -0.0283
vn -0.5023 -0.8644 -0.0211
vn -0.8911 -0.0758 0.4475
vn -0.3847 -0.6654 0.6397
vn -0.9641 -0.1713 0.2031
vn -0.4751 -0.8200 0.3193
vn -0.5869 0.2897 0.7561
vn -0.8760 0.4134 0.2482
vn -0.5113 0.8438 0.1628
vn -0.9336 -0.0723 0.3511
vn -0.3854 -0.6677 0.6369
vn -0.2836 -0.4909 0.8237
vn -0.4501 0.8853 -0.1171
vn -0.8334 0.0853 0.5461
vn -0.3264 0.9125 -0.2466
vn -0.2721 0.7753 0.5699
vn 0.4967 0.8593 -0.1223
vn -0.5107 0.7833 0.3546
vn 0.3889 0.6731 0.6290
vn 0.3491 0.6034 0.7170
vn -0.8935 0.4461 -0.0512
vn -0.4020 0.8041 0.4379
vn 0.3873 0.6669 0.6366
vn -0.9123 0.4091 0.0161
vn -0.3183 0.9048 0.2829
vn 0.4607 0.7959 0.3929
vn -0.8463 0.4953 0.1962
vn -0.2872 0.9562 0.0555
vn 0.4984 0.8622 0.0904
vn -0.7929 0.6050 0.0723
vn -0.2974 0.9402 -0.1658
vn -0.8627 0.5053 -0.0224
vn -0.3487 0.8386 -0.4185
vn -0.4607 0.6585 -0.5951
vn 0.0781 0.1318 -0.9882
vn -0.5760 0.4544 -0.6795
vn -0.7096 0.2204 -0.6693
vn -0.1131 -0.1971 -0.9738
vn -0.8292 -0.0000 -0.5589
vn -0.9137 0.3507 0.2054
vn -0.9146 -0.1598 -0.3714
vn -0.9608 0.2771 -0.0042
vn -0.9550 -0.2765 -0.1075
vn -0.4946 -0.8571 -0.1439
vn -0.9406 -0.2518 0.2278
vn -0.3510 -0.6101 0.7103
vn -0.8821 -0.0372 0.4696
vn -0.7741 0.3516 0.5265
vn -0.9821 0.0719 0.1743
vn -0.5018 -0.8634 0.0531
vn -0.8790 0.1026 -0.4656
vn -0.2862 -0.4916 -0.8225
vn -0.8283 0.2725 -0.4895
vn -0.7353 0.4692 -0.4891
vn 0.0593 0.1025 -0.9930
vn -0.5998 0.6283 -0.4955
vn -0.9660 -0.1718 0.1930
vn -0.8157 0.0147 -0.5783
vn -0.2750 -0.4757 -0.8355
vn 0.4863 -0.8451 0.2221
vn 0.9611 -0.2351 0.1449
vn 0.3317 -0.5774 -0.7460
vn 0.1657 -0.2882 0.9431
vn 0.8481 -0.0204 -0.5295
vn 0.7567 0.2022 0.6216
vn 0.4126 -0.7093 0.5715
vn 0.4966 -0.8624 -0.0979
vn 0.9567 0.2427 0.1609
vn 0.9624 0.2680 -0.0446
vn 0.9739 -0.2250 -0.0285
vn 0.8912 -0.0753 0.4474
vn 0.4797 -0.8293 0.2866
vn 0.9640 -0.1716 0.2031
vn 0.5880 0.2891 0.7555
vn 0.0297 -0.0498 0.9983
vn 0.8761 0.4131 0.2485
vn 0.5115 0.8438 0.1627
vn 0.9335 -0.0726 0.3513
vn 0.2837 -0.4909 0.8237
vn 0.4508 0.8849 -0.1171
vn 0.8333 0.0839 0.5465
vn 0.3274 0.9123 -0.2461
vn 0.2728 0.7750 0.5700
vn -0.3360 0.5818 0.7407
vn -0.4963 0.8595 -0.1223
vn -0.4770 0.8252 0.3026
vn 0.5106 0.7832 0.3547
vn 0.8935 0.4460 -0.0512
vn 0.4021 0.8041 0.4379
vn 0.9125 0.4089 0.0161
vn 0.3184 0.9048 0.2827
vn 0.2841 0.9571 0.0573
vn -0.4981 0.8624 0.0904
vn 0.7956 0.6017 0.0705
vn 0.2957 0.9413 -0.1628
vn -0.4856 0.8415 -0.2367
vn 0.8464 0.4952 0.1958
vn 0.3491 0.8414 -0.4126
vn 0.8631 0.5044 -0.0243
vn 0.4609 0.6585 -0.5950
vn -0.0776 0.1325 -0.9881
vn 0.5743 0.4555 -0.6802
vn 0.7098 0.2216 -0.6686
vn 0.1123 -0.1984 -0.9737
vn 0.9130 0.3518 0.2065
vn 0.8287 -0.0005 -0.5597
vn 0.2949 -0.5133 -0.8059
vn 0.9609 0.2769 -0.0031
vn 0.9145 -0.1570 -0.3730
vn 0.4286 -0.7401 -0.5183
vn 0.9545 -0.2781 -0.1078
vn 0.4960 -0.8563 -0.1439
vn 0.9402 -0.2527 0.2285
vn 0.3513 -0.6098 0.7104
vn 0.8816 -0.0368 0.4706
vn 0.7740 0.3518 0.5265
vn 0.9819 0.0730 0.1746
vn 0.8795 0.1035 -0.4645
vn 0.2876 -0.4908 -0.8224
vn 0.8288 0.2730 -0.4885
vn 0.7356 0.4692 -0.4886
vn -0.0586 0.1029 -0.9930
vn -0.2190 0.3817 -0.8980
vn 0.6000 0.6282 -0.4954
vn 0.9663 -0.1704 0.1929
vn 0.8158 0.0170 -0.5780
vn 0.2768 -0.4751 -0.8353
vn -0.4207 -0.6974 -0.5802
vn -0.3336 -0.9228 0.1929
vn 0.3849 -0.6652 0.6398
vn -0.8437 -0.2057 -0.4959
vn -0.3801 -0.8093 0.4479
vn -0.7743 -0.4016 -0.4892
vn 0.1543 -0.2622 -0.9526
vn -0.7135 -0.6992 -0.0444
vn -0.6491 -0.5817 -0.4901
vn -0.4067 -0.7449 -0.5288
vn -0.5271 -0.7097 -0.4675
vn 0.5044 -0.8618 0.0538
vn -0.8329 -0.5510 -0.0512
vn -0.6871 -0.7080 0.1632
vn -0.2789 -0.9493 0.1453
vn -0.5535 -0.5551 0.6209
vn -0.5531 -0.8147 0.1743
vn -0.2907 -0.9564 -0.0278
vn 0.5018 -0.8647 -0.0214
vn 0.4754 -0.8198 0.3193
vn -0.8106 -0.5854 0.0168
vn -0.3313 -0.9212 0.2039
vn -0.9865 -0.0219 0.1623
vn -0.5429 -0.3647 0.7565
vn 0.0075 -0.0128 0.9999
vn -0.7963 -0.5512 0.2492
vn 0.3856 -0.6675 0.6370
vn -0.9336 -0.0506 0.3548
vn -0.4034 -0.8446 0.3519
vn -0.9917 0.0525 -0.1170
vn -0.3889 0.6730 0.6291
vn -0.4701 0.8141 -0.3410
vn -0.3494 0.6034 0.7169
vn -0.9536 0.1733 -0.2462
vn -0.8979 0.0518 0.4372
vn -0.3877 0.6666 0.6366
vn -0.8061 0.1511 0.5721
vn -0.4911 -0.6790 0.5457
vn -0.9431 0.1756 0.2822
vn -0.4611 0.7956 0.3928
vn -0.8524 -0.4844 0.1969
vn -0.9710 0.2322 0.0576
vn -0.9192 -0.3875 0.0700
vn -0.9630 0.2146 -0.1629
vn -0.3999 0.6928 -0.6001
vn -0.6883 -0.4942 0.5311
vn -0.9030 0.1184 -0.4130
vn -0.2492 0.4321 -0.8667
vn -0.4144 -0.7858 0.4591
vn -0.7576 -0.6273 0.1803
vn -0.2825 -0.9364 0.2084
vn 0.4759 -0.8232 0.3095
vn -0.8666 -0.4986 -0.0180
vn -0.8009 -0.0697 -0.5947
vn -0.2565 -0.9617 -0.0968
vn -0.6792 -0.2778 -0.6793
vn -0.5474 -0.4986 -0.6721
vn -0.7621 -0.6388 -0.1053
vn -0.4107 -0.7099 -0.5721
vn -0.3052 -0.8755 -0.3746
vn -0.9477 -0.0000 0.3193
vn -0.0582 -0.0000 0.9983
vn -0.0428 -0.6527 0.7564
vn -0.0114 -0.0003 0.9999
vn -0.6290 -0.7505 0.2027
vn -0.9998 -0.0000 -0.0213
vn -0.0796 -0.9653 0.2486
vn -0.6809 -0.7318 -0.0283
vn -0.5293 -0.7722 0.3516
vn -0.2686 -0.9495 0.1623
vn -0.3412 -0.7659 0.5450
vn 0.4745 -0.8651 0.1626
vn 0.5340 -0.6232 0.5713
vn 0.6722 -0.0001 0.7403
vn 0.9401 -0.0001 -0.3408
vn 0.6271 -0.7388 -0.2469
vn 0.5404 -0.8333 -0.1166
vn 0.9925 -0.0004 -0.1222
vn 0.4229 -0.8339 0.3547
vn -0.0606 -0.9968 -0.0517
vn 0.4940 -0.7514 0.4374
vn 0.9196 -0.0000 0.3929
vn -0.1020 -0.9946 0.0165
vn 0.6245 -0.7282 0.2824
vn 0.9959 -0.0000 0.0904
vn 0.0054 -0.9806 0.1962
vn 0.6865 -0.7248 0.0574
vn 0.1232 -0.9899 0.0703
vn 0.6674 -0.7267 -0.1629
vn 0.9716 -0.0002 -0.2366
vn -0.1523 -0.9666 0.2061
vn 0.5541 -0.7228 -0.4129
vn 0.8000 -0.0003 -0.6001
vn 0.4988 -0.0005 -0.8667
vn 0.0048 -0.9997 -0.0246
vn 0.3390 -0.7291 -0.5945
vn 0.1078 -0.7249 -0.6804
vn -0.1616 -0.7262 -0.6682
vn -0.2408 -0.9706 -0.0034
vn -0.4159 -0.7169 -0.5596
vn -0.5936 -0.7133 -0.3727
vn -0.7173 -0.6883 -0.1081
vn -0.6879 -0.6891 0.2280
vn -0.4725 -0.7455 0.4701
vn -0.0831 -0.8465 0.5259
vn -0.4278 -0.8867 0.1751
vn -0.3508 -0.8129 -0.4649
vn -0.5692 -0.0009 -0.8222
vn -0.1789 -0.8539 -0.4888
vn 0.0394 -0.8717 -0.4885
vn 0.1186 -0.0012 -0.9929
vn 0.4402 -0.0007 -0.8979
vn -0.2486 -0.9676 -0.0444
vn 0.2443 -0.8332 -0.4961
vn -0.2043 -0.7564 0.6214
vn -0.3948 -0.7120 -0.5807
vn -0.5495 -0.0010 -0.8355
vn -0.9582 -0.0003 0.2862
vn -0.6841 -0.7148 0.1452
vn -0.9749 -0.0002 0.2225
vn -0.6312 -0.7516 0.1916
vn -0.4419 -0.7245 -0.5290
vn -0.5107 -0.7339 0.4478
vn -0.0428 0.6527 0.7564
vn -0.6290 0.7505 0.2027
vn -0.0806 0.9652 0.2486
vn -0.6811 0.7317 -0.0282
vn -0.8208 0.0003 0.5712
vn -0.5287 0.7728 0.3509
vn -0.7705 -0.0002 0.6375
vn -0.5669 -0.0001 0.8238
vn -0.2694 0.9494 0.1616
vn -0.3426 0.7644 0.5462
vn 0.4745 0.8653 0.1619
vn 0.5333 0.6243 0.5708
vn 0.6277 0.7386 -0.2458
vn 0.5406 0.8331 -0.1169
vn 0.9533 -0.0001 0.3022
vn 0.7775 0.0007 0.6289
vn 0.4232 0.8338 0.3545
vn 0.6972 0.0005 0.7169
vn -0.0603 0.9969 -0.0511
vn 0.4941 0.7512 0.4377
vn 0.7712 -0.0001 0.6366
vn -0.1022 0.9946 0.0170
vn 0.6247 0.7280 0.2824
vn 0.0052 0.9805 0.1964
vn 0.6845 0.7269 0.0554
vn 0.1278 0.9893 0.0709
vn 0.6660 0.7274 -0.1652
vn 0.0056 0.9997 -0.0226
vn 0.5517 0.7213 -0.4187
vn 0.3397 0.7282 -0.5952
vn 0.1534 0.0005 -0.9882
vn 0.1060 0.7260 -0.6795
vn -0.1633 0.7250 -0.6691
vn -0.2277 0.0009 -0.9737
vn -0.4152 0.7176 -0.5591
vn -0.5918 -0.0008 -0.8061
vn -0.8555 -0.0014 -0.5178
vn -0.1531 0.9668 0.2048
vn -0.5949 0.7129 -0.3714
vn -0.9895 -0.0002 -0.1444
vn -0.2401 0.9707 -0.0045
vn -0.7165 0.6892 -0.1075
vn -0.6874 0.6899 0.2272
vn -0.9510 -0.0002 0.3091
vn -0.7036 -0.0004 0.7106
vn -0.4723 0.7463 0.4691
vn -0.0833 0.8464 0.5260
vn -0.4283 0.8865 0.1749
vn -0.9985 -0.0004 0.0546
vn -0.3508 0.8126 -0.4654
vn -0.1775 0.8542 -0.4888
vn -0.3038 -0.0019 -0.9527
vn 0.0395 0.8712 -0.4893
vn -0.2491 0.9675 -0.0433
vn 0.2443 0.8332 -0.4962
vn -0.2047 0.7556 0.6222
vn -0.3320 -0.0001 0.9433
vn -0.3950 0.7116 -0.5810
vn -0.6817 0.7172 0.1447
vn -0.6325 0.7504 0.1920
vn -0.4425 0.7237 -0.5296
vn -0.6662 -0.0001 -0.7457
vn -0.9952 -0.0000 -0.0977
vn -0.5104 0.7341 0.4478
vn -0.7688 -0.0003 0.6394
vn 0.0411 0.6527 0.7565
vn 0.0117 -0.0003 0.9999
vn 0.6287 0.7507 0.2029
vn 0.0807 0.9652 0.2487
vn 0.6800 0.7326 -0.0284
vn 0.8199 0.0003 0.5725
vn 0.5291 0.7725 0.3511
vn 0.7705 -0.0002 0.6375
vn 0.5669 -0.0001 0.8238
vn 0.2688 0.9497 0.1605
vn 0.3429 0.7642 0.5463
vn -0.4752 0.8648 0.1622
vn -0.5331 0.6246 0.5707
vn -0.6722 -0.0001 0.7404
vn -0.9401 -0.0001 -0.3409
vn -0.6273 0.7390 -0.2457
vn -0.5408 0.8330 -0.1168
vn -0.9925 -0.0004 -0.1220
vn -0.9534 -0.0001 0.3019
vn -0.4231 0.8340 0.3542
vn 0.0603 0.9969 -0.0511
vn -0.4944 0.7509 0.4379
vn 0.1021 0.9946 0.0172
vn -0.6245 0.7281 0.2826
vn -0.9959 -0.0001 0.0907
vn -0.0051 0.9806 0.1961
vn -0.6869 0.7244 0.0577
vn -0.1233 0.9899 0.0704
vn -0.6675 0.7266 -0.1630
vn -0.9716 -0.0003 -0.2366
vn 0.1522 0.9666 0.2062
vn -0.5537 0.7230 -0.4131
vn -0.7998 -0.0004 -0.6002
vn -0.4987 -0.0006 -0.8668
vn -0.0047 0.9997 -0.0246
vn -0.3396 0.7284 -0.5950
vn -0.1536 -0.0019 -0.9881
vn -0.1075 0.7251 -0.6802
vn 0.1626 0.7254 -0.6688
vn 0.2407 0.9706 -0.0033
vn 0.4159 0.7163 -0.5604
vn 0.5941 0.7126 -0.3733
vn 0.9895 -0.0002 -0.1442
vn 0.7192 0.6864 -0.1077
vn 0.6891 0.6877 0.2284
vn 0.9509 -0.0002 0.3094
vn 0.7037 -0.0004 0.7105
vn 0.4728 0.7451 0.4704
vn 0.0832 0.8464 0.5261
vn 0.4290 0.8862 0.1752
vn 0.3507 0.8130 -0.4647
vn 0.1774 0.8544 -0.4885
vn -0.0394 0.8712 -0.4893
vn -0.1185 -0.0012 -0.9930
vn -0.4401 -0.0007 -0.8979
vn 0.2494 0.9674 -0.0434
vn -0.2442 0.8332 -0.4962
vn 0.2044 0.7557 0.6222
vn 0.3949 0.7123 -0.5802
vn 0.9581 -0.0003 0.2865
vn 0.6826 0.7164 0.1446
vn 0.6311 0.7515 0.1919
vn 0.4437 0.7226 -0.5300
vn 0.6657 -0.0001 -0.7462
vn 0.9952 -0.0000 -0.0979
vn 0.5095 0.7349 0.4476
vn 0.0411 -0.6527 0.7565
vn 0.0592 -0.0000 0.9982
vn 0.9475 -0.0000 0.3197
vn 0.6287 -0.7507 0.2029
vn 0.9998 -0.0000 -0.0216
vn 0.0798 -0.9653 0.2487
vn 0.6799 -0.7327 -0.0285
vn 0.5297 -0.7718 0.3517
vn 0.2680 -0.9498 0.1613
vn 0.3414 -0.7657 0.5451
vn -0.4752 -0.8646 0.1629
vn -0.5338 -0.6235 0.5712
vn -0.6267 -0.7392 -0.2468
vn -0.5406 -0.8332 -0.1165
vn -0.7777 0.0007 0.6287
vn -0.4229 -0.8340 0.3544
vn -0.6970 0.0004 0.7171
vn 0.0606 -0.9968 -0.0517
vn -0.4943 -0.7512 0.4375
vn -0.7711 -0.0001 0.6367
vn -0.9195 -0.0000 0.3930
vn 0.1019 -0.9947 0.0167
vn -0.6242 -0.7284 0.2824
vn -0.0055 -0.9805 0.1964
vn -0.6845 -0.7269 0.0557
vn -0.1276 -0.9892 0.0718
vn -0.6654 -0.7279 -0.1656
vn -0.0057 -0.9997 -0.0225
vn -0.5515 -0.7215 -0.4187
vn -0.3391 -0.7289 -0.5947
vn -0.1057 -0.7259 -0.6796
vn 0.1627 -0.7254 -0.6688
vn 0.2274 -0.0016 -0.9738
vn 0.4156 -0.7174 -0.5591
vn 0.5914 0.0004 -0.8064
vn 0.8554 0.0007 -0.5180
vn 0.1532 -0.9668 0.2046
vn 0.5958 -0.7120 -0.3716
vn 0.2400 -0.9708 -0.0047
vn 0.7170 -0.6888 -0.1076
vn 0.6877 -0.6894 0.2275
vn 0.4728 -0.7460 0.4690
vn 0.0830 -0.8464 0.5260
vn 0.4285 -0.8863 0.1754
vn 0.9985 -0.0004 0.0550
vn 0.3508 -0.8133 -0.4642
vn 0.5693 -0.0009 -0.8221
vn 0.1788 -0.8540 -0.4885
vn 0.3032 -0.0019 -0.9529
vn -0.0394 -0.8717 -0.4885
vn 0.2489 -0.9675 -0.0446
vn -0.2442 -0.8332 -0.4961
vn 0.2040 -0.7564 0.6214
vn 0.3325 -0.0001 0.9431
vn 0.3947 -0.7127 -0.5799
vn 0.5498 -0.0010 -0.8353
vn 0.6849 -0.7140 0.1450
vn 0.9749 -0.0002 0.2226
vn 0.6298 -0.7527 0.1915
vn 0.4431 -0.7235 -0.5294
vn 0.5098 -0.7347 0.4475
vn 0.7692 -0.0003 0.6390
vn -0.4867 0.8446 0.2229
vn -0.9610 0.2354 0.1454
vn -0.3327 0.5781 -0.7450
vn -0.1662 0.2873 0.9433
vn -0.8486 0.0198 -0.5286
vn -0.7570 -0.2012 0.6217
vn -0.4968 0.8623 -0.0982
vn -0.9564 -0.2428 0.1622
vn -0.9621 -0.2689 -0.0443
vn -0.9743 0.2235 -0.0284
vn -0.5009 0.8652 -0.0215
vn -0.8912 0.0749 0.4473
vn -0.9645 0.1693 0.2027
vn -0.5864 -0.2898 0.7564
vn -0.0309 0.0517 0.9982
vn -0.8760 -0.4131 0.2487
vn -0.0057 0.0102 0.9999
vn -0.5116 -0.8437 0.1625
vn -0.9334 0.0727 0.3515
vn -0.2834 0.4911 0.8237
vn -0.4510 -0.8848 -0.1174
vn -0.8332 -0.0860 0.5462
vn -0.3272 -0.9124 -0.2457
vn -0.2731 -0.7734 0.5721
vn 0.4966 -0.8592 -0.1228
vn -0.5100 -0.7834 0.3552
vn 0.3890 -0.6731 0.6290
vn 0.3484 -0.6040 0.7168
vn -0.8935 -0.4461 -0.0512
vn -0.4038 -0.8035 0.4375
vn 0.3852 -0.6680 0.6367
vn -0.9122 -0.4093 0.0162
vn -0.3187 -0.9047 0.2827
vn -0.2843 -0.9570 0.0574
vn -0.7956 -0.6017 0.0706
vn -0.2957 -0.9413 -0.1630
vn -0.8463 -0.4953 0.1962
vn -0.3492 -0.8412 -0.4129
vn 0.2495 -0.4319 -0.8667
vn -0.8631 -0.5044 -0.0245
vn -0.4612 -0.6584 -0.5948
vn 0.0780 -0.1317 -0.9882
vn -0.5738 -0.4558 -0.6804
vn -0.7096 -0.2223 -0.6687
vn -0.9131 -0.3514 0.2067
vn -0.8285 0.0016 -0.5599
vn -0.9611 -0.2762 -0.0030
vn -0.9142 0.1582 -0.3730
vn -0.4321 0.7382 -0.5180
vn -0.9541 0.2792 -0.1080
vn -0.4981 0.8551 -0.1440
vn -0.9401 0.2528 0.2286
vn -0.3512 0.6097 0.7106
vn -0.8815 0.0374 0.4707
vn -0.7741 -0.3511 0.5269
vn -0.9821 -0.0714 0.1743
vn -0.4970 0.8661 0.0541
vn -0.8789 -0.1023 -0.4659
vn -0.2840 0.4933 -0.8222
vn -0.8284 -0.2725 -0.4893
vn -0.1508 0.2635 -0.9528
vn -0.7350 -0.4695 -0.4892
vn 0.0590 -0.1022 -0.9930
vn 0.2206 -0.3810 -0.8979
vn -0.5997 -0.6280 -0.4960
vn -0.9658 0.1729 0.1931
vn -0.8140 -0.0150 -0.5806
vn -0.4795 0.8294 0.2867
vn -0.2754 0.4769 -0.8347
vn 0.4199 0.6978 -0.5803
vn 0.3329 0.9229 0.1935
vn -0.3851 0.6657 0.6392
vn 0.8439 0.2053 -0.4956
vn 0.3802 0.8094 0.4477
vn 0.7743 0.4018 -0.4889
vn 0.7144 0.6983 -0.0439
vn 0.6504 0.5814 -0.4889
vn 0.4078 0.7445 -0.5286
vn 0.5288 0.7098 -0.4654
vn 0.8330 0.5508 -0.0512
vn 0.2777 0.9496 0.1454
vn 0.5529 0.5550 0.6215
vn -0.4112 0.7100 0.5717
vn 0.6880 0.7073 0.1625
vn 0.2928 0.9557 -0.0286
vn -0.4742 0.8205 0.3191
vn 0.9865 0.0216 0.1624
vn 0.3347 0.9203 0.2028
vn 0.5450 0.3615 0.7565
vn 0.7958 0.5520 0.2489
vn -0.3849 0.6674 0.6375
vn 0.4042 0.8445 0.3513
vn 0.9918 -0.0508 -0.1172
vn 0.4912 0.6787 0.5460
vn 0.8063 -0.1507 0.5720
vn 0.3357 -0.5824 0.7403
vn 0.4702 -0.8142 -0.3406
vn 0.4769 -0.8254 0.3020
vn 0.9537 -0.1729 -0.2459
vn 0.9335 0.0502 0.3551
vn 0.8104 0.5856 0.0161
vn 0.8977 -0.0523 0.4375
vn 0.5531 0.8144 0.1754
vn 0.9429 -0.1765 0.2825
vn 0.4597 -0.7963 0.3932
vn 0.8525 0.4838 0.1977
vn 0.9709 -0.2324 0.0574
vn 0.4978 -0.8625 0.0904
vn 0.4855 -0.8415 -0.2369
vn 0.9196 0.3863 0.0711
vn 0.9629 -0.2155 -0.1625
vn 0.3999 -0.6929 -0.6000
vn 0.6865 0.4938 0.5337
vn 0.9031 -0.1191 -0.4126
vn 0.4133 0.7854 0.4608
vn 0.7587 0.6289 0.1700
vn 0.2727 0.9374 0.2164
vn -0.4761 0.8232 0.3094
vn 0.8576 0.5137 -0.0239
vn 0.2664 0.9590 -0.0966
vn 0.3276 0.8737 -0.3595
vn -0.2970 0.5113 -0.8064
vn 0.8006 0.0699 -0.5951
vn 0.4172 0.7108 -0.5664
vn -0.1121 0.1984 -0.9737
vn 0.6815 0.2710 -0.6798
vn 0.5499 0.4957 -0.6722
vn 0.5158 -0.0000 -0.8567
vn 0.9221 -0.3821 -0.0607
vn 0.9222 0.3819 -0.0607
vn 0.3647 -0.3648 -0.8567
vn 0.3647 0.3645 -0.8568
vn 0.7024 0.7023 -0.1157
vn 0.3818 0.9223 -0.0605
vn 0.3522 -0.0000 -0.9359
vn -0.0000 -0.5158 -0.8567
vn -0.0001 -0.9932 -0.1161
vn -0.3821 -0.9221 -0.0607
vn 0.2490 -0.2491 -0.9359
vn 0.2491 0.2490 -0.9359
vn -0.3648 -0.3648 -0.8566
vn -0.9221 -0.3822 -0.0607
vn -0.0000 -0.3522 -0.9359
vn -0.5158 0.0001 -0.8567
vn -0.2491 -0.2491 -0.9359
vn -0.9221 0.3820 -0.0607
vn -0.0000 -0.0000 -1.0000
vn -0.3523 -0.0000 -0.9359
vn -0.2490 0.2491 -0.9359
vn -0.3647 0.3647 -0.8567
vn -0.7023 0.7024 -0.1158
vn -0.0000 0.3522 -0.9359
vn -0.0000 0.5157 -0.8568
vn -0.0001 0.9932 -0.1162
vn -0.0000 0.6027 0.7979
vn -0.0000 0.0011 1.0000
vn -0.0809 0.6010 0.7952
vn 0.0809 0.6009 0.7952
vn -0.3446 0.5136 0.7858
vn 0.6064 0.1205 0.7860
vn -0.6059 -0.1202 0.7864
vn 0.5140 -0.3434 0.7861
vn 0.3434 -0.5139 0.7861
vn 0.3265 -0.1400 -0.9348
vn 0.3521 0.0424 -0.9350
vn 0.2813 -0.1863 -0.9414
vn -0.0423 -0.3525 -0.9348
vn -0.0309 0.3405 -0.9398
vn -0.1488 0.3067 -0.9401
vn -0.2808 0.1865 -0.9415
vn -0.3531 0.0412 -0.9347
vn -0.7000 0.5884 0.4047
vn -0.9089 0.3969 -0.1281
vn -0.3434 0.3978 0.8508
vn -0.5848 -0.7961 0.1560
vn -0.4281 -0.7959 0.4281
vn -0.5291 0.7887 0.3131
vn -0.9024 0.3863 0.1910
vn -0.6492 0.3974 0.6485
vn -0.8098 0.3831 0.4443
vn -0.7532 -0.6577 -0.0004
vn -0.8511 0.3965 0.3442
vn -0.3770 -0.6578 0.6521
vn -0.8094 0.5873 -0.0007
vn -0.4051 0.5870 0.7010
vn -0.7241 0.3964 -0.5644
vn -0.5355 0.8443 0.0199
vn -0.8866 0.3976 -0.2362
vn -0.9091 0.3966 0.1273
vn -0.6524 -0.6581 -0.3759
vn -0.5362 0.7885 -0.3011
vn -0.7005 0.5886 -0.4035
vn -0.3448 0.3974 -0.8504
vn -0.6182 0.3860 -0.6847
vn -0.5065 0.8389 -0.1993
vn -0.7900 0.3832 -0.4786
vn -0.2853 0.8444 -0.4534
vn -0.4050 0.5869 -0.7010
vn 0.1264 0.3967 -0.9092
vn -0.1565 -0.7956 -0.5853
vn -0.2371 0.3973 -0.8865
vn -0.5629 0.3973 -0.7248
vn -0.0003 -0.6585 -0.7526
vn -0.0069 0.7883 -0.6153
vn -0.0006 0.5888 -0.8083
vn 0.5633 0.3970 -0.7246
vn 0.1567 -0.7957 -0.5850
vn -0.0800 0.8388 -0.5385
vn 0.2848 0.3862 -0.8774
vn 0.2508 0.8443 -0.4736
vn 0.0205 0.3834 -0.9234
vn 0.4051 0.5870 -0.7009
vn 0.8511 0.3965 -0.3442
vn 0.4282 -0.7959 -0.4280
vn 0.6492 0.3973 -0.6486
vn 0.3448 0.3974 -0.8504
vn 0.5300 0.7879 -0.3137
vn 0.7005 0.5886 -0.4035
vn 0.9089 0.3975 0.1263
vn 0.4266 0.8385 -0.3389
vn 0.9023 0.3858 -0.1922
vn -0.0001 1.0000 -0.0004
vn 0.8091 0.3840 -0.4450
vn 0.7535 -0.6575 -0.0009
vn 0.5354 0.8444 -0.0201
vn 0.8097 0.5869 -0.0012
vn 0.7242 0.3975 0.5635
vn 0.5061 0.8390 0.1999
vn 0.8870 0.3971 0.2356
vn -0.4261 0.8390 0.3386
vn 0.9086 0.3978 -0.1275
vn 0.5362 0.7883 0.3018
vn 0.7000 0.5884 0.4047
vn 0.3434 0.3978 0.8508
vn 0.4281 -0.7959 0.4281
vn 0.6181 0.3861 0.6847
vn 0.2854 0.8444 0.4533
vn 0.7900 0.3833 0.4786
vn 0.0804 0.8393 0.5377
vn 0.4050 0.5870 0.7010
vn -0.1264 0.3968 0.9092
vn 0.1571 -0.7958 0.5848
vn 0.2382 0.3974 0.8862
vn 0.0070 0.7892 0.6141
vn 0.5658 0.3980 0.7222
vn -0.0003 -0.6573 0.7536
vn -0.2509 0.8445 0.4732
vn -0.0006 0.5879 0.8089
vn -0.5654 0.3983 0.7223
vn -0.2839 0.3858 0.8778
vn -0.0207 0.3833 0.9234
vn 0.7005 -0.5876 0.4051
vn 0.6521 0.6577 0.3770
vn 0.9079 -0.3991 -0.1279
vn 0.3421 -0.3994 0.8506
vn 0.5856 0.7954 0.1564
vn 0.4281 0.7959 0.4281
vn 0.5291 -0.7885 0.3136
vn 0.9031 -0.3842 0.1916
vn 0.6497 -0.3959 0.6490
vn 0.8090 -0.3855 0.4437
vn 0.7536 0.6574 -0.0004
vn 0.8509 -0.3980 0.3430
vn 0.8101 -0.5862 -0.0007
vn 0.4054 -0.5863 0.7014
vn 0.7225 -0.3989 -0.5647
vn 0.5354 -0.8443 0.0198
vn 0.8874 -0.3956 -0.2368
vn 0.9081 -0.3989 0.1272
vn 0.5235 -0.7819 -0.3384
vn 0.7010 -0.5878 -0.4039
vn 0.3435 -0.3990 -0.8502
vn 0.6475 -0.4031 -0.6467
vn 0.5061 -0.8391 -0.1994
vn 0.8509 -0.3979 -0.3431
vn 0.3770 0.6577 -0.6521
vn 0.2831 -0.8419 -0.4594
vn 0.4053 -0.5863 -0.7014
vn -0.1278 -0.3984 -0.9083
vn 0.1564 0.7955 -0.5854
vn 0.2367 -0.3960 -0.8872
vn 0.5629 -0.3991 -0.7238
vn -0.0004 0.6585 -0.7526
vn 0.0071 -0.7886 -0.6149
vn -0.0006 -0.5882 -0.8087
vn -0.5633 -0.3989 -0.7235
vn -0.1565 0.7955 -0.5854
vn 0.0801 -0.8390 -0.5383
vn -0.2840 -0.3847 -0.8783
vn -0.2503 -0.8445 -0.4735
vn -0.0206 -0.3849 -0.9227
vn -0.4055 -0.5864 -0.7012
vn -0.8508 -0.3983 -0.3427
vn -0.7037 -0.7039 0.0961
vn -0.6495 -0.3962 -0.6490
vn -0.3436 -0.3990 -0.8502
vn -0.0002 -1.0000 0.0046
vn -0.5290 -0.7886 -0.3135
vn -0.7009 -0.5879 -0.4038
vn -0.9083 -0.3982 0.1283
vn -0.5848 0.7960 -0.1561
vn -0.4262 -0.8388 -0.3389
vn -0.9028 -0.3850 -0.1916
vn -0.0003 -1.0000 -0.0002
vn -0.8090 -0.3847 -0.4444
vn 0.7037 -0.7039 0.0962
vn -0.5353 -0.8444 -0.0202
vn -0.8099 -0.5866 -0.0012
vn -0.7234 -0.3982 0.5640
vn -0.5848 0.7960 0.1559
vn -0.5065 -0.8387 0.1998
vn -0.8875 -0.3963 0.2352
vn 0.4261 -0.8389 0.3387
vn -0.9080 -0.3985 -0.1295
vn 1.0000 -0.0001 0.0046
vn -0.5239 -0.7815 0.3387
vn -0.7004 -0.5877 0.4049
vn -0.3422 -0.3994 0.8505
vn -0.4281 0.7959 0.4281
vn -0.6473 -0.4033 0.6468
vn -0.2832 -0.8419 0.4593
vn -0.8508 -0.3982 0.3428
vn -0.3770 0.6577 0.6521
vn -0.0802 -0.8390 0.5381
vn -0.4054 -0.5864 0.7013
vn 0.1272 -0.3982 0.9084
vn -0.1568 0.7956 0.5852
vn -0.2372 -0.3958 0.8871
vn 0.0312 -0.7820 0.6225
vn -0.5658 -0.3999 0.7211
vn -0.0004 0.6573 0.7537
vn 0.2568 -0.8419 0.4747
vn -0.0006 -0.5873 0.8094
vn 0.5654 -0.4000 0.7213
vn 0.3875 0.9218 0.0061
vn 0.2359 -0.4030 0.8843
vn -0.1277 -0.3982 0.9084
vn -1.0000 -0.0001 0.0046
vn -0.6890 0.7177 0.1012
vn -0.3771 0.9261 0.0108
vn 0.3254 0.1347 -0.9359
vn 0.4769 0.1974 -0.8565
vn 0.1348 0.3254 -0.9359
vn 0.1975 0.4768 -0.8566
vn -0.1348 0.3254 -0.9359
vn -0.1974 0.4768 -0.8565
vn -0.4769 0.1976 -0.8564
vn -0.3254 0.1348 -0.9359
vn -0.3255 -0.1348 -0.9359
vn -0.4770 -0.1976 -0.8564
vn -0.1977 -0.4769 -0.8565
vn -0.1348 -0.3254 -0.9359
vn 0.1348 -0.3254 -0.9359
vn 0.1975 -0.4769 -0.8565
vn 0.4769 -0.1976 -0.8565
vn 0.3254 -0.1348 -0.9359
vn 0.3436 0.8574 0.3831
vn 0.3475 0.7892 -0.5064
vn 0.6152 0.6151 -0.4931
vn 0.6493 0.6493 0.3959
vn 0.7897 0.3474 -0.5056
vn 0.8572 0.3432 0.3840
vn 0.8518 -0.0001 -0.5239
vn 0.9283 -0.0001 0.3718
vn 0.7897 -0.3473 -0.5057
vn 0.8572 -0.3431 0.3839
vn 0.6153 -0.6150 -0.4931
vn 0.6494 -0.6493 0.3959
vn 0.3470 -0.7894 -0.5063
vn 0.3430 -0.8577 0.3830
vn -0.0001 -0.8508 -0.5256
vn -0.0001 -0.9290 0.3702
vn -0.3467 -0.7884 -0.5082
vn -0.3435 -0.8583 0.3813
vn -0.6188 -0.6035 -0.5029
vn -0.6514 -0.6509 0.3899
vn -0.8113 -0.3158 -0.4919
vn -0.8432 -0.3608 0.3985
vn -0.8775 -0.0001 -0.4795
vn -0.9120 -0.0001 0.4102
vn -0.8113 0.3159 -0.4919
vn -0.8432 0.3609 0.3985
vn -0.6186 0.6036 -0.5029
vn -0.6514 0.6509 0.3899
vn -0.3472 0.7881 -0.5083
vn -0.3440 0.8580 0.3814
vn -0.0001 0.8508 -0.5254
vn -0.0001 0.9290 0.3702
vt 0.381348 -0.668457
vt 0.443359 -0.668457
vt 0.443359 -0.606445
vt 0.381348 -0.606445
vt 0.852051 -0.152954
vt 0.831055 -0.152954
vt 0.831055 -0.164307
vt 0.852051 -0.164307
vt 0.852051 -0.141602
vt 0.831055 -0.141602
vt 0.831055 -0.130249
vt 0.852051 -0.130249
vt 0.831055 -0.118896
vt 0.852051 -0.118896
vt 0.831055 -0.107544
vt 0.852051 -0.107544
vt 0.852051 -0.096191
vt 0.831055 -0.096191
vt 0.600098 -0.056824
vt 0.577637 -0.057037
vt 0.578125 -0.078613
vt 0.600586 -0.078613
vt 0.830566 -0.562012
vt 0.825684 -0.562988
vt 0.825684 -0.563477
vt 0.424561 -0.265381
vt 0.421631 -0.264893
vt 0.420898 -0.271973
vt 0.423828 -0.272217
vt 0.821777 -0.562500
vt 0.819824 -0.562012
vt 0.821777 -0.564453
vt 0.819824 -0.574707
vt 0.821777 -0.573730
vt 0.819824 -0.592285
vt 0.819824 -0.579590
vt 0.817383 -0.579590
vt 0.817383 -0.592773
vt 0.460938 -0.933105
vt 0.471436 -0.932129
vt 0.471191 -0.917969
vt 0.460449 -0.918945
vt 0.812988 -0.560547
vt 0.817383 -0.575195
vt 0.817383 -0.561523
vt 0.836426 -0.502930
vt 0.836426 -0.513184
vt 0.857422 -0.512207
vt 0.857422 -0.500000
vt 0.876953 -0.511230
vt 0.876953 -0.497559
vt 0.876465 -0.596680
vt 0.891602 -0.598633
vt 0.891602 -0.583496
vt 0.876465 -0.583496
vt 0.894043 -0.598633
vt 0.894043 -0.583496
vt 0.899414 -0.537598
vt 0.899414 -0.523438
vt 0.894531 -0.523438
vt 0.894531 -0.538574
vt 0.905273 -0.535156
vt 0.905273 -0.522461
vt 0.904785 -0.559082
vt 0.904785 -0.572266
vt 0.906250 -0.572754
vt 0.908203 -0.561523
vt 0.906250 -0.581543
vt 0.908203 -0.592773
vt 0.916992 -0.503418
vt 0.908691 -0.501465
vt 0.908691 -0.532715
vt 0.916992 -0.530762
vt 0.937988 -0.914551
vt 0.937988 -0.918457
vt 0.948730 -0.918457
vt 0.948730 -0.914062
vt 0.963867 -0.480225
vt 0.963379 -0.473389
vt 0.949707 -0.473389
vt 0.951660 -0.477295
vt 0.923828 -0.504395
vt 0.923828 -0.530273
vt 0.931641 -0.527344
vt 0.931641 -0.507324
vt 0.287842 -0.430664
vt 0.281982 -0.430664
vt 0.281982 -0.448242
vt 0.287842 -0.448486
vt 0.892090 -0.538574
vt 0.892090 -0.523438
vt 0.950195 -0.525879
vt 0.950195 -0.508789
vt 0.940430 -0.507812
vt 0.940430 -0.526367
vt 0.892090 -0.511230
vt 0.892090 -0.495850
vt 0.953613 -0.525391
vt 0.953613 -0.509277
vt 0.454102 -0.145142
vt 0.454102 -0.159912
vt 0.479492 -0.160400
vt 0.479248 -0.145508
vt 0.956543 -0.524414
vt 0.956543 -0.510254
vt 0.835938 -0.591797
vt 0.856934 -0.594238
vt 0.857422 -0.582520
vt 0.835938 -0.581543
vt 0.903809 -0.454346
vt 0.905273 -0.447266
vt 0.901855 -0.449219
vt 0.900391 -0.455322
vt 0.668457 -0.679688
vt 0.667969 -0.665527
vt 0.657715 -0.666504
vt 0.657715 -0.680664
vt 0.650391 -0.972168
vt 0.650879 -0.941895
vt 0.643555 -0.942871
vt 0.645020 -0.973145
vt 0.773438 -0.531738
vt 0.773438 -0.502441
vt 0.770020 -0.501465
vt 0.770020 -0.532715
vt 0.937500 -0.835938
vt 0.934082 -0.834961
vt 0.933594 -0.843750
vt 0.937012 -0.841309
vt 0.770020 -0.721680
vt 0.768555 -0.726074
vt 0.778809 -0.730957
vt 0.781250 -0.727051
vt 0.981445 -0.576172
vt 0.981445 -0.578613
vt 0.987793 -0.577148
vt 0.821777 -0.589844
vt 0.821777 -0.581055
vt 0.486572 -0.917969
vt 0.497314 -0.918945
vt 0.497070 -0.896484
vt 0.486816 -0.894531
vt 0.821777 -0.591797
vt 0.502441 -0.676758
vt 0.496582 -0.652344
vt 0.493408 -0.653809
vt 0.499023 -0.678223
vt 0.812988 -0.594238
vt 0.825684 -0.591309
vt 0.830566 -0.592285
vt 0.825684 -0.590820
vt 0.813477 -0.534180
vt 0.813477 -0.500488
vt 0.809082 -0.500000
vt 0.809082 -0.534180
vt 0.332764 -0.620117
vt 0.332031 -0.635254
vt 0.337891 -0.635254
vt 0.336914 -0.620117
vt 0.650879 -0.625000
vt 0.647461 -0.625488
vt 0.649414 -0.626953
vt 0.650879 -0.627441
vt 0.801270 -0.536133
vt 0.804688 -0.534668
vt 0.804688 -0.499512
vt 0.801270 -0.498535
vt 0.795898 -0.499268
vt 0.795898 -0.535156
vt 0.793457 -0.534668
vt 0.793457 -0.500000
vt 0.437012 -0.272217
vt 0.437012 -0.278564
vt 0.437744 -0.278320
vt 0.437988 -0.272217
vt 0.788086 -0.536133
vt 0.791992 -0.535156
vt 0.791992 -0.499512
vt 0.788086 -0.498291
vt 0.970703 -0.909180
vt 0.981934 -0.908691
vt 0.978027 -0.900879
vt 0.970215 -0.901855
vt 0.781250 -0.534180
vt 0.781250 -0.500488
vt 0.776367 -0.501953
vt 0.776367 -0.532715
vt 0.667969 -0.975586
vt 0.670898 -0.976562
vt 0.674316 -0.948242
vt 0.671387 -0.947266
vt 0.861328 -0.647461
vt 0.880371 -0.647949
vt 0.881348 -0.633789
vt 0.860840 -0.627930
vt 0.431641 -0.292236
vt 0.426025 -0.292480
vt 0.426514 -0.298828
vt 0.432617 -0.301025
vt 0.485107 -0.814453
vt 0.495117 -0.814941
vt 0.492676 -0.779785
vt 0.482910 -0.779785
vt 0.758301 -0.501465
vt 0.758301 -0.533203
vt 0.761230 -0.533691
vt 0.761230 -0.500977
vt 0.463135 -0.653320
vt 0.467773 -0.654785
vt 0.470703 -0.624512
vt 0.466797 -0.624023
vt 0.869209 -0.197424
vt 0.880106 -0.196295
vt 0.882812 -0.178589
vt 0.875977 -0.178589
vt 0.753906 -0.921875
vt 0.753906 -0.912109
vt 0.740723 -0.912109
vt 0.736816 -0.920898
vt 0.714844 -0.508789
vt 0.714844 -0.525879
vt 0.728027 -0.528320
vt 0.728027 -0.506348
vt 0.697754 -0.511230
vt 0.697754 -0.523438
vt 0.697266 -0.583496
vt 0.697266 -0.571289
vt 0.683594 -0.572754
vt 0.683594 -0.582031
vt 0.874512 -0.466797
vt 0.878418 -0.461914
vt 0.864258 -0.455322
vt 0.860352 -0.459961
vt 0.658203 -0.520020
vt 0.667480 -0.520996
vt 0.667480 -0.513672
vt 0.658203 -0.514160
vt 0.981934 -0.516113
vt 0.981934 -0.518555
vt 0.988281 -0.517090
vt 0.677734 -0.923340
vt 0.674805 -0.921875
vt 0.668945 -0.946289
vt 0.942383 -0.259277
vt 0.942383 -0.262939
vt 0.953125 -0.262451
vt 0.953125 -0.259277
vt 0.973145 -0.520508
vt 0.973145 -0.513672
vt 0.971680 -0.513184
vt 0.971680 -0.520996
vt 0.798340 -0.798828
vt 0.792969 -0.808594
vt 0.796387 -0.811523
vt 0.802734 -0.800781
vt 0.956055 -0.570312
vt 0.956055 -0.584473
vt 0.963379 -0.583008
vt 0.963379 -0.571777
vt 0.152954 -0.283691
vt 0.152832 -0.269531
vt 0.146606 -0.270508
vt 0.146729 -0.284668
vt 0.750977 -0.338623
vt 0.743164 -0.323975
vt 0.739258 -0.326904
vt 0.746582 -0.340088
vt 0.645508 -0.331543
vt 0.652344 -0.344727
vt 0.656738 -0.343262
vt 0.648926 -0.328613
vt 0.599609 -0.366211
vt 0.606934 -0.383545
vt 0.625977 -0.376709
vt 0.618164 -0.360840
vt 0.738770 -0.442139
vt 0.750488 -0.436768
vt 0.747559 -0.434326
vt 0.735352 -0.440430
vt 0.906738 -0.512695
vt 0.959473 -0.918457
vt 0.959473 -0.914551
vt 0.906738 -0.521484
vt 0.323242 -0.143677
vt 0.334961 -0.144409
vt 0.334961 -0.119812
vt 0.311279 -0.119812
vt 0.927734 -0.926270
vt 0.917969 -0.926270
vt 0.916016 -0.935059
vt 0.926758 -0.935059
vt 0.898926 -0.557129
vt 0.898926 -0.570801
vt 0.355469 -0.270264
vt 0.349121 -0.269287
vt 0.349121 -0.283203
vt 0.355469 -0.284180
vt 0.355469 -0.298096
vt 0.349121 -0.296875
vt 0.349121 -0.311279
vt 0.355469 -0.312500
vt 0.294189 -0.253418
vt 0.293945 -0.239258
vt 0.287598 -0.239258
vt 0.287842 -0.252930
vt 0.894531 -0.511230
vt 0.894531 -0.495850
vt 0.876465 -0.557617
vt 0.876465 -0.571289
vt 0.891602 -0.571289
vt 0.891602 -0.556152
vt 0.377930 -0.375000
vt 0.377930 -0.348877
vt 0.372559 -0.350098
vt 0.372559 -0.375488
vt 0.393555 -0.350586
vt 0.388184 -0.349121
vt 0.388184 -0.375244
vt 0.393555 -0.375732
vt 0.835938 -0.573242
vt 0.835938 -0.562988
vt 0.822266 -0.504395
vt 0.822266 -0.513672
vt 0.820312 -0.514648
vt 0.822266 -0.529785
vt 0.822266 -0.520996
vt 0.820312 -0.519531
vt 0.820312 -0.501953
vt 0.343506 -0.253662
vt 0.349121 -0.254639
vt 0.348877 -0.239258
vt 0.343506 -0.239258
vt 0.822266 -0.502441
vt 0.657715 -0.942871
vt 0.656250 -0.973145
vt 0.826172 -0.502930
vt 0.831055 -0.501465
vt 0.826172 -0.501953
vt 0.817871 -0.515137
vt 0.817871 -0.501465
vt 0.817871 -0.519531
vt 0.820312 -0.532227
vt 0.822266 -0.531738
vt 0.947754 -0.727051
vt 0.957520 -0.721680
vt 0.956055 -0.716797
vt 0.944824 -0.723145
vt 0.817871 -0.532715
vt 0.826172 -0.531738
vt 0.831055 -0.532715
vt 0.826172 -0.531250
vt 0.808594 -0.560059
vt 0.808594 -0.594238
vt 0.284424 -0.854004
vt 0.263184 -0.856445
vt 0.270996 -0.894043
vt 0.289307 -0.890625
vt 0.769531 -0.592773
vt 0.769531 -0.561523
vt 0.765137 -0.560059
vt 0.765137 -0.594727
vt 0.430908 -0.259033
vt 0.425537 -0.258545
vt 0.430176 -0.265625
vt 0.758301 -0.593262
vt 0.760742 -0.593750
vt 0.760742 -0.561035
vt 0.758301 -0.561523
vt 0.960938 -0.964844
vt 0.967773 -0.964355
vt 0.966797 -0.955566
vt 0.956543 -0.955566
vt 0.752930 -0.413818
vt 0.752441 -0.417236
vt 0.763184 -0.416260
vt 0.765625 -0.414307
vt 0.412598 -0.279785
vt 0.414062 -0.287354
vt 0.420166 -0.286377
vt 0.419434 -0.279297
vt 0.555176 -0.920898
vt 0.555664 -0.906250
vt 0.544922 -0.900879
vt 0.547852 -0.922363
vt 0.765625 -0.500000
vt 0.765625 -0.534668
vt 0.464111 -0.779785
vt 0.462158 -0.815430
vt 0.472168 -0.814453
vt 0.473877 -0.779785
vt 0.325928 -0.448486
vt 0.320068 -0.447510
vt 0.319336 -0.457275
vt 0.325439 -0.459961
vt 0.486328 -0.625000
vt 0.488770 -0.654785
vt 0.490234 -0.624512
vt 0.767090 -0.912109
vt 0.770996 -0.920898
vt 0.667480 -0.431152
vt 0.671387 -0.419189
vt 0.668945 -0.420898
vt 0.664062 -0.429443
vt 0.738281 -0.414307
vt 0.737305 -0.417480
vt 0.304932 -0.446289
vt 0.306152 -0.429932
vt 0.300049 -0.430176
vt 0.299316 -0.447266
vt 0.684082 -0.521973
vt 0.684082 -0.512695
vt 0.636230 -0.818848
vt 0.645996 -0.818848
vt 0.644043 -0.784180
vt 0.633789 -0.783691
vt 0.836426 -0.531738
vt 0.836426 -0.521484
vt 0.631836 -0.702637
vt 0.642090 -0.704102
vt 0.642578 -0.680664
vt 0.631836 -0.679688
vt 0.857422 -0.534180
vt 0.857422 -0.522461
vt 0.209717 -0.348633
vt 0.203491 -0.347412
vt 0.203369 -0.374023
vt 0.209717 -0.374512
vt 0.398682 -0.315186
vt 0.393311 -0.314209
vt 0.393555 -0.329346
vt 0.398682 -0.330322
vt 0.419678 -0.264893
vt 0.418701 -0.271973
vt 0.927734 -0.917969
vt 0.927246 -0.913086
vt 0.916504 -0.912598
vt 0.917480 -0.917480
vt 0.890137 -0.445068
vt 0.892578 -0.442383
vt 0.937988 -0.935059
vt 0.937988 -0.926270
vt 0.884277 -0.472656
vt 0.876953 -0.474854
vt 0.879395 -0.481445
vt 0.889160 -0.472900
vt 0.923340 -0.590332
vt 0.931152 -0.587402
vt 0.931152 -0.567383
vt 0.923340 -0.564453
vt 0.857422 -0.572266
vt 0.856934 -0.560059
vt 0.286377 -0.949707
vt 0.298340 -0.947266
vt 0.939941 -0.586426
vt 0.949707 -0.585938
vt 0.949707 -0.568848
vt 0.939941 -0.567871
vt 0.294922 -0.777344
vt 0.298828 -0.737305
vt 0.289062 -0.735840
vt 0.284424 -0.775879
vt 0.455811 -0.778809
vt 0.465088 -0.750977
vt 0.456543 -0.749023
vt 0.451904 -0.778809
vt 0.688477 -0.892578
vt 0.692871 -0.896484
vt 0.704590 -0.875000
vt 0.698730 -0.868164
vt 0.926758 -0.846680
vt 0.923828 -0.840820
vt 0.972656 -0.580566
vt 0.972656 -0.573730
vt 0.971191 -0.573242
vt 0.971191 -0.581055
vt 0.889160 -0.695801
vt 0.875977 -0.690918
vt 0.875488 -0.694824
vt 0.886230 -0.701172
vt 0.478516 -0.626465
vt 0.478271 -0.682129
vt 0.486572 -0.680664
vt 0.484131 -0.625488
vt 0.835449 -0.696777
vt 0.847656 -0.688477
vt 0.843262 -0.673340
vt 0.827148 -0.683105
vt 0.451416 -0.675293
vt 0.454346 -0.676758
vt 0.459961 -0.652344
vt 0.457520 -0.651855
vt 0.666992 -0.581055
vt 0.666992 -0.573730
vt 0.657715 -0.574219
vt 0.657715 -0.580078
vt 0.806641 -0.500488
vt 0.806641 -0.534180
vt 0.804199 -0.594727
vt 0.806152 -0.594238
vt 0.806152 -0.560547
vt 0.804199 -0.559570
vt 0.800781 -0.558594
vt 0.800781 -0.596191
vt 0.615234 -0.852051
vt 0.625977 -0.887207
vt 0.633789 -0.886719
vt 0.628418 -0.850098
vt 0.893066 -0.285156
vt 0.890625 -0.296875
vt 0.906250 -0.296387
vt 0.907227 -0.284912
vt 0.771973 -0.427490
vt 0.782715 -0.427490
vt 0.781738 -0.424072
vt 0.769531 -0.426025
vt 0.520020 -0.817871
vt 0.525391 -0.844238
vt 0.532715 -0.842773
vt 0.529297 -0.820312
vt 0.780762 -0.594238
vt 0.780762 -0.560547
vt 0.775879 -0.562012
vt 0.775879 -0.592773
vt 0.772949 -0.591797
vt 0.772949 -0.562500
vt 0.782227 -0.792969
vt 0.765625 -0.802734
vt 0.781250 -0.817383
vt 0.944824 -0.487305
vt 0.945801 -0.490967
vt 0.751953 -0.560547
vt 0.751953 -0.594238
vt 0.625488 -0.462402
vt 0.626953 -0.466309
vt 0.631836 -0.467773
vt 0.631348 -0.463623
vt 0.640137 -0.943848
vt 0.634277 -0.919434
vt 0.629883 -0.920898
vt 0.635742 -0.945312
vt 0.799805 -0.115723
vt 0.792969 -0.116028
vt 0.793457 -0.125244
vt 0.800293 -0.124939
vt 0.876953 -0.536621
vt 0.876953 -0.523438
vt 0.761719 -0.426514
vt 0.758301 -0.424805
vt 0.898926 -0.597656
vt 0.898926 -0.583496
vt 0.904785 -0.595215
vt 0.904785 -0.582520
vt 0.937012 -0.976562
vt 0.937012 -0.980469
vt 0.947266 -0.980469
vt 0.947266 -0.976074
vt 0.916992 -0.563477
vt 0.916992 -0.590820
vt 0.423096 -0.244995
vt 0.421631 -0.251221
vt 0.423584 -0.251465
vt 0.424805 -0.244385
vt 0.859863 -0.475098
vt 0.846191 -0.475098
vt 0.848633 -0.479248
vt 0.860352 -0.482178
vt 0.905273 -0.499268
vt 0.899414 -0.496826
vt 0.899414 -0.510742
vt 0.905273 -0.512207
vt 0.829102 -0.779297
vt 0.823242 -0.767578
vt 0.817383 -0.770996
vt 0.826660 -0.781738
vt 0.185547 -0.284180
vt 0.185547 -0.270020
vt 0.179321 -0.270996
vt 0.179321 -0.284912
vt 0.670898 -0.329346
vt 0.664551 -0.344971
vt 0.669434 -0.346191
vt 0.674805 -0.332031
vt 0.650391 -0.667480
vt 0.649902 -0.682129
vt 0.953125 -0.569336
vt 0.953125 -0.585449
vt 0.757324 -0.712402
vt 0.754883 -0.721191
vt 0.771484 -0.714355
vt 0.963867 -0.522949
vt 0.963867 -0.511719
vt 0.897949 -0.251221
vt 0.897949 -0.253662
vt 0.909180 -0.253662
vt 0.908691 -0.251221
vt 0.964844 -0.797852
vt 0.947266 -0.788574
vt 0.937500 -0.804688
vt 0.950195 -0.810059
vt 0.839844 -0.823242
vt 0.835449 -0.834961
vt 0.842285 -0.836426
vt 0.848145 -0.825195
vt 0.165894 -0.625000
vt 0.162231 -0.639160
vt 0.167725 -0.640137
vt 0.170410 -0.625000
vt 0.412598 -0.263916
vt 0.412842 -0.271973
vt 0.424561 -0.279053
vt 0.425293 -0.285889
vt 0.430664 -0.285400
vt 0.430176 -0.278809
vt 0.427979 -0.821289
vt 0.422119 -0.818848
vt 0.416992 -0.843262
vt 0.424805 -0.843262
vt 0.795898 -0.595215
vt 0.795898 -0.559570
vt 0.792969 -0.560059
vt 0.792969 -0.594727
vt 0.928223 -0.955566
vt 0.927246 -0.964355
vt 0.934082 -0.964844
vt 0.937988 -0.955566
vt 0.875488 -0.425537
vt 0.885742 -0.425781
vt 0.885254 -0.422363
vt 0.872559 -0.424072
vt 0.787598 -0.596191
vt 0.787598 -0.558105
vt 0.927246 -0.983887
vt 0.927246 -0.979980
vt 0.917480 -0.979492
vt 0.917969 -0.983887
vt 0.968262 -0.971191
vt 0.979004 -0.970703
vt 0.975586 -0.963379
vt 0.956055 -0.220581
vt 0.967773 -0.221069
vt 0.966394 -0.197965
vt 0.958803 -0.197793
vt 0.975586 -0.514648
vt 0.975586 -0.519531
vt 0.962891 -0.902344
vt 0.969238 -0.892578
vt 0.958984 -0.893066
vt 0.887695 -0.251709
vt 0.887207 -0.254150
vt 0.504883 -0.778809
vt 0.500977 -0.778809
vt 0.503418 -0.815430
vt 0.510742 -0.815430
vt 0.727539 -0.588379
vt 0.738281 -0.590820
vt 0.738281 -0.563477
vt 0.727539 -0.566406
vt 0.681152 -0.925293
vt 0.633789 -0.322510
vt 0.636230 -0.318359
vt 0.620605 -0.313477
vt 0.619629 -0.318115
vt 0.862305 -0.688965
vt 0.848633 -0.691406
vt 0.849609 -0.695312
vt 0.862305 -0.695801
vt 0.620605 -0.888672
vt 0.608887 -0.853516
vt 0.229126 -0.143677
vt 0.240723 -0.119812
vt 0.217163 -0.119995
vt 0.217285 -0.144409
vt 0.970215 -0.917969
vt 0.979980 -0.917480
vt 0.981445 -0.913086
vt 0.970703 -0.913574
vt 0.676270 -0.700684
vt 0.676758 -0.678223
vt 0.668457 -0.702637
vt 0.440918 -0.845703
vt 0.437500 -0.818359
vt 0.431885 -0.844727
vt 0.170776 -0.300293
vt 0.164673 -0.299805
vt 0.164673 -0.314697
vt 0.170776 -0.315186
vt 0.146362 -0.255371
vt 0.152588 -0.254395
vt 0.152222 -0.239258
vt 0.146240 -0.239258
vt 0.191528 -0.374023
vt 0.191406 -0.347412
vt 0.185181 -0.348633
vt 0.185181 -0.374512
vt 0.951172 -0.444824
vt 0.956543 -0.442383
vt 0.955078 -0.425293
vt 0.949707 -0.425537
vt 0.316650 -0.740234
vt 0.326660 -0.741211
vt 0.328857 -0.705078
vt 0.319336 -0.704102
vt 0.349365 -0.347656
vt 0.343262 -0.346436
vt 0.343018 -0.373047
vt 0.349365 -0.373535
vt 0.837891 -0.650879
vt 0.836914 -0.635742
vt 0.828125 -0.638184
vt 0.830566 -0.652344
vt 0.486084 -0.932129
vt 0.496582 -0.933594
vt 0.791992 -0.227539
vt 0.791016 -0.236694
vt 0.796875 -0.236694
vt 0.798828 -0.227661
vt 0.657227 -0.757324
vt 0.657715 -0.704102
vt 0.649902 -0.705078
vt 0.650391 -0.758301
vt 0.699219 -0.487793
vt 0.700195 -0.484131
vt 0.693848 -0.470703
vt 0.692383 -0.474854
vt 0.865234 -0.812988
vt 0.884277 -0.812500
vt 0.879883 -0.797852
vt 0.864746 -0.796875
vt 0.151245 -0.858887
vt 0.130005 -0.861328
vt 0.137817 -0.898438
vt 0.156006 -0.895020
vt 0.604980 -0.492432
vt 0.605957 -0.488770
vt 0.600098 -0.475586
vt 0.598145 -0.479736
vt 0.487061 -0.975098
vt 0.490479 -0.964844
vt 0.483154 -0.960449
vt 0.480957 -0.968262
vt 0.478027 -0.974121
vt 0.481445 -0.973633
vt 0.479492 -0.971680
vt 0.478027 -0.971191
vt 0.970703 -0.296875
vt 0.993164 -0.293701
vt 0.985840 -0.281250
vt 0.968750 -0.285400
vt 0.791504 -0.595215
vt 0.791504 -0.559570
vt 0.919922 -0.251221
vt 0.919922 -0.253906
vt 0.931152 -0.254150
vt 0.931152 -0.251709
vt 0.486084 -0.841309
vt 0.496094 -0.842773
vt 0.643066 -0.757324
vt 0.650391 -0.785156
vt 0.914062 -0.402588
vt 0.909668 -0.413574
vt 0.912109 -0.415527
vt 0.916504 -0.403320
vt 0.978516 -0.740234
vt 0.979492 -0.752441
vt 0.985840 -0.747070
vt 0.984863 -0.739746
vt 0.714355 -0.568848
vt 0.714355 -0.585938
vt 0.901367 -0.424561
vt 0.899902 -0.421387
vt 0.877930 -0.435791
vt 0.880859 -0.433838
vt 0.580078 -0.457520
vt 0.566406 -0.465576
vt 0.571289 -0.469971
vt 0.584473 -0.461670
vt 0.552246 -0.134399
vt 0.551758 -0.143799
vt 0.595703 -0.144165
vt 0.595703 -0.134766
vt 0.948730 -0.910156
vt 0.937988 -0.910156
vt 0.010933 -0.904312
vt 0.003660 -0.904312
vt 0.003660 -0.994141
vt 0.010933 -0.994141
vt 0.926758 -0.909180
vt 0.915527 -0.908203
vt 0.025467 -0.904312
vt 0.018204 -0.904312
vt 0.018204 -0.994141
vt 0.025467 -0.994141
vt 0.032745 -0.904312
vt 0.032745 -0.994141
vt 0.040009 -0.904312
vt 0.040009 -0.994141
vt 0.047302 -0.904312
vt 0.047302 -0.994141
vt 0.054565 -0.904312
vt 0.054565 -0.994141
vt 0.061829 -0.904312
vt 0.061829 -0.994141
vt 0.069092 -0.904312
vt 0.069092 -0.994141
vt 0.083618 -0.904312
vt 0.076355 -0.904312
vt 0.076355 -0.994141
vt 0.083618 -0.994141
vt 0.090942 -0.904312
vt 0.090942 -0.994141
vt 0.098206 -0.994141
vt 0.098206 -0.904312
vt 0.105469 -0.904312
vt 0.105469 -0.994141
vt 0.112732 -0.904312
vt 0.112732 -0.994141
vt 0.959473 -0.910156
vt 0.690430 -0.056793
vt 0.690918 -0.078613
vt 0.713379 -0.078613
vt 0.712891 -0.057007
vt 0.667969 -0.057037
vt 0.645508 -0.056824
vt 0.645996 -0.078613
vt 0.668457 -0.078613
vt 0.240234 -0.021561
vt 0.217651 -0.021774
vt 0.217163 -0.043121
vt 0.239746 -0.043243
vt 0.830566 -0.227661
vt 0.852051 -0.227661
vt 0.852051 -0.216309
vt 0.830566 -0.216309
vt 0.397217 -0.057037
vt 0.374756 -0.056793
vt 0.374512 -0.078613
vt 0.397217 -0.078613
vt 0.704102 -0.277832
vt 0.704102 -0.272461
vt 0.445312 -0.272461
vt 0.445312 -0.277832
vt 0.852051 -0.170898
vt 0.830566 -0.170898
vt 0.830566 -0.182251
vt 0.852051 -0.182251
vt 0.149414 -0.056671
vt 0.149170 -0.078613
vt 0.171509 -0.078613
vt 0.171875 -0.056915
vt 0.352539 -0.021790
vt 0.330078 -0.021576
vt 0.329834 -0.043274
vt 0.352295 -0.043182
vt 0.510254 -0.021576
vt 0.487549 -0.021790
vt 0.487549 -0.043182
vt 0.510254 -0.043274
vt 0.119995 -0.994141
vt 0.119995 -0.904312
vt 0.830566 -0.239014
vt 0.852051 -0.239014
vt 0.852051 -0.204956
vt 0.830566 -0.204956
vt 0.957520 -0.976562
vt 0.968262 -0.975098
vt 0.957520 -0.972168
vt 0.758301 -0.057007
vt 0.758789 -0.078613
vt 0.781250 -0.078613
vt 0.780762 -0.056763
vt 0.623047 -0.057037
vt 0.623047 -0.078613
vt 0.419678 -0.078613
vt 0.419922 -0.056824
vt 0.704102 -0.267334
vt 0.445312 -0.266846
vt 0.532715 -0.021805
vt 0.532715 -0.043182
vt 0.555176 -0.043274
vt 0.555176 -0.021576
vt 0.830566 -0.193604
vt 0.852051 -0.193604
vt 0.127075 -0.043030
vt 0.149536 -0.043060
vt 0.149902 -0.021469
vt 0.127075 -0.021194
vt 0.193237 -0.144653
vt 0.168091 -0.145386
vt 0.168579 -0.160156
vt 0.193604 -0.159424
vt 0.325195 -0.283447
vt 0.325439 -0.269531
vt 0.319092 -0.270264
vt 0.319092 -0.284180
vt 0.725098 -0.088501
vt 0.682129 -0.097839
vt 0.682129 -0.107117
vt 0.726074 -0.097839
vt 0.967773 -0.979980
vt 0.977539 -0.979492
vt 0.978516 -0.975098
vt 0.977051 -0.983887
vt 0.984375 -0.984375
vt 0.986328 -0.980469
vt 0.680664 -0.471924
vt 0.680664 -0.479004
vt 0.215698 -0.328125
vt 0.215698 -0.313232
vt 0.209473 -0.312256
vt 0.209595 -0.327393
vt 0.956543 -0.669434
vt 0.955566 -0.672363
vt 0.964355 -0.672852
vt 0.961914 -0.669434
vt 0.141479 -0.146362
vt 0.141602 -0.162354
vt 0.294189 -0.267578
vt 0.287842 -0.267090
vt 0.287842 -0.280762
vt 0.294189 -0.281494
vt 0.833496 -0.849609
vt 0.842285 -0.851562
vt 0.738770 -0.530762
vt 0.738770 -0.503418
vt 0.505371 -0.675293
vt 0.499023 -0.651855
vt 0.942383 -0.251465
vt 0.942383 -0.253906
vt 0.653320 -0.615723
vt 0.656250 -0.615723
vt 0.650879 -0.611328
vt 0.650879 -0.615234
vt 0.899902 -0.060089
vt 0.908203 -0.060028
vt 0.908203 -0.057739
vt 0.899902 -0.057800
vt 0.472900 -0.625488
vt 0.471436 -0.655762
vt 0.478271 -0.656738
vt 0.271484 -0.733398
vt 0.263428 -0.773926
vt 0.658691 -0.418457
vt 0.658203 -0.421875
vt 0.919434 -0.963379
vt 0.915527 -0.970703
vt 0.926758 -0.971191
vt 0.964844 -0.251465
vt 0.964355 -0.253906
vt 0.975586 -0.254883
vt 0.975098 -0.252441
vt 0.186035 -0.448486
vt 0.180420 -0.447754
vt 0.179565 -0.457031
vt 0.185425 -0.459229
vt 0.752441 -0.500488
vt 0.752441 -0.534180
vt 0.931641 -0.194717
vt 0.938514 -0.194830
vt 0.938965 -0.178589
vt 0.931641 -0.178589
vt 0.643066 -0.666504
vt 0.763184 -0.864746
vt 0.759277 -0.850098
vt 0.747070 -0.850098
vt 0.743164 -0.864746
vt 0.752930 -0.881348
vt 0.769043 -0.878906
vt 0.908691 -0.114197
vt 0.908691 -0.090271
vt 0.899902 -0.090271
vt 0.899902 -0.114136
vt 0.894043 -0.636719
vt 0.900391 -0.623535
vt 0.885742 -0.620117
vt 0.885254 -0.634277
vt 0.740723 -0.721191
vt 0.751953 -0.724609
vt 0.755859 -0.708496
vt 0.744141 -0.706055
vt 0.754395 -0.725098
vt 0.758301 -0.708984
vt 0.406494 -0.877441
vt 0.394287 -0.907227
vt 0.401611 -0.905762
vt 0.414307 -0.877441
vt 0.741699 -0.752930
vt 0.741699 -0.757324
vt 0.746094 -0.760254
vt 0.748535 -0.757812
vt 0.472656 -0.464111
vt 0.460938 -0.482178
vt 0.472168 -0.485596
vt 0.479248 -0.466797
vt 0.735352 -0.740723
vt 0.741211 -0.738770
vt 0.741211 -0.734375
vt 0.752930 -0.690918
vt 0.748535 -0.686523
vt 0.750977 -0.694336
vt 0.737305 -0.743164
vt 0.733887 -0.746094
vt 0.751465 -0.685059
vt 0.749512 -0.680664
vt 0.736328 -0.746094
vt 0.751953 -0.682129
vt 0.737305 -0.749023
vt 0.735840 -0.751465
vt 0.742188 -0.746094
vt 0.437744 -0.358154
vt 0.419189 -0.351074
vt 0.416260 -0.357666
vt 0.434570 -0.369385
vt 0.721191 -0.461426
vt 0.726074 -0.462891
vt 0.725586 -0.458984
vt 0.719727 -0.457764
vt 0.748535 -0.745605
vt 0.748047 -0.733398
vt 0.854492 -0.858887
vt 0.845703 -0.852051
vt 0.845215 -0.854492
vt 0.852051 -0.860840
vt 0.755371 -0.766113
vt 0.768066 -0.745117
vt 0.769531 -0.764160
vt 0.756348 -0.770020
vt 0.752930 -0.766602
vt 0.970703 -0.715820
vt 0.968262 -0.707520
vt 0.954102 -0.709961
vt 0.744141 -0.771973
vt 0.741699 -0.770996
vt 0.731934 -0.773926
vt 0.865234 -0.064148
vt 0.865234 -0.066467
vt 0.873535 -0.065857
vt 0.873535 -0.063538
vt 0.655273 -0.638184
vt 0.663086 -0.634277
vt 0.659668 -0.624023
vt 0.653809 -0.630859
vt 0.746094 -0.785645
vt 0.757812 -0.782715
vt 0.758789 -0.778320
vt 0.771484 -0.769043
vt 0.246704 -0.254639
vt 0.246460 -0.239258
vt 0.241089 -0.239258
vt 0.241211 -0.254150
vt 0.777832 -0.745117
vt 0.762207 -0.784668
vt 0.168335 -0.472168
vt 0.166016 -0.468262
vt 0.159302 -0.472412
vt 0.158936 -0.478760
vt 0.520508 -0.389893
vt 0.539062 -0.396973
vt 0.541992 -0.390381
vt 0.523438 -0.378662
vt 0.971191 -0.166992
vt 0.979004 -0.166626
vt 0.978516 -0.161621
vt 0.970215 -0.162109
vt 0.975098 -0.574707
vt 0.975098 -0.579590
vt 0.751465 -0.805176
vt 0.755371 -0.800293
vt 0.753418 -0.796875
vt 0.789062 -0.744629
vt 0.779297 -0.758789
vt 0.754395 -0.806152
vt 0.752930 -0.810547
vt 0.873047 -0.627441
vt 0.867676 -0.620605
vt 0.860840 -0.621582
vt 0.758789 -0.792480
vt 0.759766 -0.806152
vt 0.754883 -0.809082
vt 0.757324 -0.811523
vt 0.757324 -0.814453
vt 0.762695 -0.812988
vt 0.765137 -0.816406
vt 0.806152 -0.634766
vt 0.813965 -0.638184
vt 0.814941 -0.634766
vt 0.810059 -0.632812
vt 0.913574 -0.847656
vt 0.902832 -0.846680
vt 0.903320 -0.848633
vt 0.912598 -0.851074
vt 0.771484 -0.813477
vt 0.784180 -0.819824
vt 0.779785 -0.818848
vt 0.771973 -0.828125
vt 0.953613 -0.251465
vt 0.953613 -0.253906
vt 0.645508 -0.615234
vt 0.648438 -0.615723
vt 0.772949 -0.775879
vt 0.719727 -0.397949
vt 0.703125 -0.388916
vt 0.689453 -0.423340
vt 0.719727 -0.423096
vt 0.765137 -0.835449
vt 0.778809 -0.832031
vt 0.764648 -0.905762
vt 0.753906 -0.902344
vt 0.475830 -0.980469
vt 0.475830 -0.982910
vt 0.478271 -0.983398
vt 0.478271 -0.980469
vt 0.783203 -0.838867
vt 0.791992 -0.830566
vt 0.790527 -0.826172
vt 0.300293 -0.347168
vt 0.293945 -0.345947
vt 0.293945 -0.372559
vt 0.300293 -0.373047
vt 0.614746 -0.485596
vt 0.612305 -0.482666
vt 0.796387 -0.829590
vt 0.795898 -0.690430
vt 0.800293 -0.687988
vt 0.793457 -0.677734
vt 0.790039 -0.681152
vt 0.637207 -0.848145
vt 0.627930 -0.819824
vt 0.624023 -0.819824
vt 0.801758 -0.816895
vt 0.972168 -0.757812
vt 0.975098 -0.761230
vt 0.981445 -0.754395
vt 0.921387 -0.851074
vt 0.917480 -0.853027
vt 0.931152 -0.296387
vt 0.942871 -0.296387
vt 0.942383 -0.284668
vt 0.931152 -0.283691
vt 0.808594 -0.844238
vt 0.797852 -0.838379
vt 0.797852 -0.852539
vt 0.798828 -0.847168
vt 0.794922 -0.844727
vt 0.800781 -0.852539
vt 0.805664 -0.849609
vt 0.801758 -0.856934
vt 0.802734 -0.854980
vt 0.805664 -0.855469
vt 0.807129 -0.857910
vt 0.811523 -0.854004
vt 0.798828 -0.450928
vt 0.802246 -0.448975
vt 0.789062 -0.444092
vt 0.786621 -0.446777
vt 0.815430 -0.855957
vt 0.675781 -0.663574
vt 0.687988 -0.673340
vt 0.687500 -0.658691
vt 0.908203 -0.635742
vt 0.907227 -0.632812
vt 0.897949 -0.635254
vt 0.897461 -0.637695
vt 0.829590 -0.848145
vt 0.818848 -0.850098
vt 0.829102 -0.850586
vt 0.827148 -0.862305
vt 0.762695 -0.687988
vt 0.779785 -0.697266
vt 0.777832 -0.672852
vt 0.957520 -0.984375
vt 0.958008 -0.987793
vt 0.967773 -0.987793
vt 0.967773 -0.983887
vt 0.813965 -0.661621
vt 0.798340 -0.672363
vt 0.807617 -0.677734
vt 0.818848 -0.669922
vt 0.820801 -0.210205
vt 0.820801 -0.201050
vt 0.815430 -0.200806
vt 0.814941 -0.209961
vt 0.841797 -0.866211
vt 0.831543 -0.663574
vt 0.828125 -0.808105
vt 0.811035 -0.810547
vt 0.822754 -0.818359
vt 0.835449 -0.824219
vt 0.623535 -0.923340
vt 0.629883 -0.946777
vt 0.632324 -0.946289
vt 0.626465 -0.921875
vt 0.833496 -0.813965
vt 0.820312 -0.807129
vt 0.829102 -0.806641
vt 0.835449 -0.812500
vt 0.480469 -0.982910
vt 0.480713 -0.980469
vt 0.808594 -0.806641
vt 0.230957 -0.820312
vt 0.222656 -0.785645
vt 0.211914 -0.787598
vt 0.221680 -0.826172
vt 0.820312 -0.804688
vt 0.805664 -0.803711
vt 0.798340 -0.813477
vt 0.672363 -0.849609
vt 0.664062 -0.847656
vt 0.661621 -0.884277
vt 0.667480 -0.886230
vt 0.813477 -0.795410
vt 0.830078 -0.804688
vt 0.846680 -0.813477
vt 0.338379 -0.946289
vt 0.357178 -0.892090
vt 0.344971 -0.896484
vt 0.334229 -0.947266
vt 0.801758 -0.789551
vt 0.804199 -0.789062
vt 0.800293 -0.781738
vt 0.898438 -0.679199
vt 0.893555 -0.671875
vt 0.892090 -0.673340
vt 0.896973 -0.681641
vt 0.801758 -0.780762
vt 0.790527 -0.787598
vt 0.928711 -0.687012
vt 0.936523 -0.698242
vt 0.944824 -0.693359
vt 0.934082 -0.677246
vt 0.784180 -0.775391
vt 0.793945 -0.776367
vt 0.784668 -0.770508
vt 0.937988 -0.732422
vt 0.933594 -0.741211
vt 0.936035 -0.741211
vt 0.940430 -0.733398
vt 0.795410 -0.774902
vt 0.803711 -0.779297
vt 0.205078 -0.950684
vt 0.224121 -0.896484
vt 0.211670 -0.901367
vt 0.201172 -0.951660
vt 0.793945 -0.763672
vt 0.782227 -0.762695
vt 0.786621 -0.752441
vt 0.789062 -0.753418
vt 0.791016 -0.744629
vt 0.786621 -0.737305
vt 0.793457 -0.744629
vt 0.642578 -0.973633
vt 0.788574 -0.736328
vt 0.792969 -0.726074
vt 0.439941 -0.246704
vt 0.433350 -0.243530
vt 0.432129 -0.252197
vt 0.438477 -0.253418
vt 0.880859 -0.672363
vt 0.876953 -0.687500
vt 0.809570 -0.744141
vt 0.809082 -0.759277
vt 0.824219 -0.784180
vt 0.899902 -0.802734
vt 0.891602 -0.789062
vt 0.812012 -0.758301
vt 0.909668 -0.714844
vt 0.923340 -0.706543
vt 0.913574 -0.690430
vt 0.902832 -0.701660
vt 0.837891 -0.790527
vt 0.790039 -0.649902
vt 0.792969 -0.650879
vt 0.793945 -0.642090
vt 0.790039 -0.644531
vt 0.494873 -0.332764
vt 0.505371 -0.337646
vt 0.508789 -0.316406
vt 0.501953 -0.314209
vt 0.612305 -0.672852
vt 0.623535 -0.677734
vt 0.624512 -0.663086
vt 0.613281 -0.658203
vt 0.815430 -0.731445
vt 0.816406 -0.744141
vt 0.838867 -0.743652
vt 0.838867 -0.736816
vt 0.911621 -0.962402
vt 0.917480 -0.953613
vt 0.906250 -0.949707
vt 0.901855 -0.961426
vt 0.927734 -0.922363
vt 0.937988 -0.922852
vt 0.461426 -0.842773
vt 0.460449 -0.896484
vt 0.470947 -0.894531
vt 0.471436 -0.841309
vt 0.842285 -0.755859
vt 0.846191 -0.761230
vt 0.863770 -0.743164
vt 0.839355 -0.750000
vt 0.851562 -0.764648
vt 0.821777 -0.720215
vt 0.841797 -0.730957
vt 0.857422 -0.767578
vt 0.453125 -0.935059
vt 0.452393 -0.920410
vt 0.441162 -0.925293
vt 0.441650 -0.939941
vt 0.911133 -0.729004
vt 0.903809 -0.718262
vt 0.884766 -0.729980
vt 0.887695 -0.735840
vt 0.811523 -0.730469
vt 0.808105 -0.729492
vt 0.437988 -0.266113
vt 0.437012 -0.266113
vt 0.816406 -0.717285
vt 0.888184 -0.742188
vt 0.911133 -0.741699
vt 0.931152 -0.259521
vt 0.931152 -0.263184
vt 0.845215 -0.725586
vt 0.850586 -0.721680
vt 0.745605 -0.731445
vt 0.824707 -0.706055
vt 0.822266 -0.703613
vt 0.500488 -0.749023
vt 0.495361 -0.711914
vt 0.489258 -0.714355
vt 0.491943 -0.750977
vt 0.856445 -0.718750
vt 0.905273 -0.765625
vt 0.885254 -0.754883
vt 0.881836 -0.760254
vt 0.899414 -0.777344
vt 0.862793 -0.718262
vt 0.985840 -0.732422
vt 0.985352 -0.728516
vt 0.980957 -0.725586
vt 0.978516 -0.728027
vt 0.840820 -0.784668
vt 0.852051 -0.791504
vt 0.869629 -0.718262
vt 0.524414 -0.327881
vt 0.513184 -0.346191
vt 0.528809 -0.333496
vt 0.467529 -0.714355
vt 0.461426 -0.712402
vt 0.875488 -0.721191
vt 0.827637 -0.708496
vt 0.626953 -0.948242
vt 0.629883 -0.976074
vt 0.632812 -0.975586
vt 0.880859 -0.724609
vt 0.815918 -0.756836
vt 0.979980 -0.890625
vt 0.900391 -0.704102
vt 0.816895 -0.362549
vt 0.781250 -0.349854
vt 0.780762 -0.364746
vt 0.811035 -0.379150
vt 0.864258 -0.767578
vt 0.864746 -0.790527
vt 0.902344 -0.779785
vt 0.911133 -0.768555
vt 0.915039 -0.728027
vt 0.918457 -0.727051
vt 0.877441 -0.790527
vt 0.870605 -0.767090
vt 0.917480 -0.741699
vt 0.888184 -0.749023
vt 0.927246 -0.901855
vt 0.928711 -0.892578
vt 0.917969 -0.890137
vt 0.919434 -0.900879
vt 0.916016 -0.755371
vt 0.918945 -0.756348
vt 0.912109 -0.754883
vt 0.876465 -0.764160
vt 0.897949 -0.707031
vt 0.439453 -0.253662
vt 0.440918 -0.246582
vt 0.967773 -0.807617
vt 0.958984 -0.808594
vt 0.959961 -0.812012
vt 0.965332 -0.811523
vt 0.838867 -0.702637
vt 0.851074 -0.795410
vt 0.941895 -0.902832
vt 0.948730 -0.902832
vt 0.948730 -0.893555
vt 0.938965 -0.893066
vt 0.850098 -0.798340
vt 0.878906 -0.794434
vt 0.861816 -0.672852
vt 0.856934 -0.817871
vt 0.904785 -0.782227
vt 0.857910 -0.820312
vt 0.933105 -0.722656
vt 0.861816 -0.670410
vt 0.854004 -0.666504
vt 0.853027 -0.668457
vt 0.870117 -0.667969
vt 0.869141 -0.666016
vt 0.874023 -0.817383
vt 0.851562 -0.828125
vt 0.879395 -0.827148
vt 0.885254 -0.836914
vt 0.889648 -0.835449
vt 0.883301 -0.824219
vt 0.865234 -0.817383
vt 0.865234 -0.815430
vt 0.873047 -0.819824
vt 0.846680 -0.837891
vt 0.203857 -0.269043
vt 0.197510 -0.268066
vt 0.197510 -0.282227
vt 0.203857 -0.282959
vt 0.958803 -0.197793
vt 0.951664 -0.197685
vt 0.943848 -0.220215
vt 0.865723 -0.828613
vt 0.478760 -0.931152
vt 0.478760 -0.916504
vt 0.848633 -0.627930
vt 0.846191 -0.625488
vt 0.839844 -0.632324
vt 0.840332 -0.634766
vt 0.866211 -0.851562
vt 0.861328 -0.871094
vt 0.859375 -0.865234
vt 0.854980 -0.865234
vt 0.866699 -0.864258
vt 0.863770 -0.869141
vt 0.866699 -0.872559
vt 0.866699 -0.870117
vt 0.869629 -0.869141
vt 0.872070 -0.870605
vt 0.874023 -0.865234
vt 0.878418 -0.864746
vt 0.770508 -0.816895
vt 0.878906 -0.857910
vt 0.881836 -0.631348
vt 0.875488 -0.625000
vt 0.886719 -0.851074
vt 0.910914 -0.197519
vt 0.904461 -0.197638
vt 0.907227 -0.220337
vt 0.890625 -0.850098
vt 0.887695 -0.853516
vt 0.943848 -0.766602
vt 0.955566 -0.771484
vt 0.957031 -0.764160
vt 0.945801 -0.758789
vt 0.893066 -0.862305
vt 0.891602 -0.864746
vt 0.895020 -0.874512
vt 0.895508 -0.220825
vt 0.895508 -0.229736
vt 0.907715 -0.229492
vt 0.799316 -0.369873
vt 0.786133 -0.378174
vt 0.801758 -0.387695
vt 0.799316 -0.218506
vt 0.792480 -0.218262
vt 0.906250 -0.860352
vt 0.899414 -0.847656
vt 0.887207 -0.662598
vt 0.892090 -0.650879
vt 0.884766 -0.649414
vt 0.879395 -0.660645
vt 0.896484 -0.833496
vt 0.768066 -0.676758
vt 0.776367 -0.671387
vt 0.767090 -0.673828
vt 0.970703 -0.787598
vt 0.974609 -0.794922
vt 0.976562 -0.791016
vt 0.974121 -0.786621
vt 0.737305 -0.447510
vt 0.741211 -0.447998
vt 0.925781 -0.854980
vt 0.926758 -0.852051
vt 0.931152 -0.853516
vt 0.930176 -0.851562
vt 0.932129 -0.849121
vt 0.935059 -0.849121
vt 0.800293 -0.639160
vt 0.803711 -0.645020
vt 0.368652 -0.466309
vt 0.377197 -0.472168
vt 0.376953 -0.466309
vt 0.370850 -0.462402
vt 0.935059 -0.826172
vt 0.940430 -0.822266
vt 0.939453 -0.826660
vt 0.948730 -0.922852
vt 0.948730 -0.926270
vt 0.959473 -0.926270
vt 0.959473 -0.922852
vt 0.948730 -0.834473
vt 0.799805 -0.708496
vt 0.802246 -0.709473
vt 0.802246 -0.699707
vt 0.799805 -0.699219
vt 0.956543 -0.841309
vt 0.952637 -0.827637
vt 0.743164 -0.905762
vt 0.892090 -0.662109
vt 0.904785 -0.667480
vt 0.909180 -0.659180
vt 0.895996 -0.822266
vt 0.891113 -0.822266
vt 0.959473 -0.823242
vt 0.951172 -0.814453
vt 0.946777 -0.815918
vt 0.657227 -0.652832
vt 0.650391 -0.653809
vt 0.722656 -0.396973
vt 0.725586 -0.409668
vt 0.728027 -0.407471
vt 0.916504 -0.675293
vt 0.925781 -0.669434
vt 0.902344 -0.806641
vt 0.908203 -0.815918
vt 0.919434 -0.808105
vt 0.896973 -0.812500
vt 0.895508 -0.811035
vt 0.901367 -0.804688
vt 0.943848 -0.819336
vt 0.910156 -0.804688
vt 0.813477 -0.405029
vt 0.816406 -0.430176
vt 0.846680 -0.427246
vt 0.829102 -0.394287
vt 0.916016 -0.792969
vt 0.909668 -0.802246
vt 0.921387 -0.803711
vt 0.921387 -0.682129
vt 0.924316 -0.685059
vt 0.930664 -0.674316
vt 0.928711 -0.672852
vt 0.924316 -0.800781
vt 0.927246 -0.797852
vt 0.934082 -0.808105
vt 0.925293 -0.786133
vt 0.875488 -0.658203
vt 0.924805 -0.776367
vt 0.927734 -0.786621
vt 0.931152 -0.795410
vt 0.650879 -0.618164
vt 0.648438 -0.618164
vt 0.934082 -0.759766
vt 0.933105 -0.770996
vt 0.928711 -0.778320
vt 0.927246 -0.777832
vt 0.934570 -0.772949
vt 0.178223 -0.956543
vt 0.178223 -0.904785
vt 0.166992 -0.897949
vt 0.174561 -0.955078
vt 0.944336 -0.770996
vt 0.938965 -0.784180
vt 0.967285 -0.779297
vt 0.934570 -0.902344
vt 0.453125 -0.843262
vt 0.446533 -0.815918
vt 0.956055 -0.902832
vt 0.973633 -0.808594
vt 0.813965 -0.466553
vt 0.813477 -0.470459
vt 0.818359 -0.468750
vt 0.819336 -0.464844
vt 0.973145 -0.805664
vt 0.970215 -0.800781
vt 0.977539 -0.804688
vt 0.975586 -0.803711
vt 0.976074 -0.800781
vt 0.978516 -0.799316
vt 0.853516 -0.621094
vt 0.849121 -0.621094
vt 0.947266 -0.666992
vt 0.946777 -0.671387
vt 0.970215 -0.773438
vt 0.971191 -0.777344
vt 0.982910 -0.779785
vt 0.894043 -0.571289
vt 0.894043 -0.555664
vt 0.438232 -0.291260
vt 0.439453 -0.298096
vt 0.979492 -0.926270
vt 0.987793 -0.926270
vt 0.986328 -0.922852
vt 0.979004 -0.922363
vt 0.734375 -0.704102
vt 0.730957 -0.718262
vt 0.986816 -0.764648
vt 0.972168 -0.764648
vt 0.919434 -0.428467
vt 0.922852 -0.462891
vt 0.645020 -0.990234
vt 0.643066 -0.990234
vt 0.691406 -0.780762
vt 0.687988 -0.753418
vt 0.675781 -0.755371
vt 0.682617 -0.782715
vt 0.958984 -0.740723
vt 0.971191 -0.722656
vt 0.949219 -0.740723
vt 0.985840 -0.751465
vt 0.991699 -0.745117
vt 0.989746 -0.742676
vt 0.993164 -0.739746
vt 0.990723 -0.739746
vt 0.989746 -0.736816
vt 0.991211 -0.734375
vt 0.947266 -0.956543
vt 0.947266 -0.965332
vt 0.954102 -0.965332
vt 0.492920 -0.515625
vt 0.456299 -0.526855
vt 0.484375 -0.552734
vt 0.497559 -0.542480
vt 0.974121 -0.719238
vt 0.985352 -0.714844
vt 0.440430 -0.706055
vt 0.444336 -0.708984
vt 0.820801 -0.191650
vt 0.820801 -0.182007
vt 0.815430 -0.181885
vt 0.815430 -0.191406
vt 0.980957 -0.700195
vt 0.969238 -0.703125
vt 0.388672 -0.255371
vt 0.388184 -0.239258
vt 0.382812 -0.239258
vt 0.383057 -0.254883
vt 0.241211 -0.282715
vt 0.241211 -0.268799
vt 0.235840 -0.269775
vt 0.235840 -0.283691
vt 0.965332 -0.701172
vt 0.661133 -0.944336
vt 0.658203 -0.974121
vt 0.888184 -0.783203
vt 0.937988 -0.741211
vt 0.948730 -0.754883
vt 0.975586 -0.680664
vt 0.971680 -0.685547
vt 0.973633 -0.688965
vt 0.940430 -0.748535
vt 0.972656 -0.679688
vt 0.974121 -0.675293
vt 0.938477 -0.749512
vt 0.793945 -0.714844
vt 0.792480 -0.712891
vt 0.948242 -0.653809
vt 0.943848 -0.647461
vt 0.936523 -0.659668
vt 0.939941 -0.663086
vt 0.460938 -0.623047
vt 0.461914 -0.606445
vt 0.458984 -0.605957
vt 0.458008 -0.622070
vt 0.483643 -0.608398
vt 0.485596 -0.608398
vt 0.843750 -0.661621
vt 0.835938 -0.664062
vt 0.832031 -0.674805
vt 0.961914 -0.683105
vt 0.968262 -0.693359
vt 0.931641 -0.711426
vt 0.967285 -0.679688
vt 0.942871 -0.715332
vt 0.933105 -0.709473
vt 0.972168 -0.676758
vt 0.969727 -0.674805
vt 0.969727 -0.671875
vt 0.971680 -0.693848
vt 0.642090 -0.623535
vt 0.647949 -0.630371
vt 0.942871 -0.666016
vt 0.955078 -0.657715
vt 0.825684 -0.681152
vt 0.816895 -0.681152
vt 0.817383 -0.683594
vt 0.961914 -0.650391
vt 0.942871 -0.710938
vt 0.925781 -0.162598
vt 0.916504 -0.162598
vt 0.916016 -0.167236
vt 0.925781 -0.167358
vt 0.966309 -0.830566
vt 0.927246 -0.704102
vt 0.935059 -0.655762
vt 0.343506 -0.268066
vt 0.337158 -0.267578
vt 0.337158 -0.281250
vt 0.343506 -0.281982
vt 0.925293 -0.705078
vt 0.925293 -0.696289
vt 0.922852 -0.696777
vt 0.811035 -0.692871
vt 0.471924 -0.945801
vt 0.478516 -0.944824
vt 0.918457 -0.679688
vt 0.906738 -0.681641
vt 0.958496 -0.759766
vt 0.907227 -0.679199
vt 0.917480 -0.987793
vt 0.926758 -0.987793
vt 0.899414 -0.677734
vt 0.930664 -0.656250
vt 0.961914 -0.162354
vt 0.962402 -0.167114
vt 0.642090 -0.917969
vt 0.650879 -0.916504
vt 0.650391 -0.892090
vt 0.639648 -0.884277
vt 0.977051 -0.953613
vt 0.918457 -0.642090
vt 0.929688 -0.647461
vt 0.929688 -0.633301
vt 0.928711 -0.639160
vt 0.932129 -0.641113
vt 0.926758 -0.633789
vt 0.925781 -0.628906
vt 0.921875 -0.636230
vt 0.924316 -0.631348
vt 0.921387 -0.630859
vt 0.919922 -0.627930
vt 0.916016 -0.632324
vt 0.796875 -0.457031
vt 0.800781 -0.456299
vt 0.912109 -0.630371
vt 0.911133 -0.899414
vt 0.906250 -0.886719
vt 0.901367 -0.898438
vt 0.913574 -0.824219
vt 0.942871 -0.090454
vt 0.942871 -0.114380
vt 0.951172 -0.114380
vt 0.951172 -0.090515
vt 0.397949 -0.466309
vt 0.395752 -0.462158
vt 0.389648 -0.466309
vt 0.389648 -0.471924
vt 0.817871 -0.826660
vt 0.501953 -0.480713
vt 0.482666 -0.490479
vt 0.490723 -0.499023
vt 0.506348 -0.486328
vt 0.872070 -0.620605
vt 0.865723 -0.614746
vt 0.863770 -0.616699
vt 0.860352 -0.613281
vt 0.860352 -0.615723
vt 0.857422 -0.616699
vt 0.854980 -0.615234
vt 0.835938 -0.621094
vt 0.842285 -0.648926
vt 0.902344 -0.613770
vt 0.888184 -0.610352
vt 0.821289 -0.625488
vt 0.823730 -0.637207
vt 0.782715 -0.714844
vt 0.788086 -0.702148
vt 0.824707 -0.639648
vt 0.861816 -0.668457
vt 0.861328 -0.657227
vt 0.847656 -0.658691
vt 0.437256 -0.284668
vt 0.881348 -0.860352
vt 0.801758 -0.630859
vt 0.800293 -0.633789
vt 0.795898 -0.632324
vt 0.797363 -0.634277
vt 0.795410 -0.636719
vt 0.792480 -0.636719
vt 0.641113 -0.445312
vt 0.643066 -0.452148
vt 0.646973 -0.452637
vt 0.644531 -0.446777
vt 0.430420 -0.554688
vt 0.419189 -0.518066
vt 0.412842 -0.533691
vt 0.792480 -0.659668
vt 0.437988 -0.284668
vt 0.786621 -0.663574
vt 0.787598 -0.659180
vt 0.778809 -0.651367
vt 0.625488 -0.402588
vt 0.608887 -0.393555
vt 0.595215 -0.427979
vt 0.625488 -0.427979
vt 0.770996 -0.644531
vt 0.774902 -0.658203
vt 0.889160 -0.162231
vt 0.880859 -0.161987
vt 0.880371 -0.166992
vt 0.888672 -0.167114
vt 0.932617 -0.392578
vt 0.768066 -0.662598
vt 0.780273 -0.669922
vt 0.631348 -0.414307
vt 0.633789 -0.412109
vt 0.628418 -0.401611
vt 0.246582 -0.269287
vt 0.246704 -0.283203
vt 0.841797 -0.489014
vt 0.842773 -0.492676
vt 0.824707 -0.679688
vt 0.830078 -0.673340
vt 0.190552 -0.468750
vt 0.183960 -0.464355
vt 0.181641 -0.468750
vt 0.190674 -0.474854
vt 0.805664 -0.682129
vt 0.794922 -0.675781
vt 0.802734 -0.685059
vt 0.783203 -0.719238
vt 0.426514 -0.251709
vt 0.427246 -0.245483
vt 0.798340 -0.707520
vt 0.281494 -0.267578
vt 0.281494 -0.281494
vt 0.953125 -0.162476
vt 0.953613 -0.167236
vt 0.715820 -0.697754
vt 0.727051 -0.692871
vt 0.726562 -0.678223
vt 0.708008 -0.686035
vt 0.756348 -0.698242
vt 0.820312 -0.853516
vt 0.756836 -0.684570
vt 0.753906 -0.676758
vt 0.759766 -0.677734
vt 0.761719 -0.674316
vt 0.754395 -0.679688
vt 0.349365 -0.326172
vt 0.343262 -0.324707
vt 0.688965 -0.792480
vt 0.698242 -0.797852
vt 0.702148 -0.792480
vt 0.401855 -0.562012
vt 0.419922 -0.538086
vt 0.394775 -0.554199
vt 0.737305 -0.878906
vt 0.463623 -0.623535
vt 0.464844 -0.607910
vt 0.969727 -0.922363
vt 0.826660 -0.474365
vt 0.823730 -0.477295
vt 0.722168 -0.721191
vt 0.734863 -0.691406
vt 0.714844 -0.721191
vt 0.947266 -0.984375
vt 0.957520 -0.980469
vt 0.650391 -0.856445
vt 0.654297 -0.837891
vt 0.650391 -0.838867
vt 0.440186 -0.806152
vt 0.430664 -0.800781
vt 0.427002 -0.806152
vt 0.638184 -0.633789
vt 0.634277 -0.650879
vt 0.643555 -0.652832
vt 0.645508 -0.638184
vt 0.230713 -0.207520
vt 0.208130 -0.205811
vt 0.208496 -0.230103
vt 0.253418 -0.230103
vt 0.533691 -0.338867
vt 0.515625 -0.362793
vt 0.522949 -0.366943
vt 0.540527 -0.346436
vt 0.918457 -0.922363
vt 0.586426 -0.483643
vt 0.586426 -0.476807
vt 0.925781 -0.155884
vt 0.935059 -0.162598
vt 0.934570 -0.155884
vt 0.768066 -0.106995
vt 0.790039 -0.106873
vt 0.789062 -0.097656
vt 0.767578 -0.097778
vt 0.478027 -0.987305
vt 0.494385 -0.981934
vt 0.493408 -0.977051
vt 0.483643 -0.983398
vt 0.769531 -0.181274
vt 0.791016 -0.181152
vt 0.791016 -0.171875
vt 0.769531 -0.171875
vt 0.985707 -0.114197
vt 0.994629 -0.114197
vt 0.994629 -0.091492
vt 0.985840 -0.091431
vt 0.132446 -0.185425
vt 0.139282 -0.197998
vt 0.149170 -0.191772
vt 0.144897 -0.180176
vt 0.943848 -0.155884
vt 0.943848 -0.162598
vt 0.952637 -0.155762
vt 0.643066 -0.422363
vt 0.644043 -0.419189
vt 0.806641 -0.415283
vt 0.796875 -0.423340
vt 0.798340 -0.426270
vt 0.809082 -0.417236
vt 0.866211 -0.838379
vt 0.971680 -0.171387
vt 0.979492 -0.171387
vt 0.961426 -0.155518
vt 0.969727 -0.155273
vt 0.873498 -0.135608
vt 0.865234 -0.134644
vt 0.864746 -0.153564
vt 0.873047 -0.154541
vt 0.692383 -0.853027
vt 0.680664 -0.888184
vt 0.684570 -0.889648
vt 0.697754 -0.854980
vt 0.882324 -0.135986
vt 0.881348 -0.155029
vt 0.890137 -0.155396
vt 0.891113 -0.136353
vt 0.907715 -0.155762
vt 0.916504 -0.155884
vt 0.916992 -0.136841
vt 0.908166 -0.136557
vt 0.324707 -0.782715
vt 0.313965 -0.780762
vt 0.935059 -0.167236
vt 0.673340 -0.819824
vt 0.677246 -0.819824
vt 0.603516 -0.854980
vt 0.616211 -0.890137
vt 0.978027 -0.154785
vt 0.986816 -0.165649
vt 0.987305 -0.171387
vt 0.872559 -0.161499
vt 0.872070 -0.166626
vt 0.355469 -0.374023
vt 0.349365 -0.430664
vt 0.355469 -0.430664
vt 0.769531 -0.153320
vt 0.791016 -0.153198
vt 0.791016 -0.143921
vt 0.769531 -0.143921
vt 0.968750 -0.136353
vt 0.977539 -0.135864
vt 0.215698 -0.374756
vt 0.209595 -0.431885
vt 0.215698 -0.431641
vt 0.951660 -0.136719
vt 0.943396 -0.136707
vt 0.879883 -0.171387
vt 0.888184 -0.171387
vt 0.944336 -0.167236
vt 0.945312 -0.171387
vt 0.954102 -0.171387
vt 0.552734 -0.106750
vt 0.596680 -0.106934
vt 0.596680 -0.097656
vt 0.553711 -0.097595
vt 0.929199 -0.813477
vt 0.987305 -0.470947
vt 0.992188 -0.471191
vt 0.981934 -0.460205
vt 0.977539 -0.465088
vt 0.934082 -0.090393
vt 0.934082 -0.114380
vt 0.897949 -0.162354
vt 0.898438 -0.155640
vt 0.856445 -0.154541
vt 0.856445 -0.159424
vt 0.864258 -0.160522
vt 0.986328 -0.153809
vt 0.986816 -0.160645
vt 0.994629 -0.159546
vt 0.994629 -0.154541
vt 0.725098 -0.236694
vt 0.770508 -0.236694
vt 0.767578 -0.227417
vt 0.726074 -0.227417
vt 0.856445 -0.133911
vt 0.789062 -0.227539
vt 0.789551 -0.218262
vt 0.768066 -0.218140
vt 0.865234 -0.090759
vt 0.856445 -0.090637
vt 0.856445 -0.113220
vt 0.865391 -0.113407
vt 0.399902 -0.455078
vt 0.398926 -0.446289
vt 0.393555 -0.447021
vt 0.394287 -0.457275
vt 0.873535 -0.072083
vt 0.882324 -0.071716
vt 0.882324 -0.065491
vt 0.960449 -0.136597
vt 0.960214 -0.114423
vt 0.985840 -0.135254
vt 0.994629 -0.134644
vt 0.552246 -0.125122
vt 0.595703 -0.125488
vt 0.323975 -0.833984
vt 0.344482 -0.833496
vt 0.345215 -0.783203
vt 0.908203 -0.071350
vt 0.916992 -0.090332
vt 0.916992 -0.071350
vt 0.551758 -0.153198
vt 0.595703 -0.153320
vt 0.882812 -0.113770
vt 0.891349 -0.114149
vt 0.891602 -0.090332
vt 0.882812 -0.090393
vt 0.753418 -0.699219
vt 0.951660 -0.065308
vt 0.942871 -0.065186
vt 0.942871 -0.071472
vt 0.951660 -0.071594
vt 0.791016 -0.134644
vt 0.769043 -0.134644
vt 0.891113 -0.071533
vt 0.899414 -0.071411
vt 0.499023 -0.119324
vt 0.495117 -0.089661
vt 0.474609 -0.089661
vt 0.476562 -0.120911
vt 0.916992 -0.114319
vt 0.856445 -0.071533
vt 0.865234 -0.072693
vt 0.820801 -0.114929
vt 0.814941 -0.115112
vt 0.815430 -0.124329
vt 0.820801 -0.124084
vt 0.925781 -0.136963
vt 0.925781 -0.114466
vt 0.899414 -0.136597
vt 0.570312 -0.349609
vt 0.569336 -0.365967
vt 0.574219 -0.365967
vt 0.575195 -0.351074
vt 0.968750 -0.090820
vt 0.968262 -0.114319
vt 0.977051 -0.114197
vt 0.977051 -0.091064
vt 0.977539 -0.072449
vt 0.986328 -0.072998
vt 0.891113 -0.065308
vt 0.899414 -0.065186
vt 0.908203 -0.065125
vt 0.916992 -0.065063
vt 0.874023 -0.090515
vt 0.995117 -0.711914
vt 0.990723 -0.697754
vt 0.934082 -0.136963
vt 0.819824 -0.228027
vt 0.820312 -0.219238
vt 0.814453 -0.218994
vt 0.813965 -0.227905
vt 0.663086 -0.361084
vt 0.668457 -0.361084
vt 0.908691 -0.980469
vt 0.910645 -0.984375
vt 0.770508 -0.088501
vt 0.994629 -0.071655
vt 0.994629 -0.067322
vt 0.986328 -0.066711
vt 0.199463 -0.625000
vt 0.198975 -0.639648
vt 0.204590 -0.639648
vt 0.203857 -0.625000
vt 0.969238 -0.065796
vt 0.969238 -0.072083
vt 0.977539 -0.066162
vt 0.916992 -0.047058
vt 0.916992 -0.049316
vt 0.925781 -0.049316
vt 0.925781 -0.047058
vt 0.916992 -0.060028
vt 0.916992 -0.057709
vt 0.934570 -0.065125
vt 0.934570 -0.071411
vt 0.925781 -0.071350
vt 0.925781 -0.065063
vt 0.942871 -0.057831
vt 0.942871 -0.060150
vt 0.951660 -0.060242
vt 0.951660 -0.057953
vt 0.934570 -0.062866
vt 0.925781 -0.062805
vt 0.553711 -0.227539
vt 0.596680 -0.227539
vt 0.596680 -0.218262
vt 0.552734 -0.218384
vt 0.882324 -0.063171
vt 0.891113 -0.062988
vt 0.462158 -0.679199
vt 0.453613 -0.711426
vt 0.465820 -0.679688
vt 0.485352 -0.945801
vt 0.478271 -0.960449
vt 0.899414 -0.062866
vt 0.908203 -0.062805
vt 0.891113 -0.060211
vt 0.882324 -0.060425
vt 0.916992 -0.062805
vt 0.873535 -0.060760
vt 0.873535 -0.058441
vt 0.882324 -0.058136
vt 0.650391 -0.638184
vt 0.865234 -0.061340
vt 0.856445 -0.064880
vt 0.856445 -0.062012
vt 0.856445 -0.059479
vt 0.865234 -0.058929
vt 0.865234 -0.050354
vt 0.856445 -0.050812
vt 0.977539 -0.042572
vt 0.977539 -0.044922
vt 0.985840 -0.045197
vt 0.985840 -0.042816
vt 0.873535 -0.049988
vt 0.856445 -0.042908
vt 0.856445 -0.045441
vt 0.865234 -0.045074
vt 0.865234 -0.042664
vt 0.873535 -0.044769
vt 0.874023 -0.042450
vt 0.947266 -0.972168
vt 0.638184 -0.919434
vt 0.675293 -0.783203
vt 0.891113 -0.057922
vt 0.899414 -0.047119
vt 0.899414 -0.049408
vt 0.908203 -0.049347
vt 0.908203 -0.047058
vt 0.931641 -0.229370
vt 0.931641 -0.219849
vt 0.919434 -0.220093
vt 0.919434 -0.229248
vt 0.873535 -0.047668
vt 0.882324 -0.047394
vt 0.882324 -0.044556
vt 0.989746 -0.975586
vt 0.990723 -0.970703
vt 0.908203 -0.041931
vt 0.908203 -0.044220
vt 0.916992 -0.044189
vt 0.916992 -0.041901
vt 0.882324 -0.049713
vt 0.874512 -0.006950
vt 0.865723 -0.006950
vt 0.882324 -0.042236
vt 0.883301 -0.006950
vt 0.891602 -0.006950
vt 0.891113 -0.042114
vt 0.937012 -0.972168
vt 0.926758 -0.975098
vt 0.891113 -0.049530
vt 0.891113 -0.047241
vt 0.865234 -0.048035
vt 0.891113 -0.044403
vt 0.908691 -0.006950
vt 0.900391 -0.006950
vt 0.899902 -0.041992
vt 0.916504 -0.975098
vt 0.904297 -0.970703
vt 0.905273 -0.975586
vt 0.925781 -0.041931
vt 0.925781 -0.044220
vt 0.934082 -0.044220
vt 0.934082 -0.041931
vt 0.203979 -0.254395
vt 0.209351 -0.255371
vt 0.209351 -0.239258
vt 0.203857 -0.239258
vt 0.917480 -0.006950
vt 0.899902 -0.044281
vt 0.925781 -0.006950
vt 0.959961 -0.042206
vt 0.951660 -0.042084
vt 0.951660 -0.044373
vt 0.960449 -0.044495
vt 0.281494 -0.253418
vt 0.281494 -0.239258
vt 0.276123 -0.239258
vt 0.276123 -0.254395
vt 0.925781 -0.057739
vt 0.951660 -0.063049
vt 0.942871 -0.062927
vt 0.934082 -0.006950
vt 0.934082 -0.047089
vt 0.934082 -0.049377
vt 0.942871 -0.006950
vt 0.942871 -0.041992
vt 0.942871 -0.044281
vt 0.942871 -0.047150
vt 0.942871 -0.049438
vt 0.951172 -0.006950
vt 0.959961 -0.006950
vt 0.951660 -0.047241
vt 0.968750 -0.044678
vt 0.968750 -0.042389
vt 0.968262 -0.006950
vt 0.951660 -0.049530
vt 0.960449 -0.049683
vt 0.960449 -0.047363
vt 0.473633 -0.960449
vt 0.977051 -0.006950
vt 0.934082 -0.057770
vt 0.968750 -0.047577
vt 0.969238 -0.049866
vt 0.977539 -0.050171
vt 0.977539 -0.047821
vt 0.925781 -0.060028
vt 0.299805 -0.254395
vt 0.299561 -0.239258
vt 0.934570 -0.060059
vt 0.173950 -0.857422
vt 0.166626 -0.819824
vt 0.160034 -0.819824
vt 0.162476 -0.861328
vt 0.960449 -0.065491
vt 0.960449 -0.071777
vt 0.969238 -0.063416
vt 0.977539 -0.063843
vt 0.977539 -0.058655
vt 0.968750 -0.058350
vt 0.968750 -0.060638
vt 0.977539 -0.061005
vt 0.551758 -0.181274
vt 0.595703 -0.181030
vt 0.595703 -0.171875
vt 0.551758 -0.171997
vt 0.960449 -0.063171
vt 0.960449 -0.060394
vt 0.986328 -0.064331
vt 0.960449 -0.058105
vt 0.986328 -0.061493
vt 0.985840 -0.059113
vt 0.994629 -0.064941
vt 0.994629 -0.062073
vt 0.666992 -0.919434
vt 0.675293 -0.887207
vt 0.663086 -0.919434
vt 0.986328 -0.050537
vt 0.994629 -0.059601
vt 0.994629 -0.050934
vt 0.955566 -0.229736
vt 0.967285 -0.230103
vt 0.986328 -0.048157
vt 0.994629 -0.048523
vt 0.994629 -0.045502
vt 0.381836 -0.189087
vt 0.381836 -0.177002
vt 0.358398 -0.177002
vt 0.358398 -0.189209
vt 0.994629 -0.043030
vt 0.736328 -0.788086
vt 0.985840 -0.006950
vt 0.994629 -0.006950
vt 0.963379 -0.268799
vt 0.971191 -0.267822
vt 0.971191 -0.266113
vt 0.962891 -0.266113
vt 0.981934 -0.306152
vt 0.994141 -0.306152
vt 0.970215 -0.306152
vt 0.918945 -0.296387
vt 0.919922 -0.284668
vt 0.962402 -0.306152
vt 0.890625 -0.267578
vt 0.875488 -0.281250
vt 0.898926 -0.268555
vt 0.955566 -0.296387
vt 0.955566 -0.306152
vt 0.949219 -0.306152
vt 0.953125 -0.269043
vt 0.953125 -0.266357
vt 0.908691 -0.269043
vt 0.942383 -0.269531
vt 0.942383 -0.266602
vt 0.947266 -0.987793
vt 0.943359 -0.306152
vt 0.937012 -0.306152
vt 0.919922 -0.269287
vt 0.931152 -0.270020
vt 0.931152 -0.306152
vt 0.924805 -0.306152
vt 0.918945 -0.306152
vt 0.912598 -0.306152
vt 0.898926 -0.265869
vt 0.890625 -0.265625
vt 0.906250 -0.306152
vt 0.899414 -0.306152
vt 0.891113 -0.306152
vt 0.879883 -0.306152
vt 0.868164 -0.293457
vt 0.867188 -0.306152
vt 0.954590 -0.285156
vt 0.718262 -0.390381
vt 0.721191 -0.391357
vt 0.735840 -0.384521
vt 0.729492 -0.379395
vt 0.909180 -0.266113
vt 0.919922 -0.266602
vt 0.972168 -0.264648
vt 0.962891 -0.264404
vt 0.931152 -0.267090
vt 0.909180 -0.264160
vt 0.919922 -0.264648
vt 0.971680 -0.263184
vt 0.963379 -0.262695
vt 0.920410 -0.262695
vt 0.909180 -0.262451
vt 0.974121 -0.260010
vt 0.963867 -0.259277
vt 0.931152 -0.265137
vt 0.942383 -0.264893
vt 0.953125 -0.264404
vt 0.383301 -0.481201
vt 0.389893 -0.480713
vt 0.383301 -0.473633
vt 0.977539 -0.987793
vt 0.159058 -0.298340
vt 0.159058 -0.312744
vt 0.919922 -0.259277
vt 0.909180 -0.259033
vt 0.892578 -0.256348
vt 0.888184 -0.259521
vt 0.898438 -0.258789
vt 0.887207 -0.256592
vt 0.903809 -0.256104
vt 0.914551 -0.256104
vt 0.931152 -0.242798
vt 0.919922 -0.242798
vt 0.925781 -0.256348
vt 0.412842 -0.900879
vt 0.402100 -0.920898
vt 0.420654 -0.912598
vt 0.937012 -0.256348
vt 0.954590 -0.243164
vt 0.942871 -0.242920
vt 0.897546 -0.197750
vt 0.889536 -0.198315
vt 0.884277 -0.243408
vt 0.896484 -0.243042
vt 0.889648 -0.236450
vt 0.882812 -0.236328
vt 0.883301 -0.229492
vt 0.895996 -0.236328
vt 0.901855 -0.236328
vt 0.908203 -0.242920
vt 0.908691 -0.870117
vt 0.907715 -0.236084
vt 0.913574 -0.236084
vt 0.919434 -0.235962
vt 0.925781 -0.235962
vt 0.931641 -0.236084
vt 0.966309 -0.243408
vt 0.978516 -0.244019
vt 0.937500 -0.236084
vt 0.943359 -0.236206
vt 0.947754 -0.256348
vt 0.943359 -0.229370
vt 0.949219 -0.236328
vt 0.958984 -0.256348
vt 0.969727 -0.256836
vt 0.612793 -0.892578
vt 0.975098 -0.257324
vt 0.937012 -0.984375
vt 0.937012 -0.987793
vt 0.973633 -0.236938
vt 0.979980 -0.236938
vt 0.979980 -0.229980
vt 0.960938 -0.236572
vt 0.967285 -0.236694
vt 0.955078 -0.236450
vt 0.978027 -0.221802
vt 0.375732 -0.815918
vt 0.369141 -0.815430
vt 0.357666 -0.851562
vt 0.368408 -0.856934
vt 0.931641 -0.194717
vt 0.924805 -0.178589
vt 0.924805 -0.194717
vt 0.994560 -0.197650
vt 0.987793 -0.178589
vt 0.980957 -0.178589
vt 0.983213 -0.196408
vt 0.966346 -0.195167
vt 0.974572 -0.195619
vt 0.974121 -0.178589
vt 0.966797 -0.178589
vt 0.810547 -0.404297
vt 0.885254 -0.221436
vt 0.880802 -0.199111
vt 0.869685 -0.200371
vt 0.952223 -0.194942
vt 0.953125 -0.178589
vt 0.945801 -0.178589
vt 0.945350 -0.194829
vt 0.945227 -0.197573
vt 0.951664 -0.197685
vt 0.938514 -0.194830
vt 0.945350 -0.194829
vt 0.904260 -0.194942
vt 0.911096 -0.194829
vt 0.910645 -0.178589
vt 0.903809 -0.178589
vt 0.911096 -0.194829
vt 0.917969 -0.194829
vt 0.917969 -0.178589
vt 0.959059 -0.194942
vt 0.959961 -0.178589
vt 0.952223 -0.194942
vt 0.938791 -0.197574
vt 0.931641 -0.197526
vt 0.924805 -0.194717
vt 0.916992 -0.464844
vt 0.916504 -0.468750
vt 0.921387 -0.466797
vt 0.924489 -0.197459
vt 0.918055 -0.197582
vt 0.897546 -0.197750
vt 0.904461 -0.197638
vt 0.931641 -0.197526
vt 0.924489 -0.197459
vt 0.904260 -0.194942
vt 0.896484 -0.178589
vt 0.896935 -0.195055
vt 0.966394 -0.197965
vt 0.974209 -0.198428
vt 0.880106 -0.196295
vt 0.889197 -0.195506
vt 0.889648 -0.178589
vt 0.656250 -0.441406
vt 0.653320 -0.438965
vt 0.728516 -0.831055
vt 0.723633 -0.833008
vt 0.727539 -0.838379
vt 0.731445 -0.834961
vt 0.414795 -0.295410
vt 0.409180 -0.294189
vt 0.410889 -0.300293
vt 0.490723 -0.679688
vt 0.453613 -0.815430
vt 0.408203 -0.288330
vt 0.618164 -0.783203
vt 0.625488 -0.783203
vt 0.422119 -0.286133
vt 0.421387 -0.279053
vt 0.774902 -0.437500
vt 0.777832 -0.435547
vt 0.599609 -0.778320
vt 0.608887 -0.780762
vt 0.603516 -0.754395
vt 0.596191 -0.755859
vt 0.407715 -0.282959
vt 0.407227 -0.277588
vt 0.193481 -0.120422
vt 0.205322 -0.143799
vt 0.655273 -0.990234
vt 0.657227 -0.990234
vt 0.407959 -0.260742
vt 0.407227 -0.266113
vt 0.902344 -0.368164
vt 0.889160 -0.376465
vt 0.905273 -0.385742
vt 0.914062 -0.377441
vt 0.641602 -0.389404
vt 0.654297 -0.375000
vt 0.650391 -0.373291
vt 0.635254 -0.384277
vt 0.394043 -0.143799
vt 0.405762 -0.120056
vt 0.382324 -0.119934
vt 0.382080 -0.144531
vt 0.415527 -0.248413
vt 0.411621 -0.243408
vt 0.409912 -0.249390
vt 0.748535 -0.370361
vt 0.744629 -0.368652
vt 0.400879 -0.458496
vt 0.423828 -0.875000
vt 0.423096 -0.292725
vt 0.421143 -0.292969
vt 0.422119 -0.299072
vt 0.424072 -0.299805
vt 0.429932 -0.272217
vt 0.437500 -0.259766
vt 0.652344 -0.626953
vt 0.654297 -0.625000
vt 0.466064 -0.964355
vt 0.469238 -0.975098
vt 0.475342 -0.968262
vt 0.473877 -0.608398
vt 0.471924 -0.608398
vt 0.438965 -0.291016
vt 0.820801 -0.172241
vt 0.815430 -0.172241
vt 0.422607 -0.743652
vt 0.429932 -0.730469
vt 0.424072 -0.724121
vt 0.411377 -0.740234
vt 0.438232 -0.260010
vt 0.440186 -0.266357
vt 0.440430 -0.260254
vt 0.824707 -0.872559
vt 0.839355 -0.875977
vt 0.441162 -0.254150
vt 0.443604 -0.248169
vt 0.442871 -0.247314
vt 0.343506 -0.309570
vt 0.337158 -0.323975
vt 0.337158 -0.345947
vt 0.796387 -0.393311
vt 0.811523 -0.398682
vt 0.813965 -0.397461
vt 0.704102 -0.283203
vt 0.445557 -0.283447
vt 0.820801 -0.162476
vt 0.815430 -0.162476
vt 0.917480 -0.395508
vt 0.899414 -0.391602
vt 0.914551 -0.396973
vt 0.653320 -0.618164
vt 0.800293 -0.190796
vt 0.800293 -0.200195
vt 0.812012 -0.200562
vt 0.812012 -0.191284
vt 0.478516 -0.813477
vt 0.478516 -0.778809
vt 0.445801 -0.295410
vt 0.444580 -0.289307
vt 0.441895 -0.290283
vt 0.443359 -0.296631
vt 0.704102 -0.256592
vt 0.704102 -0.250488
vt 0.447021 -0.250488
vt 0.446045 -0.255859
vt 0.820801 -0.142944
vt 0.815430 -0.143188
vt 0.815430 -0.152832
vt 0.820801 -0.152710
vt 0.905273 -0.913574
vt 0.908691 -0.918457
vt 0.799805 -0.209351
vt 0.811523 -0.209839
vt 0.300049 -0.325928
vt 0.299805 -0.310791
vt 0.294189 -0.309082
vt 0.293945 -0.324219
vt 0.442383 -0.297363
vt 0.919922 -0.360840
vt 0.900391 -0.323975
vt 0.890137 -0.334229
vt 0.986816 -0.899902
vt 0.996582 -0.898926
vt 0.992676 -0.887207
vt 0.382812 -0.930664
vt 0.386475 -0.931152
vt 0.394287 -0.928223
vt 0.409424 -0.922363
vt 0.287842 -0.483398
vt 0.287842 -0.475586
vt 0.281250 -0.473877
vt 0.281006 -0.482910
vt 0.429443 -0.120300
vt 0.441650 -0.144287
vt 0.453125 -0.120667
vt 0.451172 -0.348145
vt 0.442627 -0.385254
vt 0.479004 -0.374023
vt 0.431396 -0.893066
vt 0.426514 -0.921875
vt 0.437988 -0.912109
vt 0.958496 -0.996094
vt 0.969238 -0.996094
vt 0.427979 -0.811523
vt 0.452637 -0.897949
vt 0.420166 -0.785645
vt 0.433105 -0.792969
vt 0.443359 -0.747070
vt 0.436768 -0.745605
vt 0.437988 -0.485840
vt 0.428467 -0.492432
vt 0.428467 -0.500977
vt 0.445068 -0.490479
vt 0.446533 -0.943848
vt 0.442139 -0.945801
vt 0.455566 -0.950195
vt 0.448730 -0.955078
vt 0.622070 -0.629395
vt 0.620605 -0.642578
vt 0.627441 -0.647949
vt 0.627441 -0.628906
vt 0.454834 -0.969238
vt 0.449707 -0.968750
vt 0.450928 -0.971191
vt 0.812012 -0.172119
vt 0.812500 -0.162476
vt 0.462891 -0.976562
vt 0.461670 -0.981445
vt 0.462646 -0.947266
vt 0.472412 -0.983398
vt 0.330811 -0.268311
vt 0.330811 -0.253906
vt 0.325195 -0.254883
vt 0.756836 -0.007942
vt 0.757324 -0.021774
vt 0.779785 -0.021545
vt 0.779785 -0.007942
vt 0.460938 -0.871582
vt 0.478760 -0.868652
vt 0.534668 -0.210083
vt 0.534668 -0.219116
vt 0.541016 -0.218872
vt 0.540527 -0.209717
vt 0.494385 -0.679199
vt 0.408691 -0.255127
vt 0.414551 -0.256592
vt 0.330811 -0.239258
vt 0.325439 -0.239258
vt 0.474609 -0.760742
vt 0.646484 -0.837891
vt 0.478516 -0.742188
vt 0.660645 -0.460693
vt 0.651367 -0.472656
vt 0.656250 -0.471924
vt 0.665527 -0.465088
vt 0.599121 -0.793457
vt 0.602539 -0.798340
vt 0.611816 -0.792969
vt 0.447021 -0.778809
vt 0.767090 -0.319824
vt 0.769531 -0.291748
vt 0.759766 -0.292725
vt 0.756836 -0.322998
vt 0.520020 -0.745117
vt 0.513672 -0.746582
vt 0.523926 -0.792480
vt 0.536621 -0.785156
vt 0.478271 -0.724121
vt 0.478271 -0.707031
vt 0.834961 -0.483398
vt 0.832520 -0.486816
vt 0.469971 -0.680664
vt 0.502930 -0.711426
vt 0.674316 -0.452637
vt 0.678711 -0.457031
vt 0.689453 -0.442383
vt 0.684082 -0.440674
vt 0.508301 -0.709961
vt 0.525879 -0.743652
vt 0.512695 -0.708984
vt 0.431396 -0.744141
vt 0.636719 -0.366455
vt 0.334961 -0.177002
vt 0.334961 -0.159546
vt 0.311523 -0.159546
vt 0.311523 -0.177002
vt 0.331055 -0.324951
vt 0.331299 -0.346680
vt 0.485107 -0.655762
vt 0.325195 -0.326660
vt 0.325195 -0.311523
vt 0.319092 -0.312500
vt 0.319092 -0.327393
vt 0.661621 -0.479980
vt 0.663574 -0.473389
vt 0.489502 -0.608398
vt 0.938791 -0.197574
vt 0.945227 -0.197573
vt 0.639648 -0.990234
vt 0.638672 -0.974609
vt 0.635254 -0.975098
vt 0.636230 -0.990723
vt 0.499023 -0.622559
vt 0.498779 -0.606445
vt 0.495605 -0.606934
vt 0.496094 -0.623535
vt 0.632812 -0.755859
vt 0.180786 -0.785645
vt 0.183472 -0.744629
vt 0.165771 -0.742188
vt 0.161865 -0.782227
vt 0.728027 -0.317627
vt 0.712402 -0.355957
vt 0.730469 -0.361572
vt 0.664551 -0.818848
vt 0.666992 -0.783691
vt 0.656738 -0.784180
vt 0.655273 -0.818848
vt 0.191162 -0.296387
vt 0.191162 -0.282959
vt 0.185547 -0.297852
vt 0.857910 -0.385986
vt 0.861328 -0.363525
vt 0.835938 -0.366211
vt 0.830078 -0.384277
vt 0.412842 -0.757812
vt 0.716309 -0.841309
vt 0.717285 -0.858887
vt 0.736328 -0.844727
vt 0.416992 -0.770996
vt 0.409424 -0.779297
vt 0.406982 -0.773926
vt 0.401855 -0.783203
vt 0.405273 -0.765625
vt 0.401123 -0.760742
vt 0.401367 -0.772461
vt 0.400146 -0.767578
vt 0.393311 -0.769531
vt 0.397217 -0.763672
vt 0.399902 -0.788574
vt 0.391113 -0.788574
vt 0.397705 -0.792480
vt 0.400146 -0.793457
vt 0.398926 -0.800781
vt 0.396973 -0.796875
vt 0.392334 -0.804199
vt 0.398926 -0.805176
vt 0.402588 -0.804688
vt 0.406738 -0.809570
vt 0.402344 -0.808594
vt 0.403320 -0.815918
vt 0.410645 -0.812500
vt 0.413818 -0.809570
vt 0.420410 -0.810059
vt 0.416260 -0.812988
vt 0.425537 -0.810059
vt 0.421875 -0.816895
vt 0.534180 -0.162842
vt 0.540039 -0.162720
vt 0.540039 -0.153198
vt 0.534180 -0.153076
vt 0.918055 -0.197582
vt 0.910914 -0.197519
vt 0.282227 -0.814453
vt 0.293213 -0.815430
vt 0.418213 -0.302979
vt 0.624512 -0.755371
vt 0.622070 -0.475586
vt 0.619141 -0.472900
vt 0.383057 -0.270020
vt 0.377441 -0.255615
vt 0.377686 -0.270752
vt 0.666016 -0.622070
vt 0.667480 -0.617188
vt 0.911133 -0.922363
vt 0.932129 -0.810059
vt 0.457520 -0.678223
vt 0.787109 -0.336182
vt 0.797363 -0.325928
vt 0.794922 -0.322021
vt 0.783203 -0.333496
vt 0.448242 -0.710449
vt 0.526855 -0.729980
vt 0.516113 -0.706055
vt 0.337158 -0.431396
vt 0.331299 -0.431396
vt 0.331543 -0.449463
vt 0.337402 -0.449707
vt 0.580078 -0.387939
vt 0.534180 -0.743164
vt 0.545898 -0.739746
vt 0.543945 -0.757324
vt 0.555664 -0.760742
vt 0.564453 -0.754395
vt 0.152954 -0.297607
vt 0.152954 -0.311768
vt 0.795410 -0.966797
vt 0.832520 -0.949707
vt 0.824219 -0.937500
vt 0.784180 -0.956543
vt 0.482422 -0.760742
vt 0.253662 -0.820312
vt 0.242554 -0.820801
vt 0.235352 -0.861328
vt 0.246948 -0.860352
vt 0.681641 -0.317139
vt 0.684082 -0.320801
vt 0.504395 -0.843262
vt 0.623535 -0.700684
vt 0.526367 -0.893066
vt 0.505371 -0.897949
vt 0.517090 -0.805664
vt 0.509766 -0.778320
vt 0.343506 -0.295654
vt 0.505371 -0.920898
vt 0.519531 -0.912598
vt 0.516602 -0.925781
vt 0.537109 -0.912598
vt 0.530762 -0.922363
vt 0.551758 -0.765625
vt 0.556641 -0.767578
vt 0.559570 -0.763672
vt 0.515625 -0.940918
vt 0.510742 -0.944824
vt 0.515137 -0.946777
vt 0.504395 -0.935547
vt 0.501465 -0.950684
vt 0.812988 -0.236694
vt 0.810547 -0.227905
vt 0.810059 -0.236694
vt 0.508301 -0.956055
vt 0.275879 -0.430176
vt 0.269775 -0.429932
vt 0.270752 -0.446289
vt 0.276611 -0.447266
vt 0.674316 -0.629395
vt 0.673340 -0.648438
vt 0.680176 -0.643555
vt 0.679199 -0.629883
vt 0.501465 -0.969727
vt 0.505371 -0.971680
vt 0.506836 -0.969238
vt 0.498047 -0.965332
vt 0.494385 -0.947754
vt 0.938965 -0.945312
vt 0.931641 -0.944824
vt 0.508789 -0.673340
vt 0.501953 -0.650391
vt 0.572849 -0.542305
vt 0.581429 -0.537080
vt 0.577649 -0.518547
vt 0.563613 -0.528559
vt 0.650879 -0.630859
vt 0.478271 -0.976562
vt 0.650879 -0.622070
vt 0.474609 -0.973633
vt 0.596191 -0.875000
vt 0.608398 -0.896484
vt 0.602051 -0.868652
vt 0.478271 -0.968262
vt 0.476562 -0.971680
vt 0.420410 -0.257812
vt 0.562988 -0.928711
vt 0.570801 -0.931641
vt 0.563477 -0.907227
vt 0.574219 -0.931152
vt 0.577637 -0.721191
vt 0.585449 -0.721191
vt 0.573242 -0.692871
vt 0.565430 -0.691406
vt 0.543457 -0.877441
vt 0.612793 -0.341797
vt 0.701172 -0.777832
vt 0.707031 -0.779785
vt 0.711914 -0.755371
vt 0.704102 -0.755371
vt 0.529297 -0.811035
vt 0.529785 -0.805176
vt 0.526367 -0.800293
vt 0.536133 -0.809570
vt 0.531250 -0.809082
vt 0.534180 -0.816406
vt 0.540039 -0.812500
vt 0.542480 -0.809570
vt 0.540039 -0.770996
vt 0.549805 -0.809570
vt 0.545898 -0.812012
vt 0.552734 -0.816406
vt 0.554199 -0.809082
vt 0.553711 -0.805176
vt 0.547363 -0.779297
vt 0.549805 -0.773438
vt 0.727539 -0.826172
vt 0.721680 -0.825195
vt 0.555176 -0.772949
vt 0.563477 -0.770020
vt 0.557129 -0.788574
vt 0.555176 -0.783203
vt 0.565918 -0.789062
vt 0.559082 -0.792969
vt 0.556641 -0.793945
vt 0.557617 -0.800781
vt 0.559570 -0.797363
vt 0.557617 -0.805664
vt 0.563965 -0.804688
vt 0.746094 -0.667969
vt 0.742188 -0.667480
vt 0.734863 -0.670410
vt 0.540527 -0.842773
vt 0.551270 -0.877441
vt 0.719727 -0.676270
vt 0.705078 -0.724121
vt 0.592285 -0.686035
vt 0.583984 -0.697754
vt 0.602539 -0.705566
vt 0.609375 -0.686523
vt 0.700684 -0.787109
vt 0.702637 -0.676758
vt 0.690918 -0.686523
vt 0.697266 -0.705566
vt 0.682129 -0.654785
vt 0.686523 -0.652832
vt 0.677734 -0.627441
vt 0.824219 -0.172363
vt 0.824219 -0.162476
vt 0.666504 -0.651367
vt 0.630859 -0.633301
vt 0.372803 -0.257324
vt 0.372803 -0.272461
vt 0.650391 -0.819824
vt 0.454590 -0.650391
vt 0.528320 -0.191895
vt 0.528320 -0.201416
vt 0.534180 -0.200928
vt 0.534180 -0.191528
vt 0.478760 -0.894043
vt 0.506836 -0.399902
vt 0.490234 -0.410400
vt 0.497314 -0.414795
vt 0.506836 -0.408447
vt 0.681641 -0.819824
vt 0.695801 -0.805664
vt 0.708984 -0.812988
vt 0.685547 -0.851562
vt 0.251465 -0.270508
vt 0.251465 -0.284424
vt 0.667480 -0.755859
vt 0.736816 -0.458496
vt 0.739258 -0.461182
vt 0.299805 -0.814941
vt 0.304688 -0.815430
vt 0.649902 -0.729980
vt 0.884277 -0.363037
vt 0.901855 -0.355225
vt 0.424561 -0.409180
vt 0.435303 -0.381104
vt 0.417480 -0.401611
vt 0.422607 -0.258057
vt 0.650391 -0.874512
vt 0.659180 -0.917969
vt 0.419189 -0.240967
vt 0.288086 -0.177002
vt 0.264893 -0.176880
vt 0.264893 -0.188965
vt 0.288330 -0.189087
vt 0.698242 -0.314453
vt 0.713867 -0.313232
vt 0.714355 -0.308838
vt 0.697266 -0.309814
vt 0.303467 -0.467529
vt 0.301270 -0.463379
vt 0.294678 -0.467529
vt 0.294434 -0.473877
vt 0.444824 -0.255371
vt 0.444092 -0.260986
vt 0.164062 -0.451660
vt 0.164673 -0.433594
vt 0.158813 -0.433594
vt 0.158691 -0.452393
vt 0.241821 -0.782715
vt 0.238037 -0.742676
vt 0.220337 -0.745117
vt 0.330811 -0.469482
vt 0.323975 -0.465332
vt 0.321777 -0.469482
vt 0.331299 -0.475830
vt 0.152222 -0.480469
vt 0.152344 -0.473633
vt 0.145386 -0.472168
vt 0.145508 -0.478516
vt 0.662109 -0.974609
vt 0.666016 -0.945312
vt 0.337158 -0.294678
vt 0.330811 -0.282227
vt 0.330811 -0.295654
vt 0.824219 -0.182373
vt 0.824219 -0.191895
vt 0.988770 -0.918457
vt 0.620117 -0.925293
vt 0.532715 -0.723633
vt 0.706055 -0.854980
vt 0.711914 -0.827637
vt 0.719727 -0.819336
vt 0.720215 -0.371826
vt 0.735840 -0.829102
vt 0.729004 -0.810547
vt 0.727051 -0.815430
vt 0.737793 -0.810059
vt 0.731445 -0.806152
vt 0.728516 -0.805176
vt 0.729980 -0.797852
vt 0.731934 -0.801758
vt 0.736328 -0.794434
vt 0.729980 -0.793457
vt 0.726074 -0.793945
vt 0.722168 -0.789062
vt 0.726562 -0.790039
vt 0.725586 -0.782715
vt 0.718262 -0.786621
vt 0.715332 -0.789062
vt 0.708496 -0.788574
vt 0.712402 -0.786133
vt 0.703613 -0.788574
vt 0.707031 -0.781738
vt 0.937988 -0.481689
vt 0.935547 -0.485107
vt 0.372803 -0.286377
vt 0.367432 -0.273438
vt 0.367432 -0.287109
vt 0.665527 -0.975586
vt 0.664062 -0.991211
vt 0.666992 -0.992188
vt 0.520508 -0.702148
vt 0.905762 -0.465332
vt 0.903320 -0.468262
vt 0.139282 -0.089661
vt 0.136475 -0.117676
vt 0.146851 -0.120300
vt 0.149780 -0.089661
vt 0.594727 -0.855469
vt 0.583496 -0.858887
vt 0.584961 -0.841309
vt 0.392578 -0.753906
vt 0.693848 -0.361328
vt 0.701172 -0.378906
vt 0.619141 -0.820312
vt 0.604980 -0.806152
vt 0.592285 -0.813477
vt 0.599609 -0.787598
vt 0.634766 -0.616699
vt 0.635742 -0.622070
vt 0.383057 -0.284180
vt 0.377686 -0.284912
vt 0.256836 -0.272217
vt 0.256836 -0.257812
vt 0.251465 -0.255859
vt 0.712891 -0.043152
vt 0.690430 -0.043274
vt 0.398682 -0.287109
vt 0.393311 -0.286133
vt 0.393311 -0.300049
vt 0.398682 -0.300781
vt 0.983398 -0.962402
vt 0.993164 -0.961426
vt 0.989258 -0.950195
vt 0.598145 -0.676758
vt 0.618164 -0.654297
vt 0.614258 -0.652344
vt 0.581055 -0.676270
vt 0.565918 -0.670410
vt 0.573730 -0.677734
vt 0.558105 -0.666992
vt 0.554688 -0.667480
vt 0.588379 -0.755859
vt 0.623535 -0.626953
vt 0.939941 -0.881836
vt 0.932617 -0.881348
vt 0.171631 -0.819824
vt 0.338135 -0.485596
vt 0.338135 -0.477539
vt 0.331055 -0.485107
vt 0.915039 -0.996094
vt 0.925293 -0.996094
vt 0.824219 -0.105835
vt 0.824219 -0.097168
vt 0.819824 -0.097168
vt 0.820312 -0.105957
vt 0.155884 -0.740723
vt 0.151367 -0.780273
vt 0.528320 -0.153076
vt 0.528320 -0.162842
vt 0.334961 -0.189087
vt 0.994629 -0.171387
vt 0.994629 -0.164551
vt 0.669922 -0.992676
vt 0.319092 -0.255615
vt 0.194702 -0.043213
vt 0.194336 -0.056763
vt 0.216919 -0.056976
vt 0.451172 -0.339600
vt 0.467773 -0.337646
vt 0.460693 -0.333252
vt 0.165161 -0.952148
vt 0.787109 -0.823242
vt 0.755371 -0.791992
vt 0.948730 -0.935059
vt 0.959961 -0.935059
vt 0.929688 -0.472656
vt 0.927246 -0.475586
vt 0.209473 -0.298096
vt 0.209351 -0.284180
vt 0.203735 -0.296631
vt 0.944824 -0.322998
vt 0.955566 -0.333252
vt 0.958984 -0.330078
vt 0.946777 -0.318848
vt 0.388428 -0.284668
vt 0.388428 -0.298340
vt 0.452393 -0.188843
vt 0.476807 -0.189331
vt 0.478516 -0.177490
vt 0.453369 -0.177002
vt 0.757812 -0.275391
vt 0.768066 -0.274658
vt 0.760742 -0.247559
vt 0.750000 -0.246216
vt 0.593750 -0.780273
vt 0.642578 -0.463379
vt 0.645020 -0.466064
vt 0.671387 -0.920898
vt 0.603027 -0.314697
vt 0.587402 -0.321777
vt 0.590332 -0.325684
vt 0.604004 -0.319092
vt 0.197510 -0.309570
vt 0.197510 -0.295654
vt 0.191284 -0.310547
vt 0.853516 -0.444092
vt 0.848145 -0.446533
vt 0.439941 -0.278320
vt 0.440186 -0.284180
vt 0.444092 -0.283691
vt 0.443848 -0.278076
vt 0.152954 -0.327393
vt 0.146851 -0.328125
vt 0.146973 -0.349854
vt 0.152832 -0.349365
vt 0.660645 -0.990723
vt 0.802734 -0.467285
vt 0.800293 -0.470215
vt 0.708984 -0.480957
vt 0.706055 -0.477783
vt 0.191284 -0.325684
vt 0.185425 -0.327148
vt 0.852051 -0.334961
vt 0.841309 -0.324707
vt 0.630371 -0.992188
vt 0.633301 -0.991699
vt 0.632324 -0.665039
vt 0.782227 -0.380371
vt 0.501465 -0.191895
vt 0.485107 -0.207031
vt 0.503906 -0.213623
vt 0.512207 -0.196899
vt 0.573242 -0.837891
vt 0.564453 -0.844238
vt 0.276123 -0.268799
vt 0.275879 -0.282715
vt 0.468262 -0.607910
vt 0.793457 -0.199829
vt 0.792969 -0.209106
vt 0.667969 -0.727539
vt 0.906738 -0.167236
vt 0.906250 -0.171387
vt 0.916016 -0.171387
vt 0.478760 -0.840332
vt 0.528320 -0.143311
vt 0.534180 -0.143555
vt 0.534180 -0.133911
vt 0.528320 -0.133789
vt 0.288086 -0.159424
vt 0.241577 -0.176758
vt 0.241821 -0.188843
vt 0.203735 -0.310547
vt 0.197510 -0.324951
vt 0.203613 -0.325684
vt 0.773926 -0.282715
vt 0.793457 -0.262695
vt 0.789551 -0.252930
vt 0.177002 -0.990723
vt 0.170532 -0.992188
vt 0.344727 -0.475586
vt 0.344727 -0.469238
vt 0.337891 -0.470703
vt 0.979492 -0.996094
vt 0.932617 -0.646484
vt 0.963379 -0.458008
vt 0.967285 -0.453613
vt 0.236084 -0.429932
vt 0.236328 -0.446533
vt 0.241821 -0.446777
vt 0.241211 -0.429932
vt 0.197510 -0.346680
vt 0.346191 -0.635742
vt 0.344482 -0.620117
vt 0.493408 -0.623535
vt 0.588867 -0.828125
vt 0.453125 -0.401855
vt 0.463379 -0.415283
vt 0.811523 -0.115295
vt 0.812012 -0.124512
vt 0.447998 -0.673340
vt 0.347900 -0.945312
vt 0.368652 -0.891602
vt 0.235840 -0.297119
vt 0.230957 -0.285156
vt 0.230957 -0.298828
vt 0.492920 -0.607910
vt 0.885742 -0.378418
vt 0.251465 -0.297852
vt 0.246582 -0.296631
vt 0.246582 -0.310303
vt 0.251465 -0.311768
vt 0.914062 -0.318359
vt 0.913086 -0.313721
vt 0.897949 -0.320312
vt 0.776367 -0.365479
vt 0.963379 -0.171387
vt 0.993652 -0.908691
vt 0.577148 -0.833008
vt 0.572266 -0.831055
vt 0.569336 -0.834961
vt 0.535645 -0.818359
vt 0.696777 -0.753906
vt 0.487549 -0.336914
vt 0.472168 -0.330322
vt 0.495361 -0.311279
vt 0.483643 -0.329590
vt 0.172485 -0.188843
vt 0.170410 -0.177124
vt 0.311523 -0.189087
vt 0.897461 -0.171387
vt 0.897461 -0.167236
vt 0.673828 -0.383301
vt 0.256836 -0.299561
vt 0.256836 -0.313721
vt 0.388428 -0.327637
vt 0.235596 -0.254883
vt 0.140991 -0.329590
vt 0.135010 -0.330322
vt 0.135010 -0.351318
vt 0.140747 -0.350830
vt 0.567383 -0.484863
vt 0.569336 -0.478271
vt 0.562012 -0.476807
vt 0.557129 -0.477295
vt 0.192139 -0.625000
vt 0.190430 -0.640137
vt 0.281738 -0.309082
vt 0.281494 -0.295166
vt 0.275879 -0.296631
vt 0.275879 -0.310791
vt 0.436035 -0.702148
vt 0.843750 -0.320801
vt 0.827637 -0.314941
vt 0.826660 -0.319824
vt 0.441162 -0.272217
vt 0.886230 -0.331787
vt 0.355957 -0.781250
vt 0.353516 -0.740234
vt 0.343506 -0.741699
vt 0.830078 -0.924316
vt 0.844727 -0.922852
vt 0.833984 -0.883789
vt 0.818848 -0.881836
vt 0.149048 -0.818848
vt 0.812012 -0.181763
vt 0.595215 -0.447266
vt 0.855957 -0.332031
vt 0.443848 -0.272461
vt 0.874023 -0.113586
vt 0.420166 -0.500488
vt 0.415039 -0.510742
vt 0.500000 -0.520020
vt 0.518066 -0.499268
vt 0.510742 -0.491699
vt 0.446045 -0.249268
vt 0.486084 -0.468994
vt 0.969727 -0.926270
vt 0.971191 -0.935059
vt 0.812012 -0.143311
vt 0.812012 -0.152832
vt 0.213135 -0.640137
vt 0.206177 -0.674805
vt 0.215210 -0.674805
vt 0.226074 -0.445312
vt 0.225464 -0.454102
vt 0.231201 -0.456299
vt 0.231445 -0.445801
vt 0.576660 -0.333984
vt 0.580566 -0.336914
vt 0.295654 -0.856934
vt 0.231079 -0.271240
vt 0.230957 -0.256348
vt 0.225586 -0.257812
vt 0.225586 -0.272217
vt 0.141113 -0.451172
vt 0.135376 -0.450195
vt 0.134399 -0.459717
vt 0.140381 -0.462646
vt 0.293213 -0.701172
vt 0.297119 -0.668457
vt 0.288574 -0.666992
vt 0.280273 -0.699219
vt 0.790527 -0.914062
vt 0.793945 -0.898926
vt 0.191406 -0.787598
vt 0.193481 -0.746094
vt 0.197510 -0.432129
vt 0.191406 -0.431885
vt 0.191406 -0.449463
vt 0.197388 -0.449707
vt 0.907227 -0.162476
vt 0.372803 -0.328857
vt 0.372803 -0.313965
vt 0.367432 -0.315186
vt 0.367432 -0.330322
vt 0.398682 -0.259033
vt 0.393311 -0.256836
vt 0.393311 -0.271973
vt 0.398682 -0.273438
vt 0.505371 -0.144775
vt 0.528320 -0.182373
vt 0.534180 -0.182007
vt 0.534180 -0.172485
vt 0.528320 -0.172607
vt 0.235962 -0.819824
vt 0.752930 -0.354980
vt 0.748047 -0.354736
vt 0.650391 -0.990723
vt 0.224487 -0.855957
vt 0.581543 -0.819336
vt 0.579102 -0.825195
vt 0.573730 -0.815430
vt 0.573730 -0.826172
vt 0.565430 -0.828613
vt 0.936523 -0.996094
vt 0.947266 -0.996094
vt 0.215698 -0.256348
vt 0.209351 -0.270264
vt 0.215698 -0.270996
vt 0.484375 -0.561035
vt 0.467529 -0.562988
vt 0.474609 -0.567383
vt 0.214844 -0.949707
vt 0.235352 -0.895996
vt 0.719238 -0.956543
vt 0.730469 -0.951660
vt 0.719238 -0.940430
vt 0.708008 -0.951660
vt 0.753906 -0.890625
vt 0.749512 -0.896484
vt 0.758301 -0.896484
vt 0.974210 -0.198428
vt 0.982484 -0.199233
vt 0.446045 -0.288818
vt 0.757812 -0.896484
vt 0.761230 -0.655273
vt 0.896935 -0.195055
vt 0.889197 -0.195506
vt 0.775879 -0.845703
vt 0.445801 -0.261475
vt 0.443848 -0.266602
vt 0.951172 -0.640137
vt 0.834961 -0.293213
vt 0.851074 -0.289551
vt 0.859863 -0.275146
vt 0.856445 -0.258789
vt 0.842285 -0.250000
vt 0.825684 -0.253662
vt 0.816895 -0.267822
vt 0.820312 -0.284180
vt 0.325195 -0.297363
vt 0.319092 -0.298096
vt 0.127319 -0.819336
vt 0.269775 -0.269287
vt 0.269775 -0.283203
vt 0.812012 -0.133789
vt 0.800293 -0.134277
vt 0.130249 -0.778809
vt 0.800781 -0.171997
vt 0.800781 -0.181396
vt 0.141113 -0.300049
vt 0.141113 -0.286133
vt 0.135010 -0.285889
vt 0.135010 -0.300293
vt 0.372803 -0.300049
vt 0.367432 -0.300781
vt 0.815430 -0.133667
vt 0.820801 -0.133423
vt 0.190796 -0.838379
vt 0.211182 -0.838379
vt 0.704102 -0.261963
vt 0.811035 -0.106262
vt 0.799316 -0.106567
vt 0.824219 -0.133179
vt 0.824219 -0.123657
vt 0.813965 -0.097290
vt 0.814453 -0.106140
vt 0.824219 -0.152588
vt 0.811035 -0.218872
vt 0.810547 -0.097351
vt 0.832520 -0.611816
vt 0.818848 -0.615723
vt 0.824219 -0.219482
vt 0.824219 -0.228027
vt 0.818848 -0.236694
vt 0.824219 -0.236694
vt 0.230835 -0.429932
vt 0.993164 -0.781738
vt 0.996582 -0.767578
vt 0.824219 -0.210449
vt 0.824219 -0.088501
vt 0.818848 -0.088501
vt 0.824219 -0.142700
vt 0.800781 -0.153076
vt 0.800781 -0.143555
vt 0.170776 -0.285889
vt 0.164551 -0.285645
vt 0.306152 -0.297119
vt 0.299805 -0.296631
vt 0.306152 -0.311523
vt 0.824219 -0.201538
vt 0.810059 -0.088501
vt 0.796875 -0.088501
vt 0.798828 -0.097534
vt 0.791016 -0.088501
vt 0.791992 -0.097656
vt 0.792480 -0.106812
vt 0.319092 -0.239258
vt 0.800781 -0.162476
vt 0.231201 -0.239258
vt 0.225586 -0.239258
vt 0.793945 -0.134521
vt 0.790527 -0.125366
vt 0.793945 -0.181152
vt 0.793945 -0.171875
vt 0.730469 -0.313721
vt 0.788086 -0.088501
vt 0.791016 -0.190552
vt 0.790527 -0.199829
vt 0.793945 -0.190552
vt 0.552246 -0.190674
vt 0.595703 -0.190430
vt 0.639648 -0.227417
vt 0.597656 -0.236694
vt 0.682129 -0.218018
vt 0.300781 -0.635254
vt 0.303467 -0.620117
vt 0.299072 -0.620117
vt 0.295410 -0.634766
vt 0.548340 -0.236694
vt 0.547363 -0.227661
vt 0.541504 -0.227783
vt 0.541992 -0.236694
vt 0.726562 -0.208862
vt 0.768555 -0.208984
vt 0.596191 -0.208984
vt 0.769043 -0.190430
vt 0.769043 -0.199707
vt 0.639160 -0.199585
vt 0.884766 -0.348145
vt 0.879883 -0.347168
vt 0.188477 -0.674805
vt 0.186279 -0.708984
vt 0.195679 -0.709473
vt 0.197510 -0.674805
vt 0.727051 -0.190430
vt 0.596191 -0.116211
vt 0.552734 -0.115906
vt 0.790039 -0.208984
vt 0.256836 -0.239258
vt 0.251221 -0.239258
vt 0.793945 -0.153198
vt 0.793945 -0.143799
vt 0.215698 -0.239258
vt 0.793945 -0.162476
vt 0.769531 -0.162598
vt 0.791016 -0.162598
vt 0.930664 -0.313232
vt 0.930176 -0.317871
vt 0.398682 -0.239258
vt 0.392822 -0.239258
vt 0.291748 -0.983887
vt 0.302002 -0.982422
vt 0.355469 -0.255615
vt 0.355469 -0.239258
vt 0.589844 -0.445312
vt 0.727051 -0.153320
vt 0.727051 -0.162598
vt 0.727051 -0.171875
vt 0.682617 -0.181152
vt 0.638672 -0.171753
vt 0.638672 -0.153442
vt 0.595703 -0.162598
vt 0.595703 -0.199707
vt 0.551758 -0.162598
vt 0.768555 -0.116272
vt 0.790527 -0.116089
vt 0.856445 -0.067200
vt 0.552246 -0.199951
vt 0.552734 -0.209229
vt 0.546875 -0.218628
vt 0.528320 -0.106079
vt 0.528320 -0.115112
vt 0.534180 -0.115356
vt 0.534668 -0.106262
vt 0.540039 -0.134155
vt 0.545898 -0.134277
vt 0.546387 -0.125000
vt 0.540527 -0.124817
vt 0.535156 -0.227905
vt 0.546387 -0.209473
vt 0.534180 -0.124573
vt 0.546387 -0.200195
vt 0.540527 -0.200562
vt 0.528320 -0.124207
vt 0.540039 -0.191162
vt 0.546387 -0.190918
vt 0.540039 -0.181763
vt 0.545898 -0.181519
vt 0.545898 -0.162598
vt 0.545898 -0.172119
vt 0.540039 -0.172241
vt 0.528320 -0.210327
vt 0.545898 -0.143677
vt 0.545898 -0.153198
vt 0.535645 -0.088501
vt 0.528320 -0.088501
vt 0.528320 -0.097290
vt 0.535156 -0.097351
vt 0.540039 -0.143677
vt 0.528320 -0.228027
vt 0.528320 -0.236694
vt 0.535645 -0.236694
vt 0.547363 -0.097534
vt 0.554199 -0.088501
vt 0.548340 -0.088501
vt 0.788086 -0.236694
vt 0.682617 -0.144165
vt 0.554199 -0.236694
vt 0.727051 -0.134766
vt 0.540527 -0.115540
vt 0.546387 -0.115723
vt 0.528320 -0.219360
vt 0.769043 -0.125488
vt 0.639160 -0.125732
vt 0.726562 -0.116394
vt 0.208008 -0.709473
vt 0.217529 -0.708984
vt 0.776855 -0.348877
vt 0.597656 -0.088501
vt 0.541016 -0.097412
vt 0.541992 -0.088501
vt 0.546875 -0.106567
vt 0.541016 -0.106445
vt 0.348145 -0.833984
vt 0.354980 -0.821289
vt 0.320068 -0.833984
vt 0.313721 -0.821289
vt 0.364258 -0.815430
vt 0.964355 -0.361572
vt 0.960938 -0.384033
vt 0.966309 -0.384766
vt 0.969727 -0.361084
vt 0.210205 -0.746094
vt 0.375000 -0.777832
vt 0.337158 -0.308838
vt 0.380127 -0.855957
vt 0.386963 -0.815430
vt 0.247681 -0.740723
vt 0.243530 -0.706055
vt 0.234131 -0.707520
vt 0.383057 -0.374756
vt 0.383057 -0.431396
vt 0.388428 -0.431152
vt 0.858887 -0.348633
vt 0.863281 -0.346924
vt 0.338867 -0.979004
vt 0.310303 -0.985840
vt 0.311523 -0.951660
vt 0.307617 -0.950195
vt 0.303711 -0.987793
vt 0.336182 -0.983887
vt 0.369385 -0.635254
vt 0.364014 -0.669434
vt 0.372803 -0.668945
vt 0.172974 -0.673828
vt 0.169556 -0.707031
vt 0.982910 -0.479492
vt 0.979980 -0.473145
vt 0.357910 -0.620117
vt 0.365967 -0.620117
vt 0.348389 -0.669922
vt 0.341309 -0.705078
vt 0.358643 -0.089661
vt 0.358643 -0.119873
vt 0.382324 -0.089661
vt 0.214355 -0.447754
vt 0.208618 -0.448486
vt 0.311523 -0.620117
vt 0.323730 -0.635254
vt 0.325195 -0.620117
vt 0.321777 -0.669922
vt 0.506348 -0.160767
vt 0.521973 -0.161011
vt 0.518555 -0.141602
vt 0.306152 -0.669434
vt 0.668945 -0.384277
vt 0.337158 -0.373047
vt 0.343262 -0.431152
vt 0.128052 -0.145020
vt 0.147217 -0.703613
vt 0.138428 -0.737793
vt 0.160156 -0.706055
vt 0.164062 -0.673340
vt 0.155396 -0.671875
vt 0.236206 -0.372803
vt 0.236084 -0.346924
vt 0.230713 -0.348389
vt 0.230713 -0.373291
vt 0.300293 -0.893066
vt 0.196899 -0.985840
vt 0.203125 -0.988281
vt 0.910156 -0.938477
vt 0.919434 -0.946289
vt 0.924805 -0.946289
vt 0.927246 -0.943359
vt 0.940918 -0.965332
vt 0.937500 -0.943359
vt 0.947266 -0.946289
vt 0.890137 -0.262451
vt 0.898926 -0.262451
vt 0.990723 -0.996094
vt 0.985840 -0.987305
vt 0.981445 -0.935059
vt 0.211182 -0.625000
vt 0.909180 -0.987305
vt 0.904297 -0.996094
vt 0.331055 -0.309814
vt 0.856445 -0.006950
vt 0.975098 -0.946289
vt 0.970215 -0.945801
vt 0.967285 -0.943359
vt 0.962891 -0.944824
vt 0.965332 -0.881348
vt 0.958008 -0.881836
vt 0.957520 -0.943359
vt 0.956055 -0.945312
vt 0.214966 -0.838379
vt 0.187012 -0.838379
vt 0.180664 -0.825684
vt 0.307129 -0.853027
vt 0.388428 -0.270508
vt 0.344482 -0.461914
vt 0.343506 -0.449219
vt 0.337646 -0.462891
vt 0.624512 -0.395020
vt 0.626953 -0.396240
vt 0.716309 -0.470703
vt 0.713379 -0.468018
vt 0.311279 -0.899902
vt 0.205566 -0.983398
vt 0.330078 -0.981445
vt 0.230713 -0.674316
vt 0.239624 -0.673340
vt 0.236206 -0.639648
vt 0.232910 -0.625000
vt 0.224854 -0.625000
vt 0.302734 -0.702637
vt 0.350586 -0.704102
vt 0.961914 -0.346924
vt 0.966797 -0.344971
vt 0.330811 -0.669922
vt 0.339355 -0.670410
vt 0.178467 -0.625000
vt 0.260498 -0.814941
vt 0.241211 -0.295898
vt 0.241211 -0.309570
vt 0.168945 -0.986816
vt 0.910156 -0.874512
vt 0.919922 -0.882812
vt 0.925293 -0.882812
vt 0.928223 -0.879395
vt 0.938477 -0.879883
vt 0.948730 -0.882812
vt 0.329590 -0.056824
vt 0.307129 -0.057037
vt 0.306641 -0.078613
vt 0.329346 -0.078613
vt 0.890137 -0.264160
vt 0.898926 -0.264160
vt 0.992676 -0.913574
vt 0.415039 -0.237061
vt 0.904297 -0.908203
vt 0.977539 -0.882812
vt 0.972656 -0.882812
vt 0.969727 -0.879883
vt 0.959473 -0.879883
vt 0.413818 -0.306641
vt 0.276123 -0.143677
vt 0.288086 -0.144409
vt 0.287842 -0.119751
vt 0.264160 -0.119812
vt 0.152100 -0.488525
vt 0.159180 -0.487793
vt 0.992188 -0.935059
vt 0.185547 -0.312256
vt 0.235962 -0.325684
vt 0.230835 -0.327393
vt 0.515137 -0.400146
vt 0.536621 -0.403564
vt 0.600098 -0.021576
vt 0.577637 -0.021805
vt 0.577637 -0.043182
vt 0.600098 -0.043274
vt 0.866211 -0.363037
vt 0.331299 -0.373291
vt 0.367432 -0.702637
vt 0.371094 -0.737793
vt 0.380859 -0.736328
vt 0.376709 -0.701660
vt 0.452881 -0.089661
vt 0.429688 -0.089661
vt 0.385498 -0.776367
vt 0.197510 -0.373779
vt 0.251709 -0.347656
vt 0.246460 -0.346436
vt 0.246338 -0.372559
vt 0.251953 -0.373047
vt 0.254883 -0.460449
vt 0.253418 -0.455566
vt 0.248413 -0.458008
vt 0.248901 -0.464600
vt 0.153198 -0.954102
vt 0.158569 -0.988281
vt 0.545898 -0.380859
vt 0.812988 -0.088501
vt 0.275635 -0.373047
vt 0.269775 -0.373291
vt 0.589355 -0.428223
vt 0.241333 -0.372314
vt 0.355957 -0.457275
vt 0.354980 -0.447510
vt 0.349121 -0.447998
vt 0.349854 -0.459473
vt 0.440430 -0.298096
vt 0.127075 -0.057068
vt 0.127075 -0.078613
vt 0.388428 -0.312500
vt 0.197144 -0.484375
vt 0.197144 -0.476562
vt 0.190308 -0.483887
vt 0.252686 -0.143677
vt 0.240967 -0.144287
vt 0.909668 -0.926270
vt 0.904785 -0.935059
vt 0.377686 -0.298584
vt 0.352295 -0.057037
vt 0.352051 -0.078613
vt 0.331055 -0.462158
vt 0.325195 -0.431152
vt 0.319092 -0.430664
vt 0.140747 -0.376709
vt 0.135010 -0.376709
vt 0.135010 -0.433594
vt 0.140991 -0.433594
vt 0.574707 -0.389160
vt 0.704102 -0.288574
vt 0.299805 -0.458252
vt 0.294434 -0.460693
vt 0.401855 -0.487305
vt 0.367432 -0.446289
vt 0.366699 -0.455078
vt 0.372314 -0.457520
vt 0.372803 -0.447021
vt 0.169922 -0.450195
vt 0.170776 -0.433594
vt 0.862793 -0.386719
vt 0.653809 -0.359375
vt 0.658691 -0.359619
vt 0.258789 -0.454102
vt 0.257568 -0.445312
vt 0.252197 -0.445068
vt 0.406738 -0.271729
vt 0.236572 -0.470947
vt 0.236694 -0.479492
vt 0.243164 -0.479736
vt 0.242798 -0.472168
vt 0.856445 -0.048462
vt 0.794434 -0.839355
vt 0.848145 -0.057037
vt 0.825684 -0.056671
vt 0.826172 -0.078613
vt 0.848145 -0.078613
vt 0.736328 -0.078613
vt 0.735840 -0.056793
vt 0.419922 -0.043274
vt 0.397461 -0.043182
vt 0.442627 -0.007942
vt 0.420166 -0.007942
vt 0.420166 -0.021576
vt 0.442627 -0.021790
vt 0.825684 -0.043060
vt 0.848145 -0.043030
vt 0.848145 -0.021194
vt 0.825195 -0.021469
vt 0.487549 -0.007942
vt 0.465088 -0.007942
vt 0.465088 -0.021576
vt 0.802734 -0.021729
vt 0.802734 -0.043060
vt 0.780273 -0.043182
vt 0.757812 -0.043121
vt 0.262695 -0.021790
vt 0.262207 -0.043152
vt 0.689453 -0.007942
vt 0.689941 -0.021576
vt 0.712402 -0.021790
vt 0.711914 -0.007942
vt 0.487549 -0.057037
vt 0.510254 -0.056824
vt 0.734375 -0.007942
vt 0.734863 -0.021561
vt 0.367432 -0.259033
vt 0.803223 -0.056915
vt 0.803711 -0.078613
vt 0.735352 -0.043243
vt 0.442383 -0.043182
vt 0.465088 -0.043243
vt 0.532715 -0.007942
vt 0.510254 -0.007942
vt 0.532715 -0.057037
vt 0.555176 -0.056824
vt 0.307617 -0.021790
vt 0.307373 -0.043182
vt 0.195190 -0.021545
vt 0.622070 -0.007942
vt 0.599609 -0.007942
vt 0.622559 -0.021790
vt 0.306152 -0.254883
vt 0.299805 -0.268799
vt 0.306152 -0.269287
vt 0.285156 -0.021576
vt 0.284912 -0.043274
vt 0.284424 -0.056793
vt 0.667969 -0.043152
vt 0.645020 -0.043274
vt 0.284180 -0.078613
vt 0.261963 -0.057007
vt 0.285400 -0.007942
vt 0.262939 -0.007942
vt 0.397705 -0.021790
vt 0.172119 -0.043060
vt 0.352783 -0.007942
vt 0.330322 -0.007942
vt 0.645020 -0.021576
vt 0.667480 -0.021790
vt 0.193848 -0.078613
vt 0.216431 -0.078613
vt 0.375244 -0.021576
vt 0.375000 -0.043243
vt 0.172852 -0.007942
vt 0.172607 -0.021729
vt 0.195435 -0.007942
vt 0.240601 -0.007942
vt 0.532715 -0.078613
vt 0.555176 -0.078613
vt 0.239380 -0.056793
vt 0.510254 -0.078613
vt 0.666992 -0.007942
vt 0.487549 -0.078613
vt 0.848145 -0.007942
vt 0.825195 -0.007942
vt 0.644531 -0.007942
vt 0.238892 -0.078613
vt 0.261475 -0.078613
vt 0.622559 -0.043182
vt 0.802246 -0.007942
vt 0.375244 -0.007942
vt 0.577148 -0.007942
vt 0.554688 -0.007942
vt 0.218018 -0.007942
vt 0.442383 -0.057037
vt 0.442383 -0.078613
vt 0.464844 -0.078613
vt 0.465088 -0.056793
vt 0.150146 -0.007942
vt 0.397705 -0.007942
vt 0.307861 -0.007942
vt 0.446777 -0.294189
vt 0.704102 -0.294189
vt 0.518066 -0.182495
vt 0.504883 -0.179443
vt 0.186401 -0.205444
vt 0.165161 -0.206543
vt 0.810059 -0.315674
vt 0.811035 -0.320068
vt 0.509277 -0.115967
vt 0.925781 -0.090332
vt 0.334961 -0.089661
vt 0.428711 -0.188843
vt 0.429199 -0.176880
vt 0.195679 -0.188477
vt 0.235840 -0.239258
vt 0.218750 -0.188599
vt 0.416260 -0.207642
vt 0.393311 -0.206177
vt 0.392822 -0.230103
vt 0.438232 -0.230103
vt 0.217651 -0.159302
vt 0.253418 -0.206055
vt 0.276611 -0.206177
vt 0.369873 -0.206177
vt 0.346436 -0.230103
vt 0.300049 -0.206299
vt 0.299805 -0.230103
vt 0.323242 -0.207886
vt 0.346436 -0.206299
vt 0.462158 -0.205566
vt 0.439453 -0.205933
vt 0.478760 -0.230103
vt 0.218262 -0.176636
vt 0.405273 -0.188965
vt 0.191040 -0.254150
vt 0.191162 -0.239258
vt 0.185669 -0.239258
vt 0.185547 -0.255371
vt 0.377686 -0.239258
vt 0.373047 -0.239258
vt 0.169067 -0.230103
vt 0.147583 -0.211792
vt 0.194702 -0.176514
vt 0.126465 -0.165039
vt 0.429688 -0.159668
vt 0.879395 -0.363770
vt 0.959961 -0.090637
vt 0.169800 -0.120911
vt 0.287842 -0.089661
vt 0.311523 -0.089661
vt 0.406250 -0.089661
vt 0.429688 -0.144775
vt 0.264648 -0.159424
vt 0.241211 -0.159302
vt 0.405762 -0.159546
vt 0.417725 -0.143921
vt 0.240479 -0.089661
vt 0.216797 -0.089661
vt 0.405762 -0.144653
vt 0.382080 -0.159546
vt 0.370361 -0.143799
vt 0.358643 -0.144531
vt 0.358398 -0.159546
vt 0.405518 -0.177002
vt 0.346680 -0.143799
vt 0.264160 -0.089661
vt 0.311523 -0.144409
vt 0.299805 -0.143677
vt 0.193481 -0.089661
vt 0.264404 -0.144409
vt 0.170776 -0.256348
vt 0.170776 -0.239258
vt 0.164062 -0.239258
vt 0.164429 -0.255859
vt 0.197510 -0.239258
vt 0.197510 -0.253662
vt 0.225586 -0.285889
vt 0.225586 -0.299561
vt 0.337158 -0.239258
vt 0.337158 -0.253174
vt 0.306152 -0.326660
vt 0.203857 -0.483887
vt 0.203735 -0.474854
vt 0.383057 -0.311523
vt 0.383057 -0.297607
vt 0.377686 -0.312500
vt 0.478760 -0.608398
vt 0.146851 -0.312744
vt 0.179321 -0.298584
vt 0.179321 -0.313232
vt 0.141235 -0.271973
vt 0.135010 -0.271729
vt 0.852051 -0.427002
vt 0.324951 -0.347900
vt 0.324951 -0.373779
vt 0.251709 -0.429199
vt 0.256836 -0.373535
vt 0.287842 -0.372314
vt 0.293945 -0.430664
vt 0.393555 -0.430908
vt 0.439941 -0.589355
vt 0.451904 -0.571289
vt 0.440674 -0.567871
vt 0.433594 -0.586914
vt 0.293945 -0.448242
vt 0.203247 -0.449463
vt 0.203491 -0.432129
vt 0.261475 -0.460449
vt 0.260010 -0.457764
vt 0.257324 -0.465332
vt 0.389404 -0.459717
vt 0.249023 -0.470459
vt 0.249512 -0.479492
vt 0.242310 -0.458740
vt 0.243530 -0.490479
vt 0.227905 -0.465332
vt 0.236206 -0.465088
vt 0.212769 -0.468750
vt 0.210449 -0.464600
vt 0.203979 -0.468750
vt 0.223389 -0.460449
vt 0.229858 -0.461182
vt 0.224609 -0.457764
vt 0.236206 -0.458496
vt 0.190674 -0.461670
vt 0.377686 -0.447998
vt 0.377197 -0.459717
vt 0.383301 -0.460205
vt 0.383301 -0.448242
vt 0.444824 -0.401855
vt 0.429199 -0.414551
vt 0.433594 -0.420166
vt 0.452881 -0.410400
vt 0.179321 -0.328125
vt 0.225586 -0.373535
vt 0.256836 -0.285889
vt 0.164551 -0.270996
vt 0.159058 -0.270020
vt 0.159058 -0.284424
vt 0.191162 -0.268799
vt 0.140991 -0.239258
vt 0.140991 -0.256836
vt 0.170776 -0.271729
vt 0.933594 -0.382324
vt 0.939453 -0.364258
vt 0.269775 -0.297119
vt 0.269775 -0.311523
vt 0.388672 -0.447754
vt 0.383057 -0.348389
vt 0.383057 -0.326660
vt 0.377930 -0.327393
vt 0.269775 -0.326660
vt 0.275879 -0.325928
vt 0.146973 -0.376465
vt 0.367432 -0.351318
vt 0.367432 -0.376221
vt 0.185425 -0.431641
vt 0.179321 -0.374756
vt 0.179321 -0.431641
vt 0.246460 -0.429443
vt 0.141113 -0.314453
vt 0.135010 -0.315186
vt 0.519531 -0.423828
vt 0.525391 -0.419434
vt 0.468994 -0.310791
vt 0.461914 -0.311523
vt 0.217407 -0.463379
vt 0.215942 -0.460693
vt 0.357178 -0.461182
vt 0.351562 -0.464844
vt 0.252441 -0.780762
vt 0.177124 -0.463379
vt 0.178589 -0.460693
vt 0.197266 -0.462402
vt 0.203735 -0.461914
vt 0.197021 -0.495605
vt 0.345215 -0.485107
vt 0.135010 -0.239258
vt 0.135010 -0.256348
vt 0.251709 -0.326660
vt 0.256836 -0.328369
vt 0.215698 -0.284912
vt 0.215698 -0.298584
vt 0.367432 -0.239258
vt 0.299805 -0.282715
vt 0.146729 -0.298584
vt 0.230957 -0.312744
vt 0.225586 -0.313721
vt 0.294189 -0.295166
vt 0.319092 -0.348633
vt 0.287842 -0.323486
vt 0.281738 -0.324219
vt 0.281982 -0.345947
vt 0.287842 -0.345215
vt 0.164673 -0.330078
vt 0.158936 -0.328369
vt 0.158813 -0.350098
vt 0.164917 -0.351562
vt 0.158691 -0.376709
vt 0.164917 -0.377197
vt 0.152832 -0.376465
vt 0.152832 -0.433594
vt 0.270020 -0.455566
vt 0.276123 -0.458252
vt 0.486084 -0.417725
vt 0.489258 -0.437256
vt 0.496338 -0.436523
vt 0.170776 -0.376709
vt 0.172974 -0.466309
vt 0.171631 -0.463623
vt 0.305664 -0.455566
vt 0.152588 -0.452637
vt 0.439209 -0.464355
vt 0.449463 -0.483154
vt 0.446289 -0.463379
vt 0.306641 -0.459229
vt 0.281250 -0.460693
vt 0.274414 -0.463379
vt 0.281250 -0.467529
vt 0.131836 -0.466309
vt 0.138794 -0.467773
vt 0.133301 -0.463623
vt 0.136353 -0.472168
vt 0.146606 -0.452393
vt 0.145752 -0.465088
vt 0.152466 -0.465820
vt 0.159180 -0.465332
vt 0.145142 -0.487793
vt 0.151978 -0.500000
vt 0.159058 -0.254883
vt 0.158447 -0.239258
vt 0.306152 -0.283203
vt 0.287842 -0.294189
vt 0.275635 -0.347168
vt 0.281982 -0.372559
vt 0.215698 -0.349365
vt 0.146851 -0.433594
vt 0.459717 -0.591309
vt 0.466553 -0.590332
vt 0.463379 -0.570312
vt 0.306152 -0.373291
vt 0.308105 -0.462158
vt 0.179321 -0.349365
vt 0.287842 -0.461426
vt 0.267822 -0.462158
vt 0.269043 -0.459229
vt 0.272217 -0.467529
vt 0.294678 -0.482910
vt 0.287842 -0.494873
vt 0.170776 -0.330322
vt 0.824219 -0.114746
vt 0.864258 -0.165771
vt 0.372559 -0.431152
vt 0.377930 -0.431152
vt 0.376953 -0.480713
vt 0.269775 -0.347900
vt 0.319092 -0.374023
vt 0.214966 -0.457031
vt 0.209106 -0.459473
vt 0.358643 -0.464111
vt 0.354004 -0.469482
vt 0.170776 -0.351318
vt 0.475830 -0.309326
vt 0.497314 -0.508301
vt 0.316895 -0.464111
vt 0.318359 -0.461182
vt 0.338379 -0.497314
vt 0.179321 -0.256348
vt 0.355469 -0.327393
vt 0.235962 -0.310791
vt 0.256836 -0.349121
vt 0.247314 -0.446289
vt 0.241211 -0.345947
vt 0.783691 -0.666504
vt 0.306152 -0.347900
vt 0.398682 -0.376221
vt 0.411865 -0.521973
vt 0.391602 -0.529785
vt 0.393066 -0.537109
vt 0.456299 -0.433838
vt 0.462646 -0.436768
vt 0.474609 -0.418457
vt 0.402344 -0.461182
vt 0.383545 -0.491943
vt 0.364258 -0.461182
vt 0.365723 -0.458496
vt 0.164551 -0.462891
vt 0.287842 -0.308105
vt 0.414307 -0.377197
vt 0.415771 -0.384277
vt 0.225586 -0.328369
vt 0.410156 -0.366943
vt 0.410889 -0.347900
vt 0.421387 -0.344482
vt 0.422852 -0.333252
vt 0.415527 -0.544922
vt 0.406738 -0.567383
vt 0.422119 -0.554688
vt 0.442871 -0.347900
vt 0.432861 -0.328369
vt 0.406982 -0.385498
vt 0.502441 -0.572266
vt 0.492676 -0.553223
vt 0.496826 -0.576660
vt 0.416504 -0.391113
vt 0.415771 -0.402344
vt 0.422363 -0.420166
vt 0.438477 -0.430176
vt 0.482178 -0.438721
vt 0.449463 -0.431641
vt 0.453125 -0.442383
vt 0.398682 -0.497070
vt 0.396484 -0.503906
vt 0.393799 -0.510254
vt 0.471924 -0.443115
vt 0.490723 -0.446045
vt 0.507324 -0.437256
vt 0.506836 -0.435547
vt 0.428955 -0.465332
vt 0.514160 -0.428467
vt 0.525391 -0.430664
vt 0.535156 -0.414551
vt 0.547363 -0.400146
vt 0.438721 -0.324219
vt 0.547852 -0.381104
vt 0.543945 -0.370850
vt 0.551270 -0.362549
vt 0.542480 -0.363770
vt 0.541504 -0.356934
vt 0.542480 -0.345703
vt 0.535645 -0.327881
vt 0.504883 -0.346191
vt 0.519531 -0.317871
vt 0.504883 -0.305664
vt 0.486084 -0.304932
vt 0.467529 -0.302002
vt 0.514160 -0.556152
vt 0.516113 -0.549805
vt 0.450684 -0.310791
vt 0.451416 -0.312500
vt 0.443848 -0.319580
vt 0.433105 -0.317383
vt 0.387451 -0.519531
vt 0.388184 -0.500488
vt 0.400146 -0.486084
vt 0.410156 -0.481201
vt 0.493652 -0.535156
vt 0.410400 -0.469971
vt 0.416016 -0.477051
vt 0.421143 -0.472412
vt 0.427979 -0.463379
vt 0.444824 -0.454590
vt 0.453125 -0.462158
vt 0.463623 -0.457764
vt 0.464844 -0.489502
vt 0.482422 -0.458496
vt 0.497070 -0.470703
vt 0.513184 -0.480713
vt 0.447998 -0.563965
vt 0.519531 -0.498535
vt 0.519043 -0.509766
vt 0.528320 -0.515137
vt 0.519531 -0.516602
vt 0.520996 -0.523438
vt 0.525391 -0.533691
vt 0.500977 -0.531250
vt 0.519043 -0.542969
vt 0.524414 -0.552734
vt 0.512695 -0.567383
vt 0.502441 -0.583496
vt 0.491455 -0.581055
vt 0.484619 -0.589844
vt 0.483887 -0.588379
vt 0.473633 -0.589355
vt 0.468018 -0.599121
vt 0.449219 -0.595703
vt 0.430420 -0.595215
vt 0.426758 -0.584473
vt 0.415771 -0.583008
vt 0.430176 -0.562988
vt 0.410889 -0.572754
vt 0.399658 -0.572754
vt 0.393066 -0.555176
vt 0.393799 -0.543945
vt 0.384277 -0.538574
vt 0.170654 -0.459717
vt 0.482422 -0.498779
vt 0.135132 -0.230103
vt 0.571777 -0.810059
vt 0.562988 -0.809570
vt 0.569824 -0.805664
vt 0.572266 -0.805176
vt 0.571289 -0.797852
vt 0.569336 -0.801758
vt 0.564941 -0.793945
vt 0.571289 -0.793457
vt 0.575195 -0.793945
vt 0.579102 -0.789062
vt 0.574707 -0.789551
vt 0.576172 -0.782227
vt 0.583008 -0.786621
vt 0.586426 -0.789062
vt 0.592773 -0.789062
vt 0.588867 -0.786133
vt 0.594727 -0.782227
vt 0.597656 -0.789551
vt 0.847168 -0.948242
vt 0.869141 -0.979492
vt 0.883301 -0.973633
vt 0.858887 -0.991211
vt 0.843262 -0.989258
vt 0.853027 -0.935059
vt 0.886719 -0.958496
vt 0.895996 -0.946289
vt 0.891602 -0.931641
vt 0.816406 -0.984375
vt 0.828613 -0.993652
vt 0.893555 -0.916504
vt 0.801270 -0.980957
vt 0.794434 -0.309326
vt 0.796875 -0.298828
vt 0.881836 -0.905762
vt 0.875977 -0.891602
vt 0.860840 -0.888184
vt 0.786133 -0.940918
vt 0.848633 -0.878906
vt 0.781250 -0.926270
vt 0.808105 -0.893066
vt 0.784668 -0.313477
vt 0.777344 -0.321289
vt 0.803223 -0.290527
vt 0.799805 -0.280518
vt 0.748535 -0.316650
vt 0.801270 -0.270020
vt 0.738281 -0.314453
vt 0.733887 -0.304688
vt 0.778809 -0.250732
vt 0.753906 -0.284668
vt 0.727539 -0.286865
vt 0.726074 -0.297363
vt 0.770508 -0.244263
vt 0.724609 -0.276855
vt 0.730957 -0.268311
vt 0.732910 -0.258057
vt 0.742676 -0.253906
vt 0.730469 -0.929688
vt 0.719238 -0.924316
vt 0.708008 -0.929688
vt 0.734863 -0.978027
vt 0.729980 -0.966797
vt 0.718750 -0.978027
vt 0.729980 -0.989258
vt 0.707520 -0.966797
vt 0.702637 -0.978027
vt 0.718750 -0.961914
vt 0.707520 -0.989258
vt 0.718750 -0.994141
vt 0.735352 -0.940430
vt 0.703125 -0.940430
vt 0.683594 -0.423584
vt 0.583984 -0.410889
vt 0.171021 -0.089661
vt 0.621094 -0.386719
vt 0.919434 -0.386963
vt 0.707031 -0.337158
vt 0.959059 -0.194942
vt 0.966346 -0.195167
vt 0.246460 -0.325195
vt 0.958984 -0.407471
vt 0.925781 -0.171387
vt 0.935547 -0.171387
vt 0.127075 -0.007942
vt 0.241211 -0.324463
vt 0.678223 -0.406250
vt 0.715332 -0.382080
vt 0.871582 -0.171387
vt 0.855957 -0.409180
vt 0.816406 -0.388672
vt 0.864258 -0.171387
vt 0.225586 -0.349121
vt 0.637695 -0.523438
vt 0.619629 -0.508301
vt 0.611941 -0.522351
vt 0.623734 -0.535141
vt 0.179321 -0.239258
vt 0.889536 -0.198315
vt 0.880802 -0.199111
vt 0.856445 -0.164673
vt 0.856445 -0.171387
vt 0.306152 -0.239258
vt 0.983213 -0.196408
vt 0.974572 -0.195618
vt 0.355469 -0.348633
vt 0.505371 -0.089661
vt 0.269775 -0.254883
vt 0.269775 -0.239258
vt 0.398682 -0.351318
vt 0.550734 -0.540247
vt 0.536621 -0.532715
vt 0.529785 -0.555176
vt 0.547833 -0.557054
vt 0.633716 -0.549193
vt 0.648926 -0.544434
vt 0.552246 -0.514648
vt 0.596680 -0.501465
vt 0.573242 -0.502930
vt 0.594951 -0.519433
vt 0.542969 -0.600098
vt 0.561035 -0.615723
vt 0.568409 -0.602333
vt 0.556973 -0.588580
vt 0.531738 -0.579102
vt 0.547057 -0.574424
vt 0.650879 -0.568359
vt 0.632936 -0.566583
vt 0.616898 -0.564298
vt 0.615043 -0.575117
vt 0.629396 -0.583153
vt 0.591751 -0.535784
vt 0.644043 -0.591309
vt 0.628418 -0.609375
vt 0.617470 -0.595093
vt 0.565445 -0.570032
vt 0.564139 -0.560060
vt 0.590365 -0.561916
vt 0.601582 -0.538184
vt 0.609895 -0.544633
vt 0.615305 -0.553473
vt 0.566506 -0.550453
vt 0.570669 -0.577968
vt 0.587877 -0.587150
vt 0.579001 -0.583019
vt 0.586196 -0.604524
vt 0.597618 -0.587090
vt 0.607201 -0.582592
vt 0.603394 -0.605159
vt 0.607422 -0.620605
vt 0.185669 -0.601074
vt 0.194946 -0.600098
vt 0.179321 -0.554688
vt 0.176270 -0.602539
vt 0.211182 -0.590820
vt 0.158081 -0.597656
vt 0.222534 -0.575684
vt 0.143188 -0.586426
vt 0.227417 -0.557617
vt 0.133667 -0.570312
vt 0.224854 -0.538574
vt 0.131226 -0.551758
vt 0.215332 -0.522461
vt 0.135986 -0.533203
vt 0.200439 -0.511230
vt 0.147339 -0.518555
vt 0.182251 -0.506348
vt 0.163574 -0.508789
vt 0.338867 -0.529297
vt 0.329346 -0.516602
vt 0.290771 -0.555664
vt 0.343750 -0.541016
vt 0.319092 -0.508789
vt 0.345947 -0.556641
vt 0.304688 -0.502441
vt 0.343994 -0.569336
vt 0.291748 -0.500977
vt 0.337891 -0.583984
vt 0.276123 -0.502930
vt 0.330078 -0.594238
vt 0.264160 -0.507812
vt 0.317627 -0.604004
vt 0.251709 -0.517090
vt 0.305664 -0.608887
vt 0.243652 -0.527344
vt 0.289795 -0.610840
vt 0.237549 -0.541992
vt 0.277100 -0.608887
vt 0.235840 -0.554688
vt 0.262451 -0.603027
vt 0.237793 -0.570312
vt 0.252197 -0.595215
vt 0.242798 -0.582520
vt 0.412109 -0.367188
vt 0.389404 -0.520020
vt 0.424561 -0.334473
vt 0.463379 -0.459717
vt 0.486084 -0.306885
vt 0.533691 -0.413574
vt 0.518555 -0.319336
vt 0.495850 -0.472168
vt 0.511230 -0.566406
vt 0.439453 -0.428711
vt 0.472168 -0.441162
vt 0.449463 -0.593750
vt 0.470703 -0.411133
vt 0.523438 -0.533691
vt 0.416748 -0.581543
vt 0.018204 -0.006027
vt 0.010933 -0.006027
vt 0.010933 -0.095856
vt 0.018204 -0.095856
vt 0.010933 -0.185684
vt 0.018204 -0.185684
vt 0.010933 -0.275513
vt 0.018204 -0.275513
vt 0.010933 -0.365341
vt 0.018204 -0.365341
vt 0.010933 -0.455170
vt 0.018204 -0.455170
vt 0.010933 -0.544998
vt 0.018204 -0.544998
vt 0.010933 -0.634827
vt 0.018204 -0.634827
vt 0.010933 -0.724655
vt 0.018204 -0.724655
vt 0.010933 -0.814484
vt 0.018204 -0.814484
vt 0.076355 -0.006027
vt 0.069092 -0.006027
vt 0.069092 -0.095856
vt 0.076355 -0.095856
vt 0.069092 -0.185684
vt 0.076355 -0.185684
vt 0.069092 -0.275513
vt 0.076355 -0.275513
vt 0.069092 -0.365341
vt 0.076355 -0.365341
vt 0.069092 -0.455170
vt 0.076355 -0.455170
vt 0.069092 -0.544998
vt 0.076355 -0.544998
vt 0.069092 -0.634827
vt 0.076355 -0.634827
vt 0.069092 -0.724655
vt 0.076355 -0.724655
vt 0.069092 -0.814484
vt 0.076355 -0.814484
vt 0.112732 -0.006027
vt 0.112732 -0.095856
vt 0.119995 -0.095856
vt 0.119995 -0.006027
vt 0.112732 -0.185684
vt 0.119995 -0.185684
vt 0.112732 -0.275513
vt 0.119995 -0.275513
vt 0.112732 -0.365341
vt 0.119995 -0.365341
vt 0.112732 -0.455170
vt 0.119995 -0.455170
vt 0.112732 -0.544998
vt 0.119995 -0.544998
vt 0.112732 -0.634827
vt 0.119995 -0.634827
vt 0.112732 -0.724655
vt 0.119995 -0.724655
vt 0.112732 -0.814484
vt 0.119995 -0.814484
vt 0.105469 -0.006027
vt 0.105469 -0.095856
vt 0.105469 -0.185684
vt 0.105469 -0.275513
vt 0.105469 -0.365341
vt 0.105469 -0.455170
vt 0.105469 -0.544998
vt 0.105469 -0.634827
vt 0.105469 -0.724655
vt 0.105469 -0.814484
vt 0.098206 -0.006027
vt 0.098206 -0.095856
vt 0.098206 -0.185684
vt 0.098206 -0.275513
vt 0.098206 -0.365341
vt 0.098206 -0.455170
vt 0.098206 -0.544998
vt 0.098206 -0.634827
vt 0.098206 -0.724655
vt 0.098206 -0.814484
vt 0.090942 -0.006027
vt 0.090942 -0.095856
vt 0.090942 -0.185684
vt 0.090942 -0.275513
vt 0.090942 -0.365341
vt 0.090942 -0.455170
vt 0.090942 -0.544998
vt 0.090942 -0.634827
vt 0.090942 -0.724655
vt 0.090942 -0.814484
vt 0.083618 -0.006027
vt 0.083618 -0.095856
vt 0.083618 -0.185684
vt 0.083618 -0.275513
vt 0.083618 -0.365341
vt 0.083618 -0.455170
vt 0.083618 -0.544998
vt 0.083618 -0.634827
vt 0.083618 -0.724655
vt 0.083618 -0.814484
vt 0.061829 -0.006027
vt 0.061829 -0.095856
vt 0.061829 -0.185684
vt 0.061829 -0.275513
vt 0.061829 -0.365341
vt 0.061829 -0.455170
vt 0.061829 -0.544998
vt 0.061829 -0.634827
vt 0.061829 -0.724655
vt 0.061829 -0.814484
vt 0.054565 -0.006027
vt 0.054565 -0.095856
vt 0.054565 -0.185684
vt 0.054565 -0.275513
vt 0.054565 -0.365341
vt 0.054565 -0.455170
vt 0.054565 -0.544998
vt 0.054565 -0.634827
vt 0.054565 -0.724655
vt 0.054565 -0.814484
vt 0.047302 -0.006027
vt 0.047302 -0.095856
vt 0.047302 -0.185684
vt 0.047302 -0.275513
vt 0.047302 -0.365341
vt 0.047302 -0.455170
vt 0.047302 -0.544998
vt 0.047302 -0.634827
vt 0.047302 -0.724655
vt 0.047302 -0.814484
vt 0.040009 -0.006027
vt 0.040009 -0.095856
vt 0.040009 -0.185684
vt 0.040009 -0.275513
vt 0.040009 -0.365341
vt 0.040009 -0.455170
vt 0.040009 -0.544998
vt 0.040009 -0.634827
vt 0.040009 -0.724655
vt 0.040009 -0.814484
vt 0.032745 -0.006027
vt 0.032745 -0.095856
vt 0.032745 -0.185684
vt 0.032745 -0.275513
vt 0.032745 -0.365341
vt 0.032745 -0.455170
vt 0.032745 -0.544998
vt 0.032745 -0.634827
vt 0.032745 -0.724655
vt 0.032745 -0.814484
vt 0.025467 -0.006027
vt 0.025467 -0.095856
vt 0.025467 -0.185684
vt 0.025467 -0.275513
vt 0.025467 -0.365341
vt 0.025467 -0.455170
vt 0.025467 -0.544998
vt 0.025467 -0.634827
vt 0.025467 -0.724655
vt 0.025467 -0.814484
vt 0.003660 -0.006027
vt 0.003660 -0.095856
vt 0.003660 -0.185684
vt 0.003660 -0.275513
vt 0.003660 -0.365341
vt 0.003660 -0.455170
vt 0.003660 -0.544998
vt 0.003660 -0.634827
vt 0.003660 -0.724655
vt 0.003660 -0.814484
vt 0.583984 -0.622559
vt 0.982484 -0.199233
vt 0.994054 -0.200623
s 1
g off
g weapon_Material.004
usemtl Material.004
f 5/1/1 7/2/1 6/3/1 8/4/1
f 9/1/1 11/2/1 10/3/1 12/4/1
f 13/1/1 15/2/1 14/3/1 16/4/1
f 17/1/1 19/2/1 18/3/1 20/4/1
f 21/1/1 23/2/1 22/3/1 24/4/1
f 27/3/2 26/2/2 25/1/2 28/4/2
f 31/3/2 30/2/2 29/1/2 32/4/2
f 35/3/2 34/2/2 33/1/2 36/4/2
f 39/3/2 38/2/2 37/1/2 40/4/2
f 43/3/2 42/2/2 41/1/2 44/4/2
f 47/3/2 46/2/2 45/1/2 48/4/2
f 51/5/5 50/6/4 49/7/3 5313/8/5257
f 53/9/7 52/10/6 50/6/4 51/5/5
f 54/11/8 52/10/6 53/9/7 5317/12/5261
f 55/13/9 54/11/8 5317/12/5261 56/14/10
f 57/15/11 55/13/9 56/14/10 58/16/12
f 5313/17/5257 49/18/3 57/15/11 58/16/12
f 4200/19/4144 4196/20/4140 4197/21/4141 4201/22/4145
f 1783/23/1735 60/24/14 59/25/13
f 1477/26/1429 1471/27/1423 1473/28/1425 1479/29/1431
f 62/30/16 1922/31/1874 61/32/15
f 1922/31/1874 3426/33/3371 61/32/15
f 61/32/15 3426/33/3371 3427/34/3372
f 92/35/46 91/36/45 3472/37/3417 93/38/47
f 1553/39/1505 1564/40/1516 1566/41/1518 1551/42/1503
f 1921/43/1873 3425/44/3370 64/45/18
f 2484/46/2436 3925/47/3870 3923/48/3868 2482/49/2434
f 3666/50/3611 134/51/88 2011/49/1963 138/48/92
f 1982/52/1934 1983/53/1935 3413/54/3358 80/55/34
f 1983/53/1935 1981/56/1933 3412/57/3357 3413/54/3358
f 242/58/196 3897/59/3842 3903/60/3848 243/61/197
f 2636/62/2588 3896/63/3841 3897/59/3842 242/58/196
f 2724/64/2676 3972/65/3917 3973/66/3918 2727/67/2679
f 3406/68/3351 1777/67/1729 3404/66/3349
f 1921/43/1873 3472/37/3417 3425/44/3370
f 1777/67/1729 3406/68/3351 1976/69/1928
f 240/70/194 2486/71/2438 2637/72/2589 2638/73/2590
f 3495/74/3440 3498/75/3443 3506/76/3451 3508/77/3453
f 6603/78/6546 6602/79/6545 6599/80/6542 6537/81/6480
f 2101/62/2053 3664/63/3609 3663/59/3608 129/58/83
f 2493/82/2445 241/83/195 2639/84/2591 2494/85/2446
f 129/58/83 3663/59/3608 130/60/84 131/61/85
f 4680/86/4624 4690/87/4634 4693/88/4637 4696/89/4640
f 1746/90/1698 430/61/384 3264/60/3209 433/91/387
f 2645/92/2597 245/93/199 2501/94/2453 244/95/198
f 1531/51/1483 416/50/370 417/96/371 1532/97/1484
f 245/93/199 2645/92/2597 2647/98/2599 248/99/202
f 4324/100/4268 4319/101/4263 4318/102/4262 4322/103/4266
f 438/99/392 436/98/390 1710/104/1662 440/105/394
f 2906/106/2858 2910/107/2862 4041/108/3986 4044/109/3989
f 6483/110/6426 6481/111/6424 6413/112/6356 6408/113/6351
f 1807/114/1759 1796/115/1748 1808/116/1760 1811/117/1763
f 2824/118/2776 2817/119/2769 2822/120/2774 2829/121/2781
f 1762/122/1714 467/123/421 468/124/422 469/125/423
f 750/126/704 749/127/703 747/128/701 748/129/702
f 515/130/469 513/131/467 527/132/481 610/133/564
f 1801/134/1753 89/135/43 90/136/44
f 1986/137/1938 85/138/39 91/36/45
f 1986/137/1938 91/36/45 92/35/46
f 2666/139/2618 2646/140/2598 2643/141/2595 2668/142/2620
f 5328/143/5272 1986/137/1938 92/35/46
f 2589/144/2541 2582/145/2534 2579/146/2531 2592/147/2544
f 3472/37/3417 5322/148/5266 93/38/47
f 5329/149/5273 1955/150/1907 1956/151/1908
f 1921/43/1873 5322/148/5266 3472/37/3417
f 5342/152/5286 234/153/188 2525/154/2477 261/155/215
f 3630/156/3575 3629/157/3574 3632/158/3577 3633/159/3578
f 2003/160/1955 1997/161/1949 2004/162/1956 2006/163/1958
f 264/164/218 5346/165/5290 2528/166/2480 265/167/219
f 264/164/218 265/167/219 266/168/220 5347/169/5291
f 2169/170/2121 159/169/113 158/168/112 2219/171/2171
f 1488/172/1440 1485/173/1437 1491/174/1443 1494/175/1446
f 269/176/223 5349/177/5293 268/178/222 2532/179/2484
f 3526/180/3471 3524/181/3469 3529/182/3474 3531/183/3476
f 271/184/225 270/185/224 2533/186/2485 2606/187/2558
f 2432/188/2384 230/189/184 2434/190/2386 2436/191/2388
f 932/192/886 924/193/878 928/194/882 935/195/889
f 1452/196/1404 1447/197/1399 1448/198/1400 1453/199/1405
f 2677/200/2629 2674/201/2626 2676/202/2628 2681/203/2633
f 275/204/229 2598/205/2550 2603/206/2555 274/207/228
f 2194/208/2146 2140/209/2092 2191/210/2143 2193/211/2145
f 7338/212/7120 7336/213/7118 3083/214/3035 1437/215/1389
f 2987/216/2939 2986/217/2938 795/218/749 2988/219/2940
f 2547/220/2499 2588/221/2540 2591/222/2543 279/223/233
f 2588/221/2540 2547/220/2499 2550/224/2502 280/225/234
f 229/226/183 2437/227/2389 2434/228/2386 2365/229/2317
f 5853/230/5796 5796/231/5739 5856/232/5799 5851/233/5794
f 2584/234/2536 282/235/236 283/236/237 3823/237/3768
f 111/238/65 113/239/67 112/240/66
f 1891/241/1843 1888/242/1840 1889/243/1841 1894/191/1846
f 1367/244/1319 1348/245/1300 1369/246/1321 1393/247/1345
f 447/248/401 446/249/400 445/250/399 1717/251/1669
f 554/252/508 543/253/497 551/254/505 589/255/543
f 2266/256/2218 201/257/155 2406/258/2358 2270/259/2222
f 2427/160/2379 2425/161/2377 2428/162/2380 2430/163/2382
f 4556/260/4500 4552/261/4496 4557/262/4501 4563/263/4507
f 6763/264/6706 6762/265/6705 6702/266/6645 6703/267/6646
f 5435/268/5378 5433/269/5376 5491/270/5434 5434/271/5377
f 429/82/383 1707/83/1659 1706/84/1658 431/85/385
f 5669/272/5612 5667/273/5610 5672/274/5615 5675/275/5618
f 6283/276/6226 6350/277/6293 6282/278/6225 6286/279/6229
f 127/280/81 126/72/80 2015/71/1967
f 3506/76/3451 3512/281/3457 3515/282/3460 3508/77/3453
f 126/72/80 127/280/81 128/283/82
f 4352/284/4296 4350/285/4294 4348/286/4292 4353/287/4297
f 4072/288/4017 4071/289/4016 5378/290/5321 4073/291/4018
f 187/65/141 2249/64/2201 2247/292/2199 186/293/140
f 4731/294/4675 4711/295/4655 4716/296/4660 4717/297/4661
f 4721/298/4665 4720/299/4664 4752/300/4696 4739/301/4683
f 4630/302/4574 4631/303/4575 4632/304/4576 4636/305/4580
f 2480/97/2432 3908/96/3853 3907/306/3852 2479/307/2431
f 2478/51/2430 235/50/189 3908/96/3853 2480/97/2432
f 1769/308/1721 66/309/20 3408/310/3353 1770/311/1722
f 4842/312/4786 4829/313/4773 4828/314/4772 4849/315/4793
f 4837/316/4781 4836/317/4780 4840/318/4784 4841/319/4785
f 2389/106/2341 199/107/153 200/108/154 202/109/156
f 2388/137/2340 2389/106/2341 202/109/156 3759/138/3704
f 61/32/15 3427/34/3372 63/320/17 1775/321/1727
f 3673/47/3618 140/46/94 2018/322/1970 3674/323/3619
f 2018/322/1970 145/324/99 3674/323/3619
f 144/325/98 146/326/100 3685/327/3630
f 2225/328/2177 145/324/99 2018/322/1970
f 4712/329/4656 4710/330/4654 4708/331/4652 4713/332/4657
f 147/333/101 2225/328/2177 2018/322/1970
f 2815/334/2767 2817/119/2769 2824/118/2776 2825/335/2777
f 2019/336/1971 2227/337/2179 148/338/102
f 2223/153/2175 3672/339/3617 2224/340/2176
f 2223/153/2175 149/341/103 3672/339/3617
f 144/325/98 3685/327/3630 2164/342/2116
f 3755/44/3700 178/33/132 177/31/131 2474/45/2426
f 2163/343/2115 144/325/98 2164/342/2116
f 836/344/790 831/345/785 835/346/789 851/347/805
f 149/341/103 150/152/104 2166/348/2118
f 2223/153/2175 150/152/104 149/341/103
f 2162/349/2114 2157/350/2109 151/351/105
f 213/148/167 2473/43/2425 214/352/168 5228/353/5172
f 3323/354/3268 3324/355/3269 3278/356/3223 3326/357/3271
f 5215/358/5159 2463/359/2415 220/360/174 5213/361/5157
f 1475/362/1427 1476/363/1428 1477/26/1429 1480/364/1432
f 1668/144/1620 1666/145/1618 1657/146/1609 1670/147/1622
f 2376/365/2328 222/366/176 221/367/175 2458/368/2410
f 3888/369/3833 3886/370/3831 3885/371/3830 3889/372/3834
f 5945/373/5888 5947/374/5890 5949/375/5892 5950/376/5893
f 1451/377/1403 1441/378/1393 1446/379/1398 1450/380/1402
f 2636/381/2588 2633/382/2585 2634/383/2586 2637/384/2589
f 466/187/420 465/186/419 467/123/421 1762/122/1714
f 2702/249/2654 2701/250/2653 253/251/207 2654/248/2606
f 2604/125/2556 272/124/226 2542/385/2494 273/386/227
f 2061/387/2013 2057/388/2009 2059/389/2011 2108/390/2060
f 4774/391/4718 4772/392/4716 4775/393/4719 4777/394/4721
f 2186/395/2138 2182/396/2134 2185/146/2137 2189/397/2141
f 805/398/759 2986/217/2938 2987/216/2939 2989/399/2941
f 291/257/245 289/258/243 290/259/244 2742/256/2694
f 5698/400/5641 5697/401/5640 5696/402/5639 5700/403/5643
f 6853/373/6796 6852/404/6795 6851/405/6794 6854/374/6797
f 4689/406/4633 4685/407/4629 4678/408/4622 4681/409/4625
f 282/235/236 2585/410/2537 281/411/235 283/236/237
f 315/353/269 5239/148/5183 313/43/267 316/352/270
f 2476/23/2428 2477/24/2429 2253/25/2205
f 1848/412/1800 1845/413/1797 1844/414/1796 1849/415/1801
f 176/30/130 177/31/131 175/32/129
f 177/31/131 178/33/132 175/32/129
f 175/32/129 178/33/132 3822/34/3767
f 252/325/206 2630/416/2582 3970/417/3915 3971/326/3916
f 2298/418/2250 2292/419/2244 2291/420/2243 2336/421/2288
f 142/416/96 139/422/93 141/423/95 143/417/97
f 2473/43/2425 3755/44/3700 2474/45/2426
f 415/49/369 413/48/367 416/50/370 1531/51/1483
f 2913/52/2865 302/53/256 3983/54/3928 4033/55/3978
f 4503/424/4447 4502/425/4446 4506/426/4450 4507/427/4451
f 4833/428/4777 4832/429/4776 4834/430/4778 4835/431/4779
f 3711/288/3656 3708/289/3653 3710/290/3655 5369/291/5312
f 1471/27/1423 1460/432/1412 1459/433/1411 1473/28/1425
f 189/68/143 188/67/142 3777/66/3722
f 188/67/142 189/68/143 2398/69/2350
f 3704/434/3649 3700/435/3645 3696/436/3641 3703/437/3648
f 6661/438/6604 6659/112/6602 6650/111/6593 6660/439/6603
f 4072/288/4017 4073/291/4018 5375/440/5318 4075/441/4020
f 2016/70/1968 2099/73/2051 125/83/79 2023/82/1975
f 6362/442/6305 6360/443/6303 6358/444/6301 6309/445/6252
f 2919/446/2871 2918/447/2870 2733/448/2685 294/449/248
f 304/450/258 2723/451/2675 305/321/259 3992/320/3937
f 431/85/385 1706/84/1658 432/95/386 1548/94/1500
f 3681/357/3626 3679/356/3624 3670/452/3615 3683/453/3628
f 2920/454/2872 2922/455/2874 2741/456/2693 293/457/247
f 3317/458/3262 3309/459/3254 3315/460/3260 3318/461/3263
f 2121/462/2073 2115/463/2067 2123/464/2075 2122/465/2074
f 2630/416/2582 247/422/201 249/423/203 3970/417/3915
f 2841/466/2793 338/467/292 336/468/290 2843/469/2795
f 82/106/36 81/107/35 3470/108/3415 83/109/37
f 743/470/697 747/128/701 749/127/703 740/471/694
f 2388/137/2340 3759/138/3704 203/36/157
f 148/338/102 147/333/101 2018/322/1970 2019/336/1971
f 286/472/240 287/473/241 288/474/242 2926/475/2878
f 661/476/615 656/477/610 653/478/607 658/479/612
f 2144/480/2096 2142/481/2094 2146/482/2098 2184/483/2136
f 2274/134/2226 2412/135/2364 209/136/163
f 2388/137/2340 203/36/157 5229/35/5173
f 647/484/601 652/485/606 956/486/910 959/487/913
f 5231/143/5175 2388/137/2340 5229/35/5173
f 2549/488/2501 2548/489/2500 2553/490/2505 2552/491/2504
f 212/149/166 5232/150/5176 211/151/165
f 3754/37/3699 213/148/167 210/38/164
f 3755/44/3700 213/148/167 3754/37/3699
f 213/148/167 3755/44/3700 2473/43/2425
f 1928/492/1880 110/493/64 3474/494/3419 1927/495/1879
f 261/155/215 2525/154/2477 262/496/216 263/497/217
f 319/498/273 5237/499/5181 318/500/272 2858/501/2810
f 5325/498/5269 1918/501/1870 97/502/51 98/503/52
f 1945/504/1897 1944/505/1896 1870/506/1822 1856/507/1808
f 5347/169/5291 266/168/220 2529/171/2481 267/170/221
f 1328/508/1280 1324/509/1276 1321/510/1273 1327/511/1279
f 6014/512/5957 6011/513/5954 5945/514/5888 5950/515/5893
f 1752/516/1704 1743/517/1695 1750/518/1702 1751/519/1703
f 327/520/281 2855/521/2807 2849/522/2801 328/523/282
f 2890/524/2842 328/523/282 2849/522/2801 2850/525/2802
f 545/526/499 532/527/486 540/528/494 543/253/497
f 456/165/410 455/497/409 454/496/408 457/166/411
f 5705/529/5648 5636/530/5579 5638/81/5581 5707/80/5650
f 1768/169/1720 459/168/413 460/171/414 461/170/415
f 103/531/57 1942/532/1894 102/365/56 1904/368/1856
f 2995/216/2947 2993/217/2945 2994/218/2946 1025/219/979
f 6024/533/5967 6102/534/6045 6100/535/6043 6022/536/5965
f 2786/412/2738 2784/413/2736 2782/414/2734 2785/415/2737
f 6716/373/6659 6715/404/6658 6714/405/6657 6718/374/6661
f 340/229/294 2872/226/2824 339/227/293 341/228/295
f 2346/537/2298 2345/538/2297 2349/539/2301 2357/540/2309
f 342/492/296 2838/493/2790 2839/494/2791 343/495/297
f 232/337/186 2519/338/2471 2489/336/2441
f 330/366/284 2894/361/2846 2853/360/2805 331/367/285
f 2520/333/2472 2521/328/2473 2488/322/2440
f 2521/328/2473 3926/324/3871 2488/322/2440
f 2488/322/2440 3926/324/3871 233/323/187
f 5229/35/5173 203/36/157 3754/37/3699 210/38/164
f 3237/541/3185 3234/542/3182 3143/543/3095 3057/544/3009
f 234/153/188 3968/339/3913 2524/340/2476
f 1749/416/1701 1747/422/1699 437/423/391 439/417/393
f 303/309/257 2719/308/2671 2723/451/2675 304/450/258
f 246/545/200 2635/90/2587 3904/91/3849 3961/546/3906
f 6350/277/6293 6278/547/6221 6280/548/6223 6282/278/6225
f 1980/549/1932 74/550/28 3412/57/3357 1981/56/1933
f 1977/551/1929 72/552/26 74/550/28 1980/549/1932
f 3351/553/3296 3359/554/3304 3367/555/3312 3386/556/3331
f 3898/283/3843 2486/71/2438 3900/280/3845
f 234/153/188 239/341/193 3968/339/3913
f 2486/71/2438 3898/283/3843 2637/72/2589
f 190/557/144 188/67/142 2398/69/2350 191/558/145
f 1440/559/1392 1466/560/1418 1468/561/1420 1445/562/1397
f 5966/563/5909 5963/564/5906 5960/565/5903 5967/566/5910
f 238/567/192 236/568/190 237/569/191 3901/570/3846
f 623/571/577 620/572/574 614/573/568 619/574/573
f 4482/575/4426 4479/576/4423 4480/577/4424 4465/578/4409
f 77/454/31 1788/457/1740 76/448/30 1970/447/1922
f 1532/97/1484 417/96/371 418/306/372 419/307/373
f 2094/95/2046 121/92/75 122/93/76 2028/94/1980
f 5542/579/5485 5539/580/5482 5538/581/5481 5541/582/5484
f 1815/583/1767 1814/584/1766 1811/117/1763 1808/116/1760
f 199/107/153 2394/52/2346 197/55/151 200/108/154
f 1791/256/1743 1792/585/1744 1974/586/1926 1973/257/1925
f 489/587/443 487/588/441 515/130/469 1007/589/961
f 1791/256/1743 1973/257/1925 84/258/38 1795/259/1747
f 2693/40/2645 2691/41/2643 2692/42/2644 2694/39/2646
f 2090/590/2042 117/251/71 2036/250/1988 2033/591/1985
f 1358/592/1310 1355/593/1307 1357/594/1309 1361/595/1313
f 793/596/747 789/597/743 790/598/744 792/599/746
f 579/600/533 571/601/525 576/602/530 592/603/546
f 254/238/208 2658/239/2610 255/240/209
f 252/325/206 3971/326/3916 256/327/210
f 252/325/206 256/327/210 257/342/211
f 3968/339/3913 3926/324/3871 2521/328/2473 2524/340/2476
f 258/343/212 252/325/206 257/342/211
f 6591/400/6534 6590/401/6533 6589/402/6532 6594/403/6537
f 239/341/193 5342/152/5286 5344/348/5288
f 259/349/213 2627/350/2579 260/351/214
f 234/153/188 5342/152/5286 239/341/193
f 3999/604/3944 3997/605/3942 4022/606/3967 4023/607/3968
f 94/353/48 1920/352/1872 95/500/49 96/499/50
f 1460/432/1412 1458/608/1410 1454/609/1406 1459/433/1411
f 1478/610/1430 1481/611/1433 1483/612/1435 1482/613/1434
f 2019/614/1971 2018/615/1970 140/616/94 2017/617/1969
f 322/618/276 2857/619/2809 323/620/277 5235/621/5179
f 3339/622/3284 3341/623/3286 3345/624/3290 3337/625/3282
f 6275/626/6218 6273/627/6216 6272/628/6215 6276/629/6219
f 5332/630/5276 1914/631/1866 1913/521/1865 5333/520/5277
f 116/248/70 115/249/69 2036/250/1988 117/251/71
f 3569/632/3514 3566/633/3511 3564/634/3509 3568/635/3513
f 3394/636/3339 3385/637/3330 3392/638/3337 3396/370/3341
f 154/497/108 155/496/109 2221/166/2173 156/165/110
f 2687/389/2639 2686/390/2638 2571/387/2523 2514/388/2466
f 472/204/426 1680/205/1632 471/206/425 1641/207/1593
f 1422/639/1374 1419/640/1371 7311/641/7093 7313/642/7095
f 5702/112/5645 5752/111/5695 5762/439/5705 5704/438/5647
f 5449/111/5392 5447/112/5390 5390/113/5333 5444/110/5387
f 1690/202/1642 1689/203/1641 1691/200/1643 1694/201/1646
f 475/221/429 1630/220/1582 1628/224/1580 1665/225/1617
f 108/229/62 107/226/61 1895/227/1847 109/228/63
f 1663/410/1615 1626/411/1578 476/236/430 477/235/431
f 478/234/432 477/235/431 476/236/430 479/237/433
f 284/134/238 2930/135/2882 2751/136/2703
f 1556/238/1508 448/643/402 1716/644/1668 1721/239/1673
f 4112/645/4056 4110/183/4054 4109/646/4053 4114/647/4058
f 1407/648/1359 1406/649/1358 1355/593/1307 1358/592/1310
f 2618/650/2570 2621/651/2573 2623/652/2575 2622/653/2574
f 226/654/180 2372/655/2324 225/656/179 227/657/181
f 1891/241/1843 1895/658/1847 1896/467/1848 1897/466/1849
f 198/456/152 2403/455/2355 2404/586/2356 2267/585/2219
f 5437/659/5380 5487/660/5430 5484/661/5427 5440/662/5383
f 2258/448/2210 2399/447/2351 2401/454/2353 2263/457/2215
f 654/663/608 649/664/603 646/665/600 651/666/605
f 2373/667/2325 2347/505/2299 2377/504/2329 2378/668/2330
f 1778/557/1730 1777/67/1729 1976/69/1928 1972/558/1924
f 3973/66/3918 2917/69/2869 2727/67/2679
f 4370/669/4314 4368/670/4312 4267/671/4211 4371/672/4315
f 2917/69/2869 3973/66/3918 3975/68/3920
f 3729/673/3674 3728/674/3673 3730/675/3675 3734/676/3679
f 1786/677/1738 1787/678/1739 1807/114/1759 1810/679/1762
f 2496/680/2448 2495/681/2447 2489/614/2441 2492/682/2444
f 4569/683/4513 4551/684/4495 4580/685/4524 4572/686/4516
f 1745/58/1697 428/59/382 3264/60/3209 430/61/384
f 4553/687/4497 4550/688/4494 4546/689/4490 4554/690/4498
f 4508/691/4452 4497/692/4441 4496/693/4440 4517/694/4461
f 5712/695/5655 5656/696/5599 5657/697/5600 5716/698/5659
f 3305/699/3250 3265/700/3210 3297/701/3242 3306/702/3251
f 4755/703/4699 4754/704/4698 4757/705/4701 4758/706/4702
f 81/107/35 1982/52/1934 80/55/34 3470/108/3415
f 947/707/901 944/708/898 946/709/900 955/710/909
f 411/46/365 3282/47/3227 413/48/367 415/49/369
f 1700/140/1652 1574/139/1526 1577/711/1529 1711/712/1663
f 3093/713/3045 3043/714/2995 3089/715/3041 3090/716/3042
f 306/32/260 308/33/262 3993/34/3938
f 307/137/261 309/138/263 4045/36/3990
f 2860/31/2812 308/33/262 306/32/260
f 2289/717/2241 2286/718/2238 2290/719/2242 2293/720/2245
f 2862/30/2814 2860/31/2812 306/32/260
f 5520/721/5463 5519/722/5462 5521/723/5464 5522/724/5465
f 2863/23/2815 2864/24/2816 312/25/266
f 313/43/267 310/44/264 311/45/265
f 5239/148/5183 310/44/264 313/43/267
f 310/44/264 5239/148/5183 314/37/268
f 453/152/407 414/153/368 1648/154/1600 1761/155/1713
f 314/37/268 5239/148/5183 5240/38/5184
f 697/725/651 698/726/652 696/727/650 694/728/648
f 307/137/261 4045/36/3990 5241/35/5185
f 3463/729/3408 3464/730/3409 3465/731/3410 3467/732/3412
f 317/143/271 307/137/261 5241/35/5185
f 6031/733/5974 6030/734/5973 6032/735/5975 6110/736/6053
f 2661/737/2613 2659/738/2611 2662/739/2614 2714/740/2666
f 5243/149/5187 5244/150/5188 2903/151/2855
f 2712/741/2664 2711/742/2663 2715/743/2667 2716/744/2668
f 5225/503/5169 2470/502/2422 2469/619/2421 5224/618/5168
f 330/366/284 331/367/285 332/368/286 333/365/287
f 1300/745/1252 1299/746/1251 1326/747/1278 1301/748/1253
f 217/630/171 5221/749/5165 2466/750/2418 2465/631/2417
f 161/176/115 160/179/114 162/185/116 163/184/117
f 1363/751/1315 1360/752/1312 1362/753/1314 1382/754/1334
f 1694/201/1646 1691/200/1643 1693/755/1645 1696/756/1648
f 5217/524/5161 2460/525/2412 2463/359/2415 5215/358/5159
f 263/497/217 262/496/216 2528/166/2480 5346/165/5290
f 2296/757/2248 2318/414/2270 2316/758/2268 2293/720/2245
f 168/206/122 2215/207/2167 2209/204/2161 169/205/123
f 6092/759/6035 6077/760/6020 6091/761/6034 6095/762/6038
f 3023/216/2975 3021/217/2973 3022/218/2974 979/219/933
f 820/763/774 815/764/769 817/765/771 823/766/777
f 1896/767/1848 106/768/60 105/654/59 1898/657/1850
f 6649/769/6592 6584/770/6527 6585/628/6528 6651/627/6594
f 5453/771/5396 5452/438/5395 5451/439/5394 5507/772/5450
f 5655/773/5598 5652/774/5595 5653/775/5596 5654/776/5597
f 3214/777/3163 3211/778/3160 3213/779/3162 3216/780/3165
f 3705/74/3650 3736/77/3681 3739/781/3684 3701/782/3646
f 7220/783/1160 7201/784/1 344/785/298 3172/786/3124
f 4063/435/4008 4061/787/4006 4053/788/3998 4059/436/4004
f 7140/789/1163 7190/790/1161 3173/791/3125 346/792/300
f 7230/793/1164 7140/789/1163 346/792/300 3178/794/3130
f 7250/795/1170 7230/793/1164 3178/794/3130 3179/796/3131
f 7240/797/1171 7250/795/1170 3179/796/3131 3183/798/3134
f 7150/799/1179 7240/797/1171 3183/798/3134 351/800/305
f 7160/801/2 7150/799/1179 351/800/305 353/802/307
f 7280/803/1191 7160/801/2 353/802/307 3194/804/3145
f 3734/676/3679 3730/675/3675 3735/181/3680 3745/180/3690
f 7170/805/1196 7200/806/1192 3198/807/3148 356/808/310
f 7290/809/1197 7170/805/1196 356/808/310 3207/810/3156
f 7290/809/1197 3207/810/3156 3208/811/3157 7260/812/1203
f 7180/813/1204 7260/812/1203 3208/811/3157 359/814/313
f 7270/815/1250 7180/813/1204 359/814/313 3258/816/3203
f 3508/77/3453 3515/282/3460 3525/817/3470 3540/781/3485
f 4221/818/4165 4219/819/4163 4223/820/4167 4224/821/4168
f 4215/822/4159 4212/823/4156 4213/824/4157 4216/825/4160
f 4136/826/4080 4134/827/4078 4135/828/4079 4141/829/4085
f 400/830/354 399/831/353 401/832/355 402/833/356
f 4167/834/4111 4166/835/4110 4163/836/4107 4165/837/4109
f 1511/838/1463 1510/839/1462 1509/840/1461 1514/841/1466
f 392/16/346 390/15/344 393/13/347 5295/14/5239
f 363/842/317 362/843/316 361/844/315 5251/845/5195
f 4119/846/4063 4127/847/4071 4120/848/4064 4123/849/4067
f 4159/850/4103 4154/851/4098 4157/852/4101 4161/853/4105
f 4188/854/4132 4185/855/4129 4184/856/4128 4189/857/4133
f 7270/815/1250 3258/816/3203 344/858/298 7201/859/1
f 379/830/333 389/860/343 380/861/334 381/831/335
f 383/832/337 382/833/336 379/830/333 381/831/335
f 385/862/339 384/863/338 382/833/336 383/832/337
f 3874/864/3819 3875/865/3820 3877/636/3822 3890/866/3835
f 4232/867/4176 4229/868/4173 4235/869/4179 4237/870/4181
f 4204/871/4148 4200/19/4144 4201/22/4145 4205/872/4149
f 397/5/351 395/9/349 396/10/350 398/6/352
f 4167/834/4111 4165/837/4109 4171/873/4115 4174/874/4118
f 5286/17/5230 391/18/345 390/15/344 392/16/346
f 1506/875/1458 1507/876/1459 1509/840/1461 1510/839/1462
f 5291/12/5235 5295/14/5239 393/13/347 394/11/348
f 4193/877/4137 4192/878/4136 4195/879/4139 4198/880/4142
f 5251/845/5195 361/844/315 364/881/318 5255/882/5199
f 395/9/349 5291/12/5235 394/11/348 396/10/350
f 408/860/362 5298/861/5242 399/831/353 400/830/354
f 378/17/332 370/18/324 377/15/331 5268/16/5212
f 4122/883/4066 4121/884/4065 4124/885/4068 4125/886/4069
f 1540/336/1492 1651/337/1603 1652/338/1604
f 1580/387/1532 1571/388/1523 1578/389/1530 1581/390/1533
f 1650/333/1602 410/328/364 409/322/363
f 410/328/364 3285/324/3230 409/322/363
f 409/322/363 3285/324/3230 3284/323/3229
f 175/32/129 3822/34/3767 179/320/133 180/321/134
f 314/37/268 5240/38/5184 5241/35/5185 4045/36/3990
f 2271/115/2223 2281/116/2233 2283/117/2235 2268/114/2220
f 414/153/368 3283/339/3228 412/340/366
f 4263/887/4207 4259/888/4203 4256/889/4200 4265/890/4209
f 132/96/86 2008/97/1960 134/51/88 3666/50/3611
f 133/90/87 131/61/85 130/60/84 135/91/89
f 4733/891/4677 4730/892/4674 4731/893/4675 4717/894/4661
f 296/551/250 3976/552/3921 3977/550/3922 298/549/252
f 3244/895/3192 3245/896/3193 3233/897/3181 3243/898/3191
f 425/283/379 423/71/377 424/280/378
f 423/71/377 425/283/379 1741/72/1693
f 3872/899/3817 3871/900/3816 3873/901/3818 3875/865/3820
f 3871/900/3816 3869/902/3814 3870/903/3815 3839/904/3784
f 3500/288/3445 3499/289/3444 5358/290/5302 3501/291/3446
f 5960/724/5903 5896/723/5839 5898/905/5841 5967/906/5910
f 4493/907/4437 4488/908/4432 4500/909/4444 4501/910/4445
f 865/911/819 864/912/818 862/913/816 863/914/817
f 2635/90/2587 243/61/197 3903/60/3848 3904/91/3849
f 124/85/78 123/84/77 2094/95/2046 2028/94/1980
f 2245/308/2197 182/309/136 183/310/137 184/311/138
f 2263/457/2215 2401/454/2353 2403/455/2355 198/456/152
f 4259/888/4203 4255/915/4199 4254/916/4198 4256/889/4200
f 4633/917/4577 4639/918/4583 4643/919/4587 4635/920/4579
f 2395/53/2347 195/56/149 194/57/148 196/54/150
f 2267/585/2219 2404/586/2356 201/257/155 2266/256/2218
f 569/921/523 573/922/527 576/602/530 571/601/525
f 279/223/233 2591/222/2543 278/923/232 2543/924/2495
f 441/325/395 442/326/396 444/327/398
f 2587/925/2539 2586/926/2538 2582/145/2534 2589/144/2541
f 1384/927/1336 1382/754/1334 1362/753/1314 1388/928/1340
f 2759/929/2711 2750/930/2702 2751/931/2703 2936/932/2888
f 2196/490/2148 2202/491/2154 2203/488/2155 2197/489/2149
f 1556/238/1508 1721/239/1673 1559/240/1511
f 441/325/395 444/327/398 449/342/403
f 1173/933/1127 1174/934/1128 1177/935/1131 1198/936/1152
f 451/343/405 441/325/395 449/342/403
f 1614/480/1566 1612/937/1564 1609/938/1561 1611/939/1563
f 1751/351/1703 1758/349/1710 1753/350/1705
f 450/341/404 453/152/407 452/348/406
f 3283/339/3228 453/152/407 450/341/404
f 453/152/407 3283/339/3228 414/153/368
f 5322/148/5266 1921/43/1873 1920/352/1872 94/353/48
f 3957/461/3902 3956/460/3901 3920/940/3865 3916/941/3861
f 2894/361/2846 2893/358/2845 329/359/283 2853/360/2805
f 2075/743/2027 2077/744/2029 2079/741/2031 2080/742/2032
f 2168/164/2120 157/167/111 158/168/112 159/169/113
f 5222/621/5166 5224/618/5168 2469/619/2421 2467/620/2419
f 2700/643/2652 2702/249/2654 2654/248/2606 2653/644/2605
f 5751/942/5694 5694/943/5637 5696/402/5639 5697/401/5640
f 3554/944/3499 3550/945/3495 3559/946/3504 3555/623/3500
f 164/187/118 163/184/117 162/185/116 2211/186/2163
f 5218/523/5162 219/522/173 2460/525/2412 5217/524/5161
f 1399/947/1351 1400/948/1352 1406/949/1358 1407/950/1359
f 96/499/50 95/500/49 1918/501/1870 5325/498/5269
f 2105/200/2057 2104/201/2056 2109/202/2061 2110/203/2062
f 4524/951/4468 4522/952/4466 4525/953/4469 4527/954/4471
f 169/205/123 2209/204/2161 170/955/124 171/956/125
f 7322/957/7104 7320/958/7102 1427/959/1379 1429/960/1381
f 335/655/289 2845/656/2797 336/657/290 337/654/291
f 173/220/127 2236/221/2188 2239/222/2191 2205/223/2157
f 2769/420/2721 2764/584/2716 2761/583/2713 2780/961/2732
f 2585/410/2537 280/225/234 2550/224/2502 281/411/235
f 1928/492/1880 108/229/62 109/228/63 110/493/64
f 2230/235/2182 2200/236/2152 3541/237/3486 2229/234/2181
f 1039/962/993 976/963/930 485/964/439 1038/965/992
f 519/962/473 542/965/496 2970/966/2922 1016/967/970
f 482/962/436 2956/966/2908 483/967/437
f 1135/968/1089 1142/969/1096 1144/970/1098 1143/971/1097
f 914/972/868 1017/973/971 482/974/436 917/975/871
f 486/976/440 488/977/442 487/588/441
f 490/978/444 1038/979/992 489/587/443
f 487/588/441 488/977/442 491/980/445
f 489/587/443 492/981/446 490/978/444
f 2011/982/1963 134/983/88 2009/984/1961 2013/985/1965
f 506/986/460 507/987/461 2963/988/2915 509/989/463
f 4980/990/4924 4979/991/4923 4983/992/4927 4985/993/4929
f 2959/994/2911 496/995/450 497/996/451
f 498/997/452 3017/998/2969 3020/999/2972
f 496/995/450 2959/994/2911 499/1000/453
f 500/1001/454 499/1000/453 2959/994/2911
f 3017/998/2969 498/997/452 501/1002/455
f 3016/1003/2968 3017/998/2969 501/1002/455
f 500/1001/454 502/1004/456 499/1000/453
f 3016/1003/2968 501/1002/455 503/1005/457
f 500/1001/454 504/1006/458 502/1004/456
f 500/1001/454 2958/1007/2910 504/1006/458
f 502/1004/456 505/1008/459 499/1000/453
f 505/1008/459 502/1004/456 504/1006/458
f 499/1000/453 505/1008/459 496/995/450
f 506/986/460 504/1006/458 2958/1007/2910
f 506/986/460 505/1008/459 504/1006/458
f 506/986/460 2958/1007/2910 507/987/461
f 5134/1009/5078 5133/1010/5077 5131/1011/5075 5135/1012/5079
f 5837/1013/5780 5834/1014/5777 5782/1015/5725 5783/1016/5726
f 496/995/450 505/1008/459 508/1017/462 493/1018/447
f 491/980/445 493/1018/447 508/1017/462
f 714/1019/668 710/1020/664 3015/1021/2967 3013/1022/2965
f 511/1023/465 508/1017/462 509/989/463
f 512/1024/466 508/1017/462 511/1023/465 516/1025/470
f 2408/472/2360 206/473/160 205/474/159 204/475/158
f 491/980/445 513/131/467 487/588/441
f 514/1026/468 511/1023/465 510/1027/464
f 515/130/469 487/588/441 513/131/467
f 835/346/789 830/1028/784 834/1029/788 853/1030/807
f 514/1026/468 516/1025/470 511/1023/465
f 510/1027/464 517/1031/471 514/1026/468
f 517/1031/471 510/1027/464 518/1032/472
f 518/1032/472 6958/1033/6900 517/1031/471
f 1158/1034/1112 1157/1035/1111 1160/1036/1114 1178/1037/1132
f 1809/1038/1761 1802/1039/1754 1804/1040/1756 1821/1041/1773
f 519/1042/473 1016/1043/970 520/1044/474
f 516/1025/470 514/1026/468 521/1045/475
f 4377/1046/4321 4378/1047/4322 4379/1048/4323 4383/1049/4327
f 512/1024/466 524/1050/478 527/132/481 513/131/467
f 113/239/67 111/238/65 2035/643/1987 114/644/68
f 520/1044/474 1016/1043/970 523/1051/477
f 4531/1052/4475 4605/1053/4549 4617/1054/4561 4619/1055/4563
f 5200/1056/5144 5201/1057/5145 5202/1058/5146 5203/1059/5147
f 1091/1060/1045 1093/1061/1047 1098/1062/1052 1100/1063/1054
f 2930/135/2882 284/134/238 2746/1064/2698 285/1065/239
f 2965/1066/2917 528/1067/482 2967/1068/2919
f 529/1069/483 527/132/481 524/1050/478
f 529/1069/483 524/1050/478 522/1070/476
f 528/1067/482 2965/1066/2917 530/1071/484
f 531/1072/485 530/1071/484 2965/1066/2917
f 935/195/889 930/1073/884 933/1074/887 937/1075/891
f 532/527/486 523/1051/477 525/1076/479
f 530/1071/484 533/1077/487 528/1067/482
f 534/1078/488 530/1071/484 531/1072/485
f 533/1077/487 530/1071/484 534/1078/488
f 531/1072/485 535/1079/489 534/1078/488
f 533/1077/487 534/1078/488 535/1079/489
f 531/1072/485 2964/1080/2916 535/1079/489
f 536/1081/490 535/1079/489 2964/1080/2916
f 535/1079/489 536/1081/490 533/1077/487
f 536/1081/490 2964/1080/2916 537/1082/491
f 865/398/819 2993/217/2945 2995/216/2947 1024/399/978
f 960/1083/914 958/1084/912 3028/1085/2980 3026/1086/2978
f 738/1087/692 737/1088/691 734/1089/688 2981/1090/2933
f 540/528/494 532/527/486 538/1091/492
f 541/1092/495 540/528/494 539/1093/493
f 539/1093/493 542/1094/496 541/1092/495
f 1399/947/1351 1396/1095/1348 1397/1096/1349 1400/948/1352
f 541/1092/495 543/253/497 540/528/494
f 90/931/44 1991/1097/1943 1993/1098/1945 1994/932/1946
f 523/1051/477 544/1099/498 520/1044/474
f 6712/1100/6655 6684/1101/6627 6681/1102/6624 6682/1103/6625
f 542/1094/496 547/1104/501 546/1105/500
f 748/1106/702 2979/1107/2931 2980/217/2932 750/398/704
f 2707/1108/2659 2706/1109/2658 2667/1110/2619 2669/1111/2621
f 548/1112/502 1033/1113/987 550/1114/504
f 4670/1115/4614 4669/1116/4613 4674/1117/4618 4675/1118/4619
f 543/253/497 541/1092/495 551/254/505
f 6493/1119/6436 6419/1120/6362 6420/734/6363 6421/733/6364
f 550/1114/504 1033/1113/987 553/1121/507
f 1001/1122/955 994/1123/948 982/1124/936 1005/1125/959
f 2329/507/2281 2322/1126/2274 2327/1127/2279 2330/1128/2282
f 553/1121/507 555/1129/509 550/1114/504
f 815/764/769 813/1130/767 1030/1131/984 3000/1132/2952
f 741/1133/695 738/1087/692 2981/1090/2933 739/1134/693
f 1315/1135/1267 1311/1136/1263 1314/1137/1266 1319/1138/1271
f 558/1139/512 553/1121/507 556/1140/510
f 3003/1141/2955 559/1142/513 3005/1143/2957
f 1676/923/1628 1633/924/1585 473/223/427 474/222/428
f 559/1142/513 3003/1141/2955 561/1144/515
f 561/1144/515 560/1145/514 559/1142/513
f 3001/1146/2953 561/1144/515 3003/1141/2955
f 560/1145/514 561/1144/515 562/1147/516
f 3001/1146/2953 562/1147/516 561/1144/515
f 3001/1146/2953 563/1148/517 562/1147/516
f 560/1145/514 562/1147/516 563/1148/517
f 3001/1146/2953 3002/1149/2954 563/1148/517
f 563/1148/517 564/1150/518 560/1145/514
f 3002/1149/2954 564/1150/518 563/1148/517
f 6726/1151/6669 6778/1152/6721 6788/1153/6731 6789/1154/6732
f 564/1150/518 3002/1149/2954 565/1155/519
f 2740/1156/2692 2738/678/2690 293/1157/247 2741/1158/2693
f 910/1159/864 911/1160/865 2976/1161/2928 912/1162/866
f 568/1163/522 558/1139/512 566/1164/520
f 569/921/523 568/1163/522 567/1165/521
f 567/1165/521 570/1166/524 569/921/523
f 1009/1167/963 1006/1168/960 1005/1125/959 1008/1169/962
f 569/921/523 571/601/525 568/1163/522
f 3862/1170/3807 3860/1171/3805 3863/1172/3808 3866/1173/3811
f 974/1174/928 972/1175/926 983/1176/937 984/1177/938
f 2564/480/2516 2567/481/2519 2572/482/2524 2574/483/2526
f 3076/1178/3028 3073/1179/3025 3077/1180/3029 3081/1181/3033
f 1036/1182/990 3015/1021/2967 573/922/527
f 144/325/98 142/416/96 143/417/97 146/326/100
f 977/1183/931 955/710/909 974/1174/928 984/1177/938
f 578/1184/532 574/1185/528 575/1186/529
f 578/1184/532 575/1186/529 577/1187/531
f 577/1187/531 571/601/525 579/600/533
f 1931/1188/1883 1929/1189/1881 1930/1190/1882 1933/1191/1885
f 577/1187/531 580/1192/534 578/1184/532
f 579/600/533 580/1192/534 577/1187/531
f 574/1185/528 578/1184/532 581/1193/535
f 582/1194/536 578/1184/532 580/1192/534
f 581/1193/535 578/1184/532 582/1194/536
f 580/1192/534 579/600/533 583/1195/537
f 2667/1110/2619 2663/1196/2615 2665/1197/2617 2669/1111/2621
f 581/1193/535 584/1198/538 574/1185/528
f 67/1199/21 3407/1200/3352 3405/1201/3350 70/1202/24
f 584/1198/538 581/1193/535 585/1203/539
f 587/1204/541 552/1205/506 584/1198/538
f 1826/1206/1778 1838/1207/1790 1857/1208/1809 1860/1209/1812
f 588/1210/542 584/1198/538 585/1203/539
f 584/1198/538 588/1210/542 587/1204/541
f 588/1210/542 585/1203/539 586/1211/540
f 588/1210/542 589/255/543 587/1204/541
f 590/1212/544 586/1211/540 583/1195/537
f 3671/1213/3616 3669/1214/3614 138/1215/92 3673/1216/3618
f 589/255/543 591/1217/545 554/252/508
f 591/1217/545 589/255/543 593/1218/547
f 589/255/543 588/1210/542 593/1218/547
f 554/252/508 591/1217/545 594/1219/548
f 893/1220/847 916/1221/870 918/1222/872 888/1223/842
f 594/1219/548 591/1217/545 595/1224/549
f 594/1219/548 596/1225/550 554/252/508
f 877/1226/831 873/1227/827 870/1228/824 867/1229/821
f 594/1219/548 597/1230/551 596/1225/550
f 594/1219/548 595/1224/549 598/1231/552
f 597/1230/551 594/1219/548 598/1231/552
f 544/1099/498 597/1230/551 599/1232/553
f 598/1231/552 599/1232/553 597/1230/551
f 2798/1206/2750 2793/1207/2745 2796/1208/2748 2808/1209/2760
f 849/1233/803 847/1234/801 846/1235/800 848/1236/802
f 599/1232/553 598/1231/552 600/1237/554
f 588/1210/542 601/1238/555 593/1218/547
f 3424/1239/3369 3423/1240/3368 65/1241/19 63/1242/17
f 601/1238/555 603/1243/557 600/1237/554
f 602/1244/556 604/1245/558 522/1070/476
f 529/1069/483 522/1070/476 604/1245/558
f 604/1245/558 602/1244/556 605/1246/559
f 602/1244/556 603/1243/557 605/1246/559
f 606/1247/560 529/1069/483 604/1245/558
f 1608/209/1560 1609/938/1561 1612/937/1564 1615/210/1567
f 529/1069/483 606/1247/560 607/1248/561
f 527/132/481 529/1069/483 607/1248/561
f 603/1243/557 608/1249/562 605/1246/559
f 2829/121/2781 2822/120/2774 2826/537/2778 2830/1250/2782
f 607/1248/561 610/133/564 527/132/481
f 610/133/564 607/1248/561 609/1251/563
f 608/1249/562 611/1252/565 609/1251/563
f 611/1252/565 610/133/564 609/1251/563
f 1457/1253/1409 1453/1254/1405 1472/1255/1424 1474/1256/1426
f 599/1232/553 600/1237/554 603/1243/557 602/1244/556
f 661/476/615 888/1223/842 920/1257/874 659/1258/613
f 613/1259/567 608/1249/562 603/1243/557 615/1260/569
f 614/573/568 601/1238/555 588/1210/542 617/1261/571
f 771/1262/725 695/1263/649 696/727/650 698/726/652
f 616/1264/570 613/1259/567 615/1260/569
f 614/573/568 616/1264/570 615/1260/569
f 1810/679/1762 1807/114/1759 1811/117/1763 1813/718/1765
f 668/1265/622 856/1266/810 883/1267/837 666/1268/620
f 619/574/573 614/573/568 617/1261/571
f 618/1269/572 619/574/573 617/1261/571
f 3029/1270/2981 970/1271/924 968/1272/922 969/1273/923
f 4939/1274/4883 4935/1275/4879 4937/1276/4881 4941/1277/4885
f 77/1278/31 1965/1279/1917 1971/1280/1923 78/1281/32
f 2836/188/2788 2838/189/2790 341/190/295 2837/191/2789
f 632/1282/586 621/1283/575 628/1284/582 634/1285/588
f 3827/1286/3772 3824/1287/3769 3879/1288/3824 3828/1289/3773
f 4074/75/4019 4067/434/4012 4070/1290/4015 4076/1291/4021
f 2051/1292/2003 2049/1293/2001 2052/1294/2004 2055/1295/2007
f 624/1296/578 627/1297/581 630/1298/584
f 624/1296/578 630/1298/584 626/1299/580
f 629/1300/583 630/1298/584 627/1297/581
f 628/1284/582 626/1299/580 630/1298/584
f 638/1301/592 632/1282/586 634/1285/588 636/1302/590
f 1892/188/1844 110/189/64 109/190/63 1894/191/1846
f 629/1300/583 633/1303/587 630/1298/584
f 628/1284/582 630/1298/584 634/1285/588
f 2503/1304/2455 2500/1305/2452 2501/1306/2453 245/1307/199
f 667/1308/621 665/1309/619 664/1310/618 669/1311/623
f 636/1302/590 634/1285/588 630/1298/584
f 613/1259/567 635/1312/589 637/1313/591
f 1490/1314/1442 1487/1315/1439 1488/172/1440 1494/175/1446
f 635/1312/589 639/1316/593 637/1313/591
f 603/1243/557 601/1238/555 614/573/568 615/1260/569
f 667/1308/621 669/1311/623 671/1317/625 672/1318/626
f 1350/1319/1302 1347/1320/1299 1348/245/1300 1367/244/1319
f 636/1302/590 630/1298/584 642/1321/596
f 1696/756/1648 1693/755/1645 1575/142/1527 1697/141/1649
f 643/1322/597 642/1321/596 630/1298/584
f 496/995/450 493/1018/447 2962/1323/2914 497/996/451
f 639/1316/593 641/1324/595 645/1325/599
f 1683/1326/1635 1661/1327/1613 1684/1328/1636 1685/1329/1637
f 641/1324/595 647/484/601 645/1325/599
f 643/1322/597 630/1298/584 648/1330/602
f 286/472/240 285/1065/239 2746/1064/2698 287/473/241
f 679/1331/633 678/1332/632 681/1333/635 683/1334/637
f 650/1335/604 648/1330/602 630/1298/584
f 826/1336/780 2998/1337/2950 827/1338/781 828/1339/782
f 647/484/601 649/664/603 652/485/606
f 629/1300/583 625/1340/579 631/1341/585 633/1303/587
f 649/664/603 654/663/608 652/485/606
f 650/1335/604 630/1298/584 655/1342/609
f 5180/1343/5124 5178/1275/5122 5183/1344/5127 5212/1345/5156
f 1590/464/1542 1587/463/1539 1596/1346/1548 1597/1347/1549
f 657/1348/611 655/1342/609 630/1298/584
f 641/1324/595 639/1316/593 638/1301/592 640/1349/594
f 654/663/608 656/477/610 659/1258/613
f 2365/1350/2317 231/1351/185 2361/1352/2313 2363/1189/2315
f 656/477/610 661/476/615 659/1258/613
f 657/1348/611 630/1298/584 662/1353/616
f 1550/1304/1502 1547/1305/1499 1548/1306/1500 435/1307/389
f 622/1354/576 626/1299/580 628/1284/582 621/1283/575
f 664/1310/618 662/1353/616 630/1298/584
f 3747/183/3692 3743/182/3688 3740/1355/3685 3746/646/3691
f 661/476/615 663/1356/617 666/1268/620
f 6908/1357/6851 6910/1358/6853 6909/1359/6852 6905/1360/6848
f 663/1356/617 668/1265/622 666/1268/620
f 664/1310/618 630/1298/584 669/1311/623
f 206/473/160 2408/472/2360 207/1065/161 208/1064/162
f 689/1361/643 633/1303/587 631/1341/585 690/1362/644
f 671/1317/625 669/1311/623 630/1298/584
f 679/1331/633 683/1334/637 685/1363/639 682/1364/636
f 668/1265/622 670/1365/624 673/1366/627
f 688/1367/642 687/1368/641 689/1361/643 690/1362/644
f 670/1365/624 675/1369/629 673/1366/627
f 671/1317/625 630/1298/584 676/1370/630
f 639/1316/593 635/1312/589 632/1282/586 638/1301/592
f 3353/632/3298 3350/633/3295 3349/634/3294 3352/635/3297
f 678/1332/632 676/1370/630 630/1298/584
f 3695/1371/3640 3693/1372/3638 3687/1373/3632 3694/1374/3639
f 675/1369/629 677/1375/631 680/1376/634
f 678/1332/632 630/1298/584 681/1333/635
f 677/1375/631 682/1364/636 680/1376/634
f 674/1377/628 676/1370/630 678/1332/632 679/1331/633
f 684/1378/638 681/1333/635 630/1298/584
f 660/1379/614 658/479/612 657/1348/611 662/1353/616
f 1457/1253/1409 1474/1256/1426 1492/1380/1444 1530/1381/1482
f 797/1382/751 794/1383/748 795/1384/749 796/1385/750
f 684/1378/638 630/1298/584 687/1368/641
f 648/1330/602 646/665/600 644/1386/598 643/1322/597
f 689/1361/643 687/1368/641 630/1298/584
f 655/1342/609 653/478/607 651/666/605 650/1335/604
f 689/1361/643 630/1298/584 633/1303/587
f 622/1354/576 620/572/574 624/1296/578 626/1299/580
f 618/1269/572 692/1387/646 631/1341/585 625/1340/579
f 3333/1286/3278 3330/1287/3275 3329/1288/3274 3388/1289/3333
f 4065/1388/4010 4115/1389/4059 4117/1390/4061 4054/1391/3999
f 668/1265/622 663/1356/617 660/1379/614 665/1309/619
f 692/1387/646 618/1269/572 693/1392/647
f 694/728/648 692/1387/646 693/1392/647
f 618/1269/572 586/1211/540 590/1212/544 693/1392/647
f 691/1393/645 694/728/648 696/727/650
f 695/1263/649 691/1393/645 696/727/650
f 654/663/608 659/1258/613 920/1257/874 923/1394/877
f 2164/342/2116 3685/327/3630 149/341/103 2166/348/2118
f 697/725/651 590/1212/544 699/1395/653
f 590/1212/544 592/603/546 699/1395/653
f 685/1363/639 695/1263/649 700/1396/654
f 682/1364/636 685/1363/639 700/1396/654
f 592/603/546 701/1397/655 699/1395/653
f 2049/1293/2001 2034/42/1986 2047/41/1999 2052/1294/2004
f 668/1265/622 673/1366/627 850/1398/804 856/1266/810
f 929/1399/883 952/1400/906 954/1401/908 923/1394/877
f 923/1394/877 925/1402/879 927/1403/881 929/1399/883
f 698/726/652 697/725/651 704/1404/658
f 701/1397/655 592/603/546 705/1405/659
f 713/1406/667 727/1407/681 729/1408/683 709/1409/663
f 706/1410/660 703/1411/657 701/1397/655
f 705/1405/659 706/1410/660 701/1397/655
f 703/1411/657 706/1410/660 707/1412/661
f 576/602/530 573/922/527 708/1413/662
f 707/1412/661 709/1409/663 704/1404/658
f 709/1409/663 698/726/652 704/1404/658
f 710/1020/664 708/1413/662 573/922/527
f 573/922/527 3015/1021/2967 710/1020/664
f 4463/1414/4407 4470/1415/4414 4474/1416/4418 4466/1417/4410
f 1422/639/1374 7313/1418/7095 7315/1419/7097 1421/1420/1373
f 706/1410/660 705/1405/659 712/1421/666
f 706/1410/660 713/1406/667 707/1412/661
f 706/1410/660 712/1421/666 713/1406/667
f 709/1409/663 707/1412/661 713/1406/667
f 1566/41/1518 1564/40/1516 1567/1422/1519 1570/1423/1522
f 942/1424/896 2955/1425/2907 2957/1426/2909 943/1427/897
f 710/1020/664 714/1019/668 715/1428/669
f 675/1369/629 670/1365/624 667/1308/621 672/1318/626
f 3009/1429/2961 716/1430/670 717/1431/671
f 715/1428/669 714/1019/668 718/1432/672
f 716/1430/670 718/1432/672 714/1019/668
f 716/1430/670 3009/1429/2961 719/1433/673
f 719/1433/673 718/1432/672 716/1430/670
f 3008/1434/2960 719/1433/673 3009/1429/2961
f 3008/1434/2960 720/1435/674 719/1433/673
f 720/1435/674 718/1432/672 719/1433/673
f 3008/1434/2960 721/1436/675 720/1435/674
f 718/1432/672 720/1435/674 721/1436/675
f 3008/1434/2960 722/1437/676 721/1436/675
f 723/1438/677 721/1436/675 722/1437/676
f 723/1438/677 718/1432/672 721/1436/675
f 723/1438/677 722/1437/676 3011/1439/2963
f 2969/1440/2921 538/1091/492 536/1081/490 537/1082/491
f 718/1432/672 723/1438/677 724/1441/678
f 715/1428/669 718/1432/672 724/1441/678
f 930/1073/884 928/194/882 483/1442/437 931/1443/885
f 726/1444/680 715/1428/669 724/1441/678
f 7327/1445/7109 7329/1446/7111 1433/1447/1385
f 728/1448/682 726/1444/680 725/1449/679
f 728/1448/682 727/1407/681 726/1444/680
f 786/1450/740 791/1451/745 808/1452/762 811/1453/765
f 727/1407/681 728/1448/682 729/1408/683
f 725/1449/679 730/1454/684 728/1448/682
f 730/1454/684 725/1449/679 1034/1455/988
f 1034/1455/988 1035/1456/989 730/1454/684
f 1373/1457/1325 1371/1458/1323 1374/1459/1326 1433/1447/1385
f 6766/1460/6709 6768/1461/6711 6769/1462/6712 6764/1360/6707
f 3093/713/3045 3090/716/3042 3092/1463/3044 3098/1464/3050
f 732/1465/686 734/1089/688 733/1466/687
f 919/1467/873 913/1468/867 921/1469/875 922/1470/876
f 3924/1213/3869 3922/1214/3867 3923/1215/3868 3925/1216/3870
f 733/1466/687 734/1089/688 737/1088/691
f 737/1088/691 736/1471/690 733/1466/687
f 1010/1472/964 1008/1169/962 979/1473/933 3022/1474/2974
f 804/1475/758 803/1476/757 2985/1477/2937 805/1478/759
f 5218/523/5162 5220/520/5164 218/521/172 219/522/173
f 740/471/694 737/1088/691 738/1087/692
f 6283/276/6226 6286/279/6229 6288/1479/6231 6289/1480/6232
f 741/1133/695 739/1134/693 2978/1481/2930
f 741/1133/695 2978/1481/2930 742/1482/696
f 2977/1483/2929 742/1482/696 2978/1481/2930
f 742/1482/696 743/470/697 741/1133/695
f 744/1484/698 742/1482/696 2977/1483/2929
f 743/470/697 742/1482/696 744/1484/698
f 2977/1483/2929 745/1485/699 744/1484/698
f 743/470/697 744/1484/698 745/1485/699
f 2977/1483/2929 746/1486/700 745/1485/699
f 747/128/701 745/1485/699 746/1486/700
f 745/1485/699 747/128/701 743/470/697
f 747/128/701 746/1486/700 748/129/702
f 964/1487/918 968/1272/922 970/1271/924 961/1488/915
f 3484/1371/3429 3482/1372/3427 3475/1373/3420 3483/1374/3428
f 1462/1489/1414 4862/1490/4806 4863/1491/4807 4864/1492/4808
f 752/1493/706 740/471/694 749/127/703
f 114/644/68 2035/643/1987 115/249/69 116/248/70
f 754/1494/708 752/1493/706 751/1495/705
f 3716/1496/3661 3715/1497/3660 3717/1498/3662 3721/1499/3666
f 751/1495/705 755/1500/709 754/1494/708
f 998/1501/952 995/1502/949 996/1503/950 999/1504/953
f 755/1500/709 758/1505/712 757/1506/711
f 3006/217/2958 3004/1107/2956 3005/1507/2957 557/218/511
f 915/1508/869 902/1509/856 896/1510/850 913/1468/867
f 736/1471/690 760/1511/714 735/1512/689
f 585/1203/539 581/1193/535 582/1194/536 586/1211/540
f 1021/1513/975 2988/1514/2940 761/1515/715
f 2281/116/2233 2278/1516/2230 2282/1517/2234 2284/583/2236
f 6774/1518/6717 6712/1100/6655 6713/1519/6656 6776/1520/6719
f 890/1521/844 892/1522/846 896/1510/850 902/1509/856
f 522/1070/476 516/1025/470 521/1045/475 602/1244/556
f 767/1523/721 760/1511/714 766/1524/720
f 767/1523/721 766/1524/720 765/1525/719
f 768/1526/722 735/1512/689 760/1511/714
f 760/1511/714 767/1523/721 768/1526/722
f 735/1512/689 768/1526/722 769/1527/723
f 767/1523/721 770/1528/724 768/1526/722
f 757/1506/711 1021/1513/975 761/1515/715 762/1529/716
f 771/1262/725 698/726/652 769/1527/723
f 767/1523/721 772/1530/726 770/1528/724
f 767/1523/721 765/1525/719 772/1530/726
f 5886/1531/5829 5859/1532/5802 5858/1533/5801 5861/1534/5804
f 702/1535/656 771/1262/725 773/1536/727
f 774/1537/728 772/1530/726 765/1525/719
f 772/1530/726 774/1537/728 773/1536/727
f 774/1537/728 702/1535/656 773/1536/727
f 884/1538/838 882/1539/836 880/1540/834 886/1541/840
f 702/1535/656 774/1537/728 775/1542/729
f 776/1543/730 702/1535/656 775/1542/729
f 775/1542/729 764/1544/718 776/1543/730
f 702/1535/656 776/1543/730 777/1545/731
f 926/1546/880 922/1470/876 921/1469/875 924/193/878
f 702/1535/656 777/1545/731 779/1547/733
f 776/1543/730 780/1548/734 777/1545/731
f 780/1548/734 776/1543/730 778/1549/732
f 2938/1550/2890 2936/932/2888 2934/1098/2886 2943/1551/2895
f 682/1364/636 700/1396/654 702/1535/656 779/1547/733
f 754/1494/708 755/1500/709 757/1506/711 762/1529/716
f 782/1552/736 779/1547/733 783/1553/737
f 675/1369/629 847/1234/801 850/1398/804 673/1366/627
f 780/1548/734 784/1554/738 781/1555/735
f 778/1549/732 784/1554/738 780/1548/734
f 781/1555/735 784/1554/738 785/1556/739
f 785/1556/739 786/1450/740 783/1553/737
f 4044/1557/3989 4041/1558/3986 4040/1559/3985 4043/1560/3988
f 787/1561/741 785/1556/739 784/1554/738
f 786/1450/740 785/1556/739 787/1561/741
f 784/1554/738 778/1549/732 788/1562/742
f 784/1554/738 788/1562/742 787/1561/741
f 2741/456/2693 2922/455/2874 2923/586/2875 292/585/246
f 545/526/499 543/253/497 554/252/508 596/1225/550
f 787/1561/741 791/1451/745 786/1450/740
f 792/599/746 790/598/744 761/1515/715
f 761/1515/715 2988/1514/2940 792/599/746
f 791/1451/745 789/597/743 793/596/747 806/1563/760
f 4056/1372/4001 4058/1371/4003 4062/1564/4007 4054/1391/3999
f 2022/681/1974 2025/680/1977 2029/1565/1981 2031/1566/1983
f 793/596/747 792/599/746 794/1383/748
f 3753/1390/3698 3752/1389/3697 3750/1567/3695 3751/647/3696
f 797/1382/751 796/1385/750 798/1568/752
f 6344/1569/6287 6294/1570/6237 6296/1571/6239 6345/1572/6288
f 797/1382/751 798/1568/752 800/1573/754
f 800/1573/754 799/1574/753 797/1382/751
f 2982/1575/2934 800/1573/754 798/1568/752
f 799/1574/753 800/1573/754 801/1576/755
f 2982/1575/2934 801/1576/755 800/1573/754
f 2982/1575/2934 802/1577/756 801/1576/755
f 799/1574/753 801/1576/755 802/1577/756
f 2982/1575/2934 2983/1578/2935 802/1577/756
f 802/1577/756 803/1476/757 799/1574/753
f 2983/1578/2935 803/1476/757 802/1577/756
f 2092/104/2044 2090/590/2042 2033/591/1985 118/105/72
f 803/1476/757 2983/1578/2935 2985/1477/2937
f 941/1579/895 2953/1580/2905 2955/1425/2907 942/1424/896
f 864/912/818 865/911/819 1024/1581/978 866/1582/820
f 806/1563/760 793/596/747 804/1475/758
f 807/1583/761 806/1563/760 2989/1584/2941
f 807/1583/761 791/1451/745 806/1563/760
f 2989/1584/2941 1020/1585/974 807/1583/761
f 1770/311/1722 3408/310/3353 67/1586/21 68/1587/22
f 1456/1588/1408 1452/196/1404 1453/199/1405 1457/1589/1409
f 3724/1590/3669 3709/1591/3654 3725/1592/3670 3727/1593/3672
f 485/1594/439 484/1595/438 486/976/440 1038/979/992
f 1027/1596/981 1030/1131/984 810/1597/764
f 6241/1598/6184 6218/1599/6161 6229/695/6172 6238/698/6181
f 810/1597/764 1030/1131/984 813/1130/767
f 2351/1600/2303 2348/121/2300 2353/1250/2305 2354/1601/2306
f 2734/1602/2686 2735/1603/2687 2739/1604/2691 2743/1605/2695
f 816/1606/770 820/763/774 829/1607/783 831/345/785
f 816/1606/770 831/345/785 836/344/790 838/1608/792
f 621/1283/575 613/1259/567 616/1264/570 622/1354/576
f 817/765/771 818/1609/772 819/1610/773
f 813/1130/767 815/764/769 820/763/774
f 820/763/774 823/766/777 826/1336/780 828/1339/782
f 817/765/771 819/1610/773 821/1611/775
f 822/1612/776 821/1611/775 819/1610/773
f 821/1611/775 823/766/777 817/765/771
f 822/1612/776 824/1613/778 821/1611/775
f 824/1613/778 823/766/777 821/1611/775
f 822/1612/776 825/1614/779 824/1613/778
f 823/766/777 824/1613/778 825/1614/779
f 822/1612/776 2996/1615/2948 825/1614/779
f 826/1336/780 823/766/777 825/1614/779
f 826/1336/780 825/1614/779 2996/1615/2948
f 5838/1572/5781 5836/1569/5779 5834/1570/5777 5837/1571/5780
f 826/1336/780 2996/1615/2948 2998/1337/2950
f 3613/1616/3558 3611/1617/3556 3609/1618/3554 3610/372/3555
f 4992/1619/4936 4981/1620/4925 5004/1621/4948 5003/1622/4947
f 829/1607/783 820/763/774 828/1339/782
f 2279/929/2231 2276/930/2228 209/931/163 2418/932/2370
f 830/1028/784 829/1607/783 1029/1623/983
f 1029/1623/983 1026/1624/980 830/1028/784
f 1624/489/1576 1629/488/1581 1631/1625/1583 1610/1626/1562
f 1038/979/992 486/976/440 487/588/441 489/587/443
f 3070/1627/3022 3067/1628/3019 3071/1629/3023 3074/1630/3026
f 832/1631/786 1025/1632/979 834/1029/788
f 4795/1633/4739 4796/1634/4740 4797/1635/4741 4801/1636/4745
f 4389/1637/4333 4385/1638/4329 4390/1639/4334 4394/1640/4338
f 2366/1188/2318 2363/1189/2315 2359/1190/2311 2360/1191/2312
f 834/1029/788 1025/1632/979 837/1641/791
f 1866/1642/1818 1865/334/1817 1874/335/1826 1876/1643/1828
f 695/1263/649 685/1363/639 683/1334/637 686/1644/640
f 841/1645/795 814/1646/768 838/1608/792
f 841/1645/795 838/1608/792 836/344/790
f 2991/1647/2943 842/1648/796 840/1649/794
f 814/1646/768 841/1645/795 843/1650/797
f 843/1650/797 811/1453/765 814/1646/768
f 842/1648/796 2991/1647/2943 844/1651/798
f 2990/1652/2942 844/1651/798 2991/1647/2943
f 811/1453/765 843/1650/797 845/1653/799
f 782/1552/736 811/1453/765 845/1653/799
f 841/1645/795 846/1235/800 843/1650/797
f 997/1654/951 995/1502/949 998/1501/952 1000/1655/954
f 847/1234/801 782/1552/736 845/1653/799
f 846/1235/800 841/1645/795 848/1236/802
f 841/1645/795 836/344/790 848/1236/802
f 871/1656/825 1018/1657/972 874/1658/828 885/1659/839
f 2554/1660/2506 3882/1661/3827 3823/1662/3768 283/1663/237
f 850/1398/804 847/1234/801 849/1233/803
f 848/1236/802 851/347/805 849/1233/803
f 851/347/805 848/1236/802 836/344/790
f 851/347/805 850/1398/804 849/1233/803
f 1959/418/1911 1850/419/1802 1961/420/1913 1963/421/1915
f 3549/1664/3494 2184/483/2136 2186/395/2138 3548/1665/3493
f 956/486/910 953/1666/907 957/1667/911 987/1668/941
f 837/1641/791 853/1030/807 834/1029/788
f 870/1228/824 855/1669/809 866/1582/820 867/1229/821
f 855/1669/809 837/1641/791 839/1670/793
f 793/596/747 799/1574/753 803/1476/757 804/1475/758
f 856/1266/810 850/1398/804 854/1671/808
f 844/1651/798 857/1672/811 842/1648/796
f 852/1673/806 858/1674/812 854/1671/808
f 857/1672/811 844/1651/798 859/1675/813
f 859/1675/813 844/1651/798 2990/1652/2942
f 2990/1652/2942 860/1676/814 859/1675/813
f 857/1672/811 859/1675/813 860/1676/814
f 2990/1652/2942 861/1677/815 860/1676/814
f 862/913/816 860/1676/814 861/1677/815
f 860/1676/814 862/913/816 857/1672/811
f 862/913/816 861/1677/815 863/914/817
f 793/596/747 794/1383/748 797/1382/751 799/1574/753
f 842/1648/796 839/1670/793 2994/1678/2946 840/1649/794
f 2933/1679/2885 2937/1680/2889 2946/162/2898 2945/161/2897
f 866/1582/820 855/1669/809 864/912/818
f 3398/369/3343 3396/370/3341 3395/371/3340 3400/372/3345
f 868/1681/822 866/1582/820 1024/1581/978
f 868/1681/822 867/1229/821 866/1582/820
f 1024/1581/978 869/1682/823 868/1681/822
f 988/1683/942 989/1684/943 991/1685/945 959/487/913
f 869/1682/823 1022/1686/976 871/1656/825
f 853/1030/807 872/1687/826 852/1673/806
f 1073/1688/1027 1070/1689/1024 1064/1690/1018 1072/1691/1026
f 858/1674/812 852/1673/806 872/1687/826
f 758/1505/712 759/1692/713 1021/1513/975 757/1506/711
f 783/1553/737 779/1547/733 781/1555/735 785/1556/739
f 875/1693/829 872/1687/826 873/1227/827
f 872/1687/826 875/1693/829 858/1674/812
f 1018/1657/972 876/1694/830 874/1658/828
f 4715/1695/4659 4722/1696/4666 4726/1697/4670 4718/1698/4662
f 875/1693/829 873/1227/827 877/1226/831
f 875/1693/829 878/1699/832 858/1674/812
f 2085/1196/2037 2083/1197/2035 2084/1111/2036 2086/1110/2038
f 875/1693/829 877/1226/831 879/1700/833
f 875/1693/829 879/1700/833 878/1699/832
f 778/1549/732 776/1543/730 764/1544/718 790/598/744
f 764/1544/718 762/1529/716 761/1515/715 790/598/744
f 6397/1531/6340 6367/1532/6310 6364/1533/6307 6370/1534/6313
f 882/1539/836 879/1700/833 877/1226/831
f 879/1700/833 882/1539/836 881/1701/835
f 883/1267/837 856/1266/810 881/1701/835
f 882/1539/836 883/1267/837 881/1701/835
f 654/663/608 923/1394/877 956/486/910 652/485/606
f 647/484/601 959/487/913 992/1702/946 645/1325/599
f 2611/1326/2563 2609/1327/2561 2573/1328/2525 2614/1329/2566
f 883/1267/837 882/1539/836 884/1538/838
f 2044/40/1996 2043/1703/1995 2046/1704/1998 2050/1422/2002
f 887/1705/841 883/1267/837 884/1538/838
f 884/1538/838 886/1541/840 887/1705/841
f 883/1267/837 887/1705/841 889/1706/843
f 883/1267/837 889/1706/843 888/1223/842
f 814/1646/768 811/1453/765 808/1452/762 812/1707/766
f 887/1705/841 891/1708/845 889/1706/843
f 891/1708/845 887/1705/841 890/1521/844
f 3353/632/3298 3352/635/3297 3354/1709/3299 3356/1710/3301
f 1562/1109/1514 1727/1110/1679 1729/1111/1681 1730/1108/1682
f 890/1521/844 894/1711/848 891/1708/845
f 891/1708/845 894/1711/848 893/1220/847
f 874/1658/828 876/1694/830 895/1712/849
f 1100/1063/1054 1090/1713/1044 1088/1714/1042 1091/1060/1045
f 2341/1715/2293 2339/1716/2291 2335/1717/2287 2333/1718/2285
f 3886/370/3831 3883/638/3828 3881/1719/3826 3885/371/3830
f 448/643/402 446/249/400 447/248/401 1716/644/1668
f 899/1720/853 895/1712/849 897/1721/851
f 901/1722/855 900/1723/854 2972/1724/2924
f 894/1711/848 890/1521/844 902/1509/856
f 900/1723/854 901/1722/855 903/1725/857
f 904/1726/858 903/1725/857 901/1722/855
f 857/1672/811 862/913/816 864/912/818 855/1669/809
f 903/1725/857 905/1727/859 900/1723/854
f 904/1726/858 906/1728/860 903/1725/857
f 905/1727/859 903/1725/857 906/1728/860
f 904/1726/858 907/1729/861 906/1728/860
f 905/1727/859 906/1728/860 907/1729/861
f 904/1726/858 908/1730/862 907/1729/861
f 907/1729/861 909/1731/863 905/1727/859
f 908/1730/862 909/1731/863 907/1729/861
f 6018/1151/5961 5956/1732/5899 6017/1733/5960 6010/1152/5953
f 909/1731/863 908/1730/862 2973/1734/2925
f 3690/1735/3635 3687/1373/3632 3686/1736/3631 3738/1737/3683
f 912/1162/866 899/1720/853 910/1159/864
f 736/1471/690 737/1088/691 740/471/694 756/1738/710
f 914/972/868 912/1162/866 2976/1161/2928
f 914/972/868 913/1468/867 912/1162/866
f 2976/1161/2928 1017/973/971 914/972/868
f 6271/769/6214 6154/770/6097 6272/628/6215 6273/627/6216
f 894/1711/848 902/1509/856 915/1508/869
f 6295/1015/6238 6288/1479/6231 6286/279/6229 6297/1016/6240
f 1130/1739/1084 1127/1740/1081 1122/1741/1076 1126/1742/1080
f 915/1508/869 916/1221/870 894/1711/848
f 893/1220/847 894/1711/848 916/1221/870
f 1994/932/1946 1993/1098/1945 1995/1551/1947 1998/1550/1950
f 482/974/436 483/1442/437 917/975/871
f 919/1467/873 916/1221/870 915/1508/869
f 916/1221/870 919/1467/873 918/1222/872
f 915/1508/869 913/1468/867 919/1467/873
f 920/1257/874 888/1223/842 918/1222/872
f 698/726/652 709/1409/663 735/1512/689 769/1527/723
f 995/1502/949 611/1252/565 637/1313/591 639/1316/593
f 3425/44/3370 3426/33/3371 1922/31/1874 64/45/18
f 441/325/395 1749/416/1701 439/417/393 442/326/396
f 853/1030/807 852/1673/806 851/347/805 835/346/789
f 921/1469/875 917/975/871 924/193/878
f 920/1257/874 922/1470/876 925/1402/879
f 923/1394/877 920/1257/874 925/1402/879
f 955/710/909 957/1667/911 953/1666/907 947/707/901
f 922/1470/876 927/1403/881 925/1402/879
f 927/1403/881 922/1470/876 926/1546/880
f 928/194/882 924/193/878 917/975/871
f 917/975/871 483/1442/437 928/194/882
f 4614/1743/4558 4853/1744/4797 4856/1745/4800 4857/1746/4801
f 509/989/463 2963/988/2915 510/1027/464 511/1023/465
f 491/980/445 508/1017/462 512/1024/466 513/131/467
f 574/1185/528 555/1129/509 572/1747/526 575/1186/529
f 4988/1748/4932 4987/1749/4931 4989/1750/4933 4991/1751/4935
f 933/1074/887 934/1752/888 2951/1753/2903
f 928/194/882 930/1073/884 935/195/889
f 6867/1733/6810 6865/1152/6808 6796/1151/6739 6792/1732/6735
f 933/1074/887 2951/1753/2903 936/1754/890
f 2950/1755/2902 936/1754/890 2951/1753/2903
f 936/1754/890 937/1075/891 933/1074/887
f 2950/1755/2902 938/1756/892 936/1754/890
f 938/1756/892 937/1075/891 936/1754/890
f 2950/1755/2902 939/1757/893 938/1756/892
f 937/1075/891 938/1756/892 939/1757/893
f 2950/1755/2902 940/1758/894 939/1757/893
f 941/1579/895 937/1075/891 939/1757/893
f 941/1579/895 939/1757/893 940/1758/894
f 911/398/865 2974/217/2926 2975/216/2927 2976/399/2928
f 941/1579/895 940/1758/894 2953/1580/2905
f 616/1264/570 614/573/568 620/572/574 622/1354/576
f 943/1427/897 935/195/889 942/1424/896
f 3483/1374/3428 3480/788/3425 3487/787/3432 3484/1371/3429
f 944/708/898 943/1427/897 2957/1426/2909
f 2957/1426/2909 480/1759/434 944/708/898
f 944/708/898 945/1760/899 943/1427/897
f 6873/1572/6816 6865/1152/6808 6867/1733/6810 6871/1569/6814
f 482/974/436 1017/973/971 6954/1761/6896 481/1762/435
f 1043/1763/997 1045/1764/999 946/709/900
f 945/1760/899 944/708/898 947/707/901
f 2745/114/2697 2747/115/2699 2755/116/2707 2758/117/2710
f 1003/1765/957 1004/1766/958 1006/1168/960 1007/589/961
f 890/1521/844 887/1705/841 886/1541/840 892/1522/846
f 946/709/900 1045/1764/999 949/1767/903
f 951/1768/905 926/1546/880 950/1769/904
f 951/1768/905 950/1769/904 948/1770/902
f 926/1546/880 951/1768/905 927/1403/881
f 951/1768/905 929/1399/883 927/1403/881
f 951/1768/905 948/1770/902 952/1400/906
f 929/1399/883 951/1768/905 952/1400/906
f 953/1666/907 952/1400/906 948/1770/902
f 595/1224/549 591/1217/545 593/1218/547 601/1238/555
f 952/1400/906 953/1666/907 954/1401/908
f 949/1767/903 955/710/909 946/709/900
f 956/486/910 923/1394/877 954/1401/908
f 953/1666/907 956/486/910 954/1401/908
f 771/1262/725 702/1535/656 700/1396/654 695/1263/649
f 1485/173/1437 1482/613/1434 1483/612/1435 1486/1771/1438
f 3991/1239/3936 3990/1240/3935 304/1241/258 3992/1242/3937
f 694/728/648 693/1392/647 590/1212/544 697/725/651
f 724/1441/678 3014/1772/2966 725/1449/679 726/1444/680
f 647/484/601 641/1324/595 640/1349/594 644/1386/598
f 960/1083/914 3026/1086/2978 3024/1773/2976
f 961/1488/915 949/1767/903 958/1084/912
f 2970/216/2922 2968/217/2920 526/218/480 1016/219/970
f 1459/433/1411 1454/609/1406 1451/377/1403 1450/380/1402
f 960/1083/914 3024/1773/2976 962/1774/916
f 963/1775/917 962/1774/916 3024/1773/2976
f 962/1774/916 964/1487/918 960/1083/914
f 965/1776/919 962/1774/916 963/1775/917
f 964/1487/918 962/1774/916 965/1776/919
f 963/1775/917 966/1777/920 965/1776/919
f 964/1487/918 965/1776/919 966/1777/920
f 963/1775/917 967/1778/921 966/1777/920
f 968/1272/922 966/1777/920 967/1778/921
f 966/1777/920 968/1272/922 964/1487/918
f 968/1272/922 967/1778/921 969/1273/923
f 6586/1779/6529 6595/1780/6538 6658/1781/6601 6659/1782/6602
f 716/1430/670 714/1019/668 3013/1022/2965 717/1431/671
f 5025/1783/4969 4981/1620/4925 4965/1784/4909 5033/1785/4977
f 971/1786/925 961/1488/915 970/1271/924
f 1520/1787/1472 1491/174/1443 1485/173/1437 1486/1771/1438
f 973/1788/927 971/1786/925 3030/1789/2982
f 973/1788/927 972/1175/926 971/1786/925
f 3030/1789/2982 1040/1790/994 973/1788/927
f 6580/1791/6523 6556/1792/6499 6552/1793/6495 6553/1794/6496
f 1041/1795/995 975/1796/929 1040/1790/994
f 969/1106/923 3025/1107/2977 3027/217/2979 3029/398/2981
f 1059/1797/1013 1057/1798/1011 1056/1799/1010 1058/1800/1012
f 955/710/909 977/1183/931 957/1667/911
f 6494/1801/6437 6484/762/6427 6486/1598/6429 6501/698/6444
f 1039/1802/993 979/1473/933 978/1803/932
f 5387/1804/5330 5385/1805/5328 5388/1806/5331 5391/1791/5334
f 2248/451/2200 181/450/135 182/309/136 2245/308/2197
f 4380/1807/4324 4385/1638/4329 4389/1637/4333 4382/1808/4326
f 6878/1809/6821 6804/1810/6747 6806/565/6749 6879/564/6822
f 985/1811/939 977/1183/931 984/1177/938
f 985/1811/939 984/1177/938 983/1176/937
f 986/1812/940 957/1667/911 977/1183/931
f 977/1183/931 985/1811/939 986/1812/940
f 957/1667/911 986/1812/940 987/1668/941
f 959/487/913 956/486/910 987/1668/941
f 4533/1813/4477 4530/1814/4474 4531/1815/4475 4540/1816/4484
f 985/1811/939 988/1683/942 986/1812/940
f 985/1811/939 983/1176/937 989/1684/943
f 985/1811/939 989/1684/943 988/1683/942
f 990/1817/944 989/1684/943 983/1176/937
f 769/1527/723 768/1526/722 770/1528/724 771/1262/725
f 989/1684/943 990/1817/944 991/1685/945
f 992/1702/946 959/487/913 991/1685/945
f 990/1817/944 992/1702/946 991/1685/945
f 639/1316/593 645/1325/599 992/1702/946 995/1502/949
f 981/1818/935 993/1819/947 990/1817/944
f 992/1702/946 990/1817/944 993/1819/947
f 551/254/505 552/1205/506 587/1204/541 589/255/543
f 611/1252/565 608/1249/562 613/1259/567 637/1313/591
f 994/1123/948 992/1702/946 993/1819/947
f 992/1702/946 994/1123/948 996/1503/950
f 992/1702/946 996/1503/950 995/1502/949
f 611/1252/565 995/1502/949 997/1654/951
f 868/1681/822 869/1682/823 871/1656/825 885/1659/839
f 608/1249/562 609/1251/563 607/1248/561 606/1247/560
f 994/1123/948 999/1504/953 996/1503/950
f 1000/1655/954 612/1820/566 997/1654/951
f 999/1504/953 994/1123/948 1001/1122/955
f 1445/562/1397 1468/561/1420 1470/1821/1422 1448/1822/1400
f 999/1504/953 1002/1823/956 998/1501/952
f 998/1501/952 1002/1823/956 1000/1655/954
f 1001/1122/955 1002/1823/956 999/1504/953
f 612/1820/566 1000/1655/954 1003/1765/957
f 1003/1765/957 1000/1655/954 1002/1823/956
f 1002/1823/956 1001/1122/955 1004/1766/958
f 1002/1823/956 1004/1766/958 1003/1765/957
f 982/1124/936 978/1803/932 1005/1125/959
f 4643/919/4587 4639/918/4583 4644/1824/4588 4648/1825/4592
f 1090/1713/1044 1085/1826/1039 1079/1827/1033 1088/1714/1042
f 1003/1765/957 1007/589/961 612/1820/566
f 489/587/443 1007/589/961 492/981/446
f 1008/1169/962 1005/1125/959 978/1803/932
f 978/1803/932 979/1473/933 1008/1169/962
f 2251/1828/2203 2246/1829/2198 2249/1830/2201 190/1831/144
f 2893/358/2845 2890/524/2842 2850/525/2802 329/359/283
f 492/981/446 1009/1167/963 494/1832/448
f 6719/1015/6662 6671/1016/6614 6667/1013/6610 6781/1014/6724
f 566/1164/520 3007/1833/2959 567/1165/521 568/1163/522
f 1009/1167/963 1008/1169/962 1010/1472/964
f 723/1438/677 3011/1439/2963 3014/1772/2966 724/1441/678
f 533/1077/487 536/1081/490 538/1091/492 532/527/486
f 501/1002/455 498/997/452 1012/1834/966
f 1012/1834/966 503/1005/457 501/1002/455
f 3018/1835/2970 1013/1836/967 1011/1837/965
f 1012/1834/966 1014/1838/968 503/1005/457
f 1014/1838/968 1012/1834/966 1013/1836/967
f 1013/1836/967 3018/1835/2970 1014/1838/968
f 3016/1003/2968 503/1005/457 1014/1838/968
f 3016/1003/2968 1014/1838/968 3018/1835/2970
f 4753/1839/4697 4751/1840/4695 4754/704/4698 4755/703/4699
f 2734/1602/2686 2799/1841/2751 2801/1842/2753 2736/1843/2688
f 486/962/440 1015/966/969 488/967/442
f 340/1350/294 342/1351/296 2869/1352/2821 2871/1189/2823
f 5060/1844/5004 5055/1845/4999 5056/1785/5000 5059/1846/5003
f 2970/966/2922 542/965/496 539/1847/493
f 2198/1660/2150 2195/1848/2147 3602/1849/3547 2199/1661/2151
f 2256/1602/2208 2302/1841/2254 2304/1842/2256 2259/1843/2211
f 1017/965/971 2976/1847/2928 2975/966/2927
f 6959/963/6901 547/964/501 542/965/496 519/962/473
f 1044/966/998 1043/962/997 1040/965/994 3030/1847/2982
f 1019/966/973 734/967/688 732/962/686
f 3512/281/3457 3509/1499/3454 3513/1850/3458 3518/673/3463
f 1037/966/991 1036/962/990 1034/965/988 725/1847/679
f 1020/965/974 2989/1847/2941 2987/966/2939
f 5840/1851/5783 5838/1572/5781 5837/1571/5780 5785/1852/5728
f 2723/1853/2675 2719/1854/2671 2721/1829/2673 2725/1855/2677
f 2995/966/2947 1025/967/979 832/962/786
f 3857/1856/3802 3862/1170/3807 3865/1857/3810 3859/555/3804
f 1843/1858/1795 1838/1207/1790 1840/1859/1792 1842/1860/1794
f 1027/962/981 1028/966/982 1030/967/984
f 1042/963/996 1041/964/995 1040/965/994 1043/962/997
f 2022/681/1974 2124/1861/2076 2126/1862/2078 2024/1863/1976
f 570/965/524 567/1847/521 1032/966/986
f 2928/1864/2880 2924/1865/2876 2783/1866/2735 2931/1867/2883
f 4273/1868/4217 4271/1869/4215 3031/1870/2983 4274/1871/4218
f 1036/962/990 1037/966/991 3015/967/2967
f 2675/755/2627 2673/756/2625 2674/201/2626 2677/200/2629
f 4930/1872/4874 4923/1873/4867 4924/1874/4868 4929/1875/4873
f 1038/965/992 490/1847/444 3023/966/2975
f 4069/1876/4014 4070/1290/4015 4067/434/4012 4066/437/4011
f 1018/962/972 1017/965/971 2975/966/2927 876/967/830
f 1044/966/998 1045/967/999 1043/962/997
f 2671/1422/2623 2664/711/2616 2666/139/2618 2670/1423/2622
f 5404/1877/5347 5458/736/5401 5403/735/5346 5405/1878/5348
f 2671/1422/2623 2670/1423/2622 2691/41/2643 2693/40/2645
f 1082/1879/1036 1073/1688/1027 1081/1880/1035 1083/1881/1037
f 932/192/886 945/1760/899 948/1770/902 950/1769/904
f 3232/1882/3180 3236/1883/3184 3241/1884/3189 3242/1885/3190
f 255/1886/209 2658/1887/2610 2657/1888/2609 2660/1889/2612
f 3123/1890/3075 3124/1891/3076 3129/1892/3081 3138/1893/3090
f 7125/1894/7067 1108/1895/1062 1115/1896/1069 1114/1897/1068
f 5577/404/5520 5578/1520/5521 5564/1519/5507 5536/405/5479
f 4312/1898/4256 4311/1899/4255 4250/1900/4194 4252/1901/4196
f 1084/1902/1038 1080/1903/1034 1085/1826/1039 1092/1904/1046
f 5384/1905/5327 5382/943/5325 5504/942/5447 5503/1906/5446
f 5578/1907/5521 5577/1908/5520 5576/1909/5519 5580/1910/5523
f 872/1687/826 853/1030/807 870/1228/824 873/1227/827
f 705/1405/659 708/1413/662 711/1911/665 712/1421/666
f 1091/1060/1045 1089/1912/1043 358/1913/312 1093/1061/1047
f 1109/1914/1063 1090/1713/1044 1100/1063/1054 1104/1915/1058
f 7129/1916/7071 1054/1917/1008 1052/1918/1006 1055/1919/1009
f 2454/1920/2406 2452/1921/2404 2450/1922/2402 2455/1923/2407
f 1856/507/1808 1852/1126/1804 1853/1127/1805 1948/1128/1900
f 789/597/743 788/1562/742 778/1549/732 790/598/744
f 3625/461/3570 3622/460/3567 3623/940/3568 3651/941/3596
f 1092/1904/1046 1085/1826/1039 1090/1713/1044 1109/1914/1063
f 1083/1881/1037 1081/1880/1035 1080/1903/1034 1084/1902/1038
f 152/155/106 150/152/104 2223/153/2175 153/154/107
f 1063/1924/1017 1061/1925/1015 1067/1926/1021 1145/1927/1099
f 1069/1928/1023 1076/1929/1030 1078/1930/1032 7084/1931/7026
f 3656/1932/3601 3649/700/3594 3652/699/3597 3658/1933/3603
f 5690/1805/5633 5689/1804/5632 5691/1905/5634 5692/1906/5635
f 1073/1688/1027 1072/1691/1026 1074/1934/1028 1081/1880/1035
f 2795/1935/2747 2793/1207/2745 2798/1206/2750 2797/1936/2749
f 2885/1937/2837 2878/1938/2830 2881/667/2833 2884/668/2836
f 1100/1063/1054 1098/1062/1052 1101/1939/1055 1104/1915/1058
f 1095/1940/1049 1093/1061/1047 358/1913/312 1096/1941/1050
f 1053/1942/1007 1051/1943/1005 1056/1799/1010 1057/1798/1011
f 2820/507/2772 2791/1126/2743 2792/1127/2744 2896/1128/2848
f 4769/1944/4713 4758/706/4702 4760/1945/4704 4761/1946/4705
f 1076/1929/1030 1070/1689/1024 1073/1688/1027 1082/1879/1036
f 3142/1947/3094 3139/1948/3091 3140/1949/3092 3145/1950/3097
f 1110/1951/1064 1104/1915/1058 1101/1939/1055 1105/1952/1059
f 4518/1953/4462 4507/427/4451 4509/1954/4453 4510/1955/4454
f 1084/1902/1038 1092/1904/1046 1094/1956/1048 7096/1957/7038
f 1058/1800/1012 1056/1799/1010 345/1958/299 347/1959/301
f 5753/627/5696 5750/769/5693 5692/770/5635 5751/628/5694
f 787/1561/741 788/1562/742 789/597/743 791/1451/745
f 1080/1903/1034 1077/1960/1031 1079/1827/1033 1085/1826/1039
f 1079/1827/1033 1077/1960/1031 1075/1961/1029 355/1962/309
f 3250/1963/3198 3235/1964/3183 3247/1965/3195 3249/1966/3197
f 1055/1919/1009 1061/1925/1015 1063/1924/1017 7129/1916/7071
f 5474/769/5417 5502/761/5445 5385/760/5328 5503/770/5446
f 5771/405/5714 5768/374/5711 5765/373/5708 5772/404/5715
f 5522/724/5465 5521/723/5464 5524/905/5467 5599/906/5542
f 756/1738/710 753/1967/707 765/1525/719 766/1524/720
f 6608/1968/6551 6547/1969/6490 6548/1970/6491 6609/1971/6552
f 1131/1972/1085 1129/1973/1083 1127/1740/1081 1130/1739/1084
f 1067/1926/1021 1059/1797/1013 1066/1974/1020 1068/1975/1022
f 1103/1976/1057 1048/1977/1002 1050/1978/1004 1052/1918/1006
f 1102/1979/1056 1099/1980/1053 1048/1981/1002 1103/1982/1057
f 3244/1983/3192 3103/1984/3055 3102/1985/3054 3106/1986/3058
f 1103/1976/1057 1052/1918/1006 1054/1917/1008 1107/1987/1061
f 3102/1985/3054 3099/1988/3051 3101/1989/3053 3105/1990/3057
f 1151/1991/1105 1115/1992/1069 1108/1993/1062 7130/1994/7072
f 3299/156/3244 3298/157/3243 3295/158/3240 3296/159/3241
f 1761/155/1713 1648/154/1600 454/496/408 455/497/409
f 4848/1995/4792 4844/1996/4788 4847/1997/4791 4851/1998/4795
f 1160/1036/1114 1156/1999/1110 1155/2000/1109 1161/2001/1115
f 1112/2002/1066 7105/2003/7047 1122/1741/1076 1094/1956/1048
f 6727/278/6670 6717/279/6660 6726/276/6669 6789/277/6732
f 7125/1894/7067 1106/2004/1060 1107/2005/1061 1108/1895/1062
f 3222/2006/3170 3214/777/3163 3216/780/3165 3226/2007/3174
f 425/2008/379 424/2009/378 3260/2010/3205 3262/1932/3207
f 1165/2011/1119 1142/969/1096 1136/2012/1090 1141/2013/1095
f 3213/779/3162 3211/778/3160 3201/2014/3151 3164/2015/3116
f 1147/2016/1101 7128/2017/7070 1146/2018/1100 1149/2019/1103
f 1145/1927/1099 7128/2017/7070 1147/2016/1101 1063/1924/1017
f 490/978/444 492/981/446 494/1832/448 495/2020/449
f 1264/2021/1217 1262/2022/1215 1138/2023/1092 1128/2024/1082
f 3145/1950/3097 3140/1949/3092 3144/2025/3096 3221/2026/3169
f 1150/2027/1104 1146/2018/1100 1144/970/1098 1163/2028/1117
f 4325/2029/4269 6947/2030/6890 4326/2031/4270 4327/2032/4271
f 1142/969/1096 1135/968/1089 1133/2033/1087 1136/2012/1090
f 493/1018/447 491/980/445 488/977/442 2962/1323/2914
f 1116/2034/1070 1115/1992/1069 1151/1991/1105 1153/2035/1107
f 3046/2036/2998 3045/2037/2997 3051/2038/3003 3049/2039/3001
f 1087/2040/1041 7087/2041/7029 1133/2033/1087 1078/1930/1032
f 1071/2042/1025 1143/971/1097 7128/2017/7070 1145/1927/1099
f 1149/2019/1103 1146/2018/1100 1150/2027/1104 1155/2000/1109
f 6558/2043/6501 6555/2044/6498 6557/2045/6500 6560/2046/6503
f 1117/2047/1071 1113/2048/1067 1111/2049/1065 1119/2050/1073
f 1123/2051/1077 1119/2050/1073 1114/1897/1068 1118/2052/1072
f 1162/2053/1116 1150/2027/1104 1163/2028/1117 1166/2054/1120
f 1168/2055/1122 1165/2011/1119 1141/2013/1095 1167/2056/1121
f 1161/2001/1115 1155/2000/1109 1150/2027/1104 1162/2053/1116
f 1153/2035/1107 1151/1991/1105 1152/2057/1106 1156/1999/1110
f 832/1631/786 1026/1624/980 833/2058/787 1023/2059/977
f 1112/2002/1066 1110/1951/1064 1113/2048/1067 7105/2003/7047
f 7084/1931/7026 1071/2042/1025 1068/1975/1022 1069/1928/1023
f 958/1084/912 949/1767/903 1045/1764/999 3028/1085/2980
f 7096/1957/7038 1086/2060/1040 1083/1881/1037 1084/1902/1038
f 1135/968/1089 7084/1931/7026 1078/1930/1032 1133/2033/1087
f 3082/2061/3034 3079/2062/3031 3084/2063/3036 3086/2064/3038
f 5476/2044/5419 5416/2045/5359 5420/2046/5363 5421/2043/5364
f 6894/2065/6837 6822/2066/6765 6823/581/6766 6897/580/6840
f 3841/634/3786 3839/2067/3784 3870/2068/3815 3843/635/3788
f 1156/1999/1110 1152/2057/1106 1149/2019/1103 1155/2000/1109
f 3243/898/3191 3242/1885/3190 3103/2069/3055 3244/895/3192
f 1118/2052/1072 1116/2070/1070 1154/2071/1108 1121/2072/1075
f 3440/2073/3385 3439/2074/3384 3436/2075/3381 3437/2076/3382
f 1269/2077/1222 1124/2078/1078 1123/2051/1077 1271/2079/1224
f 1227/2080/1180 1229/2081/1182 1234/2082/1187 1232/2083/1185
f 1177/935/1131 1174/934/1128 1176/2084/1130 1231/2085/1184
f 1140/2086/1094 1137/2087/1091 1138/2023/1092 1262/2022/1215
f 3077/1180/3029 3073/1179/3025 3070/1627/3022 3074/1630/3026
f 1167/2056/1121 1141/2013/1095 1134/2088/1088 1139/2089/1093
f 1137/2087/1091 1131/1972/1085 1130/1739/1084 1138/2023/1092
f 1256/2090/1209 1261/2091/1214 1266/2092/1219 1268/2093/1221
f 1260/2094/1213 1259/2095/1212 1139/2089/1093 1140/2086/1094
f 3112/2096/3064 3110/2097/3062 3111/2098/3063 3163/2099/3115
f 1139/2089/1093 1134/2088/1088 1137/2087/1091 1140/2086/1094
f 1164/2100/1118 1161/2001/1115 1162/2053/1116 1171/2101/1125
f 1160/1036/1114 1161/2001/1115 1164/2100/1118 1178/1037/1132
f 1603/2102/1555 1599/2103/1551 1597/1347/1549 1605/2104/1557
f 2662/739/2614 2656/2105/2608 2672/1704/2624 2718/2106/2670
f 1169/2107/1123 1172/2108/1126 1174/934/1128 1173/933/1127
f 1164/2100/1118 1171/2101/1125 1175/2109/1129 1179/2110/1133
f 1176/2084/1130 1174/934/1128 1172/2108/1126 1170/2111/1124
f 1178/1037/1132 1164/2100/1118 1179/2110/1133 1180/2112/1134
f 1184/2113/1138 1180/2112/1134 1179/2110/1133 1191/2114/1145
f 1817/1517/1769 1805/1516/1757 1809/1038/1761 1819/2115/1771
f 1158/1034/1112 1178/1037/1132 1180/2112/1134 1181/2116/1135
f 1159/2117/1113 1158/1034/1112 1181/2116/1135 1182/2118/1136
f 1183/2119/1137 1185/2120/1139 1186/2121/1140 1187/2122/1141
f 1295/2123/1248 1293/2124/1246 1292/2125/1245 1296/2126/1249
f 1722/739/1674 1714/2105/1666 1565/1704/1517 1726/2106/1678
f 3672/339/3617 145/324/99 2225/328/2177 2224/340/2176
f 1186/2121/1140 1185/2120/1139 1184/2113/1138 1188/2127/1142
f 4068/74/4013 4098/77/4042 4102/781/4046 4064/782/4009
f 1194/2128/1148 1193/2129/1147 1192/2130/1146 1205/2131/1159
f 1192/2130/1146 1202/2132/1156 1204/2133/1158 1205/2131/1159
f 3389/2134/3334 3386/556/3331 3383/864/3328 3397/866/3342
f 2345/538/2297 2344/2135/2296 2343/506/2295 2347/505/2299
f 4102/781/4046 4098/77/4042 4095/282/4039 4111/817/4055
f 2299/1605/2251 2297/2136/2249 2301/1935/2253 2303/1936/2255
f 3384/865/3329 3381/901/3326 3385/637/3330 3394/636/3339
f 1196/2137/1150 1191/2114/1145 1179/2110/1133 1175/2109/1129
f 1218/2138/1172 1200/2139/1154 1221/2140/1175 1222/2141/1176
f 1385/2142/1337 1428/2143/1380 1430/2144/1382 1378/2145/1330
f 1200/2139/1154 1198/936/1152 1177/935/1131 1221/2140/1175
f 1201/2146/1155 1197/2147/1151 1203/2148/1157 1202/2132/1156
f 3384/865/3329 3394/636/3339 3397/866/3342 3383/864/3328
f 3381/901/3326 3343/2149/3288 3382/2150/3327 3385/637/3330
f 1219/2151/1173 1220/2152/1174 1223/2153/1177 1224/2154/1178
f 1188/2127/1142 1195/2155/1149 1197/2147/1151 1201/2146/1155
f 1207/2156/1161 1206/2157/1160 1205/2131/1159 1204/2133/1158
f 1207/2156/1161 1204/2133/1158 1208/2158/1162 1209/2159/1163
f 1210/2160/1164 1209/2159/1163 1208/2158/1162 1211/2161/1165
f 3347/2162/3292 3344/946/3289 3346/2163/3291 3351/553/3296
f 1197/2147/1151 1195/2155/1149 1199/2164/1153 1213/2165/1167
f 1189/2166/1143 1201/2146/1155 1202/2132/1156 1192/2130/1146
f 1211/2161/1165 1208/2158/1162 1203/2148/1157 1212/2167/1166
f 1212/2167/1166 1203/2148/1157 1197/2147/1151 1213/2165/1167
f 1217/2168/1171 1216/2169/1170 1215/2170/1169 1219/2151/1173
f 3342/2171/3287 3336/945/3281 3382/2172/3327 3343/2173/3288
f 1228/2174/1181 1230/2175/1183 1235/2176/1188 1237/2177/1190
f 4460/2178/4404 4458/2179/4402 4457/2180/4401 4461/2181/4405
f 1217/2168/1171 1219/2151/1173 1224/2154/1178 1225/2182/1179
f 1219/2151/1173 1215/2170/1169 1214/2183/1168 1220/2152/1174
f 1227/2080/1180 1222/2141/1176 1221/2140/1175 1229/2081/1182
f 4096/676/4040 4108/180/4052 4111/817/4055 4095/282/4039
f 1226/2184/2 1225/2182/1179 1224/2154/1178 1228/2174/1181
f 1229/2081/1182 1221/2140/1175 1177/935/1131 1231/2085/1184
f 1247/2185/1200 1242/2186/1195 1245/2187/1198 1255/2188/1208
f 4640/2189/4584 4641/2190/4585 4642/2191/4586 4645/2192/4589
f 1230/2175/1183 1223/2153/1177 1227/2080/1180 1232/2083/1185
f 1229/2081/1182 1231/2085/1184 1233/2193/1186 1234/2082/1187
f 1265/2194/1218 1263/2195/1216 1262/2022/1215 1264/2021/1217
f 1226/2184/2 1228/2174/1181 1237/2177/1190 1238/2196/1191
f 1228/2174/1181 1224/2154/1178 1223/2153/1177 1230/2175/1183
f 1223/2153/1177 1220/2152/1174 1222/2141/1176 1227/2080/1180
f 1236/2197/1189 1232/2083/1185 1234/2082/1187 1252/2198/1205
f 1211/2161/1165 1212/2167/1166 1214/2183/1168 1215/2170/1169
f 1239/2199/1192 1238/2196/1191 1237/2177/1190 1240/2200/1193
f 1241/2201/1194 1235/2176/1188 1236/2197/1189 1246/2202/1199
f 1248/2203/1201 1246/2202/1199 1236/2197/1189 1252/2198/1205
f 1239/2199/1192 1240/2200/1193 1242/2186/1195 1243/2204/1196
f 1244/2205/1197 1243/2204/1196 1242/2186/1195 1247/2185/1200
f 1245/2187/1198 1241/2201/1194 1246/2202/1199 1253/2206/1206
f 1294/2207/1247 1293/2124/1246 1295/2123/1248 1249/2208/1202
f 1244/2205/1197 1247/2185/1200 1249/2208/1202 1250/2209/1203
f 1253/2206/1206 1270/2210/1223 1277/2211/1230 1278/2212/1231
f 2046/1704/1998 2043/1703/1995 2045/2213/1997 2070/2106/2022
f 1251/2214/1204 1250/2209/1203 1249/2208/1202 1295/2123/1248
f 1252/2198/1205 1234/2082/1187 1233/2193/1186 1254/2215/1207
f 1255/2188/1208 1245/2187/1198 1253/2206/1206 1278/2212/1231
f 1280/2216/1233 1279/2217/1232 1289/2218/1242 1291/2219/1244
f 1252/2198/1205 1254/2215/1207 1256/2090/1209 1248/2203/1201
f 1258/2220/1211 1176/2084/1130 1170/2111/1124 1259/2095/1212
f 1196/2137/1150 1175/2109/1129 1173/933/1127 1198/936/1152
f 4630/302/4574 4627/2221/4571 4625/2222/4569 4631/303/4575
f 1257/2223/1210 1258/2220/1211 1259/2095/1212 1260/2094/1213
f 1261/2091/1214 1257/2223/1210 1260/2094/1213 1263/2195/1216
f 4033/2224/3978 3983/2225/3928 4032/2226/3977 4036/2227/3981
f 1266/2092/1219 1261/2091/1214 1263/2195/1216 1265/2194/1218
f 2068/739/2020 2066/2105/2018 2046/1704/1998 2070/2106/2022
f 1267/2228/1220 1264/2021/1217 1128/2024/1082 1125/2229/1079
f 1272/2230/1225 1269/2077/1222 1271/2079/1224 1284/2231/1237
f 3836/2171/3781 3830/945/3775 3829/2172/3774 3837/2173/3782
f 1282/2232/1235 1281/2233/1234 1276/2234/1229 1283/2235/1236
f 1267/2228/1220 1125/2229/1079 1124/2078/1078 1269/2077/1222
f 1189/2166/1143 1186/2121/1140 1188/2127/1142 1201/2146/1155
f 3189/2236/3140 3156/2237/3108 3158/2238/3110 3160/2239/3112
f 1123/2051/1077 1118/2052/1072 1121/2072/1075 1271/2079/1224
f 1265/2194/1218 1273/2240/1226 1274/2241/1227 1266/2092/1219
f 1265/2194/1218 1264/2021/1217 1267/2228/1220 1273/2240/1226
f 1286/2242/1239 1284/2231/1237 1271/2079/1224 1121/2072/1075
f 1274/2241/1227 1273/2240/1226 1272/2230/1225 1276/2234/1229
f 1270/2210/1223 1268/2093/1221 1275/2243/1228 1277/2211/1230
f 1275/2243/1228 1274/2241/1227 1276/2234/1229 1281/2233/1234
f 1279/2217/1232 1277/2211/1230 1275/2243/1228 1281/2233/1234
f 1168/2055/1122 1167/2056/1121 1170/2111/1124 1172/2108/1126
f 1247/2185/1200 1255/2188/1208 1294/2207/1247 1249/2208/1202
f 1294/2207/1247 1255/2188/1208 1278/2212/1231 1280/2216/1233
f 2757/1517/2709 2754/1516/2706 2756/1038/2708 2935/2115/2887
f 1279/2217/1232 1281/2233/1234 1282/2232/1235 1289/2218/1242
f 1282/2232/1235 1283/2235/1236 1285/2244/1238 1287/2245/1240
f 1283/2235/1236 1276/2234/1229 1272/2230/1225 1284/2231/1237
f 1285/2244/1238 1283/2235/1236 1284/2231/1237 1286/2242/1239
f 1285/2244/1238 1286/2242/1239 1159/2246/1113 1182/2247/1136
f 1862/2248/1814 1833/2249/1785 1860/1209/1812 1863/2250/1815
f 1204/2133/1158 1202/2132/1156 1203/2148/1157 1208/2158/1162
f 1218/2138/1172 1213/2165/1167 1199/2164/1153 1200/2139/1154
f 1288/2251/1241 1287/2245/1240 1183/2252/1137 1187/2253/1141
f 1418/2254/1370 1416/2255/1368 1419/640/1371 1422/639/1374
f 1289/2218/1242 1282/2232/1235 1287/2245/1240 1288/2251/1241
f 1290/2256/1243 1190/2257/1144 1193/2258/1147 1292/2125/1245
f 4296/2259/4240 4297/2260/4241 4294/2261/4238 4293/2262/4237
f 1292/2125/1245 1193/2258/1147 1194/2263/1148 1296/2126/1249
f 1240/2200/1193 1241/2201/1194 1245/2187/1198 1242/2186/1195
f 1291/2219/1244 1290/2256/1243 1292/2125/1245 1293/2124/1246
f 1280/2216/1233 1291/2219/1244 1293/2124/1246 1294/2207/1247
f 6958/1033/6900 6959/2264/6901 519/1042/473 517/1031/471
f 1251/2214/1204 1295/2123/1248 1296/2126/1249 1298/2265/1250
f 1280/2216/1233 1278/2212/1231 1277/2211/1230 1279/2217/1232
f 1253/2206/1206 1246/2202/1199 1248/2203/1201 1270/2210/1223
f 1289/2218/1242 1288/2251/1241 1290/2256/1243 1291/2219/1244
f 1298/2265/1250 1296/2126/1249 1194/2263/1148 1297/2266/1
f 1305/2267/1257 1302/2268/1254 1306/2269/1258 1309/2270/1261
f 6923/2271/6866 6943/2272/6886 1299/746/1251
f 1300/745/1252 6923/2271/6866 1299/746/1251
f 6922/2273/6865 6923/2271/6866 1300/745/1252
f 1327/511/1279 1321/510/1273 1317/2274/1269 1323/2275/1275
f 6919/2276/6862 6922/2273/6865 1300/745/1252
f 1302/2277/1254 1326/2278/1278 1328/508/1280 1330/2279/1282
f 1303/2280/1255 6919/2276/6862 1300/745/1252
f 1304/2281/1256 6919/2276/6862 1303/2280/1255
f 6918/2282/6861 1304/2281/1256 1303/2280/1255
f 1308/2283/1260 1305/2267/1257 1309/2270/1261 1320/2284/1272
f 5221/749/5165 5222/621/5166 2467/620/2419 2466/750/2418
f 1328/508/1280 1327/511/1279 1331/2285/1283 1330/2279/1282
f 1316/2286/1268 1308/2283/1260 1320/2284/1272 1339/2287/1291
f 3365/1856/3310 3362/2288/3307 3366/1171/3311 3370/1170/3315
f 1311/1136/1263 6918/2282/6861 1303/2280/1255
f 2085/1196/2037 2086/1110/2038 112/1886/66 2087/1889/2039
f 1312/2289/1264 6918/2282/6861 1311/1136/1263
f 1313/2290/1265 1312/2289/1264 1311/1136/1263
f 1329/2291/1281 1323/2275/1275 1319/1138/1271 1334/2292/1286
f 1315/1135/1267 1313/2290/1265 1311/1136/1263
f 974/1174/928 961/1488/915 971/1786/925 972/1175/926
f 6926/2293/6869 1313/2290/1265 1315/1135/1267
f 6926/2293/6869 1315/1135/1267 6927/2294/6870
f 1315/1135/1267 1317/2274/1269 6927/2294/6870
f 6927/2294/6870 1317/2274/1269 1318/2295/1270
f 1327/511/1279 1323/2275/1275 1329/2291/1281 1331/2285/1283
f 555/1129/509 553/1121/507 558/1139/512 572/1747/526
f 1318/2295/1270 1317/2274/1269 6931/2296/6874
f 1332/2297/1284 1306/2298/1258 1302/2277/1254 1330/2279/1282
f 1317/2274/1269 1321/510/1273 6931/2296/6874
f 6931/2296/6874 1321/510/1273 1322/2299/1274
f 1322/2299/1274 1321/510/1273 6935/2300/6878
f 1321/510/1273 1324/509/1276 6935/2300/6878
f 6935/2300/6878 1324/509/1276 6940/2301/6883
f 6940/2301/6883 1324/509/1276 1325/2302/1277
f 1325/2302/1277 1299/2303/1251 6943/2304/6886
f 1324/509/1276 1299/2303/1251 1325/2302/1277
f 1311/1136/1263 1303/2280/1255 1307/2305/1259 1314/1137/1266
f 1317/2274/1269 1315/1135/1267 1319/1138/1271 1323/2275/1275
f 3833/622/3778 3835/623/3780 3840/624/3785 3831/625/3776
f 5806/2306/5749 5885/2307/5828 5807/2308/5750 5815/2309/5758
f 1301/748/1253 1326/747/1278 1302/2268/1254 1305/2267/1257
f 1319/1138/1271 1314/1137/1266 1316/2286/1268 1334/2292/1286
f 1333/2310/1285 1332/2297/1284 1330/2279/1282 1331/2285/1283
f 1314/1137/1266 1307/2305/1259 1308/2283/1260 1316/2286/1268
f 1335/2311/1287 1333/2310/1285 1331/2285/1283 1329/2291/1281
f 1309/2270/1261 1306/2269/1258 1310/2312/1262 1408/2313/1360
f 1340/2314/1292 1335/2311/1287 1329/2291/1281 1334/2292/1286
f 1334/2292/1286 1316/2286/1268 1339/2287/1291 1340/2314/1292
f 1336/2315/1288 1333/2310/1285 1335/2311/1287 1342/2316/1294
f 1996/1680/1948 1997/161/1949 1995/1551/1947 1992/1679/1944
f 1310/2312/1262 1405/2317/1357 1402/2318/1354 1408/2313/1360
f 1336/2315/1288 1342/2316/1294 1344/2319/1296 1345/2320/1297
f 1403/2321/1355 1395/2322/1347 1402/2318/1354 1405/2317/1357
f 3873/901/3818 3837/2149/3782 3829/2150/3774 3876/637/3821
f 1341/2323/1293 1340/2314/1292 1339/2287/1291 1346/2324/1298
f 6717/279/6660 6671/1016/6614 6719/1015/6662 6724/1479/6667
f 1408/2313/1360 1343/2325/1295 1320/2284/1272 1309/2270/1261
f 4860/2326/4804 4622/2327/4566 4857/1746/4801 4859/2328/4803
f 3863/1172/3808 3867/2329/3812 3869/902/3814 3866/1173/3811
f 4551/684/4495 4570/2330/4514 4578/2331/4522 4580/685/4524
f 1344/2319/1296 1342/2316/1294 1341/2323/1293 1347/1320/1299
f 1402/2318/1354 1369/246/1321 1343/2325/1295 1408/2313/1360
f 644/1386/598 646/665/600 649/664/603 647/484/601
f 3555/623/3500 3553/622/3498 3543/1287/3488 3554/944/3499
f 1349/2332/1301 1344/2319/1296 1347/1320/1299 1350/1319/1302
f 1345/2320/1297 1344/2319/1296 1349/2332/1301 1352/2333/1304
f 1353/2334/1305 1403/2335/1355 1351/2336/1303
f 1353/2334/1305 1404/2337/1356 1403/2335/1355
f 1353/2334/1305 1406/649/1358 1404/2337/1356
f 1352/2333/1304 1354/2338/1306 1351/2336/1303
f 1354/2338/1306 1353/2334/1305 1351/2336/1303
f 1355/593/1307 1406/649/1358 1353/2334/1305
f 1355/593/1307 1353/2334/1305 1354/2338/1306
f 1009/1167/963 492/981/446 1007/589/961 1006/1168/960
f 1356/2339/1308 1354/2338/1306 1352/2333/1304
f 1356/2339/1308 1352/2333/1304 1349/2332/1301
f 1357/594/1309 1355/593/1307 1354/2338/1306
f 1356/2339/1308 1357/594/1309 1354/2338/1306
f 899/1720/853 912/1162/866 913/1468/867 896/1510/850
f 1381/2340/1333 1377/2341/1329 1363/751/1315 1382/754/1334
f 1359/2342/1311 1356/2339/1308 1349/2332/1301
f 1350/1319/1302 1359/2342/1311 1349/2332/1301
f 1360/752/1312 1357/594/1309 1356/2339/1308
f 1360/752/1312 1356/2339/1308 1359/2342/1311
f 1359/2342/1311 1362/753/1314 1360/752/1312
f 1536/2343/1488 1533/984/1485 1534/2344/1486 1537/2345/1489
f 1766/184/1718 1638/185/1590 465/186/419 466/187/420
f 1350/1319/1302 1364/2346/1316 1359/2342/1311
f 1364/2346/1316 1362/753/1314 1359/2342/1311
f 1394/2347/1346 1387/2348/1339 1384/927/1336 1396/1095/1348
f 1373/1457/1325 1433/1447/1385 7331/2349/7113 7333/2350/7115
f 1364/2346/1316 1350/1319/1302 1367/244/1319
f 1409/2351/1361 1366/2352/1318 1368/2353/1320
f 1409/2351/1361 1368/2353/1320 1412/2354/1364
f 1368/2353/1320 1413/2355/1365 1412/2354/1364
f 1395/2322/1347 1393/247/1345 1369/246/1321 1402/2318/1354
f 1366/2352/1318 1370/2356/1322 1368/2353/1320
f 1371/1458/1323 1413/2355/1365 1368/2353/1320
f 1371/1458/1323 1368/2353/1320 1370/2356/1322
f 1366/2352/1318 1372/2357/1324 1370/2356/1322
f 1371/1458/1323 1370/2356/1322 1372/2357/1324
f 1366/2352/1318 1365/2358/1317 1372/2357/1324
f 1035/1456/989 731/2359/685 732/1465/686 730/1454/684
f 1374/1459/1326 1371/1458/1323 1372/2357/1324
f 2282/1517/2234 2278/1516/2230 2280/1038/2232 2417/2115/2369
f 1372/2357/1324 1365/2358/1317 1375/2360/1327
f 1374/1459/1326 1372/2357/1324 1375/2360/1327
f 1365/2358/1317 1376/2361/1328 1375/2360/1327
f 1376/2361/1328 1374/1459/1326 1375/2360/1327
f 1365/2358/1317 1377/2341/1329 1376/2361/1328
f 1378/2145/1330 1374/1459/1326 1376/2361/1328
f 1377/2341/1329 1379/2362/1331 1376/2361/1328
f 1378/2145/1330 1376/2361/1328 1379/2362/1331
f 1377/2341/1329 1380/2363/1332 1379/2362/1331
f 1378/2145/1330 1379/2362/1331 1380/2363/1332
f 1381/2340/1333 1382/754/1334 1384/927/1336 1387/2348/1339
f 1377/2341/1329 1381/2340/1333 1380/2363/1332
f 1380/2363/1332 1381/2340/1333 1383/2364/1335
f 2441/241/2393 2437/658/2389 228/467/182 2443/466/2395
f 1410/2365/1362 1399/947/1351 1407/950/1359 1409/2366/1361
f 1385/2142/1337 1380/2363/1332 1383/2364/1335
f 1385/2142/1337 1378/2145/1330 1380/2363/1332
f 1386/2367/1338 1383/2364/1335 1381/2340/1333
f 1385/2142/1337 1383/2364/1335 1386/2367/1338
f 1387/2348/1339 1386/2367/1338 1381/2340/1333
f 1362/753/1314 1364/2346/1316 1388/928/1340
f 1387/2348/1339 1389/2368/1341 1386/2367/1338
f 1388/928/1340 1364/2346/1316 1390/2369/1342
f 1364/2346/1316 1367/244/1319 1390/2369/1342
f 1391/2370/1343 1386/2367/1338 1389/2368/1341
f 1385/2142/1337 1386/2367/1338 1391/2370/1343
f 1387/2348/1339 1392/2371/1344 1389/2368/1341
f 1391/2370/1343 1389/2368/1341 1392/2371/1344
f 1390/2369/1342 1367/244/1319 1393/247/1345
f 1394/2347/1346 1392/2371/1344 1387/2348/1339
f 1365/2358/1317 1361/595/1313 1363/751/1315 1377/2341/1329
f 209/931/163 2414/1097/2366 2416/1098/2368 2418/932/2370
f 3877/636/3822 3886/370/3831 3888/369/3833 3890/866/3835
f 1388/928/1340 1390/2369/1342 1397/1096/1349
f 1390/2369/1342 1393/247/1345 1398/2372/1350
f 1397/1096/1349 1390/2369/1342 1398/2372/1350
f 1398/2372/1350 1393/247/1345 1395/2322/1347
f 1357/594/1309 1360/752/1312 1363/751/1315 1361/595/1313
f 1358/592/1310 1361/595/1313 1365/2358/1317 1366/2352/1318
f 1397/1096/1349 1398/2372/1350 1400/948/1352
f 1398/2372/1350 1395/2322/1347 1401/2373/1353
f 1400/948/1352 1398/2372/1350 1401/2373/1353
f 1934/2374/1886 1931/1188/1883 1933/1191/1885 1936/1938/1888
f 1401/2373/1353 1395/2322/1347 1403/2321/1355
f 682/1364/636 677/1375/631 674/1377/628 679/1331/633
f 1401/2373/1353 1403/2321/1355 1404/2375/1356
f 1406/949/1358 1401/2373/1353 1404/2375/1356
f 1400/948/1352 1401/2373/1353 1406/949/1358
f 165/125/119 2174/122/2126 2212/123/2164 166/124/120
f 3857/1856/3802 3854/2376/3799 3853/2377/3798 3855/2288/3800
f 1394/2347/1346 1396/1095/1348 1399/947/1351 1410/2365/1362
f 1409/2366/1361 1411/2378/1363 1410/2365/1362
f 1409/2366/1361 1412/2379/1364 1411/2378/1363
f 1411/2378/1363 1412/2379/1364 1413/2380/1365
f 1410/2365/1362 1414/2381/1366 1394/2347/1346
f 1410/2365/1362 1411/2378/1363 1415/2382/1367
f 1410/2365/1362 1415/2382/1367 1414/2381/1366
f 1416/2255/1368 1415/2382/1367 1411/2378/1363
f 1416/2255/1368 1411/2378/1363 1413/2380/1365
f 1416/2255/1368 1414/2381/1366 1415/2382/1367
f 1414/2381/1366 1417/2383/1369 1394/2347/1346
f 1394/2347/1346 1417/2383/1369 1392/2371/1344
f 1418/2254/1370 1417/2383/1369 1414/2381/1366
f 1392/2371/1344 1417/2383/1369 1418/2254/1370
f 1418/2254/1370 1414/2381/1366 1416/2255/1368
f 1391/2370/1343 1392/2371/1344 1418/2254/1370
f 2880/538/2832 2823/2135/2775 2821/506/2773 2882/505/2834
f 1419/640/1371 1416/2255/1368 1413/2380/1365 1420/2384/1372
f 2530/2102/2482 2522/2103/2474 2526/1347/2478 2562/2104/2514
f 3914/2385/3859 3908/2386/3853 235/2387/189 3917/2388/3862
f 7322/2389/7104 1429/960/1381 3063/2390/3015 7324/2391/7106
f 2262/678/2214 2265/1156/2217 2271/115/2223 2268/114/2220
f 2560/209/2512 2558/210/2510 2557/211/2509 2551/208/2503
f 7338/2392/7120 1437/2393/1389 1423/2394/1375 7307/2395/7089
f 7312/2396/7094 7310/2397/7092 1424/2398/1376 3047/2399/2999
f 5887/1910/5830 5886/1531/5829 5775/2400/5718 5888/1907/5831
f 172/924/126 2241/923/2193 171/956/125 170/955/124
f 1420/2401/1372 1373/1457/1325 7335/2402/7117 7337/2403/7119
f 2543/924/2495 278/923/232 277/956/231 276/955/230
f 1366/2352/1318 1409/2351/1361 1407/648/1359 1358/592/1310
f 7316/2404/7098 3050/2405/3002 1426/2406/1378 7318/2407/7100
f 7317/2408/7099 1421/1420/1373 7315/2409/7097
f 7320/2410/7102 7318/2411/7100 1426/2406/1378 1427/959/1379
f 7330/2412/7112 7328/2413/7110 1432/2414/1384 1434/2415/1386
f 7328/2416/7110 7326/2417/7108 1431/2418/1383 1432/2414/1384
f 1620/208/1572 1608/209/1560 1615/210/1567 1619/211/1571
f 1385/2142/1337 1391/2370/1343 1421/1420/1373 1428/2143/1380
f 7314/2419/7096 1425/2420/1377 3050/2405/3002 7316/2421/7098
f 1428/2143/1380 1421/1420/1373 7319/2422/7101 7321/2423/7103
f 1421/1420/1373 1391/2370/1343 1418/2254/1370 1422/639/1374
f 7324/2424/7106 3063/2390/3015 1431/2418/1383 7326/2417/7108
f 711/1911/665 715/1428/669 726/1444/680 727/1407/681
f 5445/2425/5388 5394/2426/5337 5446/2427/5389 5448/1599/5391
f 7323/2428/7105 7325/2429/7107 1430/2144/1382
f 7331/2430/7113 1433/1447/1385 7329/2431/7111
f 1428/2143/1380 7321/2432/7103 7323/2433/7105 1430/2144/1382
f 7330/2434/7112 1434/2415/1386 1435/2435/1387 7332/2436/7114
f 750/398/704 2980/217/2932 1019/216/973 751/399/705
f 7311/2437/7093 1419/640/1371 7309/2438/7091
f 7336/2439/7118 7334/2440/7116 1436/2441/1388 3083/214/3035
f 711/1911/665 708/1413/662 710/1020/664 715/1428/669
f 6152/1782/6095 6223/2442/6166 6151/2443/6094 6156/1779/6099
f 1908/2444/1860 1906/2445/1858 1904/2446/1856 1909/2447/1861
f 4068/74/4013 4063/435/4008 4067/434/4012 4074/75/4019
f 1439/2448/1391 4448/2449/4392 4434/2450/4378
f 2609/1327/2561 2607/2451/2559 2572/482/2524 2573/1328/2525
f 1549/1565/1501 1579/2452/1531 1582/1566/1534 1544/680/1496
f 4448/2449/4392 1439/2448/1391 1441/378/1393 4520/2453/4464
f 3745/180/3690 3747/183/3692 3749/645/3694 3748/817/3693
f 126/72/80 128/283/82 3664/63/3609 2101/62/2053
f 2898/2454/2850 2896/1128/2848 2792/1127/2744 2789/2455/2741
f 1450/380/1402 1446/379/1398 1449/2456/1401 1464/2457/1416
f 6782/512/6725 6783/515/6726 6721/2458/6664 6786/2459/6729
f 2903/2460/2855 2901/2461/2853 2904/2462/2856 2908/2463/2860
f 1442/2464/1394 4520/2453/4464 1441/378/1393 1451/377/1403
f 1451/377/1403 4531/2465/4475 1442/2464/1394
f 1448/1822/1400 1470/1821/1422 1472/1255/1424 1453/1254/1405
f 4262/2466/4206 4263/887/4207 4266/2467/4210 4267/671/4211
f 3557/2149/3502 3592/901/3537 3590/900/3535 3558/904/3503
f 2352/2468/2304 2439/2469/2391 2442/1643/2394 2355/335/2307
f 1458/608/1410 4865/2470/4809 4614/2471/4558
f 558/1139/512 568/1163/522 571/601/525 572/1747/526
f 1992/1679/1944 1990/1864/1942 1968/1867/1920 1996/1680/1948
f 5739/2472/5682 5741/2473/5684 5744/2474/5687 5736/2475/5679
f 5743/2476/5686 5742/2477/5685 5683/2478/5626 5684/2479/5627
f 2264/1604/2216 2297/2136/2249 2299/1605/2251 2260/1603/2212
f 4339/2480/4283 4335/2481/4279 4340/2482/4284 4341/2483/4285
f 1465/2484/1417 4687/2485/4631 1463/2486/1415
f 3495/74/3440 3489/435/3434 3494/434/3439 3498/75/3443
f 6151/2443/6094 6150/943/6093 6153/1905/6096 6156/1779/6099
f 6842/2308/6785 6907/2487/6850 6841/2488/6784 6843/2309/6786
f 3591/899/3536 3590/900/3535 3592/901/3537 3595/865/3540
f 4866/2489/4810 4848/1995/4792 4851/1998/4795 4853/1744/4797
f 2487/617/2439 2483/985/2435 2490/2490/2442 2492/682/2444
f 2440/243/2392 2436/191/2388 2441/241/2393 2446/242/2398
f 6278/2458/6221 6403/2459/6346 6404/512/6347 6405/515/6348
f 1444/2491/1396 1443/2492/1395 1440/2493/1392 1445/2494/1397
f 165/125/119 166/124/120 2216/385/2168 167/386/121
f 1487/1315/1439 1480/364/1432 1484/2495/1436 1488/172/1440
f 2168/164/2120 156/165/110 2221/166/2173 157/167/111
f 1489/2496/1441 1475/362/1427 1480/364/1432 1487/1315/1439
f 6228/736/6171 6170/733/6113 6171/734/6114 6172/735/6115
f 1873/118/1825 1864/119/1816 1871/120/1823 1883/121/1835
f 2431/2497/2383 2424/2498/2376 2427/160/2379 2430/163/2382
f 2864/24/2816 2862/30/2814 306/32/260 312/25/266
f 6303/724/6246 6301/721/6244 6302/722/6245 6304/723/6247
f 469/125/423 468/124/422 1642/385/1594 470/386/424
f 2699/2213/2651 2698/2499/2650 2704/2500/2656 2708/2501/2660
f 456/165/410 457/166/411 1646/167/1598 458/164/412
f 1483/612/1435 1481/611/1433 1447/197/1399 1452/196/1404
f 736/1471/690 735/1512/689 709/1409/663 729/1408/683
f 2191/210/2143 2187/937/2139 2188/2502/2140 3612/2503/3557
f 2828/1643/2780 2825/335/2777 2827/2468/2779 4116/2469/4060
f 2333/1718/2285 2322/1126/2274 2329/507/2281 2343/506/2295
f 705/1405/659 592/603/546 576/602/530 708/1413/662
f 690/1362/644 631/1341/585 692/1387/646 694/728/648
f 3336/945/3281 3333/1286/3278 3388/1289/3333 3382/2172/3327
f 462/177/416 461/170/415 460/171/414 463/178/417
f 1529/2504/1481 1520/1787/1472 1486/1771/1438 1456/1588/1408
f 672/1318/626 674/1377/628 677/1375/631 675/1369/629
f 3071/1629/3023 3067/1628/3019 3065/2505/3017 3069/2506/3021
f 2207/2507/2159 2206/2508/2158 2205/2509/2157 172/2510/126
f 1493/2511/1445 1490/1314/1442 1495/2512/1447 1496/2513/1448
f 1036/1182/990 570/1166/524 1031/2514/985 6961/2515/6903
f 1497/2516/1449 1526/2517/1478 1527/2518/1479
f 4753/1839/4697 4752/300/4696 4742/2519/4686 4751/1840/4695
f 4751/1840/4695 4746/2520/4690 4750/2521/4694 4754/704/4698
f 6842/2522/6785 6846/2523/6789 6892/2524/6835 6904/1462/6847
f 5854/442/5797 5852/443/5795 5792/444/5735 5855/445/5798
f 537/1106/491 2966/1107/2918 2968/217/2920 2969/398/2921
f 370/7/324 378/8/332 5259/5/5203 371/6/325
f 3247/1965/3195 3235/1964/3183 3233/897/3181 3245/896/3193
f 1515/2525/1467 1511/838/1463 1514/841/1466 1517/2526/1469
f 3859/555/3804 3865/1857/3810 3874/864/3819 3880/556/3825
f 3065/2505/3017 3062/2527/3014 3064/2528/3016 3069/2506/3021
f 6267/2529/6210 6265/2474/6208 6264/2530/6207 6268/2531/6211
f 371/6/325 5259/5/5203 5261/9/5205 372/10/326
f 2942/2498/2894 2939/1041/2891 2753/1040/2705 2941/2532/2893
f 3096/2533/3048 3094/2534/3046 3080/2535/3032 3078/2536/3030
f 2999/217/2951 2997/1107/2949 818/1507/772 3000/218/2952
f 2106/2537/2058 2105/200/2057 2110/203/2062 2111/2538/2063
f 3583/555/3528 3586/1857/3531 3594/864/3539 3597/556/3542
f 1523/2539/1475 1522/2540/1474 1525/2541/1477 1526/2542/1478
f 6414/533/6357 6411/536/6354 6410/1780/6353 6415/1779/6358
f 1503/2543/1455 1502/2544/1454 1499/2545/1451 1501/2546/1453
f 3055/2547/3007 3058/2548/3010 3061/2549/3013 3060/2550/3012
f 1300/745/1252 1301/748/1253 1307/2305/1259 1303/2280/1255
f 5499/2529/5442 5497/2474/5440 5496/2530/5439 5500/2531/5443
f 3696/436/3641 3731/2551/3676 3697/2552/3642 3703/437/3648
f 3094/2534/3046 3091/2553/3043 3085/2554/3037 3080/2535/3032
f 4667/2555/4611 4665/2556/4609 4663/2557/4607 4666/2558/4610
f 1525/2541/1477 1527/2559/1479 1526/2542/1478
f 6850/1520/6793 6849/1519/6792 6851/405/6794 6852/404/6795
f 5725/2560/5668 5731/2561/5674 5733/2562/5676 5739/2472/5682
f 2835/242/2787 2840/241/2792 2841/466/2793 2842/1922/2794
f 544/1099/498 523/1051/477 532/527/486 545/526/499
f 3527/2563/3472 3479/2564/3424 3528/2565/3473 3530/1355/3475
f 1531/983/1483 1532/2566/1484 419/2567/373
f 419/2567/373 1533/984/1485 1531/983/1483
f 1533/984/1485 419/2567/373 420/2568/374
f 1772/1853/1724 1769/1854/1721 1771/1829/1723 1774/1855/1726
f 1533/984/1485 420/2568/374 1534/2344/1486
f 514/1026/468 517/1031/471 519/1042/473 520/1044/474
f 1798/473/1750 86/474/40 87/475/41 1987/472/1939
f 1536/2343/1488 1535/985/1487 1533/984/1485
f 1537/2345/1489 1534/2344/1486 423/2569/377
f 4706/2570/4650 4705/2571/4649 4707/2572/4651 4439/2573/4383
f 4331/2574/4275 4330/2575/4274 4324/100/4268 4328/2576/4272
f 6859/512/6802 6858/515/6801 6857/2458/6800 6860/2459/6803
f 5147/2577/5091 5134/1009/5078 5145/2578/5089 5166/2579/5110
f 1540/614/1492 1538/617/1490 1542/682/1494
f 1541/2580/1493 1542/682/1494 1539/2490/1491
f 429/2581/383 431/2582/385 1537/2345/1489
f 3368/1172/3313 3366/1171/3311 3364/2583/3309 3369/2584/3314
f 1540/614/1492 1543/681/1495 1651/2585/1603
f 1542/682/1494 1541/2580/1493 1544/680/1496
f 1545/1863/1497 1651/2585/1603 1543/681/1495
f 1541/2580/1493 431/2582/385 1546/2586/1498
f 1594/2587/1546 1593/2588/1545 1595/2589/1547 1601/2590/1553
f 4973/2591/4917 4967/2592/4911 4966/2593/4910 4975/2594/4919
f 1547/1305/1499 431/2582/385 1548/1306/1500
f 694/728/648 691/1393/645 688/1367/642 690/1362/644
f 440/2595/394 435/1307/389 438/2596/392
f 435/1307/389 440/2595/394 1550/1304/1502
f 440/2595/394 1552/2597/1504 1550/1304/1502
f 1552/2597/1504 440/2595/394 443/2598/397
f 2745/114/2697 2738/678/2690 2740/1156/2692 2747/115/2699
f 87/2599/41 84/2600/38 1978/2601/1930 88/2602/42
f 448/2603/402 445/2604/399 446/2605/400
f 3072/2606/3024 3069/2506/3021 3064/2528/3016 3132/2607/3084
f 448/2603/402 1555/2608/1507 1552/2597/1504
f 1555/2608/1507 448/2603/402 1556/2609/1508
f 1554/2610/1506 1552/2597/1504 1557/2499/1509
f 1557/2499/1509 1552/2597/1504 1555/2608/1507
f 2436/191/2388 2434/190/2386 2437/658/2389 2441/241/2393
f 2038/2608/1990 2040/2611/1992 2042/2500/1994 2041/2499/1993
f 4727/2612/4671 4723/2613/4667 4728/2614/4672 4730/892/4674
f 1326/2278/1278 1299/2303/1251 1324/509/1276 1328/508/1280
f 1562/1109/1514 1560/2500/1512 1558/2611/1510
f 2280/1038/2232 2275/1039/2227 2277/1040/2229 2419/1041/2371
f 4229/2615/4173 4231/2616/4175 4234/2617/4178 4235/2618/4179
f 1267/2228/1220 1269/2077/1222 1272/2230/1225 1273/2240/1226
f 2755/116/2707 2754/1516/2706 2757/1517/2709 2761/583/2713
f 2488/322/2440 233/323/187 3925/47/3870 2484/46/2436
f 760/1511/714 736/1471/690 756/1738/710 766/1524/720
f 1546/2586/1498 1551/42/1503 1568/2619/1520
f 1549/1565/1501 1546/2586/1498 1568/2619/1520
f 1551/42/1503 1566/41/1518 1569/1294/1521
f 1569/1294/1521 1568/2619/1520 1551/42/1503
f 1569/1294/1521 1566/41/1518 1570/1423/1522
f 1571/388/1523 1549/1565/1501 1568/2619/1520
f 1568/2619/1520 1569/1294/1521 1572/1295/1524
f 1572/1295/1524 1571/388/1523 1568/2619/1520
f 1570/1423/1522 1573/2620/1525 1569/1294/1521
f 1572/1295/1524 1569/1294/1521 1573/2620/1525
f 6153/1905/6096 6150/943/6093 6272/942/6215 6154/1906/6097
f 1573/2620/1525 1570/1423/1522 1575/142/1527
f 1575/142/1527 1570/1423/1522 1574/139/1526
f 1572/1295/1524 1573/2620/1525 1576/2537/1528
f 3175/2621/3127 3174/2622/3126 3170/2623/3122 3176/2624/3128
f 1571/388/1523 1572/1295/1524 1578/389/1530
f 1576/2537/1528 1578/389/1530 1572/1295/1524
f 1549/1565/1501 1571/388/1523 1579/2452/1531
f 2834/243/2786 2837/191/2789 2840/241/2792 2835/242/2787
f 2592/147/2544 2579/146/2531 2577/396/2529 2601/2625/2553
f 1689/203/1641 1586/2538/1538 1576/2537/1528 1691/200/1643
f 1463/2486/1415 1462/2626/1414 1461/2627/1413 1465/2484/1417
f 1543/681/1495 1544/680/1496 1582/1566/1534
f 4723/2613/4667 4724/2628/4668 4725/2629/4669 4728/2614/4672
f 1584/2630/1536 1580/387/1532 1581/390/1533
f 1582/1566/1534 1585/1861/1537 1543/681/1495
f 1586/2538/1538 1584/2630/1536 1581/390/1533
f 2792/1127/2744 2791/1126/2743 2787/2631/2739 2786/412/2738
f 1588/2632/1540 1584/2630/1536 1586/2538/1538
f 1588/2632/1540 1587/463/1539 1584/2630/1536
f 1589/465/1541 1585/1861/1537 1582/1566/1534
f 5905/2633/5848 5904/2634/5847 5903/2635/5846 5906/2636/5849
f 1954/2637/1906 1952/2638/1904 1949/2639/1901 1953/2461/1905
f 1585/1861/1537 1589/465/1541 1592/2640/1544
f 5112/2641/5056 397/2642/351 5286/2643/5230 5287/2644/5231
f 1591/1862/1543 1585/1861/1537 1593/2588/1545
f 1592/2640/1544 1593/2588/1545 1585/1861/1537
f 1545/1863/1497 1591/1862/1543 1594/2587/1546
f 1593/2588/1545 1594/2587/1546 1591/1862/1543
f 1593/2588/1545 1592/2640/1544 1595/2589/1547
f 2613/2645/2565 2612/2646/2564 2616/2647/2568 2615/2648/2567
f 2143/1328/2095 2116/1329/2068 2145/1326/2097 2148/1327/2100
f 2132/2103/2084 2128/2589/2080 2123/464/2075 2134/1347/2086
f 1587/463/1539 1598/2649/1550 1596/1346/1548
f 1598/2649/1550 1587/463/1539 1588/2632/1540
f 1596/1346/1548 1598/2649/1550 1600/2650/1552
f 5845/1809/5788 5843/2651/5786 5844/2652/5787 5846/1810/5789
f 5383/2443/5326 5382/943/5325 5384/1905/5327 5386/1779/5329
f 1600/2650/1552 1602/2653/1554 1596/1346/1548
f 2148/1327/2100 2177/2654/2129 2179/2625/2131 2180/2451/2132
f 5856/2655/5799 5793/2656/5736 5786/2657/5729 5857/2658/5800
f 2178/2659/2130 2176/2645/2128 2175/2660/2127 2183/2661/2135
f 1606/2662/1558 1594/2587/1546 1601/2590/1553
f 5430/2663/5373 5433/269/5376 5435/268/5378 5428/275/5371
f 4291/2664/4235 4346/2665/4290 4351/2666/4295 4288/2667/4232
f 1609/938/1561 1605/2104/1557 1602/2653/1554
f 4750/2521/4694 4746/2520/4690 4745/2668/4689 4749/2669/4693
f 1602/2653/1554 1611/939/1563 1609/938/1561
f 1600/2650/1552 1611/939/1563 1602/2653/1554
f 1883/121/1835 1871/120/1823 1875/537/1827 1884/1250/1836
f 1600/2650/1552 1613/482/1565 1611/939/1563
f 2270/259/2222 2406/258/2358 204/475/158 205/474/159
f 211/151/165 2388/137/2340 5231/143/5175 212/149/166
f 1613/482/1565 1616/2670/1568 1611/939/1563
f 4743/2671/4687 4738/2672/4682 4739/2673/4683 4744/2674/4688
f 3335/1664/3280 1618/483/1570 1653/395/1605 3334/1665/3279
f 6670/2675/6613 6672/2676/6615 6674/2635/6617 6675/2634/6618
f 3548/1665/3493 2186/395/2138 2189/397/2141 2190/2677/2142
f 7319/2678/7101 1421/1420/1373 7317/2679/7099
f 4048/2680/3993 2865/2681/2817 2867/2682/2819 4047/2683/3992
f 2865/2681/2817 2866/540/2818 2868/1190/2820 2867/2682/2819
f 2148/1327/2100 2145/1326/2097 2151/2646/2103 2177/2654/2129
f 3706/1876/3651 3707/1290/3652 3704/434/3649 3703/437/3648
f 2230/2684/2182 2229/2685/2181 3544/2686/3489 2228/2687/2180
f 1851/2688/1803 1847/757/1799 1850/419/1802 1959/418/1911
f 3982/2689/3927 4018/2690/3963 4021/2691/3966 4030/2692/3975
f 5928/2693/5871 5925/2694/5868 5929/2695/5872 5930/266/5873
f 2300/2696/2252 2288/2697/2240 2295/2698/2247 2314/2699/2266
f 2840/241/2792 339/658/293 338/467/292 2841/466/2793
f 4484/2700/4428 4481/2701/4425 4482/575/4426 4485/2702/4429
f 5225/503/5169 5226/498/5170 216/501/170 2470/502/2422
f 1632/2508/1584 1610/1626/1562 1631/1625/1583
f 1610/1626/1562 1632/2508/1584 1606/2662/1558
f 5860/2703/5803 5863/2704/5806 5866/2705/5809 5869/2706/5812
f 1606/2662/1558 1632/2508/1584 1634/2507/1586
f 1633/2510/1585 1635/2707/1587 1634/2507/1586
f 1635/2707/1587 1606/2662/1558 1634/2507/1586
f 2458/2446/2410 2457/2708/2409 225/2709/179 224/2710/178
f 1637/2711/1589 1606/2662/1558 1635/2707/1587
f 1594/2587/1546 1606/2662/1558 1637/2711/1589
f 1637/2711/1589 1635/2707/1587 465/2712/419
f 1594/2587/1546 1637/2711/1589 465/2712/419
f 465/2712/419 1635/2707/1587 467/2713/421
f 1638/2714/1590 1594/2587/1546 465/2712/419
f 467/2713/421 1635/2707/1587 1639/2715/1591
f 1639/2715/1591 1635/2707/1587 472/2716/426
f 1492/1380/1444 1474/1256/1426 1489/2496/1441 1493/2511/1445
f 1547/1305/1499 1550/1304/1502 1553/39/1505 1551/42/1503
f 468/2717/422 1640/2718/1592 1642/2719/1594
f 1642/2719/1594 1640/2718/1592 1641/2720/1593
f 1643/2721/1595 1594/2587/1546 1638/2714/1590
f 1644/2722/1596 1643/2721/1595 1638/2714/1590
f 463/2723/417 1643/2721/1595 1644/2722/1596
f 1643/2721/1595 463/2723/417 460/2724/414
f 460/2724/414 1594/2587/1546 1643/2721/1595
f 460/2724/414 1645/2725/1597 1594/2587/1546
f 1645/2725/1597 460/2724/414 459/2726/413
f 1645/2725/1597 459/2726/413 1646/2727/1598
f 457/2728/411 1645/2725/1597 1646/2727/1598
f 457/2728/411 454/2729/408 1645/2725/1597
f 454/2729/408 1594/2587/1546 1645/2725/1597
f 454/2729/408 1647/2730/1599 1594/2587/1546
f 1647/2730/1599 454/2729/408 1648/2731/1600
f 414/2732/368 1647/2730/1599 1648/2731/1600
f 412/2733/366 1647/2730/1599 414/2732/368
f 410/2734/364 1647/2730/1599 412/2733/366
f 1647/2730/1599 410/2734/364 1594/2587/1546
f 410/2734/364 1649/2735/1601 1594/2587/1546
f 1594/2587/1546 1649/2735/1601 1545/1863/1497
f 1649/2735/1601 410/2734/364 1650/2736/1602
f 1545/1863/1497 1649/2735/1601 1651/2737/1603
f 1652/2738/1604 1649/2735/1601 1650/2736/1602
f 1651/2737/1603 1649/2735/1601 1652/2738/1604
f 2565/1664/2517 2574/483/2526 2575/395/2527 2576/1665/2528
f 606/1247/560 604/1245/558 605/1246/559 608/1249/562
f 3193/2739/3144 3196/2740/3146 3199/2741/3149 3197/2742/3147
f 804/1475/758 805/1478/759 2989/1584/2941 806/1563/760
f 1656/2451/1608 1616/2670/1568 1613/482/1565
f 1430/2144/1382 7325/2743/7107 7327/2744/7109 1433/1447/1385
f 3675/2745/3620 3667/2746/3612 3659/458/3604 3625/461/3570
f 1439/2448/1391 1438/2747/1390 1440/2493/1392 1443/2492/1395
f 2507/465/2459 2502/1566/2454 2506/2452/2458 2511/462/2463
f 1849/415/1801 1844/414/1796 1847/757/1799 1851/2688/1803
f 1957/2748/1909 1854/2455/1806 1849/415/1801 1851/2688/1803
f 6492/2749/6435 6412/534/6355 6414/533/6357 6416/2750/6359
f 4803/2751/4747 4801/1636/4745 4804/2752/4748 4808/2753/4752
f 1803/930/1755 1800/2754/1752 1801/2755/1753 90/931/44
f 4066/437/4011 4092/2552/4036 4088/2756/4033 4069/1876/4014
f 765/1525/719 753/1967/707 763/2757/717 774/1537/728
f 250/105/204 248/99/202 2647/98/2599 2648/104/2600
f 2197/489/2149 2136/2758/2088 2194/208/2146 2196/490/2148
f 2368/2374/2320 2366/1188/2318 2360/1191/2312 2369/1938/2321
f 1736/741/1688 1734/742/1686 1737/743/1689 1739/744/1691
f 5994/2759/5937 5992/2760/5935 5993/2761/5936 5995/2762/5938
f 2197/489/2149 2139/1626/2091 2133/2763/2085 2136/2758/2088
f 1671/2661/1623 1672/2764/1624 1669/2765/1621
f 4763/2766/4707 4773/2767/4717 4776/2768/4720 4778/2769/4722
f 5419/272/5362 5416/2045/5359 5413/2770/5356 5418/273/5361
f 1672/2764/1624 1671/2661/1623 1677/2660/1629
f 1677/2660/1629 1675/2771/1627 1672/2764/1624
f 6777/1909/6720 6775/1910/6718 6776/1907/6719 6715/1908/6658
f 1676/2772/1628 1675/2771/1627 1678/2773/1630
f 1677/2660/1629 1678/2773/1630 1675/2771/1627
f 2598/2774/2550 277/2775/231 278/2772/232 2597/2773/2549
f 4570/2330/4514 4566/2776/4510 4575/2777/4519 4578/2331/4522
f 2875/1191/2827 2868/1190/2820 2866/540/2818 2877/539/2829
f 676/1370/630 674/1377/628 672/1318/626 671/1317/625
f 1600/2650/1552 1684/1328/1636 1613/482/1565
f 1684/1328/1636 1600/2650/1552 1598/2649/1550
f 1598/2649/1550 1685/1329/1637 1684/1328/1636
f 1685/1329/1637 1598/2649/1550 1588/2632/1540
f 5151/2778/5095 5298/2779/5242 407/2780/361 5305/2781/5249
f 1588/2632/1540 1687/2782/1639 1685/1329/1637
f 1588/2632/1540 1586/2538/1538 1687/2782/1639
f 5713/1968/5656 5651/1969/5594 5652/1970/5595 5714/1971/5657
f 1687/2782/1639 1586/2538/1538 1689/203/1641
f 3986/2783/3931 3984/2784/3929 3987/2785/3932 4035/2786/3980
f 2061/387/2013 2112/2630/2064 2115/463/2067 2121/462/2073
f 1690/202/1642 1687/2782/1639 1689/203/1641
f 6472/402/6415 6471/403/6414 6418/400/6361 6473/401/6416
f 1693/755/1645 1691/200/1643 1576/2537/1528
f 1576/2537/1528 1573/2620/1525 1693/755/1645
f 1693/755/1645 1573/2620/1525 1575/142/1527
f 1023/963/977 1022/964/976 869/965/823 832/962/786
f 5543/2787/5486 5542/579/5485 5541/582/5484 5545/2788/5488
f 1751/351/1703 441/325/395 451/343/405 1758/349/1710
f 3577/554/3522 3566/633/3511 3569/632/3514 3579/2376/3524
f 2104/201/2056 2100/756/2052 2097/2789/2049 2107/652/2059
f 675/1369/629 680/1376/634 782/1552/736 847/1234/801
f 1957/2748/1909 1851/2688/1803 1959/418/1911 1962/2790/1914
f 1698/2789/1650 1699/653/1651 1695/652/1647
f 1986/137/1938 82/106/36 83/109/37 85/138/39
f 1962/2790/1914 1959/418/1911 1963/421/1915 1965/1279/1917
f 1699/653/1651 1698/2789/1650 1702/2791/1654
f 1701/2792/1653 1702/2791/1654 1698/2789/1650
f 1703/2793/1655 1692/650/1644 1699/653/1651
f 1692/650/1644 1703/2793/1655 1686/2794/1638
f 1686/2794/1638 1703/2793/1655 1705/2647/1657
f 1682/2646/1634 1686/2794/1638 1705/2647/1657
f 4720/299/4664 4716/296/4660 4718/1698/4662 4737/2795/4681
f 1704/2796/1656 1706/2797/1658 1701/2792/1653
f 1702/2791/1654 1701/2792/1653 1706/2797/1658
f 1706/2797/1658 1704/2796/1656 432/2798/386
f 2638/2799/2590 2634/383/2586 2632/2791/2584 2639/2797/2591
f 1707/2800/1659 427/2799/381 1706/2797/1658
f 2030/1304/1982 2027/1305/1979 2028/1306/1980 122/1307/76
f 2598/2774/2550 2600/2801/2552 2602/2802/2554 2603/2803/2555
f 1709/2804/1661 1710/2805/1662 436/2806/390
f 1710/2805/1662 1709/2804/1661 1708/2807/1660
f 1712/2808/1664 1710/2805/1662 1708/2807/1660
f 3037/2809/2989 3086/2064/3038 3088/2810/3040 3040/2811/2992
f 1710/2805/1662 1712/2808/1664 1713/2812/1665
f 4688/2813/4632 4685/2814/4629 4689/2815/4633 4691/2816/4635
f 1797/2817/1749 1794/2818/1746 1795/2819/1747 86/2820/40
f 1716/2821/1668 447/2822/401 1717/2823/1669
f 2655/2824/2607 2650/2808/2602 2652/2825/2604 2659/738/2611
f 1716/2821/1668 1712/2808/1664 1718/2824/1670
f 2695/1703/2647 2696/2610/2648 2698/2499/2650 2699/2213/2651
f 3551/625/3496 3549/2826/3494 2190/2827/2142 3553/622/3498
f 1719/738/1671 1720/1888/1672 1718/2824/1670
f 1290/2256/1243 1288/2251/1241 1187/2253/1141 1190/2257/1144
f 1665/2828/1617 1663/2829/1615 1664/926/1616 1667/925/1619
f 7302/2830/7084 6932/2831/6875 6925/2832/6868 7301/2833/7083
f 1563/2213/1515 1557/2499/1509 1560/2500/1512 1728/2501/1680
f 756/1738/710 740/471/694 752/1493/706 753/1967/707
f 1725/1196/1677 1723/1889/1675 1724/737/1676
f 1819/2115/1771 1809/1038/1761 1821/1041/1773 1999/2834/1951
f 987/1668/941 986/1812/940 988/1683/942 959/487/913
f 6075/1791/6018 6048/1792/5991 6043/1793/5986 6045/1794/5988
f 1730/1108/1682 1560/2500/1512 1562/1109/1514
f 1724/737/1676 1731/1197/1683 1725/1196/1677
f 2083/1197/2035 2080/742/2032 2081/2835/2033 2084/1111/2036
f 1997/161/1949 2001/2836/1953 1998/1550/1950 1995/1551/1947
f 1733/2837/1685 1560/2500/1512 1730/1108/1682
f 1888/242/1840 1891/241/1843 1897/466/1849 1869/1922/1821
f 2426/1680/2378 2413/1867/2365 2417/2115/2369 2429/2834/2381
f 1732/2835/1684 1734/742/1686 1736/741/1688
f 1733/2837/1685 1732/2835/1684 1736/741/1688
f 1999/2834/1951 2004/162/1956 1997/161/1949 1996/1680/1948
f 337/2838/291 2874/2839/2826 2876/2374/2828 2879/2840/2831
f 1738/2841/1690 1739/744/1691 1737/743/1689
f 1475/362/1427 1472/1255/1424 1470/1821/1422 1476/363/1428
f 1739/744/1691 1738/2841/1690 1740/2842/1692
f 2074/737/2026 2071/740/2023 2075/743/2027 2080/742/2032
f 1728/2501/1680 1740/2842/1692 1738/2841/1690
f 1741/384/1693 1742/383/1694 427/2799/381
f 1461/2627/1413 1458/608/1410 1460/432/1412 1467/2843/1419
f 1742/383/1694 1743/517/1695 1702/2791/1654
f 1702/2791/1654 1743/517/1695 1699/653/1651
f 1745/2844/1697 1744/382/1696 426/381/380
f 1744/382/1696 1745/2844/1697 430/2845/384
f 434/2846/388 430/2845/384 1746/2847/1698
f 1744/382/1696 430/2845/384 434/2846/388
f 2910/2848/2862 2909/2849/2861 2912/2850/2864 2913/2851/2865
f 1748/2852/1700 1742/383/1694 1744/382/1696
f 1742/383/1694 1748/2852/1700 1743/517/1695
f 5437/659/5380 5436/2853/5379 5428/275/5371 5435/268/5378
f 1750/518/1702 1743/517/1695 1748/2852/1700
f 312/2854/266 306/2855/260 305/2856/259 2729/2857/2681
f 4108/180/4052 4110/183/4054 4112/645/4056 4111/817/4055
f 1752/516/1704 1699/653/1651 1743/517/1695
f 1751/519/1703 1753/2858/1705 1752/516/1704
f 1699/653/1651 1752/516/1704 1703/2793/1655
f 1754/2859/1706 1752/516/1704 1753/2858/1705
f 1015/966/969 486/962/440 518/965/472 510/1847/464
f 1705/2647/1657 1703/2793/1655 1755/2860/1707
f 1705/2647/1657 1755/2860/1707 1756/2648/1708
f 1755/2860/1707 1754/2859/1706 1756/2648/1708
f 1756/2648/1708 1677/2660/1629 1681/2645/1633
f 1757/2861/1709 1754/2859/1706 1753/2862/1705
f 1757/2861/1709 1756/2648/1708 1754/2859/1706
f 1753/2862/1705 1758/2863/1710 1757/2861/1709
f 1758/2863/1710 451/2864/405 1757/2861/1709
f 449/2865/403 1757/2861/1709 451/2864/405
f 1757/2861/1709 449/2865/403 1756/2648/1708
f 1677/2660/1629 1756/2648/1708 1759/2866/1711
f 1677/2660/1629 1759/2866/1711 1678/2773/1630
f 449/2865/403 1760/2867/1712 1756/2648/1708
f 1760/2867/1712 449/2865/403 452/2868/406
f 452/2868/406 453/2869/407 1760/2867/1712
f 453/2869/407 1761/2870/1713 1760/2867/1712
f 455/2871/409 1760/2867/1712 1761/2870/1713
f 1760/2867/1712 455/2871/409 1756/2648/1708
f 1759/2866/1711 466/2872/420 1678/2773/1630
f 1759/2866/1711 1756/2648/1708 466/2872/420
f 466/2872/420 1762/2873/1714 1678/2773/1630
f 1762/2873/1714 1763/2801/1715 1678/2773/1630
f 329/2874/283 2850/2875/2802 2851/2445/2803 2852/2444/2804
f 1763/2801/1715 1680/2774/1632 1678/2773/1630
f 2214/2718/2166 2213/2715/2165 2209/2716/2161 2215/2720/2167
f 469/2876/423 470/2877/424 1764/2802/1716
f 470/2877/424 471/2803/425 1764/2802/1716
f 1765/2878/1717 466/2872/420 1756/2648/1708
f 466/2872/420 1765/2878/1717 1766/2879/1718
f 464/2880/418 1766/2879/1718 1765/2878/1717
f 462/2881/416 464/2880/418 1765/2878/1717
f 462/2881/416 1765/2878/1717 461/2882/415
f 1756/2648/1708 461/2882/415 1765/2878/1717
f 1767/2883/1719 461/2882/415 1756/2648/1708
f 1767/2883/1719 1756/2648/1708 455/2871/409
f 461/2882/415 1767/2883/1719 1768/2884/1720
f 1767/2883/1719 455/2871/409 456/2885/410
f 1767/2883/1719 458/2886/412 1768/2884/1720
f 456/2885/410 458/2886/412 1767/2883/1719
f 1769/1854/1721 1770/2887/1722 68/2888/22
f 68/2888/22 1771/1829/1723 1769/1854/1721
f 1771/1829/1723 68/2888/22 69/2889/23
f 2248/1853/2200 2245/1854/2197 2246/1829/2198 2250/1855/2202
f 1771/1829/1723 69/2889/23 1773/1830/1725
f 2630/2890/2582 2629/518/2581 2631/2852/2583 247/2891/201
f 226/2838/180 2367/2839/2319 2368/2374/2320 2370/2840/2322
f 1776/1828/1728 1774/1855/1726 1771/1829/1723
f 1776/1828/1728 1777/2892/1729 1778/1831/1730
f 1540/614/1492 409/615/363 411/616/365 1538/617/1490
f 6164/536/6107 6159/1780/6102 6156/1779/6099 6165/533/6108
f 1779/2857/1731 1774/1855/1726 1780/2893/1732
f 2916/2894/2868 2914/2895/2866 2905/2896/2857 2918/2897/2870
f 59/2854/13 1779/2857/1731 1782/1602/1734
f 1779/2857/1731 1780/2893/1732 1782/1602/1734
f 59/2854/13 1782/1602/1734 1783/2898/1735
f 73/2899/27 76/2900/30 1778/1831/1730
f 1784/1843/1736 1783/2898/1735 1782/1602/1734
f 1785/1603/1737 1780/2893/1732 1781/2901/1733
f 1785/1603/1737 1782/1602/1734 1780/2893/1732
f 1781/2901/1733 76/2900/30 1786/677/1738
f 5911/1103/5854 5909/1102/5852 5902/2657/5845 5900/1016/5843
f 76/2900/30 1787/678/1739 1786/677/1738
f 1787/678/1739 76/2900/30 1788/1157/1740
f 2401/1278/2353 2400/1279/2352 2402/1280/2354 2403/1281/2355
f 1791/2902/1743 79/1158/33 1792/2903/1744
f 79/1158/33 1791/2902/1743 1790/1156/1742
f 839/1670/793 837/1641/791 1025/1632/979 2994/1678/2946
f 1791/2902/1743 1794/2818/1746 1790/1156/1742
f 1794/2818/1746 1791/2902/1743 1795/2819/1747
f 2034/42/1986 2027/1305/1979 2030/1304/1982 2037/39/1989
f 204/2599/158 2406/2600/2358 2405/2601/2357 207/2602/161
f 1797/2817/1749 86/2820/40 1798/2904/1750
f 3063/2905/3015 1429/2906/1381 3062/2527/3014 3065/2505/3017
f 1797/2817/1749 1800/2754/1752 1794/2818/1746
f 1800/2754/1752 1797/2817/1749 1801/2755/1753
f 1799/2907/1751 1794/2818/1746 1802/1039/1754
f 1802/1039/1754 1794/2818/1746 1800/2754/1752
f 2750/930/2702 2748/2754/2700 284/2755/238 2751/931/2703
f 1988/2908/1940 1978/2601/1930 1969/1865/1921 1990/1864/1942
f 4808/2753/4752 4804/2752/4748 4809/2909/4753 4811/2910/4755
f 6788/1153/6731 6786/2459/6729 6721/2458/6664 6789/1154/6732
f 816/1606/770 812/1707/766 813/1130/767 820/763/774
f 1806/929/1758 1804/1040/1756 1803/930/1755
f 2397/551/2349 3773/552/3718 192/550/146 2396/549/2348
f 2034/42/1986 2037/39/1989 2044/40/1996 2047/41/1999
f 1750/518/1702 1748/2852/1700 1747/2891/1699 1749/2890/1701
f 1697/141/1649 1575/142/1527 1574/139/1526 1700/140/1652
f 2772/758/2724 2782/414/2734 2784/413/2736 2779/2911/2731
f 1625/1660/1577 476/1663/430 1626/2912/1578 1627/491/1579
f 1964/961/1916 1961/420/1913 1814/584/1766 1815/583/1767
f 1813/718/1765 1811/117/1763 1814/584/1766
f 3179/2913/3131 3178/2914/3130 3177/2915/3129 3182/2916/3133
f 2052/1294/2004 2047/41/1999 2053/1423/2005 2056/2917/2008
f 1968/1867/1920 1966/1866/1918 1817/1517/1769 1819/2115/1771
f 2811/2248/2763 2806/2249/2758 2808/1209/2760 2813/2250/2765
f 1818/1936/1770 1820/1841/1772 1793/1605/1745
f 1793/1605/1745 1820/1841/1772 1782/1602/1734
f 4912/2918/4856 4903/2919/4847 4908/2920/4852 4911/2921/4855
f 1019/966/973 732/962/686 755/965/709 751/1847/705
f 1820/1841/1772 1818/1936/1770 1823/2922/1775
f 1822/1842/1774 1820/1841/1772 1824/2923/1776
f 1820/1841/1772 1823/2922/1775 1824/2923/1776
f 1784/1843/1736 1822/1842/1774 1825/2924/1777
f 1824/2923/1776 1825/2924/1777 1822/1842/1774
f 5279/2778/5223 380/2779/334 5280/2780/5224 6980/2781/6922
f 1823/2922/1775 1827/2925/1779 1824/2923/1776
f 512/1024/466 516/1025/470 522/1070/476 524/1050/478
f 4375/2926/4319 4380/1807/4324 4382/1808/4326 4381/2927/4325
f 2765/2136/2717 2767/2697/2719 2774/2696/2726 2795/1935/2747
f 1816/2136/1768 1812/2928/1764 1830/2697/1782
f 6724/1479/6667 6722/2929/6665 6785/2930/6728 6725/1480/6668
f 3950/458/3895 3904/2931/3849 3903/2932/3848 3902/1933/3847
f 322/618/276 321/503/275 320/502/274 2857/619/2809
f 1834/2933/1786 1832/717/1784 1813/718/1765
f 1814/584/1766 1834/2933/1786 1813/718/1765
f 1834/2933/1786 1836/758/1788 1832/717/1784
f 1832/717/1784 1836/758/1788 1835/2698/1787
f 5341/361/5285 1911/360/1863 1909/367/1861 5340/366/5284
f 2774/2696/2726 2777/1859/2729 2793/1207/2745 2795/1935/2747
f 1840/1859/1792 1837/2696/1789 1839/2699/1791
f 1841/2911/1793 1836/758/1788 1844/414/1796 1845/413/1797
f 1842/1860/1794 1841/2911/1793 1845/413/1797 1846/2631/1798
f 1039/962/993 1038/965/992 3023/966/2975 979/967/933
f 3817/2786/3762 3815/2783/3760 3816/2784/3761 3818/2785/3763
f 6139/2934/6082 6137/2473/6080 6136/2475/6079 6144/2935/6087
f 4889/2936/4833 4885/2578/4829 4886/2937/4830 4888/2938/4832
f 1836/758/1788 1847/757/1799 1844/414/1796
f 1834/2933/1786 1847/757/1799 1836/758/1788
f 1470/1821/1422 1468/561/1420 1469/2939/1421 1476/363/1428
f 1848/412/1800 1846/2631/1798 1845/413/1797
f 3513/1850/3458 3517/1593/3462 3519/674/3464 3518/673/3463
f 1850/419/1802 1847/757/1799 1834/2933/1786
f 1814/584/1766 1850/419/1802 1834/2933/1786
f 3496/1876/3441 3497/1290/3442 3494/434/3439 3492/437/3437
f 1688/651/1640 1685/1329/1637 1687/2782/1639 1690/202/1642
f 6312/2636/6255 6306/2656/6249 6363/2655/6306 6310/2633/6253
f 2785/415/2737 2776/2688/2728 2788/2748/2740 2789/2455/2741
f 1852/1126/1804 1855/2940/1807 1843/1858/1795
f 1855/2940/1807 1838/1207/1790 1843/1858/1795
f 6430/1969/6373 6505/1970/6448 6507/1971/6450 6510/1968/6453
f 1838/1207/1790 1855/2940/1807 1857/1208/1809
f 4052/1600/3997 2829/121/2781 2830/1250/2782 4051/1601/3996
f 1855/2940/1807 1852/1126/1804 1858/1718/1810
f 108/1350/62 1928/1351/1880 1926/1352/1878 1929/1189/1881
f 1857/1208/1809 1855/2940/1807 1859/1717/1811
f 1858/1718/1810 1859/1717/1811 1855/2940/1807
f 1859/1717/1811 1861/2941/1813 1857/1208/1809
f 1440/559/1392 1438/2942/1390 1465/2484/1417 1466/560/1418
f 4284/2943/4228 4281/2944/4225 4280/2945/4224 4283/2946/4227
f 5832/2947/5775 5831/2948/5774 5873/2949/5816 5830/2950/5773
f 1859/1717/1811 1864/119/1816 1861/2941/1813
f 1865/334/1817 1863/2250/1815 1861/2941/1813
f 1861/2941/1813 1864/119/1816 1865/334/1817
f 4687/2951/4631 4686/2952/4630 4702/2953/4646 4704/2954/4648
f 6695/2950/6638 6694/2787/6637 6693/2788/6636 6697/2947/6640
f 1859/1717/1811 1858/1718/1810 1868/1715/1820
f 1864/119/1816 1859/1717/1811 1868/1715/1820
f 1498/2955/1450 1497/2516/1449 1496/2513/1448 1500/2956/1452
f 5862/1909/5805 5887/1910/5830 5888/1907/5831 5772/1908/5715
f 6777/1909/6720 6779/513/6722 6788/1153/6731 6778/1152/6721
f 1868/1715/1820 1871/120/1823 1864/119/1816
f 1872/2135/1824 1871/120/1823 1868/1715/1820
f 1469/2939/1421 1471/27/1423 1477/26/1429 1476/363/1428
f 5890/512/5833 5764/515/5707 5842/2458/5785 5891/2459/5834
f 1654/396/1606 1653/395/1605 1618/483/1570 1616/2670/1568
f 2572/482/2524 2567/481/2519 2569/2650/2521 2573/1328/2525
f 1233/2193/1186 1231/2085/1184 1176/2084/1130 1258/2220/1211
f 3588/1173/3533 3589/902/3534 3590/900/3535 3591/899/3536
f 4598/2957/4542 4594/2958/4538 4596/2959/4540 4600/2960/4544
f 6284/405/6227 6401/404/6344 6285/1520/6228 6287/1519/6230
f 3978/1200/3923 3981/2961/3926 3988/2962/3933 3995/2963/3940
f 4782/2964/4726 4780/2965/4724 4687/2966/4631 4787/2967/4731
f 4623/2968/4567 4620/2969/4564 4616/2970/4560 4621/2971/4565
f 2444/1642/2396 2442/1643/2394 2438/2972/2390 2445/2973/2397
f 3263/1933/3208 3305/699/3250 3309/459/3254 3317/458/3262
f 1833/2249/1785 1827/2925/1779 1826/1206/1778 1860/1209/1812
f 731/963/685 758/964/712 755/965/709 732/962/686
f 4734/2974/4678 4726/1697/4670 4732/2975/4676 4735/2976/4679
f 877/1226/831 867/1229/821 880/1540/834 882/1539/836
f 1625/1660/1577 1621/1848/1573 1622/1849/1574 3391/1661/3336
f 1431/2977/1383 3067/1628/3019 3070/1627/3022 1432/2978/1384
f 2674/201/2626 2673/756/2625 2640/2789/2592 2623/652/2575
f 4092/2979/4036 4091/674/3522 4090/1593/4035 4088/1592/4033
f 107/2980/61 108/1350/62 1929/1189/1881 1931/1188/1883
f 2014/2343/1966 2009/984/1961 2012/2344/1964 2015/2569/1967
f 2704/2500/2656 2707/1108/2659 2710/2837/2662 2708/2501/2660
f 2079/741/2031 2077/744/2029 2076/2842/2028 2078/2837/2030
f 1899/469/1851 1869/1922/1821 1897/466/1849
f 1869/1922/1821 1899/469/1851 1900/1923/1852
f 2591/2981/2543 2594/2764/2546 2595/2771/2547 278/2772/232
f 1900/1923/1852 1899/469/1851 1901/2982/1853
f 1900/1923/1852 1825/2924/1777 1829/1920/1781
f 1902/2709/1854 1903/2708/1855 1901/2982/1853
f 1903/2708/1855 1900/1923/1852 1901/2982/1853
f 253/2823/207 2651/2812/2603 2650/2808/2602 2653/2821/2605
f 1905/2983/1857 1900/1923/1852 1903/2708/1855
f 1825/2924/1777 1900/1923/1852 1905/2983/1857
f 1906/2445/1858 1903/2708/1855 1904/2446/1856
f 1905/2983/1857 1903/2708/1855 1907/2984/1859
f 1825/2924/1777 1905/2983/1857 1907/2984/1859
f 101/2875/55 1903/2708/1855 1906/2445/1858
f 1907/2984/1859 1903/2708/1855 101/2875/55
f 6092/1806/6035 6075/1791/6018 6076/1804/6019 6077/1805/6020
f 5936/2309/5879 5933/2488/5876 5929/2695/5872 5921/2985/5864
f 1911/2986/1863 1908/2444/1860 1909/2447/1861
f 1910/2874/1862 1908/2444/1860 1911/2986/1863
f 1907/2984/1859 1912/2987/1864 1825/2924/1777
f 1912/2987/1864 1907/2984/1859 1913/2988/1865
f 1914/2989/1866 1912/2987/1864 1913/2988/1865
f 100/2990/54 1912/2987/1864 1914/2989/1866
f 1912/2987/1864 100/2990/54 1915/2991/1867
f 1825/2924/1777 1912/2987/1864 1915/2991/1867
f 1916/2992/1868 1825/2924/1777 1915/2991/1867
f 1916/2992/1868 1915/2991/1867 1917/2993/1869
f 1916/2992/1868 1917/2993/1869 97/2994/51
f 1918/2995/1870 1916/2992/1868 97/2994/51
f 1916/2992/1868 1918/2995/1870 95/2996/49
f 95/2996/49 1825/2924/1777 1916/2992/1868
f 95/2996/49 1919/2997/1871 1825/2924/1777
f 1919/2997/1871 95/2996/49 1920/2998/1872
f 1921/2999/1873 1919/2997/1871 1920/2998/1872
f 64/3000/18 1919/2997/1871 1921/2999/1873
f 1922/3001/1874 1919/2997/1871 64/3000/18
f 1919/2997/1871 1922/3001/1874 1825/2924/1777
f 1922/3001/1874 1923/3002/1875 1825/2924/1777
f 1825/2924/1777 1923/3002/1875 1784/1843/1736
f 1923/3002/1875 1922/3001/1874 62/3003/16
f 1784/1843/1736 1923/3002/1875 1783/3004/1735
f 60/3005/14 1923/3002/1875 62/3003/16
f 1783/3004/1735 1923/3002/1875 60/3005/14
f 6108/3006/6051 6106/3007/6049 6031/530/5974 6109/529/6052
f 1930/1190/1882 1925/2682/1877 1887/2681/1839 1932/540/1884
f 2293/720/2245 2290/719/2242 2292/419/2244 2296/757/2248
f 2123/464/2075 2115/463/2067 2129/1346/2081 2134/1347/2086
f 4814/3008/4758 4811/2910/4755 4812/3009/4756 4815/3010/4759
f 2233/2828/2185 2231/2829/2183 2232/926/2184 2235/925/2187
f 2435/3011/2387 2433/3012/2385 3742/3013/3687 2432/188/2384
f 2141/2653/2093 2142/481/2094 2144/480/2096 2187/937/2139
f 475/3014/429 1665/2828/1617 1667/925/1619 1669/2765/1621
f 6653/2426/6596 6652/2425/6595 6655/3015/6598 6593/3016/6536
f 3765/2226/3710 3762/2227/3707 197/2224/151 196/2225/150
f 3588/1173/3533 3584/1172/3529 3587/2329/3532 3589/902/3534
f 1897/466/1849 1896/467/1848 1898/468/1850 1899/469/1851
f 6041/773/5984 6117/774/6060 6038/775/5981 6036/776/5979
f 5750/769/5693 5749/761/5692 5690/760/5633 5692/770/5635
f 1936/1938/1888 1937/2840/1889 1934/2374/1886
f 6944/3017/6887 4258/3018/4202 4257/3019/4201 6946/3020/6889
f 6053/272/5996 6050/2045/5993 6046/2770/5989 6056/273/5999
f 1937/2840/1889 1936/1938/1888 1940/1937/1892
f 1940/1937/1892 1939/3021/1891 1937/2840/1889
f 104/3022/58 1939/3021/1891 1941/3023/1893
f 1941/3023/1893 1939/3021/1891 1940/1937/1892
f 2209/2716/2161 2208/2707/2160 172/2510/126 170/3024/124
f 1829/1920/1781 1831/1921/1783 1869/1922/1821 1900/1923/1852
f 1768/169/1720 458/164/412 1646/167/1598 459/168/413
f 5809/3025/5752 5808/3026/5751 5814/2985/5757 5816/2694/5759
f 6469/628/6412 6473/629/6416 6474/626/6417 6477/627/6420
f 2319/413/2271 2317/2911/2269 2316/758/2268 2318/414/2270
f 1945/504/1897 1946/3027/1898 1947/3028/1899
f 1448/198/1400 1447/197/1399 1444/2491/1396 1445/2494/1397
f 1946/3027/1898 1949/2639/1901 1947/3028/1899
f 1948/1128/1900 1949/2639/1901 1946/3027/1898
f 1949/2639/1901 1948/1128/1900 1950/2454/1902
f 1951/3029/1903 1940/1937/1892 1943/668/1895
f 1947/3028/1899 1949/2639/1901 1952/2638/1904
f 1947/3028/1899 1952/2638/1904 1951/3029/1903
f 2902/2637/2854 2900/2638/2852 2897/2639/2849 2901/2461/2853
f 1950/2454/1902 1953/2461/1905 1949/2639/1901
f 1952/2638/1904 1954/2637/1906 1951/3029/1903
f 1954/2637/1906 1953/2461/1905 1955/3030/1907
f 1956/2460/1908 1955/3030/1907 1953/2461/1905
f 1957/2748/1909 1950/2454/1902 1854/2455/1806
f 1953/2461/1905 1950/2454/1902 1958/2462/1910
f 3745/180/3690 3735/181/3680 3743/182/3688 3747/183/3692
f 90/931/44 89/3031/43 1989/3032/1941 1991/1097/1943
f 1950/2454/1902 1957/2748/1909 1960/2896/1912
f 1960/2896/1912 1958/2462/1910 1950/2454/1902
f 888/1223/842 661/476/615 666/1268/620 883/1267/837
f 1961/420/1913 1850/419/1802 1814/584/1766
f 1962/2790/1914 1960/2896/1912 1957/2748/1909
f 2722/292/2674 295/293/249 3972/65/3917 2724/64/2676
f 4807/3033/4751 4803/2751/4747 4808/2753/4752 4813/3034/4757
f 307/137/261 2906/106/2858 4044/109/3989 309/138/263
f 4376/3035/4320 4392/3036/4336 4374/3037/4318 4375/2926/4319
f 4225/3038/4169 4220/3039/4164 4221/818/4165 4224/821/4168
f 2291/420/2243 2292/419/2244 2290/719/2242 2287/584/2239
f 2413/1867/2365 2340/1866/2292 2282/1517/2234 2417/2115/2369
f 1965/1279/1917 1970/2897/1922 1962/2790/1914
f 1960/2896/1912 1962/2790/1914 1970/2897/1922
f 4815/3040/4759 4799/3041/4743 4802/3042/4746 4819/3043/4763
f 1970/2897/1922 1965/1279/1917 77/1278/31
f 3598/3044/3543 3547/3045/3492 3542/3046/3487 3600/1719/3545
f 1702/2791/1654 1706/2797/1658 427/2799/381 1742/383/1694
f 75/3047/29 1972/2894/1924 1970/2897/1922
f 1973/3048/1925 78/1281/32 1971/1280/1923
f 78/1281/32 1973/3048/1925 1974/3049/1926
f 1975/2895/1927 1958/2462/1910 1960/2896/1912
f 1976/3050/1928 1975/2895/1927 1972/2894/1924
f 6641/2476/6584 6640/2477/6583 6576/2478/6519 6577/2479/6520
f 1978/2601/1930 1973/3048/1925 1971/1280/1923
f 1973/3048/1925 1978/2601/1930 84/2600/38
f 1980/3051/1932 1979/2850/1931 1977/3052/1929
f 1979/2850/1931 1980/3051/1932 1981/3053/1933
f 1982/2851/1934 1981/3053/1933 1983/3054/1935
f 1979/2850/1931 1981/3053/1933 1982/2851/1934
f 2625/2859/2577 2620/2860/2572 2619/2793/2571 2624/516/2576
f 1984/2849/1936 1975/2895/1927 1979/2850/1931
f 1975/2895/1927 1984/2849/1936 1958/2462/1910
f 2389/3055/2341 2390/2463/2342 2391/2849/2343 199/2848/153
f 1985/2463/1937 1958/2462/1910 1984/2849/1936
f 61/2855/15 1775/2856/1727 1779/2857/1731 59/2854/13
f 2035/2603/1987 2032/2597/1984 2033/2598/1985 2036/2604/1988
f 88/2602/42 1987/3056/1939 87/2599/41
f 88/2602/42 1978/2601/1930 1988/2908/1940
f 1560/2500/1512 1557/2499/1509 1555/2608/1507 1558/2611/1510
f 3481/1391/3426 1881/3057/1833 3477/3058/3422 3482/1372/3427
f 1990/1864/1942 1989/3032/1941 1988/2908/1940
f 4030/2692/3975 3983/2225/3928 300/3059/254 3982/2689/3927
f 2837/191/2789 341/190/295 339/658/293 2840/241/2792
f 2067/2825/2019 2069/738/2021 2089/2824/2041 2091/2808/2043
f 215/499/169 2471/500/2423 216/501/170 5226/498/5170
f 1562/1109/1514 1558/2611/1510 1559/1886/1511 1727/1110/1679
f 1993/1098/1945 1991/1097/1943 1992/1679/1944
f 1992/1679/1944 1995/1551/1947 1993/1098/1945
f 2000/2532/1952 1806/929/1758 1994/932/1946 1998/1550/1950
f 2417/2115/2369 2280/1038/2232 2419/1041/2371 2429/2834/2381
f 4790/3060/4734 4789/3061/4733 4787/2967/4731 4788/3062/4732
f 600/1237/554 598/1231/552 595/1224/549 601/1238/555
f 2000/2532/1952 1804/1040/1756 1806/929/1758
f 2000/2532/1952 1998/1550/1950 2001/2836/1953 2002/2498/1954
f 1730/1108/1682 1729/1111/1681 1732/2835/1684 1733/2837/1685
f 2546/1625/2498 2538/1626/2490 2548/489/2500 2549/488/2501
f 2001/2836/1953 1997/161/1949 2003/160/1955
f 2002/2498/1954 2001/2836/1953 2003/160/1955
f 2717/2841/2669 2715/743/2667 2711/742/2663 2714/740/2666
f 1479/29/1431 1478/610/1430 1482/613/1434 1484/2495/1436
f 2949/2497/2901 2940/2834/2892 2939/1041/2891 2942/2498/2894
f 319/498/273 2858/501/2810 320/502/274 321/503/275
f 1999/2834/1951 2006/163/1958 2004/162/1956
f 2006/163/1958 1999/2834/1951 2005/2497/1957
f 134/983/88 2008/2566/1960 2007/2567/1959
f 2007/2567/1959 2009/984/1961 134/983/88
f 2009/984/1961 2007/2567/1959 2010/2568/1962
f 139/2891/93 2159/2852/2111 2160/382/2112 136/2846/90
f 2009/984/1961 2010/2568/1962 2012/2344/1964
f 6208/659/6151 6207/2853/6150 6198/275/6141 6206/268/6149
f 106/2839/60 107/2980/61 1931/1188/1883 1934/2374/1886
f 2014/2343/1966 2013/985/1965 2009/984/1961
f 2015/2569/1967 2016/2345/1968 2014/2343/1966
f 6856/375/6799 6855/548/6798 6857/547/6800 6858/376/6801
f 944/708/898 480/1759/434 1043/1763/997 946/709/900
f 2017/617/1969 2013/985/1965 2020/2490/1972
f 1541/2580/1493 1536/2343/1488 1537/2345/1489 431/2582/385
f 2019/614/1971 2017/617/1969 2022/681/1974
f 2017/617/1969 2020/2490/1972 2022/681/1974
f 2019/614/1971 2022/681/1974 2227/2585/2179
f 2023/2581/1975 124/2582/78 2016/2345/1968
f 2024/1863/1976 2227/2585/2179 2022/681/1974
f 2025/680/1977 2020/2490/1972 2021/2580/1973
f 2025/680/1977 2022/681/1974 2020/2490/1972
f 2021/2580/1973 124/2582/78 2026/2586/1978
f 2508/2588/2460 2513/2589/2465 2515/2590/2467 2516/2587/2468
f 124/2582/78 2027/1305/1979 2026/2586/1978
f 2027/1305/1979 124/2582/78 2028/1306/1980
f 651/666/605 653/478/607 656/477/610 654/663/608
f 118/2595/72 122/1307/76 119/2596/73
f 122/1307/76 118/2595/72 2030/1304/1982
f 1782/1602/1734 1785/1603/1737 1789/1604/1741 1793/1605/1745
f 118/2595/72 2032/2597/1984 2030/1304/1982
f 2032/2597/1984 118/2595/72 2033/2598/1985
f 2694/39/2646 2692/42/2644 2500/1305/2452 2503/1304/2455
f 3849/1710/3794 3846/1709/3791 3848/3063/3793 3850/3064/3795
f 2700/2603/2652 2697/2597/2649 251/2598/205 2701/2604/2653
f 2035/2603/1987 2036/2604/1988 115/2605/69
f 1424/3065/1376 1423/3066/1375 3035/3067/2987 3038/3068/2990
f 2035/2603/1987 2038/2608/1990 2032/2597/1984
f 2038/2608/1990 2035/2603/1987 111/2609/65
f 1581/390/1533 1578/389/1530 1576/2537/1528 1586/2538/1538
f 2041/2499/1993 2032/2597/1984 2038/2608/1990
f 2039/2610/1991 2032/2597/1984 2041/2499/1993
f 1989/3032/1941 1990/1864/1942 1992/1679/1944 1991/1097/1943
f 3447/2691/3392 3456/3069/3401 3459/3070/3404 3420/2692/3365
f 1719/738/1671 1715/2825/1667 1714/2105/1666 1722/739/1674
f 180/321/134 179/320/133 181/450/135 2248/451/2200
f 1724/737/1676 1719/738/1671 1722/739/1674 1735/740/1687
f 3194/3071/3145 353/3072/307 3193/2739/3144 3197/2742/3147
f 4294/2261/4238 4291/2664/4235 4290/3073/4234 4293/2262/4237
f 2048/1109/2000 2042/2500/1994 2040/2611/1992
f 1559/1886/1511 1723/1889/1675 1725/1196/1677 1727/1110/1679
f 618/1269/572 617/1261/571 588/1210/542 586/1211/540
f 1096/1941/1050 360/3074/314 1097/3075/1051 1095/1940/1049
f 2509/1292/2461 2504/1565/2456 2498/2586/2450 2690/1293/2642
f 3859/555/3804 3852/554/3797 3854/2376/3799 3857/1856/3802
f 2432/188/2384 3742/3013/3687 3741/3076/3686 230/189/184
f 2353/1250/2305 2346/537/2298 2357/540/2309 2356/2681/2308
f 257/342/211 256/327/210 239/341/193 5344/348/5288
f 2054/2452/2006 2051/1292/2003 2057/388/2009
f 2174/122/2126 164/187/118 2211/186/2163 2212/123/2164
f 1787/678/1739 1790/1156/1742 1796/115/1748 1807/114/1759
f 307/137/261 317/143/271 5243/149/5187 2903/151/2855
f 310/44/264 308/33/262 2860/31/2812 311/45/265
f 226/654/180 227/657/181 228/767/182 2367/768/2319
f 5793/2656/5736 5856/2655/5799 5796/2633/5739 5800/2636/5743
f 6402/513/6345 6400/1909/6343 6401/1908/6344 6279/514/6222
f 4730/892/4674 4728/2614/4672 4709/3077/4653 4731/893/4675
f 2062/139/2014 2064/141/2016 2058/142/2010
f 2065/712/2017 2062/139/2014 2063/711/2015
f 2062/139/2014 2065/712/2017 2064/141/2016
f 4135/828/4079 4132/3078/4076 4133/3079/4077 4139/3080/4083
f 2765/2136/2717 2795/1935/2747 2797/1936/2749 2743/1605/2695
f 2043/1703/1995 2039/2610/1991 2041/2499/1993 2045/2213/1997
f 4947/3081/4891 4883/2577/4827 4938/3082/4882 4948/3083/4892
f 1551/42/1503 1546/2586/1498 431/2582/385 1547/1305/1499
f 2045/2213/1997 2041/2499/1993 2042/2500/1994 2072/2501/2024
f 2073/2841/2025 2075/743/2027 2071/740/2023
f 1875/537/1827 1871/120/1823 1872/2135/1824 1877/538/1829
f 2708/2501/2660 2710/2837/2662 2713/2842/2665 2717/2841/2669
f 2075/743/2027 2073/2841/2025 2077/744/2029
f 2077/744/2029 2073/2841/2025 2076/2842/2028
f 4070/1290/4015 4072/288/4017 4075/441/4020 4076/1291/4021
f 2239/2981/2191 2236/3014/2188 2238/2765/2190 2240/2764/2192
f 1740/2842/1692 1733/2837/1685 1736/741/1688 1739/744/1691
f 2078/2837/2030 2081/2835/2033 2079/741/2031
f 2081/2835/2033 2080/742/2032 2079/741/2031
f 4043/1560/3988 4040/1559/3985 4037/732/3982 4042/3084/3987
f 2082/1108/2034 2042/2500/1994 2048/1109/2000
f 2941/2532/2893 2938/1550/2890 2944/2836/2896 2942/2498/2894
f 2080/742/2032 2083/1197/2035 2074/737/2026
f 546/1105/500 548/1112/502 550/1114/504 549/3085/503
f 2074/737/2026 2083/1197/2035 2085/1196/2037
f 1729/1111/1681 1727/1110/1679 1725/1196/1677 1731/1197/1683
f 5235/621/5179 323/620/277 324/750/278 325/749/279
f 2085/1196/2037 2087/1889/2039 2074/737/2026
f 6835/266/6778 6833/2693/6776 6829/2694/6772 6836/2695/6779
f 2277/1040/2229 2275/1039/2227 2273/2754/2225 2276/930/2228
f 207/2602/161 2409/2908/2361 2411/3032/2363 2412/3031/2364
f 2069/738/2021 2088/1888/2040 2089/2824/2041
f 1718/2824/1670 1712/2808/1664 1715/2825/1667 1719/738/1671
f 114/2821/68 116/2822/70 117/2823/71
f 1717/2823/1669 1713/2812/1665 1712/2808/1664 1716/2821/1668
f 114/2821/68 2091/2808/2043 2089/2824/2041
f 2092/2805/2044 2091/2808/2043 2090/2812/2042
f 4633/917/4577 4630/302/4574 4636/305/4580 4639/918/4583
f 2091/2808/2043 2092/2805/2044 2093/2807/2045
f 121/2804/75 2092/2805/2044 120/2806/74
f 2092/2805/2044 121/2804/75 2093/2807/2045
f 528/1067/482 525/1076/479 526/3086/480 2967/1068/2919
f 2095/2796/2047 2065/712/2017 2093/2807/2045
f 2065/712/2017 2095/2796/2047 2064/141/2016
f 123/2797/77 2095/2796/2047 2094/2798/2046
f 2096/2792/2048 2064/141/2016 2095/2796/2047
f 2095/2796/2047 123/2797/77 2096/2792/2048
f 5678/659/5621 5675/275/5618 5679/2663/5622 5680/268/5623
f 2098/2791/2050 2096/2792/2048 123/2797/77
f 2096/2792/2048 2098/2791/2050 2097/2789/2049
f 125/2800/79 2099/2799/2051 123/2797/77
f 1781/2901/1733 1776/1828/1728 1778/1831/1730 76/2900/30
f 6102/534/6045 6024/533/5967 6026/2750/5969 6105/2749/6048
f 2101/381/2053 2099/2799/2051 126/384/80
f 3715/1497/3660 5366/3087/5309 5364/3088/5307 3717/1498/3662
f 6220/3089/6163 6218/1599/6161 6217/2427/6160 6221/3090/6164
f 2198/1660/2150 2199/1661/2151 3541/1662/3486 2200/1663/2152
f 6597/529/6540 6535/530/6478 6537/81/6480 6599/80/6542
f 4468/3091/4412 4464/3092/4408 4466/1417/4410 4486/3093/4430
f 167/386/121 2216/385/2168 2215/207/2167 168/206/122
f 5481/3094/5424 5479/3095/5422 5422/3096/5365 5425/3097/5368
f 4802/3042/4746 4799/3041/4743 4800/3098/4744 4820/3099/4764
f 2112/2630/2064 2061/387/2013 2108/390/2060
f 2111/2538/2063 2112/2630/2064 2108/390/2060
f 2113/2782/2065 2111/2538/2063 2110/203/2062
f 2109/202/2061 2113/2782/2065 2110/203/2062
f 2112/2630/2064 2111/2538/2063 2114/2632/2066
f 2111/2538/2063 2113/2782/2065 2114/2632/2066
f 1580/387/1532 1584/2630/1536 1587/463/1539 1583/462/1535
f 2114/2632/2066 2115/463/2067 2112/2630/2064
f 2310/1207/2262 2301/1935/2253 2300/2696/2252 2312/1859/2264
f 2114/2632/2066 2113/2782/2065 2116/1329/2068
f 2097/2789/2049 2118/653/2070 2107/652/2059
f 443/591/397 1713/590/1665 1717/251/1669 445/250/399
f 2118/653/2070 2097/2789/2049 2098/2791/2050
f 2116/1329/2068 2119/2649/2071 2114/2632/2066
f 2119/2649/2071 2115/463/2067 2114/2632/2066
f 2098/2791/2050 2120/517/2072 2118/653/2070
f 2103/383/2055 2120/517/2072 2098/2791/2050
f 4306/3100/4250 4309/3101/4253 4316/3102/4260 4313/3103/4257
f 5971/442/5914 5904/445/5847 5905/231/5848 5972/230/5915
f 2122/465/2074 2124/1861/2076 2031/1566/1983
f 2031/1566/1983 2124/1861/2076 2022/681/1974
f 56/3104/10 5317/3105/5261 5320/3106/5264 5321/3107/5265
f 2124/1861/2076 2122/465/2074 2125/2640/2077
f 1782/1602/1734 1820/1841/1772 1822/1842/1774 1784/1843/1736
f 2124/1861/2076 2125/2640/2077 2127/2588/2079
f 2127/2588/2079 2126/1862/2078 2124/1861/2076
f 2125/2640/2077 2128/2589/2080 2127/2588/2079
f 653/478/607 655/1342/609 657/1348/611 658/479/612
f 2115/463/2067 2119/2649/2071 2129/1346/2081
f 2127/2588/2079 2130/2587/2082 2126/1862/2078
f 2024/1863/1976 2126/1862/2078 2130/2587/2082
f 1824/2923/1776 1827/2925/1779 1829/1920/1781 1825/2924/1777
f 2389/3055/2341 2388/3108/2340 211/2460/165 2390/2463/2342
f 5701/1780/5644 5699/3109/5642 5758/3110/5701 5761/1781/5704
f 1677/2660/1629 1671/2661/1623 1674/2659/1626 1681/2645/1633
f 2135/2662/2087 2130/2587/2082 2131/2590/2083
f 1831/1921/1783 1833/2249/1785 1862/2248/1814 1867/3111/1819
f 1818/1936/1770 1793/1605/1745 1816/2136/1768 1828/1935/1780
f 6584/1906/6527 6648/1805/6591 6582/1804/6525 6583/1905/6526
f 2140/209/2092 2137/2102/2089 2138/2104/2090
f 6521/3112/6464 6518/3113/6461 6444/3114/6387 6446/3115/6389
f 2341/1715/2293 2333/1718/2285 2343/506/2295 2344/2135/2296
f 2138/2104/2090 2141/2653/2093 2140/209/2092
f 2129/1346/2081 2119/2649/2071 2142/481/2094
f 2142/481/2094 2141/2653/2093 2129/1346/2081
f 2143/1328/2095 2142/481/2094 2119/2649/2071
f 2119/2649/2071 2116/1329/2068 2143/1328/2095
f 1801/134/1753 1797/1064/1749 88/1065/42 89/135/43
f 688/1367/642 686/1644/640 684/1378/638 687/1368/641
f 6231/1877/6174 6228/736/6171 6172/735/6115 6173/1878/6116
f 2142/481/2094 2143/1328/2095 2146/482/2098
f 1667/925/1619 1664/926/1616 1666/145/1618 1668/144/1620
f 6282/278/6225 6281/374/6224 6284/405/6227 6286/279/6229
f 6528/2934/6471 6524/2473/6467 6523/2475/6466 6531/2935/6474
f 2150/2793/2102 2147/650/2099 2118/653/2070
f 2147/650/2099 2150/2793/2102 2149/2794/2101
f 2357/540/2309 2349/539/2301 2360/1191/2312 2359/1190/2311
f 2118/653/2070 2152/516/2104 2150/2793/2102
f 2152/516/2104 2118/653/2070 2120/517/2072
f 2149/2794/2101 2150/2793/2102 2153/2647/2105
f 2154/2860/2106 2153/2647/2105 2150/2793/2102
f 2499/1862/2451 2497/1863/2449 2495/681/2447 2505/1861/2457
f 2149/2794/2101 2153/2647/2105 2155/2648/2107
f 2153/2647/2105 2154/2860/2106 2155/2648/2107
f 3027/217/2979 3025/1107/2977 3026/1507/2978 3028/218/2980
f 2154/2860/2106 2156/2859/2108 2155/2648/2107
f 2156/2859/2108 2152/516/2104 2157/2858/2109
f 151/519/105 2157/2858/2109 2152/516/2104
f 217/630/171 2465/631/2417 218/521/172 5220/520/5164
f 1956/2460/1908 1985/2463/1937 82/3055/36 1986/3108/1938
f 2158/518/2110 2120/517/2072 2159/2852/2111
f 2756/1038/2708 2752/1039/2704 2753/1040/2705 2939/1041/2891
f 2103/383/2055 2159/2852/2111 2120/517/2072
f 2159/2852/2111 2103/383/2055 2160/382/2112
f 247/2891/201 2631/2852/2583 2633/382/2585 246/2846/200
f 129/2844/83 2160/382/2112 2101/381/2053
f 2160/382/2112 129/2844/83 131/2845/85
f 2160/382/2112 131/2845/85 136/2846/90
f 136/2846/90 131/2845/85 133/2847/87
f 2161/2861/2113 2156/2859/2108 2157/2862/2109
f 2157/2862/2109 2162/2863/2114 2161/2861/2113
f 2162/2863/2114 2163/2864/2115 2161/2861/2113
f 2161/2861/2113 2155/2648/2107 2156/2859/2108
f 2164/2865/2116 2161/2861/2113 2163/2864/2115
f 2161/2861/2113 2164/2865/2116 2155/2648/2107
f 2165/2867/2117 2164/2865/2116 2166/2868/2118
f 2164/2865/2116 2165/2867/2117 2155/2648/2107
f 2166/2868/2118 150/2869/104 2165/2867/2117
f 150/2869/104 152/2870/106 2165/2867/2117
f 154/2871/108 2165/2867/2117 152/2870/106
f 2165/2867/2117 154/2871/108 2155/2648/2107
f 154/2871/108 2167/2883/2119 2155/2648/2107
f 2167/2883/2119 154/2871/108 156/2885/110
f 156/2885/110 2168/2886/2120 2167/2883/2119
f 2167/2883/2119 2168/2886/2120 159/2884/113
f 2169/2882/2121 2167/2883/2119 159/2884/113
f 2167/2883/2119 2169/2882/2121 2155/2648/2107
f 2155/2648/2107 2169/2882/2121 2170/2878/2122
f 2170/2878/2122 2169/2882/2121 2171/2881/2123
f 2171/2881/2123 161/2880/115 2170/2878/2122
f 161/2880/115 163/2879/117 2170/2878/2122
f 163/2879/117 2155/2648/2107 2170/2878/2122
f 2155/2648/2107 163/2879/117 164/2872/118
f 2172/2866/2124 2155/2648/2107 164/2872/118
f 2172/2866/2124 164/2872/118 2173/2773/2125
f 164/2872/118 2174/2873/2126 2173/2773/2125
f 2175/2660/2127 2155/2648/2107 2172/2866/2124
f 2175/2660/2127 2172/2866/2124 2173/2773/2125
f 2155/2648/2107 2175/2660/2127 2176/2645/2128
f 4490/3116/4434 4483/3117/4427 4484/2700/4428 4489/3118/4433
f 2593/2661/2545 2589/144/2541 2592/147/2544 2599/2659/2551
f 1183/2119/1137 1182/2118/1136 1181/2116/1135 1185/2120/1139
f 5530/232/5473 5604/3119/5547 5596/3120/5539 5603/233/5546
f 2182/396/2134 2180/2451/2132 2179/2625/2131
f 2146/482/2098 2180/2451/2132 2182/396/2134
f 6180/775/6123 6175/776/6118 6237/773/6180 6236/774/6179
f 6358/2675/6301 6307/2676/6250 6308/2635/6251 6309/2634/6252
f 2182/396/2134 2184/483/2136 2146/482/2098
f 1519/3121/1471 1528/3122/1480 1524/3123/1476 1516/3124/1468
f 2184/483/2136 2182/396/2134 2186/395/2138
f 1474/1256/1426 1472/1255/1424 1475/362/1427 1489/2496/1441
f 2866/540/2818 2865/2681/2817 2830/1250/2782 2826/537/2778
f 4584/3125/4528 4576/3126/4520 4587/3127/4531 4588/3128/4532
f 2187/937/2139 2140/209/2092 2141/2653/2093
f 1882/2972/1834 1876/1643/1828 1880/2469/1832 3532/3129/3477
f 1486/1771/1438 1483/612/1435 1452/196/1404 1456/1588/1408
f 2140/209/2092 2187/937/2139 2191/210/2143
f 5833/3130/5776 5781/3131/5724 5834/1570/5777 5836/1569/5779
f 874/1658/828 886/1541/840 880/1540/834 885/1659/839
f 2575/395/2527 2577/396/2529 2579/146/2531 2578/397/2530
f 6662/722/6605 6729/721/6672 6730/3132/6673 6664/3133/6607
f 4497/692/4441 4494/3134/4438 4492/3135/4436 4496/693/4440
f 5568/547/5511 5569/376/5512 5566/375/5509 5567/548/5510
f 1830/2697/1782 1812/2928/1764 1832/717/1784 1835/2698/1787
f 2326/2455/2278 2324/415/2276 2325/2688/2277 2328/2748/2280
f 2776/2688/2728 2773/757/2725 2771/419/2723 2778/418/2730
f 2265/1156/2217 2269/2818/2221 2272/2907/2224 2271/115/2223
f 2872/2980/2824 340/1350/294 2871/1189/2823 2873/1188/2825
f 2274/134/2226 208/1064/162 207/1065/161 2412/135/2364
f 2923/586/2875 291/257/245 2742/256/2694 292/585/246
f 753/1967/707 752/1493/706 754/1494/708 763/2757/717
f 2591/2981/2543 2588/3014/2540 2590/2765/2542 2594/2764/2546
f 2206/2508/2158 2139/1626/2091 2204/1625/2156
f 2139/1626/2091 2206/2508/2158 2135/2662/2087
f 5562/2523/5505 5581/2400/5524 5584/1531/5527 5591/2524/5534
f 2135/2662/2087 2206/2508/2158 2207/2507/2159
f 172/2510/126 2208/2707/2160 2207/2507/2159
f 2208/2707/2160 2135/2662/2087 2207/2507/2159
f 1680/2774/1632 1679/2775/1631 1676/2772/1628 1678/2773/1630
f 2210/2711/2162 2135/2662/2087 2208/2707/2160
f 2130/2587/2082 2135/2662/2087 2210/2711/2162
f 2210/2711/2162 2208/2707/2160 2211/2712/2163
f 2130/2587/2082 2210/2711/2162 2211/2712/2163
f 2211/2712/2163 2208/2707/2160 2212/2713/2164
f 2212/2713/2164 2208/2707/2160 2213/2715/2165
f 2213/2715/2165 2208/2707/2160 2209/2716/2161
f 6908/1357/6851 6899/2705/6842 6900/3136/6843 6903/3137/6846
f 2680/2917/2632 2670/1423/2622 2666/139/2618 2668/142/2620
f 166/2717/120 2214/2718/2166 2216/2719/2168
f 2216/2719/2168 2214/2718/2166 2215/2720/2167
f 2211/2712/2163 2217/2721/2169 2130/2587/2082
f 2217/2721/2169 2211/2712/2163 162/2714/116
f 160/2722/114 2217/2721/2169 162/2714/116
f 2218/2723/2170 2217/2721/2169 160/2722/114
f 2217/2721/2169 2218/2723/2170 2219/2724/2171
f 2130/2587/2082 2217/2721/2169 2219/2724/2171
f 2220/2725/2172 2130/2587/2082 2219/2724/2171
f 2220/2725/2172 2219/2724/2171 158/2726/112
f 2220/2725/2172 158/2726/112 157/2727/111
f 2221/2728/2173 2220/2725/2172 157/2727/111
f 2220/2725/2172 2221/2728/2173 155/2729/109
f 155/2729/109 2130/2587/2082 2220/2725/2172
f 155/2729/109 2222/2730/2174 2130/2587/2082
f 2222/2730/2174 155/2729/109 153/2731/107
f 2223/2732/2175 2222/2730/2174 153/2731/107
f 2224/2733/2176 2222/2730/2174 2223/2732/2175
f 2225/2734/2177 2222/2730/2174 2224/2733/2176
f 2222/2730/2174 2225/2734/2177 2130/2587/2082
f 2225/2734/2177 2226/2735/2178 2130/2587/2082
f 2130/2587/2082 2226/2735/2178 2024/1863/1976
f 2226/2735/2178 2225/2734/2177 147/2736/101
f 2024/1863/1976 2226/2735/2178 2227/2737/2179
f 148/2738/102 2226/2735/2178 147/2736/101
f 2227/2737/2179 2226/2735/2178 148/2738/102
f 2785/415/2737 2782/414/2734 2773/757/2725 2776/2688/2728
f 1928/1351/1880 1927/3138/1879 3476/3139/3421 1926/1352/1878
f 3367/555/3312 3359/554/3304 3361/2376/3306 3365/1856/3310
f 2921/1280/2873 2781/3140/2733 2924/1865/2876 2925/2601/2877
f 2064/141/2016 2096/2792/2048 2097/2789/2049 2100/756/2052
f 2438/2972/2390 2435/3011/2387 2440/243/2392 2445/2973/2397
f 552/1205/506 555/1129/509 574/1185/528 584/1198/538
f 6002/1461/5945 5934/3141/5877 5935/2522/5878 6003/1462/5946
f 2308/2925/2260 2307/1206/2259 2311/1209/2263 2453/2249/2405
f 4310/3142/4254 4307/3143/4251 4308/3144/4252 4311/3145/4255
f 2005/2497/1957 2002/2498/1954 2003/160/1955 2006/163/1958
f 2183/2661/2135 2240/2764/2192 2238/2765/2190
f 2240/2764/2192 2183/2661/2135 2175/2660/2127
f 6559/273/6502 6561/272/6504 6557/2045/6500 6554/2770/6497
f 2175/2660/2127 2242/2771/2194 2240/2764/2192
f 2173/2773/2125 2242/2771/2194 2175/2660/2127
f 2241/2772/2193 2242/2771/2194 2173/2773/2125
f 2376/3146/2328 223/3147/177 2372/3022/2324 2375/3023/2327
f 2243/2801/2195 169/2774/123 2173/2773/2125
f 2174/2873/2126 2243/2801/2195 2173/2773/2125
f 5688/1806/5631 5687/1791/5630 5689/1804/5632 5690/1805/5633
f 166/2717/120 2212/2713/2164 2213/2715/2165 2214/2718/2166
f 167/2877/121 168/2803/122 2244/2802/2196
f 165/2876/119 167/2877/121 2244/2802/2196
f 2245/1854/2197 184/2887/138 185/2888/139
f 185/2888/139 2246/1829/2198 2245/1854/2197
f 2246/1829/2198 185/2888/139 2247/2889/2199
f 1748/2852/1700 1744/382/1696 434/2846/388 1747/2891/1699
f 2246/1829/2198 2247/2889/2199 2249/1830/2201
f 142/2890/96 2158/518/2110 2159/2852/2111 139/2891/93
f 955/710/909 949/1767/903 961/1488/915 974/1174/928
f 2251/1828/2203 2250/1855/2202 2246/1829/2198
f 190/1831/144 2249/1830/2201 188/2892/142
f 2906/3055/2858 307/3108/261 2903/2460/2855 2908/2463/2860
f 1780/2893/1732 1774/1855/1726 1776/1828/1728 1781/2901/1733
f 2252/2857/2204 2250/1855/2202 2254/2893/2206
f 4883/2577/4827 4876/1009/4820 4885/2578/4829 4904/2579/4848
f 2253/2854/2205 2252/2857/2204 2256/1602/2208
f 2252/2857/2204 2254/2893/2206 2256/1602/2208
f 2253/2854/2205 2256/1602/2208 2476/2898/2428
f 2257/2899/2209 2258/2900/2210 190/1831/144
f 2259/1843/2211 2476/2898/2428 2256/1602/2208
f 2254/2893/2206 2255/2901/2207 2260/1603/2212
f 2260/1603/2212 2256/1602/2208 2254/2893/2206
f 2255/2901/2207 2258/2900/2210 2261/677/2213
f 4648/1825/4592 4644/1824/4588 4647/3148/4591 4649/3149/4593
f 2071/740/2023 2068/739/2020 2070/2106/2022 2073/2841/2025
f 2262/678/2214 2258/2900/2210 2263/1157/2215
f 2920/1278/2872 2911/1279/2863 2921/1280/2873 2922/1281/2874
f 2266/2902/2218 198/1158/152 2267/2903/2219
f 198/1158/152 2266/2902/2218 2265/1156/2217
f 2266/2902/2218 2269/2818/2221 2265/1156/2217
f 2269/2818/2221 2266/2902/2218 2270/2819/2222
f 2743/1605/2695 2739/1604/2691 2762/2928/2714 2765/2136/2717
f 612/1820/566 610/133/564 611/1252/565 997/1654/951
f 208/2817/162 205/2820/159 206/2904/160
f 2358/2682/2310 2359/1190/2311 2363/1189/2315 2361/1352/2313
f 208/2817/162 2273/2754/2225 2269/2818/2221
f 2273/2754/2225 208/2817/162 2274/2755/2226
f 2272/2907/2224 2269/2818/2221 2275/1039/2227
f 2275/1039/2227 2269/2818/2221 2273/2754/2225
f 1698/2789/1650 1696/756/1648 1697/141/1649 1701/2792/1653
f 1720/1888/1672 1719/738/1671 1724/737/1676 1723/1889/1675
f 2069/738/2021 2067/2825/2019 2066/2105/2018 2068/739/2020
f 5331/749/5275 5326/621/5270 1915/620/1867 100/750/54
f 2279/929/2231 2277/1040/2229 2276/930/2228
f 2415/1679/2367 2410/1864/2362 2413/1867/2365 2426/1680/2378
f 1796/115/1748 1799/2907/1751 1805/1516/1757 1808/116/1760
f 1286/2242/1239 1121/2072/1075 1154/2071/1108 1159/2246/1113
f 2193/211/2145 2191/210/2143 3612/2503/3557 3603/3150/3548
f 3091/2553/3043 3094/2534/3046 3097/3151/3049 3095/3152/3047
f 2062/139/2014 2053/1423/2005 2050/1422/2002 2063/711/2015
f 2261/677/2213 2268/114/2220 2285/3153/2237
f 2264/1604/2216 2261/677/2213 2285/3153/2237
f 2268/114/2220 2283/117/2235 2286/718/2238
f 2286/718/2238 2285/3153/2237 2268/114/2220
f 275/2716/229 274/2720/228 2541/2718/2493 2539/2715/2491
f 2288/2697/2240 2264/1604/2216 2285/3153/2237
f 2285/3153/2237 2286/718/2238 2289/717/2241
f 2289/717/2241 2288/2697/2240 2285/3153/2237
f 3283/339/3228 3285/324/3230 410/328/364 412/340/366
f 1064/1690/1018 1062/3154/1016 349/3155/303 350/3156/304
f 2286/718/2238 2283/117/2235 2287/584/2239 2290/719/2242
f 2060/3157/2012 2056/2917/2008 2058/142/2010 2102/755/2054
f 3198/3158/3148 3200/3159/3150 3204/3160/3154 356/3161/310
f 6474/626/6417 6473/629/6416 6418/771/6361 6475/772/6418
f 2288/2697/2240 2289/717/2241 2295/2698/2247
f 2264/1604/2216 2288/2697/2240 2297/2136/2249
f 2760/679/2712 2745/114/2697 2758/117/2710 2763/718/2715
f 1469/2939/1421 1467/2843/1419 1460/432/1412 1471/27/1423
f 2256/1602/2208 2260/1603/2212 2299/1605/2251
f 4288/2667/4232 4351/2666/4295 4356/3162/4300 4284/2943/4228
f 948/1770/902 945/1760/899 947/707/901 953/1666/907
f 4280/2945/4224 4281/2944/4225 4276/3163/4220 4277/3164/4221
f 2299/1605/2251 2302/1841/2254 2256/1602/2208
f 2303/1936/2255 2302/1841/2254 2299/1605/2251
f 5146/2936/5090 5145/2578/5089 5143/2937/5087 5144/2938/5088
f 2302/1841/2254 2303/1936/2255 2305/2922/2257
f 2306/2923/2258 2304/1842/2256 2302/1841/2254
f 2305/2922/2257 2306/2923/2258 2302/1841/2254
f 4491/3165/4435 4490/3116/4434 4495/3166/4439 4499/3167/4443
f 5317/3105/5261 53/3168/7 7109/3169/7051 7113/3170/7055
f 2306/2923/2258 2305/2922/2257 2308/2925/2260
f 2306/2923/2258 2309/2924/2261 2304/1842/2256
f 2259/1843/2211 2304/1842/2256 2309/2924/2261
f 5585/1532/5528 5586/1572/5529 5596/3120/5539 5600/1533/5543
f 2676/202/2628 2621/651/2573 2614/1329/2566 2679/2782/2631
f 98/503/52 97/502/51 1917/619/1869 99/618/53
f 1858/1718/1810 1852/1126/1804 1856/507/1808 1870/506/1822
f 2312/1859/2264 2300/2696/2252 2314/2699/2266
f 2315/1858/2267 2310/1207/2262 2312/1859/2264
f 2108/390/2060 2059/389/2011 2106/2537/2058 2111/2538/2063
f 2317/2911/2269 2312/1859/2264 2314/2699/2266
f 2315/1858/2267 2312/1859/2264 2317/2911/2269
f 5848/724/5791 5846/721/5789 5788/722/5731 5789/723/5732
f 1681/2645/1633 1682/2646/1634 1705/2647/1657 1756/2648/1708
f 2315/1858/2267 2317/2911/2269 2320/2631/2272
f 2320/2631/2272 2317/2911/2269 2319/413/2271
f 2321/2940/2273 2310/1207/2262 2315/1858/2267
f 2310/1207/2262 2321/2940/2273 2313/1208/2265
f 2315/1858/2267 2320/2631/2272 2322/1126/2274
f 2322/1126/2274 2321/2940/2273 2315/1858/2267
f 2323/412/2275 2320/2631/2272 2319/413/2271
f 2774/2696/2726 2767/2697/2719 2770/2698/2722 2775/2699/2727
f 85/3171/39 83/1557/37 3473/1560/3418 91/3172/45
f 3581/1856/3526 3585/1170/3530 3586/1857/3531 3583/555/3528
f 3586/1857/3531 3585/1170/3530 3588/1173/3533 3591/899/3536
f 2054/2452/2006 2057/388/2009 2061/387/2013 2121/462/2073
f 282/2684/236 2584/2685/2536 3825/2686/3770 2583/2687/2535
f 280/2828/234 2585/2829/2537 2586/926/2538 2587/925/2539
f 1583/462/1535 1587/463/1539 1590/464/1542 1589/465/1541
f 1692/650/1644 1688/651/1640 1695/652/1647 1699/653/1651
f 2328/2748/2280 2331/2454/2283 2326/2455/2278
f 2321/2940/2273 2322/1126/2274 2333/1718/2285
f 4785/3173/4729 4783/3174/4727 4786/3175/4730 4789/3061/4733
f 2332/2790/2284 2334/2896/2286 2328/2748/2280
f 2331/2454/2283 2328/2748/2280 2334/2896/2286
f 2333/1718/2285 2335/1717/2287 2321/2940/2273
f 2313/1208/2265 2321/2940/2273 2335/1717/2287
f 3863/1172/3808 5372/2584/5315 3864/3176/3809 3867/2329/3812
f 138/48/92 2011/49/1963 140/46/94 3673/47/3618
f 897/1721/851 895/1712/849 876/1694/830 898/3177/852
f 6049/1905/5992 6025/1779/5968 6027/2443/5970 6078/943/6021
f 5767/277/5710 5842/547/5785 5766/548/5709 5769/278/5712
f 2826/537/2778 2822/120/2774 2823/2135/2775 2880/538/2832
f 983/1176/937 972/1175/926 981/1818/935 990/1817/944
f 2330/1128/2282 2327/1127/2279 2326/2455/2278 2331/2454/2283
f 3604/636/3549 3606/370/3551 3608/369/3553 3607/866/3552
f 1582/1566/1534 1579/2452/1531 1583/462/1535 1589/465/1541
f 2341/1715/2293 2344/2135/2296 2346/537/2298
f 2346/537/2298 2344/2135/2296 2345/538/2297
f 2806/2249/2758 2803/2925/2755 2798/1206/2750 2808/1209/2760
f 2346/537/2298 2348/121/2300 2341/1715/2293
f 5715/3178/5658 5714/1971/5657 5652/1970/5595 5655/3179/5598
f 4455/3180/4399 4452/3181/4396 4436/3182/4380 4426/3183/4370
f 6739/442/6682 6737/443/6680 6670/444/6613 6675/445/6618
f 4498/3184/4442 4495/3166/4439 4494/3134/4438 4497/692/4441
f 254/238/208 2700/643/2652 2653/644/2605 2658/239/2610
f 2348/121/2300 2346/537/2298 2353/1250/2305
f 2783/1866/2735 2780/961/2732 2761/583/2713 2757/1517/2709
f 2402/1280/2354 2400/1279/2352 2336/421/2288 2338/3140/2290
f 2556/3150/2508 3884/1849/3829 2555/1848/2507 2557/211/2509
f 548/962/502 6960/963/6902 1031/964/985 570/965/524
f 2835/242/2787 2810/3111/2762 2832/2973/2784 2834/243/2786
f 3937/159/3882 3936/158/3881 3934/3185/3879 3935/3186/3880
f 2586/926/2538 2583/2687/2535 2580/3187/2532 2582/145/2534
f 110/189/64 1892/188/1844 1893/3013/1845 3474/3076/3419
f 3498/75/3443 3494/434/3439 3497/1290/3442 3502/1291/3447
f 209/931/163 2412/3031/2364 2411/3032/2363 2414/1097/2366
f 2564/480/2516 2561/937/2513 2563/2653/2515 2567/481/2519
f 5935/2308/5878 5934/2487/5877 5933/2488/5876 5936/2309/5879
f 2197/489/2149 2203/488/2155 2204/1625/2156 2139/1626/2091
f 2947/160/2899 2948/163/2900 2949/2497/2901 2942/2498/2894
f 1936/1938/1888 1933/1191/1885 1935/539/1887 1938/667/1890
f 2369/1938/2321 2370/2840/2322 2368/2374/2320
f 6773/1531/6716 6771/2524/6714 6772/2523/6715 6774/2400/6717
f 2370/2840/2322 2369/1938/2321 2374/1937/2326
f 2374/1937/2326 2371/3021/2323 2370/2840/2322
f 2842/1922/2794 2809/1923/2761 2805/1920/2757 2807/1921/2759
f 2372/3022/2324 2371/3021/2323 2375/3023/2327
f 2374/1937/2326 2375/3023/2327 2371/3021/2323
f 332/2446/286 2846/2708/2798 2845/2709/2797 2847/2710/2799
f 6561/272/6504 6559/273/6502 6564/274/6507 6568/275/6511
f 2128/2589/2080 2125/2640/2077 2122/465/2074 2123/464/2075
f 1348/245/1300 1346/2324/1298 1343/2325/1295 1369/246/1321
f 2377/504/2329 2379/3027/2331 2380/3028/2332
f 2330/1128/2282 2381/2639/2333 2379/3027/2331
f 2379/3027/2331 2381/2639/2333 2380/3028/2332
f 2381/2639/2333 2330/1128/2282 2331/2454/2283
f 2382/3029/2334 2374/1937/2326 2378/668/2330
f 2383/2638/2335 2380/3028/2332 2381/2639/2333
f 2380/3028/2332 2383/2638/2335 2382/3029/2334
f 2331/2454/2283 2384/2461/2336 2381/2639/2333
f 1754/2859/1706 1755/2860/1707 1703/2793/1655 1752/516/1704
f 2374/1937/2326 2385/3188/2337 2375/3023/2327
f 2374/1937/2326 2382/3029/2334 2385/3188/2337
f 2383/2638/2335 2386/2637/2338 2382/3029/2334
f 2386/2637/2338 2384/2461/2336 5232/3030/5176
f 211/2460/165 5232/3030/5176 2384/2461/2336
f 2384/2461/2336 2331/2454/2283 2387/2462/2339
f 4062/1564/4007 4058/1371/4003 4061/787/4006 4064/782/4009
f 2334/2896/2286 2387/2462/2339 2331/2454/2283
f 1682/2646/1634 1673/2654/1625 1661/1327/1613 1683/1326/1635
f 733/1466/687 728/1448/682 730/1454/684 732/1465/686
f 2390/2463/2342 2387/2462/2339 2391/2849/2343
f 2392/2895/2344 2391/2849/2343 2387/2462/2339
f 2392/2895/2344 2387/2462/2339 2334/2896/2286
f 2995/966/2947 832/962/786 869/965/823 1024/1847/978
f 2391/2849/2343 2392/2895/2344 2393/2850/2345
f 2394/2851/2346 195/3053/149 2395/3054/2347
f 2393/2850/2345 195/3053/149 2394/2851/2346
f 2393/2850/2345 2396/3051/2348 195/3053/149
f 2396/3051/2348 2393/2850/2345 2397/3052/2349
f 5429/2478/5372 5427/2479/5370 5496/2476/5439 5494/2477/5437
f 2398/3050/2350 2392/2895/2344 191/2894/145
f 5168/3189/5112 5170/3190/5114 5184/2919/5128 5166/2579/5110
f 193/3047/147 191/2894/145 2399/2897/2351
f 2334/2896/2286 2332/2790/2284 2399/2897/2351
f 2400/1279/2352 2399/2897/2351 2332/2790/2284
f 2399/2897/2351 2400/1279/2352 2401/1278/2353
f 4117/1390/4061 4115/1389/4059 4113/1567/4057 4114/647/4058
f 2642/2796/2594 2646/140/2598 2649/712/2601 2644/2807/2596
f 2403/1281/2355 201/3048/155 2404/3049/2356
f 201/3048/155 2403/1281/2355 2402/1280/2354
f 2405/2601/2357 201/3048/155 2402/1280/2354
f 3051/2038/3003 3045/2037/2997 3048/3191/3000 3054/3192/3006
f 201/3048/155 2405/2601/2357 2406/2600/2358
f 448/2603/402 1552/2597/1504 443/2598/397 445/2604/399
f 207/2602/161 2408/3056/2360 204/2599/158
f 2074/737/2026 2087/1889/2039 2088/1888/2040 2069/738/2021
f 207/2602/161 2405/2601/2357 2409/2908/2361
f 2754/1516/2706 2749/2907/2701 2752/1039/2704 2756/1038/2708
f 3831/625/3776 2565/2826/2517 3826/2827/3771 3833/622/3778
f 2410/1864/2362 2411/3032/2363 2409/2908/2361
f 1275/2243/1228 1268/2093/1221 1266/2092/1219 1274/2241/1227
f 2202/491/2154 2201/2912/2153 174/3193/128 2203/488/2155
f 1804/1040/1756 1802/1039/1754 1800/2754/1752 1803/930/1755
f 180/2856/134 2248/1853/2200 2250/1855/2202 2252/2857/2204
f 2169/170/2121 2219/171/2171 2218/178/2170 2171/177/2123
f 2416/1098/2368 2414/1097/2366 2415/1679/2367
f 5184/2919/5128 5189/2920/5133 5193/2921/5137 5196/2918/5140
f 5501/762/5444 5471/1598/5414 5469/698/5412 5473/1801/5416
f 6095/762/6038 6097/1598/6040 6118/698/6061 6122/1801/6065
f 2421/2532/2373 2277/1040/2229 2279/929/2231
f 2415/1679/2367 2422/1551/2374 2416/1098/2368
f 1734/742/1686 1732/2835/1684 1729/1111/1681 1731/1197/1683
f 3280/3194/3225 3278/3195/3223 3279/1214/3224 3281/1213/3226
f 2424/2498/2376 2277/1040/2229 2421/2532/2373
f 4398/3196/4342 4394/1640/4338 4395/3197/4339 4399/3198/4343
f 2070/2106/2022 2045/2213/1997 2072/2501/2024 2073/2841/2025
f 2423/2836/2375 2425/161/2377 2427/160/2379
f 2424/2498/2376 2423/2836/2375 2427/160/2379
f 1821/1041/1773 2002/2498/1954 2005/2497/1957 1999/2834/1951
f 2443/466/2395 228/467/182 227/468/181 2451/469/2403
f 2429/2834/2381 2430/163/2382 2428/162/2380
f 2947/160/2899 2945/161/2897 2946/162/2898 2948/163/2900
f 2430/163/2382 2429/2834/2381 2431/2497/2383
f 525/1076/479 523/1051/477 1016/1043/970 526/3086/480
f 2419/1041/2371 2431/2497/2383 2429/2834/2381
f 342/1351/296 343/3138/297 2870/3139/2822 2869/1352/2821
f 1021/962/975 759/963/713 809/964/763 1020/965/974
f 3841/634/3786 3843/635/3788 3845/632/3790 3844/633/3789
f 2190/2677/2142 2189/397/2141 2192/3187/2144 3545/3199/3490
f 1621/1848/1573 1625/1660/1577 1627/491/1579 1623/490/1575
f 229/2980/183 2365/1350/2317 2363/1189/2315 2366/1188/2318
f 4051/1601/3996 2830/1250/2782 2865/2681/2817 4048/2680/3993
f 1666/145/1618 1659/3187/1611 1655/397/1607 1657/146/1609
f 2235/925/2187 2232/926/2184 2234/145/2186 2237/144/2189
f 6525/3200/6468 6460/2530/6403 6522/2474/6465 6524/2473/6467
f 2559/2502/2511 3887/2503/3832 2558/210/2510 2561/937/2513
f 474/2981/428 475/3014/429 1669/2765/1621 1672/2764/1624
f 2444/1642/2396 2355/335/2307 2442/1643/2394
f 2355/335/2307 2444/1642/2396 2337/2941/2289
f 1932/540/1884 1887/2681/1839 1884/1250/1836 1875/537/1827
f 2237/144/2189 2234/145/2186 2185/146/2137 2181/147/2133
f 4384/3201/4328 4401/3202/4345 4405/3203/4349 4414/3204/4358
f 2447/2250/2399 2337/2941/2289 2444/1642/2396
f 6629/2561/6572 6628/3205/6571 6627/3206/6570 6630/3207/6573
f 2444/1642/2396 2449/2248/2401 2447/2250/2399
f 1413/2355/1365 1371/1458/1323 1373/1457/1325 1420/2401/1372
f 2007/307/1959 3662/306/3607 3660/569/3605 2010/568/1962
f 2451/469/2403 2450/1922/2402 2443/466/2395
f 4079/1496/4024 4077/1497/4022 4080/1498/4025 4084/1499/4029
f 5624/3141/5567 5623/1461/5566 5626/1359/5569 5627/3208/5570
f 5593/3132/5536 5518/3133/5461 5519/722/5462 5520/721/5463
f 1091/1060/1045 1088/1714/1042 357/3209/311 1089/1912/1043
f 2450/1922/2402 2451/469/2403 2455/1923/2407
f 2455/1923/2407 2309/2924/2261 2454/1920/2406
f 2455/1923/2407 2451/469/2403 2456/2982/2408
f 225/2709/179 2457/2708/2409 2456/2982/2408
f 2457/2708/2409 2455/1923/2407 2456/2982/2408
f 276/3024/230 275/2716/229 2536/2707/2488 2543/2510/2495
f 2459/2983/2411 2455/1923/2407 2457/2708/2409
f 2309/2924/2261 2455/1923/2407 2459/2983/2411
f 2459/2983/2411 2457/2708/2409 219/2984/173
f 2309/2924/2261 2459/2983/2411 219/2984/173
f 219/2984/173 2457/2708/2409 2460/2875/2412
f 218/2988/172 2309/2924/2261 219/2984/173
f 2460/2875/2412 2457/2708/2409 2461/2445/2413
f 2461/2445/2413 2457/2708/2409 2458/2446/2410
f 4099/2563/4043 4097/181/4041 4050/3210/3995 4100/2564/4044
f 333/3146/287 2891/3211/2843 2892/3212/2844 330/3213/284
f 2463/2874/2415 2462/2444/2414 220/2986/174
f 220/2986/174 2462/2444/2414 221/2447/175
f 2464/2987/2416 2309/2924/2261 218/2988/172
f 2465/2989/2417 2464/2987/2416 218/2988/172
f 2466/2990/2418 2464/2987/2416 2465/2989/2417
f 2464/2987/2416 2466/2990/2418 2467/2991/2419
f 2467/2991/2419 2309/2924/2261 2464/2987/2416
f 2467/2991/2419 2468/2992/2420 2309/2924/2261
f 2468/2992/2420 2467/2991/2419 2469/2993/2421
f 2468/2992/2420 2469/2993/2421 2470/2994/2422
f 216/2995/170 2468/2992/2420 2470/2994/2422
f 216/2995/170 2471/2996/2423 2468/2992/2420
f 2471/2996/2423 2309/2924/2261 2468/2992/2420
f 2471/2996/2423 2472/2997/2424 2309/2924/2261
f 2472/2997/2424 2471/2996/2423 214/2998/168
f 2473/2999/2425 2472/2997/2424 214/2998/168
f 2474/3000/2426 2472/2997/2424 2473/2999/2425
f 177/3001/131 2472/2997/2424 2474/3000/2426
f 2472/2997/2424 177/3001/131 2309/2924/2261
f 177/3001/131 2475/3002/2427 2309/2924/2261
f 2309/2924/2261 2475/3002/2427 2259/1843/2211
f 2475/3002/2427 177/3001/131 176/3003/130
f 2259/1843/2211 2475/3002/2427 2476/3004/2428
f 2477/3005/2429 2475/3002/2427 176/3003/130
f 2476/3004/2428 2475/3002/2427 2477/3005/2429
f 2478/983/2430 2480/2566/2432 2479/2567/2431
f 2479/2567/2431 2481/984/2433 2478/983/2430
f 2481/984/2433 2479/2567/2431 236/2568/190
f 1984/2849/1936 1979/2850/1931 1982/2851/1934 81/2848/35
f 2481/984/2433 236/2568/190 238/2344/192
f 1985/2463/1937 1984/2849/1936 81/2848/35 82/3055/36
f 6907/3141/6850 6842/2522/6785 6904/1462/6847 6906/1461/6849
f 2485/2343/2437 2483/985/2435 2481/984/2433
f 2485/2343/2437 2486/2569/2438 240/2345/194
f 1751/519/1703 1750/518/1702 1749/2890/1701 441/3214/395
f 3365/1856/3310 3361/2376/3306 3360/2377/3305 3362/2288/3307
f 2729/2857/2681 2725/1855/2677 2730/2893/2682 2732/3215/2684
f 7012/2579/6954 6998/3216/6940 6987/3217/6929 6985/2577/6927
f 2489/614/2441 2487/617/2439 2492/682/2444
f 2491/2580/2443 2492/682/2444 2490/2490/2442
f 2493/2581/2445 2494/2582/2446 240/2345/194
f 2332/2790/2284 2298/418/2250 2336/421/2288 2400/1279/2352
f 2489/614/2441 2495/681/2447 232/2585/186
f 2492/682/2444 2491/2580/2443 2496/680/2448
f 2497/1863/2449 232/2585/186 2495/681/2447
f 2491/2580/2443 2494/2582/2446 2498/2586/2450
f 4813/3034/4757 4808/2753/4752 4811/2910/4755 4814/3008/4758
f 199/2848/153 2391/2849/2343 2393/2850/2345 2394/2851/2346
f 2494/2582/2446 2500/1305/2452 2498/2586/2450
f 2500/1305/2452 2494/2582/2446 2501/1306/2453
f 1608/209/1560 1603/2102/1555 1605/2104/1557 1609/938/1561
f 4939/1274/4883 4941/1277/4885 4942/3218/4886 4943/3219/4887
f 250/2595/204 245/1307/199 248/2596/202
f 245/1307/199 250/2595/204 2503/1304/2455
f 2502/1566/2454 2505/1861/2457 2495/681/2447
f 2031/1566/1983 2029/1565/1981 2051/1292/2003 2054/2452/2006
f 2507/465/2459 2505/1861/2457 2502/1566/2454
f 4250/1900/4194 4251/3220/4195 4253/3221/4197 4252/1901/4196
f 2499/1862/2451 2505/1861/2457 2508/2588/2460
f 3464/2786/3409 3460/2783/3405 3419/2784/3364 3421/2785/3366
f 2505/1861/2457 2507/465/2459 2510/2640/2462
f 2505/1861/2457 2510/2640/2462 2508/2588/2460
f 1946/3027/1898 1945/504/1897 1856/507/1808 1948/1128/1900
f 1074/1934/1028 1077/1960/1031 1080/1903/1034 1081/1880/1035
f 2510/2640/2462 2513/2589/2465 2508/2588/2460
f 2323/412/2275 2324/415/2276 2326/2455/2278 2327/1127/2279
f 2506/2452/2458 2509/1292/2461 2514/388/2466
f 4711/295/4655 4715/1695/4659 4718/1698/4662 4716/296/4660
f 2508/2588/2460 2516/2587/2468 2499/1862/2451
f 2497/1863/2449 2499/1862/2451 2516/2587/2468
f 5790/906/5733 5848/724/5791 5789/723/5732 5791/905/5734
f 2516/2587/2468 2518/2735/2470 2497/1863/2449
f 2497/1863/2449 2518/2735/2470 232/2737/186
f 232/2737/186 2518/2735/2470 2519/2738/2471
f 2519/2738/2471 2518/2735/2470 2520/2736/2472
f 2518/2735/2470 2521/2734/2473 2520/2736/2472
f 2521/2734/2473 2518/2735/2470 2516/2587/2468
f 1888/242/1840 1867/3111/1819 1886/2973/1838 1889/243/1841
f 2523/2730/2475 2521/2734/2473 2516/2587/2468
f 2521/2734/2473 2523/2730/2475 2524/2733/2476
f 2524/2733/2476 2523/2730/2475 234/2732/188
f 234/2732/188 2523/2730/2475 2525/2731/2477
f 2523/2730/2475 262/2729/216 2525/2731/2477
f 262/2729/216 2523/2730/2475 2516/2587/2468
f 262/2729/216 2516/2587/2468 2527/2725/2479
f 2527/2725/2479 2528/2728/2480 262/2729/216
f 2528/2728/2480 2527/2725/2479 265/2727/219
f 2527/2725/2479 266/2726/220 265/2727/219
f 2527/2725/2479 2529/2724/2481 266/2726/220
f 2527/2725/2479 2516/2587/2468 2529/2724/2481
f 4288/2667/4232 4284/2943/4228 4283/2946/4227 4287/3222/4231
f 5729/661/5672 5677/662/5620 5678/659/5621 5732/660/5675
f 2516/2587/2468 2531/2721/2483 2529/2724/2481
f 2531/2721/2483 268/2723/222 2529/2724/2481
f 268/2723/222 2531/2721/2483 2532/2722/2484
f 2532/2722/2484 2531/2721/2483 270/2714/224
f 2531/2721/2483 2533/2712/2485 270/2714/224
f 2533/2712/2485 2531/2721/2483 2516/2587/2468
f 2516/2587/2468 2534/2711/2486 2533/2712/2485
f 2516/2587/2468 2535/2662/2487 2534/2711/2486
f 2535/2662/2487 2516/2587/2468 2515/2590/2467
f 2534/2711/2486 2536/2707/2488 2533/2712/2485
f 2534/2711/2486 2535/2662/2487 2536/2707/2488
f 2533/2712/2485 2536/2707/2488 2537/2713/2489
f 2139/1626/2091 2135/2662/2087 2131/2590/2083 2133/2763/2085
f 2537/2713/2489 2536/2707/2488 2539/2715/2491
f 1058/1800/1012 347/1959/301 348/3223/302 1060/3224/1014
f 6072/2479/6015 6071/2478/6014 6067/2663/6010 6064/274/6007
f 272/2717/226 2541/2718/2493 2542/2719/2494
f 2542/2719/2494 2541/2718/2493 274/2720/228
f 2462/2444/2414 2461/2445/2413 2458/2446/2410 221/2447/175
f 2539/2715/2491 2536/2707/2488 275/2716/229
f 333/3146/287 334/3147/288 335/3022/289 2887/3023/2839
f 2543/2510/2495 2536/2707/2488 2544/2507/2496
f 2536/2707/2488 2535/2662/2487 2544/2507/2496
f 6687/3026/6630 6689/3025/6632 6685/2066/6628 6683/3225/6626
f 2535/2662/2487 2545/2508/2497 2544/2507/2496
f 2538/1626/2490 2545/2508/2497 2535/2662/2487
f 105/2838/59 106/2839/60 1934/2374/1886 1937/2840/1889
f 2545/2508/2497 2538/1626/2490 2546/1625/2498
f 1529/2504/1481 1525/2541/1477 1528/3122/1480 1520/1787/1472
f 1466/560/1418 1465/2484/1417 1461/2627/1413 1467/2843/1419
f 175/32/129 2253/25/2205 2477/24/2429 176/30/130
f 2930/3031/2882 2929/3032/2881 2932/1097/2884 2751/931/2703
f 6082/400/6025 6080/401/6023 6079/402/6022 6081/403/6024
f 3373/1857/3318 3370/1170/3315 3376/1173/3321 3380/899/3325
f 4400/3226/4344 4384/3201/4328 4414/3204/4358 4415/3227/4359
f 682/1364/636 779/1547/733 782/1552/736 680/1376/634
f 6221/2749/6164 6217/534/6160 6165/533/6108 6166/2750/6109
f 1621/1848/1573 1619/211/1571 3393/3150/3338 1622/1849/1574
f 4834/430/4778 4831/3228/4775 4836/317/4780 4837/316/4781
f 4385/1638/4329 4383/1049/4327 4386/3229/4330 4390/1639/4334
f 1653/395/1605 1654/396/1606 1657/146/1609 1655/397/1607
f 1484/2495/1436 1482/613/1434 1485/173/1437 1488/172/1440
f 342/492/296 340/229/294 341/228/295 2838/493/2790
f 2560/209/2512 2561/937/2513 2558/210/2510
f 2560/209/2512 2530/2102/2482 2562/2104/2514
f 2562/2104/2514 2563/2653/2515 2560/209/2512
f 6851/405/6794 6798/279/6741 6801/278/6744 6854/374/6797
f 2561/937/2513 2560/209/2512 2563/2653/2515
f 4577/3230/4521 4573/3231/4517 4583/3232/4527 4579/3233/4523
f 409/322/363 1540/336/1492 1652/338/1604 1650/333/1602
f 6604/3234/6547 6544/3235/6487 6546/3236/6489 6547/3237/6490
f 2818/1718/2770 2791/1126/2743 2820/507/2772 2821/506/2773
f 1728/2501/1680 1560/2500/1512 1733/2837/1685 1740/2842/1692
f 2568/463/2520 2570/2649/2522 2566/1346/2518
f 2566/1346/2518 2570/2649/2522 2569/2650/2521
f 1853/1127/1805 1852/1126/1804 1846/2631/1798 1848/412/1800
f 2337/2941/2289 2313/1208/2265 2335/1717/2287 2339/1716/2291
f 144/325/98 2163/343/2115 2162/349/2114 151/351/105
f 2573/1328/2525 2569/2650/2521 2570/2649/2522
f 764/1544/718 775/1542/729 774/1537/728 763/2757/717
f 2577/396/2529 2574/483/2526 2572/482/2524
f 2574/483/2526 2577/396/2529 2575/395/2527
f 4639/918/4583 4636/305/4580 4640/2189/4584 4644/1824/4588
f 2598/205/2550 275/204/229 276/955/230 277/956/231
f 4718/1698/4662 4726/1697/4670 4734/2974/4678 4737/2795/4681
f 2228/2687/2180 3544/2686/3489 3545/3199/3490 2192/3187/2144
f 2057/388/2009 2051/1292/2003 2055/1295/2007 2059/389/2011
f 1625/1660/1577 3391/1661/3336 479/1662/433 476/1663/430
f 3791/3238/3736 3790/3239/3735 3793/2074/3738 3794/2073/3739
f 2696/2610/2648 2694/39/2646 2503/1304/2455 2697/2597/2649
f 2550/3193/2502 2549/488/2501 2552/491/2504 281/2912/235
f 251/591/205 2651/590/2603 253/251/207 2701/250/2653
f 6708/2308/6651 6707/2487/6650 6706/2488/6649 6709/2309/6652
f 1473/28/1425 1464/2457/1416 1478/610/1430 1479/29/1431
f 4658/3240/4602 4652/3241/4596 4653/3242/4597 4655/3243/4599
f 279/2509/233 2545/2508/2497 2546/1625/2498 2547/3244/2499
f 6379/3137/6322 6323/3245/6266 6326/3246/6269 6380/3247/6323
f 2538/1626/2490 2535/2662/2487 2515/2590/2467 2517/2763/2469
f 2593/2661/2545 2594/2764/2546 2590/2765/2542
f 1512/3248/1464 1495/2512/1447 1490/1314/1442 1494/175/1446
f 2594/2764/2546 2593/2661/2545 2596/2660/2548
f 2596/2660/2548 2595/2771/2547 2594/2764/2546
f 278/2772/232 2595/2771/2547 2597/2773/2549
f 2597/2773/2549 2595/2771/2547 2596/2660/2548
f 1904/2446/1856 1903/2708/1855 1902/2709/1854 103/2710/57
f 2600/2801/2552 2598/2774/2550 2597/2773/2549
f 6631/2562/6574 6629/2561/6572 6630/3207/6573 6632/3249/6575
f 2062/139/2014 2058/142/2010 2056/2917/2008 2053/1423/2005
f 273/2877/227 2603/2803/2555 2602/2802/2554
f 2604/2876/2556 273/2877/227 2602/2802/2554
f 4865/2470/4809 1458/608/1410 1461/2627/1413 1462/2626/1414
f 2605/2873/2557 2600/2801/2552 2597/2773/2549
f 2606/2872/2558 2605/2873/2557 2597/2773/2549
f 2577/396/2529 2607/2451/2559 2601/2625/2553
f 2572/482/2524 2607/2451/2559 2577/396/2529
f 2608/2866/2560 2606/2872/2558 2597/2773/2549
f 2596/2660/2548 2608/2866/2560 2597/2773/2549
f 2808/1209/2760 2796/1208/2748 2812/2941/2764 2813/2250/2765
f 1374/1459/1326 1378/2145/1330 1430/2144/1382 1433/1447/1385
f 993/1819/947 981/1818/935 982/1124/936 994/1123/948
f 1595/2589/1547 1590/464/1542 1597/1347/1549 1599/2103/1551
f 6878/1809/6821 6877/2651/6820 6875/2652/6818 6804/1810/6747
f 3655/3250/3600 3647/3251/3592 3653/3252/3598 3657/2010/3602
f 2570/2649/2522 2614/1329/2566 2573/1328/2525
f 2596/2660/2548 2615/2648/2567 2608/2866/2560
f 2615/2648/2567 2596/2660/2548 2613/2645/2565
f 2608/2866/2560 2615/2648/2567 2606/2872/2558
f 1943/668/1895 1945/504/1897 1947/3028/1899 1951/3029/1903
f 387/3253/341 385/3254/339 5283/3255/5227 6973/3256/6915
f 2612/2646/2564 2617/2794/2569 2616/2647/2568
f 2617/2794/2569 2619/2793/2571 2616/2647/2568
f 2618/650/2570 2619/2793/2571 2617/2794/2569
f 2620/2860/2572 2616/2647/2568 2619/2793/2571
f 2616/2647/2568 2620/2860/2572 2615/2648/2567
f 577/1187/531 575/1186/529 572/1747/526 571/601/525
f 2619/2793/2571 2618/650/2570 2622/653/2574
f 86/474/40 1795/259/1747 84/258/38 87/475/41
f 2386/2637/2338 2383/2638/2335 2381/2639/2333 2384/2461/2336
f 2622/653/2574 2624/516/2576 2619/2793/2571
f 2620/2860/2572 2625/2859/2577 2615/2648/2567
f 2625/2859/2577 2624/516/2576 2627/2858/2579
f 260/519/214 2627/2858/2579 2624/516/2576
f 2626/2861/2578 2615/2648/2567 2625/2859/2577
f 2626/2861/2578 2625/2859/2577 2627/2862/2579
f 2627/2862/2579 259/2863/213 2626/2861/2578
f 259/2863/213 258/2864/212 2626/2861/2578
f 257/2865/211 2626/2861/2578 258/2864/212
f 2626/2861/2578 257/2865/211 2615/2648/2567
f 3699/1564/3644 3695/1371/3640 3698/787/3643 3701/782/3646
f 2624/516/2576 2622/653/2574 2628/517/2580
f 2488/615/2440 2484/616/2436 2487/617/2439 2489/614/2441
f 305/2856/259 2723/1853/2675 2725/1855/2677 2729/2857/2681
f 2629/518/2581 2628/517/2580 2631/2852/2583
f 2632/2791/2584 2628/517/2580 2622/653/2574
f 415/982/369 1531/983/1483 1533/984/1485 1535/985/1487
f 2634/383/2586 2631/2852/2583 2628/517/2580
f 2631/2852/2583 2634/383/2586 2633/382/2585
f 2634/383/2586 2628/517/2580 2632/2791/2584
f 246/2846/200 243/2845/197 2635/2847/2587
f 2633/382/2585 243/2845/197 246/2846/200
f 2633/382/2585 242/2844/196 243/2845/197
f 242/2844/196 2633/382/2585 2636/381/2588
f 5333/520/5277 1913/521/1865 1907/522/1859 5334/523/5278
f 2637/384/2589 2634/383/2586 2638/2799/2590
f 2098/2791/2050 123/2797/77 2099/2799/2051 2103/383/2055
f 241/2800/195 2638/2799/2590 2639/2797/2591
f 2622/653/2574 2640/2789/2592 2632/2791/2584
f 2640/2789/2592 2622/653/2574 2623/652/2575
f 2632/2791/2584 2641/2792/2593 2639/2797/2591
f 2641/2792/2593 2632/2791/2584 2640/2789/2592
f 2642/2796/2594 2639/2797/2591 2641/2792/2593
f 2639/2797/2591 2642/2796/2594 244/2798/198
f 3764/3257/3709 3763/729/3708 3762/2227/3707 3765/2226/3710
f 817/765/771 815/764/769 3000/1132/2952 818/1609/772
f 2692/42/2644 2690/1293/2642 2498/2586/2450 2500/1305/2452
f 2645/2804/2597 2648/2805/2600 2647/2806/2599
f 2648/2805/2600 2645/2804/2597 2644/2807/2596
f 2852/2444/2804 2851/2445/2803 332/2446/286 331/2447/285
f 2650/2808/2602 2648/2805/2600 2644/2807/2596
f 2648/2805/2600 2650/2808/2602 2651/2812/2603
f 3075/3258/3027 3071/1629/3023 3069/2506/3021 3072/2606/3024
f 2091/2808/2043 114/2821/68 117/2823/71 2090/2812/2042
f 2653/2821/2605 2654/2822/2606 253/2823/207
f 5890/512/5833 5889/513/5832 5765/514/5708 5764/515/5707
f 2653/2821/2605 2650/2808/2602 2655/2824/2607
f 2231/410/2183 2233/225/2185 174/224/128 2201/411/2153
f 88/2602/42 1988/2908/1940 1989/3032/1941 89/3031/43
f 2659/738/2611 2657/1888/2609 2655/2824/2607
f 1561/1703/1513 1554/2610/1506 1557/2499/1509 1563/2213/1515
f 5660/1794/5603 5658/1793/5601 5649/3259/5592 5647/533/5590
f 2748/2754/2700 2750/930/2702 2753/1040/2705 2752/1039/2704
f 2068/739/2020 2071/740/2023 2074/737/2026 2069/738/2021
f 3531/183/3476 3529/182/3474 3530/1355/3475 3534/646/3479
f 2663/1196/2615 2660/1889/2612 2661/737/2613
f 1775/321/1727 63/320/17 65/450/19 1772/451/1724
f 2661/737/2613 2665/1197/2617 2663/1196/2615
f 2691/41/2643 2689/1294/2641 2690/1293/2642 2692/42/2644
f 6269/762/6212 6241/1598/6184 6238/698/6181 6244/1801/6187
f 2047/41/1999 2044/40/1996 2050/1422/2002 2053/1423/2005
f 2670/1423/2622 2680/2917/2632 2689/1294/2641 2691/41/2643
f 2671/1422/2623 2693/40/2645 2695/1703/2647 2672/1704/2624
f 2672/1704/2624 2695/1703/2647 2699/2213/2651 2718/2106/2670
f 2836/188/2788 2833/3011/2785 4106/3012/4050 4104/3013/4048
f 477/2684/431 478/2685/432 3331/2686/3276 1662/2687/1614
f 5988/3137/5931 5986/3136/5929 5920/3260/5863 5923/3245/5866
f 2356/2681/2308 2357/540/2309 2359/1190/2311 2358/2682/2310
f 1838/1207/1790 1828/1935/1780 1837/2696/1789 1840/1859/1792
f 5960/724/5903 5893/721/5836 5894/722/5837 5896/723/5839
f 2680/2917/2632 2678/3157/2630 2688/1295/2640 2689/1294/2641
f 2676/202/2628 2679/2782/2631 2681/203/2633
f 2682/2632/2634 2679/2782/2631 2614/1329/2566
f 2614/1329/2566 2570/2649/2522 2682/2632/2634
f 2570/2649/2522 2568/463/2520 2682/2632/2634
f 2681/203/2633 2679/2782/2631 2683/2538/2635
f 2682/2632/2634 2683/2538/2635 2679/2782/2631
f 2685/2537/2637 2683/2538/2635 2686/390/2638 2687/389/2639
f 2682/2632/2634 2568/463/2520 2684/2630/2636
f 2682/2632/2634 2684/2630/2636 2683/2538/2635
f 2688/1295/2640 2678/3157/2630 2685/2537/2637 2687/389/2639
f 2686/390/2638 2683/2538/2635 2684/2630/2636
f 2684/2630/2636 2571/387/2523 2686/390/2638
f 1516/3124/1468 1513/3261/1465 1512/3248/1464 1519/3121/1471
f 5756/626/5699 5697/629/5640 5698/771/5641 5759/772/5702
f 2874/768/2826 337/654/291 336/657/290 338/767/292
f 3726/1850/3671 3727/1593/3672 3728/674/3673 3729/673/3674
f 2055/1295/2007 2052/1294/2004 2056/2917/2008 2060/3157/2012
f 3486/2979/3431 3519/674/3464 3517/1593/3462 3493/1592/3438
f 1965/1279/1917 1963/421/1915 1967/3140/1919 1971/1280/1923
f 2668/142/2620 2675/755/2627 2678/3157/2630 2680/2917/2632
f 1701/2792/1653 1697/141/1649 1700/140/1652 1704/2796/1656
f 6009/1909/5952 5944/1908/5887 5945/514/5888 6011/513/5954
f 917/975/871 921/1469/875 913/1468/867 914/972/868
f 1680/2774/1632 1763/2801/1715 1764/2802/1716 471/2803/425
f 1619/211/1571 1615/210/1567 3402/2503/3347 3393/3150/3338
f 6539/3090/6482 6534/3007/6477 6598/3006/6541 6600/3089/6543
f 3077/1180/3029 3074/1630/3026 3078/2536/3030 3080/2535/3032
f 250/2595/204 2697/2597/2649 2503/1304/2455
f 2697/2597/2649 250/2595/204 251/2598/205
f 1151/1991/1105 7130/1994/7072 1148/3262/1102 1152/2057/1106
f 2696/2610/2648 2697/2597/2649 2698/2499/2650
f 80/2224/34 3413/2225/3358 3462/2226/3407 3466/2227/3411
f 2926/2599/2878 289/2600/243 2925/2601/2877 285/2602/239
f 2700/2603/2652 2701/2604/2653 2702/2605/2654
f 2700/2603/2652 2703/2608/2655 2697/2597/2649
f 2698/2499/2650 2697/2597/2649 2703/2608/2655
f 2703/2608/2655 2700/2603/2652 254/2609/208
f 2409/2908/2361 2405/2601/2357 2407/1865/2359 2410/1864/2362
f 2713/2842/2665 2710/2837/2662 2712/741/2664 2716/744/2668
f 2328/2748/2280 2325/2688/2277 2298/418/2250 2332/2790/2284
f 2751/931/2703 2932/1097/2884 2934/1098/2886 2936/932/2888
f 2706/1109/2658 2704/2500/2656 2705/2611/2657
f 5748/762/5691 5717/1598/5660 5716/698/5659 5719/1801/5662
f 2707/1108/2659 2704/2500/2656 2706/1109/2658
f 2711/742/2663 2709/2835/2661 2669/1111/2621 2665/1197/2617
f 2421/2532/2373 2420/1550/2372 2423/2836/2375 2424/2498/2376
f 3497/1290/3442 3496/1876/3441 3499/289/3444 3500/288/3445
f 895/1712/849 892/1522/846 886/1541/840 874/1658/828
f 2710/2837/2662 2709/2835/2661 2712/741/2664
f 2709/2835/2661 2711/742/2663 2712/741/2664
f 1738/2841/1690 1737/743/1689 1734/742/1686 1735/740/1687
f 5341/361/5285 5339/358/5283 1910/359/1862 1911/360/1863
f 1631/1625/1583 1630/3244/1582 473/2509/427 1632/2508/1584
f 2429/2834/2381 2428/162/2380 2425/161/2377 2426/1680/2378
f 2716/744/2668 2717/2841/2669 2713/2842/2665
f 2717/2841/2669 2716/744/2668 2715/743/2667
f 4965/1784/4909 4966/2593/4910 4963/3263/4907 4960/3264/4904
f 5153/3083/5097 5149/3081/5093 5147/2577/5091 5163/3082/5107
f 2719/1854/2671 2720/2887/2672 299/2888/253
f 299/2888/253 2721/1829/2673 2719/1854/2671
f 2721/1829/2673 299/2888/253 2722/2889/2674
f 4998/3265/4942 4995/3266/4939 4993/3267/4937 4992/1619/4936
f 2721/1829/2673 2722/2889/2674 2724/1830/2676
f 2484/616/2436 2482/982/2434 2483/985/2435 2487/617/2439
f 6199/2478/6142 6197/2479/6140 6264/2476/6207 6200/2477/6143
f 2726/1828/2678 2725/1855/2677 2721/1829/2673
f 2727/2892/2679 2728/1831/2680 2726/1828/2678
f 1526/2517/1478 1497/2516/1449 1498/2955/1450 1523/3268/1475
f 1538/617/1490 1535/985/1487 1539/2490/1491 1542/682/1494
f 142/2890/96 144/3214/98 151/519/105 2158/518/2110
f 5199/1873/5143 5166/2579/5110 5196/2918/5140 5200/1056/5144
f 312/2854/266 2729/2857/2681 2732/3215/2684
f 2731/2901/2683 2732/3215/2684 2730/2893/2682
f 294/2899/248 2733/2900/2685 2728/1831/2680
f 2026/2586/1978 2027/1305/1979 2034/42/1986 2049/1293/2001
f 312/2854/266 2734/1602/2686 2863/2898/2815
f 2732/3215/2684 2731/2901/2683 2735/1603/2687
f 2736/1843/2688 2863/2898/2815 2734/1602/2686
f 2731/2901/2683 2733/2900/2685 2737/677/2689
f 6367/1532/6310 6345/1572/6288 6355/3120/6298 6364/1533/6307
f 2733/2900/2685 2738/678/2690 2737/677/2689
f 2738/678/2690 2733/2900/2685 293/1157/247
f 5114/992/5058 5111/1749/5055 5113/3269/5057 5116/993/5060
f 2742/2902/2694 2741/1158/2693 292/2903/246
f 2741/1158/2693 2742/2902/2694 2740/1156/2692
f 6201/2663/6144 6205/269/6148 6206/268/6149 6198/275/6141
f 2742/2902/2694 2744/2818/2696 2740/1156/2692
f 2744/2818/2696 2742/2902/2694 290/2819/244
f 2506/2452/2458 2502/1566/2454 2504/1565/2456 2509/1292/2461
f 3719/3270/3664 3717/1498/3662 5364/3088/5307 5367/3271/5310
f 208/2817/162 2269/2818/2221 2270/2819/2222 205/2820/159
f 2746/2817/2698 288/2820/242 287/2904/241
f 3061/2549/3013 3058/2548/3010 3059/3272/3011 3066/3273/3018
f 2746/2817/2698 2748/2754/2700 2744/2818/2696
f 2748/2754/2700 2746/2817/2698 284/2755/238
f 2705/2611/2657 2703/2608/2655 254/2609/208 255/1886/209
f 2752/1039/2704 2744/2818/2696 2748/2754/2700
f 2749/2907/2701 2744/2818/2696 2752/1039/2704
f 2927/2908/2879 2925/2601/2877 2924/1865/2876 2928/1864/2880
f 3801/3274/3746 3797/2075/3742 3799/3275/3744 3803/3276/3748
f 5957/278/5900 5946/279/5889 6018/276/5961 5958/277/5901
f 2336/421/2288 2291/420/2243 2294/961/2246 2338/3140/2290
f 2933/1679/2885 2928/1864/2880 2931/1867/2883 2937/1680/2889
f 1815/583/1767 1808/116/1760 1805/1516/1757 1817/1517/1769
f 2931/1867/2883 2783/1866/2735 2757/1517/2709 2935/2115/2887
f 2759/929/2711 2753/1040/2705 2750/930/2702
f 3535/645/3480 3531/183/3476 3534/646/3479 3536/647/3481
f 449/342/403 444/327/398 450/341/404 452/348/406
f 6779/513/6722 6777/1909/6720 6715/1908/6658 6716/514/6659
f 4454/3277/4398 4451/3278/4395 4450/3279/4394 4453/3280/4397
f 2058/142/2010 2064/141/2016 2100/756/2052 2102/755/2054
f 2763/718/2715 2758/117/2710 2764/584/2716
f 169/2774/123 2243/2801/2195 2244/2802/2196 168/2803/122
f 2765/2136/2717 2762/2928/2714 2767/2697/2719
f 3583/555/3528 3577/554/3522 3579/2376/3524 3581/1856/3526
f 2764/584/2716 2768/2933/2720 2763/718/2715
f 2768/2933/2720 2766/717/2718 2763/718/2715
f 2233/225/2185 2236/221/2188 173/220/127 174/224/128
f 2764/584/2716 2771/419/2723 2768/2933/2720
f 5585/1532/5528 5580/1910/5523 5576/1909/5519 5579/1152/5522
f 2768/2933/2720 2772/758/2724 2766/717/2718
f 2770/2698/2722 2766/717/2718 2772/758/2724
f 2771/419/2723 2773/757/2725 2768/2933/2720
f 2772/758/2724 2768/2933/2720 2773/757/2725
f 6497/529/6440 6421/530/6364 6498/81/6441 6499/80/6442
f 5425/3113/5368 5422/3281/5365 5424/3282/5367 5438/3114/5381
f 3322/3283/3267 3319/2746/3264 3321/2745/3266 3323/354/3268
f 3634/3186/3579 3633/159/3578 3632/158/3577 3636/3185/3581
f 2777/1859/2729 2774/2696/2726 2775/2699/2727
f 2779/2911/2731 2777/1859/2729 2775/2699/2727
f 4393/3284/4337 4391/3285/4335 4392/3286/4336 4376/3287/4320
f 2769/420/2721 2781/3140/2733 2778/418/2730
f 2781/3140/2733 2769/420/2721 2780/961/2732
f 2773/757/2725 2782/414/2734 2772/758/2724
f 3960/2746/3905 3958/2745/3903 3962/354/3907 3963/3283/3908
f 1924/2683/1876 1925/2682/1877 1926/1352/1878 3476/3139/3421
f 2675/755/2627 2677/200/2629 2685/2537/2637 2678/3157/2630
f 2787/2631/2739 2779/2911/2731 2784/413/2736
f 2786/412/2738 2787/2631/2739 2784/413/2736
f 1695/652/1647 1694/201/1646 1696/756/1648 1698/2789/1650
f 4608/3288/4552 4595/3289/4539 4599/3290/4543 4610/3291/4554
f 3620/3292/3565 3617/3293/3562 3618/3294/3563 3646/3295/3591
f 2790/1858/2742 2779/2911/2731 2787/2631/2739
f 2790/1858/2742 2777/1859/2729 2779/2911/2731
f 2117/651/2069 2116/1329/2068 2113/2782/2065 2109/202/2061
f 2790/1858/2742 2787/2631/2739 2791/1126/2743
f 2790/1858/2742 2793/1207/2745 2777/1859/2729
f 2327/1127/2279 2322/1126/2274 2320/2631/2272 2323/412/2275
f 2791/1126/2743 2794/2940/2746 2790/1858/2742
f 2794/2940/2746 2793/1207/2745 2790/1858/2742
f 2793/1207/2745 2794/2940/2746 2796/1208/2748
f 1658/2625/1610 1656/2451/1608 1661/1327/1613 1673/2654/1625
f 1826/1206/1778 1818/1936/1770 1828/1935/1780 1838/1207/1790
f 1881/1600/1833 1883/121/1835 1884/1250/1836 1885/1601/1837
f 2797/1936/2749 2799/1841/2751 2743/1605/2695
f 2743/1605/2695 2799/1841/2751 2734/1602/2686
f 4878/3296/4822 5251/2780/5195 5255/3253/5199 5257/3297/5201
f 2799/1841/2751 2797/1936/2749 2800/2922/2752
f 1543/681/1495 1585/1861/1537 1591/1862/1543 1545/1863/1497
f 2799/1841/2751 2800/2922/2752 2802/2923/2754
f 2801/1842/2753 2799/1841/2751 2802/2923/2754
f 2800/2922/2752 2803/2925/2755 2802/2923/2754
f 2736/1843/2688 2801/1842/2753 2804/2924/2756
f 2802/2923/2754 2804/2924/2756 2801/1842/2753
f 2378/668/2330 2377/504/2329 2380/3028/2332 2382/3029/2334
f 5570/512/5513 5569/515/5512 5568/2458/5511 5572/2459/5515
f 6488/3015/6431 6483/110/6426 6408/113/6351 6406/3016/6349
f 3979/3298/3924 4009/3299/3954 4018/2690/3963 3982/2689/3927
f 2809/1923/2761 2804/2924/2756 2805/1920/2757
f 4512/3300/4456 4523/3301/4467 4526/3302/4470 4528/3303/4472
f 1260/2094/1213 1140/2086/1094 1262/2022/1215 1263/2195/1216
f 2563/2653/2515 2562/2104/2514 2526/1347/2478 2566/1346/2518
f 2563/2653/2515 2566/1346/2518 2569/2650/2521 2567/481/2519
f 6900/3136/6843 6898/3260/6841 6901/3245/6844 6903/3137/6846
f 2815/334/2767 2813/2250/2765 2812/2941/2764
f 2816/1717/2768 2812/2941/2764 2796/1208/2748
f 2796/1208/2748 2794/2940/2746 2816/1717/2768
f 2812/2941/2764 2817/119/2769 2815/334/2767
f 2816/1717/2768 2817/119/2769 2812/2941/2764
f 2818/1718/2770 2816/1717/2768 2794/2940/2746
f 2794/2940/2746 2791/1126/2743 2818/1718/2770
f 2816/1717/2768 2819/1715/2771 2817/119/2769
f 2816/1717/2768 2818/1718/2770 2819/1715/2771
f 2313/1208/2265 2311/1209/2263 2307/1206/2259 2310/1207/2262
f 1065/3304/1019 1062/3154/1016 1064/1690/1018 1070/1689/1024
f 2311/1209/2263 2313/1208/2265 2337/2941/2289 2447/2250/2399
f 2819/1715/2771 2822/120/2774 2817/119/2769
f 2823/2135/2775 2822/120/2774 2819/1715/2771
f 1948/1128/1900 1853/1127/1805 1854/2455/1806 1950/2454/1902
f 2117/651/2069 2107/652/2059 2118/653/2070 2147/650/2099
f 854/1671/808 858/1674/812 878/1699/832 856/1266/810
f 1654/396/1606 1616/2670/1568 1656/2451/1608 1658/2625/1610
f 4825/3305/4769 4821/3306/4765 4833/3307/4777 4835/3308/4779
f 2247/292/2199 185/1587/139 3811/1586/3756 186/293/140
f 515/130/469 610/133/564 612/1820/566 1007/589/961
f 2759/929/2711 2936/932/2888 2938/1550/2890 2941/2532/2893
f 2566/1346/2518 2526/1347/2478 2512/464/2464 2568/463/2520
f 4791/3309/4735 4793/3310/4737 4794/3311/4738 4812/3312/4756
f 1793/1605/1745 1789/1604/1741 1812/2928/1764 1816/2136/1768
f 6301/721/6244 6352/3132/6295 6300/3133/6243 6302/722/6245
f 482/962/436 481/963/435 6955/964/6897 480/965/434
f 4320/3313/4264 4325/2029/4269 4327/2032/4271 4322/103/4266
f 1663/2829/1615 477/2684/431 1662/2687/1614 1664/926/1616
f 2195/1848/2147 2198/1660/2150 2202/491/2154 2196/490/2148
f 231/1351/185 2364/3138/2316 2362/3139/2314 2361/1352/2313
f 646/665/600 648/1330/602 650/1335/604 651/666/605
f 1559/1886/1511 1721/1887/1673 1720/1888/1672 1723/1889/1675
f 2873/1188/2825 2871/1189/2823 2868/1190/2820 2875/1191/2827
f 2397/3052/2349 2393/2850/2345 2392/2895/2344 2398/3050/2350
f 1669/2765/1621 1667/925/1619 1668/144/1620 1671/2661/1623
f 1776/1828/1728 1771/1829/1723 1773/1830/1725 1777/2892/1729
f 2369/1938/2321 2360/1191/2312 2349/539/2301 2373/667/2325
f 2843/469/2795 2842/1922/2794 2841/466/2793
f 2842/1922/2794 2843/469/2795 2809/1923/2761
f 279/2509/233 2543/2510/2495 2544/2507/2496 2545/2508/2497
f 2809/1923/2761 2843/469/2795 2844/2982/2796
f 2845/2709/2797 2846/2708/2798 2844/2982/2796
f 2846/2708/2798 2809/1923/2761 2844/2982/2796
f 472/2716/426 1635/2707/1587 1633/2510/1585 1636/3024/1588
f 2848/2983/2800 2809/1923/2761 2846/2708/2798
f 2804/2924/2756 2809/1923/2761 2848/2983/2800
f 2848/2983/2800 2846/2708/2798 2849/2984/2801
f 2804/2924/2756 2848/2983/2800 2849/2984/2801
f 2849/2984/2801 2846/2708/2798 2850/2875/2802
f 2850/2875/2802 2846/2708/2798 2851/2445/2803
f 2851/2445/2803 2846/2708/2798 332/2446/286
f 2244/2802/2196 2243/2801/2195 2174/2873/2126 165/2876/119
f 5214/3212/5158 222/3213/176 2376/3146/2328 5216/3211/5160
f 329/2874/283 2852/2444/2804 2853/2986/2805
f 2853/2986/2805 2852/2444/2804 331/2447/285
f 2849/2984/2801 2854/2987/2806 2804/2924/2756
f 2854/2987/2806 2849/2984/2801 2855/2988/2807
f 326/2989/280 2854/2987/2806 2855/2988/2807
f 324/2990/278 2854/2987/2806 326/2989/280
f 2854/2987/2806 324/2990/278 323/2991/277
f 2804/2924/2756 2854/2987/2806 323/2991/277
f 2856/2992/2808 2804/2924/2756 323/2991/277
f 2856/2992/2808 323/2991/277 2857/2993/2809
f 2856/2992/2808 2857/2993/2809 320/2994/274
f 2858/2995/2810 2856/2992/2808 320/2994/274
f 2856/2992/2808 2858/2995/2810 318/2996/272
f 318/2996/272 2804/2924/2756 2856/2992/2808
f 318/2996/272 2859/2997/2811 2804/2924/2756
f 2859/2997/2811 318/2996/272 316/2998/270
f 313/2999/267 2859/2997/2811 316/2998/270
f 311/3000/265 2859/2997/2811 313/2999/267
f 2860/3001/2812 2859/2997/2811 311/3000/265
f 2859/2997/2811 2860/3001/2812 2804/2924/2756
f 2860/3001/2812 2861/3002/2813 2804/2924/2756
f 2804/2924/2756 2861/3002/2813 2736/1843/2688
f 2861/3002/2813 2860/3001/2812 2862/3003/2814
f 2736/1843/2688 2861/3002/2813 2863/3004/2815
f 2864/3005/2816 2861/3002/2813 2862/3003/2814
f 2863/3004/2815 2861/3002/2813 2864/3005/2816
f 3183/3314/3134 3186/3315/3137 3188/3316/3139 351/3317/305
f 333/365/287 332/368/286 2847/531/2799 334/532/288
f 3744/3129/3689 2433/3012/2385 2435/3011/2387 2438/2972/2390
f 3407/1200/3352 67/1199/21 3408/3318/3353 3417/2961/3362
f 2767/2697/2719 2762/2928/2714 2766/717/2718 2770/2698/2722
f 1708/2807/1660 1704/2796/1656 1700/140/1652 1711/712/1663
f 6957/963/6899 833/964/787 1026/965/980 1027/962/981
f 2435/3011/2387 2432/188/2384 2436/191/2388 2440/243/2392
f 1894/191/1846 109/190/63 1895/658/1847 1891/241/1843
f 1623/490/1575 1627/491/1579 1629/488/1581 1624/489/1576
f 6329/2488/6272 6327/2309/6270 6392/2308/6335 6330/2487/6273
f 1624/489/1576 1607/2758/1559 1620/208/1572 1623/490/1575
f 4079/1496/4024 4076/1291/4021 4075/441/4020 4077/1497/4022
f 2204/1625/2156 173/3244/127 2205/2509/2157 2206/2508/2158
f 5624/2487/5567 5627/3319/5570 5556/3320/5499 5557/2488/5500
f 4052/1600/3997 4055/3321/4000 2824/118/2776 2829/121/2781
f 2878/1938/2830 2879/2840/2831 2876/2374/2828
f 6318/3026/6261 6321/3025/6264 6317/2066/6260 6315/3225/6258
f 3816/2784/3761 183/3318/137 182/3322/136 3818/2785/3763
f 5459/695/5402 5462/3178/5405 5468/3179/5411 5409/696/5352
f 2612/2646/2564 2610/2654/2562 2609/1327/2561 2611/1326/2563
f 6689/3025/6632 6687/3026/6630 6692/2985/6635 6696/2694/6639
f 5751/942/5694 5692/1906/5635 5691/1905/5634 5694/943/5637
f 2879/2840/2831 2878/1938/2830 2885/1937/2837
f 2885/1937/2837 2886/3021/2838 2879/2840/2831
f 335/3022/289 2886/3021/2838 2887/3023/2839
f 2887/3023/2839 2886/3021/2838 2885/1937/2837
f 102/3146/56 1942/3147/1894 104/3022/58 1941/3023/1893
f 2888/3029/2840 2885/1937/2837 2884/668/2836
f 2961/217/2913 2960/1107/2912 497/1507/451 2962/218/2914
f 2885/1937/2837 2889/3188/2841 2887/3023/2839
f 2885/1937/2837 2888/3029/2840 2889/3188/2841
f 2889/3188/2841 328/3323/282 2887/3023/2839
f 2889/3188/2841 2888/3029/2840 328/3323/282
f 328/3323/282 2890/3324/2842 2887/3023/2839
f 2888/3029/2840 327/3325/281 328/3323/282
f 2890/3324/2842 2891/3211/2843 2887/3023/2839
f 2891/3211/2843 333/3146/287 2887/3023/2839
f 3893/2134/3838 3890/866/3835 3891/1618/3836 3894/1617/3839
f 2836/188/2788 4104/3013/4048 2839/3076/2791 2838/189/2790
f 2893/3326/2845 2894/3327/2846 2892/3212/2844
f 2894/3327/2846 330/3213/284 2892/3212/2844
f 2145/1326/2097 2147/650/2099 2149/2794/2101 2151/2646/2103
f 2896/1128/2848 2897/2639/2849 2895/3027/2847
f 289/258/243 2926/475/2878 288/474/242 290/259/244
f 2897/2639/2849 2896/1128/2848 2898/2454/2850
f 2788/2748/2740 2898/2454/2850 2789/2455/2741
f 2895/3027/2847 2897/2639/2849 2899/3028/2851
f 2895/3027/2847 2899/3028/2851 2888/3029/2840
f 2899/3028/2851 2897/2639/2849 2900/2638/2852
f 2899/3028/2851 2900/2638/2852 2888/3029/2840
f 2156/2859/2108 2154/2860/2106 2150/2793/2102 2152/516/2104
f 2898/2454/2850 2901/2461/2853 2897/2639/2849
f 2900/2638/2852 2902/2637/2854 2888/3029/2840
f 2902/2637/2854 2901/2461/2853 5244/3030/5188
f 2903/2460/2855 5244/3030/5188 2901/2461/2853
f 2901/2461/2853 2898/2454/2850 2904/2462/2856
f 151/519/105 2152/516/2104 2120/517/2072 2158/518/2110
f 2898/2454/2850 2788/2748/2740 2905/2896/2857
f 2905/2896/2857 2904/2462/2856 2898/2454/2850
f 252/3214/206 260/519/214 2629/518/2581 2630/2890/2582
f 2907/2790/2859 2905/2896/2857 2788/2748/2740
f 411/616/365 415/982/369 1535/985/1487 1538/617/1490
f 2908/2463/2860 2904/2462/2856 2909/2849/2861
f 2907/2790/2859 2778/418/2730 2911/1279/2863
f 2781/3140/2733 2911/1279/2863 2778/418/2730
f 2482/982/2434 2478/983/2430 2481/984/2433 2483/985/2435
f 2914/2895/2866 2909/2849/2861 2904/2462/2856
f 2909/2849/2861 2914/2895/2866 2912/2850/2864
f 2914/2895/2866 2904/2462/2856 2905/2896/2857
f 2913/2851/2865 2915/3053/2867 302/3054/256
f 2912/2850/2864 2915/3053/2867 2913/2851/2865
f 2912/2850/2864 298/3051/252 2915/3053/2867
f 298/3051/252 2912/2850/2864 296/3052/250
f 3580/2288/3525 3578/2377/3523 3576/3328/3521 5361/3329/5304
f 5053/2593/4997 5046/3264/4990 5055/1845/4999 5075/1620/5019
f 296/3052/250 2916/2894/2868 2917/3050/2869
f 2905/2896/2857 2907/2790/2859 2918/2897/2870
f 2919/3047/2871 2916/2894/2868 2918/2897/2870
f 2911/1279/2863 2918/2897/2870 2907/2790/2859
f 2918/2897/2870 2911/1279/2863 2920/1278/2872
f 432/2798/386 1704/2796/1656 1708/2807/1660 1709/2804/1661
f 2911/1279/2863 2781/3140/2733 2921/1280/2873
f 2922/1281/2874 291/3048/245 2923/3049/2875
f 291/3048/245 2922/1281/2874 2921/1280/2873
f 2576/1665/2528 2575/395/2527 2578/397/2530 3826/2677/3771
f 4477/3330/4421 4458/2179/4402 4459/3331/4403 4480/3332/4424
f 2925/2601/2877 291/3048/245 2921/1280/2873
f 291/3048/245 2925/2601/2877 289/2600/243
f 2746/2817/2698 2744/2818/2696 290/2819/244 288/2820/242
f 285/2602/239 286/3056/240 2926/2599/2878
f 2704/2500/2656 2698/2499/2650 2703/2608/2655 2705/2611/2657
f 285/2602/239 2925/2601/2877 2927/2908/2879
f 2659/738/2611 2652/2825/2604 2656/2105/2608 2662/739/2614
f 3692/1391/3637 2351/3057/2303 3689/3058/3634 3693/1372/3638
f 2928/1864/2880 2929/3032/2881 2927/2908/2879
f 3271/2385/3216 417/2386/371 416/2387/370 3277/2388/3222
f 1558/2611/1510 1555/2608/1507 1556/2609/1508 1559/1886/1511
f 2657/1888/2609 2659/738/2611 2661/737/2613 2660/1889/2612
f 2906/3055/2858 2908/2463/2860 2909/2849/2861 2910/2848/2862
f 1806/929/1758 1803/930/1755 90/931/44 1994/932/1946
f 2934/1098/2886 2932/1097/2884 2933/1679/2885
f 5010/3333/4954 5004/1621/4948 5011/3334/4955 5016/3335/4960
f 6006/1531/5949 5977/1532/5920 5976/1533/5919 5980/1534/5923
f 847/1234/801 845/1653/799 843/1650/797 846/1235/800
f 5121/2592/5065 5053/2593/4997 5115/2594/5059 5122/2591/5066
f 2941/2532/2893 2753/1040/2705 2759/929/2711
f 2714/740/2666 2711/742/2663 2665/1197/2617 2661/737/2613
f 2933/1679/2885 2943/1551/2895 2934/1098/2886
f 3756/3336/3701 3819/3337/3764 3820/1240/3765 3821/1239/3766
f 2707/1108/2659 2669/1111/2621 2709/2835/2661 2710/2837/2662
f 2945/161/2897 2943/1551/2895 2933/1679/2885
f 2419/1041/2371 2277/1040/2229 2424/2498/2376 2431/2497/2383
f 2940/2834/2892 2946/162/2898 2937/1680/2889
f 2944/2836/2896 2945/161/2897 2947/160/2899
f 1480/364/1432 1477/26/1429 1479/29/1431 1484/2495/1436
f 2942/2498/2894 2944/2836/2896 2947/160/2899
f 2946/162/2898 2940/2834/2892 2948/163/2900
f 2948/163/2900 2940/2834/2892 2949/2497/2901
f 2092/104/2044 118/105/72 119/99/73 120/98/74
f 5377/3338/5320 5376/3339/5319 5373/3340/5316 5378/3341/5321
f 2950/3342/2902 2951/3343/2903 940/3344/894
f 2951/3343/2903 2952/1107/2904 940/3344/894
f 2952/1107/2904 2951/3343/2903 934/1507/888
f 2952/1107/2904 2953/1106/2905 940/3344/894
f 2993/217/2945 2992/1107/2944 840/1507/794 2994/218/2946
f 2974/217/2926 2971/1107/2923 2972/1507/2924 898/218/852
f 2955/398/2907 2954/217/2906 2956/216/2908 2957/399/2909
f 7309/3345/7091 1419/640/1371 7308/3346/7090
f 500/3342/454 2959/3343/2911 2958/3344/2910
f 2959/3343/2911 2960/1107/2912 2958/3344/2910
f 2960/1107/2912 2959/3343/2911 497/1507/451
f 2960/1107/2912 507/1106/461 2958/3344/2910
f 3012/217/2964 3010/1107/2962 717/1507/671 3013/218/2965
f 2151/2646/2103 2149/2794/2101 2155/2648/2107 2176/2645/2128
f 899/1720/853 897/1721/851 900/1723/854 905/1727/859
f 508/1017/462 505/1008/459 506/986/460 509/989/463
f 531/3342/485 2965/3343/2917 2964/3344/2916
f 2966/1107/2918 2964/3344/2916 2965/3343/2917
f 2966/1107/2918 2965/3343/2917 2967/1507/2919
f 2966/1107/2918 537/1106/491 2964/3344/2916
f 5935/2308/5878 5936/2309/5879 5938/2306/5881 5939/2307/5882
f 1522/2540/1474 1521/3347/1473 1517/2526/1469 1524/3123/1476
f 5701/1780/5644 5761/1781/5704 5702/1782/5645 5693/1779/5636
f 6724/1479/6667 6725/1480/6668 6726/276/6669 6717/279/6660
f 904/3342/858 901/3343/855 908/3348/862
f 2971/1107/2923 908/3348/862 901/3343/855
f 2971/1107/2923 901/3343/855 2972/1507/2924
f 2971/1107/2923 2973/1106/2925 908/3348/862
f 863/1106/817 2992/1107/2944 2993/217/2945 865/398/819
f 2986/217/2938 2984/1107/2936 796/1507/750 795/218/749
f 2956/216/2908 2954/217/2906 931/218/885 483/219/437
f 5948/1015/5891 5900/1016/5843 5965/1013/5908 6013/1014/5956
f 2977/3342/2929 2978/3343/2930 746/3348/700
f 2978/3343/2930 2979/1107/2931 746/3348/700
f 2979/1107/2931 2978/3343/2930 739/1507/693
f 746/3348/700 2979/1107/2931 748/1106/702
f 2985/1106/2937 2984/1107/2936 2986/217/2938 805/398/759
f 975/1796/929 1041/1795/995 976/3349/930 1039/1802/993
f 104/655/58 1942/532/1894 103/531/57 1902/656/1854
f 5447/112/5390 5449/111/5392 5451/439/5394 5452/438/5395
f 2982/3342/2934 798/3343/752 2983/3348/2935
f 2984/1107/2936 2983/3348/2935 798/3343/752
f 2984/1107/2936 798/3343/752 796/1507/750
f 2983/3348/2935 2984/1107/2936 2985/1106/2937
f 3011/1106/2963 3010/1107/2962 3012/217/2964 3014/398/2966
f 2954/217/2906 2952/1107/2904 934/1507/888 931/218/885
f 5703/2443/5646 5693/1779/5636 5702/1782/5645 5704/2442/5647
f 7332/3350/7114 1435/2435/1387 1436/2441/1388 7334/3351/7116
f 2990/3342/2942 2991/3343/2943 861/3344/815
f 2991/3343/2943 2992/1107/2944 861/3344/815
f 2992/1107/2944 2991/3343/2943 840/1507/794
f 2992/1107/2944 863/1106/817 861/3344/815
f 4904/2579/4848 4912/2918/4856 4917/1056/4861 4923/1873/4867
f 2973/1106/2925 2971/1107/2923 2974/217/2926 911/398/865
f 3007/398/2959 3006/217/2958 1032/216/986 567/399/521
f 251/591/205 250/105/204 2648/104/2600 2651/590/2603
f 822/3342/776 819/3343/773 2996/3348/2948
f 819/3343/773 2997/1107/2949 2996/3348/2948
f 2997/1107/2949 819/3343/773 818/1507/772
f 2996/3348/2948 2997/1107/2949 2998/1106/2950
f 6771/2524/6714 6769/1462/6712 6708/2522/6651 6772/2523/6715
f 6395/2524/6338 6393/1462/6336 6392/2522/6335 6396/2523/6339
f 558/1139/512 556/1140/510 559/1142/513 560/1145/514
f 335/655/289 334/532/288 2847/531/2799 2845/656/2797
f 3001/3342/2953 3003/3343/2955 3002/3344/2954
f 3004/1107/2956 3002/3344/2954 3003/3343/2955
f 3004/1107/2956 3003/3343/2955 3005/1507/2957
f 3004/1107/2956 565/1106/519 3002/3344/2954
f 2980/217/2932 2979/1107/2931 739/1507/693 2981/218/2933
f 547/1104/501 6960/3352/6902 548/1112/502 546/1105/500
f 5447/1782/5390 5452/2442/5395 5383/2443/5326 5386/1779/5329
f 6801/278/6744 6798/279/6741 6796/276/6739 6861/277/6804
f 3008/3342/2960 3009/3343/2961 722/3344/676
f 3009/3343/2961 3010/1107/2962 722/3344/676
f 3010/1107/2962 3009/3343/2961 717/1507/671
f 3010/1107/2962 3011/1106/2963 722/3344/676
f 507/1106/461 2960/1107/2912 2961/217/2913 2963/398/2915
f 565/1106/519 3004/1107/2956 3006/217/2958 3007/398/2959
f 827/398/781 2999/217/2951 1028/216/982 1029/399/983
f 1037/216/991 3012/217/2964 3013/218/2965 3015/219/2967
f 3016/3342/2968 3018/3343/2970 3017/3344/2969
f 3019/1107/2971 3017/3344/2969 3018/3343/2970
f 3019/1107/2971 3018/3343/2970 1011/1507/965
f 3017/3344/2969 3019/1107/2971 3020/1106/2972
f 1507/876/1459 1504/3353/1456 1500/2956/1452 1508/3354/1460
f 6005/2524/5948 6003/1462/5946 5935/2522/5878 5939/2523/5882
f 223/532/177 224/531/178 225/656/179 2372/655/2324
f 5582/1733/5525 5579/1152/5522 5512/1151/5455 5583/1732/5526
f 963/3342/917 3024/3343/2976 967/3344/921
f 3024/3343/2976 3025/1107/2977 967/3344/921
f 3025/1107/2977 3024/3343/2976 3026/1507/2978
f 967/3344/921 3025/1107/2977 969/1106/923
f 2953/1106/2905 2952/1107/2904 2954/217/2906 2955/398/2907
f 1022/1686/976 6956/3355/6898 1018/1657/972 871/1656/825
f 104/655/58 1902/656/1854 1898/657/1850 105/654/59
f 5965/1571/5908 5968/1572/5911 6012/1569/5955 6013/1570/5956
f 4274/3356/4218 3031/3357/2983 4247/3358/4191
f 4274/3356/4218 4247/3358/4191 4246/3359/4190
f 4274/3356/4218 4246/3359/4190 4299/3360/4243
f 4274/3356/4218 4299/3360/4243 3032/3361/2984
f 4274/3356/4218 3032/3361/2984 4286/3362/4230
f 4274/3356/4218 4286/3362/4230 3033/3363/2985
f 4736/3364/4680 4733/891/4677 4717/894/4661 4721/3365/4665
f 3085/2554/3037 3081/1181/3033 3077/1180/3029 3080/2535/3032
f 4034/729/3979 4031/3257/3976 3986/3366/3931 4035/730/3980
f 4649/3149/4593 4647/3148/4591 4629/3367/4573 4650/3368/4594
f 3056/3369/3008 3054/3192/3006 3057/544/3009 3068/3370/3020
f 3461/3257/3406 3459/3070/3404 3458/3371/3403 3460/3366/3405
f 409/322/363 3284/323/3229 3282/47/3227 411/46/365
f 2037/39/1989 2030/1304/1982 2032/2597/1984 2039/2610/1991
f 3128/3372/3080 3125/3373/3077 3075/3258/3027 3072/2606/3024
f 3084/2063/3036 3079/2062/3031 3076/1178/3028 3081/1181/3033
f 4568/3374/4512 4564/3375/4508 4565/3376/4509 4569/3377/4513
f 2747/115/2699 2740/1156/2692 2744/2818/2696 2749/2907/2701
f 4818/3378/4762 4814/3008/4758 4815/3010/4759 4819/3379/4763
f 2405/2601/2357 2402/1280/2354 2338/3140/2290 2407/1865/2359
f 3049/2039/3001 3051/2038/3003 3053/3380/3005 3052/3381/3004
f 2552/491/2504 2553/490/2505 2555/1848/2507 2554/1660/2506
f 1790/1156/1742 1794/2818/1746 1799/2907/1751 1796/115/1748
f 3775/3298/3720 189/3382/143 3777/3383/3722 3789/1201/3734
f 4721/298/4665 4717/297/4661 4716/296/4660 4720/299/4664
f 1503/2543/1455 1501/2546/1453 1504/3353/1456 1505/3384/1457
f 3237/541/3185 3048/3191/3000 3044/3385/2996 3238/3386/3186
f 3979/3298/3924 3975/3382/3920 3973/3383/3918 3974/1201/3919
f 6649/769/6592 6647/761/6590 6648/760/6591 6584/770/6527
f 3050/3387/3002 1425/3388/1377 3049/2039/3001 3052/3381/3004
f 3035/3067/2987 3036/3389/2988 3041/3390/2993 3038/3068/2990
f 2644/2807/2596 2649/712/2601 2652/2825/2604 2650/2808/2602
f 1971/1280/1923 1967/3140/1919 1969/1865/1921 1978/2601/1930
f 1427/3391/1379 3060/2550/3012 3062/2527/3014 1429/2906/1381
f 3817/730/3762 3763/729/3708 3764/3257/3709 3815/3366/3760
f 3060/2550/3012 3061/2549/3013 3064/2528/3016 3062/2527/3014
f 1929/1189/1881 1926/1352/1878 1925/2682/1877 1930/1190/1882
f 1894/191/1846 1889/243/1841 1890/3011/1842 1892/188/1844
f 3092/1463/3044 3087/3392/3039 3085/2554/3037 3091/2553/3043
f 1519/3121/1471 1491/174/1443 1520/1787/1472 1528/3122/1480
f 3036/3389/2988 3039/3393/2991 3044/3385/2996 3041/3390/2993
f 1043/1763/997 480/1759/434 6955/3394/6897 1042/3395/996
f 3064/2528/3016 3061/2549/3013 3066/3273/3018 3132/2607/3084
f 1436/3396/1388 3079/2062/3031 3082/2061/3034 3083/3397/3035
f 3034/3398/2986 1437/3399/1389 3083/3397/3035 3082/2061/3034
f 1166/2054/1120 1163/2028/1117 1165/2011/1119 1168/2055/1122
f 1712/2808/1664 1708/2807/1660 1711/712/1663 1715/2825/1667
f 4456/3400/4400 4453/3280/4397 4452/3181/4396 4455/3180/4399
f 1550/1304/1502 1552/2597/1504 1554/2610/1506 1553/39/1505
f 1027/1596/981 1020/1585/974 809/3401/763 6957/3402/6899
f 1436/3396/1388 1435/3403/1387 3076/1178/3028 3079/2062/3031
f 1061/1925/1015 1057/1798/1011 1059/1797/1013 1067/1926/1021
f 4821/3306/4765 4818/3378/4762 4819/3379/4763 4833/3307/4777
f 3038/3068/2990 3041/3390/2993 3045/2037/2997 3046/2036/2998
f 1423/3066/1375 1437/3404/1389 3034/3405/2986 3035/3067/2987
f 1426/3406/1378 3050/3387/3002 3052/3381/3004 3055/2547/3007
f 3133/3407/3085 3066/3273/3018 3059/3272/3011 3134/3408/3086
f 4569/683/4513 4565/3409/4509 4548/3410/4492 4551/684/4495
f 4638/3411/4582 4637/3412/4581 4665/2556/4609 4656/3413/4600
f 1435/3403/1387 1434/3414/1386 3073/1179/3025 3076/1178/3028
f 3039/3393/2991 3040/3415/2992 3089/3416/3041 3042/3417/2994
f 3238/3386/3186 3044/3385/2996 3039/3393/2991 3042/3417/2994
f 3042/3417/2994 3089/3416/3041 3043/3418/2995 3240/3419/3188
f 3096/2533/3048 3078/2536/3030 3075/3258/3027 3125/3373/3077
f 3238/3386/3186 3042/3417/2994 3240/3419/3188 3239/3420/3187
f 3037/2809/2989 3034/3398/2986 3082/2061/3034 3086/2064/3038
f 4725/2629/4669 4729/3421/4673 4709/3077/4653 4728/2614/4672
f 3131/3422/3083 3132/2607/3084 3066/3273/3018 3133/3407/3085
f 1492/1380/1444 1493/2511/1445 1496/2513/1448 1497/2516/1449
f 2664/711/2616 2649/712/2601 2646/140/2598 2666/139/2618
f 4388/3423/4332 4373/3424/4317 4392/3286/4336 4391/3285/4335
f 3144/2025/3096 3141/3425/3093 3143/543/3095 3223/3426/3171
f 3124/1891/3076 3126/3427/3078 3127/3428/3079 3129/1892/3081
f 6914/3429/6857 6833/2693/6776 6835/266/6778 6911/265/6854
f 3242/1885/3190 3241/1884/3189 3100/3430/3052 3103/2069/3055
f 3119/3431/3071 3116/3432/3068 3097/3151/3049 3122/3433/3074
f 1055/1919/1009 1052/1918/1006 1050/1978/1004 1053/1942/1007
f 3159/3434/3111 3153/3435/3105 3156/2237/3108 3189/2236/3140
f 1055/1919/1009 1053/1942/1007 1057/1798/1011 1061/1925/1015
f 3106/1986/3058 3102/1985/3054 3105/1990/3057
f 3244/1983/3192 3106/1986/3058 3108/3436/3060
f 3108/3436/3060 3246/3437/3194 3244/1983/3192
f 3109/3438/3061 3106/1986/3058 3105/1990/3057
f 3109/3438/3061 3108/3436/3060 3106/1986/3058
f 3246/3437/3194 3108/3436/3060 3110/2097/3062
f 3310/3439/3255 3311/3440/3256 3312/3441/3257 3287/3442/3232
f 3108/3436/3060 3109/3438/3061 3111/2098/3063
f 3111/2098/3063 3110/2097/3062 3108/3436/3060
f 1157/1035/1111 1153/2035/1107 1156/1999/1110 1160/1036/1114
f 3113/3443/3065 3165/3444/3117 3167/3445/3119 3255/3446/3065
f 3114/3447/3066 3109/3438/3061 3105/1990/3057
f 3105/1990/3057 3107/3448/3059 3114/3447/3066
f 3111/2098/3063 3109/3438/3061 3115/3449/3067
f 3115/3449/3067 3109/3438/3061 3114/3447/3066
f 3120/3450/3072 3117/3451/3069 3116/3432/3068 3119/3431/3071
f 3117/3451/3069 3114/3447/3066 3107/3448/3059
f 3115/3449/3067 3114/3447/3066 3118/3452/3070
f 3114/3447/3066 3117/3451/3069 3118/3452/3070
f 6260/3453/6203 6257/2562/6200 6258/3249/6201 6204/3454/6147
f 3786/3455/3731 3785/3456/3730 3788/3457/3733 3792/3458/3737
f 3118/3452/3070 3117/3451/3069 3121/3459/3073
f 3121/3459/3073 3117/3451/3069 3120/3450/3072
f 3222/2006/3170 3226/2007/3174 3227/3460/3175 3228/3461/3176
f 3121/3459/3073 3120/3450/3072 3123/1890/3075
f 3101/1989/3053 3098/1464/3050 3095/3152/3047 3104/3462/3056
f 4392/3036/4336 4373/3463/4317 4372/3464/4316 4374/3037/4318
f 3241/1884/3189 3240/3419/3188 3043/3418/2995 3100/3430/3052
f 3135/3465/3087 3133/3407/3085 3134/3408/3086 3137/3466/3089
f 3089/715/3041 3040/2811/2992 3088/2810/3040 3090/716/3042
f 1069/1928/1023 1065/3304/1019 1070/1689/1024 1076/1929/1030
f 4477/3330/4421 4478/3467/4422 4457/2180/4401 4458/2179/4402
f 6533/3453/6476 6532/2562/6475 6453/3249/6396 6456/3454/6399
f 3057/544/3009 3054/3192/3006 3048/3191/3000 3237/541/3185
f 3131/3422/3083 3128/3372/3080 3072/2606/3024 3132/2607/3084
f 3130/3468/3082 3127/3428/3079 3128/3372/3080 3131/3422/3083
f 1506/875/1458 1505/3384/1457 1504/3353/1456 1507/876/1459
f 3092/1463/3044 3091/2553/3043 3095/3152/3047 3098/1464/3050
f 3146/3469/3098 3136/3470/3088 3139/1948/3091 3142/1947/3094
f 6251/3094/6194 6193/3097/6136 6252/3471/6195 6253/3472/6196
f 3104/3462/3056 3095/3152/3047 3097/3151/3049 3116/3432/3068
f 4791/3309/4735 4810/3473/4754 4792/3474/4736 4793/3310/4737
f 6768/1461/6711 6767/1359/6710 6704/3208/6647 6707/3141/6650
f 3966/453/3911 3967/452/3912 3968/3475/3913 239/3476/193
f 4709/3477/4653 4729/3478/4673 4708/331/4652 4710/330/4654
f 5656/3479/5599 5655/773/5598 5654/776/5597 5649/3259/5592
f 1106/2004/1060 1102/1979/1056 1103/1982/1057 1107/2005/1061
f 1138/2023/1092 1130/1739/1084 1126/1742/1080 1128/2024/1082
f 3147/3480/3099 3142/1947/3094 3145/1950/3097
f 1105/1952/1059 1101/1939/1055 1102/1979/1056 1106/2004/1060
f 3149/3481/3101 3146/3469/3098 3142/1947/3094 3147/3480/3099
f 3123/1890/3075 3138/1893/3090 3148/3482/3100
f 3148/3482/3100 3150/3483/3102 3123/1890/3075
f 3150/3483/3102 3121/3459/3073 3123/1890/3075
f 3149/3481/3101 3151/3484/3103 3148/3482/3100
f 3150/3483/3102 3148/3482/3100 3151/3484/3103
f 3149/3481/3101 3147/3480/3099 3152/3485/3104
f 3150/3483/3102 3153/3435/3105 3121/3459/3073
f 3118/3452/3070 3121/3459/3073 3153/3435/3105
f 3154/3486/3106 3151/3484/3103 3149/3481/3101
f 3152/3485/3104 3154/3486/3106 3149/3481/3101
f 3153/3435/3105 3155/3487/3107 3118/3452/3070
f 3155/3487/3107 3115/3449/3067 3118/3452/3070
f 3156/2237/3108 3150/3483/3102 3151/3484/3103
f 3153/3435/3105 3150/3483/3102 3156/2237/3108
f 3160/2239/3112 3158/2238/3110 3154/3486/3106 3162/3488/3114
f 3123/1890/3075 3120/3450/3072 3119/3431/3071 3124/1891/3076
f 3158/2238/3110 3156/2237/3108 3151/3484/3103
f 3158/2238/3110 3151/3484/3103 3154/3486/3106
f 3232/1882/3180 3230/3489/3178 3231/3490/3179 3236/1883/3184
f 1154/3491/1108 1116/2034/1070 1153/2035/1107 1157/1035/1111
f 3157/3492/3109 3155/3487/3107 3153/3435/3105 3159/3434/3111
f 3162/3488/3114 3154/3486/3106 3164/2015/3116 3201/2014/3151
f 3163/2099/3115 3111/2098/3063 3115/3449/3067 3161/3493/3113
f 3154/3486/3106 3152/3485/3104 3164/2015/3116
f 3165/3444/3117 3169/3494/3121 3170/2623/3122 3167/3445/3119
f 359/3495/313 3208/3496/3157 3212/3497/3161 3259/3498/3204
f 3209/3499/3158 3210/3500/3159 3217/3501/3166 3219/3502/3166
f 2066/2105/2018 2063/711/2015 2050/1422/2002 2046/1704/1998
f 3171/3503/3123 3167/3445/3119 3170/2623/3122 3174/2622/3126
f 3163/2099/3115 3161/3493/3113 3166/3504/3118 3169/3494/3121
f 2442/1643/2394 2439/2469/2391 3744/3129/3689 2438/2972/2390
f 3206/3505/3155 3204/3160/3154 3209/3499/3158 3219/3502/3166
f 3165/3444/3117 3112/2096/3064 3163/2099/3115 3169/3494/3121
f 1714/2105/1666 1577/711/1529 1567/1422/1519 1565/1704/1517
f 3170/2623/3122 3169/3494/3121 3166/3504/3118 3176/2624/3128
f 3334/1665/3279 1653/395/1605 1655/397/1607 3332/2677/3277
f 3176/2624/3128 3166/3504/3118 3180/3506/3132 3181/3507/3132
f 351/3317/305 3188/3316/3139 3193/2739/3144 353/3072/307
f 3180/3506/3132 3166/3504/3118 3161/3493/3113 3157/3492/3109
f 356/3161/310 3204/3160/3154 3206/3505/3155 3207/3508/3156
f 3184/3509/3135 3181/3507/3132 3180/3506/3132 3185/3510/3136
f 3187/3511/3138 3184/3509/3135 3185/3510/3136 3190/3512/3141
f 3185/3510/3136 3180/3506/3132 3157/3492/3109 3159/3434/3111
f 3195/3513/3146 3191/3514/3142 3160/2239/3112 3162/3488/3114
f 3185/3510/3136 3159/3434/3111 3189/2236/3140 3190/3512/3141
f 3182/2916/3133 3184/3509/3135 3187/3511/3138 3186/3315/3137
f 3191/3514/3142 3190/3512/3141 3189/2236/3140 3160/2239/3112
f 2656/2105/2608 2664/711/2616 2671/1422/2623 2672/1704/2624
f 2340/1866/2292 2294/961/2246 2284/583/2236 2282/1517/2234
f 3187/3511/3138 3190/3512/3141 3191/3514/3142 3192/3515/3143
f 3188/3316/3139 3186/3315/3137 3187/3511/3138 3192/3515/3143
f 3177/2915/3129 3181/3507/3132 3184/3509/3135 3182/2916/3133
f 3192/3515/3143 3191/3514/3142 3195/3513/3146 3196/2740/3146
f 346/3516/300 3175/2621/3127 3177/2915/3129 3178/2914/3130
f 3193/2739/3144 3188/3316/3139 3192/3515/3143 3196/2740/3146
f 4731/294/4675 4709/3477/4653 4710/330/4654 4711/295/4655
f 3211/778/3160 3205/3517/3153 3202/3518/3152 3201/2014/3151
f 3199/2741/3149 3196/2740/3146 3195/3513/3146 3202/3518/3152
f 3202/3518/3152 3195/3513/3146 3162/3488/3114 3201/2014/3151
f 3177/2915/3129 3175/2621/3127 3176/2624/3128 3181/3507/3132
f 3168/3519/3120 344/3520/298 3258/3521/3203 3257/3522/3202
f 3197/2742/3147 3199/2741/3149 3203/3523/3153 3200/3159/3150
f 3204/3160/3154 3200/3159/3150 3203/3523/3153 3209/3499/3158
f 3210/3500/3159 3205/3517/3153 3211/778/3160 3214/777/3163
f 3172/3524/3124 344/3525/298 3168/3526/3120 3171/3503/3123
f 3251/3527/3199 3249/1966/3197 3248/3528/3196 3113/3529/3065
f 3217/3501/3166 3210/3500/3159 3214/777/3163 3222/2006/3170
f 763/2757/717 754/1494/708 762/1529/716 764/1544/718
f 3203/3523/3153 3199/2741/3149 3202/3518/3152 3205/3517/3153
f 3203/3523/3153 3205/3517/3153 3210/3500/3159 3209/3499/3158
f 3257/3522/3202 3258/3521/3203 359/3495/313 3259/3498/3204
f 3103/1984/3055 3100/3530/3052 3099/1988/3051 3102/1985/3054
f 3213/779/3162 3164/2015/3116 3152/3485/3104
f 3228/3461/3176 3227/3460/3175 3235/1964/3183 3250/1963/3198
f 3152/3485/3104 3215/3531/3164 3213/779/3162
f 3215/3531/3164 3152/3485/3104 3147/3480/3099
f 3215/3531/3164 3147/3480/3099 3145/1950/3097
f 3213/779/3162 3215/3531/3164 3216/780/3165
f 3165/3444/3117 3113/3443/3065 3248/3532/3196 3112/2096/3064
f 3168/3526/3120 3255/3446/3065 3167/3445/3119 3171/3503/3123
f 3218/3533/3167 3215/3531/3164 3145/1950/3097
f 3216/780/3165 3215/3531/3164 3218/3533/3167
f 3220/3534/3168 3219/3502/3166 3217/3501/3166 3252/3535/3200
f 3173/3536/3125 3172/3524/3124 3171/3503/3123 3174/2622/3126
f 3145/1950/3097 3221/2026/3169 3218/3533/3167
f 3805/604/3750 3779/605/3724 3778/606/3723 3780/607/3725
f 3107/3448/3059 3104/3462/3056 3116/3432/3068 3117/3451/3069
f 3224/3537/3172 3218/3533/3167 3221/2026/3169
f 3216/780/3165 3218/3533/3167 3225/3538/3173
f 3218/3533/3167 3224/3537/3172 3225/3538/3173
f 3226/2007/3174 3216/780/3165 3225/3538/3173
f 1114/1897/1068 1115/1896/1069 1116/2070/1070 1118/2052/1072
f 3227/3460/3175 3226/2007/3174 3225/3538/3173
f 3206/3505/3155 3219/3502/3166 3220/3534/3168 3212/3497/3161
f 3225/3538/3173 3224/3537/3172 3229/3539/3177
f 3225/3538/3173 3229/3539/3177 3227/3460/3175
f 4001/3540/3946 3998/3541/3943 4002/3276/3947 4005/3275/3950
f 3229/3539/3177 3224/3537/3172 3230/3489/3178
f 6063/3207/6006 6066/3249/6009 6145/2562/6088 6146/2561/6089
f 3229/3539/3177 3230/3489/3178 3232/1882/3180
f 3161/3493/3113 3115/3449/3067 3155/3487/3107 3157/3492/3109
f 3233/897/3181 3227/3460/3175 3229/3539/3177
f 3233/897/3181 3229/3539/3177 3232/1882/3180
f 3227/3460/3175 3233/897/3181 3235/1964/3183
f 3951/3439/3896 3952/3440/3897 3953/3441/3898 3930/3442/3875
f 6761/2759/6704 6762/2762/6705 6763/3542/6706 6765/1358/6708
f 3992/320/3937 305/321/259 306/32/260 3993/34/3938
f 3059/3272/3011 3056/3369/3008 3068/3370/3020 3134/3408/3086
f 5825/266/5768 5824/265/5767 5826/3429/5769 5828/2693/5771
f 1963/421/1915 1961/420/1913 1964/961/1916 1967/3140/1919
f 3135/3465/3087 3137/3466/3089 3140/1949/3092 3139/1948/3091
f 3231/3490/3179 3223/3426/3171 3143/543/3095 3234/542/3182
f 1068/1975/1022 1066/1974/1020 1065/3304/1019 1069/1928/1023
f 3138/1893/3090 3129/1892/3081 3136/3470/3088 3146/3469/3098
f 3232/1882/3180 3242/1885/3190 3243/898/3191
f 3614/3440/3559 3640/3441/3585 3641/3442/3586 3615/3439/3560
f 3243/898/3191 3233/897/3181 3232/1882/3180
f 3343/2149/3288 3381/901/3326 3378/900/3323 3379/904/3324
f 3090/716/3042 3088/2810/3040 3087/3392/3039 3092/1463/3044
f 3246/3543/3194 3245/896/3193 3244/895/3192
f 3247/1965/3195 3245/896/3193 3246/3543/3194
f 3148/3482/3100 3138/1893/3090 3146/3469/3098 3149/3481/3101
f 1530/1381/1482 1492/1380/1444 1497/2516/1449 1527/2518/1479
f 3254/3544/3201 3255/3545/3065 3168/3519/3120 3257/3522/3202
f 3252/3535/3200 3228/3461/3176 3250/1963/3198 3253/3546/1204
f 3256/3547/1204 3253/3546/1204 3251/3527/3199 3254/3544/3201
f 3252/3535/3200 3217/3501/3166 3222/2006/3170 3228/3461/3176
f 3254/3544/3201 3251/3527/3199 3113/3529/3065 3255/3545/3065
f 3259/3498/3204 3256/3547/1204 3254/3544/3201 3257/3522/3202
f 3212/3497/3161 3220/3534/3168 3256/3547/1204 3259/3498/3204
f 3253/3546/1204 3250/1963/3198 3249/1966/3197 3251/3527/3199
f 3183/3314/3134 3179/2913/3131 3182/2916/3133 3186/3315/3137
f 3208/3496/3157 3207/3508/3156 3206/3505/3155 3212/3497/3161
f 3252/3535/3200 3253/3546/1204 3256/3547/1204 3220/3534/3168
f 422/3548/376 421/3549/375 424/2009/378
f 421/3549/375 3260/2010/3205 424/2009/378
f 3899/1932/3844 3898/2008/3843 3900/2009/3845 3905/2010/3850
f 3261/3550/3206 425/2008/379 428/3551/382
f 3262/1932/3207 428/3551/382 425/2008/379
f 3662/3552/3607 3655/3250/3600 3657/2010/3602 3660/3549/3605
f 6541/2750/6484 6539/2749/6482 6601/534/6544 6543/533/6486
f 5475/3553/5418 5472/3554/5415 5414/3555/5357 5476/3556/5419
f 3410/3557/3355 3405/1201/3350 3407/1200/3352 3415/2963/3360
f 3264/2932/3209 428/3551/382 3262/1932/3207 3263/1933/3208
f 4667/2555/4611 4666/2558/4610 4669/1116/4613 4670/1115/4614
f 6009/1909/5952 6007/1910/5950 6008/1907/5951 5944/1908/5887
f 1885/1601/1837 1884/1250/1836 1887/2681/1839 3477/2680/3422
f 417/2386/371 3271/2385/3216 3269/3558/3214
f 3984/2784/3929 301/3318/255 303/3322/257 3987/2785/3932
f 4012/3458/3957 4010/2074/3955 4014/3239/3959 4016/3455/3961
f 4737/2795/4681 4734/2974/4678 4741/3559/4685 4742/2519/4686
f 3959/3560/3904 3915/3561/3860 3914/2385/3859 3917/2388/3862
f 3809/3562/3754 3772/3563/3717 3808/3564/3753 3812/2962/3757
f 4840/318/4784 4839/3565/4783 4846/3566/4790 4845/3567/4789
f 5867/3136/5810 5864/3568/5807 5865/3569/5808 5811/3260/5754
f 1509/840/1461 1507/876/1459 1508/3354/1460 1513/3261/1465
f 3820/1240/3765 3818/2785/3763 182/3322/136 181/1241/135
f 3473/1560/3418 3469/1559/3414 3467/732/3412 3471/3084/3416
f 83/1557/37 3470/1558/3415 3469/1559/3414 3473/1560/3418
f 3283/3570/3228 3280/3194/3225 3281/1213/3226
f 146/3571/100 143/3572/97 3684/3573/3629 3685/3574/3630
f 3281/1213/3226 3285/3575/3230 3283/3570/3228
f 3287/3576/3232 3286/3577/3231 3276/3578/3221
f 4017/3456/3962 4016/3455/3961 4019/3579/3964 4020/3580/3965
f 6502/79/6445 6500/78/6443 6425/3581/6368 6511/3582/6454
f 3289/3583/3234 3286/3577/3231 3287/3576/3232
f 3312/3584/3257 3289/3583/3234 3287/3576/3232
f 3289/3583/3234 3290/3585/3235 3286/3577/3231
f 4013/3457/3958 4012/3458/3957 4016/3455/3961 4017/3456/3962
f 3290/3585/3235 3289/3583/3234 3292/3185/3237
f 3293/3186/3238 3292/3185/3237 3289/3583/3234
f 184/311/138 183/310/137 3811/1586/3756 185/1587/139
f 3688/2683/3633 2358/2682/2310 2361/1352/2313 2362/3139/2314
f 3642/3586/3587 3635/701/3580 3649/700/3594 3653/3252/3598
f 1112/2002/1066 1109/1914/1063 1104/1915/1058 1110/1951/1064
f 6952/3587/6895 4344/3588/4288 4340/2482/4284 6951/3589/6894
f 3296/159/3241 3295/158/3240 3292/3185/3237 3293/3186/3238
f 3792/3458/3737 3788/3457/3733 3800/3540/3745 3799/3275/3744
f 4522/3590/4466 4510/1955/4454 4509/1954/4453 4513/3591/4457
f 3303/3592/3248 3302/3593/3247 3300/3594/3245
f 3303/3592/3248 3304/3595/3249 3302/3593/3247
f 4320/3313/4264 4317/3596/4261 4315/3597/4259 4321/3598/4265
f 5986/3136/5929 5984/3568/5927 5982/3569/5925 5920/3260/5863
f 3304/3595/3249 3303/3592/3248 3307/3599/3252
f 6748/2065/6691 6747/3600/6690 6683/3225/6626 6685/2066/6628
f 4757/705/4701 4756/3601/4700 4763/2766/4707 4762/3602/4706
f 4321/3603/4265 4255/915/4199 4257/3019/4201 4258/3018/4202
f 3307/3599/3252 3303/3592/3248 3310/3439/3255
f 3303/3592/3248 3311/3440/3256 3310/3439/3255
f 3105/1990/3057 3101/1989/3053 3104/3462/3056 3107/3448/3059
f 6372/2065/6315 6317/2066/6260 6319/581/6262 6375/580/6318
f 3310/3439/3255 3313/3293/3258 3307/3599/3252
f 2394/52/2346 2395/53/2347 196/54/150 197/55/151
f 3955/3292/3900 3954/3293/3899 3929/3294/3874 3921/3295/3866
f 3314/3292/3259 3275/3295/3220 3273/940/3218 3315/460/3260
f 3772/3604/3717 3809/3605/3754 3768/3069/3713 3771/3606/3716
f 3452/3607/3397 3449/606/3394 3430/605/3375 3453/3608/3398
f 4423/3609/4367 4411/3610/4355 4409/3611/4353 4428/3612/4372
f 433/2931/387 3317/458/3262 3319/2746/3264
f 2517/2763/2469 2515/2590/2467 2513/2589/2465 2522/2103/2474
f 1565/1704/1517 1561/1703/1513 1563/2213/1515 1726/2106/1678
f 3815/3366/3760 3764/3257/3709 3766/3070/3711 3813/3371/3758
f 3462/2226/3407 3461/3257/3406 3463/729/3408 3466/2227/3411
f 3463/729/3408 3461/3257/3406 3460/3366/3405 3464/730/3409
f 4037/732/3982 4034/729/3979 4035/730/3980 4038/731/3983
f 3669/1214/3614 3668/2388/3613 3666/2387/3611 138/1215/92
f 3680/3283/3625 3678/354/3623 3681/357/3626 3682/3613/3627
f 6897/580/6840 6823/581/6766 6825/582/6768 6898/579/6841
f 3684/3573/3629 3682/3613/3627 3681/357/3626 3683/453/3628
f 3670/452/3615 3672/3475/3617 149/3476/103 3683/453/3628
f 811/1453/765 782/1552/736 783/1553/737 786/1450/740
f 450/3476/404 3328/3573/3273 3327/453/3272
f 444/3574/398 3328/3573/3273 450/3476/404
f 3991/1239/3936 3992/1242/3937 3993/3614/3938 308/3615/262
f 479/3616/433 3329/1288/3274 478/3617/432
f 3330/1287/3275 478/3617/432 3329/1288/3274
f 478/3617/432 3330/1287/3275 3331/3618/3276
f 1660/3619/1612 3331/3618/3276 3332/2827/3277
f 3331/3618/3276 3330/1287/3275 3332/2827/3277
f 3878/3044/3823 3828/3045/3773 3879/3046/3824 3881/1719/3826
f 3563/3620/3508 3562/2162/3507 3599/2134/3544 3611/1617/3556
f 3332/2827/3277 3335/2826/3280 3334/3621/3279
f 1716/2821/1668 1718/2824/1670 1720/1888/1672 1721/1887/1673
f 3337/625/3282 3338/3622/3283 3335/2826/3280
f 3330/1287/3275 3339/622/3284 3332/2827/3277
f 3333/1286/3278 3340/944/3285 3330/1287/3275
f 4110/183/4054 4105/182/4049 4103/1355/4047 4109/646/4053
f 3340/944/3285 3333/1286/3278 3336/945/3281
f 1220/2152/1174 1214/2183/1168 1218/2138/1172 1222/2141/1176
f 3367/555/3312 3373/1857/3318 3383/864/3328 3386/556/3331
f 4108/180/4052 4097/181/4041 4105/182/4049 4110/183/4054
f 1403/2335/1355 1405/3623/1357 1338/3624/1290 1351/2336/1303
f 3488/1564/3433 3484/1371/3429 3487/787/3432 3490/782/3435
f 1210/2160/1164 1211/2161/1165 1215/2170/1169 1216/2169/1170
f 3346/2163/3291 3344/946/3289 3336/945/3281 3342/2171/3287
f 3348/3620/3293 3337/625/3282 3345/624/3290
f 3348/3620/3293 3345/624/3290 3347/2162/3292
f 3558/904/3503 3590/900/3535 3589/902/3534 3565/903/3510
f 3718/76/3663 3723/281/3668 3733/282/3678 3736/77/3681
f 2637/72/2589 3898/283/3843 3896/63/3841 2636/62/2588
f 624/1296/578 620/572/574 623/571/577 627/1297/581
f 5693/1779/5636 5647/533/5590 5695/536/5638 5701/1780/5644
f 3502/1291/3447 3497/1290/3442 3500/288/3445 3503/441/3448
f 3864/3176/3809 3847/3625/3792 3868/3626/3813 3867/2329/3812
f 4082/3270/4027 4083/3271/4028 5376/3627/5319 4087/1590/4032
f 3574/1710/3519 3575/3064/3520 3576/3328/3521 3578/2377/3523
f 1889/243/1841 1886/2973/1838 1882/2972/1834 1890/3011/1842
f 3582/1171/3527 3584/1172/3529 3588/1173/3533 3585/1170/3530
f 3855/2288/3800 3853/2377/3798 3851/3328/3796 5371/3329/5314
f 5363/3176/5306 3572/3625/3517 3571/3626/3516 3587/2329/3532
f 3581/1856/3526 3579/2376/3524 3578/2377/3523 3580/2288/3525
f 4007/2076/3952 4006/2075/3951 4003/3274/3948 4004/3628/3949
f 3581/1856/3526 3580/2288/3525 3582/1171/3527 3585/1170/3530
f 3836/2171/3781 3837/2173/3782 3839/2067/3784 3841/634/3786
f 3571/3629/3516 3572/3630/3517 3573/3063/3518 3570/1709/3515
f 3510/3270/3455 5355/3271/5299 3511/3627/3456 3514/1590/3459
f 3362/2288/3307 3363/3329/3308 3364/2583/3309 3366/1171/3311
f 3437/2076/3382 3436/2075/3381 3434/3274/3379 3435/3628/3380
f 4740/3631/4684 4735/2976/4679 4736/3364/4680 4738/2672/4682
f 1508/3354/1460 1495/2512/1447 1512/3248/1464 1513/3261/1465
f 3569/632/3514 3568/635/3513 3570/1709/3515 3574/1710/3519
f 3298/157/3243 3299/156/3244 3300/3594/3245 3302/3593/3247
f 3712/75/3657 3704/434/3649 3707/1290/3652 3714/1291/3659
f 3716/1496/3661 3721/1499/3666 3723/281/3668 3718/76/3663
f 3515/282/3460 3512/281/3457 3518/673/3463 3523/676/3468
f 4068/74/4013 4074/75/4019 4081/76/4026 4098/77/4042
f 1297/3632/1 1194/2128/1148 1205/2131/1159 1206/2157/1160
f 3836/2171/3781 3841/634/3786 3844/633/3789 3842/2163/3787
f 4093/673/4037 4091/674/3522 4094/675/4038 4096/676/4040
f 1196/2137/1150 1198/936/1152 1200/2139/1154 1199/2164/1153
f 5879/1460/5822 5881/1461/5824 5882/1462/5825 5877/1360/5820
f 910/1159/864 909/1731/863 2973/1734/2925 911/1160/865
f 1195/2155/1149 1191/2114/1145 1196/2137/1150 1199/2164/1153
f 1188/2127/1142 1184/2113/1138 1191/2114/1145 1195/2155/1149
f 6388/1460/6331 6391/1461/6334 6393/1462/6336 6386/1360/6329
f 3390/1719/3335 3329/3046/3274 479/3633/433
f 479/3633/433 3391/3634/3336 3390/1719/3335
f 3392/638/3337 3385/637/3330 3387/3044/3332
f 3387/3044/3332 3390/1719/3335 3392/638/3337
f 1622/3635/1574 3393/3636/3338 3391/3634/3336
f 3391/3634/3336 3393/3636/3338 3390/1719/3335
f 327/520/281 5234/630/5178 326/631/280 2855/521/2807
f 3608/369/3553 3606/370/3551 3605/371/3550 3610/372/3555
f 3390/1719/3335 3393/3636/3338 3395/371/3340
f 3599/2134/3544 3597/556/3542 3594/864/3539 3607/866/3552
f 3526/180/3471 3531/183/3476 3535/645/3480 3525/817/3470
f 3553/622/3498 3555/623/3500 3560/624/3505 3551/625/3496
f 1489/2496/1441 1487/1315/1439 1490/1314/1442 1493/2511/1445
f 3399/1618/3344 3397/866/3342 3398/369/3343
f 3399/1618/3344 3398/369/3343 3400/372/3345
f 3751/647/3696 3746/646/3691 3744/3637/3689 2352/3638/2304
f 3393/3636/3338 3402/3639/3347 1617/3640/1569
f 3338/3622/3283 3400/372/3345 1617/3640/1569
f 2257/449/2209 193/446/147 2399/447/2351 2258/448/2210
f 3702/1388/3647 3752/1389/3697 3753/1390/3698 3692/1391/3637
f 3400/372/3345 3338/3622/3283 3403/1616/3348
f 3338/3622/3283 3337/625/3282 3403/1616/3348
f 71/3641/25 70/1202/24 3404/3383/3349
f 70/1202/24 3405/1201/3350 3404/3383/3349
f 127/2009/81 3657/2010/3602 3656/1932/3601 128/2008/82
f 297/1199/251 3978/1200/3923 3974/1201/3919 295/1202/249
f 486/962/440 484/963/438 6958/964/6900 518/965/472
f 72/3642/26 3406/3382/3351 74/3643/28
f 3409/3298/3354 74/3643/28 3406/3382/3351
f 6077/1805/6020 6076/1804/6019 6049/1905/5992 6089/1906/6032
f 3899/1932/3844 3905/2010/3850 3909/3252/3854 3910/700/3855
f 3907/3552/3852 3906/3250/3851 3905/2010/3850 237/3549/191
f 4390/1639/4334 4386/3229/4330 4391/3285/4335 4393/3284/4337
f 1610/1626/1562 1606/2662/1558 1601/2590/1553 1604/2763/1556
f 4013/3457/3958 4009/3299/3954 3980/3557/3925 4001/3540/3946
f 3326/357/3271 3278/356/3223 3280/452/3225 3327/453/3272
f 2067/2825/2019 2091/2808/2043 2093/2807/2045 2065/712/2017
f 3408/3318/3353 3419/2784/3364 3417/2961/3362
f 3320/3644/3265 433/2931/387 3319/2746/3264 3322/3283/3267
f 4798/3645/4742 4795/1633/4739 4801/1636/4745 4803/2751/4747
f 4781/3646/4725 4765/3647/4709 4778/2769/4722 4784/3648/4728
f 3676/3561/3621 3665/2385/3610 3668/2388/3613 3677/3560/3622
f 6460/2476/6403 6461/2479/6404 6463/3649/6406 6485/3650/6428
f 5844/3132/5787 5785/3651/5728 5784/3652/5727 5787/3133/5730
f 3457/3562/3402 3454/3563/3399 3422/2962/3367
f 249/3653/203 3961/3644/3906 3963/3283/3908 3965/3613/3910
f 3967/3194/3912 3918/3195/3863 3922/1214/3867 3924/1213/3869
f 3970/3572/3915 249/3653/203 3965/3613/3910 3969/3573/3914
f 3425/3654/3370 3468/3336/3413 3424/1239/3369
f 3424/1239/3369 3426/3615/3371 3425/3654/3370
f 3671/1213/3616 3673/1216/3618 3674/3655/3619 145/3575/99
f 3422/2962/3367 3428/3541/3373 3415/2963/3360
f 3429/3656/3374 3422/2962/3367 3454/3563/3399
f 3428/3541/3373 3422/2962/3367 3429/3656/3374
f 3454/3563/3399 3453/3657/3398 3429/3656/3374
f 3430/3658/3375 3429/3656/3374 3453/3657/3398
f 3451/3659/3396 3431/3660/3376 3430/3658/3375
f 3431/3660/3376 3429/3656/3374 3430/3658/3375
f 3428/3541/3373 3429/3656/3374 3432/3276/3377
f 3431/3660/3376 3432/3276/3377 3429/3656/3374
f 3305/699/3250 3306/702/3251 3308/3661/3253 3309/459/3254
f 3432/3276/3377 3431/3660/3376 3434/3274/3379
f 5454/3006/5397 5450/3089/5393 5398/3090/5341 5399/3007/5342
f 3435/3628/3380 3434/3274/3379 3431/3660/3376
f 3978/1200/3923 297/1199/251 301/3318/255 3981/2961/3926
f 3647/3251/3592 3644/3662/3589 3642/3586/3587 3653/3252/3598
f 5479/3095/5422 5477/3663/5420 5421/3664/5364 5422/3096/5365
f 3939/157/3884 3936/158/3881 3937/159/3882 3940/156/3885
f 3939/157/3884 3940/156/3885 3941/3594/3886 3943/3593/3888
f 3939/157/3884 3942/3665/3887 3933/3666/3878 3936/158/3881
f 3936/158/3881 3933/3666/3878 3932/3585/3877 3934/3185/3879
f 3444/3667/3389 3443/3239/3388 3441/3238/3386
f 3433/3275/3378 3416/3540/3361 3428/3541/3373 3432/3276/3377
f 3444/3667/3389 3446/3455/3391 3443/3239/3388
f 3445/3456/3390 3447/2691/3392 3418/2690/3363
f 3448/3579/3393 3445/3456/3390 3446/3455/3391
f 3446/3455/3391 3444/3667/3389 3448/3579/3393
f 3447/2691/3392 3445/3456/3390 3448/3579/3393
f 3448/3579/3393 3444/3667/3389 3449/606/3394
f 3444/3667/3389 3450/607/3395 3449/606/3394
f 3248/3532/3196 3246/3437/3194 3110/2097/3062 3112/2096/3064
f 4029/3070/3974 4027/3069/3972 4028/3605/3973 3985/3371/3930
f 3449/606/3394 3452/3607/3397 3448/3579/3393
f 6361/230/6304 6310/231/6253 6363/232/6306 6359/233/6302
f 3452/3607/3397 3455/3606/3400 3448/3579/3393
f 3455/3606/3400 3447/2691/3392 3448/3579/3393
f 3913/3586/3858 3909/3252/3854 3912/3251/3857 3927/3662/3872
f 3455/3606/3400 3456/3069/3401 3447/2691/3392
f 1067/1926/1021 1068/1975/1022 1071/2042/1025 1145/1927/1099
f 5842/2458/5785 5767/1154/5710 5841/1153/5784 5891/2459/5834
f 3957/461/3902 3916/941/3861 3915/3668/3860 3958/2745/3903
f 4401/3202/4345 4397/3669/4341 4404/3670/4348 4405/3203/4349
f 3413/2225/3358 3420/2692/3365 3462/2226/3407
f 3958/2745/3903 3915/3668/3860 3959/355/3904 3962/354/3907
f 3324/3560/3269 3272/3561/3217 3271/2385/3216 3277/2388/3222
f 3419/2784/3364 3408/3318/3353 66/3322/20 3421/2785/3366
f 3962/354/3907 3959/355/3904 3918/356/3863 3964/357/3909
f 4038/3337/3983 4035/2786/3980 3987/2785/3932 3990/1240/3935
f 3966/453/3911 3964/357/3909 3918/356/3863 3967/452/3912
f 3990/1240/3935 3987/2785/3932 303/3322/257 304/1241/258
f 3670/3194/3615 3679/3195/3624 3669/1214/3614 3671/1213/3616
f 3327/453/3272 3280/452/3225 3283/3475/3228 450/3476/404
f 143/3572/97 141/3653/95 3682/3613/3627 3684/3573/3629
f 3471/3084/3416 3472/3671/3417 3473/1560/3418
f 91/3172/45 3473/1560/3418 3472/3671/3417
f 3424/1239/3369 63/1242/17 3427/3614/3372 3426/3615/3371
f 3474/3672/3419 3528/1736/3473 1927/3673/1879
f 3475/1373/3420 1927/3673/1879 3528/1736/3473
f 1927/3673/1879 3475/1373/3420 3476/3674/3421
f 1924/3675/1876 3476/3674/3421 3477/3058/3422
f 3476/3674/3421 3475/1373/3420 3477/3058/3422
f 4049/1735/3994 4046/1373/3991 4101/1736/4045 4100/1737/4044
f 3547/3045/3492 3598/3044/3543 3596/637/3541 3593/2150/3538
f 3477/3058/3422 1881/3057/1833 1885/3676/1837
f 2088/1888/2040 113/1887/67 114/2821/68 2089/2824/2041
f 3481/1391/3426 1879/3677/1831 1881/3057/1833
f 3475/1373/3420 3482/1372/3427 3477/3058/3422
f 3478/1735/3423 3483/1374/3428 3475/1373/3420
f 3606/370/3551 3601/638/3546 3600/1719/3545 3605/371/3550
f 3483/1374/3428 3478/1735/3423 3480/788/3425
f 387/882/341 386/881/340 384/863/338 385/862/339
f 1976/69/1928 3406/68/3351 72/552/26 1977/551/1929
f 1396/1095/1348 1384/927/1336 1388/928/1340 1397/1096/1349
f 4058/1371/4003 4056/1372/4001 4046/1373/3991 4057/1374/4002
f 260/519/214 2624/516/2576 2628/517/2580 2629/518/2581
f 4158/3678/4102 4151/3679/4095 4148/3680/4092 4155/3681/4099
f 3525/817/3470 3515/282/3460 3523/676/3468 3526/180/3471
f 3491/1388/3436 3481/1391/3426 3488/1564/3433
f 3491/1388/3436 3488/1564/3433 3490/782/3435
f 3798/3628/3743 3795/2076/3740 3797/2075/3742 3801/3274/3746
f 4067/434/4012 4063/435/4008 4059/436/4004 4066/437/4011
f 3837/2149/3782 3873/901/3818 3871/900/3816 3839/904/3784
f 4501/910/4445 4500/909/4444 4491/3165/4435 4499/3167/4443
f 2198/1660/2150 2200/1663/2152 2201/2912/2153 2202/491/2154
f 3723/281/3668 3721/1499/3666 3726/1850/3671 3729/673/3674
f 3863/1172/3808 3860/1171/3805 3856/2583/3801 5372/2584/5315
f 1310/3682/1262 1337/3683/1289 1338/3624/1290 1405/3623/1357
f 3660/569/3605 3661/570/3606 2012/567/1964 2010/568/1962
f 426/62/380 3261/63/3206 428/59/382 1745/58/1697
f 2078/2837/2030 2072/2501/2024 2042/2500/1994 2082/1108/2034
f 3371/3629/3316 3372/3630/3317 3355/3063/3300 3354/1709/3299
f 1525/2541/1477 1522/2540/1474 1524/3123/1476 1528/3122/1480
f 4077/1497/4022 5374/3087/5317 4078/3088/4023 4080/1498/4025
f 6491/3089/6434 6487/1599/6430 6412/2427/6355 6492/3090/6435
f 1741/72/1693 425/283/379 3261/63/3206 426/62/380
f 3730/675/3675 3731/3684/3676 3732/3210/3677 3735/181/3680
f 4089/1850/4034 4082/3270/4027 4087/1590/4032 4090/1593/4035
f 3368/1172/3313 3369/2584/3314 5351/3176/5295 3374/2329/3319
f 2590/2765/2542 2587/925/2539 2589/144/2541 2593/2661/2545
f 3574/1710/3519 3570/1709/3515 3573/3063/3518 3575/3064/3520
f 2578/397/2530 2579/146/2531 2582/145/2534 2580/3187/2532
f 2581/3199/2533 2580/3187/2532 2583/2687/2535 3825/2686/3770
f 1301/748/1253 1305/2267/1257 1308/2283/1260 1307/2305/1259
f 3868/3629/3813 3847/3630/3792 3848/3063/3793 3846/1709/3791
f 6485/2531/6428 6465/759/6408 6484/762/6427 6490/2529/6433
f 6250/2560/6193 6255/2561/6198 6257/2562/6200 6261/2472/6204
f 1438/2942/1390 4699/3685/4643 4687/2485/4631 1465/2484/1417
f 1018/962/972 6956/963/6898 6954/964/6896 1017/965/971
f 640/1349/594 642/1321/596 643/1322/597 644/1386/598
f 1517/2526/1469 1514/841/1466 1516/3124/1468 1524/3123/1476
f 3844/633/3789 3852/554/3797 3858/553/3803 3842/2163/3787
f 3485/436/3430 3480/788/3425 3522/3686/3467 3521/2551/3466
f 3520/675/3465 3521/3684/3466 3522/3210/3467 3524/181/3469
f 3877/636/3822 3875/865/3820 3873/901/3818 3876/637/3821
f 3696/436/3641 3691/788/3636 3732/3686/3677 3731/2551/3676
f 3389/2134/3334 3397/866/3342 3399/1618/3344 3401/1617/3346
f 3563/3620/3508 3611/1617/3556 3613/1616/3558 3551/625/3496
f 3604/636/3549 3596/637/3541 3601/638/3546 3606/370/3551
f 3529/182/3474 3524/181/3469 3527/2563/3472
f 3527/2563/3472 3530/1355/3475 3529/182/3474
f 3530/1355/3475 3528/2565/3473 3474/3687/3419
f 3474/3687/3419 1893/3688/1845 3530/1355/3475
f 1893/3688/1845 3532/3637/3477 3530/1355/3475
f 3533/3689/3478 3532/3637/3477 1893/3688/1845
f 3341/623/3286 3339/622/3284 3330/1287/3275 3340/944/3285
f 3530/1355/3475 3532/3637/3477 3534/646/3479
f 3345/624/3290 3341/623/3286 3344/946/3289 3347/2162/3292
f 853/1030/807 837/1641/791 855/1669/809 870/1228/824
f 3532/3637/3477 1880/3690/1832 1878/3638/1830
f 2653/2821/2605 2655/2824/2607 2657/1888/2609 2658/1887/2610
f 1879/3677/1831 3536/647/3481 1878/3638/1830
f 3537/1567/3482 3525/817/3470 3535/645/3480
f 3537/1567/3482 3535/645/3480 3536/647/3481
f 3536/647/3481 1879/3677/1831 3538/1390/3483
f 3892/1616/3837 3831/625/3776 3895/3620/3840 3894/1617/3839
f 1879/3677/1831 3481/1391/3426 3538/1390/3483
f 4099/2563/4043 4100/2564/4044 4101/2565/4045 4103/1355/4047
f 6261/2472/6204 6263/2473/6206 6265/2474/6208 6259/2475/6202
f 3599/2134/3544 3607/866/3552 3609/1618/3554 3611/1617/3556
f 3541/3616/3486 3542/1288/3487 2229/3617/2181
f 3543/1287/3488 2229/3617/2181 3542/1288/3487
f 2229/3617/2181 3543/1287/3488 3544/3618/3489
f 3545/3619/3490 3544/3618/3489 2190/2827/2142
f 3544/3618/3489 3543/1287/3488 2190/2827/2142
f 3387/3044/3332 3388/3045/3333 3329/3046/3274 3390/1719/3335
f 5492/2472/5435 5495/2473/5438 5497/2474/5440 5489/2475/5432
f 2190/2827/2142 3549/2826/3494 3548/3621/3493
f 3400/372/3345 3395/371/3340 3393/3636/3338 1617/3640/1569
f 3551/625/3496 3552/3622/3497 3549/2826/3494
f 3543/1287/3488 3553/622/3498 2190/2827/2142
f 3546/1286/3491 3554/944/3499 3543/1287/3488
f 3396/370/3341 3392/638/3337 3390/1719/3335 3395/371/3340
f 3554/944/3499 3546/1286/3491 3550/945/3495
f 3523/676/3468 3520/675/3465 3524/181/3469 3526/180/3471
f 4434/2450/4378 4699/3691/4643 1438/2747/1390 1439/2448/1391
f 2605/122/2557 2537/123/2489 272/124/226 2604/125/2556
f 255/1886/209 2660/1889/2612 2663/1196/2615 2667/1110/2619
f 3340/944/3285 3336/945/3281 3344/946/3289 3341/623/3286
f 3556/2171/3501 3550/945/3495 3593/2172/3538 3557/2173/3502
f 3701/782/3646 3698/787/3643 3700/435/3645 3705/74/3650
f 3563/3620/3508 3551/625/3496 3560/624/3505
f 3563/3620/3508 3560/624/3505 3562/2162/3507
f 1812/2928/1764 1810/679/1762 1813/718/1765 1832/717/1784
f 3705/74/3650 3712/75/3657 3718/76/3663 3736/77/3681
f 4362/3692/4306 4360/3693/4304 4358/3694/4302 4363/3695/4307
f 5334/523/5278 1907/522/1859 101/525/55 5336/524/5280
f 3569/632/3514 3574/1710/3519 3578/2377/3523 3579/2376/3524
f 6378/1357/6321 6383/2760/6326 6385/2759/6328 6388/1460/6331
f 3855/2288/3800 5371/3329/5314 3856/2583/3801 3860/1171/3805
f 3711/288/3656 5369/291/5312 5368/440/5311 3713/441/3658
f 3504/1497/3449 3503/441/3448 5356/440/5300 5354/3087/5298
f 2668/142/2620 2643/141/2595 2673/756/2625 2675/755/2627
f 4623/2968/4567 4624/3696/4568 4539/3697/4483 4619/1055/4563
f 3504/1497/3449 5354/3087/5298 5352/3088/5296 3507/1498/3452
f 5376/3627/5319 5377/3698/5320 4085/1591/4030 4087/1590/4032
f 6290/1100/6233 6398/1518/6341 6396/2307/6339 6316/2306/6259
f 3365/1856/3310 3370/1170/3315 3373/1857/3318 3367/555/3312
f 3855/2288/3800 3860/1171/3805 3862/1170/3807 3857/1856/3802
f 3494/434/3439 3489/435/3434 3485/436/3430 3492/437/3437
f 3849/1710/3794 3850/3064/3795 3851/3328/3796 3853/2377/3798
f 3356/1710/3301 3354/1709/3299 3355/3063/3300 3357/3064/3302
f 2916/2894/2868 296/3052/250 2912/2850/2864 2914/2895/2866
f 4089/1850/4034 4090/1593/4035 4091/674/3522 4093/673/4037
f 5776/1479/5719 5773/279/5716 5783/1016/5726 5782/1015/5725
f 4489/3118/4433 4484/2700/4428 4485/2702/4429 4487/3699/4431
f 1338/3624/1290 1337/3683/1289 1336/2315/1288 1345/2320/1297
f 3359/554/3304 3350/633/3295 3353/632/3298 3361/2376/3306
f 4411/3610/4355 4407/3700/4351 4406/3701/4350 4409/3611/4353
f 640/1349/594 638/1301/592 636/1302/590 642/1321/596
f 3733/282/3678 3723/281/3668 3729/673/3674 3734/676/3679
f 3567/553/3512 3577/554/3522 3583/555/3528 3597/556/3542
f 3561/2163/3506 3559/946/3504 3550/945/3495 3556/2171/3501
f 3351/553/3296 3346/2163/3291 3350/633/3295 3359/554/3304
f 2012/567/1964 3661/570/3606 127/280/81 2015/71/1967
f 4096/676/4040 4094/675/4038 4097/181/4041 4108/180/4052
f 6577/2479/6520 6576/2478/6519 6572/2663/6515 6564/274/6507
f 5200/1056/5144 5197/3702/5141 5198/3703/5142 5201/1057/5145
f 3592/901/3537 3557/2149/3502 3593/2150/3538 3596/637/3541
f 3595/865/3540 3592/901/3537 3596/637/3541 3604/636/3549
f 5922/2788/5865 5919/582/5862 5918/3025/5861 5925/2694/5868
f 3600/1719/3545 3542/3046/3487 3541/3633/3486
f 3541/3633/3486 2199/3634/2151 3600/1719/3545
f 3601/638/3546 3596/637/3541 3598/3044/3543
f 3598/3044/3543 3600/1719/3545 3601/638/3546
f 3602/3635/3547 3603/3636/3548 2199/3634/2151
f 2199/3634/2151 3603/3636/3548 3600/1719/3545
f 3694/1374/3639 3691/788/3636 3698/787/3643 3695/1371/3640
f 267/170/221 2529/171/2481 268/178/222 5349/177/5293
f 3600/1719/3545 3603/3636/3548 3605/371/3550
f 4207/3704/4151 4206/3705/4150 4202/3706/4146 4203/3707/4147
f 211/2460/165 2384/2461/2336 2387/2462/2339 2390/2463/2342
f 3835/623/3780 3833/622/3778 3824/1287/3769 3834/944/3779
f 3550/945/3495 3546/1286/3491 3547/1289/3492 3593/2172/3538
f 3609/1618/3554 3607/866/3552 3608/369/3553
f 3609/1618/3554 3608/369/3553 3610/372/3555
f 3337/625/3282 3335/2826/3280 3332/2827/3277 3339/622/3284
f 3603/3636/3548 3612/3639/3557 2188/3640/2140
f 3552/3622/3497 3610/372/3555 2188/3640/2140
f 2265/1156/2217 2262/678/2214 2263/1157/2215 198/1158/152
f 3546/1286/3491 3543/1287/3488 3542/1288/3487 3547/1289/3492
f 3610/372/3555 3552/3622/3497 3613/1616/3558
f 3552/3622/3497 3551/625/3496 3613/1616/3558
f 4006/2075/3951 4007/2076/3952 4008/2073/3953 4010/2074/3955
f 3616/3592/3561 3614/3440/3559 3615/3439/3560
f 5984/3568/5927 5981/2704/5924 5979/3708/5922 5982/3569/5925
f 3619/3599/3564 3616/3592/3561 3615/3439/3560
f 3615/3439/3560 3617/3293/3562 3619/3599/3564
f 5671/3281/5614 5670/3282/5613 5673/3114/5616 5674/3113/5617
f 4763/2766/4707 4756/3601/4700 4759/3709/4703 4773/2767/4717
f 3267/3252/3212 3291/3586/3236 3297/701/3242 3265/700/3210
f 3274/3710/3219 3270/3711/3215 3273/3712/3218 3275/3713/3220
f 3624/3595/3569 3616/3592/3561 3619/3599/3564
f 3809/3605/3754 3813/3371/3758 3766/3070/3711 3768/3069/3713
f 3616/3592/3561 3624/3595/3569 3626/3593/3571
f 3616/3592/3561 3626/3593/3571 3627/3594/3572
f 3806/3656/3751 3803/3276/3748 3804/3541/3749 3808/3564/3753
f 2231/2829/2183 2230/2684/2182 2228/2687/2180 2232/926/2184
f 2482/49/2434 3923/48/3868 235/50/189 2478/51/2430
f 5237/499/5181 315/353/269 316/352/270 318/500/272
f 4331/2574/4275 4328/2576/4272 4329/3714/4273 6949/3715/6892
f 5837/1013/5780 5783/1016/5726 5784/3652/5727 5785/3651/5728
f 3803/3276/3748 3799/3275/3744 3800/3540/3745 3804/3541/3749
f 3634/3186/3579 3636/3185/3581 3637/3583/3582
f 3919/3711/3864 3911/3558/3856 3916/3716/3861 3920/3712/3865
f 3938/701/3883 3910/700/3855 3909/3252/3854 3913/3586/3858
f 3636/3185/3581 3639/3585/3584 3637/3583/3582
f 3640/3584/3585 3637/3583/3582 3641/3576/3586
f 3230/3489/3178 3224/3537/3172 3223/3426/3171 3231/3490/3179
f 3637/3583/3582 3643/3577/3588 3641/3576/3586
f 3637/3583/3582 3639/3585/3584 3643/3577/3588
f 3641/3576/3586 3643/3577/3588 3618/3578/3563
f 3306/702/3251 3304/3595/3249 3307/3599/3252 3308/3661/3253
f 3649/700/3594 3635/701/3580 3628/702/3573 3652/699/3597
f 3291/3586/3236 3294/3666/3239 3301/3665/3246 3297/701/3242
f 4512/3300/4456 4505/3717/4449 4508/691/4452 4523/3301/4467
f 3622/460/3567 3620/3292/3565 3646/3295/3591 3623/940/3568
f 3621/3661/3566 3620/3292/3565 3622/460/3567 3654/459/3599
f 3996/3656/3941 3994/3564/3939 3989/3563/3934 4025/3657/3970
f 4419/3718/4363 4418/3719/4362 4421/3720/4365 4422/3721/4366
f 3782/3580/3727 3770/2691/3715 3784/2690/3729 3785/3456/3730
f 6660/439/6603 6656/772/6599 6591/771/6534 6661/438/6604
f 3812/2962/3757 3807/2963/3752 3810/1200/3755 3814/2961/3759
f 1943/668/1895 1940/1937/1892 1936/1938/1888 1938/667/1890
f 3265/700/3210 3262/1932/3207 3260/2010/3205 3267/3252/3212
f 2548/489/2500 2538/1626/2490 2517/2763/2469 2540/2758/2492
f 3770/2691/3715 3767/2692/3712 3769/2689/3714 3784/2690/3729
f 1101/1939/1055 1098/1062/1052 1099/1980/1053 1102/1979/1056
f 3660/3549/3605 3657/2010/3602 127/2009/81
f 4433/3722/4377 4430/3723/4374 4435/3724/4379 4437/3725/4381
f 3661/3548/3606 3660/3549/3605 127/2009/81
f 2196/490/2148 2194/208/2146 2193/211/2145 2195/1848/2147
f 3656/1932/3601 3663/3551/3608 128/2008/82
f 3664/3550/3609 128/2008/82 3663/3551/3608
f 418/3552/372 3266/3250/3211 3260/2010/3205 421/3549/375
f 3266/3250/3211 418/3552/372 417/2386/371 3269/3558/3214
f 132/2386/86 3665/2385/3610 3650/3558/3595
f 3319/2746/3264 3317/458/3262 3318/461/3263 3321/2745/3266
f 137/3644/91 135/2931/89 3667/2746/3612 3680/3283/3625
f 135/2931/89 3659/458/3604 3667/2746/3612
f 1789/1604/1741 1786/677/1738 1810/679/1762 1812/2928/1764
f 6846/2307/6789 6842/2308/6785 6843/2309/6786 6845/2306/6788
f 1933/1191/1885 1930/1190/1882 1932/540/1884 1935/539/1887
f 4041/1558/3986 4033/2224/3978 4036/2227/3981 4040/1559/3985
f 3757/3084/3702 3758/1560/3703 3761/1559/3706 3760/732/3705
f 3758/1560/3703 202/1557/156 200/1558/154 3761/1559/3706
f 3672/3570/3617 3670/3194/3615 3671/1213/3616
f 3671/1213/3616 145/3575/99 3672/3570/3617
f 3924/1213/3869 3925/1216/3870 233/3655/187 3926/3575/3871
f 6848/2400/6791 6850/1907/6793 6866/1910/6809 6868/1531/6811
f 4031/3257/3976 4029/3070/3974 3985/3371/3930 3986/3366/3931
f 3323/354/3268 3321/2745/3266 3272/3668/3217 3324/355/3269
f 4032/2226/3977 4031/3257/3976 4034/729/3979 4036/2227/3981
f 3817/730/3762 3819/731/3764 3760/732/3705 3763/729/3708
f 3278/3195/3223 3324/3560/3269 3277/2388/3222 3279/1214/3224
f 6558/2043/6501 6560/2046/6503 6562/3282/6505 6563/3281/6506
f 285/2602/239 2927/2908/2879 2929/3032/2881 2930/3031/2882
f 4039/3336/3984 4038/3337/3983 3990/1240/3935 3991/1239/3936
f 4042/3084/3987 4039/3726/3984 310/3727/264 314/3671/268
f 922/1470/876 920/1257/874 918/1222/872 919/1467/873
f 3683/453/3628 149/3476/103 3684/3573/3629
f 3685/3574/3630 3684/3573/3629 149/3476/103
f 7011/3728/6953 7007/1874/6949 7015/1056/6957 7013/1058/6955
f 3741/3672/3686 3686/1736/3631 2364/3673/2316
f 3687/1373/3632 2364/3673/2316 3686/1736/3631
f 2364/3673/2316 3687/1373/3632 2362/3674/2314
f 3688/3675/3633 2362/3674/2314 3689/3058/3634
f 2362/3674/2314 3687/1373/3632 3689/3058/3634
f 3891/1618/3836 3889/372/3834 3892/1616/3837 3894/1617/3839
f 2605/2873/2557 2604/2876/2556 2602/2802/2554 2600/2801/2552
f 3689/3058/3634 2351/3057/2303 2354/3676/2306
f 4114/647/4058 4109/646/4053 4107/3637/4051 2827/3638/2779
f 3692/1391/3637 2350/3677/2302 2351/3057/2303
f 3687/1373/3632 3693/1372/3638 3689/3058/3634
f 3690/1735/3635 3694/1374/3639 3687/1373/3632
f 900/1723/854 897/1721/851 898/3177/852 2972/1724/2924
f 3694/1374/3639 3690/1735/3635 3691/788/3636
f 4094/675/4038 4060/3684/4005 4050/3210/3995 4097/181/4041
f 3858/553/3803 3852/554/3797 3859/555/3804 3880/556/3825
f 3834/944/3779 3830/945/3775 3838/946/3783 3835/623/3780
f 665/1309/619 667/1308/621 670/1365/624 668/1265/622
f 1441/378/1393 1439/2448/1391 1443/2492/1395 1446/379/1398
f 3595/865/3540 3604/636/3549 3607/866/3552 3594/864/3539
f 1235/2176/1188 1230/2175/1183 1232/2083/1185 1236/2197/1189
f 3702/1388/3647 3692/1391/3637 3699/1564/3644
f 3702/1388/3647 3699/1564/3644 3701/782/3646
f 683/1334/637 681/1333/635 684/1378/638 686/1644/640
f 3875/865/3820 3874/864/3819 3865/1857/3810 3872/899/3817
f 2398/69/2350 189/68/143 3773/552/3718 2397/551/2349
f 4047/2683/3992 2867/2682/2819 2869/1352/2821 2870/3139/2822
f 3717/1498/3662 3719/3270/3664 3726/1850/3671 3721/1499/3666
f 3510/3270/3455 3514/1590/3459 3517/1593/3462 3513/1850/3458
f 4077/1497/4022 4075/441/4020 5375/440/5318 5374/3087/5317
f 3584/1172/3529 5362/2584/5305 5363/3176/5306 3587/2329/3532
f 4082/3270/4027 4080/1498/4025 4078/3088/4023 4083/3271/4028
f 4086/281/4031 4084/1499/4029 4089/1850/4034 4093/673/4037
f 4080/1498/4025 4082/3270/4027 4089/1850/4034 4084/1499/4029
f 3580/2288/3525 5361/3329/5304 5359/2583/5303 3582/1171/3527
f 5957/278/5900 5947/374/5890 5943/405/5886 5946/279/5889
f 6646/762/6589 6644/2529/6587 6645/2531/6588 6581/759/6524
f 2234/145/2186 2192/3187/2144 2189/397/2141 2185/146/2137
f 3571/3629/3516 3570/1709/3515 3568/635/3513 3565/2068/3510
f 424/280/378 423/71/377 1534/567/1486 422/570/376
f 1534/567/1486 420/568/374 421/569/375 422/570/376
f 1544/680/1496 1543/681/1495 1540/614/1492 1542/682/1494
f 3719/3270/3664 5367/3271/5310 3720/3627/3665 3724/1590/3669
f 4081/76/4026 4074/75/4019 4076/1291/4021 4079/1496/4024
f 6652/2425/6595 6605/1599/6548 6650/111/6593 6657/110/6600
f 3845/632/3790 3843/635/3788 3846/1709/3791 3849/1710/3794
f 6103/1599/6046 6090/111/6033 6093/110/6036 6101/2425/6044
f 629/1300/583 627/1297/581 623/571/577 625/1340/579
f 1623/490/1575 1620/208/1572 1619/211/1571 1621/1848/1573
f 2102/755/2054 2100/756/2052 2104/201/2056 2105/200/2057
f 3566/633/3511 3561/2163/3506 3556/2171/3501 3564/634/3509
f 3380/899/3325 3378/900/3323 3381/901/3326 3384/865/3329
f 3490/782/3435 3487/787/3432 3489/435/3434 3495/74/3440
f 3731/3684/3676 3730/675/3675 3728/674/3673 3697/2979/3642
f 3384/865/3329 3383/864/3328 3373/1857/3318 3380/899/3325
f 7200/806/1192 7280/803/1191 3194/804/3145 3198/807/3148
f 6057/3114/6000 6054/3282/5997 6053/272/5996 6058/275/6001
f 619/574/573 618/1269/572 625/1340/579 623/571/577
f 4064/782/4009 4061/787/4006 4063/435/4008 4068/74/4013
f 3734/676/3679 3745/180/3690 3748/817/3693 3733/282/3678
f 3478/1735/3423 3479/1737/3424 3522/3686/3467 3480/788/3425
f 3740/1355/3685 3686/2565/3631 3741/3687/3686
f 3741/3687/3686 3742/3688/3687 3740/1355/3685
f 3743/182/3688 3735/181/3680 3737/2563/3682
f 3737/2563/3682 3740/1355/3685 3743/182/3688
f 2433/3689/2385 3744/3637/3689 3742/3688/3687
f 3742/3688/3687 3744/3637/3689 3740/1355/3685
f 4057/1374/4002 4053/788/3998 4061/787/4006 4058/1371/4003
f 3482/1372/3427 3484/1371/3429 3488/1564/3433 3481/1391/3426
f 3740/1355/3685 3744/3637/3689 3746/646/3691
f 1171/2101/1125 1169/2107/1123 1173/933/1127 1175/2109/1129
f 3560/624/3505 3555/623/3500 3559/946/3504 3562/2162/3507
f 2048/1109/2000 2040/2611/1992 112/1886/66 2086/1110/2038
f 5817/2488/5760 5819/2695/5762 5814/2985/5757 5815/2309/5758
f 3750/1567/3695 3748/817/3693 3749/645/3694
f 3750/1567/3695 3749/645/3694 3751/647/3696
f 4054/1391/3999 4052/3057/3997 4048/3058/3993 4056/1372/4001
f 3744/3637/3689 2439/3690/2391 2352/3638/2304
f 2350/3677/2302 3751/647/3696 2352/3638/2304
f 3478/1735/3423 3475/1373/3420 3528/1736/3473 3479/1737/3424
f 76/448/30 73/449/27 75/446/29 1970/447/1922
f 3751/647/3696 2350/3677/2302 3753/1390/3698
f 2350/3677/2302 3692/1391/3637 3753/1390/3698
f 3249/1966/3197 3247/1965/3195 3246/3543/3194 3248/3528/3196
f 6190/3281/6133 6189/2043/6132 6188/2046/6131 6192/3282/6135
f 3754/3671/3699 3758/1560/3703 3757/3084/3702
f 203/3172/157 3758/1560/3703 3754/3671/3699
f 309/3171/263 4044/1557/3989 4043/1560/3988 4045/3172/3990
f 850/1398/804 851/347/805 852/1673/806 854/1671/808
f 3468/3336/3413 3465/3337/3410 3423/1240/3368 3424/1239/3369
f 437/3653/391 3320/3644/3265 3322/3283/3267 3325/3613/3270
f 1094/1956/1048 1092/1904/1046 1109/1914/1063 1112/2002/1066
f 6644/2529/6587 6642/2474/6585 6641/2530/6584 6645/2531/6588
f 3037/3729/2989 3036/3389/2988 3035/3067/2987 3034/3405/2986
f 2276/930/2228 2273/2754/2225 2274/2755/2226 209/931/163
f 2253/2854/2205 175/2855/129 180/2856/134 2252/2857/2204
f 1152/2057/1106 1148/3262/1102 1147/2016/1101 1149/2019/1103
f 2195/1848/2147 2193/211/2145 3603/3150/3548 3602/1849/3547
f 196/2225/150 3767/2692/3712 3765/2226/3710
f 3315/460/3260 3273/940/3218 3316/941/3261 3318/461/3263
f 551/254/505 541/1092/495 549/3085/503 552/1205/506
f 3492/437/3437 3486/2552/3431 3493/2756/3438 3496/1876/3441
f 3270/3711/3215 3268/3251/3213 3266/3250/3211 3269/3558/3214
f 3903/2932/3848 3897/3551/3842 3899/1932/3844 3902/1933/3847
f 5868/2787/5811 5811/579/5754 5813/582/5756 5829/2788/5772
f 2674/201/2626 2623/652/2575 2621/651/2573 2676/202/2628
f 3773/3642/3718 189/3382/143 192/3643/146
f 2109/202/2061 2104/201/2056 2107/652/2059 2117/651/2069
f 3775/3298/3720 192/3643/146 189/3382/143
f 3052/3381/3004 3053/3380/3005 3058/2548/3010 3055/2547/3007
f 4684/3730/4628 4676/3731/4620 4685/2814/4629 4688/2813/4632
f 1124/2078/1078 1117/2047/1071 1119/2050/1073 1123/2051/1077
f 3781/3667/3726 3780/607/3725 3778/606/3723
f 5671/3281/5614 5666/2043/5609 5668/2046/5611 5670/3282/5613
f 3778/606/3723 3774/3607/3719 3783/3579/3728
f 3783/3579/3728 3781/3667/3726 3778/606/3723
f 6612/3732/6555 6611/3479/6554 6545/3259/6488 6552/1793/6495
f 3288/3662/3233 3274/3710/3219 3286/3577/3231 3290/3585/3235
f 3786/3455/3731 3781/3667/3726 3783/3579/3728
f 3902/1933/3847 3899/1932/3844 3910/700/3855 3947/699/3892
f 3418/2690/3363 3414/3299/3359 3438/3457/3383 3445/3456/3390
f 3639/3585/3584 3638/3666/3583 3642/3586/3587 3644/3662/3589
f 4009/3299/3954 3979/3298/3924 3974/1201/3919 3980/3557/3925
f 3781/3667/3726 3786/3455/3731 3790/3239/3735
f 3781/3667/3726 3790/3239/3735 3791/3238/3736
f 187/3641/141 186/1202/140 3777/3383/3722
f 186/1202/140 3789/1201/3734 3777/3383/3722
f 4006/2075/3951 4005/3275/3950 4002/3276/3947 4003/3274/3948
f 194/3059/148 3769/2689/3714 3767/2692/3712 196/2225/150
f 5228/353/5172 214/352/168 2471/500/2423 215/499/169
f 4020/3580/3965 4019/3579/3964 4024/3607/3969 4026/3606/3971
f 3376/1173/3321 3377/902/3322 3378/900/3323 3380/899/3325
f 3632/158/3577 3629/157/3574 3631/3665/3576 3638/3666/3583
f 3772/3563/3717 3776/3657/3721 3806/3656/3751 3808/3564/3753
f 3654/459/3599 3622/460/3567 3625/461/3570 3659/458/3604
f 3798/3628/3743 3801/3274/3746 3802/3660/3747
f 4426/3183/4370 4420/3733/4364 4423/3609/4367 4455/3180/4399
f 3803/3276/3748 3802/3660/3747 3801/3274/3746
f 3788/3457/3733 3785/3456/3730 3784/2690/3729 3787/3299/3732
f 3805/3659/3750 3802/3660/3747 3779/3658/3724
f 3802/3660/3747 3803/3276/3748 3806/3656/3751
f 3802/3660/3747 3806/3656/3751 3779/3658/3724
f 5802/3600/5745 5801/3225/5744 5804/2066/5747 5805/2065/5748
f 3779/3658/3724 3806/3656/3751 3776/3657/3721
f 3980/3557/3925 3974/1201/3919 3978/1200/3923 3995/2963/3940
f 3955/3292/3900 3921/3295/3866 3920/940/3865 3956/460/3901
f 3445/3456/3390 3438/3457/3383 3442/3458/3387 3446/3455/3391
f 4020/3580/3965 4026/3606/3971 4027/3069/3972 4021/2691/3966
f 300/3059/254 3977/3643/3922 3979/3298/3924 3982/2689/3927
f 2871/1189/2823 2869/1352/2821 2867/2682/2819 2868/1190/2820
f 3270/3711/3215 3269/3558/3214 3316/3716/3261 3273/3712/3218
f 4715/1695/4659 4711/295/4655 4710/330/4654 4712/329/4656
f 6499/80/6442 6498/81/6441 6500/78/6443 6502/79/6445
f 183/3318/137 3816/2784/3761 3814/2961/3759
f 2311/1209/2263 2447/2250/2399 2449/2248/2401 2453/2249/2405
f 4775/3734/4719 4772/3735/4716 4764/3736/4708 4766/3737/4710
f 4036/2227/3981 4034/729/3979 4037/732/3982 4040/1559/3985
f 141/3653/95 137/3644/91 3680/3283/3625 3682/3613/3627
f 2084/1111/2036 2081/2835/2033 2078/2837/2030 2082/1108/2034
f 2568/463/2520 2511/462/2463 2571/387/2523 2684/2630/2636
f 3755/3654/3700 3756/3336/3701 3821/1239/3766
f 442/3571/396 439/3572/393 3328/3573/3273 444/3574/398
f 3821/1239/3766 178/3615/132 3755/3654/3700
f 3823/3616/3768 3879/1288/3824 2584/3617/2536
f 3824/1287/3769 2584/3617/2536 3879/1288/3824
f 2584/3617/2536 3824/1287/3769 3825/3618/3770
f 2581/3619/2533 3825/3618/3770 3826/2827/3771
f 3825/3618/3770 3824/1287/3769 3826/2827/3771
f 1457/1589/1409 1530/3738/1482 1529/2504/1481 1456/1588/1408
f 6461/2479/6404 6459/2478/6402 6454/2663/6397 6451/274/6394
f 3826/2827/3771 2565/2826/2517 2576/3621/2528
f 3889/372/3834 3885/371/3830 2556/3636/2508 2559/3640/2511
f 3831/625/3776 3832/3622/3777 2565/2826/2517
f 3824/1287/3769 3833/622/3778 3826/2827/3771
f 3827/1286/3772 3834/944/3779 3824/1287/3769
f 686/1644/640 688/1367/642 691/1393/645 695/1263/649
f 3834/944/3779 3827/1286/3772 3830/945/3775
f 1256/2090/1209 1268/2093/1221 1270/2210/1223 1248/2203/1201
f 3840/624/3785 3835/623/3780 3838/946/3783 3861/2162/3806
f 4118/3739/4062 4126/3740/4070 4127/847/4071 4119/846/4063
f 3521/3684/3466 3520/675/3465 3519/674/3464 3486/2979/3431
f 2706/1109/2658 2705/2611/2657 255/1886/209 2667/1110/2619
f 1956/2460/1908 1953/2461/1905 1958/2462/1910 1985/2463/1937
f 6481/111/6424 6478/439/6421 6476/438/6419 6413/112/6356
f 4834/430/4778 4832/429/4776 4824/3741/4768 4831/3228/4775
f 3349/634/3294 3342/2171/3287 3343/2173/3288 3379/2067/3324
f 2324/415/2276 2318/414/2270 2296/757/2248 2325/2688/2277
f 2103/383/2055 2099/2799/2051 2101/381/2053 2160/382/2112
f 1527/2559/1479 1525/2541/1477 1529/2504/1481 1530/3738/1482
f 2737/677/2689 2738/678/2690 2745/114/2697 2760/679/2712
f 3356/1710/3301 3357/3064/3302 3358/3328/3303 3360/2377/3305
f 4463/1414/4407 4459/3331/4403 4458/2179/4402 4460/2178/4404
f 6487/1599/6430 6481/111/6424 6483/110/6426 6489/2425/6432
f 3715/1497/3660 3713/441/3658 5368/440/5311 5366/3087/5309
f 4538/3742/4482 4537/3743/4481 4540/1816/4484 4539/3744/4483
f 3584/1172/3529 3582/1171/3527 5359/2583/5303 5362/2584/5305
f 2689/1294/2641 2688/1295/2640 2509/1292/2461 2690/1293/2642
f 4367/3745/4311 4363/3695/4307 4368/670/4312 4369/3746/4313
f 374/11/328 373/12/327 375/14/329 376/13/330
f 6096/3650/6039 6126/2476/6069 6072/2479/6015 6074/3649/6017
f 1539/2490/1491 1535/985/1487 1536/2343/1488 1541/2580/1493
f 5351/3176/5295 3372/3625/3317 3371/3626/3316 3374/2329/3319
f 2020/2490/1972 2013/985/1965 2014/2343/1966 2021/2580/1973
f 71/65/25 1773/64/1725 69/292/23 70/293/24
f 2585/2829/2537 282/2684/236 2583/2687/2535 2586/926/2538
f 3420/2692/3365 3413/2225/3358 3412/3059/3357 3411/2689/3356
f 3516/3747/3461 5357/3748/5301 5358/290/5302 3499/289/3444
f 4817/3749/4761 4813/3034/4757 4814/3008/4758 4818/3378/4762
f 6012/1569/5955 5968/1572/5911 6010/1152/5953 6017/1733/5960
f 6871/1569/6814 6793/1570/6736 6872/1571/6815 6873/1572/6816
f 5625/1357/5568 5629/1358/5572 5626/1359/5569 5622/1360/5565
f 3564/634/3509 3556/2171/3501 3557/2173/3502 3558/2067/3503
f 3900/280/3845 2486/71/2438 238/567/192 3901/570/3846
f 1214/2183/1168 1212/2167/1166 1213/2165/1167 1218/2138/1172
f 3350/633/3295 3346/2163/3291 3342/2171/3287 3349/634/3294
f 4060/3684/4005 4094/675/4038 4091/674/3522 4092/2979/4036
f 3838/946/3783 3830/945/3775 3836/2171/3781 3842/2163/3787
f 3838/946/3783 3842/2163/3787 3858/553/3803 3861/2162/3806
f 6843/2309/6786 6841/2488/6784 6836/2695/6779 6834/2985/6777
f 3403/1616/3348 3401/1617/3346 3399/1618/3344 3400/372/3345
f 3881/1719/3826 3879/3046/3824 3823/3633/3768
f 3823/3633/3768 3882/3634/3827 3881/1719/3826
f 3883/638/3828 3876/637/3821 3878/3044/3823
f 3878/3044/3823 3881/1719/3826 3883/638/3828
f 5336/524/5280 101/525/55 1910/359/1862 5339/358/5283
f 3882/3634/3827 2556/3636/2508 3881/1719/3826
f 3884/3635/3829 2556/3636/2508 3882/3634/3827
f 3693/1372/3638 3695/1371/3640 3699/1564/3644 3692/1391/3637
f 3881/1719/3826 2556/3636/2508 3885/371/3830
f 2556/3636/2508 3887/3639/3832 2559/3640/2511
f 892/1522/846 895/1712/849 899/1720/853 896/1510/850
f 3877/636/3822 3876/637/3821 3883/638/3828 3886/370/3831
f 2771/419/2723 2764/584/2716 2769/420/2721 2778/418/2730
f 3832/3622/3777 3889/372/3834 2559/3640/2511
f 3891/1618/3836 3888/369/3833 3889/372/3834
f 3891/1618/3836 3890/866/3835 3888/369/3833
f 3889/372/3834 3832/3622/3777 3892/1616/3837
f 3538/1390/3483 3481/1391/3426 3491/1388/3436 3539/1389/3484
f 3832/3622/3777 3831/625/3776 3892/1616/3837
f 4160/3750/4104 4156/3751/4100 4163/836/4107 4166/835/4110
f 3737/2563/3682 3735/181/3680 3732/3210/3677 3738/2564/3683
f 3874/864/3819 3890/866/3835 3893/2134/3838 3880/556/3825
f 621/1283/575 632/1282/586 635/1312/589 613/1259/567
f 4049/1735/3994 4100/1737/4044 4050/3686/3995 4053/788/3998
f 3895/3620/3840 3831/625/3776 3840/624/3785
f 3895/3620/3840 3840/624/3785 3861/2162/3806
f 3896/3550/3841 3898/2008/3843 3897/3551/3842
f 3899/1932/3844 3897/3551/3842 3898/2008/3843
f 3409/3298/3354 3406/3382/3351 3404/3383/3349 3405/1201/3350
f 3901/3548/3846 237/3549/191 3900/2009/3845
f 3811/1199/3756 3810/1200/3755 3789/1201/3734 186/1202/140
f 3349/634/3294 3379/2067/3324 3375/2068/3320 3352/635/3297
f 237/3549/191 3905/2010/3850 3900/2009/3845
f 4779/3752/4723 4777/394/4721 4780/2965/4724 4782/2964/4726
f 1805/1516/1757 1799/2907/1751 1802/1039/1754 1809/1038/1761
f 6123/3553/6066 6121/3554/6064 6047/3555/5990 6124/3556/6067
f 5571/373/5514 5577/404/5520 5536/405/5479 5565/374/5508
f 3807/2963/3752 3796/3557/3741 3789/1201/3734 3810/1200/3755
f 2837/191/2789 2834/243/2786 2833/3011/2785 2836/188/2788
f 3438/3457/3383 3414/3299/3359 3410/3557/3355 3416/3540/3361
f 3638/3666/3583 3631/3665/3576 3635/701/3580 3642/3586/3587
f 3908/2386/3853 3914/2385/3859 3911/3558/3856
f 3961/3644/3906 3904/2931/3849 3960/2746/3905 3963/3283/3908
f 5953/3131/5896 6015/3130/5958 6017/1733/5960 5956/1732/5899
f 3667/2746/3612 3675/2745/3620 3678/354/3623 3680/3283/3625
f 6460/2530/6403 6485/2531/6428 6490/2529/6433 6522/2474/6465
f 3301/3665/3246 3298/157/3243 3302/3593/3247 3304/3595/3249
f 3920/3712/3865 3921/3713/3866 3919/3711/3864
f 3761/1559/3706 200/1558/154 197/2224/151 3762/2227/3707
f 3969/3573/3914 3965/3613/3910 3964/357/3909 3966/453/3911
f 592/603/546 590/1212/544 583/1195/537 579/600/533
f 3968/3570/3913 3967/3194/3912 3924/1213/3869
f 3924/1213/3869 3926/3575/3871 3968/3570/3913
f 3971/3571/3916 3970/3572/3915 3969/3573/3914 256/3574/210
f 3919/3711/3864 3927/3662/3872 3912/3251/3857
f 3928/3577/3873 3919/3711/3864 3921/3713/3866
f 3927/3662/3872 3919/3711/3864 3928/3577/3873
f 3921/3713/3866 3929/3578/3874 3928/3577/3873
f 3930/3576/3875 3928/3577/3873 3929/3578/3874
f 3953/3584/3898 3931/3583/3876 3930/3576/3875
f 3931/3583/3876 3928/3577/3873 3930/3576/3875
f 3927/3662/3872 3928/3577/3873 3932/3585/3877
f 3931/3583/3876 3932/3585/3877 3928/3577/3873
f 3946/702/3891 3938/701/3883 3942/3665/3887 3945/3595/3890
f 3932/3585/3877 3931/3583/3876 3934/3185/3879
f 4771/3753/4715 4761/3754/4705 4772/392/4716 4774/391/4718
f 3935/3186/3880 3934/3185/3879 3931/3583/3876
f 3564/634/3509 3558/2067/3503 3565/2068/3510 3568/635/3513
f 3442/3458/3387 3438/3457/3383 3416/3540/3361 3433/3275/3378
f 1163/2028/1117 1144/970/1098 1142/969/1096 1165/2011/1119
f 2325/2688/2277 2296/757/2248 2292/419/2244 2298/418/2250
f 4603/3755/4547 4592/3756/4536 4604/3757/4548 4606/3758/4550
f 6019/1153/5962 6016/2459/5959 5951/2458/5894 5958/1154/5901
f 3944/3592/3889 3943/3593/3888 3941/3594/3886
f 3944/3592/3889 3945/3595/3890 3943/3593/3888
f 5663/2044/5606 5662/3759/5605 5661/2770/5604 5665/2045/5608
f 5422/3281/5365 5421/2043/5364 5420/2046/5363 5424/3282/5367
f 3948/3599/3893 3946/702/3891 3945/3595/3890
f 3945/3595/3890 3944/3592/3889 3948/3599/3893
f 3946/702/3891 3949/459/3894 3947/699/3892
f 3949/459/3894 3946/702/3891 3948/3599/3893
f 4552/261/4496 4550/688/4494 4553/687/4497 4557/262/4501
f 3948/3599/3893 3944/3592/3889 3951/3439/3896
f 3944/3592/3889 3952/3440/3897 3951/3439/3896
f 3450/607/3395 3451/604/3396 3430/605/3375 3449/606/3394
f 1078/1930/1032 1076/1929/1030 1082/1879/1036 1087/2040/1041
f 3951/3439/3896 3954/3293/3899 3948/3599/3893
f 3954/3293/3899 3955/3292/3900 3948/3599/3893
f 3452/3607/3397 3453/3608/3398 3454/3604/3399 3455/3606/3400
f 3955/3292/3900 3949/459/3894 3948/3599/3893
f 3456/3069/3401 3455/3606/3400 3454/3604/3399 3457/3605/3402
f 3955/3292/3900 3956/460/3901 3949/459/3894
f 2338/3140/2290 2294/961/2246 2340/1866/2292 2407/1865/2359
f 3456/3069/3401 3457/3605/3402 3458/3371/3403 3459/3070/3404
f 3675/2745/3620 3625/461/3570 3651/941/3596 3676/3668/3621
f 6110/736/6053 6032/735/5975 6034/1878/5977 6112/1877/6055
f 1518/3760/1470 1515/2525/1467 1517/2526/1469 1521/3347/1473
f 3904/2931/3849 3950/458/3895 3960/2746/3905
f 1181/2116/1135 1180/2112/1134 1184/2113/1138 1185/2120/1139
f 2040/2611/1992 2038/2608/1990 111/2609/65 112/1886/66
f 154/497/108 152/155/106 153/154/107 155/496/109
f 2998/1106/2950 2997/1107/2949 2999/217/2951 827/398/781
f 4686/2952/4630 4683/3761/4627 4700/3762/4644 4702/2953/4646
f 3995/2963/3940 3998/3541/3943 4001/3540/3946 3980/3557/3925
f 7060/2592/7002 7058/3763/7000 7057/3264/6999 7064/2593/7006
f 3468/3726/3413 3425/3727/3370 3472/3671/3417 3471/3084/3416
f 3281/1213/3226 3279/1214/3224 413/1215/367 3282/1216/3227
f 3966/453/3911 239/3476/193 3969/3573/3914
f 256/3574/210 3969/3573/3914 239/3476/193
f 3758/1560/3703 203/3172/157 3759/3171/3704 202/1557/156
f 3972/3641/3917 295/1202/249 3973/3383/3918
f 295/1202/249 3974/1201/3919 3973/3383/3918
f 1110/1951/1064 1105/1952/1059 1111/2049/1065 1113/2048/1067
f 3976/3642/3921 3975/3382/3920 3977/3643/3922
f 3769/2689/3714 194/3059/148 192/3643/146 3775/3298/3720
f 3379/904/3324 3378/900/3323 3377/902/3322 3375/903/3320
f 3979/3298/3924 3977/3643/3922 3975/3382/3920
f 6271/769/6214 6270/761/6213 6155/760/6098 6154/770/6097
f 3653/3252/3598 3649/700/3594 3656/1932/3601 3657/2010/3602
f 3412/3059/3357 74/3643/28 3409/3298/3354 3411/2689/3356
f 2278/1516/2230 2272/2907/2224 2275/1039/2227 2280/1038/2232
f 301/3318/255 3984/2784/3929 3981/2961/3926
f 3665/2385/3610 132/2386/86 3666/2387/3611 3668/2388/3613
f 3766/3070/3711 3764/3257/3709 3765/2226/3710 3767/2692/3712
f 3768/3069/3713 3766/3070/3711 3767/2692/3712 3770/2691/3715
f 4844/3764/4788 4848/3765/4792 4868/3766/4812 4870/3767/4814
f 5746/2529/5689 5744/2474/5687 5743/2530/5686 5747/2531/5690
f 3658/1933/3603 3652/699/3597 3654/459/3599 3659/458/3604
f 6518/3113/6461 6442/3281/6385 6441/3282/6384 6444/3114/6387
f 3922/1214/3867 3917/2388/3862 235/2387/189 3923/1215/3868
f 2425/161/2377 2423/2836/2375 2420/1550/2372 2422/1551/2374
f 439/3572/393 437/3653/391 3325/3613/3270 3328/3573/3273
f 310/3654/264 4039/3336/3984 3991/1239/3936
f 3991/1239/3936 308/3615/262 310/3654/264
f 3281/1213/3226 3282/1216/3227 3284/3655/3229 3285/3575/3230
f 6249/3095/6192 6247/3663/6190 6189/3664/6132 6190/3096/6133
f 6602/79/6545 6603/78/6546 6604/3581/6547 6606/3582/6549
f 3997/3658/3942 3996/3656/3941 4025/3657/3970
f 3783/3579/3728 3782/3580/3727 3785/3456/3730 3786/3455/3731
f 3999/3659/3944 4000/3660/3945 3997/3658/3942
f 4000/3660/3945 3996/3656/3941 3997/3658/3942
f 3308/3661/3253 3307/3599/3252 3313/3293/3258 3314/3292/3259
f 4000/3660/3945 4002/3276/3947 3996/3656/3941
f 3297/701/3242 3301/3665/3246 3304/3595/3249 3306/702/3251
f 4003/3274/3948 4002/3276/3947 4000/3660/3945
f 4004/3628/3949 4003/3274/3948 4000/3660/3945
f 4595/3768/4539 4604/3769/4548 4594/2958/4538 4598/2957/4542
f 4010/2074/3955 4008/2073/3953 4011/3238/3956 4014/3239/3959
f 3795/2076/3740 3794/2073/3739 3793/2074/3738 3797/2075/3742
f 3788/3457/3733 3787/3299/3732 3796/3557/3741 3800/3540/3745
f 2762/2928/2714 2760/679/2712 2763/718/2715 2766/717/2718
f 5666/2043/5609 5663/2044/5606 5665/2045/5608 5668/2046/5611
f 5616/3568/5559 5539/3569/5482 5542/3260/5485 5617/3136/5560
f 3442/3458/3387 3439/2074/3384 3443/3239/3388 3446/3455/3391
f 4015/3667/3960 4014/3239/3959 4011/3238/3956
f 6371/2704/6314 6368/2703/6311 6369/3770/6312 6372/3708/6315
f 4015/3667/3960 4016/3455/3961 4014/3239/3959
f 4012/3458/3957 4013/3457/3958 4001/3540/3946 4005/3275/3950
f 2807/1921/2759 2810/3111/2762 2835/242/2787 2842/1922/2794
f 6746/2703/6689 6747/3770/6690 6748/3708/6691 6750/2704/6693
f 4016/3455/3961 4015/3667/3960 4019/3579/3964
f 3808/3564/3753 3804/3541/3749 3807/2963/3752 3812/2962/3757
f 2232/926/2184 2228/2687/2180 2192/3187/2144 2234/145/2186
f 4019/3579/3964 4015/3667/3960 4022/606/3967
f 4015/3667/3960 4023/607/3968 4022/606/3967
f 3623/3712/3568 3646/3713/3591 3645/3710/3590 3648/3711/3593
f 4022/606/3967 4024/3607/3969 4019/3579/3964
f 2364/495/2316 231/492/185 230/493/184 3741/494/3686
f 3294/3666/3239 3295/158/3240 3298/157/3243 3301/3665/3246
f 5431/3771/5374 5432/3772/5375 5491/270/5434 5433/269/5376
f 4027/3069/3972 4026/3606/3971 3989/3604/3934 4028/3605/3973
f 3309/459/3254 3308/3661/3253 3314/3292/3259 3315/460/3260
f 3951/3439/3896 3930/3442/3875 3929/3294/3874 3954/3293/3899
f 247/422/201 246/545/200 3961/546/3906 249/423/203
f 3321/2745/3266 3318/461/3263 3316/941/3261 3272/3668/3217
f 6021/1780/5964 6020/3109/5963 6099/3110/6042 6094/1781/6037
f 3983/2225/3928 4030/2692/3975 4032/2226/3977
f 1285/2244/1238 1182/2247/1136 1183/2252/1137 1287/2245/1240
f 3675/2745/3620 3676/3668/3621 3677/355/3622 3678/354/3623
f 4451/3773/4395 4454/3774/4398 4427/3775/4371 4430/3723/4374
f 3678/354/3623 3677/355/3622 3679/356/3624 3681/357/3626
f 3918/3195/3863 3959/3560/3904 3917/2388/3862 3922/1214/3867
f 3819/731/3764 3756/3726/3701 3757/3084/3702 3760/732/3705
f 3279/1214/3224 3277/2388/3222 416/2387/370 413/1215/367
f 3328/3573/3273 3325/3613/3270 3326/357/3271 3327/453/3272
f 3756/3726/3701 3755/3727/3700 3754/3671/3699 3757/3084/3702
f 3821/1239/3766 3820/1240/3765 181/1241/135 179/1242/133
f 4042/3084/3987 314/3671/268 4043/1560/3988
f 4045/3172/3990 4043/1560/3988 314/3671/268
f 3821/1239/3766 179/1242/133 3822/3614/3767 178/3615/132
f 2839/3672/2791 4101/1736/4045 343/3673/297
f 4046/1373/3991 343/3673/297 4101/1736/4045
f 343/3673/297 4046/1373/3991 2870/3674/2822
f 4047/3675/3992 2870/3674/2822 4048/3058/3993
f 2870/3674/2822 4046/1373/3991 4048/3058/3993
f 3737/2563/3682 3738/2564/3683 3686/2565/3631 3740/1355/3685
f 1910/2874/1862 101/2875/55 1906/2445/1858 1908/2444/1860
f 4048/3058/3993 4052/3057/3997 4051/3676/3996
f 3536/647/3481 3534/646/3479 3532/3637/3477 1878/3638/1830
f 4054/1391/3999 4055/3677/4000 4052/3057/3997
f 4046/1373/3991 4056/1372/4001 4048/3058/3993
f 4049/1735/3994 4057/1374/4002 4046/1373/3991
f 1797/1064/1749 1798/473/1750 1987/472/1939 88/1065/42
f 4057/1374/4002 4049/1735/3994 4053/788/3998
f 3490/782/3435 3495/74/3440 3508/77/3453 3540/781/3485
f 4614/2471/4558 1455/3776/1407 1454/609/1406 1458/608/1410
f 932/192/886 935/195/889 943/1427/897 945/1760/899
f 3749/645/3694 3747/183/3692 3746/646/3691 3751/647/3696
f 3394/636/3339 3396/370/3341 3398/369/3343 3397/866/3342
f 7190/790/1161 7220/783/1160 3172/786/3124 3173/791/3125
f 3739/781/3684 3736/77/3681 3733/282/3678 3748/817/3693
f 4065/1388/4010 4054/1391/3999 4062/1564/4007
f 4065/1388/4010 4062/1564/4007 4064/782/4009
f 3655/3250/3600 3662/3552/3607 132/2386/86 3650/3558/3595
f 4095/282/4039 4086/281/4031 4093/673/4037 4096/676/4040
f 3485/436/3430 3521/2551/3466 3486/2552/3431 3492/437/3437
f 2688/1295/2640 2687/389/2639 2514/388/2466 2509/1292/2461
f 5835/1733/5778 5836/1569/5779 5838/1572/5781 5839/1152/5782
f 3726/1850/3671 3719/3270/3664 3724/1590/3669 3727/1593/3672
f 3362/2288/3307 3360/2377/3305 3358/3328/3303 3363/3329/3308
f 3720/3627/3665 3722/3698/3667 3709/1591/3654 3724/1590/3669
f 2735/1603/2687 2734/1602/2686 312/2854/266 2732/3215/2684
f 3866/1173/3811 3869/902/3814 3871/900/3816 3872/899/3817
f 1735/740/1687 1734/742/1686 1731/1197/1683 1724/737/1676
f 3516/1591/3461 3514/1590/3459 3511/3627/3456 5357/3698/5301
f 4085/3747/4030 5377/3748/5320 5378/290/5321 4071/289/4016
f 4087/1590/4032 4085/1591/4030 4088/1592/4033 4090/1593/4035
f 2606/187/2558 2533/186/2485 2537/123/2489 2605/122/2557
f 5391/1791/5334 5388/1806/5331 5500/3650/5443 5417/3649/5360
f 4081/76/4026 4086/281/4031 4095/282/4039 4098/77/4042
f 3500/288/3445 3501/291/3446 5356/440/5300 3503/441/3448
f 3510/3270/3455 3507/1498/3452 5352/3088/5296 5355/3271/5299
f 3709/3747/3654 3722/3748/3667 3710/290/3655 3708/289/3653
f 5450/3089/5393 5448/1599/5391 5446/2427/5389 5398/3090/5341
f 1332/2297/1284 1333/2310/1285 1336/2315/1288 1337/3683/1289
f 5946/279/5889 5900/1016/5843 5948/1015/5891 5955/1479/5898
f 4445/3777/4389 4444/3778/4388 4442/3779/4386 4441/3780/4385
f 2834/243/2786 2832/2973/2784 2831/2972/2783 2833/3011/2785
f 3703/437/3648 3697/2552/3642 3725/2756/3670 3706/1876/3651
f 6347/1851/6290 6345/1572/6288 6296/1571/6239 6348/1852/6291
f 6126/2530/6069 6096/2531/6039 6125/2529/6068 6135/2474/6078
f 2917/69/2869 3975/68/3920 3976/552/3921 296/551/250
f 4059/436/4004 4053/788/3998 4050/3686/3995 4060/2551/4005
f 3705/74/3650 3700/435/3645 3704/434/3649 3712/75/3657
f 4059/436/4004 4060/2551/4005 4092/2552/4036 4066/437/4011
f 3562/2162/3507 3559/946/3504 3561/2163/3506 3567/553/3512
f 272/2717/226 2537/2713/2489 2539/2715/2491 2541/2718/2493
f 3537/1567/3482 3536/647/3481 3538/1390/3483 3539/1389/3484
f 1190/3781/1144 1189/2166/1143 1192/2130/1146 1193/2129/1147
f 3351/553/3296 3386/556/3331 3389/2134/3334 3347/2162/3292
f 6201/2663/6144 6196/274/6139 6197/2479/6140 6199/2478/6142
f 4103/1355/4047 4101/2565/4045 2839/3687/2791
f 2839/3687/2791 4104/3688/4048 4103/1355/4047
f 4105/182/4049 4097/181/4041 4099/2563/4043
f 4099/2563/4043 4103/1355/4047 4105/182/4049
f 4106/3689/4050 4107/3637/4051 4104/3688/4048
f 4104/3688/4048 4107/3637/4051 4103/1355/4047
f 1766/184/1718 464/176/418 1644/179/1596 1638/185/1590
f 1352/2333/1304 1351/2336/1303 1338/3624/1290 1345/2320/1297
f 4103/1355/4047 4107/3637/4051 4109/646/4053
f 3489/435/3434 3487/787/3432 3480/788/3425 3485/436/3430
f 269/176/223 2532/179/2484 270/185/224 271/184/225
f 559/1142/513 556/1140/510 557/3782/511 3005/1143/2957
f 3540/781/3485 3525/817/3470 3537/1567/3482 3539/1389/3484
f 4113/1567/4057 4111/817/4055 4112/645/4056
f 4113/1567/4057 4112/645/4056 4114/647/4058
f 3610/372/3555 3605/371/3550 3603/3636/3548 2188/3640/2140
f 4107/3637/4051 4116/3690/4060 2827/3638/2779
f 4055/3677/4000 4114/647/4058 2827/3638/2779
f 123/84/77 124/85/78 2023/82/1975 125/83/79
f 658/479/612 660/1379/614 663/1356/617 661/476/615
f 4114/647/4058 4055/3677/4000 4117/1390/4061
f 4055/3677/4000 4054/1391/3999 4117/1390/4061
f 4118/3783/4062 4245/3784/4189 4243/3785/4187 4126/3786/4070
f 4224/821/4168 4223/820/4167 4227/3787/4171 4230/3788/4174
f 4173/3789/4117 4168/3790/4112 4167/834/4111 4174/874/4118
f 4172/3791/4116 4171/3792/4115 4170/3793/4114 4175/3794/4119
f 3858/553/3803 3880/556/3825 3893/2134/3838 3861/2162/3806
f 4244/3795/4188 4122/3796/4066 4125/3797/4069 4242/3798/4186
f 4180/3799/4124 4179/3800/4123 4178/3801/4122 4185/855/4129
f 4172/3791/4116 4175/3794/4119 4178/3801/4122 4179/3800/4123
f 4242/3798/4186 4241/3802/4185 4240/3803/4184 4244/3795/4188
f 4236/3804/4180 4233/3805/4177 4232/867/4176 4237/870/4181
f 4142/3806/4086 4136/826/4080 4141/829/4085 4145/3807/4089
f 6167/1119/6110 6221/2749/6164 6166/2750/6109 6169/1120/6112
f 4219/3808/4163 4218/3809/4162 4222/3810/4166 4223/3811/4167
f 406/844/360 404/881/358 405/882/359 407/845/361
f 4189/857/4133 4184/856/4128 4183/3812/4127 4186/3813/4130
f 4229/2615/4173 4227/3814/4171 4226/3815/4170 4231/2616/4175
f 372/10/326 5261/9/5205 373/12/327 374/11/328
f 4811/2910/4755 4809/2909/4753 4791/3816/4735 4812/3009/4756
f 4238/3817/4182 4237/870/4181 4235/869/4179 4239/3818/4183
f 4228/3819/4172 4230/3788/4174 4232/867/4176 4233/3805/4177
f 4178/3801/4122 4175/3794/4119 4177/3820/4121 4181/3821/4125
f 4191/3822/4135 4187/3823/4131 4188/854/4132 4193/877/4137
f 4230/3788/4174 4227/3787/4171 4229/868/4173 4232/867/4176
f 377/15/331 376/13/330 375/14/329 5268/16/5212
f 4195/879/4139 4192/878/4136 4190/3824/4134 4194/3825/4138
f 4158/3678/4102 4155/3681/4099 4156/3751/4100 4160/3750/4104
f 1967/3140/1919 1964/961/1916 1966/1866/1918 1969/1865/1921
f 4154/851/4098 4153/3826/4097 4152/3827/4096 4157/852/4101
f 4130/3828/4074 4132/3078/4076 4135/828/4079 4134/827/4078
f 4244/3795/4188 4240/3803/4184 4238/3817/4182 4245/3784/4189
f 4205/3829/4149 4201/3830/4145 4207/3704/4151 4208/3831/4152
f 368/831/322 369/830/323 362/860/316 363/861/317
f 4646/3832/4590 4627/2221/4571 4628/3833/4572 4629/3834/4573
f 4150/3835/4094 4149/3836/4093 4152/3827/4096 4153/3826/4097
f 4149/3836/4093 4146/3837/4090 4151/3679/4095 4152/3827/4096
f 4217/3838/4161 4211/3839/4155 4212/823/4156 4215/822/4159
f 4146/3837/4090 4147/3840/4091 4148/3680/4092 4151/3679/4095
f 397/5/351 398/6/352 391/7/345 5286/8/5230
f 4142/3806/4086 4145/3807/4089 4149/3836/4093 4150/3835/4094
f 4145/3807/4089 4144/3841/4088 4146/3837/4090 4149/3836/4093
f 386/881/340 387/882/341 5280/845/5224 388/844/342
f 4147/3842/4091 4138/3843/4082 4142/3806/4086 4150/3835/4094
f 4170/3793/4114 4169/3844/4113 4168/3790/4112 4173/3789/4117
f 4236/3804/4180 4237/870/4181 4238/3817/4182 4240/3803/4184
f 4132/3078/4076 4128/3845/4072 4123/849/4067 4133/3079/4077
f 405/882/359 404/881/358 403/863/357 5303/862/5247
f 4156/3846/4100 4155/3847/4099 4154/851/4098 4159/850/4103
f 4210/3848/4154 4211/3839/4155 4217/3838/4161 4214/3849/4158
f 4139/3080/4083 4133/3079/4077 4131/3850/4075 4140/3851/4084
f 5642/2750/5585 5639/1120/5582 5635/1119/5578 5640/2749/5583
f 4162/3852/4106 4164/3853/4108 4168/3790/4112 4169/3844/4113
f 4120/3854/4064 4129/3855/4073 4130/3828/4074 4131/3856/4075
f 4138/3843/4082 4137/3857/4081 4136/826/4080 4142/3806/4086
f 406/844/360 407/845/361 5298/842/5242 408/843/362
f 4190/3824/4134 4191/3858/4135 4199/3859/4143 4194/3825/4138
f 4141/829/4085 4135/828/4079 4139/3080/4083 4143/3860/4087
f 4190/3824/4134 4186/3813/4130 4187/3861/4131 4191/3858/4135
f 4195/879/4139 4194/3825/4138 4196/20/4140 4202/3706/4146
f 4188/854/4132 4189/857/4133 4192/878/4136 4193/877/4137
f 4216/3862/4160 4214/3849/4158 4218/3809/4162 4219/3808/4163
f 2924/1865/2876 2781/3140/2733 2780/961/2732 2783/1866/2735
f 4186/3813/4130 4183/3812/4127 4180/3863/4124 4187/3861/4131
f 6027/2443/5970 6028/2442/5971 6082/400/6025 6081/403/6024
f 4218/3809/4162 4214/3849/4158 4217/3838/4161 4220/3039/4164
f 4221/818/4165 4215/822/4159 4216/825/4160 4219/819/4163
f 4126/3864/4070 4243/3865/4187 4242/3798/4186 4125/3797/4069
f 4178/3801/4122 4181/3821/4125 4184/856/4128 4185/855/4129
f 4223/3811/4167 4222/3810/4166 4226/3815/4170 4227/3814/4171
f 4205/3829/4149 4208/3831/4152 4210/3848/4154 4213/3866/4157
f 389/843/343 388/844/342 5280/845/5224 380/842/334
f 4118/3739/4062 4119/846/4063 4121/884/4065 4122/883/4066
f 4144/3841/4088 4143/3860/4087 4137/3867/4081 4138/3868/4082
f 4210/3848/4154 4208/3831/4152 4209/3869/4153 4211/3839/4155
f 4122/3796/4066 4244/3795/4188 4245/3784/4189 4118/3783/4062
f 4222/3810/4166 4225/3038/4169 4228/3819/4172 4226/3815/4170
f 402/833/356 401/832/355 5303/862/5247 403/863/357
f 4239/3870/4183 4235/2618/4179 4234/2617/4178 4241/3802/4185
f 4156/3846/4100 4159/850/4103 4162/3852/4106 4163/3871/4107
f 6351/2651/6294 6347/1851/6290 6348/1852/6291 6352/2652/6295
f 4198/880/4142 4195/879/4139 4202/3706/4146 4206/3705/4150
f 3700/435/3645 3698/787/3643 3691/788/3636 3696/436/3641
f 4197/3872/4141 4206/3705/4150 4207/3704/4151 4201/3830/4145
f 4238/3817/4182 4239/3818/4183 4243/3785/4187 4245/3784/4189
f 4216/3862/4160 4213/3866/4157 4210/3848/4154 4214/3849/4158
f 3567/553/3512 3597/556/3542 3599/2134/3544 3562/2162/3507
f 4197/3872/4141 4199/3873/4143 4198/880/4142 4206/3705/4150
f 4191/3822/4135 4193/877/4137 4198/880/4142 4199/3873/4143
f 4234/2617/4178 4236/3804/4180 4240/3803/4184 4241/3802/4185
f 4131/3856/4075 4130/3828/4074 4134/827/4078 4140/3874/4084
f 4124/885/4068 4121/884/4065 4128/3845/4072 4129/3855/4073
f 4180/3799/4124 4185/855/4129 4188/854/4132 4187/3823/4131
f 4157/852/4101 4158/3678/4102 4160/3750/4104 4161/853/4105
f 4176/3875/4120 4172/3876/4116 4179/3877/4123 4182/3878/4126
f 4222/3810/4166 4218/3809/4162 4220/3039/4164 4225/3038/4169
f 4120/3854/4064 4127/3879/4071 4124/885/4068 4129/3855/4073
f 5255/882/5199 364/881/318 365/863/319 366/862/320
f 6732/1852/6675 6730/2652/6673 6731/2651/6674 6734/1851/6677
f 4183/3812/4127 4182/3878/4126 4179/3877/4123 4180/3863/4124
f 4184/856/4128 4181/3821/4125 4182/3878/4126 4183/3812/4127
f 4129/3855/4073 4128/3845/4072 4132/3078/4076 4130/3828/4074
f 5247/832/5191 366/862/320 365/863/319 367/833/321
f 4165/3880/4109 4163/3871/4107 4162/3852/4106 4169/3844/4113
f 4212/823/4156 4204/871/4148 4205/872/4149 4213/824/4157
f 5516/3651/5459 5515/3652/5458 5518/3133/5461 5593/3132/5536
f 4146/3837/4090 4144/3841/4088 4138/3868/4082 4147/3840/4091
f 4157/852/4101 4152/3827/4096 4151/3679/4095 4158/3678/4102
f 4208/3831/4152 4207/3704/4151 4203/3707/4147 4209/3869/4153
f 4155/3847/4099 4148/3881/4092 4153/3826/4097 4154/851/4098
f 4181/3821/4125 4177/3820/4121 4176/3875/4120 4182/3878/4126
f 4234/2617/4178 4231/2616/4175 4233/3805/4177 4236/3804/4180
f 4143/3860/4087 4139/3080/4083 4140/3851/4084 4137/3867/4081
f 2354/1601/2306 2353/1250/2305 2356/2681/2308 3689/2680/3634
f 4196/20/4140 4194/3825/4138 4199/3859/4143 4197/21/4141
f 6801/278/6744 6861/277/6804 6857/547/6800 6855/548/6798
f 4123/849/4067 4120/848/4064 4131/3850/4075 4133/3079/4077
f 4164/3853/4108 4161/853/4105 4160/3750/4104 4166/835/4110
f 4165/3880/4109 4169/3844/4113 4170/3793/4114 4171/3792/4115
f 4176/3875/4120 4174/874/4118 4171/873/4115 4172/3876/4116
f 4239/3870/4183 4241/3802/4185 4242/3798/4186 4243/3865/4187
f 368/831/322 5247/832/5191 367/833/321 369/830/323
f 4159/850/4103 4161/853/4105 4164/3853/4108 4162/3852/4106
f 6491/3089/6434 6492/3090/6435 6493/3007/6436 6495/3006/6438
f 4175/3794/4119 4170/3793/4114 4173/3789/4117 4177/3820/4121
f 4228/3819/4172 4225/3038/4169 4224/821/4168 4230/3788/4174
f 4231/2616/4175 4226/3815/4170 4228/3819/4172 4233/3805/4177
f 4220/3039/4164 4217/3838/4161 4215/822/4159 4221/818/4165
f 4177/3820/4121 4173/3789/4117 4174/874/4118 4176/3875/4120
f 1499/3882/1451 1502/3883/1454 1518/3760/1470 1521/3347/1473
f 548/962/502 570/965/524 1032/966/986 1033/967/987
f 538/1091/492 2969/1440/2921 539/1093/493 540/528/494
f 3509/1499/3454 3507/1498/3452 3510/3270/3455 3513/1850/3458
f 4310/3142/4254 4311/3145/4255 4312/3884/4256 4314/3885/4258
f 4249/3886/4193 4251/3220/4195 4248/3887/4192
f 4248/3887/4192 4251/3220/4195 4250/1900/4194
f 5989/3247/5932 5924/3246/5867 5990/3888/5933 5991/3889/5934
f 4309/3101/4253 4310/3142/4254 4314/3885/4258 4316/3102/4260
f 4319/101/4263 4313/3103/4257 4316/3102/4260 4318/102/4262
f 3933/3666/3878 3913/3586/3858 3927/3662/3872 3932/3585/3877
f 4325/2029/4269 4320/3313/4264 4321/3598/4265 4258/3890/4202
f 6147/3205/6090 6142/3472/6085 6134/3471/6077 6060/3206/6003
f 1134/2088/1088 1132/3891/1086 1131/1972/1085 1137/2087/1091
f 2910/107/2862 2913/52/2865 4033/55/3978 4041/108/3986
f 2522/2103/2474 2513/2589/2465 2512/464/2464 2526/1347/2478
f 4348/286/4292 4344/3588/4288 6952/3587/6895 4349/3892/4293
f 5951/547/5894 5950/376/5893 5949/375/5892 5954/548/5897
f 1747/422/1699 434/545/388 3320/546/3265 437/423/391
f 6838/3542/6781 6840/3208/6783 6909/1359/6852 6910/1358/6853
f 4303/3893/4247 4306/3100/4250 4313/3103/4257 4304/3894/4248
f 3777/66/3722 188/67/142 2249/64/2201 187/65/141
f 4266/2467/4210 4263/887/4207 4265/890/4209
f 4328/2576/4272 4327/2032/4271 4326/2031/4270 4329/3714/4273
f 4249/3886/4193 4269/3895/4213 4251/3220/4195
f 4254/916/4198 4252/1901/4196 4253/3221/4197 4256/889/4200
f 4386/3229/4330 4387/3896/4331 4388/3423/4332 4391/3285/4335
f 4271/1869/4215 4269/3895/4213 4249/3886/4193
f 3031/1870/2983 4271/1869/4215 4249/3886/4193
f 4271/1869/4215 4272/3897/4216 4269/3895/4213
f 4298/3898/4242 4295/3899/4239 3032/3900/2984 4299/3901/4243
f 4273/1868/4217 4272/3897/4216 4271/1869/4215
f 4275/3902/4219 4266/2467/4210 4265/890/4209
f 4291/2664/4235 4288/2667/4232 4287/3222/4231 4290/3073/4234
f 6525/2477/6468 6458/3772/6401 6457/3771/6400 6459/2478/6402
f 4273/1868/4217 4277/3164/4221 4272/3897/4216
f 4273/1868/4217 4274/1871/4218 4278/3903/4222
f 4273/1868/4217 4278/3903/4222 4277/3164/4221
f 4274/1871/4218 4279/3904/4223 4278/3903/4222
f 4292/3905/4236 4286/3906/4230 3032/3900/2984 4295/3899/4239
f 4278/3903/4222 4280/2945/4224 4277/3164/4221
f 4278/3903/4222 4279/3904/4223 4280/2945/4224
f 2601/2625/2553 2607/2451/2559 2609/1327/2561 2610/2654/2562
f 4280/2945/4224 4279/3904/4223 4283/2946/4227
f 4279/3904/4223 4282/3907/4226 4283/2946/4227
f 1877/538/1829 1872/2135/1824 1870/506/1822 1944/505/1896
f 3033/3908/2985 4285/3909/4229 4282/3907/4226
f 1021/962/975 1020/965/974 2987/966/2939 2988/967/2940
f 4283/2946/4227 4282/3907/4226 4287/3222/4231
f 4282/3907/4226 4285/3909/4229 4287/3222/4231
f 1240/2200/1193 1237/2177/1190 1235/2176/1188 1241/2201/1194
f 4287/3222/4231 4285/3909/4229 4290/3073/4234
f 4289/3910/4233 4290/3073/4234 4285/3909/4229
f 1154/3491/1108 1157/1035/1111 1158/1034/1112 1159/2117/1113
f 4286/3906/4230 4292/3905/4236 4289/3910/4233
f 4305/3911/4249 4302/3912/4246 4299/3901/4243 4246/3913/4190
f 4289/3910/4233 4293/2262/4237 4290/3073/4234
f 4292/3905/4236 4293/2262/4237 4289/3910/4233
f 1162/2053/1116 1166/2054/1120 1169/2107/1123 1171/2101/1125
f 4292/3905/4236 4296/2259/4240 4293/2262/4237
f 4295/3899/4239 4296/2259/4240 4292/3905/4236
f 4276/3163/4220 4270/3914/4214 4272/3897/4216 4277/3164/4221
f 5211/1872/5155 5199/1873/5143 5205/1874/5149 5210/1875/5154
f 4295/3899/4239 4300/3915/4244 4296/2259/4240
f 4298/3898/4242 4300/3915/4244 4295/3899/4239
f 4471/3916/4415 4472/3917/4416 4473/3918/4417 4476/3919/4420
f 4298/3898/4242 4299/3901/4243 4302/3912/4246
f 4298/3898/4242 4303/3893/4247 4300/3915/4244
f 4298/3898/4242 4302/3912/4246 4303/3893/4247
f 4804/2752/4748 4805/3920/4749 4806/3921/4750 4809/2909/4753
f 4249/3886/4193 4248/3887/4192 4247/3922/4191 3031/1870/2983
f 4302/3912/4246 4306/3100/4250 4303/3893/4247
f 4302/3912/4246 4305/3911/4249 4306/3100/4250
f 4246/3913/4190 4307/3143/4251 4305/3911/4249
f 4246/3913/4190 4308/3144/4252 4307/3143/4251
f 4305/3911/4249 4309/3101/4253 4306/3100/4250
f 4305/3911/4249 4307/3143/4251 4309/3101/4253
f 4308/3923/4252 4248/3887/4192 4250/1900/4194 4311/1899/4255
f 4309/3101/4253 4307/3143/4251 4310/3142/4254
f 1060/3224/1014 1062/3154/1016 1065/3304/1019 1066/1974/1020
f 2054/2452/2006 2121/462/2073 2122/465/2074 2031/1566/1983
f 4270/3914/4214 4264/3924/4208 4269/3895/4213 4272/3897/4216
f 6911/2762/6854 6838/3542/6781 6910/1358/6853 6913/2759/6856
f 4377/1046/4321 4374/3037/4318 4372/3464/4316 4378/1047/4322
f 6133/3094/6076 6055/3097/5998 6134/3471/6077 6142/3472/6085
f 6916/2760/6859 6915/3889/6858 6831/3888/6774 6914/2761/6857
f 4315/3925/4259 4254/916/4198 4255/915/4199 4321/3603/4265
f 139/422/93 136/545/90 137/546/91 141/423/95
f 6417/2443/6360 6476/2442/6419 6418/400/6361 6471/403/6414
f 5727/3112/5670 5674/3113/5617 5673/3114/5616 5676/3115/5619
f 4324/100/4268 4323/3926/4267 4319/101/4263
f 3648/3711/3593 3647/3251/3592 3655/3250/3600 3650/3558/3595
f 6525/3200/6468 6524/2473/6467 6528/2934/6471 6458/3927/6401
f 1125/2229/1079 1120/3928/1074 1117/2047/1071 1124/2078/1078
f 4260/3929/4204 4257/3019/4201 4255/915/4199 4259/888/4203
f 4359/3930/4303 4358/3694/4302 4353/287/4297 4354/3931/4298
f 5506/626/5449 5380/629/5323 5453/771/5396 5507/772/5450
f 4531/2465/4475 1451/377/1403 1454/609/1406 1455/3776/1407
f 4323/3926/4267 4324/100/4268 4330/2575/4274
f 6951/3589/6894 4340/2482/4284 4335/2481/4279 4336/3932/4280
f 4323/3926/4267 4330/2575/4274 4332/3933/4276
f 4330/2575/4274 4331/2574/4275 4332/3933/4276
f 4281/2944/4225 4361/3934/4305 4366/3935/4310 4276/3163/4220
f 4332/3933/4276 4333/3936/4277 4323/3926/4267
f 4332/3933/4276 4331/2574/4275 4334/3937/4278
f 4333/3936/4277 4332/3933/4276 4334/3937/4278
f 4368/670/4312 6950/3938/6893 4268/3939/4212 4267/671/4211
f 3567/553/3512 3561/2163/3506 3566/633/3511 3577/554/3522
f 4334/3937/4278 4337/3940/4281 4333/3936/4277
f 6387/1358/6330 6385/2759/6328 6336/2762/6279 6334/3542/6277
f 4339/2480/4283 4333/3936/4277 4337/3940/4281
f 4335/2481/4279 4339/2480/4283 4337/3940/4281
f 4333/3936/4277 4339/2480/4283 4338/3941/4282
f 3617/3293/3562 3615/3439/3560 3641/3442/3586 3618/3294/3563
f 4343/3942/4287 4340/2482/4284 4344/3588/4288 4345/3943/4289
f 4339/2480/4283 4341/2483/4285 4338/3941/4282
f 2182/396/2134 2179/2625/2131 2181/147/2133 2185/146/2137
f 4342/3944/4286 4338/3941/4282 4341/2483/4285
f 4340/2482/4284 4343/3942/4287 4341/2483/4285
f 4343/3942/4287 4342/3944/4286 4341/2483/4285
f 4354/3931/4298 4353/287/4297 4348/286/4292 4349/3892/4293
f 3518/673/3463 3519/674/3464 3520/675/3465 3523/676/3468
f 4342/3944/4286 4343/3942/4287 4345/3943/4289
f 4304/3894/4248 4323/3926/4267 4333/3936/4277 4301/3945/4245
f 4346/2665/4290 4342/3944/4286 4345/3943/4289
f 4344/3588/4288 4347/3946/4291 4345/3943/4289
f 4345/3943/4289 4347/3946/4291 4346/2665/4290
f 4024/3607/3969 4022/606/3967 3997/605/3942 4025/3608/3970
f 4334/3937/4278 4331/2574/4275 4335/2481/4279 4337/3940/4281
f 4346/2665/4290 4347/3946/4291 4350/285/4294
f 6520/3094/6463 6518/3097/6461 6521/3471/6464 6527/3472/6470
f 4350/285/4294 4351/2666/4295 4346/2665/4290
f 1459/433/1411 1450/380/1402 1464/2457/1416 1473/28/1425
f 4350/285/4294 4352/284/4296 4351/2666/4295
f 4368/670/4312 4363/3695/4307 4364/3947/4308 6950/3938/6893
f 4355/3948/4299 4351/2666/4295 4352/284/4296
f 4352/284/4296 4353/287/4297 4355/3948/4299
f 5632/2761/5575 5553/2762/5496 5631/2759/5574 5634/2760/5577
f 4357/3949/4301 4351/2666/4295 4355/3948/4299
f 4347/3946/4291 4344/3588/4288 4348/286/4292 4350/285/4294
f 4351/2666/4295 4357/3949/4301 4356/3162/4300
f 3310/3439/3255 3287/3442/3232 3276/3294/3221 3313/3293/3258
f 4360/3693/4304 4356/3162/4300 4357/3949/4301
f 4357/3949/4301 4358/3694/4302 4360/3693/4304
f 5825/266/5768 5823/267/5766 5822/264/5765 5824/265/5767
f 4360/3693/4304 4361/3934/4305 4356/3162/4300
f 3404/66/3349 1777/67/1729 1773/64/1725 71/65/25
f 4361/3934/4305 4360/3693/4304 4362/3692/4306
f 4261/3950/4205 4262/2466/4206 4267/671/4211 4268/3939/4212
f 4365/3951/4309 4361/3934/4305 4362/3692/4306
f 4365/3951/4309 4362/3692/4306 4363/3695/4307
f 6548/774/6491 6549/775/6492 6550/776/6493 6551/773/6494
f 4365/3951/4309 4366/3935/4310 4361/3934/4305
f 4367/3745/4311 4365/3951/4309 4363/3695/4307
f 4366/3935/4310 4365/3951/4309 4367/3745/4311
f 4363/3695/4307 4358/3694/4302 4359/3930/4303 4364/3947/4308
f 4358/3694/4302 4357/3949/4301 4355/3948/4299 4353/287/4297
f 6186/2044/6129 6185/2045/6128 6188/2046/6131 6189/2043/6132
f 4366/3935/4310 4367/3745/4311 4369/3746/4313
f 4369/3746/4313 4275/3902/4219 4366/3935/4310
f 4368/670/4312 4370/669/4314 4369/3746/4313
f 3595/865/3540 3594/864/3539 3586/1857/3531 3591/899/3536
f 4275/3902/4219 4369/3746/4313 4370/669/4314
f 4370/669/4314 4371/672/4315 4275/3902/4219
f 4267/671/4211 4266/2467/4210 4371/672/4315
f 4266/2467/4210 4275/3902/4219 4371/672/4315
f 4559/3952/4503 4560/3953/4504 4541/3954/4485 4542/3955/4486
f 3173/3536/3125 3174/2622/3126 3175/2621/3127 346/3516/300
f 1256/2090/1209 1254/2215/1207 1257/2223/1210 1261/2091/1214
f 4460/2178/4404 4461/2181/4405 4462/3956/4406 4467/3957/4411
f 3906/3250/3851 3907/3552/3852 3908/2386/3853 3911/3558/3856
f 421/569/375 420/568/374 419/307/373 418/306/372
f 4732/2975/4676 4727/2612/4671 4730/892/4674 4733/891/4677
f 4399/3198/4343 4395/3197/4339 4396/3958/4340 4400/3959/4344
f 3950/458/3895 3902/1933/3847 3947/699/3892 3949/459/3894
f 4712/329/4656 4713/332/4657 4714/3960/4658 4719/3961/4663
f 3420/2692/3365 3411/2689/3356 3418/2690/3363 3447/2691/3392
f 1257/2223/1210 1254/2215/1207 1233/2193/1186 1258/2220/1211
f 1006/1168/960 1004/1766/958 1001/1122/955 1005/1125/959
f 1059/1797/1013 1058/1800/1012 1060/3224/1014 1066/1974/1020
f 6961/963/6903 1035/964/989 1034/965/988 1036/962/990
f 3143/543/3095 3141/3425/3093 3068/3370/3020 3057/544/3009
f 2831/2972/2783 2828/1643/2780 4116/2469/4060 4107/3129/4051
f 2260/1603/2212 2255/2901/2207 2261/677/2213 2264/1604/2216
f 4657/3962/4601 4656/3413/4600 4665/2556/4609 4667/2555/4611
f 3689/2680/3634 2356/2681/2308 2358/2682/2310 3688/2683/3633
f 6106/1119/6049 6029/1120/5972 6030/734/5973 6031/733/5974
f 3366/1171/3311 3368/1172/3313 3376/1173/3321 3370/1170/3315
f 1432/2978/1384 3070/1627/3022 3073/1179/3025 1434/3414/1386
f 4735/2976/4679 4732/2975/4676 4733/891/4677 4736/3364/4680
f 4819/3043/4763 4802/3042/4746 4832/429/4776 4833/428/4777
f 4538/3742/4482 4444/3963/4388 4536/3964/4480 4537/3743/4481
f 4823/3965/4767 4816/3966/4760 4817/3749/4761 4822/3967/4766
f 5850/563/5793 5847/564/5790 5848/565/5791 5790/566/5733
f 3496/1876/3441 3493/2756/3438 3516/3747/3461 3499/289/3444
f 1617/2502/1569 1612/937/1564 1614/480/1566 3338/3968/3283
f 5754/2425/5697 5710/1599/5653 5752/111/5695 5760/110/5703
f 4575/2777/4519 4574/3969/4518 4576/3126/4520 4584/3125/4528
f 2307/1206/2259 2303/1936/2255 2301/1935/2253 2310/1207/2262
f 5899/2675/5842 5901/2676/5844 5903/2635/5846 5904/2634/5847
f 3697/2979/3642 3728/674/3673 3727/1593/3672 3725/1592/3670
f 2187/937/2139 2144/480/2096 3552/3968/3497 2188/2502/2140
f 4499/3167/4443 4495/3166/4439 4498/3184/4442 4502/425/4446
f 4745/2668/4689 4740/3631/4684 4738/2672/4682 4743/2671/4687
f 4487/3699/4431 4485/2702/4429 4469/3970/4413 4488/3971/4432
f 4564/3375/4508 4561/3972/4505 4562/3973/4506 4565/3376/4509
f 4501/910/4445 4499/3167/4443 4502/425/4446 4503/424/4447
f 4773/2767/4717 4771/3753/4715 4774/391/4718 4776/2768/4720
f 6364/1533/6307 6355/3120/6298 6311/3119/6254 6365/3974/6308
f 6377/3136/6320 6374/3568/6317 6375/3569/6318 6320/3260/6263
f 4759/3709/4703 4749/2669/4693 4747/3975/4691 4768/3976/4712
f 6129/3663/6072 6123/3553/6066 6124/3556/6067 6052/3664/5995
f 3626/3593/3571 3624/3595/3569 3631/3665/3576 3629/157/3574
f 4422/3721/4366 4424/3977/4368 4429/3978/4373
f 4429/3978/4373 4424/3977/4368 4454/3774/4398
f 6513/2044/6456 6437/2045/6380 6438/2046/6381 6439/2043/6382
f 5792/2675/5735 5790/906/5733 5791/905/5734 5794/2676/5737
f 4674/1117/4618 4673/3979/4617 4680/86/4624 4679/3980/4623
f 4454/3774/4398 4424/3977/4368 4427/3775/4371
f 5774/1519/5717 5771/405/5714 5772/404/5715 5888/1520/5831
f 1836/758/1788 1841/2911/1793 1839/2699/1791 1835/2698/1787
f 4841/319/4785 4840/318/4784 4845/3567/4789 4843/3981/4787
f 5023/3982/4967 5022/3983/4966 5024/3984/4968 5027/3985/4971
f 4683/3761/4627 4681/409/4625 4682/3986/4626 4700/3762/4644
f 4514/3987/4458 4511/3988/4455 4512/3300/4456 4528/3303/4472
f 4433/3722/4377 4448/3989/4392 4431/3990/4375
f 4448/3989/4392 4433/3722/4377 4434/3991/4378
f 4853/1744/4797 4851/1998/4795 4854/3992/4798 4856/1745/4800
f 2454/1920/2406 2308/2925/2260 2453/2249/2405 2452/1921/2404
f 889/1706/843 891/1708/845 893/1220/847 888/1223/842
f 4434/3991/4378 4438/3993/4382 4439/3994/4383
f 4440/3995/4384 4437/3725/4381 4435/3724/4379
f 4441/3780/4385 4438/3993/4382 4437/3725/4381
f 4440/3995/4384 4441/3780/4385 4437/3725/4381
f 4822/3967/4766 4817/3749/4761 4818/3378/4762 4821/3306/4765
f 4439/3994/4383 4442/3779/4386 4443/3996/4387
f 4442/3779/4386 4444/3778/4388 4443/3996/4387
f 4802/3042/4746 4820/3099/4764 4824/3741/4768 4832/429/4776
f 4444/3778/4388 4445/3777/4389 4520/3997/4464
f 4441/3780/4385 4446/3998/4390 4445/3777/4389
f 4520/3999/4464 4519/4000/4463 4534/4001/4478 4536/3964/4480
f 4440/3995/4384 4446/3998/4390 4441/3780/4385
f 4448/4002/4392 4520/3997/4464 4447/4003/4391
f 4448/4002/4392 4447/4003/4391 4431/4004/4375
f 4446/3998/4390 4440/3995/4384 4449/4005/4393
f 4529/4006/4473 4527/954/4471 4530/1814/4474 4533/1813/4477
f 4869/4007/4813 4867/4008/4811 4858/4009/4802 4855/4010/4799
f 5157/4011/5101 5148/4012/5092 5155/4013/5099 5160/4014/5104
f 4529/4006/4473 4526/3302/4470 4524/951/4468 4527/954/4471
f 5632/3429/5575 5548/2949/5491 5549/2948/5492 5550/2693/5493
f 2673/756/2625 2643/141/2595 2641/2792/2593 2640/2789/2592
f 4492/3135/4436 4487/3699/4431 4488/3971/4432 4493/4015/4437
f 4507/427/4451 4506/426/4450 4511/3988/4455 4509/1954/4453
f 4456/3400/4400 4454/3277/4398 4453/3280/4397
f 4456/3400/4400 4429/4016/4373 4454/3277/4398
f 4429/4016/4373 4456/3400/4400 4428/3612/4372
f 3127/3428/3079 3126/3427/3078 3125/3373/3077 3128/3372/3080
f 4141/829/4085 4143/3860/4087 4144/3841/4088 4145/3807/4089
f 1170/2111/1124 1167/2056/1121 1139/2089/1093 1259/2095/1212
f 4640/2189/4584 4636/305/4580 4632/304/4576 4641/2190/4585
f 5900/1016/5843 5897/3652/5840 5962/3651/5905 5965/1013/5908
f 4376/3035/4320 4375/2926/4319 4381/2927/4325 4396/4017/4340
f 4543/4018/4487 4547/4019/4491 4549/4020/4493 4548/3410/4492
f 3045/2037/2997 3041/3390/2993 3044/3385/2996 3048/3191/3000
f 4470/1415/4414 4467/3957/4411 4471/3916/4415 4475/4021/4419
f 4804/2752/4748 4801/1636/4745 4797/1635/4741 4805/3920/4749
f 3912/3251/3857 3906/3250/3851 3911/3558/3856 3919/3711/3864
f 4553/687/4497 4554/690/4498 4555/4022/4499 4558/4023/4502
f 545/526/499 596/1225/550 597/1230/551 544/1099/498
f 122/93/76 121/92/75 120/98/74 119/99/73
f 5643/2427/5586 5640/3090/5583 5708/3089/5651 5710/1599/5653
f 3141/3425/3093 3137/3466/3089 3134/3408/3086 3068/3370/3020
f 4562/4024/4506 4559/3952/4503 4542/3955/4486 4543/4018/4487
f 2496/680/2448 2491/2580/2443 2498/2586/2450 2504/1565/2456
f 237/569/191 236/568/190 2479/307/2431 3907/306/3852
f 6523/2475/6466 6514/4025/6457 6516/4026/6459 6526/2560/6469
f 5581/1518/5524 5563/1100/5506 5564/1519/5507 5578/1520/5521
f 4384/3201/4328 4381/2927/4325 4382/1808/4326 4401/3202/4345
f 3087/3392/3039 3084/2063/3036 3081/1181/3033 3085/2554/3037
f 2677/200/2629 2681/203/2633 2683/2538/2635 2685/2537/2637
f 4655/3243/4599 4653/3242/4597 4638/4027/4582 4656/4028/4600
f 3374/2329/3319 3371/3626/3316 3375/903/3320 3377/902/3322
f 6321/3025/6264 6318/3026/6261 6328/2985/6271 6331/2694/6274
f 6356/563/6299 6354/564/6297 6303/565/6246 6357/566/6300
f 1310/3682/1262 1306/2298/1258 1332/2297/1284 1337/3683/1289
f 4847/1997/4791 4843/3981/4787 4845/3567/4789 4852/4029/4796
f 3843/635/3788 3870/2068/3815 3868/3629/3813 3846/1709/3791
f 6676/2633/6619 6675/2634/6618 6674/2635/6617 6677/2636/6620
f 5983/2706/5926 5985/2705/5928 5987/1357/5930 5997/1360/5940
f 2559/2502/2511 2561/937/2513 2564/480/2516 3832/3968/3777
f 2557/211/2509 2555/1848/2507 2553/490/2505 2551/208/2503
f 5461/3234/5404 5407/3235/5350 5408/3236/5351 5466/3237/5409
f 4830/4030/4774 4827/4031/4771 4826/4032/4770 4829/313/4773
f 4826/4032/4770 4822/3967/4766 4821/3306/4765 4825/3305/4769
f 3086/2064/3038 3084/2063/3036 3087/3392/3039 3088/2810/3040
f 4655/3243/4599 4656/4028/4600 4657/4033/4601 4661/4034/4605
f 4749/2669/4693 4745/2668/4689 4743/2671/4687 4747/3975/4691
f 1878/2468/1830 1874/335/1826 1873/118/1825 1879/3321/1831
f 4839/3565/4783 4830/4030/4774 4829/313/4773 4842/312/4786
f 6035/3234/5978 6112/1877/6055 6034/1878/5977 6037/3235/5980
f 4593/4035/4537 4587/3127/4531 4579/3233/4523 4603/3755/4547
f 4849/315/4793 4828/314/4772 4838/4036/4782 4850/4037/4794
f 3295/158/3240 3294/3666/3239 3290/3585/3235 3292/3185/3237
f 4521/4038/4465 4517/694/4461 4518/4039/4462 4510/4040/4454
f 4772/3735/4716 4761/1946/4705 4760/1945/4704 4764/3736/4708
f 4422/3721/4366 4421/3720/4365 4425/4041/4369 4424/3977/4368
f 4018/2690/3963 4017/3456/3962 4020/3580/3965 4021/2691/3966
f 3268/3251/3213 3270/3711/3215 3274/3710/3219 3288/3662/3233
f 4571/4042/4515 4572/4043/4516 4573/3231/4517 4577/3230/4521
f 2029/1565/1981 2026/2586/1978 2049/1293/2001 2051/1292/2003
f 2733/448/2685 2918/447/2870 2920/454/2872 293/457/247
f 5193/2921/5137 5194/4044/5138 5195/4045/5139 5197/3702/5141
f 5159/3217/5103 5156/4046/5100 5154/4047/5098 5153/3083/5097
f 4773/2767/4717 4759/3709/4703 4768/3976/4712 4771/3753/4715
f 4519/4000/4463 1442/4048/1394 4516/4049/4460
f 1442/4048/1394 4519/4000/4463 4520/3999/4464
f 3439/2074/3384 3442/3458/3387 3433/3275/3378 3436/2075/3381
f 6278/2458/6221 6350/1154/6293 6349/1153/6292 6403/2459/6346
f 3643/3577/3588 3639/3585/3584 3644/3662/3589 3645/3710/3590
f 4681/409/4625 4678/408/4622 4679/3980/4623 4682/3986/4626
f 1086/2060/1040 7096/1957/7038 1127/1740/1081 1129/1973/1083
f 6205/269/6148 6204/270/6147 6258/271/6201 6206/268/6149
f 5108/1750/5052 5109/1751/5053 5110/1748/5054 5111/1749/5055
f 4767/4050/4711 4775/3734/4719 4766/3737/4710 4770/4051/4714
f 3815/2783/3760 3813/4052/3758 3814/2961/3759 3816/2784/3761
f 4770/4051/4714 4766/3737/4710 4781/3646/4725 4783/3174/4727
f 1442/4053/1394 4530/1814/4474 4516/4054/4460
f 4530/1814/4474 1442/4053/1394 4531/1815/4475
f 6407/3109/6350 6406/3110/6349 6408/1781/6351 6410/1780/6353
f 4447/4003/4391 4446/3998/4390 4449/4005/4393 4450/3279/4394
f 781/1555/735 779/1547/733 777/1545/731 780/1548/734
f 794/1383/748 792/599/746 2988/1514/2940 795/1384/749
f 4535/4055/4479 4534/4001/4478 4532/4056/4476
f 4533/1813/4477 4535/4055/4479 4529/4006/4473
f 4444/3963/4388 4520/3999/4464 4536/3964/4480
f 4535/4055/4479 4537/3743/4481 4534/4001/4478
f 4537/3743/4481 4536/3964/4480 4534/4001/4478
f 4535/4055/4479 4533/1813/4477 4537/3743/4481
f 5482/2560/5425 5486/2561/5429 5488/2562/5431 5492/2472/5435
f 4443/4057/4387 4444/3963/4388 4538/3742/4482
f 4538/3742/4482 4539/3744/4483 4443/4057/4387
f 4537/3743/4481 4533/1813/4477 4540/1816/4484
f 4789/3061/4733 4790/3060/4734 4861/4058/4805 4785/3173/4729
f 4539/3744/4483 4540/1816/4484 4531/1815/4475
f 4555/4022/4499 4560/4059/4504 4559/4060/4503 4558/4023/4502
f 4561/3972/4505 4558/4023/4502 4559/4060/4503 4562/3973/4506
f 1187/2122/1141 1186/2121/1140 1189/2166/1143 1190/3781/1144
f 521/1045/475 514/1026/468 520/1044/474 544/1099/498
f 4557/262/4501 4553/687/4497 4558/4023/4502 4561/3972/4505
f 4415/3227/4359 4414/3204/4358 4416/4061/4360 4417/4062/4361
f 4563/263/4507 4557/262/4501 4561/3972/4505 4564/3375/4508
f 4465/4063/4409 4464/3092/4408 4468/3091/4412 4469/4064/4413
f 4377/1046/4321 4383/1049/4327 4385/1638/4329 4380/1807/4324
f 4386/3229/4330 4383/1049/4327 4379/1048/4323 4387/3896/4331
f 1664/926/1616 1662/2687/1614 1659/3187/1611 1666/145/1618
f 4303/3893/4247 4304/3894/4248 4301/3945/4245 4300/3915/4244
f 4798/3645/4742 4803/2751/4747 4807/3033/4751 4800/3098/4744
f 814/1646/768 812/1707/766 816/1606/770 838/1608/792
f 4633/917/4577 4628/3833/4572 4627/2221/4571 4630/302/4574
f 4806/3921/4750 4810/4065/4754 4791/3816/4735 4809/2909/4753
f 5843/2651/5786 5840/1851/5783 5785/1852/5728 5844/2652/5787
f 4628/3833/4572 4633/917/4577 4635/920/4579 4634/4066/4578
f 4812/3312/4756 4794/3311/4738 4799/3041/4743 4815/3040/4759
f 5587/3130/5530 5588/3131/5531 5589/1570/5532 5590/1569/5533
f 5589/1014/5532 5588/2930/5531 5508/2929/5451 5510/1015/5453
f 4652/3241/4596 4648/1825/4592 4649/3149/4593 4653/3242/4597
f 4400/3226/4344 4396/4017/4340 4381/2927/4325 4384/3201/4328
f 4567/4067/4511 4563/263/4507 4564/3375/4508 4568/3374/4512
f 4402/4068/4346 4399/3198/4343 4400/3959/4344 4415/4069/4359
f 2452/1921/2404 2448/3111/2400 2446/242/2398 2450/1922/2402
f 3376/1173/3321 3368/1172/3313 3374/2329/3319 3377/902/3322
f 6399/1910/6342 6397/1531/6340 6398/2400/6341 6285/1907/6228
f 6157/1804/6100 6155/1805/6098 6158/1806/6101 6160/1791/6103
f 2446/242/2398 2441/241/2393 2443/466/2395 2450/1922/2402
f 6246/4025/6189 6248/4026/6191 6250/2560/6193 6259/2475/6202
f 5713/1968/5656 5711/3582/5654 5646/3581/5589 5651/1969/5594
f 4637/3412/4581 4654/4070/4598 4663/2557/4607 4665/2556/4609
f 6400/1909/6343 6399/1910/6342 6285/1907/6228 6401/1908/6344
f 298/549/252 3977/550/3922 300/57/254 2915/56/2867
f 4746/2520/4690 4741/3559/4685 4740/3631/4684 4745/2668/4689
f 2730/2893/2682 2725/1855/2677 2726/1828/2678 2731/2901/2683
f 4747/3975/4691 4743/2671/4687 4744/2674/4688 4748/4071/4692
f 3659/458/3604 135/2931/89 130/2932/84 3658/1933/3603
f 4668/4072/4612 4660/4073/4604 4671/4074/4615 4672/4075/4616
f 4582/4076/4526 4581/4077/4525 4585/4078/4529 4586/4079/4530
f 4669/1116/4613 4666/2558/4610 4668/4072/4612 4672/4075/4616
f 6809/2675/6752 6880/906/6823 6808/905/6751 6811/2676/6754
f 4669/1116/4613 4672/4075/4616 4673/3979/4617 4674/1117/4618
f 1772/451/1724 65/450/19 66/309/20 1769/308/1721
f 1128/2024/1082 1126/1742/1080 1120/3928/1074 1125/2229/1079
f 3779/605/3724 3776/3608/3721 3774/3607/3719 3778/606/3723
f 4586/4079/4530 4585/4078/4529 4590/4080/4534 4591/4081/4535
f 6224/771/6167 6223/438/6166 6222/439/6165 6274/772/6217
f 5616/3568/5559 5612/2704/5555 5613/3708/5556 5539/3569/5482
f 5978/2703/5921 5913/3770/5856 5979/3708/5922 5981/2704/5924
f 4590/4080/4534 4589/4082/4533 4597/4083/4541 4596/2959/4540
f 6116/1968/6059 6115/3582/6058 6035/3581/5978 6040/1969/5983
f 4691/2816/4635 4689/2815/4633 4692/4084/4636 4694/4085/4638
f 244/95/198 2501/94/2453 2494/85/2446 2639/84/2591
f 4905/4086/4849 4906/4087/4850 4907/4088/4851 4908/2920/4852
f 7012/2579/6954 7018/2918/6960 7015/1056/6957 7010/1873/6952
f 6750/2704/6693 6748/3708/6691 6686/3569/6629 6752/3568/6695
f 4604/3769/4548 4592/4089/4536 4591/4081/4535 4594/2958/4538
f 4605/1053/4549 1455/4090/1407 4602/4091/4546
f 1455/4090/1407 4605/1053/4549 4531/1052/4475
f 3790/3239/3735 3786/3455/3731 3792/3458/3737 3793/2074/3738
f 4591/4081/4535 4590/4080/4534 4596/2959/4540 4594/2958/4538
f 3338/3968/3283 1614/480/1566 1618/483/1570 3335/1664/3280
f 4692/4092/4636 4689/406/4633 4681/409/4625 4683/3761/4627
f 4600/2960/4544 4596/2959/4540 4597/4083/4541 4611/4093/4555
f 4974/4094/4918 4973/2591/4917 4977/4095/4921 4976/4096/4920
f 4695/4097/4639 4692/4092/4636 4683/3761/4627 4686/2952/4630
f 5455/529/5398 5454/3006/5397 5399/3007/5342 5456/530/5399
f 4697/4098/4641 4694/4085/4638 4698/4099/4642 4701/4100/4645
f 1455/4101/1407 4613/4102/4557 4602/4103/4546
f 1455/4101/1407 4614/4104/4558 4613/4102/4557
f 4611/4093/4555 4609/4105/4553 4612/4106/4556 4618/4107/4562
f 4612/4106/4556 4610/3291/4554 4613/4102/4557 4616/2970/4560
f 4520/3997/4464 4445/3777/4389 4446/3998/4390 4447/4003/4391
f 1866/1642/1818 1862/2248/1814 1863/2250/1815 1865/334/1817
f 1601/2590/1553 1595/2589/1547 1599/2103/1551 1604/2763/1556
f 4617/1054/4561 4615/4108/4559 4618/4107/4562 4620/2969/4564
f 4539/3697/4483 4531/1052/4475 4619/1055/4563
f 1615/210/1567 1612/937/1564 1617/2502/1569 3402/2503/3347
f 4619/1055/4563 4617/1054/4561 4620/2969/4564 4623/2968/4567
f 4622/4109/4566 4621/2971/4565 4614/4104/4558
f 4624/3696/4568 4623/2968/4567 4621/2971/4565 4622/4109/4566
f 1339/2287/1291 1320/2284/1272 1343/2325/1295 1346/2324/1298
f 4539/3697/4483 4624/3696/4568 4443/4110/4387
f 4624/3696/4568 4622/4109/4566 4443/4110/4387
f 3234/542/3182 3237/541/3185 3238/3386/3186 3239/3420/3187
f 2067/2825/2019 2065/712/2017 2063/711/2015 2066/2105/2018
f 4544/4111/4488 4542/3955/4486 4541/3954/4485 4545/4112/4489
f 4544/4111/4488 4545/4112/4489 4546/689/4490 4550/688/4494
f 5511/1013/5454 5513/1016/5456 5515/3652/5458 5516/3651/5459
f 2396/549/2348 192/550/146 194/57/148 195/56/149
f 5786/2657/5729 5783/1016/5726 5779/1103/5722 5797/1102/5740
f 4485/2702/4429 4482/575/4426 4465/578/4409 4469/3970/4413
f 4722/1696/4666 4719/3961/4663 4723/2613/4667 4727/2612/4671
f 297/1586/251 299/1587/253 2720/311/2672 301/310/255
f 4712/329/4656 4719/3961/4663 4722/1696/4666 4715/1695/4659
f 4301/3945/4245 4297/2260/4241 4296/2259/4240 4300/3915/4244
f 4474/1416/4418 4470/1415/4414 4475/4021/4419 4481/2701/4425
f 4547/4019/4491 4552/261/4496 4556/260/4500 4549/4020/4493
f 4798/3645/4742 4794/3311/4738 4793/3310/4737 4795/1633/4739
f 6060/661/6003 6134/3112/6077 6059/3115/6002 6061/662/6004
f 4203/3707/4147 4200/19/4144 4204/871/4148 4209/3869/4153
f 4481/2701/4425 4475/4021/4419 4479/576/4423 4482/575/4426
f 4629/3834/4573 4628/3833/4572 4634/4066/4578 4650/4113/4594
f 5894/722/5837 5893/721/5836 5892/3132/5835 5895/3133/5838
f 4651/4114/4595 4643/919/4587 4648/1825/4592 4652/3241/4596
f 2314/2699/2266 2295/2698/2247 2316/758/2268 2317/2911/2269
f 4738/2672/4682 4736/3364/4680 4721/3365/4665 4739/2673/4683
f 4551/684/4495 4548/3410/4492 4549/4020/4493 4570/2330/4514
f 6425/3234/6368 6427/3235/6370 6429/3236/6372 6430/3237/6373
f 3074/1630/3026 3071/1629/3023 3075/3258/3027 3078/2536/3030
f 4574/3969/4518 4567/4067/4511 4568/3374/4512 4571/4042/4515
f 6465/759/6408 6480/760/6423 6482/761/6425 6484/762/6427
f 4532/4056/4476 4514/3987/4458 4528/3303/4472 4535/4055/4479
f 4576/3126/4520 4574/3969/4518 4571/4042/4515 4577/3230/4521
f 6373/2706/6316 6376/2705/6319 6378/1357/6321 6386/1360/6329
f 6077/760/6020 6089/770/6032 6088/769/6031 6091/761/6034
f 4468/3091/4412 4486/3093/4430 4491/3165/4435 4500/909/4444
f 69/292/23 68/1587/22 67/1586/21 70/293/24
f 3053/3380/3005 3056/3369/3008 3059/3272/3011 3058/2548/3010
f 6603/1877/6546 6537/736/6480 6540/735/6483 6542/1878/6485
f 4582/4076/4526 4580/685/4524 4578/2331/4522 4581/4077/4525
f 6608/1968/6551 6606/3582/6549 6604/3581/6547 6547/1969/6490
f 4671/4074/4615 4660/4073/4604 4661/4034/4605 4664/4115/4608
f 2342/118/2294 2350/3321/2302 2352/2468/2304 2355/335/2307
f 6666/3652/6609 6732/3651/6675 6667/1013/6610 6671/1016/6614
f 2181/147/2133 2178/2659/2130 2183/2661/2135 2237/144/2189
f 4502/425/4446 4498/3184/4442 4505/3717/4449 4506/426/4450
f 4585/4078/4529 4588/3128/4532 4589/4082/4533 4590/4080/4534
f 4677/4116/4621 4671/4074/4615 4664/4115/4608 4684/3730/4628
f 4504/4117/4448 4503/424/4447 4507/427/4451 4518/1953/4462
f 4010/2074/3955 4012/3458/3957 4005/3275/3950 4006/2075/3951
f 302/53/256 2915/56/2867 300/57/254 3983/54/3928
f 5399/1119/5342 5398/2749/5341 5397/2750/5340 5401/1120/5344
f 4607/4118/4551 4593/4035/4537 4603/3755/4547 4606/3758/4550
f 4680/86/4624 4673/3979/4617 4677/4116/4621 4690/87/4634
f 4506/426/4450 4505/3717/4449 4512/3300/4456 4511/3988/4455
f 6480/760/6423 6468/770/6411 6479/769/6422 6482/761/6425
f 6573/268/6516 6571/659/6514 6568/275/6511 6572/2663/6515
f 1604/2763/1556 1599/2103/1551 1603/2102/1555 1607/2758/1559
f 5022/3983/4966 5021/4119/4965 5020/4120/4964 5019/4121/4963
f 7094/1620/7036 7101/1621/7043 7097/1622/7039 7092/1619/7034
f 4455/3180/4399 4423/3609/4367 4428/3612/4372 4456/3400/4400
f 4685/407/4629 4676/4122/4620 4675/1118/4619 4678/408/4622
f 4686/2952/4630 4699/4123/4643 4695/4097/4639
f 4699/4123/4643 4686/2952/4630 4687/2951/4631
f 2695/1703/2647 2693/40/2645 2694/39/2646 2696/2610/2648
f 4675/1118/4619 4674/1117/4618 4679/3980/4623 4678/408/4622
f 4496/693/4440 4492/3135/4436 4493/4015/4437 4504/4124/4448
f 2788/2748/2740 2776/2688/2728 2778/418/2730 2907/2790/2859
f 4682/3986/4626 4679/3980/4623 4680/86/4624 4696/89/4640
f 5069/3984/5013 5070/3985/5014 5071/3982/5015 5072/3983/5016
f 2255/2901/2207 2251/1828/2203 190/1831/144 2258/2900/2210
f 4700/3762/4644 4682/3986/4626 4696/89/4640 4703/4125/4647
f 3423/1240/3368 3421/2785/3366 66/3322/20 65/1241/19
f 4699/4126/4643 4698/4099/4642 4695/4127/4639
f 4698/4099/4642 4699/4126/4643 4434/4128/4378
f 5390/113/5333 5443/3016/5386 5442/3015/5385 5444/110/5387
f 3470/1558/3415 80/2224/34 3466/2227/3411 3469/1559/3414
f 749/127/703 750/126/704 751/1495/705 752/1493/706
f 4701/4100/4645 4698/4099/4642 4434/4128/4378 4707/2572/4651
f 4703/4125/4647 4702/2953/4646 4700/3762/4644
f 4701/4100/4645 4703/4125/4647 4697/4098/4641
f 4687/2951/4631 4704/2954/4648 4788/4129/4732
f 4703/4125/4647 4705/2571/4649 4702/2953/4646
f 4705/2571/4649 4704/2954/4648 4702/2953/4646
f 4703/4125/4647 4701/4100/4645 4705/2571/4649
f 4494/3134/4438 4489/3118/4433 4487/3699/4431 4492/3135/4436
f 4788/4129/4732 4706/2570/4650 4443/4130/4387
f 4706/2570/4650 4439/2573/4383 4443/4130/4387
f 4705/2571/4649 4701/4100/4645 4707/2572/4651
f 4706/2570/4650 4788/4129/4732 4704/2954/4648 4705/2571/4649
f 4439/2573/4383 4707/2572/4651 4434/4128/4378
f 729/1408/683 728/1448/682 733/1466/687 736/1471/690
f 1966/1866/1918 1964/961/1916 1815/583/1767 1817/1517/1769
f 1169/2107/1123 1166/2054/1120 1168/2055/1122 1172/2108/1126
f 810/1597/764 808/1452/762 791/1451/745 807/1583/761
f 1990/1864/1942 1969/1865/1921 1966/1866/1918 1968/1867/1920
f 4573/4131/4517 4572/686/4516 4580/685/4524 4582/4076/4526
f 4794/3311/4738 4798/3645/4742 4800/3098/4744 4799/3041/4743
f 3047/4132/2999 3046/2036/2998 3049/2039/3001 1425/3388/1377
f 3415/2963/3360 3407/1200/3352 3417/2961/3362 3422/2962/3367
f 3662/306/3607 2007/307/1959 2008/97/1960 132/96/86
f 2558/210/2510 3887/2503/3832 2556/3150/2508 2557/211/2509
f 2137/2102/2089 2132/2103/2084 2134/1347/2086 2138/2104/2090
f 1053/1942/1007 1050/1978/1004 1047/4133/1001 1051/1943/1005
f 713/1406/667 712/1421/666 711/1911/665 727/1407/681
f 3810/1200/3755 3811/1199/3756 183/3318/137 3814/2961/3759
f 3122/3433/3074 3097/3151/3049 3094/2534/3046 3096/2533/3048
f 3198/3158/3148 3194/3071/3145 3197/2742/3147 3200/3159/3150
f 2802/2923/2754 2803/2925/2755 2805/1920/2757 2804/2924/2756
f 4872/4134/4816 4870/3767/4814 4869/4007/4813 4871/4135/4815
f 6775/1910/6718 6773/1531/6716 6774/2400/6717 6776/1907/6719
f 1890/3011/1842 1882/2972/1834 3532/3129/3477 3533/3012/3478
f 2426/1680/2378 2425/161/2377 2422/1551/2374 2415/1679/2367
f 3051/2038/3003 3054/3192/3006 3056/3369/3008 3053/3380/3005
f 2127/2588/2079 2128/2589/2080 2131/2590/2083 2130/2587/2082
f 4650/4113/4594 4634/4066/4578 4637/3412/4581 4638/3411/4582
f 4862/1490/4806 4861/4136/4805 4860/2326/4804 4859/2328/4803
f 6357/906/6300 6303/724/6246 6304/723/6247 6305/905/6248
f 4618/4107/4562 4612/4106/4556 4616/2970/4560 4620/2969/4564
f 3353/632/3298 3356/1710/3301 3360/2377/3305 3361/2376/3306
f 4764/3736/4708 4760/1945/4704 4762/3602/4706 4765/3647/4709
f 6025/1779/5968 6024/533/5967 6022/536/5965 6021/1780/5964
f 6230/79/6173 6227/80/6170 6228/81/6171 6231/78/6174
f 6669/566/6612 6735/563/6678 6733/564/6676 6663/565/6606
f 5792/2675/5735 5794/2676/5737 5795/2635/5738 5855/2634/5798
f 5592/1851/5535 5586/1572/5529 5511/1571/5454 5516/1852/5459
f 1888/242/1840 1869/1922/1821 1831/1921/1783 1867/3111/1819
f 6809/2675/6752 6811/2676/6754 6813/2635/6756 6885/2634/6828
f 4660/4073/4604 4658/3240/4602 4655/3243/4599 4661/4034/4605
f 4480/3332/4424 4459/3331/4403 4464/3092/4408 4465/4063/4409
f 2878/1938/2830 2875/1191/2827 2877/539/2829 2881/667/2833
f 4829/313/4773 4826/4032/4770 4825/3305/4769 4828/314/4772
f 4607/4118/4551 4606/3758/4550 4608/3288/4552 4609/4105/4553
f 6432/3479/6375 6423/3259/6366 6433/1793/6376 6504/3732/6447
f 6735/563/6678 6669/566/6612 6670/444/6613 6737/443/6680
f 3651/3716/3596 3623/3712/3568 3648/3711/3593 3650/3558/3595
f 4684/3730/4628 4664/4115/4608 4662/4137/4606 4676/3731/4620
f 3813/4052/3758 3809/3562/3754 3812/2962/3757 3814/2961/3759
f 4771/3753/4715 4768/3976/4712 4769/4138/4713 4761/3754/4705
f 5592/1851/5535 5516/1852/5459 5593/2652/5536 5595/2651/5538
f 3628/702/3573 3624/3595/3569 3619/3599/3564 3621/3661/3566
f 4846/3566/4790 4839/3565/4783 4842/312/4786 4871/4135/4815
f 5970/3120/5913 5975/3119/5918 5908/3974/5851 5976/1533/5919
f 4562/4024/4506 4543/4018/4487 4548/3410/4492 4565/3409/4509
f 4525/4139/4469 4522/3590/4466 4513/3591/4457 4515/4140/4459
f 4871/4135/4815 4869/4007/4813 4855/4010/4799 4846/3566/4790
f 4870/3767/4814 4868/3766/4812 4867/4008/4811 4869/4007/4813
f 5120/4095/5064 5123/4096/5067 5124/4094/5068 5122/2591/5066
f 5613/2065/5556 5537/2066/5480 5538/581/5481 5539/580/5482
f 4770/4051/4714 1463/4141/1415 4767/4050/4711
f 1463/4141/1415 4770/4051/4714 1462/4142/1414
f 1082/1879/1036 1083/1881/1037 1086/2060/1040 1087/2040/1041
f 4521/4038/4465 4510/4040/4454 4522/952/4466 4524/951/4468
f 5414/3759/5357 5413/2770/5356 5416/2045/5359 5476/2044/5419
f 4583/4143/4527 4573/4131/4517 4582/4076/4526 4586/4079/4530
f 102/365/56 5340/366/5284 1909/367/1861 1904/368/1856
f 2881/667/2833 2877/539/2829 2880/538/2832 2882/505/2834
f 4946/3217/4890 4943/3219/4887 4945/4144/4889 4949/4046/4893
f 5108/1750/5052 5106/4145/5050 5107/3267/5051 5109/1751/5053
f 5509/1479/5452 5508/2929/5451 5588/2930/5531 5583/1480/5526
f 130/2932/84 3663/3551/3608 3656/1932/3601 3658/1933/3603
f 1463/4146/1415 4780/2965/4724 4767/4147/4711
f 1463/4146/1415 4687/2966/4631 4780/2965/4724
f 4575/2777/4519 4566/2776/4510 4567/4067/4511 4574/3969/4518
f 4864/1492/4808 4863/1491/4807 4867/4008/4811 4868/3766/4812
f 704/1404/658 697/725/651 703/1411/657 707/1412/661
f 4616/2970/4560 4613/4102/4557 4614/4104/4558 4621/2971/4565
f 3272/3561/3217 3316/3716/3261 3269/3558/3214 3271/2385/3216
f 6289/1732/6232 6293/3131/6236 6342/3130/6285 6343/1733/6286
f 1462/4142/1414 4785/3173/4729 4861/4058/4805
f 521/1045/475 544/1099/498 599/1232/553 602/1244/556
f 660/1379/614 662/1353/616 664/1310/618 665/1309/619
f 4788/3062/4732 4787/2967/4731 4687/2966/4631
f 1804/1040/1756 2000/2532/1952 2002/2498/1954 1821/1041/1773
f 5987/1357/5930 5992/2760/5935 5994/2759/5937 6000/1460/5943
f 4861/4058/4805 4790/3060/4734 4443/4148/4387
f 4790/3060/4734 4788/3062/4732 4443/4148/4387
f 3122/3433/3074 3096/2533/3048 3125/3373/3077 3126/3427/3078
f 4479/576/4423 4476/3919/4420 4477/4149/4421 4480/577/4424
f 4264/3924/4208 4253/3221/4197 4251/3220/4195 4269/3895/4213
f 4471/3916/4415 4467/3957/4411 4462/3956/4406 4472/3917/4416
f 3852/554/3797 3844/633/3789 3845/632/3790 3854/2376/3799
f 4744/4150/4688 4739/301/4683 4752/300/4696 4753/1839/4697
f 4394/1640/4338 4390/1639/4334 4393/3284/4337 4395/3197/4339
f 1424/3065/1376 3038/3068/2990 3046/2036/2998 3047/4132/2999
f 4544/4111/4488 4550/688/4494 4552/261/4496 4547/4019/4491
f 4723/2613/4667 4719/3961/4663 4714/3960/4658 4724/2628/4668
f 4463/1414/4407 4460/2178/4404 4467/3957/4411 4470/1415/4414
f 4795/1633/4739 4793/3310/4737 4792/3474/4736 4796/1634/4740
f 435/93/389 1709/92/1661 436/98/390 438/99/392
f 926/1546/880 924/193/878 932/192/886 950/1769/904
f 3865/1857/3810 3862/1170/3807 3866/1173/3811 3872/899/3817
f 5872/3247/5815 5830/3246/5773 5873/3888/5816 5874/3889/5817
f 4140/3874/4084 4134/827/4078 4136/826/4080 4137/3857/4081
f 1544/680/1496 1541/2580/1493 1546/2586/1498 1549/1565/1501
f 297/1586/251 295/293/249 2722/292/2674 299/1587/253
f 4486/3093/4430 4466/1417/4410 4474/1416/4418 4483/3117/4427
f 5699/3109/5642 5695/536/5638 5755/535/5698 5758/3110/5701
f 4637/3412/4581 4634/4066/4578 4635/920/4579 4654/4070/4598
f 4653/3242/4597 4649/3149/4593 4650/3368/4594 4638/4027/4582
f 831/345/785 829/1607/783 830/1028/784 835/346/789
f 1426/3406/1378 3055/2547/3007 3060/2550/3012 1427/3391/1379
f 2238/2765/2190 2235/925/2187 2237/144/2189 2183/2661/2135
f 5758/3016/5701 5757/3015/5700 5760/110/5703 5761/113/5704
f 6214/3110/6157 6212/1781/6155 6159/1780/6102 6162/3109/6105
f 4403/4151/4347 4398/3196/4342 4399/3198/4343 4402/4068/4346
f 4513/3591/4457 4509/1954/4453 4511/3988/4455 4514/3987/4458
f 3869/902/3814 3867/2329/3812 3868/3626/3813 3870/903/3815
f 6620/4025/6563 6622/4026/6565 6624/2560/6567 6634/2475/6577
f 4495/3166/4439 4490/3116/4434 4489/3118/4433 4494/3134/4438
f 4417/4062/4361 4416/4061/4360 4419/3718/4363 4410/4152/4354
f 2555/1848/2507 3884/1849/3829 3882/1661/3827 2554/1660/2506
f 5971/442/5914 5969/443/5912 5899/444/5842 5904/445/5847
f 6425/3581/6368 6430/1969/6373 6510/1968/6453 6511/3582/6454
f 3505/1496/3450 3502/1291/3447 3503/441/3448 3504/1497/3449
f 3039/3393/2991 3036/3389/2988 3037/3729/2989 3040/3415/2992
f 2825/335/2777 2824/118/2776 4055/3321/4000 2827/2468/2779
f 4587/3127/4531 4576/3126/4520 4577/3230/4521 4579/3233/4523
f 4427/3775/4371 4424/3977/4368 4425/4041/4369 4432/4153/4376
f 6670/2675/6613 6669/906/6612 6668/905/6611 6672/2676/6615
f 4418/3719/4362 4412/4154/4356 4420/3733/4364 4421/3720/4365
f 981/1818/935 980/4155/934 978/1803/932 982/1124/936
f 4662/4156/4606 4670/1115/4614 4675/1118/4619 4676/4122/4620
f 4322/103/4266 4318/102/4262 4317/3596/4261 4320/3313/4264
f 4841/319/4785 4843/3981/4787 4850/4157/4794
f 4850/4157/4794 4843/3981/4787 4844/1996/4788
f 4523/3301/4467 4508/691/4452 4517/694/4461 4521/4038/4465
f 3652/699/3597 3628/702/3573 3621/3661/3566 3654/459/3599
f 3645/3710/3590 3644/3662/3589 3647/3251/3592 3648/3711/3593
f 4844/1996/4788 4843/3981/4787 4847/1997/4791
f 4395/3197/4339 4393/3284/4337 4376/3287/4320 4396/3958/4340
f 2775/2699/2727 2770/2698/2722 2772/758/2724 2779/2911/2731
f 6374/3568/6317 6371/2704/6314 6372/3708/6315 6375/3569/6318
f 5056/1785/5000 5047/4158/4991 5048/4159/4992 5054/4160/4998
f 4897/3190/4841 4898/4161/4842 4899/4162/4843 4900/4163/4844
f 2810/3111/2762 2807/1921/2759 2806/2249/2758 2811/2248/2763
f 4853/1744/4797 4865/4164/4809 4866/2489/4810
f 4865/4164/4809 4853/1744/4797 4614/1743/4558
f 4519/4000/4463 4515/4140/4459 4532/4056/4476 4534/4001/4478
f 4696/89/4640 4693/88/4637 4697/4098/4641 4703/4125/4647
f 4434/3991/4378 4433/3722/4377 4437/3725/4381 4438/3993/4382
f 4622/2327/4566 4614/1743/4558 4857/1746/4801
f 4858/4009/4802 4856/1745/4800 4854/3992/4798
f 4859/2328/4803 4857/1746/4801 4856/1745/4800
f 4858/4009/4802 4859/2328/4803 4856/1745/4800
f 2876/2374/2828 2873/1188/2825 2875/1191/2827 2878/1938/2830
f 4622/2327/4566 4860/2326/4804 4443/4165/4387
f 4860/2326/4804 4861/4136/4805 4443/4165/4387
f 3707/1290/3652 3706/1876/3651 3708/289/3653 3711/288/3656
f 4861/4136/4805 4862/1490/4806 1462/1489/1414
f 4859/2328/4803 4863/1491/4807 4862/1490/4806
f 1462/4142/1414 4770/4051/4714 4783/3174/4727 4785/3173/4729
f 4858/4009/4802 4863/1491/4807 4859/2328/4803
f 4864/1492/4808 4865/4166/4809 1462/1489/1414
f 4865/4166/4809 4864/1492/4808 4866/4167/4810
f 4863/1491/4807 4858/4009/4802 4867/4008/4811
f 4605/1053/4549 4601/4168/4545 4615/4108/4559 4617/1054/4561
f 4654/4070/4598 4651/4114/4595 4659/4169/4603 4663/2557/4607
f 5135/1012/5079 5136/4170/5080 5139/4171/5083 5143/2937/5087
f 4917/1056/4861 4915/3702/4859 4916/3703/4860 4919/1057/4863
f 5530/2655/5473 5525/2656/5468 5523/2657/5466 5604/2658/5547
f 2739/1604/2691 2737/677/2689 2760/679/2712 2762/2928/2714
f 4406/3701/4350 4402/4068/4346 4415/4069/4359 4417/4172/4361
f 4410/4152/4354 4419/3718/4363 4422/3721/4366 4429/3978/4373
f 4872/4134/4816 4844/3764/4788 4870/3767/4814
f 4872/4134/4816 4850/4037/4794 4844/3764/4788
f 4850/4037/4794 4872/4134/4816 4849/315/4793
f 4878/4173/4822 4873/1011/4817 5254/4174/5198
f 4874/4175/4818 4881/4176/4825 5254/4174/5198
f 4873/1011/4817 4875/1010/4819 5254/4174/5198
f 4875/1010/4819 4874/4175/4818 5254/4174/5198
f 5034/4177/4978 5037/1844/4981 5035/4178/4979 5032/4179/4976
f 5165/3218/5109 5164/3219/5108 5169/1274/5113 5174/1277/5118
f 4877/1012/4821 4873/1011/4817 4878/4173/4822
f 4879/4170/4823 4877/1012/4821 4878/4173/4822
f 4874/4175/4818 4880/4180/4824 4881/4176/4825
f 4881/4176/4825 4880/4180/4824 4882/4181/4826
f 4879/4170/4823 4878/4173/4822 5257/4182/5201
f 4876/1009/4820 4883/2577/4827 4880/4180/4824
f 4884/4171/4828 4879/4170/4823 5257/4182/5201
f 4876/1009/4820 4877/1012/4821 4885/2578/4829
f 2021/2580/1973 2014/2343/1966 2016/2345/1968 124/2582/78
f 5009/4183/4953 5008/4184/4952 5010/3333/4954 5013/4185/4957
f 4885/2578/4829 4877/1012/4821 4886/2937/4830
f 4887/4186/4831 4884/4171/4828 5257/4182/5201
f 4886/2937/4830 4884/4171/4828 4887/4186/4831
f 5258/4187/5202 4887/4186/4831 5257/4182/5201
f 4888/2938/4832 4886/2937/4830 4887/4186/4831
f 4888/2938/4832 4887/4186/4831 5258/4187/5202
f 2956/966/2908 482/962/436 480/965/434 2957/1847/2909
f 4889/2936/4833 4888/2938/4832 5258/4187/5202
f 4889/2936/4833 5258/4187/5202 5256/4188/5200
f 4890/4012/4834 4889/2936/4833 5256/4188/5200
f 4894/4189/4838 4891/4013/4835 5256/4188/5200
f 4891/4013/4835 4890/4012/4834 5256/4188/5200
f 4892/4011/4836 4889/2936/4833 4890/4012/4834
f 4905/4086/4849 4900/4163/4844 4902/4190/4846 4906/4087/4850
f 4885/2578/4829 4889/2936/4833 4892/4011/4836
f 4894/4189/4838 4893/4014/4837 4891/4013/4835
f 4895/4191/4839 4893/4014/4837 4894/4189/4838
f 4885/2578/4829 4892/4011/4836 4896/3189/4840
f 4892/4011/4836 4893/4014/4837 4896/3189/4840
f 4895/4191/4839 4894/4189/4838 5253/4192/5197
f 4897/3190/4841 4896/3189/4840 4893/4014/4837
f 4963/3263/4907 4958/4193/4902 4959/4194/4903 4960/3264/4904
f 4898/4161/4842 4895/4191/4839 5253/4192/5197
f 4899/4162/4843 4898/4161/4842 5253/4192/5197
f 5046/3264/4990 5045/4194/4989 5043/4195/4987 5047/4158/4991
f 4901/4196/4845 4899/4162/4843 5253/4192/5197
f 4901/4196/4845 4900/4163/4844 4899/4162/4843
f 4902/4190/4846 4900/4163/4844 4901/4196/4845
f 191/2894/145 2392/2895/2344 2334/2896/2286 2399/2897/2351
f 4897/3190/4841 4900/4163/4844 4903/2919/4847
f 4904/2579/4848 4885/2578/4829 4896/3189/4840
f 4903/2919/4847 4900/4163/4844 4905/4086/4849
f 4766/3737/4710 4764/3736/4708 4765/3647/4709 4781/3646/4725
f 4902/4190/4846 4901/4196/4845 5252/4197/5196
f 4906/4087/4850 4902/4190/4846 5252/4197/5196
f 4907/4088/4851 4906/4087/4850 5252/4197/5196
f 4515/4140/4459 4513/3591/4457 4514/3987/4458 4532/4056/4476
f 5250/4198/5194 4907/4088/4851 5252/4197/5196
f 4905/4086/4849 4908/2920/4852 4903/2919/4847
f 4909/4199/4853 4907/4088/4851 5250/4198/5194
f 5122/2591/5066 5124/4094/5068 5126/4200/5070 5121/2592/5065
f 4910/4201/4854 4909/4199/4853 5250/4198/5194
f 4910/4201/4854 5250/4198/5194 5249/4202/5193
f 1108/1993/1062 1107/1987/1061 1054/1917/1008 7130/1994/7072
f 4910/4201/4854 4911/2921/4855 4909/4199/4853
f 2937/1680/2889 2931/1867/2883 2935/2115/2887 2940/2834/2892
f 4912/2918/4856 4904/2579/4848 4903/2919/4847
f 4913/4044/4857 4910/4201/4854 5249/4202/5193
f 4911/2921/4855 4910/4201/4854 4913/4044/4857
f 4914/4045/4858 4913/4044/4857 5249/4202/5193
f 4866/4167/4810 4864/1492/4808 4868/3766/4812 4848/3765/4792
f 4918/4203/4862 4914/4045/4858 5249/4202/5193
f 4911/2921/4855 4915/3702/4859 4912/2918/4856
f 4915/3702/4859 4914/4045/4858 4918/4203/4862
f 4916/3703/4860 4915/3702/4859 4918/4203/4862
f 4917/1056/4861 4912/2918/4856 4915/3702/4859
f 4431/3990/4375 4451/3773/4395 4430/3723/4374 4433/3722/4377
f 4916/3703/4860 4918/4203/4862 5248/4204/5192
f 4919/1057/4863 4916/3703/4860 5248/4204/5192
f 4920/1058/4864 4919/1057/4863 5248/4204/5192
f 5138/4181/5082 5137/4180/5081 5149/3081/5093 5140/4205/5084
f 5246/4206/5190 4920/1058/4864 5248/4204/5192
f 4921/1059/4865 4920/1058/4864 5246/4206/5190
f 4922/4207/4866 4921/1059/4865 5246/4206/5190
f 1960/2896/1912 1970/2897/1922 1972/2894/1924 1975/2895/1927
f 4917/1056/4861 4921/1059/4865 4923/1873/4867
f 5084/3333/5028 5086/4185/5030 5087/4183/5031 5088/4184/5032
f 4924/1874/4868 4923/1873/4867 4921/1059/4865
f 4922/4207/4866 5246/4206/5190 4925/4208/4869
f 4926/4209/4870 4922/4207/4866 4925/4208/4869
f 4927/4210/4871 4926/4209/4870 4925/4208/4869
f 4924/1874/4868 4926/4209/4870 4927/4210/4871
f 4928/4211/4872 4927/4210/4871 4925/4208/4869
f 4929/1875/4873 4924/1874/4868 4927/4210/4871
f 4929/1875/4873 4927/4210/4871 4928/4211/4872
f 1843/1858/1795 1842/1860/1794 1846/2631/1798 1852/1126/1804
f 4930/1872/4874 4929/1875/4873 4928/4211/4872
f 4930/1872/4874 4928/4211/4872 5245/4212/5189
f 4931/4213/4875 4904/2579/4848 4923/1873/4867
f 4932/1345/4876 4930/1872/4874 5245/4212/5189
f 4923/1873/4867 4930/1872/4874 4933/1344/4877
f 4933/1344/4877 4930/1872/4874 4932/1345/4876
f 4931/4213/4875 4923/1873/4867 4933/1344/4877
f 4934/1343/4878 4932/1345/4876 5245/4212/5189
f 5164/3219/5108 5158/4144/5102 5156/4046/5100 5159/3217/5103
f 4936/4214/4880 4934/1343/4878 5245/4212/5189
f 4933/1344/4877 4935/1275/4879 4931/4213/4875
f 4935/1275/4879 4934/1343/4878 4936/4214/4880
f 4937/1276/4881 4935/1275/4879 4936/4214/4880
f 4694/4085/4638 4692/4084/4636 4695/4127/4639 4698/4099/4642
f 4883/2577/4827 4904/2579/4848 4938/3082/4882
f 4939/1274/4883 4931/4213/4875 4935/1275/4879
f 3348/3620/3293 3401/1617/3346 3403/1616/3348 3337/625/3282
f 4937/1276/4881 4936/4214/4880 4940/4215/4884
f 4941/1277/4885 4937/1276/4881 4940/4215/4884
f 4942/3218/4886 4941/1277/4885 4940/4215/4884
f 566/1164/520 564/1150/518 565/1155/519 3007/1833/2959
f 4944/4216/4888 4942/3218/4886 4940/4215/4884
f 4939/1274/4883 4943/3219/4887 4938/3082/4882
f 4943/3219/4887 4942/3218/4886 4944/4216/4888
f 4945/4144/4889 4943/3219/4887 4944/4216/4888
f 4938/3082/4882 4943/3219/4887 4946/3217/4890
f 4893/4014/4837 4892/4011/4836 4890/4012/4834 4891/4013/4835
f 1996/1680/1948 1968/1867/1920 1819/2115/1771 1999/2834/1951
f 4947/3081/4891 4880/4180/4824 4883/2577/4827
f 5170/3190/5114 5175/4161/5119 5177/4162/5121 5181/4163/5125
f 4946/3217/4890 4948/3083/4892 4938/3082/4882
f 4945/4144/4889 4944/4216/4888 4950/4217/4894
f 4949/4046/4893 4945/4144/4889 4950/4217/4894
f 5091/1622/5035 5088/4184/5032 5090/4218/5034 5094/4219/5038
f 4951/4047/4895 4949/4046/4893 4950/4217/4894
f 4952/4220/4896 4951/4047/4895 4950/4217/4894
f 4974/4094/4918 4972/4200/4916 4967/2592/4911 4973/2591/4917
f 4953/4221/4897 4951/4047/4895 4952/4220/4896
f 4954/4222/4898 4953/4221/4897 4952/4220/4896
f 4954/4222/4898 4947/3081/4891 4953/4221/4897
f 4954/4222/4898 4952/4220/4896 4955/4223/4899
f 4881/4176/4825 4882/4181/4826 4955/4223/4899
f 4947/3081/4891 4954/4222/4898 4956/4205/4900
f 4956/4205/4900 4954/4222/4898 4955/4223/4899
f 4882/4181/4826 4956/4205/4900 4955/4223/4899
f 5271/4224/5215 4957/4195/4901 5270/4225/5214
f 4958/4193/4902 4968/4226/4912 5270/4225/5214
f 4957/4195/4901 4959/4194/4903 5270/4225/5214
f 4959/4194/4903 4958/4193/4902 5270/4225/5214
f 5008/4184/4952 5007/4218/4951 5006/4219/4950 5003/1622/4947
f 4882/4181/4826 4880/4180/4824 4947/3081/4891 4956/4205/4900
f 4961/4158/4905 4957/4195/4901 5271/4224/5215
f 4962/4159/4906 4961/4158/4905 5271/4224/5215
f 4958/4193/4902 4963/3263/4907 4968/4226/4912
f 4968/4226/4912 4963/3263/4907 4964/4227/4908
f 4960/3264/4904 4961/4158/4905 4965/1784/4909
f 5085/1621/5029 5088/4184/5032 5091/1622/5035 5092/4228/5036
f 1466/560/1418 1467/2843/1419 1469/2939/1421 1468/561/1420
f 4967/2592/4911 4963/3263/4907 4966/2593/4910
f 4968/4226/4912 4964/4227/4908 4969/4229/4913
f 4964/4227/4908 4970/4230/4914 4969/4229/4913
f 4970/4230/4914 4971/4231/4915 4969/4229/4913
f 4967/2592/4911 4971/4231/4915 4970/4230/4914
f 4971/4231/4915 5267/4232/5211 4969/4229/4913
f 4967/2592/4911 4972/4200/4916 4971/4231/4915
f 4971/4231/4915 4972/4200/4916 5267/4232/5211
f 5107/3267/5051 5106/4145/5050 5098/3265/5042 5105/3266/5049
f 1726/2106/1678 1563/2213/1515 1728/2501/1680 1738/2841/1690
f 4972/4200/4916 4974/4094/4918 5267/4232/5211
f 1148/3262/1102 7129/1916/7071 1063/1924/1017 1147/2016/1101
f 5267/4232/5211 4974/4094/4918 5265/4233/5209
f 4974/4094/4918 4976/4096/4920 5265/4233/5209
f 5185/4086/5129 5187/4087/5131 5188/4088/5132 5189/2920/5133
f 4977/4095/4921 4973/2591/4917 4975/2594/4919
f 4976/4096/4920 4978/4234/4922 5265/4233/5209
f 4601/4168/4545 4598/2957/4542 4600/2960/4544 4615/4108/4559
f 4978/4234/4922 5264/4235/5208 5265/4233/5209
f 5164/3219/5108 5159/3217/5103 5163/3082/5107 5167/3216/5111
f 4978/4234/4922 4979/991/4923 5264/4235/5208
f 4979/991/4923 4980/990/4924 5264/4235/5208
f 4966/2593/4910 4981/1620/4925 4975/2594/4919
f 4965/1784/4909 4981/1620/4925 4966/2593/4910
f 4981/1620/4925 4982/4236/4926 4975/2594/4919
f 5178/1275/5122 5176/1276/5120 5174/1277/5118 5169/1274/5113
f 4983/992/4927 4979/991/4923 4982/4236/4926
f 5264/4235/5208 4980/990/4924 4984/4237/4928
f 4980/990/4924 4985/993/4929 4984/4237/4928
f 4985/993/4929 4986/3269/4930 4984/4237/4928
f 4876/1009/4820 4875/1010/4819 4873/1011/4817 4877/1012/4821
f 4986/3269/4930 4990/4238/4934 4984/4237/4928
f 4983/992/4927 4982/4236/4926 4987/1749/4931
f 4986/3269/4930 4987/1749/4931 4990/4238/4934
f 4987/1749/4931 4988/1748/4932 4990/4238/4934
f 4989/1750/4933 4987/1749/4931 4982/4236/4926
f 1013/1836/967 1010/1472/964 3022/1474/2974 1011/1837/965
f 4990/4238/4934 4988/1748/4932 5260/4239/5204
f 4988/1748/4932 4991/1751/4935 5260/4239/5204
f 7114/4240/7056 7094/1620/7036 7103/1845/7045 7122/4179/7064
f 4989/1750/4933 4993/3267/4937 4991/1751/4935
f 4991/1751/4935 4993/3267/4937 5260/4239/5204
f 4992/1619/4936 4993/3267/4937 4989/1750/4933
f 4993/3267/4937 4994/4241/4938 5260/4239/5204
f 4993/3267/4937 4995/3266/4939 4994/4241/4938
f 4285/3909/4229 3033/3908/2985 4286/3906/4230 4289/3910/4233
f 4995/3266/4939 4996/4242/4940 4994/4241/4938
f 4994/4241/4938 4996/4242/4940 4997/4243/4941
f 4995/3266/4939 4998/3265/4942 4996/4242/4940
f 4996/4242/4940 4999/4244/4943 4997/4243/4941
f 4998/3265/4942 4999/4244/4943 4996/4242/4940
f 4999/4244/4943 5000/4245/4944 4997/4243/4941
f 4886/2937/4830 4877/1012/4821 4879/4170/4823 4884/4171/4828
f 5000/4245/4944 5005/4246/4949 4997/4243/4941
f 4992/1619/4936 5001/4247/4945 4998/3265/4942
f 5000/4245/4944 5001/4247/4945 5005/4246/4949
f 5001/4247/4945 5002/4248/4946 5005/4246/4949
f 5003/1622/4947 5001/4247/4945 4992/1619/4936
f 5033/1785/4977 4961/4158/4905 4962/4159/4906 5041/4160/4985
f 7101/1621/7043 7094/1620/7036 7114/4240/7056 7111/4121/7053
f 5005/4246/4949 5002/4248/4946 5262/4249/5206
f 5002/4248/4946 5006/4219/4950 5262/4249/5206
f 5006/4219/4950 5007/4218/4951 5262/4249/5206
f 5170/3190/5114 5160/4014/5104 5162/4191/5106 5175/4161/5119
f 5007/4218/4951 5263/4250/5207 5262/4249/5206
f 5004/1621/4948 5008/4184/4952 5003/1622/4947
f 5007/4218/4951 5008/4184/4952 5263/4250/5207
f 5008/4184/4952 5009/4183/4953 5263/4250/5207
f 5010/3333/4954 5008/4184/4952 5004/1621/4948
f 4979/991/4923 4978/4234/4922 4976/4096/4920 4977/4095/4921
f 5004/1621/4948 4981/1620/4925 5011/3334/4955
f 2268/114/2220 2261/677/2213 2258/2900/2210 2262/678/2214
f 5263/4250/5207 5009/4183/4953 5012/4251/4956
f 5009/4183/4953 5013/4185/4957 5012/4251/4956
f 5013/4185/4957 5014/4252/4958 5012/4251/4956
f 5010/3333/4954 5014/4252/4958 5013/4185/4957
f 5014/4252/4958 5266/4253/5210 5012/4251/4956
f 5014/4252/4958 5010/3333/4954 5015/4254/4959
f 5014/4252/4958 5015/4254/4959 5266/4253/5210
f 4908/2920/4852 4907/4088/4851 4909/4199/4853 4911/2921/4855
f 5015/4254/4959 5017/4255/4961 5266/4253/5210
f 1111/2049/1065 7125/1894/7067 1114/1897/1068 1119/2050/1073
f 5266/4253/5210 5017/4255/4961 5018/4256/4962
f 5002/4248/4946 5001/4247/4945 5003/1622/4947 5006/4219/4950
f 5019/4121/4963 5016/3335/4960 5011/3334/4955
f 5017/4255/4961 5020/4120/4964 5018/4256/4962
f 5020/4120/4964 5021/4119/4965 5018/4256/4962
f 4779/3752/4723 4776/2768/4720 4774/391/4718 4777/394/4721
f 5021/4119/4965 5026/4257/4970 5018/4256/4962
f 5011/3334/4955 5022/3983/4966 5019/4121/4963
f 5021/4119/4965 5022/3983/4966 5026/4257/4970
f 5026/4257/4970 5022/3983/4966 5023/3982/4967
f 5024/3984/4968 5022/3983/4966 5011/3334/4955
f 5001/4247/4945 5000/4245/4944 4999/4244/4943 4998/3265/4942
f 7020/2578/6962 7012/2579/6954 6985/2577/6927 6977/1009/6919
f 5819/2695/5762 5823/267/5766 5825/266/5768 5816/2694/5759
f 5026/4257/4970 5023/3982/4967 5269/4258/5213
f 5023/3982/4967 5027/3985/4971 5269/4258/5213
f 5027/3985/4971 5028/4259/4972 5269/4258/5213
f 4897/3190/4841 4893/4014/4837 4895/4191/4839 4898/4161/4842
f 5028/4259/4972 5029/4260/4973 5269/4258/5213
f 5024/3984/4968 5025/1783/4969 5030/4261/4974
f 5028/4259/4972 5030/4261/4974 5029/4260/4973
f 5030/4261/4974 5031/4262/4975 5029/4260/4973
f 5032/4179/4976 5030/4261/4974 5025/1783/4969
f 4697/4098/4641 4693/88/4637 4691/2816/4635 4694/4085/4638
f 5033/1785/4977 4965/1784/4909 4961/4158/4905
f 4431/4004/4375 4447/4003/4391 4450/3279/4394 4451/3278/4395
f 5032/4179/4976 5025/1783/4969 5034/4177/4978
f 5033/1785/4977 5034/4177/4978 5025/1783/4969
f 5029/4260/4973 5031/4262/4975 5036/4263/4980
f 5031/4262/4975 5035/4178/4979 5036/4263/4980
f 5049/3263/4993 5044/4193/4988 5045/4194/4989 5046/3264/4990
f 5035/4178/4979 5037/1844/4981 5036/4263/4980
f 5037/1844/4981 5272/4264/5216 5036/4263/4980
f 1132/3891/1086 7087/2041/7029 1129/1973/1083 1131/1972/1085
f 5037/1844/4981 5038/1846/4982 5272/4264/5216
f 5038/1846/4982 5039/4265/4983 5272/4264/5216
f 5038/1846/4982 5033/1785/4977 5039/4265/4983
f 5272/4264/5216 5039/4265/4983 5040/4266/4984
f 4962/4159/4906 5271/4224/5215 5040/4266/4984
f 5033/1785/4977 5041/4160/4985 5039/4265/4983
f 5039/4265/4983 5041/4160/4985 5040/4266/4984
f 5041/4160/4985 4962/4159/4906 5040/4266/4984
f 5052/4224/4996 5043/4195/4987 5042/4225/4986
f 5044/4193/4988 5128/4226/5072 5042/4225/4986
f 5043/4195/4987 5045/4194/4989 5042/4225/4986
f 5045/4194/4989 5044/4193/4988 5042/4225/4986
f 5030/4261/4974 5028/4259/4972 5027/3985/4971 5024/3984/4968
f 4453/3280/4397 4450/3279/4394 4449/4005/4393 4452/3181/4396
f 5047/4158/4991 5043/4195/4987 5052/4224/4996
f 5048/4159/4992 5047/4158/4991 5052/4224/4996
f 5044/4193/4988 5049/3263/4993 5128/4226/5072
f 5128/4226/5072 5049/3263/4993 5050/4227/4994
f 5048/4159/4992 5052/4224/4996 5051/4266/4995
f 5046/3264/4990 5053/2593/4997 5049/3263/4993
f 5054/4160/4998 5048/4159/4992 5051/4266/4995
f 5046/3264/4990 5047/4158/4991 5055/1845/4999
f 4896/3189/4840 4897/3190/4841 4903/2919/4847 4904/2579/4848
f 1443/2492/1395 1444/2491/1396 1449/2456/1401 1446/379/1398
f 5055/1845/4999 5047/4158/4991 5056/1785/5000
f 5057/4265/5001 5054/4160/4998 5051/4266/4995
f 5056/1785/5000 5054/4160/4998 5057/4265/5001
f 5058/4264/5002 5057/4265/5001 5051/4266/4995
f 5059/1846/5003 5056/1785/5000 5057/4265/5001
f 5059/1846/5003 5057/4265/5001 5058/4264/5002
f 4979/991/4923 4977/4095/4921 4975/2594/4919 4982/4236/4926
f 5060/1844/5004 5059/1846/5003 5058/4264/5002
f 5060/1844/5004 5058/4264/5002 5061/4263/5005
f 5062/4178/5006 5060/1844/5004 5061/4263/5005
f 5294/4260/5238 5063/4262/5007 5061/4263/5005
f 5063/4262/5007 5062/4178/5006 5061/4263/5005
f 5064/4179/5008 5060/1844/5004 5062/4178/5006
f 5017/4255/4961 5016/3335/4960 5019/4121/4963 5020/4120/4964
f 5055/1845/4999 5060/1844/5004 5064/4179/5008
f 5294/4260/5238 5065/4261/5009 5063/4262/5007
f 5066/4259/5010 5065/4261/5009 5294/4260/5238
f 5055/1845/4999 5064/4179/5008 5067/1783/5011
f 5064/4179/5008 5065/4261/5009 5067/1783/5011
f 5066/4259/5010 5294/4260/5238 5068/4258/5012
f 5069/3984/5013 5067/1783/5011 5065/4261/5009
f 5205/1874/5149 5203/1059/5147 5204/4207/5148 5207/4209/5151
f 5070/3985/5014 5066/4259/5010 5068/4258/5012
f 5071/3982/5015 5070/3985/5014 5068/4258/5012
f 4430/3723/4374 4427/3775/4371 4432/4153/4376 4435/3724/4379
f 5077/4257/5021 5071/3982/5015 5068/4258/5012
f 5077/4257/5021 5072/3983/5016 5071/3982/5015
f 5073/4119/5017 5072/3983/5016 5077/4257/5021
f 4602/4091/4546 4599/4267/4543 4601/4168/4545 4605/1053/4549
f 5069/3984/5013 5072/3983/5016 5074/3334/5018
f 5075/1620/5019 5055/1845/4999 5067/1783/5011
f 5074/3334/5018 5072/3983/5016 5076/4121/5020
f 4851/1998/4795 4847/1997/4791 4852/4029/4796 4854/3992/4798
f 5073/4119/5017 5077/4257/5021 5292/4256/5236
f 5078/4120/5022 5073/4119/5017 5292/4256/5236
f 5079/4255/5023 5078/4120/5022 5292/4256/5236
f 4924/1874/4868 4921/1059/4865 4922/4207/4866 4926/4209/4870
f 5080/4253/5024 5079/4255/5023 5292/4256/5236
f 5076/4121/5020 5081/3335/5025 5074/3334/5018
f 5082/4254/5026 5079/4255/5023 5080/4253/5024
f 5152/4221/5096 5149/3081/5093 5153/3083/5097 5154/4047/5098
f 5083/4252/5027 5082/4254/5026 5080/4253/5024
f 5083/4252/5027 5080/4253/5024 5289/4251/5233
f 1133/2033/1087 7087/2041/7029 1132/3891/1086 1136/2012/1090
f 5083/4252/5027 5084/3333/5028 5082/4254/5026
f 1735/740/1687 1722/739/1674 1726/2106/1678 1738/2841/1690
f 5085/1621/5029 5075/1620/5019 5074/3334/5018
f 5086/4185/5030 5083/4252/5027 5289/4251/5233
f 5084/3333/5028 5083/4252/5027 5086/4185/5030
f 5087/4183/5031 5086/4185/5030 5289/4251/5233
f 4946/3217/4890 4949/4046/4893 4951/4047/4895 4948/3083/4892
f 5089/4250/5033 5087/4183/5031 5289/4251/5233
f 5084/3333/5028 5088/4184/5032 5085/1621/5029
f 5088/4184/5032 5087/4183/5031 5089/4250/5033
f 5090/4218/5034 5088/4184/5032 5089/4250/5033
f 169/2774/123 171/2775/125 2241/2772/2193 2173/2773/2125
f 4917/1056/4861 4919/1057/4863 4920/1058/4864 4921/1059/4865
f 5075/1620/5019 5085/1621/5029 5092/4228/5036
f 5090/4218/5034 5089/4250/5033 5093/4249/5037
f 5094/4219/5038 5090/4218/5034 5093/4249/5037
f 5095/4248/5039 5094/4219/5038 5093/4249/5037
f 5050/4227/4994 5049/3263/4993 5121/2592/5065 5129/4230/5073
f 5101/4246/5045 5095/4248/5039 5093/4249/5037
f 5091/1622/5035 5096/4247/5040 5092/4228/5036
f 5096/4247/5040 5095/4248/5039 5101/4246/5045
f 5097/4245/5041 5096/4247/5040 5101/4246/5045
f 5098/3265/5042 5092/4228/5036 5096/4247/5040
f 6526/2560/6469 6529/3205/6472 6530/2561/6473 6531/2935/6474
f 970/1271/924 3029/1270/2981 3030/1789/2982 971/1786/925
f 5097/4245/5041 5101/4246/5045 5100/4243/5044
f 5102/4244/5046 5097/4245/5041 5100/4243/5044
f 5103/4242/5047 5102/4244/5046 5100/4243/5044
f 5098/3265/5042 5102/4244/5046 5103/4242/5047
f 5104/4241/5048 5103/4242/5047 5100/4243/5044
f 5105/3266/5049 5098/3265/5042 5103/4242/5047
f 5105/3266/5049 5103/4242/5047 5104/4241/5048
f 5033/1785/4977 5038/1846/4982 5037/1844/4981 5034/4177/4978
f 5098/3265/5042 5106/4145/5050 5099/4268/5043
f 5107/3267/5051 5105/3266/5049 5104/4241/5048
f 1127/1740/1081 7096/1957/7038 1094/1956/1048 1122/1741/1076
f 5107/3267/5051 5104/4241/5048 5285/4239/5229
f 4527/954/4471 4525/953/4469 4516/4054/4460 4530/1814/4474
f 5108/1750/5052 5099/4268/5043 5106/4145/5050
f 5109/1751/5053 5107/3267/5051 5285/4239/5229
f 5110/1748/5054 5109/1751/5053 5285/4239/5229
f 5076/4121/5020 5072/3983/5016 5073/4119/5017 5078/4120/5022
f 5112/4238/5056 5110/1748/5054 5285/4239/5229
f 5108/1750/5052 5111/1749/5055 5099/4268/5043
f 5112/4238/5056 5111/1749/5055 5110/1748/5054
f 5113/3269/5057 5111/1749/5055 5112/4238/5056
f 5114/992/5058 5099/4268/5043 5111/1749/5055
f 244/2798/198 2642/2796/2594 2644/2807/2596 2645/2804/2597
f 7103/1845/7045 7094/1620/7036 7064/2593/7006 7057/3264/6999
f 5053/2593/4997 5075/1620/5019 5115/2594/5059
f 5113/3269/5057 5112/4238/5056 5287/4237/5231
f 5116/993/5060 5113/3269/5057 5287/4237/5231
f 5117/990/5061 5116/993/5060 5287/4237/5231
f 1790/1156/1742 1787/678/1739 1788/1157/1740 79/1158/33
f 5288/4235/5232 5117/990/5061 5287/4237/5231
f 5114/992/5058 5118/991/5062 5115/2594/5059
f 5118/991/5062 5117/990/5061 5288/4235/5232
f 5119/4234/5063 5118/991/5062 5288/4235/5232
f 5115/2594/5059 5118/991/5062 5120/4095/5064
f 5065/4261/5009 5064/4179/5008 5062/4178/5006 5063/4262/5007
f 5085/1621/5029 5074/3334/5018 5081/3335/5025 5084/3333/5028
f 5121/2592/5065 5049/3263/4993 5053/2593/4997
f 4964/4227/4908 4963/3263/4907 4967/2592/4911 4970/4230/4914
f 5120/4095/5064 5122/2591/5066 5115/2594/5059
f 5119/4234/5063 5288/4235/5232 5290/4233/5234
f 5123/4096/5067 5119/4234/5063 5290/4233/5234
f 4911/2921/4855 4913/4044/4857 4914/4045/4858 4915/3702/4859
f 5124/4094/5068 5123/4096/5067 5290/4233/5234
f 5125/4232/5069 5124/4094/5068 5290/4233/5234
f 4948/3083/4892 4951/4047/4895 4953/4221/4897 4947/3081/4891
f 5126/4200/5070 5124/4094/5068 5125/4232/5069
f 1071/2042/1025 7084/1931/7026 1135/968/1089 1143/971/1097
f 5127/4231/5071 5126/4200/5070 5125/4232/5069
f 5121/2592/5065 5126/4200/5070 5127/4231/5071
f 5127/4231/5071 5125/4232/5069 5293/4229/5237
f 5128/4226/5072 5050/4227/4994 5293/4229/5237
f 5121/2592/5065 5127/4231/5071 5129/4230/5073
f 5129/4230/5073 5127/4231/5071 5293/4229/5237
f 5050/4227/4994 5129/4230/5073 5293/4229/5237
f 5307/4173/5251 5131/1011/5075 5130/4174/5074
f 5132/4175/5076 5306/4176/5250 5130/4174/5074
f 5131/1011/5075 5133/1010/5077 5130/4174/5074
f 5133/1010/5077 5132/4175/5076 5130/4174/5074
f 4987/1749/4931 4986/3269/4930 4985/993/4929 4983/992/4927
f 4880/4180/4824 4874/4175/4818 4875/1010/4819 4876/1009/4820
f 5135/1012/5079 5131/1011/5075 5307/4173/5251
f 5136/4170/5080 5135/1012/5079 5307/4173/5251
f 5132/4175/5076 5137/4180/5081 5306/4176/5250
f 5306/4176/5250 5137/4180/5081 5138/4181/5082
f 5136/4170/5080 5307/4173/5251 5309/4182/5253
f 5306/4176/5250 5138/4181/5082 5305/4223/5249
f 5139/4171/5083 5136/4170/5080 5309/4182/5253
f 5138/4181/5082 5140/4205/5084 5305/4223/5249
f 5141/4186/5085 5139/4171/5083 5309/4182/5253
f 5142/4187/5086 5141/4186/5085 5309/4182/5253
f 5091/1622/5035 5094/4219/5038 5095/4248/5039 5096/4247/5040
f 5143/2937/5087 5139/4171/5083 5141/4186/5085
f 5144/2938/5088 5141/4186/5085 5142/4187/5086
f 5144/2938/5088 5143/2937/5087 5141/4186/5085
f 5143/2937/5087 5145/2578/5089 5135/1012/5079
f 1028/966/982 1027/962/981 1026/965/980 1029/1847/983
f 5134/1009/5078 5135/1012/5079 5145/2578/5089
f 5146/2936/5090 5144/2938/5088 5142/4187/5086
f 5146/2936/5090 5142/4187/5086 5308/4188/5252
f 2491/2580/2443 2485/2343/2437 240/2345/194 2494/2582/2446
f 5134/1009/5078 5147/2577/5091 5137/4180/5081
f 5148/4012/5092 5146/2936/5090 5308/4188/5252
f 4777/394/4721 4775/393/4719 4767/4147/4711 4780/2965/4724
f 5149/3081/5093 5137/4180/5081 5147/2577/5091
f 5140/4205/5084 5150/4222/5094 5305/4223/5249
f 5149/3081/5093 5150/4222/5094 5140/4205/5084
f 5150/4222/5094 5151/4220/5095 5305/4223/5249
f 5149/3081/5093 5152/4221/5096 5150/4222/5094
f 5150/4222/5094 5152/4221/5096 5151/4220/5095
f 2708/2501/2660 2717/2841/2669 2718/2106/2670 2699/2213/2651
f 5015/4254/4959 5010/3333/4954 5016/3335/4960 5017/4255/4961
f 5152/4221/5096 5154/4047/5098 5151/4220/5095
f 1111/2049/1065 1105/1952/1059 1106/2004/1060 7125/1894/7067
f 5151/4220/5095 5154/4047/5098 5301/4217/5245
f 5161/4189/5105 5155/4013/5099 5308/4188/5252
f 5155/4013/5099 5148/4012/5092 5308/4188/5252
f 5154/4047/5098 5156/4046/5100 5301/4217/5245
f 4516/4049/4460 4525/4139/4469 4515/4140/4459 4519/4000/4463
f 5157/4011/5101 5146/2936/5090 5148/4012/5092
f 5145/2578/5089 5146/2936/5090 5157/4011/5101
f 5156/4046/5100 5158/4144/5102 5301/4217/5245
f 5158/4144/5102 5171/4216/5115 5301/4217/5245
f 5076/4121/5020 5078/4120/5022 5079/4255/5023 5081/3335/5025
f 5120/4095/5064 5118/991/5062 5119/4234/5063 5123/4096/5067
f 5161/4189/5105 5160/4014/5104 5155/4013/5099
f 5162/4191/5106 5160/4014/5104 5161/4189/5105
f 5159/3217/5103 5153/3083/5097 5163/3082/5107
f 2935/2115/2887 2756/1038/2708 2939/1041/2891 2940/2834/2892
f 5158/4144/5102 5164/3219/5108 5171/4216/5115
f 5164/3219/5108 5165/3218/5109 5171/4216/5115
f 5147/2577/5091 5166/2579/5110 5163/3082/5107
f 5166/2579/5110 5167/3216/5111 5163/3082/5107
f 5145/2578/5089 5157/4011/5101 5168/3189/5112
f 5168/3189/5112 5166/2579/5110 5145/2578/5089
f 5157/4011/5101 5160/4014/5104 5168/3189/5112
f 3020/999/2972 495/2020/449 494/1832/448 498/997/452
f 5169/1274/5113 5164/3219/5108 5167/3216/5111
f 5170/3190/5114 5168/3189/5112 5160/4014/5104
f 5031/4262/4975 5030/4261/4974 5032/4179/4976 5035/4178/4979
f 5171/4216/5115 5165/3218/5109 5172/4215/5116
f 5162/4191/5106 5161/4189/5105 5173/4192/5117
f 5165/3218/5109 5174/1277/5118 5172/4215/5116
f 5175/4161/5119 5162/4191/5106 5173/4192/5117
f 5174/1277/5118 5176/1276/5120 5172/4215/5116
f 5098/3265/5042 5096/4247/5040 5097/4245/5041 5102/4244/5046
f 5176/1276/5120 5179/4214/5123 5172/4215/5116
f 5177/4162/5121 5175/4161/5119 5173/4192/5117
f 5186/4196/5130 5177/4162/5121 5173/4192/5117
f 5185/4086/5129 5181/4163/5125 5182/4190/5126 5187/4087/5131
f 5169/1274/5113 5167/3216/5111 5178/1275/5122
f 5176/1276/5120 5178/1275/5122 5179/4214/5123
f 5178/1275/5122 5180/1343/5124 5179/4214/5123
f 5186/4196/5130 5181/4163/5125 5177/4162/5121
f 5182/4190/5126 5181/4163/5125 5186/4196/5130
f 5183/1344/5127 5178/1275/5122 5167/3216/5111
f 2093/2807/2045 121/2804/75 2094/2798/2046 2095/2796/2047
f 5170/3190/5114 5181/4163/5125 5184/2919/5128
f 4938/3082/4882 4904/2579/4848 4931/4213/4875 4939/1274/4883
f 5069/3984/5013 5065/4261/5009 5066/4259/5010 5070/3985/5014
f 5184/2919/5128 5181/4163/5125 5185/4086/5129
f 5182/4190/5126 5186/4196/5130 5304/4197/5248
f 5187/4087/5131 5182/4190/5126 5304/4197/5248
f 5188/4088/5132 5187/4087/5131 5304/4197/5248
f 4933/1344/4877 4932/1345/4876 4934/1343/4878 4935/1275/4879
f 5302/4198/5246 5188/4088/5132 5304/4197/5248
f 5185/4086/5129 5189/2920/5133 5184/2919/5128
f 5190/4199/5134 5188/4088/5132 5302/4198/5246
f 5081/3335/5025 5079/4255/5023 5082/4254/5026 5084/3333/5028
f 5191/4201/5135 5190/4199/5134 5302/4198/5246
f 5191/4201/5135 5302/4198/5246 5192/4202/5136
f 5193/2921/5137 5190/4199/5134 5191/4201/5135
f 2718/2106/2670 2717/2841/2669 2714/740/2666 2662/739/2614
f 5194/4044/5138 5191/4201/5135 5192/4202/5136
f 5193/2921/5137 5191/4201/5135 5194/4044/5138
f 5195/4045/5139 5194/4044/5138 5192/4202/5136
f 4612/4106/4556 4609/4105/4553 4608/3288/4552 4610/3291/4554
f 5300/4203/5244 5195/4045/5139 5192/4202/5136
f 5196/2918/5140 5166/2579/5110 5184/2919/5128
f 5193/2921/5137 5197/3702/5141 5196/2918/5140
f 5197/3702/5141 5195/4045/5139 5300/4203/5244
f 5198/3703/5142 5197/3702/5141 5300/4203/5244
f 5067/1783/5011 5069/3984/5013 5074/3334/5018 5075/1620/5019
f 4981/1620/4925 4992/1619/4936 4989/1750/4933 4982/4236/4926
f 5196/2918/5140 5197/3702/5141 5200/1056/5144
f 5114/992/5058 5116/993/5060 5117/990/5061 5118/991/5062
f 5198/3703/5142 5300/4203/5244 5299/4204/5243
f 5201/1057/5145 5198/3703/5142 5299/4204/5243
f 5202/1058/5146 5201/1057/5145 5299/4204/5243
f 6146/2561/6089 6144/2935/6087 6138/2560/6081 6147/3205/6090
f 5206/4206/5150 5202/1058/5146 5299/4204/5243
f 5200/1056/5144 5203/1059/5147 5199/1873/5143
f 5203/1059/5147 5202/1058/5146 5206/4206/5150
f 5204/4207/5148 5203/1059/5147 5206/4206/5150
f 5199/1873/5143 5203/1059/5147 5205/1874/5149
f 4960/3264/4904 4959/4194/4903 4957/4195/4901 4961/4158/4905
f 5204/4207/5148 5206/4206/5150 5296/4208/5240
f 5207/4209/5151 5204/4207/5148 5296/4208/5240
f 5208/4210/5152 5207/4209/5151 5296/4208/5240
f 5205/1874/5149 5207/4209/5151 5208/4210/5152
f 5209/4211/5153 5208/4210/5152 5296/4208/5240
f 5210/1875/5154 5205/1874/5149 5208/4210/5152
f 5210/1875/5154 5208/4210/5152 5209/4211/5153
f 4308/3923/4252 4246/4269/4190 4247/3922/4191 4248/3887/4192
f 5211/1872/5155 5210/1875/5154 5209/4211/5153
f 5199/1873/5143 5211/1872/5155 5183/1344/5127
f 5211/1872/5155 5209/4211/5153 5297/4212/5241
f 5183/1344/5127 5211/1872/5155 5212/1345/5156
f 5212/1345/5156 5211/1872/5155 5297/4212/5241
f 5180/1343/5124 5212/1345/5156 5297/4212/5241
f 5179/4214/5123 5180/1343/5124 5297/4212/5241
f 5213/3327/5157 222/3213/176 5214/3212/5158
f 5215/3326/5159 5213/3327/5157 5214/3212/5158
f 102/3146/56 5337/3211/5281 5338/3212/5282 5340/3213/5284
f 5625/1357/5568 5615/2705/5558 5617/3136/5560 5619/3137/5562
f 5216/3211/5160 2376/3146/2328 2375/3023/2327
f 5217/3324/5161 5216/3211/5160 2375/3023/2327
f 5218/3323/5162 5217/3324/5161 2375/3023/2327
f 2385/3188/2337 5218/3323/5162 2375/3023/2327
f 2385/3188/2337 2382/3029/2334 5218/3323/5162
f 5219/4270/5163 5218/3323/5162 2382/3029/2334
f 5218/3323/5162 5219/4270/5163 5220/3325/5164
f 217/4271/171 5220/3325/5164 5219/4270/5163
f 5221/4272/5165 217/4271/171 5219/4270/5163
f 5221/4272/5165 5219/4270/5163 5222/4273/5166
f 2382/3029/2334 5222/4273/5166 5219/4270/5163
f 5223/4274/5167 5222/4273/5166 2382/3029/2334
f 5222/4273/5166 5223/4274/5167 5224/4275/5168
f 5223/4274/5167 5225/4276/5169 5224/4275/5168
f 5226/4277/5170 5225/4276/5169 5223/4274/5167
f 5226/4277/5170 5223/4274/5167 215/4278/169
f 5223/4274/5167 2382/3029/2334 215/4278/169
f 5227/4279/5171 215/4278/169 2382/3029/2334
f 215/4278/169 5227/4279/5171 5228/4280/5172
f 213/4281/167 5228/4280/5172 5227/4279/5171
f 210/4282/164 213/4281/167 5227/4279/5171
f 5227/4279/5171 5229/4283/5173 210/4282/164
f 5229/4283/5173 5227/4279/5171 2382/3029/2334
f 5230/4284/5174 5229/4283/5173 2382/3029/2334
f 5229/4283/5173 5230/4284/5174 5231/4285/5175
f 5230/4284/5174 2382/3029/2334 2386/2637/2338
f 212/4286/166 5231/4285/5175 5230/4284/5174
f 5230/4284/5174 2386/2637/2338 5232/4287/5176
f 5232/4287/5176 212/4286/166 5230/4284/5174
f 325/4272/279 5234/4271/5178 5233/4270/5177
f 5234/4271/5178 327/3325/281 5233/4270/5177
f 5233/4270/5177 5235/4273/5179 325/4272/279
f 327/3325/281 2888/3029/2840 5233/4270/5177
f 2888/3029/2840 5235/4273/5179 5233/4270/5177
f 5236/4274/5180 5235/4273/5179 2888/3029/2840
f 5235/4273/5179 5236/4274/5180 322/4275/276
f 5236/4274/5180 321/4276/275 322/4275/276
f 319/4277/273 321/4276/275 5236/4274/5180
f 5236/4274/5180 5237/4278/5181 319/4277/273
f 5237/4278/5181 5236/4274/5180 2888/3029/2840
f 5238/4279/5182 5237/4278/5181 2888/3029/2840
f 5237/4278/5181 5238/4279/5182 315/4280/269
f 5239/4281/5183 315/4280/269 5238/4279/5182
f 5240/4282/5184 5239/4281/5183 5238/4279/5182
f 5238/4279/5182 5241/4283/5185 5240/4282/5184
f 5241/4283/5185 5238/4279/5182 2888/3029/2840
f 5242/4284/5186 5241/4283/5185 2888/3029/2840
f 5241/4283/5185 5242/4284/5186 317/4285/271
f 5242/4284/5186 2888/3029/2840 2902/2637/2854
f 5243/4286/5187 317/4285/271 5242/4284/5186
f 5242/4284/5186 2902/2637/2854 5244/4287/5188
f 5244/4287/5188 5243/4286/5187 5242/4284/5186
f 368/4288/322 4928/4289/4872 4925/4290/4869
f 368/4288/322 5245/4291/5189 4928/4289/4872
f 2617/2794/2569 2612/2646/2564 2611/1326/2563 2618/650/2570
f 368/4288/322 4936/4292/4880 5245/4291/5189
f 6084/942/6027 6078/943/6021 6079/402/6022 6080/401/6023
f 5247/4293/5191 5246/4294/5190 5248/4295/5192
f 4918/4296/4862 5247/4293/5191 5248/4295/5192
f 363/2779/317 4944/4297/4888 4940/4298/4884
f 5247/4293/5191 4918/4296/4862 5249/4299/5193
f 4944/4297/4888 363/2779/317 4950/4300/4894
f 51/2642/5 5310/4301/5254 7091/4302/7033 53/3168/7
f 373/3105/327 5261/3168/5205 5266/3169/5210 5018/3170/4962
f 366/3254/320 5250/4303/5194 5252/4304/5196
f 4952/2778/4896 5251/2780/5195 4955/2781/4899
f 4901/4305/4845 366/3254/320 5252/4304/5196
f 5251/2780/5195 4881/4306/4825 4955/2781/4899
f 366/3254/320 4901/4305/4845 5253/4307/5197
f 4881/4306/4825 5251/2780/5195 5254/4308/5198
f 4894/3255/4838 366/3254/320 5253/4307/5197
f 5251/2780/5195 4878/3296/4822 5254/4308/5198
f 6654/626/6597 6651/627/6594 6585/628/6528 6590/629/6533
f 6469/942/6412 6470/943/6413 6472/402/6415 6473/401/6416
f 5258/4309/5202 5255/3253/5199 5256/3256/5200
f 5255/3253/5199 5258/4309/5202 5257/3297/5201
f 5259/2642/5203 4994/4310/4938 4997/4301/4941
f 5259/2642/5203 5260/4311/5204 4994/4310/4938
f 397/2642/351 5100/4301/5044 5101/4302/5045 395/3168/349
f 5259/2642/5203 4990/2641/4934 5260/4311/5204
f 5295/3104/5239 5291/3105/5235 5294/3106/5238 5061/3107/5005
f 5261/3168/5205 5005/4302/4949 5262/4312/5206
f 5263/4313/5207 5261/3168/5205 5262/4312/5206
f 378/2643/332 5264/4314/5208 4984/2644/4928
f 5261/3168/5205 5263/4313/5207 5012/4315/4956
f 5264/4314/5208 378/2643/332 5265/4316/5209
f 5266/3169/5210 5261/3168/5205 5012/4315/4956
f 378/2643/332 5267/4317/5211 5265/4316/5209
f 5303/3254/5247 401/4293/355 5302/4303/5246 5304/4304/5248
f 2513/2589/2465 2510/2640/2462 2507/465/2459 2512/464/2464
f 5026/4318/4970 373/3105/327 5018/3170/4962
f 5268/4319/5212 4968/4320/4912 4969/4321/4913
f 373/3105/327 5026/4318/4970 5269/4322/5213
f 4968/4320/4912 5268/4319/5212 5270/4323/5214
f 5029/3106/4973 373/3105/327 5269/4322/5213
f 6084/628/6027 6080/629/6023 6083/626/6026 6086/627/6029
f 6997/4292/6939 381/4288/335 380/2779/334 6993/4298/6935
f 5271/4324/5215 375/3104/329 5040/4325/4984
f 5272/4326/5216 375/3104/329 5036/3107/4980
f 375/3104/329 5272/4326/5216 5040/4325/4984
f 381/4288/335 7004/4289/6946 5273/4290/5217
f 381/4288/335 5274/4291/5218 7004/4289/6946
f 2803/2925/2755 2800/2922/2752 2797/1936/2749 2798/1206/2750
f 381/4288/335 6997/4292/6939 5274/4291/5218
f 7077/2641/7019 51/2642/5 5313/2643/5257 7073/2644/7015
f 383/4293/337 5275/4294/5219 7014/4295/6956
f 5276/4296/5220 383/4293/337 7014/4295/6956
f 380/2779/334 6990/4297/6932 6993/4298/6935
f 383/4293/337 5276/4296/5220 5277/4299/5221
f 6990/4297/6932 380/2779/334 5278/4300/5222
f 5756/626/5699 5753/627/5696 5751/628/5694 5697/629/5640
f 380/2779/334 5279/2778/5223 5278/4300/5222
f 2379/3027/2331 2377/504/2329 2329/507/2281 2330/1128/2282
f 385/3254/339 7025/4303/6967 5281/4304/5225
f 7032/4305/6974 385/3254/339 5281/4304/5225
f 5280/2780/5224 5282/4306/5226 6980/2781/6922
f 385/3254/339 7032/4305/6974 7036/4307/6978
f 5282/4306/5226 5280/2780/5224 6971/4308/6913
f 5283/3255/5227 385/3254/339 7036/4307/6978
f 5280/2780/5224 6965/3296/6907 6971/4308/6913
f 1827/2925/1779 1823/2922/1775 1818/1936/1770 1826/1206/1778
f 2305/2922/2257 2303/1936/2255 2307/1206/2259 2308/2925/2260
f 6966/4309/6908 387/3253/341 6973/3256/6915
f 387/3253/341 6966/4309/6908 5284/3297/5228
f 397/2642/351 5104/4310/5048 5100/4301/5044
f 397/2642/351 5285/4311/5229 5104/4310/5048
f 4990/2641/4934 5259/2642/5203 378/2643/332 4984/2644/4928
f 397/2642/351 5112/2641/5056 5285/4311/5229
f 375/3104/329 373/3105/327 5029/3106/4973 5036/3107/4980
f 395/3168/349 5101/4302/5045 5093/4312/5037
f 5089/4313/5033 395/3168/349 5093/4312/5037
f 5286/2643/5230 5288/4314/5232 5287/2644/5231
f 395/3168/349 5089/4313/5033 5289/4315/5233
f 5288/4314/5232 5286/2643/5230 5290/4316/5234
f 6148/402/6091 6276/401/6219 6272/942/6215 6150/943/6093
f 5286/2643/5230 5125/4317/5069 5290/4316/5234
f 395/3168/349 5289/4315/5233 5080/3169/5024 5291/3105/5235
f 5291/3105/5235 5080/3169/5024 5292/3170/5236
f 5077/4318/5021 5291/3105/5235 5292/3170/5236
f 392/4319/346 5128/4320/5072 5293/4321/5237
f 5291/3105/5235 5077/4318/5021 5068/4322/5012
f 5128/4320/5072 392/4319/346 5042/4323/4986
f 5294/3106/5238 5291/3105/5235 5068/4322/5012
f 399/4288/353 5296/4290/5240 5206/4294/5150 401/4293/355
f 5295/3104/5239 5052/4324/4996 5042/4323/4986 392/4319/346
f 5052/4324/4996 5295/3104/5239 5051/4325/4995
f 5058/4326/5002 5295/3104/5239 5061/3107/5005
f 5295/3104/5239 5058/4326/5002 5051/4325/4995
f 399/4288/353 5209/4289/5153 5296/4290/5240
f 399/4288/353 5297/4291/5241 5209/4289/5153
f 6853/373/6796 6854/374/6797 6856/375/6799 6858/376/6801
f 399/4288/353 5179/4292/5123 5297/4291/5241
f 1592/2640/1544 1589/465/1541 1590/464/1542 1595/2589/1547
f 401/4293/355 5206/4294/5150 5299/4295/5243
f 5300/4296/5244 401/4293/355 5299/4295/5243
f 5298/2779/5242 5171/4297/5115 5172/4298/5116
f 401/4293/355 5300/4296/5244 5192/4299/5136
f 5171/4297/5115 5298/2779/5242 5301/4300/5245
f 5302/4303/5246 401/4293/355 5192/4299/5136
f 5298/2779/5242 5151/2778/5095 5301/4300/5245
f 6585/942/6528 6587/943/6530 6589/402/6532 6590/401/6533
f 405/3253/359 5307/3296/5251 5130/4308/5074 407/2780/361
f 5186/4305/5130 5303/3254/5247 5304/4304/5248
f 407/2780/361 5306/4306/5250 5305/2781/5249
f 5303/3254/5247 5186/4305/5130 5173/4307/5117
f 5306/4306/5250 407/2780/361 5130/4308/5074
f 5161/3255/5105 5303/3254/5247 5173/4307/5117
f 58/4319/12 5316/4317/5260 7066/4316/7008 5313/2643/5257
f 5259/2642/5203 4997/4301/4941 5005/4302/4949 5261/3168/5205
f 5307/3296/5251 405/3253/359 5309/3297/5253
f 5142/4309/5086 405/3253/359 5308/3256/5252
f 405/3253/359 5142/4309/5086 5309/3297/5253
f 51/2642/5 5311/4310/5255 5310/4301/5254
f 51/2642/5 5312/4311/5256 5311/4310/5255
f 6965/3296/6907 5280/2780/5224 387/3253/341 5284/3297/5228
f 51/2642/5 7077/2641/7019 5312/4311/5256
f 405/3253/359 5303/3254/5247 5161/3255/5105 5308/3256/5252
f 53/3168/7 7091/4302/7033 5314/4312/5258
f 7100/4313/7042 53/3168/7 5314/4312/5258
f 5313/2643/5257 7070/4314/7012 7073/2644/7015
f 53/3168/7 7100/4313/7042 5315/4315/5259
f 7070/4314/7012 5313/2643/5257 7066/4316/7008
f 7109/3169/7051 53/3168/7 5315/4315/5259
f 56/3104/10 7046/4324/6988 7052/4323/6994 58/4319/12
f 383/4293/337 5277/4299/5221 7025/4303/6967 385/3254/339
f 5316/4317/5260 58/4319/12 5318/4321/5262
f 7117/4318/7059 5317/3105/5261 7113/3170/7055
f 58/4319/12 5319/4320/5263 5318/4321/5262
f 5317/3105/5261 7117/4318/7059 7121/4322/7063
f 5319/4320/5263 58/4319/12 7052/4323/6994
f 5320/3106/5264 5317/3105/5261 7121/4322/7063
f 368/4288/322 4925/4290/4869 5246/4294/5190 5247/4293/5191
f 5267/4317/5211 378/2643/332 5268/4319/5212 4969/4321/4913
f 7046/4324/6988 56/3104/10 7043/4325/6985
f 7047/4326/6989 56/3104/10 5321/3107/5265
f 56/3104/10 7047/4326/6989 7043/4325/6985
f 5322/4281/5266 94/4280/48 5323/4279/5267
f 93/4282/47 5322/4281/5266 5323/4279/5267
f 96/4278/50 5323/4279/5267 94/4280/48
f 5323/4279/5267 92/4283/46 93/4282/47
f 5323/4279/5267 96/4278/50 1951/3029/1903
f 92/4283/46 5323/4279/5267 1951/3029/1903
f 5324/4274/5268 1951/3029/1903 96/4278/50
f 5324/4274/5268 96/4278/50 5325/4277/5269
f 5325/4277/5269 98/4276/52 5324/4274/5268
f 5324/4274/5268 98/4276/52 99/4275/53
f 5326/4273/5270 5324/4274/5268 99/4275/53
f 5324/4274/5268 5326/4273/5270 1951/3029/1903
f 5327/4284/5271 92/4283/46 1951/3029/1903
f 92/4283/46 5327/4284/5271 5328/4285/5272
f 5329/4286/5273 5328/4285/5272 5327/4284/5271
f 1955/4287/1907 5329/4286/5273 5327/4284/5271
f 5327/4284/5271 1954/2637/1906 1955/4287/1907
f 5327/4284/5271 1951/3029/1903 1954/2637/1906
f 1951/3029/1903 5326/4273/5270 5330/4270/5274
f 5331/4272/5275 5330/4270/5274 5326/4273/5270
f 5331/4272/5275 5332/4271/5276 5330/4270/5274
f 5332/4271/5276 5333/3325/5277 5330/4270/5274
f 5334/3323/5278 5330/4270/5274 5333/3325/5277
f 5330/4270/5274 5334/3323/5278 1951/3029/1903
f 5335/3188/5279 1951/3029/1903 5334/3323/5278
f 1940/1937/1892 1951/3029/1903 5335/3188/5279
f 1940/1937/1892 5335/3188/5279 1941/3023/1893
f 5335/3188/5279 5334/3323/5278 1941/3023/1893
f 5334/3323/5278 5336/3324/5280 1941/3023/1893
f 5336/3324/5280 5337/3211/5281 1941/3023/1893
f 5337/3211/5281 102/3146/56 1941/3023/1893
f 5215/3326/5159 5214/3212/5158 5216/3211/5160 5217/3324/5161
f 2832/2973/2784 2814/1642/2766 2828/1643/2780 2831/2972/2783
f 5339/3326/5283 5341/3327/5285 5338/3212/5282
f 5341/3327/5285 5340/3213/5284 5338/3212/5282
f 5342/2869/5286 261/2870/215 5343/2867/5287
f 5344/2868/5288 5342/2869/5286 5343/2867/5287
f 5343/2867/5287 257/2865/211 5344/2868/5288
f 263/2871/217 5343/2867/5287 261/2870/215
f 257/2865/211 5343/2867/5287 2615/2648/2567
f 5343/2867/5287 263/2871/217 2615/2648/2567
f 5345/2883/5289 2615/2648/2567 263/2871/217
f 5345/2883/5289 263/2871/217 5346/2885/5290
f 5346/2885/5290 264/2886/218 5345/2883/5289
f 5345/2883/5289 264/2886/218 5347/2884/5291
f 267/2882/221 5345/2883/5289 5347/2884/5291
f 5345/2883/5289 267/2882/221 2615/2648/2567
f 2615/2648/2567 267/2882/221 5348/2878/5292
f 5348/2878/5292 2606/2872/2558 2615/2648/2567
f 5349/2881/5293 5348/2878/5292 267/2882/221
f 2606/2872/2558 5348/2878/5292 271/2879/225
f 5349/2881/5293 269/2880/223 5348/2878/5292
f 269/2880/223 271/2879/225 5348/2878/5292
f 5365/3340/5308 5364/4327/5307 5366/4328/5309 5368/4329/5311
f 3369/4330/3314 3364/4331/3309 5350/4332/5294
f 1143/971/1097 1144/970/1098 1146/2018/1100 7128/2017/7070
f 5351/4333/5295 3369/4330/3314 5350/4332/5294
f 5350/4332/5294 3358/4334/3303 3357/4335/3302
f 5360/4332/5294 5359/4331/5303 5361/4336/5304 3576/4334/3521
f 5350/4332/5294 3357/4335/3302 3355/4337/3300
f 3847/4338/3792 3864/4333/3809 5370/4332/5313 3848/4337/3793
f 5355/4339/5299 5352/4327/5296 5353/3340/5297
f 7130/1994/7072 1054/1917/1008 7129/1916/7071 1148/3262/1102
f 3511/3339/3456 5355/4339/5299 5353/3340/5297
f 5353/3340/5297 5356/4329/5300 3501/4340/3446
f 5373/3340/5316 4078/4327/4023 5374/4328/5317 5375/4329/5318
f 5353/3340/5297 3501/4340/3446 5358/3341/5302
f 1113/2048/1067 1117/2047/1071 1120/3928/1074 7105/2003/7047
f 3572/4338/3517 5363/4333/5306 5360/4332/5294 3573/4337/3518
f 5362/4330/5305 5359/4331/5303 5360/4332/5294
f 5363/4333/5306 5362/4330/5305 5360/4332/5294
f 5360/4332/5294 3576/4334/3521 3575/4335/3520
f 5353/3340/5297 5352/4327/5296 5354/4328/5298 5356/4329/5300
f 5360/4332/5294 3575/4335/3520 3573/4337/3518
f 5357/3338/5301 3511/3339/3456 5353/3340/5297 5358/3341/5302
f 5367/4339/5310 5364/4327/5307 5365/3340/5308
f 1086/2060/1040 1129/1973/1083 7087/2041/7029 1087/2040/1041
f 3720/3339/3665 5367/4339/5310 5365/3340/5308
f 5365/3340/5308 5368/4329/5311 5369/4340/5312
f 3372/4338/3317 5351/4333/5295 5350/4332/5294 3355/4337/3300
f 5365/3340/5308 5369/4340/5312 3710/3341/3655
f 3722/3338/3667 3720/3339/3665 5365/3340/5308 3710/3341/3655
f 5372/4330/5315 3856/4331/3801 5370/4332/5313
f 3864/4333/3809 5372/4330/5315 5370/4332/5313
f 5370/4332/5313 3851/4334/3796 3850/4335/3795
f 5350/4332/5294 3364/4331/3309 3363/4336/3308 3358/4334/3303
f 5370/4332/5313 3850/4335/3795 3848/4337/3793
f 1126/1742/1080 1122/1741/1076 7105/2003/7047 1120/3928/1074
f 5189/2920/5133 5188/4088/5132 5190/4199/5134 5193/2921/5137
f 4083/4339/4028 4078/4327/4023 5373/3340/5316
f 5376/3339/5319 4083/4339/4028 5373/3340/5316
f 5373/3340/5316 5375/4329/5318 4073/4340/4018
f 5370/4332/5313 3856/4331/3801 5371/4336/5314 3851/4334/3796
f 5373/3340/5316 4073/4340/4018 5378/3341/5321
f 6014/512/5957 5950/515/5893 5951/2458/5894 6016/2459/5959
f 5571/514/5514 5569/515/5512 5570/512/5513 5574/513/5517
f 3636/3185/3581 3632/158/3577 3638/3666/3583 3639/3585/3584
f 5379/402/5322 5382/943/5325 5381/403/5324
f 5382/943/5325 5383/2443/5326 5381/403/5324
f 6087/439/6030 6028/438/5971 6023/112/5966 6090/111/6033
f 6084/942/6027 6089/1906/6032 6049/1905/5992 6078/943/6021
f 6727/278/6670 6718/374/6661 6714/405/6657 6717/279/6660
f 5862/1909/5805 5772/1908/5715 5765/514/5708 5889/513/5832
f 5581/2400/5524 5578/1907/5521 5580/1910/5523 5584/1531/5527
f 6093/110/6036 6090/111/6033 6023/112/5966 6094/113/6037
f 3716/1496/3661 3714/1291/3659 3713/441/3658 3715/1497/3660
f 6045/1794/5988 6025/1779/5968 6049/1905/5992 6076/1804/6019
f 5387/1804/5330 5391/1791/5334 5392/1794/5335
f 4535/4055/4479 4528/3303/4472 4526/3302/4470 4529/4006/4473
f 6098/3015/6041 6099/3016/6042 6100/2426/6043 6101/2425/6044
f 5393/3109/5336 5389/1780/5332 5395/536/5338
f 2410/1864/2362 2407/1865/2359 2340/1866/2292 2413/1867/2365
f 6892/2524/6835 6846/2523/6789 6848/2400/6791 6868/1531/6811
f 5396/533/5339 5386/1779/5329 5392/1794/5335
f 3718/76/3663 3712/75/3657 3714/1291/3659 3716/1496/3661
f 1665/225/1617 1628/224/1580 1626/411/1578 1663/410/1615
f 5523/2657/5466 5513/1016/5456 5533/1103/5476 5531/1102/5474
f 5400/3259/5343 5397/2750/5340 5396/533/5339
f 6136/2475/6079 6127/4025/6070 6128/4026/6071 6138/2560/6081
f 5213/361/5157 220/360/174 221/367/175 222/366/176
f 5401/1120/5344 5397/2750/5340 5403/735/5346
f 5401/1120/5344 5403/735/5346 5402/734/5345
f 5403/735/5346 5397/2750/5340 5400/3259/5343
f 1095/1940/1049 1097/3075/1051 1048/1981/1002 1099/1980/1053
f 6887/2658/6830 6807/2657/6750 6815/1102/6758 6816/4341/6759
f 5403/735/5346 5400/3259/5343 5406/776/5349
f 5405/1878/5348 5403/735/5346 5406/776/5349
f 6447/661/6390 6521/3112/6464 6446/3115/6389 6448/662/6391
f 5944/404/5887 6008/1520/5951 5942/1519/5885 5943/405/5886
f 5620/2950/5563 5543/2787/5486 5545/2788/5488 5547/2947/5490
f 6118/698/6061 6107/695/6050 6042/696/5985 6044/697/5987
f 5470/4342/5413 5411/3732/5354 5410/1793/5353
f 2145/1326/2097 2116/1329/2068 2117/651/2069 2147/650/2099
f 5412/775/5355 5405/1878/5348 5406/776/5349
f 5407/3235/5350 5405/1878/5348 5412/775/5355
f 5408/3236/5351 5407/3235/5350 5412/775/5355
f 5410/1793/5353 5413/2770/5356 5470/4342/5413
f 5414/3759/5357 5470/4342/5413 5413/2770/5356
f 975/1796/929 1039/1802/993 978/1803/932 980/4155/934
f 5413/2770/5356 5410/1793/5353 5415/1792/5358
f 3409/3298/3354 3405/1201/3350 3410/3557/3355 3414/3299/3359
f 5415/1792/5358 5391/1791/5334 5417/3649/5360
f 2968/217/2920 2966/1107/2918 2967/1507/2919 526/218/480
f 5415/1792/5358 5418/273/5361 5413/2770/5356
f 5418/273/5361 5415/1792/5358 5417/3649/5360
f 6751/2706/6694 6746/2703/6689 6750/2704/6693 6753/2705/6696
f 6948/4343/6891 6946/3020/6889 4257/3019/4201 4260/3929/4204
f 5420/2046/5363 5416/2045/5359 5419/272/5362
f 3938/701/3883 3913/3586/3858 3933/3666/3878 3942/3665/3887
f 5423/4344/5366 5418/273/5361 5417/3649/5360
f 5424/3282/5367 5420/2046/5363 5419/272/5362
f 1695/652/1647 1688/651/1640 1690/202/1642 1694/201/1646
f 4486/3093/4430 4483/3117/4427 4490/3116/4434 4491/3165/4435
f 5423/4344/5366 5426/274/5369 5418/273/5361
f 6266/4345/6209 6259/2475/6202 6265/2474/6208 6267/2529/6210
f 5419/272/5362 5428/275/5371 5424/3282/5367
f 5558/2522/5501 5621/1462/5564 5623/1461/5566 5624/3141/5567
f 3540/781/3485 3539/1389/3484 3491/1388/3436 3490/782/3435
f 5428/275/5371 5426/274/5369 5430/2663/5373
f 6633/270/6576 6632/271/6575 6573/268/6516 6574/269/6517
f 5431/3771/5374 5430/2663/5373 5429/2478/5372
f 6202/3771/6145 6203/3772/6146 6204/270/6147 6205/269/6148
f 5431/3771/5374 5433/269/5376 5430/2663/5373
f 6363/2655/6306 6306/2656/6249 6299/2657/6242 6311/2658/6254
f 2814/1642/2766 2811/2248/2763 2813/2250/2765 2815/334/2767
f 5729/661/5672 5727/3112/5670 5676/3115/5619 5677/662/5620
f 6339/2693/6282 6338/4346/6281 6331/2694/6274 6337/266/6280
f 5424/3282/5367 5428/275/5371 5436/2853/5379
f 6060/3206/6003 6063/3207/6006 6146/2561/6089 6147/3205/6090
f 5438/3114/5381 5424/3282/5367 5436/2853/5379
f 5876/2759/5819 5875/2760/5818 5826/2761/5769 5824/2762/5767
f 5436/2853/5379 5437/659/5380 5440/662/5383
f 5436/2853/5379 5441/3115/5384 5438/3114/5381
f 5440/662/5383 5441/3115/5384 5436/2853/5379
f 6229/695/6172 6232/3178/6175 6237/3179/6180 6179/696/6122
f 6791/2929/6734 6790/2930/6733 6792/1480/6735 6794/1479/6737
f 4382/1808/4326 4389/1637/4333 4397/3669/4341 4401/3202/4345
f 5442/3015/5385 5445/2425/5388 5444/110/5387
f 7314/4347/7096 7312/4348/7094 3047/2399/2999 1425/2420/1377
f 6601/2427/6544 6605/1599/6548 6652/2425/6595 6653/2426/6596
f 6586/1779/6529 6543/533/6486 6588/536/6531 6595/1780/6538
f 4416/4061/4360 4413/4349/4357 4418/3719/4362 4419/3718/4363
f 2975/216/2927 2974/217/2926 898/218/852 876/219/830
f 2037/39/1989 2039/2610/1991 2043/1703/1995 2044/40/1996
f 5951/547/5894 5954/548/5897 5957/278/5900 5958/277/5901
f 2599/2659/2551 2610/2654/2562 2612/2646/2564 2613/2645/2565
f 5454/3006/5397 5455/529/5398 5457/80/5400
f 61/32/15 59/25/13 60/24/14 62/30/16
f 5454/3006/5397 5457/80/5400 5450/3089/5393
f 5459/695/5402 5448/1599/5391 5450/3089/5393
f 5457/80/5400 5459/695/5402 5450/3089/5393
f 4666/2558/4610 4663/2557/4607 4659/4169/4603 4668/4072/4612
f 5602/2675/5545 5599/906/5542 5524/905/5467 5526/2676/5469
f 5460/79/5403 5462/3178/5405 5457/80/5400
f 5457/80/5400 5462/3178/5405 5459/695/5402
f 5464/1971/5407 5462/3178/5405 5460/79/5403
f 5463/3582/5406 5464/1971/5407 5460/79/5403
f 1500/2956/1452 1496/2513/1448 1495/2512/1447 1508/3354/1460
f 5465/1968/5408 5464/1971/5407 5463/3582/5406
f 5529/2633/5472 5607/2634/5550 5528/2635/5471 5527/2636/5470
f 6741/233/6684 6740/230/6683 6676/231/6619 6679/232/6622
f 6758/3889/6701 6757/3247/6700 6695/3246/6638 6698/3888/6641
f 5857/2658/5800 5786/2657/5729 5797/1102/5740 5798/4341/5741
f 5411/697/5354 5470/4350/5413 5469/698/5412
f 2735/1603/2687 2731/2901/2683 2737/677/2689 2739/1604/2691
f 5448/1599/5391 5471/1598/5414 5449/111/5392
f 5472/3554/5415 5469/698/5412 5470/4350/5413
f 5470/4350/5413 5414/3555/5357 5472/3554/5415
f 6773/1531/6716 6745/1532/6688 6743/1533/6686 6749/1534/6692
f 5472/3554/5415 5473/1801/5416 5469/698/5412
f 6153/1905/6096 6157/1804/6100 6161/1794/6104 6156/1779/6099
f 2819/1715/2771 2818/1718/2770 2821/506/2773 2823/2135/2775
f 6555/2044/6498 6617/3759/6560 6554/2770/6497 6557/2045/6500
f 1141/2013/1095 1136/2012/1090 1132/3891/1086 1134/2088/1088
f 335/3022/289 337/2838/291 2879/2840/2831 2886/3021/2838
f 5477/3663/5420 5478/4026/5421 5475/3553/5418
f 5920/579/5863 5982/580/5925 5917/581/5860 5919/582/5862
f 3994/3564/3939 3988/2962/3933 4028/3562/3973 3989/3563/3934
f 5473/1801/5416 5472/3554/5415 5480/4025/5423
f 5820/3320/5763 5817/2488/5760 5818/2487/5761 5821/3319/5764
f 5479/3095/5422 5482/2560/5425 5477/3663/5420
f 5481/3094/5424 5482/2560/5425 5479/3095/5422
f 5478/4026/5421 5477/3663/5420 5482/2560/5425
f 5482/2560/5425 5481/3094/5424 5483/3472/5426
f 5732/660/5675 5678/659/5621 5680/268/5623 5734/271/5677
f 5482/2560/5425 5483/3472/5426 5485/3205/5428
f 2453/2249/2405 2449/2248/2401 2448/3111/2400 2452/1921/2404
f 5486/2561/5429 5482/2560/5425 5485/3205/5428
f 6911/265/6854 6835/266/6778 6837/267/6780 6838/264/6781
f 4720/299/4664 4737/2795/4681 4742/2519/4686 4752/300/4696
f 4742/2519/4686 4741/3559/4685 4746/2520/4690 4751/1840/4695
f 2599/2659/2551 2592/147/2544 2601/2625/2553 2610/2654/2562
f 5492/2472/5435 5488/2562/5431 5490/3453/5433
f 5482/2560/5425 5492/2472/5435 5489/2475/5432
f 6383/2760/6326 6382/3889/6325 6381/3888/6324 6384/2761/6327
f 5493/2934/5436 5492/2472/5435 5490/3453/5433
f 5924/2950/5867 5923/2787/5866 5922/2788/5865 5926/2947/5869
f 5492/2472/5435 5493/2934/5436 5495/2473/5438
f 1742/383/1694 1741/384/1693 426/381/380 1744/382/1696
f 4102/781/4046 4111/817/4055 4113/1567/4057 4115/1389/4059
f 5498/4345/5441 5480/4025/5423 5489/2475/5432
f 5423/4344/5366 5417/3649/5360 5427/2479/5370 5426/274/5369
f 5499/2529/5442 5480/4025/5423 5498/4345/5441
f 5558/2308/5501 5559/2309/5502 5561/2306/5504 5562/2307/5505
f 5480/4025/5423 5499/2529/5442 5473/1801/5416
f 5473/1801/5416 5499/2529/5442 5501/762/5444
f 5809/3025/5752 5804/2066/5747 5801/3225/5744 5808/3026/5751
f 5502/761/5445 5471/1598/5414 5501/762/5444
f 6409/535/6352 6406/3110/6349 6407/3109/6350 6411/536/6354
f 1072/1691/1026 352/4351/306 354/4352/308 1074/1934/1028
f 3263/1933/3208 3262/1932/3207 3265/700/3210 3305/699/3250
f 5379/402/5322 5380/401/5323 5504/942/5447 5382/943/5325
f 6278/547/6221 6405/376/6348 6277/375/6220 6280/548/6223
f 5505/627/5448 5507/772/5450 5451/439/5394
f 5506/626/5449 5507/772/5450 5505/627/5448
f 4783/3174/4727 4781/3646/4725 4784/3648/4728 4786/3175/4730
f 5442/3015/5385 5443/3016/5386 5394/2426/5337 5445/2425/5388
f 5508/2929/5451 5509/1479/5452 5510/1015/5453
f 6487/1599/6430 6489/2425/6432 6409/2426/6352 6412/2427/6355
f 6152/1782/6095 6156/1779/6099 6159/1780/6102 6212/1781/6155
f 573/922/527 569/921/523 570/1166/524 1036/1182/990
f 4644/1824/4588 4640/2189/4584 4645/2192/4589 4647/3148/4591
f 6778/1152/6721 6726/1151/6669 6725/1732/6668 6787/1733/6730
f 6493/1119/6436 6492/2749/6435 6416/2750/6359 6419/1120/6362
f 4126/4353/4070 4125/886/4069 4124/885/4068 4127/3879/4071
f 4030/2692/3975 4029/3070/3974 4031/3257/3976 4032/2226/3977
f 5518/3133/5461 5521/723/5464 5519/722/5462
f 1614/480/1566 1611/939/1563 1616/2670/1568 1618/483/1570
f 5518/3133/5461 5515/3652/5458 5521/723/5464
f 5523/2657/5466 5515/3652/5458 5513/1016/5456
f 5521/723/5464 5515/3652/5458 5523/2657/5466
f 5709/79/5652 5707/80/5650 5638/81/5581 5645/78/5588
f 4420/3733/4364 4412/4154/4356 4411/3610/4355 4423/3609/4367
f 5521/723/5464 5523/2657/5466 5525/2656/5468
f 5524/905/5467 5521/723/5464 5525/2656/5468
f 5527/2636/5470 5524/905/5467 5525/2656/5468
f 5526/2676/5469 5524/905/5467 5527/2636/5470
f 5465/1968/5408 5463/3582/5406 5461/3581/5404 5466/1969/5409
f 5528/2635/5471 5526/2676/5469 5527/2636/5470
f 4408/4354/4352 4404/3670/4348 4403/4151/4347 4407/3700/4351
f 5737/3453/5680 5735/3454/5678 5738/3927/5681 5740/2934/5683
f 6627/661/6570 6567/3112/6510 6569/3115/6512 6570/662/6513
f 6742/4341/6685 6680/2658/6623 6673/2657/6616 6681/1102/6624
f 5532/4341/5475 5531/1102/5474 5605/4355/5548
f 813/1130/767 812/1707/766 808/1452/762 810/1597/764
f 5513/1016/5456 5514/279/5457 5533/1103/5476
f 5534/3225/5477 5605/4355/5548 5531/1102/5474
f 5605/4355/5548 5534/3225/5477 5609/3600/5552
f 973/1788/927 1040/1790/994 975/1796/929 980/4155/934
f 5534/3225/5477 5531/1102/5474 5535/1101/5478
f 5474/769/5417 5449/111/5392 5471/1598/5414 5502/761/5445
f 1860/1209/1812 1857/1208/1809 1861/2941/1813 1863/2250/1815
f 6616/3554/6559 6617/3555/6560 6555/3556/6498 6619/3553/6562
f 5722/3663/5665 5720/3553/5663 5663/3556/5606 5666/3664/5609
f 6373/2706/6316 6368/2703/6311 6371/2704/6314 6376/2705/6319
f 5538/581/5481 5537/2066/5480 5540/3025/5483
f 6896/3568/6839 6897/3569/6840 6898/3260/6841 6900/3136/6843
f 5541/582/5484 5538/581/5481 5540/3025/5483
f 3313/3293/3258 3276/3294/3221 3275/3295/3220 3314/3292/3259
f 5535/1101/5478 5544/3026/5487 5534/3225/5477
f 4313/3103/4257 4319/101/4263 4323/3926/4267 4304/3894/4248
f 5673/3114/5616 5670/3282/5613 5669/272/5612 5675/275/5618
f 5546/2694/5489 5547/2947/5490 5545/2788/5488
f 6431/773/6374 6426/776/6369 6423/3259/6366 6432/3479/6375
f 5549/2948/5492 5547/2947/5490 5546/2694/5489
f 5730/3205/5673 5728/3472/5671 5727/3471/5670 5729/3206/5672
f 5550/2693/5493 5549/2948/5492 5546/2694/5489
f 1537/70/1489 427/73/381 1707/83/1659 429/82/383
f 6741/233/6684 6679/232/6622 6680/3119/6623 6738/3120/6681
f 1627/491/1579 1626/2912/1578 1628/3193/1580 1629/488/1581
f 5546/2694/5489 5551/2985/5494 5554/2695/5497
f 6828/2950/6771 6901/2787/6844 6827/2788/6770 6830/2947/6773
f 5554/2695/5497 5555/267/5498 5552/266/5495
f 5493/2934/5436 5490/3453/5433 5491/3454/5434 5432/3927/5375
f 5556/3320/5499 5555/267/5498 5554/2695/5497
f 5493/2934/5436 5432/3927/5375 5494/3200/5437 5495/2473/5438
f 5556/3320/5499 5554/2695/5497 5557/2488/5500
f 5495/2473/5438 5494/3200/5437 5496/2530/5439 5497/2474/5440
f 3893/2134/3838 3894/1617/3839 3895/3620/3840 3861/2162/3806
f 6194/4344/6137 6184/3649/6127 6197/2479/6140 6196/274/6139
f 5544/3026/5487 5560/4356/5503 5551/2985/5494
f 6184/3649/6127 6268/3650/6211 6264/2476/6207 6197/2479/6140
f 5544/3026/5487 5561/2306/5504 5560/4356/5503
f 5544/3026/5487 5535/1101/5478 5561/2306/5504
f 5535/1101/5478 5563/1100/5506 5561/2306/5504
f 1901/2982/1853 1899/469/1851 1898/468/1850 1902/2709/1854
f 5564/1519/5507 5563/1100/5506 5533/1103/5476
f 4654/4070/4598 4635/920/4579 4643/919/4587 4651/4114/4595
f 1060/3224/1014 348/3223/302 349/3155/303 1062/3154/1016
f 6157/1804/6100 6153/1905/6096 6154/1906/6097 6155/1805/6098
f 464/176/418 462/177/416 463/178/417 1644/179/1596
f 6224/771/6167 6274/772/6217 6275/626/6218 6276/629/6219
f 5565/374/5508 5517/278/5460 5567/548/5510
f 5566/375/5509 5565/374/5508 5567/548/5510
f 4262/2466/4206 4260/3929/4204 4259/888/4203 4263/887/4207
f 2646/140/2598 2642/2796/2594 2641/2792/2593 2643/141/2595
f 6225/3006/6168 6220/3089/6163 6221/3090/6164 6167/3007/6110
f 5570/512/5513 5572/2459/5515 5574/513/5517
f 5574/513/5517 5572/2459/5515 5575/1153/5518
f 5517/278/5460 5514/279/5457 5512/276/5455 5573/277/5516
f 5384/1905/5327 5503/1906/5446 5385/1805/5328 5387/1804/5330
f 5841/1153/5784 5839/1152/5782 5862/1909/5805 5889/513/5832
f 1056/1799/1010 1051/1943/1005 1049/4357/1003 345/1958/299
f 1636/955/1588 1679/956/1631 1680/205/1632 472/204/426
f 5770/276/5713 5773/279/5716 5776/1479/5719 5777/1480/5720
f 6397/1531/6340 6395/2524/6338 6396/2523/6339 6398/2400/6341
f 5717/1598/5660 5749/761/5692 5750/769/5693 5752/111/5695
f 5580/1910/5523 5585/1532/5528 5584/1531/5527
f 830/1028/784 1026/1624/980 832/1631/786 834/1029/788
f 5586/1572/5529 5585/1532/5528 5579/1152/5522
f 4854/3992/4798 4852/4029/4796 4855/4010/4799 4858/4009/4802
f 5834/1014/5777 5781/2930/5724 5780/2929/5723 5782/1015/5725
f 5587/3130/5530 5590/1569/5533 5582/1733/5525
f 5396/533/5339 5446/534/5389 5394/535/5337 5395/536/5338
f 5427/2479/5370 5417/3649/5360 5500/3650/5443 5496/2476/5439
f 5446/534/5389 5396/533/5339 5397/2750/5340 5398/2749/5341
f 5517/278/5460 5573/277/5516 5568/547/5511 5567/548/5510
f 5594/1534/5537 5591/2524/5534 5584/1531/5527
f 6160/1791/6103 6182/1792/6125 6181/1793/6124 6161/1794/6104
f 3332/2677/3277 1655/397/1607 1659/3187/1611 1660/3199/1612
f 5596/3120/5539 5586/1572/5529 5592/1851/5535
f 5712/695/5655 5716/698/5659 5717/1598/5660 5710/1599/5653
f 1986/137/1938 5328/143/5272 5329/149/5273 1956/151/1908
f 5595/2651/5538 5598/564/5541 5592/1851/5535
f 5595/2651/5538 5597/1809/5540 5598/564/5541
f 5598/564/5541 5596/3120/5539 5592/1851/5535
f 5777/1480/5720 5776/1479/5719 5780/2929/5723 5781/2930/5724
f 6501/698/6444 6496/695/6439 6432/696/6375 6504/697/6447
f 5598/564/5541 5603/233/5546 5596/3120/5539
f 5601/563/5544 5603/233/5546 5598/564/5541
f 5604/2658/5547 5523/2657/5466 5531/1102/5474 5532/4341/5475
f 5993/3429/5936 5990/2949/5933 5927/2948/5870 5928/2693/5871
f 1935/539/1887 1932/540/1884 1875/537/1827 1877/538/1829
f 5600/1533/5543 5532/3974/5475 5605/4358/5548
f 5606/230/5549 5603/233/5546 5601/563/5544
f 1683/1326/1635 1685/1329/1637 1688/651/1640 1692/650/1644
f 5608/2703/5551 5600/1533/5543 5605/4358/5548
f 5608/2703/5551 5594/1534/5537 5600/1533/5543
f 5608/2703/5551 5605/4358/5548 5609/3770/5552
f 1624/489/1576 1610/1626/1562 1604/2763/1556 1607/2758/1559
f 5611/443/5554 5606/230/5549 5601/563/5544
f 5610/442/5553 5606/230/5549 5611/443/5554
f 6894/2065/6837 6820/3600/6763 6819/3225/6762 6822/2066/6765
f 5594/1534/5537 5608/2703/5551 5614/2706/5557
f 5614/2706/5557 5591/2524/5534 5594/1534/5537
f 5918/3025/5861 5915/2066/5858 5912/3225/5855 5916/3026/5859
f 6515/3663/6458 6512/3553/6455 6513/3556/6456 6439/3664/6382
f 5616/3568/5559 5615/2705/5558 5612/2704/5555
f 3947/699/3892 3910/700/3855 3938/701/3883 3946/702/3891
f 5615/2705/5558 5616/3568/5559 5617/3136/5560
f 6055/3113/5998 6130/3281/6073 6054/3282/5997 6057/3114/6000
f 5591/2524/5534 5614/2706/5557 5618/4359/5561
f 5996/264/5939 5995/265/5938 5930/266/5873 5931/267/5874
f 6135/2474/6078 6125/2529/6068 6132/4345/6075 6136/2475/6079
f 5618/4359/5561 5614/2706/5557 5622/1360/5565
f 6905/1360/6848 6895/2706/6838 6899/2705/6842 6908/1357/6851
f 2203/488/2155 174/3193/128 173/3244/127 2204/1625/2156
f 5623/1461/5566 5621/1462/5564 5622/1360/5565
f 467/2713/421 1639/2715/1591 1640/2718/1592 468/2717/422
f 6814/2655/6757 6810/2656/6753 6807/2657/6750 6887/2658/6830
f 5622/1360/5565 5626/1359/5569 5623/1461/5566
f 1867/3111/1819 1862/2248/1814 1866/1642/1818 1886/2973/1838
f 1876/1643/1828 1874/335/1826 1878/2468/1830 1880/2469/1832
f 4852/4029/4796 4845/3567/4789 4846/3566/4790 4855/4010/4799
f 5625/1357/5568 5619/3137/5562 5630/3247/5573
f 6915/3889/6858 6912/3247/6855 6828/3246/6771 6831/3888/6774
f 5629/1358/5572 5625/1357/5568 5631/2759/5574
f 4366/3935/4310 4275/3902/4219 4270/3914/4214 4276/3163/4220
f 5633/3889/5576 5625/1357/5568 5630/3247/5573
f 5631/2759/5574 5625/1357/5568 5634/2760/5577
f 5634/2760/5577 5625/1357/5568 5633/3889/5576
f 5820/3320/5763 5821/3319/5764 5822/264/5765 5823/267/5766
f 5635/3007/5578 5636/530/5579 5705/529/5648 5706/3006/5649
f 474/222/428 473/223/427 1630/220/1582 475/221/429
f 5640/3090/5583 5635/3007/5578 5706/3006/5649 5708/3089/5651
f 5639/1120/5582 5641/735/5584 5637/734/5580
f 5639/1120/5582 5642/2750/5585 5641/735/5584
f 6800/3651/6743 6872/1013/6815 6797/1016/6740 6799/3652/6742
f 6739/442/6682 6675/445/6618 6676/231/6619 6740/230/6683
f 6607/695/6550 6611/696/6554 6612/697/6555 6613/698/6556
f 5641/735/5584 5642/2750/5585 5649/3259/5592
f 5649/3259/5592 5642/2750/5585 5647/533/5590
f 4585/4078/4529 4581/4077/4525 4584/3125/4528 4588/3128/4532
f 4831/3228/4775 4824/3741/4768 4823/3965/4767 4827/4031/4771
f 5650/3236/5593 5648/3235/5591 5653/775/5596
f 5648/3235/5591 5644/1878/5587 5653/775/5596
f 6249/3095/6192 6190/3096/6133 6193/3097/6136 6251/3094/6194
f 5653/775/5596 5644/1878/5587 5654/776/5597
f 5644/1878/5587 5641/735/5584 5654/776/5597
f 5641/735/5584 5649/3259/5592 5654/776/5597
f 6453/271/6396 6452/268/6395 6455/269/6398 6456/270/6399
f 6425/3234/6368 6500/1877/6443 6424/1878/6367 6427/3235/6370
f 5659/4342/5602 5657/3732/5600 5658/1793/5601
f 6738/3120/6681 6743/1533/6686 6745/1532/6688 6736/1572/6679
f 5658/1793/5601 5661/2770/5604 5659/4342/5602
f 5662/3759/5605 5659/4342/5602 5661/2770/5604
f 3294/3666/3239 3291/3586/3236 3288/3662/3233 3290/3585/3235
f 2814/1642/2766 2815/334/2767 2825/335/2777 2828/1643/2780
f 5661/2770/5604 5658/1793/5601 5664/1792/5607
f 3793/2074/3738 3792/3458/3737 3799/3275/3744 3797/2075/3742
f 5664/1792/5607 5667/273/5610 5661/2770/5604
f 6187/273/6130 6191/272/6134 6185/2045/6128 6183/2770/6126
f 5668/2046/5611 5665/2045/5608 5669/272/5612
f 6130/3281/6073 6052/2043/5995 6051/2046/5994 6054/3282/5997
f 5670/3282/5613 5668/2046/5611 5669/272/5612
f 6879/564/6822 6806/565/6749 6880/566/6823 6881/563/6824
f 6333/3320/6276 6390/3319/6333 6334/264/6277 6335/267/6278
f 5988/3137/5931 5923/3245/5866 5924/3246/5867 5989/3247/5932
f 5559/2309/5502 5557/2488/5500 5554/2695/5497 5551/2985/5494
f 5675/275/5618 5676/3115/5619 5673/3114/5616
f 6450/660/6393 6449/659/6392 6452/268/6395 6453/271/6396
f 5677/662/5620 5676/3115/5619 5675/275/5618
f 6063/660/6006 6062/659/6005 6065/268/6008 6066/271/6009
f 5678/659/5621 5677/662/5620 5675/275/5618
f 2087/1889/2039 112/1886/66 113/1887/67 2088/1888/2040
f 5675/275/5618 5672/274/5615 5679/2663/5622
f 2517/2763/2469 2522/2103/2474 2530/2102/2482 2540/2758/2492
f 6339/2693/6282 6384/3429/6327 6381/2949/6324 6341/2948/6284
f 5679/2663/5622 5681/269/5624 5680/268/5623
f 6756/3137/6699 6754/3136/6697 6691/3260/6634 6694/3245/6637
f 5682/3771/5625 5681/269/5624 5679/2663/5622
f 3140/1949/3092 3137/3466/3089 3141/3425/3093 3144/2025/3096
f 5682/3771/5625 5679/2663/5622 5683/2478/5626
f 2485/2343/2437 2481/984/2433 238/2344/192 2486/2569/2438
f 6690/582/6633 6689/3025/6632 6696/2694/6639 6693/2788/6636
f 6074/3649/6017 6072/2479/6015 6064/274/6007 6073/4344/6016
f 5685/4344/5628 5672/274/5615 5667/273/5610
f 3465/3337/3410 3464/2786/3409 3421/2785/3366 3423/1240/3368
f 5685/4344/5628 5667/273/5610 5686/3649/5629
f 5667/273/5610 5664/1792/5607 5686/3649/5629
f 5664/1792/5607 5687/1791/5630 5686/3649/5629
f 5748/762/5691 5746/2529/5689 5747/2531/5690 5688/759/5631
f 6007/1910/5950 6006/1531/5949 5941/2400/5884 6008/1907/5951
f 5689/1804/5632 5687/1791/5630 5660/1794/5603
f 1088/1714/1042 1079/1827/1033 355/1962/309 357/3209/311
f 6467/1905/6410 6466/1804/6409 6434/1794/6377 6415/1779/6358
f 1047/4133/1001 1046/4360/1000 1049/4357/1003 1051/1943/1005
f 5647/533/5590 5693/1779/5636 5660/1794/5603
f 4407/3700/4351 4403/4151/4347 4402/4068/4346 4406/3701/4350
f 855/1669/809 839/1670/793 842/1648/796 857/1672/811
f 2171/177/2123 2218/178/2170 160/179/114 161/176/115
f 1449/2456/1401 1444/2491/1396 1447/197/1399 1481/611/1433
f 6875/3132/6818 6802/3133/6745 6803/722/6746 6804/721/6747
f 5696/402/5639 5694/943/5637 5700/403/5643
f 1674/2659/1626 1673/2654/1625 1682/2646/1634 1681/2645/1633
f 5699/3109/5642 5701/1780/5644 5695/536/5638
f 6794/1479/6737 6792/1480/6735 6796/276/6739 6798/279/6741
f 5694/943/5637 5703/2443/5646 5700/403/5643
f 1554/2610/1506 1561/1703/1513 1564/40/1516 1553/39/1505
f 5536/405/5479 5514/279/5457 5517/278/5460 5565/374/5508
f 440/105/394 1710/104/1662 1713/590/1665 443/591/397
f 4615/4108/4559 4600/2960/4544 4611/4093/4555 4618/4107/4562
f 5638/736/5581 5636/733/5579 5637/734/5580 5641/735/5584
f 4196/20/4140 4200/19/4144 4203/3707/4147 4202/3706/4146
f 5706/3006/5649 5705/529/5648 5707/80/5650
f 5706/3006/5649 5707/80/5650 5708/3089/5651
f 5647/533/5590 5642/2750/5585 5640/2749/5583 5643/534/5586
f 241/83/195 2493/82/2445 240/70/194 2638/73/2590
f 5460/79/5403 5404/78/5347 5461/3581/5404 5463/3582/5406
f 5707/80/5650 5712/695/5655 5708/3089/5651
f 5712/695/5655 5710/1599/5653 5708/3089/5651
f 4493/907/4437 4501/910/4445 4503/424/4447 4504/4117/4448
f 4581/4077/4525 4578/2331/4522 4575/2777/4519 4584/3125/4528
f 5713/1968/5656 5714/1971/5657 5711/3582/5654
f 5711/3582/5654 5714/1971/5657 5709/79/5652
f 2810/3111/2762 2811/2248/2763 2814/1642/2766 2832/2973/2784
f 5714/1971/5657 5715/3178/5658 5709/79/5652
f 5709/79/5652 5715/3178/5658 5707/80/5650
f 5707/80/5650 5715/3178/5658 5712/695/5655
f 5994/2759/5937 5995/2762/5938 5996/3542/5939 5998/1358/5941
f 3471/3084/3416 3467/732/3412 3465/731/3410 3468/3726/3413
f 5657/697/5600 5659/4350/5602 5716/698/5659
f 6869/1532/6812 6873/1572/6816 6876/3120/6819 6889/1533/6832
f 5718/3554/5661 5716/698/5659 5659/4350/5602
f 5659/4350/5602 5662/3555/5605 5718/3554/5661
f 6047/3759/5990 6046/2770/5989 6050/2045/5993 6124/2044/6067
f 6464/1791/6407 6436/1792/6379 6433/1793/6376 6434/1794/6377
f 5718/3554/5661 5719/1801/5662 5716/698/5659
f 5477/3663/5420 5475/3553/5418 5476/3556/5419 5421/3664/5364
f 5719/1801/5662 5718/3554/5661 5721/4025/5664
f 5669/272/5612 5665/2045/5608 5661/2770/5604 5667/273/5610
f 5722/3663/5665 5723/4026/5666 5720/3553/5663
f 6515/3663/6458 6439/3664/6382 6442/3096/6385 6517/3095/6460
f 5723/4026/5666 5722/3663/5665 5725/2560/5668
f 5724/3095/5667 5725/2560/5668 5722/3663/5665
f 5619/3137/5562 5617/3136/5560 5542/3260/5485 5543/3245/5486
f 5726/3094/5669 5725/2560/5668 5724/3095/5667
f 5880/1359/5823 5821/3208/5764 5818/3141/5761 5881/1461/5824
f 5726/3094/5669 5728/3472/5671 5725/2560/5668
f 5553/2762/5496 5628/3542/5571 5629/1358/5572 5631/2759/5574
f 5730/3205/5673 5725/2560/5668 5728/3472/5671
f 6886/231/6829 6814/232/6757 6882/233/6825 6888/230/6831
f 5730/3205/5673 5731/2561/5674 5725/2560/5668
f 6450/660/6393 6447/661/6390 6448/662/6391 6449/659/6392
f 6624/2560/6567 6629/2561/6572 6631/2562/6574 6637/2472/6580
f 6631/2562/6574 6632/3249/6575 6633/3454/6576 6635/3453/6578
f 6548/774/6491 6547/3237/6490 6546/3236/6489 6549/775/6492
f 6563/3281/6506 6562/3282/6505 6565/3114/6508 6566/3113/6509
f 5739/2472/5682 5733/2562/5676 5737/3453/5680
f 5725/2560/5668 5739/2472/5682 5736/2475/5679
f 5740/2934/5683 5739/2472/5682 5737/3453/5680
f 5738/3772/5681 5682/3771/5625 5683/2478/5626 5742/2477/5685
f 5739/2472/5682 5740/2934/5683 5741/2473/5684
f 6460/2476/6403 6525/2477/6468 6459/2478/6402 6461/2479/6404
f 3527/2563/3472 3524/181/3469 3522/3210/3467 3479/2564/3424
f 5745/4345/5688 5721/4025/5664 5736/2475/5679
f 5936/2309/5879 5921/2985/5864 5937/4356/5880 5938/2306/5881
f 5746/2529/5689 5721/4025/5664 5745/4345/5688
f 5747/3650/5690 5743/2476/5686 5684/2479/5627 5686/3649/5629
f 5721/4025/5664 5746/2529/5689 5719/1801/5662
f 5719/1801/5662 5746/2529/5689 5748/762/5691
f 6125/2529/6068 6096/2531/6039 6092/759/6035 6095/762/6038
f 5941/1518/5884 5940/1100/5883 5942/1519/5885 6008/1520/5951
f 5749/761/5692 5717/1598/5660 5748/762/5691
f 3787/3299/3732 3784/2690/3729 3769/2689/3714 3775/3298/3720
f 6714/405/6657 6713/1519/6656 6682/1103/6625 6717/279/6660
f 5945/373/5888 5944/404/5887 5943/405/5886 5947/374/5890
f 5710/1599/5653 5717/1598/5660 5752/111/5695
f 4416/4061/4360 4414/3204/4358 4405/3203/4349 4413/4349/4357
f 498/997/452 494/1832/448 1009/1167/963 1012/1834/966
f 5251/2780/5195 4952/2778/4896 4950/4300/4894 363/2779/317
f 2059/389/2011 2055/1295/2007 2060/3157/2012 2106/2537/2058
f 6870/3130/6813 6790/3131/6733 6793/1570/6736 6871/1569/6814
f 5756/626/5699 5759/772/5702 5753/627/5696
f 6287/1519/6230 6285/1520/6228 6398/1518/6341 6290/1100/6233
f 5757/3015/5700 5754/2425/5697 5760/110/5703
f 5946/279/5889 5955/1479/5898 5956/1480/5899 6018/276/5961
f 5753/627/5696 5759/772/5702 5762/439/5705
f 6875/3132/6818 6800/3651/6743 6799/3652/6742 6802/3133/6745
f 6479/769/6422 6477/627/6420 6478/439/6421 6481/111/6424
f 6415/1779/6358 6410/1780/6353 6408/1781/6351 6413/1782/6356
f 5458/736/5401 5456/733/5399 5402/734/5345 5403/735/5346
f 381/4288/335 5273/4290/5217 5275/4294/5219 383/4293/337
f 5572/2459/5515 5568/2458/5511 5573/1154/5516 5575/1153/5518
f 5763/375/5706 5768/374/5711 5766/548/5709
f 5768/374/5711 5769/278/5712 5766/548/5709
f 5579/1152/5522 5575/1153/5518 5573/1154/5516 5512/1151/5455
f 2283/117/2235 2281/116/2233 2284/583/2236 2287/584/2239
f 1661/1327/1613 1656/2451/1608 1613/482/1565 1684/1328/1636
f 4409/3611/4353 4406/3701/4350 4417/4172/4361 4410/4361/4354
f 224/531/178 223/532/177 2376/365/2328 2458/368/2410
f 2963/398/2915 2961/217/2913 1015/216/969 510/399/464
f 6918/4362/6861 1312/4363/1264 6920/4364/6863 7305/4365/7087
f 5384/1905/5327 5387/1804/5330 5392/1794/5335 5386/1779/5329
f 5774/1519/5717 5778/1100/5721 5779/1103/5722
f 4435/3724/4379 4432/4153/4376 4436/3182/4380 4440/3995/4384
f 4483/3117/4427 4474/1416/4418 4481/2701/4425 4484/2700/4428
f 5780/2929/5723 5776/1479/5719 5782/1015/5725
f 6101/2425/6044 6100/2426/6043 6102/2427/6045 6103/1599/6046
f 4070/1290/4015 4069/1876/4014 4071/289/4016 4072/288/4017
f 5783/1016/5726 5773/279/5716 5779/1103/5722
f 6104/3089/6047 6103/1599/6046 6102/2427/6045 6105/3090/6048
f 6105/2749/6048 6026/2750/5969 6029/1120/5972 6106/1119/6049
f 1785/1603/1737 1781/2901/1733 1786/677/1738 1789/1604/1741
f 5786/2657/5729 5784/3652/5727 5783/1016/5726
f 4816/3966/4760 4807/3033/4751 4813/3034/4757 4817/3749/4761
f 1641/207/1593 471/206/425 470/386/424 1642/385/1594
f 5787/3133/5730 5784/3652/5727 5789/723/5732
f 5787/3133/5730 5789/723/5732 5788/722/5731
f 5789/723/5732 5784/3652/5727 5786/2657/5729
f 2133/2763/2085 2131/2590/2083 2128/2589/2080 2132/2103/2084
f 5601/563/5544 5599/566/5542 5602/444/5545 5611/443/5554
f 5789/723/5732 5786/2657/5729 5793/2656/5736
f 5791/905/5734 5789/723/5732 5793/2656/5736
f 4432/4153/4376 4425/4041/4369 4426/3183/4370 4436/3182/4380
f 4690/87/4634 4688/2813/4632 4691/2816/4635 4693/88/4637
f 6838/264/6781 6837/267/6780 6839/3320/6782 6840/3319/6783
f 5600/1533/5543 5596/3120/5539 5604/3119/5547 5532/3974/5475
f 5798/4341/5741 5797/1102/5740 5799/4355/5742
f 6669/906/6612 6663/724/6606 6665/723/6608 6668/905/6611
f 5800/2636/5743 5791/905/5734 5793/2656/5736
f 5794/2676/5737 5791/905/5734 5800/2636/5743
f 5795/2635/5738 5794/2676/5737 5800/2636/5743
f 5801/3225/5744 5799/4355/5742 5797/1102/5740
f 5799/4355/5742 5801/3225/5744 5802/3600/5745
f 2086/1110/2038 2084/1111/2036 2082/1108/2034 2048/1109/2000
f 5801/3225/5744 5797/1102/5740 5803/1101/5746
f 5612/2704/5555 5608/2703/5551 5609/3770/5552 5613/3708/5556
f 5803/1101/5746 5778/1100/5721 5806/2306/5749
f 3021/217/2973 3019/1107/2971 1011/1507/965 3022/218/2974
f 5803/1101/5746 5808/3026/5751 5801/3225/5744
f 5808/3026/5751 5803/1101/5746 5806/2306/5749
f 6269/762/6212 6267/2529/6210 6268/2531/6211 6158/759/6101
f 6896/3568/6839 6893/2704/6836 6894/3708/6837 6897/3569/6840
f 5810/581/5753 5804/2066/5747 5809/3025/5752
f 3774/3607/3719 3771/3606/3716 3782/3580/3727 3783/3579/3728
f 5808/3026/5751 5806/2306/5749 5812/4356/5755
f 5813/582/5756 5810/581/5753 5809/3025/5752
f 5726/3094/5669 5724/3095/5667 5671/3096/5614 5674/3097/5617
f 885/1659/839 880/1540/834 867/1229/821 868/1681/822
f 5808/3026/5751 5812/4356/5755 5814/2985/5757
f 5883/4359/5826 5877/1360/5820 5882/1462/5825 5884/2524/5827
f 5809/3025/5752 5816/2694/5759 5813/582/5756
f 6768/1461/6711 6707/3141/6650 6708/2522/6651 6769/1462/6712
f 3348/3620/3293 3347/2162/3292 3389/2134/3334 3401/1617/3346
f 5816/2694/5759 5814/2985/5757 5819/2695/5762
f 5406/776/5349 5468/773/5411 5467/774/5410 5412/775/5355
f 5820/3320/5763 5819/2695/5762 5817/2488/5760
f 5735/270/5678 5734/271/5677 5680/268/5623 5681/269/5624
f 5820/3320/5763 5823/267/5766 5819/2695/5762
f 2877/539/2829 2866/540/2818 2826/537/2778 2880/538/2832
f 6332/2695/6275 6335/267/6278 6337/266/6280 6331/2694/6274
f 4473/3918/4417 4478/4366/4422 4477/4149/4421 4476/3919/4420
f 140/616/94 2011/982/1963 2013/985/1965 2017/617/1969
f 5813/582/5756 5816/2694/5759 5827/4346/5770
f 2530/2102/2482 2560/209/2512 2551/208/2503 2540/2758/2492
f 5829/2788/5772 5813/582/5756 5827/4346/5770
f 3236/1883/3184 3231/3490/3179 3234/542/3182 3239/3420/3187
f 5827/4346/5770 5828/2693/5771 5831/2948/5774
f 5827/4346/5770 5832/2947/5775 5829/2788/5772
f 5831/2948/5774 5832/2947/5775 5827/4346/5770
f 1670/147/1622 1658/2625/1610 1673/2654/1625 1674/2659/1626
f 6212/113/6155 6214/3016/6157 6213/3015/6156 6215/110/6158
f 6497/529/6440 6495/3006/6438 6493/3007/6436 6421/530/6364
f 5833/3130/5776 5836/1569/5779 5835/1733/5778
f 5695/536/5638 5647/533/5590 5643/534/5586 5755/535/5698
f 99/618/53 1917/619/1869 1915/620/1867 5326/621/5270
f 1519/3121/1471 1512/3248/1464 1494/175/1446 1491/174/1443
f 3506/76/3451 3498/75/3443 3502/1291/3447 3505/1496/3450
f 1711/712/1663 1577/711/1529 1714/2105/1666 1715/2825/1667
f 1564/40/1516 1561/1703/1513 1565/1704/1517 1567/1422/1519
f 4404/3670/4348 4397/3669/4341 4398/3196/4342 4403/4151/4347
f 5843/2651/5786 5845/1809/5788 5847/564/5790
f 6806/724/6749 6804/721/6747 6803/722/6746 6805/723/6748
f 5843/2651/5786 5847/564/5790 5840/1851/5783
f 5849/3120/5792 5838/1572/5781 5840/1851/5783
f 5847/564/5790 5849/3120/5792 5840/1851/5783
f 4784/3648/4728 4778/2769/4722 4776/2768/4720 4779/3752/4723
f 4673/3979/4617 4672/4075/4616 4671/4074/4615 4677/4116/4621
f 5850/563/5793 5851/233/5794 5847/564/5790
f 5847/564/5790 5851/233/5794 5849/3120/5792
f 5853/230/5796 5851/233/5794 5850/563/5793
f 5852/443/5795 5853/230/5796 5850/563/5793
f 6035/3234/5978 6037/3235/5980 6039/3236/5982 6040/3237/5983
f 5854/442/5797 5853/230/5796 5852/443/5795
f 6117/774/6060 6040/3237/5983 6039/3236/5982 6038/775/5981
f 5530/2655/5473 5529/2633/5472 5527/2636/5470 5525/2656/5468
f 6831/2949/6774 6828/2950/6771 6830/2947/6773 6832/2948/6775
f 5811/579/5754 5865/580/5808 5810/581/5753 5813/582/5756
f 5798/3974/5741 5799/4358/5742 5858/1533/5801
f 6807/2657/6750 6797/1016/6740 6818/1103/6761 6815/1102/6758
f 5838/1572/5781 5859/1532/5802 5839/1152/5782
f 5860/2703/5803 5858/1533/5801 5799/4358/5742
f 5799/4358/5742 5802/3770/5745 5860/2703/5803
f 5391/1791/5334 5415/1792/5358 5410/1793/5353 5392/1794/5335
f 5860/2703/5803 5861/1534/5804 5858/1533/5801
f 5533/1103/5476 5514/279/5457 5536/405/5479 5564/1519/5507
f 6864/1909/6807 6862/513/6805 6863/1153/6806 6865/1152/6808
f 5718/3554/5661 5662/3555/5605 5663/3556/5606 5720/3553/5663
f 6124/2044/6067 6050/2045/5993 6051/2046/5994 6052/2043/5995
f 2241/2772/2193 2239/2981/2191 2240/2764/2192 2242/2771/2194
f 5864/3568/5807 5866/2705/5809 5863/2704/5806
f 6881/563/6824 6880/566/6823 6809/444/6752 6883/443/6826
f 5920/579/5863 5919/582/5862 5922/2788/5865 5923/2787/5866
f 5861/1534/5804 5860/2703/5803 5869/2706/5812
f 4284/2943/4228 4356/3162/4300 4361/3934/4305 4281/2944/4225
f 5867/3136/5810 5871/1357/5814 5864/3568/5807
f 5870/3137/5813 5871/1357/5814 5867/3136/5810
f 5866/2705/5809 5864/3568/5807 5871/1357/5814
f 5871/1357/5814 5870/3137/5813 5872/3247/5815
f 6337/266/6280 6336/265/6279 6384/3429/6327 6339/2693/6282
f 5871/1357/5814 5872/3247/5815 5874/3889/5817
f 6691/579/6634 6690/582/6633 6693/2788/6636 6694/2787/6637
f 5875/2760/5818 5871/1357/5814 5874/3889/5817
f 3124/1891/3076 3119/3431/3071 3122/3433/3074 3126/3427/3078
f 3709/3747/3654 3708/289/3653 3706/1876/3651 3725/2756/3670
f 5460/79/5403 5457/80/5400 5458/81/5401 5404/78/5347
f 5973/233/5916 5972/230/5915 5905/231/5848 5974/232/5917
f 5879/1460/5822 5876/2759/5819 5878/1358/5821
f 5871/1357/5814 5879/1460/5822 5877/1360/5820
f 6141/270/6084 6068/269/6011 6069/3771/6012 6140/3772/6083
f 5880/1359/5823 5879/1460/5822 5878/1358/5821
f 6070/2477/6013 6140/3772/6083 6069/3771/6012 6071/2478/6014
f 5879/1460/5822 5880/1359/5823 5881/1461/5824
f 1629/488/1581 1628/3193/1580 1630/3244/1582 1631/1625/1583
f 3702/1388/3647 3701/782/3646 3739/781/3684 3752/1389/3697
f 5877/1360/5820 5883/4359/5826 5869/2706/5812
f 6843/2309/6786 6834/2985/6777 6844/4356/6787 6845/2306/6788
f 5884/2524/5827 5869/2706/5812 5883/4359/5826
f 5558/2522/5501 5562/2523/5505 5591/2524/5534 5621/1462/5564
f 5869/2706/5812 5884/2524/5827 5861/1534/5804
f 5861/1534/5804 5884/2524/5827 5886/1531/5829
f 5747/3650/5690 5686/3649/5629 5687/1791/5630 5688/1806/5631
f 5887/1910/5830 5859/1532/5802 5886/1531/5829
f 7333/4367/7115 7335/4368/7117 1373/1457/1325
f 5505/627/5448 5474/769/5417 5503/770/5446 5504/628/5447
f 1072/1691/1026 1064/1690/1018 350/3156/304 352/4351/306
f 1841/2911/1793 1842/1860/1794 1840/1859/1792 1839/2699/1791
f 6083/626/6026 6080/629/6023 6082/771/6025 6085/772/6028
f 5889/513/5832 5891/2459/5834 5841/1153/5784
f 5890/512/5833 5891/2459/5834 5889/513/5832
f 5892/2652/5835 5893/1810/5836 5959/1809/5902 5961/2651/5904
f 5959/1809/5902 5893/1810/5836 5960/565/5903 5963/564/5906
f 5962/1852/5905 5892/2652/5835 5961/2651/5904 5964/1851/5907
f 5895/3133/5838 5896/723/5839 5894/722/5837
f 5895/3133/5838 5897/3652/5840 5896/723/5839
f 5965/1571/5908 5962/1852/5905 5964/1851/5907 5968/1572/5911
f 2728/557/2680 2916/558/2868 2919/446/2871 294/449/248
f 4505/3717/4449 4498/3184/4442 4497/692/4441 4508/691/4452
f 5896/723/5839 5897/3652/5840 5902/2657/5845
f 5902/2657/5845 5897/3652/5840 5900/1016/5843
f 4828/314/4772 4825/3305/4769 4835/3308/4779 4838/4036/4782
f 2621/651/2573 2618/650/2570 2611/1326/2563 2614/1329/2566
f 5903/2635/5846 5901/2676/5844 5906/2636/5849
f 5901/2676/5844 5898/905/5841 5906/2636/5849
f 6211/662/6154 6208/659/6151 6256/660/6199 6209/661/6152
f 5906/2636/5849 5898/905/5841 5907/2656/5850
f 5898/905/5841 5896/723/5839 5907/2656/5850
f 5896/723/5839 5902/2657/5845 5907/2656/5850
f 5486/2561/5429 5485/3205/5428 5484/3206/5427 5487/3207/5430
f 3646/3713/3591 3618/3578/3563 3643/3577/3588 3645/3710/3590
f 5908/4341/5851 5909/1102/5852 5910/4355/5853
f 6607/695/6550 6613/698/6556 6615/1598/6558 6605/1599/6548
f 5912/3225/5855 5910/4355/5853 5909/1102/5852
f 5910/4355/5853 5912/3225/5855 5913/3600/5856
f 5609/3600/5552 5534/3225/5477 5537/2066/5480 5613/2065/5556
f 878/1699/832 879/1700/833 881/1701/835 856/1266/810
f 5912/3225/5855 5909/1102/5852 5914/1101/5857
f 5805/2065/5748 5804/2066/5747 5810/581/5753 5865/580/5808
f 5914/1101/5857 5916/3026/5859 5912/3225/5855
f 5472/3554/5415 5475/3553/5418 5478/4026/5421 5480/4025/5423
f 5917/581/5860 5915/2066/5858 5918/3025/5861
f 4009/3299/3954 4013/3457/3958 4017/3456/3962 4018/2690/3963
f 5919/582/5862 5917/581/5860 5918/3025/5861
f 6848/1518/6791 6847/1100/6790 6849/1519/6792 6850/1520/6793
f 2786/412/2738 2785/415/2737 2789/2455/2741 2792/1127/2744
f 6903/3137/6846 6901/3245/6844 6828/3246/6771 6912/3247/6855
f 6138/2560/6081 6128/4026/6071 6131/3095/6074 6133/3094/6076
f 5925/2694/5868 5926/2947/5869 5922/2788/5865
f 5630/3247/5573 5620/3246/5563 5548/3888/5491 5633/3889/5576
f 5927/2948/5870 5926/2947/5869 5925/2694/5868
f 2136/2758/2088 2133/2763/2085 2132/2103/2084 2137/2102/2089
f 5928/2693/5871 5927/2948/5870 5925/2694/5868
f 6702/266/6645 6700/2693/6643 6696/2694/6639 6701/2695/6644
f 5925/2694/5868 5921/2985/5864 5929/2695/5872
f 6326/2950/6269 6323/2787/6266 6325/2788/6268 6340/2947/6283
f 6060/661/6003 6061/662/6004 6062/659/6005 6063/660/6006
f 5929/2695/5872 5931/267/5874 5930/266/5873
f 6638/2934/6581 6635/3453/6578 6633/3454/6576 6636/3927/6579
f 5932/3320/5875 5931/267/5874 5929/2695/5872
f 6141/270/6084 6066/271/6009 6065/268/6008 6068/269/6011
f 5932/3320/5875 5929/2695/5872 5933/2488/5876
f 2726/1828/2678 2721/1829/2673 2724/1830/2676 2727/2892/2679
f 1763/2801/1715 1762/2873/1714 469/2876/423 1764/2802/1716
f 2076/2842/2028 2073/2841/2025 2072/2501/2024 2078/2837/2030
f 5916/3026/5859 5937/4356/5880 5921/2985/5864
f 3020/1106/2972 3019/1107/2971 3021/217/2973 495/398/449
f 5916/3026/5859 5938/2306/5881 5937/4356/5880
f 5916/3026/5859 5914/1101/5857 5938/2306/5881
f 5914/1101/5857 5940/1100/5883 5938/2306/5881
f 6006/1531/5949 6005/2524/5948 5939/2523/5882 5941/2400/5884
f 6488/3015/6431 6406/3016/6349 6409/2426/6352 6489/2425/6432
f 5942/1519/5885 5940/1100/5883 5911/1103/5854
f 4831/3228/4775 4827/4031/4771 4830/4030/4774 4836/317/4780
f 6869/1532/6812 6866/1910/6809 6864/1909/6807 6865/1152/6808
f 1097/4369/1051 360/4370/314 1046/4360/1000 1047/4133/1001
f 5900/1016/5843 5946/279/5889 5911/1103/5854
f 3371/3629/3316 3354/1709/3299 3352/635/3297 3375/2068/3320
f 1012/1834/966 1009/1167/963 1010/1472/964 1013/1836/967
f 5331/749/5275 100/750/54 1914/631/1866 5332/630/5276
f 4322/103/4266 4327/2032/4271 4328/2576/4272 4324/100/4268
f 6793/1014/6736 6790/2930/6733 6791/2929/6734 6795/1015/6738
f 5949/375/5892 5947/374/5890 5954/548/5897
f 1831/1921/1783 1829/1920/1781 1827/2925/1779 1833/2249/1785
f 5952/2929/5895 5955/1479/5898 5948/1015/5891
f 532/527/486 525/1076/479 528/1067/482 533/1077/487
f 5947/374/5890 5957/278/5900 5954/548/5897
f 3942/3665/3887 3939/157/3884 3943/3593/3888 3945/3595/3890
f 6649/769/6592 6651/627/6594 6660/439/6603 6650/111/6593
f 1537/70/1489 423/71/377 1741/72/1693 427/73/381
f 4820/3099/4764 4800/3098/4744 4807/3033/4751 4816/3966/4760
f 2295/2698/2247 2289/717/2241 2293/720/2245 2316/758/2268
f 5698/400/5641 5700/403/5643 5703/2443/5646 5704/2442/5647
f 5961/2651/5904 5959/1809/5902 5963/564/5906
f 5961/2651/5904 5963/564/5906 5964/1851/5907
f 4380/1807/4324 4375/2926/4319 4374/3037/4318 4377/1046/4321
f 75/446/29 73/449/27 1778/557/1730 1972/558/1924
f 5646/3234/5589 5645/1877/5588 5644/1878/5587 5648/3235/5591
f 5963/564/5906 5970/3120/5913 5964/1851/5907
f 5970/3120/5913 5968/1572/5911 5964/1851/5907
f 5602/444/5545 5607/445/5550 5610/442/5553 5611/443/5554
f 5412/775/5355 5467/774/5410 5466/3237/5409 5408/3236/5351
f 5971/442/5914 5972/230/5915 5969/443/5912
f 5969/443/5912 5972/230/5915 5966/563/5909
f 5974/2655/5917 5905/2633/5848 5906/2636/5849 5907/2656/5850
f 5972/230/5915 5973/233/5916 5966/563/5909
f 5966/563/5909 5973/233/5916 5963/564/5906
f 5963/564/5906 5973/233/5916 5970/3120/5913
f 6626/3472/6569 6567/3471/6510 6627/3206/6570 6628/3205/6571
f 6754/3136/6697 6752/3568/6695 6686/3569/6629 6691/3260/6634
f 5976/1533/5919 5908/3974/5851 5910/4358/5853
f 6553/1794/6496 6552/1793/6495 6545/3259/6488 6543/533/6486
f 5978/2703/5921 5976/1533/5919 5910/4358/5853
f 5978/2703/5921 5910/4358/5853 5913/3770/5856
f 6513/2044/6456 6509/3759/6452 6435/2770/6378 6437/2045/6380
f 5687/1791/5630 5664/1792/5607 5658/1793/5601 5660/1794/5603
f 5978/2703/5921 5980/1534/5923 5976/1533/5919
f 4261/3950/4205 6948/4343/6891 4260/3929/4204 4262/2466/4206
f 5980/1534/5923 5978/2703/5921 5983/2706/5926
f 5501/762/5444 5499/2529/5442 5500/2531/5443 5388/759/5331
f 5984/3568/5927 5985/2705/5928 5981/2704/5924
f 3804/3541/3749 3800/3540/3745 3796/3557/3741 3807/2963/3752
f 5985/2705/5928 5984/3568/5927 5987/1357/5930
f 5986/3136/5929 5987/1357/5930 5984/3568/5927
f 6133/3094/6076 6131/3095/6074 6130/3096/6073 6055/3097/5998
f 5988/3137/5931 5987/1357/5930 5986/3136/5929
f 4301/3945/4245 4333/3936/4277 4338/3941/4282 4297/2260/4241
f 5988/3137/5931 5989/3247/5932 5987/1357/5930
f 6431/3179/6374 6432/696/6375 6496/695/6439 6503/3178/6446
f 5991/3889/5934 5987/1357/5930 5989/3247/5932
f 5973/233/5916 5974/232/5917 5975/3119/5918 5970/3120/5913
f 5991/3889/5934 5992/2760/5935 5987/1357/5930
f 2449/2248/2401 2444/1642/2396 2445/2973/2397 2448/3111/2400
f 3517/1593/3462 3514/1590/3459 3516/1591/3461 3493/1592/3438
f 3129/1892/3081 3127/3428/3079 3130/3468/3082 3136/3470/3088
f 5854/442/5797 5855/445/5798 5796/231/5739 5853/230/5796
f 6636/3772/6579 6633/270/6576 6574/269/6517 6575/3771/6518
f 6000/1460/5943 5994/2759/5937 5998/1358/5941
f 5987/1357/5930 6000/1460/5943 5997/1360/5940
f 6001/1359/5944 6000/1460/5943 5998/1358/5941
f 5999/3319/5942 5932/3320/5875 5933/2488/5876 5934/2487/5877
f 6000/1460/5943 6001/1359/5944 6002/1461/5945
f 6126/2476/6069 6070/2477/6013 6071/2478/6014 6072/2479/6015
f 4065/1388/4010 4064/782/4009 4102/781/4046 4115/1389/4059
f 5997/1360/5940 6004/4359/5947 5983/2706/5926
f 6709/2309/6652 6692/2985/6635 6710/4356/6653 6711/2306/6654
f 6005/2524/5948 5983/2706/5926 6004/4359/5947
f 1499/3882/1451 1521/3347/1473 1522/2540/1474 1523/2539/1475
f 5983/2706/5926 6005/2524/5948 5980/1534/5923
f 5980/1534/5923 6005/2524/5948 6006/1531/5949
f 6096/3650/6039 6074/3649/6017 6075/1791/6018 6092/1806/6035
f 1640/2718/1592 1639/2715/1591 472/2716/426 1641/2720/1593
f 6007/1910/5950 5977/1532/5920 6006/1531/5949
f 5571/514/5514 5574/513/5517 5576/1909/5519 5577/1908/5520
f 6583/1905/6526 6582/1804/6525 6553/1794/6496 6586/1779/6529
f 6284/405/6227 6281/374/6224 6279/373/6222 6401/404/6344
f 5968/1572/5911 5977/1532/5920 6010/1152/5953
f 3707/1290/3652 3711/288/3656 3713/441/3658 3714/1291/3659
f 6797/1016/6740 6872/1013/6815 6793/1014/6736 6795/1015/6738
f 5506/626/5449 5505/627/5448 5504/628/5447 5380/629/5323
f 6109/529/6052 6031/530/5974 6110/81/6053 6111/80/6054
f 6342/3130/6285 6293/3131/6236 6294/1570/6237 6344/1569/6287
f 6014/512/5957 6016/2459/5959 6011/513/5954
f 6647/761/6590 6646/762/6589 6581/759/6524 6648/760/6591
f 6015/3130/5958 6012/1569/5955 6017/1733/5960
f 495/398/449 3021/217/2973 3023/216/2975 490/399/444
f 6011/513/5954 6016/2459/5959 6019/1153/5962
f 6085/772/6028 6082/771/6025 6028/438/5971 6087/439/6030
f 6088/769/6031 6086/627/6029 6087/439/6030 6090/111/6033
f 1032/216/986 3006/217/2958 557/218/511 1033/219/987
f 6111/80/6054 6110/81/6053 6112/78/6055 6113/79/6056
f 5394/535/5337 5443/3110/5386 5393/3109/5336 5395/536/5338
f 6020/3109/5963 6021/1780/5964 6022/536/5965
f 558/1139/512 560/1145/514 564/1150/518 566/1164/520
f 899/1720/853 905/1727/859 909/1731/863 910/1159/864
f 3587/2329/3532 3571/3626/3516 3565/903/3510 3589/902/3534
f 3439/2074/3384 3440/2073/3385 3441/3238/3386 3443/3239/3388
f 740/471/694 738/1087/692 741/1133/695 743/470/697
f 4164/3853/4108 4166/835/4110 4167/834/4111 4168/3790/4112
f 6223/2442/6166 6224/400/6167 6149/403/6092 6151/2443/6094
f 4566/2776/4510 4556/260/4500 4563/263/4507 4567/4067/4511
f 6029/1120/5972 6032/735/5975 6030/734/5973
f 2106/2537/2058 2060/3157/2012 2102/755/2054 2105/200/2057
f 6029/1120/5972 6026/2750/5969 6032/735/5975
f 6033/3259/5976 6026/2750/5969 6024/533/5967
f 6032/735/5975 6026/2750/5969 6033/3259/5976
f 5419/272/5362 5418/273/5361 5426/274/5369 5428/275/5371
f 5850/563/5793 5790/566/5733 5792/444/5735 5852/443/5795
f 6032/735/5975 6033/3259/5976 6036/776/5979
f 6034/1878/5977 6032/735/5975 6036/776/5979
f 6038/775/5981 6034/1878/5977 6036/776/5979
f 6037/3235/5980 6034/1878/5977 6038/775/5981
f 6776/1520/6719 6713/1519/6656 6714/405/6657 6715/404/6658
f 6039/3236/5982 6037/3235/5980 6038/775/5981
f 5465/1968/5408 5466/1969/5409 5467/1970/5410 5464/1971/5407
f 5464/1971/5407 5467/1970/5410 5468/3179/5411 5462/3178/5405
f 6209/661/6152 6252/3112/6195 6210/3115/6153 6211/662/6154
f 5657/3732/5600 5656/3479/5599 5649/3259/5592 5658/1793/5601
f 6044/3732/5987 6043/1793/5986 6119/4342/6062
f 5471/1598/5414 5448/1599/5391 5459/695/5402 5469/698/5412
f 6024/533/5967 6025/1779/5968 6045/1794/5988
f 6046/2770/5989 6119/4342/6062 6043/1793/5986
f 6119/4342/6062 6046/2770/5989 6047/3759/5990
f 773/1536/727 771/1262/725 770/1528/724 772/1530/726
f 6046/2770/5989 6043/1793/5986 6048/1792/5991
f 5862/1909/5805 5839/1152/5782 5859/1532/5802 5887/1910/5830
f 2141/2653/2093 2138/2104/2090 2134/1347/2086 2129/1346/2081
f 5864/3568/5807 5863/2704/5806 5805/3708/5748 5865/3569/5808
f 4517/694/4461 4496/693/4440 4504/4124/4448 4518/4039/4462
f 5540/3025/5483 5537/2066/5480 5534/3225/5477 5544/3026/5487
f 6051/2046/5994 6050/2045/5993 6053/272/5996
f 5724/3095/5667 5722/3663/5665 5666/3664/5609 5671/3096/5614
f 6054/3282/5997 6051/2046/5994 6053/272/5996
f 5870/3137/5813 5867/3136/5810 5811/3260/5754 5868/3245/5811
f 6048/1792/5991 6056/273/5999 6046/2770/5989
f 1579/2452/1531 1571/388/1523 1580/387/1532 1583/462/1535
f 5545/2788/5488 5541/582/5484 5540/3025/5483 5546/2694/5489
f 6058/275/6001 6059/3115/6002 6057/3114/6000
f 4646/3832/4590 4626/4371/4570 4625/2222/4569 4627/2221/4571
f 6061/662/6004 6059/3115/6002 6058/275/6001
f 5628/3542/5571 5627/3208/5570 5626/1359/5569 5629/1358/5572
f 6062/659/6005 6061/662/6004 6058/275/6001
f 5544/3026/5487 5551/2985/5494 5546/2694/5489 5540/3025/5483
f 6107/695/6050 6114/3178/6057 6041/3179/5984 6042/696/5985
f 4599/4267/4543 4595/3768/4539 4598/2957/4542 4601/4168/4545
f 6058/275/6001 6064/274/6007 6067/2663/6010
f 6567/3112/6510 6566/3113/6509 6565/3114/6508 6569/3115/6512
f 6067/2663/6010 6068/269/6011 6065/268/6008
f 6255/2561/6198 6254/3205/6197 6209/3206/6152 6256/3207/6199
f 6069/3771/6012 6068/269/6011 6067/2663/6010
f 5880/1359/5823 5878/1358/5821 5822/3542/5765 5821/3208/5764
f 6069/3771/6012 6067/2663/6010 6071/2478/6014
f 5881/1461/5824 5818/3141/5761 5807/2522/5750 5882/1462/5825
f 3828/3045/3773 3878/3044/3823 3876/637/3821 3829/2150/3774
f 6461/2479/6404 6451/274/6394 6462/4344/6405 6463/3649/6406
f 6073/4344/6016 6064/274/6007 6056/273/5999
f 5884/2524/5827 5882/1462/5825 5807/2522/5750 5885/2523/5828
f 6073/4344/6016 6056/273/5999 6074/3649/6017
f 6056/273/5999 6048/1792/5991 6074/3649/6017
f 6048/1792/5991 6075/1791/6018 6074/3649/6017
f 6485/3650/6428 6463/3649/6406 6464/1791/6407 6465/1806/6408
f 6076/1804/6019 6075/1791/6018 6045/1794/5988
f 7307/4372/7089 1423/2394/1375 1424/2398/1376 7310/4373/7092
f 3260/2010/3205 3266/3250/3211 3268/3251/3213 3267/3252/3212
f 1074/1934/1028 354/4352/308 1075/1961/1029 1077/1960/1031
f 5179/4292/5123 399/4288/353 5298/2779/5242 5172/4298/5116
f 2337/2941/2289 2339/1716/2291 2342/118/2294 2355/335/2307
f 6078/943/6021 6027/2443/5970 6081/403/6024
f 6079/402/6022 6078/943/6021 6081/403/6024
f 6354/564/6297 6353/1809/6296 6301/1810/6244 6303/565/6246
f 5763/375/5706 5764/376/5707 5765/373/5708 5768/374/5711
f 5452/2442/5395 5453/400/5396 5381/403/5324 5383/2443/5326
f 6083/626/6026 6085/772/6028 6086/627/6029
f 6086/627/6029 6085/772/6028 6087/439/6030
f 3029/398/2981 3027/217/2979 1044/216/998 3030/399/2982
f 2758/117/2710 2755/116/2707 2761/583/2713 2764/584/2716
f 6467/1905/6410 6415/1779/6358 6417/2443/6360 6470/943/6413
f 1881/1600/1833 1879/3321/1831 1873/118/1825 1883/121/1835
f 5774/1519/5717 5888/1520/5831 5775/1518/5718 5778/1100/5721
f 6027/2443/5970 6025/1779/5968 6023/1782/5966 6028/2442/5971
f 2929/3032/2881 2928/1864/2880 2933/1679/2885 2932/1097/2884
f 5691/1905/5634 5689/1804/5632 5660/1794/5603 5693/1779/5636
f 6091/761/6034 6097/1598/6040 6095/762/6038
f 6270/761/6213 6269/762/6212 6158/759/6101 6155/760/6098
f 6781/1570/6724 6780/1569/6723 6784/3130/6727 6785/3131/6728
f 6098/3015/6041 6101/2425/6044 6093/110/6036
f 6659/112/6602 6658/113/6601 6657/110/6600 6650/111/6593
f 6780/1569/6723 6736/1572/6679 6778/1152/6721 6787/1733/6730
f 6103/1599/6046 6097/1598/6040 6090/111/6033
f 3627/3594/3572 3626/3593/3571 3629/157/3574 3630/156/3575
f 6874/1851/6817 6800/1852/6743 6875/2652/6818 6877/2651/6820
f 4459/3331/4403 4463/1414/4407 4466/1417/4410 4464/3092/4408
f 6107/695/6050 6103/1599/6046 6104/3089/6047
f 6100/535/6043 6099/3110/6042 6020/3109/5963 6022/536/5965
f 6654/626/6597 6590/629/6533 6591/771/6534 6656/772/6599
f 6108/3006/6051 6111/80/6054 6104/3089/6047
f 6108/3006/6051 6109/529/6052 6111/80/6054
f 6111/80/6054 6107/695/6050 6104/3089/6047
f 1938/667/1890 1944/505/1896 1945/504/1897 1943/668/1895
f 5461/3234/5404 5404/1877/5347 5405/1878/5348 5407/3235/5350
f 6111/80/6054 6114/3178/6057 6107/695/6050
f 6113/79/6056 6114/3178/6057 6111/80/6054
f 2179/2625/2131 2177/2654/2129 2178/2659/2130 2181/147/2133
f 6468/1906/6411 6480/1805/6423 6466/1804/6409 6467/1905/6410
f 2230/235/2182 2231/410/2183 2201/411/2153 2200/236/2152
f 6042/3479/5985 6033/3259/5976 6043/1793/5986 6044/3732/5987
f 6044/697/5987 6119/4350/6062 6118/698/6061
f 6751/2706/6694 6753/2705/6696 6755/1357/6698 6764/1360/6707
f 6120/1971/6063 6114/3178/6057 6113/79/6056
f 6115/3582/6058 6120/1971/6063 6113/79/6056
f 6116/1968/6059 6120/1971/6063 6115/3582/6058
f 6121/3554/6064 6118/698/6061 6119/4350/6062
f 6119/4350/6062 6047/3555/5990 6121/3554/6064
f 5940/1100/5883 5914/1101/5857 5909/1102/5852 5911/1103/5854
f 6121/3554/6064 6122/1801/6065 6118/698/6061
f 6372/2065/6315 6369/3600/6312 6315/3225/6258 6317/2066/6260
f 6122/1801/6065 6125/2529/6068 6095/762/6038
f 1501/2546/1453 1498/2955/1450 1500/2956/1452 1504/3353/1456
f 6122/1801/6065 6121/3554/6064 6127/4025/6070
f 6127/4025/6070 6125/2529/6068 6122/1801/6065
f 2451/469/2403 227/468/181 225/2709/179 2456/2982/2408
f 4748/4374/4692 4755/703/4699 4758/706/4702 4769/1944/4713
f 6129/3663/6072 6128/4026/6071 6123/3553/6066
f 5409/3479/5352 5400/3259/5343 5410/1793/5353 5411/3732/5354
f 6128/4026/6071 6129/3663/6072 6131/3095/6074
f 6141/3454/6084 6140/3927/6083 6139/2934/6082 6143/3453/6086
f 6125/2529/6068 6127/4025/6070 6132/4345/6075
f 6610/3178/6553 6609/1971/6552 6548/1970/6491 6551/3179/6494
f 6324/4356/6267 6316/2306/6259 6327/2309/6270 6328/2985/6271
f 6132/4345/6075 6127/4025/6070 6136/2475/6079
f 3826/2677/3771 2578/397/2530 2580/3187/2532 2581/3199/2533
f 6639/2473/6582 6640/3200/6583 6641/2530/6584 6642/2474/6585
f 6137/2473/6080 6135/2474/6078 6136/2475/6079
f 2460/2875/2412 2461/2445/2413 2462/2444/2414 2463/2874/2415
f 6335/267/6278 6334/264/6277 6336/265/6279 6337/266/6280
f 6404/512/6347 6402/513/6345 6279/514/6222 6405/515/6348
f 3776/3608/3721 3772/3604/3717 3771/3606/3716 3774/3607/3719
f 6138/2560/6081 6133/3094/6076 6142/3472/6085
f 4325/2029/4269 4258/3890/4202 6944/4375/6887 6947/2030/6890
f 5741/2473/5684 5740/2934/5683 5738/3927/5681 5742/3200/5685
f 6139/2934/6082 6144/2935/6087 6143/3453/6086
f 6138/2560/6081 6144/2935/6087 6136/2475/6079
f 6143/3453/6086 6144/2935/6087 6145/2562/6088
f 3236/1883/3184 3239/3420/3187 3240/3419/3188 3241/1884/3189
f 6145/2562/6088 6144/2935/6087 6146/2561/6089
f 933/1074/887 930/1073/884 931/1443/885 934/1752/888
f 5715/3178/5658 5655/3179/5598 5656/696/5599 5712/695/5655
f 6147/3205/6090 6138/2560/6081 6142/3472/6085
f 2377/504/2329 2347/505/2299 2343/506/2295 2329/507/2281
f 6853/514/6796 6858/515/6801 6859/512/6802 6862/513/6805
f 4606/3758/4550 4604/3757/4548 4595/3289/4539 4608/3288/4552
f 6148/402/6091 6150/943/6093 6149/403/6092
f 6150/943/6093 6151/2443/6094 6149/403/6092
f 3014/398/2966 3012/217/2964 1037/216/991 725/399/679
f 1974/586/1926 1792/585/1744 79/456/33 78/455/32
f 1868/1715/1820 1858/1718/1810 1870/506/1822 1872/2135/1824
f 6850/1907/6793 6852/1908/6795 6864/1909/6807 6866/1910/6809
f 6593/3016/6536 6655/3015/6598 6657/110/6600 6658/113/6601
f 5752/111/5695 5702/112/5645 5761/113/5704 5760/110/5703
f 5514/279/5457 5513/1016/5456 5510/1015/5453 5509/1479/5452
f 6486/1598/6429 6482/761/6425 6479/769/6422 6481/111/6424
f 6157/1804/6100 6160/1791/6103 6161/1794/6104
f 3651/3716/3596 3650/3558/3595 3665/2385/3610 3676/3561/3621
f 5749/761/5692 5748/762/5691 5688/759/5631 5690/760/5633
f 6162/3109/6105 6159/1780/6102 6164/536/6107
f 2099/73/2051 2016/70/1968 2015/71/1967 126/72/80
f 6514/4025/6457 6508/3554/6451 6512/3553/6455 6516/4026/6459
f 6165/533/6108 6156/1779/6099 6161/1794/6104
f 6874/1851/6817 6873/1572/6816 6872/1571/6815 6800/1852/6743
f 4121/884/4065 4119/846/4063 4123/849/4067 4128/3845/4072
f 6486/1598/6429 6487/1599/6430 6496/695/6439 6501/698/6444
f 6168/3259/6111 6166/2750/6109 6165/533/6108
f 5456/733/5399 5399/1119/5342 5401/1120/5344 5402/734/5345
f 6498/736/6441 6421/733/6364 6420/734/6363 6422/735/6365
f 6169/1120/6112 6166/2750/6109 6172/735/6115
f 6169/1120/6112 6172/735/6115 6171/734/6114
f 6172/735/6115 6166/2750/6109 6168/3259/6111
f 1098/1062/1052 1093/1061/1047 1095/1940/1049 1099/1980/1053
f 5469/698/5412 5459/695/5402 5409/696/5352 5411/697/5354
f 6172/735/6115 6168/3259/6111 6175/776/6118
f 6173/1878/6116 6172/735/6115 6175/776/6118
f 5992/2760/5935 5991/3889/5934 5990/3888/5933 5993/2761/5936
f 1671/2661/1623 1668/144/1620 1670/147/1622 1674/2659/1626
f 4256/889/4200 4253/3221/4197 4264/3924/4208 4265/890/4209
f 5607/445/5550 5529/231/5472 5606/230/5549 5610/442/5553
f 6180/775/6123 6173/1878/6116 6175/776/6118
f 6176/3235/6119 6173/1878/6116 6180/775/6123
f 6177/3236/6120 6176/3235/6119 6180/775/6123
f 3995/2963/3940 3988/2962/3933 3994/3564/3939 3998/3541/3943
f 6239/3732/6182 6181/1793/6124 6240/4342/6183
f 2420/1550/2372 2418/932/2370 2416/1098/2368 2422/1551/2374
f 6183/2770/6126 6240/4342/6183 6181/1793/6124
f 6181/1793/6124 6182/1792/6125 6183/2770/6126
f 6240/4342/6183 6183/2770/6126 6243/3759/6186
f 6182/1792/6125 6160/1791/6103 6184/3649/6127
f 3466/2227/3411 3463/729/3408 3467/732/3412 3469/1559/3414
f 4758/706/4702 4757/705/4701 4762/3602/4706 4760/1945/4704
f 6182/1792/6125 6187/273/6130 6183/2770/6126
f 6187/273/6130 6182/1792/6125 6184/3649/6127
f 5982/580/5925 5979/2065/5922 5915/2066/5858 5917/581/5860
f 434/545/388 1746/90/1698 433/91/387 3320/546/3265
f 5978/2703/5921 5981/2704/5924 5985/2705/5928 5983/2706/5926
f 6188/2046/6131 6185/2045/6128 6191/272/6134
f 6188/2046/6131 6191/272/6134 6192/3282/6135
f 4294/2261/4238 4342/3944/4286 4346/2665/4290 4291/2664/4235
f 6187/273/6130 6184/3649/6127 6194/4344/6137
f 6070/3200/6013 6137/2473/6080 6139/2934/6082 6140/3927/6083
f 6187/273/6130 6194/4344/6137 6196/274/6139
f 5777/1732/5720 5781/3131/5724 5833/3130/5776 5835/1733/5778
f 5686/3649/5629 5684/2479/5627 5672/274/5615 5685/4344/5628
f 6191/272/6134 6198/275/6141 6192/3282/6135
f 5558/2308/5501 5624/2487/5567 5557/2488/5500 5559/2309/5502
f 6332/2695/6275 6328/2985/6271 6327/2309/6270 6329/2488/6272
f 6198/275/6141 6196/274/6139 6201/2663/6144
f 3093/713/3045 3098/1464/3050 3101/1989/3053 3099/1988/3051
f 6199/2478/6142 6202/3771/6145 6201/2663/6144
f 3771/3606/3716 3768/3069/3713 3770/2691/3715 3782/3580/3727
f 6202/3771/6145 6205/269/6148 6201/2663/6144
f 1938/667/1890 1935/539/1887 1877/538/1829 1944/505/1896
f 2504/1565/2456 2502/1566/2454 2495/681/2447 2496/680/2448
f 5435/268/5378 5434/271/5377 5487/660/5430 5437/659/5380
f 6192/3282/6135 6198/275/6141 6207/2853/6150
f 1775/2856/1727 1772/1853/1724 1774/1855/1726 1779/2857/1731
f 6207/2853/6150 6195/3114/6138 6192/3282/6135
f 2297/2136/2249 2288/2697/2240 2300/2696/2252 2301/1935/2253
f 6195/3114/6138 6207/2853/6150 6210/3115/6153
f 5993/3429/5936 5928/2693/5871 5930/266/5873 5995/265/5938
f 6207/2853/6150 6208/659/6151 6211/662/6154
f 6211/662/6154 6210/3115/6153 6207/2853/6150
f 3960/2746/3905 3950/458/3895 3957/461/3902 3958/2745/3903
f 6722/2929/6665 6719/1015/6662 6781/1014/6724 6785/2930/6728
f 6213/3015/6156 6216/2425/6159 6215/110/6158
f 6596/2443/6539 6586/1779/6529 6659/1782/6602 6661/2442/6604
f 6021/1780/5964 6094/1781/6037 6023/1782/5966 6025/1779/5968
f 5586/1572/5529 5579/1152/5522 5582/1733/5525 5590/1569/5533
f 3505/1496/3450 3509/1499/3454 3512/281/3457 3506/76/3451
f 2969/398/2921 2968/217/2920 2970/216/2922 539/399/493
f 2656/2105/2608 2652/2825/2604 2649/712/2601 2664/711/2616
f 2747/115/2699 2749/2907/2701 2754/1516/2706 2755/116/2707
f 972/1175/926 973/1788/927 980/4155/934 981/1818/935
f 6225/3006/6168 6226/529/6169 6227/80/6170
f 2488/322/2440 2489/336/2441 2519/338/2471 2520/333/2472
f 6225/3006/6168 6227/80/6170 6220/3089/6163
f 6229/695/6172 6218/1599/6161 6220/3089/6163
f 6227/80/6170 6229/695/6172 6220/3089/6163
f 4413/4349/4357 4405/3203/4349 4404/3670/4348 4408/4354/4352
f 5709/79/5652 5645/78/5588 5646/3581/5589 5711/3582/5654
f 6230/79/6173 6232/3178/6175 6227/80/6170
f 6227/80/6170 6232/3178/6175 6229/695/6172
f 6234/1971/6177 6232/3178/6175 6230/79/6173
f 6233/3582/6176 6234/1971/6177 6230/79/6173
f 2350/3321/2302 2342/118/2294 2348/121/2300 2351/1600/2303
f 6235/1968/6178 6234/1971/6177 6233/3582/6176
f 5652/774/5595 5651/3237/5594 5650/3236/5593 5653/775/5596
f 6901/2787/6844 6898/579/6841 6825/582/6768 6827/2788/6770
f 6698/2949/6641 6699/2948/6642 6700/2693/6643 6760/3429/6703
f 6239/3732/6182 6179/3479/6122 6168/3259/6111 6181/1793/6124
f 6238/698/6181 6239/697/6182 6240/4350/6183
f 2309/2924/2261 2306/2923/2258 2308/2925/2260 2454/1920/2406
f 6218/1599/6161 6241/1598/6184 6219/111/6162
f 6240/4350/6183 6242/3554/6185 6238/698/6181
f 6242/3554/6185 6240/4350/6183 6243/3555/6186
f 6646/762/6589 6615/1598/6558 6613/698/6556 6618/1801/6561
f 6238/698/6181 6242/3554/6185 6244/1801/6187
f 3221/2026/3169 3144/2025/3096 3223/3426/3171 3224/3537/3172
f 6244/1801/6187 6242/3554/6185 6246/4025/6189
f 4336/3932/4280 4335/2481/4279 4331/2574/4275 6949/3715/6892
f 5608/2703/5551 5612/2704/5555 5615/2705/5558 5614/2706/5557
f 6247/3663/6190 6248/4026/6191 6245/3553/6188
f 3291/3586/3236 3267/3252/3212 3268/3251/3213 3288/3662/3233
f 2365/229/2317 2434/228/2386 230/493/184 231/492/185
f 6247/3663/6190 6250/2560/6193 6248/4026/6191
f 6250/2560/6193 6247/3663/6190 6249/3095/6192
f 6251/3094/6194 6250/2560/6193 6249/3095/6192
f 2136/2758/2088 2137/2102/2089 2140/209/2092 2194/208/2146
f 6253/3472/6196 6250/2560/6193 6251/3094/6194
f 5441/3115/5384 5440/662/5383 5484/661/5427 5439/3112/5382
f 6253/3472/6196 6254/3205/6197 6250/2560/6193
f 6532/2562/6475 6530/2561/6473 6450/3207/6393 6453/3249/6396
f 6250/2560/6193 6254/3205/6197 6255/2561/6198
f 5632/3429/5575 5550/2693/5493 5552/266/5495 5553/265/5496
f 5871/1357/5814 5875/2760/5818 5876/2759/5819 5879/1460/5822
f 5721/4025/5664 5723/4026/5666 5725/2560/5668 5736/2475/5679
f 5733/2562/5676 5731/2561/5674 5732/3207/5675 5734/3249/5677
f 6261/2472/6204 6257/2562/6200 6260/3453/6203
f 6250/2560/6193 6261/2472/6204 6259/2475/6202
f 5875/2760/5818 5874/3889/5817 5873/3888/5816 5826/2761/5769
f 6262/2934/6205 6261/2472/6204 6260/3453/6203
f 6907/2487/6850 6840/3319/6783 6839/3320/6782 6841/2488/6784
f 6263/2473/6206 6261/2472/6204 6262/2934/6205
f 6126/2530/6069 6135/2474/6078 6137/2473/6080 6070/3200/6013
f 6637/2472/6580 6639/2473/6582 6642/2474/6585 6634/2475/6577
f 6259/2475/6202 6266/4345/6209 6246/4025/6189
f 6643/4345/6586 6634/2475/6577 6642/2474/6585 6644/2529/6587
f 6267/2529/6210 6246/4025/6189 6266/4345/6209
f 1499/2545/1451 1523/3268/1475 1498/2955/1450 1501/2546/1453
f 6246/4025/6189 6267/2529/6210 6244/1801/6187
f 6244/1801/6187 6267/2529/6210 6269/762/6212
f 6246/4025/6189 6242/3554/6185 6245/3553/6188 6248/4026/6191
f 6293/2930/6236 6289/1480/6232 6288/1479/6231 6292/2929/6235
f 6270/761/6213 6241/1598/6184 6269/762/6212
f 6097/1598/6040 6091/761/6034 6088/769/6031 6090/111/6033
f 3411/2689/3356 3409/3298/3354 3414/3299/3359 3418/2690/3363
f 2146/482/2098 2143/1328/2095 2148/1327/2100 2180/2451/2132
f 1574/139/1526 1570/1423/1522 1567/1422/1519 1577/711/1529
f 6273/627/6216 6274/772/6217 6222/439/6165
f 325/749/279 324/750/278 326/631/280 5234/630/5178
f 6275/626/6218 6274/772/6217 6273/627/6216
f 6224/400/6167 6276/401/6219 6148/402/6091 6149/403/6092
f 5453/400/5396 5380/401/5323 5379/402/5322 5381/403/5324
f 5247/4293/5191 5249/4299/5193 5250/4303/5194 366/3254/320
f 6478/439/6421 6475/772/6418 6418/771/6361 6476/438/6419
f 6277/375/6220 6281/374/6224 6280/548/6223
f 6281/374/6224 6282/278/6225 6280/548/6223
f 2916/558/2868 2728/557/2680 2727/67/2679 2917/69/2869
f 2291/420/2243 2287/584/2239 2284/583/2236 2294/961/2246
f 5576/1909/5519 5574/513/5517 5575/1153/5518 5579/1152/5522
f 4662/4156/4606 4657/3962/4601 4667/2555/4611 4670/1115/4614
f 3417/2961/3362 3419/2784/3364 3460/2783/3405 3458/4052/3403
f 961/1488/915 958/1084/912 960/1083/914 964/1487/918
f 1341/2323/1293 1346/2324/1298 1348/245/1300 1347/1320/1299
f 6615/1598/6558 6647/761/6590 6649/769/6592 6650/111/6593
f 6287/1519/6230 6290/1100/6233 6291/1103/6234
f 5598/564/5541 5522/565/5465 5599/566/5542 5601/563/5544
f 6592/3109/6535 6588/536/6531 6653/535/6596 6593/3110/6536
f 6292/2929/6235 6288/1479/6231 6295/1015/6238
f 1679/956/1631 1636/955/1588 1633/924/1585 1676/923/1628
f 5389/1780/5332 5386/1779/5329 5396/533/5339 5395/536/5338
f 6297/1016/6240 6286/279/6229 6291/1103/6234
f 1660/3199/1612 1659/3187/1611 1662/2687/1614 3331/2686/3276
f 4211/3839/4155 4209/3869/4153 4204/871/4148 4212/823/4156
f 6682/1103/6625 6681/1102/6624 6673/2657/6616 6671/1016/6614
f 6299/2657/6242 6298/3652/6241 6297/1016/6240
f 5846/721/5789 5844/3132/5787 5787/3133/5730 5788/722/5731
f 1865/334/1817 1864/119/1816 1873/118/1825 1874/335/1826
f 6300/3133/6243 6298/3652/6241 6304/723/6247
f 6300/3133/6243 6304/723/6247 6302/722/6245
f 6304/723/6247 6298/3652/6241 6299/2657/6242
f 6353/1809/6296 6351/2651/6294 6352/2652/6295 6301/1810/6244
f 136/545/90 133/90/87 135/91/89 137/546/91
f 6304/723/6247 6299/2657/6242 6306/2656/6249
f 6305/905/6248 6304/723/6247 6306/2656/6249
f 2349/539/2301 2345/538/2297 2347/505/2299 2373/667/2325
f 6884/442/6827 6883/443/6826 6809/444/6752 6885/445/6828
f 6625/3094/6568 6623/3095/6566 6563/3096/6506 6566/3097/6509
f 6885/445/6828 6886/231/6829 6888/230/6831 6884/442/6827
f 6312/2636/6255 6305/905/6248 6306/2656/6249
f 6307/2676/6250 6305/905/6248 6312/2636/6255
f 6308/2635/6251 6307/2676/6250 6312/2636/6255
f 4589/4082/4533 4588/3128/4532 4587/3127/4531 4593/4035/4537
f 6366/4355/6309 6365/4341/6308 6313/1102/6256
f 2279/929/2231 2418/932/2370 2420/1550/2372 2421/2532/2373
f 6313/1102/6256 6315/3225/6258 6366/4355/6309
f 6313/1102/6256 6314/1101/6257 6315/3225/6258
f 6369/3600/6312 6366/4355/6309 6315/3225/6258
f 6314/1101/6257 6290/1100/6233 6316/2306/6259
f 2888/3029/2840 2884/668/2836 2883/504/2835 2895/3027/2847
f 5979/2065/5922 5913/3600/5856 5912/3225/5855 5915/2066/5858
f 6314/1101/6257 6318/3026/6261 6315/3225/6258
f 6318/3026/6261 6314/1101/6257 6316/2306/6259
f 4603/3755/4547 4579/3233/4523 4583/3232/4527 4592/3756/4536
f 5908/4341/5851 5975/2658/5918 5902/2657/5845 5909/1102/5852
f 6824/3025/6767 6822/2066/6765 6819/3225/6762 6826/3026/6769
f 6319/581/6262 6317/2066/6260 6321/3025/6264
f 6319/581/6262 6321/3025/6264 6322/582/6265
f 5831/2948/5774 5828/2693/5771 5826/3429/5769 5873/2949/5816
f 6324/4356/6267 6318/3026/6261 6316/2306/6259
f 5468/773/5411 5406/776/5349 5400/3259/5343 5409/3479/5352
f 6394/4359/6337 6386/1360/6329 6393/1462/6336 6395/2524/6338
f 6324/4356/6267 6328/2985/6271 6318/3026/6261
f 3462/2226/3407 3420/2692/3365 3459/3070/3404 3461/3257/3406
f 2588/3014/2540 280/2828/234 2587/925/2539 2590/2765/2542
f 6321/3025/6264 6331/2694/6274 6322/582/6265
f 3739/781/3684 3748/817/3693 3750/1567/3695 3752/1389/3697
f 6331/2694/6274 6328/2985/6271 6332/2695/6275
f 6610/3178/6553 6551/3179/6494 6611/696/6554 6607/695/6550
f 6329/2488/6272 6333/3320/6276 6332/2695/6275
f 4026/3606/3971 4024/3607/3969 4025/3608/3970 3989/3604/3934
f 6333/3320/6276 6335/267/6278 6332/2695/6275
f 6760/3429/6703 6700/2693/6643 6702/266/6645 6762/265/6705
f 556/1140/510 553/1121/507 1033/1113/987 557/3782/511
f 3135/3465/3087 3130/3468/3082 3131/3422/3083 3133/3407/3085
f 6322/582/6265 6331/2694/6274 6338/4346/6281
f 5828/2693/5771 5827/4346/5770 5816/2694/5759 5825/266/5768
f 6338/4346/6281 6325/2788/6268 6322/582/6265
f 3130/3468/3082 3135/3465/3087 3139/1948/3091 3136/3470/3088
f 6325/2788/6268 6338/4346/6281 6340/2947/6283
f 5726/3094/5669 5674/3097/5617 5727/3471/5670 5728/3472/5671
f 6338/4346/6281 6339/2693/6282 6341/2948/6284
f 6341/2948/6284 6340/2947/6283 6338/4346/6281
f 4452/3181/4396 4449/4005/4393 4440/3995/4384 4436/3182/4380
f 5502/761/5445 5501/762/5444 5388/759/5331 5385/760/5328
f 6342/3130/6285 6344/1569/6287 6343/1733/6286
f 6412/534/6355 6409/535/6352 6411/536/6354 6414/533/6357
f 1019/216/973 2980/217/2932 2981/218/2933 734/219/688
f 3854/2376/3799 3845/632/3790 3849/1710/3794 3853/2377/3798
f 1892/188/1844 1890/3011/1842 3533/3012/3478 1893/3013/1845
f 5770/276/5713 5767/277/5710 5769/278/5712 5773/279/5716
f 3949/459/3894 3956/460/3901 3957/461/3902 3950/458/3895
f 4647/3148/4591 4645/2192/4589 4646/4376/4590 4629/3367/4573
f 6465/1806/6408 6464/1791/6407 6466/1804/6409 6480/1805/6423
f 6351/2651/6294 6353/1809/6296 6354/564/6297
f 5597/1809/5540 5520/1810/5463 5522/565/5465 5598/564/5541
f 6351/2651/6294 6354/564/6297 6347/1851/6290
f 6355/3120/6298 6345/1572/6288 6347/1851/6290
f 6354/564/6297 6355/3120/6298 6347/1851/6290
f 5955/1479/5898 5952/2929/5895 5953/2930/5896 5956/1480/5899
f 5858/1533/5801 5849/3120/5792 5857/3119/5800 5798/3974/5741
f 6356/563/6299 6359/233/6302 6354/564/6297
f 6354/564/6297 6359/233/6302 6355/3120/6298
f 6361/230/6304 6359/233/6302 6356/563/6299
f 6360/443/6303 6361/230/6304 6356/563/6299
f 1431/2977/1383 3063/2905/3015 3065/2505/3017 3067/1628/3019
f 6362/442/6305 6361/230/6304 6360/443/6303
f 6505/774/6448 6430/3237/6373 6429/3236/6372 6428/775/6371
f 6431/773/6374 6505/774/6448 6428/775/6371 6426/776/6369
f 5990/2949/5933 5924/2950/5867 5926/2947/5869 5927/2948/5870
f 4754/704/4698 4750/2521/4694 4756/3601/4700 4757/705/4701
f 6364/1533/6307 6365/3974/6308 6366/4358/6309
f 5859/1532/5802 5838/1572/5781 5849/3120/5792 5858/1533/5801
f 6345/1572/6288 6367/1532/6310 6346/1152/6289
f 6366/4358/6309 6368/2703/6311 6364/1533/6307
f 6368/2703/6311 6366/4358/6309 6369/3770/6312
f 6868/1531/6811 6869/1532/6812 6889/1533/6832 6890/1534/6833
f 6364/1533/6307 6368/2703/6311 6370/1534/6313
f 4597/4083/4541 4589/4082/4533 4593/4035/4537 4607/4118/4551
f 6370/1534/6313 6368/2703/6311 6373/2706/6316
f 4871/4135/4815 4842/312/4786 4849/315/4793 4872/4134/4816
f 2844/2982/2796 2843/469/2795 336/468/290 2845/2709/2797
f 6374/3568/6317 6376/2705/6319 6371/2704/6314
f 6604/3234/6547 6603/1877/6546 6542/1878/6485 6544/3235/6487
f 1828/1935/1780 1816/2136/1768 1830/2697/1782 1837/2696/1789
f 6374/3568/6317 6378/1357/6321 6376/2705/6319
f 6378/1357/6321 6374/3568/6317 6377/3136/6320
f 6379/3137/6322 6378/1357/6321 6377/3136/6320
f 4297/2260/4241 4338/3941/4282 4342/3944/4286 4294/2261/4238
f 6380/3247/6323 6378/1357/6321 6379/3137/6322
f 5849/3120/5792 5851/233/5794 5856/232/5799 5857/3119/5800
f 6380/3247/6323 6382/3889/6325 6378/1357/6321
f 6389/1359/6332 6387/1358/6330 6334/3542/6277 6390/3208/6333
f 6378/1357/6321 6382/3889/6325 6383/2760/6326
f 6630/660/6573 6627/661/6570 6570/662/6513 6571/659/6514
f 2490/2490/2442 2483/985/2435 2485/2343/2437 2491/2580/2443
f 5800/2636/5743 5796/2633/5739 5855/2634/5798 5795/2635/5738
f 6002/1461/5945 6001/1359/5944 5999/3208/5942 5934/3141/5877
f 6388/1460/6331 6385/2759/6328 6387/1358/6330
f 6378/1357/6321 6388/1460/6331 6386/1360/6329
f 6456/270/6399 6455/269/6398 6457/3771/6400 6458/3772/6401
f 6389/1359/6332 6388/1460/6331 6387/1358/6330
f 6193/3113/6136 6190/3281/6133 6192/3282/6135 6195/3114/6138
f 6391/1461/6334 6388/1460/6331 6389/1359/6332
f 2367/2839/2319 229/2980/183 2366/1188/2318 2368/2374/2320
f 5429/2478/5372 5430/2663/5373 5426/274/5369 5427/2479/5370
f 6394/4359/6337 6373/2706/6316 6386/1360/6329
f 5812/4356/5755 5806/2306/5749 5815/2309/5758 5814/2985/5757
f 6395/2524/6338 6373/2706/6316 6394/4359/6337
f 3679/3195/3624 3677/3560/3622 3668/2388/3613 3669/1214/3614
f 6373/2706/6316 6395/2524/6338 6370/1534/6313
f 6370/1534/6313 6395/2524/6338 6397/1531/6340
f 226/2838/180 2370/2840/2322 2371/3021/2323 2372/3022/2324
f 5637/734/5580 5636/733/5579 5635/1119/5578 5639/1120/5582
f 6399/1910/6342 6367/1532/6310 6397/1531/6340
f 6745/1532/6688 6775/1910/6718 6777/1909/6720 6778/1152/6721
f 4469/4064/4413 4468/3091/4412 4500/909/4444 4488/908/4432
f 6596/2443/6539 6587/943/6530 6583/1905/6526 6586/1779/6529
f 6852/1908/6795 6853/514/6796 6862/513/6805 6864/1909/6807
f 6402/513/6345 6403/2459/6346 6349/1153/6292
f 2895/3027/2847 2883/504/2835 2820/507/2772 2896/1128/2848
f 6404/512/6347 6403/2459/6346 6402/513/6345
f 274/207/228 2603/206/2555 273/386/227 2542/385/2494
f 6595/1780/6538 6592/3109/6535 6593/3110/6536 6658/1781/6601
f 6534/3007/6477 6535/530/6478 6597/529/6540 6598/3006/6541
f 6407/3109/6350 6410/1780/6353 6411/536/6354
f 6667/1571/6610 6736/1572/6679 6780/1569/6723 6781/1570/6724
f 6346/1152/6289 6283/1151/6226 6289/1732/6232 6343/1733/6286
f 6343/1733/6286 6344/1569/6287 6345/1572/6288 6346/1152/6289
f 281/2912/235 2552/491/2504 2554/1660/2506 283/1663/237
f 6283/1151/6226 6346/1152/6289 6349/1153/6292 6350/1154/6293
f 4021/2691/3966 4027/3069/3972 4029/3070/3974 4030/2692/3975
f 6863/1153/6806 6860/2459/6803 6857/2458/6800 6861/1154/6804
f 6294/1014/6237 6293/2930/6236 6292/2929/6235 6295/1015/6238
f 6419/1120/6362 6422/735/6365 6420/734/6363
f 5847/564/5790 5845/1809/5788 5846/1810/5789 5848/565/5791
f 6419/1120/6362 6416/2750/6359 6422/735/6365
f 6423/3259/6366 6416/2750/6359 6414/533/6357
f 6422/735/6365 6416/2750/6359 6423/3259/6366
f 3911/3558/3856 3914/2385/3859 3915/3561/3860 3916/3716/3861
f 6356/563/6299 6357/566/6300 6358/444/6301 6360/443/6303
f 6422/735/6365 6423/3259/6366 6426/776/6369
f 6424/1878/6367 6422/735/6365 6426/776/6369
f 6428/775/6371 6424/1878/6367 6426/776/6369
f 6427/3235/6370 6424/1878/6367 6428/775/6371
f 4571/4042/4515 4568/3374/4512 4569/3377/4513 4572/4043/4516
f 6429/3236/6372 6427/3235/6370 6428/775/6371
f 1048/1977/1002 1097/4369/1051 1047/4133/1001 1050/1978/1004
f 2511/462/2463 2506/2452/2458 2514/388/2466 2571/387/2523
f 6385/2759/6328 6383/2760/6326 6384/2761/6327 6336/2762/6279
f 6889/1533/6832 6876/3120/6819 6887/3119/6830 6816/3974/6759
f 6506/4342/6449 6504/3732/6447 6433/1793/6376
f 5400/3259/5343 5396/533/5339 5392/1794/5335 5410/1793/5353
f 6414/533/6357 6415/1779/6358 6434/1794/6377
f 6433/1793/6376 6435/2770/6378 6506/4342/6449
f 6509/3759/6452 6506/4342/6449 6435/2770/6378
f 6847/1100/6790 6821/1101/6764 6815/1102/6758 6818/1103/6761
f 6433/1793/6376 6436/1792/6379 6435/2770/6378
f 3635/701/3580 3631/3665/3576 3624/3595/3569 3628/702/3573
f 4428/3612/4372 4409/3611/4353 4410/4361/4354 4429/4016/4373
f 105/2838/59 1937/2840/1889 1939/3021/1891 104/3022/58
f 6438/2046/6381 6437/2045/6380 6440/272/6383
f 3621/3661/3566 3619/3599/3564 3617/3293/3562 3620/3292/3565
f 6438/2046/6381 6440/272/6383 6441/3282/6384
f 6377/3136/6320 6320/3260/6263 6323/3245/6266 6379/3137/6322
f 6436/1792/6379 6443/273/6386 6435/2770/6378
f 6066/3249/6009 6141/3454/6084 6143/3453/6086 6145/2562/6088
f 6526/2560/6469 6516/4026/6459 6517/3095/6460 6520/3094/6463
f 6446/3115/6389 6444/3114/6387 6445/275/6388
f 6253/3472/6196 6252/3471/6195 6209/3206/6152 6254/3205/6197
f 6448/662/6391 6446/3115/6389 6445/275/6388
f 6262/2934/6205 6203/3927/6146 6200/3200/6143 6263/2473/6206
f 6448/662/6391 6445/275/6388 6449/659/6392
f 5918/3025/5861 5916/3026/5859 5921/2985/5864 5925/2694/5868
f 4642/2191/4586 4626/4377/4570 4646/4376/4590 4645/2192/4589
f 6445/275/6388 6451/274/6394 6454/2663/6397
f 6680/2658/6623 6679/2655/6622 6678/2656/6621 6673/2657/6616
f 6452/268/6395 6454/2663/6397 6455/269/6398
f 6517/3095/6460 6442/3096/6385 6518/3097/6461 6520/3094/6463
f 6457/3771/6400 6455/269/6398 6454/2663/6397
f 6389/1359/6332 6390/3208/6333 6330/3141/6273 6391/1461/6334
f 6459/2478/6402 6457/3771/6400 6454/2663/6397
f 6391/1461/6334 6330/3141/6273 6392/2522/6335 6393/1462/6336
f 6709/2309/6652 6706/2488/6649 6701/2695/6644 6692/2985/6635
f 6577/2479/6520 6564/274/6507 6578/4344/6521 6579/3649/6522
f 6443/273/6386 6462/4344/6405 6451/274/6394
f 3322/3283/3267 3323/354/3268 3326/357/3271 3325/3613/3270
f 6443/273/6386 6463/3649/6406 6462/4344/6405
f 6443/273/6386 6436/1792/6379 6463/3649/6406
f 6436/1792/6379 6464/1791/6407 6463/3649/6406
f 5886/1531/5829 5884/2524/5827 5885/2523/5828 5775/2400/5718
f 3985/4052/3930 3981/2961/3926 3984/2784/3929 3986/2783/3931
f 6466/1804/6409 6464/1791/6407 6434/1794/6377
f 6367/1532/6310 6399/1910/6342 6400/1909/6343 6346/1152/6289
f 5602/2675/5545 5526/2676/5469 5528/2635/5471 5607/2634/5550
f 6349/1153/6292 6346/1152/6289 6400/1909/6343 6402/513/6345
f 6469/628/6412 6477/627/6420 6479/769/6422 6468/770/6411
f 6470/943/6413 6417/2443/6360 6471/403/6414
f 1686/2794/1638 1682/2646/1634 1683/1326/1635 1692/650/1644
f 6472/402/6415 6470/943/6413 6471/403/6414
f 5842/547/5785 5764/376/5707 5763/375/5706 5766/548/5709
f 252/325/206 258/343/212 259/349/213 260/351/214
f 6277/375/6220 6405/376/6348 6279/373/6222 6281/374/6224
f 3988/2962/3933 3981/2961/3926 3985/4052/3930 4028/3562/3973
f 6474/626/6417 6475/772/6418 6477/627/6420
f 6477/627/6420 6475/772/6418 6478/439/6421
f 5586/1572/5529 5590/1569/5533 5589/1570/5532 5511/1571/5454
f 6089/770/6032 6084/628/6027 6086/627/6029 6088/769/6031
f 1597/1347/1549 1596/1346/1548 1602/2653/1554 1605/2104/1557
f 4661/4034/4605 4657/4033/4601 4662/4137/4606 4664/4115/4608
f 4820/3099/4764 4816/3966/4760 4823/3965/4767 4824/3741/4768
f 1044/216/998 3027/217/2979 3028/218/2980 1045/219/999
f 6755/1357/6698 6759/2760/6702 6761/2759/6704 6766/1460/6709
f 6851/405/6794 6849/1519/6792 6818/1103/6761 6798/279/6741
f 6482/761/6425 6486/1598/6429 6484/762/6427
f 6797/1016/6740 6795/1015/6738 6794/1479/6737 6798/279/6741
f 6487/1599/6430 6486/1598/6429 6481/111/6424
f 6826/3026/6769 6834/2985/6777 6829/2694/6772 6824/3025/6767
f 5952/2929/5895 5948/1015/5891 6013/1014/5956 5953/2930/5896
f 6488/3015/6431 6489/2425/6432 6483/110/6426
f 6297/1016/6240 6296/1013/6239 6294/1014/6237 6295/1015/6238
f 3760/732/3705 3761/1559/3706 3762/2227/3707 3763/729/3708
f 6348/3651/6291 6296/1013/6239 6297/1016/6240 6298/3652/6241
f 4189/857/4133 4186/3813/4130 4190/3824/4134 4192/878/4136
f 6494/1801/6437 6490/2529/6433 6484/762/6427
f 5563/1100/5506 5535/1101/5478 5531/1102/5474 5533/1103/5476
f 1925/2682/1877 1924/2683/1876 3477/2680/3422 1887/2681/1839
f 6496/695/6439 6487/1599/6430 6491/3089/6434
f 6423/3259/6366 6414/533/6357 6434/1794/6377 6433/1793/6376
f 1837/2696/1789 1830/2697/1782 1835/2698/1787 1839/2699/1791
f 6495/3006/6438 6499/80/6442 6491/3089/6434
f 6495/3006/6438 6497/529/6440 6499/80/6442
f 6499/80/6442 6496/695/6439 6491/3089/6434
f 4784/3648/4728 4779/3752/4723 4782/2964/4726 4786/3175/4730
f 301/310/255 2720/311/2672 2719/308/2671 303/309/257
f 6499/80/6442 6503/3178/6446 6496/695/6439
f 6502/79/6445 6503/3178/6446 6499/80/6442
f 6113/79/6056 6112/78/6055 6035/3581/5978 6115/3582/6058
f 4314/3885/4258 4312/3884/4256 4315/3597/4259 4317/3596/4261
f 5738/3772/5681 5735/270/5678 5681/269/5624 5682/3771/5625
f 6501/698/6444 6504/697/6447 6506/4350/6449
f 6507/1971/6450 6503/3178/6446 6502/79/6445
f 6177/3236/6120 6180/775/6123 6236/774/6179 6178/3237/6121
f 6508/3554/6451 6501/698/6444 6506/4350/6449
f 6501/698/6444 6508/3554/6451 6494/1801/6437
f 6508/3554/6451 6506/4350/6449 6509/3555/6452
f 6174/3234/6117 6176/3235/6119 6177/3236/6120 6178/3237/6121
f 6511/3582/6454 6507/1971/6450 6502/79/6445
f 6510/1968/6453 6507/1971/6450 6511/3582/6454
f 3787/3299/3732 3775/3298/3720 3789/1201/3734 3796/3557/3741
f 6494/1801/6437 6508/3554/6451 6514/4025/6457
f 6514/4025/6457 6490/2529/6433 6494/1801/6437
f 4838/4378/4782 4837/316/4781 4841/319/4785 4850/4157/4794
f 6320/579/6263 6375/580/6318 6319/581/6262 6322/582/6265
f 5718/3554/5661 5720/3553/5663 5723/4026/5666 5721/4025/5664
f 6515/3663/6458 6516/4026/6459 6512/3553/6455
f 6515/3663/6458 6517/3095/6460 6516/4026/6459
f 5529/231/5472 5530/232/5473 5603/233/5546 5606/230/5549
f 6490/2529/6433 6514/4025/6457 6519/4345/6462
f 5481/3094/5424 5425/3097/5368 5439/3471/5382 5483/3472/5426
f 6904/1462/6847 6892/2524/6835 6902/4359/6845 6905/1360/6848
f 6519/4345/6462 6514/4025/6457 6523/2475/6466
f 4397/3669/4341 4389/1637/4333 4394/1640/4338 4398/3196/4342
f 2874/2839/2826 2872/2980/2824 2873/1188/2825 2876/2374/2828
f 6522/2474/6465 6523/2475/6466 6524/2473/6467
f 6825/582/6768 6824/3025/6767 6829/2694/6772 6827/2788/6770
f 6527/3472/6470 6526/2560/6469 6520/3094/6463
f 5490/3453/5433 5488/2562/5431 5434/3249/5377 5491/3454/5434
f 4315/3925/4259 4312/1898/4256 4252/1901/4196 4254/916/4198
f 4936/4292/4880 368/4288/322 363/2779/317 4940/4298/4884
f 6767/1359/6710 6765/1358/6708 6763/3542/6706 6704/3208/6647
f 6529/3205/6472 6526/2560/6469 6527/3472/6470
f 6041/773/5984 6036/776/5979 6033/3259/5976 6042/3479/5985
f 5137/4180/5081 5132/4175/5076 5133/1010/5077 5134/1009/5078
f 6526/2560/6469 6531/2935/6474 6523/2475/6466
f 6914/2761/6857 6911/2762/6854 6913/2759/6856 6916/2760/6859
f 6532/2562/6475 6531/2935/6474 6530/2561/6473
f 6528/2934/6471 6531/2935/6474 6533/3453/6476
f 6533/3453/6476 6531/2935/6474 6532/2562/6475
f 3043/714/2995 3093/713/3045 3099/1988/3051 3100/3530/3052
f 5755/2426/5698 5754/2425/5697 5757/3015/5700 5758/3016/5701
f 6721/547/6664 6783/376/6726 6720/375/6663 6723/548/6666
f 6104/3089/6047 6105/3090/6048 6106/3007/6049 6108/3006/6051
f 6538/1120/6481 6540/735/6483 6536/734/6479
f 6538/1120/6481 6541/2750/6484 6540/735/6483
f 6601/2427/6544 6539/3090/6482 6600/3089/6543 6605/1599/6548
f 4659/4169/4603 4658/3240/4602 4660/4073/4604 4668/4072/4612
f 4756/3601/4700 4750/2521/4694 4749/2669/4693 4759/3709/4703
f 6540/735/6483 6541/2750/6484 6545/3259/6488
f 6545/3259/6488 6541/2750/6484 6543/533/6486
f 2144/480/2096 2184/483/2136 3549/1664/3494 3552/3968/3497
f 5480/4025/5423 5478/4026/5421 5482/2560/5425 5489/2475/5432
f 6546/3236/6489 6544/3235/6487 6549/775/6492
f 6544/3235/6487 6542/1878/6485 6549/775/6492
f 5999/3319/5942 5996/264/5939 5931/267/5874 5932/3320/5875
f 6549/775/6492 6542/1878/6485 6550/776/6493
f 6542/1878/6485 6540/735/6483 6550/776/6493
f 6540/735/6483 6545/3259/6488 6550/776/6493
f 5485/3205/5428 5483/3472/5426 5439/3471/5382 5484/3206/5427
f 4421/3720/4365 4420/3733/4364 4426/3183/4370 4425/4041/4369
f 6612/3732/6555 6552/1793/6495 6614/4342/6557
f 6033/3259/5976 6024/533/5967 6045/1794/5988 6043/1793/5986
f 6554/2770/6497 6614/4342/6557 6552/1793/6495
f 6614/4342/6557 6554/2770/6497 6617/3759/6560
f 6893/2704/6836 6891/2703/6834 6820/3770/6763 6894/3708/6837
f 6290/1100/6233 6314/1101/6257 6313/1102/6256 6291/1103/6234
f 6552/1793/6495 6556/1792/6499 6554/2770/6497
f 6619/3553/6562 6555/3556/6498 6558/3664/6501 6621/3663/6564
f 6556/1792/6499 6559/273/6502 6554/2770/6497
f 5562/2307/5505 5561/2306/5504 5563/1100/5506 5581/1518/5524
f 6560/2046/6503 6557/2045/6500 6561/272/6504
f 3416/3540/3361 3410/3557/3355 3415/2963/3360 3428/3541/3373
f 6560/2046/6503 6561/272/6504 6562/3282/6505
f 2807/1921/2759 2805/1920/2757 2803/2925/2755 2806/2249/2758
f 6704/3319/6647 6763/264/6706 6703/267/6646 6705/3320/6648
f 5628/264/5571 5553/265/5496 5552/266/5495 5555/267/5498
f 6441/3282/6384 6440/272/6383 6445/275/6388 6444/3114/6387
f 6565/3114/6508 6568/275/6511 6569/3115/6512
f 4597/4083/4541 4607/4118/4551 4609/4105/4553 4611/4093/4555
f 6570/662/6513 6569/3115/6512 6568/275/6511
f 6355/3120/6298 6359/233/6302 6363/232/6306 6311/3119/6254
f 6568/275/6511 6571/659/6514 6570/662/6513
f 6452/268/6395 6449/659/6392 6445/275/6388 6454/2663/6397
f 6568/275/6511 6564/274/6507 6572/2663/6515
f 6759/2760/6702 6758/3889/6701 6698/3888/6641 6760/2761/6703
f 6202/3771/6145 6199/2478/6142 6200/2477/6143 6203/3772/6146
f 6573/268/6516 6572/2663/6515 6574/269/6517
f 6676/2633/6619 6677/2636/6620 6678/2656/6621 6679/2655/6622
f 6575/3771/6518 6574/269/6517 6572/2663/6515
f 5731/2561/5674 5730/3205/5673 5729/3206/5672 5732/3207/5675
f 6576/2478/6519 6575/3771/6518 6572/2663/6515
f 5741/2473/5684 5742/3200/5685 5743/2530/5686 5744/2474/5687
f 5684/2479/5627 5683/2478/5626 5679/2663/5622 5672/274/5615
f 6004/4359/5947 5997/1360/5940 6003/1462/5946 6005/2524/5948
f 6559/273/6502 6578/4344/6521 6564/274/6507
f 3963/3283/3908 3962/354/3907 3964/357/3909 3965/3613/3910
f 6559/273/6502 6579/3649/6522 6578/4344/6521
f 6559/273/6502 6556/1792/6499 6579/3649/6522
f 6556/1792/6499 6580/1791/6523 6579/3649/6522
f 474/2981/428 1672/2764/1624 1675/2771/1627 1676/2772/1628
f 2833/3011/2785 2831/2972/2783 4107/3129/4051 4106/3012/4050
f 6582/1804/6525 6580/1791/6523 6553/1794/6496
f 3909/3252/3854 3905/2010/3850 3906/3250/3851 3912/3251/3857
f 2945/161/2897 2944/2836/2896 2938/1550/2890 2943/1551/2895
f 2367/768/2319 228/767/182 2437/227/2389 229/226/183
f 6543/533/6486 6586/1779/6529 6553/1794/6496
f 6846/2307/6789 6845/2306/6788 6847/1100/6790 6848/1518/6791
f 5511/1013/5454 5589/1014/5532 5510/1015/5453 5513/1016/5456
f 6782/512/6725 6779/513/6722 6716/514/6659 6783/515/6726
f 2548/489/2500 2540/2758/2492 2551/208/2503 2553/490/2505
f 6163/535/6106 6214/3110/6157 6162/3109/6105 6164/536/6107
f 6589/402/6532 6587/943/6530 6594/403/6537
f 5587/3130/5530 5582/1733/5525 5583/1732/5526 5588/3131/5531
f 6592/3109/6535 6595/1780/6538 6588/536/6531
f 2205/223/2157 2239/222/2191 2241/923/2193 172/924/126
f 6587/943/6530 6596/2443/6539 6594/403/6537
f 3436/2075/3381 3433/3275/3378 3432/3276/3377 3434/3274/3379
f 5750/769/5693 5753/627/5696 5762/439/5705 5752/111/5695
f 6588/536/6531 6543/533/6486 6601/534/6544 6653/535/6596
f 6536/734/6479 6535/733/6478 6534/1119/6477 6538/1120/6481
f 6537/736/6480 6535/733/6478 6536/734/6479 6540/735/6483
f 6538/1120/6481 6534/1119/6477 6539/2749/6482 6541/2750/6484
f 6598/3006/6541 6597/529/6540 6599/80/6542
f 6598/3006/6541 6599/80/6542 6600/3089/6543
f 4547/4019/4491 4543/4018/4487 4542/3955/4486 4544/4111/4488
f 190/557/144 191/558/145 193/446/147 2257/449/2209
f 4836/317/4780 4830/4030/4774 4839/3565/4783 4840/318/4784
f 6599/80/6542 6607/695/6550 6600/3089/6543
f 6607/695/6550 6605/1599/6548 6600/3089/6543
f 4744/4150/4688 4753/1839/4697 4755/703/4699 4748/4374/4692
f 2512/464/2464 2507/465/2459 2511/462/2463 2568/463/2520
f 6608/1968/6551 6609/1971/6552 6606/3582/6549
f 6606/3582/6549 6609/1971/6552 6602/79/6545
f 4275/3902/4219 4265/890/4209 4264/3924/4208 4270/3914/4214
f 6609/1971/6552 6610/3178/6553 6602/79/6545
f 6602/79/6545 6610/3178/6553 6599/80/6542
f 6599/80/6542 6610/3178/6553 6607/695/6550
f 6382/3889/6325 6380/3247/6323 6326/3246/6269 6381/3888/6324
f 6439/2043/6382 6438/2046/6381 6441/3282/6384 6442/3281/6385
f 6613/698/6556 6612/697/6555 6614/4350/6557
f 2025/680/1977 2021/2580/1973 2026/2586/1978 2029/1565/1981
f 6616/3554/6559 6613/698/6556 6614/4350/6557
f 6616/3554/6559 6614/4350/6557 6617/3555/6560
f 6512/3553/6455 6508/3554/6451 6509/3555/6452 6513/3556/6456
f 541/1092/495 542/1094/496 546/1105/500 549/3085/503
f 6613/698/6556 6616/3554/6559 6618/1801/6561
f 4690/87/4634 4677/4116/4621 4684/3730/4628 4688/2813/4632
f 6618/1801/6561 6616/3554/6559 6620/4025/6563
f 1632/2508/1584 473/2509/427 1633/2510/1585 1634/2507/1586
f 6621/3663/6564 6622/4026/6565 6619/3553/6562
f 6358/2675/6301 6357/906/6300 6305/905/6248 6307/2676/6250
f 6621/3663/6564 6624/2560/6567 6622/4026/6565
f 6624/2560/6567 6621/3663/6564 6623/3095/6566
f 6505/1970/6448 6431/3179/6374 6503/3178/6446 6507/1971/6450
f 6625/3094/6568 6624/2560/6567 6623/3095/6566
f 5634/2760/5577 5633/3889/5576 5548/3888/5491 5632/2761/5575
f 6626/3472/6569 6624/2560/6567 6625/3094/6568
f 6333/3320/6276 6329/2488/6272 6330/2487/6273 6390/3319/6333
f 6626/3472/6569 6628/3205/6571 6624/2560/6567
f 5431/3771/5374 5429/2478/5372 5494/2477/5437 5432/3772/5375
f 6624/2560/6567 6628/3205/6571 6629/2561/6572
f 6761/2759/6704 6759/2760/6702 6760/2761/6703 6762/2762/6705
f 3504/1497/3449 3507/1498/3452 3509/1499/3454 3505/1496/3450
f 1788/457/1740 77/454/31 78/455/32 79/456/33
f 5869/2706/5812 5866/2705/5809 5871/1357/5814 5877/1360/5820
f 4318/102/4262 4316/3102/4260 4314/3885/4258 4317/3596/4261
f 6637/2472/6580 6631/2562/6574 6635/3453/6578
f 6624/2560/6567 6637/2472/6580 6634/2475/6577
f 6638/2934/6581 6637/2472/6580 6635/3453/6578
f 6640/2477/6583 6636/3772/6579 6575/3771/6518 6576/2478/6519
f 6639/2473/6582 6637/2472/6580 6638/2934/6581
f 5817/2488/5760 5815/2309/5758 5807/2308/5750 5818/2487/5761
f 3388/3045/3333 3387/3044/3332 3385/637/3330 3382/2150/3327
f 6634/2475/6577 6643/4345/6586 6620/4025/6563
f 5745/4345/5688 5736/2475/5679 5744/2474/5687 5746/2529/5689
f 6644/2529/6587 6620/4025/6563 6643/4345/6586
f 6641/2476/6584 6577/2479/6520 6579/3649/6522 6645/3650/6588
f 6620/4025/6563 6644/2529/6587 6618/1801/6561
f 6618/1801/6561 6644/2529/6587 6646/762/6589
f 6645/3650/6588 6579/3649/6522 6580/1791/6523 6581/1806/6524
f 6785/3131/6728 6784/3130/6727 6787/1733/6730 6725/1732/6668
f 6647/761/6590 6615/1598/6558 6646/762/6589
f 4523/3301/4467 4521/4038/4465 4524/951/4468 4526/3302/4470
f 5771/405/5714 5774/1519/5717 5779/1103/5722 5773/279/5716
f 107/226/61 106/768/60 1896/767/1848 1895/227/1847
f 6605/1599/6548 6615/1598/6558 6650/111/6593
f 4071/289/4016 4069/1876/4014 4088/2756/4033 4085/3747/4030
f 1028/216/982 2999/217/2951 3000/218/2952 1030/219/984
f 6716/373/6659 6718/374/6661 6720/375/6663 6783/376/6726
f 2323/412/2275 2319/413/2271 2318/414/2270 2324/415/2276
f 6226/529/6169 6225/3006/6168 6167/3007/6110 6170/530/6113
f 6654/626/6597 6656/772/6599 6651/627/6594
f 6870/3130/6813 6867/1733/6810 6792/1732/6735 6790/3131/6733
f 6655/3015/6598 6652/2425/6595 6657/110/6600
f 5643/2427/5586 5710/1599/5653 5754/2425/5697 5755/2426/5698
f 6651/627/6594 6656/772/6599 6660/439/6603
f 6591/400/6534 6594/403/6537 6596/2443/6539 6661/2442/6604
f 6009/1909/5952 6011/513/5954 6019/1153/5962 6010/1152/5953
f 6417/2443/6360 6415/1779/6358 6413/1782/6356 6476/2442/6419
f 6730/2652/6673 6729/1810/6672 6728/1809/6671 6731/2651/6674
f 5457/80/5400 5455/529/5398 5456/530/5399 5458/81/5401
f 4148/3881/4092 4147/3842/4091 4150/3835/4094 4153/3826/4097
f 6664/3133/6607 6665/723/6608 6662/722/6605
f 6664/3133/6607 6666/3652/6609 6665/723/6608
f 6667/1571/6610 6732/1852/6675 6734/1851/6677 6736/1572/6679
f 5638/736/5581 5641/735/5584 5644/1878/5587 5645/1877/5588
f 6365/4341/6308 6311/2658/6254 6299/2657/6242 6313/1102/6256
f 6665/723/6608 6666/3652/6609 6673/2657/6616
f 6673/2657/6616 6666/3652/6609 6671/1016/6614
f 4835/431/4779 4834/430/4778 4837/316/4781 4838/4378/4782
f 6040/1969/5983 6117/1970/6060 6120/1971/6063 6116/1968/6059
f 6674/2635/6617 6672/2676/6615 6677/2636/6620
f 6672/2676/6615 6668/905/6611 6677/2636/6620
f 5878/1358/5821 5876/2759/5819 5824/2762/5767 5822/3542/5765
f 6677/2636/6620 6668/905/6611 6678/2656/6621
f 6668/905/6611 6665/723/6608 6678/2656/6621
f 6665/723/6608 6673/2657/6616 6678/2656/6621
f 6527/3472/6470 6521/3471/6464 6447/3206/6390 6529/3205/6472
f 6686/580/6629 6688/581/6631 6690/582/6633 6691/579/6634
f 6744/4355/6687 6742/4341/6685 6681/1102/6624
f 6097/1598/6040 6103/1599/6046 6107/695/6050 6118/698/6061
f 6681/1102/6624 6683/3225/6626 6744/4355/6687
f 6747/3600/6690 6744/4355/6687 6683/3225/6626
f 3998/3541/3943 3994/3564/3939 3996/3656/3941 4002/3276/3947
f 701/1397/655 703/1411/657 697/725/651 699/1395/653
f 6681/1102/6624 6684/1101/6627 6683/3225/6626
f 6247/3663/6190 6245/3553/6188 6186/3556/6129 6189/3664/6132
f 6684/1101/6627 6687/3026/6630 6683/3225/6626
f 6620/4025/6563 6616/3554/6559 6619/3553/6562 6622/4026/6565
f 6688/581/6631 6685/2066/6628 6689/3025/6632
f 3286/3577/3231 3274/3710/3219 3275/3713/3220 3276/3578/3221
f 6688/581/6631 6689/3025/6632 6690/582/6633
f 6098/3015/6041 6093/110/6036 6094/113/6037 6099/3016/6042
f 1853/1127/1805 1848/412/1800 1849/415/1801 1854/2455/1806
f 6625/3094/6568 6566/3097/6509 6567/3471/6510 6626/3472/6569
f 3690/1735/3635 3738/1737/3683 3732/3686/3677 3691/788/3636
f 6693/2788/6636 6696/2694/6639 6697/2947/6640
f 6530/2561/6473 6529/3205/6472 6447/3206/6390 6450/3207/6393
f 6699/2948/6642 6697/2947/6640 6696/2694/6639
f 5975/2658/5918 5974/2655/5917 5907/2656/5850 5902/2657/5845
f 6696/2694/6639 6700/2693/6643 6699/2948/6642
f 6062/659/6005 6058/275/6001 6067/2663/6010 6065/268/6008
f 6696/2694/6639 6692/2985/6635 6701/2695/6644
f 6630/660/6573 6571/659/6514 6573/268/6516 6632/271/6575
f 1548/94/1500 432/95/386 1709/92/1661 435/93/389
f 6702/266/6645 6701/2695/6644 6703/267/6646
f 6323/2787/6266 6320/579/6263 6322/582/6265 6325/2788/6268
f 6705/3320/6648 6703/267/6646 6701/2695/6644
f 1670/147/1622 1657/146/1609 1654/396/1606 1658/2625/1610
f 6706/2488/6649 6705/3320/6648 6701/2695/6644
f 2547/3244/2499 2546/1625/2498 2549/488/2501 2550/3193/2502
f 2892/3212/2844 2891/3211/2843 2890/3324/2842 2893/3326/2845
f 5498/4345/5441 5489/2475/5432 5497/2474/5440 5499/2529/5442
f 6710/4356/6653 6692/2985/6635 6687/3026/6630
f 1509/840/1461 1513/3261/1465 1516/3124/1468 1514/841/1466
f 6710/4356/6653 6687/3026/6630 6711/2306/6654
f 6687/3026/6630 6684/1101/6627 6711/2306/6654
f 6684/1101/6627 6712/1100/6655 6711/2306/6654
f 5939/2307/5882 5938/2306/5881 5940/1100/5883 5941/1518/5884
f 6500/1877/6443 6498/736/6441 6422/735/6365 6424/1878/6367
f 6713/1519/6656 6712/1100/6655 6682/1103/6625
f 2565/1664/2517 3832/3968/3777 2564/480/2516 2574/483/2526
f 5943/405/5886 5942/1519/5885 5911/1103/5854 5946/279/5889
f 2872/226/2824 2874/768/2826 338/767/292 339/227/293
f 6671/1016/6614 6717/279/6660 6682/1103/6625
f 5444/110/5387 5445/2425/5388 5448/1599/5391 5449/111/5392
f 5514/279/5457 5509/1479/5452 5583/1480/5526 5512/276/5455
f 375/3104/329 5271/4324/5215 5270/4323/5214 5268/4319/5212
f 6227/80/6170 6226/529/6169 6170/530/6113 6228/81/6171
f 1886/2973/1838 1866/1642/1818 1876/1643/1828 1882/2972/1834
f 6720/375/6663 6718/374/6661 6723/548/6666
f 4659/4169/4603 4651/4114/4595 4652/3241/4596 4658/3240/4602
f 6722/2929/6665 6724/1479/6667 6719/1015/6662
f 5767/1154/5710 5770/1151/5713 5839/1152/5782 5841/1153/5784
f 6718/374/6661 6727/278/6670 6723/548/6666
f 2272/2907/2224 2278/1516/2230 2281/116/2233 2271/115/2223
f 5703/2443/5646 5694/943/5637 5691/1905/5634 5693/1779/5636
f 6863/1153/6806 6861/1154/6804 6796/1151/6739 6865/1152/6808
f 6170/733/6113 6167/1119/6110 6169/1120/6112 6171/734/6114
f 6663/724/6606 6729/721/6672 6662/722/6605 6665/723/6608
f 6664/3133/6607 6730/3132/6673 6732/3651/6675 6666/3652/6609
f 6731/2651/6674 6728/1809/6671 6733/564/6676
f 6731/2651/6674 6733/564/6676 6734/1851/6677
f 4475/4021/4419 4471/3916/4415 4476/3919/4420 4479/576/4423
f 6886/2633/6829 6885/2634/6828 6813/2635/6756 6812/2636/6755
f 5966/563/5909 5967/566/5910 5899/444/5842 5969/443/5912
f 6733/564/6676 6738/3120/6681 6734/1851/6677
f 6738/3120/6681 6736/1572/6679 6734/1851/6677
f 4413/4349/4357 4408/4354/4352 4412/4154/4356 4418/3719/4362
f 6362/442/6305 6309/445/6252 6310/231/6253 6361/230/6304
f 6739/442/6682 6740/230/6683 6737/443/6680
f 6737/443/6680 6740/230/6683 6735/563/6678
f 5998/1358/5941 5996/3542/5939 5999/3208/5942 6001/1359/5944
f 6740/230/6683 6741/233/6684 6735/563/6678
f 6735/563/6678 6741/233/6684 6733/564/6676
f 6733/564/6676 6741/233/6684 6738/3120/6681
f 6876/3120/6819 6882/233/6825 6814/232/6757 6887/3119/6830
f 5899/2675/5842 5967/906/5910 5898/905/5841 5901/2676/5844
f 6742/3974/6685 6744/4358/6687 6743/1533/6686
f 5970/3120/5913 5976/1533/5919 5977/1532/5920 5968/1572/5911
f 6746/2703/6689 6743/1533/6686 6744/4358/6687
f 6744/4358/6687 6747/3770/6690 6746/2703/6689
f 5863/2704/5806 5860/2703/5803 5802/3770/5745 5805/3708/5748
f 5600/1533/5543 5594/1534/5537 5584/1531/5527 5585/1532/5528
f 6743/1533/6686 6746/2703/6689 6749/1534/6692
f 6686/580/6629 6748/2065/6691 6685/2066/6628 6688/581/6631
f 6749/1534/6692 6746/2703/6689 6751/2706/6694
f 6440/272/6383 6437/2045/6380 6435/2770/6378 6443/273/6386
f 6752/3568/6695 6753/2705/6696 6750/2704/6693
f 6174/3234/6117 6231/1877/6174 6173/1878/6116 6176/3235/6119
f 6752/3568/6695 6755/1357/6698 6753/2705/6696
f 6755/1357/6698 6752/3568/6695 6754/3136/6697
f 6456/3454/6399 6458/3927/6401 6528/2934/6471 6533/3453/6476
f 6756/3137/6699 6755/1357/6698 6754/3136/6697
f 6134/3112/6077 6055/3113/5998 6057/3114/6000 6059/3115/6002
f 6757/3247/6700 6755/1357/6698 6756/3137/6699
f 5548/2949/5491 5620/2950/5563 5547/2947/5490 5549/2948/5492
f 6757/3247/6700 6758/3889/6701 6755/1357/6698
f 5439/3112/5382 5425/3113/5368 5438/3114/5381 5441/3115/5384
f 6755/1357/6698 6758/3889/6701 6759/2760/6702
f 6257/2562/6200 6255/2561/6198 6256/3207/6199 6258/3249/6201
f 4441/3780/4385 4442/3779/4386 4439/3994/4383 4438/3993/4382
f 6252/3112/6195 6193/3113/6136 6195/3114/6138 6210/3115/6153
f 6880/906/6823 6806/724/6749 6805/723/6748 6808/905/6751
f 6117/1970/6060 6041/3179/5984 6114/3178/6057 6120/1971/6063
f 6766/1460/6709 6761/2759/6704 6765/1358/6708
f 6755/1357/6698 6766/1460/6709 6764/1360/6707
f 6767/1359/6710 6766/1460/6709 6765/1358/6708
f 6707/2487/6650 6704/3319/6647 6705/3320/6648 6706/2488/6649
f 6768/1461/6711 6766/1460/6709 6767/1359/6710
f 1975/2895/1927 1976/3050/1928 1977/3052/1929 1979/2850/1931
f 6000/1460/5943 6002/1461/5945 6003/1462/5946 5997/1360/5940
f 6770/4359/6713 6751/2706/6694 6764/1360/6707
f 5561/2306/5504 5559/2309/5502 5551/2985/5494 5560/4356/5503
f 6771/2524/6714 6751/2706/6694 6770/4359/6713
f 6327/2309/6270 6316/2306/6259 6396/2307/6339 6392/2308/6335
f 6751/2706/6694 6771/2524/6714 6749/1534/6692
f 6749/1534/6692 6771/2524/6714 6773/1531/6716
f 6772/2307/6715 6711/2306/6654 6712/1100/6655 6774/1518/6717
f 6581/1806/6524 6580/1791/6523 6582/1804/6525 6648/1805/6591
f 6775/1910/6718 6745/1532/6688 6773/1531/6716
f 2593/2661/2545 2599/2659/2551 2613/2645/2565 2596/2660/2548
f 5977/1532/5920 6007/1910/5950 6009/1909/5952 6010/1152/5953
f 6585/942/6528 6584/1906/6527 6583/1905/6526 6587/943/6530
f 6736/1572/6679 6745/1532/6688 6778/1152/6721
f 1335/2311/1287 1340/2314/1292 1341/2323/1293 1342/2316/1294
f 5447/1782/5390 5386/1779/5329 5389/1780/5332 5390/1781/5333
f 5125/4317/5069 5286/2643/5230 392/4319/346 5293/4321/5237
f 1478/610/1430 1464/2457/1416 1449/2456/1401 1481/611/1433
f 6013/1570/5956 6012/1569/5955 6015/3130/5958 5953/3131/5896
f 6782/512/6725 6786/2459/6729 6779/513/6722
f 5390/1781/5333 5389/1780/5332 5393/3109/5336 5443/3110/5386
f 6784/3130/6727 6780/1569/6723 6787/1733/6730
f 5958/1154/5901 6018/1151/5961 6010/1152/5953 6019/1153/5962
f 6779/513/6722 6786/2459/6729 6788/1153/6731
f 5762/439/5705 5759/772/5702 5698/771/5641 5704/438/5647
f 5769/278/5712 5768/374/5711 5771/405/5714 5773/279/5716
f 1015/216/969 2961/217/2913 2962/218/2914 488/219/442
f 6191/272/6134 6187/273/6130 6196/274/6139 6198/275/6141
f 6213/3015/6156 6214/3016/6157 6163/2426/6106 6216/2425/6159
f 6791/2929/6734 6794/1479/6737 6795/1015/6738
f 6218/1599/6161 6216/2425/6159 6163/2426/6106 6217/2427/6160
f 6152/112/6095 6212/113/6155 6215/110/6158 6219/111/6162
f 6215/110/6158 6216/2425/6159 6218/1599/6161 6219/111/6162
f 3317/458/3262 433/2931/387 3264/2932/3209 3263/1933/3208
f 6223/438/6166 6152/112/6095 6219/111/6162 6222/439/6165
f 6352/3132/6295 6348/3651/6291 6298/3652/6241 6300/3133/6243
f 5897/3652/5840 5895/3133/5838 5892/3132/5835 5962/3651/5905
f 4549/4020/4493 4556/260/4500 4566/2776/4510 4570/2330/4514
f 6802/3133/6745 6805/723/6748 6803/722/6746
f 6728/1809/6671 6729/1810/6672 6663/565/6606 6733/564/6676
f 6802/3133/6745 6799/3652/6742 6805/723/6748
f 6807/2657/6750 6799/3652/6742 6797/1016/6740
f 6805/723/6748 6799/3652/6742 6807/2657/6750
f 6308/2635/6251 6312/2636/6255 6310/2633/6253 6309/2634/6252
f 6230/79/6173 6231/78/6174 6174/3581/6117 6233/3582/6176
f 6805/723/6748 6807/2657/6750 6810/2656/6753
f 6808/905/6751 6805/723/6748 6810/2656/6753
f 6812/2636/6755 6808/905/6751 6810/2656/6753
f 6811/2676/6754 6808/905/6751 6812/2636/6755
f 5646/3234/5589 5648/3235/5591 5650/3236/5593 5651/3237/5594
f 6813/2635/6756 6811/2676/6754 6812/2636/6755
f 6235/1968/6178 6178/1969/6121 6236/1970/6179 6234/1971/6177
f 6234/1971/6177 6236/1970/6179 6237/3179/6180 6232/3178/6175
f 6907/3141/6850 6906/1461/6849 6909/1359/6852 6840/3208/6783
f 6238/698/6181 6229/695/6172 6179/696/6122 6239/697/6182
f 6817/4355/6760 6816/4341/6759 6815/1102/6758
f 6168/3259/6111 6165/533/6108 6161/1794/6104 6181/1793/6124
f 6797/1016/6740 6798/279/6741 6818/1103/6761
f 6815/1102/6758 6819/3225/6762 6817/4355/6760
f 6820/3600/6763 6817/4355/6760 6819/3225/6762
f 582/1194/536 580/1192/534 583/1195/537 586/1211/540
f 6815/1102/6758 6821/1101/6764 6819/3225/6762
f 6245/3553/6188 6242/3554/6185 6243/3555/6186 6186/3556/6129
f 4768/3976/4712 4747/3975/4691 4748/4071/4692 4769/4138/4713
f 6895/2706/6838 6891/2703/6834 6893/2704/6836 6899/2705/6842
f 6823/581/6766 6822/2066/6765 6824/3025/6767
f 6623/3095/6566 6621/3663/6564 6558/3664/6501 6563/3096/6506
f 6823/581/6766 6824/3025/6767 6825/582/6768
f 5628/264/5571 5555/267/5498 5556/3320/5499 5627/3319/5570
f 6821/1101/6764 6826/3026/6769 6819/3225/6762
f 6639/2473/6582 6638/2934/6581 6636/3927/6579 6640/3200/6583
f 3830/945/3775 3827/1286/3772 3828/1289/3773 3829/2172/3774
f 6830/2947/6773 6827/2788/6770 6829/2694/6772
f 6611/3479/6554 6551/773/6494 6550/776/6493 6545/3259/6488
f 6832/2948/6775 6830/2947/6773 6829/2694/6772
f 6698/2949/6641 6695/2950/6638 6697/2947/6640 6699/2948/6642
f 6832/2948/6775 6829/2694/6772 6833/2693/6776
f 2884/668/2836 2881/667/2833 2882/505/2834 2883/504/2835
f 6831/2949/6774 6832/2948/6775 6833/2693/6776 6914/3429/6857
f 5550/2693/5493 5546/2694/5489 5554/2695/5497 5552/266/5495
f 6829/2694/6772 6834/2985/6777 6836/2695/6779
f 5733/2562/5676 5734/3249/5677 5735/3454/5678 5737/3453/5680
f 6835/266/6778 6836/2695/6779 6837/267/6780
f 6262/2934/6205 6260/3453/6203 6204/3454/6147 6203/3927/6146
f 6839/3320/6782 6837/267/6780 6836/2695/6779
f 5488/2562/5431 5486/2561/5429 5487/3207/5430 5434/3249/5377
f 6841/2488/6784 6839/3320/6782 6836/2695/6779
f 6263/2473/6206 6200/3200/6143 6264/2530/6207 6265/2474/6208
f 6562/3282/6505 6561/272/6504 6568/275/6511 6565/3114/6508
f 6770/4359/6713 6764/1360/6707 6769/1462/6712 6771/2524/6714
f 6844/4356/6787 6834/2985/6777 6826/3026/6769
f 6772/2307/6715 6708/2308/6651 6709/2309/6652 6711/2306/6654
f 6844/4356/6787 6826/3026/6769 6845/2306/6788
f 6826/3026/6769 6821/1101/6764 6845/2306/6788
f 6821/1101/6764 6847/1100/6790 6845/2306/6788
f 807/1583/761 1020/1585/974 1027/1596/981 810/1597/764
f 6056/273/5999 6064/274/6007 6058/275/6001 6053/272/5996
f 6849/1519/6792 6847/1100/6790 6818/1103/6761
f 6241/1598/6184 6270/761/6213 6271/769/6214 6219/111/6162
f 6235/1968/6178 6233/3582/6176 6174/3581/6117 6178/1969/6121
f 6222/439/6165 6219/111/6162 6271/769/6214 6273/627/6216
f 4726/1697/4670 4722/1696/4666 4727/2612/4671 4732/2975/4676
f 6854/374/6797 6801/278/6744 6855/548/6798
f 5255/3253/5199 366/3254/320 4894/3255/4838 5256/3256/5200
f 6856/375/6799 6854/374/6797 6855/548/6798
f 2883/504/2835 2882/505/2834 2821/506/2773 2820/507/2772
f 2445/2973/2397 2440/243/2392 2446/242/2398 2448/3111/2400
f 5571/373/5514 5565/374/5508 5566/375/5509 5569/376/5512
f 3422/2962/3367 3417/2961/3362 3458/4052/3403 3457/3562/3402
f 6859/512/6802 6860/2459/6803 6862/513/6805
f 6862/513/6805 6860/2459/6803 6863/1153/6806
f 935/195/889 937/1075/891 941/1579/895 942/1424/896
f 6469/942/6412 6468/1906/6411 6467/1905/6410 6470/943/6413
f 5451/439/5394 5449/111/5392 5474/769/5417 5505/627/5448
f 2374/1937/2326 2369/1938/2321 2373/667/2325 2378/668/2330
f 5622/1360/5565 5614/2706/5557 5615/2705/5558 5625/1357/5568
f 5770/1151/5713 5777/1732/5720 5835/1733/5778 5839/1152/5782
f 6184/3649/6127 6160/1791/6103 6158/1806/6101 6268/3650/6211
f 6284/405/6227 6287/1519/6230 6291/1103/6234 6286/279/6229
f 6866/1910/6809 6869/1532/6812 6868/1531/6811
f 2177/2654/2129 2151/2646/2103 2176/2645/2128 2178/2659/2130
f 552/1205/506 549/3085/503 550/1114/504 555/1129/509
f 6870/3130/6813 6871/1569/6814 6867/1733/6810
f 6217/534/6160 6163/535/6106 6164/536/6107 6165/533/6108
f 2254/2893/2206 2250/1855/2202 2251/1828/2203 2255/2901/2207
f 6873/1572/6816 6869/1532/6812 6865/1152/6808
f 4079/1496/4024 4084/1499/4029 4086/281/4031 4081/76/4026
f 6721/547/6664 6723/548/6666 6727/278/6670 6789/277/6732
f 6299/2657/6242 6297/1016/6240 6291/1103/6234 6313/1102/6256
f 6876/3120/6819 6873/1572/6816 6874/1851/6817
f 5595/2651/5538 5593/2652/5536 5520/1810/5463 5597/1809/5540
f 2342/118/2294 2339/1716/2291 2341/1715/2293 2348/121/2300
f 6877/2651/6820 6879/564/6822 6874/1851/6817
f 6877/2651/6820 6878/1809/6821 6879/564/6822
f 6879/564/6822 6876/3120/6819 6874/1851/6817
f 6443/273/6386 6451/274/6394 6445/275/6388 6440/272/6383
f 6129/3663/6072 6052/3664/5995 6130/3096/6073 6131/3095/6074
f 6879/564/6822 6882/233/6825 6876/3120/6819
f 6881/563/6824 6882/233/6825 6879/564/6822
f 5830/2950/5773 5868/2787/5811 5829/2788/5772 5832/2947/5775
f 4412/4154/4356 4408/4354/4352 4407/3700/4351 4411/3610/4355
f 6756/3137/6699 6694/3245/6637 6695/3246/6638 6757/3247/6700
f 4827/4031/4771 4823/3965/4767 4822/3967/4766 4826/4032/4770
f 6888/230/6831 6882/233/6825 6881/563/6824
f 6883/443/6826 6888/230/6831 6881/563/6824
f 6884/442/6827 6888/230/6831 6883/443/6826
f 6738/3120/6681 6680/3119/6623 6742/3974/6685 6743/1533/6686
f 6816/3974/6759 6817/4358/6760 6889/1533/6832
f 5778/1100/5721 5803/1101/5746 5797/1102/5740 5779/1103/5722
f 6891/2703/6834 6889/1533/6832 6817/4358/6760
f 6889/1533/6832 6891/2703/6834 6890/1534/6833
f 6817/4358/6760 6820/3770/6763 6891/2703/6834
f 6890/1534/6833 6892/2524/6835 6868/1531/6811
f 3819/3337/3764 3817/2786/3762 3818/2785/3763 3820/1240/3765
f 6186/2044/6129 6243/3759/6186 6183/2770/6126 6185/2045/6128
f 6890/1534/6833 6891/2703/6834 6895/2706/6838
f 6895/2706/6838 6892/2524/6835 6890/1534/6833
f 4583/4143/4527 4586/4079/4530 4591/4081/4535 4592/4089/4536
f 4037/732/3982 4038/731/3983 4039/3726/3984 4042/3084/3987
f 6121/3554/6064 6123/3553/6066 6128/4026/6071 6127/4025/6070
f 6896/3568/6839 6899/2705/6842 6893/2704/6836
f 6896/3568/6839 6900/3136/6843 6899/2705/6842
f 6814/2655/6757 6886/2633/6829 6812/2636/6755 6810/2656/6753
f 6892/2524/6835 6895/2706/6838 6902/4359/6845
f 6381/2949/6324 6326/2950/6269 6340/2947/6283 6341/2948/6284
f 5621/1462/5564 5591/2524/5534 5618/4359/5561 5622/1360/5565
f 6902/4359/6845 6895/2706/6838 6905/1360/6848
f 4741/3559/4685 4734/2974/4678 4735/2976/4679 4740/3631/4684
f 2236/3014/2188 2233/2828/2185 2235/925/2187 2238/2765/2190
f 6904/1462/6847 6905/1360/6848 6906/1461/6849
f 5338/3212/5282 5337/3211/5281 5336/3324/5280 5339/3326/5283
f 6237/773/6180 6175/776/6118 6168/3259/6111 6179/3479/6122
f 6906/1461/6849 6905/1360/6848 6909/1359/6852
f 5870/3137/5813 5868/3245/5811 5830/3246/5773 5872/3247/5815
f 4789/3061/4733 4786/3175/4730 4782/2964/4726 4787/2967/4731
f 6206/268/6149 6258/271/6201 6256/660/6199 6208/659/6151
f 6912/3247/6855 6908/1357/6851 6903/3137/6846
f 4765/3647/4709 4762/3602/4706 4763/2766/4707 4778/2769/4722
f 6910/1358/6853 6908/1357/6851 6913/2759/6856
f 5619/3137/5562 5543/3245/5486 5620/3246/5563 5630/3247/5573
f 6915/3889/6858 6908/1357/6851 6912/3247/6855
f 6913/2759/6856 6908/1357/6851 6916/2760/6859
f 6916/2760/6859 6908/1357/6851 6915/3889/6858
f 1607/2758/1559 1603/2102/1555 1608/209/1560 1620/208/1572
f 6930/4379/6873 1318/4380/1270 6931/4381/6874 7300/4382/7082
f 6917/4383/6860 1304/4384/1256 6918/4362/6861 7305/4365/7087
f 6930/4379/6873 7301/2833/7083 6927/4385/6870 1318/4380/1270
f 1313/4386/1265 6926/4387/6869 6925/2832/6868 7304/4388/7086
f 6935/4389/6878 6940/4390/6883 6939/4391/6882 7297/4392/7079
f 6927/4385/6870 7301/2833/7083 6925/2832/6868 6926/4387/6869
f 6931/4381/6874 1322/4393/1274 6933/4394/6876 7300/4382/7082
f 5806/2306/5749 5778/1100/5721 5775/1518/5718 5885/2307/5828
f 6919/4395/6862 1304/4384/1256 6917/4383/6860 7292/4396/7074
f 7291/4397/7073 6929/4398/6872 6921/4399/6864 7292/4396/7074
f 7303/4400/7085 7304/4388/7086 6925/2832/6868 6932/2831/6875
f 6920/4364/6863 1312/4363/1264 1313/4386/1265 7304/4388/7086
f 6919/4395/6862 7292/4396/7074 6921/4399/6864 6922/4401/6865
f 6923/4402/6866 6922/4401/6865 6921/4399/6864 7294/4403/7076
f 6935/4389/6878 7297/4392/7079 6933/4394/6876 1322/4393/1274
f 7300/4382/7082 6933/4394/6876 6937/4404/6880 7299/4405/7081
f 7303/4400/7085 6936/4406/6879 6928/4407/6871
f 7306/4408/7088 6936/4406/6879 6924/4409/6867
f 6936/4406/6879 7302/2830/7084 6934/4410/6877
f 7291/4397/7073 6936/4406/6879 6929/4398/6872
f 7298/4411/7080 6937/4404/6880 6933/4394/6876 7297/4392/7079
f 6936/4406/6879 7299/4405/7081 6937/4404/6880
f 7295/4412/7077 6938/4413/6881 6939/4391/6882 7296/4414/7078
f 6936/4406/6879 7298/4411/7080 6938/4413/6881
f 6936/4406/6879 7295/4412/7077 6941/4415/6884
f 7293/4416/7075 6936/4406/6879 6941/4415/6884
f 7294/4403/7076 7293/4416/7075 6941/4415/6884 6942/4417/6885
f 2411/3032/2363 2410/1864/2362 2415/1679/2367 2414/1097/2366
f 6923/4402/6866 7294/4403/7076 6942/4417/6885 6943/4418/6886
f 6944/4419/6887 6946/4420/6889 6945/4421/6888
f 6944/4419/6887 6945/4421/6888 6947/4422/6890
f 6946/4420/6889 6948/4423/6891 6945/4421/6888
f 6947/4422/6890 6945/4421/6888 4326/4424/4270
f 6948/4423/6891 4261/4425/4205 6945/4421/6888
f 4326/4424/4270 6945/4421/6888 4329/4426/4273
f 4261/4425/4205 4268/4427/4212 6945/4421/6888
f 4329/4426/4273 6945/4421/6888 6949/4428/6892
f 6950/4429/6893 6945/4421/6888 4268/4427/4212
f 4336/4430/4280 6949/4428/6892 6945/4421/6888
f 4364/4431/4308 6945/4421/6888 6950/4429/6893
f 6951/4432/6894 4336/4430/4280 6945/4421/6888
f 4359/4433/4303 6945/4421/6888 4364/4431/4308
f 6952/4434/6895 6951/4432/6894 6945/4421/6888
f 4354/4435/4298 6945/4421/6888 4359/4433/4303
f 4349/4436/4293 6952/4434/6895 6945/4421/6888
f 4349/4436/4293 6945/4421/6888 4354/4435/4298
f 481/4437/435 6954/4438/6896 6953/4439/6879
f 6955/4440/6897 481/4437/435 6953/4439/6879
f 6954/4438/6896 6956/4441/6898 6953/4439/6879
f 1042/4442/996 6955/4440/6897 6953/4439/6879
f 6956/4441/6898 1022/4443/976 6953/4439/6879
f 1041/4444/995 1042/4442/996 6953/4439/6879
f 1022/4443/976 1023/4445/977 6953/4439/6879
f 976/4446/930 1041/4444/995 6953/4439/6879
f 1023/4445/977 833/4447/787 6953/4439/6879
f 485/4448/439 976/4446/930 6953/4439/6879
f 833/4447/787 6957/4449/6899 6953/4439/6879
f 484/4450/438 485/4448/439 6953/4439/6879
f 6957/4449/6899 809/4451/763 6953/4439/6879
f 6958/4452/6900 484/4450/438 6953/4439/6879
f 809/4451/763 759/4453/713 6953/4439/6879
f 6959/4454/6901 6958/4452/6900 6953/4439/6879
f 759/4453/713 758/4455/712 6953/4439/6879
f 547/4456/501 6959/4454/6901 6953/4439/6879
f 758/4455/712 731/4457/685 6953/4439/6879
f 6960/4458/6902 547/4456/501 6953/4439/6879
f 731/4457/685 1035/4459/989 6953/4439/6879
f 1031/4460/985 6960/4458/6902 6953/4439/6879
f 1035/4459/989 6961/4461/6903 6953/4439/6879
f 6961/4461/6903 1031/4460/985 6953/4439/6879
f 6962/4171/6904 6963/4170/6905 5284/4182/5228
f 6964/4186/6906 6962/4171/6904 5284/4182/5228
f 6963/4170/6905 6965/4173/6907 5284/4182/5228
f 6966/4187/6908 6964/4186/6906 5284/4182/5228
f 6967/2937/6909 6963/4170/6905 6962/4171/6904
f 6967/2937/6909 6962/4171/6904 6964/4186/6906
f 6963/4170/6905 6968/4462/6910 6965/4173/6907
f 6963/4170/6905 6967/2937/6909 6968/4462/6910
f 6969/2938/6911 6964/4186/6906 6966/4187/6908
f 6969/2938/6911 6967/2937/6909 6964/4186/6906
f 6965/4173/6907 6968/4462/6910 6970/1011/6912
f 6965/4173/6907 6970/1011/6912 6971/4174/6913
f 6972/2936/6914 6969/2938/6911 6966/4187/6908
f 6972/2936/6914 6966/4187/6908 6973/4188/6915
f 6970/1011/6912 6974/1010/6916 6971/4174/6913
f 6975/4012/6917 6972/2936/6914 6973/4188/6915
f 6974/1010/6916 6976/4175/6918 6971/4174/6913
f 6976/4175/6918 5282/4176/5226 6971/4174/6913
f 6977/1009/6919 6974/1010/6916 6970/1011/6912
f 7057/3264/6999 7051/4195/6993 7049/4463/6991 7048/1785/6990
f 6977/1009/6919 6976/4175/6918 6974/1010/6916
f 6976/4175/6918 6978/4464/6920 5282/4176/5226
f 6976/4175/6918 6977/1009/6919 6978/4464/6920
f 6978/4464/6920 6979/4181/6921 5282/4176/5226
f 5282/4176/5226 6979/4181/6921 6980/4223/6922
f 7074/992/7016 7071/4465/7013 7067/4095/7009 7078/4236/7020
f 6978/4464/6920 6981/3081/6923 6979/4181/6921
f 6979/4181/6921 6982/4205/6924 6980/4223/6922
f 6981/3081/6923 6982/4205/6924 6979/4181/6921
f 6982/4205/6924 6983/4222/6925 6980/4223/6922
f 6981/3081/6923 6983/4222/6925 6982/4205/6924
f 6983/4222/6925 5279/4220/5223 6980/4223/6922
f 6981/3081/6923 6984/4221/6926 6983/4222/6925
f 6983/4222/6925 6984/4221/6926 5279/4220/5223
f 6984/4221/6926 6986/4047/6928 5279/4220/5223
f 5279/4220/5223 6986/4047/6928 5278/4217/5222
f 7026/4199/6968 7022/2921/6964 7027/4086/6969 7028/4088/6970
f 6987/3217/6929 6981/3081/6923 6985/2577/6927
f 6986/4047/6928 6988/4046/6930 5278/4217/5222
f 6987/3217/6929 6988/4046/6930 6986/4047/6928
f 6988/4046/6930 6989/4144/6931 5278/4217/5222
f 6987/3217/6929 6989/4144/6931 6988/4046/6930
f 6989/4144/6931 6990/4216/6932 5278/4217/5222
f 6987/3217/6929 6991/4466/6933 6989/4144/6931
f 6989/4144/6931 6991/4466/6933 6990/4216/6932
f 6991/4466/6933 6992/3218/6934 6990/4216/6932
f 6990/4216/6932 6992/3218/6934 6993/4215/6935
f 7022/2921/6964 7019/4467/6961 7015/1056/6957 7018/2918/6960
f 6991/4466/6933 6994/1274/6936 6992/3218/6934
f 6992/3218/6934 6995/1277/6937 6993/4215/6935
f 6994/1274/6936 6995/1277/6937 6992/3218/6934
f 6995/1277/6937 6996/1276/6938 6993/4215/6935
f 6994/1274/6936 6996/1276/6938 6995/1277/6937
f 6996/1276/6938 6997/4214/6939 6993/4215/6935
f 2731/2901/2683 2726/1828/2678 2728/1831/2680 2733/2900/2685
f 6996/1276/6938 6994/1274/6936 6999/4468/6941
f 6996/1276/6938 6999/4468/6941 6997/4214/6939
f 6994/1274/6936 6998/3216/6940 7000/1344/6942
f 7079/4469/7021 7074/992/7016 7080/1750/7022 7081/1748/7023
f 6999/4468/6941 7001/1343/6943 6997/4214/6939
f 6997/4214/6939 7001/1343/6943 5274/4212/5218
f 7001/1343/6943 7002/1345/6944 5274/4212/5218
f 7000/1344/6942 7002/1345/6944 7001/1343/6943
f 7002/1345/6944 7003/1872/6945 5274/4212/5218
f 7000/1344/6942 7003/1872/6945 7002/1345/6944
f 7003/1872/6945 7004/4211/6946 5274/4212/5218
f 7003/1872/6945 7000/1344/6942 7005/1875/6947
f 7003/1872/6945 7005/1875/6947 7004/4211/6946
f 7005/1875/6947 7006/4210/6948 7004/4211/6946
f 7004/4211/6946 7006/4210/6948 5273/4208/5217
f 7106/3333/7048 7102/4470/7044 7097/1622/7039 7101/1621/7043
f 7005/1875/6947 7007/1874/6949 7006/4210/6948
f 7006/4210/6948 7008/4209/6950 5273/4208/5217
f 7007/1874/6949 7008/4209/6950 7006/4210/6948
f 7008/4209/6950 7009/4207/6951 5273/4208/5217
f 7007/1874/6949 7009/4207/6951 7008/4209/6950
f 7009/4207/6951 5275/4206/5219 5273/4208/5217
f 828/1339/782 827/1338/781 1029/1623/983 829/1607/783
f 7007/1874/6949 7011/3728/6953 7009/4207/6951
f 7009/4207/6951 7011/3728/6953 5275/4206/5219
f 7011/3728/6953 7013/1058/6955 5275/4206/5219
f 5275/4206/5219 7013/1058/6955 7014/4204/6956
f 6977/1009/6919 6970/1011/6912 6968/4462/6910 6967/2937/6909
f 7007/1874/6949 7010/1873/6952 7015/1056/6957
f 7013/1058/6955 7016/1057/6958 7014/4204/6956
f 7015/1056/6957 7016/1057/6958 7013/1058/6955
f 7016/1057/6958 7017/3703/6959 7014/4204/6956
f 7015/1056/6957 7017/3703/6959 7016/1057/6958
f 7017/3703/6959 5276/4203/5220 7014/4204/6956
f 4610/3291/4554 4599/3290/4543 4602/4103/4546 4613/4102/4557
f 7015/1056/6957 7019/4467/6961 7017/3703/6959
f 7017/3703/6959 7019/4467/6961 5276/4203/5220
f 5115/2594/5059 5075/1620/5019 5099/4268/5043 5114/992/5058
f 6967/2937/6909 7020/2578/6962 6977/1009/6919
f 7019/4467/6961 7021/4045/6963 5276/4203/5220
f 5276/4203/5220 7021/4045/6963 5277/4202/5221
f 7007/1874/6949 7005/1875/6947 7000/1344/6942 7010/1873/6952
f 7019/4467/6961 7022/2921/6964 7021/4045/6963
f 7021/4045/6963 7023/4044/6965 5277/4202/5221
f 7022/2921/6964 7023/4044/6965 7021/4045/6963
f 7023/4044/6965 7024/4201/6966 5277/4202/5221
f 7022/2921/6964 7024/4201/6966 7023/4044/6965
f 7024/4201/6966 7025/4198/6967 5277/4202/5221
f 7024/4201/6966 7022/2921/6964 7026/4199/6968
f 7024/4201/6966 7026/4199/6968 7025/4198/6967
f 7022/2921/6964 7018/2918/6960 7027/4086/6969
f 7040/4471/6982 7034/3190/6976 7037/4011/6979 7041/4013/6983
f 7026/4199/6968 7028/4088/6970 7025/4198/6967
f 7025/4198/6967 7028/4088/6970 5281/4197/5225
f 7092/1619/7034 7080/1750/7022 7078/4236/7020 7094/1620/7036
f 5167/3216/5111 5166/2579/5110 5199/1873/5143 5183/1344/5127
f 7028/4088/6970 7030/4087/6972 5281/4197/5225
f 7027/4086/6969 7030/4087/6972 7028/4088/6970
f 7030/4087/6972 7031/4190/6973 5281/4197/5225
f 7027/4086/6969 7031/4190/6973 7030/4087/6972
f 7031/4190/6973 7032/4196/6974 5281/4197/5225
f 7031/4190/6973 7027/4086/6969 7033/4472/6975
f 7031/4190/6973 7033/4472/6975 7032/4196/6974
f 6969/2938/6911 7037/4011/6979 7020/2578/6962 6967/2937/6909
f 7033/4472/6975 7035/4162/6977 7032/4196/6974
f 7033/4472/6975 7034/3190/6976 7035/4162/6977
f 7032/4196/6974 7035/4162/6977 7036/4192/6978
f 7111/4121/7053 7114/4240/7056 7119/3984/7061 7118/4473/7060
f 7029/4474/6971 7037/4011/6979 7034/3190/6976
f 7037/4011/6979 6969/2938/6911 6972/2936/6914
f 7037/4011/6979 6972/2936/6914 6975/4012/6917
f 7035/4162/6977 7038/4161/6980 7036/4192/6978
f 7034/3190/6976 7038/4161/6980 7035/4162/6977
f 7038/4161/6980 7039/4191/6981 7036/4192/6978
f 7034/3190/6976 7039/4191/6981 7038/4161/6980
f 7039/4191/6981 5283/4189/5227 7036/4192/6978
f 7034/3190/6976 7040/4471/6982 7039/4191/6981
f 7039/4191/6981 7040/4471/6982 5283/4189/5227
f 6522/2474/6465 6490/2529/6433 6519/4345/6462 6523/2475/6466
f 7040/4471/6982 7041/4013/6983 5283/4189/5227
f 7037/4011/6979 6975/4012/6917 7041/4013/6983
f 5283/4189/5227 7041/4013/6983 6973/4188/6915
f 7041/4013/6983 6975/4012/6917 6973/4188/6915
f 7042/4160/6984 7044/4159/6986 7043/4266/6985
f 7045/4265/6987 7042/4160/6984 7043/4266/6985
f 7044/4159/6986 7046/4224/6988 7043/4266/6985
f 7047/4264/6989 7045/4265/6987 7043/4266/6985
f 7048/1785/6990 7044/4159/6986 7042/4160/6984
f 7048/1785/6990 7042/4160/6984 7045/4265/6987
f 7044/4159/6986 7049/4463/6991 7046/4224/6988
f 7044/4159/6986 7048/1785/6990 7049/4463/6991
f 7050/1846/6992 7045/4265/6987 7047/4264/6989
f 7050/1846/6992 7048/1785/6990 7045/4265/6987
f 7046/4224/6988 7049/4463/6991 7051/4195/6993
f 7046/4224/6988 7051/4195/6993 7052/4225/6994
f 7053/1844/6995 7050/1846/6992 7047/4264/6989
f 7053/1844/6995 7047/4264/6989 5321/4263/5265
f 7051/4195/6993 7054/4194/6996 7052/4225/6994
f 7055/4178/6997 7053/1844/6995 5321/4263/5265
f 7054/4194/6996 7056/4193/6998 7052/4225/6994
f 7056/4193/6998 5319/4226/5263 7052/4225/6994
f 7057/3264/6999 7054/4194/6996 7051/4195/6993
f 7093/4475/7035 7088/3265/7030 7097/1622/7039 7095/4248/7037
f 7057/3264/6999 7056/4193/6998 7054/4194/6996
f 7056/4193/6998 7058/3763/7000 5319/4226/5263
f 7056/4193/6998 7057/3264/6999 7058/3763/7000
f 7058/3763/7000 7059/4227/7001 5319/4226/5263
f 5319/4226/5263 7059/4227/7001 5318/4229/5262
f 7122/4179/7064 7103/1845/7045 7048/1785/6990 7050/1846/6992
f 7058/3763/7000 7060/2592/7002 7059/4227/7001
f 7059/4227/7001 7061/4230/7003 5318/4229/5262
f 7060/2592/7002 7061/4230/7003 7059/4227/7001
f 7061/4230/7003 7062/4231/7004 5318/4229/5262
f 7060/2592/7002 7062/4231/7004 7061/4230/7003
f 7062/4231/7004 5316/4232/5260 5318/4229/5262
f 7060/2592/7002 7063/4200/7005 7062/4231/7004
f 7062/4231/7004 7063/4200/7005 5316/4232/5260
f 7063/4200/7005 7065/4094/7007 5316/4232/5260
f 5316/4232/5260 7065/4094/7007 7066/4233/7008
f 7067/4095/7009 7063/4200/7005 7060/2592/7002
f 7063/4200/7005 7067/4095/7009 7065/4094/7007
f 7064/2593/7006 7067/4095/7009 7060/2592/7002
f 7065/4094/7007 7068/4096/7010 7066/4233/7008
f 7067/4095/7009 7068/4096/7010 7065/4094/7007
f 7068/4096/7010 7069/4234/7011 7066/4233/7008
f 7067/4095/7009 7069/4234/7011 7068/4096/7010
f 7069/4234/7011 7070/4235/7012 7066/4233/7008
f 7067/4095/7009 7071/4465/7013 7069/4234/7011
f 7069/4234/7011 7071/4465/7013 7070/4235/7012
f 7071/4465/7013 7072/990/7014 7070/4235/7012
f 7070/4235/7012 7072/990/7014 7073/4237/7015
f 7088/3265/7030 7085/3266/7027 7080/1750/7022 7092/1619/7034
f 7071/4465/7013 7074/992/7016 7072/990/7014
f 7072/990/7014 7075/993/7017 7073/4237/7015
f 7074/992/7016 7075/993/7017 7072/990/7014
f 7075/993/7017 7076/3269/7018 7073/4237/7015
f 7074/992/7016 7076/3269/7018 7075/993/7017
f 7076/3269/7018 7077/4238/7019 7073/4237/7015
f 7029/4474/6971 7012/2579/6954 7020/2578/6962 7037/4011/6979
f 7076/3269/7018 7074/992/7016 7079/4469/7021
f 7076/3269/7018 7079/4469/7021 7077/4238/7019
f 7078/4236/7020 7080/1750/7022 7074/992/7016
f 6984/4221/6926 6981/3081/6923 6987/3217/6929 6986/4047/6928
f 7079/4469/7021 7081/1748/7023 7077/4238/7019
f 7077/4238/7019 7081/1748/7023 5312/4239/5256
f 7081/1748/7023 7082/1751/7024 5312/4239/5256
f 7080/1750/7022 7082/1751/7024 7081/1748/7023
f 7082/1751/7024 7083/3267/7025 5312/4239/5256
f 7080/1750/7022 7083/3267/7025 7082/1751/7024
f 7083/3267/7025 5311/4241/5255 5312/4239/5256
f 7083/3267/7025 7080/1750/7022 7085/3266/7027
f 7083/3267/7025 7085/3266/7027 5311/4241/5255
f 7085/3266/7027 7086/4242/7028 5311/4241/5255
f 5311/4241/5255 7086/4242/7028 5310/4243/5254
f 6994/1274/6936 6991/4466/6933 6987/3217/6929 6998/3216/6940
f 7085/3266/7027 7088/3265/7030 7086/4242/7028
f 7086/4242/7028 7089/4244/7031 5310/4243/5254
f 7088/3265/7030 7089/4244/7031 7086/4242/7028
f 7089/4244/7031 7090/4245/7032 5310/4243/5254
f 7088/3265/7030 7090/4245/7032 7089/4244/7031
f 7090/4245/7032 7091/4246/7033 5310/4243/5254
f 7078/4236/7020 7067/4095/7009 7064/2593/7006 7094/1620/7036
f 7088/3265/7030 7093/4475/7035 7090/4245/7032
f 7090/4245/7032 7093/4475/7035 7091/4246/7033
f 7093/4475/7035 7095/4248/7037 7091/4246/7033
f 7091/4246/7033 7095/4248/7037 5314/4249/5258
f 6999/4468/6941 6994/1274/6936 7000/1344/6942 7001/1343/6943
f 7097/1622/7039 7088/3265/7030 7092/1619/7034
f 7095/4248/7037 7098/4219/7040 5314/4249/5258
f 7097/1622/7039 7098/4219/7040 7095/4248/7037
f 7098/4219/7040 7099/4218/7041 5314/4249/5258
f 7097/1622/7039 7099/4218/7041 7098/4219/7040
f 7099/4218/7041 7100/4250/7042 5314/4249/5258
f 7012/2579/6954 7010/1873/6952 7000/1344/6942 6998/3216/6940
f 7097/1622/7039 7102/4470/7044 7099/4218/7041
f 7099/4218/7041 7102/4470/7044 7100/4250/7042
f 5098/3265/5042 5099/4268/5043 5075/1620/5019 5092/4228/5036
f 7103/1845/7045 7057/3264/6999 7048/1785/6990
f 7102/4470/7044 7104/4183/7046 7100/4250/7042
f 7100/4250/7042 7104/4183/7046 5315/4251/5259
f 4279/3904/4223 4274/1871/4218 3033/3908/2985 4282/3907/4226
f 7102/4470/7044 7106/3333/7048 7104/4183/7046
f 7104/4183/7046 7107/4185/7049 5315/4251/5259
f 7106/3333/7048 7107/4185/7049 7104/4183/7046
f 7107/4185/7049 7108/4252/7050 5315/4251/5259
f 7106/3333/7048 7108/4252/7050 7107/4185/7049
f 7108/4252/7050 7109/4253/7051 5315/4251/5259
f 7108/4252/7050 7106/3333/7048 7110/4254/7052
f 7108/4252/7050 7110/4254/7052 7109/4253/7051
f 7106/3333/7048 7101/1621/7043 7111/4121/7053
f 7111/4121/7053 7110/4254/7052 7106/3333/7048
f 7110/4254/7052 7112/4255/7054 7109/4253/7051
f 7110/4254/7052 7111/4121/7053 7112/4255/7054
f 7109/4253/7051 7112/4255/7054 7113/4256/7055
f 7018/2918/6960 7012/2579/6954 7029/4474/6971 7027/4086/6969
f 5011/3334/4955 4981/1620/4925 5025/1783/4969 5024/3984/4968
f 7112/4255/7054 7115/4120/7057 7113/4256/7055
f 7111/4121/7053 7115/4120/7057 7112/4255/7054
f 7115/4120/7057 7116/4119/7058 7113/4256/7055
f 7111/4121/7053 7116/4119/7058 7115/4120/7057
f 7116/4119/7058 7117/4257/7059 7113/4256/7055
f 7116/4119/7058 7111/4121/7053 7118/4473/7060
f 7116/4119/7058 7118/4473/7060 7117/4257/7059
f 6981/3081/6923 6978/4464/6920 6977/1009/6919 6985/2577/6927
f 7118/4473/7060 7120/3982/7062 7117/4257/7059
f 7118/4473/7060 7119/3984/7061 7120/3982/7062
f 7117/4257/7059 7120/3982/7062 7121/4258/7063
f 7027/4086/6969 7029/4474/6971 7034/3190/6976 7033/4472/6975
f 7119/3984/7061 7114/4240/7056 7122/4179/7064
f 7122/4179/7064 7050/1846/6992 7053/1844/6995
f 7122/4179/7064 7053/1844/6995 7055/4178/6997
f 7120/3982/7062 7123/3985/7065 7121/4258/7063
f 7119/3984/7061 7123/3985/7065 7120/3982/7062
f 7123/3985/7065 7124/4259/7066 7121/4258/7063
f 7119/3984/7061 7124/4259/7066 7123/3985/7065
f 7124/4259/7066 5320/4260/5264 7121/4258/7063
f 7119/3984/7061 7126/4476/7068 7124/4259/7066
f 7124/4259/7066 7126/4476/7068 5320/4260/5264
f 7126/4476/7068 7119/3984/7061 7122/4179/7064
f 7126/4476/7068 7127/4262/7069 5320/4260/5264
f 7126/4476/7068 7122/4179/7064 7127/4262/7069
f 7122/4179/7064 7055/4178/6997 7127/4262/7069
f 5320/4260/5264 7127/4262/7069 5321/4263/5265
f 7127/4262/7069 7055/4178/6997 5321/4263/5265
f 1/1/1 3/2/1 2/3/1 4/4/1
f 1049/4477/1003 1046/4478/1000 7211/4479/1160 7181/4480/1161
f 7181/4480/1161 7211/4479/1160 7212/4481/1160 7182/4482/1161
f 7182/4482/1161 7212/4481/1160 7213/4483/1160 7183/4484/1161
f 7183/4484/1161 7213/4483/1160 7214/4485/1160 7184/4486/1161
f 7184/4486/1161 7214/4485/1160 7215/4487/1160 7185/4488/1161
f 7185/4488/1161 7215/4487/1160 7216/4489/1160 7186/4490/1161
f 7186/4490/1161 7216/4489/1160 7217/4491/1160 7187/4492/1161
f 7187/4492/1161 7217/4491/1160 7218/4493/1160 7188/4494/1161
f 7188/4494/1161 7218/4493/1160 7219/4495/1160 7189/4496/1161
f 7189/4496/1161 7219/4495/1160 7220/783/1160 7190/790/1161
f 1075/4497/1029 354/4498/308 7271/4499/1191 7191/4500/1192
f 7191/4500/1192 7271/4499/1191 7272/4501/1191 7192/4502/1192
f 7192/4502/1192 7272/4501/1191 7273/4503/1191 7193/4504/1192
f 7193/4504/1192 7273/4503/1191 7274/4505/1191 7194/4506/1192
f 7194/4506/1192 7274/4505/1191 7275/4507/1191 7195/4508/1192
f 7195/4508/1192 7275/4507/1191 7276/4509/1191 7196/4510/1192
f 7196/4510/1192 7276/4509/1191 7277/4511/1191 7197/4512/1192
f 7197/4512/1192 7277/4511/1191 7278/4513/1191 7198/4514/1192
f 7198/4514/1192 7278/4513/1191 7279/4515/1191 7199/4516/1192
f 7199/4516/1192 7279/4515/1191 7280/803/1191 7200/806/1192
f 1096/4517/1050 7261/4518/1250 7210/4519/1 360/4520/314
f 7261/4518/1250 7262/4521/1250 7209/4522/1 7210/4519/1
f 7262/4521/1250 7263/4523/1250 7208/4524/1 7209/4522/1
f 7263/4523/1250 7264/4525/1250 7207/4526/1 7208/4524/1
f 7264/4525/1250 7265/4527/1250 7206/4528/1 7207/4526/1
f 7265/4527/1250 7266/4529/1250 7205/4530/1 7206/4528/1
f 7266/4529/1250 7267/4531/1250 7204/4532/1 7205/4530/1
f 7267/4531/1250 7268/4533/1250 7203/4534/1 7204/4532/1
f 7268/4533/1250 7269/4535/1250 7202/4536/1 7203/4534/1
f 7269/4535/1250 7270/815/1250 7201/859/1 7202/4536/1
f 1096/4517/1050 358/4537/312 7171/4538/1204 7261/4518/1250
f 7261/4518/1250 7171/4538/1204 7172/4539/1204 7262/4521/1250
f 7262/4521/1250 7172/4539/1204 7173/4540/1204 7263/4523/1250
f 7263/4523/1250 7173/4540/1204 7174/4541/1204 7264/4525/1250
f 7264/4525/1250 7174/4541/1204 7175/4542/1204 7265/4527/1250
f 7265/4527/1250 7175/4542/1204 7176/4543/1204 7266/4529/1250
f 7266/4529/1250 7176/4543/1204 7177/4544/1204 7267/4531/1250
f 7267/4531/1250 7177/4544/1204 7178/4545/1204 7268/4533/1250
f 7268/4533/1250 7178/4545/1204 7179/4546/1204 7269/4535/1250
f 7269/4535/1250 7179/4546/1204 7180/813/1204 7270/815/1250
f 358/4537/312 1089/4547/1043 7251/4548/1203 7171/4538/1204
f 7171/4538/1204 7251/4548/1203 7252/4549/1203 7172/4539/1204
f 7172/4539/1204 7252/4549/1203 7253/4550/1203 7173/4540/1204
f 7173/4540/1204 7253/4550/1203 7254/4551/1203 7174/4541/1204
f 7174/4541/1204 7254/4551/1203 7255/4552/1203 7175/4542/1204
f 7175/4542/1204 7255/4552/1203 7256/4553/1203 7176/4543/1204
f 7176/4543/1204 7256/4553/1203 7257/4554/1203 7177/4544/1204
f 7177/4544/1204 7257/4554/1203 7258/4555/1203 7178/4545/1204
f 7178/4545/1204 7258/4555/1203 7259/4556/1203 7179/4546/1204
f 7179/4546/1204 7259/4556/1203 7260/812/1203 7180/813/1204
f 357/4557/311 7281/4558/1197 7251/4548/1203 1089/4547/1043
f 7281/4558/1197 7282/4559/1197 7252/4549/1203 7251/4548/1203
f 7282/4559/1197 7283/4560/1197 7253/4550/1203 7252/4549/1203
f 7283/4560/1197 7284/4561/1197 7254/4551/1203 7253/4550/1203
f 7284/4561/1197 7285/4562/1197 7255/4552/1203 7254/4551/1203
f 7285/4562/1197 7286/4563/1197 7256/4553/1203 7255/4552/1203
f 7286/4563/1197 7287/4564/1197 7257/4554/1203 7256/4553/1203
f 7287/4564/1197 7288/4565/1197 7258/4555/1203 7257/4554/1203
f 7288/4565/1197 7289/4566/1197 7259/4556/1203 7258/4555/1203
f 7289/4566/1197 7290/809/1197 7260/812/1203 7259/4556/1203
f 357/4557/311 355/4567/309 7161/4568/1196 7281/4558/1197
f 7281/4558/1197 7161/4568/1196 7162/4569/1196 7282/4559/1197
f 7282/4559/1197 7162/4569/1196 7163/4570/1196 7283/4560/1197
f 7283/4560/1197 7163/4570/1196 7164/4571/1196 7284/4561/1197
f 7284/4561/1197 7164/4571/1196 7165/4572/1196 7285/4562/1197
f 7285/4562/1197 7165/4572/1196 7166/4573/1196 7286/4563/1197
f 7286/4563/1197 7166/4573/1196 7167/4574/1196 7287/4564/1197
f 7287/4564/1197 7167/4574/1196 7168/4575/1196 7288/4565/1197
f 7288/4565/1197 7168/4575/1196 7169/4576/1196 7289/4566/1197
f 7289/4566/1197 7169/4576/1196 7170/805/1196 7290/809/1197
f 355/4567/309 1075/4497/1029 7191/4500/1192 7161/4568/1196
f 7161/4568/1196 7191/4500/1192 7192/4502/1192 7162/4569/1196
f 7162/4569/1196 7192/4502/1192 7193/4504/1192 7163/4570/1196
f 7163/4570/1196 7193/4504/1192 7194/4506/1192 7164/4571/1196
f 7164/4571/1196 7194/4506/1192 7195/4508/1192 7165/4572/1196
f 7165/4572/1196 7195/4508/1192 7196/4510/1192 7166/4573/1196
f 7166/4573/1196 7196/4510/1192 7197/4512/1192 7167/4574/1196
f 7167/4574/1196 7197/4512/1192 7198/4514/1192 7168/4575/1196
f 7168/4575/1196 7198/4514/1192 7199/4516/1192 7169/4576/1196
f 7169/4576/1196 7199/4516/1192 7200/806/1192 7170/805/1196
f 354/4498/308 352/4577/306 7151/4578/2 7271/4499/1191
f 7271/4499/1191 7151/4578/2 7152/4579/2 7272/4501/1191
f 7272/4501/1191 7152/4579/2 7153/4580/2 7273/4503/1191
f 7273/4503/1191 7153/4580/2 7154/4581/2 7274/4505/1191
f 7274/4505/1191 7154/4581/2 7155/4582/2 7275/4507/1191
f 7275/4507/1191 7155/4582/2 7156/4583/2 7276/4509/1191
f 7276/4509/1191 7156/4583/2 7157/4584/2 7277/4511/1191
f 7277/4511/1191 7157/4584/2 7158/4585/2 7278/4513/1191
f 7278/4513/1191 7158/4585/2 7159/4586/2 7279/4515/1191
f 7279/4515/1191 7159/4586/2 7160/801/2 7280/803/1191
f 352/4577/306 350/4587/304 7141/4588/1179 7151/4578/2
f 7151/4578/2 7141/4588/1179 7142/4589/1179 7152/4579/2
f 7152/4579/2 7142/4589/1179 7143/4590/1179 7153/4580/2
f 7153/4580/2 7143/4590/1179 7144/4591/1179 7154/4581/2
f 7154/4581/2 7144/4591/1179 7145/4592/1179 7155/4582/2
f 7155/4582/2 7145/4592/1179 7146/4593/1179 7156/4583/2
f 7156/4583/2 7146/4593/1179 7147/4594/1179 7157/4584/2
f 7157/4584/2 7147/4594/1179 7148/4595/1179 7158/4585/2
f 7158/4585/2 7148/4595/1179 7149/4596/1179 7159/4586/2
f 7159/4586/2 7149/4596/1179 7150/799/1179 7160/801/2
f 350/4587/304 349/4597/303 7231/4598/1171 7141/4588/1179
f 7141/4588/1179 7231/4598/1171 7232/4599/1171 7142/4589/1179
f 7142/4589/1179 7232/4599/1171 7233/4600/1171 7143/4590/1179
f 7143/4590/1179 7233/4600/1171 7234/4601/1171 7144/4591/1179
f 7144/4591/1179 7234/4601/1171 7235/4602/1171 7145/4592/1179
f 7145/4592/1179 7235/4602/1171 7236/4603/1171 7146/4593/1179
f 7146/4593/1179 7236/4603/1171 7237/4604/1171 7147/4594/1179
f 7147/4594/1179 7237/4604/1171 7238/4605/1171 7148/4595/1179
f 7148/4595/1179 7238/4605/1171 7239/4606/1171 7149/4596/1179
f 7149/4596/1179 7239/4606/1171 7240/797/1171 7150/799/1179
f 349/4597/303 348/4607/302 7241/4608/1170 7231/4598/1171
f 7231/4598/1171 7241/4608/1170 7242/4609/1170 7232/4599/1171
f 7232/4599/1171 7242/4609/1170 7243/4610/1170 7233/4600/1171
f 7233/4600/1171 7243/4610/1170 7244/4611/1170 7234/4601/1171
f 7234/4601/1171 7244/4611/1170 7245/4612/1170 7235/4602/1171
f 7235/4602/1171 7245/4612/1170 7246/4613/1170 7236/4603/1171
f 7236/4603/1171 7246/4613/1170 7247/4614/1170 7237/4604/1171
f 7237/4604/1171 7247/4614/1170 7248/4615/1170 7238/4605/1171
f 7238/4605/1171 7248/4615/1170 7249/4616/1170 7239/4606/1171
f 7239/4606/1171 7249/4616/1170 7250/795/1170 7240/797/1171
f 348/4607/302 347/4617/301 7221/4618/1164 7241/4608/1170
f 7241/4608/1170 7221/4618/1164 7222/4619/1164 7242/4609/1170
f 7242/4609/1170 7222/4619/1164 7223/4620/1164 7243/4610/1170
f 7243/4610/1170 7223/4620/1164 7224/4621/1164 7244/4611/1170
f 7244/4611/1170 7224/4621/1164 7225/4622/1164 7245/4612/1170
f 7245/4612/1170 7225/4622/1164 7226/4623/1164 7246/4613/1170
f 7246/4613/1170 7226/4623/1164 7227/4624/1164 7247/4614/1170
f 7247/4614/1170 7227/4624/1164 7228/4625/1164 7248/4615/1170
f 7248/4615/1170 7228/4625/1164 7229/4626/1164 7249/4616/1170
f 7249/4616/1170 7229/4626/1164 7230/793/1164 7250/795/1170
f 347/4617/301 345/4627/299 7131/4628/1163 7221/4618/1164
f 7221/4618/1164 7131/4628/1163 7132/4629/1163 7222/4619/1164
f 7222/4619/1164 7132/4629/1163 7133/4630/1163 7223/4620/1164
f 7223/4620/1164 7133/4630/1163 7134/4631/1163 7224/4621/1164
f 7224/4621/1164 7134/4631/1163 7135/4632/1163 7225/4622/1164
f 7225/4622/1164 7135/4632/1163 7136/4633/1163 7226/4623/1164
f 7226/4623/1164 7136/4633/1163 7137/4634/1163 7227/4624/1164
f 7227/4624/1164 7137/4634/1163 7138/4635/1163 7228/4625/1164
f 7228/4625/1164 7138/4635/1163 7139/4636/1163 7229/4626/1164
f 7229/4626/1164 7139/4636/1163 7140/789/1163 7230/793/1164
f 345/4627/299 1049/4477/1003 7181/4480/1161 7131/4628/1163
f 7131/4628/1163 7181/4480/1161 7182/4482/1161 7132/4629/1163
f 7132/4629/1163 7182/4482/1161 7183/4484/1161 7133/4630/1163
f 7133/4630/1163 7183/4484/1161 7184/4486/1161 7134/4631/1163
f 7134/4631/1163 7184/4486/1161 7185/4488/1161 7135/4632/1163
f 7135/4632/1163 7185/4488/1161 7186/4490/1161 7136/4633/1163
f 7136/4633/1163 7186/4490/1161 7187/4492/1161 7137/4634/1163
f 7137/4634/1163 7187/4492/1161 7188/4494/1161 7138/4635/1163
f 7138/4635/1163 7188/4494/1161 7189/4496/1161 7139/4636/1163
f 7139/4636/1163 7189/4496/1161 7190/790/1161 7140/789/1163
f 1046/4478/1000 360/4637/314 7210/4638/1 7211/4479/1160
f 7211/4479/1160 7210/4638/1 7209/4639/1 7212/4481/1160
f 7212/4481/1160 7209/4639/1 7208/4640/1 7213/4483/1160
f 7213/4483/1160 7208/4640/1 7207/4641/1 7214/4485/1160
f 7214/4485/1160 7207/4641/1 7206/4642/1 7215/4487/1160
f 7215/4487/1160 7206/4642/1 7205/4643/1 7216/4489/1160
f 7216/4489/1160 7205/4643/1 7204/4644/1 7217/4491/1160
f 7217/4491/1160 7204/4644/1 7203/4645/1 7218/4493/1160
f 7218/4493/1160 7203/4645/1 7202/4646/1 7219/4495/1160
f 7219/4495/1160 7202/4646/1 7201/784/1 7220/783/1160
f 7305/4365/7087 6920/4364/6863 6928/4407/6871 7306/4408/7088
f 6924/4409/6867 7291/4397/7073 7292/4396/7074 6917/4383/6860
f 6924/4409/6867 6936/4406/6879 7291/4397/7073
f 6921/4399/6864 6929/4398/6872 7293/4416/7075 7294/4403/7076
f 6929/4398/6872 6936/4406/6879 7293/4416/7075
f 6941/4415/6884 7295/4412/7077 7296/4414/7078 6942/4417/6885
f 6938/4413/6881 7295/4412/7077 6936/4406/6879
f 6938/4413/6881 7298/4411/7080 7297/4392/7079 6939/4391/6882
f 6937/4404/6880 7298/4411/7080 6936/4406/6879
f 6930/4379/6873 7300/4382/7082 7299/4405/7081 6934/4410/6877
f 6934/4410/6877 7299/4405/7081 6936/4406/6879
f 6934/4410/6877 7302/2830/7084 7301/2833/7083 6930/4379/6873
f 6932/2831/6875 7302/2830/7084 6936/4406/6879
f 1325/4647/1277 6943/4418/6886 6942/4417/6885 7296/4414/7078
f 6928/4407/6871 6920/4364/6863 7304/4388/7086 7303/4400/7085
f 6932/2831/6875 6936/4406/6879 7303/4400/7085
f 6917/4383/6860 7305/4365/7087 7306/4408/7088 6924/4409/6867
f 6928/4407/6871 6936/4406/6879 7306/4408/7088
f 1325/4647/1277 7296/4414/7078 6939/4391/6882 6940/4390/6883
f 7310/4373/7092 7309/3345/7091 7308/3346/7090 7307/4372/7089
f 7312/2396/7094 7311/2437/7093 7309/2438/7091 7310/2397/7092
f 7311/641/7093 7312/4348/7094 7314/4347/7096 7313/642/7095
f 7316/2421/7098 7315/1419/7097 7313/1418/7095 7314/2419/7096
f 7318/2407/7100 7317/2408/7099 7315/2409/7097 7316/2404/7098
f 7317/2679/7099 7318/2411/7100 7320/2410/7102 7319/2678/7101
f 7319/2422/7101 7320/958/7102 7322/957/7104 7321/2423/7103
f 7324/2391/7106 7323/2433/7105 7321/2432/7103 7322/2389/7104
f 7323/2428/7105 7324/2424/7106 7326/2417/7108 7325/2429/7107
f 7325/2743/7107 7326/2417/7108 7328/2416/7110 7327/2744/7109
f 7327/1445/7109 7328/2413/7110 7330/2412/7112 7329/1446/7111
f 7332/2436/7114 7331/2430/7113 7329/2431/7111 7330/2434/7112
f 7334/3351/7116 7333/2350/7115 7331/2349/7113 7332/3350/7114
f 7336/2439/7118 7335/4368/7117 7333/4367/7115 7334/2440/7116
f 7338/212/7120 7337/2403/7119 7335/2402/7117 7336/213/7118
f 7307/2395/7089 7308/4648/7090 7337/4649/7119 7338/2392/7120
f 7308/4648/7090 1419/640/1371 1420/2384/1372 7337/4649/7119
