# Blender 5.1.1
# www.blender.org
mtllib head.mtl
g head_Mesh_0599Mesh
v 0.054484 -0.032799 0.094307
v 0.058799 -0.034946 0.091837
v 0.058819 -0.035301 0.092241
v -0.058818 -0.035301 0.092241
v -0.058797 -0.034948 0.091837
v -0.054482 -0.032799 0.094306
v -0.054616 -0.033150 0.094665
v 0.050918 -0.040854 0.092365
v 0.051131 -0.040833 0.093042
v 0.051858 -0.042038 0.092491
v 0.049889 -0.042076 0.093145
v 0.049677 -0.042099 0.092726
v 0.048452 -0.042397 0.093787
v 0.046653 -0.042242 0.093954
v 0.045781 -0.041260 0.095128
v 0.050443 -0.039793 0.090797
v 0.045484 -0.041315 0.094274
v 0.044729 -0.042206 0.095343
v 0.046044 -0.041159 0.092429
v 0.044454 -0.042255 0.094631
v 0.042360 -0.042870 0.096165
v 0.044773 -0.039973 0.092222
v 0.042039 -0.042944 0.095314
v 0.038567 -0.042587 0.096861
v 0.038884 -0.042526 0.097675
v 0.037606 -0.041027 0.094714
v 0.046048 -0.038177 0.092743
v 0.037526 -0.041449 0.097408
v 0.037859 -0.041382 0.098366
v 0.036577 -0.042416 0.098605
v 0.037719 -0.037529 0.095361
v 0.036395 -0.039772 0.095089
v 0.036205 -0.042492 0.097639
v 0.035117 -0.040741 0.095184
v 0.032512 -0.042942 0.098571
v 0.029496 -0.042387 0.101220
v 0.031811 -0.037148 0.097034
v 0.031265 -0.040939 0.095598
v 0.028983 -0.042503 0.099874
v 0.027843 -0.041355 0.100862
v 0.028316 -0.041275 0.101867
v 0.026657 -0.042654 0.101911
v 0.027552 -0.040314 0.096620
v 0.026128 -0.042782 0.100578
v 0.027907 -0.036911 0.098104
v 0.026537 -0.039368 0.098219
v 0.022348 -0.042915 0.101245
v 0.018477 -0.042456 0.103347
v 0.024900 -0.040526 0.097091
v 0.018183 -0.042427 0.102236
v 0.025458 -0.036705 0.098673
v 0.028160 -0.024782 0.103869
v 0.021784 -0.036148 0.099243
v 0.017120 -0.039831 0.099345
v 0.016643 -0.041235 0.102840
v 0.016808 -0.041290 0.103885
v 0.014879 -0.042763 0.103851
v 0.016020 -0.035439 0.100731
v 0.016090 -0.038643 0.100055
v 0.014774 -0.042742 0.102693
v 0.014687 -0.039986 0.099512
v 0.007608 -0.042656 0.103090
v 0.007952 -0.042740 0.104395
v 0.006772 -0.039490 0.099735
v 0.006251 -0.041407 0.103498
v 0.006313 -0.041481 0.104813
v 0.005183 -0.042481 0.104734
v 0.007562 -0.034637 0.100662
v 0.005121 -0.042389 0.103298
v 0.006121 -0.038177 0.100031
v 0.000001 -0.042963 0.103416
v -0.005182 -0.042483 0.104741
v 0.005006 -0.039024 0.099584
v 0.005017 -0.034424 0.100662
v 0.007875 -0.030602 0.102514
v 0.016960 -0.022646 0.106775
v 0.000001 -0.034027 0.101022
v 0.000001 -0.039742 0.099024
v -0.005005 -0.039024 0.099584
v -0.005119 -0.042391 0.103296
v -0.006250 -0.041407 0.103498
v -0.006312 -0.041481 0.104813
v -0.007950 -0.042740 0.104394
v -0.005016 -0.034424 0.100662
v -0.006119 -0.038177 0.100031
v -0.007606 -0.042652 0.103090
v -0.006770 -0.039490 0.099735
v -0.007561 -0.034637 0.100662
v -0.005300 -0.030289 0.102573
v -0.014686 -0.039986 0.099512
v -0.014773 -0.042742 0.102691
v -0.014879 -0.042769 0.103861
v -0.016019 -0.035439 0.100731
v -0.016642 -0.041235 0.102840
v -0.016805 -0.041290 0.103881
v -0.018476 -0.042456 0.103347
v -0.016088 -0.038643 0.100055
v -0.017118 -0.039831 0.099345
v -0.018181 -0.042427 0.102236
v -0.022346 -0.042915 0.101245
v -0.026656 -0.042654 0.101911
v -0.024899 -0.040526 0.097091
v -0.026126 -0.042786 0.100578
v -0.027841 -0.041355 0.100862
v -0.028313 -0.041275 0.101866
v -0.029493 -0.042381 0.101217
v -0.021783 -0.036148 0.099243
v -0.028981 -0.042501 0.099874
v -0.016958 -0.022646 0.106775
v -0.026535 -0.039368 0.098219
v -0.025456 -0.036705 0.098673
v -0.032509 -0.042934 0.098567
v -0.032996 -0.042839 0.099792
v -0.027547 -0.040326 0.096601
v -0.027905 -0.036911 0.098104
v -0.028159 -0.024805 0.103884
v -0.036203 -0.042490 0.097639
v -0.036578 -0.042410 0.098609
v -0.035112 -0.040753 0.095166
v -0.037524 -0.041451 0.097408
v -0.037858 -0.041382 0.098369
v -0.038883 -0.042526 0.097675
v -0.035291 -0.037361 0.096081
v -0.036394 -0.039772 0.095089
v -0.038566 -0.042587 0.096861
v -0.042361 -0.042876 0.096166
v -0.037605 -0.041027 0.094715
v -0.042038 -0.042950 0.095315
v -0.045486 -0.041321 0.094273
v -0.045783 -0.041266 0.095129
v -0.044770 -0.039979 0.092219
v -0.041617 -0.037827 0.094133
v -0.046648 -0.042248 0.093952
v -0.048451 -0.042397 0.093787
v -0.032971 -0.025882 0.101882
v -0.049676 -0.042099 0.092731
v -0.051129 -0.040833 0.093041
v -0.049314 -0.041228 0.091524
v -0.050917 -0.040855 0.092365
v -0.051857 -0.042038 0.092491
v -0.046047 -0.038177 0.092743
v -0.050443 -0.039787 0.090801
v -0.051371 -0.041176 0.091022
v -0.051857 -0.042038 0.092491
v -0.053018 -0.042324 0.091632
v -0.053170 -0.042282 0.092048
v -0.054890 -0.041611 0.090845
v -0.054702 -0.040970 0.089598
v -0.051252 -0.038559 0.091106
v -0.055478 -0.038544 0.089460
v -0.057697 -0.036232 0.089577
v -0.053980 -0.034531 0.091886
v -0.058182 -0.034761 0.090399
v -0.050987 -0.031438 0.094690
v -0.054482 -0.032799 0.094306
v -0.058797 -0.034948 0.091837
v -0.051548 -0.031641 0.096090
v -0.046322 -0.029785 0.098238
v -0.042533 -0.028390 0.098197
v -0.038142 -0.027349 0.101487
v -0.029085 -0.025536 0.105071
v -0.023494 -0.024303 0.106345
v -0.013045 -0.022352 0.108609
v -0.008284 -0.021072 0.108424
v -0.008184 -0.021865 0.109736
v 0.000001 -0.020813 0.108682
v 0.000001 -0.021511 0.110502
v 0.008185 -0.021865 0.109736
v 0.008285 -0.021072 0.108424
v 0.013046 -0.022352 0.108609
v 0.023495 -0.024303 0.106345
v 0.029085 -0.025536 0.105070
v 0.033793 -0.026365 0.103245
v 0.042535 -0.028374 0.098186
v 0.038142 -0.027349 0.101486
v 0.046324 -0.029785 0.098239
v 0.048090 -0.035866 0.093033
v 0.050987 -0.031443 0.094693
v 0.051549 -0.031641 0.096090
v 0.054484 -0.032799 0.094307
v 0.052845 -0.038544 0.090421
v 0.054026 -0.032616 0.092855
v 0.058799 -0.034946 0.091837
v 0.058184 -0.034767 0.090400
v 0.053982 -0.034531 0.091886
v 0.057698 -0.036232 0.089576
v 0.055480 -0.038544 0.089460
v 0.054705 -0.040970 0.089599
v 0.051373 -0.041176 0.091024
v 0.052622 -0.041451 0.090416
v 0.054891 -0.041611 0.090844
v 0.051858 -0.042038 0.092491
v 0.053021 -0.042322 0.091633
v 0.053171 -0.042282 0.092048
v -0.054890 -0.041611 0.090845
v -0.053170 -0.042282 0.092048
v -0.053018 -0.042324 0.091632
v -0.053602 -0.039650 0.093147
v -0.055823 -0.039413 0.091581
v -0.051959 -0.039696 0.093705
v -0.051857 -0.042038 0.092491
v -0.051129 -0.040833 0.093041
v -0.054644 -0.035263 0.094666
v -0.048904 -0.039673 0.095248
v -0.048451 -0.042397 0.093787
v -0.045783 -0.041266 0.095129
v -0.051560 -0.034681 0.096309
v -0.043208 -0.036806 0.099507
v -0.042361 -0.042876 0.096166
v -0.043180 -0.033575 0.100217
v -0.039210 -0.039345 0.099387
v -0.038883 -0.042526 0.097675
v -0.037858 -0.041382 0.098369
v -0.037536 -0.032858 0.102061
v -0.036578 -0.042410 0.098609
v -0.033713 -0.039316 0.102054
v -0.032996 -0.042839 0.099792
v -0.038248 -0.027702 0.101913
v -0.029918 -0.039162 0.103041
v -0.029493 -0.042381 0.101217
v -0.033982 -0.032392 0.103931
v -0.028313 -0.041275 0.101866
v -0.046399 -0.030197 0.098563
v -0.023427 -0.038795 0.104584
v -0.026656 -0.042654 0.101911
v -0.018476 -0.042456 0.103347
v -0.016294 -0.030200 0.108147
v -0.018211 -0.038361 0.105148
v -0.016805 -0.041290 0.103881
v -0.012697 -0.034323 0.108111
v -0.014879 -0.042769 0.103861
v -0.029276 -0.025871 0.105448
v -0.008225 -0.038210 0.106970
v -0.007950 -0.042740 0.104394
v -0.006312 -0.041481 0.104813
v -0.029085 -0.025536 0.105071
v -0.006876 -0.033991 0.108263
v -0.038142 -0.027349 0.101487
v -0.023494 -0.024303 0.106345
v -0.046322 -0.029785 0.098238
v -0.005182 -0.042483 0.104741
v -0.051594 -0.032013 0.096459
v -0.051548 -0.031641 0.096090
v -0.054616 -0.033150 0.094665
v -0.054482 -0.032799 0.094306
v -0.058818 -0.035301 0.092241
v -0.016898 -0.023553 0.108115
v -0.013045 -0.022352 0.108609
v -0.008184 -0.021865 0.109736
v -0.058433 -0.036751 0.091900
v 0.000002 -0.022074 0.110995
v 0.000001 -0.021511 0.110502
v 0.008185 -0.021865 0.109736
v -0.006785 -0.029028 0.110014
v 0.016900 -0.023552 0.108115
v 0.013046 -0.022352 0.108609
v 0.023495 -0.024303 0.106345
v 0.012828 -0.029770 0.109096
v 0.000001 -0.033690 0.109182
v 0.029277 -0.025871 0.105448
v 0.029085 -0.025536 0.105070
v 0.033793 -0.026365 0.103245
v 0.000000 -0.038109 0.107042
v 0.005183 -0.042481 0.104734
v 0.005446 -0.038101 0.106815
v 0.006313 -0.041481 0.104813
v 0.006877 -0.033988 0.108255
v 0.008233 -0.038226 0.107009
v 0.007952 -0.042740 0.104395
v 0.014879 -0.042763 0.103851
v 0.016903 -0.038249 0.105241
v 0.016808 -0.041290 0.103885
v 0.018477 -0.042456 0.103347
v 0.023430 -0.038800 0.104594
v 0.026657 -0.042654 0.101911
v 0.029104 -0.031777 0.105365
v 0.027660 -0.038977 0.103190
v 0.028316 -0.041275 0.101867
v 0.033718 -0.039320 0.102067
v 0.029496 -0.042387 0.101220
v 0.036577 -0.042416 0.098605
v 0.037095 -0.036116 0.101258
v 0.037859 -0.041382 0.098366
v 0.038251 -0.027702 0.101916
v 0.038142 -0.027349 0.101486
v 0.046324 -0.029785 0.098239
v 0.038962 -0.033043 0.101510
v 0.039212 -0.039345 0.099387
v 0.038884 -0.042526 0.097675
v 0.042360 -0.042870 0.096165
v 0.051598 -0.032013 0.096462
v 0.051549 -0.031641 0.096090
v 0.043210 -0.036810 0.099508
v 0.044729 -0.042206 0.095343
v 0.045781 -0.041260 0.095128
v 0.045863 -0.033938 0.098807
v 0.047069 -0.039595 0.095933
v 0.048452 -0.042397 0.093787
v 0.049889 -0.042076 0.093145
v 0.051533 -0.037527 0.095022
v 0.051131 -0.040833 0.093042
v 0.054648 -0.035263 0.094672
v 0.054617 -0.033150 0.094665
v 0.054484 -0.032799 0.094307
v 0.058819 -0.035301 0.092241
v 0.053605 -0.039650 0.093148
v 0.053171 -0.042282 0.092048
v 0.051858 -0.042038 0.092491
v 0.053021 -0.042322 0.091633
v 0.054891 -0.041611 0.090844
v 0.055824 -0.039413 0.091581
v 0.058434 -0.036751 0.091900
v 0.058550 -0.036600 0.091257
v 0.058799 -0.034946 0.091837
v 0.058184 -0.034767 0.090400
v 0.057698 -0.036232 0.089576
v 0.055480 -0.038544 0.089460
v 0.055997 -0.039200 0.090967
v 0.054891 -0.041611 0.090844
v 0.054705 -0.040970 0.089599
v -0.055996 -0.039200 0.090967
v -0.054890 -0.041611 0.090845
v -0.054702 -0.040970 0.089598
v -0.055478 -0.038544 0.089460
v -0.058548 -0.036600 0.091257
v -0.057697 -0.036232 0.089577
v -0.058182 -0.034761 0.090399
v -0.058797 -0.034948 0.091837
v -0.054971 -0.054724 0.085677
v -0.050884 -0.058120 0.086091
v -0.053000 -0.056499 0.085714
v 0.053000 -0.056499 0.085714
v 0.050906 -0.058135 0.086125
v 0.054970 -0.054724 0.085676
v 0.062069 -0.047485 0.083867
v 0.061493 -0.046547 0.084107
v 0.062059 -0.046896 0.083835
v 0.056918 -0.050270 0.087651
v 0.054970 -0.054724 0.085676
v 0.056079 -0.046972 0.088688
v 0.053032 -0.052963 0.088742
v 0.050906 -0.058135 0.086125
v 0.053379 -0.044281 0.091021
v 0.055467 -0.044279 0.089396
v 0.053349 -0.043955 0.090606
v 0.051917 -0.044233 0.091358
v 0.050955 -0.044685 0.091634
v 0.050048 -0.048791 0.091077
v 0.043482 -0.057105 0.091120
v 0.044092 -0.061987 0.087425
v 0.036442 -0.065420 0.088199
v 0.050392 -0.044350 0.092485
v 0.050354 -0.044035 0.092056
v 0.047544 -0.043289 0.093012
v 0.047546 -0.043663 0.093500
v 0.044843 -0.043793 0.093633
v 0.044837 -0.044174 0.094071
v 0.043983 -0.044653 0.093954
v 0.030964 -0.059148 0.094777
v 0.030691 -0.067653 0.088441
v 0.043983 -0.044952 0.094385
v 0.043043 -0.044024 0.094267
v 0.043056 -0.050258 0.093090
v 0.043050 -0.044319 0.094703
v 0.040359 -0.043594 0.096173
v 0.036450 -0.051448 0.095441
v 0.040402 -0.043991 0.096722
v 0.037472 -0.044376 0.096346
v 0.037463 -0.044701 0.096815
v 0.036440 -0.045057 0.096721
v 0.036440 -0.045387 0.097193
v 0.035245 -0.044418 0.097202
v 0.035255 -0.044792 0.097687
v 0.031305 -0.043673 0.099174
v 0.031294 -0.044189 0.099733
v 0.027830 -0.044428 0.099291
v 0.027823 -0.044823 0.099806
v 0.026985 -0.045158 0.099510
v 0.026941 -0.052600 0.097670
v 0.026983 -0.045570 0.100023
v 0.025870 -0.044243 0.100208
v 0.025863 -0.043880 0.099685
v 0.021715 -0.043171 0.100553
v 0.021716 -0.043631 0.101128
v 0.017858 -0.043943 0.101921
v 0.016446 -0.044824 0.102322
v 0.016445 -0.044434 0.101726
v 0.015075 -0.043570 0.102264
v 0.021716 -0.060697 0.096098
v 0.026828 -0.068336 0.089598
v 0.016446 -0.070097 0.091078
v 0.015086 -0.043991 0.102871
v 0.010679 -0.043301 0.102743
v 0.015083 -0.053352 0.099542
v 0.010678 -0.043797 0.103415
v 0.007412 -0.043905 0.103055
v 0.005081 -0.063533 0.097397
v 0.005838 -0.070932 0.092370
v -0.005838 -0.070930 0.092365
v 0.005700 -0.044962 0.102978
v 0.005705 -0.044634 0.102472
v 0.005705 -0.053740 0.099923
v 0.004464 -0.043998 0.103655
v 0.004448 -0.043581 0.102987
v 0.000000 -0.043514 0.103113
v -0.005069 -0.063510 0.097351
v -0.004464 -0.043982 0.103612
v -0.004448 -0.043579 0.102987
v -0.005705 -0.044628 0.102472
v -0.006769 -0.063270 0.097474
v -0.016446 -0.070097 0.091078
v -0.026829 -0.068336 0.089598
v -0.005706 -0.053734 0.099909
v -0.005706 -0.044968 0.102953
v -0.007413 -0.043905 0.103052
v -0.007407 -0.044373 0.103686
v -0.010679 -0.043785 0.103351
v -0.010679 -0.043301 0.102743
v -0.016471 -0.053372 0.099000
v -0.015086 -0.043991 0.102871
v -0.015074 -0.043570 0.102264
v -0.016446 -0.044824 0.102324
v -0.016445 -0.044434 0.101726
v -0.017858 -0.043943 0.101921
v -0.026935 -0.052597 0.097660
v -0.021715 -0.043631 0.101128
v -0.021715 -0.043171 0.100553
v -0.025870 -0.044243 0.100208
v -0.025863 -0.043880 0.099685
v -0.026985 -0.045156 0.099510
v -0.026983 -0.045570 0.100023
v -0.027822 -0.044823 0.099803
v -0.027830 -0.044428 0.099291
v -0.030967 -0.059159 0.094807
v -0.030691 -0.067652 0.088440
v -0.036430 -0.065440 0.087898
v -0.031294 -0.044189 0.099733
v -0.031305 -0.043673 0.099174
v -0.040384 -0.057572 0.092378
v -0.040395 -0.063956 0.087482
v -0.044090 -0.061981 0.087423
v -0.035255 -0.044792 0.097687
v -0.035245 -0.044416 0.097204
v -0.036431 -0.051429 0.095386
v -0.036440 -0.045387 0.097193
v -0.036440 -0.045057 0.096721
v -0.037462 -0.044701 0.096813
v -0.037471 -0.044378 0.096345
v -0.040401 -0.043991 0.096720
v -0.040359 -0.043594 0.096174
v -0.050088 -0.054266 0.089327
v -0.043050 -0.044319 0.094703
v -0.050884 -0.058120 0.086091
v -0.043043 -0.044024 0.094267
v -0.043045 -0.050247 0.093068
v -0.043983 -0.044952 0.094385
v -0.043983 -0.044653 0.093954
v -0.044840 -0.044180 0.094079
v -0.044843 -0.043793 0.093633
v -0.050933 -0.048576 0.090768
v -0.047546 -0.043663 0.093500
v -0.047543 -0.043291 0.093012
v -0.050392 -0.044350 0.092485
v -0.050354 -0.044035 0.092056
v -0.050953 -0.044680 0.091626
v -0.051659 -0.053382 0.089067
v -0.053376 -0.044275 0.091025
v -0.051917 -0.044233 0.091358
v -0.053348 -0.043954 0.090605
v -0.055467 -0.044279 0.089396
v -0.056085 -0.046972 0.088694
v -0.055190 -0.051592 0.088260
v -0.054971 -0.054724 0.085677
v -0.056912 -0.050270 0.087642
v -0.061919 -0.046937 0.084050
v -0.062068 -0.047485 0.083867
v 0.062059 -0.046896 0.083835
v 0.061493 -0.046547 0.084107
v 0.061706 -0.046387 0.082493
v 0.062354 -0.046925 0.082628
v 0.062069 -0.047485 0.083867
v 0.062059 -0.046896 0.083835
v 0.056597 -0.049944 0.083006
v 0.062569 -0.047676 0.082517
v 0.057159 -0.052979 0.083247
v 0.054970 -0.054724 0.085676
v 0.053000 -0.056499 0.085714
v 0.055948 -0.046837 0.085027
v 0.061493 -0.046547 0.084107
v 0.056079 -0.046972 0.088688
v 0.055208 -0.049482 0.082765
v 0.055262 -0.044342 0.085766
v 0.055467 -0.044279 0.089396
v 0.053143 -0.044022 0.086843
v 0.053349 -0.043955 0.090606
v 0.053161 -0.050083 0.083099
v 0.051712 -0.044304 0.087517
v 0.051917 -0.044233 0.091358
v 0.053143 -0.056313 0.083775
v 0.051766 -0.049881 0.083961
v 0.050952 -0.044762 0.087837
v 0.050955 -0.044685 0.091634
v 0.051048 -0.058060 0.084053
v 0.050906 -0.058135 0.086125
v 0.050079 -0.044289 0.088279
v 0.050354 -0.044035 0.092056
v 0.047633 -0.059883 0.084341
v 0.047546 -0.043427 0.088833
v 0.047544 -0.043289 0.093012
v 0.047534 -0.060226 0.086366
v 0.044836 -0.043633 0.089941
v 0.044843 -0.043793 0.093633
v 0.043983 -0.061890 0.084903
v 0.043989 -0.045011 0.090209
v 0.043983 -0.044653 0.093954
v 0.043043 -0.044024 0.094267
v 0.040081 -0.043928 0.091365
v 0.040359 -0.043594 0.096173
v 0.044044 -0.061971 0.087082
v 0.036424 -0.045455 0.092582
v 0.037472 -0.044376 0.096346
v 0.040401 -0.063622 0.085388
v 0.036440 -0.045057 0.096721
v 0.044092 -0.061987 0.087425
v 0.050906 -0.058135 0.086125
v 0.040388 -0.063941 0.087471
v 0.036442 -0.065420 0.088199
v 0.036440 -0.065369 0.085880
v 0.035255 -0.044617 0.092931
v 0.035245 -0.044418 0.097202
v 0.036416 -0.065409 0.087883
v 0.030691 -0.067653 0.088441
v 0.030720 -0.066948 0.086569
v 0.031294 -0.043312 0.094223
v 0.031305 -0.043673 0.099174
v 0.026828 -0.067856 0.086982
v 0.027823 -0.044556 0.094738
v 0.027830 -0.044428 0.099291
v 0.026792 -0.068283 0.089239
v 0.026983 -0.045258 0.094906
v 0.026985 -0.045158 0.099510
v 0.025870 -0.044350 0.095049
v 0.025863 -0.043880 0.099685
v 0.021715 -0.068832 0.087566
v 0.021715 -0.043182 0.095722
v 0.021715 -0.043171 0.100553
v 0.026828 -0.068336 0.089598
v 0.030691 -0.067653 0.088441
v 0.017845 -0.044014 0.096390
v 0.017858 -0.043943 0.101921
v 0.021715 -0.069374 0.089893
v 0.016446 -0.070097 0.091078
v 0.016445 -0.044945 0.096626
v 0.016445 -0.044434 0.101726
v 0.016445 -0.069747 0.088156
v 0.015086 -0.044113 0.096819
v 0.015075 -0.043570 0.102264
v 0.016415 -0.070044 0.090681
v 0.010679 -0.043396 0.097420
v 0.010679 -0.043301 0.102743
v 0.010679 -0.070419 0.088712
v 0.007400 -0.044090 0.097891
v 0.007412 -0.043905 0.103055
v 0.005705 -0.044634 0.102472
v 0.010679 -0.070793 0.091290
v 0.005838 -0.070932 0.092370
v 0.005837 -0.070747 0.089174
v 0.005706 -0.045067 0.098154
v 0.000000 -0.071143 0.091867
v -0.005838 -0.070930 0.092365
v 0.004459 -0.044023 0.097876
v 0.004448 -0.043581 0.102987
v 0.000000 -0.043514 0.103113
v -0.010679 -0.070793 0.091290
v -0.004459 -0.044020 0.097873
v -0.004448 -0.043579 0.102987
v -0.016446 -0.070097 0.091078
v -0.005705 -0.044628 0.102472
v -0.005837 -0.070749 0.089176
v -0.005706 -0.045067 0.098154
v -0.007400 -0.044090 0.097891
v -0.007413 -0.043905 0.103052
v -0.010679 -0.043301 0.102743
v -0.010679 -0.070419 0.088712
v -0.010679 -0.043396 0.097420
v -0.015074 -0.043570 0.102264
v -0.016415 -0.070043 0.090681
v -0.015086 -0.044113 0.096819
v -0.016445 -0.044434 0.101726
v -0.016445 -0.069747 0.088156
v -0.021715 -0.069374 0.089893
v -0.026829 -0.068336 0.089598
v -0.016445 -0.044945 0.096626
v -0.017858 -0.043943 0.101921
v -0.026792 -0.068284 0.089239
v -0.030691 -0.067652 0.088440
v -0.017845 -0.044014 0.096390
v -0.021715 -0.043171 0.100553
v -0.021715 -0.068832 0.087566
v -0.021715 -0.043182 0.095722
v -0.025863 -0.043880 0.099685
v -0.026828 -0.067856 0.086982
v -0.025870 -0.044350 0.095049
v -0.026985 -0.045156 0.099510
v -0.030691 -0.067652 0.088440
v -0.026983 -0.045258 0.094906
v -0.027830 -0.044428 0.099291
v -0.030720 -0.066948 0.086569
v -0.027822 -0.044556 0.094738
v -0.031305 -0.043673 0.099174
v -0.036430 -0.065440 0.087898
v -0.031294 -0.043312 0.094223
v -0.035245 -0.044416 0.097204
v -0.036440 -0.065369 0.085880
v -0.035255 -0.044617 0.092932
v -0.036440 -0.045057 0.096721
v -0.040395 -0.063956 0.087482
v -0.036425 -0.045457 0.092582
v -0.037471 -0.044378 0.096345
v -0.040401 -0.063622 0.085388
v -0.040080 -0.043928 0.091365
v -0.040359 -0.043594 0.096174
v -0.043043 -0.044024 0.094267
v -0.044044 -0.061971 0.087082
v -0.044090 -0.061981 0.087423
v -0.043989 -0.045011 0.090209
v -0.043983 -0.044653 0.093954
v -0.044843 -0.043793 0.093633
v -0.043983 -0.061890 0.084903
v -0.044836 -0.043633 0.089941
v -0.047543 -0.043291 0.093012
v -0.047533 -0.060226 0.086366
v -0.050884 -0.058120 0.086091
v -0.047633 -0.059883 0.084341
v -0.050884 -0.058120 0.086091
v -0.047546 -0.043427 0.088833
v -0.050354 -0.044035 0.092056
v -0.051048 -0.058060 0.084053
v -0.053000 -0.056499 0.085714
v -0.050079 -0.044289 0.088280
v -0.050953 -0.044680 0.091626
v -0.055124 -0.054733 0.083479
v -0.054971 -0.054724 0.085677
v -0.050944 -0.044740 0.087829
v -0.051917 -0.044233 0.091358
v -0.053348 -0.043954 0.090605
v -0.051767 -0.049881 0.083961
v -0.055257 -0.044328 0.085760
v -0.055467 -0.044279 0.089396
v -0.056085 -0.046972 0.088694
v -0.055208 -0.049482 0.082765
v -0.057158 -0.052979 0.083248
v -0.062068 -0.047485 0.083867
v -0.055949 -0.046837 0.085028
v -0.061919 -0.046937 0.084050
v -0.061707 -0.046386 0.082493
v -0.056597 -0.049944 0.083006
v -0.061919 -0.046937 0.084050
v -0.062355 -0.046925 0.082628
v -0.061919 -0.046937 0.084050
v -0.062569 -0.047676 0.082517
v 0.018923 -0.000060 -0.115724
v -0.000000 0.000006 -0.117235
v -0.000000 -0.009422 -0.116963
v 0.027632 -0.009249 -0.113438
v 0.036255 -0.000015 -0.111215
v -0.000000 -0.027655 -0.113640
v 0.051130 -0.008554 -0.104595
v 0.051188 -0.000011 -0.105019
v 0.063724 0.000061 -0.097673
v 0.026987 -0.026989 -0.110388
v 0.068225 -0.022771 -0.091898
v 0.073924 -0.000105 -0.090101
v 0.082517 -0.000166 -0.082185
v 0.042994 -0.025892 -0.105284
v 0.055866 -0.032280 -0.096960
v 0.025874 -0.043053 -0.105202
v 0.081654 -0.020946 -0.080374
v 0.089883 0.000212 -0.073643
v 0.041409 -0.041502 -0.100710
v 0.017043 -0.051010 -0.103235
v -0.000000 -0.044044 -0.107956
v -0.000000 -0.064186 -0.096922
v 0.033126 -0.049583 -0.099945
v 0.023669 -0.063008 -0.094868
v -0.000000 -0.074158 -0.089398
v 0.053631 -0.046427 -0.092346
v 0.066233 -0.036753 -0.088499
v 0.074402 -0.040434 -0.080040
v 0.067125 -0.053070 -0.079087
v 0.050855 -0.058427 -0.086926
v 0.038064 -0.061104 -0.091439
v 0.021491 -0.077274 -0.084103
v -0.000000 -0.082527 -0.081560
v 0.035591 -0.070935 -0.084973
v -0.000000 -0.090126 -0.072896
v 0.046139 -0.075758 -0.075070
v 0.035733 -0.085661 -0.069638
v 0.022193 -0.088423 -0.071645
v 0.023829 -0.095213 -0.061447
v -0.000000 -0.097336 -0.062536
v 0.058570 -0.064391 -0.077313
v 0.071770 -0.060341 -0.069201
v 0.065035 -0.068629 -0.067940
v 0.044979 -0.089531 -0.058231
v 0.056803 -0.084663 -0.055231
v 0.085275 -0.041003 -0.068322
v 0.080898 -0.065269 -0.052122
v 0.089133 -0.021447 -0.071869
v 0.085976 -0.055389 -0.055758
v 0.096970 -0.007166 -0.063321
v 0.096807 0.000769 -0.063603
v 0.103813 0.001198 -0.050818
v 0.095932 -0.022709 -0.061805
v 0.103872 -0.007317 -0.050589
v 0.109760 0.001564 -0.035517
v 0.090894 -0.043758 -0.058594
v 0.109751 -0.007437 -0.035354
v 0.113790 0.001900 -0.018260
v 0.103260 -0.015798 -0.050048
v 0.100674 -0.031902 -0.048400
v 0.113682 -0.007410 -0.018085
v 0.096004 -0.045895 -0.046678
v 0.115042 0.002136 0.000111
v 0.108805 -0.016380 -0.034998
v 0.107421 -0.024868 -0.034496
v 0.112520 -0.016647 -0.017826
v 0.105407 -0.033221 -0.033894
v 0.110924 -0.025356 -0.017559
v 0.114925 -0.007168 0.000261
v 0.113731 -0.016411 0.000361
v 0.090304 -0.057976 -0.044340
v 0.100207 -0.047732 -0.032674
v 0.108683 -0.033917 -0.017221
v 0.103029 -0.048726 -0.016373
v 0.093975 -0.060008 -0.030886
v 0.112091 -0.025143 0.000454
v 0.109813 -0.033706 0.000541
v 0.084419 -0.068008 -0.040966
v 0.096277 -0.061106 -0.015277
v 0.069639 -0.083107 -0.040247
v 0.103975 -0.048818 0.000685
v 0.080296 -0.078750 -0.026355
v 0.089311 -0.071273 -0.013689
v 0.097039 -0.061493 0.001056
v 0.066683 -0.079483 -0.051764
v 0.059628 -0.089134 -0.043129
v 0.061855 -0.092751 -0.029285
v 0.047525 -0.094948 -0.045647
v 0.049533 -0.099434 -0.031089
v 0.033307 -0.099861 -0.047661
v 0.068420 -0.091456 -0.013431
v 0.077707 -0.083945 -0.012525
v 0.082265 -0.080293 0.001585
v 0.073667 -0.088055 0.001852
v 0.050879 -0.102173 -0.014797
v 0.063659 -0.095574 0.002054
v 0.077116 -0.083572 0.015790
v 0.062925 -0.094280 0.017998
v 0.051330 -0.102908 0.002291
v 0.085026 -0.075502 0.015420
v 0.070848 -0.085121 0.030464
v 0.095737 -0.060884 0.016562
v 0.086069 -0.069621 0.029643
v 0.102693 -0.047938 0.017250
v 0.092481 -0.058968 0.031533
v 0.108409 -0.032698 0.017855
v 0.098966 -0.046104 0.033502
v 0.110540 -0.024199 0.018061
v 0.104383 -0.031028 0.035155
v 0.112020 -0.015564 0.018199
v 0.107698 -0.014413 0.035569
v 0.113054 -0.006523 0.018298
v 0.092953 -0.043440 0.049328
v 0.097415 -0.029255 0.051789
v 0.108529 -0.005785 0.035552
v 0.083165 -0.051609 0.059616
v 0.100957 -0.013483 0.051846
v 0.086782 -0.040182 0.063112
v 0.093202 -0.012944 0.064592
v 0.078227 -0.062138 0.055787
v 0.113083 0.002563 0.018222
v 0.075692 -0.075088 0.041783
v 0.071920 -0.061482 0.065458
v 0.078742 -0.045445 0.070592
v 0.067747 -0.081674 0.043501
v 0.060515 -0.072052 0.066591
v 0.061087 -0.091409 0.033163
v 0.054513 -0.082081 0.059612
v 0.051145 -0.061781 0.086534
v 0.050627 -0.101166 0.019308
v 0.045400 -0.070823 0.081730
v 0.046204 -0.092083 0.049976
v 0.048824 -0.097417 0.035376
v 0.036295 -0.109195 0.002391
v 0.034418 -0.102704 0.037343
v 0.035721 -0.107265 0.020276
v 0.035961 -0.108353 -0.015577
v 0.027588 -0.111703 0.002406
v 0.034837 -0.105072 -0.032549
v 0.027335 -0.110906 -0.015896
v 0.018504 -0.111251 0.020890
v 0.018686 -0.113457 0.002403
v 0.026466 -0.107354 -0.033119
v 0.018486 -0.112617 -0.016092
v 0.025267 -0.101845 -0.048455
v 0.017903 -0.108894 -0.033482
v 0.009390 -0.114629 0.002397
v 0.017061 -0.103203 -0.048968
v 0.008565 -0.104119 -0.049278
v -0.000000 -0.104370 -0.049340
v -0.000000 -0.110207 -0.033739
v 0.008992 -0.109933 -0.033699
v -0.000000 -0.113976 -0.016166
v 0.009290 -0.113717 -0.016172
v 0.000000 -0.114952 0.002391
v 0.009285 -0.112209 0.021047
v 0.017732 -0.106034 0.038663
v 0.000000 -0.112457 0.021097
v 0.032592 -0.096643 0.052895
v 0.008892 -0.106835 0.039049
v 0.043162 -0.085759 0.063735
v 0.016764 -0.099478 0.054961
v 0.030337 -0.089269 0.067774
v 0.000000 -0.107056 0.039184
v 0.027785 -0.079927 0.081861
v 0.015667 -0.091680 0.070376
v -0.000001 -0.100476 0.055747
v -0.008889 -0.106901 0.039078
v -0.009281 -0.112291 0.021061
v -0.016763 -0.099490 0.054966
v -0.017732 -0.106031 0.038662
v -0.009386 -0.114727 0.002397
v -0.018504 -0.111248 0.020890
v -0.034412 -0.102691 0.037336
v -0.009286 -0.113798 -0.016181
v -0.000000 -0.113976 -0.016166
v -0.018686 -0.113457 0.002403
v -0.008988 -0.110007 -0.033717
v -0.000000 -0.110207 -0.033739
v -0.000000 -0.104370 -0.049340
v -0.018487 -0.112617 -0.016092
v -0.017903 -0.108894 -0.033482
v -0.017061 -0.103203 -0.048968
v -0.000000 -0.097336 -0.062536
v -0.026465 -0.107339 -0.033117
v -0.027333 -0.110891 -0.015895
v -0.027586 -0.111685 0.002406
v -0.033307 -0.099861 -0.047661
v -0.034837 -0.105072 -0.032549
v -0.023828 -0.095206 -0.061442
v -0.035961 -0.108353 -0.015577
v -0.022192 -0.088414 -0.071640
v -0.000000 -0.090126 -0.072896
v -0.044979 -0.089531 -0.058231
v -0.047525 -0.094948 -0.045647
v -0.021309 -0.081230 -0.080145
v -0.000000 -0.082527 -0.081560
v -0.047820 -0.081938 -0.066928
v -0.014943 -0.073639 -0.088587
v -0.000000 -0.074158 -0.089398
v -0.034369 -0.078946 -0.077961
v -0.029110 -0.072044 -0.086411
v -0.008033 -0.064091 -0.096781
v -0.000000 -0.064186 -0.096922
v -0.031193 -0.062111 -0.093250
v -0.041928 -0.069542 -0.083216
v -0.008553 -0.051414 -0.104218
v -0.000000 -0.044044 -0.107956
v -0.025162 -0.050415 -0.101885
v -0.009198 -0.027601 -0.113383
v -0.000000 -0.027655 -0.113640
v -0.040350 -0.048712 -0.097767
v -0.009464 -0.009436 -0.116682
v -0.000000 -0.009422 -0.116963
v -0.026985 -0.026993 -0.110373
v -0.009500 -0.000022 -0.117026
v -0.000000 0.000006 -0.117235
v -0.027630 -0.009249 -0.113423
v -0.027685 -0.000044 -0.113803
v -0.043803 -0.008818 -0.108004
v -0.043893 -0.000017 -0.108475
v -0.042995 -0.025894 -0.105286
v -0.057560 -0.008257 -0.101167
v -0.063747 0.000061 -0.097728
v -0.056690 -0.024458 -0.098820
v -0.053632 -0.046425 -0.092346
v -0.068658 -0.015379 -0.092885
v -0.073926 -0.000105 -0.090096
v -0.077631 -0.021286 -0.084450
v -0.082435 -0.000151 -0.082089
v -0.089898 0.000198 -0.073661
v -0.070007 -0.041763 -0.083216
v -0.058570 -0.064388 -0.077313
v -0.089071 -0.021421 -0.071817
v -0.096971 0.000758 -0.063708
v -0.056724 -0.072116 -0.071470
v -0.086771 -0.034702 -0.069550
v -0.095960 -0.022686 -0.061823
v -0.067932 -0.061028 -0.072380
v -0.081348 -0.052292 -0.065191
v -0.092906 -0.037037 -0.059687
v -0.103320 -0.015794 -0.050076
v -0.103891 0.001195 -0.050854
v -0.100881 -0.031998 -0.048492
v -0.090665 -0.058140 -0.044499
v -0.080898 -0.065269 -0.052122
v -0.067611 -0.072927 -0.060228
v -0.056803 -0.084663 -0.055231
v -0.077759 -0.076332 -0.038863
v -0.059628 -0.089134 -0.043129
v -0.049533 -0.099434 -0.031089
v -0.071819 -0.085907 -0.027168
v -0.061855 -0.092751 -0.029285
v -0.050879 -0.102173 -0.014796
v -0.087476 -0.070181 -0.028201
v -0.063312 -0.094978 -0.014012
v -0.077648 -0.083886 -0.012519
v -0.036296 -0.109198 0.002392
v -0.051332 -0.102911 0.002291
v -0.035722 -0.107265 0.020276
v -0.050623 -0.101162 0.019308
v -0.063652 -0.095567 0.002054
v -0.048888 -0.097549 0.035439
v -0.073798 -0.088180 0.001857
v -0.062996 -0.094363 0.018014
v -0.060997 -0.091265 0.033090
v -0.032612 -0.096682 0.052913
v -0.085708 -0.075720 -0.012968
v -0.030325 -0.089247 0.067760
v -0.096323 -0.061141 -0.015282
v -0.015668 -0.091694 0.070383
v -0.043307 -0.086007 0.063883
v -0.027779 -0.079914 0.081852
v -0.000001 -0.092540 0.071129
v -0.014176 -0.081378 0.084387
v 0.014175 -0.081366 0.084379
v -0.000001 -0.082037 0.084852
v -0.027363 -0.073582 0.088851
v -0.013797 -0.074903 0.091752
v -0.000000 -0.073866 0.094847
v 0.013798 -0.074901 0.091749
v 0.027362 -0.073580 0.088851
v -0.014452 -0.069958 0.098897
v 0.028225 -0.068079 0.096402
v 0.014452 -0.069954 0.098892
v -0.000000 -0.070736 0.099324
v 0.040152 -0.065534 0.091626
v 0.000000 -0.068282 0.098878
v 0.015908 -0.064911 0.097927
v 0.035617 -0.063570 0.094495
v -0.015174 -0.067421 0.098365
v 0.030652 -0.062033 0.095980
v -0.028211 -0.068062 0.096368
v -0.028211 -0.068062 0.096368
v -0.023361 -0.063746 0.097124
v -0.034278 -0.066945 0.094159
v -0.029426 -0.065041 0.096148
v -0.007985 -0.065728 0.098400
v -0.045390 -0.070812 0.081717
v -0.035617 -0.063570 0.094493
v -0.040141 -0.065520 0.091608
v -0.060524 -0.072101 0.066622
v -0.043091 -0.057996 0.093442
v -0.047331 -0.059840 0.090451
v -0.051120 -0.061759 0.086510
v -0.054370 -0.053132 0.089888
v -0.058030 -0.087255 0.046846
v -0.057551 -0.054540 0.085894
v -0.067838 -0.081742 0.043544
v -0.068610 -0.066106 0.064628
v -0.070847 -0.085122 0.030466
v -0.081277 -0.079771 0.015449
v -0.086042 -0.069605 0.029629
v -0.089821 -0.071625 0.001378
v -0.088520 -0.071068 0.015667
v -0.082322 -0.066501 0.043165
v -0.092384 -0.058905 0.031484
v -0.096907 -0.061385 0.001051
v -0.095701 -0.060857 0.016555
v -0.093027 -0.043482 0.049364
v -0.103025 -0.048723 -0.016372
v -0.080758 -0.056905 0.057755
v -0.103912 -0.048798 0.000684
v -0.098973 -0.046109 0.033505
v -0.102688 -0.047939 0.017250
v -0.107197 -0.041382 0.000591
v -0.108490 -0.032714 0.017871
v -0.104382 -0.031027 0.035155
v -0.108683 -0.033917 -0.017221
v -0.112148 -0.025159 0.000455
v -0.100372 -0.047840 -0.032719
v -0.105393 -0.033212 -0.033889
v -0.110924 -0.025356 -0.017559
v -0.107420 -0.024868 -0.034496
v -0.113731 -0.016411 0.000361
v -0.108805 -0.016380 -0.034998
v -0.112520 -0.016647 -0.017826
v -0.109751 -0.007437 -0.035354
v -0.109760 0.001564 -0.035516
v -0.113791 0.001900 -0.018260
v -0.113682 -0.007410 -0.018085
v -0.115042 0.002136 0.000111
v -0.114925 -0.007168 0.000261
v -0.112107 -0.015582 0.018215
v -0.113054 -0.006523 0.018298
v -0.107697 -0.014413 0.035569
v -0.097437 -0.029259 0.051806
v -0.108529 -0.005785 0.035552
v -0.086819 -0.040217 0.063125
v -0.100955 -0.013483 0.051845
v -0.078809 -0.045495 0.070646
v -0.113083 0.002563 0.018222
v -0.068859 -0.052553 0.075554
v -0.112125 0.011566 0.017903
v -0.069646 -0.046098 0.077872
v -0.108562 0.002884 0.035302
v -0.063094 -0.046767 0.084918
v -0.102315 0.002966 0.050303
v -0.114075 0.011261 -0.000121
v -0.113791 0.001900 -0.018260
v -0.106987 0.020157 0.034242
v -0.111166 0.020569 0.017586
v -0.101185 0.018974 0.048571
v -0.095294 0.002550 0.062795
v -0.094679 0.017538 0.060711
v -0.093145 -0.012928 0.064551
v -0.088406 0.001848 0.071762
v -0.086055 -0.026777 0.070106
v -0.087165 -0.017105 0.072755
v -0.080416 -0.034076 0.074197
v -0.086969 -0.020943 0.072792
v -0.080628 -0.027931 0.078240
v -0.081543 -0.014347 0.079078
v -0.076550 -0.035355 0.079124
v -0.072814 -0.029831 0.084777
v -0.077929 -0.035477 0.075704
v -0.072885 -0.015724 0.085988
v -0.070448 -0.039658 0.080208
v -0.072187 0.002525 0.086413
v -0.066672 -0.043352 0.082546
v -0.065662 -0.038818 0.081537
v -0.064068 -0.038544 0.081980
v -0.062280 -0.041653 0.082706
v -0.059132 -0.045105 0.083641
v -0.060110 -0.040522 0.082172
v -0.055165 -0.048481 0.085111
v -0.056320 -0.042732 0.082069
v -0.061430 -0.037743 0.084039
v -0.050854 -0.051449 0.086412
v -0.052479 -0.045948 0.082075
v -0.027077 -0.060265 0.091053
v -0.043237 -0.051577 0.082519
v -0.014550 -0.062767 0.092458
v -0.018668 -0.059777 0.085213
v -0.047719 -0.046815 0.079516
v -0.036824 -0.052053 0.079016
v -0.017241 -0.058377 0.080132
v -0.051558 -0.043882 0.079738
v -0.038390 -0.045890 0.076230
v -0.049461 -0.042549 0.079216
v -0.054827 -0.040901 0.080917
v -0.020649 -0.050663 0.072938
v -0.045372 -0.036380 0.079981
v -0.058793 -0.036934 0.086099
v -0.054537 -0.036527 0.083929
v -0.035254 -0.038023 0.076051
v -0.020215 -0.044706 0.070528
v -0.009097 -0.051908 0.070900
v -0.010972 -0.059440 0.080185
v -0.000001 -0.059523 0.081343
v -0.000000 -0.063338 0.092208
v 0.014551 -0.062750 0.092463
v 0.012540 -0.060749 0.085420
v 0.027078 -0.060267 0.091053
v 0.010978 -0.059474 0.080170
v 0.043087 -0.057996 0.093421
v 0.009111 -0.051957 0.070833
v 0.023399 -0.056688 0.080170
v 0.024637 -0.058156 0.084816
v -0.010105 -0.044937 0.068472
v 0.036822 -0.052043 0.079015
v 0.043226 -0.051539 0.082537
v 0.026924 -0.049432 0.074104
v 0.050856 -0.051450 0.086414
v 0.020201 -0.044722 0.070568
v 0.047332 -0.059841 0.090452
v 0.010110 -0.044943 0.068443
v 0.054359 -0.053129 0.089875
v 0.057504 -0.054504 0.085847
v 0.010652 -0.040801 0.069441
v -0.010651 -0.040818 0.069462
v -0.023852 -0.038647 0.072690
v -0.011284 -0.037179 0.072158
v 0.025298 -0.042343 0.072091
v -0.032986 -0.034810 0.077210
v 0.033050 -0.047630 0.075310
v -0.022839 -0.035351 0.074779
v -0.042034 -0.032618 0.082032
v -0.023396 -0.032099 0.077228
v -0.046294 -0.032116 0.084477
v -0.037662 -0.030030 0.084442
v -0.052195 -0.033201 0.089715
v -0.040633 -0.029610 0.087440
v -0.015644 -0.031137 0.079432
v -0.018552 -0.027010 0.088042
v -0.035244 -0.028039 0.091410
v 0.015650 -0.031031 0.079421
v 0.000001 -0.027465 0.087268
v -0.031338 -0.027203 0.098654
v -0.014125 -0.025646 0.094100
v -0.039534 -0.028698 0.097778
v 0.014127 -0.025523 0.094053
v -0.007803 -0.023849 0.106737
v 0.011284 -0.037192 0.072172
v 0.023867 -0.038642 0.072717
v 0.022839 -0.035352 0.074779
v 0.023390 -0.032137 0.077248
v 0.035243 -0.038032 0.076087
v 0.032989 -0.034801 0.077199
v 0.026962 -0.029859 0.081856
v 0.042042 -0.032576 0.082010
v 0.038381 -0.045874 0.076255
v 0.032836 -0.028210 0.087935
v 0.047721 -0.046816 0.079509
v 0.045370 -0.036378 0.079994
v 0.046952 -0.041031 0.078689
v 0.052479 -0.045950 0.082075
v 0.051558 -0.043884 0.079738
v 0.054828 -0.040899 0.080917
v 0.055165 -0.048489 0.085111
v 0.056320 -0.042732 0.082069
v 0.058922 -0.050163 0.087484
v 0.059132 -0.045105 0.083641
v 0.054537 -0.036527 0.083929
v 0.061966 -0.051323 0.083200
v 0.046294 -0.032114 0.084479
v 0.058793 -0.036934 0.086099
v 0.052196 -0.033200 0.089715
v 0.040640 -0.029575 0.087436
v 0.054009 -0.034166 0.093097
v 0.033099 -0.027252 0.101838
v 0.045786 -0.030540 0.093676
v 0.015340 -0.024250 0.105658
v 0.047089 -0.030418 0.097028
v 0.007603 -0.024598 0.103165
v 0.040575 -0.027891 0.101018
v 0.015733 -0.023787 0.109198
v 0.000000 -0.023064 0.109986
v 0.025373 -0.023846 0.108888
v -0.015735 -0.023765 0.109196
v 0.008342 -0.021309 0.113249
v -0.033087 -0.027342 0.101847
v -0.008330 -0.021241 0.113368
v -0.025367 -0.023859 0.108868
v -0.040577 -0.027895 0.101021
v -0.047084 -0.030430 0.097030
v -0.034553 -0.024405 0.107948
v -0.054009 -0.034168 0.093097
v -0.048403 -0.030273 0.100394
v -0.060869 -0.037117 0.088817
v -0.055870 -0.033964 0.096258
v -0.064621 -0.037354 0.085914
v -0.062949 -0.037292 0.091538
v -0.068373 -0.037582 0.083011
v -0.072676 -0.036629 0.084046
v -0.062452 -0.031525 0.091808
v -0.055424 -0.030899 0.096094
v -0.055462 -0.022865 0.096149
v -0.062555 -0.015900 0.092417
v -0.041353 -0.019956 0.104127
v -0.060376 0.001907 0.093458
v -0.025951 -0.016211 0.111457
v -0.017143 -0.020916 0.114537
v -0.032661 0.004880 0.107139
v -0.008661 -0.019392 0.116556
v -0.048121 0.005855 0.099129
v -0.008802 -0.014419 0.116679
v 0.000000 -0.018806 0.117094
v -0.017123 0.005567 0.113804
v -0.000000 -0.014206 0.117211
v -0.008645 0.005644 0.116394
v -0.016603 0.023049 0.111207
v 0.008683 -0.019474 0.116422
v 0.008792 -0.014471 0.116446
v -0.000000 0.005600 0.117235
v 0.017144 -0.020917 0.114540
v 0.017365 -0.015239 0.114395
v 0.008712 0.005654 0.116364
v 0.034545 -0.024409 0.107937
v 0.025919 -0.016205 0.111368
v 0.041396 -0.027077 0.104350
v 0.025016 0.005136 0.110774
v 0.041361 -0.019959 0.104145
v 0.048395 -0.030273 0.100381
v 0.023848 0.030023 0.107307
v 0.055871 -0.033968 0.096258
v 0.008385 0.023056 0.113594
v 0.060869 -0.037117 0.088817
v 0.000000 0.023048 0.114625
v 0.061430 -0.037743 0.084039
v -0.008354 0.023048 0.113722
v 0.060110 -0.040522 0.082172
v -0.008420 0.037539 0.110483
v 0.062281 -0.041647 0.082706
v 0.000000 0.037614 0.111245
v 0.063082 -0.046761 0.084903
v 0.008441 0.037536 0.110366
v 0.066671 -0.043346 0.082546
v 0.023455 0.036982 0.106147
v 0.007702 0.056443 0.102636
v 0.022608 0.055717 0.100062
v -0.007711 0.056574 0.102881
v 0.035857 0.054754 0.095641
v 0.022156 0.061952 0.097392
v 0.041976 0.036055 0.098151
v 0.007104 0.073386 0.092722
v 0.036336 0.022926 0.103082
v 0.048134 0.005856 0.099157
v -0.016743 0.037310 0.108313
v -0.006925 0.077937 0.089227
v -0.035908 0.036354 0.101079
v -0.022635 0.055755 0.100154
v -0.036350 0.022932 0.103121
v -0.035840 0.054737 0.095610
v -0.041399 0.029417 0.099416
v -0.020944 0.072596 0.091002
v -0.029174 0.061273 0.095326
v -0.045578 0.044309 0.094088
v -0.041424 0.059703 0.090789
v -0.032763 0.075155 0.084704
v -0.013604 0.085054 0.081265
v -0.032091 0.082519 0.078063
v -0.054553 0.064764 0.078695
v -0.052014 0.076592 0.071051
v -0.027871 0.089795 0.071215
v -0.055071 0.051002 0.085163
v -0.042804 0.091825 0.058436
v -0.015532 0.098239 0.062790
v -0.032104 0.101393 0.048157
v 0.000001 0.092525 0.073747
v 0.013578 0.084970 0.081213
v 0.020917 0.072517 0.090860
v 0.021178 0.090917 0.072249
v 0.026416 0.083468 0.079183
v 0.033520 0.070676 0.087693
v 0.041393 0.059688 0.090754
v 0.037465 0.080949 0.076378
v 0.048749 0.052578 0.089286
v 0.048558 0.070873 0.078682
v 0.058444 0.055775 0.080792
v 0.033774 0.088418 0.069976
v 0.044728 0.085045 0.066841
v 0.015510 0.098112 0.062701
v 0.032136 0.101551 0.048227
v 0.045597 0.096905 0.045703
v -0.000005 0.105646 0.049924
v 0.008285 0.105326 0.049814
v -0.016458 0.104402 0.049479
v 0.008677 0.110602 0.034066
v -0.008673 0.110675 0.034087
v 0.017303 0.109697 0.033819
v -0.017302 0.109692 0.033819
v 0.000000 0.114113 0.016436
v 0.033739 0.106309 0.032866
v 0.008998 0.113853 0.016465
v 0.017942 0.112930 0.016449
v -0.008995 0.113930 0.016470
v -0.000000 0.114952 -0.001890
v 0.009163 0.114681 -0.001842
v -0.017922 0.112839 0.016437
v -0.009159 0.114769 -0.001847
v -0.033739 0.106307 0.032867
v -0.045541 0.096788 0.045632
v -0.026494 0.111336 0.016336
v -0.053666 0.087276 0.054801
v -0.018247 0.113625 -0.001743
v -0.034904 0.109177 0.016072
v -0.047816 0.101095 0.031077
v -0.057009 0.091533 0.042651
v -0.070916 0.076731 0.048843
v -0.026882 0.112053 -0.001633
v -0.065646 0.065838 0.067145
v -0.068398 0.052117 0.073447
v -0.082138 0.059314 0.052383
v -0.074552 0.079477 0.037870
v -0.081144 0.071484 0.038941
v -0.059709 0.095083 0.028887
v -0.049415 0.103598 0.015139
v -0.035352 0.109799 -0.001545
v -0.061431 0.096824 0.013931
v -0.075358 0.086457 0.012367
v -0.050026 0.103999 -0.001467
v -0.034937 0.108177 -0.019234
v -0.062140 0.097054 -0.001566
v -0.026598 0.110500 -0.019676
v -0.042337 0.105657 -0.018798
v -0.018071 0.112083 -0.020013
v -0.033841 0.104666 -0.036051
v -0.025691 0.106720 -0.036710
v -0.009073 0.113228 -0.020261
v -0.017388 0.108177 -0.037169
v -0.000000 0.113449 -0.020313
v -0.008728 0.109230 -0.037538
v -0.000000 0.109406 -0.037623
v -0.008320 0.103428 -0.052861
v -0.000000 0.103424 -0.052870
v -0.000013 0.096295 -0.065788
v -0.032114 0.099572 -0.050884
v -0.022821 0.094612 -0.064303
v -0.021545 0.087616 -0.074192
v -0.000013 0.088922 -0.075871
v -0.036881 0.091520 -0.062090
v -0.021108 0.080418 -0.082623
v 0.000003 0.073475 -0.091661
v -0.034855 0.085305 -0.072072
v -0.015909 0.063366 -0.097767
v 0.000007 0.057739 -0.102378
v -0.045894 0.094946 -0.048549
v -0.008485 0.051264 -0.105301
v 0.000022 0.036426 -0.111848
v -0.048034 0.099482 -0.034291
v -0.008982 0.036290 -0.111438
v 0.000002 0.018784 -0.116005
v -0.055689 0.099502 -0.017748
v -0.009500 -0.000022 -0.117026
v -0.000000 0.000006 -0.117235
v -0.060202 0.093553 -0.032343
v -0.018588 0.018587 -0.114538
v -0.027685 -0.000044 -0.113803
v -0.024894 0.050214 -0.103054
v -0.026246 0.035502 -0.108732
v -0.043363 0.017507 -0.107606
v -0.043893 -0.000017 -0.108475
v -0.038695 0.054447 -0.096467
v -0.041736 0.033931 -0.104097
v -0.062941 0.015802 -0.097191
v -0.063747 0.000061 -0.097728
v -0.073926 -0.000105 -0.090096
v -0.061081 0.030685 -0.094795
v -0.046720 0.046991 -0.096791
v -0.077420 0.014380 -0.085824
v -0.082435 -0.000151 -0.082089
v -0.071130 0.028805 -0.087742
v -0.068601 0.041360 -0.084820
v -0.088676 0.015112 -0.073283
v -0.089898 0.000198 -0.073661
v -0.096971 0.000758 -0.063708
v -0.086654 0.029296 -0.071942
v -0.076950 0.040094 -0.077822
v -0.095587 0.016549 -0.063344
v -0.068063 0.056061 -0.076630
v -0.102358 0.017881 -0.050601
v -0.103891 0.001195 -0.050854
v -0.109760 0.001564 -0.035516
v -0.048277 0.062446 -0.086357
v -0.108913 0.010323 -0.035546
v -0.035152 0.070244 -0.087082
v -0.055462 0.071875 -0.073730
v -0.112867 0.010910 -0.018341
v -0.108067 0.019089 -0.035576
v -0.099151 0.033518 -0.049562
v -0.111944 0.019920 -0.018422
v -0.106127 0.027237 -0.035219
v -0.089226 0.044622 -0.059821
v -0.113106 0.020393 -0.000353
v -0.075211 0.062183 -0.063728
v -0.109762 0.028336 -0.018364
v -0.104184 0.035385 -0.034861
v -0.094331 0.047282 -0.047629
v -0.088829 0.059187 -0.045416
v -0.072635 0.073530 -0.052740
v -0.098715 0.049625 -0.033639
v -0.060034 0.082617 -0.056197
v -0.076123 0.077245 -0.041766
v -0.092332 0.061794 -0.032012
v -0.071707 0.089195 -0.016303
v -0.087451 0.073403 -0.016205
v -0.071924 0.090023 -0.001722
v -0.087717 0.074224 -0.001642
v -0.094445 0.063554 -0.017076
v -0.101513 0.051329 -0.017769
v -0.086671 0.074204 0.012932
v -0.095017 0.064432 -0.001360
v -0.102242 0.052146 -0.001097
v -0.107578 0.036748 -0.018305
v -0.108489 0.037389 -0.000748
v -0.110800 0.028893 -0.000550
v -0.100763 0.052008 0.015480
v -0.106852 0.037382 0.016484
v -0.093713 0.064311 0.014247
v -0.097450 0.050887 0.030785
v -0.090883 0.063219 0.028801
v -0.093010 0.049019 0.044144
v -0.103050 0.036421 0.032614
v -0.097783 0.034482 0.046456
v -0.081279 0.045022 0.063573
v -0.091729 0.031943 0.057973
v -0.078026 0.029433 0.074478
v -0.072822 0.039408 0.074511
v -0.083642 0.014743 0.074633
v -0.070518 0.035460 0.077966
v -0.075772 0.011728 0.081755
v -0.074180 0.020817 0.079940
v -0.073880 0.028435 0.077768
v -0.063573 0.040498 0.081306
v -0.073230 0.028282 0.080508
v -0.058130 0.040830 0.085119
v -0.073525 0.022135 0.081751
v -0.054039 0.038790 0.088546
v -0.059932 0.038770 0.086971
v -0.067682 0.036820 0.082286
v -0.069143 0.026996 0.086492
v -0.063731 0.035683 0.086997
v -0.054752 0.036145 0.090957
v -0.059925 0.030928 0.091723
v -0.068537 0.022169 0.087901
v -0.051147 0.035542 0.091336
v -0.051465 0.029750 0.094383
v -0.049064 0.030156 0.093948
v -0.049416 0.023344 0.095067
v -0.055629 0.020672 0.095161
v -0.062619 0.020317 0.092151
v -0.052707 0.016335 0.094697
v -0.066871 0.014409 0.088468
v -0.057567 0.015222 0.093654
v -0.060145 0.012142 0.091429
v -0.060153 0.008681 0.092551
v -0.066257 0.012354 0.087535
v -0.071876 0.016306 0.082794
v 0.018923 -0.000060 -0.115724
v 0.000002 0.018784 -0.116005
v -0.000000 0.000006 -0.117235
v 0.018556 0.018576 -0.114417
v 0.000022 0.036426 -0.111848
v 0.035788 0.017929 -0.110128
v 0.036255 -0.000015 -0.111215
v 0.026277 0.035583 -0.108933
v 0.050570 0.016927 -0.104181
v 0.051188 -0.000011 -0.105019
v 0.008499 0.051242 -0.105292
v 0.000007 0.057739 -0.102378
v 0.041711 0.033921 -0.104048
v 0.024204 0.056581 -0.100139
v 0.038690 0.054408 -0.096410
v 0.055151 0.031845 -0.098324
v 0.068126 0.015209 -0.093579
v 0.063724 0.000061 -0.097673
v 0.073924 -0.000105 -0.090101
v 0.007685 0.068453 -0.094833
v 0.000003 0.073475 -0.091661
v 0.081541 0.014320 -0.081768
v 0.082517 -0.000166 -0.082185
v 0.089883 0.000212 -0.073643
v 0.021903 0.072269 -0.089766
v 0.071121 0.028813 -0.087749
v 0.095677 0.016557 -0.063421
v 0.096807 0.000769 -0.063603
v 0.103813 0.001198 -0.050818
v 0.079583 0.028111 -0.080254
v 0.071577 0.045857 -0.080093
v 0.051376 0.051638 -0.091670
v 0.036239 0.065393 -0.090278
v 0.058884 0.058996 -0.081950
v 0.083447 0.041620 -0.069535
v 0.045289 0.075175 -0.077087
v 0.092872 0.031396 -0.061942
v 0.069879 0.060320 -0.071461
v 0.052100 0.079683 -0.067581
v 0.033880 0.078198 -0.080052
v 0.043432 0.089463 -0.060772
v 0.028504 0.086699 -0.073214
v 0.014584 0.088378 -0.075124
v -0.000013 0.088922 -0.075871
v -0.000013 0.096295 -0.065788
v 0.015405 0.095494 -0.065063
v -0.000000 0.103424 -0.052870
v 0.032137 0.099590 -0.050915
v 0.008290 0.103184 -0.052747
v -0.000000 0.109406 -0.037623
v 0.016526 0.102397 -0.052333
v 0.008732 0.109154 -0.037513
v -0.000000 0.113449 -0.020313
v 0.017388 0.108177 -0.037169
v 0.009078 0.113159 -0.020244
v 0.018071 0.112083 -0.020013
v 0.025692 0.106743 -0.036713
v 0.018247 0.113625 -0.001743
v 0.026600 0.110508 -0.019678
v 0.033840 0.104665 -0.036050
v 0.026884 0.112072 -0.001634
v 0.045837 0.094861 -0.048509
v 0.034963 0.108242 -0.019245
v 0.048039 0.099488 -0.034294
v 0.057768 0.089553 -0.045958
v 0.034920 0.109262 0.016082
v 0.035352 0.109798 -0.001546
v 0.049515 0.102609 -0.018289
v 0.047819 0.101097 0.031078
v 0.049448 0.103651 0.015145
v 0.050018 0.103988 -0.001467
v 0.060121 0.093435 -0.032290
v 0.061602 0.095935 -0.017180
v 0.064692 0.079689 -0.054551
v 0.062222 0.097158 -0.001567
v 0.075807 0.076938 -0.041657
v 0.079026 0.065680 -0.054081
v 0.071491 0.088947 -0.016245
v 0.078467 0.079756 -0.029247
v 0.085734 0.071545 -0.030205
v 0.084287 0.055930 -0.056961
v 0.088697 0.059094 -0.045335
v 0.088985 0.044493 -0.059643
v 0.094349 0.047292 -0.047640
v 0.098886 0.049738 -0.033691
v 0.099040 0.033485 -0.049495
v 0.102373 0.017883 -0.050610
v 0.104170 0.035375 -0.034857
v 0.108913 0.010323 -0.035546
v 0.109760 0.001564 -0.035517
v 0.113790 0.001900 -0.018260
v 0.108068 0.019089 -0.035576
v 0.112867 0.010910 -0.018341
v 0.114075 0.011261 -0.000121
v 0.111944 0.019920 -0.018422
v 0.109762 0.028336 -0.018364
v 0.113106 0.020393 -0.000353
v 0.112125 0.011566 0.017903
v 0.111166 0.020569 0.017586
v 0.110800 0.028893 -0.000551
v 0.107578 0.036748 -0.018305
v 0.106987 0.020157 0.034242
v 0.101512 0.051328 -0.017769
v 0.108494 0.037392 -0.000748
v 0.106852 0.037382 0.016484
v 0.094457 0.063566 -0.017080
v 0.102192 0.052116 -0.001098
v 0.098908 0.058468 -0.001228
v 0.087265 0.073230 -0.016158
v 0.087706 0.074193 -0.001641
v 0.080367 0.082738 -0.001769
v 0.093724 0.064320 0.014251
v 0.086523 0.074074 0.012891
v 0.066437 0.093603 0.013301
v 0.077348 0.081655 0.025649
v 0.059642 0.095014 0.028867
v 0.084378 0.073232 0.026742
v 0.057068 0.091598 0.042670
v 0.100762 0.052007 0.015481
v 0.053667 0.087291 0.054814
v 0.097602 0.050986 0.030834
v 0.056249 0.074690 0.068596
v 0.071088 0.076883 0.048926
v 0.065608 0.065809 0.067132
v 0.087068 0.061606 0.041508
v 0.076624 0.056913 0.061816
v 0.092837 0.048919 0.044045
v 0.103038 0.036413 0.032610
v 0.087175 0.046321 0.055045
v 0.097796 0.034489 0.046464
v 0.075881 0.043518 0.070129
v 0.091665 0.031914 0.057918
v 0.101184 0.018974 0.048570
v 0.094623 0.017518 0.060661
v 0.108562 0.002884 0.035302
v 0.102315 0.002966 0.050302
v 0.095294 0.002554 0.062796
v 0.082049 0.029271 0.070675
v 0.087953 0.015671 0.069803
v 0.088067 -0.005691 0.072494
v 0.087182 -0.017107 0.072781
v 0.074227 0.020833 0.079994
v 0.086875 -0.020909 0.072741
v 0.080094 0.005839 0.079541
v 0.080408 -0.034075 0.074193
v 0.075813 0.011741 0.081802
v 0.073051 -0.015724 0.086179
v 0.072040 0.002512 0.086238
v 0.081048 -0.021141 0.078617
v 0.080631 -0.027931 0.078243
v 0.072813 -0.029831 0.084776
v 0.060392 0.001907 0.093480
v 0.076550 -0.035355 0.079124
v 0.060153 0.008681 0.092550
v 0.062536 -0.015900 0.092386
v 0.055462 -0.022865 0.096148
v 0.062453 -0.031525 0.091809
v 0.055424 -0.030899 0.096094
v 0.062948 -0.037292 0.091537
v 0.067812 -0.036964 0.087791
v 0.064621 -0.037354 0.085914
v 0.072676 -0.036629 0.084045
v 0.068373 -0.037582 0.083011
v 0.064068 -0.038544 0.081979
v 0.077929 -0.035477 0.075704
v 0.065662 -0.038818 0.081537
v 0.070448 -0.039658 0.080208
v 0.069643 -0.046097 0.077869
v 0.068861 -0.052555 0.075557
v 0.066268 0.012348 0.087548
v 0.071862 0.016309 0.082784
v 0.060151 0.012148 0.091442
v 0.071513 0.017825 0.084384
v 0.060947 0.014131 0.092112
v 0.067089 0.017046 0.088899
v 0.073491 0.022141 0.081726
v 0.061207 0.020542 0.092898
v 0.068548 0.022175 0.087899
v 0.073898 0.028442 0.077790
v 0.073244 0.028285 0.080520
v 0.070525 0.035463 0.077975
v 0.054634 0.017252 0.094833
v 0.052706 0.016336 0.094688
v 0.048836 0.026745 0.094842
v 0.051820 0.023308 0.095490
v 0.054179 0.026154 0.095172
v 0.063923 0.026278 0.090659
v 0.051458 0.029744 0.094336
v 0.068785 0.032443 0.084541
v 0.063753 0.035713 0.087066
v 0.067651 0.036799 0.082257
v 0.056359 0.037343 0.089718
v 0.062399 0.039074 0.085097
v 0.063582 0.040497 0.081317
v 0.051144 0.035544 0.091343
v 0.060312 0.046270 0.082219
v 0.058127 0.040830 0.085115
v 0.050037 0.040292 0.091665
v 0.054019 0.038784 0.088520
vn 0.5993 0.6161 0.5111
vn -0.5986 0.6456 0.4743
vn -0.1649 -0.9397 -0.2996
vn -0.0585 -0.9982 0.0164
vn -0.7693 -0.5833 0.2608
vn 0.4772 -0.8651 -0.1545
vn 0.2298 -0.8634 -0.4492
vn -0.0768 -0.9705 -0.2286
vn -0.2840 -0.9587 0.0118
vn 0.1366 -0.9821 0.1298
vn -0.3181 -0.1537 -0.9355
vn -0.0532 -0.9566 -0.2864
vn 0.4734 -0.8739 -0.1109
vn -0.3910 -0.5280 -0.7539
vn 0.3166 -0.8621 -0.3956
vn 0.1059 -0.9936 0.0396
vn -0.1449 -0.1796 -0.9730
vn -0.0314 -0.9321 -0.3609
vn -0.4440 -0.8937 -0.0639
vn -0.3860 -0.8980 0.2113
vn -0.5363 -0.4328 -0.7246
vn -0.2496 0.2675 -0.9307
vn -0.1515 -0.9630 -0.2228
vn 0.0015 -0.9974 0.0727
vn 0.3932 -0.9187 -0.0382
vn -0.2483 0.3351 -0.9089
vn -0.1927 -0.1112 -0.9749
vn 0.2866 -0.8920 -0.3495
vn 0.0216 -0.3760 -0.9264
vn -0.0296 -0.9901 -0.1372
vn -0.3162 -0.9162 0.2460
vn -0.2117 0.3839 -0.8988
vn -0.2148 -0.3344 -0.9176
vn -0.4344 -0.8981 -0.0679
vn -0.0063 -0.9794 -0.2019
vn -0.0230 -0.9955 0.0916
vn 0.4128 -0.9078 -0.0745
vn -0.6074 -0.2792 -0.7437
vn 0.3226 -0.8816 -0.3444
vn -0.2525 0.3547 -0.9003
vn -0.1435 -0.1622 -0.9763
vn -0.0971 -0.9741 -0.2044
vn -0.3358 -0.9390 0.0737
vn 0.1363 -0.3084 -0.9414
vn -0.4212 -0.8756 -0.2363
vn -0.0867 0.3514 -0.9322
vn 0.0775 0.9280 -0.3644
vn -0.1603 0.3659 -0.9168
vn -0.4959 -0.3500 -0.7947
vn -0.0295 -0.9443 -0.3279
vn 0.0285 -0.9996 -0.0080
vn 0.3307 -0.9406 -0.0768
vn -0.0838 0.3442 -0.9352
vn -0.1200 -0.1135 -0.9863
vn 0.2924 -0.8798 -0.3748
vn 0.2308 -0.3576 -0.9049
vn -0.3910 -0.8700 -0.3003
vn -0.3187 -0.9478 0.0024
vn -0.3943 -0.3727 -0.8400
vn -0.0504 -0.9334 -0.3553
vn 0.0421 -0.9990 -0.0177
vn 0.4053 -0.9133 -0.0397
vn 0.0238 0.3086 -0.9509
vn 0.3886 -0.8508 -0.3538
vn 0.0572 -0.0602 -0.9965
vn 0.0003 -0.9823 -0.1874
vn -0.4053 -0.9133 -0.0395
vn 0.2992 -0.3055 -0.9040
vn 0.0119 0.3398 -0.9404
vn 0.0093 0.4659 -0.8848
vn 0.1278 0.9342 -0.3329
vn 0.0030 0.3510 -0.9364
vn 0.0001 -0.3269 -0.9451
vn -0.2993 -0.3053 -0.9040
vn -0.3887 -0.8507 -0.3538
vn 0.0495 -0.9333 -0.3556
vn -0.0442 -0.9989 -0.0186
vn 0.3187 -0.9479 -0.0002
vn -0.0164 0.3290 -0.9442
vn -0.0574 -0.0601 -0.9965
vn 0.3911 -0.8696 -0.3013
vn 0.3942 -0.3729 -0.8400
vn -0.0251 0.3121 -0.9497
vn -0.0033 0.4677 -0.8839
vn -0.2307 -0.3576 -0.9049
vn -0.2923 -0.8792 -0.3762
vn -0.3301 -0.9406 -0.0797
vn 0.0829 0.3463 -0.9345
vn 0.0293 -0.9440 -0.3285
vn -0.0303 -0.9995 -0.0095
vn 0.3356 -0.9391 0.0736
vn 0.1199 -0.1135 -0.9863
vn 0.4959 -0.3500 -0.7947
vn 0.4212 -0.8756 -0.2364
vn 0.0973 -0.9741 -0.2043
vn -0.4132 -0.9077 -0.0731
vn -0.1363 -0.3082 -0.9415
vn -0.3225 -0.8820 -0.3435
vn 0.0053 -0.9797 -0.2003
vn 0.0207 -0.9955 0.0924
vn 0.3415 -0.9139 0.2194
vn 0.1598 0.3664 -0.9166
vn 0.4342 -0.8985 -0.0650
vn -0.1304 0.9341 -0.3323
vn 0.1460 -0.1615 -0.9760
vn 0.1027 0.3517 -0.9305
vn 0.0774 -0.9609 -0.2657
vn -0.0251 -0.9971 0.0716
vn 0.5825 -0.3009 -0.7551
vn 0.2668 0.3384 -0.9024
vn -0.0847 0.9282 -0.3623
vn -0.2842 -0.8929 -0.3493
vn -0.3948 -0.9157 -0.0747
vn 0.0023 -0.3688 -0.9295
vn 0.1496 -0.9637 -0.2213
vn -0.0016 -0.9972 0.0743
vn 0.3861 -0.8978 0.2119
vn 0.2291 0.3542 -0.9067
vn 0.2356 -0.1157 -0.9649
vn 0.4444 -0.8936 -0.0636
vn -0.1834 -0.9830 0.0114
vn 0.5221 -0.4724 -0.7101
vn -0.0250 -0.9325 -0.3603
vn 0.1950 -0.9565 -0.2171
vn -0.0093 -0.9854 0.1698
vn 0.2673 -0.2181 -0.9386
vn 0.2717 0.3451 -0.8984
vn 0.2919 -0.9562 0.0225
vn -0.0031 -0.9895 -0.1447
vn -0.0350 0.8991 -0.4364
vn -0.3277 -0.9195 -0.2170
vn 0.0082 -0.9866 0.1629
vn -0.0091 -0.5091 -0.8607
vn 0.1251 -0.9421 -0.3113
vn 0.7687 -0.5837 0.2615
vn 0.2486 0.3384 -0.9075
vn 0.0667 -0.0418 -0.9969
vn 0.5386 -0.5421 -0.6450
vn 0.5657 -0.8006 -0.1976
vn 0.2629 -0.9070 -0.3289
vn 0.1327 -0.9802 0.1472
vn 0.1269 -0.7740 -0.6203
vn 0.3076 -0.3241 -0.8946
vn 0.2618 0.2912 -0.9201
vn 0.3607 0.2676 -0.8935
vn 0.3016 0.4621 -0.8340
vn 0.2922 0.4487 -0.8446
vn -0.0409 0.8197 -0.5713
vn -0.0698 0.8485 -0.5246
vn -0.3547 0.9279 -0.1151
vn -0.4172 0.9068 -0.0604
vn -0.3483 0.9374 -0.0039
vn -0.3443 0.9383 0.0330
vn -0.0710 0.8753 -0.4784
vn -0.2834 0.9546 0.0920
vn -0.3027 0.9021 0.3075
vn -0.2551 0.9187 0.3014
vn -0.2301 0.9010 0.3678
vn -0.0998 0.9663 -0.2374
vn -0.1246 0.8731 0.4714
vn 0.0029 0.9656 -0.2601
vn -0.0000 0.9021 0.4314
vn 0.1246 0.8730 0.4714
vn 0.1010 0.9663 -0.2368
vn 0.2301 0.9010 0.3678
vn 0.2552 0.9164 0.3084
vn 0.2848 0.8952 0.3428
vn 0.2786 0.9528 0.1204
vn 0.0678 0.8801 -0.4699
vn 0.2248 0.9744 -0.0032
vn 0.3472 0.9371 0.0368
vn -0.2631 0.4020 -0.8770
vn 0.0651 0.8607 -0.5049
vn 0.3474 0.9377 -0.0027
vn 0.3924 0.9195 -0.0235
vn -0.3100 0.2183 -0.9253
vn 0.0762 0.8514 -0.5189
vn 0.4302 0.9015 -0.0469
vn 0.0468 0.8062 -0.5898
vn -0.2856 0.4476 -0.8474
vn -0.3028 0.4380 -0.8465
vn -0.3483 0.2714 -0.8972
vn -0.2395 -0.3427 -0.9084
vn -0.5871 -0.5545 -0.5897
vn -0.2693 -0.5440 -0.7947
vn 0.0403 -0.8471 -0.5300
vn -0.5369 -0.8083 -0.2414
vn -0.2101 -0.9328 -0.2930
vn -0.1341 -0.9806 0.1431
vn -0.5824 -0.4928 0.6465
vn -0.4496 -0.6746 0.5855
vn -0.3444 -0.9383 -0.0312
vn -0.4178 -0.4268 0.8021
vn -0.7396 -0.5432 0.3975
vn -0.3091 -0.4665 0.8288
vn -0.1858 -0.4405 0.8783
vn -0.1494 -0.5390 0.8289
vn -0.4554 -0.2471 0.8553
vn -0.3654 -0.4611 0.8086
vn -0.3517 -0.4873 0.7993
vn -0.3262 -0.5303 0.7825
vn -0.4207 -0.1929 0.8864
vn -0.3278 -0.3724 0.8683
vn -0.3549 -0.4842 0.7997
vn -0.3460 -0.1349 0.9285
vn -0.1407 -0.4204 0.8964
vn -0.2368 -0.4792 0.8452
vn -0.2151 -0.4179 0.8827
vn -0.3672 -0.1532 0.9174
vn -0.4373 -0.4172 0.7967
vn -0.3751 -0.3936 0.8393
vn -0.2738 -0.5459 0.7919
vn -0.4307 0.4160 0.8009
vn -0.2158 -0.3817 0.8988
vn -0.1568 -0.5227 0.8379
vn -0.3250 -0.1252 0.9374
vn -0.1443 -0.4869 0.8615
vn -0.4573 0.3638 0.8115
vn -0.1634 -0.3551 0.9205
vn -0.2544 -0.3977 0.8815
vn -0.0699 -0.4247 0.9026
vn -0.1945 -0.1411 0.9707
vn -0.1124 -0.3810 0.9177
vn -0.1028 -0.4144 0.9043
vn -0.1576 -0.2997 0.9409
vn -0.1485 -0.4298 0.8906
vn -0.3331 0.3804 0.8628
vn 0.0877 -0.4010 0.9119
vn 0.0170 -0.4935 0.8696
vn -0.0742 -0.4537 0.8881
vn -0.3251 0.7781 0.5374
vn -0.0600 -0.3290 0.9424
vn -0.4022 0.7277 0.5555
vn -0.2745 0.5687 0.7754
vn -0.4565 0.6549 0.6022
vn -0.1217 -0.4268 0.8961
vn -0.5014 0.3172 0.8050
vn -0.5174 0.6403 0.5677
vn -0.5539 0.1837 0.8120
vn -0.5587 0.6533 0.5110
vn -0.8625 -0.1918 0.4683
vn -0.2446 0.2825 0.9276
vn -0.2461 0.4337 0.8668
vn -0.1577 -0.1031 0.9821
vn -0.7942 -0.4498 0.4086
vn 0.0050 0.2886 0.9574
vn -0.0001 0.6593 0.7519
vn 0.1578 -0.1028 0.9821
vn -0.1015 -0.1406 0.9848
vn 0.2469 0.2913 0.9242
vn 0.2461 0.4337 0.8668
vn 0.2746 0.5685 0.7755
vn 0.1521 -0.1453 0.9776
vn 0.0029 -0.2904 0.9569
vn 0.3385 0.4164 0.8438
vn 0.3156 0.7832 0.5358
vn 0.3880 0.6595 0.6439
vn -0.0087 -0.4167 0.9090
vn 0.1229 -0.4435 0.8878
vn 0.1875 -0.4175 0.8891
vn 0.0709 -0.4591 0.8856
vn 0.0963 -0.3527 0.9308
vn -0.0692 -0.3854 0.9201
vn 0.0221 -0.4566 0.8894
vn 0.1663 -0.4236 0.8905
vn 0.1301 -0.3564 0.9252
vn 0.1503 -0.4064 0.9013
vn 0.0712 -0.4233 0.9032
vn 0.1739 -0.3726 0.9115
vn 0.2501 -0.4225 0.8712
vn 0.2646 -0.1498 0.9526
vn 0.2307 -0.3704 0.8998
vn 0.2209 -0.4220 0.8793
vn 0.3268 -0.3880 0.8618
vn 0.1683 -0.4708 0.8660
vn 0.4428 -0.4432 0.7795
vn 0.3243 -0.2943 0.8990
vn 0.2579 -0.4433 0.8585
vn 0.4282 0.4135 0.8035
vn 0.4039 0.7546 0.5171
vn 0.4619 0.5278 0.7128
vn 0.3273 -0.1395 0.9346
vn 0.1941 -0.4405 0.8765
vn 0.2368 -0.4793 0.8451
vn 0.3293 -0.4871 0.8089
vn 0.5115 0.3112 0.8009
vn 0.5175 0.6544 0.5512
vn 0.3463 -0.3202 0.8818
vn 0.4319 -0.4592 0.7763
vn 0.3477 -0.5122 0.7853
vn 0.3918 -0.1445 0.9086
vn 0.3423 -0.4696 0.8138
vn 0.3443 -0.4755 0.8095
vn 0.4300 -0.4603 0.7767
vn 0.3679 -0.3995 0.8397
vn 0.3641 -0.4646 0.8072
vn 0.4562 -0.2401 0.8569
vn 0.5967 0.3519 0.7212
vn 0.5760 0.6630 0.4781
vn 0.8650 -0.1692 0.4724
vn 0.3850 -0.4471 0.8074
vn 0.4271 -0.6618 0.6162
vn 0.2632 -0.2656 0.9275
vn 0.3428 -0.9388 -0.0338
vn 0.5825 -0.4929 0.6463
vn 0.7395 -0.5434 0.3973
vn 0.7943 -0.4496 0.4087
vn 0.8886 -0.3773 -0.2607
vn 0.9663 -0.1078 -0.2338
vn 0.9032 -0.0197 -0.4287
vn 0.7912 -0.3826 -0.4772
vn 0.7533 -0.4725 -0.4576
vn 0.8012 -0.5354 -0.2671
vn 0.8959 -0.4012 -0.1910
vn 0.8889 -0.3691 -0.2712
vn -0.8011 -0.5354 -0.2675
vn -0.8958 -0.4011 -0.1916
vn -0.8888 -0.3690 -0.2718
vn -0.7532 -0.4723 -0.4577
vn -0.8885 -0.3774 -0.2610
vn -0.7914 -0.3824 -0.4770
vn -0.9035 -0.0201 -0.4282
vn -0.9662 -0.1078 -0.2342
vn -0.5734 -0.6255 0.5291
vn 0.6040 -0.6614 0.4447
vn 0.6147 -0.1072 0.7814
vn 0.5964 -0.0108 0.8026
vn 0.4596 0.0557 0.8864
vn 0.5871 -0.3260 0.7410
vn 0.5671 -0.5370 0.6246
vn 0.6037 -0.0758 0.7936
vn 0.3273 -0.4472 0.8324
vn 0.4254 -0.4666 0.7754
vn 0.4105 0.3127 0.8566
vn 0.6142 0.0065 0.7891
vn 0.3250 0.7546 0.5701
vn 0.2266 0.1868 0.9559
vn 0.6183 -0.1479 0.7719
vn 0.3587 -0.2864 0.8884
vn 0.3777 -0.3989 0.8356
vn 0.3838 -0.4929 0.7809
vn 0.2941 -0.5590 0.7753
vn 0.6021 0.2168 0.7684
vn 0.6022 0.6614 0.4471
vn 0.2155 0.7749 0.5942
vn 0.2495 0.3407 0.9065
vn -0.1526 0.7608 0.6308
vn -0.0205 0.3740 0.9272
vn -0.0159 0.8161 0.5777
vn 0.2580 -0.4229 0.8687
vn 0.2510 -0.5687 0.7833
vn 0.3797 0.0890 0.9208
vn 0.5419 0.6965 0.4702
vn 0.3632 -0.2609 0.8944
vn 0.5326 0.3305 0.7791
vn 0.2015 0.8058 0.5569
vn 0.3176 -0.2865 0.9039
vn 0.2520 0.3446 0.9043
vn -0.2299 0.7944 0.5621
vn -0.0636 0.4187 0.9059
vn 0.0506 0.8159 0.5759
vn 0.3779 0.1487 0.9138
vn 0.4912 0.6845 0.5387
vn 0.4626 0.2744 0.8431
vn 0.1846 0.7487 0.6367
vn 0.1946 0.2993 0.9341
vn -0.2595 0.7457 0.6136
vn -0.1363 0.3703 0.9188
vn 0.1206 0.7894 0.6019
vn 0.2050 -0.2901 0.9348
vn 0.1702 -0.0056 0.9854
vn 0.4109 0.3456 0.8436
vn 0.4754 0.7054 0.5257
vn 0.1717 0.7803 0.6013
vn 0.2028 0.3434 0.9170
vn 0.1201 0.2754 0.9538
vn 0.2489 0.1355 0.9590
vn 0.1335 0.8266 0.5467
vn 0.3640 0.7652 0.5309
vn 0.1832 -0.4294 0.8843
vn 0.2319 -0.5545 0.7992
vn 0.1707 -0.5413 0.8233
vn 0.3170 0.3300 0.8892
vn 0.0169 0.8089 0.5877
vn 0.1499 -0.3124 0.9381
vn 0.0323 0.3142 0.9488
vn -0.1543 0.2393 0.9586
vn 0.0635 -0.4374 0.8970
vn 0.0788 -0.5494 0.8318
vn -0.0695 -0.5616 0.8245
vn 0.1827 0.1212 0.9757
vn 0.1539 0.8349 0.5285
vn 0.1759 -0.2637 0.9484
vn 0.3148 0.3578 0.8791
vn 0.3708 0.7881 0.4913
vn -0.0017 0.7508 0.6606
vn -0.0080 -0.4311 0.9023
vn -0.3150 0.3538 0.8807
vn -0.3692 0.7798 0.5055
vn -0.1602 0.8128 0.5602
vn -0.0687 -0.4182 0.9058
vn -0.1897 -0.5146 0.8362
vn -0.2409 -0.5517 0.7985
vn -0.0407 -0.2934 0.9551
vn -0.0423 0.1460 0.9884
vn 0.2749 0.7707 0.5749
vn 0.1928 0.2732 0.9424
vn -0.0800 0.3212 0.9436
vn -0.0191 0.7982 0.6021
vn -0.1588 -0.3059 0.9387
vn -0.3078 0.3101 0.8995
vn -0.3630 0.7604 0.5385
vn -0.2379 0.1198 0.9639
vn -0.1333 0.8273 0.5457
vn -0.1196 0.2781 0.9531
vn -0.1798 -0.2945 0.9386
vn -0.1991 0.3387 0.9196
vn -0.1717 0.7804 0.6012
vn -0.4105 0.3450 0.8441
vn -0.4752 0.7053 0.5260
vn -0.1218 0.7882 0.6032
vn -0.1715 -0.0070 0.9852
vn 0.1255 0.3602 0.9244
vn 0.2585 0.7450 0.6150
vn -0.2441 -0.4348 0.8668
vn -0.3124 -0.5763 0.7552
vn -0.2948 -0.5800 0.7594
vn -0.1975 0.3046 0.9318
vn -0.1847 0.7476 0.6380
vn -0.3420 -0.4166 0.8423
vn -0.3048 -0.5788 0.7564
vn -0.3779 -0.5411 0.7513
vn -0.4953 0.2982 0.8159
vn -0.4916 0.6831 0.5402
vn -0.3256 -0.2663 0.9072
vn -0.3796 0.1419 0.9142
vn -0.0513 0.8156 0.5763
vn 0.0389 0.3960 0.9174
vn 0.2298 0.7944 0.5623
vn -0.2586 0.3488 0.9008
vn -0.2020 0.8050 0.5578
vn -0.5950 -0.3344 0.7308
vn -0.5689 0.3524 0.7431
vn -0.4408 -0.5116 0.7376
vn -0.5422 0.6960 0.4707
vn -0.4196 -0.2514 0.8722
vn -0.3758 0.0868 0.9226
vn 0.0147 0.8158 0.5781
vn 0.0156 0.3673 0.9300
vn 0.1531 0.7609 0.6305
vn -0.3428 -0.2709 0.8995
vn -0.2520 0.3329 0.9087
vn -0.2153 0.7757 0.5932
vn -0.5879 0.2218 0.7779
vn -0.6032 0.6613 0.4460
vn -0.6272 -0.0788 0.7749
vn 0.0465 -0.4618 0.8858
vn -0.3881 0.3210 0.8639
vn -0.2238 0.1785 0.9582
vn -0.3216 0.7618 0.5624
vn -0.6147 0.0097 0.7887
vn -0.5033 -0.1656 0.8481
vn -0.5052 -0.3899 0.7699
vn -0.5416 -0.5415 0.6430
vn -0.6041 -0.3231 0.7285
vn -0.6203 -0.0925 0.7789
vn -0.6464 -0.1977 0.7369
vn 0.5943 0.7913 0.1439
vn 0.2249 0.7059 -0.6716
vn 0.7668 0.3471 -0.5399
vn 0.8912 -0.3080 0.3332
vn 0.9486 0.1422 0.2829
vn 0.0164 0.1709 -0.9851
vn 0.7955 -0.3234 -0.5124
vn 0.5122 -0.5915 -0.6227
vn 0.6796 -0.7282 0.0890
vn 0.6360 -0.7717 -0.0029
vn 0.4501 0.7213 -0.5265
vn -0.0385 0.9959 0.0816
vn 0.7782 0.6278 -0.0185
vn 0.0091 0.2648 -0.9643
vn 0.4354 0.7356 -0.5189
vn 0.5018 0.8643 -0.0353
vn -0.1746 0.8764 -0.4488
vn -0.1616 0.9868 -0.0092
vn -0.3429 0.1465 -0.9279
vn -0.3670 0.8394 -0.4010
vn -0.3772 0.9261 -0.0096
vn 0.3558 -0.5860 -0.7280
vn -0.7155 0.1966 -0.6704
vn -0.3521 0.7248 -0.5922
vn 0.2117 0.9762 -0.0477
vn 0.2842 -0.5531 -0.7832
vn 0.5555 -0.8308 -0.0360
vn 0.1801 0.7708 -0.6111
vn 0.3971 0.9160 -0.0574
vn 0.1656 -0.5109 -0.8435
vn -0.0894 0.7992 -0.5944
vn 0.0367 0.9991 -0.0219
vn 0.5010 -0.8554 0.1314
vn -0.5077 0.7438 -0.4347
vn -0.5592 0.8290 -0.0087
vn 0.1082 -0.5381 -0.8359
vn -0.4876 0.5726 -0.6591
vn -0.2080 0.9704 -0.1228
vn 0.2114 0.9690 -0.1276
vn -0.1701 0.7985 -0.5775
vn -0.1753 0.9802 -0.0920
vn 0.4464 -0.8896 -0.0963
vn -0.1347 0.6969 -0.7044
vn -0.4512 0.8879 -0.0897
vn 0.1084 -0.5302 -0.8409
vn 0.0881 0.9929 -0.0794
vn 0.4514 -0.8899 -0.0654
vn 0.5103 -0.7809 0.3602
vn 0.4178 -0.8690 0.2652
vn 0.3391 -0.9273 -0.1586
vn 0.0978 -0.5678 -0.8173
vn 0.1752 0.7855 -0.5936
vn 0.3563 0.9343 -0.0121
vn 0.3273 -0.9365 -0.1255
vn 0.2251 -0.9346 -0.2755
vn 0.0320 -0.4773 -0.8782
vn -0.0921 0.8639 -0.4952
vn -0.0575 0.9981 0.0219
vn 0.0011 -0.4907 -0.8713
vn -0.4458 0.7310 -0.5167
vn -0.4849 0.8746 0.0017
vn 0.1581 -0.9683 -0.1934
vn -0.1235 0.6739 -0.7284
vn 0.1181 0.9921 -0.0433
vn 0.2998 0.7476 -0.5926
vn 0.4395 0.8969 -0.0487
vn -0.0044 -0.5117 -0.8591
vn -0.0729 0.8268 -0.5578
vn -0.0318 0.9992 -0.0255
vn 0.1607 -0.9761 -0.1463
vn 0.1259 -0.9793 -0.1586
vn -0.3422 0.7732 -0.5338
vn -0.3399 0.9400 -0.0296
vn 0.1808 -0.9805 0.0775
vn 0.1127 -0.9874 -0.1111
vn -0.1091 0.6981 -0.7076
vn 0.0648 0.9949 -0.0772
vn -0.0185 -0.5371 -0.8433
vn 0.1877 0.7832 -0.5928
vn 0.2785 0.9578 -0.0713
vn 0.1121 -0.9832 -0.1439
vn -0.0947 0.8160 -0.5703
vn -0.0571 0.9975 -0.0418
vn -0.0334 -0.5406 -0.8406
vn -0.3170 0.7710 -0.5523
vn -0.3124 0.9491 -0.0409
vn 0.1196 0.9899 -0.0764
vn 0.1017 -0.9836 0.1488
vn 0.0364 -0.9980 0.0508
vn -0.0313 -0.5681 -0.8223
vn 0.1138 0.7205 -0.6840
vn -0.0001 -0.9920 0.1265
vn -0.0365 -0.9979 0.0526
vn 0.2983 0.7649 -0.5710
vn 0.2976 0.9510 -0.0840
vn 0.0003 0.9959 -0.0907
vn -0.1018 -0.9833 0.1506
vn -0.2984 0.7648 -0.5711
vn -0.2972 0.9511 -0.0841
vn -0.1124 -0.9872 -0.1136
vn -0.1204 0.9897 -0.0770
vn 0.0314 -0.5686 -0.8220
vn -0.1152 0.7205 -0.6838
vn 0.3168 0.7711 -0.5524
vn 0.3118 0.9493 -0.0411
vn 0.0571 0.9975 -0.0418
vn 0.0334 -0.5406 -0.8406
vn 0.0948 0.8160 -0.5703
vn -0.2785 0.9578 -0.0713
vn -0.1119 -0.9831 -0.1451
vn -0.1877 0.7832 -0.5928
vn -0.0648 0.9949 -0.0772
vn 0.0185 -0.5371 -0.8433
vn -0.1807 -0.9805 0.0774
vn -0.1612 -0.9764 -0.1439
vn 0.1091 0.6981 -0.7076
vn 0.3399 0.9400 -0.0296
vn -0.1584 -0.9685 -0.1922
vn -0.1269 -0.9796 -0.1561
vn 0.3422 0.7732 -0.5338
vn 0.0318 0.9992 -0.0255
vn 0.0045 -0.5117 -0.8591
vn 0.0729 0.8268 -0.5578
vn -0.4394 0.8970 -0.0488
vn -0.0011 -0.4906 -0.8714
vn -0.2996 0.7477 -0.5926
vn -0.1181 0.9920 -0.0435
vn -0.2095 -0.9508 -0.2282
vn 0.1234 0.6739 -0.7284
vn 0.4846 0.8747 0.0016
vn -0.0219 -0.4946 -0.8689
vn 0.4456 0.7311 -0.5167
vn 0.0576 0.9981 0.0218
vn -0.3269 -0.9346 -0.1405
vn 0.0922 0.8639 -0.4952
vn -0.3564 0.9343 -0.0124
vn -0.0791 -0.5369 -0.8399
vn -0.1757 0.7853 -0.5937
vn -0.0894 0.9928 -0.0800
vn -0.4046 -0.9100 -0.0909
vn 0.1341 0.6995 -0.7019
vn 0.4513 0.8878 -0.0900
vn -0.1079 -0.5297 -0.8413
vn 0.1707 0.7997 -0.5756
vn 0.1756 0.9802 -0.0920
vn -0.2114 0.9690 -0.1276
vn -0.4491 -0.8891 -0.0886
vn -0.4545 -0.8879 -0.0711
vn 0.4971 0.5681 -0.6558
vn 0.2080 0.9704 -0.1228
vn 0.5591 0.8291 -0.0085
vn -0.1545 -0.5232 -0.8381
vn 0.5076 0.7439 -0.4347
vn -0.0368 0.9991 -0.0217
vn -0.5046 -0.8494 0.1546
vn -0.5107 -0.7597 0.4025
vn -0.1675 -0.5115 -0.8428
vn -0.5493 -0.8354 -0.0188
vn 0.0894 0.7993 -0.5943
vn -0.3933 0.9177 -0.0567
vn -0.2814 -0.5595 -0.7796
vn -0.6347 -0.7727 0.0085
vn -0.1740 0.7728 -0.6103
vn -0.2082 0.9771 -0.0446
vn -0.3634 -0.6097 -0.7044
vn -0.6769 -0.7325 0.0724
vn 0.2279 0.7614 -0.6069
vn 0.3327 0.9420 -0.0436
vn 0.1369 0.9864 -0.0915
vn 0.6378 0.1811 -0.7486
vn -0.3776 0.7674 -0.5182
vn -0.4352 0.8947 -0.1007
vn -0.7850 0.6191 0.0196
vn 0.0356 0.2676 -0.9629
vn -0.4674 -0.6149 -0.6351
vn -0.9091 -0.2316 0.3464
vn -0.4819 0.7205 -0.4986
vn -0.0376 0.9911 0.1279
vn -0.1926 0.7170 -0.6699
vn -0.0164 0.1708 -0.9852
vn -0.6034 0.7740 0.1920
vn -0.7700 0.3674 -0.5216
vn -0.9334 0.1923 0.3030
vn -0.8031 -0.3041 -0.5124
vn 0.1519 -0.0799 -0.9852
vn 0.0795 -0.0288 -0.9964
vn 0.1087 -0.1160 -0.9873
vn 0.2382 -0.1127 -0.9647
vn 0.3324 -0.0795 -0.9398
vn 0.1202 -0.2514 -0.9604
vn 0.4458 -0.1070 -0.8887
vn 0.4446 -0.0473 -0.8945
vn 0.5535 -0.0879 -0.8282
vn 0.2153 -0.2425 -0.9460
vn 0.5842 -0.1888 -0.7893
vn 0.6337 -0.0942 -0.7678
vn 0.7079 -0.0924 -0.7002
vn 0.3808 -0.2233 -0.8973
vn 0.4763 -0.2678 -0.8375
vn 0.2094 -0.3654 -0.9070
vn 0.6985 -0.1738 -0.6942
vn 0.7827 -0.0713 -0.6183
vn 0.3599 -0.3644 -0.8589
vn 0.1290 -0.4442 -0.8866
vn 0.0892 -0.3878 -0.9174
vn 0.0866 -0.5553 -0.8271
vn 0.2911 -0.4465 -0.8461
vn 0.1831 -0.5521 -0.8135
vn 0.0934 -0.6376 -0.7647
vn 0.4608 -0.3985 -0.7930
vn 0.5702 -0.3217 -0.7559
vn 0.6411 -0.3447 -0.6857
vn 0.5745 -0.4516 -0.6827
vn 0.4292 -0.5076 -0.7471
vn 0.3282 -0.5304 -0.7816
vn 0.1711 -0.6729 -0.7196
vn 0.0911 -0.7176 -0.6905
vn 0.3022 -0.6270 -0.7180
vn 0.0979 -0.7824 -0.6150
vn 0.3982 -0.6626 -0.6344
vn 0.3076 -0.7478 -0.5884
vn 0.1730 -0.7679 -0.6168
vn 0.1940 -0.8320 -0.5197
vn 0.0876 -0.8444 -0.5285
vn 0.4883 -0.5602 -0.6692
vn 0.6277 -0.5211 -0.5783
vn 0.5464 -0.6207 -0.5623
vn 0.3878 -0.7781 -0.4942
vn 0.4867 -0.7335 -0.4744
vn 0.7245 -0.3478 -0.5951
vn 0.6801 -0.5902 -0.4350
vn 0.7681 -0.1753 -0.6159
vn 0.7338 -0.4873 -0.4734
vn 0.8453 -0.0567 -0.5312
vn 0.8518 -0.0031 -0.5239
vn 0.9072 -0.0042 -0.4208
vn 0.8361 -0.1876 -0.5155
vn 0.9063 -0.0528 -0.4194
vn 0.9560 -0.0080 -0.2934
vn 0.7842 -0.3691 -0.4988
vn 0.9553 -0.0594 -0.2896
vn 0.9891 -0.0119 -0.1466
vn 0.9023 -0.1352 -0.4093
vn 0.8814 -0.2643 -0.3915
vn 0.9873 -0.0680 -0.1437
vn 0.8426 -0.3878 -0.3737
vn 0.9987 0.0476 0.0189
vn 0.9482 -0.1446 -0.2828
vn 0.9395 -0.2075 -0.2725
vn 0.9787 -0.1522 -0.1379
vn 0.9197 -0.2974 -0.2565
vn 0.9671 -0.2171 -0.1325
vn 0.9975 -0.0674 0.0194
vn 0.9881 -0.1525 0.0189
vn 0.7895 -0.5033 -0.3513
vn 0.8790 -0.4087 -0.2457
vn 0.9438 -0.3058 -0.1257
vn 0.9006 -0.4188 -0.1164
vn 0.8165 -0.5304 -0.2279
vn 0.9759 -0.2173 0.0184
vn 0.9517 -0.3065 0.0190
vn 0.7245 -0.6128 -0.3155
vn 0.8430 -0.5267 -0.1089
vn 0.6106 -0.7265 -0.3151
vn 0.9073 -0.4199 0.0197
vn 0.6936 -0.6893 -0.2095
vn 0.7764 -0.6222 -0.1005
vn 0.8377 -0.5459 0.0191
vn 0.5866 -0.6834 -0.4345
vn 0.5074 -0.7869 -0.3512
vn 0.5417 -0.8092 -0.2276
vn 0.4090 -0.8337 -0.3711
vn 0.4317 -0.8670 -0.2489
vn 0.3030 -0.8637 -0.4028
vn 0.5803 -0.8064 -0.1144
vn 0.6796 -0.7285 -0.0865
vn 0.7325 -0.6802 0.0272
vn 0.6388 -0.7688 0.0309
vn 0.4491 -0.8859 -0.1162
vn 0.5566 -0.8304 0.0247
vn 0.6622 -0.7338 0.1518
vn 0.5471 -0.8221 0.1576
vn 0.4495 -0.8929 0.0260
vn 0.7496 -0.6440 0.1529
vn 0.6347 -0.7280 0.2594
vn 0.8328 -0.5311 0.1560
vn 0.7542 -0.5916 0.2849
vn 0.8942 -0.4141 0.1700
vn 0.8067 -0.5044 0.3081
vn 0.9386 -0.3004 0.1698
vn 0.8565 -0.4075 0.3168
vn 0.9619 -0.2098 0.1751
vn 0.9064 -0.2734 0.3221
vn 0.9729 -0.1469 0.1786
vn 0.9356 -0.1352 0.3261
vn 0.9821 -0.0572 0.1796
vn 0.8216 -0.3967 0.4095
vn 0.8563 -0.2614 0.4455
vn 0.9449 -0.0418 0.3247
vn 0.7530 -0.4554 0.4750
vn 0.8823 -0.1199 0.4552
vn 0.7888 -0.3250 0.5217
vn 0.8373 -0.1108 0.5354
vn 0.7069 -0.5563 0.4368
vn 0.9823 0.0524 0.1797
vn 0.6761 -0.6362 0.3718
vn 0.6466 -0.5454 0.5333
vn 0.6822 -0.3788 0.6254
vn 0.5800 -0.7101 0.3991
vn 0.5659 -0.6324 0.5289
vn 0.5284 -0.7953 0.2972
vn 0.4961 -0.7272 0.4745
vn 0.5500 -0.5477 0.6304
vn 0.4358 -0.8824 0.1771
vn 0.4456 -0.6804 0.5818
vn 0.4177 -0.8111 0.4094
vn 0.4206 -0.8515 0.3132
vn 0.3325 -0.9426 0.0313
vn 0.2928 -0.8999 0.3233
vn 0.3033 -0.9331 0.1934
vn 0.3312 -0.9354 -0.1238
vn 0.2376 -0.9706 0.0384
vn 0.3198 -0.9090 -0.2674
vn 0.2351 -0.9636 -0.1273
vn 0.1632 -0.9652 0.2043
vn 0.1617 -0.9860 0.0400
vn 0.2266 -0.9340 -0.2762
vn 0.1551 -0.9794 -0.1293
vn 0.2176 -0.8883 -0.4044
vn 0.1495 -0.9483 -0.2800
vn 0.0749 -0.9964 0.0390
vn 0.1368 -0.8976 -0.4190
vn 0.0751 -0.9037 -0.4215
vn 0.0297 -0.9112 -0.4109
vn 0.0295 -0.9593 -0.2809
vn 0.0732 -0.9568 -0.2812
vn 0.0301 -0.9909 -0.1309
vn 0.0753 -0.9886 -0.1307
vn 0.0048 -0.9992 0.0399
vn 0.0689 -0.9759 0.2072
vn 0.1577 -0.9309 0.3294
vn 0.0045 -0.9779 0.2092
vn 0.2913 -0.8606 0.4178
vn 0.0685 -0.9403 0.3335
vn 0.4057 -0.7613 0.5058
vn 0.1432 -0.8966 0.4190
vn 0.2968 -0.8032 0.5165
vn 0.0029 -0.9420 0.3357
vn 0.2874 -0.7397 0.6084
vn 0.1428 -0.8376 0.5273
vn 0.0010 -0.9070 0.4211
vn -0.0690 -0.9399 0.3343
vn -0.0690 -0.9758 0.2076
vn -0.1430 -0.8965 0.4194
vn -0.1618 -0.9305 0.3287
vn -0.0748 -0.9964 0.0389
vn -0.1679 -0.9644 0.2044
vn -0.2884 -0.9022 0.3208
vn -0.0753 -0.9885 -0.1310
vn -0.0209 -0.9911 -0.1312
vn -0.1670 -0.9851 0.0399
vn -0.0763 -0.9550 -0.2866
vn -0.0374 -0.9565 -0.2893
vn -0.0710 -0.9015 -0.4269
vn -0.1604 -0.9785 -0.1295
vn -0.1614 -0.9454 -0.2831
vn -0.1360 -0.8988 -0.4167
vn -0.0925 -0.8453 -0.5262
vn -0.2294 -0.9322 -0.2800
vn -0.2350 -0.9636 -0.1273
vn -0.2373 -0.9707 0.0382
vn -0.2862 -0.8709 -0.3996
vn -0.3203 -0.9090 -0.2666
vn -0.2032 -0.8306 -0.5184
vn -0.3303 -0.9357 -0.1239
vn -0.1852 -0.7768 -0.6019
vn -0.0948 -0.7869 -0.6098
vn -0.3645 -0.7893 -0.4941
vn -0.4021 -0.8336 -0.3787
vn -0.1630 -0.7116 -0.6834
vn -0.0854 -0.7248 -0.6836
vn -0.3954 -0.7176 -0.5734
vn -0.1282 -0.6345 -0.7622
vn -0.0639 -0.6569 -0.7513
vn -0.2987 -0.6988 -0.6500
vn -0.2401 -0.6214 -0.7458
vn -0.0898 -0.5553 -0.8268
vn -0.0265 -0.5585 -0.8291
vn -0.2663 -0.5373 -0.8002
vn -0.3726 -0.5897 -0.7165
vn -0.0832 -0.4439 -0.8922
vn -0.0530 -0.3869 -0.9206
vn -0.2159 -0.4304 -0.8765
vn -0.1028 -0.2626 -0.9594
vn -0.0286 -0.2540 -0.9668
vn -0.3582 -0.4162 -0.8358
vn -0.1012 -0.1071 -0.9891
vn -0.0273 -0.1060 -0.9940
vn -0.2363 -0.2601 -0.9362
vn -0.1009 -0.0360 -0.9942
vn -0.0257 -0.0327 -0.9991
vn -0.2453 -0.1080 -0.9634
vn -0.2459 -0.0434 -0.9683
vn -0.3800 -0.1064 -0.9188
vn -0.3862 -0.0403 -0.9215
vn -0.3686 -0.2467 -0.8963
vn -0.4983 -0.0808 -0.8632
vn -0.5541 -0.0473 -0.8311
vn -0.4915 -0.2348 -0.8386
vn -0.4728 -0.3984 -0.7860
vn -0.5955 -0.1444 -0.7903
vn -0.6359 -0.0759 -0.7680
vn -0.6648 -0.1918 -0.7219
vn -0.7116 -0.0858 -0.6973
vn -0.7797 -0.0853 -0.6203
vn -0.6006 -0.3547 -0.7166
vn -0.4885 -0.5425 -0.6834
vn -0.7650 -0.1695 -0.6214
vn -0.8443 -0.0736 -0.5307
vn -0.4746 -0.6411 -0.6031
vn -0.7283 -0.3099 -0.6112
vn -0.8371 -0.1638 -0.5220
vn -0.5931 -0.5115 -0.6218
vn -0.6977 -0.4513 -0.5563
vn -0.8077 -0.3299 -0.4887
vn -0.9012 -0.1160 -0.4176
vn -0.9019 -0.0503 -0.4291
vn -0.8797 -0.2752 -0.3878
vn -0.7911 -0.4976 -0.3558
vn -0.6946 -0.5734 -0.4344
vn -0.5833 -0.6448 -0.4939
vn -0.5042 -0.7350 -0.4534
vn -0.6591 -0.6835 -0.3137
vn -0.5294 -0.7709 -0.3542
vn -0.4281 -0.8678 -0.2521
vn -0.6286 -0.7468 -0.2172
vn -0.5437 -0.8054 -0.2361
vn -0.4427 -0.8890 -0.1169
vn -0.7584 -0.6150 -0.2160
vn -0.5537 -0.8256 -0.1088
vn -0.6669 -0.7381 -0.1020
vn -0.3315 -0.9429 0.0314
vn -0.4457 -0.8947 0.0282
vn -0.3020 -0.9337 0.1924
vn -0.4359 -0.8825 0.1765
vn -0.5513 -0.8341 0.0195
vn -0.4192 -0.8514 0.3152
vn -0.6477 -0.7614 0.0271
vn -0.5509 -0.8191 0.1600
vn -0.5216 -0.8030 0.2882
vn -0.2961 -0.8601 0.4154
vn -0.7471 -0.6592 -0.0858
vn -0.2889 -0.8034 0.5207
vn -0.8386 -0.5331 -0.1120
vn -0.1431 -0.8373 0.5276
vn -0.4160 -0.7619 0.4964
vn -0.2855 -0.7391 0.6101
vn 0.0005 -0.8465 0.5323
vn -0.1381 -0.7689 0.6243
vn 0.1376 -0.7690 0.6243
vn 0.0004 -0.7812 0.6243
vn -0.2781 -0.7495 0.6008
vn -0.1352 -0.7813 0.6093
vn 0.0002 -0.7983 0.6022
vn 0.1347 -0.7817 0.6090
vn 0.2785 -0.7471 0.6036
vn -0.1239 -0.3812 0.9161
vn 0.2685 -0.4319 0.8611
vn 0.1184 -0.3989 0.9093
vn -0.0001 -0.3922 0.9199
vn 0.4187 -0.5605 0.7145
vn 0.0041 0.1960 0.9806
vn 0.0101 0.5772 0.8165
vn 0.3364 -0.2259 0.9142
vn -0.0836 0.1708 0.9818
vn 0.0461 0.5021 0.8636
vn -0.1574 0.0175 0.9874
vn -0.3008 -0.6679 0.6808
vn -0.0103 0.5425 0.8400
vn -0.3801 -0.5046 0.7752
vn -0.2285 -0.0391 0.9728
vn 0.0046 0.5818 0.8133
vn -0.4486 -0.6816 0.5781
vn -0.3571 -0.2473 0.9007
vn -0.4233 -0.5581 0.7137
vn -0.5504 -0.6481 0.5263
vn -0.1484 0.3034 0.9413
vn -0.4740 -0.4660 0.7471
vn -0.5446 -0.5552 0.6286
vn -0.2851 0.1875 0.9400
vn -0.4988 -0.7606 0.4155
vn -0.6222 -0.4531 0.6384
vn -0.6157 -0.6858 0.3881
vn -0.6320 -0.5734 0.5213
vn -0.6326 -0.7289 0.2616
vn -0.7026 -0.6978 0.1392
vn -0.7511 -0.5988 0.2780
vn -0.7799 -0.6255 0.0219
vn -0.7785 -0.6070 0.1595
vn -0.7302 -0.5654 0.3835
vn -0.8115 -0.4991 0.3040
vn -0.8470 -0.5312 0.0206
vn -0.8381 -0.5205 0.1632
vn -0.8187 -0.3881 0.4231
vn -0.8990 -0.4226 -0.1148
vn -0.7257 -0.5043 0.4679
vn -0.9029 -0.4293 0.0201
vn -0.8551 -0.4111 0.3159
vn -0.8904 -0.4215 0.1720
vn -0.9393 -0.3428 0.0166
vn -0.9432 -0.2833 0.1734
vn -0.9071 -0.2727 0.3207
vn -0.9435 -0.3074 -0.1237
vn -0.9728 -0.2307 0.0198
vn -0.8721 -0.4176 -0.2551
vn -0.9229 -0.2942 -0.2483
vn -0.9662 -0.2224 -0.1308
vn -0.9414 -0.2058 -0.2674
vn -0.9876 -0.1558 0.0203
vn -0.9494 -0.1454 -0.2784
vn -0.9788 -0.1513 -0.1384
vn -0.9545 -0.0632 -0.2914
vn -0.9543 -0.0223 -0.2980
vn -0.9891 -0.0119 -0.1466
vn -0.9873 -0.0680 -0.1437
vn -0.9987 0.0476 0.0189
vn -0.9976 -0.0662 0.0187
vn -0.9719 -0.1532 0.1786
vn -0.9822 -0.0548 0.1795
vn -0.9358 -0.1373 0.3246
vn -0.8538 -0.2524 0.4554
vn -0.9448 -0.0406 0.3253
vn -0.7870 -0.3375 0.5164
vn -0.8800 -0.1220 0.4591
vn -0.6877 -0.3842 0.6159
vn -0.9823 0.0524 0.1797
vn -0.6489 -0.4351 0.6241
vn -0.9782 0.1083 0.1770
vn -0.6478 -0.3348 0.6843
vn -0.9462 0.0556 0.3188
vn -0.4118 0.0627 0.9091
vn -0.8959 0.0351 0.4429
vn -0.9942 0.1057 0.0187
vn -0.9840 0.0990 -0.1478
vn -0.9323 0.1811 0.3130
vn -0.9677 0.1835 0.1727
vn -0.8824 0.1815 0.4340
vn -0.8304 0.0425 0.5555
vn -0.8049 0.1944 0.5606
vn -0.8340 -0.1056 0.5415
vn -0.7469 0.0526 0.6628
vn -0.8148 -0.2919 0.5009
vn -0.7777 -0.0292 0.6280
vn -0.7334 -0.3577 0.5781
vn -0.8146 -0.1904 0.5479
vn -0.7383 -0.2207 0.6373
vn -0.6822 -0.0230 0.7308
vn -0.5833 -0.7406 0.3336
vn -0.6272 -0.0997 0.7724
vn -0.4985 0.0386 0.8660
vn -0.5845 -0.0317 0.8107
vn -0.5012 0.0440 0.8642
vn -0.5779 0.0896 0.8112
vn -0.4870 -0.0088 0.8734
vn -0.2653 0.3103 0.9129
vn -0.2075 -0.5207 0.8281
vn 0.0085 0.3137 0.9495
vn 0.1195 0.4334 0.8932
vn -0.1324 -0.2014 0.9705
vn 0.2060 0.6316 0.7474
vn 0.3330 0.1425 0.9321
vn -0.1788 -0.8637 0.4712
vn 0.2663 0.7508 0.6045
vn 0.3723 0.5570 0.7424
vn 0.1968 0.8908 0.4095
vn 0.2971 0.7608 0.5770
vn 0.0897 0.9330 0.3484
vn 0.1934 0.9203 0.3400
vn 0.3496 0.4738 0.8083
vn 0.2831 0.7103 0.6444
vn 0.1973 0.8471 0.4934
vn 0.3705 0.2545 0.8933
vn 0.3027 0.1937 0.9332
vn 0.2417 -0.0647 0.9682
vn 0.4708 -0.1919 0.8611
vn 0.2161 0.5483 0.8079
vn 0.2883 -0.4535 0.8433
vn 0.2098 -0.8875 0.4103
vn 0.4150 -0.6784 0.6062
vn 0.2624 -0.3462 0.9007
vn 0.2383 0.0880 0.9672
vn 0.0818 0.5736 0.8151
vn 0.0691 0.8731 0.4827
vn 0.0027 0.8931 0.4499
vn -0.0073 0.9457 0.3250
vn -0.0962 0.9297 0.3556
vn -0.1021 0.9448 0.3113
vn -0.1839 0.8958 0.4046
vn -0.0910 0.8716 0.4816
vn 0.1455 0.3047 0.9413
vn -0.0856 0.5752 0.8135
vn -0.2238 0.8254 0.5183
vn -0.2235 0.9092 0.3513
vn 0.1010 0.0628 0.9929
vn -0.2793 0.7186 0.6369
vn -0.2971 0.7589 0.5795
vn -0.2671 0.4449 0.8548
vn -0.2450 0.7529 0.6108
vn -0.2371 0.0897 0.9673
vn 0.4743 -0.4626 0.7490
vn -0.1016 0.0601 0.9930
vn 0.2841 0.1866 0.9404
vn 0.6250 -0.4595 0.6310
vn -0.0808 -0.3993 0.9132
vn 0.0800 -0.3992 0.9134
vn 0.2117 -0.3603 0.9085
vn 0.0361 -0.6711 0.7405
vn -0.2896 -0.0846 0.9534
vn 0.2061 -0.6310 0.7479
vn -0.2708 0.3181 0.9085
vn 0.0857 -0.6013 0.7944
vn 0.2340 -0.7389 0.6319
vn 0.0403 -0.7677 0.6396
vn 0.3293 -0.8315 0.4473
vn 0.1417 -0.8884 0.4367
vn 0.3937 -0.9044 0.1645
vn 0.2188 -0.9476 0.2328
vn -0.0087 -0.8495 0.5275
vn 0.0465 -0.9591 0.2794
vn 0.1427 -0.9771 0.1581
vn 0.0022 -0.8553 0.5182
vn -0.0045 -0.9485 0.3168
vn 0.1442 -0.9871 0.0699
vn 0.0499 -0.9810 0.1877
vn 0.1795 -0.9751 0.1298
vn -0.0453 -0.9782 0.2024
vn 0.0342 -0.9860 0.1632
vn -0.0355 -0.6707 0.7409
vn -0.1818 -0.4253 0.8866
vn -0.0800 -0.6126 0.7863
vn -0.0435 -0.7482 0.6620
vn -0.2628 -0.2890 0.9205
vn -0.2153 -0.6334 0.7433
vn -0.0957 -0.8915 0.4428
vn -0.2217 -0.7493 0.6240
vn -0.2759 0.1928 0.9417
vn -0.1411 -0.9523 0.2704
vn -0.3402 0.4503 0.8255
vn -0.3081 -0.5071 0.8049
vn -0.2765 -0.1620 0.9473
vn -0.3716 0.5574 0.7424
vn -0.3664 0.2473 0.8970
vn -0.4703 -0.1673 0.8665
vn -0.2021 0.6261 0.7531
vn -0.3332 0.1423 0.9321
vn 0.3640 0.1391 0.9209
vn -0.1291 0.4740 0.8710
vn -0.4075 -0.6483 0.6432
vn 0.6772 -0.3835 0.6279
vn -0.3221 -0.8469 0.4232
vn -0.2099 -0.8874 0.4103
vn -0.3756 -0.9006 0.2186
vn -0.2024 -0.9469 0.2499
vn -0.3611 -0.9213 0.1445
vn -0.0903 -0.9637 0.2513
vn -0.2943 -0.9490 0.1128
vn -0.0633 -0.9906 0.1213
vn -0.3242 -0.9316 0.1645
vn -0.0169 -0.9860 0.1656
vn -0.1441 -0.9520 0.2700
vn -0.0270 -0.9313 0.3632
vn -0.0007 -0.9359 0.3523
vn -0.0056 -0.8936 0.4488
vn 0.0259 -0.9223 0.3855
vn -0.0233 -0.8987 0.4379
vn 0.0971 -0.9665 0.2377
vn 0.0184 -0.8656 0.5004
vn 0.0031 -0.8921 0.4519
vn 0.1775 -0.9480 0.2643
vn 0.2984 -0.9401 0.1645
vn -0.2638 -0.4949 0.8279
vn 0.3796 -0.9160 0.1295
vn -0.1549 -0.6267 0.7637
vn 0.2092 -0.9725 0.1025
vn -0.1637 -0.6182 0.7688
vn -0.0434 -0.9889 0.1424
vn -0.2731 -0.7332 0.6228
vn -0.1805 -0.9782 0.1031
vn -0.5434 -0.6887 0.4800
vn -0.5493 -0.0167 0.8355
vn -0.5291 0.0404 0.8476
vn -0.4989 -0.0179 0.8665
vn -0.5059 -0.0113 0.8625
vn -0.4675 0.0335 0.8834
vn -0.4880 0.0830 0.8689
vn -0.3711 0.0228 0.9283
vn -0.1677 -0.5074 0.8453
vn -0.4208 0.0873 0.9029
vn -0.0725 -0.4884 0.8696
vn -0.4614 0.0959 0.8820
vn -0.1734 0.0007 0.9849
vn 0.0066 -0.4661 0.8847
vn -0.3347 0.0882 0.9382
vn 0.0089 -0.0080 0.9999
vn -0.1911 0.0810 0.9782
vn -0.3268 0.1634 0.9308
vn 0.0778 -0.4825 0.8724
vn 0.1759 0.0060 0.9844
vn 0.0057 0.0777 0.9970
vn 0.1617 -0.5182 0.8398
vn 0.2957 0.0215 0.9550
vn 0.2052 0.0849 0.9750
vn 0.2702 -0.4048 0.8736
vn 0.3804 0.0251 0.9245
vn 0.2183 -0.6018 0.7682
vn 0.3728 0.0879 0.9238
vn 0.4656 0.0376 0.8842
vn 0.1440 -0.6315 0.7619
vn 0.3466 0.1702 0.9225
vn 0.1626 -0.6185 0.7688
vn 0.2082 0.1775 0.9618
vn -0.1857 -0.9764 0.1099
vn 0.0055 0.1866 0.9824
vn 0.1537 -0.8658 0.4761
vn -0.1891 0.1805 0.9652
vn 0.1322 -0.2013 0.9706
vn -0.1670 0.2877 0.9431
vn -0.0085 0.3132 0.9496
vn 0.0011 0.3060 0.9520
vn 0.4433 0.0455 0.8952
vn 0.1673 0.2919 0.9417
vn 0.4825 -0.0233 0.8756
vn 0.3173 0.2467 0.9157
vn 0.1003 0.4404 0.8922
vn 0.2708 0.3532 0.8955
vn -0.0855 0.4493 0.8893
vn 0.3910 0.3406 0.8550
vn 0.2313 0.4655 0.8543
vn 0.4781 0.1949 0.8564
vn 0.0674 0.5988 0.7981
vn 0.4298 0.1361 0.8926
vn 0.4617 0.0967 0.8817
vn -0.2907 0.2551 0.9222
vn -0.0587 0.6368 0.7688
vn -0.4165 0.2035 0.8860
vn -0.2494 0.3925 0.8853
vn -0.4239 0.1381 0.8951
vn -0.3949 0.3288 0.8579
vn -0.5064 0.1477 0.8496
vn -0.2122 0.5745 0.7905
vn -0.3040 0.4580 0.8354
vn -0.5204 0.2222 0.8245
vn -0.4518 0.4262 0.7837
vn -0.3441 0.5976 0.7242
vn -0.1332 0.7349 0.6650
vn -0.3241 0.6941 0.6428
vn -0.5497 0.4666 0.6929
vn -0.5067 0.6233 0.5957
vn -0.2658 0.7813 0.5648
vn -0.5794 0.2895 0.7619
vn -0.3913 0.7852 0.4799
vn -0.1356 0.8576 0.4961
vn -0.2816 0.8797 0.3832
vn -0.0011 0.8058 0.5921
vn 0.1143 0.7262 0.6780
vn 0.2085 0.5911 0.7792
vn 0.1982 0.7946 0.5739
vn 0.2501 0.6920 0.6771
vn 0.3476 0.5596 0.7523
vn 0.4391 0.4317 0.7879
vn 0.3763 0.6552 0.6551
vn 0.5325 0.3073 0.7887
vn 0.4975 0.5413 0.6779
vn 0.5971 0.3598 0.7169
vn 0.3203 0.7738 0.5464
vn 0.4400 0.7201 0.5365
vn 0.1344 0.8603 0.4917
vn 0.2800 0.8760 0.3927
vn 0.4124 0.8291 0.3775
vn -0.0143 0.9196 0.3925
vn 0.0870 0.9189 0.3848
vn -0.1467 0.9145 0.3771
vn 0.0604 0.9663 0.2504
vn -0.0561 0.9651 0.2560
vn 0.1578 0.9535 0.2569
vn -0.1543 0.9535 0.2588
vn 0.0028 0.9932 0.1163
vn 0.2823 0.9250 0.2544
vn 0.0639 0.9912 0.1158
vn 0.1564 0.9808 0.1166
vn -0.0704 0.9910 0.1142
vn 0.0044 0.9998 -0.0185
vn 0.0721 0.9972 -0.0194
vn -0.1538 0.9812 0.1168
vn -0.0733 0.9971 -0.0188
vn -0.2873 0.9234 0.2544
vn -0.4161 0.8347 0.3609
vn -0.2153 0.9696 0.1165
vn -0.5261 0.7172 0.4570
vn -0.1523 0.9881 -0.0199
vn -0.3086 0.9446 0.1114
vn -0.4203 0.8732 0.2467
vn -0.5297 0.7708 0.3539
vn -0.6364 0.6259 0.4508
vn -0.2196 0.9753 -0.0224
vn -0.6394 0.5035 0.5811
vn -0.6511 0.3538 0.6715
vn -0.7333 0.4680 0.4932
vn -0.6621 0.6873 0.2987
vn -0.7361 0.5837 0.3428
vn -0.5487 0.8016 0.2373
vn -0.4282 0.8973 0.1074
vn -0.3098 0.9505 -0.0224
vn -0.5539 0.8246 0.1151
vn -0.6738 0.7294 0.1180
vn -0.4269 0.9040 -0.0223
vn -0.3083 0.9388 -0.1537
vn -0.5352 0.8445 -0.0185
vn -0.2243 0.9621 -0.1549
vn -0.3872 0.9098 -0.1497
vn -0.1557 0.9755 -0.1552
vn -0.3068 0.9095 -0.2804
vn -0.2157 0.9291 -0.3004
vn -0.0756 0.9850 -0.1554
vn -0.1592 0.9410 -0.2985
vn -0.0230 0.9876 -0.1550
vn -0.0729 0.9534 -0.2927
vn -0.0174 0.9556 -0.2941
vn -0.0853 0.8984 -0.4308
vn -0.0057 0.9064 -0.4225
vn -0.0807 0.8310 -0.5505
vn -0.2701 0.8717 -0.4088
vn -0.1873 0.8341 -0.5189
vn -0.1690 0.7596 -0.6281
vn -0.0856 0.7674 -0.6355
vn -0.3427 0.7864 -0.5139
vn -0.1660 0.6892 -0.7053
vn -0.0985 0.6394 -0.7625
vn -0.3262 0.7251 -0.6065
vn -0.1505 0.5511 -0.8207
vn -0.0375 0.5020 -0.8640
vn -0.4052 0.8233 -0.3974
vn -0.0781 0.4349 -0.8971
vn -0.0505 0.3047 -0.9511
vn -0.4145 0.8658 -0.2802
vn -0.1016 0.3050 -0.9469
vn -0.0646 0.1518 -0.9863
vn -0.4879 0.8622 -0.1362
vn -0.1006 0.0710 -0.9924
vn -0.0601 0.0843 -0.9946
vn -0.5400 0.7984 -0.2663
vn -0.1742 0.1500 -0.9732
vn -0.2476 0.0682 -0.9665
vn -0.2260 0.4277 -0.8752
vn -0.2360 0.3010 -0.9240
vn -0.3796 0.1416 -0.9142
vn -0.3830 0.0685 -0.9212
vn -0.3249 0.4671 -0.8224
vn -0.3730 0.2858 -0.8827
vn -0.5417 0.1301 -0.8304
vn -0.5460 0.0639 -0.8354
vn -0.6407 0.0626 -0.7652
vn -0.5240 0.2600 -0.8111
vn -0.4292 0.3950 -0.8123
vn -0.6773 0.1268 -0.7247
vn -0.7208 0.0692 -0.6897
vn -0.6377 0.2307 -0.7349
vn -0.5749 0.3610 -0.7343
vn -0.7673 0.1305 -0.6278
vn -0.7775 0.0821 -0.6236
vn -0.8450 0.0854 -0.5280
vn -0.7592 0.2461 -0.6025
vn -0.6811 0.3440 -0.6463
vn -0.8380 0.1509 -0.5244
vn -0.5876 0.4733 -0.6563
vn -0.8959 0.1509 -0.4179
vn -0.9043 0.0891 -0.4175
vn -0.9516 0.0928 -0.2931
vn -0.4448 0.5386 -0.7156
vn -0.9515 0.0925 -0.2933
vn -0.2948 0.6120 -0.7338
vn -0.4859 0.6307 -0.6050
vn -0.9841 0.0990 -0.1473
vn -0.9427 0.1613 -0.2921
vn -0.8669 0.2773 -0.4142
vn -0.9738 0.1743 -0.1459
vn -0.9297 0.2325 -0.2856
vn -0.7734 0.3782 -0.5087
vn -0.9832 0.1814 0.0175
vn -0.6586 0.5305 -0.5336
vn -0.9580 0.2491 -0.1423
vn -0.9118 0.3027 -0.2774
vn -0.8238 0.4128 -0.3886
vn -0.7637 0.5173 -0.3862
vn -0.6357 0.6414 -0.4295
vn -0.8671 0.4213 -0.2658
vn -0.5148 0.7226 -0.4613
vn -0.6690 0.6738 -0.3139
vn -0.7987 0.5424 -0.2605
vn -0.6341 0.7616 -0.1340
vn -0.7472 0.6513 -0.1323
vn -0.6404 0.7679 -0.0127
vn -0.7622 0.6474 -0.0037
vn -0.8315 0.5419 -0.1225
vn -0.8885 0.4399 -0.1304
vn -0.7590 0.6385 0.1270
vn -0.8361 0.5485 0.0070
vn -0.8941 0.4478 0.0107
vn -0.9387 0.3161 -0.1377
vn -0.9456 0.3251 0.0138
vn -0.9660 0.2581 0.0159
vn -0.8830 0.4442 0.1514
vn -0.9325 0.3226 0.1626
vn -0.8265 0.5457 0.1384
vn -0.8559 0.4322 0.2840
vn -0.7989 0.5384 0.2682
vn -0.8073 0.4113 0.4233
vn -0.9007 0.3129 0.3013
vn -0.8500 0.3026 0.4312
vn -0.7121 0.3567 0.6047
vn -0.7703 0.3045 0.5604
vn -0.6468 0.2785 0.7100
vn -0.6396 0.2906 0.7117
vn -0.6882 0.1852 0.7015
vn -0.6991 0.4002 0.5926
vn -0.5797 0.2003 0.7898
vn -0.7617 0.1266 0.6354
vn -0.7474 0.2866 0.5994
vn -0.5852 0.4396 0.6814
vn -0.8599 0.2673 0.4348
vn -0.4794 0.4532 0.7515
vn -0.8803 0.0103 0.4743
vn -0.4127 0.4352 0.8002
vn -0.3589 0.6581 0.6619
vn -0.6799 0.5914 0.4335
vn -0.6816 0.2301 0.6946
vn -0.5386 0.4880 0.6869
vn -0.1530 0.5552 0.8175
vn -0.4075 0.3023 0.8617
vn -0.6782 0.0391 0.7338
vn -0.3459 0.3368 0.8757
vn -0.0676 0.2779 0.9582
vn -0.2972 0.2401 0.9241
vn -0.3139 0.1194 0.9419
vn -0.1989 -0.0027 0.9800
vn -0.4753 -0.0020 0.8798
vn -0.3117 0.0291 0.9498
vn -0.6393 -0.2986 0.7086
vn -0.2444 -0.3431 0.9069
vn -0.4915 0.0303 0.8704
vn -0.4901 0.2005 0.8483
vn -0.5953 -0.0603 0.8013
vn -0.6583 0.0767 0.7489
vn 0.1660 0.0688 -0.9837
vn 0.0931 0.1573 -0.9832
vn 0.0827 0.0682 -0.9942
vn 0.1660 0.1522 -0.9743
vn 0.0907 0.3059 -0.9477
vn 0.3179 0.1401 -0.9377
vn 0.3142 0.0660 -0.9471
vn 0.2195 0.3035 -0.9272
vn 0.4499 0.1358 -0.8827
vn 0.4482 0.0670 -0.8914
vn 0.0865 0.4301 -0.8986
vn 0.0610 0.4972 -0.8655
vn 0.3536 0.2948 -0.8877
vn 0.2085 0.4771 -0.8538
vn 0.3430 0.4532 -0.8228
vn 0.4858 0.2780 -0.8287
vn 0.5910 0.1239 -0.7971
vn 0.5460 0.0604 -0.8356
vn 0.6420 0.0639 -0.7641
vn 0.0883 0.5786 -0.8108
vn 0.0716 0.6498 -0.7567
vn 0.7228 0.1284 -0.6790
vn 0.7123 0.0727 -0.6981
vn 0.7835 0.0860 -0.6154
vn 0.1812 0.6323 -0.7532
vn 0.6116 0.2527 -0.7497
vn 0.8297 0.1431 -0.5396
vn 0.8382 0.0842 -0.5388
vn 0.9045 0.0807 -0.4189
vn 0.7098 0.2350 -0.6640
vn 0.6233 0.3868 -0.6796
vn 0.4606 0.4341 -0.7742
vn 0.3307 0.5678 -0.7538
vn 0.5048 0.5192 -0.6897
vn 0.7265 0.3530 -0.5896
vn 0.4092 0.6401 -0.6503
vn 0.8110 0.2567 -0.5258
vn 0.6088 0.5319 -0.5885
vn 0.4710 0.6825 -0.5588
vn 0.2952 0.6812 -0.6700
vn 0.3728 0.7777 -0.5062
vn 0.2542 0.7552 -0.6042
vn 0.1231 0.7554 -0.6436
vn 0.0752 0.7574 -0.6486
vn 0.0605 0.8393 -0.5403
vn 0.1428 0.8346 -0.5320
vn 0.0440 0.9014 -0.4308
vn 0.2757 0.8648 -0.4196
vn 0.0730 0.9008 -0.4280
vn 0.0320 0.9543 -0.2970
vn 0.1526 0.8929 -0.4236
vn 0.0743 0.9523 -0.2961
vn 0.0316 0.9874 -0.1549
vn 0.1517 0.9433 -0.2951
vn 0.0756 0.9850 -0.1552
vn 0.1507 0.9763 -0.1552
vn 0.2184 0.9320 -0.2894
vn 0.1525 0.9881 -0.0186
vn 0.2223 0.9626 -0.1549
vn 0.3114 0.9085 -0.2788
vn 0.2218 0.9749 -0.0204
vn 0.4047 0.8298 -0.3843
vn 0.3139 0.9370 -0.1530
vn 0.4140 0.8690 -0.2709
vn 0.5125 0.7737 -0.3725
vn 0.2905 0.9500 0.1143
vn 0.3141 0.9490 -0.0267
vn 0.4244 0.8934 -0.1476
vn 0.4256 0.8721 0.2416
vn 0.4346 0.8941 0.1084
vn 0.4324 0.9014 -0.0227
vn 0.5343 0.8046 -0.2592
vn 0.5375 0.8307 -0.1450
vn 0.5699 0.6849 -0.4540
vn 0.5490 0.8355 -0.0222
vn 0.6557 0.6711 -0.3460
vn 0.6767 0.5829 -0.4498
vn 0.6321 0.7648 -0.1247
vn 0.6732 0.7043 -0.2254
vn 0.7609 0.6002 -0.2467
vn 0.7328 0.4743 -0.4879
vn 0.7773 0.5192 -0.3553
vn 0.7825 0.3825 -0.4913
vn 0.8277 0.3965 -0.3971
vn 0.8609 0.4333 -0.2667
vn 0.8690 0.2805 -0.4075
vn 0.8969 0.1508 -0.4158
vn 0.9123 0.2967 -0.2824
vn 0.9514 0.0912 -0.2940
vn 0.9513 0.0908 -0.2945
vn 0.9840 0.0990 -0.1478
vn 0.9425 0.1632 -0.2916
vn 0.9841 0.0990 -0.1473
vn 0.9942 0.1057 0.0187
vn 0.9739 0.1740 -0.1458
vn 0.9578 0.2496 -0.1422
vn 0.9832 0.1814 0.0175
vn 0.9782 0.1083 0.1770
vn 0.9677 0.1836 0.1728
vn 0.9660 0.2579 0.0159
vn 0.9390 0.3161 -0.1354
vn 0.9324 0.1811 0.3129
vn 0.8897 0.4373 -0.1311
vn 0.9453 0.3258 0.0138
vn 0.9331 0.3216 0.1610
vn 0.8230 0.5520 -0.1339
vn 0.8979 0.4401 0.0111
vn 0.8508 0.5254 0.0078
vn 0.7578 0.6431 -0.1106
vn 0.7845 0.6201 0.0021
vn 0.6994 0.7147 -0.0054
vn 0.8223 0.5508 0.1429
vn 0.7581 0.6433 0.1071
vn 0.5941 0.7983 0.0993
vn 0.6886 0.6897 0.2238
vn 0.5470 0.8020 0.2401
vn 0.7655 0.5943 0.2465
vn 0.5360 0.7691 0.3481
vn 0.8847 0.4408 0.1520
vn 0.5108 0.7233 0.4646
vn 0.8540 0.4365 0.2830
vn 0.5544 0.5959 0.5810
vn 0.6523 0.6286 0.4236
vn 0.6351 0.5010 0.5879
vn 0.7658 0.5157 0.3843
vn 0.7025 0.4310 0.5664
vn 0.8083 0.4005 0.4315
vn 0.9004 0.3120 0.3033
vn 0.7546 0.3768 0.5372
vn 0.8466 0.3057 0.4357
vn 0.6670 0.3287 0.6686
vn 0.7760 0.3049 0.5521
vn 0.8813 0.1822 0.4360
vn 0.8127 0.1932 0.5498
vn 0.9462 0.0556 0.3188
vn 0.8958 0.0362 0.4430
vn 0.8261 0.0442 0.5618
vn 0.6799 0.2864 0.6751
vn 0.7250 0.1891 0.6622
vn 0.7479 0.0070 0.6638
vn 0.7602 -0.0510 0.6477
vn 0.7777 0.1253 0.6161
vn 0.7815 -0.1655 0.6016
vn 0.6700 0.1015 0.7353
vn 0.7408 -0.3606 0.5667
vn 0.5849 0.2092 0.7836
vn 0.5990 -0.0259 0.8004
vn 0.5747 0.0835 0.8141
vn 0.6836 -0.0611 0.7273
vn 0.7442 -0.2199 0.6307
vn 0.6276 -0.1089 0.7709
vn 0.4876 0.0744 0.8699
vn 0.5833 -0.7408 0.3331
vn 0.4735 0.2092 0.8556
vn 0.5040 -0.0100 0.8637
vn 0.5000 -0.0163 0.8658
vn 0.5471 -0.0106 0.8370
vn 0.5282 0.0403 0.8482
vn 0.2962 -0.7184 0.6294
vn 0.4406 -0.6686 0.5990
vn 0.0213 -0.9893 0.1445
vn 0.5528 -0.6929 0.4630
vn 0.1854 -0.9811 0.0555
vn 0.1928 -0.5337 0.8234
vn 0.5360 0.0431 0.8431
vn 0.2654 0.3104 0.9128
vn 0.5028 0.0426 0.8634
vn 0.6477 -0.3302 0.6866
vn 0.6433 -0.4359 0.6294
vn 0.5862 -0.0005 0.8101
vn 0.6793 0.0338 0.7331
vn 0.4515 -0.0284 0.8918
vn 0.7936 -0.1708 0.5839
vn 0.3988 -0.2932 0.8689
vn 0.6312 -0.1828 0.7537
vn 0.8800 0.0436 0.4729
vn 0.4286 -0.0054 0.9035
vn 0.6753 0.0862 0.7325
vn 0.7834 0.2833 0.5532
vn 0.8721 0.2556 0.4174
vn 0.6991 0.4025 0.5910
vn 0.1718 -0.2017 0.9643
vn 0.3127 0.0052 0.9498
vn 0.3071 0.1737 0.9357
vn -0.0813 -0.0375 0.9960
vn 0.2161 0.1869 0.9583
vn 0.5105 0.2141 0.8328
vn -0.0443 0.3733 0.9266
vn 0.7144 0.3482 0.6069
vn 0.5017 0.4785 0.7206
vn 0.6755 0.6094 0.4151
vn 0.2338 0.5661 0.7905
vn 0.4289 0.7068 0.5625
vn 0.5951 0.4696 0.6521
vn 0.3899 0.2984 0.8711
vn 0.6038 0.2177 0.7668
vn 0.5015 0.4288 0.7514
vn 0.5747 0.1659 0.8014
vn 0.4197 0.3887 0.8202
vt 0.586426 -0.068726
vt 0.590820 -0.078308
vt 0.591309 -0.079163
vt 0.502441 -0.121704
vt 0.503418 -0.122559
vt 0.503906 -0.121887
vt 0.502441 -0.120972
vt 0.532227 -0.124451
vt 0.532715 -0.124207
vt 0.531738 -0.124084
vt 0.320068 -0.299561
vt 0.312744 -0.276123
vt 0.277100 -0.312988
vt 0.294922 -0.327148
vt 0.530762 -0.123535
vt 0.529785 -0.123657
vt 0.530762 -0.123718
vt 0.528809 -0.123962
vt 0.527832 -0.123657
vt 0.532227 -0.125854
vt 0.528320 -0.124207
vt 0.589355 -0.542969
vt 0.577637 -0.533691
vt 0.575684 -0.538574
vt 0.586914 -0.547363
vt 0.695801 -0.699707
vt 0.703125 -0.725586
vt 0.730957 -0.698242
vt 0.730957 -0.659180
vt 0.528809 -0.125366
vt 0.484619 -0.121948
vt 0.486328 -0.122253
vt 0.486328 -0.121521
vt 0.485352 -0.121277
vt 0.527832 -0.126221
vt 0.526855 -0.123657
vt 0.524902 -0.123779
vt 0.159302 -0.113098
vt 0.165283 -0.079163
vt 0.127930 -0.080078
vt 0.124512 -0.116455
vt 0.522461 -0.125854
vt 0.522461 -0.123840
vt 0.528809 -0.127441
vt 0.703125 -0.461914
vt 0.697754 -0.429688
vt 0.677734 -0.436768
vt 0.680664 -0.465332
vt 0.466553 -0.121582
vt 0.467529 -0.122498
vt 0.468750 -0.122620
vt 0.468506 -0.121887
vt 0.497314 -0.605957
vt 0.479980 -0.604004
vt 0.473633 -0.620117
vt 0.497314 -0.621582
vt 0.429688 -0.066772
vt 0.436279 -0.070007
vt 0.438477 -0.059296
vt 0.428711 -0.062103
vt 0.521973 -0.128418
vt 0.520996 -0.126465
vt 0.408203 -0.071533
vt 0.406250 -0.084106
vt 0.406250 -0.083191
vt 0.407959 -0.072449
vt 0.520020 -0.122437
vt 0.517090 -0.123413
vt 0.520020 -0.123108
vt 0.522461 -0.880859
vt 0.521484 -0.880859
vt 0.521973 -0.885742
vt 0.522461 -0.885254
vt 0.514648 -0.122681
vt 0.517090 -0.128906
vt 0.520020 -0.125977
vt 0.517090 -0.126099
vt 0.514648 -0.123474
vt 0.536621 -0.129395
vt 0.534180 -0.131958
vt 0.535645 -0.132935
vt 0.538086 -0.130249
vt 0.265869 -0.457520
vt 0.234009 -0.474365
vt 0.231567 -0.496826
vt 0.263672 -0.495361
vt 0.457520 -0.122131
vt 0.457764 -0.124573
vt 0.459229 -0.125488
vt 0.458740 -0.122620
vt 0.486084 -0.126099
vt 0.490234 -0.125977
vt 0.489990 -0.122070
vt 0.305908 -0.399658
vt 0.285889 -0.389893
vt 0.273926 -0.421631
vt 0.296875 -0.429688
vt 0.513672 -0.128784
vt 0.514160 -0.126221
vt 0.512207 -0.126099
vt 0.511719 -0.121399
vt 0.508789 -0.122742
vt 0.511719 -0.122375
vt 0.505859 -0.122253
vt 0.503418 -0.880859
vt 0.503418 -0.885254
vt 0.504883 -0.884277
vt 0.504883 -0.879883
vt 0.511230 -0.125977
vt 0.505859 -0.122803
vt 0.468994 -0.125610
vt 0.475098 -0.125244
vt 0.474609 -0.121704
vt 0.471436 -0.122131
vt 0.511719 -0.128662
vt 0.513672 -0.139648
vt 0.393066 -0.543457
vt 0.394287 -0.552734
vt 0.405518 -0.542969
vt 0.405273 -0.538574
vt 0.508789 -0.129150
vt 0.505371 -0.125854
vt 0.358154 -0.583496
vt 0.346191 -0.610840
vt 0.372070 -0.626953
vt 0.377686 -0.597168
vt 0.357178 -0.546875
vt 0.341553 -0.536133
vt 0.341553 -0.548340
vt 0.355713 -0.561035
vt 0.497314 -0.645020
vt 0.497314 -0.663086
vt 0.522461 -0.660645
vt 0.520996 -0.647461
vt 0.503418 -0.129272
vt 0.503418 -0.126343
vt 0.699707 -0.223145
vt 0.679199 -0.240479
vt 0.699707 -0.260254
vt 0.734375 -0.263672
vt 0.502441 -0.125488
vt 0.291504 -0.461914
vt 0.876953 -0.316406
vt 0.898438 -0.266113
vt 0.873047 -0.252441
vt 0.851562 -0.297119
vt 0.483887 -0.129395
vt 0.484131 -0.125366
vt 0.477783 -0.125366
vt 0.476807 -0.128906
vt 0.571289 -0.269043
vt 0.562500 -0.292725
vt 0.590332 -0.301514
vt 0.602051 -0.281006
vt 0.484619 -0.126221
vt 0.483643 -0.121277
vt 0.488281 -0.975586
vt 0.505859 -0.975586
vt 0.504395 -0.963379
vt 0.489502 -0.963379
vt 0.496582 -0.129517
vt 0.496338 -0.125732
vt 0.495605 -0.126465
vt 0.494141 -0.120789
vt 0.493896 -0.121643
vt 0.364502 -0.894043
vt 0.404297 -0.872559
vt 0.390137 -0.859863
vt 0.342529 -0.866699
vt 0.494385 -0.129639
vt 0.494141 -0.126099
vt 0.496826 -0.133301
vt 0.467285 -0.139160
vt 0.476807 -0.140991
vt 0.471680 -0.128662
vt 0.333740 -0.381836
vt 0.373291 -0.374023
vt 0.355225 -0.345947
vt 0.328369 -0.351562
vt 0.490234 -0.130249
vt 0.486084 -0.129639
vt 0.478271 -0.122314
vt 0.784668 -0.718750
vt 0.798828 -0.736816
vt 0.821777 -0.721191
vt 0.808105 -0.700195
vt 0.251709 -0.581543
vt 0.267334 -0.614746
vt 0.291016 -0.600586
vt 0.278809 -0.568359
vt 0.459961 -0.901367
vt 0.456787 -0.899902
vt 0.456299 -0.901367
vt 0.459473 -0.903320
vt 0.794922 -0.322266
vt 0.789551 -0.281250
vt 0.752930 -0.281250
vt 0.754395 -0.318115
vt 0.431641 -0.624512
vt 0.418701 -0.635742
vt 0.450684 -0.643555
vt 0.441895 -0.627441
vt 0.485840 -0.133301
vt 0.753418 -0.889648
vt 0.774902 -0.862793
vt 0.730469 -0.853516
vt 0.717285 -0.879395
vt 0.497314 -0.637695
vt 0.520508 -0.635254
vt 0.496826 -0.122375
vt 0.496826 -0.121704
vt 0.479736 -0.568848
vt 0.480957 -0.574219
vt 0.513672 -0.574219
vt 0.515137 -0.568848
vt 0.413086 -0.082092
vt 0.415283 -0.083008
vt 0.414795 -0.081421
vt 0.412842 -0.081421
vt 0.679199 -0.587402
vt 0.703613 -0.600586
vt 0.715820 -0.568359
vt 0.687500 -0.558594
vt 0.476807 -0.125977
vt 0.474609 -0.120972
vt 0.429932 -0.938965
vt 0.434570 -0.937500
vt 0.434326 -0.936523
vt 0.429443 -0.938477
vt 0.548828 -0.894531
vt 0.547852 -0.891602
vt 0.544922 -0.892090
vt 0.547363 -0.895508
vt 0.551270 -0.937988
vt 0.551758 -0.937012
vt 0.545410 -0.935059
vt 0.544922 -0.936035
vt 0.512695 -0.122803
vt 0.513672 -0.122437
vt 0.419189 -0.538574
vt 0.431641 -0.535645
vt 0.430176 -0.530762
vt 0.417236 -0.533691
vt 0.322266 -0.523438
vt 0.315430 -0.494141
vt 0.291748 -0.494385
vt 0.298096 -0.527344
vt 0.468506 -0.128174
vt 0.467773 -0.125610
vt 0.520020 -0.770020
vt 0.526367 -0.802734
vt 0.555176 -0.795898
vt 0.542480 -0.766113
vt 0.466064 -0.125366
vt 0.465576 -0.122070
vt 0.462891 -0.122375
vt 0.466553 -0.128052
vt 0.583008 -0.477539
vt 0.540527 -0.473877
vt 0.540527 -0.504395
vt 0.566895 -0.515137
vt 0.677734 -0.373047
vt 0.708984 -0.389893
vt 0.714844 -0.350098
vt 0.682129 -0.340088
vt 0.460449 -0.125122
vt 0.460205 -0.122742
vt 0.640137 -0.717285
vt 0.656250 -0.736816
vt 0.677734 -0.718262
vt 0.670898 -0.693359
vt 0.473877 -0.647461
vt 0.472412 -0.660645
vt 0.521973 -0.123840
vt 0.522461 -0.123413
vt 0.521484 -0.123169
vt 0.476807 -0.122314
vt 0.478271 -0.121765
vt 0.476562 -0.121643
vt 0.460449 -0.127686
vt 0.647461 -0.821777
vt 0.620605 -0.800293
vt 0.602539 -0.812012
vt 0.632812 -0.834473
vt 0.454346 -0.121887
vt 0.839844 -0.378662
vt 0.860352 -0.346436
vt 0.835938 -0.322510
vt 0.817383 -0.348877
vt 0.450928 -0.125122
vt 0.450684 -0.122681
vt 0.454102 -0.127319
vt 0.450684 -0.121826
vt 0.449463 -0.122375
vt 0.447998 -0.121887
vt 0.463135 -0.138062
vt 0.543457 -0.973633
vt 0.543945 -0.958984
vt 0.529785 -0.960449
vt 0.537598 -0.974121
vt 0.446533 -0.122681
vt 0.445068 -0.122559
vt 0.873535 -0.151123
vt 0.908203 -0.140625
vt 0.907227 -0.102051
vt 0.870117 -0.116455
vt 0.445068 -0.123230
vt 0.444092 -0.122375
vt 0.418945 -0.962891
vt 0.417480 -0.955566
vt 0.411865 -0.953613
vt 0.411865 -0.958984
vt 0.312744 -0.158691
vt 0.294678 -0.131104
vt 0.278076 -0.157104
vt 0.292480 -0.183716
vt 0.449951 -0.126831
vt 0.444092 -0.124023
vt 0.445312 -0.125122
vt 0.421387 -0.074585
vt 0.418213 -0.078247
vt 0.422607 -0.077881
vt 0.426025 -0.076294
vt 0.442627 -0.122192
vt 0.442627 -0.122559
vt 0.451904 -0.630371
vt 0.449707 -0.625977
vt 0.439453 -0.622559
vt 0.444580 -0.126465
vt 0.466553 -0.904297
vt 0.463135 -0.902832
vt 0.462891 -0.904297
vt 0.466309 -0.905762
vt 0.197266 -0.789551
vt 0.183472 -0.752930
vt 0.148193 -0.733887
vt 0.152710 -0.785156
vt 0.565430 -0.525879
vt 0.591797 -0.525391
vt 0.438477 -0.130615
vt 0.442627 -0.130615
vt 0.438477 -0.129028
vt 0.446045 -0.133789
vt 0.916504 -0.828125
vt 0.882812 -0.787109
vt 0.866211 -0.820312
vt 0.881348 -0.850586
vt 0.437988 -0.132080
vt 0.442627 -0.133911
vt 0.445557 -0.135132
vt 0.450928 -0.136841
vt 0.454590 -0.136353
vt 0.458496 -0.138672
vt 0.466553 -0.140869
vt 0.471191 -0.141602
vt 0.479736 -0.143066
vt 0.483887 -0.142334
vt 0.483643 -0.144165
vt 0.490479 -0.142578
vt 0.490479 -0.144775
vt 0.497070 -0.144165
vt 0.497070 -0.142456
vt 0.377686 -0.571289
vt 0.361328 -0.563477
vt 0.377686 -0.584473
vt 0.474854 -0.881348
vt 0.474609 -0.885254
vt 0.475342 -0.885742
vt 0.475586 -0.881348
vt 0.500977 -0.143188
vt 0.503906 -0.141235
vt 0.509766 -0.141968
vt 0.514648 -0.141235
vt 0.519043 -0.140259
vt 0.526855 -0.136108
vt 0.522949 -0.139160
vt 0.530762 -0.136108
vt 0.182495 -0.300537
vt 0.204956 -0.281250
vt 0.197144 -0.235474
vt 0.167114 -0.279541
vt 0.530762 -0.129028
vt 0.497314 -0.326416
vt 0.526855 -0.308838
vt 0.497314 -0.283447
vt 0.467773 -0.308838
vt 0.534180 -0.126099
vt 0.412354 -0.066528
vt 0.421143 -0.059296
vt 0.420166 -0.059052
vt 0.412354 -0.065796
vt 0.451904 -0.067993
vt 0.444824 -0.057678
vt 0.445801 -0.068115
vt 0.407715 -0.564453
vt 0.408447 -0.573730
vt 0.424072 -0.566895
vt 0.422363 -0.558105
vt 0.536133 -0.128052
vt 0.333984 -0.494385
vt 0.340088 -0.529297
vt 0.514648 -0.604004
vt 0.517578 -0.610840
vt 0.388916 -0.568848
vt 0.394531 -0.566406
vt 0.389648 -0.560547
vt 0.382812 -0.562500
vt 0.532715 -0.125122
vt 0.590820 -0.082581
vt 0.589355 -0.079529
vt 0.588379 -0.082397
vt 0.341064 -0.176392
vt 0.316162 -0.200439
vt 0.533203 -0.124451
vt 0.533203 -0.124512
vt 0.416260 -0.079956
vt 0.762207 -0.837402
vt 0.778809 -0.794434
vt 0.732422 -0.804199
vt 0.717773 -0.828613
vt 0.916016 -0.883789
vt 0.935059 -0.862793
vt 0.416748 -0.076904
vt 0.417236 -0.079285
vt 0.537598 -0.427002
vt 0.511719 -0.426514
vt 0.511719 -0.447510
vt 0.538574 -0.437256
vt 0.414551 -0.069702
vt 0.576660 -0.941895
vt 0.578613 -0.955078
vt 0.585449 -0.952637
vt 0.580566 -0.941406
vt 0.552734 -0.527832
vt 0.550781 -0.547363
vt 0.563477 -0.551270
vt 0.573242 -0.543945
vt 0.431641 -0.075500
vt 0.436279 -0.074097
vt 0.438232 -0.073730
vt 0.565430 -0.349365
vt 0.556152 -0.371094
vt 0.569824 -0.390381
vt 0.584961 -0.368408
vt 0.441162 -0.074768
vt 0.446289 -0.073303
vt 0.544922 -0.345703
vt 0.521484 -0.343506
vt 0.509766 -0.367676
vt 0.533691 -0.368896
vt 0.082397 -0.703613
vt 0.075195 -0.731934
vt 0.113159 -0.759766
vt 0.122925 -0.721191
vt 0.399902 -0.563477
vt 0.405029 -0.576172
vt 0.436035 -0.051697
vt 0.453613 -0.072205
vt 0.451416 -0.072327
vt 0.462158 -0.066711
vt 0.457275 -0.074097
vt 0.468994 -0.071777
vt 0.307373 -0.558594
vt 0.315674 -0.587402
vt 0.337891 -0.575684
vt 0.473877 -0.053101
vt 0.470215 -0.066467
vt 0.472656 -0.071960
vt 0.479248 -0.059296
vt 0.793945 -0.890625
vt 0.822754 -0.906738
vt 0.843262 -0.888672
vt 0.828613 -0.873047
vt 0.452148 -0.047211
vt 0.485840 -0.065613
vt 0.475586 -0.073792
vt 0.485596 -0.071899
vt 0.489258 -0.072144
vt 0.582520 -0.064880
vt 0.582031 -0.065369
vt 0.586914 -0.069519
vt 0.488281 -0.058899
vt 0.351318 -0.276123
vt 0.334229 -0.258301
vt 0.452637 -0.046295
vt 0.462158 -0.044159
vt 0.490967 -0.073181
vt 0.584961 -0.082214
vt 0.584473 -0.079651
vt 0.483398 -0.588867
vt 0.465576 -0.587891
vt 0.470215 -0.602051
vt 0.394043 -0.712891
vt 0.432861 -0.702637
vt 0.416016 -0.672363
vt 0.382080 -0.681152
vt 0.584961 -0.072021
vt 0.588867 -0.078735
vt 0.472656 -0.042847
vt 0.478271 -0.040771
vt 0.485596 -0.039703
vt 0.500000 -0.040161
vt 0.500000 -0.039368
vt 0.514160 -0.040344
vt 0.488770 -0.050812
vt 0.150391 -0.160889
vt 0.121033 -0.151245
vt 0.117432 -0.199219
vt 0.143433 -0.216797
vt 0.526855 -0.044006
vt 0.521484 -0.041687
vt 0.537109 -0.045624
vt 0.519531 -0.052917
vt 0.214355 -0.185425
vt 0.188477 -0.165649
vt 0.177246 -0.214111
vt 0.499023 -0.057922
vt 0.546387 -0.048981
vt 0.580078 -0.578125
vt 0.583008 -0.582031
vt 0.589844 -0.576172
vt 0.586426 -0.573730
vt 0.545898 -0.048065
vt 0.554199 -0.050690
vt 0.498779 -0.065308
vt 0.505859 -0.071716
vt 0.507324 -0.065796
vt 0.319824 -0.755859
vt 0.338379 -0.736816
vt 0.317139 -0.718262
vt 0.291748 -0.725586
vt 0.507812 -0.071960
vt 0.509766 -0.059265
vt 0.511719 -0.066345
vt 0.431152 -0.551270
vt 0.429688 -0.560059
vt 0.436279 -0.554199
vt 0.511230 -0.073975
vt 0.544434 -0.057770
vt 0.524414 -0.072510
vt 0.524902 -0.067444
vt 0.520996 -0.072388
vt 0.527832 -0.074158
vt 0.534668 -0.067871
vt 0.495850 -0.122375
vt 0.539062 -0.073181
vt 0.541504 -0.069092
vt 0.542480 -0.073730
vt 0.550293 -0.069824
vt 0.544434 -0.075073
vt 0.554688 -0.075073
vt 0.570801 -0.566895
vt 0.572266 -0.574219
vt 0.586914 -0.564453
vt 0.556641 -0.066101
vt 0.561035 -0.053925
vt 0.562012 -0.053589
vt 0.574707 -0.059814
vt 0.560547 -0.061920
vt 0.557617 -0.075806
vt 0.559570 -0.072083
vt 0.559082 -0.077332
vt 0.564453 -0.076294
vt 0.447021 -0.388184
vt 0.461182 -0.368896
vt 0.439697 -0.362793
vt 0.425049 -0.390381
vt 0.569824 -0.077209
vt 0.565918 -0.068176
vt 0.567383 -0.076660
vt 0.571289 -0.065125
vt 0.571777 -0.074463
vt 0.537598 -0.124756
vt 0.539062 -0.125000
vt 0.573242 -0.077820
vt 0.405518 -0.429199
vt 0.399414 -0.429443
vt 0.405762 -0.439941
vt 0.409424 -0.438477
vt 0.577637 -0.078186
vt 0.579102 -0.072998
vt 0.575195 -0.077881
vt 0.446533 -0.124084
vt 0.581055 -0.076904
vt 0.579590 -0.079285
vt 0.578125 -0.079407
vt 0.582031 -0.079895
vt 0.583984 -0.079041
vt 0.847656 -0.855469
vt 0.835449 -0.826660
vt 0.536621 -0.935547
vt 0.538574 -0.937500
vt 0.538574 -0.936523
vt 0.537109 -0.934570
vt 0.627930 -0.293945
vt 0.654297 -0.283691
vt 0.616211 -0.260010
vt 0.839844 -0.223877
vt 0.876953 -0.227295
vt 0.876465 -0.183594
vt 0.833008 -0.171875
vt 0.414551 -0.078125
vt 0.583008 -0.081238
vt 0.801270 -0.860840
vt 0.413574 -0.084595
vt 0.797363 -0.779297
vt 0.776855 -0.749023
vt 0.744629 -0.781738
vt 0.834473 -0.740723
vt 0.547852 -0.897461
vt 0.545898 -0.898438
vt 0.543945 -0.899902
vt 0.451172 -0.898438
vt 0.449219 -0.896973
vt 0.453125 -0.899902
vt 0.595215 -0.951660
vt 0.595215 -0.950684
vt 0.594727 -0.950195
vt 0.582031 -0.958984
vt 0.575195 -0.962891
vt 0.585449 -0.946289
vt 0.629395 -0.430176
vt 0.620605 -0.429199
vt 0.621094 -0.437500
vt 0.631348 -0.444336
vt 0.584961 -0.941895
vt 0.581055 -0.940918
vt 0.578613 -0.940918
vt 0.574707 -0.947754
vt 0.497314 -0.514648
vt 0.509766 -0.523926
vt 0.523438 -0.516113
vt 0.510742 -0.509766
vt 0.694336 -0.773438
vt 0.684570 -0.745605
vt 0.650391 -0.777344
vt 0.672852 -0.796875
vt 0.575195 -0.940918
vt 0.575684 -0.940430
vt 0.457275 -0.935059
vt 0.463623 -0.934082
vt 0.463379 -0.933105
vt 0.457031 -0.934082
vt 0.571289 -0.939453
vt 0.445068 -0.565430
vt 0.441406 -0.570312
vt 0.460205 -0.571289
vt 0.461182 -0.565918
vt 0.566895 -0.939453
vt 0.562988 -0.958984
vt 0.565918 -0.939941
vt 0.567383 -0.938965
vt 0.552246 -0.971191
vt 0.565430 -0.940430
vt 0.428711 -0.940430
vt 0.428467 -0.939453
vt 0.563477 -0.948242
vt 0.563965 -0.939453
vt 0.554199 -0.892090
vt 0.554199 -0.892578
vt 0.553711 -0.891113
vt 0.552734 -0.948242
vt 0.421143 -0.582520
vt 0.427490 -0.592285
vt 0.438965 -0.591309
vt 0.436768 -0.581055
vt 0.162598 -0.678711
vt 0.160278 -0.712891
vt 0.209839 -0.718750
vt 0.203735 -0.677246
vt 0.559570 -0.937988
vt 0.555176 -0.938477
vt 0.439209 -0.937988
vt 0.440918 -0.938965
vt 0.440674 -0.937988
vt 0.438965 -0.937012
vt 0.553223 -0.938965
vt 0.584961 -0.823242
vt 0.618652 -0.847168
vt 0.567383 -0.592285
vt 0.573242 -0.582520
vt 0.558105 -0.581055
vt 0.555664 -0.591309
vt 0.458740 -0.397949
vt 0.435303 -0.398926
vt 0.434814 -0.428223
vt 0.468750 -0.426514
vt 0.454834 -0.883301
vt 0.454590 -0.886719
vt 0.455322 -0.886230
vt 0.455322 -0.882324
vt 0.538086 -0.948242
vt 0.540039 -0.936523
vt 0.455566 -0.936035
vt 0.455811 -0.937012
vt 0.600586 -0.552734
vt 0.598145 -0.557617
vt 0.530273 -0.934082
vt 0.524414 -0.933105
vt 0.530762 -0.932617
vt 0.521973 -0.935059
vt 0.564453 -0.938965
vt 0.559570 -0.937012
vt 0.522461 -0.934082
vt 0.944824 -0.105835
vt 0.943848 -0.146362
vt 0.635254 -0.474121
vt 0.662598 -0.468506
vt 0.652832 -0.442383
vt 0.634766 -0.457275
vt 0.521973 -0.975586
vt 0.368896 -0.489258
vt 0.370117 -0.520996
vt 0.388916 -0.517578
vt 0.390625 -0.487305
vt 0.520020 -0.948242
vt 0.520020 -0.933594
vt 0.513672 -0.932617
vt 0.508789 -0.932129
vt 0.513672 -0.931641
vt 0.493896 -0.880859
vt 0.492432 -0.879883
vt 0.492188 -0.884766
vt 0.493652 -0.885254
vt 0.373535 -0.545898
vt 0.505859 -0.934082
vt 0.505859 -0.933105
vt 0.505859 -0.948242
vt 0.520508 -0.932617
vt 0.503906 -0.932617
vt 0.497070 -0.931152
vt 0.503906 -0.931641
vt 0.268799 -0.533203
vt 0.490479 -0.933105
vt 0.490234 -0.932129
vt 0.474121 -0.933594
vt 0.480713 -0.932617
vt 0.480713 -0.931641
vt 0.473877 -0.932617
vt 0.487061 -0.962891
vt 0.472168 -0.975586
vt 0.456299 -0.974121
vt 0.488281 -0.948242
vt 0.488525 -0.934570
vt 0.878906 -0.886230
vt 0.485840 -0.933594
vt 0.471924 -0.948730
vt 0.488281 -0.933594
vt 0.485840 -0.932617
vt 0.604492 -0.859863
vt 0.641113 -0.880371
vt 0.652344 -0.866699
vt 0.471924 -0.935059
vt 0.469482 -0.933594
vt 0.471680 -0.934082
vt 0.456055 -0.948242
vt 0.678223 -0.651855
vt 0.687988 -0.675293
vt 0.710938 -0.643066
vt 0.690918 -0.628418
vt 0.646973 -0.685059
vt 0.649414 -0.656250
vt 0.632812 -0.669434
vt 0.625977 -0.698242
vt 0.454346 -0.936523
vt 0.449951 -0.958984
vt 0.450439 -0.973633
vt 0.441650 -0.971191
vt 0.474121 -0.635254
vt 0.497314 -0.634277
vt 0.472900 -0.631836
vt 0.448975 -0.935547
vt 0.609375 -0.554688
vt 0.604980 -0.560547
vt 0.435547 -0.969238
vt 0.435547 -0.958496
vt 0.429688 -0.967285
vt 0.538086 -0.885254
vt 0.537109 -0.901367
vt 0.540527 -0.899902
vt 0.540039 -0.885254
vt 0.441162 -0.948242
vt 0.442627 -0.937500
vt 0.245117 -0.632324
vt 0.263916 -0.659180
vt 0.283691 -0.643066
vt 0.593262 -0.592285
vt 0.592773 -0.601562
vt 0.601074 -0.594238
vt 0.601074 -0.584961
vt 0.333496 -0.637207
vt 0.361816 -0.669434
vt 0.467529 -0.882324
vt 0.467041 -0.886719
vt 0.468262 -0.885742
vt 0.468506 -0.881836
vt 0.430664 -0.948242
vt 0.420166 -0.956543
vt 0.627930 -0.617188
vt 0.607910 -0.639648
vt 0.427002 -0.939453
vt 0.605469 -0.470215
vt 0.605957 -0.467041
vt 0.594727 -0.460449
vt 0.591797 -0.461914
vt 0.426758 -0.938477
vt 0.417969 -0.947754
vt 0.571289 -0.938477
vt 0.422852 -0.939453
vt 0.621094 -0.545898
vt 0.624512 -0.520996
vt 0.605957 -0.517578
vt 0.601562 -0.543457
vt 0.418701 -0.940918
vt 0.418213 -0.940430
vt 0.417236 -0.941895
vt 0.413574 -0.941895
vt 0.415771 -0.940918
vt 0.413086 -0.940918
vt 0.409424 -0.942383
vt 0.408691 -0.946777
vt 0.448486 -0.892090
vt 0.443604 -0.890625
vt 0.443848 -0.890625
vt 0.448242 -0.894043
vt 0.408691 -0.952637
vt 0.688965 -0.399658
vt 0.670898 -0.407715
vt 0.398438 -0.951172
vt 0.535645 -0.259521
vt 0.514160 -0.284668
vt 0.457275 -0.885742
vt 0.458008 -0.882324
vt 0.443848 -0.889648
vt 0.548828 -0.892090
vt 0.443359 -0.892090
vt 0.448975 -0.888672
vt 0.444336 -0.888672
vt 0.448486 -0.885254
vt 0.449463 -0.891602
vt 0.587402 -0.587402
vt 0.594727 -0.580566
vt 0.450439 -0.886719
vt 0.450684 -0.883789
vt 0.452393 -0.886230
vt 0.466309 -0.906250
vt 0.471680 -0.907227
vt 0.471680 -0.905273
vt 0.392334 -0.327393
vt 0.380127 -0.311279
vt 0.341553 -0.334473
vt 0.451172 -0.892090
vt 0.266113 -0.514160
vt 0.327637 -0.229858
vt 0.295166 -0.260254
vt 0.451904 -0.896973
vt 0.452637 -0.892090
vt 0.453613 -0.886230
vt 0.454102 -0.882812
vt 0.453613 -0.897949
vt 0.691406 -0.117798
vt 0.674805 -0.090820
vt 0.637695 -0.105835
vt 0.648926 -0.119202
vt 0.454346 -0.935059
vt 0.249146 -0.204468
vt 0.228882 -0.234253
vt 0.541992 -0.882324
vt 0.539551 -0.881836
vt 0.542480 -0.886230
vt 0.610352 -0.447754
vt 0.619141 -0.454834
vt 0.611328 -0.431641
vt 0.535645 -0.124573
vt 0.247192 -0.716309
vt 0.250977 -0.748535
vt 0.283203 -0.751953
vt 0.537109 -0.882324
vt 0.536133 -0.882324
vt 0.537109 -0.886230
vt 0.460449 -0.886719
vt 0.459473 -0.885742
vt 0.535156 -0.882324
vt 0.533691 -0.885254
vt 0.463867 -0.885742
vt 0.461914 -0.882812
vt 0.464600 -0.881836
vt 0.439697 -0.347412
vt 0.473145 -0.343506
vt 0.486084 -0.879883
vt 0.485840 -0.884766
vt 0.489502 -0.884277
vt 0.489746 -0.879883
vt 0.534668 -0.571289
vt 0.536621 -0.576660
vt 0.553223 -0.570312
vt 0.549805 -0.565430
vt 0.466797 -0.882324
vt 0.459229 -0.903320
vt 0.617188 -0.584473
vt 0.636719 -0.583496
vt 0.633301 -0.563477
vt 0.617188 -0.571289
vt 0.529785 -0.881836
vt 0.528809 -0.881348
vt 0.529297 -0.885254
vt 0.530273 -0.886230
vt 0.241455 -0.933594
vt 0.269287 -0.928223
vt 0.253906 -0.887207
vt 0.233154 -0.904297
vt 0.525879 -0.884277
vt 0.525879 -0.905273
vt 0.530762 -0.903809
vt 0.524902 -0.880371
vt 0.621582 -0.374023
vt 0.639648 -0.345947
vt 0.602539 -0.327393
vt 0.602539 -0.358154
vt 0.522461 -0.905762
vt 0.440918 -0.679688
vt 0.464111 -0.710449
vt 0.468262 -0.685059
vt 0.475098 -0.906250
vt 0.207886 -0.922363
vt 0.197144 -0.875000
vt 0.168945 -0.889648
vt 0.476562 -0.885254
vt 0.520996 -0.884766
vt 0.517578 -0.884277
vt 0.517578 -0.906738
vt 0.728027 -0.732910
vt 0.762695 -0.733398
vt 0.769043 -0.699219
vt 0.389404 -0.470459
vt 0.394775 -0.464355
vt 0.386963 -0.457031
vt 0.377686 -0.467529
vt 0.475098 -0.908203
vt 0.502441 -0.879883
vt 0.502441 -0.884277
vt 0.458984 -0.121704
vt 0.457764 -0.121399
vt 0.479736 -0.909180
vt 0.484375 -0.910156
vt 0.427734 -0.515137
vt 0.454102 -0.504395
vt 0.440186 -0.475342
vt 0.411865 -0.477539
vt 0.484375 -0.907715
vt 0.484619 -0.885254
vt 0.483398 -0.884766
vt 0.513184 -0.907227
vt 0.513184 -0.909668
vt 0.517578 -0.908691
vt 0.512207 -0.880371
vt 0.511230 -0.879883
vt 0.511719 -0.884766
vt 0.512695 -0.885254
vt 0.484375 -0.909668
vt 0.507324 -0.879883
vt 0.507812 -0.884277
vt 0.508301 -0.907715
vt 0.507812 -0.910156
vt 0.130615 -0.274902
vt 0.117737 -0.316650
vt 0.158691 -0.322510
vt 0.145264 -0.240601
vt 0.489502 -0.910156
vt 0.493652 -0.911133
vt 0.493652 -0.908203
vt 0.489502 -0.908203
vt 0.498779 -0.910645
vt 0.503906 -0.911133
vt 0.468262 -0.472168
vt 0.482910 -0.499023
vt 0.482910 -0.471680
vt 0.494873 -0.884277
vt 0.498535 -0.879883
vt 0.494873 -0.880371
vt 0.600098 -0.220093
vt 0.583008 -0.244385
vt 0.633789 -0.239380
vt 0.513184 -0.910156
vt 0.553711 -0.679688
vt 0.562012 -0.702637
vt 0.589355 -0.692383
vt 0.578613 -0.672363
vt 0.503906 -0.908203
vt 0.807617 -0.832520
vt 0.653320 -0.536133
vt 0.656738 -0.575684
vt 0.672363 -0.523438
vt 0.581055 -0.337891
vt 0.530762 -0.710449
vt 0.526367 -0.685059
vt 0.479736 -0.906738
vt 0.479980 -0.884277
vt 0.522461 -0.908203
vt 0.483643 -0.879883
vt 0.484863 -0.880371
vt 0.525879 -0.907227
vt 0.514160 -0.884766
vt 0.480469 -0.880371
vt 0.476807 -0.880859
vt 0.368896 -0.698242
vt 0.347900 -0.685059
vt 0.750488 -0.248535
vt 0.720215 -0.207275
vt 0.615723 -0.420654
vt 0.610352 -0.424805
vt 0.229736 -0.785156
vt 0.203003 -0.812500
vt 0.223389 -0.813965
vt 0.534668 -0.599609
vt 0.537109 -0.605957
vt 0.530762 -0.881836
vt 0.155518 -0.623535
vt 0.135742 -0.657227
vt 0.168091 -0.637695
vt 0.295166 -0.223145
vt 0.244263 -0.248535
vt 0.532715 -0.881348
vt 0.702148 -0.183716
vt 0.678711 -0.200439
vt 0.534668 -0.904297
vt 0.538086 -0.903320
vt 0.538086 -0.902832
vt 0.523438 -0.628418
vt 0.542969 -0.630371
vt 0.547363 -0.621582
vt 0.244019 -0.113953
vt 0.268799 -0.120728
vt 0.288330 -0.080750
vt 0.232544 -0.068359
vt 0.871582 -0.721191
vt 0.912109 -0.703613
vt 0.888184 -0.680664
vt 0.860352 -0.696289
vt 0.460205 -0.882812
vt 0.541016 -0.901367
vt 0.223511 -0.653809
vt 0.235718 -0.615723
vt 0.202026 -0.624023
vt 0.543457 -0.898438
vt 0.533691 -0.125122
vt 0.542969 -0.886719
vt 0.542969 -0.883301
vt 0.543457 -0.882812
vt 0.544922 -0.883301
vt 0.195190 -0.096008
vt 0.209595 -0.138306
vt 0.735352 -0.297363
vt 0.717773 -0.312988
vt 0.744141 -0.349121
vt 0.134277 -0.696289
vt 0.547363 -0.886719
vt 0.548340 -0.888672
vt 0.553223 -0.890625
vt 0.554688 -0.890625
vt 0.466309 -0.579590
vt 0.934570 -0.901855
vt 0.914551 -0.941895
vt 0.934082 -0.941406
vt 0.749512 -0.632324
vt 0.770996 -0.653809
vt 0.792480 -0.624023
vt 0.768555 -0.599121
vt 0.692383 -0.868164
vt 0.674805 -0.839355
vt 0.933594 -0.825684
vt 0.930664 -0.791504
vt 0.925781 -0.760742
vt 0.593262 -0.446289
vt 0.598633 -0.427734
vt 0.211548 -0.937988
vt 0.875000 -0.942383
vt 0.663574 -0.853027
vt 0.259766 -0.335205
vt 0.279785 -0.350098
vt 0.522461 -0.556641
vt 0.472168 -0.556641
vt 0.298828 -0.813965
vt 0.276855 -0.828613
vt 0.302246 -0.868164
vt 0.319824 -0.839355
vt 0.783203 -0.937988
vt 0.836426 -0.941895
vt 0.086243 -0.158569
vt 0.087524 -0.102112
vt 0.050171 -0.126099
vt 0.051910 -0.165405
vt 0.682129 -0.158691
vt 0.725098 -0.169678
vt 0.732422 -0.133789
vt 0.699707 -0.327148
vt 0.667969 -0.321533
vt 0.536133 -0.329102
vt 0.637695 -0.546875
vt 0.640137 -0.534668
vt 0.725098 -0.928223
vt 0.752930 -0.934082
vt 0.783691 -0.249512
vt 0.908691 -0.176514
vt 0.159058 -0.826660
vt 0.319824 -0.090820
vt 0.791504 -0.812500
vt 0.383301 -0.431641
vt 0.374023 -0.429199
vt 0.363281 -0.444336
vt 0.374268 -0.447021
vt 0.516602 -0.257568
vt 0.478271 -0.257568
vt 0.350830 -0.441895
vt 0.316895 -0.436768
vt 0.313965 -0.465332
vt 0.342285 -0.469727
vt 0.399902 -0.580566
vt 0.407227 -0.587402
vt 0.411865 -0.582031
vt 0.255859 -0.146118
vt 0.902344 -0.672852
vt 0.380615 -0.734375
vt 0.364502 -0.756348
vt 0.397217 -0.776855
vt 0.413086 -0.751953
vt 0.840820 -0.260498
vt 0.806152 -0.219604
vt 0.805176 -0.263672
vt 0.561035 -0.448975
vt 0.571289 -0.428955
vt 0.779297 -0.419434
vt 0.805176 -0.393555
vt 0.795410 -0.375000
vt 0.771484 -0.397705
vt 0.497314 -0.773926
vt 0.497314 -0.741699
vt 0.478271 -0.739258
vt 0.474854 -0.770020
vt 0.879395 -0.746094
vt 0.919434 -0.731934
vt 0.543945 -0.643555
vt 0.576172 -0.635742
vt 0.562988 -0.624512
vt 0.858887 -0.657227
vt 0.832031 -0.678711
vt 0.530762 -0.905762
vt 0.534180 -0.902832
vt 0.474609 -0.227417
vt 0.497314 -0.224487
vt 0.497070 -0.187988
vt 0.467529 -0.195068
vt 0.169556 -0.569824
vt 0.142700 -0.609375
vt 0.180176 -0.588379
vt 0.713867 -0.789551
vt 0.695801 -0.813965
vt 0.727539 -0.614746
vt 0.826660 -0.637695
vt 0.814453 -0.651855
vt 0.462646 -0.121582
vt 0.460205 -0.122131
vt 0.244263 -0.678223
vt 0.202026 -0.528320
vt 0.208496 -0.557129
vt 0.590332 -0.872559
vt 0.629883 -0.894043
vt 0.564453 -0.530762
vt 0.524902 -0.123352
vt 0.641602 -0.415283
vt 0.576172 -0.786621
vt 0.079529 -0.922363
vt 0.118103 -0.923828
vt 0.115662 -0.886230
vt 0.078552 -0.883789
vt 0.235107 -0.519531
vt 0.238525 -0.541992
vt 0.221802 -0.299561
vt 0.199951 -0.322266
vt 0.728516 -0.767578
vt 0.750488 -0.678223
vt 0.414795 -0.320068
vt 0.404541 -0.301514
vt 0.168091 -0.142944
vt 0.262207 -0.804199
vt 0.281006 -0.789551
vt 0.322021 -0.796875
vt 0.300537 -0.773438
vt 0.347412 -0.821777
vt 0.461182 -0.882812
vt 0.365479 -0.465332
vt 0.375732 -0.454834
vt 0.363281 -0.455078
vt 0.546387 -0.656738
vt 0.314697 -0.685059
vt 0.316406 -0.651855
vt 0.299072 -0.666016
vt 0.105225 -0.290771
vt 0.093018 -0.252930
vt 0.070801 -0.279785
vt 0.080261 -0.306885
vt 0.281494 -0.680664
vt 0.217407 -0.578125
vt 0.191162 -0.606445
vt 0.583984 -0.401855
vt 0.586914 -0.421875
vt 0.608398 -0.411133
vt 0.603516 -0.395020
vt 0.344482 -0.777344
vt 0.643066 -0.485352
vt 0.658203 -0.508301
vt 0.679199 -0.494141
vt 0.941406 -0.184448
vt 0.495117 -0.121277
vt 0.749512 -0.562012
vt 0.743164 -0.581543
vt 0.369385 -0.151489
vt 0.405029 -0.175049
vt 0.424072 -0.164673
vt 0.383789 -0.139160
vt 0.354736 -0.208130
vt 0.369629 -0.197144
vt 0.240356 -0.318115
vt 0.219971 -0.343994
vt 0.241455 -0.363037
vt 0.468506 -0.802734
vt 0.452148 -0.766113
vt 0.439697 -0.795898
vt 0.354492 -0.717285
vt 0.654785 -0.219238
vt 0.625000 -0.197144
vt 0.651855 -0.599121
vt 0.540039 -0.935547
vt 0.696777 -0.527344
vt 0.600586 -0.664062
vt 0.059784 -0.882324
vt 0.078125 -0.846680
vt 0.060303 -0.844238
vt 0.645020 -0.622070
vt 0.386719 -0.639648
vt 0.654785 -0.529297
vt 0.791016 -0.677246
vt 0.422607 -0.938477
vt 0.583008 -0.616211
vt 0.600586 -0.712891
vt 0.726074 -0.533203
vt 0.607422 -0.186035
vt 0.578613 -0.211060
vt 0.374268 -0.800293
vt 0.581543 -0.751953
vt 0.597168 -0.776855
vt 0.839355 -0.623535
vt 0.852051 -0.609375
vt 0.825195 -0.569824
vt 0.814453 -0.588379
vt 0.361816 -0.834473
vt 0.392090 -0.812012
vt 0.180542 -0.651855
vt 0.483154 -0.447510
vt 0.497314 -0.471436
vt 0.497314 -0.447266
vt 0.510254 -0.396973
vt 0.536133 -0.397949
vt 0.113342 -0.850586
vt 0.092712 -0.335693
vt 0.447266 -0.843750
vt 0.428711 -0.833496
vt 0.195557 -0.499756
vt 0.361084 -0.239380
vt 0.666504 -0.909668
vt 0.610840 -0.139160
vt 0.596680 -0.126709
vt 0.551758 -0.154297
vt 0.570801 -0.164673
vt 0.565918 -0.833496
vt 0.497314 -0.809570
vt 0.119751 -0.942383
vt 0.080200 -0.941895
vt 0.134155 -0.346680
vt 0.109924 -0.370117
vt 0.299316 -0.362793
vt 0.803711 -0.606445
vt 0.777344 -0.578125
vt 0.409912 -0.074524
vt 0.516602 -0.739258
vt 0.535645 -0.736816
vt 0.432373 -0.292725
vt 0.423340 -0.269043
vt 0.392822 -0.281006
vt 0.605469 -0.456543
vt 0.616699 -0.463135
vt 0.448486 -0.656738
vt 0.497314 -0.713379
vt 0.497314 -0.687500
vt 0.520508 -0.536133
vt 0.522949 -0.520508
vt 0.060181 -0.921875
vt 0.060577 -0.941406
vt 0.756348 -0.541992
vt 0.786133 -0.557129
vt 0.792480 -0.528320
vt 0.759766 -0.519531
vt 0.459229 -0.736816
vt 0.263916 -0.378174
vt 0.223511 -0.397705
vt 0.248779 -0.411865
vt 0.259277 -0.297363
vt 0.763184 -0.496826
vt 0.799316 -0.499756
vt 0.793945 -0.470459
vt 0.760742 -0.474365
vt 0.833496 -0.448975
vt 0.824219 -0.431396
vt 0.088684 -0.063232
vt 0.049683 -0.065491
vt 0.049683 -0.085571
vt 0.409912 -0.823242
vt 0.418701 -0.786621
vt 0.375977 -0.847168
vt 0.556641 -0.202026
vt 0.542969 -0.230713
vt 0.697266 -0.920410
vt 0.485352 -0.359131
vt 0.873047 -0.646484
vt 0.817383 -0.792969
vt 0.854492 -0.794922
vt 0.842773 -0.772949
vt 0.277588 -0.879395
vt 0.243164 -0.861328
vt 0.251465 -0.829102
vt 0.376953 -0.556641
vt 0.366455 -0.558594
vt 0.446045 -0.330566
vt 0.401367 -0.355957
vt 0.224243 -0.875977
vt 0.366699 -0.293945
vt 0.215454 -0.849609
vt 0.174316 -0.923828
vt 0.158325 -0.941895
vt 0.199341 -0.375000
vt 0.177490 -0.348877
vt 0.166138 -0.363770
vt 0.189331 -0.393555
vt 0.163574 -0.857422
vt 0.527344 -0.195068
vt 0.511719 -0.471680
vt 0.774902 -0.343994
vt 0.179443 -0.411865
vt 0.170288 -0.431396
vt 0.200928 -0.470459
vt 0.207153 -0.441406
vt 0.887207 -0.636230
vt 0.864746 -0.595703
vt 0.442139 -0.937012
vt 0.079041 -0.811523
vt 0.064026 -0.791504
vt 0.297607 -0.920410
vt 0.483398 -0.120483
vt 0.700684 -0.293945
vt 0.112000 -0.817383
vt 0.096985 -0.783203
vt 0.520020 -0.227417
vt 0.826660 -0.142944
vt 0.819824 -0.112000
vt 0.442871 -0.889160
vt 0.442627 -0.889648
vt 0.215210 -0.419434
vt 0.236816 -0.452148
vt 0.539551 -0.586426
vt 0.549805 -0.583984
vt 0.534668 -0.124207
vt 0.378418 -0.260010
vt 0.424072 -0.726562
vt 0.217773 -0.749023
vt 0.555176 -0.937500
vt 0.730957 -0.495361
vt 0.729004 -0.457520
vt 0.703125 -0.494385
vt 0.614258 -0.734375
vt 0.570801 -0.726562
vt 0.117859 -0.227295
vt 0.087524 -0.209473
vt 0.483154 -0.426514
vt 0.497314 -0.426514
vt 0.728516 -0.514160
vt 0.630371 -0.756348
vt 0.273438 -0.707031
vt 0.484375 -0.396973
vt 0.639160 -0.163940
vt 0.625000 -0.151489
vt 0.589844 -0.175049
vt 0.540039 -0.125732
vt 0.408447 -0.083679
vt 0.408203 -0.082825
vt 0.572266 -0.558105
vt 0.583984 -0.553223
vt 0.555176 -0.622559
vt 0.459473 -0.625488
vt 0.484375 -0.630371
vt 0.427490 -0.611816
vt 0.575195 -0.613770
vt 0.567383 -0.611816
vt 0.411865 -0.616211
vt 0.419678 -0.613770
vt 0.409180 -0.599121
vt 0.631348 -0.455078
vt 0.905762 -0.224365
vt 0.604004 -0.487305
vt 0.057831 -0.219604
vt 0.063477 -0.250977
vt 0.516602 -0.880371
vt 0.513672 -0.879883
vt 0.303711 -0.628418
vt 0.454346 -0.121094
vt 0.757324 -0.181519
vt 0.751953 -0.215332
vt 0.653809 -0.176392
vt 0.660645 -0.258301
vt 0.931152 -0.250977
vt 0.923828 -0.279541
vt 0.835938 -0.551758
vt 0.746094 -0.411865
vt 0.753418 -0.363037
vt 0.730957 -0.378174
vt 0.547363 -0.843750
vt 0.385986 -0.569336
vt 0.385742 -0.578613
vt 0.393311 -0.574219
vt 0.401855 -0.601562
vt 0.635742 -0.443359
vt 0.906250 -0.063171
vt 0.865234 -0.061554
vt 0.393799 -0.584961
vt 0.442871 -0.154297
vt 0.339844 -0.411865
vt 0.369385 -0.400391
vt 0.389160 -0.425293
vt 0.379150 -0.420654
vt 0.511719 -0.499023
vt 0.525879 -0.500488
vt 0.390137 -0.476074
vt 0.359375 -0.474121
vt 0.352539 -0.521973
vt 0.628418 -0.558594
vt 0.617676 -0.556641
vt 0.608887 -0.578613
vt 0.608887 -0.569336
vt 0.605957 -0.568848
vt 0.601562 -0.574219
vt 0.611816 -0.562500
vt 0.395996 -0.572754
vt 0.625977 -0.489258
vt 0.439453 -0.543457
vt 0.414551 -0.593750
vt 0.453125 -0.614746
vt 0.559570 -0.333008
vt 0.467773 -0.608887
vt 0.541504 -0.614746
vt 0.414551 -0.578125
vt 0.417969 -0.576660
vt 0.937012 -0.219604
vt 0.585449 -0.599121
vt 0.594727 -0.563477
vt 0.467041 -0.544434
vt 0.497314 -0.544922
vt 0.474121 -0.536133
vt 0.411621 -0.244385
vt 0.719238 -0.107605
vt 0.775879 -0.111267
vt 0.762207 -0.068359
vt 0.706543 -0.080688
vt 0.520996 -0.620117
vt 0.580078 -0.593750
vt 0.154663 -0.378662
vt 0.445312 -0.532227
vt 0.360107 -0.423096
vt 0.528320 -0.579590
vt 0.511230 -0.588867
vt 0.512695 -0.579590
vt 0.812500 -0.300537
vt 0.482178 -0.579590
vt 0.626953 -0.462402
vt 0.629395 -0.465332
vt 0.452637 -0.883301
vt 0.459961 -0.561035
vt 0.410889 -0.553223
vt 0.459229 -0.259521
vt 0.451904 -0.230713
vt 0.431641 -0.237549
vt 0.068909 -0.760742
vt 0.471680 -0.884766
vt 0.484375 -0.519043
vt 0.533691 -0.565918
vt 0.534668 -0.561035
vt 0.541016 -0.554688
vt 0.442139 -0.527832
vt 0.391602 -0.439453
vt 0.771484 -0.163086
vt 0.761230 -0.139404
vt 0.553711 -0.938477
vt 0.564941 -0.560059
vt 0.407959 -0.547363
vt 0.396729 -0.557617
vt 0.539062 -0.516602
vt 0.471191 -0.516113
vt 0.483887 -0.509766
vt 0.455811 -0.516602
vt 0.589844 -0.450439
vt 0.440918 -0.518555
vt 0.520508 -0.880859
vt 0.526855 -0.123169
vt 0.553223 -0.888672
vt 0.549316 -0.885254
vt 0.589355 -0.538574
vt 0.403076 -0.525391
vt 0.328369 -0.909668
vt 0.469482 -0.507812
vt 0.129639 -0.061615
vt 0.483398 -0.505371
vt 0.497314 -0.503906
vt 0.497314 -0.498047
vt 0.827637 -0.279541
vt 0.511230 -0.505371
vt 0.525391 -0.507812
vt 0.554199 -0.518555
vt 0.435059 -0.051453
vt 0.437744 -0.202026
vt 0.416260 -0.211060
vt 0.600098 -0.566406
vt 0.598633 -0.572754
vt 0.617188 -0.471191
vt 0.129761 -0.595703
vt 0.107788 -0.636230
vt 0.720703 -0.421631
vt 0.440918 -0.124573
vt 0.440430 -0.126709
vt 0.535156 -0.387695
vt 0.559570 -0.398926
vt 0.433594 -0.448975
vt 0.424316 -0.439209
vt 0.448730 -0.934570
vt 0.416992 -0.415527
vt 0.359131 -0.443359
vt 0.360107 -0.457275
vt 0.398926 -0.455322
vt 0.398438 -0.379150
vt 0.397949 -0.403809
vt 0.464111 -0.285889
vt 0.398682 -0.951172
vt 0.604004 -0.419922
vt 0.472168 -0.880859
vt 0.468750 -0.447266
vt 0.443115 -0.891602
vt 0.394531 -0.220093
vt 0.143433 -0.394043
vt 0.465576 -0.121155
vt 0.092285 -0.672852
vt 0.614746 -0.311279
vt 0.345947 -0.119202
vt 0.355225 -0.163940
vt 0.356934 -0.105896
vt 0.645508 -0.389160
vt 0.365234 -0.430176
vt 0.185547 -0.063171
vt 0.757812 -0.452148
vt 0.440674 -0.123535
vt 0.851074 -0.394043
vt 0.815430 -0.411865
vt 0.787598 -0.441406
vt 0.387451 -0.186035
vt 0.659668 -0.132568
vt 0.407959 -0.087219
vt 0.409912 -0.086243
vt 0.546875 -0.884277
vt 0.588867 -0.439941
vt 0.584961 -0.444092
vt 0.617188 -0.597168
vt 0.390869 -0.419922
vt 0.399414 -0.423584
vt 0.564453 -0.967285
vt 0.408691 -0.449707
vt 0.403076 -0.461914
vt 0.639160 -0.561035
vt 0.377441 -0.471191
vt 0.884766 -0.370117
vt 0.901855 -0.335693
vt 0.829590 -0.079163
vt 0.809082 -0.063171
vt 0.781738 -0.081299
vt 0.914551 -0.306641
vt 0.798340 -0.139160
vt 0.813477 -0.190674
vt 0.944824 -0.065430
vt 0.397705 -0.126831
vt 0.132568 -0.407959
vt 0.534180 -0.124451
vt 0.161377 -0.448975
vt 0.158936 -0.551758
vt 0.862305 -0.407959
vt 0.604492 -0.476074
vt 0.589355 -0.429199
vt 0.595215 -0.423584
s 1
g off
g head_Material.005
usemtl Material.005
f 1/1/1 3/2/1 2/3/1
f 60/4/55 55/5/50 56/6/51 57/7/52
f 8/8/3 10/9/5 9/10/4
f 1292/11/1282 1379/12/1369 1380/13/1370 1383/14/1373
f 11/15/6 13/16/8 12/17/7
f 13/16/8 14/18/9 12/17/7
f 14/18/9 13/16/8 15/19/10
f 8/8/3 12/17/7 16/20/11
f 15/19/10 17/21/12 14/18/9
f 1197/22/1187 1195/23/1185 1145/24/1135 1141/25/1131
f 754/26/744 753/27/743 744/28/734 745/29/735
f 17/21/12 19/30/14 14/18/9
f 81/31/76 80/32/75 72/33/67 82/34/77
f 19/30/14 17/21/12 22/35/17
f 20/36/15 22/35/17 17/21/12
f 23/37/18 22/35/17 20/36/15
f 1331/38/1321 1320/39/1310 1323/40/1313 1332/41/1322
f 22/35/17 23/37/18 26/42/21
f 26/42/21 23/37/18 24/43/19
f 19/30/14 22/35/17 27/44/22
f 27/44/22 16/20/11 19/30/14
f 1563/45/1553 1560/46/1550 1562/47/1552 1564/48/1554
f 105/49/100 104/50/99 103/51/98 101/52/96
f 1071/53/1061 1070/54/1060 1054/55/1044 1072/56/1062
f 208/57/203 211/58/206 214/59/209 210/60/205
f 31/61/26 26/42/21 32/62/27
f 6/63/2 5/64/2 4/65/2 7/66/2
f 30/67/25 35/68/30 33/69/28
f 607/70/597 604/71/594 606/72/596 609/73/599
f 30/67/25 36/74/31 35/68/30
f 37/75/32 32/62/27 34/76/29
f 31/61/26 32/62/27 37/75/32
f 37/75/32 34/76/29 38/77/33
f 36/74/31 39/78/34 35/68/30
f 182/79/177 178/80/173 179/81/174 180/82/175
f 1022/83/1012 1015/84/1005 1013/85/1003 1017/86/1007
f 125/87/120 127/88/122 124/89/119 120/90/115
f 79/91/74 78/92/73 71/93/66 80/32/75
f 1394/94/1384 1392/95/1382 1395/96/1385 1396/97/1386
f 45/98/40 43/99/38 46/100/41
f 42/101/37 47/102/42 44/103/39
f 42/101/37 48/104/43 47/102/42
f 578/105/568 580/106/570 581/107/571 582/108/572
f 47/102/42 49/109/44 44/103/39
f 50/110/45 47/102/42 48/104/43
f 102/111/97 98/112/93 99/113/94 100/114/95
f 46/100/41 51/115/46 45/98/40
f 51/115/46 46/100/41 49/109/44
f 52/116/47 37/75/32 45/98/40
f 45/98/40 51/115/46 52/116/47
f 1167/117/1157 1164/118/1154 1162/119/1152 1168/120/1158
f 49/109/44 53/121/48 51/115/46
f 53/121/48 52/116/47 51/115/46
f 49/109/44 54/122/49 53/121/48
f 1012/123/1002 983/124/973 971/125/961 1014/126/1004
f 1033/127/1023 1032/128/1022 1029/129/1019 1031/130/1021
f 941/131/931 938/132/928 937/133/927 942/134/932
f 54/122/49 58/135/53 53/121/48
f 58/135/53 54/122/49 59/136/54
f 1502/137/1492 1503/138/1493 1508/139/1498 1509/140/1499
f 58/135/53 59/136/54 61/141/56
f 1396/97/1386 1395/96/1385 1022/83/1012 1024/142/1014
f 1457/143/1447 1452/144/1442 1460/145/1450 1467/146/1457
f 88/147/83 87/148/82 90/149/85 93/150/88
f 1265/151/1255 1255/152/1245 1256/153/1246 1499/154/1489
f 87/148/82 85/155/80 81/31/76 86/156/81
f 399/157/390 398/158/389 397/159/388 406/160/397
f 68/161/63 64/162/59 70/163/65
f 67/164/62 71/93/66 69/165/64
f 67/164/62 72/33/67 71/93/66
f 841/166/831 840/167/830 839/168/829 844/169/834
f 38/77/33 43/99/38 45/98/40 37/75/32
f 70/163/65 74/170/69 68/161/63
f 74/170/69 70/163/65 73/171/68
f 68/161/63 75/172/70 58/135/53
f 74/170/69 75/172/70 68/161/63
f 116/173/111 109/174/104 93/150/88 107/175/102
f 1285/176/1275 1283/177/1273 1281/178/1271 1287/179/1277
f 77/180/72 78/92/73 79/91/74 84/181/79
f 77/180/72 75/172/70 74/170/69
f 90/149/85 87/148/82 86/156/81 91/182/86
f 732/183/722 710/184/700 717/185/707 723/186/713
f 71/93/66 72/33/67 80/32/75
f 988/187/978 986/188/976 985/189/975 989/190/979
f 513/191/503 507/192/497 510/193/500 519/194/509
f 1515/195/1505 1512/196/1502 1510/197/1500 1536/198/1526
f 85/155/80 84/181/79 79/91/74
f 962/199/952 960/200/950 939/201/929 957/202/947
f 84/181/79 85/155/80 88/147/83
f 87/148/82 88/147/83 85/155/80
f 77/180/72 84/181/79 89/203/84
f 88/147/83 89/203/84 84/181/79
f 77/180/72 89/203/84 75/172/70
f 693/204/683 695/205/685 698/206/688 699/207/689
f 947/208/937 941/131/931 942/134/932 946/209/936
f 62/210/57 60/4/55 57/7/52 63/211/58
f 88/147/83 93/150/88 89/203/84
f 1094/212/1084 1092/213/1082 1091/214/1081 1115/215/1105
f 321/216/316 323/217/318 322/218/317 199/219/194
f 774/220/764 768/221/758 770/222/760 775/223/765
f 97/224/92 93/150/88 90/149/85
f 98/112/93 93/150/88 97/224/92
f 54/122/49 50/110/45 55/5/50 59/136/54
f 96/225/91 100/114/95 99/113/94
f 100/114/95 96/225/91 101/52/96
f 452/226/443 449/227/440 450/228/441 454/229/445
f 101/52/96 103/51/98 100/114/95
f 102/111/97 100/114/95 103/51/98
f 652/230/642 651/231/641 647/232/637 642/233/632
f 373/234/364 372/235/363 374/236/365 375/237/366
f 40/238/35 39/78/34 36/74/31 41/239/36
f 102/111/97 107/175/102 98/112/93
f 98/112/93 107/175/102 93/150/88
f 8/8/3 9/10/4 11/15/6 12/17/7
f 1157/240/1147 1112/241/1102 1156/242/1146 1160/243/1150
f 1027/244/1017 1025/245/1015 1019/246/1009 1011/247/1001
f 107/175/102 102/111/97 111/248/106
f 110/249/105 111/248/106 102/111/97
f 817/250/807 808/251/798 803/252/793 802/253/792
f 114/254/109 108/255/103 112/256/107
f 110/249/105 115/257/110 111/248/106
f 114/254/109 115/257/110 110/249/105
f 116/173/111 107/175/102 111/248/106
f 1219/258/1209 1193/259/1183 1191/260/1181 1194/261/1184
f 1555/262/1545 1551/263/1541 1542/264/1532 1547/265/1537
f 112/256/107 119/266/114 114/254/109
f 119/266/114 112/256/107 117/267/112
f 759/268/749 757/269/747 755/270/745 758/271/748
f 940/272/930 936/273/926 938/132/928 941/131/931
f 28/274/23 24/43/19 25/275/20 29/276/24
f 94/277/89 91/182/86 92/278/87 95/279/90
f 124/89/119 123/280/118 119/266/114
f 800/281/790 798/282/788 801/283/791 804/284/794
f 26/42/21 24/43/19 28/274/23 32/62/27
f 128/285/123 127/88/122 125/87/120
f 1522/286/1512 1517/287/1507 1516/288/1506 1518/289/1508
f 131/290/126 127/88/122 128/285/123
f 128/285/123 129/291/124 131/290/126
f 127/88/122 132/292/127 124/89/119
f 123/280/118 124/89/119 132/292/127
f 131/290/126 132/292/127 127/88/122
f 129/291/124 130/293/125 133/294/128
f 131/290/126 129/291/124 133/294/128
f 134/295/129 133/294/128 130/293/125
f 115/257/110 123/280/118 135/296/130
f 360/297/351 359/298/350 389/299/380 390/300/381
f 134/295/129 136/301/131 133/294/128
f 136/301/131 134/295/129 137/302/132
f 1443/303/1433 1436/304/1426 1434/305/1424 1438/306/1428
f 137/302/132 139/307/134 136/301/131
f 140/308/135 139/307/134 137/302/132
f 453/309/444 466/310/457 472/311/463 473/312/464
f 1309/313/1299 1310/314/1300 1313/315/1303 1319/316/1309
f 131/290/126 141/317/136 132/292/127
f 139/307/134 143/318/138 142/319/137
f 204/320/199 202/321/197 205/322/200 206/323/201
f 144/308/139 146/324/141 145/325/140
f 957/202/947 955/326/945 958/327/948 961/328/951
f 143/318/138 149/329/144 142/319/137
f 528/330/518 522/331/512 526/332/516 531/333/521
f 142/319/137 149/329/144 141/317/136
f 900/334/890 901/335/891 898/336/888 893/337/883
f 1194/261/1184 1192/338/1182 1195/23/1185 1586/339/1576
f 153/340/148 152/341/147 151/342/146
f 154/343/149 152/341/147 153/340/148
f 668/344/658 672/345/662 676/346/666 675/347/665
f 153/340/148 156/348/151 155/349/150
f 155/349/150 154/343/149 153/340/148
f 154/343/149 155/349/150 157/350/152
f 154/343/149 157/350/152 158/351/153
f 158/351/153 159/352/154 154/343/149
f 158/351/153 160/353/155 159/352/154
f 159/352/154 160/353/155 135/296/130
f 161/354/156 135/296/130 160/353/155
f 135/296/130 161/354/156 116/173/111
f 162/355/157 116/173/111 161/354/156
f 162/355/157 109/174/104 116/173/111
f 162/355/157 163/356/158 109/174/104
f 163/356/158 164/357/159 109/174/104
f 163/356/158 165/358/160 164/357/159
f 166/359/161 89/203/84 164/357/159
f 166/359/161 167/360/162 168/361/163 169/362/164
f 1039/363/1029 1037/364/1027 1012/123/1002 1016/365/1006
f 538/366/528 537/367/527 540/368/530 541/369/531
f 170/370/165 169/362/164 168/361/163
f 169/362/164 170/370/165 76/371/71
f 171/372/166 76/371/71 170/370/165
f 171/372/166 52/116/47 76/371/71
f 52/116/47 171/372/166 172/373/167
f 52/116/47 172/373/167 173/374/168
f 173/374/168 174/375/169 52/116/47
f 174/375/169 173/374/168 175/376/170
f 174/375/169 175/376/170 176/377/171
f 1370/378/1360 1371/379/1361 1367/380/1357 1365/381/1355
f 31/61/26 177/382/172 27/44/22
f 174/375/169 176/377/171 178/80/173
f 179/81/174 178/80/173 176/377/171
f 1241/383/1231 1254/384/1244 1257/385/1247 1239/386/1229
f 177/382/172 181/387/176 27/44/22
f 242/388/237 223/389/218 240/390/235 243/391/238
f 16/20/11 27/44/22 181/387/176
f 219/392/214 221/393/216 214/59/209 216/394/211
f 1066/395/1056 1062/396/1052 1064/397/1054 1101/398/1091
f 177/382/172 185/399/180 181/387/176
f 1028/400/1018 1025/245/1015 1027/244/1017 1030/401/1020
f 1076/402/1066 1071/53/1061 1072/56/1062 1074/403/1064
f 1043/404/1033 1049/405/1039 1163/406/1153 1165/407/1155
f 189/408/184 8/8/3 16/20/11
f 315/409/310 314/3/309 313/410/308 316/411/311
f 8/8/3 189/408/184 192/9/187
f 1299/412/1289 1309/313/1299 1319/316/1309 1322/413/1312
f 194/414/189 192/9/187 193/415/188
f 195/218/190 197/416/192 196/416/191
f 697/417/687 704/418/694 706/419/696 705/420/695
f 675/347/665 665/421/655 666/422/656 668/344/658
f 202/321/197 200/423/195 201/424/196
f 98/112/93 97/224/92 94/277/89 99/113/94
f 1210/425/1200 1208/426/1198 1198/427/1188 1196/428/1186
f 202/321/197 204/320/199 200/423/195
f 204/320/199 207/429/202 200/423/195
f 204/320/199 206/323/201 208/57/203
f 347/430/338 341/431/332 338/432/329 343/433/334
f 1142/434/1132 1124/435/1114 1140/436/1130 1143/437/1133
f 211/58/206 209/438/204 212/439/207
f 213/440/208 211/58/206 212/439/207
f 1248/441/1238 1246/442/1236 1247/443/1237 1250/444/1240
f 211/58/206 213/440/208 214/59/209
f 214/59/209 213/440/208 215/445/210
f 215/445/210 216/394/211 214/59/209
f 215/445/210 217/446/212 216/394/211
f 1245/447/1235 1242/448/1232 1217/449/1207 1243/450/1233
f 892/451/882 891/452/881 890/453/880 895/454/885
f 1065/455/1055 1048/456/1038 1062/396/1052 1066/395/1056
f 221/393/216 218/457/213 214/59/209
f 222/458/217 219/392/214 220/459/215
f 210/60/205 223/389/218 207/429/202
f 219/392/214 222/458/217 224/460/219
f 224/460/219 222/458/217 225/461/220
f 226/462/221 224/460/219 225/461/220
f 1008/463/998 981/464/971 1010/465/1000 1029/129/1019
f 219/392/214 224/460/219 227/466/222
f 224/460/219 226/462/221 228/467/223
f 228/467/223 227/466/222 224/460/219
f 229/468/224 228/467/223 226/462/221
f 228/467/223 229/468/224 230/469/225
f 230/469/225 227/466/222 228/467/223
f 685/470/675 681/471/671 677/472/667 684/473/674
f 218/457/213 221/393/216 232/474/227
f 233/475/228 231/476/226 234/477/229
f 235/478/230 233/475/228 234/477/229
f 292/479/287 291/480/286 303/481/298 304/1/299
f 233/475/228 235/478/230 237/482/232
f 237/482/232 230/469/225 233/475/228
f 1291/483/1281 1295/484/1285 1379/12/1369 1292/11/1282
f 236/485/231 232/474/227 239/486/234
f 241/487/236 237/482/232 235/478/230
f 317/488/312 316/411/311 313/410/308 318/489/313
f 242/388/237 207/429/202 223/389/218
f 1069/490/1059 1063/491/1053 1058/492/1048 1070/54/1060
f 924/493/914 928/494/918 933/495/923 968/496/958
f 305/2/300 303/481/298 302/497/297 312/498/307
f 232/474/227 247/499/242 239/486/234
f 232/474/227 227/466/222 247/499/242
f 247/499/242 248/500/243 239/486/234
f 247/499/242 249/501/244 248/500/243
f 251/502/246 249/501/244 247/499/242
f 249/501/244 251/502/246 252/503/247
f 251/502/246 253/504/248 252/503/247
f 254/505/249 247/499/242 227/466/222
f 251/502/246 247/499/242 254/505/249
f 1341/506/1331 1336/507/1326 1340/508/1330 1345/509/1335
f 253/504/248 251/502/246 255/510/250
f 253/504/248 255/510/250 256/511/251
f 256/511/251 255/510/250 257/512/252
f 258/513/253 251/502/246 254/505/249
f 251/502/246 258/513/253 255/510/250
f 1367/380/1357 1359/514/1349 1356/515/1346 1352/516/1342
f 254/505/249 259/517/254 258/513/253
f 260/518/255 257/512/252 255/510/250
f 1129/519/1119 1128/520/1118 1132/521/1122 1130/522/1120
f 261/523/256 257/512/252 260/518/255
f 262/524/257 261/523/256 260/518/255
f 241/487/236 263/525/258 237/482/232
f 264/526/259 263/525/258 241/487/236
f 263/525/258 264/526/259 265/527/260
f 917/528/907 923/529/913 925/530/915 918/531/908
f 265/527/260 264/526/259 266/532/261
f 266/532/261 267/533/262 265/527/260
f 267/533/262 258/513/253 259/517/254
f 266/532/261 268/534/263 267/533/262
f 1104/535/1094 1101/398/1091 1099/536/1089 1102/537/1092
f 268/534/263 266/532/261 269/538/264
f 260/518/255 255/510/250 258/513/253 276/539/271
f 272/540/267 271/541/266 270/542/265
f 271/541/266 272/540/267 273/543/268
f 273/543/268 274/544/269 271/541/266
f 64/162/59 62/210/57 65/545/60 70/163/65
f 274/544/269 273/543/268 275/546/270
f 274/544/269 275/546/270 277/547/272
f 276/539/271 274/544/269 277/547/272
f 278/548/273 277/547/272 275/546/270
f 278/548/273 279/549/274 277/547/272
f 276/539/271 277/547/272 279/549/274
f 279/549/274 278/548/273 280/550/275
f 281/551/276 279/549/274 280/550/275
f 1126/552/1116 1127/553/1117 1130/522/1120 1135/554/1125
f 276/539/271 279/549/274 282/555/277
f 259/517/254 263/525/258 265/527/260 267/533/262
f 260/518/255 284/556/279 262/524/257
f 285/557/280 262/524/257 284/556/279
f 286/558/281 285/557/280 284/556/279
f 282/555/277 287/559/282 276/539/271
f 283/560/278 288/561/283 282/555/277
f 898/336/888 895/454/885 890/453/880 893/337/883
f 288/561/283 283/560/278 289/562/284
f 290/563/285 288/561/283 289/562/284
f 291/480/286 286/558/281 284/556/279
f 286/558/281 291/480/286 292/479/287
f 1228/564/1218 1227/565/1217 1231/566/1221 1230/567/1220
f 295/568/290 293/569/288 294/570/289
f 284/556/279 287/559/282 296/571/291
f 296/571/291 287/559/282 293/569/288
f 296/571/291 291/480/286 284/556/279
f 293/569/288 295/568/290 297/572/292
f 186/573/181 185/399/180 182/79/177 184/574/179
f 298/575/293 297/572/292 295/568/290
f 1418/576/1408 1415/577/1405 1419/578/1409 1420/579/1410
f 301/580/296 300/581/295 299/582/294
f 291/480/286 296/571/291 302/497/297
f 302/497/297 296/571/291 300/581/295
f 73/171/68 69/165/64 71/93/66 78/92/73
f 302/497/297 303/481/298 291/480/286
f 305/2/300 304/1/299 303/481/298
f 138/583/133 136/301/131 139/307/134 142/319/137
f 306/584/301 300/581/295 301/580/296
f 300/581/295 306/584/301 302/497/297
f 307/585/302 301/580/296 308/586/303
f 301/580/296 307/585/302 306/584/301
f 309/585/304 310/587/305 307/585/302
f 312/498/307 311/588/306 318/489/313 313/410/308
f 680/589/670 675/347/665 676/346/666 687/590/677
f 381/591/372 380/592/371 378/593/369 382/594/373
f 1546/595/1536 1544/596/1534 1500/597/1490 1499/154/1489
f 1461/598/1451 1456/599/1446 1446/600/1436 1462/601/1452
f 195/218/190 196/416/191 198/602/193 199/219/194
f 177/382/172 31/61/26 174/375/169 178/80/173
f 318/489/313 320/603/315 317/488/312
f 685/470/675 692/604/682 695/205/685 693/204/683
f 323/217/318 321/216/316 324/605/319
f 704/418/694 703/606/693 708/607/698 746/608/736
f 94/277/89 95/279/90 96/225/91 99/113/94
f 305/2/300 312/498/307 313/410/308 314/3/309
f 710/184/700 703/606/693 707/609/697 717/185/707
f 329/610/324 331/611/324 330/612/324
f 332/613/325 334/614/325 333/615/325
f 335/616/326 337/617/328 336/618/327
f 208/57/203 210/60/205 207/429/202 204/320/199
f 335/616/326 338/432/329 339/619/330
f 341/431/332 339/619/330 338/432/329
f 339/619/330 341/431/332 342/620/333
f 343/433/334 338/432/329 340/621/331
f 1611/622/1601 1621/623/1611 1619/624/1609 1610/625/1600
f 344/626/335 343/433/334 340/621/331
f 344/626/335 345/627/336 343/433/334
f 346/628/337 343/433/334 345/627/336
f 347/430/338 343/433/334 346/628/337
f 341/431/332 348/629/339 342/620/333
f 347/430/338 348/629/339 341/431/332
f 1149/630/1139 1146/631/1136 1148/632/1138 1152/633/1142
f 748/634/738 752/635/742 756/636/746 750/637/740
f 348/629/339 347/430/338 352/638/343
f 347/430/338 353/639/344 352/638/343
f 428/640/419 426/641/417 427/642/418 429/643/420
f 348/629/339 352/638/343 355/644/346
f 1096/645/1086 1067/646/1057 1093/647/1083 1098/648/1088
f 348/629/339 355/644/346 357/649/348
f 357/649/348 349/650/340 348/629/339
f 358/651/349 357/649/348 356/652/347
f 351/653/342 359/298/350 360/297/351
f 357/649/348 358/651/349 361/654/352
f 456/655/447 452/226/443 454/229/445 457/656/448
f 363/657/354 349/650/340 357/649/348
f 361/654/352 363/657/354 357/649/348
f 363/657/354 361/654/352 364/658/355
f 653/659/643 660/660/650 659/661/649 661/661/651
f 366/662/357 349/650/340 363/657/354
f 349/650/340 366/662/357 359/298/350
f 1056/663/1046 1053/664/1043 1057/665/1047 1060/666/1050
f 905/667/895 902/668/892 906/669/896 992/670/982
f 366/662/357 367/671/358 369/672/360
f 447/673/438 445/674/436 446/675/437 448/676/439
f 366/662/357 369/672/360 371/677/362
f 804/284/794 801/283/791 805/678/795 807/679/797
f 366/662/357 371/677/362 373/234/364
f 40/238/35 44/103/39 49/109/44 46/100/41
f 1083/680/1073 1125/681/1115 1123/682/1113 1082/683/1072
f 1223/684/1213 1225/685/1215 1222/686/1212 1220/687/1210
f 502/688/492 501/689/491 505/690/495 506/691/496
f 379/692/370 375/237/366 377/693/368
f 379/692/370 359/298/350 366/662/357
f 379/692/370 377/693/368 380/592/371
f 428/640/419 429/643/420 430/694/421 431/695/422
f 379/692/370 380/592/371 381/591/372
f 1589/696/1579 1197/22/1187 1141/25/1131 1199/697/1189
f 379/692/370 381/591/372 384/698/375
f 385/699/376 384/698/375 383/700/374
f 386/701/377 384/698/375 385/699/376
f 364/658/355 362/702/353 365/703/356 367/671/358
f 386/701/377 385/699/376 387/704/378
f 1431/705/1421 1434/305/1424 1436/304/1426 1437/706/1427
f 16/20/11 12/17/7 14/18/9 19/30/14
f 1576/707/1566 1569/708/1559 1568/709/1558 1572/710/1562
f 390/300/381 389/299/380 391/711/382
f 1040/712/1030 1038/713/1028 1170/714/1160 1172/715/1162
f 394/716/385 386/701/377 392/717/383
f 394/716/385 392/717/383 395/718/386
f 396/719/387 395/718/386 393/720/384
f 389/299/380 394/716/385 397/159/388
f 564/721/554 563/722/553 562/723/552 568/724/558
f 395/718/386 397/159/388 394/716/385
f 1036/725/1026 1167/117/1157 1170/714/1160 1038/713/1028
f 400/726/391 395/718/386 396/719/387
f 396/719/387 401/727/392 400/726/391
f 402/728/393 397/159/388 395/718/386
f 395/718/386 400/726/391 402/728/393
f 392/717/383 388/729/379 393/720/384 395/718/386
f 400/726/391 403/730/394 402/728/393
f 403/730/394 397/159/388 402/728/393
f 405/731/396 403/730/394 404/732/395
f 1011/247/1001 1007/733/997 989/190/979 1008/463/998
f 405/731/396 407/734/398 403/730/394
f 407/734/398 405/731/396 408/735/399
f 420/736/411 417/737/408 418/738/409 421/739/412
f 399/157/390 406/160/397 410/740/401
f 410/740/401 411/741/402 399/157/390
f 410/740/401 412/742/403 411/741/402
f 406/160/397 407/734/398 413/743/404
f 413/743/404 410/740/401 406/160/397
f 407/734/398 414/744/405 413/743/404
f 680/589/670 677/472/667 671/745/661 675/347/665
f 414/744/405 416/746/407 413/743/404
f 416/746/407 410/740/401 413/743/404
f 77/180/72 74/170/69 73/171/68 78/92/73
f 410/740/401 416/746/407 419/747/410
f 417/737/408 419/747/410 416/746/407
f 416/746/407 414/744/405 409/748/400 415/749/406
f 419/747/410 417/737/408 420/736/411
f 813/750/803 810/751/800 809/752/799 807/679/797
f 422/753/413 419/747/410 420/736/411
f 424/754/415 422/753/413 423/755/414
f 410/740/401 419/747/410 425/756/416
f 764/757/754 761/758/751 763/759/753 766/760/756
f 426/641/417 422/753/413 424/754/415
f 426/641/417 424/754/415 427/642/418
f 381/591/372 382/594/373 383/700/374 384/698/375
f 428/640/419 425/756/416 426/641/417
f 366/662/357 373/234/364 375/237/366 379/692/370
f 431/695/422 425/756/416 428/640/419
f 762/761/752 783/762/773 786/763/776 788/764/778
f 432/765/423 425/756/416 431/695/422
f 425/756/416 434/766/425 410/740/401
f 432/765/423 434/766/425 425/756/416
f 434/766/425 412/742/403 410/740/401
f 434/766/425 435/767/426 412/742/403
f 434/766/425 436/768/427 435/767/426
f 944/769/934 947/208/937 949/770/939 952/771/942
f 437/772/428 434/766/425 432/765/423
f 1590/773/1580 1589/696/1579 1199/697/1189 1591/774/1581
f 440/775/431 439/776/430 441/777/432
f 630/778/620 629/779/619 634/780/624 636/781/626
f 437/772/428 444/782/435 434/766/425
f 444/782/435 437/772/428 442/783/433
f 439/776/430 434/766/425 444/782/435
f 984/784/974 979/785/969 980/786/970 986/188/976
f 445/674/436 444/782/435 442/783/433
f 447/673/438 444/782/435 445/674/436
f 1133/787/1123 1090/788/1080 1136/789/1126 1207/790/1197
f 447/673/438 439/776/430 444/782/435
f 116/173/111 111/248/106 115/257/110 135/296/130
f 449/227/440 439/776/430 447/673/438
f 977/791/967 970/792/960 971/125/961 983/124/973
f 523/793/513 520/794/510 529/795/519 530/796/520
f 449/227/440 455/797/446 439/776/430
f 455/797/446 449/227/440 452/226/443
f 451/798/442 439/776/430 455/797/446
f 783/762/773 784/799/774 787/800/777 786/763/776
f 456/655/447 455/797/446 452/226/443
f 455/797/446 456/655/447 458/801/449
f 458/801/449 456/655/447 457/656/448
f 1602/802/1592 1604/803/1594 1612/804/1602 1613/805/1603
f 458/801/449 457/656/448 459/806/450
f 451/798/442 460/807/451 453/309/444
f 355/644/346 354/808/345 356/652/347 357/649/348
f 461/809/452 460/807/451 458/801/449
f 1581/810/1571 1577/811/1567 1585/812/1575 1587/813/1577
f 460/807/451 461/809/452 463/814/454
f 464/815/455 465/816/456 463/814/454
f 465/816/456 460/807/451 463/814/454
f 460/807/451 466/310/457 453/309/444
f 465/816/456 467/817/458 460/807/451
f 466/310/457 460/807/451 467/817/458
f 465/816/456 468/818/459 467/817/458
f 467/817/458 468/818/459 469/819/460
f 470/820/461 467/817/458 469/819/460
f 471/821/462 467/817/458 470/820/461
f 483/822/473 480/823/470 484/824/474 485/825/475
f 145/325/140 143/318/138 139/307/134 144/308/139
f 471/821/462 474/826/465 472/311/463
f 473/312/464 472/311/463 474/826/465
f 1557/827/1547 1559/828/1549 1562/47/1552 1560/46/1550
f 474/826/465 476/829/467 473/312/464
f 1262/830/1252 1258/831/1248 1255/152/1245 1265/151/1255
f 506/691/496 505/690/495 508/832/498 509/833/499
f 483/822/473 479/834/469 480/823/470
f 657/835/647 652/230/642 661/661/651 659/661/649
f 481/836/471 485/825/475 484/824/474
f 481/836/471 486/614/476 485/825/475
f 487/613/477 485/825/475 486/614/476
f 479/834/469 483/822/473 488/837/478
f 479/834/469 488/837/478 489/838/479
f 488/837/478 490/839/480 489/838/479
f 491/840/481 488/837/478 483/822/473
f 485/825/475 491/840/481 483/822/473
f 1132/521/1122 1128/520/1118 1131/841/1121 1134/842/1124
f 488/837/478 491/840/481 492/843/482
f 493/844/483 492/843/482 494/845/484
f 531/333/521 527/846/517 532/847/522 533/848/523
f 1281/178/1271 1276/849/1266 1280/850/1270 1286/851/1276
f 485/825/475 496/852/486 491/840/481
f 1009/853/999 1007/733/997 1011/247/1001 1019/246/1009
f 1295/484/1285 1325/854/1315 1377/855/1367 1379/12/1369
f 496/852/486 485/825/475 499/856/489
f 487/613/477 499/856/489 485/825/475
f 499/856/489 500/857/490 496/852/486
f 500/857/490 501/689/491 497/858/487
f 498/859/488 501/689/491 502/688/492
f 500/857/490 499/856/489 503/860/493
f 1476/861/1466 1475/862/1465 1477/863/1467 1479/864/1469
f 501/689/491 500/857/490 503/860/493
f 432/765/423 431/695/422 430/694/421 433/865/424
f 503/860/493 505/690/495 501/689/491
f 1374/866/1364 1359/514/1349 1367/380/1357 1372/867/1362
f 637/868/627 631/869/621 636/781/626 640/870/630
f 1617/871/1607 1608/872/1598 1619/624/1609 1620/873/1610
f 187/874/182 181/387/176 185/399/180 186/573/181
f 391/711/382 389/299/380 397/159/388 398/158/389
f 916/875/906 910/876/900 913/877/903 918/531/908
f 628/878/618 627/879/617 626/880/616 630/778/620
f 513/191/503 514/881/504 511/882/501
f 623/883/613 621/884/611 626/880/616 627/879/617
f 513/191/503 517/885/507 514/881/504
f 516/886/506 517/885/507 518/887/508
f 1233/888/1223 1231/566/1221 1227/565/1217 1232/889/1222
f 557/890/547 556/891/546 559/892/549 560/893/550
f 1116/894/1106 1095/895/1085 1119/896/1109 1120/897/1110
f 521/898/511 520/794/510 523/793/513
f 524/899/514 519/194/509 510/193/500
f 510/193/500 525/615/515 524/899/514
f 524/899/514 526/332/516 519/194/509
f 526/332/516 524/899/514 527/846/517
f 520/794/510 522/331/512 528/330/518
f 1598/900/1588 785/901/775 1595/902/1585 1597/903/1587
f 616/904/606 613/905/603 615/906/605 618/907/608
f 528/330/518 529/795/519 520/794/510
f 527/846/517 531/333/521 526/332/516
f 861/908/851 858/909/848 857/910/847 860/911/850
f 531/333/521 533/848/523 528/330/518
f 615/906/605 612/912/602 608/913/598 614/914/604
f 613/905/603 610/915/600 612/912/602 615/906/605
f 1554/916/1544 1553/917/1543 1550/918/1540 1552/919/1542
f 610/915/600 607/70/597 609/73/599 612/912/602
f 609/73/599 602/920/592 608/913/598 612/912/602
f 930/921/920 928/494/918 831/922/821 932/923/922
f 536/924/526 540/368/530 537/367/527
f 864/925/854 860/911/850 866/926/856 870/927/860
f 536/924/526 542/928/532 540/368/530
f 603/929/593 600/930/590 599/931/589 602/920/592
f 744/28/734 743/932/733 739/933/729 736/934/726
f 1427/935/1417 1426/936/1416 1423/937/1413 1425/938/1415
f 539/939/529 548/847/538 547/939/537
f 578/105/568 576/940/566 575/941/565 580/106/570
f 120/90/115 121/942/116 122/943/117 125/87/120
f 547/939/537 551/944/541 539/939/529
f 551/944/541 547/939/537 552/945/542
f 1171/946/1161 1173/947/1163 1175/948/1165 1177/949/1167
f 555/950/545 553/951/543 549/952/539
f 590/953/580 587/954/577 591/955/581 599/931/589
f 589/956/579 586/957/576 588/958/578 593/959/583
f 555/950/545 556/891/546 553/951/543
f 552/945/542 558/960/548 551/944/541
f 586/957/576 583/961/573 585/962/575 588/958/578
f 588/958/578 585/962/575 584/963/574 590/953/580
f 584/963/574 574/964/564 587/954/577 590/953/580
f 1349/965/1339 1351/966/1341 1362/967/1352 1365/381/1355
f 1367/380/1357 1352/516/1342 1350/968/1340 1365/381/1355
f 102/111/97 103/51/98 104/50/99 110/249/105
f 552/945/542 565/969/555 558/960/548
f 565/969/555 552/945/542 566/970/556
f 565/969/555 567/971/557 561/972/551
f 568/724/558 562/723/552 567/971/557
f 566/970/556 569/973/559 565/969/555
f 565/969/555 569/973/559 567/971/557
f 566/970/556 570/974/560 569/973/559
f 1180/975/1170 1173/947/1163 1178/976/1168 1182/977/1172
f 567/971/557 571/978/561 568/724/558
f 571/978/561 573/979/563 572/980/562
f 569/973/559 570/974/560 574/964/564
f 573/979/563 571/978/561 575/941/565
f 1497/981/1487 1496/982/1486 1500/597/1490 1501/983/1491
f 573/979/563 575/941/565 576/940/566
f 577/984/567 574/964/564 570/974/560
f 824/985/814 820/986/810 793/987/783 822/988/812
f 569/973/559 579/989/569 567/971/557
f 579/989/569 569/973/559 574/964/564
f 579/989/569 580/106/570 575/941/565
f 684/473/674 687/590/677 691/990/681 692/604/682
f 580/106/570 579/989/569 581/107/571
f 560/893/550 559/892/549 562/723/552 563/722/553
f 579/989/569 574/964/564 584/963/574
f 562/723/552 559/892/549 561/972/551 567/971/557
f 1573/991/1563 779/992/769 775/223/765 780/993/770
f 1253/994/1243 1248/441/1238 1250/444/1240 1552/919/1542
f 574/964/564 577/984/567 587/954/577
f 823/995/813 820/986/810 824/985/814 827/996/817
f 542/928/532 536/924/526 544/997/534 545/998/535
f 587/954/577 577/984/567 591/955/581
f 1093/647/1083 1092/213/1082 1094/212/1084 1098/648/1088
f 592/999/582 591/955/581 577/984/567
f 590/953/580 593/959/583 588/958/578
f 550/1000/540 549/952/539 553/951/543 554/1001/544
f 591/955/581 592/999/582 595/999/585
f 596/1002/586 595/999/585 592/999/582
f 590/953/580 597/1003/587 593/959/583
f 546/1004/536 545/998/535 549/952/539 550/1000/540
f 549/952/539 545/998/535 544/997/534 555/950/545
f 544/997/534 536/924/526 539/939/529 551/944/541
f 543/1005/533 542/928/532 545/998/535 546/1004/536
f 1172/715/1162 1170/714/1160 1171/946/1161 1177/949/1167
f 541/369/531 540/368/530 542/928/532 543/1005/533
f 536/924/526 533/848/523 532/847/522 539/939/529
f 602/920/592 606/72/596 603/929/593
f 166/359/161 164/357/159 165/358/160 167/360/162
f 602/920/592 609/73/599 606/72/596
f 927/1006/917 968/496/958 970/792/960 972/1007/962
f 1506/1008/1496 1495/1009/1485 1502/137/1492 1509/140/1499
f 739/933/729 708/607/698 710/184/700 732/183/722
f 1624/1010/1614 1623/1011/1613 1620/873/1610 1621/623/1611
f 908/1012/898 900/334/890 894/1013/884 897/1014/887
f 1031/130/1021 1029/129/1019 1010/465/1000 1012/123/1002
f 1079/1015/1069 1076/402/1066 1074/403/1064 1080/1016/1070
f 614/914/604 618/907/608 615/906/605
f 616/904/606 618/907/608 619/1017/609
f 997/1018/987 903/1019/893 905/667/895 995/1020/985
f 1328/1021/1318 1374/866/1364 1372/867/1362 1375/1022/1365
f 623/883/613 622/1023/612 621/884/611
f 1495/1009/1485 1492/1024/1482 1494/1025/1484 1502/137/1492
f 617/1026/607 625/1027/615 624/1028/614
f 950/1029/940 946/209/936 945/1030/935 953/1031/943
f 1314/1032/1304 1311/1033/1301 1312/1034/1302 1315/1035/1305
f 709/1036/699 679/1037/669 711/1038/701 714/1039/704
f 629/779/619 630/778/620 626/880/616
f 509/833/499 508/832/498 511/882/501 512/1040/502
f 624/1028/614 625/1027/615 632/1041/622
f 65/545/60 69/165/64 73/171/68 70/163/65
f 633/612/623 632/1041/622 625/1027/615
f 511/882/501 508/832/498 507/192/497 513/191/503
f 982/1042/972 984/784/974 987/1043/977 990/1044/980
f 496/852/486 494/845/484 492/843/482 491/840/481
f 508/832/498 505/690/495 503/860/493 507/192/497
f 639/611/629 638/1045/628 635/612/625
f 189/408/184 16/20/11 181/387/176 190/1046/185
f 638/1045/628 639/611/629 642/233/632
f 643/610/633 642/233/632 639/611/629
f 638/1045/628 644/1047/634 640/870/630
f 641/1048/631 644/1047/634 645/1049/635
f 645/1049/635 644/1047/634 646/1050/636
f 647/232/637 644/1047/634 638/1045/628
f 642/233/632 647/232/637 638/1045/628
f 1314/1032/1304 1315/1035/1305 1317/1051/1307 1358/1052/1348
f 1539/1053/1529 1540/1054/1530 1538/1055/1528 1536/198/1526
f 1029/129/1019 1027/244/1017 1011/247/1001 1008/463/998
f 903/1019/893 899/1056/889 902/668/892 905/667/895
f 642/233/632 643/610/633 652/230/642
f 653/659/643 652/230/642 643/610/633
f 648/1057/638 651/231/641 654/1058/644
f 259/517/254 254/505/249 237/482/232 263/525/258
f 657/835/647 654/1058/644 651/231/641
f 657/835/647 656/1059/646 654/1058/644
f 651/231/641 652/230/642 657/835/647
f 658/1060/648 656/1059/646 659/661/649
f 656/1059/646 657/835/647 659/661/649
f 759/268/749 758/271/748 762/761/752 788/764/778
f 1093/647/1083 1067/646/1057 1060/666/1050 1068/1061/1058
f 652/230/642 653/659/643 661/661/651
f 662/1062/652 664/1063/654 663/1064/653
f 664/1063/654 662/1062/652 665/421/655
f 665/421/655 662/1062/652 666/422/656
f 742/1065/732 735/1066/725 734/1067/724 738/1068/728
f 700/1069/690 698/206/688 705/420/695 751/1070/741
f 668/344/658 666/422/656 669/1071/659
f 668/344/658 669/1071/659 670/1072/660
f 670/1072/660 672/345/662 668/344/658
f 672/345/662 670/1072/660 673/1073/663
f 1616/1074/1606 1617/871/1607 1620/873/1610 1622/1075/1612
f 675/347/665 671/745/661 665/421/655
f 861/908/851 860/911/850 864/925/854 865/1076/855
f 677/472/667 667/1077/657 671/745/661
f 751/1070/741 800/281/790 804/284/794 806/1078/796
f 1383/14/1373 1380/13/1370 1384/1079/1374 1391/1080/1381
f 1108/1081/1098 1105/1082/1095 1094/212/1084 1115/215/1105
f 856/1083/846 855/1084/845 851/1085/841 849/1086/839
f 683/1087/673 682/1088/672 681/471/671
f 677/472/667 680/589/670 684/473/674
f 1333/1089/1323 1329/1090/1319 1330/1091/1320 1334/1092/1324
f 681/471/671 685/470/675 683/1087/673
f 1478/1093/1468 1471/1094/1461 1472/1095/1462 1476/861/1466
f 687/590/677 684/473/674 680/589/670
f 1543/1096/1533 1545/1097/1535 1547/265/1537 1542/264/1532
f 555/950/545 544/997/534 551/944/541 558/960/548
f 1241/383/1231 1242/448/1232 1244/1098/1234 1254/384/1244
f 89/203/84 93/150/88 109/174/104 164/357/159
f 1580/1099/1570 1579/1100/1569 1577/811/1567 1581/810/1571
f 684/473/674 692/604/682 685/470/675
f 693/204/683 694/1101/684 686/1102/676
f 60/4/55 61/141/56 59/136/54 55/5/50
f 1507/1103/1497 1506/1008/1496 1510/197/1500 1512/196/1502
f 1439/1104/1429 1436/304/1426 1443/303/1433 1446/600/1436
f 893/337/883 887/1105/877 894/1013/884 900/334/890
f 698/206/688 695/205/685 697/417/687
f 1311/1033/1301 1310/314/1300 1308/1106/1298 1312/1034/1302
f 698/206/688 700/1069/690 699/207/689
f 691/990/681 702/1107/692 697/417/687
f 517/885/507 513/191/503 522/331/512 520/794/510
f 1414/1108/1404 1412/1109/1402 1407/1110/1397 1413/1111/1403
f 704/418/694 697/417/687 702/1107/692
f 705/420/695 698/206/688 697/417/687
f 28/274/23 29/276/24 30/67/25 33/69/28
f 1257/385/1247 1258/831/1248 1260/1112/1250 1261/1113/1251
f 1399/1114/1389 1398/1115/1388 1026/1116/1016 1401/1117/1391
f 1048/456/1038 1045/1118/1035 1047/1119/1037 1051/1120/1041
f 1358/1052/1348 1316/1121/1306 1311/1033/1301 1314/1032/1304
f 708/607/698 703/606/693 710/184/700
f 379/692/370 384/698/375 386/701/377 394/716/385
f 679/1037/669 712/1122/702 711/1038/701
f 922/1123/912 920/1124/910 919/1125/909 921/1126/911
f 1465/1127/1455 1461/598/1451 1468/1128/1458 1511/1129/1501
f 1218/1130/1208 1216/1131/1206 1210/425/1200 1196/428/1186
f 1530/1132/1520 1526/1133/1516 1531/1134/1521 1534/1135/1524
f 819/1136/809 825/1137/815 829/1138/819 830/1139/820
f 678/1140/668 674/1141/664 679/1037/669 709/1036/699
f 945/1030/935 943/1142/933 792/1143/782 948/1144/938
f 714/1039/704 720/1145/710 721/1146/711
f 614/914/604 611/1147/601 617/1026/607 620/1148/610
f 1268/1149/1258 1264/1150/1254 1269/1151/1259 1272/1152/1262
f 1002/1153/992 999/1154/989 997/1018/987 998/1155/988
f 706/419/696 747/1156/737 749/1157/739 705/420/695
f 763/759/753 745/29/735 742/1065/732 765/1158/755
f 721/1146/711 726/1159/716 728/1160/718
f 117/267/112 112/256/107 113/1161/108 118/1162/113
f 984/784/974 982/1042/972 931/1163/921 979/785/969
f 1004/1164/994 1002/1153/992 998/1155/988 996/1165/986
f 812/1166/802 811/1167/801 810/751/800 813/750/803
f 1195/23/1185 1192/338/1182 1147/1168/1137 1145/24/1135
f 1026/1116/1016 1024/142/1014 1019/246/1009 1025/245/1015
f 24/43/19 23/37/18 21/1169/16 25/275/20
f 1568/709/1558 1562/47/1552 1559/828/1549 1561/1170/1551
f 801/283/791 799/1171/789 803/252/793 805/678/795
f 874/1172/864 871/1173/861 876/1174/866 879/1175/869
f 736/934/726 739/933/729 732/183/722
f 575/941/565 571/978/561 567/971/557 579/989/569
f 1006/1176/996 1004/1164/994 996/1165/986 1005/1177/995
f 1376/1178/1366 1371/379/1361 1370/378/1360 1373/1179/1363
f 743/932/733 741/1180/731 739/933/729
f 744/28/734 736/934/726 740/1181/730
f 745/29/735 744/28/734 740/1181/730
f 706/419/696 704/418/694 746/608/736
f 1276/849/1266 1238/1182/1228 1274/1183/1264 1280/850/1270
f 1317/1051/1307 1331/38/1321 1335/1184/1325 1358/1052/1348
f 741/1180/731 748/634/738 747/1156/737
f 909/1185/899 855/1084/845 856/1083/846 911/1186/901
f 911/1186/901 856/1083/846 912/1187/902 914/1188/904
f 751/1070/741 705/420/695 749/1157/739
f 856/1083/846 849/1086/839 850/1189/840 912/1187/902
f 743/932/733 744/28/734 753/27/743
f 743/932/733 753/27/743 752/635/742
f 517/885/507 516/886/506 515/1190/505 514/881/504
f 1430/1191/1420 1425/938/1415 1417/1192/1407 1409/1193/1399
f 753/27/743 754/26/744 755/270/745
f 287/559/282 282/555/277 288/561/283 293/569/288
f 827/996/817 824/985/814 826/1194/816 937/133/927
f 973/1195/963 972/1007/962 974/1196/964 976/1197/966
f 1346/1198/1336 1342/1199/1332 1343/1200/1333 1347/1201/1337
f 979/785/969 975/1202/965 976/1197/966 980/786/970
f 990/1044/980 987/1043/977 991/1203/981 994/1204/984
f 49/109/44 47/102/42 50/110/45 54/122/49
f 761/758/751 762/761/752 758/271/748
f 1009/853/999 1006/1176/996 1005/1177/995 1007/733/997
f 1126/552/1116 1119/896/1109 1123/682/1113 1127/553/1117
f 1249/1205/1239 1628/1206/1618 1626/1207/1616 1251/1208/1241
f 917/528/907 915/1209/905 920/1124/910 923/529/913
f 1574/1210/1564 1570/1211/1560 1567/1212/1557 1569/708/1559
f 708/607/698 739/933/729 741/1180/731 746/608/736
f 1440/1213/1430 1437/706/1427 1436/304/1426 1439/1104/1429
f 65/545/60 66/1214/61 67/164/62 69/165/64
f 769/1215/759 770/222/760 767/1216/757
f 1302/1217/1292 1298/1218/1288 1301/1219/1291 1304/1220/1294
f 1322/413/1312 1297/1221/1287 1294/1222/1284 1299/412/1289
f 1381/1223/1371 1382/1224/1372 1385/1225/1375 1384/1079/1374
f 833/1226/823 830/1139/820 834/1227/824 838/1228/828
f 922/1123/912 924/493/914 927/1006/917 926/1229/916
f 774/220/764 766/760/756 768/221/758
f 1498/1230/1488 1493/1231/1483 1497/981/1487 1501/983/1491
f 777/1232/767 766/760/756 774/220/764
f 79/91/74 80/32/75 81/31/76 85/155/80
f 377/693/368 376/1233/367 378/593/369 380/592/371
f 780/993/770 775/223/765 778/1234/768
f 792/1143/782 826/1194/816 824/985/814 822/988/812
f 789/1235/779 787/800/777 792/1143/782 822/988/812
f 880/1236/870 879/1175/869 881/1237/871 882/1238/872
f 764/757/754 781/1239/771 783/762/773
f 784/799/774 781/1239/771 777/1232/767
f 781/1239/771 784/799/774 783/762/773
f 785/901/775 777/1232/767 779/992/769
f 970/792/960 968/496/958 963/1240/953 971/125/961
f 1571/1241/1561 1570/1211/1560 1577/811/1567 1579/1100/1569
f 740/1181/730 736/934/726 733/1242/723 735/1066/725
f 787/800/777 789/1235/779 786/763/776
f 747/1156/737 748/634/738 750/637/740 749/1157/739
f 135/296/130 123/280/118 132/292/127 159/352/154
f 736/934/726 732/183/722 723/186/713 733/1242/723
f 461/809/452 458/801/449 459/806/450 462/1243/453
f 790/1244/780 792/1143/782 787/800/777
f 794/1245/784 788/764/778 793/987/783
f 775/223/765 770/222/760 772/1246/762 778/1234/768
f 1493/1231/1483 1489/1247/1479 1491/1248/1481 1497/981/1487
f 723/186/713 721/1146/711 728/1160/718 733/1242/723
f 110/249/105 104/50/99 108/255/103 114/254/109
f 912/1187/902 850/1189/840 852/1249/842 915/1209/905
f 797/1250/787 799/1171/789 795/1251/785
f 725/1252/715 718/1253/708 722/1254/712 727/1255/717
f 850/1189/840 846/1256/836 847/1257/837 852/1249/842
f 1401/1117/1391 1026/1116/1016 1025/245/1015 1028/400/1018
f 992/670/982 982/1042/972 990/1044/980 993/1258/983
f 1202/1259/1192 1182/977/1172 1186/1260/1176 1200/1261/1190
f 1211/1262/1201 1208/426/1198 1210/425/1200 1212/1263/1202
f 883/1264/873 881/1237/871 879/1175/869 876/1174/866
f 806/1078/796 700/1069/690 751/1070/741
f 1351/966/1341 1346/1198/1336 1347/1201/1337 1348/1265/1338
f 837/1266/827 836/1267/826 839/168/829 840/167/830
f 1003/1268/993 1004/1164/994 1006/1176/996 1013/85/1003
f 809/752/799 700/1069/690 806/1078/796
f 1293/1269/1283 1297/1221/1287 1325/854/1315 1295/484/1285
f 811/1167/801 701/1270/691 810/751/800
f 1482/1271/1472 1480/1272/1470 1483/1273/1473 1485/1274/1475
f 407/734/398 406/160/397 397/159/388 403/730/394
f 805/678/795 803/252/793 808/251/798 815/1275/805
f 1479/864/1469 1477/863/1467 1480/1272/1470 1482/1271/1472
f 816/1276/806 819/1136/809 830/1139/820 833/1226/823
f 872/1277/862 871/1173/861 874/1172/864 875/1278/865
f 1353/1279/1343 1351/966/1341 1348/1265/1338 1354/1280/1344
f 1285/176/1275 1287/179/1277 1393/1281/1383 1394/94/1384
f 734/1067/724 729/1282/719 737/1283/727 738/1068/728
f 203/1284/198 198/602/193 200/423/195 207/429/202
f 793/987/783 789/1235/779 822/988/812
f 823/995/813 821/1285/811 818/1286/808
f 1274/1183/1264 1240/1287/1230 1273/1288/1263 1279/1289/1269
f 507/192/497 503/860/493 504/615/494 510/193/500
f 1607/1290/1597 1605/1291/1595 1608/872/1598 1617/871/1607
f 934/1292/924 930/921/920 932/923/922 936/273/926
f 932/923/922 831/922/821 828/1293/818 935/1294/925
f 819/1136/809 817/250/807 821/1285/811 825/1137/815
f 1113/1295/1103 1124/435/1114 1142/434/1132 1144/1296/1134
f 875/1278/865 874/1172/864 877/1297/867 878/1298/868
f 771/1299/761 731/1300/721 730/1301/720 773/1302/763
f 829/1138/819 831/922/821 832/1303/822
f 1389/1304/1379 1385/1225/1375 1387/1305/1377 1390/1306/1380
f 1467/146/1457 1516/288/1506 1517/287/1507 1457/143/1447
f 1380/13/1370 1378/1307/1368 1381/1223/1371 1384/1079/1374
f 782/1308/772 724/1309/714 1524/1310/1514 1528/1311/1518
f 724/1309/714 1521/1312/1511 1523/1313/1513 1524/1310/1514
f 1324/1314/1314 1327/1315/1317 1326/1316/1316 1329/1090/1319
f 994/1204/984 991/1203/981 996/1165/986 998/1155/988
f 847/1257/837 842/1317/832 838/1228/828 848/1318/838
f 844/169/834 839/168/829 843/1319/833
f 921/1126/911 848/1318/838 838/1228/828 834/1227/824
f 1391/1080/1381 1384/1079/1374 1385/1225/1375 1389/1304/1379
f 564/721/554 568/724/558 571/978/561 572/980/562
f 807/679/797 805/678/795 815/1275/805 813/750/803
f 1496/982/1486 1491/1248/1481 1488/1320/1478 1267/1321/1257
f 735/1066/725 733/1242/723 728/1160/718 734/1067/724
f 849/1086/839 846/1256/836 850/1189/840
f 851/1085/841 844/169/834 849/1086/839
f 1379/12/1369 1377/855/1367 1378/1307/1368 1380/13/1370
f 701/1270/691 696/1322/686 699/207/689 700/1069/690
f 138/583/133 131/290/126 133/294/128 136/301/131
f 1221/1323/1211 1217/449/1207 1242/448/1232 1241/383/1231
f 944/769/934 940/272/930 941/131/931 947/208/937
f 720/1145/710 715/1324/705 718/1253/708 725/1252/715
f 690/1325/680 687/590/677 688/1326/678 689/1327/679
f 853/1328/843 862/1329/852 857/910/847
f 862/1329/852 853/1328/843 859/1330/849
f 1166/1331/1156 1036/725/1026 1033/127/1023 1035/1332/1025
f 1233/888/1223 1236/1333/1226 1238/1182/1228 1235/1334/1225
f 863/1335/853 866/926/856 860/911/850
f 1280/850/1270 1274/1183/1264 1279/1289/1269 1288/1336/1278
f 863/1335/853 862/1329/852 867/1337/857
f 867/1337/857 866/926/856 863/1335/853
f 865/1076/855 864/925/854 868/1338/858
f 868/1338/858 869/1339/859 865/1076/855
f 868/1338/858 864/925/854 870/927/860
f 868/1338/858 871/1173/861 869/1339/859
f 1386/1340/1376 1369/1341/1359 1364/1342/1354 1368/1343/1358
f 869/1339/859 871/1173/861 872/1277/862
f 873/1344/863 870/927/860 866/926/856
f 867/1337/857 873/1344/863 866/926/856
f 1485/1274/1475 1483/1273/1473 1269/1151/1259 1270/1345/1260
f 1186/1260/1176 1189/1346/1179 1198/427/1188 1200/1261/1190
f 1515/195/1505 1533/1347/1523 1531/1134/1521 1518/289/1508
f 816/1276/806 808/251/798 817/250/807 819/1136/809
f 1363/1348/1353 1360/1349/1350 1020/1350/1010 1366/1351/1356
f 715/1324/705 713/1352/703 716/1353/706 718/1253/708
f 445/674/436 442/783/433 443/1354/434 446/675/437
f 884/1355/874 882/1238/872 881/1237/871
f 882/1238/872 884/1355/874 885/1356/875
f 854/1357/844 853/1328/843 857/910/847 858/909/848
f 91/182/86 86/156/81 83/1358/78 92/278/87
f 1544/596/1534 1545/1097/1535 1543/1096/1533 1541/1359/1531
f 631/869/621 628/878/618 630/778/620 636/781/626
f 886/1360/876 888/1361/878 884/1355/874
f 1264/1150/1254 1261/1113/1251 1260/1112/1250 1266/1362/1256
f 890/453/880 888/1361/878 886/1360/876
f 1445/1363/1435 1443/303/1433 1438/306/1428 1444/1364/1434
f 479/834/469 478/1365/468 477/1366/468 480/823/470
f 1310/314/1300 1311/1033/1301 1316/1121/1306 1313/315/1303
f 407/734/398 408/735/399 409/748/400 414/744/405
f 867/1337/857 897/1014/887 894/1013/884
f 115/257/110 114/254/109 119/266/114 123/280/118
f 746/608/736 741/1180/731 747/1156/737 706/419/696
f 120/90/115 117/267/112 118/1162/113 121/942/116
f 282/555/277 279/549/274 281/551/276 283/560/278
f 620/1148/610 621/884/611 618/907/608 614/914/604
f 901/335/891 902/668/892 898/336/888
f 1390/1306/1380 1388/1367/1378 1366/1351/1356 1023/1368/1013
f 1095/895/1085 1084/1369/1074 1097/1370/1087 1119/896/1109
f 181/387/176 187/874/182 188/1371/183 190/1046/185
f 1288/1336/1278 1279/1289/1269 1289/1372/1279 1291/483/1281
f 765/1158/755 742/1065/732 738/1068/728 767/1216/757
f 921/1126/911 835/1373/825 924/493/914 922/1123/912
f 859/1330/849 855/1084/845 909/1185/899
f 761/758/751 754/26/744 745/29/735 763/759/753
f 908/1012/898 910/876/900 907/1374/897
f 583/961/573 582/108/572 581/107/571 585/962/575
f 490/839/480 488/837/478 492/843/482 493/844/483
f 367/671/358 365/703/356 368/1375/359 369/672/360
f 1565/1376/1555 1532/1377/1522 1563/45/1553 1566/1378/1556
f 1413/1111/1403 1407/1110/1397 1409/1193/1399 1417/1192/1407
f 791/1379/781 794/1245/784 796/1380/786 797/1250/787
f 629/779/619 624/1028/614 632/1041/622 634/780/624
f 1344/1381/1334 1340/508/1330 1337/1382/1327 1342/1199/1332
f 1204/1383/1194 1202/1259/1192 1200/1261/1190 1206/1384/1196
f 772/1246/762 771/1299/761 773/1302/763 776/1385/766
f 848/1318/838 921/1126/911 919/1125/909
f 795/1251/785 760/1386/750 791/1379/781 797/1250/787
f 1395/96/1385 1390/1306/1380 1023/1368/1013 1022/83/1012
f 1240/1287/1230 1238/1182/1228 1236/1333/1226 1239/386/1229
f 1541/1359/1531 1539/1053/1529 1509/140/1499 1508/139/1498
f 926/1229/916 925/530/915 923/529/913
f 55/5/50 50/110/45 48/104/43 56/6/51
f 928/494/918 924/493/914 835/1373/825
f 925/530/915 929/1387/919 918/531/908
f 929/1387/919 916/875/906 918/531/908
f 1286/851/1276 1292/11/1282 1383/14/1373 1287/179/1277
f 931/1163/921 916/875/906 929/1387/919
f 871/1173/861 868/1338/858 870/927/860 876/1174/866
f 928/494/918 930/921/920 933/495/923
f 906/669/896 907/1374/897 910/876/900 916/875/906
f 1220/687/1210 1204/1383/1194 1213/1388/1203 1223/684/1213
f 707/609/697 709/1036/699 714/1039/704 717/185/707
f 1487/1389/1477 1484/1390/1474 1486/1391/1476 1489/1247/1479
f 936/273/926 932/923/922 935/1294/925 938/132/928
f 883/1264/873 873/1344/863 887/1105/877 886/1360/876
f 189/408/184 190/1046/185 193/415/188 192/9/187
f 119/266/114 117/267/112 120/90/115 124/89/119
f 184/574/179 182/79/177 180/82/175 183/1392/178
f 826/1194/816 792/1143/782 943/1142/933
f 61/141/56 60/4/55 62/210/57 64/162/59
f 974/1196/964 972/1007/962 970/792/960 977/791/967
f 667/1077/657 677/472/667 681/471/671 682/1088/672
f 830/1139/820 829/1138/819 832/1303/822 834/1227/824
f 800/281/790 751/1070/741 749/1157/739 750/637/740
f 325/1393/320 250/1394/245 246/65/241 328/64/323
f 925/530/915 973/1195/963 975/1202/965 929/1387/919
f 375/237/366 374/236/365 376/1233/367 377/693/368
f 1137/1395/1127 1126/552/1116 1135/554/1125 1139/1396/1129
f 945/1030/935 948/1144/938 951/1397/941
f 951/1397/941 953/1031/943 945/1030/935
f 944/769/934 952/771/942 954/326/944
f 956/1398/946 954/326/944 952/771/942
f 957/202/947 939/201/929 955/326/945
f 958/327/948 954/326/944 956/1398/946
f 276/539/271 258/513/253 271/541/266 274/544/269
f 959/1399/949 952/771/942 949/770/939
f 959/1399/949 956/1398/946 952/771/942
f 950/1029/940 959/1399/949 949/770/939
f 1509/140/1499 1539/1053/1529 1536/198/1526 1510/197/1500
f 939/201/929 960/200/950 934/1292/924
f 961/328/951 962/199/952 957/202/947
f 641/1048/631 637/868/627 640/870/630 644/1047/634
f 964/1400/954 961/328/951 958/327/948
f 956/1398/946 964/1400/954 958/327/948
f 1087/1401/1077 1077/1402/1067 951/1397/941 948/1144/938
f 363/657/354 364/658/355 367/671/358 366/662/357
f 960/200/950 966/1403/956 963/1240/953
f 965/1404/955 964/1400/954 967/1405/957
f 924/493/914 968/496/958 927/1006/917
f 1608/872/1598 1606/1406/1596 1610/625/1600 1619/624/1609
f 1143/437/1133 1140/436/1130 1137/1395/1127 1139/1396/1129
f 284/556/279 260/518/255 276/539/271 287/559/282
f 556/891/546 555/950/545 561/972/551 559/892/549
f 926/1229/916 927/1006/917 972/1007/962
f 1460/145/1450 1452/144/1442 1447/1407/1437 1456/599/1446
f 846/1256/836 843/1319/833 842/1317/832 847/1257/837
f 31/61/26 37/75/32 52/116/47 174/375/169
f 1219/258/1209 1194/261/1184 1585/812/1575 1582/1408/1572
f 1337/1382/1327 1338/1409/1328 1339/1410/1329 1342/1199/1332
f 976/1197/966 975/1202/965 973/1195/963
f 598/1411/588 594/1412/584 597/1003/587 600/930/590
f 1283/177/1273 1235/1334/1225 1276/849/1266 1281/178/1271
f 978/1413/968 974/1196/964 977/791/967
f 125/87/120 122/943/117 126/1414/121 128/285/123
f 853/1328/843 851/1085/841 855/1084/845 859/1330/849
f 767/1216/757 738/1068/728 737/1283/727 769/1215/759
f 745/29/735 740/1181/730 735/1066/725 742/1065/732
f 361/654/352 358/651/349 362/702/353 364/658/355
f 985/189/975 978/1413/968 981/464/971
f 233/475/228 230/469/225 229/468/224 231/476/226
f 441/777/432 439/776/430 451/798/442 453/309/444
f 1469/1415/1459 1471/1094/1461 1495/1009/1485 1504/1416/1494
f 561/972/551 555/950/545 558/960/548 565/969/555
f 988/187/978 991/1203/981 987/1043/977
f 1213/1388/1203 1211/1262/1201 1217/449/1207 1221/1323/1211
f 982/1042/972 992/670/982 931/1163/921
f 1490/1417/1480 1487/1389/1477 1489/1247/1479 1493/1231/1483
f 1340/508/1330 1336/507/1326 1333/1089/1323 1337/1382/1327
f 993/1258/983 905/667/895 992/670/982
f 1503/138/1493 1498/1230/1488 1501/983/1491 1505/1418/1495
f 995/1020/985 905/667/895 993/1258/983
f 825/1137/815 821/1285/811 823/995/813 828/1293/818
f 737/1283/727 729/1282/719 727/1255/717 731/1300/721
f 729/1282/719 726/1159/716 725/1252/715 727/1255/717
f 999/1154/989 903/1019/893 997/1018/987
f 1449/1419/1439 1447/1407/1437 1452/144/1442 1453/1420/1443
f 718/1253/708 716/1353/706 719/1421/709 722/1254/712
f 1535/1422/1525 1534/1135/1524 1537/1423/1527 1549/1424/1539
f 722/1254/712 719/1421/709 724/1309/714 730/1301/720
f 814/1425/804 812/1166/802 813/750/803 815/1275/805
f 799/1171/789 797/1250/787 802/253/792 803/252/793
f 907/1374/897 901/335/891 900/334/890 908/1012/898
f 791/1379/781 760/1386/750 757/269/747 759/268/749
f 773/1302/763 730/1301/720 724/1309/714 782/1308/772
f 955/326/945 939/201/929 940/272/930 944/769/934
f 711/1038/701 712/1122/702 713/1352/703 715/1324/705
f 1042/1426/1032 1041/1427/1031 1044/1428/1034 1043/404/1033
f 1010/465/1000 981/464/971 983/124/973
f 778/1234/768 772/1246/762 776/1385/766 1566/1378/1556
f 983/124/973 1012/123/1002 1010/465/1000
f 976/1197/966 974/1196/964 978/1413/968 980/786/970
f 776/1385/766 773/1302/763 782/1308/772 1565/1376/1555
f 971/125/961 969/1429/959 1014/126/1004
f 816/1276/806 814/1425/804 815/1275/805 808/251/798
f 1606/1406/1596 1572/710/1562 1609/1430/1599 1610/625/1600
f 1012/123/1002 1014/126/1004 1016/365/1006
f 1434/305/1424 1432/1431/1422 1435/1432/1425 1438/306/1428
f 969/1429/959 967/1405/957 1018/1433/1008
f 1019/246/1009 1017/86/1007 1009/853/999
f 842/1317/832 836/1267/826 833/1226/823 838/1228/828
f 1301/1219/1291 1272/1152/1262 1269/1151/1259 1303/1434/1293
f 1015/84/1005 1022/83/1012 1023/1368/1013
f 1341/506/1331 1345/509/1335 1352/516/1342 1356/515/1346
f 1397/1435/1387 1284/1436/1274 1283/177/1273 1285/176/1275
f 38/77/33 35/68/30 39/78/34 43/99/38
f 1411/1437/1401 1406/1438/1396 1412/1109/1402 1414/1108/1404
f 1189/1346/1179 1185/1439/1175 1188/1440/1178 1193/259/1183
f 177/382/172 178/80/173 182/79/177 185/399/180
f 966/1403/956 960/200/950 962/199/952 965/1404/955
f 1032/128/1022 1027/244/1017 1029/129/1019
f 1027/244/1017 1032/128/1022 1030/401/1020
f 1040/712/1030 1172/715/1162 1428/1441/1418 1403/1442/1393
f 1032/128/1022 1034/1443/1024 1030/401/1020
f 1034/1443/1024 1032/128/1022 1033/127/1023
f 1030/401/1020 1034/1443/1024 1028/400/1018
f 1035/1332/1025 1033/127/1023 1031/130/1021
f 794/1245/784 791/1379/781 759/268/749 788/764/778
f 1583/1444/1573 1580/1099/1570 1581/810/1571 1592/1445/1582
f 1031/130/1021 1012/123/1002 1037/364/1027
f 752/635/742 748/634/738 741/1180/731 743/932/733
f 1040/712/1030 1034/1443/1024 1038/713/1028
f 1611/622/1601 1609/1430/1599 1568/709/1558 1561/1170/1551
f 1016/365/1006 1041/1427/1031 1039/363/1029
f 1016/365/1006 1018/1433/1008 1041/1427/1031
f 1037/364/1027 1039/363/1029 1042/1426/1032
f 1041/1427/1031 1042/1426/1032 1039/363/1029
f 1043/404/1033 1031/130/1021 1037/364/1027
f 1043/404/1033 1037/364/1027 1042/1426/1032
f 1031/130/1021 1043/404/1033 1035/1332/1025
f 1209/1446/1199 1596/1447/1586 1594/1448/1584 1205/1449/1195
f 1594/1448/1584 1593/1450/1583 1590/773/1580 1591/774/1581
f 1046/1451/1036 1043/404/1033 1044/1428/1034
f 1578/1452/1568 1577/811/1567 1570/1211/1560 1574/1210/1564
f 1045/1118/1035 1018/1433/1008 1047/1119/1037
f 1018/1433/1008 967/1405/957 1047/1119/1037
f 1104/535/1094 1107/1453/1097 1112/241/1102 1157/240/1147
f 1043/404/1033 1046/1451/1036 1049/405/1039
f 1048/456/1038 1049/405/1039 1046/1451/1036
f 1047/1119/1037 967/1405/957 1050/1454/1040
f 967/1405/957 964/1400/954 1050/1454/1040
f 1050/1454/1040 1051/1120/1041 1047/1119/1037
f 1050/1454/1040 964/1400/954 1052/1455/1042
f 956/1398/946 1052/1455/1042 964/1400/954
f 1254/384/1244 1244/1098/1234 1252/1456/1242 1255/152/1245
f 1052/1455/1042 1053/664/1043 1050/1454/1040
f 1376/1178/1366 1373/1179/1363 1382/1224/1372 1381/1223/1371
f 959/1399/949 1054/55/1044 956/1398/946
f 1053/664/1043 1052/1455/1042 1055/1457/1045
f 1055/1457/1045 1057/665/1047 1053/664/1043
f 1082/683/1072 1080/1016/1070 1075/1458/1065 1083/680/1073
f 1054/55/1044 1058/492/1048 1055/1457/1045
f 1057/665/1047 1055/1457/1045 1058/492/1048
f 1051/1120/1041 1056/663/1046 1059/1459/1049
f 268/534/263 269/538/264 270/542/265 271/541/266
f 1056/663/1046 1061/1460/1051 1059/1459/1049
f 1056/663/1046 1060/666/1050 1061/1460/1051
f 1062/396/1052 1059/1459/1049 1061/1460/1051
f 1063/491/1053 1057/665/1047 1058/492/1048
f 1448/1461/1438 1440/1213/1430 1439/1104/1429 1447/1407/1437
f 1064/397/1054 1062/396/1052 1061/1460/1051
f 1087/1401/1077 790/1244/780 1090/788/1080 1089/1462/1079
f 1132/521/1122 1138/1463/1128 1135/554/1125 1130/522/1120
f 1048/456/1038 1065/455/1055 1049/405/1039
f 757/269/747 752/635/742 753/27/743 755/270/745
f 1106/1464/1096 1105/1082/1095 1109/1465/1099 1111/1466/1101
f 1227/565/1217 1223/684/1213 1213/1388/1203 1221/1323/1211
f 1279/1289/1269 1273/1288/1263 1278/1467/1268 1289/1372/1279
f 1058/492/1048 1054/55/1044 1070/54/1060
f 1473/1468/1463 1455/1469/1445 1451/1470/1441 1474/1471/1464
f 1070/54/1060 1071/53/1061 1069/490/1059
f 1054/55/1044 959/1399/949 1072/56/1062
f 1072/56/1062 959/1399/949 950/1029/940
f 950/1029/940 1073/1472/1063 1072/56/1062
f 1131/841/1121 1085/1473/1075 1089/1462/1079 1133/787/1123
f 1073/1472/1063 1074/403/1064 1072/56/1062
f 1364/1342/1354 1362/967/1352 1353/1279/1343 1361/1474/1351
f 960/200/950 933/495/923 930/921/920 934/1292/924
f 1075/1458/1065 953/1031/943 1077/1402/1067
f 953/1031/943 951/1397/941 1077/1402/1067
f 1111/1466/1101 1110/1475/1100 1107/1453/1097 1106/1464/1096
f 760/1386/750 756/636/746 752/635/742 757/269/747
f 1400/1476/1390 1397/1435/1387 1398/1115/1388 1399/1114/1389
f 219/392/214 216/394/211 217/446/212 220/459/215
f 1080/1016/1070 1082/683/1072 1079/1015/1069
f 948/1144/938 792/1143/782 790/1244/780 1087/1401/1077
f 774/220/764 775/223/765 779/992/769 777/1232/767
f 1083/680/1073 1075/1458/1065 1085/1473/1075
f 1077/1402/1067 1085/1473/1075 1075/1458/1065
f 1084/1369/1074 1086/1477/1076 1078/1478/1068
f 296/571/291 293/569/288 297/572/292 300/581/295
f 1088/1479/1078 1078/1478/1068 1086/1477/1076
f 1089/1462/1079 1077/1402/1067 1087/1401/1077
f 1085/1473/1075 1077/1402/1067 1089/1462/1079
f 697/417/687 695/205/685 692/604/682 691/990/681
f 1518/289/1508 1516/288/1506 1514/1480/1504 1515/195/1505
f 1086/1477/1076 1091/214/1081 1088/1479/1078
f 1092/213/1082 1068/1061/1058 1081/1481/1071
f 1068/1061/1058 1092/213/1082 1093/647/1083
f 1603/1482/1593 1601/1483/1591 1572/710/1562 1606/1406/1596
f 75/172/70 89/203/84 166/359/161 169/362/164
f 1091/214/1081 1086/1477/1076 1095/895/1085
f 1086/1477/1076 1084/1369/1074 1095/895/1085
f 907/1374/897 906/669/896 902/668/892 901/335/891
f 76/371/71 58/135/53 75/172/70 169/362/164
f 495/1484/485 493/844/483 494/845/484 497/858/487
f 1098/648/1088 1100/1485/1090 1096/645/1086
f 1099/536/1089 1101/398/1091 1064/397/1054
f 1096/645/1086 1102/537/1092 1099/536/1089
f 1102/537/1092 1096/645/1086 1100/1485/1090
f 1103/1486/1093 1066/395/1056 1101/398/1091
f 1066/395/1056 1103/1486/1093 1065/455/1055
f 451/798/442 455/797/446 458/801/449 460/807/451
f 1273/1288/1263 1263/1487/1253 1271/1488/1261 1275/1489/1265
f 1098/648/1088 1105/1082/1095 1100/1485/1090
f 1105/1082/1095 1098/648/1088 1094/212/1084
f 889/1490/879 888/1361/878 890/453/880 891/452/881
f 1106/1464/1096 1100/1485/1090 1105/1082/1095
f 1102/537/1092 1107/1453/1097 1104/535/1094
f 199/219/194 198/602/193 203/1284/198 250/1394/245
f 964/1400/954 965/1404/955 962/199/952 961/328/951
f 1105/1082/1095 1108/1081/1098 1109/1465/1099
f 338/432/329 335/616/326 336/618/327 340/621/331
f 306/584/301 307/585/302 310/587/305 311/588/306
f 529/795/519 528/330/518 533/848/523 534/1491/524
f 1018/1433/1008 1016/365/1006 1014/126/1004 969/1429/959
f 1109/1465/1099 1108/1081/1098 1113/1295/1103
f 1114/1492/1104 1110/1475/1100 1111/1466/1101
f 1199/697/1189 1141/25/1131 1139/1396/1129 1138/1463/1128
f 1091/214/1081 1095/895/1085 1116/894/1106
f 1117/1493/1107 1108/1081/1098 1115/215/1105
f 1108/1081/1098 1117/1493/1107 1118/1494/1108
f 1313/315/1303 1316/1121/1306 1359/514/1349 1374/866/1364
f 1117/1493/1107 1116/894/1106 1120/897/1110
f 1118/1494/1108 1117/1493/1107 1120/897/1110
f 1121/1495/1111 1108/1081/1098 1118/1494/1108
f 1120/897/1110 1121/1495/1111 1118/1494/1108
f 1108/1081/1098 1121/1495/1111 1113/1295/1103
f 1460/145/1450 1456/599/1446 1461/598/1451 1465/1127/1455
f 1112/241/1102 1107/1453/1097 1110/1475/1100 1153/1496/1143
f 1119/896/1109 1097/1370/1087 1123/682/1113
f 1082/683/1072 1123/682/1113 1097/1370/1087
f 1124/435/1114 1113/1295/1103 1121/1495/1111
f 141/317/136 149/329/144 152/341/147 154/343/149
f 1416/1497/1406 1413/1111/1403 1417/1192/1407 1423/937/1413
f 1125/681/1115 1127/553/1117 1123/682/1113
f 1292/11/1282 1286/851/1276 1288/1336/1278 1291/483/1281
f 1127/553/1117 1125/681/1115 1129/519/1119
f 1125/681/1115 1128/520/1118 1129/519/1119
f 1471/1094/1461 1466/1498/1456 1470/1499/1460 1472/1095/1462
f 1129/519/1119 1130/522/1120 1127/553/1117
f 1085/1473/1075 1131/841/1121 1128/520/1118
f 1056/663/1046 1051/1120/1041 1050/1454/1040 1053/664/1043
f 537/367/527 534/1491/524 533/848/523 536/924/526
f 321/216/316 199/219/194 250/1394/245 325/1393/320
f 1133/787/1123 1089/1462/1079 1090/788/1080
f 1071/53/1061 1076/402/1066 1078/1478/1068 1069/490/1059
f 1097/1370/1087 1084/1369/1074 1079/1015/1069 1082/683/1072
f 369/672/360 368/1375/359 370/1500/361 371/677/362
f 1126/552/1116 1137/1395/1127 1122/1501/1112
f 237/482/232 254/505/249 227/466/222 230/469/225
f 1135/554/1125 1138/1463/1128 1139/1396/1129
f 1140/436/1130 1122/1501/1112 1137/1395/1127
f 1121/1495/1111 1120/897/1110 1122/1501/1112 1124/435/1114
f 1122/1501/1112 1140/436/1130 1124/435/1114
f 1065/455/1055 1103/1486/1093 1159/1502/1149 1161/1503/1151
f 758/271/748 755/270/745 754/26/744 761/758/751
f 726/1159/716 721/1146/711 720/1145/710 725/1252/715
f 1239/386/1229 1236/1333/1226 1232/889/1222 1241/383/1231
f 1144/1296/1134 1146/631/1136 1113/1295/1103
f 1146/631/1136 1114/1492/1104 1113/1295/1103
f 1143/437/1133 1145/24/1135 1147/1168/1137
f 1147/1168/1137 1142/434/1132 1143/437/1133
f 1148/632/1138 1146/631/1136 1144/1296/1134
f 1142/434/1132 1148/632/1138 1144/1296/1134
f 1149/630/1139 1114/1492/1104 1146/631/1136
f 394/716/385 389/299/380 359/298/350 379/692/370
f 1142/434/1132 1147/1168/1137 1150/1504/1140
f 1148/632/1138 1142/434/1132 1150/1504/1140
f 1151/1505/1141 1114/1492/1104 1149/630/1139
f 1114/1492/1104 1151/1505/1141 1110/1475/1100
f 1152/633/1142 1148/632/1138 1150/1504/1140
f 1153/1496/1143 1110/1475/1100 1151/1505/1141
f 1154/1506/1144 1151/1505/1141 1149/630/1139
f 1149/630/1139 1152/633/1142 1154/1506/1144
f 1153/1496/1143 1151/1505/1141 1155/1507/1145
f 1151/1505/1141 1154/1506/1144 1155/1507/1145
f 1153/1496/1143 1156/242/1146 1112/241/1102
f 1156/242/1146 1153/1496/1143 1155/1507/1145
f 1612/804/1602 1607/1290/1597 1616/1074/1606 1615/1508/1605
f 1155/1507/1145 1158/1509/1148 1156/242/1146
f 1103/1486/1093 1157/240/1147 1159/1502/1149
f 604/71/594 601/1510/591 603/929/593 606/72/596
f 1160/243/1150 1156/242/1146 1158/1509/1148
f 426/641/417 425/756/416 419/747/410 422/753/413
f 17/21/12 15/19/10 18/1511/13 20/36/15
f 908/1012/898 897/1014/887 859/1330/849 909/1185/899
f 655/1512/645 650/1513/640 654/1058/644 656/1059/646
f 1164/118/1154 1163/406/1153 1161/1503/1151
f 1035/1332/1025 1043/404/1033 1165/407/1155
f 1165/407/1155 1163/406/1153 1166/1331/1156
f 1165/407/1155 1166/1331/1156 1035/1332/1025
f 1163/406/1153 1164/118/1154 1166/1331/1156
f 1161/1503/1151 1159/1502/1149 1162/119/1152 1164/118/1154
f 1587/813/1577 1588/1514/1578 1197/22/1187 1589/696/1579
f 1168/120/1158 1162/119/1152 1160/243/1150
f 1160/243/1150 1169/1515/1159 1168/120/1158
f 1167/117/1157 1168/120/1158 1169/1515/1159
f 1393/1281/1383 1391/1080/1381 1389/1304/1379 1392/95/1382
f 1169/1515/1159 1170/714/1160 1167/117/1157
f 1169/1515/1159 1160/243/1150 1171/946/1161
f 1170/714/1160 1169/1515/1159 1171/946/1161
f 1171/946/1161 1160/243/1150 1158/1509/1148
f 845/1516/835 851/1085/841 853/1328/843 854/1357/844
f 950/1029/940 949/770/939 947/208/937 946/209/936
f 1171/946/1161 1158/1509/1148 1173/947/1163
f 1158/1509/1148 1155/1507/1145 1174/1517/1164
f 1174/1517/1164 1173/947/1163 1158/1509/1148
f 1154/1506/1144 1174/1517/1164 1155/1507/1145
f 1323/40/1313 1321/1518/1311 1324/1314/1314 1329/1090/1319
f 1174/1517/1164 1154/1506/1144 1176/1519/1166
f 1176/1519/1166 1178/976/1168 1174/1517/1164
f 1173/947/1163 1174/1517/1164 1178/976/1168
f 1154/1506/1144 1179/1520/1169 1176/1519/1166
f 1186/1260/1176 1182/977/1172 1178/976/1168 1181/1521/1171
f 1179/1520/1169 1154/1506/1144 1152/633/1142
f 1511/1129/1501 1512/196/1502 1514/1480/1504 1513/1522/1503
f 1180/975/1170 1175/948/1165 1173/947/1163
f 821/1285/811 817/250/807 802/253/792 818/1286/808
f 916/875/906 931/1163/921 992/670/982 906/669/896
f 1013/85/1003 1006/1176/996 1009/853/999 1017/86/1007
f 1152/633/1142 1184/1523/1174 1179/1520/1169
f 1473/1468/1463 1474/1471/1464 1475/862/1465 1476/861/1466
f 798/282/788 795/1251/785 799/1171/789 801/283/791
f 1187/1524/1177 1184/1523/1174 1152/633/1142
f 1187/1524/1177 1152/633/1142 1150/1504/1140
f 1068/1061/1058 1063/491/1053 1069/490/1059 1081/1481/1071
f 504/615/494 503/860/493 499/856/489 487/613/477
f 1150/1504/1140 1190/1525/1180 1187/1524/1177
f 1187/1524/1177 1191/260/1181 1188/1440/1178
f 1191/260/1181 1187/1524/1177 1190/1525/1180
f 1150/1504/1140 1192/338/1182 1190/1525/1180
f 1192/338/1182 1150/1504/1140 1147/1168/1137
f 1193/259/1183 1188/1440/1178 1191/260/1181
f 1194/261/1184 1191/260/1181 1190/1525/1180
f 1194/261/1184 1190/1525/1180 1192/338/1182
f 58/135/53 61/141/56 64/162/59 68/161/63
f 1067/646/1057 1096/645/1086 1099/536/1089 1064/397/1054
f 300/581/295 297/572/292 298/575/293 299/582/294
f 52/116/47 53/121/48 58/135/53 76/371/71
f 238/1526/233 218/457/213 232/474/227 236/485/231
f 1263/1487/1253 1261/1113/1251 1268/1149/1258 1271/1488/1261
f 1036/725/1026 1166/1331/1156 1164/118/1154 1167/117/1157
f 1275/1489/1265 1271/1488/1261 1277/1527/1267 1282/1528/1272
f 1049/405/1039 1065/455/1055 1161/1503/1151 1163/406/1153
f 1138/1463/1128 1132/521/1122 1201/1529/1191
f 1201/1529/1191 1132/521/1122 1203/1530/1193
f 1600/1531/1590 1601/1483/1591 1603/1482/1593 1605/1291/1595
f 756/636/746 760/1386/750 795/1251/785 798/282/788
f 403/730/394 400/726/391 401/727/392 404/732/395
f 1044/1428/1034 1041/1427/1031 1018/1433/1008 1045/1118/1035
f 1387/1305/1377 1385/1225/1375 1382/1224/1372 1386/1340/1376
f 1136/789/1126 1209/1446/1199 1207/790/1197
f 1000/1532/990 904/1533/894 903/1019/893 999/1154/989
f 925/530/915 926/1229/916 972/1007/962 973/1195/963
f 1558/1534/1548 1535/1422/1525 1549/1424/1539 1551/263/1541
f 1206/1384/1196 1213/1388/1203 1204/1383/1194
f 149/329/144 143/318/138 148/1535/143 150/1536/145
f 1215/1537/1205 1211/1262/1201 1212/1263/1202
f 1215/1537/1205 1212/1263/1202 1214/1538/1204
f 1157/240/1147 1103/1486/1093 1101/398/1091 1104/535/1094
f 844/169/834 843/1319/833 846/1256/836 849/1086/839
f 714/1039/704 711/1038/701 715/1324/705 720/1145/710
f 1193/259/1183 1218/1130/1208 1196/428/1186
f 1218/1130/1208 1193/259/1183 1219/258/1209
f 1218/1130/1208 1219/258/1209 1216/1131/1206
f 1214/1538/1204 1212/1263/1202 1210/425/1200 1216/1131/1206
f 1005/1177/995 988/187/978 989/190/979 1007/733/997
f 1224/1539/1214 1177/949/1167 1175/948/1165
f 1074/403/1064 1073/1472/1063 1075/1458/1065 1080/1016/1070
f 1226/1540/1216 1224/1539/1214 1222/686/1212
f 1224/1539/1214 1226/1540/1216 1177/949/1167
f 442/783/433 437/772/428 438/1541/429 443/1354/434
f 1223/684/1213 1228/564/1218 1225/685/1215
f 1223/684/1213 1227/565/1217 1228/564/1218
f 1229/1542/1219 1222/686/1212 1225/685/1215
f 1405/1543/1395 1404/1544/1394 1409/1193/1399 1407/1110/1397
f 1230/567/1220 1225/685/1215 1228/564/1218
f 1422/1545/1412 1419/578/1409 1416/1497/1406 1423/937/1413
f 1420/579/1410 1226/1540/1216 1222/686/1212 1229/1542/1219
f 1221/1323/1211 1232/889/1222 1227/565/1217
f 622/1023/612 619/1017/609 618/907/608 621/884/611
f 831/922/821 829/1138/819 825/1137/815 828/1293/818
f 1233/888/1223 1235/1334/1225 1231/566/1221
f 1236/1333/1226 1233/888/1223 1232/889/1222
f 1234/1546/1224 1237/1547/1227 1230/567/1220
f 1259/1548/1249 1257/385/1247 1261/1113/1251 1263/1487/1253
f 1206/1384/1196 1208/426/1198 1211/1262/1201 1213/1388/1203
f 818/1286/808 796/1380/786 820/986/810 823/995/813
f 1232/889/1222 1221/1323/1211 1241/383/1231
f 474/826/465 471/821/462 475/1549/466 476/829/467
f 717/185/707 714/1039/704 721/1146/711 723/186/713
f 436/768/427 434/766/425 439/776/430 440/775/431
f 1245/447/1235 1244/1098/1234 1242/448/1232
f 1243/450/1233 1215/1537/1205 1246/442/1236
f 1547/265/1537 1545/1097/1535 1553/917/1543 1555/262/1545
f 1048/456/1038 1051/1120/1041 1059/1459/1049 1062/396/1052
f 1247/443/1237 1214/1538/1204 1249/1205/1239
f 1447/1407/1437 1439/1104/1429 1446/600/1436 1456/599/1446
f 1627/1550/1617 1622/1075/1612 1620/873/1610 1623/1011/1613
f 132/292/127 141/317/136 154/343/149 159/352/154
f 530/796/520 529/795/519 534/1491/524 535/1551/525
f 1088/1479/1078 1081/1481/1071 1069/490/1059 1078/1478/1068
f 1252/1456/1242 1248/441/1238 1253/994/1243
f 1541/1359/1531 1508/139/1498 1505/1418/1495 1544/596/1534
f 1183/1552/1173 1202/1259/1192 1204/1383/1194 1220/687/1210
f 81/31/76 82/34/77 83/1358/78 86/156/81
f 1254/384/1244 1255/152/1245 1258/831/1248
f 1254/384/1244 1258/831/1248 1257/385/1247
f 1239/386/1229 1257/385/1247 1259/1548/1249
f 1259/1548/1249 1240/1287/1230 1239/386/1229
f 554/1001/544 553/951/543 556/891/546 557/890/547
f 480/823/470 482/1553/472 481/836/471 484/824/474
f 967/1405/957 969/1429/959 966/1403/956 965/1404/955
f 1260/1112/1250 1258/831/1248 1262/830/1252
f 750/637/740 756/636/746 798/282/788 800/281/790
f 1235/1334/1225 1234/1546/1224 1230/567/1220 1231/566/1221
f 971/125/961 963/1240/953 966/1403/956 969/1429/959
f 1278/1467/1268 1275/1489/1265 1282/1528/1272 1290/1554/1280
f 1337/1382/1327 1333/1089/1323 1334/1092/1324 1338/1409/1328
f 1261/1113/1251 1264/1150/1254 1268/1149/1258
f 1186/1260/1176 1181/1521/1171 1185/1439/1175 1189/1346/1179
f 816/1276/806 833/1226/823 836/1267/826 837/1266/827
f 1269/1151/1259 1264/1150/1254 1266/1362/1256 1270/1345/1260
f 1361/1474/1351 1357/1555/1347 1360/1349/1350 1363/1348/1353
f 727/1255/717 722/1254/712 730/1301/720 731/1300/721
f 1537/1423/1527 1538/1055/1528 1542/264/1532 1549/1424/1539
f 46/100/41 43/99/38 39/78/34 40/238/35
f 1240/1287/1230 1274/1183/1264 1238/1182/1228
f 602/920/592 595/999/585 605/1002/595 608/913/598
f 1235/1334/1225 1238/1182/1228 1276/849/1266
f 843/1319/833 839/168/829 836/1267/826 842/1317/832
f 1273/1288/1263 1275/1489/1265 1278/1467/1268
f 1496/982/1486 1265/151/1255 1499/154/1489 1500/597/1490
f 104/50/99 105/49/100 106/1556/101 108/255/103
f 693/204/683 686/1102/676 683/1087/673 685/470/675
f 1122/1501/1112 1120/897/1110 1119/896/1109 1126/552/1116
f 915/1209/905 852/1249/842 919/1125/909 920/1124/910
f 1235/1334/1225 1283/177/1273 1234/1546/1224
f 886/1360/876 887/1105/877 893/337/883 890/453/880
f 636/781/626 634/780/624 638/1045/628 640/870/630
f 1564/48/1554 1562/47/1552 1568/709/1558 1569/708/1559
f 1287/179/1277 1281/178/1271 1286/851/1276
f 1288/1336/1278 1286/851/1276 1280/850/1270
f 887/1105/877 873/1344/863 867/1337/857 894/1013/884
f 828/1293/818 823/995/813 827/996/817 935/1294/925
f 1078/1478/1068 1076/402/1066 1079/1015/1069 1084/1369/1074
f 896/1557/886 892/451/882 895/454/885 899/1056/889
f 1178/976/1168 1176/1519/1166 1179/1520/1169 1181/1521/1171
f 1489/1247/1479 1486/1391/1476 1488/1320/1478 1491/1248/1481
f 594/1412/584 589/956/579 593/959/583 597/1003/587
f 1486/1391/1476 1485/1274/1475 1270/1345/1260 1488/1320/1478
f 1577/811/1567 1578/1452/1568 1582/1408/1572 1585/812/1575
f 1548/1558/1538 1546/595/1536 1499/154/1489 1256/153/1246
f 1267/1321/1257 1262/830/1252 1265/151/1255 1496/982/1486
f 877/1297/867 874/1172/864 879/1175/869 880/1236/870
f 1484/1390/1474 1482/1271/1472 1485/1274/1475 1486/1391/1476
f 1270/1345/1260 1266/1362/1256 1267/1321/1257 1488/1320/1478
f 1304/1220/1294 1306/1559/1296 1302/1217/1292
f 1266/1362/1256 1260/1112/1250 1262/830/1252 1267/1321/1257
f 1302/1217/1292 1306/1559/1296 1300/1560/1290
f 1307/1561/1297 1308/1106/1298 1306/1559/1296
f 1557/827/1547 1555/262/1545 1556/1562/1546 1559/828/1549
f 1300/1560/1290 1309/313/1299 1299/412/1289
f 1310/314/1300 1306/1559/1296 1308/1106/1298
f 1392/95/1382 1389/1304/1379 1390/1306/1380 1395/96/1385
f 687/590/677 676/346/666 672/345/662 688/1326/678
f 764/757/754 766/760/756 777/1232/767 781/1239/771
f 1411/1437/1401 1414/1108/1404 1416/1497/1406 1415/577/1405
f 320/603/315 318/489/313 311/588/306 319/587/314
f 1412/1109/1402 1402/1563/1392 1405/1543/1395 1407/1110/1397
f 700/1069/690 809/752/799 810/751/800 701/1270/691
f 1567/1212/1557 1566/1378/1556 1563/45/1553 1564/48/1554
f 1321/1518/1311 1320/39/1310 1318/1564/1308
f 1320/39/1310 1321/1518/1311 1323/40/1313
f 910/876/900 908/1012/898 909/1185/899 911/1186/901
f 1377/855/1367 1328/1021/1318 1375/1022/1365 1378/1307/1368
f 250/1394/245 203/1284/198 244/66/239 246/65/241
f 1358/1052/1348 1356/515/1346 1359/514/1349 1316/1121/1306
f 913/877/903 910/876/900 911/1186/901 914/1188/904
f 1326/1316/1316 1330/1091/1320 1329/1090/1319
f 1529/1565/1519 1535/1422/1525 1558/1534/1548 1532/1377/1522
f 1320/39/1310 1331/38/1321 1317/1051/1307
f 1329/1090/1319 1332/41/1322 1323/40/1313
f 1250/444/1240 1247/443/1237 1249/1205/1239 1251/1208/1241
f 987/1043/977 984/784/974 986/188/976 988/187/978
f 981/464/971 978/1413/968 977/791/967 983/124/973
f 1189/1346/1179 1193/259/1183 1196/428/1186 1198/427/1188
f 806/1078/796 804/284/794 807/679/797 809/752/799
f 437/772/428 432/765/423 433/865/424 438/1541/429
f 1492/1024/1482 1478/1093/1468 1490/1417/1480 1494/1025/1484
f 1336/507/1326 1341/506/1331 1335/1184/1325
f 1209/1446/1199 1205/1449/1195 1134/842/1124 1207/790/1197
f 1339/1410/1329 1343/1200/1333 1342/1199/1332
f 1028/400/1018 1034/1443/1024 1040/712/1030 1401/1117/1391
f 1345/509/1335 1340/508/1330 1344/1381/1334
f 599/931/589 591/955/581 595/999/585 602/920/592
f 938/132/928 935/1294/925 827/996/817 937/133/927
f 417/737/408 416/746/407 415/749/406 418/738/409
f 1350/968/1340 1345/509/1335 1344/1381/1334
f 1349/965/1339 1350/968/1340 1344/1381/1334
f 1351/966/1341 1349/965/1339 1346/1198/1336
f 1386/1340/1376 1382/1224/1372 1373/1179/1363 1369/1341/1359
f 1350/968/1340 1352/516/1342 1345/509/1335
f 1534/1135/1524 1531/1134/1521 1533/1347/1523 1537/1423/1527
f 651/231/641 648/1057/638 644/1047/634 647/232/637
f 1356/515/1346 1335/1184/1325 1341/506/1331
f 1271/1488/1261 1268/1149/1258 1272/1152/1262 1277/1527/1267
f 1356/515/1346 1358/1052/1348 1335/1184/1325
f 601/1510/591 598/1411/588 600/930/590 603/929/593
f 143/318/138 145/325/140 147/1566/142 148/1535/143
f 1361/1474/1351 1353/1279/1343 1357/1555/1347
f 1523/1313/1513 1519/1567/1509 1522/286/1512 1525/1568/1515
f 1362/967/1352 1351/966/1341 1353/1279/1343
f 1102/537/1092 1100/1485/1090 1106/1464/1096 1107/1453/1097
f 707/609/697 689/1327/679 678/1140/668 709/1036/699
f 1524/1310/1514 1523/1313/1513 1525/1568/1515 1527/1569/1517
f 1294/1222/1284 1290/1554/1280 1282/1528/1272 1296/1570/1286
f 1350/968/1340 1349/965/1339 1365/381/1355
f 820/986/810 796/1380/786 794/1245/784 793/987/783
f 1386/1340/1376 1368/1343/1358 1388/1367/1378 1387/1305/1377
f 1369/1341/1359 1362/967/1352 1364/1342/1354
f 1481/1571/1471 1479/864/1469 1482/1271/1472 1484/1390/1474
f 1365/381/1355 1362/967/1352 1370/378/1360
f 1563/45/1553 1532/1377/1522 1558/1534/1548 1560/46/1550
f 1604/803/1594 1602/802/1592 1600/1531/1590 1605/1291/1595
f 904/1533/894 896/1557/886 899/1056/889 903/1019/893
f 1371/379/1361 1372/867/1362 1367/380/1357
f 702/1107/692 690/1325/680 703/606/693 704/418/694
f 1374/866/1364 1319/316/1309 1313/315/1303
f 621/884/611 620/1148/610 629/779/619 626/880/616
f 40/238/35 41/239/36 42/101/37 44/103/39
f 522/331/512 513/191/503 519/194/509 526/332/516
f 327/1572/322 326/1573/321 325/1393/320 328/64/323
f 1325/854/1315 1328/1021/1318 1377/855/1367
f 650/1513/640 649/1574/639 648/1057/638 654/1058/644
f 1378/1307/1368 1375/1022/1365 1376/1178/1366
f 1296/1570/1286 1282/1528/1272 1277/1527/1267 1298/1218/1288
f 620/1148/610 617/1026/607 624/1028/614 629/779/619
f 1618/1575/1608 1614/1576/1604 1615/1508/1605 1616/1074/1606
f 1376/1178/1366 1381/1223/1371 1378/1307/1368
f 818/1286/808 802/253/792 797/1250/787 796/1380/786
f 244/66/239 242/388/237 243/391/238 245/63/240
f 778/1234/768 1566/1378/1556 1567/1212/1557 780/993/770
f 1185/1439/1175 1181/1521/1171 1179/1520/1169 1184/1523/1174
f 769/1215/759 737/1283/727 731/1300/721 771/1299/761
f 20/36/15 18/1511/13 21/1169/16 23/37/18
f 1368/1343/1358 1364/1342/1354 1361/1474/1351 1363/1348/1353
f 112/256/107 108/255/103 106/1556/101 113/1161/108
f 667/1077/657 664/1063/654 665/421/655 671/745/661
f 371/677/362 370/1500/361 372/235/363 373/234/364
f 1388/1367/1378 1390/1306/1380 1387/1305/1377
f 1529/1565/1519 1527/1569/1517 1530/1132/1520 1535/1422/1525
f 834/1227/824 832/1303/822 835/1373/825 921/1126/911
f 1299/412/1289 1294/1222/1284 1296/1570/1286 1300/1560/1290
f 1383/14/1373 1391/1080/1381 1393/1281/1383
f 876/1174/866 870/927/860 873/1344/863 883/1264/873
f 1287/179/1277 1383/14/1373 1393/1281/1383
f 928/494/918 835/1373/825 832/1303/822 831/922/821
f 1394/94/1384 1393/1281/1383 1392/95/1382
f 34/76/29 33/69/28 35/68/30 38/77/33
f 696/1322/686 694/1101/684 693/204/683 699/207/689
f 845/1516/835 841/166/831 844/169/834 851/1085/841
f 597/1003/587 590/953/580 599/931/589 600/930/590
f 1394/94/1384 1396/97/1386 1398/1115/1388
f 1092/213/1082 1081/1481/1071 1088/1479/1078 1091/214/1081
f 790/1244/780 787/800/777 784/799/774 1599/1577/1589
f 1284/1436/1274 1397/1435/1387 1400/1476/1390
f 1237/1547/1227 1284/1436/1274 1400/1476/1390
f 1328/1021/1318 1325/854/1315 1297/1221/1287 1322/413/1312
f 1040/712/1030 1403/1442/1393 1401/1117/1391
f 1404/1544/1394 1399/1114/1389 1401/1117/1391
f 1401/1117/1391 1403/1442/1393 1404/1544/1394
f 1405/1543/1395 1399/1114/1389 1404/1544/1394
f 1400/1476/1390 1402/1563/1392 1406/1438/1396
f 1400/1476/1390 1406/1438/1396 1237/1547/1227
f 1317/1051/1307 1315/1035/1305 1318/1564/1308 1320/39/1310
f 1408/1578/1398 1237/1547/1227 1406/1438/1396
f 1309/313/1299 1300/1560/1290 1306/1559/1296 1310/314/1300
f 1237/1547/1227 1408/1578/1398 1410/1579/1400
f 1229/1542/1219 1237/1547/1227 1410/1579/1400
f 1406/1438/1396 1411/1437/1401 1408/1578/1398
f 149/329/144 150/1536/145 151/342/146 152/341/147
f 1412/1109/1402 1406/1438/1396 1402/1563/1392
f 1290/1554/1280 1294/1222/1284 1297/1221/1287 1293/1269/1283
f 512/1040/502 511/882/501 514/881/504 515/1190/505
f 1598/900/1588 1209/1446/1199 1136/789/1126 1599/1577/1589
f 672/345/662 673/1073/663 674/1141/664 678/1140/668
f 1416/1497/1406 1414/1108/1404 1413/1111/1403
f 359/298/350 351/653/342 350/1580/341 349/650/340
f 1410/1579/1400 1415/577/1405 1418/576/1408
f 1418/576/1408 1229/1542/1219 1410/1579/1400
f 1416/1497/1406 1419/578/1409 1415/577/1405
f 258/513/253 267/533/262 268/534/263 271/541/266
f 1229/1542/1219 1418/576/1408 1420/579/1410
f 1226/1540/1216 1420/579/1410 1421/1581/1411
f 1420/579/1410 1419/578/1409 1421/1581/1411
f 1226/1540/1216 1421/1581/1411 1177/949/1167
f 913/877/903 914/1188/904 917/528/907 918/531/908
f 1422/1545/1412 1421/1581/1411 1419/578/1409
f 1424/1582/1414 1177/949/1167 1421/1581/1411
f 1422/1545/1412 1424/1582/1414 1421/1581/1411
f 1425/938/1415 1423/937/1413 1417/1192/1407
f 1046/1451/1036 1044/1428/1034 1045/1118/1035 1048/456/1038
f 1422/1545/1412 1423/937/1413 1426/936/1416
f 1424/1582/1414 1422/1545/1412 1426/936/1416
f 498/859/488 495/1484/485 497/858/487 501/689/491
f 1427/935/1417 1424/1582/1414 1426/936/1416
f 1177/949/1167 1424/1582/1414 1428/1441/1418
f 1427/935/1417 1428/1441/1418 1424/1582/1414
f 1177/949/1167 1428/1441/1418 1172/715/1162
f 785/901/775 779/992/769 1575/1583/1565 1595/902/1585
f 1428/1441/1418 1427/935/1417 1429/1584/1419
f 1429/1584/1419 1403/1442/1393 1428/1441/1418
f 1425/938/1415 1429/1584/1419 1427/935/1417
f 1430/1191/1420 1403/1442/1393 1429/1584/1419
f 1429/1584/1419 1425/938/1415 1430/1191/1420
f 1403/1442/1393 1430/1191/1420 1404/1544/1394
f 1404/1544/1394 1430/1191/1420 1409/1193/1399
f 1298/1218/1288 1277/1527/1267 1272/1152/1262 1301/1219/1291
f 1565/1376/1555 782/1308/772 1528/1311/1518 1532/1377/1522
f 422/753/413 420/736/411 421/739/412 423/755/414
f 302/497/297 306/584/301 311/588/306 312/498/307
f 1459/1585/1449 1458/1586/1448 1457/143/1447 1517/287/1507
f 1435/1432/1425 1441/1587/1431 1438/306/1428
f 1441/1587/1431 1435/1432/1425 1442/1588/1432
f 294/570/289 293/569/288 288/561/283 290/563/285
f 1444/1364/1434 1438/306/1428 1441/1587/1431
f 1468/1128/1458 1469/1415/1459 1504/1416/1494 1507/1103/1497
f 897/1014/887 867/1337/857 862/1329/852 859/1330/849
f 223/389/218 218/457/213 238/1526/233 240/390/235
f 1335/1184/1325 1331/38/1321 1332/41/1322 1336/507/1326
f 608/913/598 605/1002/595 611/1147/601 614/914/604
f 1449/1419/1439 1448/1461/1438 1447/1407/1437
f 1450/1589/1440 1442/1588/1432 1451/1470/1441
f 497/858/487 494/845/484 496/852/486 500/857/490
f 1452/144/1442 1454/1590/1444 1453/1420/1443
f 1451/1470/1441 1455/1469/1445 1450/1589/1440
f 1455/1469/1445 1444/1364/1434 1450/1589/1440
f 1518/289/1508 1526/1133/1516 1525/1568/1515 1522/286/1512
f 1245/447/1235 1243/450/1233 1246/442/1236 1248/441/1238
f 993/1258/983 990/1044/980 994/1204/984 995/1020/985
f 1052/1455/1042 956/1398/946 1054/55/1044 1055/1457/1045
f 324/605/319 321/216/316 325/1393/320 326/1573/321
f 1229/1542/1219 1225/685/1215 1230/567/1220 1237/1547/1227
f 1415/577/1405 1410/1579/1400 1408/1578/1398 1411/1437/1401
f 1463/1591/1453 1462/601/1452 1445/1363/1435
f 1462/601/1452 1464/1592/1454 1461/598/1451
f 1224/1539/1214 1175/948/1165 1180/975/1170 1183/1552/1173
f 1465/1127/1455 1467/146/1457 1460/145/1450
f 1461/598/1451 1464/1592/1454 1468/1128/1458
f 1346/1198/1336 1349/965/1339 1344/1381/1334 1342/1199/1332
f 1516/288/1506 1467/146/1457 1513/1522/1503 1514/1480/1504
f 1466/1498/1456 1463/1591/1453 1470/1499/1460
f 1455/1469/1445 1470/1499/1460 1463/1591/1453
f 1466/1498/1456 1471/1094/1461 1469/1415/1459
f 1444/1364/1434 1441/1587/1431 1442/1588/1432 1450/1589/1440
f 1134/842/1124 1131/841/1121 1133/787/1123 1207/790/1197
f 899/1056/889 895/454/885 898/336/888 902/668/892
f 1300/1560/1290 1296/1570/1286 1298/1218/1288 1302/1217/1292
f 1476/861/1466 1472/1095/1462 1473/1468/1463
f 1243/450/1233 1217/449/1207 1211/1262/1201 1215/1537/1205
f 1008/463/998 989/190/979 985/189/975 981/464/971
f 1431/705/1421 1433/1593/1423 1432/1431/1422 1434/305/1424
f 1476/861/1466 1479/864/1469 1481/1571/1471
f 1476/861/1466 1481/1571/1471 1478/1093/1468
f 881/1237/871 883/1264/873 886/1360/876 884/1355/874
f 1304/1220/1294 1301/1219/1291 1303/1434/1293 1305/1594/1295
f 1353/1279/1343 1354/1280/1344 1355/1595/1345 1357/1555/1347
f 995/1020/985 994/1204/984 998/1155/988 997/1018/987
f 1524/1310/1514 1527/1569/1517 1529/1565/1519 1528/1311/1518
f 1183/1552/1173 1180/975/1170 1182/977/1172 1202/1259/1192
f 1183/1552/1173 1220/687/1210 1222/686/1212 1224/1539/1214
f 1306/1559/1296 1304/1220/1294 1305/1594/1295 1307/1561/1297
f 1478/1093/1468 1487/1389/1477 1490/1417/1480
f 1255/152/1245 1252/1456/1242 1253/994/1243 1256/153/1246
f 1005/1177/995 996/1165/986 991/1203/981 988/187/978
f 34/76/29 32/62/27 28/274/23 33/69/28
f 1471/1094/1461 1478/1093/1468 1492/1024/1482
f 386/701/377 387/704/378 388/729/379 392/717/383
f 766/760/756 763/759/753 765/1158/755 768/221/758
f 1492/1024/1482 1495/1009/1485 1471/1094/1461
f 1398/1115/1388 1396/97/1386 1024/142/1014 1026/1116/1016
f 768/221/758 765/1158/755 767/1216/757 770/222/760
f 1491/1248/1481 1496/982/1486 1497/981/1487
f 1208/426/1198 1206/1384/1196 1200/1261/1190 1198/427/1188
f 1162/119/1152 1159/1502/1149 1157/240/1147 1160/243/1150
f 1289/1372/1279 1278/1467/1268 1290/1554/1280 1293/1269/1283
f 940/272/930 939/201/929 934/1292/924 936/273/926
f 728/1160/718 726/1159/716 729/1282/719 734/1067/724
f 762/761/752 761/758/751 764/757/754 783/762/773
f 979/785/969 931/1163/921 929/1387/919 975/1202/965
f 1504/1416/1494 1495/1009/1485 1506/1008/1496
f 788/764/778 786/763/776 789/1235/779 793/987/783
f 1507/1103/1497 1504/1416/1494 1506/1008/1496
f 190/1046/185 188/1371/183 191/1596/186 193/415/188
f 1505/1418/1495 1508/139/1498 1503/138/1493
f 1370/378/1360 1362/967/1352 1369/1341/1359 1373/1179/1363
f 1510/197/1500 1506/1008/1496 1509/140/1499
f 1507/1103/1497 1511/1129/1501 1468/1128/1458
f 1507/1103/1497 1512/196/1502 1511/1129/1501
f 1513/1522/1503 1465/1127/1455 1511/1129/1501
f 1467/146/1457 1465/1127/1455 1513/1522/1503
f 634/780/624 632/1041/622 635/612/625 638/1045/628
f 65/545/60 62/210/57 63/211/58 66/1214/61
f 1512/196/1502 1515/195/1505 1514/1480/1504
f 1251/1208/1241 1554/916/1544 1552/919/1542 1250/444/1240
f 1188/1440/1178 1185/1439/1175 1184/1523/1174 1187/1524/1177
f 1502/137/1492 1494/1025/1484 1498/1230/1488 1503/138/1493
f 1537/1423/1527 1533/1347/1523 1536/198/1526 1538/1055/1528
f 1357/1555/1347 1355/1595/1345 1021/1597/1011 1360/1349/1350
f 1240/1287/1230 1259/1548/1249 1263/1487/1253 1273/1288/1263
f 1519/1567/1509 1517/287/1507 1522/286/1512
f 1001/1598/991 1000/1532/990 999/1154/989 1002/1153/992
f 1021/1597/1011 1003/1268/993 1020/1350/1010 1360/1349/1350
f 1521/1312/1511 1520/1599/1510 1519/1567/1509 1523/1313/1513
f 1115/215/1105 1091/214/1081 1116/894/1106 1117/1493/1107
f 1368/1343/1358 1363/1348/1353 1366/1351/1356 1388/1367/1378
f 1003/1268/993 1013/85/1003 1015/84/1005 1020/1350/1010
f 1020/1350/1010 1015/84/1005 1023/1368/1013 1366/1351/1356
f 1075/1458/1065 1073/1472/1063 950/1029/940 953/1031/943
f 1526/1133/1516 1518/289/1508 1531/1134/1521
f 1527/1569/1517 1525/1568/1515 1526/1133/1516 1530/1132/1520
f 771/1299/761 772/1246/762 770/222/760 769/1215/759
f 1532/1377/1522 1528/1311/1518 1529/1565/1519
f 1494/1025/1484 1490/1417/1480 1493/1231/1483 1498/1230/1488
f 946/209/936 942/134/932 943/1142/933 945/1030/935
f 1535/1422/1525 1530/1132/1520 1534/1135/1524
f 1533/1347/1523 1515/195/1505 1536/198/1526
f 852/1249/842 847/1257/837 848/1318/838 919/1125/909
f 518/887/508 517/885/507 520/794/510 521/898/511
f 142/319/137 141/317/136 131/290/126 138/583/133
f 1542/264/1532 1538/1055/1528 1540/1054/1530 1543/1096/1533
f 689/1327/679 688/1326/678 672/345/662 678/1140/668
f 1541/1359/1531 1540/1054/1530 1539/1053/1529
f 702/1107/692 691/990/681 687/590/677 690/1325/680
f 1520/1599/1510 1459/1585/1449 1517/287/1507 1519/1567/1509
f 1553/917/1543 1545/1097/1535 1546/595/1536 1548/1558/1538
f 1543/1096/1533 1540/1054/1530 1541/1359/1531
f 449/227/440 447/673/438 448/676/439 450/228/441
f 1454/1590/1444 1452/144/1442 1457/143/1447 1458/1586/1448
f 1545/1097/1535 1544/596/1534 1546/595/1536
f 472/311/463 466/310/457 467/817/458 471/821/462
f 1478/1093/1468 1481/1571/1471 1484/1390/1474 1487/1389/1477
f 1398/1115/1388 1397/1435/1387 1285/176/1275 1394/94/1384
f 1256/153/1246 1550/918/1540 1548/1558/1538
f 1256/153/1246 1253/994/1243 1550/918/1540
f 1551/263/1541 1549/1424/1539 1542/264/1532
f 129/291/124 128/285/123 126/1414/121 130/293/125
f 463/814/454 461/809/452 462/1243/453 464/815/455
f 1550/918/1540 1253/994/1243 1552/919/1542
f 1548/1558/1538 1550/918/1540 1553/917/1543
f 707/609/697 703/606/693 690/1325/680 689/1327/679
f 885/1356/875 884/1355/874 888/1361/878 889/1490/879
f 200/423/195 198/602/193 196/416/191 201/424/196
f 1402/1563/1392 1400/1476/1390 1399/1114/1389 1405/1543/1395
f 1332/41/1322 1329/1090/1319 1333/1089/1323 1336/507/1326
f 1551/263/1541 1555/262/1545 1557/827/1547
f 1374/866/1364 1328/1021/1318 1322/413/1312 1319/316/1309
f 1464/1592/1454 1462/601/1452 1463/1591/1453 1466/1498/1456
f 926/1229/916 923/529/913 920/1124/910 922/1123/912
f 942/134/932 937/133/927 826/1194/816 943/1142/933
f 1561/1170/1551 1559/828/1549 1556/1562/1546
f 1544/596/1534 1505/1418/1495 1501/983/1491 1500/597/1490
f 914/1188/904 912/1187/902 915/1209/905 917/528/907
f 1068/1061/1058 1060/666/1050 1057/665/1047 1063/491/1053
f 1017/86/1007 1019/246/1009 1024/142/1014 1022/83/1012
f 1566/1378/1556 776/1385/766 1565/1376/1555
f 1038/713/1028 1034/1443/1024 1033/127/1023 1036/725/1026
f 581/107/571 579/989/569 584/963/574 585/962/575
f 535/1551/525 534/1491/524 537/367/527 538/366/528
f 1569/708/1559 1567/1212/1557 1564/48/1554
f 1570/1211/1560 780/993/770 1567/1212/1557
f 980/786/970 978/1413/968 985/189/975 986/188/976
f 1571/1241/1561 780/993/770 1570/1211/1560
f 1591/774/1581 1199/697/1189 1138/1463/1128 1201/1529/1191
f 1573/991/1563 780/993/770 1571/1241/1561
f 1575/1583/1565 779/992/769 1573/991/1563
f 1569/708/1559 1576/707/1566 1574/1210/1564
f 1376/1178/1366 1375/1022/1365 1372/867/1362 1371/379/1361
f 1203/1530/1193 1132/521/1122 1134/842/1124 1205/1449/1195
f 933/495/923 960/200/950 963/1240/953 968/496/958
f 1576/707/1566 1578/1452/1568 1574/1210/1564
f 1571/1241/1561 1579/1100/1569 1573/991/1563
f 1580/1099/1570 1573/991/1563 1579/1100/1569
f 1573/991/1563 1580/1099/1570 1575/1583/1565
f 1085/1473/1075 1128/520/1118 1125/681/1115 1083/680/1073
f 1291/483/1281 1289/1372/1279 1293/1269/1283 1295/484/1285
f 1580/1099/1570 1583/1444/1573 1575/1583/1565
f 342/620/333 348/629/339 349/650/340 350/1580/341
f 1582/1408/1572 1578/1452/1568 1584/1600/1574
f 1578/1452/1568 1576/707/1566 1584/1600/1574
f 352/638/343 353/639/344 354/808/345 355/644/346
f 1584/1600/1574 1219/258/1209 1582/1408/1572
f 1556/1562/1546 1554/916/1544 1251/1208/1241 1561/1170/1551
f 1194/261/1184 1586/339/1576 1585/812/1575
f 1585/812/1575 1586/339/1576 1587/813/1577
f 1586/339/1576 1195/23/1185 1588/1514/1578
f 1586/339/1576 1588/1514/1578 1587/813/1577
f 1195/23/1185 1197/22/1187 1588/1514/1578
f 1463/1591/1453 1445/1363/1435 1444/1364/1434 1455/1469/1445
f 1587/813/1577 1590/773/1580 1581/810/1571
f 1590/773/1580 1587/813/1577 1589/696/1579
f 207/429/202 242/388/237 244/66/239 203/1284/198
f 1592/1445/1582 1581/810/1571 1590/773/1580
f 1592/1445/1582 1590/773/1580 1593/1450/1583
f 1583/1444/1573 1592/1445/1582 1593/1450/1583
f 862/1329/852 863/1335/853 860/911/850 857/910/847
f 1594/1448/1584 1583/1444/1573 1593/1450/1583
f 1201/1529/1191 1594/1448/1584 1591/774/1581
f 1583/1444/1573 1594/1448/1584 1575/1583/1565
f 1203/1530/1193 1594/1448/1584 1201/1529/1191
f 1205/1449/1195 1594/1448/1584 1203/1530/1193
f 1575/1583/1565 1594/1448/1584 1595/902/1585
f 649/1574/639 646/1050/636 644/1047/634 648/1057/638
f 1595/902/1585 1594/1448/1584 1596/1447/1586
f 1596/1447/1586 1597/903/1587 1595/902/1585
f 1596/1447/1586 1209/1446/1199 1597/903/1587
f 784/799/774 777/1232/767 785/901/775 1599/1577/1589
f 1598/900/1588 1597/903/1587 1209/1446/1199
f 1555/262/1545 1553/917/1543 1554/916/1544 1556/1562/1546
f 785/901/775 1598/900/1588 1599/1577/1589
f 1599/1577/1589 1136/789/1126 1090/788/1080
f 1090/788/1080 790/1244/780 1599/1577/1589
f 1600/1531/1590 1584/1600/1574 1576/707/1566
f 1576/707/1566 1601/1483/1591 1600/1531/1590
f 1572/710/1562 1601/1483/1591 1576/707/1566
f 1602/802/1592 1584/1600/1574 1600/1531/1590
f 1602/802/1592 1219/258/1209 1584/1600/1574
f 1111/1466/1101 1109/1465/1099 1113/1295/1103 1114/1492/1104
f 1558/1534/1548 1551/263/1541 1557/827/1547 1560/46/1550
f 90/149/85 91/182/86 94/277/89 97/224/92
f 1605/1291/1595 1607/1290/1597 1604/803/1594
f 1605/1291/1595 1603/1482/1593 1608/872/1598
f 1606/1406/1596 1608/872/1598 1603/1482/1593
f 1446/600/1436 1443/303/1433 1445/1363/1435 1462/601/1452
f 1472/1095/1462 1470/1499/1460 1455/1469/1445 1473/1468/1463
f 1572/710/1562 1568/709/1558 1609/1430/1599
f 1064/397/1054 1061/1460/1051 1060/666/1050 1067/646/1057
f 1249/1205/1239 1214/1538/1204 1216/1131/1206 1628/1206/1618
f 1610/625/1600 1609/1430/1599 1611/622/1601
f 223/389/218 210/60/205 214/59/209 218/457/213
f 1607/1290/1597 1612/804/1602 1604/803/1594
f 1219/258/1209 1602/802/1592 1613/805/1603
f 1219/258/1209 1613/805/1603 1614/1576/1604
f 1216/1131/1206 1219/258/1209 1614/1576/1604
f 1615/1508/1605 1613/805/1603 1612/804/1602
f 1613/805/1603 1615/1508/1605 1614/1576/1604
f 211/58/206 208/57/203 206/323/201 209/438/204
f 1617/871/1607 1616/1074/1606 1607/1290/1597
f 1143/437/1133 1139/1396/1129 1141/25/1131 1145/24/1135
f 22/35/17 26/42/21 31/61/26 27/44/22
f 1464/1592/1454 1466/1498/1456 1469/1415/1459 1468/1128/1458
f 1247/443/1237 1246/442/1236 1215/1537/1205 1214/1538/1204
f 1621/623/1611 1620/873/1610 1619/624/1609
f 1622/1075/1612 1618/1575/1608 1616/1074/1606
f 232/474/227 221/393/216 219/392/214 227/466/222
f 1244/1098/1234 1245/447/1235 1248/441/1238 1252/1456/1242
f 1624/1010/1614 1621/623/1611 1611/622/1601
f 1561/1170/1551 1624/1010/1614 1611/622/1601
f 1625/1601/1615 1614/1576/1604 1618/1575/1608
f 1618/1575/1608 1622/1075/1612 1625/1601/1615
f 1625/1601/1615 1216/1131/1206 1614/1576/1604
f 1624/1010/1614 1561/1170/1551 1626/1207/1616
f 1251/1208/1241 1626/1207/1616 1561/1170/1551
f 1623/1011/1613 1624/1010/1614 1627/1550/1617
f 1626/1207/1616 1627/1550/1617 1624/1010/1614
f 1234/1546/1224 1283/177/1273 1284/1436/1274 1237/1547/1227
f 1627/1550/1617 1626/1207/1616 1628/1206/1618
f 1216/1131/1206 1625/1601/1615 1628/1206/1618
f 1622/1075/1612 1627/1550/1617 1629/1602/1619
f 1628/1206/1618 1629/1602/1619 1627/1550/1617
f 1622/1075/1612 1629/1602/1619 1625/1601/1615
f 1629/1602/1619 1628/1206/1618 1625/1601/1615
f 1003/1268/993 1001/1598/991 1002/1153/992 1004/1164/994
