# Blender 5.1.1
# www.blender.org
mtllib right_foot.mtl
g fet_2_dr_Mesh_0456Mesh.012
v -0.000651 -0.019835 0.054965
v -0.000856 -0.021751 0.052957
v -0.001458 -0.020862 0.053406
v -0.001038 -0.013663 0.054242
v -0.000812 -0.013508 0.054498
v -0.001456 -0.001855 0.052533
v -0.000188 -0.001393 0.052703
v -0.000861 -0.000505 0.050919
v 0.000675 0.000470 0.051655
v -0.002345 0.000078 0.050762
v 0.002805 0.002106 0.051134
v -0.004366 0.001875 0.049346
v 0.002735 0.002052 0.049777
v 0.004914 0.000128 0.051540
v -0.001234 0.007763 0.042927
v 0.006213 -0.001101 0.050973
v 0.005473 -0.001264 0.051974
v 0.006217 -0.001429 0.051381
v 0.002008 0.007214 0.043215
v 0.009091 0.002939 0.042788
v 0.009817 -0.000623 0.049344
v 0.012407 -0.000298 0.048218
v -0.000966 0.010189 0.036629
v 0.014026 -0.001856 0.040740
v 0.014733 -0.002482 0.047274
v 0.016662 -0.006343 0.047506
v 0.005664 0.008509 0.036210
v 0.008803 0.005060 0.038029
v 0.017637 -0.007490 0.039423
v 0.013447 -0.000588 0.033862
v 0.008777 0.005979 0.034972
v 0.018886 -0.012258 0.038916
v 0.017458 -0.017134 0.047992
v 0.009092 0.006652 0.032257
v 0.005699 0.009650 0.033985
v 0.013401 -0.000340 0.029831
v 0.002504 0.010587 0.034868
v 0.009804 0.008426 0.028861
v 0.006356 0.010770 0.031845
v 0.014185 -0.001332 0.023034
v 0.003005 0.011022 0.033386
v 0.016360 -0.006913 0.028196
v 0.005225 0.008900 0.030409
v 0.009804 0.008426 0.028861
v 0.018407 -0.012725 0.031889
v 0.010042 0.000611 0.024683
v -0.000128 0.008521 0.031029
v -0.000668 0.010630 0.033281
v -0.004251 0.010944 0.033958
v -0.004602 0.011362 0.032369
v -0.004153 0.009933 0.035690
v -0.007642 0.010399 0.032082
v -0.004261 0.007452 0.041988
v -0.007391 0.008874 0.034133
v -0.006209 0.000751 0.048749
v -0.006097 0.000466 0.050155
v -0.007442 -0.000734 0.050424
v -0.007106 0.005093 0.041537
v -0.007956 -0.000318 0.048184
v -0.007940 -0.002583 0.050713
v -0.008891 0.000011 0.047016
v -0.011048 0.000254 0.045421
v -0.010575 0.003283 0.039302
v -0.013293 -0.000995 0.044967
v -0.010433 0.006291 0.032363
v -0.013538 0.000233 0.038959
v -0.015059 -0.002789 0.044100
v -0.013296 0.001434 0.034363
v -0.016266 -0.005328 0.044199
v -0.018399 -0.006778 0.041456
v -0.016807 -0.003963 0.038278
v -0.016224 -0.002845 0.033277
v -0.019603 -0.009341 0.035640
v -0.021094 -0.010698 0.038762
v -0.015535 -0.001836 0.029160
v -0.020446 -0.017690 0.034881
v -0.022192 -0.018006 0.037921
v -0.021521 -0.024103 0.038958
v -0.020918 -0.026191 0.034574
v -0.018622 -0.008761 0.031780
v -0.019156 -0.017703 0.031505
v -0.018493 -0.027463 0.029377
v -0.017905 -0.017550 0.027886
v -0.017750 -0.027556 0.026589
v -0.016416 -0.017020 0.022646
v -0.016253 -0.006763 0.023543
v -0.015363 -0.020151 0.017742
v -0.015664 -0.027731 0.019381
v -0.014807 -0.013079 0.017462
v -0.014556 -0.022768 0.011444
v -0.014314 -0.029282 0.012439
v -0.013088 -0.029351 0.000750
v -0.014234 -0.016613 0.011108
v -0.013627 -0.024057 0.000374
v -0.010982 -0.029959 -0.015028
v -0.013497 -0.018218 0.005701
v -0.011248 -0.024866 -0.015393
v -0.008863 -0.030103 -0.020191
v -0.009197 -0.025404 -0.020716
v -0.007655 -0.019914 -0.020731
v -0.012322 -0.019090 -0.005071
v -0.010372 -0.019389 -0.015609
v -0.009968 -0.015644 -0.005163
v -0.012583 -0.013926 0.005412
v -0.007248 -0.016651 -0.015212
v -0.013920 -0.012038 0.009802
v -0.006924 -0.015581 0.001918
v -0.013960 -0.008038 0.016080
v -0.007773 -0.013395 0.010328
v -0.011132 -0.008963 0.015304
v -0.014003 -0.003490 0.019393
v -0.004455 -0.015788 -0.008158
v -0.014846 -0.000327 0.024951
v -0.009921 0.001225 0.022222
v -0.012253 0.005184 0.023142
v -0.013086 0.004099 0.027103
v -0.006991 -0.008647 0.017949
v -0.013036 0.002739 0.030716
v -0.010585 0.008115 0.029469
v -0.010171 0.009165 0.026601
v -0.007661 0.011330 0.029726
v -0.005999 0.008025 0.028326
v -0.005993 0.000293 0.023650
v -0.000156 0.000622 0.024833
v -0.000039 -0.007370 0.019403
v 0.000131 -0.013671 0.012841
v 0.007232 -0.005892 0.019355
v 0.015426 -0.004335 0.020061
v 0.000169 -0.016221 0.008344
v 0.007891 -0.012069 0.013033
v 0.014985 -0.008876 0.013754
v 0.016070 -0.007485 0.022054
v 0.017218 -0.013163 0.027621
v 0.017160 -0.013732 0.021098
v 0.018120 -0.018361 0.031185
v 0.014007 -0.010290 0.008959
v 0.016562 -0.014165 0.014369
v 0.017545 -0.019309 0.014472
v 0.008164 -0.014024 0.008664
v 0.015088 -0.015490 0.003830
v 0.013435 -0.011424 0.004024
v 0.007842 -0.013670 0.004174
v 0.000332 -0.017339 0.003641
v 0.012156 -0.012971 -0.001661
v 0.008042 -0.014049 -0.001787
v 0.001387 -0.015874 -0.006877
v 0.013868 -0.016634 -0.005485
v 0.011985 -0.013130 -0.005625
v 0.008690 -0.013857 -0.012404
v 0.002352 -0.015064 -0.013540
v -0.003068 -0.015948 -0.014512
v 0.002721 -0.018144 -0.021426
v -0.004404 -0.018712 -0.021739
v 0.005257 -0.017779 -0.021020
v -0.002407 -0.024491 -0.023200
v -0.009197 -0.025404 -0.020716
v -0.008863 -0.030103 -0.020191
v -0.002674 -0.030338 -0.021703
v 0.002472 -0.024309 -0.022810
v 0.003060 -0.030257 -0.021730
v 0.006716 -0.030575 -0.021223
v 0.007977 -0.023551 -0.020738
v 0.013251 -0.030442 -0.017344
v 0.014794 -0.025170 -0.016618
v 0.014032 -0.020224 -0.017031
v 0.007850 -0.017600 -0.020354
v 0.011633 -0.018258 -0.018935
v 0.011615 -0.013483 -0.011691
v 0.013618 -0.017051 -0.010977
v 0.014697 -0.020597 -0.010788
v 0.014794 -0.025170 -0.016618
v 0.014935 -0.020381 -0.005270
v 0.013251 -0.030442 -0.017344
v 0.015378 -0.029496 -0.009513
v 0.015602 -0.025045 -0.010056
v 0.016024 -0.019923 0.004016
v 0.016818 -0.024515 0.004103
v 0.017880 -0.029421 0.013202
v 0.018312 -0.024449 0.014147
v 0.018338 -0.024447 0.021881
v 0.017678 -0.029209 0.022975
v 0.017549 -0.027657 0.028517
v 0.018969 -0.023563 0.031519
v 0.017780 -0.027368 0.033007
v 0.018704 -0.017766 0.035419
v 0.019076 -0.024291 0.035346
v 0.017749 -0.027834 0.035517
v 0.019154 -0.017894 0.037985
v 0.018763 -0.024717 0.037572
v 0.017381 -0.027743 0.038200
v 0.016648 -0.022871 0.048313
v -0.008070 -0.020925 0.052903
v -0.008064 -0.021835 0.051217
v -0.008637 -0.021374 0.051128
v -0.008263 -0.013921 0.051787
v -0.007803 -0.013884 0.052687
v -0.007436 -0.018987 0.055920
v -0.007940 -0.002583 0.050713
v -0.006941 -0.013945 0.058565
v -0.006710 -0.017320 0.058674
v -0.007380 -0.000457 0.051209
v -0.007442 -0.000734 0.050424
v -0.006097 0.000466 0.050155
v -0.006827 -0.002917 0.055206
v -0.005949 0.001513 0.051314
v -0.004366 0.001875 0.049346
v -0.007629 -0.015199 0.074227
v -0.007372 -0.018391 0.074378
v -0.004367 0.002407 0.051383
v -0.008285 -0.017350 0.087436
v -0.007969 -0.020646 0.087107
v -0.004643 0.000076 0.055244
v -0.002643 0.000792 0.051713
v -0.002345 0.000078 0.050762
v -0.001456 -0.001855 0.052533
v -0.001931 -0.003284 0.055401
v -0.001038 -0.013663 0.054242
v -0.004430 -0.002752 0.058207
v -0.006414 -0.005650 0.058232
v -0.001488 -0.013426 0.058742
v -0.001458 -0.020862 0.053406
v -0.002033 -0.017399 0.058838
v -0.002050 -0.005429 0.058329
v -0.004639 -0.007784 0.073932
v -0.007014 -0.009909 0.073984
v -0.002479 -0.009834 0.074073
v -0.004760 -0.011979 0.087884
v -0.007586 -0.013953 0.087700
v -0.001876 -0.015267 0.074351
v -0.002458 -0.018451 0.074469
v -0.002034 -0.020715 0.087188
v -0.002044 -0.013997 0.087804
v -0.000455 -0.017833 0.090207
v -0.001176 -0.021801 0.089645
v -0.002594 -0.020149 0.090530
v -0.004755 -0.011206 0.090472
v -0.001176 -0.013606 0.090383
v -0.002143 -0.017665 0.090864
v -0.008515 -0.013560 0.090247
v -0.002599 -0.014782 0.090988
v -0.000482 -0.018106 0.091977
v -0.001253 -0.021674 0.091576
v -0.002237 -0.021223 0.095445
v -0.004809 -0.013266 0.091053
v -0.001272 -0.013527 0.092174
v -0.001675 -0.017990 0.095795
v -0.002270 -0.014082 0.095973
v -0.004778 -0.011345 0.092277
v -0.001871 -0.018719 0.102507
v -0.002411 -0.022761 0.102277
v -0.002444 -0.016201 0.102735
v -0.001527 -0.021429 0.108899
v -0.002161 -0.025516 0.108524
v -0.004816 -0.012186 0.096074
v -0.002160 -0.017140 0.109279
v -0.004939 -0.014541 0.102822
v -0.000377 -0.022307 0.115524
v -0.001231 -0.027914 0.114236
v -0.002332 -0.026531 0.117144
v -0.005053 -0.015658 0.109409
v -0.001712 -0.022671 0.118126
v -0.001231 -0.016370 0.115274
v -0.001096 -0.023327 0.120373
v -0.001825 -0.027668 0.119005
v -0.002716 -0.027152 0.122352
v -0.002347 -0.018545 0.117861
v -0.001846 -0.018560 0.119835
v -0.005150 -0.015204 0.115214
v -0.005353 -0.016187 0.119653
v -0.002704 -0.020025 0.122968
v -0.002064 -0.023741 0.123462
v -0.003800 -0.027761 0.132214
v -0.007989 -0.017089 0.109126
v -0.003625 -0.025956 0.133844
v -0.007515 -0.016159 0.102605
v -0.003797 -0.023669 0.132571
v -0.005898 -0.025588 0.134396
v -0.005827 -0.028408 0.131885
v -0.005532 -0.018167 0.122793
v -0.007881 -0.027710 0.132109
v -0.005822 -0.022072 0.132442
v -0.008401 -0.019983 0.122836
v -0.007884 -0.023636 0.132478
v -0.008141 -0.025904 0.133743
v -0.009132 -0.023659 0.123302
v -0.008697 -0.027092 0.122518
v -0.009773 -0.023225 0.120172
v -0.009306 -0.027600 0.119307
v -0.008562 -0.026474 0.117350
v -0.008912 -0.018509 0.119665
v -0.008858 -0.022586 0.117960
v -0.008132 -0.018499 0.117721
v -0.010105 -0.022190 0.115296
v -0.009640 -0.027830 0.114457
v -0.009125 -0.016307 0.115079
v -0.008396 -0.025426 0.108370
v -0.008693 -0.021340 0.108726
v -0.007905 -0.022714 0.102128
v -0.007845 -0.021186 0.095335
v -0.007440 -0.014312 0.095854
v -0.009261 -0.018024 0.091725
v -0.008888 -0.021626 0.091459
v -0.008375 -0.013776 0.092050
v -0.007396 -0.020105 0.090460
v -0.007112 -0.014830 0.090901
v -0.007628 -0.017608 0.090687
v -0.009326 -0.017740 0.089922
v -0.008951 -0.021720 0.089544
v -0.022192 -0.018006 0.037921
v -0.022882 -0.022000 0.041495
v -0.021521 -0.024103 0.038958
v -0.023832 -0.015766 0.039232
v -0.021094 -0.010698 0.038762
v -0.023538 -0.016837 0.046788
v -0.022606 -0.023829 0.047041
v -0.022504 -0.007087 0.039874
v -0.018399 -0.006778 0.041456
v -0.022333 -0.010112 0.046400
v -0.022194 -0.017370 0.050333
v -0.020997 -0.023444 0.050779
v -0.018540 -0.003717 0.042818
v -0.016266 -0.005328 0.044199
v -0.018612 -0.007523 0.046111
v -0.021161 -0.010977 0.049653
v -0.016269 -0.008045 0.046609
v -0.015796 -0.012775 0.044902
v -0.018613 -0.009946 0.049446
v -0.015812 -0.017698 0.046889
v -0.016355 -0.024431 0.044327
v -0.016330 -0.022942 0.047492
v -0.016279 -0.011894 0.050066
v -0.015618 -0.017952 0.050322
v -0.016254 -0.022356 0.051024
v -0.020652 -0.014422 0.065669
v -0.018612 -0.016409 0.066087
v -0.017674 -0.022987 0.066773
v -0.018655 -0.025229 0.066897
v -0.023329 -0.015670 0.065736
v -0.022769 -0.016625 0.078405
v -0.019697 -0.018466 0.079401
v -0.019234 -0.024042 0.079962
v -0.019706 -0.026368 0.079767
v -0.023950 -0.020679 0.066176
v -0.023599 -0.024517 0.066552
v -0.018801 -0.024568 0.087850
v -0.019361 -0.027809 0.087583
v -0.020575 -0.026792 0.088822
v -0.025990 -0.022488 0.078585
v -0.025323 -0.025718 0.078543
v -0.025346 -0.018560 0.078215
v -0.027710 -0.022913 0.087606
v -0.027029 -0.026870 0.087558
v -0.027030 -0.018915 0.087195
v -0.023541 -0.017167 0.086705
v -0.026725 -0.023070 0.088520
v -0.025913 -0.026711 0.088908
v -0.025935 -0.020101 0.088598
v -0.027856 -0.023213 0.089388
v -0.026865 -0.027649 0.089853
v -0.026965 -0.026116 0.092710
v -0.023256 -0.018706 0.088554
v -0.026797 -0.019153 0.089467
v -0.027401 -0.023393 0.094974
v -0.027029 -0.026201 0.094929
v -0.026549 -0.019995 0.092753
v -0.023346 -0.017123 0.089382
v -0.029435 -0.025196 0.105951
v -0.028718 -0.028862 0.105885
v -0.028042 -0.028485 0.107304
v -0.026876 -0.021150 0.097923
v -0.028843 -0.026021 0.108628
v -0.028342 -0.029468 0.108643
v -0.027606 -0.028586 0.111857
v -0.028144 -0.021604 0.106264
v -0.027639 -0.022601 0.107665
v -0.028050 -0.026213 0.111984
v -0.026027 -0.029323 0.120071
v -0.027099 -0.023706 0.112017
v -0.024505 -0.020132 0.106569
v -0.026442 -0.028017 0.120912
v -0.023061 -0.018990 0.092836
v -0.026023 -0.026408 0.120203
v -0.024176 -0.027799 0.122105
v -0.024113 -0.029764 0.120177
v -0.022344 -0.029242 0.120115
v -0.023511 -0.019721 0.098030
v -0.020468 -0.020682 0.092999
v -0.019789 -0.019702 0.089446
v -0.021066 -0.021468 0.098078
v -0.020559 -0.020696 0.088608
v -0.019572 -0.022543 0.092955
v -0.018603 -0.024717 0.089401
v -0.019344 -0.020015 0.087186
v -0.019680 -0.024274 0.088549
v -0.019920 -0.028491 0.089795
v -0.020471 -0.026677 0.092934
v -0.020945 -0.026565 0.095121
v -0.020032 -0.024333 0.098029
v -0.021063 -0.027119 0.097898
v -0.020897 -0.021145 0.106456
v -0.019985 -0.024798 0.106060
v -0.020886 -0.028398 0.106130
v -0.021599 -0.022552 0.107662
v -0.021004 -0.025542 0.107419
v -0.021607 -0.028405 0.107403
v -0.024469 -0.020591 0.109201
v -0.020495 -0.026116 0.108938
v -0.021167 -0.029443 0.108822
v -0.022043 -0.028359 0.111958
v -0.022030 -0.023700 0.112155
v -0.024515 -0.022636 0.112081
v -0.021368 -0.026056 0.112189
v -0.024108 -0.025389 0.120365
v -0.022336 -0.026430 0.120242
v -0.022053 -0.027980 0.120974
v -0.015796 -0.012775 0.044902
v -0.015285 -0.020071 0.048167
v -0.016355 -0.024431 0.044327
v -0.015592 -0.014420 0.048536
v -0.015108 -0.019751 0.051155
v -0.015561 -0.004559 0.044495
v -0.016266 -0.005328 0.044199
v -0.015059 -0.002789 0.044100
v -0.014506 -0.013487 0.054786
v -0.015079 -0.001695 0.045488
v -0.014198 -0.018244 0.054502
v -0.013293 -0.000995 0.044967
v -0.015071 -0.014942 0.069207
v -0.014846 -0.018473 0.069381
v -0.016869 -0.022266 0.085397
v -0.013849 -0.000278 0.045514
v -0.011048 0.000254 0.045421
v -0.014766 -0.004049 0.050138
v -0.013965 -0.000525 0.046026
v -0.011069 0.000846 0.045817
v -0.008891 0.000011 0.047016
v -0.011143 0.001139 0.046646
v -0.008927 -0.000184 0.047722
v -0.007956 -0.000318 0.048184
v -0.007940 -0.002583 0.050713
v -0.011169 0.000396 0.050269
v -0.008845 -0.002544 0.051940
v -0.008263 -0.013921 0.051787
v -0.011364 -0.001870 0.053786
v -0.008637 -0.021374 0.051128
v -0.008948 -0.020881 0.051832
v -0.013900 -0.005331 0.053685
v -0.008460 -0.013857 0.052628
v -0.009656 -0.018974 0.054792
v -0.009102 -0.005191 0.054646
v -0.012166 -0.007893 0.068929
v -0.014594 -0.009376 0.068946
v -0.008523 -0.013796 0.054463
v -0.009773 -0.009309 0.069137
v -0.009930 -0.014643 0.069381
v -0.010467 -0.018798 0.069546
v -0.013687 -0.012972 0.085299
v -0.010833 -0.014708 0.085679
v -0.010431 -0.018107 0.085768
v -0.011036 -0.022427 0.085643
v -0.016504 -0.014437 0.085396
v -0.013694 -0.012098 0.088791
v -0.010376 -0.014261 0.088929
v -0.009703 -0.018439 0.088968
v -0.010361 -0.023454 0.088942
v -0.011317 -0.021986 0.089493
v -0.011376 -0.015157 0.089519
v -0.013723 -0.013606 0.089359
v -0.017087 -0.013946 0.088713
v -0.017844 -0.018158 0.088668
v -0.017517 -0.023237 0.088677
v -0.016453 -0.021829 0.089249
v -0.016133 -0.014928 0.089270
v -0.017675 -0.018509 0.090269
v -0.017390 -0.022705 0.090264
v -0.016507 -0.021753 0.093252
v -0.016941 -0.013722 0.090297
v -0.016711 -0.018546 0.093567
v -0.016812 -0.020931 0.097990
v -0.016180 -0.015313 0.093584
v -0.013721 -0.012096 0.090361
v -0.016362 -0.016138 0.098104
v -0.010635 -0.014004 0.090528
v -0.013782 -0.014109 0.093730
v -0.011621 -0.015516 0.093862
v -0.009911 -0.018804 0.090582
v -0.010520 -0.022905 0.090498
v -0.011541 -0.021894 0.093417
v -0.011101 -0.018757 0.093792
v -0.011553 -0.021061 0.098106
v -0.013884 -0.015371 0.098283
v -0.011617 -0.016341 0.098346
v -0.014406 -0.016273 0.107815
v -0.011532 -0.017841 0.107868
v -0.011540 -0.023551 0.107335
v -0.017359 -0.017596 0.107604
v -0.017750 -0.023414 0.107194
v -0.009928 -0.022320 0.112134
v -0.010727 -0.025924 0.111152
v -0.011510 -0.025063 0.112592
v -0.014647 -0.015460 0.111611
v -0.010722 -0.018137 0.111894
v -0.010998 -0.022712 0.114163
v -0.011512 -0.025687 0.113813
v -0.012355 -0.024887 0.116222
v -0.011552 -0.019383 0.114358
v -0.011956 -0.022728 0.116504
v -0.013819 -0.027052 0.128697
v -0.013815 -0.024090 0.128955
v -0.014804 -0.017805 0.116646
v -0.018574 -0.017944 0.111337
v -0.019486 -0.022098 0.111516
v -0.018980 -0.025775 0.110872
v -0.018212 -0.024937 0.112366
v -0.018668 -0.022530 0.113566
v -0.018308 -0.025688 0.113255
v -0.017406 -0.024902 0.115803
v -0.017135 -0.020040 0.116256
v -0.017717 -0.022594 0.116072
v -0.016970 -0.026996 0.128574
v -0.016961 -0.024025 0.128849
v -0.015429 -0.025202 0.129902
v -0.015373 -0.027443 0.128704
v -0.015372 -0.022613 0.129144
v 0.006224 -0.013217 0.053933
v 0.006250 -0.023603 0.053544
v 0.005270 -0.021050 0.054703
v 0.006088 -0.013137 0.054196
v 0.006217 -0.001429 0.051381
v 0.005473 -0.001264 0.051974
v 0.006199 -0.013734 0.056831
v 0.005648 -0.019102 0.058162
v 0.005730 -0.005497 0.055746
v 0.004914 0.000128 0.051540
v 0.006098 -0.012586 0.076177
v 0.005415 -0.017297 0.076386
v 0.005785 -0.010059 0.076052
v 0.009261 -0.017909 0.091245
v 0.008139 -0.022758 0.091080
v 0.008599 -0.014583 0.091070
v 0.010051 -0.017740 0.093784
v 0.008795 -0.023423 0.093698
v 0.007804 -0.021996 0.094675
v 0.005019 -0.011223 0.093722
v 0.008741 -0.017743 0.094691
v 0.009214 -0.013810 0.093676
v 0.008102 -0.014523 0.094599
v 0.009652 -0.017880 0.095581
v 0.008514 -0.022508 0.095437
v 0.007806 -0.021935 0.097771
v 0.004950 -0.012255 0.094637
v 0.008868 -0.013985 0.095473
v 0.007995 -0.014364 0.097721
v 0.008222 -0.022440 0.107003
v 0.004987 -0.011064 0.095358
v 0.007631 -0.016232 0.107033
v 0.004956 -0.011740 0.097618
v 0.008493 -0.018325 0.114678
v 0.008497 -0.024864 0.114096
v 0.005085 -0.014672 0.107001
v 0.005033 -0.015733 0.114297
v 0.001809 -0.014252 0.097775
v 0.000915 -0.013853 0.095535
v 0.002393 -0.015989 0.107249
v 0.001640 -0.014423 0.094656
v -0.000017 -0.017626 0.095786
v 0.001083 -0.017626 0.097985
v 0.000560 -0.013692 0.093757
v 0.001816 -0.018556 0.107189
v 0.001174 -0.014477 0.091150
v 0.001742 -0.021621 0.097801
v 0.000929 -0.022155 0.095551
v 0.001835 -0.022131 0.106996
v 0.001661 -0.021670 0.094708
v 0.000801 -0.020958 0.114848
v 0.001585 -0.024431 0.114006
v 0.000875 -0.017532 0.094878
v 0.001589 -0.017334 0.114645
v -0.000445 -0.017453 0.094046
v 0.000595 -0.022982 0.093793
v 0.001205 -0.022288 0.091165
v 0.000441 -0.017550 0.091433
v 0.000416 -0.017224 0.076394
v -0.000090 -0.011780 0.076162
v -0.000589 -0.016923 0.060889
v 0.000472 -0.009655 0.076029
v -0.000972 -0.013518 0.057628
v -0.000758 -0.017079 0.058057
v 0.003536 -0.007497 0.075911
v -0.000812 -0.013508 0.054498
v -0.000651 -0.019835 0.054965
v -0.000368 -0.004267 0.056308
v -0.000188 -0.001393 0.052703
v 0.000675 0.000470 0.051655
v 0.002897 -0.002433 0.058502
v 0.002917 -0.000750 0.055165
v 0.002805 0.002106 0.051134
v 0.004902 -0.015213 0.119031
v 0.000474 -0.017904 0.119023
v 0.008706 -0.018500 0.118775
v -0.000241 -0.021794 0.119274
v 0.000465 -0.028285 0.119696
v 0.001905 -0.026844 0.120922
v 0.009740 -0.022311 0.118934
v 0.009286 -0.028854 0.119474
v 0.008370 -0.027164 0.121245
v 0.007778 -0.018838 0.120483
v 0.001457 -0.018818 0.120638
v 0.000683 -0.022788 0.120689
v 0.004927 -0.016564 0.120595
v 0.000429 -0.023654 0.123556
v 0.001242 -0.027126 0.123976
v 0.001254 -0.019874 0.123176
v 0.004832 -0.016969 0.123097
v 0.002243 -0.022102 0.126743
v 0.001650 -0.024683 0.127268
v 0.002251 -0.026869 0.127718
v 0.008388 -0.020535 0.123192
v 0.002656 -0.026048 0.135366
v 0.003090 -0.028580 0.135409
v 0.003575 -0.023638 0.135286
v 0.004812 -0.022890 0.135101
v 0.004807 -0.026966 0.137052
v 0.004710 -0.029375 0.136564
v 0.006445 -0.028797 0.135226
v 0.007247 -0.022315 0.126538
v 0.006399 -0.023981 0.135133
v 0.006896 -0.026521 0.135220
v 0.007234 -0.027093 0.127496
v 0.007779 -0.024956 0.127013
v 0.008300 -0.027447 0.123967
v 0.008960 -0.023678 0.123438
v -0.024113 -0.029764 0.120177
v -0.022344 -0.029242 0.120115
v -0.022043 -0.028359 0.111958
v -0.024502 -0.029250 0.111790
v -0.026027 -0.029323 0.120071
v -0.027606 -0.028586 0.111857
v -0.024469 -0.030518 0.108761
v -0.021167 -0.029443 0.108822
v -0.028342 -0.029468 0.108643
v -0.021607 -0.028405 0.107403
v -0.028042 -0.028485 0.107304
v -0.024503 -0.029835 0.106068
v -0.020886 -0.028398 0.106130
v -0.028718 -0.028862 0.105885
v -0.021063 -0.027119 0.097898
v -0.027029 -0.026201 0.094929
v -0.023148 -0.027179 0.094926
v -0.020945 -0.026565 0.095121
v -0.026965 -0.026116 0.092710
v -0.023062 -0.027220 0.092709
v -0.020471 -0.026677 0.092934
v -0.023341 -0.029336 0.089965
v -0.026865 -0.027649 0.089853
v -0.019920 -0.028491 0.089795
v -0.025913 -0.026711 0.088908
v -0.020575 -0.026792 0.088822
v -0.023512 -0.028779 0.087250
v -0.019361 -0.027809 0.087583
v -0.027029 -0.026870 0.087558
v -0.019706 -0.026368 0.079767
v -0.025323 -0.025718 0.078543
v -0.022769 -0.027190 0.078912
v -0.018655 -0.025229 0.066897
v -0.023599 -0.024517 0.066552
v -0.020632 -0.025875 0.066745
v -0.020997 -0.023444 0.050779
v -0.018539 -0.025701 0.051255
v -0.016254 -0.022356 0.051024
v -0.016330 -0.022942 0.047492
v -0.018537 -0.026574 0.047538
v -0.022606 -0.023829 0.047041
v -0.016355 -0.024431 0.044327
v -0.018633 -0.025608 0.044415
v -0.022882 -0.022000 0.041495
v -0.019399 -0.027033 0.040874
v -0.021521 -0.024103 0.038958
v -0.016796 -0.029073 0.036167
v -0.020918 -0.026191 0.034574
v -0.010901 -0.026288 0.040321
v -0.015501 -0.029702 0.030777
v -0.018493 -0.027463 0.029377
v -0.017750 -0.027556 0.026589
v -0.008662 -0.028626 0.034747
v -0.014701 -0.029922 0.025578
v -0.015664 -0.027731 0.019381
v -0.007525 -0.029466 0.030362
v -0.002205 -0.028278 0.036358
v -0.014082 -0.029539 0.019297
v -0.014314 -0.029282 0.012439
v -0.007403 -0.029841 0.025359
v 0.004718 -0.029377 0.031851
v -0.007357 -0.030732 0.012778
v -0.007536 -0.030373 0.019557
v 0.005656 -0.029658 0.026777
v -0.006622 -0.030840 0.001764
v -0.013088 -0.029351 0.000750
v 0.008325 -0.029954 0.014019
v -0.005268 -0.031085 -0.008222
v -0.010982 -0.029959 -0.015028
v 0.008720 -0.030140 0.003592
v -0.003648 -0.030491 -0.018100
v -0.008863 -0.030103 -0.020191
v -0.002674 -0.030338 -0.021703
v 0.001446 -0.030444 -0.007005
v 0.002375 -0.030396 -0.016950
v 0.003060 -0.030257 -0.021730
v 0.006716 -0.030575 -0.021223
v 0.008075 -0.030323 -0.016120
v 0.013251 -0.030442 -0.017344
v 0.008650 -0.030042 -0.010623
v 0.015378 -0.029496 -0.009513
v 0.017880 -0.029421 0.013202
v 0.013476 -0.029269 0.021483
v 0.017678 -0.029209 0.022975
v 0.006765 -0.029775 0.020585
v 0.011623 -0.028737 0.027485
v 0.017549 -0.027657 0.028517
v 0.010983 -0.028403 0.032517
v 0.017780 -0.027368 0.033007
v 0.017749 -0.027834 0.035517
v 0.010771 -0.027853 0.037280
v 0.017381 -0.027743 0.038200
v 0.003945 -0.028210 0.037404
v 0.010733 -0.026743 0.043585
v 0.016648 -0.022871 0.048313
v -0.003793 -0.025981 0.043243
v 0.003201 -0.025922 0.045413
v 0.012417 -0.025723 0.049016
v 0.017101 -0.022986 0.049995
v 0.006250 -0.023603 0.053544
v 0.012530 -0.026555 0.050915
v 0.016652 -0.022524 0.056251
v 0.006778 -0.023866 0.054432
v 0.012693 -0.025774 0.057041
v 0.017466 -0.022334 0.060097
v 0.007828 -0.021683 0.057562
v 0.012638 -0.025302 0.060605
v 0.008086 -0.019905 0.060918
v 0.013299 -0.024036 0.075318
v 0.020216 -0.023371 0.075324
v 0.010297 -0.021387 0.077401
v 0.017195 -0.026203 0.090880
v 0.022537 -0.025120 0.090772
v 0.012603 -0.023852 0.091422
v 0.017043 -0.029123 0.094502
v 0.024222 -0.027730 0.094388
v 0.011874 -0.026232 0.095217
v 0.022780 -0.026269 0.095802
v 0.017163 -0.027361 0.095875
v 0.013176 -0.025097 0.096411
v 0.017281 -0.028837 0.096974
v 0.024621 -0.027352 0.096955
v 0.011385 -0.026005 0.097529
v 0.023469 -0.026553 0.099374
v 0.012329 -0.025445 0.099826
v 0.017431 -0.027956 0.099366
v 0.015110 -0.025937 0.106698
v 0.019139 -0.028575 0.107177
v 0.022289 -0.026646 0.107504
v 0.017891 -0.030677 0.116134
v 0.013817 -0.027497 0.115710
v 0.023037 -0.028723 0.116522
v 0.013727 -0.029840 0.118498
v 0.018198 -0.032695 0.118525
v 0.023780 -0.031222 0.119430
v 0.015493 -0.029235 0.121949
v 0.021743 -0.029028 0.122881
v 0.017369 -0.031298 0.122022
v 0.013626 -0.031329 0.124049
v 0.022366 -0.032261 0.125139
v 0.017120 -0.033643 0.123963
v 0.014723 -0.031132 0.128871
v 0.016990 -0.033369 0.128864
v 0.021556 -0.031575 0.129698
v 0.016816 -0.032089 0.139115
v 0.015014 -0.031114 0.139142
v 0.019178 -0.031427 0.139584
v -0.009666 -0.023341 0.043239
v -0.015285 -0.020071 0.048167
v -0.011441 -0.022333 0.048418
v -0.015108 -0.019751 0.051155
v -0.008064 -0.021835 0.051217
v -0.011738 -0.020848 0.051355
v -0.014198 -0.018244 0.054502
v -0.008637 -0.021374 0.051128
v -0.008948 -0.020881 0.051832
v -0.009656 -0.018974 0.054792
v -0.011952 -0.019238 0.054655
v -0.014846 -0.018473 0.069381
v -0.012328 -0.019339 0.069450
v -0.010467 -0.018798 0.069546
v -0.013736 -0.023500 0.085289
v -0.016869 -0.022266 0.085397
v -0.011036 -0.022427 0.085643
v -0.013694 -0.024709 0.088792
v -0.017517 -0.023237 0.088677
v -0.010361 -0.023454 0.088942
v -0.013713 -0.022878 0.089358
v -0.016453 -0.021829 0.089249
v -0.011317 -0.021986 0.089493
v -0.013701 -0.023930 0.090343
v -0.017390 -0.022705 0.090264
v -0.010520 -0.022905 0.090498
v -0.016507 -0.021753 0.093252
v -0.011541 -0.021894 0.093417
v -0.013768 -0.022623 0.093080
v -0.013879 -0.021627 0.097839
v -0.016812 -0.020931 0.097990
v -0.011553 -0.021061 0.098106
v -0.014389 -0.024386 0.106993
v -0.017750 -0.023414 0.107194
v -0.011540 -0.023551 0.107335
v -0.014639 -0.027041 0.110485
v -0.018980 -0.025775 0.110872
v -0.010727 -0.025924 0.111152
v -0.018212 -0.024937 0.112366
v -0.011510 -0.025063 0.112592
v -0.014666 -0.025931 0.112069
v -0.014797 -0.026727 0.113388
v -0.018308 -0.025688 0.113255
v -0.011512 -0.025687 0.113813
v -0.017406 -0.024902 0.115803
v -0.012355 -0.024887 0.116222
v -0.014801 -0.025650 0.115926
v -0.016970 -0.026996 0.128574
v -0.013819 -0.027052 0.128697
v -0.015373 -0.027443 0.128704
v -0.004590 -0.021991 0.052123
v -0.008070 -0.020925 0.052903
v -0.007436 -0.018987 0.055920
v -0.000856 -0.021751 0.052957
v -0.004644 -0.020723 0.056224
v -0.006710 -0.017320 0.058674
v -0.001458 -0.020862 0.053406
v -0.002033 -0.017399 0.058838
v 0.002305 -0.022465 0.053132
v 0.005270 -0.021050 0.054703
v -0.004429 -0.018870 0.058990
v -0.002458 -0.018451 0.074469
v -0.007372 -0.018391 0.074378
v 0.001963 -0.020930 0.053803
v -0.000651 -0.019835 0.054965
v -0.004636 -0.019606 0.074498
v 0.002317 -0.018854 0.058140
v -0.000758 -0.017079 0.058057
v 0.005648 -0.019102 0.058162
v -0.000589 -0.016923 0.060889
v 0.002355 -0.018554 0.061054
v 0.005415 -0.017297 0.076386
v 0.000416 -0.017224 0.076394
v -0.004756 -0.021842 0.087011
v -0.002034 -0.020715 0.087188
v -0.007969 -0.020646 0.087107
v 0.002896 -0.018961 0.076453
v 0.001205 -0.022288 0.091165
v 0.004938 -0.023860 0.091135
v 0.008139 -0.022758 0.091080
v 0.004902 -0.024679 0.093791
v 0.000595 -0.022982 0.093793
v 0.008795 -0.023423 0.093698
v 0.004938 -0.022943 0.094687
v 0.001661 -0.021670 0.094708
v 0.007804 -0.021996 0.094675
v 0.004927 -0.023509 0.095370
v 0.000929 -0.022155 0.095551
v 0.008514 -0.022508 0.095437
v 0.001742 -0.021621 0.097801
v 0.007806 -0.021935 0.097771
v 0.004898 -0.023487 0.106703
v 0.001835 -0.022131 0.106996
v 0.008222 -0.022440 0.107003
v 0.004860 -0.025738 0.113793
v 0.001585 -0.024431 0.114006
v 0.008497 -0.024864 0.114096
v 0.004614 -0.029568 0.119568
v 0.000465 -0.028285 0.119696
v 0.009286 -0.028854 0.119474
v 0.001905 -0.026844 0.120922
v 0.008370 -0.027164 0.121245
v 0.004676 -0.028432 0.124063
v 0.001242 -0.027126 0.123976
v 0.008300 -0.027447 0.123967
v 0.002251 -0.026869 0.127718
v 0.007234 -0.027093 0.127496
v 0.004814 -0.027704 0.127798
v 0.003090 -0.028580 0.135409
v 0.006445 -0.028797 0.135226
v 0.004710 -0.029375 0.136564
v -0.004750 -0.023082 0.089409
v -0.008951 -0.021720 0.089544
v -0.001176 -0.021801 0.089645
v -0.007396 -0.020105 0.090460
v -0.002594 -0.020149 0.090530
v -0.004806 -0.020951 0.090398
v -0.004779 -0.022804 0.091409
v -0.008888 -0.021626 0.091459
v -0.001253 -0.021674 0.091576
v -0.007845 -0.021186 0.095335
v -0.002237 -0.021223 0.095445
v -0.004818 -0.022192 0.095307
v -0.004943 -0.023673 0.102147
v -0.007905 -0.022714 0.102128
v -0.002411 -0.022761 0.102277
v -0.005055 -0.026833 0.108329
v -0.008396 -0.025426 0.108370
v -0.002161 -0.025516 0.108524
v -0.005136 -0.029725 0.113750
v -0.009640 -0.027830 0.114457
v -0.001231 -0.027914 0.114236
v -0.008562 -0.026474 0.117350
v -0.002332 -0.026531 0.117144
v -0.005217 -0.027775 0.116775
v -0.005349 -0.029060 0.118514
v -0.009306 -0.027600 0.119307
v -0.001825 -0.027668 0.119005
v -0.005495 -0.028241 0.121873
v -0.008697 -0.027092 0.122518
v -0.002716 -0.027152 0.122352
v -0.005827 -0.028408 0.131885
v -0.007881 -0.027710 0.132109
v -0.003800 -0.027761 0.132214
v 0.018868 -0.016894 0.049381
v 0.017458 -0.017134 0.047992
v 0.016648 -0.022871 0.048313
v 0.016662 -0.006343 0.047506
v 0.017101 -0.022986 0.049995
v 0.017592 -0.005671 0.048139
v 0.014733 -0.002482 0.047274
v 0.019691 -0.016057 0.055141
v 0.016652 -0.022524 0.056251
v 0.015220 -0.001194 0.047721
v 0.012407 -0.000298 0.048218
v 0.017870 -0.005617 0.053828
v 0.013572 -0.001280 0.053541
v 0.012525 0.001102 0.048547
v 0.009899 0.000306 0.049626
v 0.009817 -0.000623 0.049344
v 0.013980 -0.002294 0.057649
v 0.007149 -0.000667 0.050875
v 0.006213 -0.001101 0.050973
v 0.006217 -0.001429 0.051381
v 0.006224 -0.013217 0.053933
v 0.007748 -0.003009 0.055514
v 0.006339 -0.013409 0.054243
v 0.006250 -0.023603 0.053544
v 0.006778 -0.023866 0.054432
v 0.007828 -0.021683 0.057562
v 0.006348 -0.013548 0.056814
v 0.008086 -0.019905 0.060918
v 0.008430 -0.004945 0.059254
v 0.009266 -0.017853 0.077273
v 0.010297 -0.021387 0.077401
v 0.011071 -0.011806 0.076944
v 0.015347 -0.007525 0.076754
v 0.017608 -0.005908 0.057955
v 0.012296 -0.016701 0.091881
v 0.010634 -0.020419 0.091757
v 0.012603 -0.023852 0.091422
v 0.019222 -0.015626 0.059052
v 0.017466 -0.022334 0.060097
v 0.020216 -0.023371 0.075324
v 0.009712 -0.021145 0.095769
v 0.011874 -0.026232 0.095217
v 0.021597 -0.018976 0.077349
v 0.022537 -0.025120 0.090772
v 0.020542 -0.010884 0.076953
v 0.024169 -0.021006 0.091169
v 0.017201 -0.013557 0.091488
v 0.022862 -0.016318 0.091178
v 0.017043 -0.013877 0.095533
v 0.011599 -0.016882 0.095949
v 0.011516 -0.021167 0.096844
v 0.013176 -0.025097 0.096411
v 0.011385 -0.026005 0.097529
v 0.024439 -0.016500 0.095097
v 0.025823 -0.021834 0.095095
v 0.024222 -0.027730 0.094388
v 0.022780 -0.026269 0.095802
v 0.023988 -0.021700 0.096387
v 0.022912 -0.017310 0.096414
v 0.026165 -0.021892 0.097573
v 0.024621 -0.027352 0.096955
v 0.023469 -0.026553 0.099374
v 0.017168 -0.015194 0.096758
v 0.012983 -0.017596 0.097017
v 0.016785 -0.012995 0.097999
v 0.024736 -0.015912 0.097630
v 0.011034 -0.016214 0.098238
v 0.023561 -0.016572 0.099934
v 0.009019 -0.021101 0.098006
v 0.012329 -0.025445 0.099826
v 0.011941 -0.016860 0.100440
v 0.010221 -0.021019 0.100254
v 0.015110 -0.025937 0.106698
v 0.016781 -0.014052 0.100243
v 0.014079 -0.018730 0.107150
v 0.012820 -0.020925 0.106736
v 0.011933 -0.023137 0.115523
v 0.013817 -0.027497 0.115710
v 0.017802 -0.016267 0.107792
v 0.011722 -0.023746 0.119101
v 0.013727 -0.029840 0.118498
v 0.013408 -0.020625 0.116433
v 0.022527 -0.018394 0.107772
v 0.017671 -0.018061 0.117245
v 0.024731 -0.021859 0.099889
v 0.013544 -0.018764 0.120047
v 0.023163 -0.022663 0.107401
v 0.022289 -0.026646 0.107504
v 0.023226 -0.020823 0.117275
v 0.024095 -0.024794 0.116494
v 0.023037 -0.028723 0.116522
v 0.018177 -0.017119 0.120610
v 0.024701 -0.025394 0.120205
v 0.023780 -0.031222 0.119430
v 0.021743 -0.029028 0.122881
v 0.023309 -0.019885 0.120789
v 0.014112 -0.021065 0.122476
v 0.021956 -0.021392 0.123557
v 0.017730 -0.018358 0.123192
v 0.012965 -0.025051 0.121983
v 0.015493 -0.029235 0.121949
v 0.013335 -0.021363 0.125392
v 0.011730 -0.026285 0.124609
v 0.013626 -0.031329 0.124049
v 0.014723 -0.031132 0.128871
v 0.017575 -0.019224 0.126313
v 0.014428 -0.024497 0.129280
v 0.013018 -0.026970 0.129206
v 0.015014 -0.031114 0.139142
v 0.022908 -0.025420 0.123225
v 0.022656 -0.022410 0.127020
v 0.023652 -0.026516 0.126603
v 0.022366 -0.032261 0.125139
v 0.021556 -0.031575 0.129698
v 0.021754 -0.024658 0.130323
v 0.021963 -0.027616 0.130111
v 0.019178 -0.031427 0.139584
v 0.017360 -0.022109 0.129887
v 0.019328 -0.027078 0.139994
v 0.019535 -0.029025 0.140579
v 0.015127 -0.027015 0.139504
v 0.017000 -0.025397 0.139714
v 0.016984 -0.028853 0.141047
v 0.016816 -0.032089 0.139115
v 0.014918 -0.028584 0.140130
vn -0.8371 -0.0994 0.5380
vn -0.4436 -0.6255 0.6419
vn -0.6146 -0.4636 0.6383
vn -0.7092 0.0581 0.7027
vn -0.5725 0.0926 0.8147
vn -0.3258 0.4483 0.8324
vn -0.4754 0.5130 0.7147
vn -0.1734 0.7694 0.6147
vn -0.5713 0.7781 0.2612
vn 0.2233 0.7388 0.6359
vn 0.0756 0.9967 -0.0297
vn -0.2732 0.7580 0.5923
vn 0.0544 0.9139 0.4023
vn 0.7079 0.7001 0.0934
vn -0.0140 0.8560 0.5167
vn 0.5142 0.7140 0.4751
vn 0.6565 0.4981 0.5665
vn 0.5552 0.6519 0.5165
vn 0.2695 0.8198 0.5052
vn 0.5805 0.7570 0.3000
vn 0.2385 0.8347 0.4963
vn 0.4711 0.8548 0.2177
vn 0.0089 0.9349 0.3548
vn 0.8003 0.5982 0.0400
vn 0.7868 0.6172 -0.0012
vn 0.9381 0.3376 0.0771
vn 0.4928 0.7922 0.3599
vn 0.7170 0.6663 0.2049
vn 0.9401 0.3400 0.0226
vn 0.8294 0.5537 0.0743
vn 0.7587 0.6209 0.1970
vn 0.9913 0.1262 0.0382
vn 0.9839 -0.0011 0.1790
vn 0.8089 0.5286 0.2573
vn 0.5223 0.7400 0.4239
vn 0.8969 0.4377 0.0630
vn 0.1651 0.8943 0.4158
vn 0.8458 0.4514 0.2842
vn 0.3044 0.9457 -0.1137
vn 0.6426 0.6456 -0.4127
vn 0.0507 0.9946 -0.0911
vn 0.9518 0.2977 -0.0734
vn -0.1505 0.6304 -0.7615
vn -0.2174 0.4975 -0.8398
vn 0.9801 0.1144 -0.1625
vn -0.0893 0.5585 -0.8247
vn 0.0760 0.6726 -0.7361
vn 0.0755 0.9318 -0.3549
vn -0.1978 0.9028 0.3819
vn 0.0322 0.9961 -0.0820
vn -0.3643 0.8281 0.4260
vn -0.5595 0.7330 0.3868
vn -0.3956 0.8057 0.4409
vn -0.5929 0.6965 0.4041
vn -0.5824 0.7303 0.3570
vn -0.5763 0.7834 0.2327
vn -0.8067 0.5259 0.2694
vn -0.5706 0.7112 0.4106
vn -0.6125 0.6800 0.4030
vn -0.9199 0.2890 0.2649
vn -0.4506 0.7396 0.4999
vn -0.5662 0.7468 0.3488
vn -0.6587 0.6910 0.2977
vn -0.6869 0.6962 0.2085
vn -0.7741 0.5610 0.2933
vn -0.7551 0.6359 0.1596
vn -0.7853 0.5910 0.1845
vn -0.8148 0.5678 0.1172
vn -0.8134 0.4032 0.4192
vn -0.8347 0.5473 0.0607
vn -0.8361 0.5476 0.0307
vn -0.8795 0.4751 -0.0258
vn -0.9229 0.3279 -0.2020
vn -0.9020 0.3345 -0.2728
vn -0.9211 0.3878 -0.0328
vn -0.9318 0.0686 -0.3564
vn -0.9319 0.0567 -0.3584
vn -0.9550 -0.0278 -0.2954
vn -0.9317 0.0168 -0.3628
vn -0.9511 0.2331 -0.2025
vn -0.9413 0.0548 -0.3330
vn -0.9408 0.0243 -0.3380
vn -0.9573 0.0326 -0.2872
vn -0.9611 0.0123 -0.2759
vn -0.9644 0.0344 -0.2621
vn -0.9539 0.1739 -0.2445
vn -0.9804 0.0267 -0.1954
vn -0.9784 -0.0067 -0.2064
vn -0.9758 0.0792 -0.2038
vn -0.9920 0.0047 -0.1261
vn -0.9913 -0.0497 -0.1222
vn -0.9903 -0.0810 -0.1125
vn -0.9850 0.0709 -0.1571
vn -0.9929 0.0150 -0.1177
vn -0.9642 -0.0885 -0.2498
vn -0.9722 0.1647 -0.1663
vn -0.9597 0.0375 -0.2785
vn -0.9274 -0.0898 -0.3630
vn -0.9164 0.0486 -0.3974
vn -0.5590 0.4670 -0.6852
vn -0.9318 0.3137 -0.1825
vn -0.8409 0.4416 -0.3130
vn -0.4523 0.8782 -0.1554
vn -0.5306 0.7879 -0.3125
vn -0.4086 0.8714 -0.2715
vn -0.6171 0.6563 -0.4341
vn 0.1787 0.9793 -0.0950
vn -0.6322 0.5003 -0.5916
vn 0.2218 0.8840 -0.4116
vn 0.1879 0.7328 -0.6540
vn -0.6094 0.4393 -0.6600
vn -0.0102 0.9999 -0.0075
vn -0.9356 0.3248 -0.1387
vn 0.3259 0.4416 -0.8359
vn -0.3902 0.6280 -0.6733
vn -0.8950 0.4425 0.0557
vn 0.2376 0.6506 -0.7213
vn -0.8692 0.4777 0.1279
vn -0.8102 0.5468 0.2109
vn -0.3142 0.7972 -0.5155
vn -0.1256 0.9505 -0.2843
vn 0.3670 0.5539 -0.7473
vn 0.2901 0.5117 -0.8087
vn 0.0583 0.5753 -0.8159
vn -0.0182 0.6442 -0.7646
vn -0.0078 0.8220 -0.5695
vn -0.1092 0.6778 -0.7271
vn 0.6701 0.5975 -0.4403
vn -0.0167 0.9544 -0.2981
vn -0.2501 0.8179 -0.5181
vn 0.5342 0.6952 -0.4809
vn 0.9739 0.2202 -0.0545
vn 0.9849 0.1276 -0.1166
vn 0.9838 0.1640 -0.0720
vn 0.9912 0.0754 -0.1093
vn 0.3395 0.8969 -0.2833
vn 0.9620 0.2268 -0.1521
vn 0.9826 0.1582 -0.0973
vn -0.3649 0.9062 -0.2136
vn 0.9319 0.3113 -0.1861
vn 0.3663 0.9037 -0.2215
vn -0.3777 0.9246 -0.0494
vn -0.0715 0.9960 -0.0533
vn 0.3375 0.9274 -0.1610
vn -0.3122 0.9498 -0.0226
vn -0.1269 0.9908 0.0480
vn 0.9207 0.3774 -0.0990
vn 0.4087 0.9112 -0.0510
vn -0.0541 0.9707 -0.2342
vn -0.1064 0.9814 -0.1601
vn -0.1287 0.9726 -0.1934
vn 0.0605 0.6297 -0.7744
vn -0.1935 0.6159 -0.7637
vn 0.1130 0.6092 -0.7849
vn -0.1163 -0.0022 -0.9932
vn -0.3112 -0.0633 -0.9482
vn -0.2805 -0.1824 -0.9424
vn -0.1290 -0.1994 -0.9714
vn 0.1520 0.0244 -0.9881
vn 0.1678 -0.1298 -0.9772
vn 0.3834 -0.0468 -0.9224
vn 0.3909 0.0141 -0.9203
vn 0.5111 -0.0320 -0.8589
vn 0.5147 -0.0137 -0.8573
vn 0.8459 0.2182 -0.4866
vn 0.1905 0.5785 -0.7931
vn 0.5564 0.4226 -0.7154
vn 0.4572 0.8569 -0.2383
vn 0.9034 0.4067 -0.1358
vn 0.9709 0.2268 -0.0774
vn 0.9885 -0.0110 -0.1505
vn 0.9625 0.2508 -0.1036
vn 0.9676 -0.1724 -0.1845
vn 0.9887 -0.0595 -0.1379
vn 0.9917 0.0549 -0.1167
vn 0.9762 0.1696 -0.1352
vn 0.9915 0.0578 -0.1162
vn 0.9949 -0.0704 -0.0722
vn 0.9971 0.0335 -0.0688
vn 0.9998 -0.0173 -0.0108
vn 0.9924 -0.1181 0.0359
vn 0.9635 -0.2674 -0.0129
vn 0.9946 -0.0784 -0.0675
vn 0.9433 -0.3270 -0.0575
vn 0.9950 0.0290 -0.0959
vn 0.9875 -0.1551 -0.0272
vn 0.9342 -0.3562 0.0225
vn 0.9984 -0.0141 0.0543
vn 0.9657 -0.2270 0.1263
vn 0.9146 -0.3660 0.1721
vn 0.9702 -0.1370 0.1999
vn -0.9485 -0.0555 0.3119
vn -0.6153 -0.6946 0.3727
vn -0.8347 -0.3828 0.3960
vn -0.9144 0.0488 0.4019
vn -0.9578 0.0429 0.2844
vn -0.9834 0.0220 0.1798
vn -0.8615 0.1093 0.4958
vn -0.9976 0.0190 0.0660
vn -0.9964 -0.0334 0.0785
vn -0.8893 0.4476 0.0935
vn -0.8868 0.4316 -0.1655
vn -0.6667 0.6640 -0.3387
vn -0.8834 0.3049 0.3558
vn -0.6733 0.7373 0.0553
vn 0.0415 0.9305 -0.3639
vn -0.9991 0.0223 -0.0360
vn -0.9951 -0.0816 -0.0563
vn 0.0788 0.9942 0.0737
vn -0.9749 0.0584 -0.2150
vn -0.9667 -0.0667 -0.2472
vn -0.0388 0.7713 0.6353
vn 0.7599 0.6329 0.1484
vn 0.8325 0.5429 -0.1109
vn 0.8457 0.4089 0.3430
vn 0.8720 0.3495 0.3427
vn 0.9921 -0.0125 0.1245
vn -0.0203 0.8334 0.5523
vn -0.9228 0.3216 0.2120
vn 0.9972 -0.0154 0.0728
vn 0.9861 -0.0942 0.1368
vn 0.9892 -0.1216 0.0814
vn 0.9123 0.3580 0.1990
vn -0.0137 0.9604 0.2784
vn -0.8906 0.4448 0.0948
vn 0.8853 0.4452 0.1340
vn 0.0154 0.9989 -0.0437
vn -0.8452 0.5176 -0.1335
vn 0.9999 -0.0108 0.0103
vn 0.9948 -0.1016 -0.0014
vn 0.9669 -0.0530 -0.2496
vn 0.8850 0.4397 -0.1530
vn 0.9339 -0.0418 0.3551
vn 0.9614 -0.2000 0.1889
vn 0.9579 -0.2247 0.1789
vn 0.0110 0.9172 0.3982
vn 0.7837 0.4859 0.3869
vn 0.9939 -0.0127 0.1098
vn -0.7808 0.5031 0.3705
vn 0.8536 0.4931 0.1677
vn 0.9558 -0.0017 -0.2939
vn 0.9580 -0.1582 -0.2392
vn 0.9721 -0.1846 0.1451
vn -0.0246 0.9808 0.1936
vn 0.7923 0.5302 -0.3019
vn 0.9870 -0.0048 0.1607
vn 0.8074 0.5407 0.2361
vn -0.0110 0.9535 -0.3011
vn 0.9995 0.0307 -0.0039
vn 0.9882 -0.1411 -0.0596
vn 0.8357 0.5351 0.1233
vn 0.9926 0.0036 -0.1216
vn 0.9796 -0.1235 -0.1584
vn -0.0159 0.9586 0.2842
vn 0.8138 0.5790 -0.0492
vn -0.0015 0.9741 0.2262
vn 0.9848 -0.0166 0.1728
vn 0.9821 -0.1758 0.0672
vn 0.9789 -0.1751 0.1057
vn 0.0116 0.9999 -0.0075
vn 0.9972 -0.0017 0.0751
vn 0.7743 0.6156 0.1464
vn 0.9984 -0.0089 0.0566
vn 0.9861 -0.1631 -0.0333
vn 0.9508 -0.2345 0.2025
vn 0.8373 0.5000 0.2212
vn 0.8321 0.5429 0.1133
vn 0.0066 0.9853 0.1705
vn -0.0519 0.9362 0.3477
vn 0.7736 0.5143 0.3701
vn 0.9757 -0.0144 0.2186
vn 0.6898 -0.5251 0.4985
vn -0.8101 0.5783 -0.0961
vn 0.6521 -0.1459 0.7439
vn -0.8633 0.4999 0.0693
vn 0.7042 0.4803 0.5229
vn -0.0248 -0.0524 0.9983
vn -0.0248 -0.6701 0.7418
vn -0.0093 0.8823 0.4706
vn -0.7257 -0.4980 0.4746
vn -0.0076 0.8009 0.5987
vn -0.7908 0.5289 0.3082
vn -0.7222 0.4911 0.4870
vn -0.6906 -0.1247 0.7124
vn -0.9874 0.0300 0.1552
vn -0.9778 -0.1566 0.1390
vn -0.9979 0.0429 -0.0493
vn -0.9909 -0.0881 -0.1018
vn -0.9957 -0.0859 0.0361
vn -0.8304 0.5567 0.0225
vn -0.9989 0.0466 0.0088
vn -0.8350 0.5262 0.1610
vn -0.9902 0.0399 0.1341
vn -0.9943 -0.0907 0.0552
vn -0.7253 0.6549 0.2123
vn -0.9835 -0.0552 -0.1722
vn -0.9866 0.0498 -0.1554
vn -0.9969 0.0558 -0.0561
vn -0.9865 0.0253 0.1615
vn -0.8394 0.4945 0.2257
vn -0.9517 0.0642 -0.3003
vn -0.9706 -0.0797 -0.2272
vn -0.8072 0.5158 -0.2872
vn -0.9855 -0.1174 0.1225
vn -0.8490 0.5058 0.1530
vn -0.9939 0.0533 0.0964
vn -0.9351 0.0085 0.3543
vn -0.9776 -0.1081 0.1805
vn -0.7848 -0.1645 -0.5975
vn -0.9689 -0.1695 -0.1805
vn -0.9192 -0.1621 -0.3588
vn -0.8852 0.0415 -0.4633
vn -0.2311 0.2120 -0.9496
vn -0.9774 0.0197 0.2107
vn -0.9665 -0.1361 0.2175
vn -0.5646 0.6390 -0.5224
vn 0.4004 0.3851 -0.8315
vn -0.8250 0.4512 0.3403
vn -0.9899 0.0251 0.1399
vn -0.9886 -0.1007 0.1120
vn 0.0568 0.9907 -0.1237
vn 0.5022 0.7458 0.4377
vn -0.2609 0.7359 0.6249
vn -0.7323 0.6091 0.3045
vn 0.7186 0.4852 0.4982
vn 0.9945 0.0412 0.0960
vn -0.0019 0.8686 0.4955
vn 0.9990 -0.0243 -0.0384
vn 0.9968 -0.0795 -0.0026
vn 0.9942 -0.1072 0.0058
vn 0.8767 0.4082 0.2545
vn 0.9981 0.0276 0.0547
vn 0.9970 -0.0503 0.0584
vn 0.0903 0.9670 0.2382
vn 0.8607 0.4673 0.2019
vn 0.9861 -0.1337 0.0991
vn 0.9365 -0.3439 0.0685
vn -0.8492 0.5281 0.0063
vn -0.0015 0.9932 0.1167
vn 0.8369 0.5351 0.1153
vn 0.9976 -0.0683 0.0147
vn 0.9711 -0.2387 -0.0029
vn -0.9883 -0.0363 -0.1482
vn -0.9771 -0.1294 -0.1688
vn 0.9159 -0.0355 0.3999
vn 0.9267 -0.1876 0.3258
vn 0.9103 -0.3553 -0.2126
vn -0.9846 -0.0176 -0.1739
vn -0.9691 -0.1639 -0.1842
vn -0.8433 0.5319 -0.0770
vn -0.9567 0.0116 0.2909
vn -0.9456 -0.1623 0.2819
vn -0.7728 0.5560 0.3061
vn -0.0040 0.9398 0.3418
vn -0.9988 0.0155 -0.0460
vn -0.9283 -0.2494 -0.2758
vn -0.7905 0.6025 -0.1102
vn -0.9192 0.0054 -0.3938
vn -0.8949 -0.2397 -0.3764
vn -0.9957 -0.0756 0.0527
vn 0.1305 0.9678 -0.2152
vn -0.7212 0.6265 -0.2957
vn -0.9961 0.0762 -0.0440
vn -0.9818 -0.1466 -0.1209
vn -0.7603 0.6199 0.1941
vn 0.0447 0.9617 -0.2705
vn -0.9933 0.0794 0.0844
vn -0.9727 -0.2299 0.0314
vn -0.9731 -0.2306 0.0036
vn -0.7213 0.6925 -0.0152
vn -0.9714 0.0526 0.2316
vn -0.9876 -0.1567 0.0075
vn -0.9590 -0.2076 0.1927
vn -0.7286 0.6684 0.1498
vn -0.7312 0.5801 0.3588
vn -0.9717 0.0890 0.2190
vn -0.6958 -0.5212 0.4942
vn -0.7236 0.6203 0.3027
vn -0.0020 0.9771 0.2129
vn -0.7556 -0.0694 0.6514
vn 0.1315 0.9445 0.3011
vn -0.6446 0.5879 0.4888
vn -0.0007 -0.0357 0.9994
vn 0.0083 -0.6667 0.7453
vn 0.7368 -0.5282 0.4222
vn 0.0743 0.9925 0.0973
vn 0.7756 0.5876 0.2304
vn 0.7657 0.5739 -0.2905
vn 0.7662 0.6343 0.1024
vn 0.8234 0.5533 -0.1260
vn 0.9745 0.1107 0.1952
vn 0.9482 -0.1011 -0.3010
vn 0.8029 0.4861 0.3452
vn 1.0000 0.0055 -0.0065
vn 0.9427 -0.3095 -0.1243
vn 0.9294 -0.2257 0.2919
vn 0.9523 -0.3010 0.0498
vn 0.9995 -0.0255 0.0166
vn 0.9483 -0.3153 -0.0372
vn 0.6822 0.6191 0.3890
vn 0.9626 -0.0000 0.2708
vn 0.9319 -0.2457 0.2667
vn 0.7263 0.4790 0.4930
vn 0.9874 -0.0144 0.1575
vn 0.9785 -0.2045 -0.0249
vn 0.0361 0.9274 0.3722
vn 0.9999 0.0089 -0.0142
vn 0.9742 -0.2252 -0.0165
vn 0.9525 -0.2539 0.1684
vn 0.7512 0.6038 0.2667
vn 0.0008 0.9218 0.3876
vn 0.9849 0.0410 0.1681
vn 0.0156 0.8190 0.5736
vn 0.7045 0.5502 0.4484
vn 0.7741 -0.1033 0.6246
vn -0.9936 0.0145 0.1122
vn -0.9892 -0.0102 0.1465
vn -0.9723 0.0352 0.2310
vn -0.9931 -0.0035 0.1172
vn -0.9880 -0.0411 0.1486
vn -0.8596 0.2047 0.4682
vn -0.4770 0.1027 0.8729
vn -0.8785 0.4071 -0.2502
vn -0.9968 0.0181 0.0775
vn -0.8463 0.5152 -0.1353
vn -0.9939 -0.0436 0.1014
vn -0.2876 0.5229 -0.8024
vn -0.9974 0.0230 -0.0679
vn -0.9967 -0.0227 -0.0784
vn -0.9806 -0.0089 -0.1957
vn -0.4782 0.7353 -0.4802
vn 0.1497 0.5488 -0.8224
vn -0.9091 0.3367 0.2454
vn -0.6776 0.7122 0.1835
vn 0.1167 0.8705 -0.4782
vn 0.3790 0.9253 -0.0157
vn -0.0893 0.9898 0.1106
vn 0.2679 0.9160 0.2986
vn -0.1743 0.7864 0.5925
vn 0.7272 0.4893 0.4815
vn -0.0875 0.8949 0.4376
vn 0.7527 0.4636 0.4675
vn 0.9252 -0.0319 0.3781
vn -0.0892 0.8593 0.5036
vn 0.8882 -0.0845 0.4515
vn 0.9142 -0.0893 0.3954
vn -0.9029 0.3786 0.2034
vn 0.9725 -0.0456 0.2283
vn 0.9760 -0.1422 0.1647
vn 0.9102 0.3371 0.2408
vn -0.0114 0.9518 0.3065
vn -0.8682 0.4883 0.0883
vn 0.9961 -0.0690 0.0543
vn 0.8721 0.4455 0.2024
vn 0.9971 -0.0500 0.0572
vn 0.9942 -0.0976 0.0447
vn 0.0079 0.9990 0.0443
vn 0.8800 0.4740 -0.0301
vn 0.9945 -0.0313 -0.0995
vn 0.9822 -0.1328 -0.1325
vn -0.8603 0.4943 -0.1250
vn 0.0259 0.9194 0.3924
vn 0.7562 0.5103 0.4095
vn 0.8871 -0.0018 0.4616
vn 0.9648 -0.1289 0.2294
vn 0.9557 -0.1050 0.2750
vn 0.8761 0.4418 0.1929
vn 0.0525 0.9843 0.1683
vn -0.7413 0.5438 0.3933
vn -0.9086 0.0457 0.4151
vn -0.9669 -0.0618 0.2474
vn -0.9669 -0.0438 0.2515
vn -0.8604 0.4708 0.1949
vn -0.9572 0.0398 -0.2868
vn -0.9813 -0.0732 -0.1779
vn -0.9854 -0.0696 0.1552
vn -0.7564 0.6197 -0.2092
vn -0.9893 0.0489 0.1375
vn -0.9964 0.0686 -0.0497
vn -0.7828 0.5531 0.2852
vn 0.0429 0.9800 -0.1942
vn -0.7974 0.6001 0.0634
vn 0.7968 0.5792 -0.1720
vn 0.0339 0.9193 0.3921
vn 0.7968 0.5170 0.3129
vn 0.9712 -0.0018 -0.2384
vn 0.9807 -0.1507 -0.1244
vn 0.9610 -0.1526 0.2309
vn 0.9784 -0.0039 0.2066
vn 0.9996 -0.0016 0.0272
vn 0.0469 0.9845 0.1687
vn 0.8390 0.5316 0.1157
vn 0.0410 0.9991 -0.0123
vn 0.8458 0.5280 -0.0762
vn 0.9858 0.0022 -0.1679
vn -0.7955 0.5881 -0.1464
vn -0.9659 0.0649 -0.2506
vn 0.9950 -0.0426 0.0907
vn 0.9651 -0.2416 0.1009
vn 0.8604 -0.3381 0.3814
vn 0.0007 0.9864 0.1644
vn 0.8466 0.5195 0.1156
vn 0.9329 -0.0761 0.3520
vn 0.9176 -0.2722 0.2898
vn 0.9527 -0.1553 0.2613
vn 0.8010 0.4447 0.4008
vn 0.9703 -0.0618 0.2339
vn 0.7545 -0.2018 0.6245
vn 0.7633 0.2200 0.6074
vn -0.0198 0.9029 0.4293
vn -0.8435 0.5353 0.0433
vn -0.9993 0.0125 0.0366
vn -0.9877 -0.1459 0.0570
vn -0.9629 -0.1896 0.1920
vn -0.9454 -0.0233 0.3252
vn -0.9838 -0.1305 0.1227
vn -0.9702 -0.1114 0.2152
vn -0.8266 0.4808 0.2924
vn -0.9753 0.0526 0.2147
vn -0.8047 -0.1878 0.5632
vn -0.8135 0.2308 0.5338
vn -0.0371 -0.0901 0.9952
vn -0.0323 -0.2706 0.9622
vn -0.0419 0.7476 0.6628
vn 0.8082 0.0387 0.5876
vn 0.7375 -0.0234 0.6750
vn 0.8762 -0.0542 0.4788
vn 0.9578 0.0239 0.2866
vn 0.7104 0.1571 0.6861
vn 0.8093 0.3222 0.4912
vn 0.9993 -0.0325 -0.0178
vn 0.9933 -0.1142 -0.0199
vn 0.9541 0.2759 0.1166
vn 0.6427 0.5926 0.4855
vn 0.9964 0.0184 -0.0833
vn 0.9907 -0.0793 -0.1106
vn 0.9124 0.4083 0.0298
vn 0.9623 -0.0638 -0.2645
vn 0.9404 -0.2070 -0.2699
vn 0.8968 0.3975 -0.1941
vn 0.9517 -0.0003 0.3071
vn 0.9595 -0.2143 0.1830
vn 0.9627 -0.2164 0.1621
vn 0.0574 0.9077 0.4156
vn 0.9969 -0.0019 0.0782
vn 0.7866 0.5677 0.2430
vn 0.8374 0.5428 0.0634
vn 0.9954 -0.0219 -0.0935
vn 0.9505 -0.2279 -0.2111
vn 0.9686 -0.0757 0.2370
vn 0.0130 0.9995 -0.0304
vn 0.8339 0.5070 -0.2182
vn 0.8265 0.4835 0.2884
vn 0.9986 0.0404 -0.0339
vn 0.0228 0.9698 -0.2430
vn 0.8687 0.4878 0.0865
vn 0.0230 0.9485 0.3159
vn 0.8888 0.4553 -0.0517
vn 0.9891 0.0229 -0.1457
vn 0.0608 0.9757 0.2103
vn 0.0929 0.9941 0.0565
vn -0.7734 0.5655 0.2864
vn -0.8169 0.5376 -0.2089
vn -0.7856 0.6091 0.1089
vn -0.8039 0.5891 0.0818
vn -0.9905 0.0149 -0.1364
vn -0.9672 0.0486 0.2492
vn -0.7581 0.6076 0.2367
vn -0.9941 0.1081 -0.0090
vn -0.8864 0.4584 -0.0645
vn -0.9605 -0.1453 0.2375
vn -0.9699 -0.1805 -0.1637
vn -0.9990 -0.0269 -0.0362
vn -0.9570 -0.1942 0.2155
vn -0.9842 0.0091 -0.1769
vn -0.9680 -0.1611 -0.1923
vn -0.9946 0.0345 0.0978
vn -0.8041 0.5903 -0.0708
vn -0.9419 0.0407 0.3335
vn -0.9635 -0.1800 0.1980
vn -0.9735 -0.1564 -0.1668
vn -0.9884 -0.0165 -0.1507
vn -0.9980 -0.0396 0.0490
vn -0.9932 0.0886 0.0759
vn -0.9965 -0.0619 0.0567
vn -0.8515 0.4953 0.1722
vn -0.9998 0.0162 0.0100
vn -0.9989 -0.0454 0.0125
vn 0.0893 0.9656 0.2441
vn -0.9993 0.0115 -0.0345
vn -0.9989 -0.0402 -0.0250
vn -0.9005 0.3949 0.1822
vn -0.8152 0.4720 0.3358
vn -0.4959 0.6909 0.5260
vn 0.1319 0.9323 0.3368
vn 0.1308 0.7944 0.5932
vn 0.0581 0.8153 0.5761
vn 0.0734 0.9570 0.2808
vn -0.8068 0.5438 0.2311
vn 0.8550 0.4830 0.1890
vn -0.9817 0.0364 0.1867
vn -0.9395 -0.0866 0.3314
vn -0.9190 -0.1735 0.3541
vn 0.9717 0.0823 0.2214
vn 0.9849 -0.0548 0.1642
vn 0.9670 -0.0398 0.2518
vn 0.7776 0.5154 0.3602
vn -0.7349 0.5292 0.4241
vn -0.9742 -0.0529 0.2196
vn 0.0888 0.8629 0.4975
vn -0.9944 -0.0088 0.1056
vn -0.9700 -0.2371 0.0528
vn -0.8173 0.5029 0.2813
vn 0.0385 0.9179 0.3949
vn -0.8285 0.4449 0.3400
vn -0.9712 0.0375 0.2354
vn -0.9674 -0.2029 0.1513
vn 0.8716 0.4301 0.2352
vn -0.8737 0.0608 0.4827
vn -0.8257 -0.1606 0.5408
vn -0.5960 0.5494 0.5856
vn 0.0496 0.8127 0.5806
vn 0.0295 0.0344 0.9990
vn 0.0359 -0.1734 0.9842
vn 0.8438 -0.1908 0.5017
vn 0.8569 0.3989 0.3265
vn 0.7010 0.4818 0.5259
vn 0.8946 -0.0085 0.4468
vn 0.9708 -0.1870 0.1501
vn 0.9742 0.0140 0.2254
vn 0.9741 -0.1584 0.1610
vn 0.9965 0.0523 0.0660
vn 0.0633 -0.9957 -0.0678
vn 0.3176 -0.9447 -0.0814
vn 0.3096 -0.9376 0.1585
vn 0.0400 -0.9849 0.1686
vn -0.2143 -0.9756 -0.0481
vn -0.2255 -0.9595 0.1691
vn 0.0429 -0.9989 -0.0193
vn 0.3844 -0.9230 -0.0159
vn -0.3056 -0.9512 -0.0432
vn 0.4095 -0.9047 -0.1180
vn -0.3053 -0.9515 -0.0376
vn 0.0461 -0.9687 -0.2440
vn 0.3692 -0.9293 -0.0075
vn -0.2337 -0.9723 0.0069
vn 0.3011 -0.9364 -0.1802
vn -0.2409 -0.9600 -0.1426
vn 0.0156 -0.9948 -0.1004
vn 0.2549 -0.9655 -0.0529
vn -0.2931 -0.9233 0.2483
vn -0.0357 -0.9463 0.3213
vn 0.2125 -0.9214 0.3254
vn -0.0789 -0.9745 -0.2101
vn -0.3725 -0.9269 -0.0446
vn 0.1901 -0.9536 -0.2337
vn -0.3185 -0.9305 -0.1809
vn 0.0986 -0.9946 -0.0329
vn -0.1052 -0.9622 0.2513
vn 0.2216 -0.9486 0.2259
vn -0.4665 -0.8809 0.0798
vn 0.2756 -0.9535 -0.1217
vn -0.4556 -0.8714 -0.1817
vn -0.1074 -0.9814 -0.1594
vn 0.5098 -0.8602 -0.0132
vn -0.4884 -0.8614 -0.1392
vn -0.0035 -0.9960 -0.0895
vn -0.5919 -0.8002 0.0967
vn 0.1573 -0.9833 0.0920
vn 0.7730 -0.6309 0.0663
vn 0.8381 -0.5235 0.1537
vn 0.1277 -0.9897 0.0643
vn -0.5768 -0.8155 -0.0483
vn 0.3965 -0.8210 0.4107
vn -0.0953 -0.9945 -0.0426
vn -0.7112 -0.7004 0.0597
vn -0.4176 -0.8476 0.3272
vn -0.7489 -0.6399 0.1723
vn -0.2592 -0.9406 0.2191
vn -0.6439 -0.7649 0.0160
vn 0.0317 -0.8480 0.5291
vn -0.2765 -0.9605 0.0309
vn -0.5849 -0.8082 -0.0687
vn -0.6296 -0.7695 -0.1068
vn 0.0243 -0.9650 0.2612
vn -0.3455 -0.9374 -0.0437
vn -0.7130 -0.6957 -0.0874
vn 0.0179 -0.9926 0.1201
vn -0.0396 -0.9654 0.2577
vn -0.4320 -0.9013 -0.0325
vn -0.2522 -0.9677 -0.0013
vn -0.0009 -0.9989 0.0478
vn 0.0535 -0.9899 0.1317
vn -0.0748 -0.9971 0.0145
vn -0.0394 -0.9988 0.0296
vn 0.0688 -0.9952 0.0704
vn -0.0614 -0.9981 0.0059
vn -0.1651 -0.9863 0.0016
vn 0.0531 -0.9980 0.0332
vn -0.0775 -0.9970 -0.0088
vn -0.1256 -0.9916 -0.0312
vn 0.0625 -0.9980 0.0033
vn -0.0183 -0.9991 -0.0393
vn -0.0673 -0.9976 -0.0176
vn -0.0076 -0.9991 -0.0405
vn 0.0323 -0.9995 -0.0029
vn 0.0236 -0.9997 -0.0068
vn -0.0062 -1.0000 -0.0078
vn -0.0231 -0.9994 0.0243
vn 0.0136 -0.9990 0.0432
vn 0.0212 -0.9970 0.0739
vn 0.0507 -0.9984 0.0267
vn 0.0653 -0.9975 0.0279
vn 0.0574 -0.9981 0.0238
vn 0.0594 -0.9948 0.0828
vn 0.0410 -0.9917 0.1220
vn 0.0582 -0.9967 0.0568
vn 0.1164 -0.9878 0.1030
vn 0.1158 -0.9857 0.1221
vn 0.1120 -0.9896 0.0900
vn 0.1593 -0.9854 -0.0606
vn 0.0788 -0.9968 -0.0164
vn 0.0289 -0.9859 0.1649
vn 0.0692 -0.9766 0.2038
vn -0.0006 -0.9743 0.2253
vn 0.0856 -0.9616 0.2606
vn 0.4803 -0.8763 -0.0371
vn -0.1415 -0.9145 0.3789
vn -0.0882 -0.9457 0.3129
vn 0.2075 -0.9767 -0.0551
vn 0.5893 -0.7999 -0.1137
vn -0.3261 -0.9006 0.2873
vn 0.0744 -0.9955 -0.0579
vn 0.6078 -0.7923 0.0542
vn -0.4681 -0.8801 0.0797
vn 0.0512 -0.9763 0.2103
vn 0.4357 -0.9001 -0.0073
vn -0.5760 -0.7671 0.2825
vn -0.1737 -0.9800 0.0971
vn -0.7028 -0.6963 0.1454
vn -0.2789 -0.9600 -0.0244
vn 0.2096 -0.9731 -0.0955
vn -0.6246 -0.7808 0.0166
vn -0.1764 -0.9050 -0.3872
vn 0.1449 -0.8945 -0.4230
vn -0.5240 -0.8024 -0.2856
vn -0.1369 -0.9865 0.0897
vn 0.1913 -0.9815 0.0082
vn -0.4672 -0.8800 0.0854
vn 0.1994 -0.9775 -0.0690
vn -0.1667 -0.9860 0.0079
vn -0.4699 -0.8732 -0.1293
vn -0.1213 -0.9554 -0.2694
vn 0.2042 -0.9694 -0.1363
vn -0.4550 -0.8792 -0.1414
vn 0.2655 -0.9457 0.1876
vn -0.4324 -0.8689 0.2407
vn -0.1165 -0.9694 0.2160
vn -0.5219 -0.8513 -0.0549
vn -0.0313 -0.9913 -0.1279
vn 0.3873 -0.9136 -0.1236
vn -0.1129 -0.8615 -0.4951
vn -0.5193 -0.7673 -0.3762
vn 0.3764 -0.8139 -0.4425
vn -0.5631 -0.7900 -0.2424
vn -0.0940 -0.9871 -0.1298
vn 0.3230 -0.9414 -0.0969
vn -0.6070 -0.7640 -0.2186
vn 0.3817 -0.9179 -0.1081
vn -0.1817 -0.9371 -0.2979
vn -0.5784 -0.7229 -0.3779
vn 0.3688 -0.8661 -0.3375
vn -0.1197 -0.9090 -0.3993
vn -0.6172 -0.7830 0.0772
vn -0.1804 -0.9775 0.1096
vn 0.2984 -0.9474 0.1157
vn -0.1546 -0.9837 0.0918
vn -0.6184 -0.7841 0.0531
vn 0.3142 -0.9433 0.1067
vn -0.1209 -0.8291 0.5459
vn -0.2670 -0.8945 0.3586
vn -0.2894 -0.9363 0.1991
vn -0.3849 -0.8591 0.3374
vn -0.2722 -0.8626 0.4263
vn -0.2329 -0.8822 0.4093
vn -0.3598 -0.9071 0.2185
vn -0.3268 -0.7077 0.6264
vn -0.0645 -0.8538 0.5166
vn 0.0856 -0.9606 0.2643
vn -0.1490 -0.9576 0.2464
vn -0.3527 -0.9245 -0.1445
vn -0.0376 -0.9910 -0.1283
vn 0.2683 -0.9586 -0.0954
vn -0.0033 -0.9551 -0.2962
vn -0.3411 -0.8942 -0.2900
vn 0.3554 -0.8955 -0.2679
vn -0.0089 -0.9217 0.3878
vn -0.3535 -0.8577 0.3732
vn 0.3130 -0.8509 0.4218
vn -0.0231 -0.9625 0.2702
vn -0.3435 -0.9189 0.1939
vn 0.3228 -0.9321 0.1645
vn 0.0063 -0.9810 -0.1938
vn -0.3011 -0.9404 -0.1582
vn 0.3090 -0.9388 -0.1520
vn -0.2685 -0.9220 0.2789
vn 0.2485 -0.9224 0.2956
vn -0.0113 -0.9493 0.3142
vn 0.0058 -0.9992 -0.0383
vn -0.2640 -0.9615 -0.0758
vn 0.2711 -0.9612 -0.0501
vn 0.0168 -0.8927 -0.4504
vn -0.2678 -0.8495 -0.4545
vn 0.2982 -0.8575 -0.4193
vn -0.0055 -0.9984 -0.0566
vn -0.2755 -0.9610 -0.0236
vn 0.2662 -0.9639 0.0098
vn -0.2537 -0.9665 0.0400
vn 0.2566 -0.9621 0.0921
vn 0.0105 -0.9973 0.0732
vn 0.0007 -0.9962 -0.0876
vn -0.2887 -0.9396 -0.1840
vn 0.3033 -0.9511 -0.0580
vn -0.2788 -0.9486 0.1499
vn 0.2662 -0.9531 0.1437
vn -0.0028 -0.9900 0.1409
vn -0.2625 -0.9538 -0.1465
vn 0.2834 -0.9507 -0.1262
vn 0.0100 -0.9898 -0.1418
vn -0.1479 -0.9018 0.4060
vn -0.2702 -0.8587 0.4355
vn -0.4318 -0.7694 0.4707
vn -0.1251 -0.7692 0.6267
vn -0.0293 -0.8665 0.4984
vn -0.5184 -0.8169 0.2527
vn 0.1141 -0.7645 0.6345
vn 0.4898 -0.8394 0.2356
vn -0.2231 -0.7418 0.6324
vn -0.1809 -0.7033 0.6875
vn -0.0062 -0.9569 0.2903
vn 0.4612 -0.8817 -0.0996
vn -0.4265 -0.8969 -0.1171
vn -0.1607 -0.6860 0.7096
vn -0.2228 -0.7470 0.6263
vn 0.0200 -0.9918 -0.1261
vn -0.2548 -0.9147 0.3136
vn -0.4201 -0.8594 0.2915
vn -0.0966 -0.9539 0.2842
vn -0.5101 -0.8587 0.0492
vn -0.2888 -0.9548 0.0702
vn 0.4471 -0.8734 -0.1930
vn -0.4997 -0.8597 -0.1063
vn 0.0247 -0.9375 -0.3472
vn 0.3845 -0.8650 -0.3225
vn -0.3375 -0.8814 -0.3304
vn -0.0227 -0.9804 -0.1957
vn -0.4091 -0.8712 -0.2715
vn -0.0128 -0.9455 -0.3252
vn 0.3463 -0.8799 -0.3254
vn -0.0277 -0.9411 0.3370
vn -0.3516 -0.8769 0.3278
vn 0.2997 -0.8940 0.3332
vn -0.0267 -0.9751 0.2203
vn -0.3564 -0.9243 0.1365
vn 0.3082 -0.9450 0.1092
vn -0.0327 -0.9569 -0.2885
vn -0.3256 -0.9383 -0.1161
vn 0.2733 -0.9531 -0.1304
vn -0.4104 -0.9058 0.1052
vn 0.3552 -0.9311 0.0832
vn -0.0508 -0.9835 -0.1736
vn -0.4327 -0.8875 -0.1582
vn 0.3401 -0.9240 -0.1749
vn -0.0620 -0.8856 -0.4602
vn -0.3478 -0.8350 -0.4263
vn 0.2242 -0.8661 -0.4467
vn -0.0830 -0.9823 0.1681
vn -0.3217 -0.9455 0.0509
vn 0.1906 -0.9815 0.0203
vn -0.1914 -0.8858 0.4228
vn 0.1072 -0.9249 0.3648
vn -0.0489 -0.9972 -0.0566
vn -0.3463 -0.9381 0.0001
vn 0.2627 -0.9646 0.0248
vn -0.3253 -0.9453 0.0240
vn 0.2487 -0.9681 0.0295
vn -0.0409 -0.9991 -0.0129
vn -0.3231 -0.9291 -0.1800
vn 0.1867 -0.9652 -0.1830
vn -0.0836 -0.9787 -0.1875
vn 0.0127 -0.9659 0.2588
vn -0.3046 -0.9180 0.2539
vn 0.3210 -0.9022 0.2882
vn -0.2874 -0.9576 0.0198
vn 0.3176 -0.9481 0.0150
vn 0.0140 -0.9980 0.0612
vn 0.0215 -0.9107 -0.4126
vn -0.2770 -0.8854 -0.3732
vn 0.3177 -0.8718 -0.3727
vn -0.3007 -0.9537 -0.0078
vn 0.3349 -0.9423 -0.0021
vn 0.0197 -0.9997 -0.0165
vn 0.0246 -0.9425 -0.3334
vn -0.3146 -0.8968 -0.3111
vn 0.3599 -0.8844 -0.2971
vn 0.0197 -0.8938 -0.4480
vn -0.3530 -0.8361 -0.4200
vn 0.3911 -0.8242 -0.4095
vn 0.0190 -0.9998 0.0016
vn -0.3579 -0.9309 0.0727
vn 0.4018 -0.9136 0.0628
vn -0.3831 -0.9201 -0.0813
vn 0.4012 -0.9155 -0.0313
vn 0.0230 -0.9997 0.0105
vn 0.0019 -0.9750 -0.2223
vn -0.3653 -0.9195 -0.1451
vn 0.3837 -0.9097 -0.1587
vn 0.0095 -0.9923 0.1232
vn -0.3197 -0.9437 0.0849
vn 0.3358 -0.9354 0.1108
vn 0.0018 -0.9998 -0.0222
vn -0.3356 -0.9415 -0.0294
vn 0.3415 -0.9398 -0.0124
vn 0.9279 -0.1215 -0.3524
vn 0.7662 -0.1196 -0.6313
vn 0.8377 -0.2220 -0.4989
vn 0.5729 0.0697 -0.8166
vn 0.9215 -0.3029 -0.2430
vn 0.8395 0.2882 -0.4605
vn 0.2895 0.2307 -0.9290
vn 0.9953 -0.0967 -0.0060
vn 0.9368 -0.3498 -0.0029
vn 0.5596 0.6203 -0.5496
vn -0.2332 0.2644 -0.9358
vn 0.9042 0.4252 0.0417
vn 0.3525 0.8865 0.2999
vn 0.0530 0.9141 -0.4020
vn -0.4063 0.8634 -0.2991
vn -0.4504 0.2984 -0.8415
vn 0.1926 0.9423 0.2739
vn -0.4446 0.8952 0.0288
vn -0.3443 0.8379 0.4236
vn 0.1830 0.3785 0.9074
vn -0.8774 0.1131 0.4662
vn -0.7058 0.6157 0.3503
vn -0.9526 0.0242 0.3032
vn -0.8845 -0.0242 0.4660
vn -0.9113 -0.0283 0.4107
vn -0.9690 -0.0971 0.2274
vn -0.9901 0.0106 0.1396
vn -0.9762 -0.1951 0.0945
vn -0.7686 0.5703 0.2898
vn -0.9903 -0.0206 0.1376
vn -0.9362 -0.3440 0.0726
vn -0.7908 0.5476 0.2735
vn 0.0035 0.9504 0.3110
vn 0.8570 0.5100 0.0739
vn -0.7775 0.6220 0.0923
vn -0.9970 -0.0104 -0.0764
vn -0.9019 -0.3959 -0.1726
vn 0.9971 -0.0563 -0.0518
vn 0.9495 -0.2967 -0.1022
vn 0.9472 -0.2626 -0.1841
vn -0.9418 -0.0486 0.3327
vn -0.8484 -0.4275 0.3122
vn 0.9860 -0.0577 -0.1565
vn 0.9023 -0.2507 -0.3506
vn 0.8336 0.5490 0.0606
vn 0.9524 -0.0147 -0.3046
vn -0.0474 0.9817 0.1844
vn 0.7872 0.6128 -0.0691
vn -0.0620 0.9259 0.3726
vn -0.6982 0.5920 0.4026
vn -0.9961 -0.0094 -0.0872
vn -0.9081 -0.4111 0.0800
vn -0.8590 -0.3654 -0.3585
vn 0.7569 0.5866 0.2881
vn 0.9672 -0.0482 0.2493
vn 0.9372 -0.3087 0.1624
vn 0.9598 -0.2715 0.0716
vn 0.9951 0.0097 -0.0989
vn 0.6907 0.7144 -0.1122
vn 0.9771 -0.0115 -0.2123
vn 0.9302 -0.2181 -0.2954
vn 0.8979 -0.2692 0.3484
vn -0.0602 0.9875 -0.1457
vn -0.6993 0.7035 -0.1266
vn -0.0839 0.9621 -0.2595
vn 0.7388 0.6308 -0.2372
vn -0.7297 0.6323 -0.2602
vn 0.6860 0.6133 0.3916
vn -0.9659 -0.0156 -0.2584
vn -0.8237 -0.4184 0.3828
vn -0.6880 0.6032 0.4036
vn -0.9033 -0.0383 0.4273
vn -0.9060 -0.4211 0.0430
vn -0.0847 0.9183 0.3867
vn -0.7145 0.6600 0.2323
vn -0.9832 0.0458 0.1766
vn -0.9964 0.0424 -0.0740
vn -0.9251 -0.3654 -0.1031
vn -0.0563 0.9658 0.2532
vn -0.9957 0.0181 0.0910
vn -0.9057 -0.3825 0.1827
vn -0.7561 0.6530 -0.0443
vn 0.7637 0.6225 0.1708
vn -0.0287 0.9953 -0.0928
vn 0.9337 -0.0351 0.3562
vn -0.6901 0.7134 0.1213
vn 0.9985 -0.0238 0.0501
vn 0.9701 -0.2424 -0.0084
vn 0.8222 0.5646 -0.0718
vn 0.9898 -0.0006 -0.1426
vn 0.9545 -0.1970 -0.2239
vn 0.0562 0.9878 0.1451
vn 0.9833 -0.0137 0.1816
vn 0.9614 -0.2276 0.1545
vn 0.9722 -0.2243 0.0667
vn 0.7620 0.6225 0.1784
vn -0.7936 0.5600 0.2381
vn 0.7577 0.5654 0.3259
vn -0.0297 0.9126 0.4078
vn -0.9956 -0.0444 -0.0820
vn -0.8760 -0.4452 -0.1854
vn -0.7810 0.5918 0.1996
vn -0.9928 -0.0399 -0.1125
vn -0.9034 -0.3753 -0.2071
vn -0.9338 -0.3264 0.1465
vn -0.0375 0.9158 0.3998
vn -0.7742 0.5212 0.3590
vn -0.9723 0.0115 0.2335
vn -0.7329 -0.4051 0.5466
vn 0.9815 -0.0099 0.1912
vn 0.7856 0.5439 0.2950
vn 0.9978 -0.0191 0.0637
vn 0.9839 -0.1783 -0.0142
vn 0.9485 -0.1931 0.2511
vn 0.7746 0.4618 0.4321
vn 0.9562 -0.0498 0.2884
vn 0.6081 -0.3918 0.6904
vn -0.1054 0.8445 0.5251
vn 0.5851 0.4708 0.6603
vn 0.6389 -0.0889 0.7642
vn -0.6476 0.5383 0.5394
vn -0.0975 0.7877 0.6083
vn -0.1207 -0.0583 0.9910
vn -0.1439 -0.4518 0.8805
vn -0.7339 0.0101 0.6792
vt 0.677734 -0.669434
vt 0.676758 -0.664551
vt 0.672363 -0.666504
vt 0.675293 -0.670410
vt 0.625000 -0.650391
vt 0.625977 -0.641113
vt 0.621094 -0.642090
vt 0.620117 -0.648926
vt 0.574707 -0.108948
vt 0.577637 -0.108154
vt 0.576660 -0.103088
vt 0.573730 -0.104675
vt 0.673828 -0.652344
vt 0.672852 -0.639648
vt 0.669434 -0.640137
vt 0.669922 -0.652344
vt 0.685547 -0.639648
vt 0.678711 -0.640137
vt 0.679688 -0.651367
vt 0.687012 -0.651855
vt 0.383301 -0.223755
vt 0.382080 -0.213135
vt 0.377441 -0.214600
vt 0.380859 -0.224487
vt 0.526855 -0.153931
vt 0.525391 -0.144897
vt 0.521973 -0.145874
vt 0.523926 -0.154785
vt 0.205200 -0.188843
vt 0.215820 -0.192383
vt 0.218628 -0.186523
vt 0.208130 -0.184082
vt 0.422607 -0.168335
vt 0.423340 -0.164062
vt 0.418457 -0.164307
vt 0.418945 -0.168091
vt 0.517578 -0.129883
vt 0.522461 -0.128174
vt 0.522461 -0.126465
vt 0.515625 -0.128418
vt 0.625000 -0.580078
vt 0.624512 -0.577148
vt 0.623047 -0.575684
vt 0.621582 -0.578613
vt 0.203247 -0.126099
vt 0.199707 -0.117310
vt 0.192627 -0.120361
vt 0.194946 -0.130005
vt 0.587891 -0.024902
vt 0.583496 -0.023880
vt 0.583496 -0.046509
vt 0.587402 -0.047424
vt 0.446289 -0.103699
vt 0.448242 -0.101807
vt 0.445068 -0.101135
vt 0.444092 -0.103333
vt 0.686523 -0.662109
vt 0.681152 -0.661621
vt 0.681152 -0.663574
vt 0.686523 -0.664551
vt 0.212646 -0.104614
vt 0.210571 -0.100342
vt 0.202393 -0.105896
vt 0.205444 -0.110474
vt 0.397461 -0.110474
vt 0.393555 -0.109375
vt 0.394531 -0.112122
vt 0.397705 -0.113403
vt 0.533691 -0.154541
vt 0.533691 -0.156982
vt 0.536621 -0.158081
vt 0.539551 -0.156250
vt 0.572266 -0.109863
vt 0.577637 -0.119873
vt 0.579102 -0.119507
vt 0.525879 -0.125244
vt 0.526367 -0.126953
vt 0.531738 -0.126465
vt 0.531738 -0.124634
vt 0.407471 -0.159180
vt 0.404053 -0.159302
vt 0.404053 -0.161865
vt 0.408936 -0.161621
vt 0.441650 -0.100647
vt 0.441650 -0.097107
vt 0.437744 -0.096802
vt 0.437744 -0.102722
vt 0.262695 -0.161743
vt 0.268066 -0.149902
vt 0.260010 -0.147095
vt 0.255371 -0.158936
vt 0.625000 -0.602539
vt 0.621582 -0.601562
vt 0.621582 -0.619629
vt 0.625977 -0.620117
vt 0.434082 -0.096863
vt 0.434326 -0.102783
vt 0.221191 -0.081238
vt 0.221436 -0.077698
vt 0.220947 -0.077820
vt 0.219360 -0.081787
vt 0.194092 -0.156006
vt 0.196533 -0.175171
vt 0.201904 -0.173218
vt 0.201050 -0.153320
vt 0.441162 -0.081665
vt 0.438232 -0.081482
vt 0.437988 -0.092041
vt 0.441650 -0.092224
vt 0.670898 -0.628906
vt 0.670898 -0.626465
vt 0.666016 -0.627930
vt 0.666504 -0.630371
vt 0.218140 -0.107849
vt 0.218140 -0.106934
vt 0.213989 -0.107483
vt 0.214478 -0.109009
vt 0.402344 -0.051514
vt 0.402344 -0.062469
vt 0.410645 -0.062500
vt 0.411133 -0.051422
vt 0.441406 -0.075989
vt 0.437988 -0.075562
vt 0.422119 -0.141968
vt 0.422119 -0.151489
vt 0.427002 -0.151123
vt 0.426025 -0.140747
vt 0.402100 -0.078186
vt 0.408936 -0.077576
vt 0.409668 -0.070740
vt 0.402100 -0.071594
vt 0.407959 -0.084106
vt 0.409424 -0.089111
vt 0.416016 -0.087585
vt 0.412354 -0.082092
vt 0.427246 -0.176147
vt 0.430908 -0.176392
vt 0.430908 -0.174683
vt 0.427490 -0.173096
vt 0.686523 -0.679688
vt 0.685059 -0.679199
vt 0.683105 -0.679199
vt 0.683105 -0.681152
vt 0.218628 -0.084534
vt 0.220825 -0.084229
vt 0.584961 -0.019333
vt 0.582520 -0.019348
vt 0.458008 -0.025177
vt 0.451904 -0.022690
vt 0.447510 -0.040894
vt 0.452393 -0.042694
vt 0.396484 -0.214844
vt 0.390625 -0.214844
vt 0.392334 -0.220337
vt 0.396484 -0.220825
vt 0.573242 -0.101868
vt 0.573730 -0.089783
vt 0.570801 -0.090820
vt 0.569824 -0.102905
vt 0.705078 -0.564453
vt 0.697754 -0.562500
vt 0.696777 -0.564941
vt 0.704590 -0.566895
vt 0.691406 -0.625977
vt 0.691895 -0.624023
vt 0.686523 -0.623047
vt 0.685547 -0.625000
vt 0.666504 -0.567871
vt 0.653320 -0.571777
vt 0.654785 -0.574707
vt 0.666504 -0.573730
vt 0.387451 -0.079590
vt 0.388428 -0.086914
vt 0.401855 -0.084961
vt 0.429688 -0.139893
vt 0.426514 -0.124329
vt 0.422363 -0.125122
vt 0.681641 -0.679688
vt 0.671875 -0.672852
vt 0.680176 -0.680176
vt 0.416992 -0.132568
vt 0.413574 -0.112427
vt 0.410400 -0.112976
vt 0.413574 -0.133301
vt 0.576660 -0.101196
vt 0.385986 -0.062683
vt 0.386963 -0.073914
vt 0.392090 -0.159058
vt 0.394287 -0.140015
vt 0.390625 -0.139526
vt 0.387939 -0.158691
vt 0.610840 -0.683105
vt 0.612305 -0.682617
vt 0.609375 -0.671387
vt 0.605469 -0.672852
vt 0.525391 -0.122070
vt 0.523926 -0.101257
vt 0.516602 -0.103455
vt 0.521484 -0.123352
vt 0.398926 -0.121155
vt 0.399170 -0.117859
vt 0.395020 -0.117737
vt 0.395020 -0.121338
vt 0.399414 -0.183838
vt 0.397949 -0.169434
vt 0.392578 -0.166138
vt 0.394043 -0.184204
vt 0.221558 -0.180664
vt 0.224731 -0.172363
vt 0.219238 -0.171143
vt 0.219116 -0.180176
vt 0.377930 -0.184692
vt 0.379395 -0.173828
vt 0.371094 -0.174194
vt 0.372803 -0.185059
vt 0.390869 -0.120483
vt 0.382080 -0.120178
vt 0.382812 -0.139160
vt 0.388184 -0.141479
vt 0.419189 -0.174438
vt 0.423096 -0.174561
vt 0.382812 -0.087708
vt 0.379639 -0.080322
vt 0.373779 -0.084290
vt 0.373779 -0.087891
vt 0.392334 -0.162354
vt 0.387207 -0.162354
vt 0.523926 -0.132080
vt 0.519531 -0.133545
vt 0.666992 -0.632812
vt 0.662109 -0.634766
vt 0.663086 -0.643066
vt 0.419678 -0.196533
vt 0.415283 -0.196777
vt 0.416016 -0.200317
vt 0.419434 -0.200073
vt 0.232422 -0.129639
vt 0.237183 -0.130737
vt 0.232056 -0.119995
vt 0.229370 -0.120300
vt 0.580566 -0.107849
vt 0.580566 -0.103455
vt 0.625977 -0.627441
vt 0.625977 -0.625977
vt 0.621582 -0.625977
vt 0.621582 -0.627441
vt 0.681641 -0.567871
vt 0.674805 -0.565430
vt 0.674805 -0.570801
vt 0.681152 -0.572754
vt 0.243164 -0.110046
vt 0.244507 -0.107727
vt 0.239014 -0.105652
vt 0.238159 -0.108337
vt 0.434570 -0.092102
vt 0.430420 -0.097351
vt 0.430664 -0.100708
vt 0.228149 -0.111755
vt 0.223389 -0.111267
vt 0.223267 -0.120972
vt 0.523438 -0.157471
vt 0.520996 -0.155151
vt 0.517578 -0.159546
vt 0.522949 -0.160156
vt 0.526367 -0.159180
vt 0.526367 -0.156616
vt 0.424316 -0.161743
vt 0.426758 -0.161621
vt 0.426758 -0.159180
vt 0.423828 -0.159546
vt 0.399902 -0.161987
vt 0.400879 -0.166748
vt 0.404053 -0.166626
vt 0.249146 -0.190063
vt 0.253662 -0.182861
vt 0.246826 -0.179810
vt 0.242310 -0.186890
vt 0.613281 -0.623535
vt 0.617676 -0.623535
vt 0.617676 -0.620117
vt 0.613281 -0.620117
vt 0.689453 -0.669922
vt 0.686523 -0.668945
vt 0.684570 -0.678711
vt 0.434082 -0.063293
vt 0.437988 -0.062805
vt 0.437988 -0.058838
vt 0.433594 -0.059692
vt 0.612305 -0.604492
vt 0.608887 -0.587402
vt 0.605469 -0.588379
vt 0.608887 -0.605469
vt 0.370605 -0.165527
vt 0.379150 -0.165649
vt 0.379150 -0.160034
vt 0.372314 -0.159912
vt 0.225342 -0.151611
vt 0.234863 -0.153076
vt 0.236328 -0.141235
vt 0.225586 -0.145752
vt 0.190918 -0.116455
vt 0.194580 -0.109009
vt 0.188843 -0.111511
vt 0.408691 -0.183594
vt 0.404541 -0.184082
vt 0.404541 -0.190918
vt 0.409912 -0.191406
vt 0.189697 -0.146362
vt 0.197144 -0.143433
vt 0.389404 -0.092407
vt 0.396484 -0.091064
vt 0.395996 -0.087952
vt 0.388672 -0.089172
vt 0.545410 -0.130737
vt 0.540527 -0.128662
vt 0.540039 -0.130005
vt 0.544922 -0.132080
vt 0.414551 -0.165039
vt 0.416016 -0.168823
vt 0.691895 -0.619141
vt 0.692871 -0.601074
vt 0.682617 -0.598145
vt 0.685547 -0.618164
vt 0.580566 -0.024963
vt 0.579590 -0.047302
vt 0.539551 -0.146729
vt 0.543457 -0.134399
vt 0.535645 -0.131104
vt 0.533691 -0.144409
vt 0.278564 -0.106812
vt 0.269775 -0.104370
vt 0.262939 -0.108704
vt 0.278320 -0.114441
vt 0.216064 -0.088379
vt 0.209473 -0.086853
vt 0.205688 -0.090698
vt 0.384277 -0.204346
vt 0.385010 -0.199951
vt 0.379395 -0.200806
vt 0.380859 -0.205078
vt 0.244629 -0.091614
vt 0.240234 -0.101624
vt 0.246582 -0.104187
vt 0.252441 -0.095276
vt 0.541992 -0.124146
vt 0.546387 -0.104126
vt 0.540039 -0.102234
vt 0.538086 -0.122742
vt 0.556152 -0.080627
vt 0.549316 -0.076843
vt 0.683105 -0.561035
vt 0.677734 -0.559082
vt 0.677246 -0.622559
vt 0.677246 -0.625000
vt 0.659668 -0.627441
vt 0.665039 -0.625488
vt 0.664551 -0.621094
vt 0.659668 -0.622559
vt 0.397217 -0.158569
vt 0.397949 -0.139648
vt 0.441162 -0.071167
vt 0.437988 -0.070923
vt 0.377441 -0.074890
vt 0.251465 -0.105103
vt 0.249023 -0.109131
vt 0.187012 -0.118103
vt 0.185547 -0.116394
vt 0.204346 -0.151733
vt 0.200073 -0.141357
vt 0.382812 -0.090088
vt 0.383057 -0.093628
vt 0.633301 -0.672363
vt 0.627441 -0.668457
vt 0.625977 -0.671875
vt 0.631348 -0.676270
vt 0.637695 -0.588379
vt 0.633789 -0.586914
vt 0.631348 -0.604492
vt 0.634766 -0.605469
vt 0.424316 -0.195068
vt 0.419434 -0.194702
vt 0.424072 -0.196533
vt 0.671387 -0.631348
vt 0.414795 -0.192505
vt 0.419678 -0.192383
vt 0.419678 -0.187012
vt 0.415771 -0.186890
vt 0.527832 -0.144287
vt 0.527344 -0.130859
vt 0.403076 -0.090088
vt 0.413086 -0.098633
vt 0.415283 -0.093933
vt 0.639160 -0.653320
vt 0.631836 -0.650879
vt 0.629395 -0.664551
vt 0.639160 -0.668945
vt 0.515137 -0.124756
vt 0.402344 -0.087036
vt 0.690918 -0.640137
vt 0.692383 -0.651855
vt 0.587402 -0.066284
vt 0.582031 -0.065125
vt 0.581543 -0.077271
vt 0.587891 -0.079712
vt 0.404297 -0.175537
vt 0.401123 -0.175293
vt 0.400635 -0.183716
vt 0.388916 -0.206665
vt 0.395752 -0.206299
vt 0.395020 -0.196045
vt 0.389160 -0.196411
vt 0.623047 -0.660156
vt 0.422363 -0.162109
vt 0.418457 -0.162476
vt 0.445557 -0.097778
vt 0.448242 -0.092957
vt 0.225708 -0.139893
vt 0.217041 -0.138306
vt 0.217041 -0.144043
vt 0.237061 -0.110352
vt 0.241089 -0.112366
vt 0.393066 -0.039581
vt 0.402344 -0.039337
vt 0.401123 -0.024857
vt 0.393066 -0.025452
vt 0.435059 -0.081604
vt 0.429443 -0.082458
vt 0.427979 -0.092590
vt 0.694336 -0.571777
vt 0.260986 -0.113403
vt 0.548340 -0.125488
vt 0.541016 -0.126953
vt 0.547852 -0.129272
vt 0.427002 -0.179321
vt 0.430176 -0.179565
vt 0.583496 -0.108093
vt 0.583496 -0.103027
vt 0.670898 -0.560059
vt 0.666992 -0.561035
vt 0.244751 -0.114563
vt 0.206543 -0.113953
vt 0.608398 -0.664062
vt 0.608398 -0.667480
vt 0.613281 -0.665039
vt 0.613770 -0.662598
vt 0.442627 -0.059540
vt 0.440918 -0.038666
vt 0.437500 -0.038086
vt 0.693359 -0.576660
vt 0.434570 -0.075867
vt 0.434814 -0.071167
vt 0.428955 -0.072449
vt 0.430420 -0.076843
vt 0.602051 -0.025513
vt 0.595703 -0.023193
vt 0.595215 -0.027313
vt 0.600586 -0.029572
vt 0.231323 -0.182251
vt 0.223755 -0.181030
vt 0.223267 -0.187378
vt 0.227783 -0.188354
vt 0.703125 -0.574707
vt 0.622070 -0.574219
vt 0.620117 -0.574219
vt 0.620605 -0.575195
vt 0.621582 -0.575195
vt 0.589844 -0.102966
vt 0.586426 -0.101685
vt 0.586914 -0.103699
vt 0.589844 -0.104797
vt 0.566895 -0.085205
vt 0.572754 -0.083252
vt 0.572754 -0.081360
vt 0.567383 -0.082886
vt 0.275635 -0.124084
vt 0.696289 -0.632324
vt 0.697266 -0.629395
vt 0.691406 -0.628906
vt 0.690918 -0.631348
vt 0.400391 -0.195312
vt 0.436523 -0.017319
vt 0.431396 -0.019272
vt 0.434082 -0.039062
vt 0.587891 -0.087952
vt 0.592285 -0.090698
vt 0.596680 -0.088318
vt 0.592285 -0.085083
vt 0.617188 -0.633789
vt 0.621582 -0.633301
vt 0.617676 -0.627441
vt 0.699219 -0.599609
vt 0.702148 -0.579590
vt 0.526855 -0.128296
vt 0.531738 -0.127808
vt 0.221558 -0.075684
vt 0.224121 -0.074646
vt 0.224243 -0.073059
vt 0.222900 -0.084534
vt 0.215698 -0.086975
vt 0.226196 -0.087158
vt 0.211792 -0.086243
vt 0.209961 -0.085205
vt 0.209106 -0.086243
vt 0.219482 -0.098267
vt 0.203003 -0.093689
vt 0.221069 -0.106750
vt 0.223877 -0.105713
vt 0.220825 -0.108337
vt 0.218140 -0.109924
vt 0.219116 -0.111694
vt 0.215454 -0.112488
vt 0.214600 -0.121765
vt 0.209229 -0.122070
vt 0.223877 -0.107544
vt 0.227051 -0.106873
vt 0.227539 -0.108521
vt 0.226929 -0.106140
vt 0.223145 -0.098206
vt 0.226685 -0.098572
vt 0.230103 -0.107056
vt 0.228760 -0.085022
vt 0.229248 -0.086853
vt 0.232300 -0.086731
vt 0.233032 -0.082092
vt 0.230957 -0.083801
vt 0.230469 -0.098755
vt 0.233643 -0.088196
vt 0.240723 -0.090759
vt 0.248657 -0.091125
vt 0.259521 -0.116516
vt 0.257812 -0.120972
vt 0.273926 -0.128296
vt 0.254150 -0.131470
vt 0.261963 -0.134766
vt 0.249878 -0.150146
vt 0.251953 -0.144287
vt 0.244873 -0.163818
vt 0.240112 -0.176880
vt 0.407959 -0.153320
vt 0.403809 -0.153564
vt 0.403809 -0.156616
vt 0.408691 -0.156616
vt 0.235352 -0.174805
vt 0.235596 -0.183594
vt 0.243408 -0.148193
vt 0.239258 -0.161865
vt 0.245117 -0.142334
vt 0.241455 -0.127808
vt 0.238770 -0.121033
vt 0.231689 -0.165894
vt 0.234497 -0.115051
vt 0.234253 -0.107605
vt 0.230225 -0.107971
vt 0.230225 -0.110168
vt 0.232300 -0.112122
vt 0.223999 -0.127930
vt 0.207397 -0.126953
vt 0.217407 -0.127441
vt 0.207031 -0.136353
vt 0.208618 -0.142456
vt 0.210205 -0.148682
vt 0.212402 -0.156860
vt 0.208374 -0.163696
vt 0.217407 -0.157837
vt 0.213867 -0.162231
vt 0.224976 -0.164551
vt 0.230225 -0.173584
vt 0.211060 -0.179321
vt 0.214966 -0.179810
vt 0.681641 -0.678711
vt 0.683105 -0.678223
vt 0.216064 -0.170410
vt 0.209839 -0.170898
vt 0.208008 -0.171021
vt 0.376221 -0.035004
vt 0.386230 -0.033417
vt 0.386475 -0.026505
vt 0.376953 -0.028091
vt 0.205444 -0.164429
vt 0.183105 -0.149048
vt 0.183838 -0.134277
vt 0.174683 -0.127808
vt 0.177246 -0.136475
vt 0.178589 -0.121826
vt 0.173706 -0.124023
vt 0.179810 -0.101318
vt 0.183472 -0.113892
vt 0.176270 -0.116516
vt 0.172485 -0.103516
vt 0.171509 -0.118286
vt 0.600586 -0.583984
vt 0.599609 -0.582031
vt 0.599121 -0.582520
vt 0.607422 -0.581543
vt 0.603516 -0.586426
vt 0.616699 -0.575684
vt 0.606934 -0.580566
vt 0.619141 -0.575684
vt 0.618652 -0.574707
vt 0.618652 -0.580078
vt 0.623535 -0.575195
vt 0.635254 -0.582520
vt 0.617676 -0.583984
vt 0.630371 -0.623535
vt 0.633789 -0.620117
vt 0.634766 -0.622559
vt 0.625977 -0.623535
vt 0.617676 -0.665039
vt 0.621582 -0.666992
vt 0.622559 -0.664551
vt 0.623047 -0.674805
vt 0.615723 -0.681152
vt 0.615723 -0.683594
vt 0.620117 -0.670898
vt 0.613281 -0.680664
vt 0.613281 -0.669434
vt 0.619141 -0.658691
vt 0.614746 -0.657715
vt 0.606934 -0.642578
vt 0.602051 -0.648926
vt 0.608887 -0.647949
vt 0.607422 -0.632812
vt 0.612793 -0.626465
vt 0.607910 -0.625488
vt 0.570312 -0.015266
vt 0.564453 -0.016708
vt 0.566895 -0.019226
vt 0.572266 -0.016754
vt 0.576660 -0.014435
vt 0.579102 -0.015976
vt 0.581055 -0.014351
vt 0.582031 -0.015991
vt 0.583496 -0.016083
vt 0.590820 -0.019211
vt 0.604492 -0.022308
vt 0.596680 -0.050049
vt 0.599609 -0.050934
vt 0.572754 -0.028000
vt 0.572754 -0.049133
vt 0.565430 -0.029800
vt 0.567871 -0.050262
vt 0.569824 -0.088379
vt 0.577637 -0.086365
vt 0.577637 -0.082642
vt 0.577148 -0.092529
vt 0.570801 -0.104858
vt 0.569824 -0.106140
vt 0.596191 -0.085388
vt 0.592285 -0.083252
vt 0.590820 -0.092529
vt 0.587402 -0.093811
vt 0.590332 -0.094910
vt 0.580078 -0.101074
vt 0.583496 -0.101135
vt 0.388672 -0.110962
vt 0.390869 -0.113464
vt 0.586914 -0.104675
vt 0.582520 -0.118835
vt 0.585938 -0.108704
vt 0.583008 -0.119324
vt 0.418945 -0.013237
vt 0.406006 -0.017609
vt 0.412354 -0.019989
vt 0.418701 -0.017868
vt 0.414062 -0.023087
vt 0.427490 -0.009056
vt 0.426270 -0.008713
vt 0.429443 -0.007835
vt 0.430908 -0.008934
vt 0.432617 -0.007446
vt 0.432861 -0.008575
vt 0.430664 -0.014763
vt 0.532227 -0.099731
vt 0.536621 -0.101135
vt 0.432617 -0.009132
vt 0.438232 -0.009254
vt 0.435791 -0.007710
vt 0.435791 -0.008415
vt 0.439453 -0.010193
vt 0.438477 -0.010033
vt 0.440430 -0.013474
vt 0.436279 -0.012688
vt 0.435791 -0.009216
vt 0.439697 -0.015137
vt 0.453125 -0.019577
vt 0.461182 -0.022186
vt 0.462158 -0.021423
vt 0.441406 -0.019516
vt 0.452637 -0.020569
vt 0.447510 -0.060760
vt 0.453369 -0.062378
vt 0.427490 -0.041748
vt 0.456055 -0.066956
vt 0.447754 -0.064514
vt 0.453369 -0.072571
vt 0.442383 -0.063232
vt 0.442139 -0.069641
vt 0.428711 -0.064575
vt 0.423096 -0.062744
vt 0.420410 -0.066956
vt 0.422852 -0.072449
vt 0.433838 -0.069641
vt 0.423096 -0.074402
vt 0.426270 -0.077942
vt 0.447266 -0.072510
vt 0.453369 -0.074463
vt 0.445801 -0.076904
vt 0.446777 -0.082581
vt 0.449951 -0.078064
vt 0.449707 -0.098328
vt 0.448242 -0.099976
vt 0.438721 -0.117676
vt 0.426270 -0.097839
vt 0.427490 -0.099426
vt 0.427246 -0.101196
vt 0.431641 -0.102966
vt 0.436279 -0.117615
vt 0.437500 -0.117798
vt 0.437500 -0.117554
vt 0.549805 -0.072937
vt 0.559570 -0.076904
vt 0.563477 -0.075745
vt 0.549805 -0.073303
vt 0.539551 -0.071655
vt 0.536133 -0.064880
vt 0.534668 -0.063721
vt 0.537109 -0.125732
vt 0.536133 -0.128662
vt 0.511719 -0.082458
vt 0.526855 -0.100403
vt 0.515137 -0.077026
vt 0.510742 -0.078796
vt 0.526367 -0.071533
vt 0.513672 -0.073059
vt 0.527832 -0.065796
vt 0.529785 -0.063721
vt 0.532227 -0.068420
vt 0.532227 -0.073792
vt 0.532227 -0.062500
vt 0.518555 -0.161743
vt 0.541992 -0.161133
vt 0.540039 -0.163086
vt 0.532715 -0.159546
vt 0.529297 -0.163574
vt 0.525879 -0.164062
vt 0.525879 -0.167969
vt 0.528809 -0.175415
vt 0.527832 -0.175659
vt 0.528809 -0.176636
vt 0.526855 -0.176147
vt 0.532715 -0.168457
vt 0.533203 -0.164673
vt 0.529785 -0.175781
vt 0.530762 -0.176514
vt 0.535645 -0.165771
vt 0.539551 -0.166748
vt 0.423584 -0.172729
vt 0.424072 -0.174194
vt 0.431641 -0.173218
vt 0.424561 -0.164551
vt 0.426758 -0.155640
vt 0.430908 -0.155518
vt 0.430176 -0.153564
vt 0.423340 -0.155762
vt 0.423584 -0.153564
vt 0.431641 -0.151489
vt 0.416504 -0.101562
vt 0.412109 -0.102173
vt 0.421387 -0.100220
vt 0.416016 -0.098022
vt 0.421875 -0.094116
vt 0.586914 -0.081848
vt 0.593750 -0.081787
vt 0.413086 -0.071045
vt 0.412109 -0.031738
vt 0.409424 -0.024261
vt 0.401123 -0.022461
vt 0.385742 -0.052155
vt 0.388672 -0.022720
vt 0.372559 -0.063110
vt 0.373779 -0.075806
vt 0.374023 -0.090149
vt 0.374268 -0.093567
vt 0.374756 -0.106628
vt 0.381104 -0.106262
vt 0.372070 -0.168335
vt 0.379150 -0.170532
vt 0.379639 -0.168335
vt 0.369873 -0.170776
vt 0.406006 -0.099304
vt 0.413574 -0.104919
vt 0.408691 -0.104614
vt 0.404785 -0.108032
vt 0.405762 -0.108032
vt 0.409424 -0.108337
vt 0.406006 -0.109131
vt 0.400879 -0.108337
vt 0.405029 -0.109924
vt 0.398193 -0.111450
vt 0.401855 -0.113708
vt 0.391113 -0.117981
vt 0.398438 -0.165894
vt 0.388184 -0.170166
vt 0.387207 -0.166504
vt 0.400879 -0.209473
vt 0.402100 -0.205811
vt 0.390381 -0.210449
vt 0.402100 -0.214478
vt 0.399414 -0.233276
vt 0.400879 -0.220459
vt 0.393799 -0.233032
vt 0.396729 -0.235352
vt 0.674316 -0.557617
vt 0.678711 -0.558105
vt 0.673828 -0.559082
vt 0.572754 -0.023743
vt 0.564941 -0.025101
vt 0.670410 -0.558594
vt 0.666016 -0.560547
vt 0.665527 -0.561035
vt 0.653320 -0.571289
vt 0.645020 -0.580078
vt 0.640625 -0.577148
vt 0.660156 -0.602051
vt 0.648926 -0.583496
vt 0.655762 -0.604004
vt 0.664062 -0.654785
vt 0.670898 -0.657227
vt 0.676270 -0.656250
vt 0.671387 -0.664062
vt 0.662598 -0.660645
vt 0.666016 -0.666992
vt 0.695312 -0.664551
vt 0.690918 -0.663086
vt 0.690430 -0.665527
vt 0.695801 -0.667480
vt 0.680664 -0.655762
vt 0.676270 -0.662109
vt 0.236816 -0.090454
vt 0.235474 -0.100403
vt 0.233643 -0.108948
vt 0.259277 -0.100159
vt 0.216919 -0.149902
vt 0.269775 -0.138062
vt 0.677246 -0.617188
vt 0.234619 -0.195923
vt 0.235107 -0.189819
vt 0.227295 -0.194824
vt 0.219971 -0.193726
vt 0.177734 -0.119690
vt 0.172729 -0.121765
vt 0.618164 -0.602539
vt 0.609863 -0.620117
vt 0.608887 -0.622559
vt 0.610352 -0.625000
vt 0.613281 -0.625488
vt 0.621582 -0.583008
vt 0.617188 -0.625977
vt 0.615234 -0.648438
vt 0.616211 -0.642090
vt 0.599121 -0.663574
vt 0.607910 -0.659668
vt 0.603027 -0.666016
vt 0.625488 -0.633789
vt 0.642578 -0.583496
vt 0.602539 -0.669922
vt 0.616699 -0.668945
vt 0.613770 -0.685059
vt 0.614258 -0.682617
vt 0.614746 -0.680176
vt 0.617188 -0.684570
vt 0.626465 -0.677734
vt 0.635742 -0.645020
vt 0.629395 -0.643066
vt 0.636230 -0.633789
vt 0.630859 -0.634277
vt 0.636230 -0.625488
vt 0.631348 -0.626953
vt 0.633301 -0.624512
vt 0.630371 -0.625488
vt 0.621582 -0.623535
vt 0.536621 -0.127319
vt 0.518066 -0.131226
vt 0.522949 -0.129517
vt 0.531250 -0.130127
vt 0.393066 -0.020676
vt 0.530762 -0.143799
vt 0.530273 -0.153564
vt 0.529785 -0.156372
vt 0.522949 -0.165161
vt 0.519531 -0.166382
vt 0.523926 -0.168823
vt 0.522461 -0.169556
vt 0.529785 -0.158936
vt 0.525879 -0.176880
vt 0.528809 -0.177612
vt 0.531738 -0.177246
vt 0.535156 -0.169556
vt 0.579102 -0.021332
vt 0.434326 -0.117859
vt 0.437500 -0.118225
vt 0.595215 -0.069092
vt 0.598633 -0.069458
vt 0.598633 -0.082703
vt 0.577637 -0.065674
vt 0.577148 -0.078247
vt 0.582031 -0.080627
vt 0.572266 -0.079529
vt 0.566895 -0.080200
vt 0.577148 -0.080872
vt 0.581543 -0.082336
vt 0.581055 -0.092407
vt 0.582031 -0.086304
vt 0.579590 -0.118896
vt 0.581055 -0.119385
vt 0.581055 -0.120178
vt 0.581055 -0.118713
vt 0.588379 -0.109314
vt 0.589844 -0.105896
vt 0.585938 -0.083191
vt 0.417236 -0.026306
vt 0.422607 -0.024460
vt 0.697266 -0.619629
vt 0.698730 -0.624512
vt 0.423340 -0.043457
vt 0.437988 -0.069214
vt 0.440674 -0.118042
vt 0.429199 -0.103149
vt 0.198975 -0.095825
vt 0.193359 -0.097229
vt 0.424316 -0.179443
vt 0.424316 -0.187622
vt 0.426270 -0.187866
vt 0.428223 -0.187744
vt 0.423828 -0.176025
vt 0.431152 -0.159180
vt 0.419678 -0.125488
vt 0.416992 -0.105835
vt 0.412109 -0.106323
vt 0.421143 -0.104553
vt 0.412598 -0.078796
vt 0.571777 -0.066833
vt 0.413574 -0.108093
vt 0.407471 -0.113586
vt 0.417725 -0.155518
vt 0.422119 -0.154907
vt 0.417969 -0.160034
vt 0.423096 -0.159546
vt 0.413818 -0.160767
vt 0.413818 -0.156128
vt 0.414795 -0.162964
vt 0.424072 -0.187012
vt 0.425049 -0.192749
vt 0.415283 -0.194946
vt 0.422119 -0.217529
vt 0.423096 -0.199951
vt 0.419922 -0.217651
vt 0.405518 -0.117249
vt 0.405518 -0.113647
vt 0.402100 -0.117737
vt 0.398682 -0.117798
vt 0.406982 -0.137085
vt 0.403076 -0.137451
vt 0.400146 -0.153687
vt 0.399658 -0.156982
vt 0.400879 -0.159546
vt 0.408203 -0.166382
vt 0.408203 -0.175049
vt 0.416260 -0.174683
vt 0.409180 -0.195557
vt 0.404541 -0.194946
vt 0.399902 -0.191162
vt 0.400635 -0.195312
vt 0.404785 -0.197510
vt 0.409668 -0.198364
vt 0.400391 -0.197998
vt 0.404785 -0.201538
vt 0.401367 -0.202148
vt 0.407959 -0.213989
vt 0.408936 -0.202271
vt 0.405273 -0.213745
vt 0.402588 -0.214111
vt 0.397949 -0.161987
vt 0.392578 -0.164795
vt 0.397461 -0.164429
vt 0.387939 -0.165039
vt 0.388428 -0.184692
vt 0.388184 -0.111938
vt 0.381104 -0.108643
vt 0.374756 -0.108521
vt 0.375488 -0.115601
vt 0.381592 -0.115723
vt 0.389160 -0.116211
vt 0.375000 -0.120361
vt 0.374023 -0.139893
vt 0.385986 -0.159912
vt 0.386230 -0.165527
vt 0.385742 -0.168091
vt 0.387451 -0.170532
vt 0.386963 -0.173828
vt 0.386230 -0.195435
vt 0.384277 -0.183350
vt 0.379639 -0.197144
vt 0.372803 -0.197266
vt 0.385498 -0.213013
vt 0.385254 -0.207642
vt 0.381348 -0.208374
vt 0.376221 -0.210083
vt 0.385498 -0.223755
vt 0.536621 -0.170532
vt 0.669922 -0.624512
vt 0.669434 -0.619141
vt 0.661133 -0.629395
vt 0.661133 -0.631836
vt 0.697266 -0.626953
vt 0.677246 -0.626953
vt 0.686035 -0.627930
vt 0.685059 -0.630371
vt 0.677246 -0.629395
vt 0.695801 -0.641113
vt 0.697754 -0.652832
vt 0.692383 -0.656738
vt 0.686523 -0.656250
vt 0.700195 -0.658203
vt 0.667969 -0.668945
vt 0.681641 -0.668457
vt 0.692871 -0.670898
vt 0.684082 -0.559570
vt 0.410889 -0.133545
vt 0.675293 -0.596680
vt 0.667480 -0.598633
vt 0.585449 -0.087219
vt 0.567383 -0.067078
vt 0.584473 -0.092896
vt 0.198730 -0.181763
vt 0.204834 -0.180542
vt 0.373047 -0.201782
vt 0.375000 -0.206421
vt 0.431152 -0.161743
vt 0.537109 -0.063904
vt 0.400146 -0.137329
vt 0.418945 -0.091797
vt 0.625488 -0.583984
vt 0.640625 -0.575684
vt 0.505859 -0.075745
vt 0.583984 -0.119568
vt 0.417725 -0.217529
s 1
g off
g fet_2_dr_Material
usemtl Material
f 1030/1/1030 1025/2/1025 1026/3/1026 1031/4/1031
f 255/5/255 251/6/251 256/7/256 260/8/260
f 376/9/376 378/10/378 375/11/375 371/12/371
f 1005/13/1005 998/14/998 999/15/999 1000/16/1000
f 1006/17/1006 1002/18/1002 1007/19/1007 1012/20/1012
f 777/21/777 775/22/775 776/23/776 779/24/779
f 578/25/578 569/26/569 573/27/573 575/28/575
f 163/29/163 161/30/161 162/31/162 164/32/164
f 806/33/806 804/34/804 803/35/803 808/36/808
f 574/37/574 577/38/577 579/39/579 580/40/580
f 216/41/216 215/42/215 213/43/213 212/44/212
f 132/45/132 42/46/42 133/47/133 134/48/134
f 331/49/331 327/50/327 334/51/334 335/52/335
f 505/53/505 504/54/504 503/55/503 507/56/507
f 1021/57/1021 1022/58/1022 1029/59/1029 1034/60/1034
f 28/61/28 20/62/20 24/63/24 30/64/30
f 833/65/833 838/66/838 843/67/843 844/68/844
f 558/69/558 600/70/600 604/71/604 559/72/559
f 376/9/376 373/73/373 377/74/377 380/75/380
f 568/76/568 565/77/565 551/78/551 544/79/544
f 894/80/894 896/81/896 897/82/897 898/83/898
f 506/84/506 502/85/502 501/86/501 510/87/510
f 92/88/92 91/89/91 90/90/90 94/91/94
f 226/92/226 224/93/224 227/94/227 232/95/232
f 510/87/510 501/86/501 511/96/511 518/97/518
f 6/98/6 4/99/4 5/100/5 7/101/7
f 177/102/177 174/103/174 175/104/175 176/105/176
f 492/106/492 491/107/491 493/108/493 494/109/494
f 990/110/990 987/111/987 974/112/974 992/113/992
f 35/114/35 27/115/27 31/116/31 34/117/34
f 697/118/697 694/119/694 691/120/691 698/121/698
f 485/122/485 484/123/484 491/107/491 492/106/492
f 662/124/662 660/125/660 659/126/659 664/127/664
f 692/128/692 686/129/686 690/130/690 695/131/695
f 682/132/682 679/133/679 680/134/680 683/135/683
f 639/136/639 641/137/641 643/138/643 644/139/644
f 1040/140/1040 1043/141/1043 1046/142/1046 1047/143/1047
f 9/144/9 8/145/8 6/98/6 7/101/7
f 325/146/325 323/147/323 327/50/327 331/49/331
f 449/148/449 453/149/453 455/150/455 456/151/456
f 882/152/882 884/153/884 886/154/886 887/155/887
f 367/156/367 363/157/363 364/158/364 368/159/368
f 926/160/926 925/161/925 924/162/924 928/163/928
f 981/164/981 978/165/978 977/166/977 982/167/982
f 945/168/945 946/169/946 950/170/950 952/171/952
f 696/172/696 693/173/693 688/174/688 692/128/692
f 664/127/664 663/175/663 666/176/666 667/177/667
f 1048/178/1048 1031/4/1031 1028/179/1028 1032/180/1032
f 791/181/791 786/182/786 790/183/790 792/184/792
f 367/156/367 371/12/371 375/11/375 374/185/374
f 695/131/695 694/119/694 699/186/699 717/187/717
f 858/188/858 856/189/856 851/190/851 859/191/859
f 280/192/280 284/193/284 285/194/285 286/195/286
f 570/196/570 584/197/584 583/198/583 582/199/582
f 849/200/849 847/201/847 846/202/846 850/203/850
f 872/204/872 869/205/869 866/206/866 871/207/871
f 154/208/154 150/209/150 149/210/149 166/211/166
f 760/212/760 758/213/758 756/214/756 761/215/761
f 740/216/740 739/217/739 741/218/741 743/219/743
f 844/68/844 843/67/843 846/202/846 847/201/847
f 806/33/806 808/36/808 809/220/809 810/221/810
f 720/222/720 718/223/718 719/224/719 721/225/721
f 860/226/860 858/188/858 859/191/859 862/227/862
f 569/26/569 567/228/567 571/229/571 573/27/573
f 995/230/995 993/231/993 996/232/996 999/15/999
f 579/39/579 577/38/577 565/77/565 568/76/568
f 821/233/821 823/234/823 825/235/825 826/236/826
f 117/237/117 110/238/110 114/239/114 123/240/123
f 411/241/411 406/242/406 375/11/375 378/10/378
f 245/243/245 240/244/240 244/245/244 248/246/248
f 935/247/935 936/248/936 940/249/940 957/250/957
f 75/251/75 72/252/72 68/253/68 118/254/118
f 511/96/511 501/86/501 493/108/493 496/255/496
f 511/96/511 512/256/512 515/257/515 518/97/518
f 122/258/122 47/259/47 124/260/124 123/240/123
f 688/174/688 682/132/682 686/129/686 692/128/692
f 601/261/601 575/28/575 576/262/576 602/263/602
f 609/264/609 608/265/608 599/266/599 601/261/601
f 650/267/650 649/268/649 652/269/652 653/270/653
f 897/82/897 899/271/899 901/272/901 902/273/902
f 98/274/98 95/275/95 97/276/97 99/277/99
f 307/278/307 239/279/239 228/280/228 210/281/210
f 1039/282/1039 1038/283/1038 1042/284/1042 1043/141/1043
f 469/285/469 462/286/462 457/287/457 461/288/461
f 207/289/207 199/290/199 200/291/200 208/292/208
f 748/293/748 747/294/747 744/295/744 745/296/745
f 143/297/143 107/298/107 109/299/109 129/300/129
f 45/301/45 42/46/42 29/302/29 32/303/32
f 907/304/907 906/305/906 909/306/909 910/307/910
f 179/308/179 177/102/177 176/105/176 138/309/138
f 729/310/729 728/311/728 689/312/689 725/313/725
f 543/314/543 545/315/545 548/316/548 549/317/549
f 803/35/803 805/318/805 807/319/807 808/36/808
f 969/320/969 966/321/966 968/322/968 971/323/971
f 334/51/334 327/50/327 324/324/324 338/325/338
f 554/326/554 550/327/550 553/328/553 556/329/556
f 78/330/78 77/331/77 76/332/76 79/333/79
f 20/62/20 13/334/13 16/335/16 21/336/21
f 768/337/768 765/338/765 766/339/766 770/340/770
f 67/341/67 66/342/66 71/343/71 70/344/70
f 538/345/538 536/346/536 535/347/535 540/348/540
f 532/349/532 531/350/531 535/347/535 536/346/536
f 929/351/929 933/352/933 936/248/936 935/247/935
f 982/167/982 977/166/977 972/353/972 986/354/986
f 965/355/965 964/356/964 959/357/959 960/358/960
f 857/359/857 852/360/852 856/189/856 858/188/858
f 485/122/485 483/361/483 481/362/481 484/123/484
f 717/187/717 715/363/715 718/223/718 696/172/696
f 73/364/73 71/343/71 72/252/72 80/365/80
f 135/366/135 133/47/133 45/301/45 185/367/185
f 140/368/140 137/369/137 138/309/138 176/105/176
f 725/313/725 723/370/723 726/371/726 729/310/729
f 259/372/259 261/373/261 263/374/263 264/375/264
f 222/376/222 220/377/220 229/378/229 230/379/230
f 818/380/818 820/381/820 821/233/821 822/382/822
f 994/383/994 990/110/990 992/113/992 995/230/995
f 817/384/817 815/385/815 812/386/812 814/387/814
f 564/388/564 562/389/562 567/228/567 569/26/569
f 696/172/696 692/128/692 695/131/695 717/187/717
f 681/390/681 674/391/674 677/392/677 679/133/679
f 253/393/253 252/394/252 257/395/257 258/396/258
f 581/397/581 580/40/580 579/39/579 582/199/582
f 681/390/681 685/398/685 689/312/689 728/311/728
f 1010/399/1010 1006/17/1006 1012/20/1012 1013/400/1013
f 340/401/340 339/402/339 354/403/354 393/404/393
f 906/305/906 903/405/903 905/406/905 908/407/908
f 879/408/879 877/409/877 874/410/874 876/411/876
f 257/395/257 252/394/252 255/5/255 262/412/262
f 801/413/801 800/414/800 803/35/803 804/34/804
f 66/342/66 68/253/68 72/252/72 71/343/71
f 498/415/498 495/416/495 494/109/494 502/85/502
f 129/300/129 126/417/126 130/418/130 139/419/139
f 116/420/116 113/421/113 75/251/75 118/254/118
f 706/422/706 700/423/700 703/424/703 707/425/707
f 496/255/496 482/426/482 479/427/479 497/428/497
f 924/162/924 929/351/929 935/247/935 931/429/931
f 81/430/81 76/332/76 73/364/73 80/365/80
f 539/431/539 538/345/538 541/432/541 542/433/542
f 639/136/639 636/434/636 638/435/638 641/137/641
f 410/436/410 403/437/403 406/242/406 411/241/411
f 945/168/945 936/248/936 938/438/938 941/439/941
f 80/365/80 72/252/72 75/251/75 86/440/86
f 34/117/34 31/116/31 30/64/30 36/441/36
f 291/442/291 287/443/287 290/444/290 292/445/292
f 458/446/458 454/447/454 451/448/451 457/287/457
f 961/449/961 957/250/957 968/322/968 966/321/966
f 480/450/480 477/451/477 474/452/474 478/453/478
f 330/454/330 328/455/328 332/456/332 333/457/333
f 153/458/153 152/459/152 159/460/159 155/461/155
f 928/163/928 924/162/924 931/429/931 932/462/932
f 206/463/206 203/464/203 205/465/205 209/466/209
f 402/467/402 401/468/401 404/469/404 405/470/405
f 359/471/359 358/472/358 355/473/355 356/474/356
f 79/333/79 76/332/76 81/430/81 82/475/82
f 985/476/985 984/477/984 983/478/983 1008/479/1008
f 875/480/875 872/204/872 871/207/871 874/410/874
f 451/448/451 444/481/444 447/482/447 452/483/452
f 391/484/391 396/485/396 395/486/395 392/487/392
f 300/488/300 254/489/254 248/246/248 303/490/303
f 494/109/494 493/108/493 501/86/501 502/85/502
f 963/491/963 962/492/962 961/449/961 966/321/966
f 563/493/563 555/494/555 551/78/551 565/77/565
f 1/495/1 3/496/3 2/497/2
f 10/498/10 6/98/6 8/145/8
f 11/499/11 8/145/8 9/144/9
f 8/145/8 12/500/12 10/498/10
f 13/334/13 8/145/8 11/499/11
f 11/499/11 14/501/14 13/334/13
f 14/501/14 16/335/16 13/334/13
f 16/335/16 14/501/14 17/502/17
f 17/502/17 18/503/18 16/335/16
f 13/334/13 19/504/19 8/145/8
f 20/62/20 19/504/19 13/334/13
f 22/505/22 20/62/20 21/336/21
f 19/504/19 20/62/20 27/115/27
f 27/115/27 20/62/20 28/61/28
f 29/302/29 30/64/30 24/63/24
f 27/115/27 28/61/28 31/116/31
f 28/61/28 30/64/30 31/116/31
f 29/302/29 36/441/36 30/64/30
f 27/115/27 37/506/37 23/507/23
f 41/508/41 35/114/35 39/509/39
f 36/441/36 29/302/29 42/46/42
f 43/510/43 41/508/41 39/509/39
f 44/511/44 43/510/43 39/509/39
f 44/511/44 46/512/46 43/510/43
f 46/512/46 44/511/44 40/513/40
f 48/514/48 37/506/37 41/508/41
f 37/506/37 48/514/48 49/515/49
f 49/515/49 23/507/23 37/506/37
f 49/515/49 48/514/48 50/516/50
f 51/517/51 23/507/23 49/515/49
f 12/500/12 15/518/15 53/519/53
f 54/520/54 51/517/51 49/515/49
f 56/521/56 12/500/12 55/522/55
f 59/523/59 60/524/60 57/525/57
f 58/526/58 59/523/59 55/522/55
f 61/527/61 59/523/59 58/526/58
f 19/504/19 15/518/15 12/500/12 8/145/8
f 64/528/64 66/342/66 67/341/67
f 67/341/67 70/344/70 69/529/69
f 80/365/80 83/530/83 81/430/81
f 85/531/85 84/532/84 83/530/83
f 86/440/86 89/533/89 85/531/85
f 87/534/87 85/531/85 89/533/89
f 96/535/96 90/90/90 93/536/93
f 90/90/90 96/535/96 94/91/94
f 94/91/94 101/537/101 97/276/97
f 101/537/101 94/91/94 96/535/96
f 102/538/102 97/276/97 101/537/101
f 855/539/855 853/540/853 891/541/891 892/542/892
f 102/538/102 105/543/105 100/544/100
f 104/545/104 107/298/107 103/546/103
f 109/299/109 104/545/104 106/547/106
f 104/545/104 109/299/109 107/298/107
f 110/238/110 106/547/106 108/548/108
f 110/238/110 109/299/109 106/547/106
f 110/238/110 108/548/108 111/549/111
f 107/298/107 112/550/112 103/546/103
f 112/550/112 105/543/105 103/546/103
f 113/421/113 111/549/111 86/440/86
f 75/251/75 113/421/113 86/440/86
f 111/549/111 114/239/114 110/238/110
f 113/421/113 115/551/115 111/549/111
f 111/549/111 115/551/115 114/239/114
f 115/551/115 113/421/113 116/420/116
f 118/254/118 68/253/68 65/552/65
f 52/553/52 50/516/50 121/554/121
f 120/555/120 122/258/122 115/551/115
f 120/555/120 121/554/121 122/258/122
f 121/554/121 50/516/50 122/258/122
f 126/417/126 117/237/117 125/556/125
f 128/557/128 127/558/127 46/512/46
f 40/513/40 128/557/128 46/512/46
f 109/299/109 126/417/126 129/300/129
f 40/513/40 132/45/132 128/557/128
f 132/45/132 131/559/131 128/557/128
f 45/301/45 133/47/133 42/46/42
f 135/366/135 134/48/134 133/47/133
f 131/559/131 137/369/137 136/560/136
f 134/48/134 138/309/138 137/369/137
f 137/369/137 140/368/140 136/560/136
f 140/368/140 141/561/141 136/560/136
f 140/368/140 144/562/144 141/561/141
f 144/562/144 140/368/140 147/563/147
f 145/564/145 144/562/144 148/565/148
f 144/562/144 147/563/147 148/565/148
f 146/566/146 149/210/149 150/209/150
f 105/543/105 112/550/112 151/567/151
f 150/209/150 154/208/154 152/459/152
f 164/32/164 162/31/162 165/568/165
f 162/31/162 154/208/154 166/211/166
f 165/568/165 162/31/162 167/569/167
f 167/569/167 162/31/162 166/211/166
f 1044/570/1044 1046/142/1046 1042/284/1042 1045/571/1045
f 168/572/168 149/210/149 148/565/148
f 165/568/165 169/573/169 170/574/170
f 713/575/713 712/576/712 710/577/710 711/578/711
f 172/579/172 175/104/175 170/574/170
f 176/105/176 175/104/175 172/579/172
f 177/102/177 178/580/178 174/103/174
f 178/580/178 177/102/177 179/308/179
f 138/309/138 180/581/180 179/308/179
f 180/581/180 182/582/182 181/583/181
f 183/584/183 182/582/182 180/581/180
f 183/584/183 180/581/180 135/366/135
f 183/584/183 184/585/184 182/582/182
f 32/303/32 33/586/33 188/587/188
f 189/588/189 191/589/191 190/590/190
f 192/591/192 194/592/194 193/593/193
f 196/594/196 192/591/192 197/595/197
f 196/594/196 198/596/198 195/597/195
f 196/594/196 201/598/201 198/596/198
f 198/596/198 201/598/201 202/599/202
f 196/594/196 204/600/204 201/598/201
f 204/600/204 196/594/196 199/290/199
f 205/465/205 212/44/212 209/466/209
f 209/466/209 212/44/212 213/43/213
f 213/43/213 215/42/215 214/601/214
f 216/41/216 217/602/217 215/42/215
f 199/290/199 219/603/219 204/600/204
f 232/95/232 229/378/229 226/92/226
f 232/95/232 233/604/233 231/605/231
f 231/605/231 233/604/233 234/606/234
f 233/604/233 232/95/232 237/607/237
f 269/608/269 267/609/267 266/610/266
f 271/611/271 276/612/276 274/613/274
f 276/612/276 271/611/271 270/614/270
f 283/615/283 285/194/285 284/193/284
f 285/194/285 283/615/283 282/616/282
f 269/608/269 292/445/292 290/444/290
f 292/445/292 269/608/269 268/617/268
f 268/617/268 295/618/295 292/445/292
f 298/619/298 296/620/296 297/621/297
f 299/622/299 301/623/301 302/624/302
f 309/625/309 311/626/311 310/627/310
f 310/627/310 312/628/312 309/625/309
f 313/629/313 309/625/309 312/628/312
f 312/628/312 316/630/316 313/629/313
f 316/630/316 317/631/317 313/629/313
f 317/631/317 316/630/316 321/632/321
f 317/631/317 321/632/321 322/633/322
f 321/632/321 323/147/323 322/633/322
f 322/633/322 323/147/323 325/146/325
f 326/634/326 322/633/322 325/146/325
f 325/146/325 328/455/328 326/634/326
f 329/635/329 326/634/326 328/455/328
f 329/635/329 328/455/328 330/454/330
f 331/49/331 328/455/328 325/146/325
f 328/455/328 331/49/331 332/456/332
f 335/52/335 332/456/332 331/49/331
f 333/457/333 336/636/336 337/637/337
f 319/638/319 338/325/338 324/324/324
f 343/639/343 320/640/320 344/641/344
f 360/642/360 358/472/358 359/471/359
f 58/526/58 53/519/53 51/517/51 54/520/54
f 364/158/364 363/157/363 360/642/360
f 365/643/365 362/644/362 358/472/358
f 370/645/370 365/643/365 363/157/363
f 371/12/371 369/646/369 372/647/372
f 363/157/363 367/156/367 374/185/374
f 374/185/374 370/645/370 363/157/363
f 347/648/347 394/649/394 392/487/392
f 347/648/347 392/487/392 395/486/395
f 396/485/396 391/484/391 397/650/397
f 397/650/397 391/484/391 398/651/398
f 398/651/398 399/652/399 397/650/397
f 379/653/379 403/437/403 400/654/400
f 838/66/838 732/655/732 839/656/839 843/67/843
f 406/242/406 403/437/403 379/653/379
f 404/469/404 403/437/403 407/657/407
f 414/658/414 412/659/412 410/436/410
f 415/660/415 412/659/412 414/658/414
f 416/661/416 418/662/418 417/663/417
f 416/661/416 417/663/417 419/664/419
f 420/665/420 419/664/419 417/663/417
f 419/664/419 421/666/421 416/661/416
f 421/666/421 422/667/422 416/661/416
f 423/668/423 422/667/422 421/666/421
f 423/668/423 421/666/421 425/669/425
f 419/664/419 425/669/425 421/666/421
f 425/669/425 427/670/427 423/668/423
f 427/670/427 425/669/425 431/671/431
f 425/669/425 419/664/419 433/672/433
f 589/673/589 544/79/544 540/348/540 537/674/537
f 431/671/431 425/669/425 434/675/434
f 434/675/434 425/669/425 433/672/433
f 436/676/436 432/677/432 435/678/435
f 439/679/439 436/676/436 438/680/438
f 438/680/438 440/681/440 439/679/439
f 441/682/441 438/680/438 437/683/437
f 444/481/444 442/684/442 441/682/441
f 443/685/443 446/686/446 445/687/445
f 442/684/442 444/481/444 450/688/450
f 450/688/450 448/689/448 442/684/442
f 450/688/450 453/149/453 448/689/448
f 449/148/449 448/689/448 453/149/453
f 458/446/458 455/150/455 454/447/454
f 456/151/456 459/690/459 460/691/460
f 428/692/428 461/288/461 452/483/452
f 465/693/465 464/694/464 466/695/466
f 464/694/464 463/696/463 467/697/467
f 466/695/466 464/694/464 467/697/467
f 470/698/470 461/288/461 430/699/430
f 461/288/461 470/698/470 469/285/469
f 471/700/471 470/698/470 430/699/430
f 470/698/470 471/700/471 472/701/472
f 469/285/469 470/698/470 473/702/473
f 470/698/470 472/701/472 473/702/473
f 472/701/472 474/452/474 473/702/473
f 474/452/474 472/701/472 475/703/475
f 474/452/474 477/451/477 473/702/473
f 479/427/479 478/453/478 476/704/476
f 486/705/486 467/697/467 483/361/483
f 466/695/466 467/697/467 486/705/486
f 486/705/486 487/706/487 466/695/466
f 489/707/489 490/708/490 488/709/488
f 495/416/495 498/415/498 499/710/499
f 498/415/498 500/711/500 499/710/499
f 503/55/503 506/84/506 507/56/507
f 509/712/509 507/56/507 506/84/506
f 512/256/512 497/428/497 513/713/513
f 514/714/514 512/256/512 513/713/513
f 514/714/514 515/257/515 512/256/512
f 358/472/358 360/642/360 363/157/363 365/643/365
f 515/257/515 514/714/514 516/715/516
f 518/97/518 515/257/515 519/716/519
f 519/716/519 521/717/521 518/97/518
f 521/717/521 522/718/522 524/719/524
f 522/718/522 509/712/509 524/719/524
f 525/720/525 527/721/527 526/722/526
f 527/721/527 525/720/525 528/723/528
f 533/724/533 528/723/528 530/725/530
f 533/724/533 531/350/531 528/723/528
f 534/726/534 533/724/533 530/725/530
f 536/346/536 538/345/538 539/431/539
f 540/348/540 535/347/535 537/674/537
f 544/79/544 546/727/546 540/348/540
f 548/316/548 550/327/550 549/317/549
f 550/327/550 548/316/548 553/328/553
f 553/328/553 548/316/548 552/728/552
f 544/79/544 570/196/570 568/76/568
f 575/28/575 573/27/573 576/262/576
f 569/26/569 578/25/578 564/388/564
f 583/198/583 581/397/581 582/199/582
f 585/729/585 583/198/583 584/197/584
f 584/197/584 570/196/570 586/730/586
f 584/197/584 587/731/587 585/729/585
f 585/729/585 587/731/587 588/732/588
f 592/733/592 590/734/590 587/731/587
f 590/734/590 592/733/592 593/735/593
f 594/736/594 593/735/593 592/733/592
f 533/724/533 596/737/596 595/738/595
f 592/733/592 595/738/595 596/737/596
f 592/733/592 596/737/596 594/736/594
f 533/724/533 534/726/534 596/737/596
f 596/737/596 597/739/597 594/736/594
f 597/739/597 596/737/596 534/726/534
f 603/740/603 601/261/601 602/263/602
f 559/72/559 604/71/604 605/741/605
f 605/741/605 604/71/604 606/742/606
f 607/743/607 604/71/604 600/70/600
f 606/742/606 604/71/604 607/743/607
f 601/261/601 603/740/603 609/264/609
f 614/744/614 613/745/613 615/746/615
f 615/746/615 622/747/622 614/744/614
f 622/747/622 615/746/615 621/748/621
f 623/749/623 621/748/621 619/750/619
f 621/748/621 623/749/623 622/747/622
f 614/744/614 622/747/622 626/751/626
f 626/751/626 618/752/618 614/744/614
f 622/747/622 623/749/623 627/753/627
f 627/753/627 626/751/626 622/747/622
f 623/749/623 628/754/628 627/753/627
f 607/743/607 618/752/618 632/755/632
f 606/742/606 632/755/632 631/756/631
f 632/755/632 606/742/606 607/743/607
f 644/139/644 645/757/645 642/758/642
f 644/139/644 643/138/643 646/759/646
f 645/757/645 644/139/644 647/760/647
f 647/760/647 644/139/644 649/268/649
f 647/760/647 649/268/649 650/267/650
f 654/761/654 655/762/655 657/763/657
f 656/764/656 654/761/654 658/765/658
f 654/761/654 657/763/657 658/765/658
f 657/763/657 659/126/659 658/765/658
f 659/126/659 660/125/660 658/765/658
f 659/126/659 657/763/657 661/766/661
f 47/259/47 43/510/43 46/512/46 124/260/124
f 672/767/672 674/391/674 671/768/671
f 673/769/673 675/770/675 672/767/672
f 674/391/674 672/767/672 675/770/675
f 675/770/675 673/769/673 676/771/676
f 677/392/677 674/391/674 675/770/675
f 679/133/679 685/398/685 681/390/681
f 393/404/393 390/772/390 394/649/394 345/773/345
f 688/174/688 689/312/689 685/398/685
f 691/120/691 690/130/690 687/774/687
f 689/312/689 688/174/688 693/173/693
f 700/423/700 698/121/698 701/775/701
f 701/775/701 703/424/703 700/423/700
f 704/776/704 703/424/703 701/775/701
f 705/777/705 703/424/703 704/776/704
f 697/118/697 706/422/706 702/778/702
f 710/577/710 709/779/709 711/578/711
f 712/576/712 702/778/702 706/422/706
f 713/575/713 702/778/702 712/576/712
f 714/780/714 702/778/702 713/575/713
f 702/778/702 714/780/714 699/186/699
f 716/781/716 715/363/715 714/780/714
f 722/782/722 720/222/720 721/225/721
f 689/312/689 693/173/693 725/313/725
f 724/783/724 726/371/726 723/370/723
f 727/784/727 726/371/726 724/783/724
f 727/784/727 730/785/730 726/371/726
f 750/786/750 753/787/753 751/788/751
f 753/787/753 750/786/750 754/789/754
f 780/790/780 681/390/681 728/311/728
f 781/791/781 780/790/780 782/792/782
f 780/790/780 784/793/784 782/792/782
f 782/792/782 784/793/784 787/794/787
f 782/792/782 787/794/787 785/795/785
f 785/795/785 787/794/787 788/796/788
f 830/797/830 831/798/831 784/793/784
f 830/797/830 833/65/833 836/799/836
f 836/799/836 834/800/834 830/797/830
f 729/310/729 838/66/838 833/65/833
f 732/655/732 838/66/838 729/310/729
f 850/203/850 846/202/846 848/801/848
f 851/190/851 850/203/850 848/801/848
f 850/203/850 851/190/851 856/189/856
f 866/206/866 869/205/869 867/802/867
f 870/803/870 866/206/866 868/804/868
f 877/409/877 880/805/880 878/806/878
f 881/807/881 877/409/877 879/408/879
f 877/409/877 881/807/881 880/805/880
f 881/807/881 882/152/882 880/805/880
f 882/152/882 883/808/883 880/805/880
f 882/152/882 881/807/881 884/153/884
f 887/155/887 888/809/888 885/810/885
f 889/811/889 887/155/887 886/154/886
f 888/809/888 887/155/887 890/812/890
f 887/155/887 889/811/889 890/812/890
f 934/813/934 933/352/933 930/814/930
f 933/352/933 934/813/934 937/815/937
f 933/352/933 937/815/937 936/248/936
f 936/248/936 937/815/937 938/438/938
f 320/640/320 319/638/319 314/816/314 315/817/315
f 939/818/939 941/439/941 938/438/938
f 941/439/941 939/818/939 942/819/942
f 941/439/941 942/819/942 943/820/943
f 944/821/944 941/439/941 943/820/943
f 946/169/946 941/439/941 944/821/944
f 941/439/941 946/169/946 945/168/945
f 949/822/949 946/169/946 948/823/948
f 953/824/953 950/170/950 951/825/951
f 951/825/951 954/826/954 953/824/953
f 23/507/23 15/518/15 19/504/19 27/115/27
f 266/610/266 261/373/261 257/395/257 262/412/262
f 1001/827/1001 1003/828/1003 1000/16/1000
f 1003/828/1003 1005/13/1005 1000/16/1000
f 1003/828/1003 1009/829/1009 1005/13/1005
f 1023/830/1023 1004/831/1004 1024/832/1024
f 1018/833/1018 1033/834/1033 1035/835/1035
f 1035/835/1035 1036/836/1036 1018/833/1018
f 1042/284/1042 1046/142/1046 1043/141/1043
f 1046/142/1046 1044/570/1044 1048/178/1048
f 441/682/441 442/684/442 440/681/440 438/680/438
f 1015/837/1015 1009/829/1009 1020/838/1020 1022/58/1022
f 38/511/38 34/117/34 36/441/36 40/513/40
f 54/520/54 49/515/49 50/516/50 52/553/52
f 340/401/340 335/52/335 334/51/334 339/402/339
f 57/525/57 56/521/56 55/522/55 59/523/59
f 62/839/62 61/527/61 58/526/58 63/840/63
f 65/552/65 63/840/63 58/526/58 54/520/54
f 119/841/119 52/553/52 121/554/121 120/555/120
f 70/344/70 71/343/71 73/364/73 74/842/74
f 120/555/120 115/551/115 116/420/116 119/841/119
f 114/239/114 115/551/115 122/258/122 123/240/123
f 123/240/123 124/260/124 125/556/125 117/237/117
f 111/549/111 108/548/108 89/533/89 86/440/86
f 85/531/85 83/530/83 80/365/80 86/440/86
f 106/547/106 93/536/93 89/533/89 108/548/108
f 126/417/126 125/556/125 127/558/127 130/418/130
f 127/558/127 128/557/128 131/559/131 130/418/130
f 130/418/130 131/559/131 136/560/136 139/419/139
f 139/419/139 136/560/136 141/561/141 142/843/142
f 129/300/129 139/419/139 142/843/142 143/297/143
f 142/843/142 141/561/141 144/562/144 145/564/145
f 84/532/84 85/531/85 87/534/87 88/844/88
f 88/844/88 87/534/87 90/90/90 91/89/91
f 112/550/112 146/566/146 150/209/150 151/567/151
f 149/210/149 146/566/146 145/564/145 148/565/148
f 100/544/100 105/543/105 151/567/151 153/458/153
f 151/567/151 150/209/150 152/459/152 153/458/153
f 971/323/971 970/845/970 972/353/972 977/166/977
f 157/846/157 156/847/156 155/461/155 158/848/158
f 158/848/158 155/461/155 159/460/159 160/849/160
f 161/30/161 160/849/160 159/460/159 162/31/162
f 166/211/166 149/210/149 168/572/168 167/569/167
f 167/569/167 168/572/168 169/573/169 165/568/165
f 147/563/147 169/573/169 168/572/168 148/565/148
f 183/584/183 135/366/135 185/367/185 186/850/186
f 184/585/184 183/584/183 186/850/186 187/851/187
f 186/850/186 185/367/185 188/587/188 189/588/189
f 187/851/187 186/850/186 189/588/189 190/590/190
f 189/588/189 188/587/188 33/586/33 191/589/191
f 203/464/203 202/599/202 201/598/201 205/465/205
f 228/280/228 225/852/225 207/289/207 210/281/210
f 211/853/211 308/854/308 307/278/307 210/281/210
f 304/855/304 306/856/306 307/278/307 308/854/308
f 224/93/224 218/857/218 219/603/219 225/852/225
f 218/857/218 212/44/212 204/600/204 219/603/219
f 304/855/304 302/624/302 301/623/301 306/856/306
f 307/278/307 306/856/306 305/858/305 239/279/239
f 301/623/301 303/490/303 305/858/305 306/856/306
f 227/94/227 224/93/224 225/852/225 228/280/228
f 303/490/303 248/246/248 244/245/244 305/858/305
f 297/621/297 273/859/273 275/860/275 298/619/298
f 275/860/275 256/7/256 254/489/254 300/488/300
f 296/620/296 294/861/294 293/862/293 297/621/297
f 289/863/289 291/442/291 293/862/293 294/861/294
f 293/862/293 295/618/295 273/859/273 297/621/297
f 273/859/273 260/8/260 256/7/256 275/860/275
f 247/864/247 245/243/245 248/246/248 254/489/254
f 251/6/251 247/864/247 254/489/254 256/7/256
f 268/617/268 260/8/260 273/859/273 295/618/295
f 268/617/268 262/412/262 255/5/255 260/8/260
f 221/865/221 217/602/217 220/377/220 222/376/222
f 289/863/289 288/866/288 287/443/287 291/442/291
f 286/195/286 285/194/285 287/443/287 288/866/288
f 287/443/287 285/194/285 282/616/282 290/444/290
f 282/616/282 279/867/279 269/608/269 290/444/290
f 280/192/280 278/868/278 277/869/277 284/193/284
f 281/870/281 279/867/279 282/616/282 283/615/283
f 276/612/276 270/614/270 279/867/279 281/870/281
f 272/871/272 265/872/265 271/611/271 274/613/274
f 270/614/270 267/609/267 269/608/269 279/867/279
f 266/610/266 262/412/262 268/617/268 269/608/269
f 259/372/259 258/396/258 257/395/257 261/373/261
f 250/873/250 249/874/249 252/394/252 253/393/253
f 249/874/249 251/6/251 255/5/255 252/394/252
f 243/875/243 246/876/246 249/874/249 250/873/250
f 246/876/246 247/864/247 251/6/251 249/874/249
f 243/875/243 242/877/242 241/878/241 246/876/246
f 241/878/241 245/243/245 247/864/247 246/876/246
f 235/879/235 238/880/238 241/878/241 242/877/242
f 241/878/241 238/880/238 240/244/240 245/243/245
f 240/244/240 238/880/238 233/604/233 237/607/237
f 232/95/232 227/94/227 236/881/236 237/607/237
f 206/463/206 209/466/209 213/43/213 214/601/214
f 579/39/579 568/76/568 570/196/570 582/199/582
f 551/78/551 547/882/547 546/727/546 544/79/544
f 577/38/577 574/37/574 572/883/572 566/884/566
f 566/884/566 563/493/563 565/77/565 577/38/577
f 571/229/571 567/228/567 566/884/566 572/883/572
f 562/389/562 563/493/563 566/884/566 567/228/567
f 562/389/562 557/885/557 555/494/555 563/493/563
f 707/425/707 703/424/703 705/777/705 708/886/708
f 560/887/560 557/885/557 562/389/562 564/388/564
f 599/266/599 578/25/578 575/28/575 601/261/601
f 561/888/561 560/887/560 564/388/564 578/25/578
f 598/889/598 561/888/561 578/25/578 599/266/599
f 611/890/611 609/264/609 603/740/603 612/891/612
f 616/892/616 611/890/611 612/891/612 617/893/617
f 615/746/615 613/745/613 611/890/611 616/892/616
f 614/744/614 610/894/610 608/265/608 613/745/613
f 619/750/619 616/892/616 617/893/617 620/895/620
f 621/748/621 615/746/615 616/892/616 619/750/619
f 623/749/623 624/896/624 625/897/625 628/754/628
f 627/753/627 628/754/628 630/898/630 626/751/626
f 632/755/632 618/752/618 626/751/626 630/898/630
f 1048/178/1048 1032/180/1032 1047/143/1047 1046/142/1046
f 558/69/558 561/888/561 598/889/598 600/70/600
f 554/326/554 556/329/556 558/69/558 559/72/559
f 552/728/552 547/882/547 551/78/551 555/494/555
f 552/728/552 548/316/548 545/315/545 547/882/547
f 543/314/543 542/433/542 541/432/541 545/315/545
f 315/817/315 314/816/314 312/628/312 310/627/310
f 312/628/312 314/816/314 318/899/318 316/630/316
f 323/147/323 321/632/321 316/630/316 318/899/318
f 319/638/319 324/324/324 318/899/318 314/816/314
f 323/147/323 318/899/318 324/324/324 327/50/327
f 522/718/522 521/717/521 520/900/520 523/901/523
f 336/636/336 333/457/333 332/456/332 335/52/335
f 337/637/337 336/636/336 341/902/341 342/903/342
f 347/648/347 346/904/346 345/773/345 394/649/394
f 341/902/341 340/401/340 393/404/393 345/773/345
f 354/403/354 339/402/339 350/905/350 353/906/353
f 320/640/320 343/639/343 338/325/338 319/638/319
f 354/403/354 361/907/361 390/772/390 393/404/393
f 356/474/356 355/473/355 351/908/351 352/909/352
f 357/910/357 353/906/353 351/908/351 355/473/355
f 361/907/361 357/910/357 362/644/362 366/911/366
f 386/912/386 381/913/381 365/643/365 370/645/370
f 371/12/371 372/647/372 373/73/373 376/9/376
f 376/9/376 380/75/380 382/914/382 378/10/378
f 383/915/383 380/75/380 377/74/377 384/916/384
f 382/914/382 380/75/380 383/915/383 413/917/413
f 414/658/414 410/436/410 411/241/411 413/917/413
f 409/918/409 408/919/408 407/657/407 412/659/412
f 412/659/412 407/657/407 403/437/403 410/436/410
f 390/772/390 388/920/388 392/487/392 394/649/394
f 426/921/426 424/922/424 419/664/419 420/665/420
f 967/923/967 969/320/969 978/165/978 979/924/979
f 461/288/461 428/692/428 429/925/429 430/699/430
f 435/678/435 431/671/431 434/675/434 437/683/437
f 437/683/437 438/680/438 436/676/436 435/678/435
f 441/682/441 437/683/437 434/675/434 433/672/433
f 444/481/444 441/682/441 433/672/433 447/482/447
f 450/688/450 444/481/444 451/448/451 454/447/454
f 453/149/453 450/688/450 454/447/454 455/150/455
f 457/287/457 451/448/451 452/483/452 461/288/461
f 459/690/459 456/151/456 455/150/455 458/446/458
f 460/691/460 459/690/459 464/694/464 465/693/465
f 464/694/464 459/690/459 458/446/458 463/696/463
f 458/446/458 457/287/457 462/286/462 463/696/463
f 463/696/463 462/286/462 468/926/468 467/697/467
f 468/926/468 462/286/462 469/285/469 473/702/473
f 468/926/468 473/702/473 477/451/477 481/362/481
f 481/362/481 477/451/477 480/450/480 484/123/484
f 478/453/478 479/427/479 482/426/482 480/450/480
f 468/926/468 481/362/481 483/361/483 467/697/467
f 491/107/491 484/123/484 480/450/480 482/426/482
f 489/707/489 486/705/486 483/361/483 485/122/485
f 493/108/493 491/107/491 482/426/482 496/255/496
f 500/711/500 498/415/498 503/55/503 504/54/504
f 509/712/509 522/718/522 523/901/523 508/927/508
f 519/716/519 515/257/515 516/715/516 517/928/517
f 24/63/24 25/929/25 26/930/26 29/302/29
f 635/931/635 634/932/634 633/933/633 636/434/636
f 636/434/636 633/933/633 637/934/637 638/435/638
f 635/931/635 636/434/636 639/136/639 640/935/640
f 654/761/654 652/269/652 651/936/651 655/762/655
f 1000/16/1000 999/15/999 996/232/996 1001/827/1001
f 659/126/659 661/766/661 663/175/663 664/127/664
f 665/937/665 667/177/667 669/938/669 670/939/670
f 671/768/671 670/939/670 669/938/669 672/767/672
f 672/767/672 669/938/669 668/940/668 673/769/673
f 686/129/686 684/941/684 687/774/687 690/130/690
f 510/87/510 518/97/518 521/717/521 524/719/524
f 350/905/350 338/325/338 343/639/343 348/942/348
f 784/793/784 780/790/780 728/311/728 830/797/830
f 786/182/786 783/943/783 785/795/785 790/183/790
f 785/795/785 788/796/788 789/944/789 790/183/790
f 100/544/100 99/277/99 97/276/97 102/538/102
f 791/181/791 792/184/792 794/945/794 795/946/795
f 795/946/795 794/945/794 797/947/797 798/948/798
f 799/949/799 797/947/797 794/945/794 796/950/796
f 805/318/805 803/35/803 800/414/800 802/951/802
f 478/453/478 474/452/474 475/703/475 476/704/476
f 813/952/813 812/386/812 815/385/815 816/953/816
f 815/385/815 817/384/817 819/954/819 820/381/820
f 827/955/827 824/956/824 826/236/826 829/957/829
f 835/958/835 832/959/832 834/800/834 840/960/840
f 729/310/729 833/65/833 830/797/830 728/311/728
f 834/800/834 836/799/836 837/961/837 840/960/840
f 842/962/842 845/963/845 853/540/853 855/539/855
f 891/541/891 853/540/853 854/964/854 893/965/893
f 894/80/894 892/542/892 891/541/891 896/81/896
f 899/271/899 897/82/897 896/81/896 895/966/895
f 900/967/900 898/83/898 897/82/897 902/273/902
f 904/968/904 900/967/900 902/273/902 903/405/903
f 812/386/812 809/220/809 811/969/811 814/387/814
f 904/968/904 903/405/903 906/305/906 907/304/907
f 912/970/912 910/307/910 909/306/909 914/971/914
f 909/306/909 911/972/911 913/973/913 914/971/914
f 912/970/912 914/971/914 915/974/915 916/975/916
f 917/976/917 915/974/915 914/971/914 913/973/913
f 918/977/918 915/974/915 917/976/917 920/978/920
f 922/979/922 919/980/919 918/977/918 921/981/921
f 921/981/921 918/977/918 920/978/920 923/982/923
f 861/983/861 860/226/860 863/984/863 864/985/864
f 863/984/863 860/226/860 862/227/862 865/986/865
f 864/985/864 863/984/863 866/206/866 867/802/867
f 868/804/868 866/206/866 863/984/863 865/986/865
f 874/410/874 871/207/871 873/987/873 876/411/876
f 878/806/878 875/480/875 874/410/874 877/409/877
f 885/810/885 883/808/883 882/152/882 887/155/887
f 732/655/732 729/310/729 726/371/726 730/785/730
f 735/988/735 732/655/732 730/785/730 733/989/733
f 730/785/730 727/784/727 731/990/731 733/989/733
f 724/783/724 723/370/723 720/222/720 722/782/722
f 733/989/733 731/990/731 734/991/734 736/992/736
f 735/988/735 733/989/733 736/992/736 738/993/738
f 736/992/736 734/991/734 737/994/737 739/217/739
f 741/218/741 739/217/739 737/994/737 742/995/742
f 744/295/744 741/218/741 742/995/742 745/296/745
f 743/219/743 741/218/741 744/295/744 746/996/746
f 746/996/746 744/295/744 747/294/747 749/997/749
f 747/294/747 748/293/748 750/786/750 751/788/751
f 749/997/749 747/294/747 751/788/751 752/998/752
f 752/998/752 751/788/751 753/787/753 755/999/755
f 757/1000/757 755/999/755 753/787/753 758/213/758
f 763/1001/763 759/1002/759 760/212/760 762/1003/762
f 762/1003/762 760/212/760 761/215/761 764/1004/764
f 765/338/765 763/1001/763 762/1003/762 766/339/766
f 774/1005/774 771/1006/771 773/1007/773 775/22/775
f 775/22/775 773/1007/773 772/1008/772 776/23/776
f 778/1009/778 774/1005/774 775/22/775 777/21/777
f 718/223/718 715/363/715 716/781/716 719/224/719
f 628/754/628 625/897/625 629/1010/629 630/898/630
f 706/422/706 707/425/707 710/577/710 712/576/712
f 32/303/32 29/302/29 26/930/26 33/586/33
f 967/923/967 963/491/963 966/321/966 969/320/969
f 938/438/938 937/815/937 934/813/934 939/818/939
f 607/743/607 600/70/600 598/889/598 610/894/610
f 973/1011/973 958/1012/958 959/357/959 964/356/964
f 974/112/974 964/356/964 965/355/965 975/1013/975
f 974/112/974 975/1013/975 976/1014/976 992/113/992
f 973/1011/973 972/353/972 970/845/970 958/1012/958
f 992/113/992 976/1014/976 993/231/993 995/230/995
f 981/164/981 980/1015/980 979/924/979 978/165/978
f 980/1015/980 981/164/981 983/478/983 984/477/984
f 982/167/982 986/354/986 988/1016/988 989/1017/989
f 991/1018/991 989/1017/989 988/1016/988 997/1019/997
f 1008/479/1008 991/1018/991 1006/17/1006 1010/399/1010
f 997/1019/997 1002/18/1002 1006/17/1006 991/1018/991
f 1011/1020/1011 985/476/985 1008/479/1008 1010/399/1010
f 1014/1021/1014 1011/1020/1011 1010/399/1010 1013/400/1013
f 143/297/143 142/843/142 145/564/145 146/566/146
f 1016/1022/1016 1013/400/1013 1012/20/1012 1019/1023/1019
f 1018/833/1018 1017/1024/1017 1016/1022/1016 1033/834/1033
f 997/1019/997 994/383/994 998/14/998 1002/18/1002
f 1007/19/1007 1002/18/1002 998/14/998 1005/13/1005
f 1003/828/1003 1001/827/1001 1004/831/1004 1023/830/1023
f 1015/837/1015 1007/19/1007 1005/13/1005 1009/829/1009
f 1012/20/1012 1007/19/1007 1015/837/1015 1019/1023/1019
f 1020/838/1020 1009/829/1009 1003/828/1003 1023/830/1023
f 1026/3/1026 1023/830/1023 1024/832/1024 1027/1025/1027
f 1031/4/1031 1026/3/1026 1027/1025/1027 1028/179/1028
f 1025/2/1025 1020/838/1020 1023/830/1023 1026/3/1026
f 1022/58/1022 1020/838/1020 1025/2/1025 1029/59/1029
f 1021/57/1021 1019/1023/1019 1015/837/1015 1022/58/1022
f 1016/1022/1016 1019/1023/1019 1021/57/1021 1033/834/1033
f 1044/570/1044 1030/1/1030 1031/4/1031 1048/178/1048
f 1042/284/1042 1038/283/1038 1041/1026/1041 1045/571/1045
f 1040/140/1040 1037/1027/1037 1039/282/1039 1043/141/1043
f 1038/283/1038 1034/60/1034 1029/59/1029 1041/1026/1041
f 1037/1027/1037 1036/836/1036 1035/835/1035 1039/282/1039
f 1039/282/1039 1035/835/1035 1034/60/1034 1038/283/1038
f 95/275/95 92/88/92 94/91/94 97/276/97
f 508/927/508 505/53/505 507/56/507 509/712/509
f 924/162/924 925/161/925 927/1028/927 929/351/929
f 794/945/794 792/184/792 793/1029/793 796/950/796
f 553/328/553 552/728/552 555/494/555 557/885/557
f 589/673/589 586/730/586 570/196/570 544/79/544
f 909/306/909 906/305/906 908/407/908 911/972/911
f 956/1030/956 955/1031/955 958/1012/958 970/845/970
f 771/1006/771 768/337/768 770/340/770 773/1007/773
f 1033/834/1033 1021/57/1021 1034/60/1034 1035/835/1035
f 178/580/178 179/308/179 180/581/180 181/583/181
f 109/299/109 110/238/110 117/237/117 126/417/126
f 388/920/388 387/1032/387 391/484/391 392/487/392
f 348/942/348 343/639/343 344/641/344 349/1033/349
f 443/685/443 440/681/440 442/684/442 448/689/448
f 706/422/706 697/118/697 698/121/698 700/423/700
f 929/351/929 927/1028/927 930/814/930 933/352/933
f 399/652/399 398/651/398 401/468/401 402/467/402
f 387/1032/387 381/913/381 386/912/386 389/1034/389
f 176/105/176 172/579/172 147/563/147 140/368/140
f 174/103/174 173/1035/173 171/1036/171 175/104/175
f 766/339/766 767/1037/767 769/1038/769 770/340/770
f 357/910/357 355/473/355 358/472/358 362/644/362
f 649/268/649 648/1039/648 651/936/651 652/269/652
f 685/398/685 679/133/679 682/132/682 688/174/688
f 598/889/598 599/266/599 608/265/608 610/894/610
f 667/177/667 666/176/666 668/940/668 669/938/669
f 792/184/792 790/183/790 789/944/789 793/1029/793
f 265/872/265 264/375/264 263/374/263 271/611/271
f 159/460/159 152/459/152 154/208/154 162/31/162
f 547/882/547 545/315/545 541/432/541 546/727/546
f 824/956/824 822/382/822 821/233/821 826/236/826
f 367/156/367 368/159/368 369/646/369 371/12/371
f 842/962/842 835/958/835 840/960/840 845/963/845
f 175/104/175 171/1036/171 165/568/165 170/574/170
f 102/538/102 101/537/101 103/546/103 105/543/105
f 973/1011/973 964/356/964 974/112/974 987/111/987
f 446/686/446 443/685/443 448/689/448 449/148/449
f 511/96/511 496/255/496 497/428/497 512/256/512
f 404/469/404 401/468/401 400/654/400 403/437/403
f 956/1030/956 940/249/940 952/171/952 955/1031/955
f 832/959/832 831/798/831 830/797/830 834/800/834
f 759/1002/759 757/1000/757 758/213/758 760/212/760
f 528/723/528 525/720/525 529/1040/529 530/725/530
f 932/462/932 931/429/931 961/449/961 962/492/962
f 244/245/244 236/881/236 239/279/239 305/858/305
f 272/871/272 274/613/274 277/869/277 278/868/278
f 798/948/798 797/947/797 800/414/800 801/413/801
f 414/658/414 413/917/413 383/915/383 415/660/415
f 50/516/50 48/514/48 47/259/47 122/258/122
f 613/745/613 608/265/608 609/264/609 611/890/611
f 495/416/495 490/708/490 492/106/492 494/109/494
f 1014/1021/1014 1013/400/1013 1016/1022/1016 1017/1024/1017
f 809/220/809 808/36/808 807/319/807 811/969/811
f 339/402/339 334/51/334 338/325/338 350/905/350
f 983/478/983 981/164/981 982/167/982 989/1017/989
f 231/605/231 230/379/230 229/378/229 232/95/232
f 225/852/225 219/603/219 199/290/199 207/289/207
f 185/367/185 45/301/45 32/303/32 188/587/188
f 813/952/813 810/221/810 809/220/809 812/386/812
f 696/172/696 718/223/718 720/222/720 693/173/693
f 53/519/53 15/518/15 23/507/23 51/517/51
f 391/484/391 387/1032/387 389/1034/389 398/651/398
f 592/733/592 586/730/586 589/673/589 595/738/595
f 903/405/903 902/273/902 901/272/901 905/406/905
f 931/429/931 935/247/935 957/250/957 961/449/961
f 112/550/112 107/298/107 143/297/143 146/566/146
f 106/547/106 104/545/104 96/535/96 93/536/93
f 1041/1026/1041 1029/59/1029 1025/2/1025 1030/1/1030
f 77/331/77 74/842/74 73/364/73 76/332/76
f 271/611/271 263/374/263 267/609/267 270/614/270
f 195/597/195 194/592/194 192/591/192 196/594/196
f 595/738/595 589/673/589 537/674/537 533/724/533
f 55/522/55 12/500/12 53/519/53 58/526/58
f 840/960/840 837/961/837 841/1041/841 845/963/845
f 506/84/506 503/55/503 498/415/498 502/85/502
f 998/14/998 994/383/994 995/230/995 999/15/999
f 509/712/509 506/84/506 510/87/510 524/719/524
f 853/540/853 845/963/845 841/1041/841 854/964/854
f 405/470/405 404/469/404 407/657/407 408/919/408
f 679/133/679 677/392/677 678/1042/678 680/134/680
f 988/1016/988 990/110/990 994/383/994 997/1019/997
f 103/546/103 101/537/101 96/535/96 104/545/104
f 738/993/738 736/992/736 739/217/739 740/216/740
f 766/339/766 762/1003/762 764/1004/764 767/1037/767
f 488/709/488 487/706/487 486/705/486 489/707/489
f 916/975/916 915/974/915 918/977/918 919/980/919
f 63/840/63 65/552/65 68/253/68 66/342/66
f 238/880/238 235/879/235 234/606/234 233/604/233
f 40/513/40 36/441/36 42/46/42 132/45/132
f 587/731/587 584/197/584 586/730/586 592/733/592
f 200/291/200 199/290/199 196/594/196 197/595/197
f 400/654/400 389/1034/389 386/912/386 379/653/379
f 236/881/236 227/94/227 228/280/228 239/279/239
f 561/888/561 558/69/558 556/329/556 560/887/560
f 823/234/823 821/233/821 820/381/820 819/954/819
f 940/249/940 936/248/936 945/168/945 952/171/952
f 891/541/891 893/965/893 895/966/895 896/81/896
f 958/1012/958 955/1031/955 953/824/953 959/357/959
f 452/483/452 447/482/447 424/922/424 428/692/428
f 169/573/169 147/563/147 172/579/172 170/574/170
f 229/378/229 220/377/220 223/1043/223 226/92/226
f 857/359/857 858/188/858 860/226/860 861/983/861
f 428/692/428 424/922/424 426/921/426 429/925/429
f 82/475/82 81/430/81 83/530/83 84/532/84
f 753/787/753 754/789/754 756/214/756 758/213/758
f 560/887/560 556/329/556 553/328/553 557/885/557
f 223/1043/223 218/857/218 224/93/224 226/92/226
f 946/169/946 944/821/944 947/1044/947 948/823/948
f 64/528/64 62/839/62 63/840/63 66/342/66
f 223/1043/223 216/41/216 212/44/212 218/857/218
f 125/556/125 124/260/124 46/512/46 127/558/127
f 623/749/623 619/750/619 620/895/620 624/896/624
f 277/869/277 281/870/281 283/615/283 284/193/284
f 413/917/413 411/241/411 378/10/378 382/914/382
f 301/623/301 299/622/299 300/488/300 303/490/303
f 490/708/490 489/707/489 485/122/485 492/106/492
f 87/534/87 89/533/89 93/536/93 90/90/90
f 978/165/978 969/320/969 971/323/971 977/166/977
f 223/1043/223 220/377/220 217/602/217 216/41/216
f 588/732/588 587/731/587 590/734/590 591/1045/591
f 690/130/690 691/120/691 694/119/694 695/131/695
f 379/653/379 374/185/374 375/11/375 406/242/406
f 630/898/630 629/1010/629 631/756/631 632/755/632
f 293/862/293 291/442/291 292/445/292 295/618/295
f 180/581/180 138/309/138 134/48/134 135/366/135
f 951/825/951 950/170/950 946/169/946 949/822/949
f 800/414/800 797/947/797 799/949/799 802/951/802
f 988/1016/988 986/354/986 987/111/987 990/110/990
f 531/350/531 533/724/533 537/674/537 535/347/535
f 607/743/607 610/894/610 614/744/614 618/752/618
f 642/758/642 640/935/640 639/136/639 644/139/644
f 707/425/707 708/886/708 709/779/709 710/577/710
f 972/353/972 973/1011/973 987/111/987 986/354/986
f 521/717/521 519/716/519 517/928/517 520/900/520
f 237/607/237 236/881/236 244/245/244 240/244/240
f 212/44/212 205/465/205 201/598/201 204/600/204
f 131/559/131 132/45/132 134/48/134 137/369/137
f 65/552/65 54/520/54 52/553/52 119/841/119
f 432/677/432 427/670/427 431/671/431 435/678/435
f 361/907/361 366/911/366 388/920/388 390/772/390
f 955/1031/955 952/171/952 950/170/950 953/824/953
f 770/340/770 769/1038/769 772/1008/772 773/1007/773
f 968/322/968 956/1030/956 970/845/970 971/323/971
f 370/645/370 374/185/374 379/653/379 386/912/386
f 848/801/848 846/202/846 843/67/843 839/656/839
f 401/468/401 398/651/398 389/1034/389 400/654/400
f 336/636/336 335/52/335 340/401/340 341/902/341
f 678/1042/678 677/392/677 675/770/675 676/771/676
f 353/906/353 357/910/357 361/907/361 354/403/354
f 267/609/267 263/374/263 261/373/261 266/610/266
f 366/911/366 362/644/362 365/643/365 381/913/381
f 527/721/527 528/723/528 531/350/531 532/349/532
f 665/937/665 662/124/662 664/127/664 667/177/667
f 34/117/34 38/511/38 39/509/39 35/114/35
f 353/906/353 350/905/350 348/942/348 351/908/351
f 694/119/694 697/118/697 702/778/702 699/186/699
f 37/506/37 27/115/27 35/114/35 41/508/41
f 541/432/541 538/345/538 540/348/540 546/727/546
f 342/903/342 341/902/341 345/773/345 346/904/346
f 299/622/299 298/619/298 275/860/275 300/488/300
f 725/313/725 693/173/693 720/222/720 723/370/723
f 852/360/852 849/200/849 850/203/850 856/189/856
f 366/911/366 381/913/381 387/1032/387 388/920/388
f 783/943/783 781/791/781 782/792/782 785/795/785
f 674/391/674 681/390/681 780/790/780 781/791/781
f 653/270/653 652/269/652 654/761/654 656/764/656
f 210/281/210 207/289/207 208/292/208 211/853/211
f 118/254/118 65/552/65 119/841/119 116/420/116
f 41/508/41 43/510/43 47/259/47 48/514/48
f 433/672/433 419/664/419 424/922/424 447/482/447
f 383/915/383 384/916/384 385/1046/385 415/660/415
f 699/186/699 714/780/714 715/363/715 717/187/717
f 826/236/826 825/235/825 828/1047/828 829/957/829
f 818/380/818 816/953/816 815/385/815 820/381/820
f 100/544/100 153/458/153 155/461/155 156/847/156
f 682/132/682 683/135/683 684/941/684 686/129/686
f 644/139/644 646/759/646 648/1039/648 649/268/649
f 24/63/24 20/62/20 22/505/22 25/929/25
f 277/869/277 274/613/274 276/612/276 281/870/281
f 957/250/957 940/249/940 956/1030/956 968/322/968
f 959/357/959 953/824/953 954/826/954 960/358/960
f 871/207/871 866/206/866 870/803/870 873/987/873
f 4/99/4 3/496/3 1/495/1 5/100/5
f 385/1046/385 409/918/409 412/659/412 415/660/415
f 1041/1026/1041 1030/1/1030 1044/570/1044 1045/571/1045
f 351/908/351 348/942/348 349/1033/349 352/909/352
f 983/478/983 989/1017/989 991/1018/991 1008/479/1008
